reference_date,target,horizon,target_end_date,location,output_type,output_type_id,value
2026-10-10,wk inc rsv hosp,0,2026-10-10,01,quantile,0.01,5.0
2026-10-10,wk inc rsv hosp,1,2026-10-17,01,quantile,0.01,4.0
2026-10-10,wk inc rsv hosp,2,2026-10-24,01,quantile,0.01,3.0
2026-10-10,wk inc rsv hosp,3,2026-10-31,01,quantile,0.01,2.0
2026-10-10,wk inc rsv hosp,0,2026-10-10,01,quantile,0.025,6.0
2026-10-10,wk inc rsv hosp,1,2026-10-17,01,quantile,0.025,5.0
2026-10-10,wk inc rsv hosp,2,2026-10-24,01,quantile,0.025,3.0
2026-10-10,wk inc rsv hosp,3,2026-10-31,01,quantile,0.025,2.0
2026-10-10,wk inc rsv hosp,0,2026-10-10,01,quantile,0.05,7.0
2026-10-10,wk inc rsv hosp,1,2026-10-17,01,quantile,0.05,5.0
2026-10-10,wk inc rsv hosp,2,2026-10-24,01,quantile,0.05,4.0
2026-10-10,wk inc rsv hosp,3,2026-10-31,01,quantile,0.05,3.0
2026-10-10,wk inc rsv hosp,0,2026-10-10,01,quantile,0.1,7.0
2026-10-10,wk inc rsv hosp,1,2026-10-17,01,quantile,0.1,6.0
2026-10-10,wk inc rsv hosp,2,2026-10-24,01,quantile,0.1,4.0
2026-10-10,wk inc rsv hosp,3,2026-10-31,01,quantile,0.1,3.0
2026-10-10,wk inc rsv hosp,0,2026-10-10,01,quantile,0.15,8.0
2026-10-10,wk inc rsv hosp,1,2026-10-17,01,quantile,0.15,6.0
2026-10-10,wk inc rsv hosp,2,2026-10-24,01,quantile,0.15,5.0
2026-10-10,wk inc rsv hosp,3,2026-10-31,01,quantile,0.15,4.0
2026-10-10,wk inc rsv hosp,0,2026-10-10,01,quantile,0.2,8.0
2026-10-10,wk inc rsv hosp,1,2026-10-17,01,quantile,0.2,7.0
2026-10-10,wk inc rsv hosp,2,2026-10-24,01,quantile,0.2,6.0
2026-10-10,wk inc rsv hosp,3,2026-10-31,01,quantile,0.2,5.0
2026-10-10,wk inc rsv hosp,0,2026-10-10,01,quantile,0.25,8.0
2026-10-10,wk inc rsv hosp,1,2026-10-17,01,quantile,0.25,7.0
2026-10-10,wk inc rsv hosp,2,2026-10-24,01,quantile,0.25,6.0
2026-10-10,wk inc rsv hosp,3,2026-10-31,01,quantile,0.25,5.0
2026-10-10,wk inc rsv hosp,0,2026-10-10,01,quantile,0.3,9.0
2026-10-10,wk inc rsv hosp,1,2026-10-17,01,quantile,0.3,8.0
2026-10-10,wk inc rsv hosp,2,2026-10-24,01,quantile,0.3,6.0
2026-10-10,wk inc rsv hosp,3,2026-10-31,01,quantile,0.3,6.0
2026-10-10,wk inc rsv hosp,0,2026-10-10,01,quantile,0.35,9.0
2026-10-10,wk inc rsv hosp,1,2026-10-17,01,quantile,0.35,8.0
2026-10-10,wk inc rsv hosp,2,2026-10-24,01,quantile,0.35,7.0
2026-10-10,wk inc rsv hosp,3,2026-10-31,01,quantile,0.35,6.0
2026-10-10,wk inc rsv hosp,0,2026-10-10,01,quantile,0.4,10.0
2026-10-10,wk inc rsv hosp,1,2026-10-17,01,quantile,0.4,8.0
2026-10-10,wk inc rsv hosp,2,2026-10-24,01,quantile,0.4,8.0
2026-10-10,wk inc rsv hosp,3,2026-10-31,01,quantile,0.4,7.0
2026-10-10,wk inc rsv hosp,0,2026-10-10,01,quantile,0.45,10.0
2026-10-10,wk inc rsv hosp,1,2026-10-17,01,quantile,0.45,9.0
2026-10-10,wk inc rsv hosp,2,2026-10-24,01,quantile,0.45,8.0
2026-10-10,wk inc rsv hosp,3,2026-10-31,01,quantile,0.45,7.0
2026-10-10,wk inc rsv hosp,0,2026-10-10,01,quantile,0.5,10.0
2026-10-10,wk inc rsv hosp,1,2026-10-17,01,quantile,0.5,9.0
2026-10-10,wk inc rsv hosp,2,2026-10-24,01,quantile,0.5,8.0
2026-10-10,wk inc rsv hosp,3,2026-10-31,01,quantile,0.5,8.0
2026-10-10,wk inc rsv hosp,0,2026-10-10,01,quantile,0.55,11.0
2026-10-10,wk inc rsv hosp,1,2026-10-17,01,quantile,0.55,10.0
2026-10-10,wk inc rsv hosp,2,2026-10-24,01,quantile,0.55,9.0
2026-10-10,wk inc rsv hosp,3,2026-10-31,01,quantile,0.55,8.0
2026-10-10,wk inc rsv hosp,0,2026-10-10,01,quantile,0.6,11.0
2026-10-10,wk inc rsv hosp,1,2026-10-17,01,quantile,0.6,10.0
2026-10-10,wk inc rsv hosp,2,2026-10-24,01,quantile,0.6,10.0
2026-10-10,wk inc rsv hosp,3,2026-10-31,01,quantile,0.6,9.0
2026-10-10,wk inc rsv hosp,0,2026-10-10,01,quantile,0.65,11.0
2026-10-10,wk inc rsv hosp,1,2026-10-17,01,quantile,0.65,11.0
2026-10-10,wk inc rsv hosp,2,2026-10-24,01,quantile,0.65,10.0
2026-10-10,wk inc rsv hosp,3,2026-10-31,01,quantile,0.65,10.0
2026-10-10,wk inc rsv hosp,0,2026-10-10,01,quantile,0.7,12.0
2026-10-10,wk inc rsv hosp,1,2026-10-17,01,quantile,0.7,11.0
2026-10-10,wk inc rsv hosp,2,2026-10-24,01,quantile,0.7,11.0
2026-10-10,wk inc rsv hosp,3,2026-10-31,01,quantile,0.7,11.0
2026-10-10,wk inc rsv hosp,0,2026-10-10,01,quantile,0.75,12.0
2026-10-10,wk inc rsv hosp,1,2026-10-17,01,quantile,0.75,12.0
2026-10-10,wk inc rsv hosp,2,2026-10-24,01,quantile,0.75,12.0
2026-10-10,wk inc rsv hosp,3,2026-10-31,01,quantile,0.75,12.0
2026-10-10,wk inc rsv hosp,0,2026-10-10,01,quantile,0.8,13.0
2026-10-10,wk inc rsv hosp,1,2026-10-17,01,quantile,0.8,13.0
2026-10-10,wk inc rsv hosp,2,2026-10-24,01,quantile,0.8,13.0
2026-10-10,wk inc rsv hosp,3,2026-10-31,01,quantile,0.8,13.0
2026-10-10,wk inc rsv hosp,0,2026-10-10,01,quantile,0.85,13.0
2026-10-10,wk inc rsv hosp,1,2026-10-17,01,quantile,0.85,14.0
2026-10-10,wk inc rsv hosp,2,2026-10-24,01,quantile,0.85,14.0
2026-10-10,wk inc rsv hosp,3,2026-10-31,01,quantile,0.85,15.0
2026-10-10,wk inc rsv hosp,0,2026-10-10,01,quantile,0.9,14.0
2026-10-10,wk inc rsv hosp,1,2026-10-17,01,quantile,0.9,15.0
2026-10-10,wk inc rsv hosp,2,2026-10-24,01,quantile,0.9,16.0
2026-10-10,wk inc rsv hosp,3,2026-10-31,01,quantile,0.9,17.0
2026-10-10,wk inc rsv hosp,0,2026-10-10,01,quantile,0.95,15.0
2026-10-10,wk inc rsv hosp,1,2026-10-17,01,quantile,0.95,17.0
2026-10-10,wk inc rsv hosp,2,2026-10-24,01,quantile,0.95,19.0
2026-10-10,wk inc rsv hosp,3,2026-10-31,01,quantile,0.95,21.0
2026-10-10,wk inc rsv hosp,0,2026-10-10,01,quantile,0.975,17.0
2026-10-10,wk inc rsv hosp,1,2026-10-17,01,quantile,0.975,18.0
2026-10-10,wk inc rsv hosp,2,2026-10-24,01,quantile,0.975,21.0
2026-10-10,wk inc rsv hosp,3,2026-10-31,01,quantile,0.975,24.0
2026-10-10,wk inc rsv hosp,0,2026-10-10,01,quantile,0.99,18.0
2026-10-10,wk inc rsv hosp,1,2026-10-17,01,quantile,0.99,20.0
2026-10-10,wk inc rsv hosp,2,2026-10-24,01,quantile,0.99,24.0
2026-10-10,wk inc rsv hosp,3,2026-10-31,01,quantile,0.99,28.0
2026-10-10,wk inc rsv hosp,0,2026-10-10,02,quantile,0.01,1.0
2026-10-10,wk inc rsv hosp,1,2026-10-17,02,quantile,0.01,1.0
2026-10-10,wk inc rsv hosp,2,2026-10-24,02,quantile,0.01,0.0
2026-10-10,wk inc rsv hosp,3,2026-10-31,02,quantile,0.01,0.0
2026-10-10,wk inc rsv hosp,0,2026-10-10,02,quantile,0.025,1.0
2026-10-10,wk inc rsv hosp,1,2026-10-17,02,quantile,0.025,1.0
2026-10-10,wk inc rsv hosp,2,2026-10-24,02,quantile,0.025,1.0
2026-10-10,wk inc rsv hosp,3,2026-10-31,02,quantile,0.025,0.0
2026-10-10,wk inc rsv hosp,0,2026-10-10,02,quantile,0.05,2.0
2026-10-10,wk inc rsv hosp,1,2026-10-17,02,quantile,0.05,1.0
2026-10-10,wk inc rsv hosp,2,2026-10-24,02,quantile,0.05,1.0
2026-10-10,wk inc rsv hosp,3,2026-10-31,02,quantile,0.05,0.0
2026-10-10,wk inc rsv hosp,0,2026-10-10,02,quantile,0.1,2.0
2026-10-10,wk inc rsv hosp,1,2026-10-17,02,quantile,0.1,1.0
2026-10-10,wk inc rsv hosp,2,2026-10-24,02,quantile,0.1,1.0
2026-10-10,wk inc rsv hosp,3,2026-10-31,02,quantile,0.1,1.0
2026-10-10,wk inc rsv hosp,0,2026-10-10,02,quantile,0.15,2.0
2026-10-10,wk inc rsv hosp,1,2026-10-17,02,quantile,0.15,1.0
2026-10-10,wk inc rsv hosp,2,2026-10-24,02,quantile,0.15,1.0
2026-10-10,wk inc rsv hosp,3,2026-10-31,02,quantile,0.15,1.0
2026-10-10,wk inc rsv hosp,0,2026-10-10,02,quantile,0.2,2.0
2026-10-10,wk inc rsv hosp,1,2026-10-17,02,quantile,0.2,2.0
2026-10-10,wk inc rsv hosp,2,2026-10-24,02,quantile,0.2,1.0
2026-10-10,wk inc rsv hosp,3,2026-10-31,02,quantile,0.2,1.0
2026-10-10,wk inc rsv hosp,0,2026-10-10,02,quantile,0.25,2.0
2026-10-10,wk inc rsv hosp,1,2026-10-17,02,quantile,0.25,2.0
2026-10-10,wk inc rsv hosp,2,2026-10-24,02,quantile,0.25,1.0
2026-10-10,wk inc rsv hosp,3,2026-10-31,02,quantile,0.25,1.0
2026-10-10,wk inc rsv hosp,0,2026-10-10,02,quantile,0.3,2.0
2026-10-10,wk inc rsv hosp,1,2026-10-17,02,quantile,0.3,2.0
2026-10-10,wk inc rsv hosp,2,2026-10-24,02,quantile,0.3,1.0
2026-10-10,wk inc rsv hosp,3,2026-10-31,02,quantile,0.3,1.0
2026-10-10,wk inc rsv hosp,0,2026-10-10,02,quantile,0.35,2.0
2026-10-10,wk inc rsv hosp,1,2026-10-17,02,quantile,0.35,2.0
2026-10-10,wk inc rsv hosp,2,2026-10-24,02,quantile,0.35,2.0
2026-10-10,wk inc rsv hosp,3,2026-10-31,02,quantile,0.35,1.0
2026-10-10,wk inc rsv hosp,0,2026-10-10,02,quantile,0.4,3.0
2026-10-10,wk inc rsv hosp,1,2026-10-17,02,quantile,0.4,2.0
2026-10-10,wk inc rsv hosp,2,2026-10-24,02,quantile,0.4,2.0
2026-10-10,wk inc rsv hosp,3,2026-10-31,02,quantile,0.4,1.0
2026-10-10,wk inc rsv hosp,0,2026-10-10,02,quantile,0.45,3.0
2026-10-10,wk inc rsv hosp,1,2026-10-17,02,quantile,0.45,2.0
2026-10-10,wk inc rsv hosp,2,2026-10-24,02,quantile,0.45,2.0
2026-10-10,wk inc rsv hosp,3,2026-10-31,02,quantile,0.45,1.0
2026-10-10,wk inc rsv hosp,0,2026-10-10,02,quantile,0.5,3.0
2026-10-10,wk inc rsv hosp,1,2026-10-17,02,quantile,0.5,2.0
2026-10-10,wk inc rsv hosp,2,2026-10-24,02,quantile,0.5,2.0
2026-10-10,wk inc rsv hosp,3,2026-10-31,02,quantile,0.5,2.0
2026-10-10,wk inc rsv hosp,0,2026-10-10,02,quantile,0.55,3.0
2026-10-10,wk inc rsv hosp,1,2026-10-17,02,quantile,0.55,3.0
2026-10-10,wk inc rsv hosp,2,2026-10-24,02,quantile,0.55,2.0
2026-10-10,wk inc rsv hosp,3,2026-10-31,02,quantile,0.55,2.0
2026-10-10,wk inc rsv hosp,0,2026-10-10,02,quantile,0.6,3.0
2026-10-10,wk inc rsv hosp,1,2026-10-17,02,quantile,0.6,3.0
2026-10-10,wk inc rsv hosp,2,2026-10-24,02,quantile,0.6,2.0
2026-10-10,wk inc rsv hosp,3,2026-10-31,02,quantile,0.6,2.0
2026-10-10,wk inc rsv hosp,0,2026-10-10,02,quantile,0.65,3.0
2026-10-10,wk inc rsv hosp,1,2026-10-17,02,quantile,0.65,3.0
2026-10-10,wk inc rsv hosp,2,2026-10-24,02,quantile,0.65,2.0
2026-10-10,wk inc rsv hosp,3,2026-10-31,02,quantile,0.65,2.0
2026-10-10,wk inc rsv hosp,0,2026-10-10,02,quantile,0.7,3.0
2026-10-10,wk inc rsv hosp,1,2026-10-17,02,quantile,0.7,3.0
2026-10-10,wk inc rsv hosp,2,2026-10-24,02,quantile,0.7,3.0
2026-10-10,wk inc rsv hosp,3,2026-10-31,02,quantile,0.7,2.0
2026-10-10,wk inc rsv hosp,0,2026-10-10,02,quantile,0.75,4.0
2026-10-10,wk inc rsv hosp,1,2026-10-17,02,quantile,0.75,3.0
2026-10-10,wk inc rsv hosp,2,2026-10-24,02,quantile,0.75,3.0
2026-10-10,wk inc rsv hosp,3,2026-10-31,02,quantile,0.75,3.0
2026-10-10,wk inc rsv hosp,0,2026-10-10,02,quantile,0.8,4.0
2026-10-10,wk inc rsv hosp,1,2026-10-17,02,quantile,0.8,4.0
2026-10-10,wk inc rsv hosp,2,2026-10-24,02,quantile,0.8,3.0
2026-10-10,wk inc rsv hosp,3,2026-10-31,02,quantile,0.8,3.0
2026-10-10,wk inc rsv hosp,0,2026-10-10,02,quantile,0.85,4.0
2026-10-10,wk inc rsv hosp,1,2026-10-17,02,quantile,0.85,4.0
2026-10-10,wk inc rsv hosp,2,2026-10-24,02,quantile,0.85,4.0
2026-10-10,wk inc rsv hosp,3,2026-10-31,02,quantile,0.85,4.0
2026-10-10,wk inc rsv hosp,0,2026-10-10,02,quantile,0.9,4.0
2026-10-10,wk inc rsv hosp,1,2026-10-17,02,quantile,0.9,4.0
2026-10-10,wk inc rsv hosp,2,2026-10-24,02,quantile,0.9,4.0
2026-10-10,wk inc rsv hosp,3,2026-10-31,02,quantile,0.9,4.0
2026-10-10,wk inc rsv hosp,0,2026-10-10,02,quantile,0.95,5.0
2026-10-10,wk inc rsv hosp,1,2026-10-17,02,quantile,0.95,5.0
2026-10-10,wk inc rsv hosp,2,2026-10-24,02,quantile,0.95,5.0
2026-10-10,wk inc rsv hosp,3,2026-10-31,02,quantile,0.95,5.0
2026-10-10,wk inc rsv hosp,0,2026-10-10,02,quantile,0.975,5.0
2026-10-10,wk inc rsv hosp,1,2026-10-17,02,quantile,0.975,6.0
2026-10-10,wk inc rsv hosp,2,2026-10-24,02,quantile,0.975,6.0
2026-10-10,wk inc rsv hosp,3,2026-10-31,02,quantile,0.975,7.0
2026-10-10,wk inc rsv hosp,0,2026-10-10,02,quantile,0.99,6.0
2026-10-10,wk inc rsv hosp,1,2026-10-17,02,quantile,0.99,6.0
2026-10-10,wk inc rsv hosp,2,2026-10-24,02,quantile,0.99,7.0
2026-10-10,wk inc rsv hosp,3,2026-10-31,02,quantile,0.99,8.0
2026-10-10,wk inc rsv hosp,0,2026-10-10,04,quantile,0.01,1.0
2026-10-10,wk inc rsv hosp,1,2026-10-17,04,quantile,0.01,0.0
2026-10-10,wk inc rsv hosp,2,2026-10-24,04,quantile,0.01,0.0
2026-10-10,wk inc rsv hosp,3,2026-10-31,04,quantile,0.01,0.0
2026-10-10,wk inc rsv hosp,0,2026-10-10,04,quantile,0.025,1.0
2026-10-10,wk inc rsv hosp,1,2026-10-17,04,quantile,0.025,1.0
2026-10-10,wk inc rsv hosp,2,2026-10-24,04,quantile,0.025,0.0
2026-10-10,wk inc rsv hosp,3,2026-10-31,04,quantile,0.025,0.0
2026-10-10,wk inc rsv hosp,0,2026-10-10,04,quantile,0.05,1.0
2026-10-10,wk inc rsv hosp,1,2026-10-17,04,quantile,0.05,1.0
2026-10-10,wk inc rsv hosp,2,2026-10-24,04,quantile,0.05,1.0
2026-10-10,wk inc rsv hosp,3,2026-10-31,04,quantile,0.05,1.0
2026-10-10,wk inc rsv hosp,0,2026-10-10,04,quantile,0.1,1.0
2026-10-10,wk inc rsv hosp,1,2026-10-17,04,quantile,0.1,1.0
2026-10-10,wk inc rsv hosp,2,2026-10-24,04,quantile,0.1,1.0
2026-10-10,wk inc rsv hosp,3,2026-10-31,04,quantile,0.1,1.0
2026-10-10,wk inc rsv hosp,0,2026-10-10,04,quantile,0.15,2.0
2026-10-10,wk inc rsv hosp,1,2026-10-17,04,quantile,0.15,2.0
2026-10-10,wk inc rsv hosp,2,2026-10-24,04,quantile,0.15,1.0
2026-10-10,wk inc rsv hosp,3,2026-10-31,04,quantile,0.15,1.0
2026-10-10,wk inc rsv hosp,0,2026-10-10,04,quantile,0.2,2.0
2026-10-10,wk inc rsv hosp,1,2026-10-17,04,quantile,0.2,2.0
2026-10-10,wk inc rsv hosp,2,2026-10-24,04,quantile,0.2,2.0
2026-10-10,wk inc rsv hosp,3,2026-10-31,04,quantile,0.2,1.0
2026-10-10,wk inc rsv hosp,0,2026-10-10,04,quantile,0.25,3.0
2026-10-10,wk inc rsv hosp,1,2026-10-17,04,quantile,0.25,3.0
2026-10-10,wk inc rsv hosp,2,2026-10-24,04,quantile,0.25,2.0
2026-10-10,wk inc rsv hosp,3,2026-10-31,04,quantile,0.25,2.0
2026-10-10,wk inc rsv hosp,0,2026-10-10,04,quantile,0.3,3.0
2026-10-10,wk inc rsv hosp,1,2026-10-17,04,quantile,0.3,3.0
2026-10-10,wk inc rsv hosp,2,2026-10-24,04,quantile,0.3,3.0
2026-10-10,wk inc rsv hosp,3,2026-10-31,04,quantile,0.3,2.0
2026-10-10,wk inc rsv hosp,0,2026-10-10,04,quantile,0.35,4.0
2026-10-10,wk inc rsv hosp,1,2026-10-17,04,quantile,0.35,4.0
2026-10-10,wk inc rsv hosp,2,2026-10-24,04,quantile,0.35,3.0
2026-10-10,wk inc rsv hosp,3,2026-10-31,04,quantile,0.35,3.0
2026-10-10,wk inc rsv hosp,0,2026-10-10,04,quantile,0.4,4.0
2026-10-10,wk inc rsv hosp,1,2026-10-17,04,quantile,0.4,4.0
2026-10-10,wk inc rsv hosp,2,2026-10-24,04,quantile,0.4,4.0
2026-10-10,wk inc rsv hosp,3,2026-10-31,04,quantile,0.4,4.0
2026-10-10,wk inc rsv hosp,0,2026-10-10,04,quantile,0.45,4.0
2026-10-10,wk inc rsv hosp,1,2026-10-17,04,quantile,0.45,4.0
2026-10-10,wk inc rsv hosp,2,2026-10-24,04,quantile,0.45,4.0
2026-10-10,wk inc rsv hosp,3,2026-10-31,04,quantile,0.45,4.0
2026-10-10,wk inc rsv hosp,0,2026-10-10,04,quantile,0.5,4.0
2026-10-10,wk inc rsv hosp,1,2026-10-17,04,quantile,0.5,4.0
2026-10-10,wk inc rsv hosp,2,2026-10-24,04,quantile,0.5,4.0
2026-10-10,wk inc rsv hosp,3,2026-10-31,04,quantile,0.5,4.0
2026-10-10,wk inc rsv hosp,0,2026-10-10,04,quantile,0.55,4.0
2026-10-10,wk inc rsv hosp,1,2026-10-17,04,quantile,0.55,4.0
2026-10-10,wk inc rsv hosp,2,2026-10-24,04,quantile,0.55,5.0
2026-10-10,wk inc rsv hosp,3,2026-10-31,04,quantile,0.55,5.0
2026-10-10,wk inc rsv hosp,0,2026-10-10,04,quantile,0.6,5.0
2026-10-10,wk inc rsv hosp,1,2026-10-17,04,quantile,0.6,5.0
2026-10-10,wk inc rsv hosp,2,2026-10-24,04,quantile,0.6,5.0
2026-10-10,wk inc rsv hosp,3,2026-10-31,04,quantile,0.6,5.0
2026-10-10,wk inc rsv hosp,0,2026-10-10,04,quantile,0.65,5.0
2026-10-10,wk inc rsv hosp,1,2026-10-17,04,quantile,0.65,5.0
2026-10-10,wk inc rsv hosp,2,2026-10-24,04,quantile,0.65,6.0
2026-10-10,wk inc rsv hosp,3,2026-10-31,04,quantile,0.65,6.0
2026-10-10,wk inc rsv hosp,0,2026-10-10,04,quantile,0.7,6.0
2026-10-10,wk inc rsv hosp,1,2026-10-17,04,quantile,0.7,6.0
2026-10-10,wk inc rsv hosp,2,2026-10-24,04,quantile,0.7,7.0
2026-10-10,wk inc rsv hosp,3,2026-10-31,04,quantile,0.7,7.0
2026-10-10,wk inc rsv hosp,0,2026-10-10,04,quantile,0.75,6.0
2026-10-10,wk inc rsv hosp,1,2026-10-17,04,quantile,0.75,7.0
2026-10-10,wk inc rsv hosp,2,2026-10-24,04,quantile,0.75,7.0
2026-10-10,wk inc rsv hosp,3,2026-10-31,04,quantile,0.75,7.0
2026-10-10,wk inc rsv hosp,0,2026-10-10,04,quantile,0.8,7.0
2026-10-10,wk inc rsv hosp,1,2026-10-17,04,quantile,0.8,7.0
2026-10-10,wk inc rsv hosp,2,2026-10-24,04,quantile,0.8,8.0
2026-10-10,wk inc rsv hosp,3,2026-10-31,04,quantile,0.8,8.0
2026-10-10,wk inc rsv hosp,0,2026-10-10,04,quantile,0.85,7.0
2026-10-10,wk inc rsv hosp,1,2026-10-17,04,quantile,0.85,8.0
2026-10-10,wk inc rsv hosp,2,2026-10-24,04,quantile,0.85,9.0
2026-10-10,wk inc rsv hosp,3,2026-10-31,04,quantile,0.85,10.0
2026-10-10,wk inc rsv hosp,0,2026-10-10,04,quantile,0.9,8.0
2026-10-10,wk inc rsv hosp,1,2026-10-17,04,quantile,0.9,10.0
2026-10-10,wk inc rsv hosp,2,2026-10-24,04,quantile,0.9,11.0
2026-10-10,wk inc rsv hosp,3,2026-10-31,04,quantile,0.9,12.0
2026-10-10,wk inc rsv hosp,0,2026-10-10,04,quantile,0.95,10.0
2026-10-10,wk inc rsv hosp,1,2026-10-17,04,quantile,0.95,11.0
2026-10-10,wk inc rsv hosp,2,2026-10-24,04,quantile,0.95,13.0
2026-10-10,wk inc rsv hosp,3,2026-10-31,04,quantile,0.95,15.0
2026-10-10,wk inc rsv hosp,0,2026-10-10,04,quantile,0.975,10.0
2026-10-10,wk inc rsv hosp,1,2026-10-17,04,quantile,0.975,13.0
2026-10-10,wk inc rsv hosp,2,2026-10-24,04,quantile,0.975,17.0
2026-10-10,wk inc rsv hosp,3,2026-10-31,04,quantile,0.975,18.0
2026-10-10,wk inc rsv hosp,0,2026-10-10,04,quantile,0.99,12.0
2026-10-10,wk inc rsv hosp,1,2026-10-17,04,quantile,0.99,15.0
2026-10-10,wk inc rsv hosp,2,2026-10-24,04,quantile,0.99,22.0
2026-10-10,wk inc rsv hosp,3,2026-10-31,04,quantile,0.99,26.0
2026-10-10,wk inc rsv hosp,0,2026-10-10,05,quantile,0.01,1.0
2026-10-10,wk inc rsv hosp,1,2026-10-17,05,quantile,0.01,0.0
2026-10-10,wk inc rsv hosp,2,2026-10-24,05,quantile,0.01,0.0
2026-10-10,wk inc rsv hosp,3,2026-10-31,05,quantile,0.01,0.0
2026-10-10,wk inc rsv hosp,0,2026-10-10,05,quantile,0.025,1.0
2026-10-10,wk inc rsv hosp,1,2026-10-17,05,quantile,0.025,0.0
2026-10-10,wk inc rsv hosp,2,2026-10-24,05,quantile,0.025,0.0
2026-10-10,wk inc rsv hosp,3,2026-10-31,05,quantile,0.025,0.0
2026-10-10,wk inc rsv hosp,0,2026-10-10,05,quantile,0.05,1.0
2026-10-10,wk inc rsv hosp,1,2026-10-17,05,quantile,0.05,1.0
2026-10-10,wk inc rsv hosp,2,2026-10-24,05,quantile,0.05,0.0
2026-10-10,wk inc rsv hosp,3,2026-10-31,05,quantile,0.05,0.0
2026-10-10,wk inc rsv hosp,0,2026-10-10,05,quantile,0.1,1.0
2026-10-10,wk inc rsv hosp,1,2026-10-17,05,quantile,0.1,1.0
2026-10-10,wk inc rsv hosp,2,2026-10-24,05,quantile,0.1,0.0
2026-10-10,wk inc rsv hosp,3,2026-10-31,05,quantile,0.1,0.0
2026-10-10,wk inc rsv hosp,0,2026-10-10,05,quantile,0.15,1.0
2026-10-10,wk inc rsv hosp,1,2026-10-17,05,quantile,0.15,1.0
2026-10-10,wk inc rsv hosp,2,2026-10-24,05,quantile,0.15,1.0
2026-10-10,wk inc rsv hosp,3,2026-10-31,05,quantile,0.15,0.0
2026-10-10,wk inc rsv hosp,0,2026-10-10,05,quantile,0.2,1.0
2026-10-10,wk inc rsv hosp,1,2026-10-17,05,quantile,0.2,1.0
2026-10-10,wk inc rsv hosp,2,2026-10-24,05,quantile,0.2,1.0
2026-10-10,wk inc rsv hosp,3,2026-10-31,05,quantile,0.2,0.0
2026-10-10,wk inc rsv hosp,0,2026-10-10,05,quantile,0.25,1.0
2026-10-10,wk inc rsv hosp,1,2026-10-17,05,quantile,0.25,1.0
2026-10-10,wk inc rsv hosp,2,2026-10-24,05,quantile,0.25,1.0
2026-10-10,wk inc rsv hosp,3,2026-10-31,05,quantile,0.25,1.0
2026-10-10,wk inc rsv hosp,0,2026-10-10,05,quantile,0.3,2.0
2026-10-10,wk inc rsv hosp,1,2026-10-17,05,quantile,0.3,1.0
2026-10-10,wk inc rsv hosp,2,2026-10-24,05,quantile,0.3,1.0
2026-10-10,wk inc rsv hosp,3,2026-10-31,05,quantile,0.3,1.0
2026-10-10,wk inc rsv hosp,0,2026-10-10,05,quantile,0.35,2.0
2026-10-10,wk inc rsv hosp,1,2026-10-17,05,quantile,0.35,1.0
2026-10-10,wk inc rsv hosp,2,2026-10-24,05,quantile,0.35,1.0
2026-10-10,wk inc rsv hosp,3,2026-10-31,05,quantile,0.35,1.0
2026-10-10,wk inc rsv hosp,0,2026-10-10,05,quantile,0.4,2.0
2026-10-10,wk inc rsv hosp,1,2026-10-17,05,quantile,0.4,1.0
2026-10-10,wk inc rsv hosp,2,2026-10-24,05,quantile,0.4,1.0
2026-10-10,wk inc rsv hosp,3,2026-10-31,05,quantile,0.4,1.0
2026-10-10,wk inc rsv hosp,0,2026-10-10,05,quantile,0.45,2.0
2026-10-10,wk inc rsv hosp,1,2026-10-17,05,quantile,0.45,1.0
2026-10-10,wk inc rsv hosp,2,2026-10-24,05,quantile,0.45,1.0
2026-10-10,wk inc rsv hosp,3,2026-10-31,05,quantile,0.45,1.0
2026-10-10,wk inc rsv hosp,0,2026-10-10,05,quantile,0.5,2.0
2026-10-10,wk inc rsv hosp,1,2026-10-17,05,quantile,0.5,2.0
2026-10-10,wk inc rsv hosp,2,2026-10-24,05,quantile,0.5,1.0
2026-10-10,wk inc rsv hosp,3,2026-10-31,05,quantile,0.5,1.0
2026-10-10,wk inc rsv hosp,0,2026-10-10,05,quantile,0.55,2.0
2026-10-10,wk inc rsv hosp,1,2026-10-17,05,quantile,0.55,2.0
2026-10-10,wk inc rsv hosp,2,2026-10-24,05,quantile,0.55,1.0
2026-10-10,wk inc rsv hosp,3,2026-10-31,05,quantile,0.55,1.0
2026-10-10,wk inc rsv hosp,0,2026-10-10,05,quantile,0.6,2.0
2026-10-10,wk inc rsv hosp,1,2026-10-17,05,quantile,0.6,2.0
2026-10-10,wk inc rsv hosp,2,2026-10-24,05,quantile,0.6,1.0
2026-10-10,wk inc rsv hosp,3,2026-10-31,05,quantile,0.6,1.0
2026-10-10,wk inc rsv hosp,0,2026-10-10,05,quantile,0.65,2.0
2026-10-10,wk inc rsv hosp,1,2026-10-17,05,quantile,0.65,2.0
2026-10-10,wk inc rsv hosp,2,2026-10-24,05,quantile,0.65,2.0
2026-10-10,wk inc rsv hosp,3,2026-10-31,05,quantile,0.65,1.0
2026-10-10,wk inc rsv hosp,0,2026-10-10,05,quantile,0.7,2.0
2026-10-10,wk inc rsv hosp,1,2026-10-17,05,quantile,0.7,2.0
2026-10-10,wk inc rsv hosp,2,2026-10-24,05,quantile,0.7,2.0
2026-10-10,wk inc rsv hosp,3,2026-10-31,05,quantile,0.7,2.0
2026-10-10,wk inc rsv hosp,0,2026-10-10,05,quantile,0.75,2.0
2026-10-10,wk inc rsv hosp,1,2026-10-17,05,quantile,0.75,2.0
2026-10-10,wk inc rsv hosp,2,2026-10-24,05,quantile,0.75,2.0
2026-10-10,wk inc rsv hosp,3,2026-10-31,05,quantile,0.75,2.0
2026-10-10,wk inc rsv hosp,0,2026-10-10,05,quantile,0.8,3.0
2026-10-10,wk inc rsv hosp,1,2026-10-17,05,quantile,0.8,2.0
2026-10-10,wk inc rsv hosp,2,2026-10-24,05,quantile,0.8,2.0
2026-10-10,wk inc rsv hosp,3,2026-10-31,05,quantile,0.8,2.0
2026-10-10,wk inc rsv hosp,0,2026-10-10,05,quantile,0.85,3.0
2026-10-10,wk inc rsv hosp,1,2026-10-17,05,quantile,0.85,3.0
2026-10-10,wk inc rsv hosp,2,2026-10-24,05,quantile,0.85,2.0
2026-10-10,wk inc rsv hosp,3,2026-10-31,05,quantile,0.85,2.0
2026-10-10,wk inc rsv hosp,0,2026-10-10,05,quantile,0.9,3.0
2026-10-10,wk inc rsv hosp,1,2026-10-17,05,quantile,0.9,3.0
2026-10-10,wk inc rsv hosp,2,2026-10-24,05,quantile,0.9,3.0
2026-10-10,wk inc rsv hosp,3,2026-10-31,05,quantile,0.9,3.0
2026-10-10,wk inc rsv hosp,0,2026-10-10,05,quantile,0.95,3.0
2026-10-10,wk inc rsv hosp,1,2026-10-17,05,quantile,0.95,4.0
2026-10-10,wk inc rsv hosp,2,2026-10-24,05,quantile,0.95,4.0
2026-10-10,wk inc rsv hosp,3,2026-10-31,05,quantile,0.95,4.0
2026-10-10,wk inc rsv hosp,0,2026-10-10,05,quantile,0.975,4.0
2026-10-10,wk inc rsv hosp,1,2026-10-17,05,quantile,0.975,4.0
2026-10-10,wk inc rsv hosp,2,2026-10-24,05,quantile,0.975,4.0
2026-10-10,wk inc rsv hosp,3,2026-10-31,05,quantile,0.975,5.0
2026-10-10,wk inc rsv hosp,0,2026-10-10,05,quantile,0.99,4.0
2026-10-10,wk inc rsv hosp,1,2026-10-17,05,quantile,0.99,5.0
2026-10-10,wk inc rsv hosp,2,2026-10-24,05,quantile,0.99,5.0
2026-10-10,wk inc rsv hosp,3,2026-10-31,05,quantile,0.99,6.0
2026-10-10,wk inc rsv hosp,0,2026-10-10,06,quantile,0.01,15.0
2026-10-10,wk inc rsv hosp,1,2026-10-17,06,quantile,0.01,13.0
2026-10-10,wk inc rsv hosp,2,2026-10-24,06,quantile,0.01,11.0
2026-10-10,wk inc rsv hosp,3,2026-10-31,06,quantile,0.01,9.0
2026-10-10,wk inc rsv hosp,0,2026-10-10,06,quantile,0.025,16.0
2026-10-10,wk inc rsv hosp,1,2026-10-17,06,quantile,0.025,14.0
2026-10-10,wk inc rsv hosp,2,2026-10-24,06,quantile,0.025,12.0
2026-10-10,wk inc rsv hosp,3,2026-10-31,06,quantile,0.025,10.0
2026-10-10,wk inc rsv hosp,0,2026-10-10,06,quantile,0.05,17.0
2026-10-10,wk inc rsv hosp,1,2026-10-17,06,quantile,0.05,16.0
2026-10-10,wk inc rsv hosp,2,2026-10-24,06,quantile,0.05,14.0
2026-10-10,wk inc rsv hosp,3,2026-10-31,06,quantile,0.05,13.0
2026-10-10,wk inc rsv hosp,0,2026-10-10,06,quantile,0.1,19.0
2026-10-10,wk inc rsv hosp,1,2026-10-17,06,quantile,0.1,18.0
2026-10-10,wk inc rsv hosp,2,2026-10-24,06,quantile,0.1,17.0
2026-10-10,wk inc rsv hosp,3,2026-10-31,06,quantile,0.1,16.0
2026-10-10,wk inc rsv hosp,0,2026-10-10,06,quantile,0.15,20.0
2026-10-10,wk inc rsv hosp,1,2026-10-17,06,quantile,0.15,20.0
2026-10-10,wk inc rsv hosp,2,2026-10-24,06,quantile,0.15,19.0
2026-10-10,wk inc rsv hosp,3,2026-10-31,06,quantile,0.15,18.0
2026-10-10,wk inc rsv hosp,0,2026-10-10,06,quantile,0.2,21.0
2026-10-10,wk inc rsv hosp,1,2026-10-17,06,quantile,0.2,21.0
2026-10-10,wk inc rsv hosp,2,2026-10-24,06,quantile,0.2,21.0
2026-10-10,wk inc rsv hosp,3,2026-10-31,06,quantile,0.2,21.0
2026-10-10,wk inc rsv hosp,0,2026-10-10,06,quantile,0.25,22.0
2026-10-10,wk inc rsv hosp,1,2026-10-17,06,quantile,0.25,23.0
2026-10-10,wk inc rsv hosp,2,2026-10-24,06,quantile,0.25,23.0
2026-10-10,wk inc rsv hosp,3,2026-10-31,06,quantile,0.25,23.0
2026-10-10,wk inc rsv hosp,0,2026-10-10,06,quantile,0.3,23.0
2026-10-10,wk inc rsv hosp,1,2026-10-17,06,quantile,0.3,24.0
2026-10-10,wk inc rsv hosp,2,2026-10-24,06,quantile,0.3,25.0
2026-10-10,wk inc rsv hosp,3,2026-10-31,06,quantile,0.3,26.0
2026-10-10,wk inc rsv hosp,0,2026-10-10,06,quantile,0.35,24.0
2026-10-10,wk inc rsv hosp,1,2026-10-17,06,quantile,0.35,25.0
2026-10-10,wk inc rsv hosp,2,2026-10-24,06,quantile,0.35,27.0
2026-10-10,wk inc rsv hosp,3,2026-10-31,06,quantile,0.35,28.0
2026-10-10,wk inc rsv hosp,0,2026-10-10,06,quantile,0.4,25.0
2026-10-10,wk inc rsv hosp,1,2026-10-17,06,quantile,0.4,27.0
2026-10-10,wk inc rsv hosp,2,2026-10-24,06,quantile,0.4,29.0
2026-10-10,wk inc rsv hosp,3,2026-10-31,06,quantile,0.4,31.0
2026-10-10,wk inc rsv hosp,0,2026-10-10,06,quantile,0.45,26.0
2026-10-10,wk inc rsv hosp,1,2026-10-17,06,quantile,0.45,28.0
2026-10-10,wk inc rsv hosp,2,2026-10-24,06,quantile,0.45,31.0
2026-10-10,wk inc rsv hosp,3,2026-10-31,06,quantile,0.45,33.0
2026-10-10,wk inc rsv hosp,0,2026-10-10,06,quantile,0.5,27.0
2026-10-10,wk inc rsv hosp,1,2026-10-17,06,quantile,0.5,30.0
2026-10-10,wk inc rsv hosp,2,2026-10-24,06,quantile,0.5,33.0
2026-10-10,wk inc rsv hosp,3,2026-10-31,06,quantile,0.5,37.0
2026-10-10,wk inc rsv hosp,0,2026-10-10,06,quantile,0.55,28.0
2026-10-10,wk inc rsv hosp,1,2026-10-17,06,quantile,0.55,31.0
2026-10-10,wk inc rsv hosp,2,2026-10-24,06,quantile,0.55,35.0
2026-10-10,wk inc rsv hosp,3,2026-10-31,06,quantile,0.55,40.0
2026-10-10,wk inc rsv hosp,0,2026-10-10,06,quantile,0.6,28.0
2026-10-10,wk inc rsv hosp,1,2026-10-17,06,quantile,0.6,33.0
2026-10-10,wk inc rsv hosp,2,2026-10-24,06,quantile,0.6,38.0
2026-10-10,wk inc rsv hosp,3,2026-10-31,06,quantile,0.6,43.0
2026-10-10,wk inc rsv hosp,0,2026-10-10,06,quantile,0.65,29.0
2026-10-10,wk inc rsv hosp,1,2026-10-17,06,quantile,0.65,34.0
2026-10-10,wk inc rsv hosp,2,2026-10-24,06,quantile,0.65,40.0
2026-10-10,wk inc rsv hosp,3,2026-10-31,06,quantile,0.65,47.0
2026-10-10,wk inc rsv hosp,0,2026-10-10,06,quantile,0.7,31.0
2026-10-10,wk inc rsv hosp,1,2026-10-17,06,quantile,0.7,36.0
2026-10-10,wk inc rsv hosp,2,2026-10-24,06,quantile,0.7,43.0
2026-10-10,wk inc rsv hosp,3,2026-10-31,06,quantile,0.7,51.0
2026-10-10,wk inc rsv hosp,0,2026-10-10,06,quantile,0.75,32.0
2026-10-10,wk inc rsv hosp,1,2026-10-17,06,quantile,0.75,38.0
2026-10-10,wk inc rsv hosp,2,2026-10-24,06,quantile,0.75,47.0
2026-10-10,wk inc rsv hosp,3,2026-10-31,06,quantile,0.75,57.0
2026-10-10,wk inc rsv hosp,0,2026-10-10,06,quantile,0.8,33.0
2026-10-10,wk inc rsv hosp,1,2026-10-17,06,quantile,0.8,41.0
2026-10-10,wk inc rsv hosp,2,2026-10-24,06,quantile,0.8,51.0
2026-10-10,wk inc rsv hosp,3,2026-10-31,06,quantile,0.8,63.0
2026-10-10,wk inc rsv hosp,0,2026-10-10,06,quantile,0.85,35.0
2026-10-10,wk inc rsv hosp,1,2026-10-17,06,quantile,0.85,44.0
2026-10-10,wk inc rsv hosp,2,2026-10-24,06,quantile,0.85,56.0
2026-10-10,wk inc rsv hosp,3,2026-10-31,06,quantile,0.85,72.0
2026-10-10,wk inc rsv hosp,0,2026-10-10,06,quantile,0.9,37.0
2026-10-10,wk inc rsv hosp,1,2026-10-17,06,quantile,0.9,48.0
2026-10-10,wk inc rsv hosp,2,2026-10-24,06,quantile,0.9,64.0
2026-10-10,wk inc rsv hosp,3,2026-10-31,06,quantile,0.9,83.0
2026-10-10,wk inc rsv hosp,0,2026-10-10,06,quantile,0.95,40.0
2026-10-10,wk inc rsv hosp,1,2026-10-17,06,quantile,0.95,55.0
2026-10-10,wk inc rsv hosp,2,2026-10-24,06,quantile,0.95,75.0
2026-10-10,wk inc rsv hosp,3,2026-10-31,06,quantile,0.95,104.0
2026-10-10,wk inc rsv hosp,0,2026-10-10,06,quantile,0.975,43.0
2026-10-10,wk inc rsv hosp,1,2026-10-17,06,quantile,0.975,61.0
2026-10-10,wk inc rsv hosp,2,2026-10-24,06,quantile,0.975,86.0
2026-10-10,wk inc rsv hosp,3,2026-10-31,06,quantile,0.975,125.0
2026-10-10,wk inc rsv hosp,0,2026-10-10,06,quantile,0.99,46.0
2026-10-10,wk inc rsv hosp,1,2026-10-17,06,quantile,0.99,67.0
2026-10-10,wk inc rsv hosp,2,2026-10-24,06,quantile,0.99,99.0
2026-10-10,wk inc rsv hosp,3,2026-10-31,06,quantile,0.99,148.0
2026-10-10,wk inc rsv hosp,0,2026-10-10,08,quantile,0.01,0.0
2026-10-10,wk inc rsv hosp,1,2026-10-17,08,quantile,0.01,0.0
2026-10-10,wk inc rsv hosp,2,2026-10-24,08,quantile,0.01,0.0
2026-10-10,wk inc rsv hosp,3,2026-10-31,08,quantile,0.01,0.0
2026-10-10,wk inc rsv hosp,0,2026-10-10,08,quantile,0.025,0.0
2026-10-10,wk inc rsv hosp,1,2026-10-17,08,quantile,0.025,0.0
2026-10-10,wk inc rsv hosp,2,2026-10-24,08,quantile,0.025,0.0
2026-10-10,wk inc rsv hosp,3,2026-10-31,08,quantile,0.025,0.0
2026-10-10,wk inc rsv hosp,0,2026-10-10,08,quantile,0.05,0.0
2026-10-10,wk inc rsv hosp,1,2026-10-17,08,quantile,0.05,0.0
2026-10-10,wk inc rsv hosp,2,2026-10-24,08,quantile,0.05,0.0
2026-10-10,wk inc rsv hosp,3,2026-10-31,08,quantile,0.05,0.0
2026-10-10,wk inc rsv hosp,0,2026-10-10,08,quantile,0.1,1.0
2026-10-10,wk inc rsv hosp,1,2026-10-17,08,quantile,0.1,1.0
2026-10-10,wk inc rsv hosp,2,2026-10-24,08,quantile,0.1,1.0
2026-10-10,wk inc rsv hosp,3,2026-10-31,08,quantile,0.1,0.0
2026-10-10,wk inc rsv hosp,0,2026-10-10,08,quantile,0.15,1.0
2026-10-10,wk inc rsv hosp,1,2026-10-17,08,quantile,0.15,1.0
2026-10-10,wk inc rsv hosp,2,2026-10-24,08,quantile,0.15,1.0
2026-10-10,wk inc rsv hosp,3,2026-10-31,08,quantile,0.15,1.0
2026-10-10,wk inc rsv hosp,0,2026-10-10,08,quantile,0.2,2.0
2026-10-10,wk inc rsv hosp,1,2026-10-17,08,quantile,0.2,2.0
2026-10-10,wk inc rsv hosp,2,2026-10-24,08,quantile,0.2,1.0
2026-10-10,wk inc rsv hosp,3,2026-10-31,08,quantile,0.2,1.0
2026-10-10,wk inc rsv hosp,0,2026-10-10,08,quantile,0.25,2.0
2026-10-10,wk inc rsv hosp,1,2026-10-17,08,quantile,0.25,2.0
2026-10-10,wk inc rsv hosp,2,2026-10-24,08,quantile,0.25,2.0
2026-10-10,wk inc rsv hosp,3,2026-10-31,08,quantile,0.25,1.0
2026-10-10,wk inc rsv hosp,0,2026-10-10,08,quantile,0.3,2.0
2026-10-10,wk inc rsv hosp,1,2026-10-17,08,quantile,0.3,2.0
2026-10-10,wk inc rsv hosp,2,2026-10-24,08,quantile,0.3,2.0
2026-10-10,wk inc rsv hosp,3,2026-10-31,08,quantile,0.3,2.0
2026-10-10,wk inc rsv hosp,0,2026-10-10,08,quantile,0.35,2.0
2026-10-10,wk inc rsv hosp,1,2026-10-17,08,quantile,0.35,2.0
2026-10-10,wk inc rsv hosp,2,2026-10-24,08,quantile,0.35,2.0
2026-10-10,wk inc rsv hosp,3,2026-10-31,08,quantile,0.35,2.0
2026-10-10,wk inc rsv hosp,0,2026-10-10,08,quantile,0.4,2.0
2026-10-10,wk inc rsv hosp,1,2026-10-17,08,quantile,0.4,2.0
2026-10-10,wk inc rsv hosp,2,2026-10-24,08,quantile,0.4,2.0
2026-10-10,wk inc rsv hosp,3,2026-10-31,08,quantile,0.4,2.0
2026-10-10,wk inc rsv hosp,0,2026-10-10,08,quantile,0.45,2.0
2026-10-10,wk inc rsv hosp,1,2026-10-17,08,quantile,0.45,2.0
2026-10-10,wk inc rsv hosp,2,2026-10-24,08,quantile,0.45,2.0
2026-10-10,wk inc rsv hosp,3,2026-10-31,08,quantile,0.45,2.0
2026-10-10,wk inc rsv hosp,0,2026-10-10,08,quantile,0.5,3.0
2026-10-10,wk inc rsv hosp,1,2026-10-17,08,quantile,0.5,3.0
2026-10-10,wk inc rsv hosp,2,2026-10-24,08,quantile,0.5,2.0
2026-10-10,wk inc rsv hosp,3,2026-10-31,08,quantile,0.5,2.0
2026-10-10,wk inc rsv hosp,0,2026-10-10,08,quantile,0.55,3.0
2026-10-10,wk inc rsv hosp,1,2026-10-17,08,quantile,0.55,3.0
2026-10-10,wk inc rsv hosp,2,2026-10-24,08,quantile,0.55,3.0
2026-10-10,wk inc rsv hosp,3,2026-10-31,08,quantile,0.55,3.0
2026-10-10,wk inc rsv hosp,0,2026-10-10,08,quantile,0.6,3.0
2026-10-10,wk inc rsv hosp,1,2026-10-17,08,quantile,0.6,4.0
2026-10-10,wk inc rsv hosp,2,2026-10-24,08,quantile,0.6,3.0
2026-10-10,wk inc rsv hosp,3,2026-10-31,08,quantile,0.6,4.0
2026-10-10,wk inc rsv hosp,0,2026-10-10,08,quantile,0.65,4.0
2026-10-10,wk inc rsv hosp,1,2026-10-17,08,quantile,0.65,4.0
2026-10-10,wk inc rsv hosp,2,2026-10-24,08,quantile,0.65,4.0
2026-10-10,wk inc rsv hosp,3,2026-10-31,08,quantile,0.65,4.0
2026-10-10,wk inc rsv hosp,0,2026-10-10,08,quantile,0.7,4.0
2026-10-10,wk inc rsv hosp,1,2026-10-17,08,quantile,0.7,4.0
2026-10-10,wk inc rsv hosp,2,2026-10-24,08,quantile,0.7,4.0
2026-10-10,wk inc rsv hosp,3,2026-10-31,08,quantile,0.7,5.0
2026-10-10,wk inc rsv hosp,0,2026-10-10,08,quantile,0.75,4.0
2026-10-10,wk inc rsv hosp,1,2026-10-17,08,quantile,0.75,5.0
2026-10-10,wk inc rsv hosp,2,2026-10-24,08,quantile,0.75,5.0
2026-10-10,wk inc rsv hosp,3,2026-10-31,08,quantile,0.75,6.0
2026-10-10,wk inc rsv hosp,0,2026-10-10,08,quantile,0.8,5.0
2026-10-10,wk inc rsv hosp,1,2026-10-17,08,quantile,0.8,5.0
2026-10-10,wk inc rsv hosp,2,2026-10-24,08,quantile,0.8,6.0
2026-10-10,wk inc rsv hosp,3,2026-10-31,08,quantile,0.8,6.0
2026-10-10,wk inc rsv hosp,0,2026-10-10,08,quantile,0.85,6.0
2026-10-10,wk inc rsv hosp,1,2026-10-17,08,quantile,0.85,6.0
2026-10-10,wk inc rsv hosp,2,2026-10-24,08,quantile,0.85,6.0
2026-10-10,wk inc rsv hosp,3,2026-10-31,08,quantile,0.85,7.0
2026-10-10,wk inc rsv hosp,0,2026-10-10,08,quantile,0.9,6.0
2026-10-10,wk inc rsv hosp,1,2026-10-17,08,quantile,0.9,6.0
2026-10-10,wk inc rsv hosp,2,2026-10-24,08,quantile,0.9,8.0
2026-10-10,wk inc rsv hosp,3,2026-10-31,08,quantile,0.9,9.0
2026-10-10,wk inc rsv hosp,0,2026-10-10,08,quantile,0.95,7.0
2026-10-10,wk inc rsv hosp,1,2026-10-17,08,quantile,0.95,8.0
2026-10-10,wk inc rsv hosp,2,2026-10-24,08,quantile,0.95,10.0
2026-10-10,wk inc rsv hosp,3,2026-10-31,08,quantile,0.95,12.0
2026-10-10,wk inc rsv hosp,0,2026-10-10,08,quantile,0.975,8.0
2026-10-10,wk inc rsv hosp,1,2026-10-17,08,quantile,0.975,9.0
2026-10-10,wk inc rsv hosp,2,2026-10-24,08,quantile,0.975,12.0
2026-10-10,wk inc rsv hosp,3,2026-10-31,08,quantile,0.975,14.0
2026-10-10,wk inc rsv hosp,0,2026-10-10,08,quantile,0.99,9.0
2026-10-10,wk inc rsv hosp,1,2026-10-17,08,quantile,0.99,10.0
2026-10-10,wk inc rsv hosp,2,2026-10-24,08,quantile,0.99,13.0
2026-10-10,wk inc rsv hosp,3,2026-10-31,08,quantile,0.99,18.0
2026-10-10,wk inc rsv hosp,0,2026-10-10,09,quantile,0.01,0.0
2026-10-10,wk inc rsv hosp,1,2026-10-17,09,quantile,0.01,0.0
2026-10-10,wk inc rsv hosp,2,2026-10-24,09,quantile,0.01,0.0
2026-10-10,wk inc rsv hosp,3,2026-10-31,09,quantile,0.01,0.0
2026-10-10,wk inc rsv hosp,0,2026-10-10,09,quantile,0.025,0.0
2026-10-10,wk inc rsv hosp,1,2026-10-17,09,quantile,0.025,0.0
2026-10-10,wk inc rsv hosp,2,2026-10-24,09,quantile,0.025,0.0
2026-10-10,wk inc rsv hosp,3,2026-10-31,09,quantile,0.025,0.0
2026-10-10,wk inc rsv hosp,0,2026-10-10,09,quantile,0.05,0.0
2026-10-10,wk inc rsv hosp,1,2026-10-17,09,quantile,0.05,0.0
2026-10-10,wk inc rsv hosp,2,2026-10-24,09,quantile,0.05,0.0
2026-10-10,wk inc rsv hosp,3,2026-10-31,09,quantile,0.05,0.0
2026-10-10,wk inc rsv hosp,0,2026-10-10,09,quantile,0.1,1.0
2026-10-10,wk inc rsv hosp,1,2026-10-17,09,quantile,0.1,0.0
2026-10-10,wk inc rsv hosp,2,2026-10-24,09,quantile,0.1,0.0
2026-10-10,wk inc rsv hosp,3,2026-10-31,09,quantile,0.1,0.0
2026-10-10,wk inc rsv hosp,0,2026-10-10,09,quantile,0.15,1.0
2026-10-10,wk inc rsv hosp,1,2026-10-17,09,quantile,0.15,1.0
2026-10-10,wk inc rsv hosp,2,2026-10-24,09,quantile,0.15,1.0
2026-10-10,wk inc rsv hosp,3,2026-10-31,09,quantile,0.15,0.0
2026-10-10,wk inc rsv hosp,0,2026-10-10,09,quantile,0.2,1.0
2026-10-10,wk inc rsv hosp,1,2026-10-17,09,quantile,0.2,1.0
2026-10-10,wk inc rsv hosp,2,2026-10-24,09,quantile,0.2,1.0
2026-10-10,wk inc rsv hosp,3,2026-10-31,09,quantile,0.2,1.0
2026-10-10,wk inc rsv hosp,0,2026-10-10,09,quantile,0.25,1.0
2026-10-10,wk inc rsv hosp,1,2026-10-17,09,quantile,0.25,1.0
2026-10-10,wk inc rsv hosp,2,2026-10-24,09,quantile,0.25,1.0
2026-10-10,wk inc rsv hosp,3,2026-10-31,09,quantile,0.25,1.0
2026-10-10,wk inc rsv hosp,0,2026-10-10,09,quantile,0.3,1.0
2026-10-10,wk inc rsv hosp,1,2026-10-17,09,quantile,0.3,1.0
2026-10-10,wk inc rsv hosp,2,2026-10-24,09,quantile,0.3,1.0
2026-10-10,wk inc rsv hosp,3,2026-10-31,09,quantile,0.3,1.0
2026-10-10,wk inc rsv hosp,0,2026-10-10,09,quantile,0.35,1.0
2026-10-10,wk inc rsv hosp,1,2026-10-17,09,quantile,0.35,1.0
2026-10-10,wk inc rsv hosp,2,2026-10-24,09,quantile,0.35,1.0
2026-10-10,wk inc rsv hosp,3,2026-10-31,09,quantile,0.35,1.0
2026-10-10,wk inc rsv hosp,0,2026-10-10,09,quantile,0.4,2.0
2026-10-10,wk inc rsv hosp,1,2026-10-17,09,quantile,0.4,1.0
2026-10-10,wk inc rsv hosp,2,2026-10-24,09,quantile,0.4,1.0
2026-10-10,wk inc rsv hosp,3,2026-10-31,09,quantile,0.4,1.0
2026-10-10,wk inc rsv hosp,0,2026-10-10,09,quantile,0.45,2.0
2026-10-10,wk inc rsv hosp,1,2026-10-17,09,quantile,0.45,2.0
2026-10-10,wk inc rsv hosp,2,2026-10-24,09,quantile,0.45,2.0
2026-10-10,wk inc rsv hosp,3,2026-10-31,09,quantile,0.45,1.0
2026-10-10,wk inc rsv hosp,0,2026-10-10,09,quantile,0.5,2.0
2026-10-10,wk inc rsv hosp,1,2026-10-17,09,quantile,0.5,2.0
2026-10-10,wk inc rsv hosp,2,2026-10-24,09,quantile,0.5,2.0
2026-10-10,wk inc rsv hosp,3,2026-10-31,09,quantile,0.5,2.0
2026-10-10,wk inc rsv hosp,0,2026-10-10,09,quantile,0.55,3.0
2026-10-10,wk inc rsv hosp,1,2026-10-17,09,quantile,0.55,2.0
2026-10-10,wk inc rsv hosp,2,2026-10-24,09,quantile,0.55,2.0
2026-10-10,wk inc rsv hosp,3,2026-10-31,09,quantile,0.55,2.0
2026-10-10,wk inc rsv hosp,0,2026-10-10,09,quantile,0.6,3.0
2026-10-10,wk inc rsv hosp,1,2026-10-17,09,quantile,0.6,3.0
2026-10-10,wk inc rsv hosp,2,2026-10-24,09,quantile,0.6,3.0
2026-10-10,wk inc rsv hosp,3,2026-10-31,09,quantile,0.6,2.0
2026-10-10,wk inc rsv hosp,0,2026-10-10,09,quantile,0.65,3.0
2026-10-10,wk inc rsv hosp,1,2026-10-17,09,quantile,0.65,3.0
2026-10-10,wk inc rsv hosp,2,2026-10-24,09,quantile,0.65,3.0
2026-10-10,wk inc rsv hosp,3,2026-10-31,09,quantile,0.65,3.0
2026-10-10,wk inc rsv hosp,0,2026-10-10,09,quantile,0.7,4.0
2026-10-10,wk inc rsv hosp,1,2026-10-17,09,quantile,0.7,3.0
2026-10-10,wk inc rsv hosp,2,2026-10-24,09,quantile,0.7,4.0
2026-10-10,wk inc rsv hosp,3,2026-10-31,09,quantile,0.7,4.0
2026-10-10,wk inc rsv hosp,0,2026-10-10,09,quantile,0.75,4.0
2026-10-10,wk inc rsv hosp,1,2026-10-17,09,quantile,0.75,4.0
2026-10-10,wk inc rsv hosp,2,2026-10-24,09,quantile,0.75,4.0
2026-10-10,wk inc rsv hosp,3,2026-10-31,09,quantile,0.75,4.0
2026-10-10,wk inc rsv hosp,0,2026-10-10,09,quantile,0.8,4.0
2026-10-10,wk inc rsv hosp,1,2026-10-17,09,quantile,0.8,4.0
2026-10-10,wk inc rsv hosp,2,2026-10-24,09,quantile,0.8,4.0
2026-10-10,wk inc rsv hosp,3,2026-10-31,09,quantile,0.8,5.0
2026-10-10,wk inc rsv hosp,0,2026-10-10,09,quantile,0.85,4.0
2026-10-10,wk inc rsv hosp,1,2026-10-17,09,quantile,0.85,4.0
2026-10-10,wk inc rsv hosp,2,2026-10-24,09,quantile,0.85,5.0
2026-10-10,wk inc rsv hosp,3,2026-10-31,09,quantile,0.85,6.0
2026-10-10,wk inc rsv hosp,0,2026-10-10,09,quantile,0.9,5.0
2026-10-10,wk inc rsv hosp,1,2026-10-17,09,quantile,0.9,5.0
2026-10-10,wk inc rsv hosp,2,2026-10-24,09,quantile,0.9,6.0
2026-10-10,wk inc rsv hosp,3,2026-10-31,09,quantile,0.9,7.0
2026-10-10,wk inc rsv hosp,0,2026-10-10,09,quantile,0.95,7.0
2026-10-10,wk inc rsv hosp,1,2026-10-17,09,quantile,0.95,7.0
2026-10-10,wk inc rsv hosp,2,2026-10-24,09,quantile,0.95,8.0
2026-10-10,wk inc rsv hosp,3,2026-10-31,09,quantile,0.95,10.0
2026-10-10,wk inc rsv hosp,0,2026-10-10,09,quantile,0.975,7.0
2026-10-10,wk inc rsv hosp,1,2026-10-17,09,quantile,0.975,8.0
2026-10-10,wk inc rsv hosp,2,2026-10-24,09,quantile,0.975,9.0
2026-10-10,wk inc rsv hosp,3,2026-10-31,09,quantile,0.975,12.0
2026-10-10,wk inc rsv hosp,0,2026-10-10,09,quantile,0.99,8.0
2026-10-10,wk inc rsv hosp,1,2026-10-17,09,quantile,0.99,9.0
2026-10-10,wk inc rsv hosp,2,2026-10-24,09,quantile,0.99,12.0
2026-10-10,wk inc rsv hosp,3,2026-10-31,09,quantile,0.99,17.0
2026-10-10,wk inc rsv hosp,0,2026-10-10,10,quantile,0.01,2.0
2026-10-10,wk inc rsv hosp,1,2026-10-17,10,quantile,0.01,1.0
2026-10-10,wk inc rsv hosp,2,2026-10-24,10,quantile,0.01,1.0
2026-10-10,wk inc rsv hosp,3,2026-10-31,10,quantile,0.01,1.0
2026-10-10,wk inc rsv hosp,0,2026-10-10,10,quantile,0.025,3.0
2026-10-10,wk inc rsv hosp,1,2026-10-17,10,quantile,0.025,2.0
2026-10-10,wk inc rsv hosp,2,2026-10-24,10,quantile,0.025,1.0
2026-10-10,wk inc rsv hosp,3,2026-10-31,10,quantile,0.025,1.0
2026-10-10,wk inc rsv hosp,0,2026-10-10,10,quantile,0.05,3.0
2026-10-10,wk inc rsv hosp,1,2026-10-17,10,quantile,0.05,3.0
2026-10-10,wk inc rsv hosp,2,2026-10-24,10,quantile,0.05,2.0
2026-10-10,wk inc rsv hosp,3,2026-10-31,10,quantile,0.05,2.0
2026-10-10,wk inc rsv hosp,0,2026-10-10,10,quantile,0.1,4.0
2026-10-10,wk inc rsv hosp,1,2026-10-17,10,quantile,0.1,4.0
2026-10-10,wk inc rsv hosp,2,2026-10-24,10,quantile,0.1,3.0
2026-10-10,wk inc rsv hosp,3,2026-10-31,10,quantile,0.1,3.0
2026-10-10,wk inc rsv hosp,0,2026-10-10,10,quantile,0.15,4.0
2026-10-10,wk inc rsv hosp,1,2026-10-17,10,quantile,0.15,4.0
2026-10-10,wk inc rsv hosp,2,2026-10-24,10,quantile,0.15,3.0
2026-10-10,wk inc rsv hosp,3,2026-10-31,10,quantile,0.15,3.0
2026-10-10,wk inc rsv hosp,0,2026-10-10,10,quantile,0.2,5.0
2026-10-10,wk inc rsv hosp,1,2026-10-17,10,quantile,0.2,5.0
2026-10-10,wk inc rsv hosp,2,2026-10-24,10,quantile,0.2,4.0
2026-10-10,wk inc rsv hosp,3,2026-10-31,10,quantile,0.2,4.0
2026-10-10,wk inc rsv hosp,0,2026-10-10,10,quantile,0.25,5.0
2026-10-10,wk inc rsv hosp,1,2026-10-17,10,quantile,0.25,5.0
2026-10-10,wk inc rsv hosp,2,2026-10-24,10,quantile,0.25,5.0
2026-10-10,wk inc rsv hosp,3,2026-10-31,10,quantile,0.25,4.0
2026-10-10,wk inc rsv hosp,0,2026-10-10,10,quantile,0.3,5.0
2026-10-10,wk inc rsv hosp,1,2026-10-17,10,quantile,0.3,5.0
2026-10-10,wk inc rsv hosp,2,2026-10-24,10,quantile,0.3,5.0
2026-10-10,wk inc rsv hosp,3,2026-10-31,10,quantile,0.3,5.0
2026-10-10,wk inc rsv hosp,0,2026-10-10,10,quantile,0.35,6.0
2026-10-10,wk inc rsv hosp,1,2026-10-17,10,quantile,0.35,6.0
2026-10-10,wk inc rsv hosp,2,2026-10-24,10,quantile,0.35,5.0
2026-10-10,wk inc rsv hosp,3,2026-10-31,10,quantile,0.35,5.0
2026-10-10,wk inc rsv hosp,0,2026-10-10,10,quantile,0.4,6.0
2026-10-10,wk inc rsv hosp,1,2026-10-17,10,quantile,0.4,6.0
2026-10-10,wk inc rsv hosp,2,2026-10-24,10,quantile,0.4,6.0
2026-10-10,wk inc rsv hosp,3,2026-10-31,10,quantile,0.4,6.0
2026-10-10,wk inc rsv hosp,0,2026-10-10,10,quantile,0.45,6.0
2026-10-10,wk inc rsv hosp,1,2026-10-17,10,quantile,0.45,7.0
2026-10-10,wk inc rsv hosp,2,2026-10-24,10,quantile,0.45,6.0
2026-10-10,wk inc rsv hosp,3,2026-10-31,10,quantile,0.45,6.0
2026-10-10,wk inc rsv hosp,0,2026-10-10,10,quantile,0.5,7.0
2026-10-10,wk inc rsv hosp,1,2026-10-17,10,quantile,0.5,7.0
2026-10-10,wk inc rsv hosp,2,2026-10-24,10,quantile,0.5,7.0
2026-10-10,wk inc rsv hosp,3,2026-10-31,10,quantile,0.5,7.0
2026-10-10,wk inc rsv hosp,0,2026-10-10,10,quantile,0.55,7.0
2026-10-10,wk inc rsv hosp,1,2026-10-17,10,quantile,0.55,8.0
2026-10-10,wk inc rsv hosp,2,2026-10-24,10,quantile,0.55,8.0
2026-10-10,wk inc rsv hosp,3,2026-10-31,10,quantile,0.55,8.0
2026-10-10,wk inc rsv hosp,0,2026-10-10,10,quantile,0.6,7.0
2026-10-10,wk inc rsv hosp,1,2026-10-17,10,quantile,0.6,8.0
2026-10-10,wk inc rsv hosp,2,2026-10-24,10,quantile,0.6,8.0
2026-10-10,wk inc rsv hosp,3,2026-10-31,10,quantile,0.6,8.0
2026-10-10,wk inc rsv hosp,0,2026-10-10,10,quantile,0.65,8.0
2026-10-10,wk inc rsv hosp,1,2026-10-17,10,quantile,0.65,9.0
2026-10-10,wk inc rsv hosp,2,2026-10-24,10,quantile,0.65,9.0
2026-10-10,wk inc rsv hosp,3,2026-10-31,10,quantile,0.65,9.0
2026-10-10,wk inc rsv hosp,0,2026-10-10,10,quantile,0.7,8.0
2026-10-10,wk inc rsv hosp,1,2026-10-17,10,quantile,0.7,9.0
2026-10-10,wk inc rsv hosp,2,2026-10-24,10,quantile,0.7,10.0
2026-10-10,wk inc rsv hosp,3,2026-10-31,10,quantile,0.7,10.0
2026-10-10,wk inc rsv hosp,0,2026-10-10,10,quantile,0.75,9.0
2026-10-10,wk inc rsv hosp,1,2026-10-17,10,quantile,0.75,9.0
2026-10-10,wk inc rsv hosp,2,2026-10-24,10,quantile,0.75,10.0
2026-10-10,wk inc rsv hosp,3,2026-10-31,10,quantile,0.75,11.0
2026-10-10,wk inc rsv hosp,0,2026-10-10,10,quantile,0.8,9.0
2026-10-10,wk inc rsv hosp,1,2026-10-17,10,quantile,0.8,10.0
2026-10-10,wk inc rsv hosp,2,2026-10-24,10,quantile,0.8,11.0
2026-10-10,wk inc rsv hosp,3,2026-10-31,10,quantile,0.8,12.0
2026-10-10,wk inc rsv hosp,0,2026-10-10,10,quantile,0.85,10.0
2026-10-10,wk inc rsv hosp,1,2026-10-17,10,quantile,0.85,11.0
2026-10-10,wk inc rsv hosp,2,2026-10-24,10,quantile,0.85,12.0
2026-10-10,wk inc rsv hosp,3,2026-10-31,10,quantile,0.85,14.0
2026-10-10,wk inc rsv hosp,0,2026-10-10,10,quantile,0.9,11.0
2026-10-10,wk inc rsv hosp,1,2026-10-17,10,quantile,0.9,13.0
2026-10-10,wk inc rsv hosp,2,2026-10-24,10,quantile,0.9,14.0
2026-10-10,wk inc rsv hosp,3,2026-10-31,10,quantile,0.9,17.0
2026-10-10,wk inc rsv hosp,0,2026-10-10,10,quantile,0.95,12.0
2026-10-10,wk inc rsv hosp,1,2026-10-17,10,quantile,0.95,15.0
2026-10-10,wk inc rsv hosp,2,2026-10-24,10,quantile,0.95,18.0
2026-10-10,wk inc rsv hosp,3,2026-10-31,10,quantile,0.95,22.0
2026-10-10,wk inc rsv hosp,0,2026-10-10,10,quantile,0.975,13.0
2026-10-10,wk inc rsv hosp,1,2026-10-17,10,quantile,0.975,19.0
2026-10-10,wk inc rsv hosp,2,2026-10-24,10,quantile,0.975,21.0
2026-10-10,wk inc rsv hosp,3,2026-10-31,10,quantile,0.975,28.0
2026-10-10,wk inc rsv hosp,0,2026-10-10,10,quantile,0.99,15.0
2026-10-10,wk inc rsv hosp,1,2026-10-17,10,quantile,0.99,21.0
2026-10-10,wk inc rsv hosp,2,2026-10-24,10,quantile,0.99,25.0
2026-10-10,wk inc rsv hosp,3,2026-10-31,10,quantile,0.99,32.0
2026-10-10,wk inc rsv hosp,0,2026-10-10,11,quantile,0.01,1.0
2026-10-10,wk inc rsv hosp,1,2026-10-17,11,quantile,0.01,1.0
2026-10-10,wk inc rsv hosp,2,2026-10-24,11,quantile,0.01,0.0
2026-10-10,wk inc rsv hosp,3,2026-10-31,11,quantile,0.01,0.0
2026-10-10,wk inc rsv hosp,0,2026-10-10,11,quantile,0.025,1.0
2026-10-10,wk inc rsv hosp,1,2026-10-17,11,quantile,0.025,1.0
2026-10-10,wk inc rsv hosp,2,2026-10-24,11,quantile,0.025,1.0
2026-10-10,wk inc rsv hosp,3,2026-10-31,11,quantile,0.025,0.0
2026-10-10,wk inc rsv hosp,0,2026-10-10,11,quantile,0.05,1.0
2026-10-10,wk inc rsv hosp,1,2026-10-17,11,quantile,0.05,1.0
2026-10-10,wk inc rsv hosp,2,2026-10-24,11,quantile,0.05,1.0
2026-10-10,wk inc rsv hosp,3,2026-10-31,11,quantile,0.05,0.0
2026-10-10,wk inc rsv hosp,0,2026-10-10,11,quantile,0.1,1.0
2026-10-10,wk inc rsv hosp,1,2026-10-17,11,quantile,0.1,1.0
2026-10-10,wk inc rsv hosp,2,2026-10-24,11,quantile,0.1,1.0
2026-10-10,wk inc rsv hosp,3,2026-10-31,11,quantile,0.1,1.0
2026-10-10,wk inc rsv hosp,0,2026-10-10,11,quantile,0.15,1.0
2026-10-10,wk inc rsv hosp,1,2026-10-17,11,quantile,0.15,1.0
2026-10-10,wk inc rsv hosp,2,2026-10-24,11,quantile,0.15,1.0
2026-10-10,wk inc rsv hosp,3,2026-10-31,11,quantile,0.15,1.0
2026-10-10,wk inc rsv hosp,0,2026-10-10,11,quantile,0.2,1.0
2026-10-10,wk inc rsv hosp,1,2026-10-17,11,quantile,0.2,1.0
2026-10-10,wk inc rsv hosp,2,2026-10-24,11,quantile,0.2,1.0
2026-10-10,wk inc rsv hosp,3,2026-10-31,11,quantile,0.2,1.0
2026-10-10,wk inc rsv hosp,0,2026-10-10,11,quantile,0.25,1.0
2026-10-10,wk inc rsv hosp,1,2026-10-17,11,quantile,0.25,1.0
2026-10-10,wk inc rsv hosp,2,2026-10-24,11,quantile,0.25,1.0
2026-10-10,wk inc rsv hosp,3,2026-10-31,11,quantile,0.25,1.0
2026-10-10,wk inc rsv hosp,0,2026-10-10,11,quantile,0.3,2.0
2026-10-10,wk inc rsv hosp,1,2026-10-17,11,quantile,0.3,1.0
2026-10-10,wk inc rsv hosp,2,2026-10-24,11,quantile,0.3,1.0
2026-10-10,wk inc rsv hosp,3,2026-10-31,11,quantile,0.3,1.0
2026-10-10,wk inc rsv hosp,0,2026-10-10,11,quantile,0.35,2.0
2026-10-10,wk inc rsv hosp,1,2026-10-17,11,quantile,0.35,2.0
2026-10-10,wk inc rsv hosp,2,2026-10-24,11,quantile,0.35,2.0
2026-10-10,wk inc rsv hosp,3,2026-10-31,11,quantile,0.35,1.0
2026-10-10,wk inc rsv hosp,0,2026-10-10,11,quantile,0.4,2.0
2026-10-10,wk inc rsv hosp,1,2026-10-17,11,quantile,0.4,2.0
2026-10-10,wk inc rsv hosp,2,2026-10-24,11,quantile,0.4,2.0
2026-10-10,wk inc rsv hosp,3,2026-10-31,11,quantile,0.4,2.0
2026-10-10,wk inc rsv hosp,0,2026-10-10,11,quantile,0.45,2.0
2026-10-10,wk inc rsv hosp,1,2026-10-17,11,quantile,0.45,2.0
2026-10-10,wk inc rsv hosp,2,2026-10-24,11,quantile,0.45,2.0
2026-10-10,wk inc rsv hosp,3,2026-10-31,11,quantile,0.45,2.0
2026-10-10,wk inc rsv hosp,0,2026-10-10,11,quantile,0.5,2.0
2026-10-10,wk inc rsv hosp,1,2026-10-17,11,quantile,0.5,2.0
2026-10-10,wk inc rsv hosp,2,2026-10-24,11,quantile,0.5,2.0
2026-10-10,wk inc rsv hosp,3,2026-10-31,11,quantile,0.5,2.0
2026-10-10,wk inc rsv hosp,0,2026-10-10,11,quantile,0.55,2.0
2026-10-10,wk inc rsv hosp,1,2026-10-17,11,quantile,0.55,2.0
2026-10-10,wk inc rsv hosp,2,2026-10-24,11,quantile,0.55,2.0
2026-10-10,wk inc rsv hosp,3,2026-10-31,11,quantile,0.55,2.0
2026-10-10,wk inc rsv hosp,0,2026-10-10,11,quantile,0.6,2.0
2026-10-10,wk inc rsv hosp,1,2026-10-17,11,quantile,0.6,2.0
2026-10-10,wk inc rsv hosp,2,2026-10-24,11,quantile,0.6,2.0
2026-10-10,wk inc rsv hosp,3,2026-10-31,11,quantile,0.6,2.0
2026-10-10,wk inc rsv hosp,0,2026-10-10,11,quantile,0.65,2.0
2026-10-10,wk inc rsv hosp,1,2026-10-17,11,quantile,0.65,2.0
2026-10-10,wk inc rsv hosp,2,2026-10-24,11,quantile,0.65,2.0
2026-10-10,wk inc rsv hosp,3,2026-10-31,11,quantile,0.65,3.0
2026-10-10,wk inc rsv hosp,0,2026-10-10,11,quantile,0.7,2.0
2026-10-10,wk inc rsv hosp,1,2026-10-17,11,quantile,0.7,2.0
2026-10-10,wk inc rsv hosp,2,2026-10-24,11,quantile,0.7,3.0
2026-10-10,wk inc rsv hosp,3,2026-10-31,11,quantile,0.7,3.0
2026-10-10,wk inc rsv hosp,0,2026-10-10,11,quantile,0.75,2.0
2026-10-10,wk inc rsv hosp,1,2026-10-17,11,quantile,0.75,3.0
2026-10-10,wk inc rsv hosp,2,2026-10-24,11,quantile,0.75,3.0
2026-10-10,wk inc rsv hosp,3,2026-10-31,11,quantile,0.75,3.0
2026-10-10,wk inc rsv hosp,0,2026-10-10,11,quantile,0.8,3.0
2026-10-10,wk inc rsv hosp,1,2026-10-17,11,quantile,0.8,3.0
2026-10-10,wk inc rsv hosp,2,2026-10-24,11,quantile,0.8,3.0
2026-10-10,wk inc rsv hosp,3,2026-10-31,11,quantile,0.8,3.0
2026-10-10,wk inc rsv hosp,0,2026-10-10,11,quantile,0.85,3.0
2026-10-10,wk inc rsv hosp,1,2026-10-17,11,quantile,0.85,3.0
2026-10-10,wk inc rsv hosp,2,2026-10-24,11,quantile,0.85,3.0
2026-10-10,wk inc rsv hosp,3,2026-10-31,11,quantile,0.85,4.0
2026-10-10,wk inc rsv hosp,0,2026-10-10,11,quantile,0.9,3.0
2026-10-10,wk inc rsv hosp,1,2026-10-17,11,quantile,0.9,3.0
2026-10-10,wk inc rsv hosp,2,2026-10-24,11,quantile,0.9,4.0
2026-10-10,wk inc rsv hosp,3,2026-10-31,11,quantile,0.9,5.0
2026-10-10,wk inc rsv hosp,0,2026-10-10,11,quantile,0.95,3.0
2026-10-10,wk inc rsv hosp,1,2026-10-17,11,quantile,0.95,4.0
2026-10-10,wk inc rsv hosp,2,2026-10-24,11,quantile,0.95,5.0
2026-10-10,wk inc rsv hosp,3,2026-10-31,11,quantile,0.95,6.0
2026-10-10,wk inc rsv hosp,0,2026-10-10,11,quantile,0.975,3.0
2026-10-10,wk inc rsv hosp,1,2026-10-17,11,quantile,0.975,4.0
2026-10-10,wk inc rsv hosp,2,2026-10-24,11,quantile,0.975,5.0
2026-10-10,wk inc rsv hosp,3,2026-10-31,11,quantile,0.975,7.0
2026-10-10,wk inc rsv hosp,0,2026-10-10,11,quantile,0.99,4.0
2026-10-10,wk inc rsv hosp,1,2026-10-17,11,quantile,0.99,5.0
2026-10-10,wk inc rsv hosp,2,2026-10-24,11,quantile,0.99,6.0
2026-10-10,wk inc rsv hosp,3,2026-10-31,11,quantile,0.99,8.0
2026-10-10,wk inc rsv hosp,0,2026-10-10,12,quantile,0.01,138.0
2026-10-10,wk inc rsv hosp,1,2026-10-17,12,quantile,0.01,139.0
2026-10-10,wk inc rsv hosp,2,2026-10-24,12,quantile,0.01,136.0
2026-10-10,wk inc rsv hosp,3,2026-10-31,12,quantile,0.01,134.0
2026-10-10,wk inc rsv hosp,0,2026-10-10,12,quantile,0.025,144.0
2026-10-10,wk inc rsv hosp,1,2026-10-17,12,quantile,0.025,146.0
2026-10-10,wk inc rsv hosp,2,2026-10-24,12,quantile,0.025,146.0
2026-10-10,wk inc rsv hosp,3,2026-10-31,12,quantile,0.025,147.0
2026-10-10,wk inc rsv hosp,0,2026-10-10,12,quantile,0.05,150.0
2026-10-10,wk inc rsv hosp,1,2026-10-17,12,quantile,0.05,154.0
2026-10-10,wk inc rsv hosp,2,2026-10-24,12,quantile,0.05,157.0
2026-10-10,wk inc rsv hosp,3,2026-10-31,12,quantile,0.05,161.0
2026-10-10,wk inc rsv hosp,0,2026-10-10,12,quantile,0.1,157.0
2026-10-10,wk inc rsv hosp,1,2026-10-17,12,quantile,0.1,165.0
2026-10-10,wk inc rsv hosp,2,2026-10-24,12,quantile,0.1,174.0
2026-10-10,wk inc rsv hosp,3,2026-10-31,12,quantile,0.1,182.0
2026-10-10,wk inc rsv hosp,0,2026-10-10,12,quantile,0.15,162.0
2026-10-10,wk inc rsv hosp,1,2026-10-17,12,quantile,0.15,174.0
2026-10-10,wk inc rsv hosp,2,2026-10-24,12,quantile,0.15,186.0
2026-10-10,wk inc rsv hosp,3,2026-10-31,12,quantile,0.15,198.0
2026-10-10,wk inc rsv hosp,0,2026-10-10,12,quantile,0.2,167.0
2026-10-10,wk inc rsv hosp,1,2026-10-17,12,quantile,0.2,181.0
2026-10-10,wk inc rsv hosp,2,2026-10-24,12,quantile,0.2,196.0
2026-10-10,wk inc rsv hosp,3,2026-10-31,12,quantile,0.2,212.0
2026-10-10,wk inc rsv hosp,0,2026-10-10,12,quantile,0.25,171.0
2026-10-10,wk inc rsv hosp,1,2026-10-17,12,quantile,0.25,188.0
2026-10-10,wk inc rsv hosp,2,2026-10-24,12,quantile,0.25,206.0
2026-10-10,wk inc rsv hosp,3,2026-10-31,12,quantile,0.25,225.0
2026-10-10,wk inc rsv hosp,0,2026-10-10,12,quantile,0.3,175.0
2026-10-10,wk inc rsv hosp,1,2026-10-17,12,quantile,0.3,194.0
2026-10-10,wk inc rsv hosp,2,2026-10-24,12,quantile,0.3,214.0
2026-10-10,wk inc rsv hosp,3,2026-10-31,12,quantile,0.3,238.0
2026-10-10,wk inc rsv hosp,0,2026-10-10,12,quantile,0.35,178.0
2026-10-10,wk inc rsv hosp,1,2026-10-17,12,quantile,0.35,200.0
2026-10-10,wk inc rsv hosp,2,2026-10-24,12,quantile,0.35,223.0
2026-10-10,wk inc rsv hosp,3,2026-10-31,12,quantile,0.35,249.0
2026-10-10,wk inc rsv hosp,0,2026-10-10,12,quantile,0.4,182.0
2026-10-10,wk inc rsv hosp,1,2026-10-17,12,quantile,0.4,206.0
2026-10-10,wk inc rsv hosp,2,2026-10-24,12,quantile,0.4,232.0
2026-10-10,wk inc rsv hosp,3,2026-10-31,12,quantile,0.4,263.0
2026-10-10,wk inc rsv hosp,0,2026-10-10,12,quantile,0.45,185.0
2026-10-10,wk inc rsv hosp,1,2026-10-17,12,quantile,0.45,212.0
2026-10-10,wk inc rsv hosp,2,2026-10-24,12,quantile,0.45,241.0
2026-10-10,wk inc rsv hosp,3,2026-10-31,12,quantile,0.45,275.0
2026-10-10,wk inc rsv hosp,0,2026-10-10,12,quantile,0.5,189.0
2026-10-10,wk inc rsv hosp,1,2026-10-17,12,quantile,0.5,217.0
2026-10-10,wk inc rsv hosp,2,2026-10-24,12,quantile,0.5,250.0
2026-10-10,wk inc rsv hosp,3,2026-10-31,12,quantile,0.5,288.0
2026-10-10,wk inc rsv hosp,0,2026-10-10,12,quantile,0.55,192.0
2026-10-10,wk inc rsv hosp,1,2026-10-17,12,quantile,0.55,223.0
2026-10-10,wk inc rsv hosp,2,2026-10-24,12,quantile,0.55,260.0
2026-10-10,wk inc rsv hosp,3,2026-10-31,12,quantile,0.55,301.0
2026-10-10,wk inc rsv hosp,0,2026-10-10,12,quantile,0.6,195.0
2026-10-10,wk inc rsv hosp,1,2026-10-17,12,quantile,0.6,229.0
2026-10-10,wk inc rsv hosp,2,2026-10-24,12,quantile,0.6,269.0
2026-10-10,wk inc rsv hosp,3,2026-10-31,12,quantile,0.6,316.0
2026-10-10,wk inc rsv hosp,0,2026-10-10,12,quantile,0.65,199.0
2026-10-10,wk inc rsv hosp,1,2026-10-17,12,quantile,0.65,236.0
2026-10-10,wk inc rsv hosp,2,2026-10-24,12,quantile,0.65,279.0
2026-10-10,wk inc rsv hosp,3,2026-10-31,12,quantile,0.65,331.0
2026-10-10,wk inc rsv hosp,0,2026-10-10,12,quantile,0.7,203.0
2026-10-10,wk inc rsv hosp,1,2026-10-17,12,quantile,0.7,243.0
2026-10-10,wk inc rsv hosp,2,2026-10-24,12,quantile,0.7,290.0
2026-10-10,wk inc rsv hosp,3,2026-10-31,12,quantile,0.7,347.0
2026-10-10,wk inc rsv hosp,0,2026-10-10,12,quantile,0.75,208.0
2026-10-10,wk inc rsv hosp,1,2026-10-17,12,quantile,0.75,250.0
2026-10-10,wk inc rsv hosp,2,2026-10-24,12,quantile,0.75,304.0
2026-10-10,wk inc rsv hosp,3,2026-10-31,12,quantile,0.75,368.0
2026-10-10,wk inc rsv hosp,0,2026-10-10,12,quantile,0.8,213.0
2026-10-10,wk inc rsv hosp,1,2026-10-17,12,quantile,0.8,259.0
2026-10-10,wk inc rsv hosp,2,2026-10-24,12,quantile,0.8,319.0
2026-10-10,wk inc rsv hosp,3,2026-10-31,12,quantile,0.8,390.0
2026-10-10,wk inc rsv hosp,0,2026-10-10,12,quantile,0.85,218.0
2026-10-10,wk inc rsv hosp,1,2026-10-17,12,quantile,0.85,270.0
2026-10-10,wk inc rsv hosp,2,2026-10-24,12,quantile,0.85,335.0
2026-10-10,wk inc rsv hosp,3,2026-10-31,12,quantile,0.85,418.0
2026-10-10,wk inc rsv hosp,0,2026-10-10,12,quantile,0.9,225.0
2026-10-10,wk inc rsv hosp,1,2026-10-17,12,quantile,0.9,283.0
2026-10-10,wk inc rsv hosp,2,2026-10-24,12,quantile,0.9,358.0
2026-10-10,wk inc rsv hosp,3,2026-10-31,12,quantile,0.9,455.0
2026-10-10,wk inc rsv hosp,0,2026-10-10,12,quantile,0.95,236.0
2026-10-10,wk inc rsv hosp,1,2026-10-17,12,quantile,0.95,303.0
2026-10-10,wk inc rsv hosp,2,2026-10-24,12,quantile,0.95,395.0
2026-10-10,wk inc rsv hosp,3,2026-10-31,12,quantile,0.95,512.0
2026-10-10,wk inc rsv hosp,0,2026-10-10,12,quantile,0.975,244.0
2026-10-10,wk inc rsv hosp,1,2026-10-17,12,quantile,0.975,321.0
2026-10-10,wk inc rsv hosp,2,2026-10-24,12,quantile,0.975,424.0
2026-10-10,wk inc rsv hosp,3,2026-10-31,12,quantile,0.975,559.0
2026-10-10,wk inc rsv hosp,0,2026-10-10,12,quantile,0.99,254.0
2026-10-10,wk inc rsv hosp,1,2026-10-17,12,quantile,0.99,339.0
2026-10-10,wk inc rsv hosp,2,2026-10-24,12,quantile,0.99,457.0
2026-10-10,wk inc rsv hosp,3,2026-10-31,12,quantile,0.99,615.0
2026-10-10,wk inc rsv hosp,0,2026-10-10,13,quantile,0.01,3.0
2026-10-10,wk inc rsv hosp,1,2026-10-17,13,quantile,0.01,3.0
2026-10-10,wk inc rsv hosp,2,2026-10-24,13,quantile,0.01,0.0
2026-10-10,wk inc rsv hosp,3,2026-10-31,13,quantile,0.01,0.0
2026-10-10,wk inc rsv hosp,0,2026-10-10,13,quantile,0.025,3.0
2026-10-10,wk inc rsv hosp,1,2026-10-17,13,quantile,0.025,3.0
2026-10-10,wk inc rsv hosp,2,2026-10-24,13,quantile,0.025,1.0
2026-10-10,wk inc rsv hosp,3,2026-10-31,13,quantile,0.025,0.0
2026-10-10,wk inc rsv hosp,0,2026-10-10,13,quantile,0.05,5.0
2026-10-10,wk inc rsv hosp,1,2026-10-17,13,quantile,0.05,5.0
2026-10-10,wk inc rsv hosp,2,2026-10-24,13,quantile,0.05,3.0
2026-10-10,wk inc rsv hosp,3,2026-10-31,13,quantile,0.05,3.0
2026-10-10,wk inc rsv hosp,0,2026-10-10,13,quantile,0.1,8.0
2026-10-10,wk inc rsv hosp,1,2026-10-17,13,quantile,0.1,5.0
2026-10-10,wk inc rsv hosp,2,2026-10-24,13,quantile,0.1,5.0
2026-10-10,wk inc rsv hosp,3,2026-10-31,13,quantile,0.1,3.0
2026-10-10,wk inc rsv hosp,0,2026-10-10,13,quantile,0.15,10.0
2026-10-10,wk inc rsv hosp,1,2026-10-17,13,quantile,0.15,8.0
2026-10-10,wk inc rsv hosp,2,2026-10-24,13,quantile,0.15,5.0
2026-10-10,wk inc rsv hosp,3,2026-10-31,13,quantile,0.15,5.0
2026-10-10,wk inc rsv hosp,0,2026-10-10,13,quantile,0.2,10.0
2026-10-10,wk inc rsv hosp,1,2026-10-17,13,quantile,0.2,10.0
2026-10-10,wk inc rsv hosp,2,2026-10-24,13,quantile,0.2,8.0
2026-10-10,wk inc rsv hosp,3,2026-10-31,13,quantile,0.2,8.0
2026-10-10,wk inc rsv hosp,0,2026-10-10,13,quantile,0.25,10.0
2026-10-10,wk inc rsv hosp,1,2026-10-17,13,quantile,0.25,10.0
2026-10-10,wk inc rsv hosp,2,2026-10-24,13,quantile,0.25,10.0
2026-10-10,wk inc rsv hosp,3,2026-10-31,13,quantile,0.25,8.0
2026-10-10,wk inc rsv hosp,0,2026-10-10,13,quantile,0.3,13.0
2026-10-10,wk inc rsv hosp,1,2026-10-17,13,quantile,0.3,13.0
2026-10-10,wk inc rsv hosp,2,2026-10-24,13,quantile,0.3,10.0
2026-10-10,wk inc rsv hosp,3,2026-10-31,13,quantile,0.3,10.0
2026-10-10,wk inc rsv hosp,0,2026-10-10,13,quantile,0.35,13.0
2026-10-10,wk inc rsv hosp,1,2026-10-17,13,quantile,0.35,13.0
2026-10-10,wk inc rsv hosp,2,2026-10-24,13,quantile,0.35,13.0
2026-10-10,wk inc rsv hosp,3,2026-10-31,13,quantile,0.35,13.0
2026-10-10,wk inc rsv hosp,0,2026-10-10,13,quantile,0.4,16.0
2026-10-10,wk inc rsv hosp,1,2026-10-17,13,quantile,0.4,16.0
2026-10-10,wk inc rsv hosp,2,2026-10-24,13,quantile,0.4,13.0
2026-10-10,wk inc rsv hosp,3,2026-10-31,13,quantile,0.4,13.0
2026-10-10,wk inc rsv hosp,0,2026-10-10,13,quantile,0.45,16.0
2026-10-10,wk inc rsv hosp,1,2026-10-17,13,quantile,0.45,16.0
2026-10-10,wk inc rsv hosp,2,2026-10-24,13,quantile,0.45,16.0
2026-10-10,wk inc rsv hosp,3,2026-10-31,13,quantile,0.45,16.0
2026-10-10,wk inc rsv hosp,0,2026-10-10,13,quantile,0.5,16.0
2026-10-10,wk inc rsv hosp,1,2026-10-17,13,quantile,0.5,18.0
2026-10-10,wk inc rsv hosp,2,2026-10-24,13,quantile,0.5,18.0
2026-10-10,wk inc rsv hosp,3,2026-10-31,13,quantile,0.5,18.0
2026-10-10,wk inc rsv hosp,0,2026-10-10,13,quantile,0.55,18.0
2026-10-10,wk inc rsv hosp,1,2026-10-17,13,quantile,0.55,18.0
2026-10-10,wk inc rsv hosp,2,2026-10-24,13,quantile,0.55,21.0
2026-10-10,wk inc rsv hosp,3,2026-10-31,13,quantile,0.55,21.0
2026-10-10,wk inc rsv hosp,0,2026-10-10,13,quantile,0.6,18.0
2026-10-10,wk inc rsv hosp,1,2026-10-17,13,quantile,0.6,21.0
2026-10-10,wk inc rsv hosp,2,2026-10-24,13,quantile,0.6,23.0
2026-10-10,wk inc rsv hosp,3,2026-10-31,13,quantile,0.6,21.0
2026-10-10,wk inc rsv hosp,0,2026-10-10,13,quantile,0.65,21.0
2026-10-10,wk inc rsv hosp,1,2026-10-17,13,quantile,0.65,21.0
2026-10-10,wk inc rsv hosp,2,2026-10-24,13,quantile,0.65,23.0
2026-10-10,wk inc rsv hosp,3,2026-10-31,13,quantile,0.65,23.0
2026-10-10,wk inc rsv hosp,0,2026-10-10,13,quantile,0.7,23.0
2026-10-10,wk inc rsv hosp,1,2026-10-17,13,quantile,0.7,23.0
2026-10-10,wk inc rsv hosp,2,2026-10-24,13,quantile,0.7,26.0
2026-10-10,wk inc rsv hosp,3,2026-10-31,13,quantile,0.7,26.0
2026-10-10,wk inc rsv hosp,0,2026-10-10,13,quantile,0.75,23.0
2026-10-10,wk inc rsv hosp,1,2026-10-17,13,quantile,0.75,26.0
2026-10-10,wk inc rsv hosp,2,2026-10-24,13,quantile,0.75,29.0
2026-10-10,wk inc rsv hosp,3,2026-10-31,13,quantile,0.75,29.0
2026-10-10,wk inc rsv hosp,0,2026-10-10,13,quantile,0.8,26.0
2026-10-10,wk inc rsv hosp,1,2026-10-17,13,quantile,0.8,29.0
2026-10-10,wk inc rsv hosp,2,2026-10-24,13,quantile,0.8,31.0
2026-10-10,wk inc rsv hosp,3,2026-10-31,13,quantile,0.8,34.0
2026-10-10,wk inc rsv hosp,0,2026-10-10,13,quantile,0.85,29.0
2026-10-10,wk inc rsv hosp,1,2026-10-17,13,quantile,0.85,31.0
2026-10-10,wk inc rsv hosp,2,2026-10-24,13,quantile,0.85,36.0
2026-10-10,wk inc rsv hosp,3,2026-10-31,13,quantile,0.85,39.0
2026-10-10,wk inc rsv hosp,0,2026-10-10,13,quantile,0.9,31.0
2026-10-10,wk inc rsv hosp,1,2026-10-17,13,quantile,0.9,36.0
2026-10-10,wk inc rsv hosp,2,2026-10-24,13,quantile,0.9,42.0
2026-10-10,wk inc rsv hosp,3,2026-10-31,13,quantile,0.9,44.0
2026-10-10,wk inc rsv hosp,0,2026-10-10,13,quantile,0.95,36.0
2026-10-10,wk inc rsv hosp,1,2026-10-17,13,quantile,0.95,42.0
2026-10-10,wk inc rsv hosp,2,2026-10-24,13,quantile,0.95,49.0
2026-10-10,wk inc rsv hosp,3,2026-10-31,13,quantile,0.95,60.0
2026-10-10,wk inc rsv hosp,0,2026-10-10,13,quantile,0.975,39.0
2026-10-10,wk inc rsv hosp,1,2026-10-17,13,quantile,0.975,49.0
2026-10-10,wk inc rsv hosp,2,2026-10-24,13,quantile,0.975,57.0
2026-10-10,wk inc rsv hosp,3,2026-10-31,13,quantile,0.975,72.0
2026-10-10,wk inc rsv hosp,0,2026-10-10,13,quantile,0.99,47.0
2026-10-10,wk inc rsv hosp,1,2026-10-17,13,quantile,0.99,52.0
2026-10-10,wk inc rsv hosp,2,2026-10-24,13,quantile,0.99,73.0
2026-10-10,wk inc rsv hosp,3,2026-10-31,13,quantile,0.99,94.0
2026-10-10,wk inc rsv hosp,0,2026-10-10,15,quantile,0.01,4.0
2026-10-10,wk inc rsv hosp,1,2026-10-17,15,quantile,0.01,3.0
2026-10-10,wk inc rsv hosp,2,2026-10-24,15,quantile,0.01,2.0
2026-10-10,wk inc rsv hosp,3,2026-10-31,15,quantile,0.01,2.0
2026-10-10,wk inc rsv hosp,0,2026-10-10,15,quantile,0.025,4.0
2026-10-10,wk inc rsv hosp,1,2026-10-17,15,quantile,0.025,3.0
2026-10-10,wk inc rsv hosp,2,2026-10-24,15,quantile,0.025,3.0
2026-10-10,wk inc rsv hosp,3,2026-10-31,15,quantile,0.025,2.0
2026-10-10,wk inc rsv hosp,0,2026-10-10,15,quantile,0.05,4.0
2026-10-10,wk inc rsv hosp,1,2026-10-17,15,quantile,0.05,4.0
2026-10-10,wk inc rsv hosp,2,2026-10-24,15,quantile,0.05,3.0
2026-10-10,wk inc rsv hosp,3,2026-10-31,15,quantile,0.05,3.0
2026-10-10,wk inc rsv hosp,0,2026-10-10,15,quantile,0.1,5.0
2026-10-10,wk inc rsv hosp,1,2026-10-17,15,quantile,0.1,4.0
2026-10-10,wk inc rsv hosp,2,2026-10-24,15,quantile,0.1,4.0
2026-10-10,wk inc rsv hosp,3,2026-10-31,15,quantile,0.1,3.0
2026-10-10,wk inc rsv hosp,0,2026-10-10,15,quantile,0.15,5.0
2026-10-10,wk inc rsv hosp,1,2026-10-17,15,quantile,0.15,5.0
2026-10-10,wk inc rsv hosp,2,2026-10-24,15,quantile,0.15,4.0
2026-10-10,wk inc rsv hosp,3,2026-10-31,15,quantile,0.15,4.0
2026-10-10,wk inc rsv hosp,0,2026-10-10,15,quantile,0.2,5.0
2026-10-10,wk inc rsv hosp,1,2026-10-17,15,quantile,0.2,5.0
2026-10-10,wk inc rsv hosp,2,2026-10-24,15,quantile,0.2,5.0
2026-10-10,wk inc rsv hosp,3,2026-10-31,15,quantile,0.2,4.0
2026-10-10,wk inc rsv hosp,0,2026-10-10,15,quantile,0.25,6.0
2026-10-10,wk inc rsv hosp,1,2026-10-17,15,quantile,0.25,5.0
2026-10-10,wk inc rsv hosp,2,2026-10-24,15,quantile,0.25,5.0
2026-10-10,wk inc rsv hosp,3,2026-10-31,15,quantile,0.25,5.0
2026-10-10,wk inc rsv hosp,0,2026-10-10,15,quantile,0.3,6.0
2026-10-10,wk inc rsv hosp,1,2026-10-17,15,quantile,0.3,6.0
2026-10-10,wk inc rsv hosp,2,2026-10-24,15,quantile,0.3,5.0
2026-10-10,wk inc rsv hosp,3,2026-10-31,15,quantile,0.3,5.0
2026-10-10,wk inc rsv hosp,0,2026-10-10,15,quantile,0.35,6.0
2026-10-10,wk inc rsv hosp,1,2026-10-17,15,quantile,0.35,6.0
2026-10-10,wk inc rsv hosp,2,2026-10-24,15,quantile,0.35,6.0
2026-10-10,wk inc rsv hosp,3,2026-10-31,15,quantile,0.35,6.0
2026-10-10,wk inc rsv hosp,0,2026-10-10,15,quantile,0.4,6.0
2026-10-10,wk inc rsv hosp,1,2026-10-17,15,quantile,0.4,6.0
2026-10-10,wk inc rsv hosp,2,2026-10-24,15,quantile,0.4,6.0
2026-10-10,wk inc rsv hosp,3,2026-10-31,15,quantile,0.4,6.0
2026-10-10,wk inc rsv hosp,0,2026-10-10,15,quantile,0.45,6.0
2026-10-10,wk inc rsv hosp,1,2026-10-17,15,quantile,0.45,7.0
2026-10-10,wk inc rsv hosp,2,2026-10-24,15,quantile,0.45,7.0
2026-10-10,wk inc rsv hosp,3,2026-10-31,15,quantile,0.45,7.0
2026-10-10,wk inc rsv hosp,0,2026-10-10,15,quantile,0.5,7.0
2026-10-10,wk inc rsv hosp,1,2026-10-17,15,quantile,0.5,7.0
2026-10-10,wk inc rsv hosp,2,2026-10-24,15,quantile,0.5,7.0
2026-10-10,wk inc rsv hosp,3,2026-10-31,15,quantile,0.5,7.0
2026-10-10,wk inc rsv hosp,0,2026-10-10,15,quantile,0.55,7.0
2026-10-10,wk inc rsv hosp,1,2026-10-17,15,quantile,0.55,7.0
2026-10-10,wk inc rsv hosp,2,2026-10-24,15,quantile,0.55,8.0
2026-10-10,wk inc rsv hosp,3,2026-10-31,15,quantile,0.55,8.0
2026-10-10,wk inc rsv hosp,0,2026-10-10,15,quantile,0.6,7.0
2026-10-10,wk inc rsv hosp,1,2026-10-17,15,quantile,0.6,8.0
2026-10-10,wk inc rsv hosp,2,2026-10-24,15,quantile,0.6,8.0
2026-10-10,wk inc rsv hosp,3,2026-10-31,15,quantile,0.6,9.0
2026-10-10,wk inc rsv hosp,0,2026-10-10,15,quantile,0.65,7.0
2026-10-10,wk inc rsv hosp,1,2026-10-17,15,quantile,0.65,8.0
2026-10-10,wk inc rsv hosp,2,2026-10-24,15,quantile,0.65,9.0
2026-10-10,wk inc rsv hosp,3,2026-10-31,15,quantile,0.65,9.0
2026-10-10,wk inc rsv hosp,0,2026-10-10,15,quantile,0.7,8.0
2026-10-10,wk inc rsv hosp,1,2026-10-17,15,quantile,0.7,8.0
2026-10-10,wk inc rsv hosp,2,2026-10-24,15,quantile,0.7,9.0
2026-10-10,wk inc rsv hosp,3,2026-10-31,15,quantile,0.7,10.0
2026-10-10,wk inc rsv hosp,0,2026-10-10,15,quantile,0.75,8.0
2026-10-10,wk inc rsv hosp,1,2026-10-17,15,quantile,0.75,9.0
2026-10-10,wk inc rsv hosp,2,2026-10-24,15,quantile,0.75,10.0
2026-10-10,wk inc rsv hosp,3,2026-10-31,15,quantile,0.75,11.0
2026-10-10,wk inc rsv hosp,0,2026-10-10,15,quantile,0.8,8.0
2026-10-10,wk inc rsv hosp,1,2026-10-17,15,quantile,0.8,10.0
2026-10-10,wk inc rsv hosp,2,2026-10-24,15,quantile,0.8,11.0
2026-10-10,wk inc rsv hosp,3,2026-10-31,15,quantile,0.8,13.0
2026-10-10,wk inc rsv hosp,0,2026-10-10,15,quantile,0.85,9.0
2026-10-10,wk inc rsv hosp,1,2026-10-17,15,quantile,0.85,10.0
2026-10-10,wk inc rsv hosp,2,2026-10-24,15,quantile,0.85,12.0
2026-10-10,wk inc rsv hosp,3,2026-10-31,15,quantile,0.85,14.0
2026-10-10,wk inc rsv hosp,0,2026-10-10,15,quantile,0.9,9.0
2026-10-10,wk inc rsv hosp,1,2026-10-17,15,quantile,0.9,11.0
2026-10-10,wk inc rsv hosp,2,2026-10-24,15,quantile,0.9,14.0
2026-10-10,wk inc rsv hosp,3,2026-10-31,15,quantile,0.9,17.0
2026-10-10,wk inc rsv hosp,0,2026-10-10,15,quantile,0.95,10.0
2026-10-10,wk inc rsv hosp,1,2026-10-17,15,quantile,0.95,13.0
2026-10-10,wk inc rsv hosp,2,2026-10-24,15,quantile,0.95,16.0
2026-10-10,wk inc rsv hosp,3,2026-10-31,15,quantile,0.95,21.0
2026-10-10,wk inc rsv hosp,0,2026-10-10,15,quantile,0.975,11.0
2026-10-10,wk inc rsv hosp,1,2026-10-17,15,quantile,0.975,14.0
2026-10-10,wk inc rsv hosp,2,2026-10-24,15,quantile,0.975,19.0
2026-10-10,wk inc rsv hosp,3,2026-10-31,15,quantile,0.975,24.0
2026-10-10,wk inc rsv hosp,0,2026-10-10,15,quantile,0.99,12.0
2026-10-10,wk inc rsv hosp,1,2026-10-17,15,quantile,0.99,15.0
2026-10-10,wk inc rsv hosp,2,2026-10-24,15,quantile,0.99,21.0
2026-10-10,wk inc rsv hosp,3,2026-10-31,15,quantile,0.99,28.0
2026-10-10,wk inc rsv hosp,0,2026-10-10,16,quantile,0.01,1.0
2026-10-10,wk inc rsv hosp,1,2026-10-17,16,quantile,0.01,1.0
2026-10-10,wk inc rsv hosp,2,2026-10-24,16,quantile,0.01,1.0
2026-10-10,wk inc rsv hosp,3,2026-10-31,16,quantile,0.01,0.0
2026-10-10,wk inc rsv hosp,0,2026-10-10,16,quantile,0.025,1.0
2026-10-10,wk inc rsv hosp,1,2026-10-17,16,quantile,0.025,1.0
2026-10-10,wk inc rsv hosp,2,2026-10-24,16,quantile,0.025,1.0
2026-10-10,wk inc rsv hosp,3,2026-10-31,16,quantile,0.025,1.0
2026-10-10,wk inc rsv hosp,0,2026-10-10,16,quantile,0.05,2.0
2026-10-10,wk inc rsv hosp,1,2026-10-17,16,quantile,0.05,1.0
2026-10-10,wk inc rsv hosp,2,2026-10-24,16,quantile,0.05,1.0
2026-10-10,wk inc rsv hosp,3,2026-10-31,16,quantile,0.05,1.0
2026-10-10,wk inc rsv hosp,0,2026-10-10,16,quantile,0.1,2.0
2026-10-10,wk inc rsv hosp,1,2026-10-17,16,quantile,0.1,2.0
2026-10-10,wk inc rsv hosp,2,2026-10-24,16,quantile,0.1,1.0
2026-10-10,wk inc rsv hosp,3,2026-10-31,16,quantile,0.1,1.0
2026-10-10,wk inc rsv hosp,0,2026-10-10,16,quantile,0.15,2.0
2026-10-10,wk inc rsv hosp,1,2026-10-17,16,quantile,0.15,2.0
2026-10-10,wk inc rsv hosp,2,2026-10-24,16,quantile,0.15,2.0
2026-10-10,wk inc rsv hosp,3,2026-10-31,16,quantile,0.15,1.0
2026-10-10,wk inc rsv hosp,0,2026-10-10,16,quantile,0.2,2.0
2026-10-10,wk inc rsv hosp,1,2026-10-17,16,quantile,0.2,2.0
2026-10-10,wk inc rsv hosp,2,2026-10-24,16,quantile,0.2,2.0
2026-10-10,wk inc rsv hosp,3,2026-10-31,16,quantile,0.2,2.0
2026-10-10,wk inc rsv hosp,0,2026-10-10,16,quantile,0.25,2.0
2026-10-10,wk inc rsv hosp,1,2026-10-17,16,quantile,0.25,2.0
2026-10-10,wk inc rsv hosp,2,2026-10-24,16,quantile,0.25,2.0
2026-10-10,wk inc rsv hosp,3,2026-10-31,16,quantile,0.25,2.0
2026-10-10,wk inc rsv hosp,0,2026-10-10,16,quantile,0.3,3.0
2026-10-10,wk inc rsv hosp,1,2026-10-17,16,quantile,0.3,2.0
2026-10-10,wk inc rsv hosp,2,2026-10-24,16,quantile,0.3,2.0
2026-10-10,wk inc rsv hosp,3,2026-10-31,16,quantile,0.3,2.0
2026-10-10,wk inc rsv hosp,0,2026-10-10,16,quantile,0.35,3.0
2026-10-10,wk inc rsv hosp,1,2026-10-17,16,quantile,0.35,3.0
2026-10-10,wk inc rsv hosp,2,2026-10-24,16,quantile,0.35,3.0
2026-10-10,wk inc rsv hosp,3,2026-10-31,16,quantile,0.35,2.0
2026-10-10,wk inc rsv hosp,0,2026-10-10,16,quantile,0.4,3.0
2026-10-10,wk inc rsv hosp,1,2026-10-17,16,quantile,0.4,3.0
2026-10-10,wk inc rsv hosp,2,2026-10-24,16,quantile,0.4,3.0
2026-10-10,wk inc rsv hosp,3,2026-10-31,16,quantile,0.4,3.0
2026-10-10,wk inc rsv hosp,0,2026-10-10,16,quantile,0.45,3.0
2026-10-10,wk inc rsv hosp,1,2026-10-17,16,quantile,0.45,3.0
2026-10-10,wk inc rsv hosp,2,2026-10-24,16,quantile,0.45,3.0
2026-10-10,wk inc rsv hosp,3,2026-10-31,16,quantile,0.45,3.0
2026-10-10,wk inc rsv hosp,0,2026-10-10,16,quantile,0.5,3.0
2026-10-10,wk inc rsv hosp,1,2026-10-17,16,quantile,0.5,3.0
2026-10-10,wk inc rsv hosp,2,2026-10-24,16,quantile,0.5,3.0
2026-10-10,wk inc rsv hosp,3,2026-10-31,16,quantile,0.5,3.0
2026-10-10,wk inc rsv hosp,0,2026-10-10,16,quantile,0.55,3.0
2026-10-10,wk inc rsv hosp,1,2026-10-17,16,quantile,0.55,3.0
2026-10-10,wk inc rsv hosp,2,2026-10-24,16,quantile,0.55,3.0
2026-10-10,wk inc rsv hosp,3,2026-10-31,16,quantile,0.55,3.0
2026-10-10,wk inc rsv hosp,0,2026-10-10,16,quantile,0.6,3.0
2026-10-10,wk inc rsv hosp,1,2026-10-17,16,quantile,0.6,3.0
2026-10-10,wk inc rsv hosp,2,2026-10-24,16,quantile,0.6,3.0
2026-10-10,wk inc rsv hosp,3,2026-10-31,16,quantile,0.6,4.0
2026-10-10,wk inc rsv hosp,0,2026-10-10,16,quantile,0.65,3.0
2026-10-10,wk inc rsv hosp,1,2026-10-17,16,quantile,0.65,3.0
2026-10-10,wk inc rsv hosp,2,2026-10-24,16,quantile,0.65,4.0
2026-10-10,wk inc rsv hosp,3,2026-10-31,16,quantile,0.65,4.0
2026-10-10,wk inc rsv hosp,0,2026-10-10,16,quantile,0.7,4.0
2026-10-10,wk inc rsv hosp,1,2026-10-17,16,quantile,0.7,4.0
2026-10-10,wk inc rsv hosp,2,2026-10-24,16,quantile,0.7,4.0
2026-10-10,wk inc rsv hosp,3,2026-10-31,16,quantile,0.7,4.0
2026-10-10,wk inc rsv hosp,0,2026-10-10,16,quantile,0.75,4.0
2026-10-10,wk inc rsv hosp,1,2026-10-17,16,quantile,0.75,4.0
2026-10-10,wk inc rsv hosp,2,2026-10-24,16,quantile,0.75,4.0
2026-10-10,wk inc rsv hosp,3,2026-10-31,16,quantile,0.75,5.0
2026-10-10,wk inc rsv hosp,0,2026-10-10,16,quantile,0.8,4.0
2026-10-10,wk inc rsv hosp,1,2026-10-17,16,quantile,0.8,4.0
2026-10-10,wk inc rsv hosp,2,2026-10-24,16,quantile,0.8,5.0
2026-10-10,wk inc rsv hosp,3,2026-10-31,16,quantile,0.8,5.0
2026-10-10,wk inc rsv hosp,0,2026-10-10,16,quantile,0.85,4.0
2026-10-10,wk inc rsv hosp,1,2026-10-17,16,quantile,0.85,4.0
2026-10-10,wk inc rsv hosp,2,2026-10-24,16,quantile,0.85,5.0
2026-10-10,wk inc rsv hosp,3,2026-10-31,16,quantile,0.85,6.0
2026-10-10,wk inc rsv hosp,0,2026-10-10,16,quantile,0.9,4.0
2026-10-10,wk inc rsv hosp,1,2026-10-17,16,quantile,0.9,5.0
2026-10-10,wk inc rsv hosp,2,2026-10-24,16,quantile,0.9,6.0
2026-10-10,wk inc rsv hosp,3,2026-10-31,16,quantile,0.9,7.0
2026-10-10,wk inc rsv hosp,0,2026-10-10,16,quantile,0.95,5.0
2026-10-10,wk inc rsv hosp,1,2026-10-17,16,quantile,0.95,6.0
2026-10-10,wk inc rsv hosp,2,2026-10-24,16,quantile,0.95,7.0
2026-10-10,wk inc rsv hosp,3,2026-10-31,16,quantile,0.95,8.0
2026-10-10,wk inc rsv hosp,0,2026-10-10,16,quantile,0.975,5.0
2026-10-10,wk inc rsv hosp,1,2026-10-17,16,quantile,0.975,6.0
2026-10-10,wk inc rsv hosp,2,2026-10-24,16,quantile,0.975,8.0
2026-10-10,wk inc rsv hosp,3,2026-10-31,16,quantile,0.975,10.0
2026-10-10,wk inc rsv hosp,0,2026-10-10,16,quantile,0.99,5.0
2026-10-10,wk inc rsv hosp,1,2026-10-17,16,quantile,0.99,7.0
2026-10-10,wk inc rsv hosp,2,2026-10-24,16,quantile,0.99,10.0
2026-10-10,wk inc rsv hosp,3,2026-10-31,16,quantile,0.99,12.0
2026-10-10,wk inc rsv hosp,0,2026-10-10,17,quantile,0.01,2.0
2026-10-10,wk inc rsv hosp,1,2026-10-17,17,quantile,0.01,0.0
2026-10-10,wk inc rsv hosp,2,2026-10-24,17,quantile,0.01,0.0
2026-10-10,wk inc rsv hosp,3,2026-10-31,17,quantile,0.01,0.0
2026-10-10,wk inc rsv hosp,0,2026-10-10,17,quantile,0.025,2.0
2026-10-10,wk inc rsv hosp,1,2026-10-17,17,quantile,0.025,2.0
2026-10-10,wk inc rsv hosp,2,2026-10-24,17,quantile,0.025,0.0
2026-10-10,wk inc rsv hosp,3,2026-10-31,17,quantile,0.025,0.0
2026-10-10,wk inc rsv hosp,0,2026-10-10,17,quantile,0.05,5.0
2026-10-10,wk inc rsv hosp,1,2026-10-17,17,quantile,0.05,2.0
2026-10-10,wk inc rsv hosp,2,2026-10-24,17,quantile,0.05,2.0
2026-10-10,wk inc rsv hosp,3,2026-10-31,17,quantile,0.05,0.0
2026-10-10,wk inc rsv hosp,0,2026-10-10,17,quantile,0.1,5.0
2026-10-10,wk inc rsv hosp,1,2026-10-17,17,quantile,0.1,5.0
2026-10-10,wk inc rsv hosp,2,2026-10-24,17,quantile,0.1,5.0
2026-10-10,wk inc rsv hosp,3,2026-10-31,17,quantile,0.1,2.0
2026-10-10,wk inc rsv hosp,0,2026-10-10,17,quantile,0.15,7.0
2026-10-10,wk inc rsv hosp,1,2026-10-17,17,quantile,0.15,6.0
2026-10-10,wk inc rsv hosp,2,2026-10-24,17,quantile,0.15,5.0
2026-10-10,wk inc rsv hosp,3,2026-10-31,17,quantile,0.15,5.0
2026-10-10,wk inc rsv hosp,0,2026-10-10,17,quantile,0.2,7.0
2026-10-10,wk inc rsv hosp,1,2026-10-17,17,quantile,0.2,7.0
2026-10-10,wk inc rsv hosp,2,2026-10-24,17,quantile,0.2,7.0
2026-10-10,wk inc rsv hosp,3,2026-10-31,17,quantile,0.2,5.0
2026-10-10,wk inc rsv hosp,0,2026-10-10,17,quantile,0.25,9.0
2026-10-10,wk inc rsv hosp,1,2026-10-17,17,quantile,0.25,9.0
2026-10-10,wk inc rsv hosp,2,2026-10-24,17,quantile,0.25,7.0
2026-10-10,wk inc rsv hosp,3,2026-10-31,17,quantile,0.25,7.0
2026-10-10,wk inc rsv hosp,0,2026-10-10,17,quantile,0.3,9.0
2026-10-10,wk inc rsv hosp,1,2026-10-17,17,quantile,0.3,9.0
2026-10-10,wk inc rsv hosp,2,2026-10-24,17,quantile,0.3,9.0
2026-10-10,wk inc rsv hosp,3,2026-10-31,17,quantile,0.3,9.0
2026-10-10,wk inc rsv hosp,0,2026-10-10,17,quantile,0.35,11.0
2026-10-10,wk inc rsv hosp,1,2026-10-17,17,quantile,0.35,11.0
2026-10-10,wk inc rsv hosp,2,2026-10-24,17,quantile,0.35,9.0
2026-10-10,wk inc rsv hosp,3,2026-10-31,17,quantile,0.35,9.0
2026-10-10,wk inc rsv hosp,0,2026-10-10,17,quantile,0.4,11.0
2026-10-10,wk inc rsv hosp,1,2026-10-17,17,quantile,0.4,11.0
2026-10-10,wk inc rsv hosp,2,2026-10-24,17,quantile,0.4,11.0
2026-10-10,wk inc rsv hosp,3,2026-10-31,17,quantile,0.4,11.0
2026-10-10,wk inc rsv hosp,0,2026-10-10,17,quantile,0.45,14.0
2026-10-10,wk inc rsv hosp,1,2026-10-17,17,quantile,0.45,11.0
2026-10-10,wk inc rsv hosp,2,2026-10-24,17,quantile,0.45,11.0
2026-10-10,wk inc rsv hosp,3,2026-10-31,17,quantile,0.45,14.0
2026-10-10,wk inc rsv hosp,0,2026-10-10,17,quantile,0.5,14.0
2026-10-10,wk inc rsv hosp,1,2026-10-17,17,quantile,0.5,14.0
2026-10-10,wk inc rsv hosp,2,2026-10-24,17,quantile,0.5,14.0
2026-10-10,wk inc rsv hosp,3,2026-10-31,17,quantile,0.5,14.0
2026-10-10,wk inc rsv hosp,0,2026-10-10,17,quantile,0.55,16.0
2026-10-10,wk inc rsv hosp,1,2026-10-17,17,quantile,0.55,16.0
2026-10-10,wk inc rsv hosp,2,2026-10-24,17,quantile,0.55,14.0
2026-10-10,wk inc rsv hosp,3,2026-10-31,17,quantile,0.55,16.0
2026-10-10,wk inc rsv hosp,0,2026-10-10,17,quantile,0.6,16.0
2026-10-10,wk inc rsv hosp,1,2026-10-17,17,quantile,0.6,16.0
2026-10-10,wk inc rsv hosp,2,2026-10-24,17,quantile,0.6,16.0
2026-10-10,wk inc rsv hosp,3,2026-10-31,17,quantile,0.6,16.0
2026-10-10,wk inc rsv hosp,0,2026-10-10,17,quantile,0.65,18.0
2026-10-10,wk inc rsv hosp,1,2026-10-17,17,quantile,0.65,18.0
2026-10-10,wk inc rsv hosp,2,2026-10-24,17,quantile,0.65,18.0
2026-10-10,wk inc rsv hosp,3,2026-10-31,17,quantile,0.65,18.0
2026-10-10,wk inc rsv hosp,0,2026-10-10,17,quantile,0.7,18.0
2026-10-10,wk inc rsv hosp,1,2026-10-17,17,quantile,0.7,20.0
2026-10-10,wk inc rsv hosp,2,2026-10-24,17,quantile,0.7,18.0
2026-10-10,wk inc rsv hosp,3,2026-10-31,17,quantile,0.7,20.0
2026-10-10,wk inc rsv hosp,0,2026-10-10,17,quantile,0.75,20.0
2026-10-10,wk inc rsv hosp,1,2026-10-17,17,quantile,0.75,20.0
2026-10-10,wk inc rsv hosp,2,2026-10-24,17,quantile,0.75,20.0
2026-10-10,wk inc rsv hosp,3,2026-10-31,17,quantile,0.75,23.0
2026-10-10,wk inc rsv hosp,0,2026-10-10,17,quantile,0.8,20.0
2026-10-10,wk inc rsv hosp,1,2026-10-17,17,quantile,0.8,23.0
2026-10-10,wk inc rsv hosp,2,2026-10-24,17,quantile,0.8,25.0
2026-10-10,wk inc rsv hosp,3,2026-10-31,17,quantile,0.8,27.0
2026-10-10,wk inc rsv hosp,0,2026-10-10,17,quantile,0.85,23.0
2026-10-10,wk inc rsv hosp,1,2026-10-17,17,quantile,0.85,25.0
2026-10-10,wk inc rsv hosp,2,2026-10-24,17,quantile,0.85,27.0
2026-10-10,wk inc rsv hosp,3,2026-10-31,17,quantile,0.85,32.0
2026-10-10,wk inc rsv hosp,0,2026-10-10,17,quantile,0.9,25.0
2026-10-10,wk inc rsv hosp,1,2026-10-17,17,quantile,0.9,29.0
2026-10-10,wk inc rsv hosp,2,2026-10-24,17,quantile,0.9,32.0
2026-10-10,wk inc rsv hosp,3,2026-10-31,17,quantile,0.9,38.0
2026-10-10,wk inc rsv hosp,0,2026-10-10,17,quantile,0.95,27.0
2026-10-10,wk inc rsv hosp,1,2026-10-17,17,quantile,0.95,34.0
2026-10-10,wk inc rsv hosp,2,2026-10-24,17,quantile,0.95,38.0
2026-10-10,wk inc rsv hosp,3,2026-10-31,17,quantile,0.95,47.0
2026-10-10,wk inc rsv hosp,0,2026-10-10,17,quantile,0.975,32.0
2026-10-10,wk inc rsv hosp,1,2026-10-17,17,quantile,0.975,38.0
2026-10-10,wk inc rsv hosp,2,2026-10-24,17,quantile,0.975,43.0
2026-10-10,wk inc rsv hosp,3,2026-10-31,17,quantile,0.975,55.0
2026-10-10,wk inc rsv hosp,0,2026-10-10,17,quantile,0.99,36.0
2026-10-10,wk inc rsv hosp,1,2026-10-17,17,quantile,0.99,43.0
2026-10-10,wk inc rsv hosp,2,2026-10-24,17,quantile,0.99,47.0
2026-10-10,wk inc rsv hosp,3,2026-10-31,17,quantile,0.99,68.0
2026-10-10,wk inc rsv hosp,0,2026-10-10,18,quantile,0.01,0.0
2026-10-10,wk inc rsv hosp,1,2026-10-17,18,quantile,0.01,0.0
2026-10-10,wk inc rsv hosp,2,2026-10-24,18,quantile,0.01,0.0
2026-10-10,wk inc rsv hosp,3,2026-10-31,18,quantile,0.01,0.0
2026-10-10,wk inc rsv hosp,0,2026-10-10,18,quantile,0.025,0.0
2026-10-10,wk inc rsv hosp,1,2026-10-17,18,quantile,0.025,0.0
2026-10-10,wk inc rsv hosp,2,2026-10-24,18,quantile,0.025,0.0
2026-10-10,wk inc rsv hosp,3,2026-10-31,18,quantile,0.025,0.0
2026-10-10,wk inc rsv hosp,0,2026-10-10,18,quantile,0.05,1.0
2026-10-10,wk inc rsv hosp,1,2026-10-17,18,quantile,0.05,0.0
2026-10-10,wk inc rsv hosp,2,2026-10-24,18,quantile,0.05,0.0
2026-10-10,wk inc rsv hosp,3,2026-10-31,18,quantile,0.05,0.0
2026-10-10,wk inc rsv hosp,0,2026-10-10,18,quantile,0.1,1.0
2026-10-10,wk inc rsv hosp,1,2026-10-17,18,quantile,0.1,1.0
2026-10-10,wk inc rsv hosp,2,2026-10-24,18,quantile,0.1,0.0
2026-10-10,wk inc rsv hosp,3,2026-10-31,18,quantile,0.1,0.0
2026-10-10,wk inc rsv hosp,0,2026-10-10,18,quantile,0.15,1.0
2026-10-10,wk inc rsv hosp,1,2026-10-17,18,quantile,0.15,1.0
2026-10-10,wk inc rsv hosp,2,2026-10-24,18,quantile,0.15,0.0
2026-10-10,wk inc rsv hosp,3,2026-10-31,18,quantile,0.15,0.0
2026-10-10,wk inc rsv hosp,0,2026-10-10,18,quantile,0.2,1.0
2026-10-10,wk inc rsv hosp,1,2026-10-17,18,quantile,0.2,1.0
2026-10-10,wk inc rsv hosp,2,2026-10-24,18,quantile,0.2,1.0
2026-10-10,wk inc rsv hosp,3,2026-10-31,18,quantile,0.2,0.0
2026-10-10,wk inc rsv hosp,0,2026-10-10,18,quantile,0.25,1.0
2026-10-10,wk inc rsv hosp,1,2026-10-17,18,quantile,0.25,1.0
2026-10-10,wk inc rsv hosp,2,2026-10-24,18,quantile,0.25,1.0
2026-10-10,wk inc rsv hosp,3,2026-10-31,18,quantile,0.25,0.0
2026-10-10,wk inc rsv hosp,0,2026-10-10,18,quantile,0.3,1.0
2026-10-10,wk inc rsv hosp,1,2026-10-17,18,quantile,0.3,1.0
2026-10-10,wk inc rsv hosp,2,2026-10-24,18,quantile,0.3,1.0
2026-10-10,wk inc rsv hosp,3,2026-10-31,18,quantile,0.3,1.0
2026-10-10,wk inc rsv hosp,0,2026-10-10,18,quantile,0.35,2.0
2026-10-10,wk inc rsv hosp,1,2026-10-17,18,quantile,0.35,1.0
2026-10-10,wk inc rsv hosp,2,2026-10-24,18,quantile,0.35,1.0
2026-10-10,wk inc rsv hosp,3,2026-10-31,18,quantile,0.35,1.0
2026-10-10,wk inc rsv hosp,0,2026-10-10,18,quantile,0.4,2.0
2026-10-10,wk inc rsv hosp,1,2026-10-17,18,quantile,0.4,1.0
2026-10-10,wk inc rsv hosp,2,2026-10-24,18,quantile,0.4,1.0
2026-10-10,wk inc rsv hosp,3,2026-10-31,18,quantile,0.4,1.0
2026-10-10,wk inc rsv hosp,0,2026-10-10,18,quantile,0.45,2.0
2026-10-10,wk inc rsv hosp,1,2026-10-17,18,quantile,0.45,2.0
2026-10-10,wk inc rsv hosp,2,2026-10-24,18,quantile,0.45,1.0
2026-10-10,wk inc rsv hosp,3,2026-10-31,18,quantile,0.45,1.0
2026-10-10,wk inc rsv hosp,0,2026-10-10,18,quantile,0.5,2.0
2026-10-10,wk inc rsv hosp,1,2026-10-17,18,quantile,0.5,2.0
2026-10-10,wk inc rsv hosp,2,2026-10-24,18,quantile,0.5,2.0
2026-10-10,wk inc rsv hosp,3,2026-10-31,18,quantile,0.5,1.0
2026-10-10,wk inc rsv hosp,0,2026-10-10,18,quantile,0.55,2.0
2026-10-10,wk inc rsv hosp,1,2026-10-17,18,quantile,0.55,2.0
2026-10-10,wk inc rsv hosp,2,2026-10-24,18,quantile,0.55,2.0
2026-10-10,wk inc rsv hosp,3,2026-10-31,18,quantile,0.55,2.0
2026-10-10,wk inc rsv hosp,0,2026-10-10,18,quantile,0.6,2.0
2026-10-10,wk inc rsv hosp,1,2026-10-17,18,quantile,0.6,2.0
2026-10-10,wk inc rsv hosp,2,2026-10-24,18,quantile,0.6,2.0
2026-10-10,wk inc rsv hosp,3,2026-10-31,18,quantile,0.6,2.0
2026-10-10,wk inc rsv hosp,0,2026-10-10,18,quantile,0.65,3.0
2026-10-10,wk inc rsv hosp,1,2026-10-17,18,quantile,0.65,2.0
2026-10-10,wk inc rsv hosp,2,2026-10-24,18,quantile,0.65,2.0
2026-10-10,wk inc rsv hosp,3,2026-10-31,18,quantile,0.65,2.0
2026-10-10,wk inc rsv hosp,0,2026-10-10,18,quantile,0.7,3.0
2026-10-10,wk inc rsv hosp,1,2026-10-17,18,quantile,0.7,3.0
2026-10-10,wk inc rsv hosp,2,2026-10-24,18,quantile,0.7,3.0
2026-10-10,wk inc rsv hosp,3,2026-10-31,18,quantile,0.7,3.0
2026-10-10,wk inc rsv hosp,0,2026-10-10,18,quantile,0.75,3.0
2026-10-10,wk inc rsv hosp,1,2026-10-17,18,quantile,0.75,3.0
2026-10-10,wk inc rsv hosp,2,2026-10-24,18,quantile,0.75,3.0
2026-10-10,wk inc rsv hosp,3,2026-10-31,18,quantile,0.75,4.0
2026-10-10,wk inc rsv hosp,0,2026-10-10,18,quantile,0.8,3.0
2026-10-10,wk inc rsv hosp,1,2026-10-17,18,quantile,0.8,4.0
2026-10-10,wk inc rsv hosp,2,2026-10-24,18,quantile,0.8,4.0
2026-10-10,wk inc rsv hosp,3,2026-10-31,18,quantile,0.8,5.0
2026-10-10,wk inc rsv hosp,0,2026-10-10,18,quantile,0.85,4.0
2026-10-10,wk inc rsv hosp,1,2026-10-17,18,quantile,0.85,4.0
2026-10-10,wk inc rsv hosp,2,2026-10-24,18,quantile,0.85,5.0
2026-10-10,wk inc rsv hosp,3,2026-10-31,18,quantile,0.85,6.0
2026-10-10,wk inc rsv hosp,0,2026-10-10,18,quantile,0.9,4.0
2026-10-10,wk inc rsv hosp,1,2026-10-17,18,quantile,0.9,5.0
2026-10-10,wk inc rsv hosp,2,2026-10-24,18,quantile,0.9,7.0
2026-10-10,wk inc rsv hosp,3,2026-10-31,18,quantile,0.9,9.0
2026-10-10,wk inc rsv hosp,0,2026-10-10,18,quantile,0.95,5.0
2026-10-10,wk inc rsv hosp,1,2026-10-17,18,quantile,0.95,7.0
2026-10-10,wk inc rsv hosp,2,2026-10-24,18,quantile,0.95,10.0
2026-10-10,wk inc rsv hosp,3,2026-10-31,18,quantile,0.95,14.0
2026-10-10,wk inc rsv hosp,0,2026-10-10,18,quantile,0.975,6.0
2026-10-10,wk inc rsv hosp,1,2026-10-17,18,quantile,0.975,9.0
2026-10-10,wk inc rsv hosp,2,2026-10-24,18,quantile,0.975,13.0
2026-10-10,wk inc rsv hosp,3,2026-10-31,18,quantile,0.975,21.0
2026-10-10,wk inc rsv hosp,0,2026-10-10,18,quantile,0.99,7.0
2026-10-10,wk inc rsv hosp,1,2026-10-17,18,quantile,0.99,11.0
2026-10-10,wk inc rsv hosp,2,2026-10-24,18,quantile,0.99,18.0
2026-10-10,wk inc rsv hosp,3,2026-10-31,18,quantile,0.99,30.0
2026-10-10,wk inc rsv hosp,0,2026-10-10,19,quantile,0.01,1.0
2026-10-10,wk inc rsv hosp,1,2026-10-17,19,quantile,0.01,0.0
2026-10-10,wk inc rsv hosp,2,2026-10-24,19,quantile,0.01,0.0
2026-10-10,wk inc rsv hosp,3,2026-10-31,19,quantile,0.01,0.0
2026-10-10,wk inc rsv hosp,0,2026-10-10,19,quantile,0.025,1.0
2026-10-10,wk inc rsv hosp,1,2026-10-17,19,quantile,0.025,1.0
2026-10-10,wk inc rsv hosp,2,2026-10-24,19,quantile,0.025,1.0
2026-10-10,wk inc rsv hosp,3,2026-10-31,19,quantile,0.025,0.0
2026-10-10,wk inc rsv hosp,0,2026-10-10,19,quantile,0.05,2.0
2026-10-10,wk inc rsv hosp,1,2026-10-17,19,quantile,0.05,1.0
2026-10-10,wk inc rsv hosp,2,2026-10-24,19,quantile,0.05,1.0
2026-10-10,wk inc rsv hosp,3,2026-10-31,19,quantile,0.05,1.0
2026-10-10,wk inc rsv hosp,0,2026-10-10,19,quantile,0.1,3.0
2026-10-10,wk inc rsv hosp,1,2026-10-17,19,quantile,0.1,2.0
2026-10-10,wk inc rsv hosp,2,2026-10-24,19,quantile,0.1,2.0
2026-10-10,wk inc rsv hosp,3,2026-10-31,19,quantile,0.1,1.0
2026-10-10,wk inc rsv hosp,0,2026-10-10,19,quantile,0.15,3.0
2026-10-10,wk inc rsv hosp,1,2026-10-17,19,quantile,0.15,2.0
2026-10-10,wk inc rsv hosp,2,2026-10-24,19,quantile,0.15,2.0
2026-10-10,wk inc rsv hosp,3,2026-10-31,19,quantile,0.15,2.0
2026-10-10,wk inc rsv hosp,0,2026-10-10,19,quantile,0.2,4.0
2026-10-10,wk inc rsv hosp,1,2026-10-17,19,quantile,0.2,3.0
2026-10-10,wk inc rsv hosp,2,2026-10-24,19,quantile,0.2,3.0
2026-10-10,wk inc rsv hosp,3,2026-10-31,19,quantile,0.2,2.0
2026-10-10,wk inc rsv hosp,0,2026-10-10,19,quantile,0.25,4.0
2026-10-10,wk inc rsv hosp,1,2026-10-17,19,quantile,0.25,4.0
2026-10-10,wk inc rsv hosp,2,2026-10-24,19,quantile,0.25,3.0
2026-10-10,wk inc rsv hosp,3,2026-10-31,19,quantile,0.25,3.0
2026-10-10,wk inc rsv hosp,0,2026-10-10,19,quantile,0.3,5.0
2026-10-10,wk inc rsv hosp,1,2026-10-17,19,quantile,0.3,4.0
2026-10-10,wk inc rsv hosp,2,2026-10-24,19,quantile,0.3,4.0
2026-10-10,wk inc rsv hosp,3,2026-10-31,19,quantile,0.3,3.0
2026-10-10,wk inc rsv hosp,0,2026-10-10,19,quantile,0.35,5.0
2026-10-10,wk inc rsv hosp,1,2026-10-17,19,quantile,0.35,5.0
2026-10-10,wk inc rsv hosp,2,2026-10-24,19,quantile,0.35,4.0
2026-10-10,wk inc rsv hosp,3,2026-10-31,19,quantile,0.35,4.0
2026-10-10,wk inc rsv hosp,0,2026-10-10,19,quantile,0.4,5.0
2026-10-10,wk inc rsv hosp,1,2026-10-17,19,quantile,0.4,5.0
2026-10-10,wk inc rsv hosp,2,2026-10-24,19,quantile,0.4,5.0
2026-10-10,wk inc rsv hosp,3,2026-10-31,19,quantile,0.4,5.0
2026-10-10,wk inc rsv hosp,0,2026-10-10,19,quantile,0.45,6.0
2026-10-10,wk inc rsv hosp,1,2026-10-17,19,quantile,0.45,6.0
2026-10-10,wk inc rsv hosp,2,2026-10-24,19,quantile,0.45,5.0
2026-10-10,wk inc rsv hosp,3,2026-10-31,19,quantile,0.45,6.0
2026-10-10,wk inc rsv hosp,0,2026-10-10,19,quantile,0.5,6.0
2026-10-10,wk inc rsv hosp,1,2026-10-17,19,quantile,0.5,6.0
2026-10-10,wk inc rsv hosp,2,2026-10-24,19,quantile,0.5,6.0
2026-10-10,wk inc rsv hosp,3,2026-10-31,19,quantile,0.5,6.0
2026-10-10,wk inc rsv hosp,0,2026-10-10,19,quantile,0.55,7.0
2026-10-10,wk inc rsv hosp,1,2026-10-17,19,quantile,0.55,7.0
2026-10-10,wk inc rsv hosp,2,2026-10-24,19,quantile,0.55,6.0
2026-10-10,wk inc rsv hosp,3,2026-10-31,19,quantile,0.55,7.0
2026-10-10,wk inc rsv hosp,0,2026-10-10,19,quantile,0.6,7.0
2026-10-10,wk inc rsv hosp,1,2026-10-17,19,quantile,0.6,7.0
2026-10-10,wk inc rsv hosp,2,2026-10-24,19,quantile,0.6,7.0
2026-10-10,wk inc rsv hosp,3,2026-10-31,19,quantile,0.6,8.0
2026-10-10,wk inc rsv hosp,0,2026-10-10,19,quantile,0.65,8.0
2026-10-10,wk inc rsv hosp,1,2026-10-17,19,quantile,0.65,8.0
2026-10-10,wk inc rsv hosp,2,2026-10-24,19,quantile,0.65,8.0
2026-10-10,wk inc rsv hosp,3,2026-10-31,19,quantile,0.65,9.0
2026-10-10,wk inc rsv hosp,0,2026-10-10,19,quantile,0.7,8.0
2026-10-10,wk inc rsv hosp,1,2026-10-17,19,quantile,0.7,8.0
2026-10-10,wk inc rsv hosp,2,2026-10-24,19,quantile,0.7,9.0
2026-10-10,wk inc rsv hosp,3,2026-10-31,19,quantile,0.7,10.0
2026-10-10,wk inc rsv hosp,0,2026-10-10,19,quantile,0.75,9.0
2026-10-10,wk inc rsv hosp,1,2026-10-17,19,quantile,0.75,9.0
2026-10-10,wk inc rsv hosp,2,2026-10-24,19,quantile,0.75,10.0
2026-10-10,wk inc rsv hosp,3,2026-10-31,19,quantile,0.75,11.0
2026-10-10,wk inc rsv hosp,0,2026-10-10,19,quantile,0.8,9.0
2026-10-10,wk inc rsv hosp,1,2026-10-17,19,quantile,0.8,10.0
2026-10-10,wk inc rsv hosp,2,2026-10-24,19,quantile,0.8,11.0
2026-10-10,wk inc rsv hosp,3,2026-10-31,19,quantile,0.8,12.0
2026-10-10,wk inc rsv hosp,0,2026-10-10,19,quantile,0.85,10.0
2026-10-10,wk inc rsv hosp,1,2026-10-17,19,quantile,0.85,11.0
2026-10-10,wk inc rsv hosp,2,2026-10-24,19,quantile,0.85,12.0
2026-10-10,wk inc rsv hosp,3,2026-10-31,19,quantile,0.85,14.0
2026-10-10,wk inc rsv hosp,0,2026-10-10,19,quantile,0.9,11.0
2026-10-10,wk inc rsv hosp,1,2026-10-17,19,quantile,0.9,13.0
2026-10-10,wk inc rsv hosp,2,2026-10-24,19,quantile,0.9,13.0
2026-10-10,wk inc rsv hosp,3,2026-10-31,19,quantile,0.9,16.0
2026-10-10,wk inc rsv hosp,0,2026-10-10,19,quantile,0.95,13.0
2026-10-10,wk inc rsv hosp,1,2026-10-17,19,quantile,0.95,15.0
2026-10-10,wk inc rsv hosp,2,2026-10-24,19,quantile,0.95,17.0
2026-10-10,wk inc rsv hosp,3,2026-10-31,19,quantile,0.95,20.0
2026-10-10,wk inc rsv hosp,0,2026-10-10,19,quantile,0.975,14.0
2026-10-10,wk inc rsv hosp,1,2026-10-17,19,quantile,0.975,17.0
2026-10-10,wk inc rsv hosp,2,2026-10-24,19,quantile,0.975,19.0
2026-10-10,wk inc rsv hosp,3,2026-10-31,19,quantile,0.975,25.0
2026-10-10,wk inc rsv hosp,0,2026-10-10,19,quantile,0.99,16.0
2026-10-10,wk inc rsv hosp,1,2026-10-17,19,quantile,0.99,19.0
2026-10-10,wk inc rsv hosp,2,2026-10-24,19,quantile,0.99,23.0
2026-10-10,wk inc rsv hosp,3,2026-10-31,19,quantile,0.99,33.0
2026-10-10,wk inc rsv hosp,0,2026-10-10,20,quantile,0.01,1.0
2026-10-10,wk inc rsv hosp,1,2026-10-17,20,quantile,0.01,1.0
2026-10-10,wk inc rsv hosp,2,2026-10-24,20,quantile,0.01,0.0
2026-10-10,wk inc rsv hosp,3,2026-10-31,20,quantile,0.01,0.0
2026-10-10,wk inc rsv hosp,0,2026-10-10,20,quantile,0.025,1.0
2026-10-10,wk inc rsv hosp,1,2026-10-17,20,quantile,0.025,1.0
2026-10-10,wk inc rsv hosp,2,2026-10-24,20,quantile,0.025,0.0
2026-10-10,wk inc rsv hosp,3,2026-10-31,20,quantile,0.025,0.0
2026-10-10,wk inc rsv hosp,0,2026-10-10,20,quantile,0.05,1.0
2026-10-10,wk inc rsv hosp,1,2026-10-17,20,quantile,0.05,1.0
2026-10-10,wk inc rsv hosp,2,2026-10-24,20,quantile,0.05,1.0
2026-10-10,wk inc rsv hosp,3,2026-10-31,20,quantile,0.05,0.0
2026-10-10,wk inc rsv hosp,0,2026-10-10,20,quantile,0.1,1.0
2026-10-10,wk inc rsv hosp,1,2026-10-17,20,quantile,0.1,1.0
2026-10-10,wk inc rsv hosp,2,2026-10-24,20,quantile,0.1,1.0
2026-10-10,wk inc rsv hosp,3,2026-10-31,20,quantile,0.1,1.0
2026-10-10,wk inc rsv hosp,0,2026-10-10,20,quantile,0.15,1.0
2026-10-10,wk inc rsv hosp,1,2026-10-17,20,quantile,0.15,1.0
2026-10-10,wk inc rsv hosp,2,2026-10-24,20,quantile,0.15,1.0
2026-10-10,wk inc rsv hosp,3,2026-10-31,20,quantile,0.15,1.0
2026-10-10,wk inc rsv hosp,0,2026-10-10,20,quantile,0.2,1.0
2026-10-10,wk inc rsv hosp,1,2026-10-17,20,quantile,0.2,1.0
2026-10-10,wk inc rsv hosp,2,2026-10-24,20,quantile,0.2,1.0
2026-10-10,wk inc rsv hosp,3,2026-10-31,20,quantile,0.2,1.0
2026-10-10,wk inc rsv hosp,0,2026-10-10,20,quantile,0.25,2.0
2026-10-10,wk inc rsv hosp,1,2026-10-17,20,quantile,0.25,1.0
2026-10-10,wk inc rsv hosp,2,2026-10-24,20,quantile,0.25,1.0
2026-10-10,wk inc rsv hosp,3,2026-10-31,20,quantile,0.25,1.0
2026-10-10,wk inc rsv hosp,0,2026-10-10,20,quantile,0.3,2.0
2026-10-10,wk inc rsv hosp,1,2026-10-17,20,quantile,0.3,2.0
2026-10-10,wk inc rsv hosp,2,2026-10-24,20,quantile,0.3,1.0
2026-10-10,wk inc rsv hosp,3,2026-10-31,20,quantile,0.3,1.0
2026-10-10,wk inc rsv hosp,0,2026-10-10,20,quantile,0.35,2.0
2026-10-10,wk inc rsv hosp,1,2026-10-17,20,quantile,0.35,2.0
2026-10-10,wk inc rsv hosp,2,2026-10-24,20,quantile,0.35,2.0
2026-10-10,wk inc rsv hosp,3,2026-10-31,20,quantile,0.35,1.0
2026-10-10,wk inc rsv hosp,0,2026-10-10,20,quantile,0.4,2.0
2026-10-10,wk inc rsv hosp,1,2026-10-17,20,quantile,0.4,2.0
2026-10-10,wk inc rsv hosp,2,2026-10-24,20,quantile,0.4,2.0
2026-10-10,wk inc rsv hosp,3,2026-10-31,20,quantile,0.4,2.0
2026-10-10,wk inc rsv hosp,0,2026-10-10,20,quantile,0.45,2.0
2026-10-10,wk inc rsv hosp,1,2026-10-17,20,quantile,0.45,2.0
2026-10-10,wk inc rsv hosp,2,2026-10-24,20,quantile,0.45,2.0
2026-10-10,wk inc rsv hosp,3,2026-10-31,20,quantile,0.45,2.0
2026-10-10,wk inc rsv hosp,0,2026-10-10,20,quantile,0.5,2.0
2026-10-10,wk inc rsv hosp,1,2026-10-17,20,quantile,0.5,2.0
2026-10-10,wk inc rsv hosp,2,2026-10-24,20,quantile,0.5,2.0
2026-10-10,wk inc rsv hosp,3,2026-10-31,20,quantile,0.5,2.0
2026-10-10,wk inc rsv hosp,0,2026-10-10,20,quantile,0.55,2.0
2026-10-10,wk inc rsv hosp,1,2026-10-17,20,quantile,0.55,2.0
2026-10-10,wk inc rsv hosp,2,2026-10-24,20,quantile,0.55,2.0
2026-10-10,wk inc rsv hosp,3,2026-10-31,20,quantile,0.55,2.0
2026-10-10,wk inc rsv hosp,0,2026-10-10,20,quantile,0.6,2.0
2026-10-10,wk inc rsv hosp,1,2026-10-17,20,quantile,0.6,2.0
2026-10-10,wk inc rsv hosp,2,2026-10-24,20,quantile,0.6,3.0
2026-10-10,wk inc rsv hosp,3,2026-10-31,20,quantile,0.6,3.0
2026-10-10,wk inc rsv hosp,0,2026-10-10,20,quantile,0.65,2.0
2026-10-10,wk inc rsv hosp,1,2026-10-17,20,quantile,0.65,3.0
2026-10-10,wk inc rsv hosp,2,2026-10-24,20,quantile,0.65,3.0
2026-10-10,wk inc rsv hosp,3,2026-10-31,20,quantile,0.65,3.0
2026-10-10,wk inc rsv hosp,0,2026-10-10,20,quantile,0.7,3.0
2026-10-10,wk inc rsv hosp,1,2026-10-17,20,quantile,0.7,3.0
2026-10-10,wk inc rsv hosp,2,2026-10-24,20,quantile,0.7,3.0
2026-10-10,wk inc rsv hosp,3,2026-10-31,20,quantile,0.7,4.0
2026-10-10,wk inc rsv hosp,0,2026-10-10,20,quantile,0.75,3.0
2026-10-10,wk inc rsv hosp,1,2026-10-17,20,quantile,0.75,3.0
2026-10-10,wk inc rsv hosp,2,2026-10-24,20,quantile,0.75,4.0
2026-10-10,wk inc rsv hosp,3,2026-10-31,20,quantile,0.75,4.0
2026-10-10,wk inc rsv hosp,0,2026-10-10,20,quantile,0.8,3.0
2026-10-10,wk inc rsv hosp,1,2026-10-17,20,quantile,0.8,3.0
2026-10-10,wk inc rsv hosp,2,2026-10-24,20,quantile,0.8,4.0
2026-10-10,wk inc rsv hosp,3,2026-10-31,20,quantile,0.8,5.0
2026-10-10,wk inc rsv hosp,0,2026-10-10,20,quantile,0.85,3.0
2026-10-10,wk inc rsv hosp,1,2026-10-17,20,quantile,0.85,4.0
2026-10-10,wk inc rsv hosp,2,2026-10-24,20,quantile,0.85,5.0
2026-10-10,wk inc rsv hosp,3,2026-10-31,20,quantile,0.85,6.0
2026-10-10,wk inc rsv hosp,0,2026-10-10,20,quantile,0.9,3.0
2026-10-10,wk inc rsv hosp,1,2026-10-17,20,quantile,0.9,4.0
2026-10-10,wk inc rsv hosp,2,2026-10-24,20,quantile,0.9,6.0
2026-10-10,wk inc rsv hosp,3,2026-10-31,20,quantile,0.9,7.0
2026-10-10,wk inc rsv hosp,0,2026-10-10,20,quantile,0.95,4.0
2026-10-10,wk inc rsv hosp,1,2026-10-17,20,quantile,0.95,5.0
2026-10-10,wk inc rsv hosp,2,2026-10-24,20,quantile,0.95,7.0
2026-10-10,wk inc rsv hosp,3,2026-10-31,20,quantile,0.95,10.0
2026-10-10,wk inc rsv hosp,0,2026-10-10,20,quantile,0.975,4.0
2026-10-10,wk inc rsv hosp,1,2026-10-17,20,quantile,0.975,6.0
2026-10-10,wk inc rsv hosp,2,2026-10-24,20,quantile,0.975,9.0
2026-10-10,wk inc rsv hosp,3,2026-10-31,20,quantile,0.975,13.0
2026-10-10,wk inc rsv hosp,0,2026-10-10,20,quantile,0.99,5.0
2026-10-10,wk inc rsv hosp,1,2026-10-17,20,quantile,0.99,7.0
2026-10-10,wk inc rsv hosp,2,2026-10-24,20,quantile,0.99,11.0
2026-10-10,wk inc rsv hosp,3,2026-10-31,20,quantile,0.99,17.0
2026-10-10,wk inc rsv hosp,0,2026-10-10,21,quantile,0.01,2.0
2026-10-10,wk inc rsv hosp,1,2026-10-17,21,quantile,0.01,0.0
2026-10-10,wk inc rsv hosp,2,2026-10-24,21,quantile,0.01,0.0
2026-10-10,wk inc rsv hosp,3,2026-10-31,21,quantile,0.01,0.0
2026-10-10,wk inc rsv hosp,0,2026-10-10,21,quantile,0.025,2.0
2026-10-10,wk inc rsv hosp,1,2026-10-17,21,quantile,0.025,2.0
2026-10-10,wk inc rsv hosp,2,2026-10-24,21,quantile,0.025,0.0
2026-10-10,wk inc rsv hosp,3,2026-10-31,21,quantile,0.025,0.0
2026-10-10,wk inc rsv hosp,0,2026-10-10,21,quantile,0.05,2.0
2026-10-10,wk inc rsv hosp,1,2026-10-17,21,quantile,0.05,2.0
2026-10-10,wk inc rsv hosp,2,2026-10-24,21,quantile,0.05,0.0
2026-10-10,wk inc rsv hosp,3,2026-10-31,21,quantile,0.05,0.0
2026-10-10,wk inc rsv hosp,0,2026-10-10,21,quantile,0.1,3.0
2026-10-10,wk inc rsv hosp,1,2026-10-17,21,quantile,0.1,3.0
2026-10-10,wk inc rsv hosp,2,2026-10-24,21,quantile,0.1,2.0
2026-10-10,wk inc rsv hosp,3,2026-10-31,21,quantile,0.1,2.0
2026-10-10,wk inc rsv hosp,0,2026-10-10,21,quantile,0.15,5.0
2026-10-10,wk inc rsv hosp,1,2026-10-17,21,quantile,0.15,3.0
2026-10-10,wk inc rsv hosp,2,2026-10-24,21,quantile,0.15,3.0
2026-10-10,wk inc rsv hosp,3,2026-10-31,21,quantile,0.15,3.0
2026-10-10,wk inc rsv hosp,0,2026-10-10,21,quantile,0.2,5.0
2026-10-10,wk inc rsv hosp,1,2026-10-17,21,quantile,0.2,5.0
2026-10-10,wk inc rsv hosp,2,2026-10-24,21,quantile,0.2,5.0
2026-10-10,wk inc rsv hosp,3,2026-10-31,21,quantile,0.2,3.0
2026-10-10,wk inc rsv hosp,0,2026-10-10,21,quantile,0.25,7.0
2026-10-10,wk inc rsv hosp,1,2026-10-17,21,quantile,0.25,5.0
2026-10-10,wk inc rsv hosp,2,2026-10-24,21,quantile,0.25,5.0
2026-10-10,wk inc rsv hosp,3,2026-10-31,21,quantile,0.25,5.0
2026-10-10,wk inc rsv hosp,0,2026-10-10,21,quantile,0.3,7.0
2026-10-10,wk inc rsv hosp,1,2026-10-17,21,quantile,0.3,7.0
2026-10-10,wk inc rsv hosp,2,2026-10-24,21,quantile,0.3,5.0
2026-10-10,wk inc rsv hosp,3,2026-10-31,21,quantile,0.3,5.0
2026-10-10,wk inc rsv hosp,0,2026-10-10,21,quantile,0.35,7.0
2026-10-10,wk inc rsv hosp,1,2026-10-17,21,quantile,0.35,7.0
2026-10-10,wk inc rsv hosp,2,2026-10-24,21,quantile,0.35,7.0
2026-10-10,wk inc rsv hosp,3,2026-10-31,21,quantile,0.35,7.0
2026-10-10,wk inc rsv hosp,0,2026-10-10,21,quantile,0.4,9.0
2026-10-10,wk inc rsv hosp,1,2026-10-17,21,quantile,0.4,9.0
2026-10-10,wk inc rsv hosp,2,2026-10-24,21,quantile,0.4,9.0
2026-10-10,wk inc rsv hosp,3,2026-10-31,21,quantile,0.4,7.0
2026-10-10,wk inc rsv hosp,0,2026-10-10,21,quantile,0.45,9.0
2026-10-10,wk inc rsv hosp,1,2026-10-17,21,quantile,0.45,9.0
2026-10-10,wk inc rsv hosp,2,2026-10-24,21,quantile,0.45,9.0
2026-10-10,wk inc rsv hosp,3,2026-10-31,21,quantile,0.45,9.0
2026-10-10,wk inc rsv hosp,0,2026-10-10,21,quantile,0.5,9.0
2026-10-10,wk inc rsv hosp,1,2026-10-17,21,quantile,0.5,10.0
2026-10-10,wk inc rsv hosp,2,2026-10-24,21,quantile,0.5,10.0
2026-10-10,wk inc rsv hosp,3,2026-10-31,21,quantile,0.5,10.0
2026-10-10,wk inc rsv hosp,0,2026-10-10,21,quantile,0.55,10.0
2026-10-10,wk inc rsv hosp,1,2026-10-17,21,quantile,0.55,10.0
2026-10-10,wk inc rsv hosp,2,2026-10-24,21,quantile,0.55,10.0
2026-10-10,wk inc rsv hosp,3,2026-10-31,21,quantile,0.55,10.0
2026-10-10,wk inc rsv hosp,0,2026-10-10,21,quantile,0.6,10.0
2026-10-10,wk inc rsv hosp,1,2026-10-17,21,quantile,0.6,12.0
2026-10-10,wk inc rsv hosp,2,2026-10-24,21,quantile,0.6,12.0
2026-10-10,wk inc rsv hosp,3,2026-10-31,21,quantile,0.6,12.0
2026-10-10,wk inc rsv hosp,0,2026-10-10,21,quantile,0.65,12.0
2026-10-10,wk inc rsv hosp,1,2026-10-17,21,quantile,0.65,12.0
2026-10-10,wk inc rsv hosp,2,2026-10-24,21,quantile,0.65,14.0
2026-10-10,wk inc rsv hosp,3,2026-10-31,21,quantile,0.65,14.0
2026-10-10,wk inc rsv hosp,0,2026-10-10,21,quantile,0.7,12.0
2026-10-10,wk inc rsv hosp,1,2026-10-17,21,quantile,0.7,14.0
2026-10-10,wk inc rsv hosp,2,2026-10-24,21,quantile,0.7,14.0
2026-10-10,wk inc rsv hosp,3,2026-10-31,21,quantile,0.7,16.0
2026-10-10,wk inc rsv hosp,0,2026-10-10,21,quantile,0.75,14.0
2026-10-10,wk inc rsv hosp,1,2026-10-17,21,quantile,0.75,16.0
2026-10-10,wk inc rsv hosp,2,2026-10-24,21,quantile,0.75,16.0
2026-10-10,wk inc rsv hosp,3,2026-10-31,21,quantile,0.75,17.0
2026-10-10,wk inc rsv hosp,0,2026-10-10,21,quantile,0.8,14.0
2026-10-10,wk inc rsv hosp,1,2026-10-17,21,quantile,0.8,16.0
2026-10-10,wk inc rsv hosp,2,2026-10-24,21,quantile,0.8,17.0
2026-10-10,wk inc rsv hosp,3,2026-10-31,21,quantile,0.8,19.0
2026-10-10,wk inc rsv hosp,0,2026-10-10,21,quantile,0.85,16.0
2026-10-10,wk inc rsv hosp,1,2026-10-17,21,quantile,0.85,17.0
2026-10-10,wk inc rsv hosp,2,2026-10-24,21,quantile,0.85,19.0
2026-10-10,wk inc rsv hosp,3,2026-10-31,21,quantile,0.85,22.0
2026-10-10,wk inc rsv hosp,0,2026-10-10,21,quantile,0.9,17.0
2026-10-10,wk inc rsv hosp,1,2026-10-17,21,quantile,0.9,19.0
2026-10-10,wk inc rsv hosp,2,2026-10-24,21,quantile,0.9,22.0
2026-10-10,wk inc rsv hosp,3,2026-10-31,21,quantile,0.9,28.0
2026-10-10,wk inc rsv hosp,0,2026-10-10,21,quantile,0.95,21.0
2026-10-10,wk inc rsv hosp,1,2026-10-17,21,quantile,0.95,26.0
2026-10-10,wk inc rsv hosp,2,2026-10-24,21,quantile,0.95,28.0
2026-10-10,wk inc rsv hosp,3,2026-10-31,21,quantile,0.95,35.0
2026-10-10,wk inc rsv hosp,0,2026-10-10,21,quantile,0.975,22.0
2026-10-10,wk inc rsv hosp,1,2026-10-17,21,quantile,0.975,28.0
2026-10-10,wk inc rsv hosp,2,2026-10-24,21,quantile,0.975,31.0
2026-10-10,wk inc rsv hosp,3,2026-10-31,21,quantile,0.975,40.0
2026-10-10,wk inc rsv hosp,0,2026-10-10,21,quantile,0.99,24.0
2026-10-10,wk inc rsv hosp,1,2026-10-17,21,quantile,0.99,29.0
2026-10-10,wk inc rsv hosp,2,2026-10-24,21,quantile,0.99,36.0
2026-10-10,wk inc rsv hosp,3,2026-10-31,21,quantile,0.99,52.0
2026-10-10,wk inc rsv hosp,0,2026-10-10,22,quantile,0.01,7.0
2026-10-10,wk inc rsv hosp,1,2026-10-17,22,quantile,0.01,6.0
2026-10-10,wk inc rsv hosp,2,2026-10-24,22,quantile,0.01,5.0
2026-10-10,wk inc rsv hosp,3,2026-10-31,22,quantile,0.01,4.0
2026-10-10,wk inc rsv hosp,0,2026-10-10,22,quantile,0.025,7.0
2026-10-10,wk inc rsv hosp,1,2026-10-17,22,quantile,0.025,6.0
2026-10-10,wk inc rsv hosp,2,2026-10-24,22,quantile,0.025,6.0
2026-10-10,wk inc rsv hosp,3,2026-10-31,22,quantile,0.025,5.0
2026-10-10,wk inc rsv hosp,0,2026-10-10,22,quantile,0.05,8.0
2026-10-10,wk inc rsv hosp,1,2026-10-17,22,quantile,0.05,7.0
2026-10-10,wk inc rsv hosp,2,2026-10-24,22,quantile,0.05,6.0
2026-10-10,wk inc rsv hosp,3,2026-10-31,22,quantile,0.05,6.0
2026-10-10,wk inc rsv hosp,0,2026-10-10,22,quantile,0.1,9.0
2026-10-10,wk inc rsv hosp,1,2026-10-17,22,quantile,0.1,8.0
2026-10-10,wk inc rsv hosp,2,2026-10-24,22,quantile,0.1,8.0
2026-10-10,wk inc rsv hosp,3,2026-10-31,22,quantile,0.1,7.0
2026-10-10,wk inc rsv hosp,0,2026-10-10,22,quantile,0.15,9.0
2026-10-10,wk inc rsv hosp,1,2026-10-17,22,quantile,0.15,9.0
2026-10-10,wk inc rsv hosp,2,2026-10-24,22,quantile,0.15,9.0
2026-10-10,wk inc rsv hosp,3,2026-10-31,22,quantile,0.15,9.0
2026-10-10,wk inc rsv hosp,0,2026-10-10,22,quantile,0.2,10.0
2026-10-10,wk inc rsv hosp,1,2026-10-17,22,quantile,0.2,10.0
2026-10-10,wk inc rsv hosp,2,2026-10-24,22,quantile,0.2,10.0
2026-10-10,wk inc rsv hosp,3,2026-10-31,22,quantile,0.2,10.0
2026-10-10,wk inc rsv hosp,0,2026-10-10,22,quantile,0.25,10.0
2026-10-10,wk inc rsv hosp,1,2026-10-17,22,quantile,0.25,11.0
2026-10-10,wk inc rsv hosp,2,2026-10-24,22,quantile,0.25,11.0
2026-10-10,wk inc rsv hosp,3,2026-10-31,22,quantile,0.25,11.0
2026-10-10,wk inc rsv hosp,0,2026-10-10,22,quantile,0.3,11.0
2026-10-10,wk inc rsv hosp,1,2026-10-17,22,quantile,0.3,11.0
2026-10-10,wk inc rsv hosp,2,2026-10-24,22,quantile,0.3,12.0
2026-10-10,wk inc rsv hosp,3,2026-10-31,22,quantile,0.3,12.0
2026-10-10,wk inc rsv hosp,0,2026-10-10,22,quantile,0.35,11.0
2026-10-10,wk inc rsv hosp,1,2026-10-17,22,quantile,0.35,12.0
2026-10-10,wk inc rsv hosp,2,2026-10-24,22,quantile,0.35,13.0
2026-10-10,wk inc rsv hosp,3,2026-10-31,22,quantile,0.35,14.0
2026-10-10,wk inc rsv hosp,0,2026-10-10,22,quantile,0.4,12.0
2026-10-10,wk inc rsv hosp,1,2026-10-17,22,quantile,0.4,13.0
2026-10-10,wk inc rsv hosp,2,2026-10-24,22,quantile,0.4,14.0
2026-10-10,wk inc rsv hosp,3,2026-10-31,22,quantile,0.4,15.0
2026-10-10,wk inc rsv hosp,0,2026-10-10,22,quantile,0.45,12.0
2026-10-10,wk inc rsv hosp,1,2026-10-17,22,quantile,0.45,13.0
2026-10-10,wk inc rsv hosp,2,2026-10-24,22,quantile,0.45,15.0
2026-10-10,wk inc rsv hosp,3,2026-10-31,22,quantile,0.45,16.0
2026-10-10,wk inc rsv hosp,0,2026-10-10,22,quantile,0.5,12.0
2026-10-10,wk inc rsv hosp,1,2026-10-17,22,quantile,0.5,14.0
2026-10-10,wk inc rsv hosp,2,2026-10-24,22,quantile,0.5,16.0
2026-10-10,wk inc rsv hosp,3,2026-10-31,22,quantile,0.5,18.0
2026-10-10,wk inc rsv hosp,0,2026-10-10,22,quantile,0.55,13.0
2026-10-10,wk inc rsv hosp,1,2026-10-17,22,quantile,0.55,15.0
2026-10-10,wk inc rsv hosp,2,2026-10-24,22,quantile,0.55,17.0
2026-10-10,wk inc rsv hosp,3,2026-10-31,22,quantile,0.55,20.0
2026-10-10,wk inc rsv hosp,0,2026-10-10,22,quantile,0.6,13.0
2026-10-10,wk inc rsv hosp,1,2026-10-17,22,quantile,0.6,16.0
2026-10-10,wk inc rsv hosp,2,2026-10-24,22,quantile,0.6,18.0
2026-10-10,wk inc rsv hosp,3,2026-10-31,22,quantile,0.6,21.0
2026-10-10,wk inc rsv hosp,0,2026-10-10,22,quantile,0.65,14.0
2026-10-10,wk inc rsv hosp,1,2026-10-17,22,quantile,0.65,16.0
2026-10-10,wk inc rsv hosp,2,2026-10-24,22,quantile,0.65,20.0
2026-10-10,wk inc rsv hosp,3,2026-10-31,22,quantile,0.65,23.0
2026-10-10,wk inc rsv hosp,0,2026-10-10,22,quantile,0.7,14.0
2026-10-10,wk inc rsv hosp,1,2026-10-17,22,quantile,0.7,17.0
2026-10-10,wk inc rsv hosp,2,2026-10-24,22,quantile,0.7,21.0
2026-10-10,wk inc rsv hosp,3,2026-10-31,22,quantile,0.7,26.0
2026-10-10,wk inc rsv hosp,0,2026-10-10,22,quantile,0.75,15.0
2026-10-10,wk inc rsv hosp,1,2026-10-17,22,quantile,0.75,19.0
2026-10-10,wk inc rsv hosp,2,2026-10-24,22,quantile,0.75,23.0
2026-10-10,wk inc rsv hosp,3,2026-10-31,22,quantile,0.75,28.0
2026-10-10,wk inc rsv hosp,0,2026-10-10,22,quantile,0.8,16.0
2026-10-10,wk inc rsv hosp,1,2026-10-17,22,quantile,0.8,20.0
2026-10-10,wk inc rsv hosp,2,2026-10-24,22,quantile,0.8,25.0
2026-10-10,wk inc rsv hosp,3,2026-10-31,22,quantile,0.8,32.0
2026-10-10,wk inc rsv hosp,0,2026-10-10,22,quantile,0.85,17.0
2026-10-10,wk inc rsv hosp,1,2026-10-17,22,quantile,0.85,21.0
2026-10-10,wk inc rsv hosp,2,2026-10-24,22,quantile,0.85,28.0
2026-10-10,wk inc rsv hosp,3,2026-10-31,22,quantile,0.85,37.0
2026-10-10,wk inc rsv hosp,0,2026-10-10,22,quantile,0.9,18.0
2026-10-10,wk inc rsv hosp,1,2026-10-17,22,quantile,0.9,24.0
2026-10-10,wk inc rsv hosp,2,2026-10-24,22,quantile,0.9,32.0
2026-10-10,wk inc rsv hosp,3,2026-10-31,22,quantile,0.9,43.0
2026-10-10,wk inc rsv hosp,0,2026-10-10,22,quantile,0.95,19.0
2026-10-10,wk inc rsv hosp,1,2026-10-17,22,quantile,0.95,27.0
2026-10-10,wk inc rsv hosp,2,2026-10-24,22,quantile,0.95,38.0
2026-10-10,wk inc rsv hosp,3,2026-10-31,22,quantile,0.95,54.0
2026-10-10,wk inc rsv hosp,0,2026-10-10,22,quantile,0.975,21.0
2026-10-10,wk inc rsv hosp,1,2026-10-17,22,quantile,0.975,30.0
2026-10-10,wk inc rsv hosp,2,2026-10-24,22,quantile,0.975,44.0
2026-10-10,wk inc rsv hosp,3,2026-10-31,22,quantile,0.975,66.0
2026-10-10,wk inc rsv hosp,0,2026-10-10,22,quantile,0.99,22.0
2026-10-10,wk inc rsv hosp,1,2026-10-17,22,quantile,0.99,33.0
2026-10-10,wk inc rsv hosp,2,2026-10-24,22,quantile,0.99,51.0
2026-10-10,wk inc rsv hosp,3,2026-10-31,22,quantile,0.99,78.0
2026-10-10,wk inc rsv hosp,0,2026-10-10,23,quantile,0.01,1.0
2026-10-10,wk inc rsv hosp,1,2026-10-17,23,quantile,0.01,1.0
2026-10-10,wk inc rsv hosp,2,2026-10-24,23,quantile,0.01,0.0
2026-10-10,wk inc rsv hosp,3,2026-10-31,23,quantile,0.01,0.0
2026-10-10,wk inc rsv hosp,0,2026-10-10,23,quantile,0.025,1.0
2026-10-10,wk inc rsv hosp,1,2026-10-17,23,quantile,0.025,1.0
2026-10-10,wk inc rsv hosp,2,2026-10-24,23,quantile,0.025,1.0
2026-10-10,wk inc rsv hosp,3,2026-10-31,23,quantile,0.025,0.0
2026-10-10,wk inc rsv hosp,0,2026-10-10,23,quantile,0.05,1.0
2026-10-10,wk inc rsv hosp,1,2026-10-17,23,quantile,0.05,1.0
2026-10-10,wk inc rsv hosp,2,2026-10-24,23,quantile,0.05,1.0
2026-10-10,wk inc rsv hosp,3,2026-10-31,23,quantile,0.05,1.0
2026-10-10,wk inc rsv hosp,0,2026-10-10,23,quantile,0.1,1.0
2026-10-10,wk inc rsv hosp,1,2026-10-17,23,quantile,0.1,1.0
2026-10-10,wk inc rsv hosp,2,2026-10-24,23,quantile,0.1,1.0
2026-10-10,wk inc rsv hosp,3,2026-10-31,23,quantile,0.1,1.0
2026-10-10,wk inc rsv hosp,0,2026-10-10,23,quantile,0.15,1.0
2026-10-10,wk inc rsv hosp,1,2026-10-17,23,quantile,0.15,1.0
2026-10-10,wk inc rsv hosp,2,2026-10-24,23,quantile,0.15,1.0
2026-10-10,wk inc rsv hosp,3,2026-10-31,23,quantile,0.15,1.0
2026-10-10,wk inc rsv hosp,0,2026-10-10,23,quantile,0.2,2.0
2026-10-10,wk inc rsv hosp,1,2026-10-17,23,quantile,0.2,1.0
2026-10-10,wk inc rsv hosp,2,2026-10-24,23,quantile,0.2,1.0
2026-10-10,wk inc rsv hosp,3,2026-10-31,23,quantile,0.2,1.0
2026-10-10,wk inc rsv hosp,0,2026-10-10,23,quantile,0.25,2.0
2026-10-10,wk inc rsv hosp,1,2026-10-17,23,quantile,0.25,2.0
2026-10-10,wk inc rsv hosp,2,2026-10-24,23,quantile,0.25,1.0
2026-10-10,wk inc rsv hosp,3,2026-10-31,23,quantile,0.25,1.0
2026-10-10,wk inc rsv hosp,0,2026-10-10,23,quantile,0.3,2.0
2026-10-10,wk inc rsv hosp,1,2026-10-17,23,quantile,0.3,2.0
2026-10-10,wk inc rsv hosp,2,2026-10-24,23,quantile,0.3,2.0
2026-10-10,wk inc rsv hosp,3,2026-10-31,23,quantile,0.3,2.0
2026-10-10,wk inc rsv hosp,0,2026-10-10,23,quantile,0.35,2.0
2026-10-10,wk inc rsv hosp,1,2026-10-17,23,quantile,0.35,2.0
2026-10-10,wk inc rsv hosp,2,2026-10-24,23,quantile,0.35,2.0
2026-10-10,wk inc rsv hosp,3,2026-10-31,23,quantile,0.35,2.0
2026-10-10,wk inc rsv hosp,0,2026-10-10,23,quantile,0.4,2.0
2026-10-10,wk inc rsv hosp,1,2026-10-17,23,quantile,0.4,2.0
2026-10-10,wk inc rsv hosp,2,2026-10-24,23,quantile,0.4,2.0
2026-10-10,wk inc rsv hosp,3,2026-10-31,23,quantile,0.4,2.0
2026-10-10,wk inc rsv hosp,0,2026-10-10,23,quantile,0.45,2.0
2026-10-10,wk inc rsv hosp,1,2026-10-17,23,quantile,0.45,2.0
2026-10-10,wk inc rsv hosp,2,2026-10-24,23,quantile,0.45,2.0
2026-10-10,wk inc rsv hosp,3,2026-10-31,23,quantile,0.45,2.0
2026-10-10,wk inc rsv hosp,0,2026-10-10,23,quantile,0.5,2.0
2026-10-10,wk inc rsv hosp,1,2026-10-17,23,quantile,0.5,2.0
2026-10-10,wk inc rsv hosp,2,2026-10-24,23,quantile,0.5,2.0
2026-10-10,wk inc rsv hosp,3,2026-10-31,23,quantile,0.5,2.0
2026-10-10,wk inc rsv hosp,0,2026-10-10,23,quantile,0.55,2.0
2026-10-10,wk inc rsv hosp,1,2026-10-17,23,quantile,0.55,2.0
2026-10-10,wk inc rsv hosp,2,2026-10-24,23,quantile,0.55,2.0
2026-10-10,wk inc rsv hosp,3,2026-10-31,23,quantile,0.55,2.0
2026-10-10,wk inc rsv hosp,0,2026-10-10,23,quantile,0.6,2.0
2026-10-10,wk inc rsv hosp,1,2026-10-17,23,quantile,0.6,2.0
2026-10-10,wk inc rsv hosp,2,2026-10-24,23,quantile,0.6,2.0
2026-10-10,wk inc rsv hosp,3,2026-10-31,23,quantile,0.6,3.0
2026-10-10,wk inc rsv hosp,0,2026-10-10,23,quantile,0.65,2.0
2026-10-10,wk inc rsv hosp,1,2026-10-17,23,quantile,0.65,2.0
2026-10-10,wk inc rsv hosp,2,2026-10-24,23,quantile,0.65,3.0
2026-10-10,wk inc rsv hosp,3,2026-10-31,23,quantile,0.65,3.0
2026-10-10,wk inc rsv hosp,0,2026-10-10,23,quantile,0.7,2.0
2026-10-10,wk inc rsv hosp,1,2026-10-17,23,quantile,0.7,3.0
2026-10-10,wk inc rsv hosp,2,2026-10-24,23,quantile,0.7,3.0
2026-10-10,wk inc rsv hosp,3,2026-10-31,23,quantile,0.7,3.0
2026-10-10,wk inc rsv hosp,0,2026-10-10,23,quantile,0.75,3.0
2026-10-10,wk inc rsv hosp,1,2026-10-17,23,quantile,0.75,3.0
2026-10-10,wk inc rsv hosp,2,2026-10-24,23,quantile,0.75,3.0
2026-10-10,wk inc rsv hosp,3,2026-10-31,23,quantile,0.75,3.0
2026-10-10,wk inc rsv hosp,0,2026-10-10,23,quantile,0.8,3.0
2026-10-10,wk inc rsv hosp,1,2026-10-17,23,quantile,0.8,3.0
2026-10-10,wk inc rsv hosp,2,2026-10-24,23,quantile,0.8,3.0
2026-10-10,wk inc rsv hosp,3,2026-10-31,23,quantile,0.8,4.0
2026-10-10,wk inc rsv hosp,0,2026-10-10,23,quantile,0.85,3.0
2026-10-10,wk inc rsv hosp,1,2026-10-17,23,quantile,0.85,3.0
2026-10-10,wk inc rsv hosp,2,2026-10-24,23,quantile,0.85,4.0
2026-10-10,wk inc rsv hosp,3,2026-10-31,23,quantile,0.85,4.0
2026-10-10,wk inc rsv hosp,0,2026-10-10,23,quantile,0.9,3.0
2026-10-10,wk inc rsv hosp,1,2026-10-17,23,quantile,0.9,3.0
2026-10-10,wk inc rsv hosp,2,2026-10-24,23,quantile,0.9,4.0
2026-10-10,wk inc rsv hosp,3,2026-10-31,23,quantile,0.9,5.0
2026-10-10,wk inc rsv hosp,0,2026-10-10,23,quantile,0.95,3.0
2026-10-10,wk inc rsv hosp,1,2026-10-17,23,quantile,0.95,4.0
2026-10-10,wk inc rsv hosp,2,2026-10-24,23,quantile,0.95,5.0
2026-10-10,wk inc rsv hosp,3,2026-10-31,23,quantile,0.95,6.0
2026-10-10,wk inc rsv hosp,0,2026-10-10,23,quantile,0.975,4.0
2026-10-10,wk inc rsv hosp,1,2026-10-17,23,quantile,0.975,4.0
2026-10-10,wk inc rsv hosp,2,2026-10-24,23,quantile,0.975,6.0
2026-10-10,wk inc rsv hosp,3,2026-10-31,23,quantile,0.975,8.0
2026-10-10,wk inc rsv hosp,0,2026-10-10,23,quantile,0.99,4.0
2026-10-10,wk inc rsv hosp,1,2026-10-17,23,quantile,0.99,5.0
2026-10-10,wk inc rsv hosp,2,2026-10-24,23,quantile,0.99,7.0
2026-10-10,wk inc rsv hosp,3,2026-10-31,23,quantile,0.99,9.0
2026-10-10,wk inc rsv hosp,0,2026-10-10,24,quantile,0.01,2.0
2026-10-10,wk inc rsv hosp,1,2026-10-17,24,quantile,0.01,1.0
2026-10-10,wk inc rsv hosp,2,2026-10-24,24,quantile,0.01,1.0
2026-10-10,wk inc rsv hosp,3,2026-10-31,24,quantile,0.01,1.0
2026-10-10,wk inc rsv hosp,0,2026-10-10,24,quantile,0.025,2.0
2026-10-10,wk inc rsv hosp,1,2026-10-17,24,quantile,0.025,2.0
2026-10-10,wk inc rsv hosp,2,2026-10-24,24,quantile,0.025,1.0
2026-10-10,wk inc rsv hosp,3,2026-10-31,24,quantile,0.025,1.0
2026-10-10,wk inc rsv hosp,0,2026-10-10,24,quantile,0.05,2.0
2026-10-10,wk inc rsv hosp,1,2026-10-17,24,quantile,0.05,2.0
2026-10-10,wk inc rsv hosp,2,2026-10-24,24,quantile,0.05,1.0
2026-10-10,wk inc rsv hosp,3,2026-10-31,24,quantile,0.05,1.0
2026-10-10,wk inc rsv hosp,0,2026-10-10,24,quantile,0.1,3.0
2026-10-10,wk inc rsv hosp,1,2026-10-17,24,quantile,0.1,2.0
2026-10-10,wk inc rsv hosp,2,2026-10-24,24,quantile,0.1,2.0
2026-10-10,wk inc rsv hosp,3,2026-10-31,24,quantile,0.1,2.0
2026-10-10,wk inc rsv hosp,0,2026-10-10,24,quantile,0.15,3.0
2026-10-10,wk inc rsv hosp,1,2026-10-17,24,quantile,0.15,3.0
2026-10-10,wk inc rsv hosp,2,2026-10-24,24,quantile,0.15,2.0
2026-10-10,wk inc rsv hosp,3,2026-10-31,24,quantile,0.15,2.0
2026-10-10,wk inc rsv hosp,0,2026-10-10,24,quantile,0.2,3.0
2026-10-10,wk inc rsv hosp,1,2026-10-17,24,quantile,0.2,3.0
2026-10-10,wk inc rsv hosp,2,2026-10-24,24,quantile,0.2,3.0
2026-10-10,wk inc rsv hosp,3,2026-10-31,24,quantile,0.2,2.0
2026-10-10,wk inc rsv hosp,0,2026-10-10,24,quantile,0.25,4.0
2026-10-10,wk inc rsv hosp,1,2026-10-17,24,quantile,0.25,3.0
2026-10-10,wk inc rsv hosp,2,2026-10-24,24,quantile,0.25,3.0
2026-10-10,wk inc rsv hosp,3,2026-10-31,24,quantile,0.25,3.0
2026-10-10,wk inc rsv hosp,0,2026-10-10,24,quantile,0.3,4.0
2026-10-10,wk inc rsv hosp,1,2026-10-17,24,quantile,0.3,4.0
2026-10-10,wk inc rsv hosp,2,2026-10-24,24,quantile,0.3,3.0
2026-10-10,wk inc rsv hosp,3,2026-10-31,24,quantile,0.3,3.0
2026-10-10,wk inc rsv hosp,0,2026-10-10,24,quantile,0.35,4.0
2026-10-10,wk inc rsv hosp,1,2026-10-17,24,quantile,0.35,4.0
2026-10-10,wk inc rsv hosp,2,2026-10-24,24,quantile,0.35,4.0
2026-10-10,wk inc rsv hosp,3,2026-10-31,24,quantile,0.35,4.0
2026-10-10,wk inc rsv hosp,0,2026-10-10,24,quantile,0.4,4.0
2026-10-10,wk inc rsv hosp,1,2026-10-17,24,quantile,0.4,4.0
2026-10-10,wk inc rsv hosp,2,2026-10-24,24,quantile,0.4,4.0
2026-10-10,wk inc rsv hosp,3,2026-10-31,24,quantile,0.4,4.0
2026-10-10,wk inc rsv hosp,0,2026-10-10,24,quantile,0.45,5.0
2026-10-10,wk inc rsv hosp,1,2026-10-17,24,quantile,0.45,5.0
2026-10-10,wk inc rsv hosp,2,2026-10-24,24,quantile,0.45,5.0
2026-10-10,wk inc rsv hosp,3,2026-10-31,24,quantile,0.45,5.0
2026-10-10,wk inc rsv hosp,0,2026-10-10,24,quantile,0.5,5.0
2026-10-10,wk inc rsv hosp,1,2026-10-17,24,quantile,0.5,5.0
2026-10-10,wk inc rsv hosp,2,2026-10-24,24,quantile,0.5,5.0
2026-10-10,wk inc rsv hosp,3,2026-10-31,24,quantile,0.5,5.0
2026-10-10,wk inc rsv hosp,0,2026-10-10,24,quantile,0.55,5.0
2026-10-10,wk inc rsv hosp,1,2026-10-17,24,quantile,0.55,5.0
2026-10-10,wk inc rsv hosp,2,2026-10-24,24,quantile,0.55,6.0
2026-10-10,wk inc rsv hosp,3,2026-10-31,24,quantile,0.55,6.0
2026-10-10,wk inc rsv hosp,0,2026-10-10,24,quantile,0.6,5.0
2026-10-10,wk inc rsv hosp,1,2026-10-17,24,quantile,0.6,6.0
2026-10-10,wk inc rsv hosp,2,2026-10-24,24,quantile,0.6,6.0
2026-10-10,wk inc rsv hosp,3,2026-10-31,24,quantile,0.6,6.0
2026-10-10,wk inc rsv hosp,0,2026-10-10,24,quantile,0.65,6.0
2026-10-10,wk inc rsv hosp,1,2026-10-17,24,quantile,0.65,6.0
2026-10-10,wk inc rsv hosp,2,2026-10-24,24,quantile,0.65,7.0
2026-10-10,wk inc rsv hosp,3,2026-10-31,24,quantile,0.65,7.0
2026-10-10,wk inc rsv hosp,0,2026-10-10,24,quantile,0.7,6.0
2026-10-10,wk inc rsv hosp,1,2026-10-17,24,quantile,0.7,7.0
2026-10-10,wk inc rsv hosp,2,2026-10-24,24,quantile,0.7,7.0
2026-10-10,wk inc rsv hosp,3,2026-10-31,24,quantile,0.7,8.0
2026-10-10,wk inc rsv hosp,0,2026-10-10,24,quantile,0.75,6.0
2026-10-10,wk inc rsv hosp,1,2026-10-17,24,quantile,0.75,7.0
2026-10-10,wk inc rsv hosp,2,2026-10-24,24,quantile,0.75,8.0
2026-10-10,wk inc rsv hosp,3,2026-10-31,24,quantile,0.75,10.0
2026-10-10,wk inc rsv hosp,0,2026-10-10,24,quantile,0.8,7.0
2026-10-10,wk inc rsv hosp,1,2026-10-17,24,quantile,0.8,8.0
2026-10-10,wk inc rsv hosp,2,2026-10-24,24,quantile,0.8,9.0
2026-10-10,wk inc rsv hosp,3,2026-10-31,24,quantile,0.8,11.0
2026-10-10,wk inc rsv hosp,0,2026-10-10,24,quantile,0.85,7.0
2026-10-10,wk inc rsv hosp,1,2026-10-17,24,quantile,0.85,9.0
2026-10-10,wk inc rsv hosp,2,2026-10-24,24,quantile,0.85,11.0
2026-10-10,wk inc rsv hosp,3,2026-10-31,24,quantile,0.85,14.0
2026-10-10,wk inc rsv hosp,0,2026-10-10,24,quantile,0.9,8.0
2026-10-10,wk inc rsv hosp,1,2026-10-17,24,quantile,0.9,10.0
2026-10-10,wk inc rsv hosp,2,2026-10-24,24,quantile,0.9,13.0
2026-10-10,wk inc rsv hosp,3,2026-10-31,24,quantile,0.9,17.0
2026-10-10,wk inc rsv hosp,0,2026-10-10,24,quantile,0.95,9.0
2026-10-10,wk inc rsv hosp,1,2026-10-17,24,quantile,0.95,12.0
2026-10-10,wk inc rsv hosp,2,2026-10-24,24,quantile,0.95,17.0
2026-10-10,wk inc rsv hosp,3,2026-10-31,24,quantile,0.95,23.0
2026-10-10,wk inc rsv hosp,0,2026-10-10,24,quantile,0.975,10.0
2026-10-10,wk inc rsv hosp,1,2026-10-17,24,quantile,0.975,14.0
2026-10-10,wk inc rsv hosp,2,2026-10-24,24,quantile,0.975,20.0
2026-10-10,wk inc rsv hosp,3,2026-10-31,24,quantile,0.975,30.0
2026-10-10,wk inc rsv hosp,0,2026-10-10,24,quantile,0.99,11.0
2026-10-10,wk inc rsv hosp,1,2026-10-17,24,quantile,0.99,16.0
2026-10-10,wk inc rsv hosp,2,2026-10-24,24,quantile,0.99,25.0
2026-10-10,wk inc rsv hosp,3,2026-10-31,24,quantile,0.99,39.0
2026-10-10,wk inc rsv hosp,0,2026-10-10,25,quantile,0.01,0.0
2026-10-10,wk inc rsv hosp,1,2026-10-17,25,quantile,0.01,0.0
2026-10-10,wk inc rsv hosp,2,2026-10-24,25,quantile,0.01,0.0
2026-10-10,wk inc rsv hosp,3,2026-10-31,25,quantile,0.01,0.0
2026-10-10,wk inc rsv hosp,0,2026-10-10,25,quantile,0.025,0.0
2026-10-10,wk inc rsv hosp,1,2026-10-17,25,quantile,0.025,0.0
2026-10-10,wk inc rsv hosp,2,2026-10-24,25,quantile,0.025,0.0
2026-10-10,wk inc rsv hosp,3,2026-10-31,25,quantile,0.025,0.0
2026-10-10,wk inc rsv hosp,0,2026-10-10,25,quantile,0.05,1.0
2026-10-10,wk inc rsv hosp,1,2026-10-17,25,quantile,0.05,0.0
2026-10-10,wk inc rsv hosp,2,2026-10-24,25,quantile,0.05,0.0
2026-10-10,wk inc rsv hosp,3,2026-10-31,25,quantile,0.05,0.0
2026-10-10,wk inc rsv hosp,0,2026-10-10,25,quantile,0.1,1.0
2026-10-10,wk inc rsv hosp,1,2026-10-17,25,quantile,0.1,1.0
2026-10-10,wk inc rsv hosp,2,2026-10-24,25,quantile,0.1,0.0
2026-10-10,wk inc rsv hosp,3,2026-10-31,25,quantile,0.1,0.0
2026-10-10,wk inc rsv hosp,0,2026-10-10,25,quantile,0.15,2.0
2026-10-10,wk inc rsv hosp,1,2026-10-17,25,quantile,0.15,1.0
2026-10-10,wk inc rsv hosp,2,2026-10-24,25,quantile,0.15,1.0
2026-10-10,wk inc rsv hosp,3,2026-10-31,25,quantile,0.15,1.0
2026-10-10,wk inc rsv hosp,0,2026-10-10,25,quantile,0.2,2.0
2026-10-10,wk inc rsv hosp,1,2026-10-17,25,quantile,0.2,2.0
2026-10-10,wk inc rsv hosp,2,2026-10-24,25,quantile,0.2,1.0
2026-10-10,wk inc rsv hosp,3,2026-10-31,25,quantile,0.2,1.0
2026-10-10,wk inc rsv hosp,0,2026-10-10,25,quantile,0.25,2.0
2026-10-10,wk inc rsv hosp,1,2026-10-17,25,quantile,0.25,2.0
2026-10-10,wk inc rsv hosp,2,2026-10-24,25,quantile,0.25,2.0
2026-10-10,wk inc rsv hosp,3,2026-10-31,25,quantile,0.25,1.0
2026-10-10,wk inc rsv hosp,0,2026-10-10,25,quantile,0.3,2.0
2026-10-10,wk inc rsv hosp,1,2026-10-17,25,quantile,0.3,2.0
2026-10-10,wk inc rsv hosp,2,2026-10-24,25,quantile,0.3,2.0
2026-10-10,wk inc rsv hosp,3,2026-10-31,25,quantile,0.3,2.0
2026-10-10,wk inc rsv hosp,0,2026-10-10,25,quantile,0.35,2.0
2026-10-10,wk inc rsv hosp,1,2026-10-17,25,quantile,0.35,2.0
2026-10-10,wk inc rsv hosp,2,2026-10-24,25,quantile,0.35,2.0
2026-10-10,wk inc rsv hosp,3,2026-10-31,25,quantile,0.35,2.0
2026-10-10,wk inc rsv hosp,0,2026-10-10,25,quantile,0.4,2.0
2026-10-10,wk inc rsv hosp,1,2026-10-17,25,quantile,0.4,2.0
2026-10-10,wk inc rsv hosp,2,2026-10-24,25,quantile,0.4,2.0
2026-10-10,wk inc rsv hosp,3,2026-10-31,25,quantile,0.4,2.0
2026-10-10,wk inc rsv hosp,0,2026-10-10,25,quantile,0.45,3.0
2026-10-10,wk inc rsv hosp,1,2026-10-17,25,quantile,0.45,2.0
2026-10-10,wk inc rsv hosp,2,2026-10-24,25,quantile,0.45,2.0
2026-10-10,wk inc rsv hosp,3,2026-10-31,25,quantile,0.45,2.0
2026-10-10,wk inc rsv hosp,0,2026-10-10,25,quantile,0.5,3.0
2026-10-10,wk inc rsv hosp,1,2026-10-17,25,quantile,0.5,3.0
2026-10-10,wk inc rsv hosp,2,2026-10-24,25,quantile,0.5,3.0
2026-10-10,wk inc rsv hosp,3,2026-10-31,25,quantile,0.5,2.0
2026-10-10,wk inc rsv hosp,0,2026-10-10,25,quantile,0.55,3.0
2026-10-10,wk inc rsv hosp,1,2026-10-17,25,quantile,0.55,3.0
2026-10-10,wk inc rsv hosp,2,2026-10-24,25,quantile,0.55,3.0
2026-10-10,wk inc rsv hosp,3,2026-10-31,25,quantile,0.55,3.0
2026-10-10,wk inc rsv hosp,0,2026-10-10,25,quantile,0.6,4.0
2026-10-10,wk inc rsv hosp,1,2026-10-17,25,quantile,0.6,3.0
2026-10-10,wk inc rsv hosp,2,2026-10-24,25,quantile,0.6,4.0
2026-10-10,wk inc rsv hosp,3,2026-10-31,25,quantile,0.6,4.0
2026-10-10,wk inc rsv hosp,0,2026-10-10,25,quantile,0.65,4.0
2026-10-10,wk inc rsv hosp,1,2026-10-17,25,quantile,0.65,4.0
2026-10-10,wk inc rsv hosp,2,2026-10-24,25,quantile,0.65,4.0
2026-10-10,wk inc rsv hosp,3,2026-10-31,25,quantile,0.65,4.0
2026-10-10,wk inc rsv hosp,0,2026-10-10,25,quantile,0.7,5.0
2026-10-10,wk inc rsv hosp,1,2026-10-17,25,quantile,0.7,4.0
2026-10-10,wk inc rsv hosp,2,2026-10-24,25,quantile,0.7,5.0
2026-10-10,wk inc rsv hosp,3,2026-10-31,25,quantile,0.7,5.0
2026-10-10,wk inc rsv hosp,0,2026-10-10,25,quantile,0.75,5.0
2026-10-10,wk inc rsv hosp,1,2026-10-17,25,quantile,0.75,5.0
2026-10-10,wk inc rsv hosp,2,2026-10-24,25,quantile,0.75,5.0
2026-10-10,wk inc rsv hosp,3,2026-10-31,25,quantile,0.75,5.0
2026-10-10,wk inc rsv hosp,0,2026-10-10,25,quantile,0.8,5.0
2026-10-10,wk inc rsv hosp,1,2026-10-17,25,quantile,0.8,5.0
2026-10-10,wk inc rsv hosp,2,2026-10-24,25,quantile,0.8,5.0
2026-10-10,wk inc rsv hosp,3,2026-10-31,25,quantile,0.8,6.0
2026-10-10,wk inc rsv hosp,0,2026-10-10,25,quantile,0.85,5.0
2026-10-10,wk inc rsv hosp,1,2026-10-17,25,quantile,0.85,6.0
2026-10-10,wk inc rsv hosp,2,2026-10-24,25,quantile,0.85,7.0
2026-10-10,wk inc rsv hosp,3,2026-10-31,25,quantile,0.85,7.0
2026-10-10,wk inc rsv hosp,0,2026-10-10,25,quantile,0.9,6.0
2026-10-10,wk inc rsv hosp,1,2026-10-17,25,quantile,0.9,7.0
2026-10-10,wk inc rsv hosp,2,2026-10-24,25,quantile,0.9,8.0
2026-10-10,wk inc rsv hosp,3,2026-10-31,25,quantile,0.9,9.0
2026-10-10,wk inc rsv hosp,0,2026-10-10,25,quantile,0.95,8.0
2026-10-10,wk inc rsv hosp,1,2026-10-17,25,quantile,0.95,8.0
2026-10-10,wk inc rsv hosp,2,2026-10-24,25,quantile,0.95,10.0
2026-10-10,wk inc rsv hosp,3,2026-10-31,25,quantile,0.95,12.0
2026-10-10,wk inc rsv hosp,0,2026-10-10,25,quantile,0.975,8.0
2026-10-10,wk inc rsv hosp,1,2026-10-17,25,quantile,0.975,9.0
2026-10-10,wk inc rsv hosp,2,2026-10-24,25,quantile,0.975,12.0
2026-10-10,wk inc rsv hosp,3,2026-10-31,25,quantile,0.975,14.0
2026-10-10,wk inc rsv hosp,0,2026-10-10,25,quantile,0.99,11.0
2026-10-10,wk inc rsv hosp,1,2026-10-17,25,quantile,0.99,12.0
2026-10-10,wk inc rsv hosp,2,2026-10-24,25,quantile,0.99,17.0
2026-10-10,wk inc rsv hosp,3,2026-10-31,25,quantile,0.99,21.0
2026-10-10,wk inc rsv hosp,0,2026-10-10,26,quantile,0.01,2.0
2026-10-10,wk inc rsv hosp,1,2026-10-17,26,quantile,0.01,0.0
2026-10-10,wk inc rsv hosp,2,2026-10-24,26,quantile,0.01,0.0
2026-10-10,wk inc rsv hosp,3,2026-10-31,26,quantile,0.01,0.0
2026-10-10,wk inc rsv hosp,0,2026-10-10,26,quantile,0.025,2.0
2026-10-10,wk inc rsv hosp,1,2026-10-17,26,quantile,0.025,2.0
2026-10-10,wk inc rsv hosp,2,2026-10-24,26,quantile,0.025,0.0
2026-10-10,wk inc rsv hosp,3,2026-10-31,26,quantile,0.025,0.0
2026-10-10,wk inc rsv hosp,0,2026-10-10,26,quantile,0.05,3.0
2026-10-10,wk inc rsv hosp,1,2026-10-17,26,quantile,0.05,2.0
2026-10-10,wk inc rsv hosp,2,2026-10-24,26,quantile,0.05,2.0
2026-10-10,wk inc rsv hosp,3,2026-10-31,26,quantile,0.05,0.0
2026-10-10,wk inc rsv hosp,0,2026-10-10,26,quantile,0.1,3.0
2026-10-10,wk inc rsv hosp,1,2026-10-17,26,quantile,0.1,3.0
2026-10-10,wk inc rsv hosp,2,2026-10-24,26,quantile,0.1,3.0
2026-10-10,wk inc rsv hosp,3,2026-10-31,26,quantile,0.1,2.0
2026-10-10,wk inc rsv hosp,0,2026-10-10,26,quantile,0.15,5.0
2026-10-10,wk inc rsv hosp,1,2026-10-17,26,quantile,0.15,5.0
2026-10-10,wk inc rsv hosp,2,2026-10-24,26,quantile,0.15,3.0
2026-10-10,wk inc rsv hosp,3,2026-10-31,26,quantile,0.15,3.0
2026-10-10,wk inc rsv hosp,0,2026-10-10,26,quantile,0.2,5.0
2026-10-10,wk inc rsv hosp,1,2026-10-17,26,quantile,0.2,5.0
2026-10-10,wk inc rsv hosp,2,2026-10-24,26,quantile,0.2,5.0
2026-10-10,wk inc rsv hosp,3,2026-10-31,26,quantile,0.2,3.0
2026-10-10,wk inc rsv hosp,0,2026-10-10,26,quantile,0.25,7.0
2026-10-10,wk inc rsv hosp,1,2026-10-17,26,quantile,0.25,7.0
2026-10-10,wk inc rsv hosp,2,2026-10-24,26,quantile,0.25,5.0
2026-10-10,wk inc rsv hosp,3,2026-10-31,26,quantile,0.25,5.0
2026-10-10,wk inc rsv hosp,0,2026-10-10,26,quantile,0.3,7.0
2026-10-10,wk inc rsv hosp,1,2026-10-17,26,quantile,0.3,7.0
2026-10-10,wk inc rsv hosp,2,2026-10-24,26,quantile,0.3,5.0
2026-10-10,wk inc rsv hosp,3,2026-10-31,26,quantile,0.3,6.0
2026-10-10,wk inc rsv hosp,0,2026-10-10,26,quantile,0.35,7.0
2026-10-10,wk inc rsv hosp,1,2026-10-17,26,quantile,0.35,7.0
2026-10-10,wk inc rsv hosp,2,2026-10-24,26,quantile,0.35,7.0
2026-10-10,wk inc rsv hosp,3,2026-10-31,26,quantile,0.35,7.0
2026-10-10,wk inc rsv hosp,0,2026-10-10,26,quantile,0.4,7.0
2026-10-10,wk inc rsv hosp,1,2026-10-17,26,quantile,0.4,8.0
2026-10-10,wk inc rsv hosp,2,2026-10-24,26,quantile,0.4,8.0
2026-10-10,wk inc rsv hosp,3,2026-10-31,26,quantile,0.4,8.0
2026-10-10,wk inc rsv hosp,0,2026-10-10,26,quantile,0.45,8.0
2026-10-10,wk inc rsv hosp,1,2026-10-17,26,quantile,0.45,8.0
2026-10-10,wk inc rsv hosp,2,2026-10-24,26,quantile,0.45,8.0
2026-10-10,wk inc rsv hosp,3,2026-10-31,26,quantile,0.45,8.0
2026-10-10,wk inc rsv hosp,0,2026-10-10,26,quantile,0.5,8.0
2026-10-10,wk inc rsv hosp,1,2026-10-17,26,quantile,0.5,8.0
2026-10-10,wk inc rsv hosp,2,2026-10-24,26,quantile,0.5,10.0
2026-10-10,wk inc rsv hosp,3,2026-10-31,26,quantile,0.5,10.0
2026-10-10,wk inc rsv hosp,0,2026-10-10,26,quantile,0.55,10.0
2026-10-10,wk inc rsv hosp,1,2026-10-17,26,quantile,0.55,10.0
2026-10-10,wk inc rsv hosp,2,2026-10-24,26,quantile,0.55,10.0
2026-10-10,wk inc rsv hosp,3,2026-10-31,26,quantile,0.55,10.0
2026-10-10,wk inc rsv hosp,0,2026-10-10,26,quantile,0.6,10.0
2026-10-10,wk inc rsv hosp,1,2026-10-17,26,quantile,0.6,10.0
2026-10-10,wk inc rsv hosp,2,2026-10-24,26,quantile,0.6,12.0
2026-10-10,wk inc rsv hosp,3,2026-10-31,26,quantile,0.6,12.0
2026-10-10,wk inc rsv hosp,0,2026-10-10,26,quantile,0.65,10.0
2026-10-10,wk inc rsv hosp,1,2026-10-17,26,quantile,0.65,12.0
2026-10-10,wk inc rsv hosp,2,2026-10-24,26,quantile,0.65,12.0
2026-10-10,wk inc rsv hosp,3,2026-10-31,26,quantile,0.65,13.0
2026-10-10,wk inc rsv hosp,0,2026-10-10,26,quantile,0.7,12.0
2026-10-10,wk inc rsv hosp,1,2026-10-17,26,quantile,0.7,13.0
2026-10-10,wk inc rsv hosp,2,2026-10-24,26,quantile,0.7,13.0
2026-10-10,wk inc rsv hosp,3,2026-10-31,26,quantile,0.7,15.0
2026-10-10,wk inc rsv hosp,0,2026-10-10,26,quantile,0.75,13.0
2026-10-10,wk inc rsv hosp,1,2026-10-17,26,quantile,0.75,13.0
2026-10-10,wk inc rsv hosp,2,2026-10-24,26,quantile,0.75,15.0
2026-10-10,wk inc rsv hosp,3,2026-10-31,26,quantile,0.75,17.0
2026-10-10,wk inc rsv hosp,0,2026-10-10,26,quantile,0.8,13.0
2026-10-10,wk inc rsv hosp,1,2026-10-17,26,quantile,0.8,15.0
2026-10-10,wk inc rsv hosp,2,2026-10-24,26,quantile,0.8,17.0
2026-10-10,wk inc rsv hosp,3,2026-10-31,26,quantile,0.8,18.0
2026-10-10,wk inc rsv hosp,0,2026-10-10,26,quantile,0.85,15.0
2026-10-10,wk inc rsv hosp,1,2026-10-17,26,quantile,0.85,17.0
2026-10-10,wk inc rsv hosp,2,2026-10-24,26,quantile,0.85,18.0
2026-10-10,wk inc rsv hosp,3,2026-10-31,26,quantile,0.85,22.0
2026-10-10,wk inc rsv hosp,0,2026-10-10,26,quantile,0.9,17.0
2026-10-10,wk inc rsv hosp,1,2026-10-17,26,quantile,0.9,18.0
2026-10-10,wk inc rsv hosp,2,2026-10-24,26,quantile,0.9,22.0
2026-10-10,wk inc rsv hosp,3,2026-10-31,26,quantile,0.9,25.0
2026-10-10,wk inc rsv hosp,0,2026-10-10,26,quantile,0.95,20.0
2026-10-10,wk inc rsv hosp,1,2026-10-17,26,quantile,0.95,22.0
2026-10-10,wk inc rsv hosp,2,2026-10-24,26,quantile,0.95,28.0
2026-10-10,wk inc rsv hosp,3,2026-10-31,26,quantile,0.95,33.0
2026-10-10,wk inc rsv hosp,0,2026-10-10,26,quantile,0.975,23.0
2026-10-10,wk inc rsv hosp,1,2026-10-17,26,quantile,0.975,25.0
2026-10-10,wk inc rsv hosp,2,2026-10-24,26,quantile,0.975,33.0
2026-10-10,wk inc rsv hosp,3,2026-10-31,26,quantile,0.975,40.0
2026-10-10,wk inc rsv hosp,0,2026-10-10,26,quantile,0.99,27.0
2026-10-10,wk inc rsv hosp,1,2026-10-17,26,quantile,0.99,32.0
2026-10-10,wk inc rsv hosp,2,2026-10-24,26,quantile,0.99,38.0
2026-10-10,wk inc rsv hosp,3,2026-10-31,26,quantile,0.99,47.0
2026-10-10,wk inc rsv hosp,0,2026-10-10,27,quantile,0.01,3.0
2026-10-10,wk inc rsv hosp,1,2026-10-17,27,quantile,0.01,2.0
2026-10-10,wk inc rsv hosp,2,2026-10-24,27,quantile,0.01,1.0
2026-10-10,wk inc rsv hosp,3,2026-10-31,27,quantile,0.01,1.0
2026-10-10,wk inc rsv hosp,0,2026-10-10,27,quantile,0.025,4.0
2026-10-10,wk inc rsv hosp,1,2026-10-17,27,quantile,0.025,3.0
2026-10-10,wk inc rsv hosp,2,2026-10-24,27,quantile,0.025,2.0
2026-10-10,wk inc rsv hosp,3,2026-10-31,27,quantile,0.025,2.0
2026-10-10,wk inc rsv hosp,0,2026-10-10,27,quantile,0.05,4.0
2026-10-10,wk inc rsv hosp,1,2026-10-17,27,quantile,0.05,4.0
2026-10-10,wk inc rsv hosp,2,2026-10-24,27,quantile,0.05,3.0
2026-10-10,wk inc rsv hosp,3,2026-10-31,27,quantile,0.05,2.0
2026-10-10,wk inc rsv hosp,0,2026-10-10,27,quantile,0.1,5.0
2026-10-10,wk inc rsv hosp,1,2026-10-17,27,quantile,0.1,4.0
2026-10-10,wk inc rsv hosp,2,2026-10-24,27,quantile,0.1,4.0
2026-10-10,wk inc rsv hosp,3,2026-10-31,27,quantile,0.1,3.0
2026-10-10,wk inc rsv hosp,0,2026-10-10,27,quantile,0.15,5.0
2026-10-10,wk inc rsv hosp,1,2026-10-17,27,quantile,0.15,5.0
2026-10-10,wk inc rsv hosp,2,2026-10-24,27,quantile,0.15,4.0
2026-10-10,wk inc rsv hosp,3,2026-10-31,27,quantile,0.15,4.0
2026-10-10,wk inc rsv hosp,0,2026-10-10,27,quantile,0.2,6.0
2026-10-10,wk inc rsv hosp,1,2026-10-17,27,quantile,0.2,5.0
2026-10-10,wk inc rsv hosp,2,2026-10-24,27,quantile,0.2,5.0
2026-10-10,wk inc rsv hosp,3,2026-10-31,27,quantile,0.2,4.0
2026-10-10,wk inc rsv hosp,0,2026-10-10,27,quantile,0.25,6.0
2026-10-10,wk inc rsv hosp,1,2026-10-17,27,quantile,0.25,6.0
2026-10-10,wk inc rsv hosp,2,2026-10-24,27,quantile,0.25,5.0
2026-10-10,wk inc rsv hosp,3,2026-10-31,27,quantile,0.25,5.0
2026-10-10,wk inc rsv hosp,0,2026-10-10,27,quantile,0.3,6.0
2026-10-10,wk inc rsv hosp,1,2026-10-17,27,quantile,0.3,6.0
2026-10-10,wk inc rsv hosp,2,2026-10-24,27,quantile,0.3,6.0
2026-10-10,wk inc rsv hosp,3,2026-10-31,27,quantile,0.3,6.0
2026-10-10,wk inc rsv hosp,0,2026-10-10,27,quantile,0.35,7.0
2026-10-10,wk inc rsv hosp,1,2026-10-17,27,quantile,0.35,6.0
2026-10-10,wk inc rsv hosp,2,2026-10-24,27,quantile,0.35,6.0
2026-10-10,wk inc rsv hosp,3,2026-10-31,27,quantile,0.35,6.0
2026-10-10,wk inc rsv hosp,0,2026-10-10,27,quantile,0.4,7.0
2026-10-10,wk inc rsv hosp,1,2026-10-17,27,quantile,0.4,7.0
2026-10-10,wk inc rsv hosp,2,2026-10-24,27,quantile,0.4,7.0
2026-10-10,wk inc rsv hosp,3,2026-10-31,27,quantile,0.4,7.0
2026-10-10,wk inc rsv hosp,0,2026-10-10,27,quantile,0.45,7.0
2026-10-10,wk inc rsv hosp,1,2026-10-17,27,quantile,0.45,7.0
2026-10-10,wk inc rsv hosp,2,2026-10-24,27,quantile,0.45,7.0
2026-10-10,wk inc rsv hosp,3,2026-10-31,27,quantile,0.45,7.0
2026-10-10,wk inc rsv hosp,0,2026-10-10,27,quantile,0.5,8.0
2026-10-10,wk inc rsv hosp,1,2026-10-17,27,quantile,0.5,8.0
2026-10-10,wk inc rsv hosp,2,2026-10-24,27,quantile,0.5,8.0
2026-10-10,wk inc rsv hosp,3,2026-10-31,27,quantile,0.5,8.0
2026-10-10,wk inc rsv hosp,0,2026-10-10,27,quantile,0.55,8.0
2026-10-10,wk inc rsv hosp,1,2026-10-17,27,quantile,0.55,8.0
2026-10-10,wk inc rsv hosp,2,2026-10-24,27,quantile,0.55,8.0
2026-10-10,wk inc rsv hosp,3,2026-10-31,27,quantile,0.55,8.0
2026-10-10,wk inc rsv hosp,0,2026-10-10,27,quantile,0.6,8.0
2026-10-10,wk inc rsv hosp,1,2026-10-17,27,quantile,0.6,9.0
2026-10-10,wk inc rsv hosp,2,2026-10-24,27,quantile,0.6,9.0
2026-10-10,wk inc rsv hosp,3,2026-10-31,27,quantile,0.6,9.0
2026-10-10,wk inc rsv hosp,0,2026-10-10,27,quantile,0.65,9.0
2026-10-10,wk inc rsv hosp,1,2026-10-17,27,quantile,0.65,9.0
2026-10-10,wk inc rsv hosp,2,2026-10-24,27,quantile,0.65,10.0
2026-10-10,wk inc rsv hosp,3,2026-10-31,27,quantile,0.65,10.0
2026-10-10,wk inc rsv hosp,0,2026-10-10,27,quantile,0.7,9.0
2026-10-10,wk inc rsv hosp,1,2026-10-17,27,quantile,0.7,10.0
2026-10-10,wk inc rsv hosp,2,2026-10-24,27,quantile,0.7,10.0
2026-10-10,wk inc rsv hosp,3,2026-10-31,27,quantile,0.7,11.0
2026-10-10,wk inc rsv hosp,0,2026-10-10,27,quantile,0.75,9.0
2026-10-10,wk inc rsv hosp,1,2026-10-17,27,quantile,0.75,10.0
2026-10-10,wk inc rsv hosp,2,2026-10-24,27,quantile,0.75,11.0
2026-10-10,wk inc rsv hosp,3,2026-10-31,27,quantile,0.75,13.0
2026-10-10,wk inc rsv hosp,0,2026-10-10,27,quantile,0.8,10.0
2026-10-10,wk inc rsv hosp,1,2026-10-17,27,quantile,0.8,11.0
2026-10-10,wk inc rsv hosp,2,2026-10-24,27,quantile,0.8,12.0
2026-10-10,wk inc rsv hosp,3,2026-10-31,27,quantile,0.8,14.0
2026-10-10,wk inc rsv hosp,0,2026-10-10,27,quantile,0.85,10.0
2026-10-10,wk inc rsv hosp,1,2026-10-17,27,quantile,0.85,12.0
2026-10-10,wk inc rsv hosp,2,2026-10-24,27,quantile,0.85,13.0
2026-10-10,wk inc rsv hosp,3,2026-10-31,27,quantile,0.85,15.0
2026-10-10,wk inc rsv hosp,0,2026-10-10,27,quantile,0.9,11.0
2026-10-10,wk inc rsv hosp,1,2026-10-17,27,quantile,0.9,13.0
2026-10-10,wk inc rsv hosp,2,2026-10-24,27,quantile,0.9,15.0
2026-10-10,wk inc rsv hosp,3,2026-10-31,27,quantile,0.9,17.0
2026-10-10,wk inc rsv hosp,0,2026-10-10,27,quantile,0.95,12.0
2026-10-10,wk inc rsv hosp,1,2026-10-17,27,quantile,0.95,15.0
2026-10-10,wk inc rsv hosp,2,2026-10-24,27,quantile,0.95,18.0
2026-10-10,wk inc rsv hosp,3,2026-10-31,27,quantile,0.95,22.0
2026-10-10,wk inc rsv hosp,0,2026-10-10,27,quantile,0.975,13.0
2026-10-10,wk inc rsv hosp,1,2026-10-17,27,quantile,0.975,17.0
2026-10-10,wk inc rsv hosp,2,2026-10-24,27,quantile,0.975,21.0
2026-10-10,wk inc rsv hosp,3,2026-10-31,27,quantile,0.975,28.0
2026-10-10,wk inc rsv hosp,0,2026-10-10,27,quantile,0.99,13.0
2026-10-10,wk inc rsv hosp,1,2026-10-17,27,quantile,0.99,18.0
2026-10-10,wk inc rsv hosp,2,2026-10-24,27,quantile,0.99,26.0
2026-10-10,wk inc rsv hosp,3,2026-10-31,27,quantile,0.99,33.0
2026-10-10,wk inc rsv hosp,0,2026-10-10,28,quantile,0.01,3.0
2026-10-10,wk inc rsv hosp,1,2026-10-17,28,quantile,0.01,2.0
2026-10-10,wk inc rsv hosp,2,2026-10-24,28,quantile,0.01,2.0
2026-10-10,wk inc rsv hosp,3,2026-10-31,28,quantile,0.01,1.0
2026-10-10,wk inc rsv hosp,0,2026-10-10,28,quantile,0.025,3.0
2026-10-10,wk inc rsv hosp,1,2026-10-17,28,quantile,0.025,2.0
2026-10-10,wk inc rsv hosp,2,2026-10-24,28,quantile,0.025,2.0
2026-10-10,wk inc rsv hosp,3,2026-10-31,28,quantile,0.025,2.0
2026-10-10,wk inc rsv hosp,0,2026-10-10,28,quantile,0.05,3.0
2026-10-10,wk inc rsv hosp,1,2026-10-17,28,quantile,0.05,3.0
2026-10-10,wk inc rsv hosp,2,2026-10-24,28,quantile,0.05,2.0
2026-10-10,wk inc rsv hosp,3,2026-10-31,28,quantile,0.05,2.0
2026-10-10,wk inc rsv hosp,0,2026-10-10,28,quantile,0.1,3.0
2026-10-10,wk inc rsv hosp,1,2026-10-17,28,quantile,0.1,3.0
2026-10-10,wk inc rsv hosp,2,2026-10-24,28,quantile,0.1,3.0
2026-10-10,wk inc rsv hosp,3,2026-10-31,28,quantile,0.1,2.0
2026-10-10,wk inc rsv hosp,0,2026-10-10,28,quantile,0.15,4.0
2026-10-10,wk inc rsv hosp,1,2026-10-17,28,quantile,0.15,3.0
2026-10-10,wk inc rsv hosp,2,2026-10-24,28,quantile,0.15,3.0
2026-10-10,wk inc rsv hosp,3,2026-10-31,28,quantile,0.15,3.0
2026-10-10,wk inc rsv hosp,0,2026-10-10,28,quantile,0.2,4.0
2026-10-10,wk inc rsv hosp,1,2026-10-17,28,quantile,0.2,4.0
2026-10-10,wk inc rsv hosp,2,2026-10-24,28,quantile,0.2,3.0
2026-10-10,wk inc rsv hosp,3,2026-10-31,28,quantile,0.2,3.0
2026-10-10,wk inc rsv hosp,0,2026-10-10,28,quantile,0.25,4.0
2026-10-10,wk inc rsv hosp,1,2026-10-17,28,quantile,0.25,4.0
2026-10-10,wk inc rsv hosp,2,2026-10-24,28,quantile,0.25,4.0
2026-10-10,wk inc rsv hosp,3,2026-10-31,28,quantile,0.25,3.0
2026-10-10,wk inc rsv hosp,0,2026-10-10,28,quantile,0.3,4.0
2026-10-10,wk inc rsv hosp,1,2026-10-17,28,quantile,0.3,4.0
2026-10-10,wk inc rsv hosp,2,2026-10-24,28,quantile,0.3,4.0
2026-10-10,wk inc rsv hosp,3,2026-10-31,28,quantile,0.3,4.0
2026-10-10,wk inc rsv hosp,0,2026-10-10,28,quantile,0.35,4.0
2026-10-10,wk inc rsv hosp,1,2026-10-17,28,quantile,0.35,4.0
2026-10-10,wk inc rsv hosp,2,2026-10-24,28,quantile,0.35,4.0
2026-10-10,wk inc rsv hosp,3,2026-10-31,28,quantile,0.35,4.0
2026-10-10,wk inc rsv hosp,0,2026-10-10,28,quantile,0.4,5.0
2026-10-10,wk inc rsv hosp,1,2026-10-17,28,quantile,0.4,4.0
2026-10-10,wk inc rsv hosp,2,2026-10-24,28,quantile,0.4,4.0
2026-10-10,wk inc rsv hosp,3,2026-10-31,28,quantile,0.4,4.0
2026-10-10,wk inc rsv hosp,0,2026-10-10,28,quantile,0.45,5.0
2026-10-10,wk inc rsv hosp,1,2026-10-17,28,quantile,0.45,5.0
2026-10-10,wk inc rsv hosp,2,2026-10-24,28,quantile,0.45,5.0
2026-10-10,wk inc rsv hosp,3,2026-10-31,28,quantile,0.45,5.0
2026-10-10,wk inc rsv hosp,0,2026-10-10,28,quantile,0.5,5.0
2026-10-10,wk inc rsv hosp,1,2026-10-17,28,quantile,0.5,5.0
2026-10-10,wk inc rsv hosp,2,2026-10-24,28,quantile,0.5,5.0
2026-10-10,wk inc rsv hosp,3,2026-10-31,28,quantile,0.5,5.0
2026-10-10,wk inc rsv hosp,0,2026-10-10,28,quantile,0.55,5.0
2026-10-10,wk inc rsv hosp,1,2026-10-17,28,quantile,0.55,5.0
2026-10-10,wk inc rsv hosp,2,2026-10-24,28,quantile,0.55,5.0
2026-10-10,wk inc rsv hosp,3,2026-10-31,28,quantile,0.55,6.0
2026-10-10,wk inc rsv hosp,0,2026-10-10,28,quantile,0.6,5.0
2026-10-10,wk inc rsv hosp,1,2026-10-17,28,quantile,0.6,5.0
2026-10-10,wk inc rsv hosp,2,2026-10-24,28,quantile,0.6,6.0
2026-10-10,wk inc rsv hosp,3,2026-10-31,28,quantile,0.6,6.0
2026-10-10,wk inc rsv hosp,0,2026-10-10,28,quantile,0.65,5.0
2026-10-10,wk inc rsv hosp,1,2026-10-17,28,quantile,0.65,6.0
2026-10-10,wk inc rsv hosp,2,2026-10-24,28,quantile,0.65,6.0
2026-10-10,wk inc rsv hosp,3,2026-10-31,28,quantile,0.65,7.0
2026-10-10,wk inc rsv hosp,0,2026-10-10,28,quantile,0.7,5.0
2026-10-10,wk inc rsv hosp,1,2026-10-17,28,quantile,0.7,6.0
2026-10-10,wk inc rsv hosp,2,2026-10-24,28,quantile,0.7,6.0
2026-10-10,wk inc rsv hosp,3,2026-10-31,28,quantile,0.7,7.0
2026-10-10,wk inc rsv hosp,0,2026-10-10,28,quantile,0.75,6.0
2026-10-10,wk inc rsv hosp,1,2026-10-17,28,quantile,0.75,6.0
2026-10-10,wk inc rsv hosp,2,2026-10-24,28,quantile,0.75,7.0
2026-10-10,wk inc rsv hosp,3,2026-10-31,28,quantile,0.75,8.0
2026-10-10,wk inc rsv hosp,0,2026-10-10,28,quantile,0.8,6.0
2026-10-10,wk inc rsv hosp,1,2026-10-17,28,quantile,0.8,7.0
2026-10-10,wk inc rsv hosp,2,2026-10-24,28,quantile,0.8,7.0
2026-10-10,wk inc rsv hosp,3,2026-10-31,28,quantile,0.8,9.0
2026-10-10,wk inc rsv hosp,0,2026-10-10,28,quantile,0.85,6.0
2026-10-10,wk inc rsv hosp,1,2026-10-17,28,quantile,0.85,7.0
2026-10-10,wk inc rsv hosp,2,2026-10-24,28,quantile,0.85,8.0
2026-10-10,wk inc rsv hosp,3,2026-10-31,28,quantile,0.85,10.0
2026-10-10,wk inc rsv hosp,0,2026-10-10,28,quantile,0.9,6.0
2026-10-10,wk inc rsv hosp,1,2026-10-17,28,quantile,0.9,8.0
2026-10-10,wk inc rsv hosp,2,2026-10-24,28,quantile,0.9,9.0
2026-10-10,wk inc rsv hosp,3,2026-10-31,28,quantile,0.9,11.0
2026-10-10,wk inc rsv hosp,0,2026-10-10,28,quantile,0.95,7.0
2026-10-10,wk inc rsv hosp,1,2026-10-17,28,quantile,0.95,9.0
2026-10-10,wk inc rsv hosp,2,2026-10-24,28,quantile,0.95,11.0
2026-10-10,wk inc rsv hosp,3,2026-10-31,28,quantile,0.95,13.0
2026-10-10,wk inc rsv hosp,0,2026-10-10,28,quantile,0.975,7.0
2026-10-10,wk inc rsv hosp,1,2026-10-17,28,quantile,0.975,9.0
2026-10-10,wk inc rsv hosp,2,2026-10-24,28,quantile,0.975,12.0
2026-10-10,wk inc rsv hosp,3,2026-10-31,28,quantile,0.975,16.0
2026-10-10,wk inc rsv hosp,0,2026-10-10,28,quantile,0.99,8.0
2026-10-10,wk inc rsv hosp,1,2026-10-17,28,quantile,0.99,10.0
2026-10-10,wk inc rsv hosp,2,2026-10-24,28,quantile,0.99,14.0
2026-10-10,wk inc rsv hosp,3,2026-10-31,28,quantile,0.99,18.0
2026-10-10,wk inc rsv hosp,0,2026-10-10,29,quantile,0.01,1.0
2026-10-10,wk inc rsv hosp,1,2026-10-17,29,quantile,0.01,0.0
2026-10-10,wk inc rsv hosp,2,2026-10-24,29,quantile,0.01,0.0
2026-10-10,wk inc rsv hosp,3,2026-10-31,29,quantile,0.01,0.0
2026-10-10,wk inc rsv hosp,0,2026-10-10,29,quantile,0.025,1.0
2026-10-10,wk inc rsv hosp,1,2026-10-17,29,quantile,0.025,0.0
2026-10-10,wk inc rsv hosp,2,2026-10-24,29,quantile,0.025,0.0
2026-10-10,wk inc rsv hosp,3,2026-10-31,29,quantile,0.025,0.0
2026-10-10,wk inc rsv hosp,0,2026-10-10,29,quantile,0.05,1.0
2026-10-10,wk inc rsv hosp,1,2026-10-17,29,quantile,0.05,1.0
2026-10-10,wk inc rsv hosp,2,2026-10-24,29,quantile,0.05,1.0
2026-10-10,wk inc rsv hosp,3,2026-10-31,29,quantile,0.05,0.0
2026-10-10,wk inc rsv hosp,0,2026-10-10,29,quantile,0.1,3.0
2026-10-10,wk inc rsv hosp,1,2026-10-17,29,quantile,0.1,3.0
2026-10-10,wk inc rsv hosp,2,2026-10-24,29,quantile,0.1,1.0
2026-10-10,wk inc rsv hosp,3,2026-10-31,29,quantile,0.1,1.0
2026-10-10,wk inc rsv hosp,0,2026-10-10,29,quantile,0.15,3.0
2026-10-10,wk inc rsv hosp,1,2026-10-17,29,quantile,0.15,3.0
2026-10-10,wk inc rsv hosp,2,2026-10-24,29,quantile,0.15,3.0
2026-10-10,wk inc rsv hosp,3,2026-10-31,29,quantile,0.15,1.0
2026-10-10,wk inc rsv hosp,0,2026-10-10,29,quantile,0.2,4.0
2026-10-10,wk inc rsv hosp,1,2026-10-17,29,quantile,0.2,4.0
2026-10-10,wk inc rsv hosp,2,2026-10-24,29,quantile,0.2,3.0
2026-10-10,wk inc rsv hosp,3,2026-10-31,29,quantile,0.2,3.0
2026-10-10,wk inc rsv hosp,0,2026-10-10,29,quantile,0.25,4.0
2026-10-10,wk inc rsv hosp,1,2026-10-17,29,quantile,0.25,4.0
2026-10-10,wk inc rsv hosp,2,2026-10-24,29,quantile,0.25,4.0
2026-10-10,wk inc rsv hosp,3,2026-10-31,29,quantile,0.25,3.0
2026-10-10,wk inc rsv hosp,0,2026-10-10,29,quantile,0.3,6.0
2026-10-10,wk inc rsv hosp,1,2026-10-17,29,quantile,0.3,6.0
2026-10-10,wk inc rsv hosp,2,2026-10-24,29,quantile,0.3,4.0
2026-10-10,wk inc rsv hosp,3,2026-10-31,29,quantile,0.3,4.0
2026-10-10,wk inc rsv hosp,0,2026-10-10,29,quantile,0.35,6.0
2026-10-10,wk inc rsv hosp,1,2026-10-17,29,quantile,0.35,6.0
2026-10-10,wk inc rsv hosp,2,2026-10-24,29,quantile,0.35,6.0
2026-10-10,wk inc rsv hosp,3,2026-10-31,29,quantile,0.35,6.0
2026-10-10,wk inc rsv hosp,0,2026-10-10,29,quantile,0.4,7.0
2026-10-10,wk inc rsv hosp,1,2026-10-17,29,quantile,0.4,6.0
2026-10-10,wk inc rsv hosp,2,2026-10-24,29,quantile,0.4,6.0
2026-10-10,wk inc rsv hosp,3,2026-10-31,29,quantile,0.4,6.0
2026-10-10,wk inc rsv hosp,0,2026-10-10,29,quantile,0.45,7.0
2026-10-10,wk inc rsv hosp,1,2026-10-17,29,quantile,0.45,7.0
2026-10-10,wk inc rsv hosp,2,2026-10-24,29,quantile,0.45,7.0
2026-10-10,wk inc rsv hosp,3,2026-10-31,29,quantile,0.45,7.0
2026-10-10,wk inc rsv hosp,0,2026-10-10,29,quantile,0.5,7.0
2026-10-10,wk inc rsv hosp,1,2026-10-17,29,quantile,0.5,7.0
2026-10-10,wk inc rsv hosp,2,2026-10-24,29,quantile,0.5,7.0
2026-10-10,wk inc rsv hosp,3,2026-10-31,29,quantile,0.5,7.0
2026-10-10,wk inc rsv hosp,0,2026-10-10,29,quantile,0.55,9.0
2026-10-10,wk inc rsv hosp,1,2026-10-17,29,quantile,0.55,9.0
2026-10-10,wk inc rsv hosp,2,2026-10-24,29,quantile,0.55,9.0
2026-10-10,wk inc rsv hosp,3,2026-10-31,29,quantile,0.55,9.0
2026-10-10,wk inc rsv hosp,0,2026-10-10,29,quantile,0.6,9.0
2026-10-10,wk inc rsv hosp,1,2026-10-17,29,quantile,0.6,9.0
2026-10-10,wk inc rsv hosp,2,2026-10-24,29,quantile,0.6,10.0
2026-10-10,wk inc rsv hosp,3,2026-10-31,29,quantile,0.6,9.0
2026-10-10,wk inc rsv hosp,0,2026-10-10,29,quantile,0.65,10.0
2026-10-10,wk inc rsv hosp,1,2026-10-17,29,quantile,0.65,10.0
2026-10-10,wk inc rsv hosp,2,2026-10-24,29,quantile,0.65,10.0
2026-10-10,wk inc rsv hosp,3,2026-10-31,29,quantile,0.65,11.0
2026-10-10,wk inc rsv hosp,0,2026-10-10,29,quantile,0.7,10.0
2026-10-10,wk inc rsv hosp,1,2026-10-17,29,quantile,0.7,11.0
2026-10-10,wk inc rsv hosp,2,2026-10-24,29,quantile,0.7,11.0
2026-10-10,wk inc rsv hosp,3,2026-10-31,29,quantile,0.7,11.0
2026-10-10,wk inc rsv hosp,0,2026-10-10,29,quantile,0.75,10.0
2026-10-10,wk inc rsv hosp,1,2026-10-17,29,quantile,0.75,11.0
2026-10-10,wk inc rsv hosp,2,2026-10-24,29,quantile,0.75,13.0
2026-10-10,wk inc rsv hosp,3,2026-10-31,29,quantile,0.75,13.0
2026-10-10,wk inc rsv hosp,0,2026-10-10,29,quantile,0.8,11.0
2026-10-10,wk inc rsv hosp,1,2026-10-17,29,quantile,0.8,13.0
2026-10-10,wk inc rsv hosp,2,2026-10-24,29,quantile,0.8,14.0
2026-10-10,wk inc rsv hosp,3,2026-10-31,29,quantile,0.8,16.0
2026-10-10,wk inc rsv hosp,0,2026-10-10,29,quantile,0.85,13.0
2026-10-10,wk inc rsv hosp,1,2026-10-17,29,quantile,0.85,14.0
2026-10-10,wk inc rsv hosp,2,2026-10-24,29,quantile,0.85,14.0
2026-10-10,wk inc rsv hosp,3,2026-10-31,29,quantile,0.85,19.0
2026-10-10,wk inc rsv hosp,0,2026-10-10,29,quantile,0.9,14.0
2026-10-10,wk inc rsv hosp,1,2026-10-17,29,quantile,0.9,16.0
2026-10-10,wk inc rsv hosp,2,2026-10-24,29,quantile,0.9,17.0
2026-10-10,wk inc rsv hosp,3,2026-10-31,29,quantile,0.9,22.0
2026-10-10,wk inc rsv hosp,0,2026-10-10,29,quantile,0.95,17.0
2026-10-10,wk inc rsv hosp,1,2026-10-17,29,quantile,0.95,19.0
2026-10-10,wk inc rsv hosp,2,2026-10-24,29,quantile,0.95,22.0
2026-10-10,wk inc rsv hosp,3,2026-10-31,29,quantile,0.95,26.0
2026-10-10,wk inc rsv hosp,0,2026-10-10,29,quantile,0.975,19.0
2026-10-10,wk inc rsv hosp,1,2026-10-17,29,quantile,0.975,22.0
2026-10-10,wk inc rsv hosp,2,2026-10-24,29,quantile,0.975,25.0
2026-10-10,wk inc rsv hosp,3,2026-10-31,29,quantile,0.975,33.0
2026-10-10,wk inc rsv hosp,0,2026-10-10,29,quantile,0.99,22.0
2026-10-10,wk inc rsv hosp,1,2026-10-17,29,quantile,0.99,26.0
2026-10-10,wk inc rsv hosp,2,2026-10-24,29,quantile,0.99,32.0
2026-10-10,wk inc rsv hosp,3,2026-10-31,29,quantile,0.99,42.0
2026-10-10,wk inc rsv hosp,0,2026-10-10,30,quantile,0.01,0.0
2026-10-10,wk inc rsv hosp,1,2026-10-17,30,quantile,0.01,0.0
2026-10-10,wk inc rsv hosp,2,2026-10-24,30,quantile,0.01,0.0
2026-10-10,wk inc rsv hosp,3,2026-10-31,30,quantile,0.01,0.0
2026-10-10,wk inc rsv hosp,0,2026-10-10,30,quantile,0.025,0.0
2026-10-10,wk inc rsv hosp,1,2026-10-17,30,quantile,0.025,0.0
2026-10-10,wk inc rsv hosp,2,2026-10-24,30,quantile,0.025,0.0
2026-10-10,wk inc rsv hosp,3,2026-10-31,30,quantile,0.025,0.0
2026-10-10,wk inc rsv hosp,0,2026-10-10,30,quantile,0.05,1.0
2026-10-10,wk inc rsv hosp,1,2026-10-17,30,quantile,0.05,0.0
2026-10-10,wk inc rsv hosp,2,2026-10-24,30,quantile,0.05,0.0
2026-10-10,wk inc rsv hosp,3,2026-10-31,30,quantile,0.05,0.0
2026-10-10,wk inc rsv hosp,0,2026-10-10,30,quantile,0.1,1.0
2026-10-10,wk inc rsv hosp,1,2026-10-17,30,quantile,0.1,1.0
2026-10-10,wk inc rsv hosp,2,2026-10-24,30,quantile,0.1,0.0
2026-10-10,wk inc rsv hosp,3,2026-10-31,30,quantile,0.1,0.0
2026-10-10,wk inc rsv hosp,0,2026-10-10,30,quantile,0.15,1.0
2026-10-10,wk inc rsv hosp,1,2026-10-17,30,quantile,0.15,1.0
2026-10-10,wk inc rsv hosp,2,2026-10-24,30,quantile,0.15,1.0
2026-10-10,wk inc rsv hosp,3,2026-10-31,30,quantile,0.15,1.0
2026-10-10,wk inc rsv hosp,0,2026-10-10,30,quantile,0.2,1.0
2026-10-10,wk inc rsv hosp,1,2026-10-17,30,quantile,0.2,1.0
2026-10-10,wk inc rsv hosp,2,2026-10-24,30,quantile,0.2,1.0
2026-10-10,wk inc rsv hosp,3,2026-10-31,30,quantile,0.2,1.0
2026-10-10,wk inc rsv hosp,0,2026-10-10,30,quantile,0.25,1.0
2026-10-10,wk inc rsv hosp,1,2026-10-17,30,quantile,0.25,1.0
2026-10-10,wk inc rsv hosp,2,2026-10-24,30,quantile,0.25,1.0
2026-10-10,wk inc rsv hosp,3,2026-10-31,30,quantile,0.25,1.0
2026-10-10,wk inc rsv hosp,0,2026-10-10,30,quantile,0.3,1.0
2026-10-10,wk inc rsv hosp,1,2026-10-17,30,quantile,0.3,1.0
2026-10-10,wk inc rsv hosp,2,2026-10-24,30,quantile,0.3,1.0
2026-10-10,wk inc rsv hosp,3,2026-10-31,30,quantile,0.3,1.0
2026-10-10,wk inc rsv hosp,0,2026-10-10,30,quantile,0.35,1.0
2026-10-10,wk inc rsv hosp,1,2026-10-17,30,quantile,0.35,1.0
2026-10-10,wk inc rsv hosp,2,2026-10-24,30,quantile,0.35,1.0
2026-10-10,wk inc rsv hosp,3,2026-10-31,30,quantile,0.35,1.0
2026-10-10,wk inc rsv hosp,0,2026-10-10,30,quantile,0.4,1.0
2026-10-10,wk inc rsv hosp,1,2026-10-17,30,quantile,0.4,1.0
2026-10-10,wk inc rsv hosp,2,2026-10-24,30,quantile,0.4,1.0
2026-10-10,wk inc rsv hosp,3,2026-10-31,30,quantile,0.4,1.0
2026-10-10,wk inc rsv hosp,0,2026-10-10,30,quantile,0.45,1.0
2026-10-10,wk inc rsv hosp,1,2026-10-17,30,quantile,0.45,1.0
2026-10-10,wk inc rsv hosp,2,2026-10-24,30,quantile,0.45,1.0
2026-10-10,wk inc rsv hosp,3,2026-10-31,30,quantile,0.45,1.0
2026-10-10,wk inc rsv hosp,0,2026-10-10,30,quantile,0.5,2.0
2026-10-10,wk inc rsv hosp,1,2026-10-17,30,quantile,0.5,2.0
2026-10-10,wk inc rsv hosp,2,2026-10-24,30,quantile,0.5,2.0
2026-10-10,wk inc rsv hosp,3,2026-10-31,30,quantile,0.5,1.0
2026-10-10,wk inc rsv hosp,0,2026-10-10,30,quantile,0.55,2.0
2026-10-10,wk inc rsv hosp,1,2026-10-17,30,quantile,0.55,2.0
2026-10-10,wk inc rsv hosp,2,2026-10-24,30,quantile,0.55,2.0
2026-10-10,wk inc rsv hosp,3,2026-10-31,30,quantile,0.55,2.0
2026-10-10,wk inc rsv hosp,0,2026-10-10,30,quantile,0.6,2.0
2026-10-10,wk inc rsv hosp,1,2026-10-17,30,quantile,0.6,2.0
2026-10-10,wk inc rsv hosp,2,2026-10-24,30,quantile,0.6,2.0
2026-10-10,wk inc rsv hosp,3,2026-10-31,30,quantile,0.6,2.0
2026-10-10,wk inc rsv hosp,0,2026-10-10,30,quantile,0.65,2.0
2026-10-10,wk inc rsv hosp,1,2026-10-17,30,quantile,0.65,2.0
2026-10-10,wk inc rsv hosp,2,2026-10-24,30,quantile,0.65,2.0
2026-10-10,wk inc rsv hosp,3,2026-10-31,30,quantile,0.65,2.0
2026-10-10,wk inc rsv hosp,0,2026-10-10,30,quantile,0.7,2.0
2026-10-10,wk inc rsv hosp,1,2026-10-17,30,quantile,0.7,2.0
2026-10-10,wk inc rsv hosp,2,2026-10-24,30,quantile,0.7,2.0
2026-10-10,wk inc rsv hosp,3,2026-10-31,30,quantile,0.7,2.0
2026-10-10,wk inc rsv hosp,0,2026-10-10,30,quantile,0.75,2.0
2026-10-10,wk inc rsv hosp,1,2026-10-17,30,quantile,0.75,2.0
2026-10-10,wk inc rsv hosp,2,2026-10-24,30,quantile,0.75,2.0
2026-10-10,wk inc rsv hosp,3,2026-10-31,30,quantile,0.75,3.0
2026-10-10,wk inc rsv hosp,0,2026-10-10,30,quantile,0.8,2.0
2026-10-10,wk inc rsv hosp,1,2026-10-17,30,quantile,0.8,2.0
2026-10-10,wk inc rsv hosp,2,2026-10-24,30,quantile,0.8,3.0
2026-10-10,wk inc rsv hosp,3,2026-10-31,30,quantile,0.8,3.0
2026-10-10,wk inc rsv hosp,0,2026-10-10,30,quantile,0.85,2.0
2026-10-10,wk inc rsv hosp,1,2026-10-17,30,quantile,0.85,3.0
2026-10-10,wk inc rsv hosp,2,2026-10-24,30,quantile,0.85,3.0
2026-10-10,wk inc rsv hosp,3,2026-10-31,30,quantile,0.85,3.0
2026-10-10,wk inc rsv hosp,0,2026-10-10,30,quantile,0.9,3.0
2026-10-10,wk inc rsv hosp,1,2026-10-17,30,quantile,0.9,3.0
2026-10-10,wk inc rsv hosp,2,2026-10-24,30,quantile,0.9,4.0
2026-10-10,wk inc rsv hosp,3,2026-10-31,30,quantile,0.9,4.0
2026-10-10,wk inc rsv hosp,0,2026-10-10,30,quantile,0.95,3.0
2026-10-10,wk inc rsv hosp,1,2026-10-17,30,quantile,0.95,4.0
2026-10-10,wk inc rsv hosp,2,2026-10-24,30,quantile,0.95,5.0
2026-10-10,wk inc rsv hosp,3,2026-10-31,30,quantile,0.95,6.0
2026-10-10,wk inc rsv hosp,0,2026-10-10,30,quantile,0.975,3.0
2026-10-10,wk inc rsv hosp,1,2026-10-17,30,quantile,0.975,4.0
2026-10-10,wk inc rsv hosp,2,2026-10-24,30,quantile,0.975,5.0
2026-10-10,wk inc rsv hosp,3,2026-10-31,30,quantile,0.975,7.0
2026-10-10,wk inc rsv hosp,0,2026-10-10,30,quantile,0.99,4.0
2026-10-10,wk inc rsv hosp,1,2026-10-17,30,quantile,0.99,5.0
2026-10-10,wk inc rsv hosp,2,2026-10-24,30,quantile,0.99,6.0
2026-10-10,wk inc rsv hosp,3,2026-10-31,30,quantile,0.99,8.0
2026-10-10,wk inc rsv hosp,0,2026-10-10,31,quantile,0.01,0.0
2026-10-10,wk inc rsv hosp,1,2026-10-17,31,quantile,0.01,0.0
2026-10-10,wk inc rsv hosp,2,2026-10-24,31,quantile,0.01,0.0
2026-10-10,wk inc rsv hosp,3,2026-10-31,31,quantile,0.01,0.0
2026-10-10,wk inc rsv hosp,0,2026-10-10,31,quantile,0.025,0.0
2026-10-10,wk inc rsv hosp,1,2026-10-17,31,quantile,0.025,0.0
2026-10-10,wk inc rsv hosp,2,2026-10-24,31,quantile,0.025,0.0
2026-10-10,wk inc rsv hosp,3,2026-10-31,31,quantile,0.025,0.0
2026-10-10,wk inc rsv hosp,0,2026-10-10,31,quantile,0.05,0.0
2026-10-10,wk inc rsv hosp,1,2026-10-17,31,quantile,0.05,0.0
2026-10-10,wk inc rsv hosp,2,2026-10-24,31,quantile,0.05,0.0
2026-10-10,wk inc rsv hosp,3,2026-10-31,31,quantile,0.05,0.0
2026-10-10,wk inc rsv hosp,0,2026-10-10,31,quantile,0.1,1.0
2026-10-10,wk inc rsv hosp,1,2026-10-17,31,quantile,0.1,1.0
2026-10-10,wk inc rsv hosp,2,2026-10-24,31,quantile,0.1,1.0
2026-10-10,wk inc rsv hosp,3,2026-10-31,31,quantile,0.1,0.0
2026-10-10,wk inc rsv hosp,0,2026-10-10,31,quantile,0.15,1.0
2026-10-10,wk inc rsv hosp,1,2026-10-17,31,quantile,0.15,1.0
2026-10-10,wk inc rsv hosp,2,2026-10-24,31,quantile,0.15,1.0
2026-10-10,wk inc rsv hosp,3,2026-10-31,31,quantile,0.15,1.0
2026-10-10,wk inc rsv hosp,0,2026-10-10,31,quantile,0.2,2.0
2026-10-10,wk inc rsv hosp,1,2026-10-17,31,quantile,0.2,2.0
2026-10-10,wk inc rsv hosp,2,2026-10-24,31,quantile,0.2,1.0
2026-10-10,wk inc rsv hosp,3,2026-10-31,31,quantile,0.2,1.0
2026-10-10,wk inc rsv hosp,0,2026-10-10,31,quantile,0.25,2.0
2026-10-10,wk inc rsv hosp,1,2026-10-17,31,quantile,0.25,2.0
2026-10-10,wk inc rsv hosp,2,2026-10-24,31,quantile,0.25,2.0
2026-10-10,wk inc rsv hosp,3,2026-10-31,31,quantile,0.25,1.0
2026-10-10,wk inc rsv hosp,0,2026-10-10,31,quantile,0.3,2.0
2026-10-10,wk inc rsv hosp,1,2026-10-17,31,quantile,0.3,2.0
2026-10-10,wk inc rsv hosp,2,2026-10-24,31,quantile,0.3,2.0
2026-10-10,wk inc rsv hosp,3,2026-10-31,31,quantile,0.3,2.0
2026-10-10,wk inc rsv hosp,0,2026-10-10,31,quantile,0.35,2.0
2026-10-10,wk inc rsv hosp,1,2026-10-17,31,quantile,0.35,2.0
2026-10-10,wk inc rsv hosp,2,2026-10-24,31,quantile,0.35,2.0
2026-10-10,wk inc rsv hosp,3,2026-10-31,31,quantile,0.35,2.0
2026-10-10,wk inc rsv hosp,0,2026-10-10,31,quantile,0.4,2.0
2026-10-10,wk inc rsv hosp,1,2026-10-17,31,quantile,0.4,2.0
2026-10-10,wk inc rsv hosp,2,2026-10-24,31,quantile,0.4,2.0
2026-10-10,wk inc rsv hosp,3,2026-10-31,31,quantile,0.4,2.0
2026-10-10,wk inc rsv hosp,0,2026-10-10,31,quantile,0.45,2.0
2026-10-10,wk inc rsv hosp,1,2026-10-17,31,quantile,0.45,2.0
2026-10-10,wk inc rsv hosp,2,2026-10-24,31,quantile,0.45,2.0
2026-10-10,wk inc rsv hosp,3,2026-10-31,31,quantile,0.45,2.0
2026-10-10,wk inc rsv hosp,0,2026-10-10,31,quantile,0.5,3.0
2026-10-10,wk inc rsv hosp,1,2026-10-17,31,quantile,0.5,3.0
2026-10-10,wk inc rsv hosp,2,2026-10-24,31,quantile,0.5,2.0
2026-10-10,wk inc rsv hosp,3,2026-10-31,31,quantile,0.5,2.0
2026-10-10,wk inc rsv hosp,0,2026-10-10,31,quantile,0.55,3.0
2026-10-10,wk inc rsv hosp,1,2026-10-17,31,quantile,0.55,3.0
2026-10-10,wk inc rsv hosp,2,2026-10-24,31,quantile,0.55,3.0
2026-10-10,wk inc rsv hosp,3,2026-10-31,31,quantile,0.55,3.0
2026-10-10,wk inc rsv hosp,0,2026-10-10,31,quantile,0.6,3.0
2026-10-10,wk inc rsv hosp,1,2026-10-17,31,quantile,0.6,4.0
2026-10-10,wk inc rsv hosp,2,2026-10-24,31,quantile,0.6,3.0
2026-10-10,wk inc rsv hosp,3,2026-10-31,31,quantile,0.6,4.0
2026-10-10,wk inc rsv hosp,0,2026-10-10,31,quantile,0.65,4.0
2026-10-10,wk inc rsv hosp,1,2026-10-17,31,quantile,0.65,4.0
2026-10-10,wk inc rsv hosp,2,2026-10-24,31,quantile,0.65,4.0
2026-10-10,wk inc rsv hosp,3,2026-10-31,31,quantile,0.65,4.0
2026-10-10,wk inc rsv hosp,0,2026-10-10,31,quantile,0.7,4.0
2026-10-10,wk inc rsv hosp,1,2026-10-17,31,quantile,0.7,4.0
2026-10-10,wk inc rsv hosp,2,2026-10-24,31,quantile,0.7,4.0
2026-10-10,wk inc rsv hosp,3,2026-10-31,31,quantile,0.7,5.0
2026-10-10,wk inc rsv hosp,0,2026-10-10,31,quantile,0.75,4.0
2026-10-10,wk inc rsv hosp,1,2026-10-17,31,quantile,0.75,5.0
2026-10-10,wk inc rsv hosp,2,2026-10-24,31,quantile,0.75,5.0
2026-10-10,wk inc rsv hosp,3,2026-10-31,31,quantile,0.75,5.0
2026-10-10,wk inc rsv hosp,0,2026-10-10,31,quantile,0.8,5.0
2026-10-10,wk inc rsv hosp,1,2026-10-17,31,quantile,0.8,5.0
2026-10-10,wk inc rsv hosp,2,2026-10-24,31,quantile,0.8,5.0
2026-10-10,wk inc rsv hosp,3,2026-10-31,31,quantile,0.8,6.0
2026-10-10,wk inc rsv hosp,0,2026-10-10,31,quantile,0.85,5.0
2026-10-10,wk inc rsv hosp,1,2026-10-17,31,quantile,0.85,5.0
2026-10-10,wk inc rsv hosp,2,2026-10-24,31,quantile,0.85,6.0
2026-10-10,wk inc rsv hosp,3,2026-10-31,31,quantile,0.85,7.0
2026-10-10,wk inc rsv hosp,0,2026-10-10,31,quantile,0.9,5.0
2026-10-10,wk inc rsv hosp,1,2026-10-17,31,quantile,0.9,6.0
2026-10-10,wk inc rsv hosp,2,2026-10-24,31,quantile,0.9,8.0
2026-10-10,wk inc rsv hosp,3,2026-10-31,31,quantile,0.9,8.0
2026-10-10,wk inc rsv hosp,0,2026-10-10,31,quantile,0.95,7.0
2026-10-10,wk inc rsv hosp,1,2026-10-17,31,quantile,0.95,8.0
2026-10-10,wk inc rsv hosp,2,2026-10-24,31,quantile,0.95,9.0
2026-10-10,wk inc rsv hosp,3,2026-10-31,31,quantile,0.95,12.0
2026-10-10,wk inc rsv hosp,0,2026-10-10,31,quantile,0.975,8.0
2026-10-10,wk inc rsv hosp,1,2026-10-17,31,quantile,0.975,8.0
2026-10-10,wk inc rsv hosp,2,2026-10-24,31,quantile,0.975,12.0
2026-10-10,wk inc rsv hosp,3,2026-10-31,31,quantile,0.975,14.0
2026-10-10,wk inc rsv hosp,0,2026-10-10,31,quantile,0.99,8.0
2026-10-10,wk inc rsv hosp,1,2026-10-17,31,quantile,0.99,9.0
2026-10-10,wk inc rsv hosp,2,2026-10-24,31,quantile,0.99,12.0
2026-10-10,wk inc rsv hosp,3,2026-10-31,31,quantile,0.99,18.0
2026-10-10,wk inc rsv hosp,0,2026-10-10,32,quantile,0.01,1.0
2026-10-10,wk inc rsv hosp,1,2026-10-17,32,quantile,0.01,0.0
2026-10-10,wk inc rsv hosp,2,2026-10-24,32,quantile,0.01,0.0
2026-10-10,wk inc rsv hosp,3,2026-10-31,32,quantile,0.01,0.0
2026-10-10,wk inc rsv hosp,0,2026-10-10,32,quantile,0.025,1.0
2026-10-10,wk inc rsv hosp,1,2026-10-17,32,quantile,0.025,1.0
2026-10-10,wk inc rsv hosp,2,2026-10-24,32,quantile,0.025,0.0
2026-10-10,wk inc rsv hosp,3,2026-10-31,32,quantile,0.025,0.0
2026-10-10,wk inc rsv hosp,0,2026-10-10,32,quantile,0.05,1.0
2026-10-10,wk inc rsv hosp,1,2026-10-17,32,quantile,0.05,1.0
2026-10-10,wk inc rsv hosp,2,2026-10-24,32,quantile,0.05,1.0
2026-10-10,wk inc rsv hosp,3,2026-10-31,32,quantile,0.05,0.0
2026-10-10,wk inc rsv hosp,0,2026-10-10,32,quantile,0.1,1.0
2026-10-10,wk inc rsv hosp,1,2026-10-17,32,quantile,0.1,1.0
2026-10-10,wk inc rsv hosp,2,2026-10-24,32,quantile,0.1,1.0
2026-10-10,wk inc rsv hosp,3,2026-10-31,32,quantile,0.1,1.0
2026-10-10,wk inc rsv hosp,0,2026-10-10,32,quantile,0.15,1.0
2026-10-10,wk inc rsv hosp,1,2026-10-17,32,quantile,0.15,1.0
2026-10-10,wk inc rsv hosp,2,2026-10-24,32,quantile,0.15,1.0
2026-10-10,wk inc rsv hosp,3,2026-10-31,32,quantile,0.15,1.0
2026-10-10,wk inc rsv hosp,0,2026-10-10,32,quantile,0.2,2.0
2026-10-10,wk inc rsv hosp,1,2026-10-17,32,quantile,0.2,1.0
2026-10-10,wk inc rsv hosp,2,2026-10-24,32,quantile,0.2,1.0
2026-10-10,wk inc rsv hosp,3,2026-10-31,32,quantile,0.2,1.0
2026-10-10,wk inc rsv hosp,0,2026-10-10,32,quantile,0.25,2.0
2026-10-10,wk inc rsv hosp,1,2026-10-17,32,quantile,0.25,2.0
2026-10-10,wk inc rsv hosp,2,2026-10-24,32,quantile,0.25,1.0
2026-10-10,wk inc rsv hosp,3,2026-10-31,32,quantile,0.25,1.0
2026-10-10,wk inc rsv hosp,0,2026-10-10,32,quantile,0.3,2.0
2026-10-10,wk inc rsv hosp,1,2026-10-17,32,quantile,0.3,2.0
2026-10-10,wk inc rsv hosp,2,2026-10-24,32,quantile,0.3,2.0
2026-10-10,wk inc rsv hosp,3,2026-10-31,32,quantile,0.3,2.0
2026-10-10,wk inc rsv hosp,0,2026-10-10,32,quantile,0.35,2.0
2026-10-10,wk inc rsv hosp,1,2026-10-17,32,quantile,0.35,2.0
2026-10-10,wk inc rsv hosp,2,2026-10-24,32,quantile,0.35,2.0
2026-10-10,wk inc rsv hosp,3,2026-10-31,32,quantile,0.35,2.0
2026-10-10,wk inc rsv hosp,0,2026-10-10,32,quantile,0.4,2.0
2026-10-10,wk inc rsv hosp,1,2026-10-17,32,quantile,0.4,2.0
2026-10-10,wk inc rsv hosp,2,2026-10-24,32,quantile,0.4,2.0
2026-10-10,wk inc rsv hosp,3,2026-10-31,32,quantile,0.4,2.0
2026-10-10,wk inc rsv hosp,0,2026-10-10,32,quantile,0.45,2.0
2026-10-10,wk inc rsv hosp,1,2026-10-17,32,quantile,0.45,2.0
2026-10-10,wk inc rsv hosp,2,2026-10-24,32,quantile,0.45,2.0
2026-10-10,wk inc rsv hosp,3,2026-10-31,32,quantile,0.45,2.0
2026-10-10,wk inc rsv hosp,0,2026-10-10,32,quantile,0.5,2.0
2026-10-10,wk inc rsv hosp,1,2026-10-17,32,quantile,0.5,2.0
2026-10-10,wk inc rsv hosp,2,2026-10-24,32,quantile,0.5,2.0
2026-10-10,wk inc rsv hosp,3,2026-10-31,32,quantile,0.5,2.0
2026-10-10,wk inc rsv hosp,0,2026-10-10,32,quantile,0.55,2.0
2026-10-10,wk inc rsv hosp,1,2026-10-17,32,quantile,0.55,2.0
2026-10-10,wk inc rsv hosp,2,2026-10-24,32,quantile,0.55,3.0
2026-10-10,wk inc rsv hosp,3,2026-10-31,32,quantile,0.55,2.0
2026-10-10,wk inc rsv hosp,0,2026-10-10,32,quantile,0.6,3.0
2026-10-10,wk inc rsv hosp,1,2026-10-17,32,quantile,0.6,3.0
2026-10-10,wk inc rsv hosp,2,2026-10-24,32,quantile,0.6,3.0
2026-10-10,wk inc rsv hosp,3,2026-10-31,32,quantile,0.6,3.0
2026-10-10,wk inc rsv hosp,0,2026-10-10,32,quantile,0.65,3.0
2026-10-10,wk inc rsv hosp,1,2026-10-17,32,quantile,0.65,3.0
2026-10-10,wk inc rsv hosp,2,2026-10-24,32,quantile,0.65,3.0
2026-10-10,wk inc rsv hosp,3,2026-10-31,32,quantile,0.65,3.0
2026-10-10,wk inc rsv hosp,0,2026-10-10,32,quantile,0.7,3.0
2026-10-10,wk inc rsv hosp,1,2026-10-17,32,quantile,0.7,3.0
2026-10-10,wk inc rsv hosp,2,2026-10-24,32,quantile,0.7,3.0
2026-10-10,wk inc rsv hosp,3,2026-10-31,32,quantile,0.7,3.0
2026-10-10,wk inc rsv hosp,0,2026-10-10,32,quantile,0.75,3.0
2026-10-10,wk inc rsv hosp,1,2026-10-17,32,quantile,0.75,3.0
2026-10-10,wk inc rsv hosp,2,2026-10-24,32,quantile,0.75,3.0
2026-10-10,wk inc rsv hosp,3,2026-10-31,32,quantile,0.75,4.0
2026-10-10,wk inc rsv hosp,0,2026-10-10,32,quantile,0.8,3.0
2026-10-10,wk inc rsv hosp,1,2026-10-17,32,quantile,0.8,4.0
2026-10-10,wk inc rsv hosp,2,2026-10-24,32,quantile,0.8,4.0
2026-10-10,wk inc rsv hosp,3,2026-10-31,32,quantile,0.8,4.0
2026-10-10,wk inc rsv hosp,0,2026-10-10,32,quantile,0.85,4.0
2026-10-10,wk inc rsv hosp,1,2026-10-17,32,quantile,0.85,4.0
2026-10-10,wk inc rsv hosp,2,2026-10-24,32,quantile,0.85,4.0
2026-10-10,wk inc rsv hosp,3,2026-10-31,32,quantile,0.85,5.0
2026-10-10,wk inc rsv hosp,0,2026-10-10,32,quantile,0.9,4.0
2026-10-10,wk inc rsv hosp,1,2026-10-17,32,quantile,0.9,4.0
2026-10-10,wk inc rsv hosp,2,2026-10-24,32,quantile,0.9,5.0
2026-10-10,wk inc rsv hosp,3,2026-10-31,32,quantile,0.9,6.0
2026-10-10,wk inc rsv hosp,0,2026-10-10,32,quantile,0.95,4.0
2026-10-10,wk inc rsv hosp,1,2026-10-17,32,quantile,0.95,5.0
2026-10-10,wk inc rsv hosp,2,2026-10-24,32,quantile,0.95,6.0
2026-10-10,wk inc rsv hosp,3,2026-10-31,32,quantile,0.95,7.0
2026-10-10,wk inc rsv hosp,0,2026-10-10,32,quantile,0.975,5.0
2026-10-10,wk inc rsv hosp,1,2026-10-17,32,quantile,0.975,6.0
2026-10-10,wk inc rsv hosp,2,2026-10-24,32,quantile,0.975,7.0
2026-10-10,wk inc rsv hosp,3,2026-10-31,32,quantile,0.975,9.0
2026-10-10,wk inc rsv hosp,0,2026-10-10,32,quantile,0.99,5.0
2026-10-10,wk inc rsv hosp,1,2026-10-17,32,quantile,0.99,7.0
2026-10-10,wk inc rsv hosp,2,2026-10-24,32,quantile,0.99,10.0
2026-10-10,wk inc rsv hosp,3,2026-10-31,32,quantile,0.99,11.0
2026-10-10,wk inc rsv hosp,0,2026-10-10,33,quantile,0.01,0.0
2026-10-10,wk inc rsv hosp,1,2026-10-17,33,quantile,0.01,0.0
2026-10-10,wk inc rsv hosp,2,2026-10-24,33,quantile,0.01,0.0
2026-10-10,wk inc rsv hosp,3,2026-10-31,33,quantile,0.01,0.0
2026-10-10,wk inc rsv hosp,0,2026-10-10,33,quantile,0.025,0.0
2026-10-10,wk inc rsv hosp,1,2026-10-17,33,quantile,0.025,0.0
2026-10-10,wk inc rsv hosp,2,2026-10-24,33,quantile,0.025,0.0
2026-10-10,wk inc rsv hosp,3,2026-10-31,33,quantile,0.025,0.0
2026-10-10,wk inc rsv hosp,0,2026-10-10,33,quantile,0.05,0.0
2026-10-10,wk inc rsv hosp,1,2026-10-17,33,quantile,0.05,0.0
2026-10-10,wk inc rsv hosp,2,2026-10-24,33,quantile,0.05,0.0
2026-10-10,wk inc rsv hosp,3,2026-10-31,33,quantile,0.05,0.0
2026-10-10,wk inc rsv hosp,0,2026-10-10,33,quantile,0.1,1.0
2026-10-10,wk inc rsv hosp,1,2026-10-17,33,quantile,0.1,1.0
2026-10-10,wk inc rsv hosp,2,2026-10-24,33,quantile,0.1,0.0
2026-10-10,wk inc rsv hosp,3,2026-10-31,33,quantile,0.1,0.0
2026-10-10,wk inc rsv hosp,0,2026-10-10,33,quantile,0.15,1.0
2026-10-10,wk inc rsv hosp,1,2026-10-17,33,quantile,0.15,1.0
2026-10-10,wk inc rsv hosp,2,2026-10-24,33,quantile,0.15,1.0
2026-10-10,wk inc rsv hosp,3,2026-10-31,33,quantile,0.15,0.0
2026-10-10,wk inc rsv hosp,0,2026-10-10,33,quantile,0.2,1.0
2026-10-10,wk inc rsv hosp,1,2026-10-17,33,quantile,0.2,1.0
2026-10-10,wk inc rsv hosp,2,2026-10-24,33,quantile,0.2,1.0
2026-10-10,wk inc rsv hosp,3,2026-10-31,33,quantile,0.2,1.0
2026-10-10,wk inc rsv hosp,0,2026-10-10,33,quantile,0.25,1.0
2026-10-10,wk inc rsv hosp,1,2026-10-17,33,quantile,0.25,1.0
2026-10-10,wk inc rsv hosp,2,2026-10-24,33,quantile,0.25,1.0
2026-10-10,wk inc rsv hosp,3,2026-10-31,33,quantile,0.25,1.0
2026-10-10,wk inc rsv hosp,0,2026-10-10,33,quantile,0.3,1.0
2026-10-10,wk inc rsv hosp,1,2026-10-17,33,quantile,0.3,1.0
2026-10-10,wk inc rsv hosp,2,2026-10-24,33,quantile,0.3,1.0
2026-10-10,wk inc rsv hosp,3,2026-10-31,33,quantile,0.3,1.0
2026-10-10,wk inc rsv hosp,0,2026-10-10,33,quantile,0.35,1.0
2026-10-10,wk inc rsv hosp,1,2026-10-17,33,quantile,0.35,1.0
2026-10-10,wk inc rsv hosp,2,2026-10-24,33,quantile,0.35,1.0
2026-10-10,wk inc rsv hosp,3,2026-10-31,33,quantile,0.35,1.0
2026-10-10,wk inc rsv hosp,0,2026-10-10,33,quantile,0.4,1.0
2026-10-10,wk inc rsv hosp,1,2026-10-17,33,quantile,0.4,1.0
2026-10-10,wk inc rsv hosp,2,2026-10-24,33,quantile,0.4,1.0
2026-10-10,wk inc rsv hosp,3,2026-10-31,33,quantile,0.4,1.0
2026-10-10,wk inc rsv hosp,0,2026-10-10,33,quantile,0.45,1.0
2026-10-10,wk inc rsv hosp,1,2026-10-17,33,quantile,0.45,1.0
2026-10-10,wk inc rsv hosp,2,2026-10-24,33,quantile,0.45,1.0
2026-10-10,wk inc rsv hosp,3,2026-10-31,33,quantile,0.45,1.0
2026-10-10,wk inc rsv hosp,0,2026-10-10,33,quantile,0.5,1.0
2026-10-10,wk inc rsv hosp,1,2026-10-17,33,quantile,0.5,1.0
2026-10-10,wk inc rsv hosp,2,2026-10-24,33,quantile,0.5,1.0
2026-10-10,wk inc rsv hosp,3,2026-10-31,33,quantile,0.5,1.0
2026-10-10,wk inc rsv hosp,0,2026-10-10,33,quantile,0.55,1.0
2026-10-10,wk inc rsv hosp,1,2026-10-17,33,quantile,0.55,1.0
2026-10-10,wk inc rsv hosp,2,2026-10-24,33,quantile,0.55,1.0
2026-10-10,wk inc rsv hosp,3,2026-10-31,33,quantile,0.55,1.0
2026-10-10,wk inc rsv hosp,0,2026-10-10,33,quantile,0.6,1.0
2026-10-10,wk inc rsv hosp,1,2026-10-17,33,quantile,0.6,1.0
2026-10-10,wk inc rsv hosp,2,2026-10-24,33,quantile,0.6,1.0
2026-10-10,wk inc rsv hosp,3,2026-10-31,33,quantile,0.6,1.0
2026-10-10,wk inc rsv hosp,0,2026-10-10,33,quantile,0.65,1.0
2026-10-10,wk inc rsv hosp,1,2026-10-17,33,quantile,0.65,2.0
2026-10-10,wk inc rsv hosp,2,2026-10-24,33,quantile,0.65,2.0
2026-10-10,wk inc rsv hosp,3,2026-10-31,33,quantile,0.65,2.0
2026-10-10,wk inc rsv hosp,0,2026-10-10,33,quantile,0.7,2.0
2026-10-10,wk inc rsv hosp,1,2026-10-17,33,quantile,0.7,2.0
2026-10-10,wk inc rsv hosp,2,2026-10-24,33,quantile,0.7,2.0
2026-10-10,wk inc rsv hosp,3,2026-10-31,33,quantile,0.7,2.0
2026-10-10,wk inc rsv hosp,0,2026-10-10,33,quantile,0.75,2.0
2026-10-10,wk inc rsv hosp,1,2026-10-17,33,quantile,0.75,2.0
2026-10-10,wk inc rsv hosp,2,2026-10-24,33,quantile,0.75,2.0
2026-10-10,wk inc rsv hosp,3,2026-10-31,33,quantile,0.75,2.0
2026-10-10,wk inc rsv hosp,0,2026-10-10,33,quantile,0.8,2.0
2026-10-10,wk inc rsv hosp,1,2026-10-17,33,quantile,0.8,2.0
2026-10-10,wk inc rsv hosp,2,2026-10-24,33,quantile,0.8,2.0
2026-10-10,wk inc rsv hosp,3,2026-10-31,33,quantile,0.8,3.0
2026-10-10,wk inc rsv hosp,0,2026-10-10,33,quantile,0.85,2.0
2026-10-10,wk inc rsv hosp,1,2026-10-17,33,quantile,0.85,2.0
2026-10-10,wk inc rsv hosp,2,2026-10-24,33,quantile,0.85,3.0
2026-10-10,wk inc rsv hosp,3,2026-10-31,33,quantile,0.85,3.0
2026-10-10,wk inc rsv hosp,0,2026-10-10,33,quantile,0.9,2.0
2026-10-10,wk inc rsv hosp,1,2026-10-17,33,quantile,0.9,3.0
2026-10-10,wk inc rsv hosp,2,2026-10-24,33,quantile,0.9,3.0
2026-10-10,wk inc rsv hosp,3,2026-10-31,33,quantile,0.9,3.0
2026-10-10,wk inc rsv hosp,0,2026-10-10,33,quantile,0.95,3.0
2026-10-10,wk inc rsv hosp,1,2026-10-17,33,quantile,0.95,3.0
2026-10-10,wk inc rsv hosp,2,2026-10-24,33,quantile,0.95,3.0
2026-10-10,wk inc rsv hosp,3,2026-10-31,33,quantile,0.95,4.0
2026-10-10,wk inc rsv hosp,0,2026-10-10,33,quantile,0.975,3.0
2026-10-10,wk inc rsv hosp,1,2026-10-17,33,quantile,0.975,3.0
2026-10-10,wk inc rsv hosp,2,2026-10-24,33,quantile,0.975,4.0
2026-10-10,wk inc rsv hosp,3,2026-10-31,33,quantile,0.975,5.0
2026-10-10,wk inc rsv hosp,0,2026-10-10,33,quantile,0.99,3.0
2026-10-10,wk inc rsv hosp,1,2026-10-17,33,quantile,0.99,4.0
2026-10-10,wk inc rsv hosp,2,2026-10-24,33,quantile,0.99,5.0
2026-10-10,wk inc rsv hosp,3,2026-10-31,33,quantile,0.99,7.0
2026-10-10,wk inc rsv hosp,0,2026-10-10,34,quantile,0.01,2.0
2026-10-10,wk inc rsv hosp,1,2026-10-17,34,quantile,0.01,2.0
2026-10-10,wk inc rsv hosp,2,2026-10-24,34,quantile,0.01,0.0
2026-10-10,wk inc rsv hosp,3,2026-10-31,34,quantile,0.01,0.0
2026-10-10,wk inc rsv hosp,0,2026-10-10,34,quantile,0.025,2.0
2026-10-10,wk inc rsv hosp,1,2026-10-17,34,quantile,0.025,2.0
2026-10-10,wk inc rsv hosp,2,2026-10-24,34,quantile,0.025,1.0
2026-10-10,wk inc rsv hosp,3,2026-10-31,34,quantile,0.025,0.0
2026-10-10,wk inc rsv hosp,0,2026-10-10,34,quantile,0.05,3.0
2026-10-10,wk inc rsv hosp,1,2026-10-17,34,quantile,0.05,3.0
2026-10-10,wk inc rsv hosp,2,2026-10-24,34,quantile,0.05,2.0
2026-10-10,wk inc rsv hosp,3,2026-10-31,34,quantile,0.05,2.0
2026-10-10,wk inc rsv hosp,0,2026-10-10,34,quantile,0.1,5.0
2026-10-10,wk inc rsv hosp,1,2026-10-17,34,quantile,0.1,3.0
2026-10-10,wk inc rsv hosp,2,2026-10-24,34,quantile,0.1,3.0
2026-10-10,wk inc rsv hosp,3,2026-10-31,34,quantile,0.1,2.0
2026-10-10,wk inc rsv hosp,0,2026-10-10,34,quantile,0.15,7.0
2026-10-10,wk inc rsv hosp,1,2026-10-17,34,quantile,0.15,5.0
2026-10-10,wk inc rsv hosp,2,2026-10-24,34,quantile,0.15,3.0
2026-10-10,wk inc rsv hosp,3,2026-10-31,34,quantile,0.15,3.0
2026-10-10,wk inc rsv hosp,0,2026-10-10,34,quantile,0.2,7.0
2026-10-10,wk inc rsv hosp,1,2026-10-17,34,quantile,0.2,7.0
2026-10-10,wk inc rsv hosp,2,2026-10-24,34,quantile,0.2,5.0
2026-10-10,wk inc rsv hosp,3,2026-10-31,34,quantile,0.2,5.0
2026-10-10,wk inc rsv hosp,0,2026-10-10,34,quantile,0.25,7.0
2026-10-10,wk inc rsv hosp,1,2026-10-17,34,quantile,0.25,7.0
2026-10-10,wk inc rsv hosp,2,2026-10-24,34,quantile,0.25,7.0
2026-10-10,wk inc rsv hosp,3,2026-10-31,34,quantile,0.25,5.0
2026-10-10,wk inc rsv hosp,0,2026-10-10,34,quantile,0.3,9.0
2026-10-10,wk inc rsv hosp,1,2026-10-17,34,quantile,0.3,9.0
2026-10-10,wk inc rsv hosp,2,2026-10-24,34,quantile,0.3,7.0
2026-10-10,wk inc rsv hosp,3,2026-10-31,34,quantile,0.3,7.0
2026-10-10,wk inc rsv hosp,0,2026-10-10,34,quantile,0.35,9.0
2026-10-10,wk inc rsv hosp,1,2026-10-17,34,quantile,0.35,9.0
2026-10-10,wk inc rsv hosp,2,2026-10-24,34,quantile,0.35,9.0
2026-10-10,wk inc rsv hosp,3,2026-10-31,34,quantile,0.35,9.0
2026-10-10,wk inc rsv hosp,0,2026-10-10,34,quantile,0.4,10.0
2026-10-10,wk inc rsv hosp,1,2026-10-17,34,quantile,0.4,10.0
2026-10-10,wk inc rsv hosp,2,2026-10-24,34,quantile,0.4,9.0
2026-10-10,wk inc rsv hosp,3,2026-10-31,34,quantile,0.4,9.0
2026-10-10,wk inc rsv hosp,0,2026-10-10,34,quantile,0.45,10.0
2026-10-10,wk inc rsv hosp,1,2026-10-17,34,quantile,0.45,10.0
2026-10-10,wk inc rsv hosp,2,2026-10-24,34,quantile,0.45,10.0
2026-10-10,wk inc rsv hosp,3,2026-10-31,34,quantile,0.45,10.0
2026-10-10,wk inc rsv hosp,0,2026-10-10,34,quantile,0.5,10.0
2026-10-10,wk inc rsv hosp,1,2026-10-17,34,quantile,0.5,12.0
2026-10-10,wk inc rsv hosp,2,2026-10-24,34,quantile,0.5,12.0
2026-10-10,wk inc rsv hosp,3,2026-10-31,34,quantile,0.5,12.0
2026-10-10,wk inc rsv hosp,0,2026-10-10,34,quantile,0.55,12.0
2026-10-10,wk inc rsv hosp,1,2026-10-17,34,quantile,0.55,12.0
2026-10-10,wk inc rsv hosp,2,2026-10-24,34,quantile,0.55,14.0
2026-10-10,wk inc rsv hosp,3,2026-10-31,34,quantile,0.55,14.0
2026-10-10,wk inc rsv hosp,0,2026-10-10,34,quantile,0.6,12.0
2026-10-10,wk inc rsv hosp,1,2026-10-17,34,quantile,0.6,14.0
2026-10-10,wk inc rsv hosp,2,2026-10-24,34,quantile,0.6,15.0
2026-10-10,wk inc rsv hosp,3,2026-10-31,34,quantile,0.6,14.0
2026-10-10,wk inc rsv hosp,0,2026-10-10,34,quantile,0.65,14.0
2026-10-10,wk inc rsv hosp,1,2026-10-17,34,quantile,0.65,14.0
2026-10-10,wk inc rsv hosp,2,2026-10-24,34,quantile,0.65,15.0
2026-10-10,wk inc rsv hosp,3,2026-10-31,34,quantile,0.65,15.0
2026-10-10,wk inc rsv hosp,0,2026-10-10,34,quantile,0.7,15.0
2026-10-10,wk inc rsv hosp,1,2026-10-17,34,quantile,0.7,15.0
2026-10-10,wk inc rsv hosp,2,2026-10-24,34,quantile,0.7,17.0
2026-10-10,wk inc rsv hosp,3,2026-10-31,34,quantile,0.7,17.0
2026-10-10,wk inc rsv hosp,0,2026-10-10,34,quantile,0.75,15.0
2026-10-10,wk inc rsv hosp,1,2026-10-17,34,quantile,0.75,17.0
2026-10-10,wk inc rsv hosp,2,2026-10-24,34,quantile,0.75,19.0
2026-10-10,wk inc rsv hosp,3,2026-10-31,34,quantile,0.75,19.0
2026-10-10,wk inc rsv hosp,0,2026-10-10,34,quantile,0.8,17.0
2026-10-10,wk inc rsv hosp,1,2026-10-17,34,quantile,0.8,19.0
2026-10-10,wk inc rsv hosp,2,2026-10-24,34,quantile,0.8,21.0
2026-10-10,wk inc rsv hosp,3,2026-10-31,34,quantile,0.8,22.0
2026-10-10,wk inc rsv hosp,0,2026-10-10,34,quantile,0.85,19.0
2026-10-10,wk inc rsv hosp,1,2026-10-17,34,quantile,0.85,21.0
2026-10-10,wk inc rsv hosp,2,2026-10-24,34,quantile,0.85,24.0
2026-10-10,wk inc rsv hosp,3,2026-10-31,34,quantile,0.85,26.0
2026-10-10,wk inc rsv hosp,0,2026-10-10,34,quantile,0.9,21.0
2026-10-10,wk inc rsv hosp,1,2026-10-17,34,quantile,0.9,24.0
2026-10-10,wk inc rsv hosp,2,2026-10-24,34,quantile,0.9,27.0
2026-10-10,wk inc rsv hosp,3,2026-10-31,34,quantile,0.9,29.0
2026-10-10,wk inc rsv hosp,0,2026-10-10,34,quantile,0.95,24.0
2026-10-10,wk inc rsv hosp,1,2026-10-17,34,quantile,0.95,27.0
2026-10-10,wk inc rsv hosp,2,2026-10-24,34,quantile,0.95,33.0
2026-10-10,wk inc rsv hosp,3,2026-10-31,34,quantile,0.95,39.0
2026-10-10,wk inc rsv hosp,0,2026-10-10,34,quantile,0.975,26.0
2026-10-10,wk inc rsv hosp,1,2026-10-17,34,quantile,0.975,33.0
2026-10-10,wk inc rsv hosp,2,2026-10-24,34,quantile,0.975,38.0
2026-10-10,wk inc rsv hosp,3,2026-10-31,34,quantile,0.975,47.0
2026-10-10,wk inc rsv hosp,0,2026-10-10,34,quantile,0.99,31.0
2026-10-10,wk inc rsv hosp,1,2026-10-17,34,quantile,0.99,34.0
2026-10-10,wk inc rsv hosp,2,2026-10-24,34,quantile,0.99,48.0
2026-10-10,wk inc rsv hosp,3,2026-10-31,34,quantile,0.99,62.0
2026-10-10,wk inc rsv hosp,0,2026-10-10,35,quantile,0.01,0.0
2026-10-10,wk inc rsv hosp,1,2026-10-17,35,quantile,0.01,0.0
2026-10-10,wk inc rsv hosp,2,2026-10-24,35,quantile,0.01,0.0
2026-10-10,wk inc rsv hosp,3,2026-10-31,35,quantile,0.01,0.0
2026-10-10,wk inc rsv hosp,0,2026-10-10,35,quantile,0.025,1.0
2026-10-10,wk inc rsv hosp,1,2026-10-17,35,quantile,0.025,0.0
2026-10-10,wk inc rsv hosp,2,2026-10-24,35,quantile,0.025,0.0
2026-10-10,wk inc rsv hosp,3,2026-10-31,35,quantile,0.025,0.0
2026-10-10,wk inc rsv hosp,0,2026-10-10,35,quantile,0.05,1.0
2026-10-10,wk inc rsv hosp,1,2026-10-17,35,quantile,0.05,1.0
2026-10-10,wk inc rsv hosp,2,2026-10-24,35,quantile,0.05,0.0
2026-10-10,wk inc rsv hosp,3,2026-10-31,35,quantile,0.05,0.0
2026-10-10,wk inc rsv hosp,0,2026-10-10,35,quantile,0.1,2.0
2026-10-10,wk inc rsv hosp,1,2026-10-17,35,quantile,0.1,1.0
2026-10-10,wk inc rsv hosp,2,2026-10-24,35,quantile,0.1,1.0
2026-10-10,wk inc rsv hosp,3,2026-10-31,35,quantile,0.1,1.0
2026-10-10,wk inc rsv hosp,0,2026-10-10,35,quantile,0.15,2.0
2026-10-10,wk inc rsv hosp,1,2026-10-17,35,quantile,0.15,2.0
2026-10-10,wk inc rsv hosp,2,2026-10-24,35,quantile,0.15,1.0
2026-10-10,wk inc rsv hosp,3,2026-10-31,35,quantile,0.15,1.0
2026-10-10,wk inc rsv hosp,0,2026-10-10,35,quantile,0.2,2.0
2026-10-10,wk inc rsv hosp,1,2026-10-17,35,quantile,0.2,2.0
2026-10-10,wk inc rsv hosp,2,2026-10-24,35,quantile,0.2,2.0
2026-10-10,wk inc rsv hosp,3,2026-10-31,35,quantile,0.2,2.0
2026-10-10,wk inc rsv hosp,0,2026-10-10,35,quantile,0.25,2.0
2026-10-10,wk inc rsv hosp,1,2026-10-17,35,quantile,0.25,2.0
2026-10-10,wk inc rsv hosp,2,2026-10-24,35,quantile,0.25,2.0
2026-10-10,wk inc rsv hosp,3,2026-10-31,35,quantile,0.25,2.0
2026-10-10,wk inc rsv hosp,0,2026-10-10,35,quantile,0.3,2.0
2026-10-10,wk inc rsv hosp,1,2026-10-17,35,quantile,0.3,3.0
2026-10-10,wk inc rsv hosp,2,2026-10-24,35,quantile,0.3,2.0
2026-10-10,wk inc rsv hosp,3,2026-10-31,35,quantile,0.3,2.0
2026-10-10,wk inc rsv hosp,0,2026-10-10,35,quantile,0.35,3.0
2026-10-10,wk inc rsv hosp,1,2026-10-17,35,quantile,0.35,3.0
2026-10-10,wk inc rsv hosp,2,2026-10-24,35,quantile,0.35,3.0
2026-10-10,wk inc rsv hosp,3,2026-10-31,35,quantile,0.35,2.0
2026-10-10,wk inc rsv hosp,0,2026-10-10,35,quantile,0.4,3.0
2026-10-10,wk inc rsv hosp,1,2026-10-17,35,quantile,0.4,3.0
2026-10-10,wk inc rsv hosp,2,2026-10-24,35,quantile,0.4,3.0
2026-10-10,wk inc rsv hosp,3,2026-10-31,35,quantile,0.4,3.0
2026-10-10,wk inc rsv hosp,0,2026-10-10,35,quantile,0.45,3.0
2026-10-10,wk inc rsv hosp,1,2026-10-17,35,quantile,0.45,3.0
2026-10-10,wk inc rsv hosp,2,2026-10-24,35,quantile,0.45,3.0
2026-10-10,wk inc rsv hosp,3,2026-10-31,35,quantile,0.45,3.0
2026-10-10,wk inc rsv hosp,0,2026-10-10,35,quantile,0.5,3.0
2026-10-10,wk inc rsv hosp,1,2026-10-17,35,quantile,0.5,4.0
2026-10-10,wk inc rsv hosp,2,2026-10-24,35,quantile,0.5,4.0
2026-10-10,wk inc rsv hosp,3,2026-10-31,35,quantile,0.5,4.0
2026-10-10,wk inc rsv hosp,0,2026-10-10,35,quantile,0.55,4.0
2026-10-10,wk inc rsv hosp,1,2026-10-17,35,quantile,0.55,4.0
2026-10-10,wk inc rsv hosp,2,2026-10-24,35,quantile,0.55,4.0
2026-10-10,wk inc rsv hosp,3,2026-10-31,35,quantile,0.55,4.0
2026-10-10,wk inc rsv hosp,0,2026-10-10,35,quantile,0.6,4.0
2026-10-10,wk inc rsv hosp,1,2026-10-17,35,quantile,0.6,4.0
2026-10-10,wk inc rsv hosp,2,2026-10-24,35,quantile,0.6,4.0
2026-10-10,wk inc rsv hosp,3,2026-10-31,35,quantile,0.6,4.0
2026-10-10,wk inc rsv hosp,0,2026-10-10,35,quantile,0.65,4.0
2026-10-10,wk inc rsv hosp,1,2026-10-17,35,quantile,0.65,4.0
2026-10-10,wk inc rsv hosp,2,2026-10-24,35,quantile,0.65,5.0
2026-10-10,wk inc rsv hosp,3,2026-10-31,35,quantile,0.65,5.0
2026-10-10,wk inc rsv hosp,0,2026-10-10,35,quantile,0.7,4.0
2026-10-10,wk inc rsv hosp,1,2026-10-17,35,quantile,0.7,5.0
2026-10-10,wk inc rsv hosp,2,2026-10-24,35,quantile,0.7,5.0
2026-10-10,wk inc rsv hosp,3,2026-10-31,35,quantile,0.7,5.0
2026-10-10,wk inc rsv hosp,0,2026-10-10,35,quantile,0.75,5.0
2026-10-10,wk inc rsv hosp,1,2026-10-17,35,quantile,0.75,5.0
2026-10-10,wk inc rsv hosp,2,2026-10-24,35,quantile,0.75,6.0
2026-10-10,wk inc rsv hosp,3,2026-10-31,35,quantile,0.75,6.0
2026-10-10,wk inc rsv hosp,0,2026-10-10,35,quantile,0.8,5.0
2026-10-10,wk inc rsv hosp,1,2026-10-17,35,quantile,0.8,6.0
2026-10-10,wk inc rsv hosp,2,2026-10-24,35,quantile,0.8,6.0
2026-10-10,wk inc rsv hosp,3,2026-10-31,35,quantile,0.8,7.0
2026-10-10,wk inc rsv hosp,0,2026-10-10,35,quantile,0.85,5.0
2026-10-10,wk inc rsv hosp,1,2026-10-17,35,quantile,0.85,6.0
2026-10-10,wk inc rsv hosp,2,2026-10-24,35,quantile,0.85,7.0
2026-10-10,wk inc rsv hosp,3,2026-10-31,35,quantile,0.85,8.0
2026-10-10,wk inc rsv hosp,0,2026-10-10,35,quantile,0.9,6.0
2026-10-10,wk inc rsv hosp,1,2026-10-17,35,quantile,0.9,7.0
2026-10-10,wk inc rsv hosp,2,2026-10-24,35,quantile,0.9,8.0
2026-10-10,wk inc rsv hosp,3,2026-10-31,35,quantile,0.9,9.0
2026-10-10,wk inc rsv hosp,0,2026-10-10,35,quantile,0.95,7.0
2026-10-10,wk inc rsv hosp,1,2026-10-17,35,quantile,0.95,8.0
2026-10-10,wk inc rsv hosp,2,2026-10-24,35,quantile,0.95,10.0
2026-10-10,wk inc rsv hosp,3,2026-10-31,35,quantile,0.95,12.0
2026-10-10,wk inc rsv hosp,0,2026-10-10,35,quantile,0.975,7.0
2026-10-10,wk inc rsv hosp,1,2026-10-17,35,quantile,0.975,10.0
2026-10-10,wk inc rsv hosp,2,2026-10-24,35,quantile,0.975,11.0
2026-10-10,wk inc rsv hosp,3,2026-10-31,35,quantile,0.975,14.0
2026-10-10,wk inc rsv hosp,0,2026-10-10,35,quantile,0.99,9.0
2026-10-10,wk inc rsv hosp,1,2026-10-17,35,quantile,0.99,11.0
2026-10-10,wk inc rsv hosp,2,2026-10-24,35,quantile,0.99,14.0
2026-10-10,wk inc rsv hosp,3,2026-10-31,35,quantile,0.99,19.0
2026-10-10,wk inc rsv hosp,0,2026-10-10,36,quantile,0.01,3.0
2026-10-10,wk inc rsv hosp,1,2026-10-17,36,quantile,0.01,3.0
2026-10-10,wk inc rsv hosp,2,2026-10-24,36,quantile,0.01,0.0
2026-10-10,wk inc rsv hosp,3,2026-10-31,36,quantile,0.01,0.0
2026-10-10,wk inc rsv hosp,0,2026-10-10,36,quantile,0.025,3.0
2026-10-10,wk inc rsv hosp,1,2026-10-17,36,quantile,0.025,3.0
2026-10-10,wk inc rsv hosp,2,2026-10-24,36,quantile,0.025,1.0
2026-10-10,wk inc rsv hosp,3,2026-10-31,36,quantile,0.025,0.0
2026-10-10,wk inc rsv hosp,0,2026-10-10,36,quantile,0.05,6.0
2026-10-10,wk inc rsv hosp,1,2026-10-17,36,quantile,0.05,6.0
2026-10-10,wk inc rsv hosp,2,2026-10-24,36,quantile,0.05,3.0
2026-10-10,wk inc rsv hosp,3,2026-10-31,36,quantile,0.05,3.0
2026-10-10,wk inc rsv hosp,0,2026-10-10,36,quantile,0.1,9.0
2026-10-10,wk inc rsv hosp,1,2026-10-17,36,quantile,0.1,6.0
2026-10-10,wk inc rsv hosp,2,2026-10-24,36,quantile,0.1,6.0
2026-10-10,wk inc rsv hosp,3,2026-10-31,36,quantile,0.1,3.0
2026-10-10,wk inc rsv hosp,0,2026-10-10,36,quantile,0.15,12.0
2026-10-10,wk inc rsv hosp,1,2026-10-17,36,quantile,0.15,9.0
2026-10-10,wk inc rsv hosp,2,2026-10-24,36,quantile,0.15,6.0
2026-10-10,wk inc rsv hosp,3,2026-10-31,36,quantile,0.15,6.0
2026-10-10,wk inc rsv hosp,0,2026-10-10,36,quantile,0.2,12.0
2026-10-10,wk inc rsv hosp,1,2026-10-17,36,quantile,0.2,12.0
2026-10-10,wk inc rsv hosp,2,2026-10-24,36,quantile,0.2,9.0
2026-10-10,wk inc rsv hosp,3,2026-10-31,36,quantile,0.2,9.0
2026-10-10,wk inc rsv hosp,0,2026-10-10,36,quantile,0.25,12.0
2026-10-10,wk inc rsv hosp,1,2026-10-17,36,quantile,0.25,12.0
2026-10-10,wk inc rsv hosp,2,2026-10-24,36,quantile,0.25,12.0
2026-10-10,wk inc rsv hosp,3,2026-10-31,36,quantile,0.25,9.0
2026-10-10,wk inc rsv hosp,0,2026-10-10,36,quantile,0.3,14.0
2026-10-10,wk inc rsv hosp,1,2026-10-17,36,quantile,0.3,14.0
2026-10-10,wk inc rsv hosp,2,2026-10-24,36,quantile,0.3,12.0
2026-10-10,wk inc rsv hosp,3,2026-10-31,36,quantile,0.3,12.0
2026-10-10,wk inc rsv hosp,0,2026-10-10,36,quantile,0.35,14.0
2026-10-10,wk inc rsv hosp,1,2026-10-17,36,quantile,0.35,14.0
2026-10-10,wk inc rsv hosp,2,2026-10-24,36,quantile,0.35,14.0
2026-10-10,wk inc rsv hosp,3,2026-10-31,36,quantile,0.35,14.0
2026-10-10,wk inc rsv hosp,0,2026-10-10,36,quantile,0.4,17.0
2026-10-10,wk inc rsv hosp,1,2026-10-17,36,quantile,0.4,17.0
2026-10-10,wk inc rsv hosp,2,2026-10-24,36,quantile,0.4,14.0
2026-10-10,wk inc rsv hosp,3,2026-10-31,36,quantile,0.4,14.0
2026-10-10,wk inc rsv hosp,0,2026-10-10,36,quantile,0.45,17.0
2026-10-10,wk inc rsv hosp,1,2026-10-17,36,quantile,0.45,17.0
2026-10-10,wk inc rsv hosp,2,2026-10-24,36,quantile,0.45,17.0
2026-10-10,wk inc rsv hosp,3,2026-10-31,36,quantile,0.45,17.0
2026-10-10,wk inc rsv hosp,0,2026-10-10,36,quantile,0.5,17.0
2026-10-10,wk inc rsv hosp,1,2026-10-17,36,quantile,0.5,20.0
2026-10-10,wk inc rsv hosp,2,2026-10-24,36,quantile,0.5,20.0
2026-10-10,wk inc rsv hosp,3,2026-10-31,36,quantile,0.5,20.0
2026-10-10,wk inc rsv hosp,0,2026-10-10,36,quantile,0.55,20.0
2026-10-10,wk inc rsv hosp,1,2026-10-17,36,quantile,0.55,20.0
2026-10-10,wk inc rsv hosp,2,2026-10-24,36,quantile,0.55,23.0
2026-10-10,wk inc rsv hosp,3,2026-10-31,36,quantile,0.55,23.0
2026-10-10,wk inc rsv hosp,0,2026-10-10,36,quantile,0.6,20.0
2026-10-10,wk inc rsv hosp,1,2026-10-17,36,quantile,0.6,23.0
2026-10-10,wk inc rsv hosp,2,2026-10-24,36,quantile,0.6,26.0
2026-10-10,wk inc rsv hosp,3,2026-10-31,36,quantile,0.6,23.0
2026-10-10,wk inc rsv hosp,0,2026-10-10,36,quantile,0.65,23.0
2026-10-10,wk inc rsv hosp,1,2026-10-17,36,quantile,0.65,23.0
2026-10-10,wk inc rsv hosp,2,2026-10-24,36,quantile,0.65,26.0
2026-10-10,wk inc rsv hosp,3,2026-10-31,36,quantile,0.65,26.0
2026-10-10,wk inc rsv hosp,0,2026-10-10,36,quantile,0.7,26.0
2026-10-10,wk inc rsv hosp,1,2026-10-17,36,quantile,0.7,26.0
2026-10-10,wk inc rsv hosp,2,2026-10-24,36,quantile,0.7,29.0
2026-10-10,wk inc rsv hosp,3,2026-10-31,36,quantile,0.7,29.0
2026-10-10,wk inc rsv hosp,0,2026-10-10,36,quantile,0.75,26.0
2026-10-10,wk inc rsv hosp,1,2026-10-17,36,quantile,0.75,29.0
2026-10-10,wk inc rsv hosp,2,2026-10-24,36,quantile,0.75,32.0
2026-10-10,wk inc rsv hosp,3,2026-10-31,36,quantile,0.75,32.0
2026-10-10,wk inc rsv hosp,0,2026-10-10,36,quantile,0.8,29.0
2026-10-10,wk inc rsv hosp,1,2026-10-17,36,quantile,0.8,32.0
2026-10-10,wk inc rsv hosp,2,2026-10-24,36,quantile,0.8,35.0
2026-10-10,wk inc rsv hosp,3,2026-10-31,36,quantile,0.8,38.0
2026-10-10,wk inc rsv hosp,0,2026-10-10,36,quantile,0.85,32.0
2026-10-10,wk inc rsv hosp,1,2026-10-17,36,quantile,0.85,35.0
2026-10-10,wk inc rsv hosp,2,2026-10-24,36,quantile,0.85,41.0
2026-10-10,wk inc rsv hosp,3,2026-10-31,36,quantile,0.85,43.0
2026-10-10,wk inc rsv hosp,0,2026-10-10,36,quantile,0.9,35.0
2026-10-10,wk inc rsv hosp,1,2026-10-17,36,quantile,0.9,41.0
2026-10-10,wk inc rsv hosp,2,2026-10-24,36,quantile,0.9,46.0
2026-10-10,wk inc rsv hosp,3,2026-10-31,36,quantile,0.9,50.0
2026-10-10,wk inc rsv hosp,0,2026-10-10,36,quantile,0.95,41.0
2026-10-10,wk inc rsv hosp,1,2026-10-17,36,quantile,0.95,46.0
2026-10-10,wk inc rsv hosp,2,2026-10-24,36,quantile,0.95,55.0
2026-10-10,wk inc rsv hosp,3,2026-10-31,36,quantile,0.95,67.0
2026-10-10,wk inc rsv hosp,0,2026-10-10,36,quantile,0.975,43.0
2026-10-10,wk inc rsv hosp,1,2026-10-17,36,quantile,0.975,55.0
2026-10-10,wk inc rsv hosp,2,2026-10-24,36,quantile,0.975,64.0
2026-10-10,wk inc rsv hosp,3,2026-10-31,36,quantile,0.975,80.0
2026-10-10,wk inc rsv hosp,0,2026-10-10,36,quantile,0.99,52.0
2026-10-10,wk inc rsv hosp,1,2026-10-17,36,quantile,0.99,58.0
2026-10-10,wk inc rsv hosp,2,2026-10-24,36,quantile,0.99,81.0
2026-10-10,wk inc rsv hosp,3,2026-10-31,36,quantile,0.99,104.0
2026-10-10,wk inc rsv hosp,0,2026-10-10,37,quantile,0.01,2.0
2026-10-10,wk inc rsv hosp,1,2026-10-17,37,quantile,0.01,2.0
2026-10-10,wk inc rsv hosp,2,2026-10-24,37,quantile,0.01,0.0
2026-10-10,wk inc rsv hosp,3,2026-10-31,37,quantile,0.01,0.0
2026-10-10,wk inc rsv hosp,0,2026-10-10,37,quantile,0.025,2.0
2026-10-10,wk inc rsv hosp,1,2026-10-17,37,quantile,0.025,2.0
2026-10-10,wk inc rsv hosp,2,2026-10-24,37,quantile,0.025,0.0
2026-10-10,wk inc rsv hosp,3,2026-10-31,37,quantile,0.025,0.0
2026-10-10,wk inc rsv hosp,0,2026-10-10,37,quantile,0.05,4.0
2026-10-10,wk inc rsv hosp,1,2026-10-17,37,quantile,0.05,4.0
2026-10-10,wk inc rsv hosp,2,2026-10-24,37,quantile,0.05,2.0
2026-10-10,wk inc rsv hosp,3,2026-10-31,37,quantile,0.05,2.0
2026-10-10,wk inc rsv hosp,0,2026-10-10,37,quantile,0.1,5.0
2026-10-10,wk inc rsv hosp,1,2026-10-17,37,quantile,0.1,5.0
2026-10-10,wk inc rsv hosp,2,2026-10-24,37,quantile,0.1,2.0
2026-10-10,wk inc rsv hosp,3,2026-10-31,37,quantile,0.1,2.0
2026-10-10,wk inc rsv hosp,0,2026-10-10,37,quantile,0.15,7.0
2026-10-10,wk inc rsv hosp,1,2026-10-17,37,quantile,0.15,5.0
2026-10-10,wk inc rsv hosp,2,2026-10-24,37,quantile,0.15,4.0
2026-10-10,wk inc rsv hosp,3,2026-10-31,37,quantile,0.15,4.0
2026-10-10,wk inc rsv hosp,0,2026-10-10,37,quantile,0.2,7.0
2026-10-10,wk inc rsv hosp,1,2026-10-17,37,quantile,0.2,7.0
2026-10-10,wk inc rsv hosp,2,2026-10-24,37,quantile,0.2,5.0
2026-10-10,wk inc rsv hosp,3,2026-10-31,37,quantile,0.2,5.0
2026-10-10,wk inc rsv hosp,0,2026-10-10,37,quantile,0.25,7.0
2026-10-10,wk inc rsv hosp,1,2026-10-17,37,quantile,0.25,7.0
2026-10-10,wk inc rsv hosp,2,2026-10-24,37,quantile,0.25,7.0
2026-10-10,wk inc rsv hosp,3,2026-10-31,37,quantile,0.25,5.0
2026-10-10,wk inc rsv hosp,0,2026-10-10,37,quantile,0.3,9.0
2026-10-10,wk inc rsv hosp,1,2026-10-17,37,quantile,0.3,9.0
2026-10-10,wk inc rsv hosp,2,2026-10-24,37,quantile,0.3,7.0
2026-10-10,wk inc rsv hosp,3,2026-10-31,37,quantile,0.3,7.0
2026-10-10,wk inc rsv hosp,0,2026-10-10,37,quantile,0.35,9.0
2026-10-10,wk inc rsv hosp,1,2026-10-17,37,quantile,0.35,9.0
2026-10-10,wk inc rsv hosp,2,2026-10-24,37,quantile,0.35,9.0
2026-10-10,wk inc rsv hosp,3,2026-10-31,37,quantile,0.35,9.0
2026-10-10,wk inc rsv hosp,0,2026-10-10,37,quantile,0.4,11.0
2026-10-10,wk inc rsv hosp,1,2026-10-17,37,quantile,0.4,11.0
2026-10-10,wk inc rsv hosp,2,2026-10-24,37,quantile,0.4,9.0
2026-10-10,wk inc rsv hosp,3,2026-10-31,37,quantile,0.4,9.0
2026-10-10,wk inc rsv hosp,0,2026-10-10,37,quantile,0.45,11.0
2026-10-10,wk inc rsv hosp,1,2026-10-17,37,quantile,0.45,11.0
2026-10-10,wk inc rsv hosp,2,2026-10-24,37,quantile,0.45,11.0
2026-10-10,wk inc rsv hosp,3,2026-10-31,37,quantile,0.45,11.0
2026-10-10,wk inc rsv hosp,0,2026-10-10,37,quantile,0.5,12.0
2026-10-10,wk inc rsv hosp,1,2026-10-17,37,quantile,0.5,12.0
2026-10-10,wk inc rsv hosp,2,2026-10-24,37,quantile,0.5,12.0
2026-10-10,wk inc rsv hosp,3,2026-10-31,37,quantile,0.5,12.0
2026-10-10,wk inc rsv hosp,0,2026-10-10,37,quantile,0.55,12.0
2026-10-10,wk inc rsv hosp,1,2026-10-17,37,quantile,0.55,12.0
2026-10-10,wk inc rsv hosp,2,2026-10-24,37,quantile,0.55,12.0
2026-10-10,wk inc rsv hosp,3,2026-10-31,37,quantile,0.55,14.0
2026-10-10,wk inc rsv hosp,0,2026-10-10,37,quantile,0.6,14.0
2026-10-10,wk inc rsv hosp,1,2026-10-17,37,quantile,0.6,14.0
2026-10-10,wk inc rsv hosp,2,2026-10-24,37,quantile,0.6,14.0
2026-10-10,wk inc rsv hosp,3,2026-10-31,37,quantile,0.6,14.0
2026-10-10,wk inc rsv hosp,0,2026-10-10,37,quantile,0.65,14.0
2026-10-10,wk inc rsv hosp,1,2026-10-17,37,quantile,0.65,15.0
2026-10-10,wk inc rsv hosp,2,2026-10-24,37,quantile,0.65,16.0
2026-10-10,wk inc rsv hosp,3,2026-10-31,37,quantile,0.65,16.0
2026-10-10,wk inc rsv hosp,0,2026-10-10,37,quantile,0.7,16.0
2026-10-10,wk inc rsv hosp,1,2026-10-17,37,quantile,0.7,16.0
2026-10-10,wk inc rsv hosp,2,2026-10-24,37,quantile,0.7,18.0
2026-10-10,wk inc rsv hosp,3,2026-10-31,37,quantile,0.7,18.0
2026-10-10,wk inc rsv hosp,0,2026-10-10,37,quantile,0.75,16.0
2026-10-10,wk inc rsv hosp,1,2026-10-17,37,quantile,0.75,18.0
2026-10-10,wk inc rsv hosp,2,2026-10-24,37,quantile,0.75,19.0
2026-10-10,wk inc rsv hosp,3,2026-10-31,37,quantile,0.75,21.0
2026-10-10,wk inc rsv hosp,0,2026-10-10,37,quantile,0.8,18.0
2026-10-10,wk inc rsv hosp,1,2026-10-17,37,quantile,0.8,19.0
2026-10-10,wk inc rsv hosp,2,2026-10-24,37,quantile,0.8,21.0
2026-10-10,wk inc rsv hosp,3,2026-10-31,37,quantile,0.8,23.0
2026-10-10,wk inc rsv hosp,0,2026-10-10,37,quantile,0.85,19.0
2026-10-10,wk inc rsv hosp,1,2026-10-17,37,quantile,0.85,21.0
2026-10-10,wk inc rsv hosp,2,2026-10-24,37,quantile,0.85,25.0
2026-10-10,wk inc rsv hosp,3,2026-10-31,37,quantile,0.85,26.0
2026-10-10,wk inc rsv hosp,0,2026-10-10,37,quantile,0.9,21.0
2026-10-10,wk inc rsv hosp,1,2026-10-17,37,quantile,0.9,25.0
2026-10-10,wk inc rsv hosp,2,2026-10-24,37,quantile,0.9,28.0
2026-10-10,wk inc rsv hosp,3,2026-10-31,37,quantile,0.9,32.0
2026-10-10,wk inc rsv hosp,0,2026-10-10,37,quantile,0.95,25.0
2026-10-10,wk inc rsv hosp,1,2026-10-17,37,quantile,0.95,30.0
2026-10-10,wk inc rsv hosp,2,2026-10-24,37,quantile,0.95,35.0
2026-10-10,wk inc rsv hosp,3,2026-10-31,37,quantile,0.95,42.0
2026-10-10,wk inc rsv hosp,0,2026-10-10,37,quantile,0.975,26.0
2026-10-10,wk inc rsv hosp,1,2026-10-17,37,quantile,0.975,33.0
2026-10-10,wk inc rsv hosp,2,2026-10-24,37,quantile,0.975,41.0
2026-10-10,wk inc rsv hosp,3,2026-10-31,37,quantile,0.975,51.0
2026-10-10,wk inc rsv hosp,0,2026-10-10,37,quantile,0.99,32.0
2026-10-10,wk inc rsv hosp,1,2026-10-17,37,quantile,0.99,35.0
2026-10-10,wk inc rsv hosp,2,2026-10-24,37,quantile,0.99,53.0
2026-10-10,wk inc rsv hosp,3,2026-10-31,37,quantile,0.99,63.0
2026-10-10,wk inc rsv hosp,0,2026-10-10,38,quantile,0.01,1.0
2026-10-10,wk inc rsv hosp,1,2026-10-17,38,quantile,0.01,0.0
2026-10-10,wk inc rsv hosp,2,2026-10-24,38,quantile,0.01,0.0
2026-10-10,wk inc rsv hosp,3,2026-10-31,38,quantile,0.01,0.0
2026-10-10,wk inc rsv hosp,0,2026-10-10,38,quantile,0.025,1.0
2026-10-10,wk inc rsv hosp,1,2026-10-17,38,quantile,0.025,1.0
2026-10-10,wk inc rsv hosp,2,2026-10-24,38,quantile,0.025,0.0
2026-10-10,wk inc rsv hosp,3,2026-10-31,38,quantile,0.025,0.0
2026-10-10,wk inc rsv hosp,0,2026-10-10,38,quantile,0.05,1.0
2026-10-10,wk inc rsv hosp,1,2026-10-17,38,quantile,0.05,1.0
2026-10-10,wk inc rsv hosp,2,2026-10-24,38,quantile,0.05,1.0
2026-10-10,wk inc rsv hosp,3,2026-10-31,38,quantile,0.05,0.0
2026-10-10,wk inc rsv hosp,0,2026-10-10,38,quantile,0.1,1.0
2026-10-10,wk inc rsv hosp,1,2026-10-17,38,quantile,0.1,1.0
2026-10-10,wk inc rsv hosp,2,2026-10-24,38,quantile,0.1,1.0
2026-10-10,wk inc rsv hosp,3,2026-10-31,38,quantile,0.1,1.0
2026-10-10,wk inc rsv hosp,0,2026-10-10,38,quantile,0.15,1.0
2026-10-10,wk inc rsv hosp,1,2026-10-17,38,quantile,0.15,1.0
2026-10-10,wk inc rsv hosp,2,2026-10-24,38,quantile,0.15,1.0
2026-10-10,wk inc rsv hosp,3,2026-10-31,38,quantile,0.15,1.0
2026-10-10,wk inc rsv hosp,0,2026-10-10,38,quantile,0.2,1.0
2026-10-10,wk inc rsv hosp,1,2026-10-17,38,quantile,0.2,1.0
2026-10-10,wk inc rsv hosp,2,2026-10-24,38,quantile,0.2,1.0
2026-10-10,wk inc rsv hosp,3,2026-10-31,38,quantile,0.2,1.0
2026-10-10,wk inc rsv hosp,0,2026-10-10,38,quantile,0.25,1.0
2026-10-10,wk inc rsv hosp,1,2026-10-17,38,quantile,0.25,1.0
2026-10-10,wk inc rsv hosp,2,2026-10-24,38,quantile,0.25,1.0
2026-10-10,wk inc rsv hosp,3,2026-10-31,38,quantile,0.25,1.0
2026-10-10,wk inc rsv hosp,0,2026-10-10,38,quantile,0.3,1.0
2026-10-10,wk inc rsv hosp,1,2026-10-17,38,quantile,0.3,1.0
2026-10-10,wk inc rsv hosp,2,2026-10-24,38,quantile,0.3,1.0
2026-10-10,wk inc rsv hosp,3,2026-10-31,38,quantile,0.3,1.0
2026-10-10,wk inc rsv hosp,0,2026-10-10,38,quantile,0.35,1.0
2026-10-10,wk inc rsv hosp,1,2026-10-17,38,quantile,0.35,1.0
2026-10-10,wk inc rsv hosp,2,2026-10-24,38,quantile,0.35,1.0
2026-10-10,wk inc rsv hosp,3,2026-10-31,38,quantile,0.35,1.0
2026-10-10,wk inc rsv hosp,0,2026-10-10,38,quantile,0.4,1.0
2026-10-10,wk inc rsv hosp,1,2026-10-17,38,quantile,0.4,1.0
2026-10-10,wk inc rsv hosp,2,2026-10-24,38,quantile,0.4,1.0
2026-10-10,wk inc rsv hosp,3,2026-10-31,38,quantile,0.4,1.0
2026-10-10,wk inc rsv hosp,0,2026-10-10,38,quantile,0.45,1.0
2026-10-10,wk inc rsv hosp,1,2026-10-17,38,quantile,0.45,1.0
2026-10-10,wk inc rsv hosp,2,2026-10-24,38,quantile,0.45,2.0
2026-10-10,wk inc rsv hosp,3,2026-10-31,38,quantile,0.45,2.0
2026-10-10,wk inc rsv hosp,0,2026-10-10,38,quantile,0.5,1.0
2026-10-10,wk inc rsv hosp,1,2026-10-17,38,quantile,0.5,1.0
2026-10-10,wk inc rsv hosp,2,2026-10-24,38,quantile,0.5,2.0
2026-10-10,wk inc rsv hosp,3,2026-10-31,38,quantile,0.5,2.0
2026-10-10,wk inc rsv hosp,0,2026-10-10,38,quantile,0.55,1.0
2026-10-10,wk inc rsv hosp,1,2026-10-17,38,quantile,0.55,2.0
2026-10-10,wk inc rsv hosp,2,2026-10-24,38,quantile,0.55,2.0
2026-10-10,wk inc rsv hosp,3,2026-10-31,38,quantile,0.55,2.0
2026-10-10,wk inc rsv hosp,0,2026-10-10,38,quantile,0.6,1.0
2026-10-10,wk inc rsv hosp,1,2026-10-17,38,quantile,0.6,2.0
2026-10-10,wk inc rsv hosp,2,2026-10-24,38,quantile,0.6,2.0
2026-10-10,wk inc rsv hosp,3,2026-10-31,38,quantile,0.6,2.0
2026-10-10,wk inc rsv hosp,0,2026-10-10,38,quantile,0.65,1.0
2026-10-10,wk inc rsv hosp,1,2026-10-17,38,quantile,0.65,2.0
2026-10-10,wk inc rsv hosp,2,2026-10-24,38,quantile,0.65,2.0
2026-10-10,wk inc rsv hosp,3,2026-10-31,38,quantile,0.65,3.0
2026-10-10,wk inc rsv hosp,0,2026-10-10,38,quantile,0.7,2.0
2026-10-10,wk inc rsv hosp,1,2026-10-17,38,quantile,0.7,2.0
2026-10-10,wk inc rsv hosp,2,2026-10-24,38,quantile,0.7,2.0
2026-10-10,wk inc rsv hosp,3,2026-10-31,38,quantile,0.7,3.0
2026-10-10,wk inc rsv hosp,0,2026-10-10,38,quantile,0.75,2.0
2026-10-10,wk inc rsv hosp,1,2026-10-17,38,quantile,0.75,2.0
2026-10-10,wk inc rsv hosp,2,2026-10-24,38,quantile,0.75,3.0
2026-10-10,wk inc rsv hosp,3,2026-10-31,38,quantile,0.75,4.0
2026-10-10,wk inc rsv hosp,0,2026-10-10,38,quantile,0.8,2.0
2026-10-10,wk inc rsv hosp,1,2026-10-17,38,quantile,0.8,2.0
2026-10-10,wk inc rsv hosp,2,2026-10-24,38,quantile,0.8,3.0
2026-10-10,wk inc rsv hosp,3,2026-10-31,38,quantile,0.8,4.0
2026-10-10,wk inc rsv hosp,0,2026-10-10,38,quantile,0.85,2.0
2026-10-10,wk inc rsv hosp,1,2026-10-17,38,quantile,0.85,3.0
2026-10-10,wk inc rsv hosp,2,2026-10-24,38,quantile,0.85,4.0
2026-10-10,wk inc rsv hosp,3,2026-10-31,38,quantile,0.85,5.0
2026-10-10,wk inc rsv hosp,0,2026-10-10,38,quantile,0.9,2.0
2026-10-10,wk inc rsv hosp,1,2026-10-17,38,quantile,0.9,3.0
2026-10-10,wk inc rsv hosp,2,2026-10-24,38,quantile,0.9,4.0
2026-10-10,wk inc rsv hosp,3,2026-10-31,38,quantile,0.9,6.0
2026-10-10,wk inc rsv hosp,0,2026-10-10,38,quantile,0.95,2.0
2026-10-10,wk inc rsv hosp,1,2026-10-17,38,quantile,0.95,3.0
2026-10-10,wk inc rsv hosp,2,2026-10-24,38,quantile,0.95,5.0
2026-10-10,wk inc rsv hosp,3,2026-10-31,38,quantile,0.95,8.0
2026-10-10,wk inc rsv hosp,0,2026-10-10,38,quantile,0.975,2.0
2026-10-10,wk inc rsv hosp,1,2026-10-17,38,quantile,0.975,4.0
2026-10-10,wk inc rsv hosp,2,2026-10-24,38,quantile,0.975,7.0
2026-10-10,wk inc rsv hosp,3,2026-10-31,38,quantile,0.975,11.0
2026-10-10,wk inc rsv hosp,0,2026-10-10,38,quantile,0.99,3.0
2026-10-10,wk inc rsv hosp,1,2026-10-17,38,quantile,0.99,5.0
2026-10-10,wk inc rsv hosp,2,2026-10-24,38,quantile,0.99,8.0
2026-10-10,wk inc rsv hosp,3,2026-10-31,38,quantile,0.99,14.0
2026-10-10,wk inc rsv hosp,0,2026-10-10,39,quantile,0.01,2.0
2026-10-10,wk inc rsv hosp,1,2026-10-17,39,quantile,0.01,0.0
2026-10-10,wk inc rsv hosp,2,2026-10-24,39,quantile,0.01,0.0
2026-10-10,wk inc rsv hosp,3,2026-10-31,39,quantile,0.01,0.0
2026-10-10,wk inc rsv hosp,0,2026-10-10,39,quantile,0.025,2.0
2026-10-10,wk inc rsv hosp,1,2026-10-17,39,quantile,0.025,2.0
2026-10-10,wk inc rsv hosp,2,2026-10-24,39,quantile,0.025,0.0
2026-10-10,wk inc rsv hosp,3,2026-10-31,39,quantile,0.025,0.0
2026-10-10,wk inc rsv hosp,0,2026-10-10,39,quantile,0.05,2.0
2026-10-10,wk inc rsv hosp,1,2026-10-17,39,quantile,0.05,2.0
2026-10-10,wk inc rsv hosp,2,2026-10-24,39,quantile,0.05,2.0
2026-10-10,wk inc rsv hosp,3,2026-10-31,39,quantile,0.05,0.0
2026-10-10,wk inc rsv hosp,0,2026-10-10,39,quantile,0.1,3.0
2026-10-10,wk inc rsv hosp,1,2026-10-17,39,quantile,0.1,3.0
2026-10-10,wk inc rsv hosp,2,2026-10-24,39,quantile,0.1,2.0
2026-10-10,wk inc rsv hosp,3,2026-10-31,39,quantile,0.1,2.0
2026-10-10,wk inc rsv hosp,0,2026-10-10,39,quantile,0.15,5.0
2026-10-10,wk inc rsv hosp,1,2026-10-17,39,quantile,0.15,5.0
2026-10-10,wk inc rsv hosp,2,2026-10-24,39,quantile,0.15,3.0
2026-10-10,wk inc rsv hosp,3,2026-10-31,39,quantile,0.15,3.0
2026-10-10,wk inc rsv hosp,0,2026-10-10,39,quantile,0.2,5.0
2026-10-10,wk inc rsv hosp,1,2026-10-17,39,quantile,0.2,5.0
2026-10-10,wk inc rsv hosp,2,2026-10-24,39,quantile,0.2,5.0
2026-10-10,wk inc rsv hosp,3,2026-10-31,39,quantile,0.2,3.0
2026-10-10,wk inc rsv hosp,0,2026-10-10,39,quantile,0.25,7.0
2026-10-10,wk inc rsv hosp,1,2026-10-17,39,quantile,0.25,7.0
2026-10-10,wk inc rsv hosp,2,2026-10-24,39,quantile,0.25,5.0
2026-10-10,wk inc rsv hosp,3,2026-10-31,39,quantile,0.25,5.0
2026-10-10,wk inc rsv hosp,0,2026-10-10,39,quantile,0.3,7.0
2026-10-10,wk inc rsv hosp,1,2026-10-17,39,quantile,0.3,7.0
2026-10-10,wk inc rsv hosp,2,2026-10-24,39,quantile,0.3,7.0
2026-10-10,wk inc rsv hosp,3,2026-10-31,39,quantile,0.3,7.0
2026-10-10,wk inc rsv hosp,0,2026-10-10,39,quantile,0.35,8.0
2026-10-10,wk inc rsv hosp,1,2026-10-17,39,quantile,0.35,7.0
2026-10-10,wk inc rsv hosp,2,2026-10-24,39,quantile,0.35,7.0
2026-10-10,wk inc rsv hosp,3,2026-10-31,39,quantile,0.35,7.0
2026-10-10,wk inc rsv hosp,0,2026-10-10,39,quantile,0.4,10.0
2026-10-10,wk inc rsv hosp,1,2026-10-17,39,quantile,0.4,8.0
2026-10-10,wk inc rsv hosp,2,2026-10-24,39,quantile,0.4,8.0
2026-10-10,wk inc rsv hosp,3,2026-10-31,39,quantile,0.4,8.0
2026-10-10,wk inc rsv hosp,0,2026-10-10,39,quantile,0.45,10.0
2026-10-10,wk inc rsv hosp,1,2026-10-17,39,quantile,0.45,10.0
2026-10-10,wk inc rsv hosp,2,2026-10-24,39,quantile,0.45,8.0
2026-10-10,wk inc rsv hosp,3,2026-10-31,39,quantile,0.45,9.0
2026-10-10,wk inc rsv hosp,0,2026-10-10,39,quantile,0.5,10.0
2026-10-10,wk inc rsv hosp,1,2026-10-17,39,quantile,0.5,10.0
2026-10-10,wk inc rsv hosp,2,2026-10-24,39,quantile,0.5,10.0
2026-10-10,wk inc rsv hosp,3,2026-10-31,39,quantile,0.5,10.0
2026-10-10,wk inc rsv hosp,0,2026-10-10,39,quantile,0.55,12.0
2026-10-10,wk inc rsv hosp,1,2026-10-17,39,quantile,0.55,12.0
2026-10-10,wk inc rsv hosp,2,2026-10-24,39,quantile,0.55,12.0
2026-10-10,wk inc rsv hosp,3,2026-10-31,39,quantile,0.55,12.0
2026-10-10,wk inc rsv hosp,0,2026-10-10,39,quantile,0.6,12.0
2026-10-10,wk inc rsv hosp,1,2026-10-17,39,quantile,0.6,12.0
2026-10-10,wk inc rsv hosp,2,2026-10-24,39,quantile,0.6,12.0
2026-10-10,wk inc rsv hosp,3,2026-10-31,39,quantile,0.6,14.0
2026-10-10,wk inc rsv hosp,0,2026-10-10,39,quantile,0.65,12.0
2026-10-10,wk inc rsv hosp,1,2026-10-17,39,quantile,0.65,14.0
2026-10-10,wk inc rsv hosp,2,2026-10-24,39,quantile,0.65,14.0
2026-10-10,wk inc rsv hosp,3,2026-10-31,39,quantile,0.65,14.0
2026-10-10,wk inc rsv hosp,0,2026-10-10,39,quantile,0.7,14.0
2026-10-10,wk inc rsv hosp,1,2026-10-17,39,quantile,0.7,14.0
2026-10-10,wk inc rsv hosp,2,2026-10-24,39,quantile,0.7,15.0
2026-10-10,wk inc rsv hosp,3,2026-10-31,39,quantile,0.7,15.0
2026-10-10,wk inc rsv hosp,0,2026-10-10,39,quantile,0.75,15.0
2026-10-10,wk inc rsv hosp,1,2026-10-17,39,quantile,0.75,15.0
2026-10-10,wk inc rsv hosp,2,2026-10-24,39,quantile,0.75,17.0
2026-10-10,wk inc rsv hosp,3,2026-10-31,39,quantile,0.75,17.0
2026-10-10,wk inc rsv hosp,0,2026-10-10,39,quantile,0.8,15.0
2026-10-10,wk inc rsv hosp,1,2026-10-17,39,quantile,0.8,17.0
2026-10-10,wk inc rsv hosp,2,2026-10-24,39,quantile,0.8,19.0
2026-10-10,wk inc rsv hosp,3,2026-10-31,39,quantile,0.8,20.0
2026-10-10,wk inc rsv hosp,0,2026-10-10,39,quantile,0.85,17.0
2026-10-10,wk inc rsv hosp,1,2026-10-17,39,quantile,0.85,19.0
2026-10-10,wk inc rsv hosp,2,2026-10-24,39,quantile,0.85,20.0
2026-10-10,wk inc rsv hosp,3,2026-10-31,39,quantile,0.85,24.0
2026-10-10,wk inc rsv hosp,0,2026-10-10,39,quantile,0.9,19.0
2026-10-10,wk inc rsv hosp,1,2026-10-17,39,quantile,0.9,20.0
2026-10-10,wk inc rsv hosp,2,2026-10-24,39,quantile,0.9,24.0
2026-10-10,wk inc rsv hosp,3,2026-10-31,39,quantile,0.9,29.0
2026-10-10,wk inc rsv hosp,0,2026-10-10,39,quantile,0.95,20.0
2026-10-10,wk inc rsv hosp,1,2026-10-17,39,quantile,0.95,25.0
2026-10-10,wk inc rsv hosp,2,2026-10-24,39,quantile,0.95,31.0
2026-10-10,wk inc rsv hosp,3,2026-10-31,39,quantile,0.95,36.0
2026-10-10,wk inc rsv hosp,0,2026-10-10,39,quantile,0.975,22.0
2026-10-10,wk inc rsv hosp,1,2026-10-17,39,quantile,0.975,29.0
2026-10-10,wk inc rsv hosp,2,2026-10-24,39,quantile,0.975,36.0
2026-10-10,wk inc rsv hosp,3,2026-10-31,39,quantile,0.975,44.0
2026-10-10,wk inc rsv hosp,0,2026-10-10,39,quantile,0.99,27.0
2026-10-10,wk inc rsv hosp,1,2026-10-17,39,quantile,0.99,32.0
2026-10-10,wk inc rsv hosp,2,2026-10-24,39,quantile,0.99,42.0
2026-10-10,wk inc rsv hosp,3,2026-10-31,39,quantile,0.99,58.0
2026-10-10,wk inc rsv hosp,0,2026-10-10,40,quantile,0.01,1.0
2026-10-10,wk inc rsv hosp,1,2026-10-17,40,quantile,0.01,1.0
2026-10-10,wk inc rsv hosp,2,2026-10-24,40,quantile,0.01,0.0
2026-10-10,wk inc rsv hosp,3,2026-10-31,40,quantile,0.01,0.0
2026-10-10,wk inc rsv hosp,0,2026-10-10,40,quantile,0.025,2.0
2026-10-10,wk inc rsv hosp,1,2026-10-17,40,quantile,0.025,1.0
2026-10-10,wk inc rsv hosp,2,2026-10-24,40,quantile,0.025,1.0
2026-10-10,wk inc rsv hosp,3,2026-10-31,40,quantile,0.025,0.0
2026-10-10,wk inc rsv hosp,0,2026-10-10,40,quantile,0.05,2.0
2026-10-10,wk inc rsv hosp,1,2026-10-17,40,quantile,0.05,2.0
2026-10-10,wk inc rsv hosp,2,2026-10-24,40,quantile,0.05,1.0
2026-10-10,wk inc rsv hosp,3,2026-10-31,40,quantile,0.05,1.0
2026-10-10,wk inc rsv hosp,0,2026-10-10,40,quantile,0.1,2.0
2026-10-10,wk inc rsv hosp,1,2026-10-17,40,quantile,0.1,2.0
2026-10-10,wk inc rsv hosp,2,2026-10-24,40,quantile,0.1,2.0
2026-10-10,wk inc rsv hosp,3,2026-10-31,40,quantile,0.1,1.0
2026-10-10,wk inc rsv hosp,0,2026-10-10,40,quantile,0.15,3.0
2026-10-10,wk inc rsv hosp,1,2026-10-17,40,quantile,0.15,2.0
2026-10-10,wk inc rsv hosp,2,2026-10-24,40,quantile,0.15,2.0
2026-10-10,wk inc rsv hosp,3,2026-10-31,40,quantile,0.15,2.0
2026-10-10,wk inc rsv hosp,0,2026-10-10,40,quantile,0.2,3.0
2026-10-10,wk inc rsv hosp,1,2026-10-17,40,quantile,0.2,3.0
2026-10-10,wk inc rsv hosp,2,2026-10-24,40,quantile,0.2,2.0
2026-10-10,wk inc rsv hosp,3,2026-10-31,40,quantile,0.2,2.0
2026-10-10,wk inc rsv hosp,0,2026-10-10,40,quantile,0.25,3.0
2026-10-10,wk inc rsv hosp,1,2026-10-17,40,quantile,0.25,3.0
2026-10-10,wk inc rsv hosp,2,2026-10-24,40,quantile,0.25,3.0
2026-10-10,wk inc rsv hosp,3,2026-10-31,40,quantile,0.25,3.0
2026-10-10,wk inc rsv hosp,0,2026-10-10,40,quantile,0.3,4.0
2026-10-10,wk inc rsv hosp,1,2026-10-17,40,quantile,0.3,4.0
2026-10-10,wk inc rsv hosp,2,2026-10-24,40,quantile,0.3,3.0
2026-10-10,wk inc rsv hosp,3,2026-10-31,40,quantile,0.3,3.0
2026-10-10,wk inc rsv hosp,0,2026-10-10,40,quantile,0.35,4.0
2026-10-10,wk inc rsv hosp,1,2026-10-17,40,quantile,0.35,4.0
2026-10-10,wk inc rsv hosp,2,2026-10-24,40,quantile,0.35,4.0
2026-10-10,wk inc rsv hosp,3,2026-10-31,40,quantile,0.35,3.0
2026-10-10,wk inc rsv hosp,0,2026-10-10,40,quantile,0.4,4.0
2026-10-10,wk inc rsv hosp,1,2026-10-17,40,quantile,0.4,4.0
2026-10-10,wk inc rsv hosp,2,2026-10-24,40,quantile,0.4,4.0
2026-10-10,wk inc rsv hosp,3,2026-10-31,40,quantile,0.4,4.0
2026-10-10,wk inc rsv hosp,0,2026-10-10,40,quantile,0.45,5.0
2026-10-10,wk inc rsv hosp,1,2026-10-17,40,quantile,0.45,5.0
2026-10-10,wk inc rsv hosp,2,2026-10-24,40,quantile,0.45,5.0
2026-10-10,wk inc rsv hosp,3,2026-10-31,40,quantile,0.45,5.0
2026-10-10,wk inc rsv hosp,0,2026-10-10,40,quantile,0.5,5.0
2026-10-10,wk inc rsv hosp,1,2026-10-17,40,quantile,0.5,5.0
2026-10-10,wk inc rsv hosp,2,2026-10-24,40,quantile,0.5,5.0
2026-10-10,wk inc rsv hosp,3,2026-10-31,40,quantile,0.5,5.0
2026-10-10,wk inc rsv hosp,0,2026-10-10,40,quantile,0.55,5.0
2026-10-10,wk inc rsv hosp,1,2026-10-17,40,quantile,0.55,5.0
2026-10-10,wk inc rsv hosp,2,2026-10-24,40,quantile,0.55,5.0
2026-10-10,wk inc rsv hosp,3,2026-10-31,40,quantile,0.55,5.0
2026-10-10,wk inc rsv hosp,0,2026-10-10,40,quantile,0.6,5.0
2026-10-10,wk inc rsv hosp,1,2026-10-17,40,quantile,0.6,5.0
2026-10-10,wk inc rsv hosp,2,2026-10-24,40,quantile,0.6,6.0
2026-10-10,wk inc rsv hosp,3,2026-10-31,40,quantile,0.6,6.0
2026-10-10,wk inc rsv hosp,0,2026-10-10,40,quantile,0.65,5.0
2026-10-10,wk inc rsv hosp,1,2026-10-17,40,quantile,0.65,6.0
2026-10-10,wk inc rsv hosp,2,2026-10-24,40,quantile,0.65,6.0
2026-10-10,wk inc rsv hosp,3,2026-10-31,40,quantile,0.65,6.0
2026-10-10,wk inc rsv hosp,0,2026-10-10,40,quantile,0.7,6.0
2026-10-10,wk inc rsv hosp,1,2026-10-17,40,quantile,0.7,6.0
2026-10-10,wk inc rsv hosp,2,2026-10-24,40,quantile,0.7,7.0
2026-10-10,wk inc rsv hosp,3,2026-10-31,40,quantile,0.7,7.0
2026-10-10,wk inc rsv hosp,0,2026-10-10,40,quantile,0.75,6.0
2026-10-10,wk inc rsv hosp,1,2026-10-17,40,quantile,0.75,7.0
2026-10-10,wk inc rsv hosp,2,2026-10-24,40,quantile,0.75,7.0
2026-10-10,wk inc rsv hosp,3,2026-10-31,40,quantile,0.75,8.0
2026-10-10,wk inc rsv hosp,0,2026-10-10,40,quantile,0.8,7.0
2026-10-10,wk inc rsv hosp,1,2026-10-17,40,quantile,0.8,7.0
2026-10-10,wk inc rsv hosp,2,2026-10-24,40,quantile,0.8,8.0
2026-10-10,wk inc rsv hosp,3,2026-10-31,40,quantile,0.8,8.0
2026-10-10,wk inc rsv hosp,0,2026-10-10,40,quantile,0.85,7.0
2026-10-10,wk inc rsv hosp,1,2026-10-17,40,quantile,0.85,8.0
2026-10-10,wk inc rsv hosp,2,2026-10-24,40,quantile,0.85,9.0
2026-10-10,wk inc rsv hosp,3,2026-10-31,40,quantile,0.85,10.0
2026-10-10,wk inc rsv hosp,0,2026-10-10,40,quantile,0.9,8.0
2026-10-10,wk inc rsv hosp,1,2026-10-17,40,quantile,0.9,9.0
2026-10-10,wk inc rsv hosp,2,2026-10-24,40,quantile,0.9,10.0
2026-10-10,wk inc rsv hosp,3,2026-10-31,40,quantile,0.9,12.0
2026-10-10,wk inc rsv hosp,0,2026-10-10,40,quantile,0.95,8.0
2026-10-10,wk inc rsv hosp,1,2026-10-17,40,quantile,0.95,10.0
2026-10-10,wk inc rsv hosp,2,2026-10-24,40,quantile,0.95,13.0
2026-10-10,wk inc rsv hosp,3,2026-10-31,40,quantile,0.95,14.0
2026-10-10,wk inc rsv hosp,0,2026-10-10,40,quantile,0.975,10.0
2026-10-10,wk inc rsv hosp,1,2026-10-17,40,quantile,0.975,12.0
2026-10-10,wk inc rsv hosp,2,2026-10-24,40,quantile,0.975,15.0
2026-10-10,wk inc rsv hosp,3,2026-10-31,40,quantile,0.975,19.0
2026-10-10,wk inc rsv hosp,0,2026-10-10,40,quantile,0.99,11.0
2026-10-10,wk inc rsv hosp,1,2026-10-17,40,quantile,0.99,14.0
2026-10-10,wk inc rsv hosp,2,2026-10-24,40,quantile,0.99,18.0
2026-10-10,wk inc rsv hosp,3,2026-10-31,40,quantile,0.99,24.0
2026-10-10,wk inc rsv hosp,0,2026-10-10,41,quantile,0.01,1.0
2026-10-10,wk inc rsv hosp,1,2026-10-17,41,quantile,0.01,1.0
2026-10-10,wk inc rsv hosp,2,2026-10-24,41,quantile,0.01,0.0
2026-10-10,wk inc rsv hosp,3,2026-10-31,41,quantile,0.01,0.0
2026-10-10,wk inc rsv hosp,0,2026-10-10,41,quantile,0.025,2.0
2026-10-10,wk inc rsv hosp,1,2026-10-17,41,quantile,0.025,1.0
2026-10-10,wk inc rsv hosp,2,2026-10-24,41,quantile,0.025,1.0
2026-10-10,wk inc rsv hosp,3,2026-10-31,41,quantile,0.025,1.0
2026-10-10,wk inc rsv hosp,0,2026-10-10,41,quantile,0.05,3.0
2026-10-10,wk inc rsv hosp,1,2026-10-17,41,quantile,0.05,2.0
2026-10-10,wk inc rsv hosp,2,2026-10-24,41,quantile,0.05,1.0
2026-10-10,wk inc rsv hosp,3,2026-10-31,41,quantile,0.05,1.0
2026-10-10,wk inc rsv hosp,0,2026-10-10,41,quantile,0.1,3.0
2026-10-10,wk inc rsv hosp,1,2026-10-17,41,quantile,0.1,3.0
2026-10-10,wk inc rsv hosp,2,2026-10-24,41,quantile,0.1,2.0
2026-10-10,wk inc rsv hosp,3,2026-10-31,41,quantile,0.1,2.0
2026-10-10,wk inc rsv hosp,0,2026-10-10,41,quantile,0.15,4.0
2026-10-10,wk inc rsv hosp,1,2026-10-17,41,quantile,0.15,3.0
2026-10-10,wk inc rsv hosp,2,2026-10-24,41,quantile,0.15,3.0
2026-10-10,wk inc rsv hosp,3,2026-10-31,41,quantile,0.15,2.0
2026-10-10,wk inc rsv hosp,0,2026-10-10,41,quantile,0.2,4.0
2026-10-10,wk inc rsv hosp,1,2026-10-17,41,quantile,0.2,4.0
2026-10-10,wk inc rsv hosp,2,2026-10-24,41,quantile,0.2,3.0
2026-10-10,wk inc rsv hosp,3,2026-10-31,41,quantile,0.2,3.0
2026-10-10,wk inc rsv hosp,0,2026-10-10,41,quantile,0.25,5.0
2026-10-10,wk inc rsv hosp,1,2026-10-17,41,quantile,0.25,4.0
2026-10-10,wk inc rsv hosp,2,2026-10-24,41,quantile,0.25,4.0
2026-10-10,wk inc rsv hosp,3,2026-10-31,41,quantile,0.25,3.0
2026-10-10,wk inc rsv hosp,0,2026-10-10,41,quantile,0.3,5.0
2026-10-10,wk inc rsv hosp,1,2026-10-17,41,quantile,0.3,5.0
2026-10-10,wk inc rsv hosp,2,2026-10-24,41,quantile,0.3,4.0
2026-10-10,wk inc rsv hosp,3,2026-10-31,41,quantile,0.3,4.0
2026-10-10,wk inc rsv hosp,0,2026-10-10,41,quantile,0.35,5.0
2026-10-10,wk inc rsv hosp,1,2026-10-17,41,quantile,0.35,5.0
2026-10-10,wk inc rsv hosp,2,2026-10-24,41,quantile,0.35,5.0
2026-10-10,wk inc rsv hosp,3,2026-10-31,41,quantile,0.35,4.0
2026-10-10,wk inc rsv hosp,0,2026-10-10,41,quantile,0.4,6.0
2026-10-10,wk inc rsv hosp,1,2026-10-17,41,quantile,0.4,5.0
2026-10-10,wk inc rsv hosp,2,2026-10-24,41,quantile,0.4,5.0
2026-10-10,wk inc rsv hosp,3,2026-10-31,41,quantile,0.4,5.0
2026-10-10,wk inc rsv hosp,0,2026-10-10,41,quantile,0.45,6.0
2026-10-10,wk inc rsv hosp,1,2026-10-17,41,quantile,0.45,6.0
2026-10-10,wk inc rsv hosp,2,2026-10-24,41,quantile,0.45,6.0
2026-10-10,wk inc rsv hosp,3,2026-10-31,41,quantile,0.45,5.0
2026-10-10,wk inc rsv hosp,0,2026-10-10,41,quantile,0.5,6.0
2026-10-10,wk inc rsv hosp,1,2026-10-17,41,quantile,0.5,6.0
2026-10-10,wk inc rsv hosp,2,2026-10-24,41,quantile,0.5,6.0
2026-10-10,wk inc rsv hosp,3,2026-10-31,41,quantile,0.5,6.0
2026-10-10,wk inc rsv hosp,0,2026-10-10,41,quantile,0.55,6.0
2026-10-10,wk inc rsv hosp,1,2026-10-17,41,quantile,0.55,7.0
2026-10-10,wk inc rsv hosp,2,2026-10-24,41,quantile,0.55,7.0
2026-10-10,wk inc rsv hosp,3,2026-10-31,41,quantile,0.55,7.0
2026-10-10,wk inc rsv hosp,0,2026-10-10,41,quantile,0.6,7.0
2026-10-10,wk inc rsv hosp,1,2026-10-17,41,quantile,0.6,7.0
2026-10-10,wk inc rsv hosp,2,2026-10-24,41,quantile,0.6,7.0
2026-10-10,wk inc rsv hosp,3,2026-10-31,41,quantile,0.6,8.0
2026-10-10,wk inc rsv hosp,0,2026-10-10,41,quantile,0.65,7.0
2026-10-10,wk inc rsv hosp,1,2026-10-17,41,quantile,0.65,8.0
2026-10-10,wk inc rsv hosp,2,2026-10-24,41,quantile,0.65,8.0
2026-10-10,wk inc rsv hosp,3,2026-10-31,41,quantile,0.65,8.0
2026-10-10,wk inc rsv hosp,0,2026-10-10,41,quantile,0.7,8.0
2026-10-10,wk inc rsv hosp,1,2026-10-17,41,quantile,0.7,8.0
2026-10-10,wk inc rsv hosp,2,2026-10-24,41,quantile,0.7,9.0
2026-10-10,wk inc rsv hosp,3,2026-10-31,41,quantile,0.7,9.0
2026-10-10,wk inc rsv hosp,0,2026-10-10,41,quantile,0.75,8.0
2026-10-10,wk inc rsv hosp,1,2026-10-17,41,quantile,0.75,9.0
2026-10-10,wk inc rsv hosp,2,2026-10-24,41,quantile,0.75,9.0
2026-10-10,wk inc rsv hosp,3,2026-10-31,41,quantile,0.75,10.0
2026-10-10,wk inc rsv hosp,0,2026-10-10,41,quantile,0.8,9.0
2026-10-10,wk inc rsv hosp,1,2026-10-17,41,quantile,0.8,9.0
2026-10-10,wk inc rsv hosp,2,2026-10-24,41,quantile,0.8,11.0
2026-10-10,wk inc rsv hosp,3,2026-10-31,41,quantile,0.8,12.0
2026-10-10,wk inc rsv hosp,0,2026-10-10,41,quantile,0.85,9.0
2026-10-10,wk inc rsv hosp,1,2026-10-17,41,quantile,0.85,10.0
2026-10-10,wk inc rsv hosp,2,2026-10-24,41,quantile,0.85,12.0
2026-10-10,wk inc rsv hosp,3,2026-10-31,41,quantile,0.85,14.0
2026-10-10,wk inc rsv hosp,0,2026-10-10,41,quantile,0.9,10.0
2026-10-10,wk inc rsv hosp,1,2026-10-17,41,quantile,0.9,11.0
2026-10-10,wk inc rsv hosp,2,2026-10-24,41,quantile,0.9,13.0
2026-10-10,wk inc rsv hosp,3,2026-10-31,41,quantile,0.9,16.0
2026-10-10,wk inc rsv hosp,0,2026-10-10,41,quantile,0.95,11.0
2026-10-10,wk inc rsv hosp,1,2026-10-17,41,quantile,0.95,13.0
2026-10-10,wk inc rsv hosp,2,2026-10-24,41,quantile,0.95,16.0
2026-10-10,wk inc rsv hosp,3,2026-10-31,41,quantile,0.95,20.0
2026-10-10,wk inc rsv hosp,0,2026-10-10,41,quantile,0.975,12.0
2026-10-10,wk inc rsv hosp,1,2026-10-17,41,quantile,0.975,15.0
2026-10-10,wk inc rsv hosp,2,2026-10-24,41,quantile,0.975,19.0
2026-10-10,wk inc rsv hosp,3,2026-10-31,41,quantile,0.975,24.0
2026-10-10,wk inc rsv hosp,0,2026-10-10,41,quantile,0.99,14.0
2026-10-10,wk inc rsv hosp,1,2026-10-17,41,quantile,0.99,17.0
2026-10-10,wk inc rsv hosp,2,2026-10-24,41,quantile,0.99,23.0
2026-10-10,wk inc rsv hosp,3,2026-10-31,41,quantile,0.99,29.0
2026-10-10,wk inc rsv hosp,0,2026-10-10,42,quantile,0.01,21.0
2026-10-10,wk inc rsv hosp,1,2026-10-17,42,quantile,0.01,15.0
2026-10-10,wk inc rsv hosp,2,2026-10-24,42,quantile,0.01,12.0
2026-10-10,wk inc rsv hosp,3,2026-10-31,42,quantile,0.01,8.0
2026-10-10,wk inc rsv hosp,0,2026-10-10,42,quantile,0.025,22.0
2026-10-10,wk inc rsv hosp,1,2026-10-17,42,quantile,0.025,18.0
2026-10-10,wk inc rsv hosp,2,2026-10-24,42,quantile,0.025,13.0
2026-10-10,wk inc rsv hosp,3,2026-10-31,42,quantile,0.025,10.0
2026-10-10,wk inc rsv hosp,0,2026-10-10,42,quantile,0.05,25.0
2026-10-10,wk inc rsv hosp,1,2026-10-17,42,quantile,0.05,20.0
2026-10-10,wk inc rsv hosp,2,2026-10-24,42,quantile,0.05,16.0
2026-10-10,wk inc rsv hosp,3,2026-10-31,42,quantile,0.05,13.0
2026-10-10,wk inc rsv hosp,0,2026-10-10,42,quantile,0.1,27.0
2026-10-10,wk inc rsv hosp,1,2026-10-17,42,quantile,0.1,23.0
2026-10-10,wk inc rsv hosp,2,2026-10-24,42,quantile,0.1,19.0
2026-10-10,wk inc rsv hosp,3,2026-10-31,42,quantile,0.1,16.0
2026-10-10,wk inc rsv hosp,0,2026-10-10,42,quantile,0.15,30.0
2026-10-10,wk inc rsv hosp,1,2026-10-17,42,quantile,0.15,26.0
2026-10-10,wk inc rsv hosp,2,2026-10-24,42,quantile,0.15,22.0
2026-10-10,wk inc rsv hosp,3,2026-10-31,42,quantile,0.15,19.0
2026-10-10,wk inc rsv hosp,0,2026-10-10,42,quantile,0.2,31.0
2026-10-10,wk inc rsv hosp,1,2026-10-17,42,quantile,0.2,28.0
2026-10-10,wk inc rsv hosp,2,2026-10-24,42,quantile,0.2,25.0
2026-10-10,wk inc rsv hosp,3,2026-10-31,42,quantile,0.2,22.0
2026-10-10,wk inc rsv hosp,0,2026-10-10,42,quantile,0.25,33.0
2026-10-10,wk inc rsv hosp,1,2026-10-17,42,quantile,0.25,30.0
2026-10-10,wk inc rsv hosp,2,2026-10-24,42,quantile,0.25,27.0
2026-10-10,wk inc rsv hosp,3,2026-10-31,42,quantile,0.25,24.0
2026-10-10,wk inc rsv hosp,0,2026-10-10,42,quantile,0.3,35.0
2026-10-10,wk inc rsv hosp,1,2026-10-17,42,quantile,0.3,32.0
2026-10-10,wk inc rsv hosp,2,2026-10-24,42,quantile,0.3,30.0
2026-10-10,wk inc rsv hosp,3,2026-10-31,42,quantile,0.3,27.0
2026-10-10,wk inc rsv hosp,0,2026-10-10,42,quantile,0.35,36.0
2026-10-10,wk inc rsv hosp,1,2026-10-17,42,quantile,0.35,34.0
2026-10-10,wk inc rsv hosp,2,2026-10-24,42,quantile,0.35,32.0
2026-10-10,wk inc rsv hosp,3,2026-10-31,42,quantile,0.35,30.0
2026-10-10,wk inc rsv hosp,0,2026-10-10,42,quantile,0.4,38.0
2026-10-10,wk inc rsv hosp,1,2026-10-17,42,quantile,0.4,36.0
2026-10-10,wk inc rsv hosp,2,2026-10-24,42,quantile,0.4,34.0
2026-10-10,wk inc rsv hosp,3,2026-10-31,42,quantile,0.4,33.0
2026-10-10,wk inc rsv hosp,0,2026-10-10,42,quantile,0.45,39.0
2026-10-10,wk inc rsv hosp,1,2026-10-17,42,quantile,0.45,38.0
2026-10-10,wk inc rsv hosp,2,2026-10-24,42,quantile,0.45,37.0
2026-10-10,wk inc rsv hosp,3,2026-10-31,42,quantile,0.45,36.0
2026-10-10,wk inc rsv hosp,0,2026-10-10,42,quantile,0.5,40.0
2026-10-10,wk inc rsv hosp,1,2026-10-17,42,quantile,0.5,40.0
2026-10-10,wk inc rsv hosp,2,2026-10-24,42,quantile,0.5,40.0
2026-10-10,wk inc rsv hosp,3,2026-10-31,42,quantile,0.5,39.0
2026-10-10,wk inc rsv hosp,0,2026-10-10,42,quantile,0.55,42.0
2026-10-10,wk inc rsv hosp,1,2026-10-17,42,quantile,0.55,42.0
2026-10-10,wk inc rsv hosp,2,2026-10-24,42,quantile,0.55,43.0
2026-10-10,wk inc rsv hosp,3,2026-10-31,42,quantile,0.55,43.0
2026-10-10,wk inc rsv hosp,0,2026-10-10,42,quantile,0.6,44.0
2026-10-10,wk inc rsv hosp,1,2026-10-17,42,quantile,0.6,45.0
2026-10-10,wk inc rsv hosp,2,2026-10-24,42,quantile,0.6,46.0
2026-10-10,wk inc rsv hosp,3,2026-10-31,42,quantile,0.6,47.0
2026-10-10,wk inc rsv hosp,0,2026-10-10,42,quantile,0.65,45.0
2026-10-10,wk inc rsv hosp,1,2026-10-17,42,quantile,0.65,47.0
2026-10-10,wk inc rsv hosp,2,2026-10-24,42,quantile,0.65,49.0
2026-10-10,wk inc rsv hosp,3,2026-10-31,42,quantile,0.65,51.0
2026-10-10,wk inc rsv hosp,0,2026-10-10,42,quantile,0.7,47.0
2026-10-10,wk inc rsv hosp,1,2026-10-17,42,quantile,0.7,50.0
2026-10-10,wk inc rsv hosp,2,2026-10-24,42,quantile,0.7,53.0
2026-10-10,wk inc rsv hosp,3,2026-10-31,42,quantile,0.7,56.0
2026-10-10,wk inc rsv hosp,0,2026-10-10,42,quantile,0.75,49.0
2026-10-10,wk inc rsv hosp,1,2026-10-17,42,quantile,0.75,53.0
2026-10-10,wk inc rsv hosp,2,2026-10-24,42,quantile,0.75,58.0
2026-10-10,wk inc rsv hosp,3,2026-10-31,42,quantile,0.75,63.0
2026-10-10,wk inc rsv hosp,0,2026-10-10,42,quantile,0.8,52.0
2026-10-10,wk inc rsv hosp,1,2026-10-17,42,quantile,0.8,57.0
2026-10-10,wk inc rsv hosp,2,2026-10-24,42,quantile,0.8,64.0
2026-10-10,wk inc rsv hosp,3,2026-10-31,42,quantile,0.8,71.0
2026-10-10,wk inc rsv hosp,0,2026-10-10,42,quantile,0.85,55.0
2026-10-10,wk inc rsv hosp,1,2026-10-17,42,quantile,0.85,62.0
2026-10-10,wk inc rsv hosp,2,2026-10-24,42,quantile,0.85,71.0
2026-10-10,wk inc rsv hosp,3,2026-10-31,42,quantile,0.85,81.0
2026-10-10,wk inc rsv hosp,0,2026-10-10,42,quantile,0.9,58.0
2026-10-10,wk inc rsv hosp,1,2026-10-17,42,quantile,0.9,68.0
2026-10-10,wk inc rsv hosp,2,2026-10-24,42,quantile,0.9,81.0
2026-10-10,wk inc rsv hosp,3,2026-10-31,42,quantile,0.9,96.0
2026-10-10,wk inc rsv hosp,0,2026-10-10,42,quantile,0.95,64.0
2026-10-10,wk inc rsv hosp,1,2026-10-17,42,quantile,0.95,78.0
2026-10-10,wk inc rsv hosp,2,2026-10-24,42,quantile,0.95,98.0
2026-10-10,wk inc rsv hosp,3,2026-10-31,42,quantile,0.95,121.0
2026-10-10,wk inc rsv hosp,0,2026-10-10,42,quantile,0.975,68.0
2026-10-10,wk inc rsv hosp,1,2026-10-17,42,quantile,0.975,86.0
2026-10-10,wk inc rsv hosp,2,2026-10-24,42,quantile,0.975,111.0
2026-10-10,wk inc rsv hosp,3,2026-10-31,42,quantile,0.975,144.0
2026-10-10,wk inc rsv hosp,0,2026-10-10,42,quantile,0.99,73.0
2026-10-10,wk inc rsv hosp,1,2026-10-17,42,quantile,0.99,97.0
2026-10-10,wk inc rsv hosp,2,2026-10-24,42,quantile,0.99,128.0
2026-10-10,wk inc rsv hosp,3,2026-10-31,42,quantile,0.99,173.0
2026-10-10,wk inc rsv hosp,0,2026-10-10,44,quantile,0.01,0.0
2026-10-10,wk inc rsv hosp,1,2026-10-17,44,quantile,0.01,0.0
2026-10-10,wk inc rsv hosp,2,2026-10-24,44,quantile,0.01,0.0
2026-10-10,wk inc rsv hosp,3,2026-10-31,44,quantile,0.01,0.0
2026-10-10,wk inc rsv hosp,0,2026-10-10,44,quantile,0.025,0.0
2026-10-10,wk inc rsv hosp,1,2026-10-17,44,quantile,0.025,0.0
2026-10-10,wk inc rsv hosp,2,2026-10-24,44,quantile,0.025,0.0
2026-10-10,wk inc rsv hosp,3,2026-10-31,44,quantile,0.025,0.0
2026-10-10,wk inc rsv hosp,0,2026-10-10,44,quantile,0.05,0.0
2026-10-10,wk inc rsv hosp,1,2026-10-17,44,quantile,0.05,0.0
2026-10-10,wk inc rsv hosp,2,2026-10-24,44,quantile,0.05,0.0
2026-10-10,wk inc rsv hosp,3,2026-10-31,44,quantile,0.05,0.0
2026-10-10,wk inc rsv hosp,0,2026-10-10,44,quantile,0.1,1.0
2026-10-10,wk inc rsv hosp,1,2026-10-17,44,quantile,0.1,0.0
2026-10-10,wk inc rsv hosp,2,2026-10-24,44,quantile,0.1,0.0
2026-10-10,wk inc rsv hosp,3,2026-10-31,44,quantile,0.1,0.0
2026-10-10,wk inc rsv hosp,0,2026-10-10,44,quantile,0.15,1.0
2026-10-10,wk inc rsv hosp,1,2026-10-17,44,quantile,0.15,1.0
2026-10-10,wk inc rsv hosp,2,2026-10-24,44,quantile,0.15,0.0
2026-10-10,wk inc rsv hosp,3,2026-10-31,44,quantile,0.15,0.0
2026-10-10,wk inc rsv hosp,0,2026-10-10,44,quantile,0.2,1.0
2026-10-10,wk inc rsv hosp,1,2026-10-17,44,quantile,0.2,1.0
2026-10-10,wk inc rsv hosp,2,2026-10-24,44,quantile,0.2,1.0
2026-10-10,wk inc rsv hosp,3,2026-10-31,44,quantile,0.2,1.0
2026-10-10,wk inc rsv hosp,0,2026-10-10,44,quantile,0.25,1.0
2026-10-10,wk inc rsv hosp,1,2026-10-17,44,quantile,0.25,1.0
2026-10-10,wk inc rsv hosp,2,2026-10-24,44,quantile,0.25,1.0
2026-10-10,wk inc rsv hosp,3,2026-10-31,44,quantile,0.25,1.0
2026-10-10,wk inc rsv hosp,0,2026-10-10,44,quantile,0.3,1.0
2026-10-10,wk inc rsv hosp,1,2026-10-17,44,quantile,0.3,1.0
2026-10-10,wk inc rsv hosp,2,2026-10-24,44,quantile,0.3,1.0
2026-10-10,wk inc rsv hosp,3,2026-10-31,44,quantile,0.3,1.0
2026-10-10,wk inc rsv hosp,0,2026-10-10,44,quantile,0.35,1.0
2026-10-10,wk inc rsv hosp,1,2026-10-17,44,quantile,0.35,1.0
2026-10-10,wk inc rsv hosp,2,2026-10-24,44,quantile,0.35,1.0
2026-10-10,wk inc rsv hosp,3,2026-10-31,44,quantile,0.35,1.0
2026-10-10,wk inc rsv hosp,0,2026-10-10,44,quantile,0.4,1.0
2026-10-10,wk inc rsv hosp,1,2026-10-17,44,quantile,0.4,1.0
2026-10-10,wk inc rsv hosp,2,2026-10-24,44,quantile,0.4,1.0
2026-10-10,wk inc rsv hosp,3,2026-10-31,44,quantile,0.4,1.0
2026-10-10,wk inc rsv hosp,0,2026-10-10,44,quantile,0.45,1.0
2026-10-10,wk inc rsv hosp,1,2026-10-17,44,quantile,0.45,1.0
2026-10-10,wk inc rsv hosp,2,2026-10-24,44,quantile,0.45,1.0
2026-10-10,wk inc rsv hosp,3,2026-10-31,44,quantile,0.45,1.0
2026-10-10,wk inc rsv hosp,0,2026-10-10,44,quantile,0.5,1.0
2026-10-10,wk inc rsv hosp,1,2026-10-17,44,quantile,0.5,1.0
2026-10-10,wk inc rsv hosp,2,2026-10-24,44,quantile,0.5,1.0
2026-10-10,wk inc rsv hosp,3,2026-10-31,44,quantile,0.5,1.0
2026-10-10,wk inc rsv hosp,0,2026-10-10,44,quantile,0.55,1.0
2026-10-10,wk inc rsv hosp,1,2026-10-17,44,quantile,0.55,1.0
2026-10-10,wk inc rsv hosp,2,2026-10-24,44,quantile,0.55,1.0
2026-10-10,wk inc rsv hosp,3,2026-10-31,44,quantile,0.55,1.0
2026-10-10,wk inc rsv hosp,0,2026-10-10,44,quantile,0.6,2.0
2026-10-10,wk inc rsv hosp,1,2026-10-17,44,quantile,0.6,2.0
2026-10-10,wk inc rsv hosp,2,2026-10-24,44,quantile,0.6,2.0
2026-10-10,wk inc rsv hosp,3,2026-10-31,44,quantile,0.6,2.0
2026-10-10,wk inc rsv hosp,0,2026-10-10,44,quantile,0.65,2.0
2026-10-10,wk inc rsv hosp,1,2026-10-17,44,quantile,0.65,2.0
2026-10-10,wk inc rsv hosp,2,2026-10-24,44,quantile,0.65,2.0
2026-10-10,wk inc rsv hosp,3,2026-10-31,44,quantile,0.65,2.0
2026-10-10,wk inc rsv hosp,0,2026-10-10,44,quantile,0.7,2.0
2026-10-10,wk inc rsv hosp,1,2026-10-17,44,quantile,0.7,2.0
2026-10-10,wk inc rsv hosp,2,2026-10-24,44,quantile,0.7,2.0
2026-10-10,wk inc rsv hosp,3,2026-10-31,44,quantile,0.7,2.0
2026-10-10,wk inc rsv hosp,0,2026-10-10,44,quantile,0.75,2.0
2026-10-10,wk inc rsv hosp,1,2026-10-17,44,quantile,0.75,2.0
2026-10-10,wk inc rsv hosp,2,2026-10-24,44,quantile,0.75,2.0
2026-10-10,wk inc rsv hosp,3,2026-10-31,44,quantile,0.75,2.0
2026-10-10,wk inc rsv hosp,0,2026-10-10,44,quantile,0.8,2.0
2026-10-10,wk inc rsv hosp,1,2026-10-17,44,quantile,0.8,2.0
2026-10-10,wk inc rsv hosp,2,2026-10-24,44,quantile,0.8,3.0
2026-10-10,wk inc rsv hosp,3,2026-10-31,44,quantile,0.8,3.0
2026-10-10,wk inc rsv hosp,0,2026-10-10,44,quantile,0.85,2.0
2026-10-10,wk inc rsv hosp,1,2026-10-17,44,quantile,0.85,3.0
2026-10-10,wk inc rsv hosp,2,2026-10-24,44,quantile,0.85,3.0
2026-10-10,wk inc rsv hosp,3,2026-10-31,44,quantile,0.85,3.0
2026-10-10,wk inc rsv hosp,0,2026-10-10,44,quantile,0.9,3.0
2026-10-10,wk inc rsv hosp,1,2026-10-17,44,quantile,0.9,3.0
2026-10-10,wk inc rsv hosp,2,2026-10-24,44,quantile,0.9,3.0
2026-10-10,wk inc rsv hosp,3,2026-10-31,44,quantile,0.9,4.0
2026-10-10,wk inc rsv hosp,0,2026-10-10,44,quantile,0.95,3.0
2026-10-10,wk inc rsv hosp,1,2026-10-17,44,quantile,0.95,3.0
2026-10-10,wk inc rsv hosp,2,2026-10-24,44,quantile,0.95,4.0
2026-10-10,wk inc rsv hosp,3,2026-10-31,44,quantile,0.95,5.0
2026-10-10,wk inc rsv hosp,0,2026-10-10,44,quantile,0.975,3.0
2026-10-10,wk inc rsv hosp,1,2026-10-17,44,quantile,0.975,4.0
2026-10-10,wk inc rsv hosp,2,2026-10-24,44,quantile,0.975,5.0
2026-10-10,wk inc rsv hosp,3,2026-10-31,44,quantile,0.975,6.0
2026-10-10,wk inc rsv hosp,0,2026-10-10,44,quantile,0.99,3.0
2026-10-10,wk inc rsv hosp,1,2026-10-17,44,quantile,0.99,4.0
2026-10-10,wk inc rsv hosp,2,2026-10-24,44,quantile,0.99,6.0
2026-10-10,wk inc rsv hosp,3,2026-10-31,44,quantile,0.99,8.0
2026-10-10,wk inc rsv hosp,0,2026-10-10,45,quantile,0.01,5.0
2026-10-10,wk inc rsv hosp,1,2026-10-17,45,quantile,0.01,4.0
2026-10-10,wk inc rsv hosp,2,2026-10-24,45,quantile,0.01,4.0
2026-10-10,wk inc rsv hosp,3,2026-10-31,45,quantile,0.01,3.0
2026-10-10,wk inc rsv hosp,0,2026-10-10,45,quantile,0.025,5.0
2026-10-10,wk inc rsv hosp,1,2026-10-17,45,quantile,0.025,5.0
2026-10-10,wk inc rsv hosp,2,2026-10-24,45,quantile,0.025,4.0
2026-10-10,wk inc rsv hosp,3,2026-10-31,45,quantile,0.025,4.0
2026-10-10,wk inc rsv hosp,0,2026-10-10,45,quantile,0.05,6.0
2026-10-10,wk inc rsv hosp,1,2026-10-17,45,quantile,0.05,5.0
2026-10-10,wk inc rsv hosp,2,2026-10-24,45,quantile,0.05,5.0
2026-10-10,wk inc rsv hosp,3,2026-10-31,45,quantile,0.05,4.0
2026-10-10,wk inc rsv hosp,0,2026-10-10,45,quantile,0.1,6.0
2026-10-10,wk inc rsv hosp,1,2026-10-17,45,quantile,0.1,6.0
2026-10-10,wk inc rsv hosp,2,2026-10-24,45,quantile,0.1,6.0
2026-10-10,wk inc rsv hosp,3,2026-10-31,45,quantile,0.1,6.0
2026-10-10,wk inc rsv hosp,0,2026-10-10,45,quantile,0.15,7.0
2026-10-10,wk inc rsv hosp,1,2026-10-17,45,quantile,0.15,7.0
2026-10-10,wk inc rsv hosp,2,2026-10-24,45,quantile,0.15,7.0
2026-10-10,wk inc rsv hosp,3,2026-10-31,45,quantile,0.15,7.0
2026-10-10,wk inc rsv hosp,0,2026-10-10,45,quantile,0.2,7.0
2026-10-10,wk inc rsv hosp,1,2026-10-17,45,quantile,0.2,7.0
2026-10-10,wk inc rsv hosp,2,2026-10-24,45,quantile,0.2,7.0
2026-10-10,wk inc rsv hosp,3,2026-10-31,45,quantile,0.2,8.0
2026-10-10,wk inc rsv hosp,0,2026-10-10,45,quantile,0.25,7.0
2026-10-10,wk inc rsv hosp,1,2026-10-17,45,quantile,0.25,8.0
2026-10-10,wk inc rsv hosp,2,2026-10-24,45,quantile,0.25,8.0
2026-10-10,wk inc rsv hosp,3,2026-10-31,45,quantile,0.25,9.0
2026-10-10,wk inc rsv hosp,0,2026-10-10,45,quantile,0.3,8.0
2026-10-10,wk inc rsv hosp,1,2026-10-17,45,quantile,0.3,8.0
2026-10-10,wk inc rsv hosp,2,2026-10-24,45,quantile,0.3,9.0
2026-10-10,wk inc rsv hosp,3,2026-10-31,45,quantile,0.3,10.0
2026-10-10,wk inc rsv hosp,0,2026-10-10,45,quantile,0.35,8.0
2026-10-10,wk inc rsv hosp,1,2026-10-17,45,quantile,0.35,9.0
2026-10-10,wk inc rsv hosp,2,2026-10-24,45,quantile,0.35,10.0
2026-10-10,wk inc rsv hosp,3,2026-10-31,45,quantile,0.35,11.0
2026-10-10,wk inc rsv hosp,0,2026-10-10,45,quantile,0.4,8.0
2026-10-10,wk inc rsv hosp,1,2026-10-17,45,quantile,0.4,9.0
2026-10-10,wk inc rsv hosp,2,2026-10-24,45,quantile,0.4,10.0
2026-10-10,wk inc rsv hosp,3,2026-10-31,45,quantile,0.4,12.0
2026-10-10,wk inc rsv hosp,0,2026-10-10,45,quantile,0.45,9.0
2026-10-10,wk inc rsv hosp,1,2026-10-17,45,quantile,0.45,10.0
2026-10-10,wk inc rsv hosp,2,2026-10-24,45,quantile,0.45,11.0
2026-10-10,wk inc rsv hosp,3,2026-10-31,45,quantile,0.45,13.0
2026-10-10,wk inc rsv hosp,0,2026-10-10,45,quantile,0.5,9.0
2026-10-10,wk inc rsv hosp,1,2026-10-17,45,quantile,0.5,10.0
2026-10-10,wk inc rsv hosp,2,2026-10-24,45,quantile,0.5,12.0
2026-10-10,wk inc rsv hosp,3,2026-10-31,45,quantile,0.5,14.0
2026-10-10,wk inc rsv hosp,0,2026-10-10,45,quantile,0.55,9.0
2026-10-10,wk inc rsv hosp,1,2026-10-17,45,quantile,0.55,11.0
2026-10-10,wk inc rsv hosp,2,2026-10-24,45,quantile,0.55,13.0
2026-10-10,wk inc rsv hosp,3,2026-10-31,45,quantile,0.55,15.0
2026-10-10,wk inc rsv hosp,0,2026-10-10,45,quantile,0.6,10.0
2026-10-10,wk inc rsv hosp,1,2026-10-17,45,quantile,0.6,12.0
2026-10-10,wk inc rsv hosp,2,2026-10-24,45,quantile,0.6,14.0
2026-10-10,wk inc rsv hosp,3,2026-10-31,45,quantile,0.6,17.0
2026-10-10,wk inc rsv hosp,0,2026-10-10,45,quantile,0.65,10.0
2026-10-10,wk inc rsv hosp,1,2026-10-17,45,quantile,0.65,12.0
2026-10-10,wk inc rsv hosp,2,2026-10-24,45,quantile,0.65,15.0
2026-10-10,wk inc rsv hosp,3,2026-10-31,45,quantile,0.65,19.0
2026-10-10,wk inc rsv hosp,0,2026-10-10,45,quantile,0.7,10.0
2026-10-10,wk inc rsv hosp,1,2026-10-17,45,quantile,0.7,13.0
2026-10-10,wk inc rsv hosp,2,2026-10-24,45,quantile,0.7,16.0
2026-10-10,wk inc rsv hosp,3,2026-10-31,45,quantile,0.7,21.0
2026-10-10,wk inc rsv hosp,0,2026-10-10,45,quantile,0.75,11.0
2026-10-10,wk inc rsv hosp,1,2026-10-17,45,quantile,0.75,14.0
2026-10-10,wk inc rsv hosp,2,2026-10-24,45,quantile,0.75,18.0
2026-10-10,wk inc rsv hosp,3,2026-10-31,45,quantile,0.75,23.0
2026-10-10,wk inc rsv hosp,0,2026-10-10,45,quantile,0.8,11.0
2026-10-10,wk inc rsv hosp,1,2026-10-17,45,quantile,0.8,15.0
2026-10-10,wk inc rsv hosp,2,2026-10-24,45,quantile,0.8,20.0
2026-10-10,wk inc rsv hosp,3,2026-10-31,45,quantile,0.8,26.0
2026-10-10,wk inc rsv hosp,0,2026-10-10,45,quantile,0.85,12.0
2026-10-10,wk inc rsv hosp,1,2026-10-17,45,quantile,0.85,16.0
2026-10-10,wk inc rsv hosp,2,2026-10-24,45,quantile,0.85,22.0
2026-10-10,wk inc rsv hosp,3,2026-10-31,45,quantile,0.85,30.0
2026-10-10,wk inc rsv hosp,0,2026-10-10,45,quantile,0.9,13.0
2026-10-10,wk inc rsv hosp,1,2026-10-17,45,quantile,0.9,18.0
2026-10-10,wk inc rsv hosp,2,2026-10-24,45,quantile,0.9,25.0
2026-10-10,wk inc rsv hosp,3,2026-10-31,45,quantile,0.9,36.0
2026-10-10,wk inc rsv hosp,0,2026-10-10,45,quantile,0.95,14.0
2026-10-10,wk inc rsv hosp,1,2026-10-17,45,quantile,0.95,21.0
2026-10-10,wk inc rsv hosp,2,2026-10-24,45,quantile,0.95,30.0
2026-10-10,wk inc rsv hosp,3,2026-10-31,45,quantile,0.95,45.0
2026-10-10,wk inc rsv hosp,0,2026-10-10,45,quantile,0.975,15.0
2026-10-10,wk inc rsv hosp,1,2026-10-17,45,quantile,0.975,23.0
2026-10-10,wk inc rsv hosp,2,2026-10-24,45,quantile,0.975,36.0
2026-10-10,wk inc rsv hosp,3,2026-10-31,45,quantile,0.975,56.0
2026-10-10,wk inc rsv hosp,0,2026-10-10,45,quantile,0.99,16.0
2026-10-10,wk inc rsv hosp,1,2026-10-17,45,quantile,0.99,26.0
2026-10-10,wk inc rsv hosp,2,2026-10-24,45,quantile,0.99,42.0
2026-10-10,wk inc rsv hosp,3,2026-10-31,45,quantile,0.99,67.0
2026-10-10,wk inc rsv hosp,0,2026-10-10,46,quantile,0.01,1.0
2026-10-10,wk inc rsv hosp,1,2026-10-17,46,quantile,0.01,1.0
2026-10-10,wk inc rsv hosp,2,2026-10-24,46,quantile,0.01,0.0
2026-10-10,wk inc rsv hosp,3,2026-10-31,46,quantile,0.01,0.0
2026-10-10,wk inc rsv hosp,0,2026-10-10,46,quantile,0.025,1.0
2026-10-10,wk inc rsv hosp,1,2026-10-17,46,quantile,0.025,1.0
2026-10-10,wk inc rsv hosp,2,2026-10-24,46,quantile,0.025,1.0
2026-10-10,wk inc rsv hosp,3,2026-10-31,46,quantile,0.025,0.0
2026-10-10,wk inc rsv hosp,0,2026-10-10,46,quantile,0.05,1.0
2026-10-10,wk inc rsv hosp,1,2026-10-17,46,quantile,0.05,1.0
2026-10-10,wk inc rsv hosp,2,2026-10-24,46,quantile,0.05,1.0
2026-10-10,wk inc rsv hosp,3,2026-10-31,46,quantile,0.05,1.0
2026-10-10,wk inc rsv hosp,0,2026-10-10,46,quantile,0.1,2.0
2026-10-10,wk inc rsv hosp,1,2026-10-17,46,quantile,0.1,1.0
2026-10-10,wk inc rsv hosp,2,2026-10-24,46,quantile,0.1,1.0
2026-10-10,wk inc rsv hosp,3,2026-10-31,46,quantile,0.1,1.0
2026-10-10,wk inc rsv hosp,0,2026-10-10,46,quantile,0.15,2.0
2026-10-10,wk inc rsv hosp,1,2026-10-17,46,quantile,0.15,2.0
2026-10-10,wk inc rsv hosp,2,2026-10-24,46,quantile,0.15,1.0
2026-10-10,wk inc rsv hosp,3,2026-10-31,46,quantile,0.15,1.0
2026-10-10,wk inc rsv hosp,0,2026-10-10,46,quantile,0.2,2.0
2026-10-10,wk inc rsv hosp,1,2026-10-17,46,quantile,0.2,2.0
2026-10-10,wk inc rsv hosp,2,2026-10-24,46,quantile,0.2,2.0
2026-10-10,wk inc rsv hosp,3,2026-10-31,46,quantile,0.2,1.0
2026-10-10,wk inc rsv hosp,0,2026-10-10,46,quantile,0.25,2.0
2026-10-10,wk inc rsv hosp,1,2026-10-17,46,quantile,0.25,2.0
2026-10-10,wk inc rsv hosp,2,2026-10-24,46,quantile,0.25,2.0
2026-10-10,wk inc rsv hosp,3,2026-10-31,46,quantile,0.25,2.0
2026-10-10,wk inc rsv hosp,0,2026-10-10,46,quantile,0.3,2.0
2026-10-10,wk inc rsv hosp,1,2026-10-17,46,quantile,0.3,2.0
2026-10-10,wk inc rsv hosp,2,2026-10-24,46,quantile,0.3,2.0
2026-10-10,wk inc rsv hosp,3,2026-10-31,46,quantile,0.3,2.0
2026-10-10,wk inc rsv hosp,0,2026-10-10,46,quantile,0.35,2.0
2026-10-10,wk inc rsv hosp,1,2026-10-17,46,quantile,0.35,2.0
2026-10-10,wk inc rsv hosp,2,2026-10-24,46,quantile,0.35,2.0
2026-10-10,wk inc rsv hosp,3,2026-10-31,46,quantile,0.35,2.0
2026-10-10,wk inc rsv hosp,0,2026-10-10,46,quantile,0.4,2.0
2026-10-10,wk inc rsv hosp,1,2026-10-17,46,quantile,0.4,2.0
2026-10-10,wk inc rsv hosp,2,2026-10-24,46,quantile,0.4,2.0
2026-10-10,wk inc rsv hosp,3,2026-10-31,46,quantile,0.4,2.0
2026-10-10,wk inc rsv hosp,0,2026-10-10,46,quantile,0.45,2.0
2026-10-10,wk inc rsv hosp,1,2026-10-17,46,quantile,0.45,2.0
2026-10-10,wk inc rsv hosp,2,2026-10-24,46,quantile,0.45,2.0
2026-10-10,wk inc rsv hosp,3,2026-10-31,46,quantile,0.45,2.0
2026-10-10,wk inc rsv hosp,0,2026-10-10,46,quantile,0.5,2.0
2026-10-10,wk inc rsv hosp,1,2026-10-17,46,quantile,0.5,3.0
2026-10-10,wk inc rsv hosp,2,2026-10-24,46,quantile,0.5,3.0
2026-10-10,wk inc rsv hosp,3,2026-10-31,46,quantile,0.5,3.0
2026-10-10,wk inc rsv hosp,0,2026-10-10,46,quantile,0.55,3.0
2026-10-10,wk inc rsv hosp,1,2026-10-17,46,quantile,0.55,3.0
2026-10-10,wk inc rsv hosp,2,2026-10-24,46,quantile,0.55,3.0
2026-10-10,wk inc rsv hosp,3,2026-10-31,46,quantile,0.55,3.0
2026-10-10,wk inc rsv hosp,0,2026-10-10,46,quantile,0.6,3.0
2026-10-10,wk inc rsv hosp,1,2026-10-17,46,quantile,0.6,3.0
2026-10-10,wk inc rsv hosp,2,2026-10-24,46,quantile,0.6,3.0
2026-10-10,wk inc rsv hosp,3,2026-10-31,46,quantile,0.6,3.0
2026-10-10,wk inc rsv hosp,0,2026-10-10,46,quantile,0.65,3.0
2026-10-10,wk inc rsv hosp,1,2026-10-17,46,quantile,0.65,3.0
2026-10-10,wk inc rsv hosp,2,2026-10-24,46,quantile,0.65,3.0
2026-10-10,wk inc rsv hosp,3,2026-10-31,46,quantile,0.65,3.0
2026-10-10,wk inc rsv hosp,0,2026-10-10,46,quantile,0.7,3.0
2026-10-10,wk inc rsv hosp,1,2026-10-17,46,quantile,0.7,3.0
2026-10-10,wk inc rsv hosp,2,2026-10-24,46,quantile,0.7,4.0
2026-10-10,wk inc rsv hosp,3,2026-10-31,46,quantile,0.7,4.0
2026-10-10,wk inc rsv hosp,0,2026-10-10,46,quantile,0.75,3.0
2026-10-10,wk inc rsv hosp,1,2026-10-17,46,quantile,0.75,4.0
2026-10-10,wk inc rsv hosp,2,2026-10-24,46,quantile,0.75,4.0
2026-10-10,wk inc rsv hosp,3,2026-10-31,46,quantile,0.75,4.0
2026-10-10,wk inc rsv hosp,0,2026-10-10,46,quantile,0.8,3.0
2026-10-10,wk inc rsv hosp,1,2026-10-17,46,quantile,0.8,4.0
2026-10-10,wk inc rsv hosp,2,2026-10-24,46,quantile,0.8,4.0
2026-10-10,wk inc rsv hosp,3,2026-10-31,46,quantile,0.8,5.0
2026-10-10,wk inc rsv hosp,0,2026-10-10,46,quantile,0.85,3.0
2026-10-10,wk inc rsv hosp,1,2026-10-17,46,quantile,0.85,4.0
2026-10-10,wk inc rsv hosp,2,2026-10-24,46,quantile,0.85,5.0
2026-10-10,wk inc rsv hosp,3,2026-10-31,46,quantile,0.85,5.0
2026-10-10,wk inc rsv hosp,0,2026-10-10,46,quantile,0.9,4.0
2026-10-10,wk inc rsv hosp,1,2026-10-17,46,quantile,0.9,4.0
2026-10-10,wk inc rsv hosp,2,2026-10-24,46,quantile,0.9,5.0
2026-10-10,wk inc rsv hosp,3,2026-10-31,46,quantile,0.9,6.0
2026-10-10,wk inc rsv hosp,0,2026-10-10,46,quantile,0.95,4.0
2026-10-10,wk inc rsv hosp,1,2026-10-17,46,quantile,0.95,5.0
2026-10-10,wk inc rsv hosp,2,2026-10-24,46,quantile,0.95,6.0
2026-10-10,wk inc rsv hosp,3,2026-10-31,46,quantile,0.95,8.0
2026-10-10,wk inc rsv hosp,0,2026-10-10,46,quantile,0.975,4.0
2026-10-10,wk inc rsv hosp,1,2026-10-17,46,quantile,0.975,6.0
2026-10-10,wk inc rsv hosp,2,2026-10-24,46,quantile,0.975,7.0
2026-10-10,wk inc rsv hosp,3,2026-10-31,46,quantile,0.975,9.0
2026-10-10,wk inc rsv hosp,0,2026-10-10,46,quantile,0.99,5.0
2026-10-10,wk inc rsv hosp,1,2026-10-17,46,quantile,0.99,6.0
2026-10-10,wk inc rsv hosp,2,2026-10-24,46,quantile,0.99,9.0
2026-10-10,wk inc rsv hosp,3,2026-10-31,46,quantile,0.99,10.0
2026-10-10,wk inc rsv hosp,0,2026-10-10,47,quantile,0.01,2.0
2026-10-10,wk inc rsv hosp,1,2026-10-17,47,quantile,0.01,1.0
2026-10-10,wk inc rsv hosp,2,2026-10-24,47,quantile,0.01,0.0
2026-10-10,wk inc rsv hosp,3,2026-10-31,47,quantile,0.01,0.0
2026-10-10,wk inc rsv hosp,0,2026-10-10,47,quantile,0.025,2.0
2026-10-10,wk inc rsv hosp,1,2026-10-17,47,quantile,0.025,2.0
2026-10-10,wk inc rsv hosp,2,2026-10-24,47,quantile,0.025,1.0
2026-10-10,wk inc rsv hosp,3,2026-10-31,47,quantile,0.025,1.0
2026-10-10,wk inc rsv hosp,0,2026-10-10,47,quantile,0.05,3.0
2026-10-10,wk inc rsv hosp,1,2026-10-17,47,quantile,0.05,2.0
2026-10-10,wk inc rsv hosp,2,2026-10-24,47,quantile,0.05,2.0
2026-10-10,wk inc rsv hosp,3,2026-10-31,47,quantile,0.05,1.0
2026-10-10,wk inc rsv hosp,0,2026-10-10,47,quantile,0.1,4.0
2026-10-10,wk inc rsv hosp,1,2026-10-17,47,quantile,0.1,3.0
2026-10-10,wk inc rsv hosp,2,2026-10-24,47,quantile,0.1,3.0
2026-10-10,wk inc rsv hosp,3,2026-10-31,47,quantile,0.1,2.0
2026-10-10,wk inc rsv hosp,0,2026-10-10,47,quantile,0.15,6.0
2026-10-10,wk inc rsv hosp,1,2026-10-17,47,quantile,0.15,4.0
2026-10-10,wk inc rsv hosp,2,2026-10-24,47,quantile,0.15,4.0
2026-10-10,wk inc rsv hosp,3,2026-10-31,47,quantile,0.15,3.0
2026-10-10,wk inc rsv hosp,0,2026-10-10,47,quantile,0.2,7.0
2026-10-10,wk inc rsv hosp,1,2026-10-17,47,quantile,0.2,6.0
2026-10-10,wk inc rsv hosp,2,2026-10-24,47,quantile,0.2,4.0
2026-10-10,wk inc rsv hosp,3,2026-10-31,47,quantile,0.2,4.0
2026-10-10,wk inc rsv hosp,0,2026-10-10,47,quantile,0.25,7.0
2026-10-10,wk inc rsv hosp,1,2026-10-17,47,quantile,0.25,7.0
2026-10-10,wk inc rsv hosp,2,2026-10-24,47,quantile,0.25,6.0
2026-10-10,wk inc rsv hosp,3,2026-10-31,47,quantile,0.25,6.0
2026-10-10,wk inc rsv hosp,0,2026-10-10,47,quantile,0.3,8.0
2026-10-10,wk inc rsv hosp,1,2026-10-17,47,quantile,0.3,7.0
2026-10-10,wk inc rsv hosp,2,2026-10-24,47,quantile,0.3,7.0
2026-10-10,wk inc rsv hosp,3,2026-10-31,47,quantile,0.3,6.0
2026-10-10,wk inc rsv hosp,0,2026-10-10,47,quantile,0.35,8.0
2026-10-10,wk inc rsv hosp,1,2026-10-17,47,quantile,0.35,8.0
2026-10-10,wk inc rsv hosp,2,2026-10-24,47,quantile,0.35,7.0
2026-10-10,wk inc rsv hosp,3,2026-10-31,47,quantile,0.35,7.0
2026-10-10,wk inc rsv hosp,0,2026-10-10,47,quantile,0.4,9.0
2026-10-10,wk inc rsv hosp,1,2026-10-17,47,quantile,0.4,8.0
2026-10-10,wk inc rsv hosp,2,2026-10-24,47,quantile,0.4,8.0
2026-10-10,wk inc rsv hosp,3,2026-10-31,47,quantile,0.4,8.0
2026-10-10,wk inc rsv hosp,0,2026-10-10,47,quantile,0.45,9.0
2026-10-10,wk inc rsv hosp,1,2026-10-17,47,quantile,0.45,9.0
2026-10-10,wk inc rsv hosp,2,2026-10-24,47,quantile,0.45,9.0
2026-10-10,wk inc rsv hosp,3,2026-10-31,47,quantile,0.45,8.0
2026-10-10,wk inc rsv hosp,0,2026-10-10,47,quantile,0.5,10.0
2026-10-10,wk inc rsv hosp,1,2026-10-17,47,quantile,0.5,10.0
2026-10-10,wk inc rsv hosp,2,2026-10-24,47,quantile,0.5,10.0
2026-10-10,wk inc rsv hosp,3,2026-10-31,47,quantile,0.5,10.0
2026-10-10,wk inc rsv hosp,0,2026-10-10,47,quantile,0.55,10.0
2026-10-10,wk inc rsv hosp,1,2026-10-17,47,quantile,0.55,10.0
2026-10-10,wk inc rsv hosp,2,2026-10-24,47,quantile,0.55,10.0
2026-10-10,wk inc rsv hosp,3,2026-10-31,47,quantile,0.55,10.0
2026-10-10,wk inc rsv hosp,0,2026-10-10,47,quantile,0.6,11.0
2026-10-10,wk inc rsv hosp,1,2026-10-17,47,quantile,0.6,11.0
2026-10-10,wk inc rsv hosp,2,2026-10-24,47,quantile,0.6,11.0
2026-10-10,wk inc rsv hosp,3,2026-10-31,47,quantile,0.6,11.0
2026-10-10,wk inc rsv hosp,0,2026-10-10,47,quantile,0.65,11.0
2026-10-10,wk inc rsv hosp,1,2026-10-17,47,quantile,0.65,12.0
2026-10-10,wk inc rsv hosp,2,2026-10-24,47,quantile,0.65,12.0
2026-10-10,wk inc rsv hosp,3,2026-10-31,47,quantile,0.65,12.0
2026-10-10,wk inc rsv hosp,0,2026-10-10,47,quantile,0.7,12.0
2026-10-10,wk inc rsv hosp,1,2026-10-17,47,quantile,0.7,12.0
2026-10-10,wk inc rsv hosp,2,2026-10-24,47,quantile,0.7,13.0
2026-10-10,wk inc rsv hosp,3,2026-10-31,47,quantile,0.7,15.0
2026-10-10,wk inc rsv hosp,0,2026-10-10,47,quantile,0.75,13.0
2026-10-10,wk inc rsv hosp,1,2026-10-17,47,quantile,0.75,13.0
2026-10-10,wk inc rsv hosp,2,2026-10-24,47,quantile,0.75,15.0
2026-10-10,wk inc rsv hosp,3,2026-10-31,47,quantile,0.75,16.0
2026-10-10,wk inc rsv hosp,0,2026-10-10,47,quantile,0.8,15.0
2026-10-10,wk inc rsv hosp,1,2026-10-17,47,quantile,0.8,15.0
2026-10-10,wk inc rsv hosp,2,2026-10-24,47,quantile,0.8,17.0
2026-10-10,wk inc rsv hosp,3,2026-10-31,47,quantile,0.8,19.0
2026-10-10,wk inc rsv hosp,0,2026-10-10,47,quantile,0.85,15.0
2026-10-10,wk inc rsv hosp,1,2026-10-17,47,quantile,0.85,17.0
2026-10-10,wk inc rsv hosp,2,2026-10-24,47,quantile,0.85,19.0
2026-10-10,wk inc rsv hosp,3,2026-10-31,47,quantile,0.85,21.0
2026-10-10,wk inc rsv hosp,0,2026-10-10,47,quantile,0.9,17.0
2026-10-10,wk inc rsv hosp,1,2026-10-17,47,quantile,0.9,18.0
2026-10-10,wk inc rsv hosp,2,2026-10-24,47,quantile,0.9,20.0
2026-10-10,wk inc rsv hosp,3,2026-10-31,47,quantile,0.9,27.0
2026-10-10,wk inc rsv hosp,0,2026-10-10,47,quantile,0.95,19.0
2026-10-10,wk inc rsv hosp,1,2026-10-17,47,quantile,0.95,21.0
2026-10-10,wk inc rsv hosp,2,2026-10-24,47,quantile,0.95,28.0
2026-10-10,wk inc rsv hosp,3,2026-10-31,47,quantile,0.95,34.0
2026-10-10,wk inc rsv hosp,0,2026-10-10,47,quantile,0.975,22.0
2026-10-10,wk inc rsv hosp,1,2026-10-17,47,quantile,0.975,26.0
2026-10-10,wk inc rsv hosp,2,2026-10-24,47,quantile,0.975,32.0
2026-10-10,wk inc rsv hosp,3,2026-10-31,47,quantile,0.975,42.0
2026-10-10,wk inc rsv hosp,0,2026-10-10,47,quantile,0.99,23.0
2026-10-10,wk inc rsv hosp,1,2026-10-17,47,quantile,0.99,29.0
2026-10-10,wk inc rsv hosp,2,2026-10-24,47,quantile,0.99,37.0
2026-10-10,wk inc rsv hosp,3,2026-10-31,47,quantile,0.99,49.0
2026-10-10,wk inc rsv hosp,0,2026-10-10,48,quantile,0.01,18.0
2026-10-10,wk inc rsv hosp,1,2026-10-17,48,quantile,0.01,12.0
2026-10-10,wk inc rsv hosp,2,2026-10-24,48,quantile,0.01,12.0
2026-10-10,wk inc rsv hosp,3,2026-10-31,48,quantile,0.01,3.0
2026-10-10,wk inc rsv hosp,0,2026-10-10,48,quantile,0.025,21.0
2026-10-10,wk inc rsv hosp,1,2026-10-17,48,quantile,0.025,18.0
2026-10-10,wk inc rsv hosp,2,2026-10-24,48,quantile,0.025,15.0
2026-10-10,wk inc rsv hosp,3,2026-10-31,48,quantile,0.025,6.0
2026-10-10,wk inc rsv hosp,0,2026-10-10,48,quantile,0.05,27.0
2026-10-10,wk inc rsv hosp,1,2026-10-17,48,quantile,0.05,24.0
2026-10-10,wk inc rsv hosp,2,2026-10-24,48,quantile,0.05,18.0
2026-10-10,wk inc rsv hosp,3,2026-10-31,48,quantile,0.05,12.0
2026-10-10,wk inc rsv hosp,0,2026-10-10,48,quantile,0.1,30.0
2026-10-10,wk inc rsv hosp,1,2026-10-17,48,quantile,0.1,27.0
2026-10-10,wk inc rsv hosp,2,2026-10-24,48,quantile,0.1,24.0
2026-10-10,wk inc rsv hosp,3,2026-10-31,48,quantile,0.1,18.0
2026-10-10,wk inc rsv hosp,0,2026-10-10,48,quantile,0.15,36.0
2026-10-10,wk inc rsv hosp,1,2026-10-17,48,quantile,0.15,33.0
2026-10-10,wk inc rsv hosp,2,2026-10-24,48,quantile,0.15,27.0
2026-10-10,wk inc rsv hosp,3,2026-10-31,48,quantile,0.15,24.0
2026-10-10,wk inc rsv hosp,0,2026-10-10,48,quantile,0.2,36.0
2026-10-10,wk inc rsv hosp,1,2026-10-17,48,quantile,0.2,36.0
2026-10-10,wk inc rsv hosp,2,2026-10-24,48,quantile,0.2,30.0
2026-10-10,wk inc rsv hosp,3,2026-10-31,48,quantile,0.2,27.0
2026-10-10,wk inc rsv hosp,0,2026-10-10,48,quantile,0.25,39.0
2026-10-10,wk inc rsv hosp,1,2026-10-17,48,quantile,0.25,39.0
2026-10-10,wk inc rsv hosp,2,2026-10-24,48,quantile,0.25,36.0
2026-10-10,wk inc rsv hosp,3,2026-10-31,48,quantile,0.25,33.0
2026-10-10,wk inc rsv hosp,0,2026-10-10,48,quantile,0.3,42.0
2026-10-10,wk inc rsv hosp,1,2026-10-17,48,quantile,0.3,42.0
2026-10-10,wk inc rsv hosp,2,2026-10-24,48,quantile,0.3,39.0
2026-10-10,wk inc rsv hosp,3,2026-10-31,48,quantile,0.3,36.0
2026-10-10,wk inc rsv hosp,0,2026-10-10,48,quantile,0.35,45.0
2026-10-10,wk inc rsv hosp,1,2026-10-17,48,quantile,0.35,45.0
2026-10-10,wk inc rsv hosp,2,2026-10-24,48,quantile,0.35,42.0
2026-10-10,wk inc rsv hosp,3,2026-10-31,48,quantile,0.35,42.0
2026-10-10,wk inc rsv hosp,0,2026-10-10,48,quantile,0.4,48.0
2026-10-10,wk inc rsv hosp,1,2026-10-17,48,quantile,0.4,48.0
2026-10-10,wk inc rsv hosp,2,2026-10-24,48,quantile,0.4,45.0
2026-10-10,wk inc rsv hosp,3,2026-10-31,48,quantile,0.4,47.0
2026-10-10,wk inc rsv hosp,0,2026-10-10,48,quantile,0.45,52.0
2026-10-10,wk inc rsv hosp,1,2026-10-17,48,quantile,0.45,52.0
2026-10-10,wk inc rsv hosp,2,2026-10-24,48,quantile,0.45,48.0
2026-10-10,wk inc rsv hosp,3,2026-10-31,48,quantile,0.45,52.0
2026-10-10,wk inc rsv hosp,0,2026-10-10,48,quantile,0.5,55.0
2026-10-10,wk inc rsv hosp,1,2026-10-17,48,quantile,0.5,55.0
2026-10-10,wk inc rsv hosp,2,2026-10-24,48,quantile,0.5,55.0
2026-10-10,wk inc rsv hosp,3,2026-10-31,48,quantile,0.5,58.0
2026-10-10,wk inc rsv hosp,0,2026-10-10,48,quantile,0.55,58.0
2026-10-10,wk inc rsv hosp,1,2026-10-17,48,quantile,0.55,58.0
2026-10-10,wk inc rsv hosp,2,2026-10-24,48,quantile,0.55,58.0
2026-10-10,wk inc rsv hosp,3,2026-10-31,48,quantile,0.55,61.0
2026-10-10,wk inc rsv hosp,0,2026-10-10,48,quantile,0.6,58.0
2026-10-10,wk inc rsv hosp,1,2026-10-17,48,quantile,0.6,61.0
2026-10-10,wk inc rsv hosp,2,2026-10-24,48,quantile,0.6,64.0
2026-10-10,wk inc rsv hosp,3,2026-10-31,48,quantile,0.6,67.0
2026-10-10,wk inc rsv hosp,0,2026-10-10,48,quantile,0.65,61.0
2026-10-10,wk inc rsv hosp,1,2026-10-17,48,quantile,0.65,62.0
2026-10-10,wk inc rsv hosp,2,2026-10-24,48,quantile,0.65,67.0
2026-10-10,wk inc rsv hosp,3,2026-10-31,48,quantile,0.65,73.0
2026-10-10,wk inc rsv hosp,0,2026-10-10,48,quantile,0.7,64.0
2026-10-10,wk inc rsv hosp,1,2026-10-17,48,quantile,0.7,67.0
2026-10-10,wk inc rsv hosp,2,2026-10-24,48,quantile,0.7,73.0
2026-10-10,wk inc rsv hosp,3,2026-10-31,48,quantile,0.7,77.0
2026-10-10,wk inc rsv hosp,0,2026-10-10,48,quantile,0.75,67.0
2026-10-10,wk inc rsv hosp,1,2026-10-17,48,quantile,0.75,70.0
2026-10-10,wk inc rsv hosp,2,2026-10-24,48,quantile,0.75,79.0
2026-10-10,wk inc rsv hosp,3,2026-10-31,48,quantile,0.75,82.0
2026-10-10,wk inc rsv hosp,0,2026-10-10,48,quantile,0.8,73.0
2026-10-10,wk inc rsv hosp,1,2026-10-17,48,quantile,0.8,76.0
2026-10-10,wk inc rsv hosp,2,2026-10-24,48,quantile,0.8,85.0
2026-10-10,wk inc rsv hosp,3,2026-10-31,48,quantile,0.8,94.0
2026-10-10,wk inc rsv hosp,0,2026-10-10,48,quantile,0.85,76.0
2026-10-10,wk inc rsv hosp,1,2026-10-17,48,quantile,0.85,82.0
2026-10-10,wk inc rsv hosp,2,2026-10-24,48,quantile,0.85,94.0
2026-10-10,wk inc rsv hosp,3,2026-10-31,48,quantile,0.85,106.0
2026-10-10,wk inc rsv hosp,0,2026-10-10,48,quantile,0.9,85.0
2026-10-10,wk inc rsv hosp,1,2026-10-17,48,quantile,0.9,94.0
2026-10-10,wk inc rsv hosp,2,2026-10-24,48,quantile,0.9,109.0
2026-10-10,wk inc rsv hosp,3,2026-10-31,48,quantile,0.9,127.0
2026-10-10,wk inc rsv hosp,0,2026-10-10,48,quantile,0.95,94.0
2026-10-10,wk inc rsv hosp,1,2026-10-17,48,quantile,0.95,106.0
2026-10-10,wk inc rsv hosp,2,2026-10-24,48,quantile,0.95,127.0
2026-10-10,wk inc rsv hosp,3,2026-10-31,48,quantile,0.95,148.0
2026-10-10,wk inc rsv hosp,0,2026-10-10,48,quantile,0.975,106.0
2026-10-10,wk inc rsv hosp,1,2026-10-17,48,quantile,0.975,121.0
2026-10-10,wk inc rsv hosp,2,2026-10-24,48,quantile,0.975,152.0
2026-10-10,wk inc rsv hosp,3,2026-10-31,48,quantile,0.975,195.0
2026-10-10,wk inc rsv hosp,0,2026-10-10,48,quantile,0.99,118.0
2026-10-10,wk inc rsv hosp,1,2026-10-17,48,quantile,0.99,143.0
2026-10-10,wk inc rsv hosp,2,2026-10-24,48,quantile,0.99,185.0
2026-10-10,wk inc rsv hosp,3,2026-10-31,48,quantile,0.99,249.0
2026-10-10,wk inc rsv hosp,0,2026-10-10,49,quantile,0.01,0.0
2026-10-10,wk inc rsv hosp,1,2026-10-17,49,quantile,0.01,0.0
2026-10-10,wk inc rsv hosp,2,2026-10-24,49,quantile,0.01,0.0
2026-10-10,wk inc rsv hosp,3,2026-10-31,49,quantile,0.01,0.0
2026-10-10,wk inc rsv hosp,0,2026-10-10,49,quantile,0.025,0.0
2026-10-10,wk inc rsv hosp,1,2026-10-17,49,quantile,0.025,0.0
2026-10-10,wk inc rsv hosp,2,2026-10-24,49,quantile,0.025,0.0
2026-10-10,wk inc rsv hosp,3,2026-10-31,49,quantile,0.025,0.0
2026-10-10,wk inc rsv hosp,0,2026-10-10,49,quantile,0.05,1.0
2026-10-10,wk inc rsv hosp,1,2026-10-17,49,quantile,0.05,0.0
2026-10-10,wk inc rsv hosp,2,2026-10-24,49,quantile,0.05,0.0
2026-10-10,wk inc rsv hosp,3,2026-10-31,49,quantile,0.05,0.0
2026-10-10,wk inc rsv hosp,0,2026-10-10,49,quantile,0.1,1.0
2026-10-10,wk inc rsv hosp,1,2026-10-17,49,quantile,0.1,1.0
2026-10-10,wk inc rsv hosp,2,2026-10-24,49,quantile,0.1,1.0
2026-10-10,wk inc rsv hosp,3,2026-10-31,49,quantile,0.1,0.0
2026-10-10,wk inc rsv hosp,0,2026-10-10,49,quantile,0.15,1.0
2026-10-10,wk inc rsv hosp,1,2026-10-17,49,quantile,0.15,1.0
2026-10-10,wk inc rsv hosp,2,2026-10-24,49,quantile,0.15,1.0
2026-10-10,wk inc rsv hosp,3,2026-10-31,49,quantile,0.15,1.0
2026-10-10,wk inc rsv hosp,0,2026-10-10,49,quantile,0.2,2.0
2026-10-10,wk inc rsv hosp,1,2026-10-17,49,quantile,0.2,1.0
2026-10-10,wk inc rsv hosp,2,2026-10-24,49,quantile,0.2,1.0
2026-10-10,wk inc rsv hosp,3,2026-10-31,49,quantile,0.2,1.0
2026-10-10,wk inc rsv hosp,0,2026-10-10,49,quantile,0.25,2.0
2026-10-10,wk inc rsv hosp,1,2026-10-17,49,quantile,0.25,2.0
2026-10-10,wk inc rsv hosp,2,2026-10-24,49,quantile,0.25,1.0
2026-10-10,wk inc rsv hosp,3,2026-10-31,49,quantile,0.25,1.0
2026-10-10,wk inc rsv hosp,0,2026-10-10,49,quantile,0.3,2.0
2026-10-10,wk inc rsv hosp,1,2026-10-17,49,quantile,0.3,2.0
2026-10-10,wk inc rsv hosp,2,2026-10-24,49,quantile,0.3,2.0
2026-10-10,wk inc rsv hosp,3,2026-10-31,49,quantile,0.3,1.0
2026-10-10,wk inc rsv hosp,0,2026-10-10,49,quantile,0.35,2.0
2026-10-10,wk inc rsv hosp,1,2026-10-17,49,quantile,0.35,2.0
2026-10-10,wk inc rsv hosp,2,2026-10-24,49,quantile,0.35,2.0
2026-10-10,wk inc rsv hosp,3,2026-10-31,49,quantile,0.35,2.0
2026-10-10,wk inc rsv hosp,0,2026-10-10,49,quantile,0.4,2.0
2026-10-10,wk inc rsv hosp,1,2026-10-17,49,quantile,0.4,2.0
2026-10-10,wk inc rsv hosp,2,2026-10-24,49,quantile,0.4,2.0
2026-10-10,wk inc rsv hosp,3,2026-10-31,49,quantile,0.4,2.0
2026-10-10,wk inc rsv hosp,0,2026-10-10,49,quantile,0.45,3.0
2026-10-10,wk inc rsv hosp,1,2026-10-17,49,quantile,0.45,3.0
2026-10-10,wk inc rsv hosp,2,2026-10-24,49,quantile,0.45,2.0
2026-10-10,wk inc rsv hosp,3,2026-10-31,49,quantile,0.45,3.0
2026-10-10,wk inc rsv hosp,0,2026-10-10,49,quantile,0.5,3.0
2026-10-10,wk inc rsv hosp,1,2026-10-17,49,quantile,0.5,3.0
2026-10-10,wk inc rsv hosp,2,2026-10-24,49,quantile,0.5,3.0
2026-10-10,wk inc rsv hosp,3,2026-10-31,49,quantile,0.5,3.0
2026-10-10,wk inc rsv hosp,0,2026-10-10,49,quantile,0.55,3.0
2026-10-10,wk inc rsv hosp,1,2026-10-17,49,quantile,0.55,3.0
2026-10-10,wk inc rsv hosp,2,2026-10-24,49,quantile,0.55,3.0
2026-10-10,wk inc rsv hosp,3,2026-10-31,49,quantile,0.55,3.0
2026-10-10,wk inc rsv hosp,0,2026-10-10,49,quantile,0.6,3.0
2026-10-10,wk inc rsv hosp,1,2026-10-17,49,quantile,0.6,3.0
2026-10-10,wk inc rsv hosp,2,2026-10-24,49,quantile,0.6,3.0
2026-10-10,wk inc rsv hosp,3,2026-10-31,49,quantile,0.6,4.0
2026-10-10,wk inc rsv hosp,0,2026-10-10,49,quantile,0.65,4.0
2026-10-10,wk inc rsv hosp,1,2026-10-17,49,quantile,0.65,4.0
2026-10-10,wk inc rsv hosp,2,2026-10-24,49,quantile,0.65,4.0
2026-10-10,wk inc rsv hosp,3,2026-10-31,49,quantile,0.65,4.0
2026-10-10,wk inc rsv hosp,0,2026-10-10,49,quantile,0.7,4.0
2026-10-10,wk inc rsv hosp,1,2026-10-17,49,quantile,0.7,4.0
2026-10-10,wk inc rsv hosp,2,2026-10-24,49,quantile,0.7,4.0
2026-10-10,wk inc rsv hosp,3,2026-10-31,49,quantile,0.7,5.0
2026-10-10,wk inc rsv hosp,0,2026-10-10,49,quantile,0.75,4.0
2026-10-10,wk inc rsv hosp,1,2026-10-17,49,quantile,0.75,4.0
2026-10-10,wk inc rsv hosp,2,2026-10-24,49,quantile,0.75,5.0
2026-10-10,wk inc rsv hosp,3,2026-10-31,49,quantile,0.75,5.0
2026-10-10,wk inc rsv hosp,0,2026-10-10,49,quantile,0.8,4.0
2026-10-10,wk inc rsv hosp,1,2026-10-17,49,quantile,0.8,5.0
2026-10-10,wk inc rsv hosp,2,2026-10-24,49,quantile,0.8,5.0
2026-10-10,wk inc rsv hosp,3,2026-10-31,49,quantile,0.8,6.0
2026-10-10,wk inc rsv hosp,0,2026-10-10,49,quantile,0.85,5.0
2026-10-10,wk inc rsv hosp,1,2026-10-17,49,quantile,0.85,5.0
2026-10-10,wk inc rsv hosp,2,2026-10-24,49,quantile,0.85,6.0
2026-10-10,wk inc rsv hosp,3,2026-10-31,49,quantile,0.85,7.0
2026-10-10,wk inc rsv hosp,0,2026-10-10,49,quantile,0.9,5.0
2026-10-10,wk inc rsv hosp,1,2026-10-17,49,quantile,0.9,6.0
2026-10-10,wk inc rsv hosp,2,2026-10-24,49,quantile,0.9,6.0
2026-10-10,wk inc rsv hosp,3,2026-10-31,49,quantile,0.9,8.0
2026-10-10,wk inc rsv hosp,0,2026-10-10,49,quantile,0.95,6.0
2026-10-10,wk inc rsv hosp,1,2026-10-17,49,quantile,0.95,7.0
2026-10-10,wk inc rsv hosp,2,2026-10-24,49,quantile,0.95,8.0
2026-10-10,wk inc rsv hosp,3,2026-10-31,49,quantile,0.95,10.0
2026-10-10,wk inc rsv hosp,0,2026-10-10,49,quantile,0.975,7.0
2026-10-10,wk inc rsv hosp,1,2026-10-17,49,quantile,0.975,8.0
2026-10-10,wk inc rsv hosp,2,2026-10-24,49,quantile,0.975,9.0
2026-10-10,wk inc rsv hosp,3,2026-10-31,49,quantile,0.975,12.0
2026-10-10,wk inc rsv hosp,0,2026-10-10,49,quantile,0.99,8.0
2026-10-10,wk inc rsv hosp,1,2026-10-17,49,quantile,0.99,9.0
2026-10-10,wk inc rsv hosp,2,2026-10-24,49,quantile,0.99,11.0
2026-10-10,wk inc rsv hosp,3,2026-10-31,49,quantile,0.99,16.0
2026-10-10,wk inc rsv hosp,0,2026-10-10,50,quantile,0.01,0.0
2026-10-10,wk inc rsv hosp,1,2026-10-17,50,quantile,0.01,0.0
2026-10-10,wk inc rsv hosp,2,2026-10-24,50,quantile,0.01,0.0
2026-10-10,wk inc rsv hosp,3,2026-10-31,50,quantile,0.01,0.0
2026-10-10,wk inc rsv hosp,0,2026-10-10,50,quantile,0.025,0.0
2026-10-10,wk inc rsv hosp,1,2026-10-17,50,quantile,0.025,0.0
2026-10-10,wk inc rsv hosp,2,2026-10-24,50,quantile,0.025,0.0
2026-10-10,wk inc rsv hosp,3,2026-10-31,50,quantile,0.025,0.0
2026-10-10,wk inc rsv hosp,0,2026-10-10,50,quantile,0.05,1.0
2026-10-10,wk inc rsv hosp,1,2026-10-17,50,quantile,0.05,0.0
2026-10-10,wk inc rsv hosp,2,2026-10-24,50,quantile,0.05,0.0
2026-10-10,wk inc rsv hosp,3,2026-10-31,50,quantile,0.05,0.0
2026-10-10,wk inc rsv hosp,0,2026-10-10,50,quantile,0.1,1.0
2026-10-10,wk inc rsv hosp,1,2026-10-17,50,quantile,0.1,0.0
2026-10-10,wk inc rsv hosp,2,2026-10-24,50,quantile,0.1,0.0
2026-10-10,wk inc rsv hosp,3,2026-10-31,50,quantile,0.1,0.0
2026-10-10,wk inc rsv hosp,0,2026-10-10,50,quantile,0.15,1.0
2026-10-10,wk inc rsv hosp,1,2026-10-17,50,quantile,0.15,1.0
2026-10-10,wk inc rsv hosp,2,2026-10-24,50,quantile,0.15,0.0
2026-10-10,wk inc rsv hosp,3,2026-10-31,50,quantile,0.15,0.0
2026-10-10,wk inc rsv hosp,0,2026-10-10,50,quantile,0.2,1.0
2026-10-10,wk inc rsv hosp,1,2026-10-17,50,quantile,0.2,1.0
2026-10-10,wk inc rsv hosp,2,2026-10-24,50,quantile,0.2,0.0
2026-10-10,wk inc rsv hosp,3,2026-10-31,50,quantile,0.2,0.0
2026-10-10,wk inc rsv hosp,0,2026-10-10,50,quantile,0.25,1.0
2026-10-10,wk inc rsv hosp,1,2026-10-17,50,quantile,0.25,1.0
2026-10-10,wk inc rsv hosp,2,2026-10-24,50,quantile,0.25,1.0
2026-10-10,wk inc rsv hosp,3,2026-10-31,50,quantile,0.25,0.0
2026-10-10,wk inc rsv hosp,0,2026-10-10,50,quantile,0.3,1.0
2026-10-10,wk inc rsv hosp,1,2026-10-17,50,quantile,0.3,1.0
2026-10-10,wk inc rsv hosp,2,2026-10-24,50,quantile,0.3,1.0
2026-10-10,wk inc rsv hosp,3,2026-10-31,50,quantile,0.3,1.0
2026-10-10,wk inc rsv hosp,0,2026-10-10,50,quantile,0.35,1.0
2026-10-10,wk inc rsv hosp,1,2026-10-17,50,quantile,0.35,1.0
2026-10-10,wk inc rsv hosp,2,2026-10-24,50,quantile,0.35,1.0
2026-10-10,wk inc rsv hosp,3,2026-10-31,50,quantile,0.35,1.0
2026-10-10,wk inc rsv hosp,0,2026-10-10,50,quantile,0.4,1.0
2026-10-10,wk inc rsv hosp,1,2026-10-17,50,quantile,0.4,1.0
2026-10-10,wk inc rsv hosp,2,2026-10-24,50,quantile,0.4,1.0
2026-10-10,wk inc rsv hosp,3,2026-10-31,50,quantile,0.4,1.0
2026-10-10,wk inc rsv hosp,0,2026-10-10,50,quantile,0.45,1.0
2026-10-10,wk inc rsv hosp,1,2026-10-17,50,quantile,0.45,1.0
2026-10-10,wk inc rsv hosp,2,2026-10-24,50,quantile,0.45,1.0
2026-10-10,wk inc rsv hosp,3,2026-10-31,50,quantile,0.45,1.0
2026-10-10,wk inc rsv hosp,0,2026-10-10,50,quantile,0.5,1.0
2026-10-10,wk inc rsv hosp,1,2026-10-17,50,quantile,0.5,1.0
2026-10-10,wk inc rsv hosp,2,2026-10-24,50,quantile,0.5,1.0
2026-10-10,wk inc rsv hosp,3,2026-10-31,50,quantile,0.5,1.0
2026-10-10,wk inc rsv hosp,0,2026-10-10,50,quantile,0.55,1.0
2026-10-10,wk inc rsv hosp,1,2026-10-17,50,quantile,0.55,1.0
2026-10-10,wk inc rsv hosp,2,2026-10-24,50,quantile,0.55,1.0
2026-10-10,wk inc rsv hosp,3,2026-10-31,50,quantile,0.55,1.0
2026-10-10,wk inc rsv hosp,0,2026-10-10,50,quantile,0.6,1.0
2026-10-10,wk inc rsv hosp,1,2026-10-17,50,quantile,0.6,1.0
2026-10-10,wk inc rsv hosp,2,2026-10-24,50,quantile,0.6,1.0
2026-10-10,wk inc rsv hosp,3,2026-10-31,50,quantile,0.6,1.0
2026-10-10,wk inc rsv hosp,0,2026-10-10,50,quantile,0.65,1.0
2026-10-10,wk inc rsv hosp,1,2026-10-17,50,quantile,0.65,1.0
2026-10-10,wk inc rsv hosp,2,2026-10-24,50,quantile,0.65,1.0
2026-10-10,wk inc rsv hosp,3,2026-10-31,50,quantile,0.65,1.0
2026-10-10,wk inc rsv hosp,0,2026-10-10,50,quantile,0.7,1.0
2026-10-10,wk inc rsv hosp,1,2026-10-17,50,quantile,0.7,1.0
2026-10-10,wk inc rsv hosp,2,2026-10-24,50,quantile,0.7,1.0
2026-10-10,wk inc rsv hosp,3,2026-10-31,50,quantile,0.7,1.0
2026-10-10,wk inc rsv hosp,0,2026-10-10,50,quantile,0.75,1.0
2026-10-10,wk inc rsv hosp,1,2026-10-17,50,quantile,0.75,1.0
2026-10-10,wk inc rsv hosp,2,2026-10-24,50,quantile,0.75,2.0
2026-10-10,wk inc rsv hosp,3,2026-10-31,50,quantile,0.75,2.0
2026-10-10,wk inc rsv hosp,0,2026-10-10,50,quantile,0.8,2.0
2026-10-10,wk inc rsv hosp,1,2026-10-17,50,quantile,0.8,2.0
2026-10-10,wk inc rsv hosp,2,2026-10-24,50,quantile,0.8,2.0
2026-10-10,wk inc rsv hosp,3,2026-10-31,50,quantile,0.8,2.0
2026-10-10,wk inc rsv hosp,0,2026-10-10,50,quantile,0.85,2.0
2026-10-10,wk inc rsv hosp,1,2026-10-17,50,quantile,0.85,2.0
2026-10-10,wk inc rsv hosp,2,2026-10-24,50,quantile,0.85,2.0
2026-10-10,wk inc rsv hosp,3,2026-10-31,50,quantile,0.85,2.0
2026-10-10,wk inc rsv hosp,0,2026-10-10,50,quantile,0.9,2.0
2026-10-10,wk inc rsv hosp,1,2026-10-17,50,quantile,0.9,2.0
2026-10-10,wk inc rsv hosp,2,2026-10-24,50,quantile,0.9,2.0
2026-10-10,wk inc rsv hosp,3,2026-10-31,50,quantile,0.9,3.0
2026-10-10,wk inc rsv hosp,0,2026-10-10,50,quantile,0.95,2.0
2026-10-10,wk inc rsv hosp,1,2026-10-17,50,quantile,0.95,2.0
2026-10-10,wk inc rsv hosp,2,2026-10-24,50,quantile,0.95,3.0
2026-10-10,wk inc rsv hosp,3,2026-10-31,50,quantile,0.95,4.0
2026-10-10,wk inc rsv hosp,0,2026-10-10,50,quantile,0.975,2.0
2026-10-10,wk inc rsv hosp,1,2026-10-17,50,quantile,0.975,3.0
2026-10-10,wk inc rsv hosp,2,2026-10-24,50,quantile,0.975,4.0
2026-10-10,wk inc rsv hosp,3,2026-10-31,50,quantile,0.975,5.0
2026-10-10,wk inc rsv hosp,0,2026-10-10,50,quantile,0.99,2.0
2026-10-10,wk inc rsv hosp,1,2026-10-17,50,quantile,0.99,3.0
2026-10-10,wk inc rsv hosp,2,2026-10-24,50,quantile,0.99,5.0
2026-10-10,wk inc rsv hosp,3,2026-10-31,50,quantile,0.99,6.0
2026-10-10,wk inc rsv hosp,0,2026-10-10,51,quantile,0.01,2.0
2026-10-10,wk inc rsv hosp,1,2026-10-17,51,quantile,0.01,2.0
2026-10-10,wk inc rsv hosp,2,2026-10-24,51,quantile,0.01,1.0
2026-10-10,wk inc rsv hosp,3,2026-10-31,51,quantile,0.01,1.0
2026-10-10,wk inc rsv hosp,0,2026-10-10,51,quantile,0.025,3.0
2026-10-10,wk inc rsv hosp,1,2026-10-17,51,quantile,0.025,2.0
2026-10-10,wk inc rsv hosp,2,2026-10-24,51,quantile,0.025,2.0
2026-10-10,wk inc rsv hosp,3,2026-10-31,51,quantile,0.025,1.0
2026-10-10,wk inc rsv hosp,0,2026-10-10,51,quantile,0.05,3.0
2026-10-10,wk inc rsv hosp,1,2026-10-17,51,quantile,0.05,3.0
2026-10-10,wk inc rsv hosp,2,2026-10-24,51,quantile,0.05,2.0
2026-10-10,wk inc rsv hosp,3,2026-10-31,51,quantile,0.05,2.0
2026-10-10,wk inc rsv hosp,0,2026-10-10,51,quantile,0.1,4.0
2026-10-10,wk inc rsv hosp,1,2026-10-17,51,quantile,0.1,3.0
2026-10-10,wk inc rsv hosp,2,2026-10-24,51,quantile,0.1,3.0
2026-10-10,wk inc rsv hosp,3,2026-10-31,51,quantile,0.1,2.0
2026-10-10,wk inc rsv hosp,0,2026-10-10,51,quantile,0.15,4.0
2026-10-10,wk inc rsv hosp,1,2026-10-17,51,quantile,0.15,4.0
2026-10-10,wk inc rsv hosp,2,2026-10-24,51,quantile,0.15,3.0
2026-10-10,wk inc rsv hosp,3,2026-10-31,51,quantile,0.15,3.0
2026-10-10,wk inc rsv hosp,0,2026-10-10,51,quantile,0.2,4.0
2026-10-10,wk inc rsv hosp,1,2026-10-17,51,quantile,0.2,4.0
2026-10-10,wk inc rsv hosp,2,2026-10-24,51,quantile,0.2,4.0
2026-10-10,wk inc rsv hosp,3,2026-10-31,51,quantile,0.2,3.0
2026-10-10,wk inc rsv hosp,0,2026-10-10,51,quantile,0.25,5.0
2026-10-10,wk inc rsv hosp,1,2026-10-17,51,quantile,0.25,4.0
2026-10-10,wk inc rsv hosp,2,2026-10-24,51,quantile,0.25,4.0
2026-10-10,wk inc rsv hosp,3,2026-10-31,51,quantile,0.25,4.0
2026-10-10,wk inc rsv hosp,0,2026-10-10,51,quantile,0.3,5.0
2026-10-10,wk inc rsv hosp,1,2026-10-17,51,quantile,0.3,5.0
2026-10-10,wk inc rsv hosp,2,2026-10-24,51,quantile,0.3,5.0
2026-10-10,wk inc rsv hosp,3,2026-10-31,51,quantile,0.3,4.0
2026-10-10,wk inc rsv hosp,0,2026-10-10,51,quantile,0.35,5.0
2026-10-10,wk inc rsv hosp,1,2026-10-17,51,quantile,0.35,5.0
2026-10-10,wk inc rsv hosp,2,2026-10-24,51,quantile,0.35,5.0
2026-10-10,wk inc rsv hosp,3,2026-10-31,51,quantile,0.35,5.0
2026-10-10,wk inc rsv hosp,0,2026-10-10,51,quantile,0.4,6.0
2026-10-10,wk inc rsv hosp,1,2026-10-17,51,quantile,0.4,6.0
2026-10-10,wk inc rsv hosp,2,2026-10-24,51,quantile,0.4,6.0
2026-10-10,wk inc rsv hosp,3,2026-10-31,51,quantile,0.4,6.0
2026-10-10,wk inc rsv hosp,0,2026-10-10,51,quantile,0.45,6.0
2026-10-10,wk inc rsv hosp,1,2026-10-17,51,quantile,0.45,6.0
2026-10-10,wk inc rsv hosp,2,2026-10-24,51,quantile,0.45,6.0
2026-10-10,wk inc rsv hosp,3,2026-10-31,51,quantile,0.45,6.0
2026-10-10,wk inc rsv hosp,0,2026-10-10,51,quantile,0.5,6.0
2026-10-10,wk inc rsv hosp,1,2026-10-17,51,quantile,0.5,6.0
2026-10-10,wk inc rsv hosp,2,2026-10-24,51,quantile,0.5,7.0
2026-10-10,wk inc rsv hosp,3,2026-10-31,51,quantile,0.5,7.0
2026-10-10,wk inc rsv hosp,0,2026-10-10,51,quantile,0.55,6.0
2026-10-10,wk inc rsv hosp,1,2026-10-17,51,quantile,0.55,7.0
2026-10-10,wk inc rsv hosp,2,2026-10-24,51,quantile,0.55,7.0
2026-10-10,wk inc rsv hosp,3,2026-10-31,51,quantile,0.55,8.0
2026-10-10,wk inc rsv hosp,0,2026-10-10,51,quantile,0.6,7.0
2026-10-10,wk inc rsv hosp,1,2026-10-17,51,quantile,0.6,7.0
2026-10-10,wk inc rsv hosp,2,2026-10-24,51,quantile,0.6,8.0
2026-10-10,wk inc rsv hosp,3,2026-10-31,51,quantile,0.6,9.0
2026-10-10,wk inc rsv hosp,0,2026-10-10,51,quantile,0.65,7.0
2026-10-10,wk inc rsv hosp,1,2026-10-17,51,quantile,0.65,8.0
2026-10-10,wk inc rsv hosp,2,2026-10-24,51,quantile,0.65,9.0
2026-10-10,wk inc rsv hosp,3,2026-10-31,51,quantile,0.65,10.0
2026-10-10,wk inc rsv hosp,0,2026-10-10,51,quantile,0.7,7.0
2026-10-10,wk inc rsv hosp,1,2026-10-17,51,quantile,0.7,8.0
2026-10-10,wk inc rsv hosp,2,2026-10-24,51,quantile,0.7,10.0
2026-10-10,wk inc rsv hosp,3,2026-10-31,51,quantile,0.7,11.0
2026-10-10,wk inc rsv hosp,0,2026-10-10,51,quantile,0.75,8.0
2026-10-10,wk inc rsv hosp,1,2026-10-17,51,quantile,0.75,9.0
2026-10-10,wk inc rsv hosp,2,2026-10-24,51,quantile,0.75,11.0
2026-10-10,wk inc rsv hosp,3,2026-10-31,51,quantile,0.75,13.0
2026-10-10,wk inc rsv hosp,0,2026-10-10,51,quantile,0.8,8.0
2026-10-10,wk inc rsv hosp,1,2026-10-17,51,quantile,0.8,10.0
2026-10-10,wk inc rsv hosp,2,2026-10-24,51,quantile,0.8,12.0
2026-10-10,wk inc rsv hosp,3,2026-10-31,51,quantile,0.8,15.0
2026-10-10,wk inc rsv hosp,0,2026-10-10,51,quantile,0.85,9.0
2026-10-10,wk inc rsv hosp,1,2026-10-17,51,quantile,0.85,11.0
2026-10-10,wk inc rsv hosp,2,2026-10-24,51,quantile,0.85,14.0
2026-10-10,wk inc rsv hosp,3,2026-10-31,51,quantile,0.85,17.0
2026-10-10,wk inc rsv hosp,0,2026-10-10,51,quantile,0.9,9.0
2026-10-10,wk inc rsv hosp,1,2026-10-17,51,quantile,0.9,12.0
2026-10-10,wk inc rsv hosp,2,2026-10-24,51,quantile,0.9,16.0
2026-10-10,wk inc rsv hosp,3,2026-10-31,51,quantile,0.9,22.0
2026-10-10,wk inc rsv hosp,0,2026-10-10,51,quantile,0.95,11.0
2026-10-10,wk inc rsv hosp,1,2026-10-17,51,quantile,0.95,15.0
2026-10-10,wk inc rsv hosp,2,2026-10-24,51,quantile,0.95,21.0
2026-10-10,wk inc rsv hosp,3,2026-10-31,51,quantile,0.95,29.0
2026-10-10,wk inc rsv hosp,0,2026-10-10,51,quantile,0.975,12.0
2026-10-10,wk inc rsv hosp,1,2026-10-17,51,quantile,0.975,17.0
2026-10-10,wk inc rsv hosp,2,2026-10-24,51,quantile,0.975,25.0
2026-10-10,wk inc rsv hosp,3,2026-10-31,51,quantile,0.975,37.0
2026-10-10,wk inc rsv hosp,0,2026-10-10,51,quantile,0.99,12.0
2026-10-10,wk inc rsv hosp,1,2026-10-17,51,quantile,0.99,19.0
2026-10-10,wk inc rsv hosp,2,2026-10-24,51,quantile,0.99,30.0
2026-10-10,wk inc rsv hosp,3,2026-10-31,51,quantile,0.99,47.0
2026-10-10,wk inc rsv hosp,0,2026-10-10,53,quantile,0.01,0.0
2026-10-10,wk inc rsv hosp,1,2026-10-17,53,quantile,0.01,0.0
2026-10-10,wk inc rsv hosp,2,2026-10-24,53,quantile,0.01,0.0
2026-10-10,wk inc rsv hosp,3,2026-10-31,53,quantile,0.01,0.0
2026-10-10,wk inc rsv hosp,0,2026-10-10,53,quantile,0.025,1.0
2026-10-10,wk inc rsv hosp,1,2026-10-17,53,quantile,0.025,0.0
2026-10-10,wk inc rsv hosp,2,2026-10-24,53,quantile,0.025,0.0
2026-10-10,wk inc rsv hosp,3,2026-10-31,53,quantile,0.025,0.0
2026-10-10,wk inc rsv hosp,0,2026-10-10,53,quantile,0.05,1.0
2026-10-10,wk inc rsv hosp,1,2026-10-17,53,quantile,0.05,1.0
2026-10-10,wk inc rsv hosp,2,2026-10-24,53,quantile,0.05,1.0
2026-10-10,wk inc rsv hosp,3,2026-10-31,53,quantile,0.05,0.0
2026-10-10,wk inc rsv hosp,0,2026-10-10,53,quantile,0.1,2.0
2026-10-10,wk inc rsv hosp,1,2026-10-17,53,quantile,0.1,2.0
2026-10-10,wk inc rsv hosp,2,2026-10-24,53,quantile,0.1,1.0
2026-10-10,wk inc rsv hosp,3,2026-10-31,53,quantile,0.1,1.0
2026-10-10,wk inc rsv hosp,0,2026-10-10,53,quantile,0.15,2.0
2026-10-10,wk inc rsv hosp,1,2026-10-17,53,quantile,0.15,2.0
2026-10-10,wk inc rsv hosp,2,2026-10-24,53,quantile,0.15,2.0
2026-10-10,wk inc rsv hosp,3,2026-10-31,53,quantile,0.15,1.0
2026-10-10,wk inc rsv hosp,0,2026-10-10,53,quantile,0.2,3.0
2026-10-10,wk inc rsv hosp,1,2026-10-17,53,quantile,0.2,2.0
2026-10-10,wk inc rsv hosp,2,2026-10-24,53,quantile,0.2,2.0
2026-10-10,wk inc rsv hosp,3,2026-10-31,53,quantile,0.2,2.0
2026-10-10,wk inc rsv hosp,0,2026-10-10,53,quantile,0.25,3.0
2026-10-10,wk inc rsv hosp,1,2026-10-17,53,quantile,0.25,3.0
2026-10-10,wk inc rsv hosp,2,2026-10-24,53,quantile,0.25,3.0
2026-10-10,wk inc rsv hosp,3,2026-10-31,53,quantile,0.25,2.0
2026-10-10,wk inc rsv hosp,0,2026-10-10,53,quantile,0.3,3.0
2026-10-10,wk inc rsv hosp,1,2026-10-17,53,quantile,0.3,3.0
2026-10-10,wk inc rsv hosp,2,2026-10-24,53,quantile,0.3,3.0
2026-10-10,wk inc rsv hosp,3,2026-10-31,53,quantile,0.3,3.0
2026-10-10,wk inc rsv hosp,0,2026-10-10,53,quantile,0.35,4.0
2026-10-10,wk inc rsv hosp,1,2026-10-17,53,quantile,0.35,4.0
2026-10-10,wk inc rsv hosp,2,2026-10-24,53,quantile,0.35,3.0
2026-10-10,wk inc rsv hosp,3,2026-10-31,53,quantile,0.35,3.0
2026-10-10,wk inc rsv hosp,0,2026-10-10,53,quantile,0.4,4.0
2026-10-10,wk inc rsv hosp,1,2026-10-17,53,quantile,0.4,4.0
2026-10-10,wk inc rsv hosp,2,2026-10-24,53,quantile,0.4,4.0
2026-10-10,wk inc rsv hosp,3,2026-10-31,53,quantile,0.4,4.0
2026-10-10,wk inc rsv hosp,0,2026-10-10,53,quantile,0.45,4.0
2026-10-10,wk inc rsv hosp,1,2026-10-17,53,quantile,0.45,5.0
2026-10-10,wk inc rsv hosp,2,2026-10-24,53,quantile,0.45,4.0
2026-10-10,wk inc rsv hosp,3,2026-10-31,53,quantile,0.45,4.0
2026-10-10,wk inc rsv hosp,0,2026-10-10,53,quantile,0.5,5.0
2026-10-10,wk inc rsv hosp,1,2026-10-17,53,quantile,0.5,5.0
2026-10-10,wk inc rsv hosp,2,2026-10-24,53,quantile,0.5,4.0
2026-10-10,wk inc rsv hosp,3,2026-10-31,53,quantile,0.5,5.0
2026-10-10,wk inc rsv hosp,0,2026-10-10,53,quantile,0.55,5.0
2026-10-10,wk inc rsv hosp,1,2026-10-17,53,quantile,0.55,5.0
2026-10-10,wk inc rsv hosp,2,2026-10-24,53,quantile,0.55,5.0
2026-10-10,wk inc rsv hosp,3,2026-10-31,53,quantile,0.55,5.0
2026-10-10,wk inc rsv hosp,0,2026-10-10,53,quantile,0.6,5.0
2026-10-10,wk inc rsv hosp,1,2026-10-17,53,quantile,0.6,6.0
2026-10-10,wk inc rsv hosp,2,2026-10-24,53,quantile,0.6,6.0
2026-10-10,wk inc rsv hosp,3,2026-10-31,53,quantile,0.6,6.0
2026-10-10,wk inc rsv hosp,0,2026-10-10,53,quantile,0.65,6.0
2026-10-10,wk inc rsv hosp,1,2026-10-17,53,quantile,0.65,6.0
2026-10-10,wk inc rsv hosp,2,2026-10-24,53,quantile,0.65,6.0
2026-10-10,wk inc rsv hosp,3,2026-10-31,53,quantile,0.65,7.0
2026-10-10,wk inc rsv hosp,0,2026-10-10,53,quantile,0.7,6.0
2026-10-10,wk inc rsv hosp,1,2026-10-17,53,quantile,0.7,7.0
2026-10-10,wk inc rsv hosp,2,2026-10-24,53,quantile,0.7,7.0
2026-10-10,wk inc rsv hosp,3,2026-10-31,53,quantile,0.7,8.0
2026-10-10,wk inc rsv hosp,0,2026-10-10,53,quantile,0.75,7.0
2026-10-10,wk inc rsv hosp,1,2026-10-17,53,quantile,0.75,7.0
2026-10-10,wk inc rsv hosp,2,2026-10-24,53,quantile,0.75,8.0
2026-10-10,wk inc rsv hosp,3,2026-10-31,53,quantile,0.75,9.0
2026-10-10,wk inc rsv hosp,0,2026-10-10,53,quantile,0.8,7.0
2026-10-10,wk inc rsv hosp,1,2026-10-17,53,quantile,0.8,8.0
2026-10-10,wk inc rsv hosp,2,2026-10-24,53,quantile,0.8,9.0
2026-10-10,wk inc rsv hosp,3,2026-10-31,53,quantile,0.8,10.0
2026-10-10,wk inc rsv hosp,0,2026-10-10,53,quantile,0.85,8.0
2026-10-10,wk inc rsv hosp,1,2026-10-17,53,quantile,0.85,9.0
2026-10-10,wk inc rsv hosp,2,2026-10-24,53,quantile,0.85,11.0
2026-10-10,wk inc rsv hosp,3,2026-10-31,53,quantile,0.85,12.0
2026-10-10,wk inc rsv hosp,0,2026-10-10,53,quantile,0.9,9.0
2026-10-10,wk inc rsv hosp,1,2026-10-17,53,quantile,0.9,10.0
2026-10-10,wk inc rsv hosp,2,2026-10-24,53,quantile,0.9,12.0
2026-10-10,wk inc rsv hosp,3,2026-10-31,53,quantile,0.9,14.0
2026-10-10,wk inc rsv hosp,0,2026-10-10,53,quantile,0.95,11.0
2026-10-10,wk inc rsv hosp,1,2026-10-17,53,quantile,0.95,12.0
2026-10-10,wk inc rsv hosp,2,2026-10-24,53,quantile,0.95,14.0
2026-10-10,wk inc rsv hosp,3,2026-10-31,53,quantile,0.95,18.0
2026-10-10,wk inc rsv hosp,0,2026-10-10,53,quantile,0.975,13.0
2026-10-10,wk inc rsv hosp,1,2026-10-17,53,quantile,0.975,14.0
2026-10-10,wk inc rsv hosp,2,2026-10-24,53,quantile,0.975,16.0
2026-10-10,wk inc rsv hosp,3,2026-10-31,53,quantile,0.975,21.0
2026-10-10,wk inc rsv hosp,0,2026-10-10,53,quantile,0.99,14.0
2026-10-10,wk inc rsv hosp,1,2026-10-17,53,quantile,0.99,17.0
2026-10-10,wk inc rsv hosp,2,2026-10-24,53,quantile,0.99,19.0
2026-10-10,wk inc rsv hosp,3,2026-10-31,53,quantile,0.99,26.0
2026-10-10,wk inc rsv hosp,0,2026-10-10,54,quantile,0.01,1.0
2026-10-10,wk inc rsv hosp,1,2026-10-17,54,quantile,0.01,1.0
2026-10-10,wk inc rsv hosp,2,2026-10-24,54,quantile,0.01,0.0
2026-10-10,wk inc rsv hosp,3,2026-10-31,54,quantile,0.01,0.0
2026-10-10,wk inc rsv hosp,0,2026-10-10,54,quantile,0.025,1.0
2026-10-10,wk inc rsv hosp,1,2026-10-17,54,quantile,0.025,1.0
2026-10-10,wk inc rsv hosp,2,2026-10-24,54,quantile,0.025,1.0
2026-10-10,wk inc rsv hosp,3,2026-10-31,54,quantile,0.025,0.0
2026-10-10,wk inc rsv hosp,0,2026-10-10,54,quantile,0.05,2.0
2026-10-10,wk inc rsv hosp,1,2026-10-17,54,quantile,0.05,1.0
2026-10-10,wk inc rsv hosp,2,2026-10-24,54,quantile,0.05,1.0
2026-10-10,wk inc rsv hosp,3,2026-10-31,54,quantile,0.05,1.0
2026-10-10,wk inc rsv hosp,0,2026-10-10,54,quantile,0.1,2.0
2026-10-10,wk inc rsv hosp,1,2026-10-17,54,quantile,0.1,2.0
2026-10-10,wk inc rsv hosp,2,2026-10-24,54,quantile,0.1,1.0
2026-10-10,wk inc rsv hosp,3,2026-10-31,54,quantile,0.1,1.0
2026-10-10,wk inc rsv hosp,0,2026-10-10,54,quantile,0.15,2.0
2026-10-10,wk inc rsv hosp,1,2026-10-17,54,quantile,0.15,2.0
2026-10-10,wk inc rsv hosp,2,2026-10-24,54,quantile,0.15,2.0
2026-10-10,wk inc rsv hosp,3,2026-10-31,54,quantile,0.15,1.0
2026-10-10,wk inc rsv hosp,0,2026-10-10,54,quantile,0.2,2.0
2026-10-10,wk inc rsv hosp,1,2026-10-17,54,quantile,0.2,2.0
2026-10-10,wk inc rsv hosp,2,2026-10-24,54,quantile,0.2,2.0
2026-10-10,wk inc rsv hosp,3,2026-10-31,54,quantile,0.2,2.0
2026-10-10,wk inc rsv hosp,0,2026-10-10,54,quantile,0.25,3.0
2026-10-10,wk inc rsv hosp,1,2026-10-17,54,quantile,0.25,3.0
2026-10-10,wk inc rsv hosp,2,2026-10-24,54,quantile,0.25,2.0
2026-10-10,wk inc rsv hosp,3,2026-10-31,54,quantile,0.25,2.0
2026-10-10,wk inc rsv hosp,0,2026-10-10,54,quantile,0.3,3.0
2026-10-10,wk inc rsv hosp,1,2026-10-17,54,quantile,0.3,3.0
2026-10-10,wk inc rsv hosp,2,2026-10-24,54,quantile,0.3,3.0
2026-10-10,wk inc rsv hosp,3,2026-10-31,54,quantile,0.3,2.0
2026-10-10,wk inc rsv hosp,0,2026-10-10,54,quantile,0.35,3.0
2026-10-10,wk inc rsv hosp,1,2026-10-17,54,quantile,0.35,3.0
2026-10-10,wk inc rsv hosp,2,2026-10-24,54,quantile,0.35,3.0
2026-10-10,wk inc rsv hosp,3,2026-10-31,54,quantile,0.35,3.0
2026-10-10,wk inc rsv hosp,0,2026-10-10,54,quantile,0.4,3.0
2026-10-10,wk inc rsv hosp,1,2026-10-17,54,quantile,0.4,3.0
2026-10-10,wk inc rsv hosp,2,2026-10-24,54,quantile,0.4,3.0
2026-10-10,wk inc rsv hosp,3,2026-10-31,54,quantile,0.4,3.0
2026-10-10,wk inc rsv hosp,0,2026-10-10,54,quantile,0.45,3.0
2026-10-10,wk inc rsv hosp,1,2026-10-17,54,quantile,0.45,3.0
2026-10-10,wk inc rsv hosp,2,2026-10-24,54,quantile,0.45,3.0
2026-10-10,wk inc rsv hosp,3,2026-10-31,54,quantile,0.45,3.0
2026-10-10,wk inc rsv hosp,0,2026-10-10,54,quantile,0.5,3.0
2026-10-10,wk inc rsv hosp,1,2026-10-17,54,quantile,0.5,3.0
2026-10-10,wk inc rsv hosp,2,2026-10-24,54,quantile,0.5,3.0
2026-10-10,wk inc rsv hosp,3,2026-10-31,54,quantile,0.5,3.0
2026-10-10,wk inc rsv hosp,0,2026-10-10,54,quantile,0.55,3.0
2026-10-10,wk inc rsv hosp,1,2026-10-17,54,quantile,0.55,4.0
2026-10-10,wk inc rsv hosp,2,2026-10-24,54,quantile,0.55,4.0
2026-10-10,wk inc rsv hosp,3,2026-10-31,54,quantile,0.55,4.0
2026-10-10,wk inc rsv hosp,0,2026-10-10,54,quantile,0.6,4.0
2026-10-10,wk inc rsv hosp,1,2026-10-17,54,quantile,0.6,4.0
2026-10-10,wk inc rsv hosp,2,2026-10-24,54,quantile,0.6,4.0
2026-10-10,wk inc rsv hosp,3,2026-10-31,54,quantile,0.6,4.0
2026-10-10,wk inc rsv hosp,0,2026-10-10,54,quantile,0.65,4.0
2026-10-10,wk inc rsv hosp,1,2026-10-17,54,quantile,0.65,4.0
2026-10-10,wk inc rsv hosp,2,2026-10-24,54,quantile,0.65,4.0
2026-10-10,wk inc rsv hosp,3,2026-10-31,54,quantile,0.65,5.0
2026-10-10,wk inc rsv hosp,0,2026-10-10,54,quantile,0.7,4.0
2026-10-10,wk inc rsv hosp,1,2026-10-17,54,quantile,0.7,4.0
2026-10-10,wk inc rsv hosp,2,2026-10-24,54,quantile,0.7,5.0
2026-10-10,wk inc rsv hosp,3,2026-10-31,54,quantile,0.7,5.0
2026-10-10,wk inc rsv hosp,0,2026-10-10,54,quantile,0.75,4.0
2026-10-10,wk inc rsv hosp,1,2026-10-17,54,quantile,0.75,5.0
2026-10-10,wk inc rsv hosp,2,2026-10-24,54,quantile,0.75,5.0
2026-10-10,wk inc rsv hosp,3,2026-10-31,54,quantile,0.75,6.0
2026-10-10,wk inc rsv hosp,0,2026-10-10,54,quantile,0.8,5.0
2026-10-10,wk inc rsv hosp,1,2026-10-17,54,quantile,0.8,5.0
2026-10-10,wk inc rsv hosp,2,2026-10-24,54,quantile,0.8,6.0
2026-10-10,wk inc rsv hosp,3,2026-10-31,54,quantile,0.8,6.0
2026-10-10,wk inc rsv hosp,0,2026-10-10,54,quantile,0.85,5.0
2026-10-10,wk inc rsv hosp,1,2026-10-17,54,quantile,0.85,6.0
2026-10-10,wk inc rsv hosp,2,2026-10-24,54,quantile,0.85,6.0
2026-10-10,wk inc rsv hosp,3,2026-10-31,54,quantile,0.85,7.0
2026-10-10,wk inc rsv hosp,0,2026-10-10,54,quantile,0.9,6.0
2026-10-10,wk inc rsv hosp,1,2026-10-17,54,quantile,0.9,6.0
2026-10-10,wk inc rsv hosp,2,2026-10-24,54,quantile,0.9,7.0
2026-10-10,wk inc rsv hosp,3,2026-10-31,54,quantile,0.9,8.0
2026-10-10,wk inc rsv hosp,0,2026-10-10,54,quantile,0.95,6.0
2026-10-10,wk inc rsv hosp,1,2026-10-17,54,quantile,0.95,7.0
2026-10-10,wk inc rsv hosp,2,2026-10-24,54,quantile,0.95,8.0
2026-10-10,wk inc rsv hosp,3,2026-10-31,54,quantile,0.95,10.0
2026-10-10,wk inc rsv hosp,0,2026-10-10,54,quantile,0.975,7.0
2026-10-10,wk inc rsv hosp,1,2026-10-17,54,quantile,0.975,8.0
2026-10-10,wk inc rsv hosp,2,2026-10-24,54,quantile,0.975,10.0
2026-10-10,wk inc rsv hosp,3,2026-10-31,54,quantile,0.975,14.0
2026-10-10,wk inc rsv hosp,0,2026-10-10,54,quantile,0.99,8.0
2026-10-10,wk inc rsv hosp,1,2026-10-17,54,quantile,0.99,9.0
2026-10-10,wk inc rsv hosp,2,2026-10-24,54,quantile,0.99,13.0
2026-10-10,wk inc rsv hosp,3,2026-10-31,54,quantile,0.99,17.0
2026-10-10,wk inc rsv hosp,0,2026-10-10,55,quantile,0.01,1.0
2026-10-10,wk inc rsv hosp,1,2026-10-17,55,quantile,0.01,1.0
2026-10-10,wk inc rsv hosp,2,2026-10-24,55,quantile,0.01,1.0
2026-10-10,wk inc rsv hosp,3,2026-10-31,55,quantile,0.01,1.0
2026-10-10,wk inc rsv hosp,0,2026-10-10,55,quantile,0.025,2.0
2026-10-10,wk inc rsv hosp,1,2026-10-17,55,quantile,0.025,1.0
2026-10-10,wk inc rsv hosp,2,2026-10-24,55,quantile,0.025,1.0
2026-10-10,wk inc rsv hosp,3,2026-10-31,55,quantile,0.025,1.0
2026-10-10,wk inc rsv hosp,0,2026-10-10,55,quantile,0.05,2.0
2026-10-10,wk inc rsv hosp,1,2026-10-17,55,quantile,0.05,2.0
2026-10-10,wk inc rsv hosp,2,2026-10-24,55,quantile,0.05,1.0
2026-10-10,wk inc rsv hosp,3,2026-10-31,55,quantile,0.05,1.0
2026-10-10,wk inc rsv hosp,0,2026-10-10,55,quantile,0.1,2.0
2026-10-10,wk inc rsv hosp,1,2026-10-17,55,quantile,0.1,2.0
2026-10-10,wk inc rsv hosp,2,2026-10-24,55,quantile,0.1,2.0
2026-10-10,wk inc rsv hosp,3,2026-10-31,55,quantile,0.1,2.0
2026-10-10,wk inc rsv hosp,0,2026-10-10,55,quantile,0.15,3.0
2026-10-10,wk inc rsv hosp,1,2026-10-17,55,quantile,0.15,2.0
2026-10-10,wk inc rsv hosp,2,2026-10-24,55,quantile,0.15,2.0
2026-10-10,wk inc rsv hosp,3,2026-10-31,55,quantile,0.15,2.0
2026-10-10,wk inc rsv hosp,0,2026-10-10,55,quantile,0.2,3.0
2026-10-10,wk inc rsv hosp,1,2026-10-17,55,quantile,0.2,3.0
2026-10-10,wk inc rsv hosp,2,2026-10-24,55,quantile,0.2,3.0
2026-10-10,wk inc rsv hosp,3,2026-10-31,55,quantile,0.2,2.0
2026-10-10,wk inc rsv hosp,0,2026-10-10,55,quantile,0.25,3.0
2026-10-10,wk inc rsv hosp,1,2026-10-17,55,quantile,0.25,3.0
2026-10-10,wk inc rsv hosp,2,2026-10-24,55,quantile,0.25,3.0
2026-10-10,wk inc rsv hosp,3,2026-10-31,55,quantile,0.25,3.0
2026-10-10,wk inc rsv hosp,0,2026-10-10,55,quantile,0.3,3.0
2026-10-10,wk inc rsv hosp,1,2026-10-17,55,quantile,0.3,3.0
2026-10-10,wk inc rsv hosp,2,2026-10-24,55,quantile,0.3,3.0
2026-10-10,wk inc rsv hosp,3,2026-10-31,55,quantile,0.3,3.0
2026-10-10,wk inc rsv hosp,0,2026-10-10,55,quantile,0.35,4.0
2026-10-10,wk inc rsv hosp,1,2026-10-17,55,quantile,0.35,4.0
2026-10-10,wk inc rsv hosp,2,2026-10-24,55,quantile,0.35,3.0
2026-10-10,wk inc rsv hosp,3,2026-10-31,55,quantile,0.35,3.0
2026-10-10,wk inc rsv hosp,0,2026-10-10,55,quantile,0.4,4.0
2026-10-10,wk inc rsv hosp,1,2026-10-17,55,quantile,0.4,4.0
2026-10-10,wk inc rsv hosp,2,2026-10-24,55,quantile,0.4,4.0
2026-10-10,wk inc rsv hosp,3,2026-10-31,55,quantile,0.4,3.0
2026-10-10,wk inc rsv hosp,0,2026-10-10,55,quantile,0.45,4.0
2026-10-10,wk inc rsv hosp,1,2026-10-17,55,quantile,0.45,4.0
2026-10-10,wk inc rsv hosp,2,2026-10-24,55,quantile,0.45,4.0
2026-10-10,wk inc rsv hosp,3,2026-10-31,55,quantile,0.45,4.0
2026-10-10,wk inc rsv hosp,0,2026-10-10,55,quantile,0.5,4.0
2026-10-10,wk inc rsv hosp,1,2026-10-17,55,quantile,0.5,4.0
2026-10-10,wk inc rsv hosp,2,2026-10-24,55,quantile,0.5,4.0
2026-10-10,wk inc rsv hosp,3,2026-10-31,55,quantile,0.5,4.0
2026-10-10,wk inc rsv hosp,0,2026-10-10,55,quantile,0.55,4.0
2026-10-10,wk inc rsv hosp,1,2026-10-17,55,quantile,0.55,5.0
2026-10-10,wk inc rsv hosp,2,2026-10-24,55,quantile,0.55,5.0
2026-10-10,wk inc rsv hosp,3,2026-10-31,55,quantile,0.55,4.0
2026-10-10,wk inc rsv hosp,0,2026-10-10,55,quantile,0.6,5.0
2026-10-10,wk inc rsv hosp,1,2026-10-17,55,quantile,0.6,5.0
2026-10-10,wk inc rsv hosp,2,2026-10-24,55,quantile,0.6,5.0
2026-10-10,wk inc rsv hosp,3,2026-10-31,55,quantile,0.6,5.0
2026-10-10,wk inc rsv hosp,0,2026-10-10,55,quantile,0.65,5.0
2026-10-10,wk inc rsv hosp,1,2026-10-17,55,quantile,0.65,5.0
2026-10-10,wk inc rsv hosp,2,2026-10-24,55,quantile,0.65,5.0
2026-10-10,wk inc rsv hosp,3,2026-10-31,55,quantile,0.65,6.0
2026-10-10,wk inc rsv hosp,0,2026-10-10,55,quantile,0.7,5.0
2026-10-10,wk inc rsv hosp,1,2026-10-17,55,quantile,0.7,5.0
2026-10-10,wk inc rsv hosp,2,2026-10-24,55,quantile,0.7,6.0
2026-10-10,wk inc rsv hosp,3,2026-10-31,55,quantile,0.7,6.0
2026-10-10,wk inc rsv hosp,0,2026-10-10,55,quantile,0.75,5.0
2026-10-10,wk inc rsv hosp,1,2026-10-17,55,quantile,0.75,6.0
2026-10-10,wk inc rsv hosp,2,2026-10-24,55,quantile,0.75,6.0
2026-10-10,wk inc rsv hosp,3,2026-10-31,55,quantile,0.75,7.0
2026-10-10,wk inc rsv hosp,0,2026-10-10,55,quantile,0.8,6.0
2026-10-10,wk inc rsv hosp,1,2026-10-17,55,quantile,0.8,6.0
2026-10-10,wk inc rsv hosp,2,2026-10-24,55,quantile,0.8,7.0
2026-10-10,wk inc rsv hosp,3,2026-10-31,55,quantile,0.8,8.0
2026-10-10,wk inc rsv hosp,0,2026-10-10,55,quantile,0.85,6.0
2026-10-10,wk inc rsv hosp,1,2026-10-17,55,quantile,0.85,7.0
2026-10-10,wk inc rsv hosp,2,2026-10-24,55,quantile,0.85,8.0
2026-10-10,wk inc rsv hosp,3,2026-10-31,55,quantile,0.85,9.0
2026-10-10,wk inc rsv hosp,0,2026-10-10,55,quantile,0.9,6.0
2026-10-10,wk inc rsv hosp,1,2026-10-17,55,quantile,0.9,8.0
2026-10-10,wk inc rsv hosp,2,2026-10-24,55,quantile,0.9,9.0
2026-10-10,wk inc rsv hosp,3,2026-10-31,55,quantile,0.9,10.0
2026-10-10,wk inc rsv hosp,0,2026-10-10,55,quantile,0.95,7.0
2026-10-10,wk inc rsv hosp,1,2026-10-17,55,quantile,0.95,9.0
2026-10-10,wk inc rsv hosp,2,2026-10-24,55,quantile,0.95,11.0
2026-10-10,wk inc rsv hosp,3,2026-10-31,55,quantile,0.95,13.0
2026-10-10,wk inc rsv hosp,0,2026-10-10,55,quantile,0.975,8.0
2026-10-10,wk inc rsv hosp,1,2026-10-17,55,quantile,0.975,10.0
2026-10-10,wk inc rsv hosp,2,2026-10-24,55,quantile,0.975,12.0
2026-10-10,wk inc rsv hosp,3,2026-10-31,55,quantile,0.975,14.0
2026-10-10,wk inc rsv hosp,0,2026-10-10,55,quantile,0.99,9.0
2026-10-10,wk inc rsv hosp,1,2026-10-17,55,quantile,0.99,12.0
2026-10-10,wk inc rsv hosp,2,2026-10-24,55,quantile,0.99,14.0
2026-10-10,wk inc rsv hosp,3,2026-10-31,55,quantile,0.99,19.0
2026-10-10,wk inc rsv hosp,0,2026-10-10,56,quantile,0.01,0.0
2026-10-10,wk inc rsv hosp,1,2026-10-17,56,quantile,0.01,0.0
2026-10-10,wk inc rsv hosp,2,2026-10-24,56,quantile,0.01,0.0
2026-10-10,wk inc rsv hosp,3,2026-10-31,56,quantile,0.01,0.0
2026-10-10,wk inc rsv hosp,0,2026-10-10,56,quantile,0.025,1.0
2026-10-10,wk inc rsv hosp,1,2026-10-17,56,quantile,0.025,1.0
2026-10-10,wk inc rsv hosp,2,2026-10-24,56,quantile,0.025,0.0
2026-10-10,wk inc rsv hosp,3,2026-10-31,56,quantile,0.025,0.0
2026-10-10,wk inc rsv hosp,0,2026-10-10,56,quantile,0.05,1.0
2026-10-10,wk inc rsv hosp,1,2026-10-17,56,quantile,0.05,1.0
2026-10-10,wk inc rsv hosp,2,2026-10-24,56,quantile,0.05,0.0
2026-10-10,wk inc rsv hosp,3,2026-10-31,56,quantile,0.05,0.0
2026-10-10,wk inc rsv hosp,0,2026-10-10,56,quantile,0.1,1.0
2026-10-10,wk inc rsv hosp,1,2026-10-17,56,quantile,0.1,1.0
2026-10-10,wk inc rsv hosp,2,2026-10-24,56,quantile,0.1,1.0
2026-10-10,wk inc rsv hosp,3,2026-10-31,56,quantile,0.1,0.0
2026-10-10,wk inc rsv hosp,0,2026-10-10,56,quantile,0.15,1.0
2026-10-10,wk inc rsv hosp,1,2026-10-17,56,quantile,0.15,1.0
2026-10-10,wk inc rsv hosp,2,2026-10-24,56,quantile,0.15,1.0
2026-10-10,wk inc rsv hosp,3,2026-10-31,56,quantile,0.15,1.0
2026-10-10,wk inc rsv hosp,0,2026-10-10,56,quantile,0.2,1.0
2026-10-10,wk inc rsv hosp,1,2026-10-17,56,quantile,0.2,1.0
2026-10-10,wk inc rsv hosp,2,2026-10-24,56,quantile,0.2,1.0
2026-10-10,wk inc rsv hosp,3,2026-10-31,56,quantile,0.2,1.0
2026-10-10,wk inc rsv hosp,0,2026-10-10,56,quantile,0.25,1.0
2026-10-10,wk inc rsv hosp,1,2026-10-17,56,quantile,0.25,1.0
2026-10-10,wk inc rsv hosp,2,2026-10-24,56,quantile,0.25,1.0
2026-10-10,wk inc rsv hosp,3,2026-10-31,56,quantile,0.25,1.0
2026-10-10,wk inc rsv hosp,0,2026-10-10,56,quantile,0.3,1.0
2026-10-10,wk inc rsv hosp,1,2026-10-17,56,quantile,0.3,1.0
2026-10-10,wk inc rsv hosp,2,2026-10-24,56,quantile,0.3,1.0
2026-10-10,wk inc rsv hosp,3,2026-10-31,56,quantile,0.3,1.0
2026-10-10,wk inc rsv hosp,0,2026-10-10,56,quantile,0.35,2.0
2026-10-10,wk inc rsv hosp,1,2026-10-17,56,quantile,0.35,2.0
2026-10-10,wk inc rsv hosp,2,2026-10-24,56,quantile,0.35,1.0
2026-10-10,wk inc rsv hosp,3,2026-10-31,56,quantile,0.35,1.0
2026-10-10,wk inc rsv hosp,0,2026-10-10,56,quantile,0.4,2.0
2026-10-10,wk inc rsv hosp,1,2026-10-17,56,quantile,0.4,2.0
2026-10-10,wk inc rsv hosp,2,2026-10-24,56,quantile,0.4,2.0
2026-10-10,wk inc rsv hosp,3,2026-10-31,56,quantile,0.4,2.0
2026-10-10,wk inc rsv hosp,0,2026-10-10,56,quantile,0.45,2.0
2026-10-10,wk inc rsv hosp,1,2026-10-17,56,quantile,0.45,2.0
2026-10-10,wk inc rsv hosp,2,2026-10-24,56,quantile,0.45,2.0
2026-10-10,wk inc rsv hosp,3,2026-10-31,56,quantile,0.45,2.0
2026-10-10,wk inc rsv hosp,0,2026-10-10,56,quantile,0.5,2.0
2026-10-10,wk inc rsv hosp,1,2026-10-17,56,quantile,0.5,2.0
2026-10-10,wk inc rsv hosp,2,2026-10-24,56,quantile,0.5,2.0
2026-10-10,wk inc rsv hosp,3,2026-10-31,56,quantile,0.5,2.0
2026-10-10,wk inc rsv hosp,0,2026-10-10,56,quantile,0.55,2.0
2026-10-10,wk inc rsv hosp,1,2026-10-17,56,quantile,0.55,2.0
2026-10-10,wk inc rsv hosp,2,2026-10-24,56,quantile,0.55,2.0
2026-10-10,wk inc rsv hosp,3,2026-10-31,56,quantile,0.55,2.0
2026-10-10,wk inc rsv hosp,0,2026-10-10,56,quantile,0.6,2.0
2026-10-10,wk inc rsv hosp,1,2026-10-17,56,quantile,0.6,2.0
2026-10-10,wk inc rsv hosp,2,2026-10-24,56,quantile,0.6,2.0
2026-10-10,wk inc rsv hosp,3,2026-10-31,56,quantile,0.6,2.0
2026-10-10,wk inc rsv hosp,0,2026-10-10,56,quantile,0.65,2.0
2026-10-10,wk inc rsv hosp,1,2026-10-17,56,quantile,0.65,2.0
2026-10-10,wk inc rsv hosp,2,2026-10-24,56,quantile,0.65,2.0
2026-10-10,wk inc rsv hosp,3,2026-10-31,56,quantile,0.65,3.0
2026-10-10,wk inc rsv hosp,0,2026-10-10,56,quantile,0.7,2.0
2026-10-10,wk inc rsv hosp,1,2026-10-17,56,quantile,0.7,2.0
2026-10-10,wk inc rsv hosp,2,2026-10-24,56,quantile,0.7,3.0
2026-10-10,wk inc rsv hosp,3,2026-10-31,56,quantile,0.7,3.0
2026-10-10,wk inc rsv hosp,0,2026-10-10,56,quantile,0.75,2.0
2026-10-10,wk inc rsv hosp,1,2026-10-17,56,quantile,0.75,3.0
2026-10-10,wk inc rsv hosp,2,2026-10-24,56,quantile,0.75,3.0
2026-10-10,wk inc rsv hosp,3,2026-10-31,56,quantile,0.75,3.0
2026-10-10,wk inc rsv hosp,0,2026-10-10,56,quantile,0.8,3.0
2026-10-10,wk inc rsv hosp,1,2026-10-17,56,quantile,0.8,3.0
2026-10-10,wk inc rsv hosp,2,2026-10-24,56,quantile,0.8,3.0
2026-10-10,wk inc rsv hosp,3,2026-10-31,56,quantile,0.8,3.0
2026-10-10,wk inc rsv hosp,0,2026-10-10,56,quantile,0.85,3.0
2026-10-10,wk inc rsv hosp,1,2026-10-17,56,quantile,0.85,3.0
2026-10-10,wk inc rsv hosp,2,2026-10-24,56,quantile,0.85,4.0
2026-10-10,wk inc rsv hosp,3,2026-10-31,56,quantile,0.85,4.0
2026-10-10,wk inc rsv hosp,0,2026-10-10,56,quantile,0.9,3.0
2026-10-10,wk inc rsv hosp,1,2026-10-17,56,quantile,0.9,3.0
2026-10-10,wk inc rsv hosp,2,2026-10-24,56,quantile,0.9,4.0
2026-10-10,wk inc rsv hosp,3,2026-10-31,56,quantile,0.9,5.0
2026-10-10,wk inc rsv hosp,0,2026-10-10,56,quantile,0.95,4.0
2026-10-10,wk inc rsv hosp,1,2026-10-17,56,quantile,0.95,4.0
2026-10-10,wk inc rsv hosp,2,2026-10-24,56,quantile,0.95,5.0
2026-10-10,wk inc rsv hosp,3,2026-10-31,56,quantile,0.95,6.0
2026-10-10,wk inc rsv hosp,0,2026-10-10,56,quantile,0.975,4.0
2026-10-10,wk inc rsv hosp,1,2026-10-17,56,quantile,0.975,4.0
2026-10-10,wk inc rsv hosp,2,2026-10-24,56,quantile,0.975,6.0
2026-10-10,wk inc rsv hosp,3,2026-10-31,56,quantile,0.975,7.0
2026-10-10,wk inc rsv hosp,0,2026-10-10,56,quantile,0.99,4.0
2026-10-10,wk inc rsv hosp,1,2026-10-17,56,quantile,0.99,5.0
2026-10-10,wk inc rsv hosp,2,2026-10-24,56,quantile,0.99,7.0
2026-10-10,wk inc rsv hosp,3,2026-10-31,56,quantile,0.99,9.0
2026-10-10,wk inc rsv hosp,0,2026-10-10,72,quantile,0.01,1.0
2026-10-10,wk inc rsv hosp,1,2026-10-17,72,quantile,0.01,1.0
2026-10-10,wk inc rsv hosp,2,2026-10-24,72,quantile,0.01,0.0
2026-10-10,wk inc rsv hosp,3,2026-10-31,72,quantile,0.01,0.0
2026-10-10,wk inc rsv hosp,0,2026-10-10,72,quantile,0.025,1.0
2026-10-10,wk inc rsv hosp,1,2026-10-17,72,quantile,0.025,1.0
2026-10-10,wk inc rsv hosp,2,2026-10-24,72,quantile,0.025,1.0
2026-10-10,wk inc rsv hosp,3,2026-10-31,72,quantile,0.025,0.0
2026-10-10,wk inc rsv hosp,0,2026-10-10,72,quantile,0.05,2.0
2026-10-10,wk inc rsv hosp,1,2026-10-17,72,quantile,0.05,2.0
2026-10-10,wk inc rsv hosp,2,2026-10-24,72,quantile,0.05,1.0
2026-10-10,wk inc rsv hosp,3,2026-10-31,72,quantile,0.05,1.0
2026-10-10,wk inc rsv hosp,0,2026-10-10,72,quantile,0.1,4.0
2026-10-10,wk inc rsv hosp,1,2026-10-17,72,quantile,0.1,2.0
2026-10-10,wk inc rsv hosp,2,2026-10-24,72,quantile,0.1,2.0
2026-10-10,wk inc rsv hosp,3,2026-10-31,72,quantile,0.1,1.0
2026-10-10,wk inc rsv hosp,0,2026-10-10,72,quantile,0.15,5.0
2026-10-10,wk inc rsv hosp,1,2026-10-17,72,quantile,0.15,4.0
2026-10-10,wk inc rsv hosp,2,2026-10-24,72,quantile,0.15,2.0
2026-10-10,wk inc rsv hosp,3,2026-10-31,72,quantile,0.15,2.0
2026-10-10,wk inc rsv hosp,0,2026-10-10,72,quantile,0.2,5.0
2026-10-10,wk inc rsv hosp,1,2026-10-17,72,quantile,0.2,5.0
2026-10-10,wk inc rsv hosp,2,2026-10-24,72,quantile,0.2,4.0
2026-10-10,wk inc rsv hosp,3,2026-10-31,72,quantile,0.2,4.0
2026-10-10,wk inc rsv hosp,0,2026-10-10,72,quantile,0.25,5.0
2026-10-10,wk inc rsv hosp,1,2026-10-17,72,quantile,0.25,5.0
2026-10-10,wk inc rsv hosp,2,2026-10-24,72,quantile,0.25,5.0
2026-10-10,wk inc rsv hosp,3,2026-10-31,72,quantile,0.25,4.0
2026-10-10,wk inc rsv hosp,0,2026-10-10,72,quantile,0.3,6.0
2026-10-10,wk inc rsv hosp,1,2026-10-17,72,quantile,0.3,6.0
2026-10-10,wk inc rsv hosp,2,2026-10-24,72,quantile,0.3,5.0
2026-10-10,wk inc rsv hosp,3,2026-10-31,72,quantile,0.3,5.0
2026-10-10,wk inc rsv hosp,0,2026-10-10,72,quantile,0.35,6.0
2026-10-10,wk inc rsv hosp,1,2026-10-17,72,quantile,0.35,6.0
2026-10-10,wk inc rsv hosp,2,2026-10-24,72,quantile,0.35,6.0
2026-10-10,wk inc rsv hosp,3,2026-10-31,72,quantile,0.35,6.0
2026-10-10,wk inc rsv hosp,0,2026-10-10,72,quantile,0.4,7.0
2026-10-10,wk inc rsv hosp,1,2026-10-17,72,quantile,0.4,7.0
2026-10-10,wk inc rsv hosp,2,2026-10-24,72,quantile,0.4,6.0
2026-10-10,wk inc rsv hosp,3,2026-10-31,72,quantile,0.4,6.0
2026-10-10,wk inc rsv hosp,0,2026-10-10,72,quantile,0.45,7.0
2026-10-10,wk inc rsv hosp,1,2026-10-17,72,quantile,0.45,7.0
2026-10-10,wk inc rsv hosp,2,2026-10-24,72,quantile,0.45,7.0
2026-10-10,wk inc rsv hosp,3,2026-10-31,72,quantile,0.45,7.0
2026-10-10,wk inc rsv hosp,0,2026-10-10,72,quantile,0.5,7.0
2026-10-10,wk inc rsv hosp,1,2026-10-17,72,quantile,0.5,8.0
2026-10-10,wk inc rsv hosp,2,2026-10-24,72,quantile,0.5,8.0
2026-10-10,wk inc rsv hosp,3,2026-10-31,72,quantile,0.5,8.0
2026-10-10,wk inc rsv hosp,0,2026-10-10,72,quantile,0.55,8.0
2026-10-10,wk inc rsv hosp,1,2026-10-17,72,quantile,0.55,8.0
2026-10-10,wk inc rsv hosp,2,2026-10-24,72,quantile,0.55,10.0
2026-10-10,wk inc rsv hosp,3,2026-10-31,72,quantile,0.55,10.0
2026-10-10,wk inc rsv hosp,0,2026-10-10,72,quantile,0.6,8.0
2026-10-10,wk inc rsv hosp,1,2026-10-17,72,quantile,0.6,10.0
2026-10-10,wk inc rsv hosp,2,2026-10-24,72,quantile,0.6,11.0
2026-10-10,wk inc rsv hosp,3,2026-10-31,72,quantile,0.6,10.0
2026-10-10,wk inc rsv hosp,0,2026-10-10,72,quantile,0.65,10.0
2026-10-10,wk inc rsv hosp,1,2026-10-17,72,quantile,0.65,10.0
2026-10-10,wk inc rsv hosp,2,2026-10-24,72,quantile,0.65,11.0
2026-10-10,wk inc rsv hosp,3,2026-10-31,72,quantile,0.65,11.0
2026-10-10,wk inc rsv hosp,0,2026-10-10,72,quantile,0.7,11.0
2026-10-10,wk inc rsv hosp,1,2026-10-17,72,quantile,0.7,11.0
2026-10-10,wk inc rsv hosp,2,2026-10-24,72,quantile,0.7,12.0
2026-10-10,wk inc rsv hosp,3,2026-10-31,72,quantile,0.7,12.0
2026-10-10,wk inc rsv hosp,0,2026-10-10,72,quantile,0.75,11.0
2026-10-10,wk inc rsv hosp,1,2026-10-17,72,quantile,0.75,12.0
2026-10-10,wk inc rsv hosp,2,2026-10-24,72,quantile,0.75,13.0
2026-10-10,wk inc rsv hosp,3,2026-10-31,72,quantile,0.75,13.0
2026-10-10,wk inc rsv hosp,0,2026-10-10,72,quantile,0.8,12.0
2026-10-10,wk inc rsv hosp,1,2026-10-17,72,quantile,0.8,13.0
2026-10-10,wk inc rsv hosp,2,2026-10-24,72,quantile,0.8,15.0
2026-10-10,wk inc rsv hosp,3,2026-10-31,72,quantile,0.8,16.0
2026-10-10,wk inc rsv hosp,0,2026-10-10,72,quantile,0.85,13.0
2026-10-10,wk inc rsv hosp,1,2026-10-17,72,quantile,0.85,15.0
2026-10-10,wk inc rsv hosp,2,2026-10-24,72,quantile,0.85,17.0
2026-10-10,wk inc rsv hosp,3,2026-10-31,72,quantile,0.85,18.0
2026-10-10,wk inc rsv hosp,0,2026-10-10,72,quantile,0.9,15.0
2026-10-10,wk inc rsv hosp,1,2026-10-17,72,quantile,0.9,17.0
2026-10-10,wk inc rsv hosp,2,2026-10-24,72,quantile,0.9,19.0
2026-10-10,wk inc rsv hosp,3,2026-10-31,72,quantile,0.9,21.0
2026-10-10,wk inc rsv hosp,0,2026-10-10,72,quantile,0.95,17.0
2026-10-10,wk inc rsv hosp,1,2026-10-17,72,quantile,0.95,19.0
2026-10-10,wk inc rsv hosp,2,2026-10-24,72,quantile,0.95,23.0
2026-10-10,wk inc rsv hosp,3,2026-10-31,72,quantile,0.95,28.0
2026-10-10,wk inc rsv hosp,0,2026-10-10,72,quantile,0.975,18.0
2026-10-10,wk inc rsv hosp,1,2026-10-17,72,quantile,0.975,23.0
2026-10-10,wk inc rsv hosp,2,2026-10-24,72,quantile,0.975,27.0
2026-10-10,wk inc rsv hosp,3,2026-10-31,72,quantile,0.975,33.0
2026-10-10,wk inc rsv hosp,0,2026-10-10,72,quantile,0.99,22.0
2026-10-10,wk inc rsv hosp,1,2026-10-17,72,quantile,0.99,24.0
2026-10-10,wk inc rsv hosp,2,2026-10-24,72,quantile,0.99,34.0
2026-10-10,wk inc rsv hosp,3,2026-10-31,72,quantile,0.99,44.0
2026-10-10,wk inc rsv hosp,0,2026-10-10,US,quantile,0.01,261.0
2026-10-10,wk inc rsv hosp,1,2026-10-17,US,quantile,0.01,226.0
2026-10-10,wk inc rsv hosp,2,2026-10-24,US,quantile,0.01,196.0
2026-10-10,wk inc rsv hosp,3,2026-10-31,US,quantile,0.01,173.0
2026-10-10,wk inc rsv hosp,0,2026-10-10,US,quantile,0.025,283.0
2026-10-10,wk inc rsv hosp,1,2026-10-17,US,quantile,0.025,262.0
2026-10-10,wk inc rsv hosp,2,2026-10-24,US,quantile,0.025,227.0
2026-10-10,wk inc rsv hosp,3,2026-10-31,US,quantile,0.025,200.0
2026-10-10,wk inc rsv hosp,0,2026-10-10,US,quantile,0.05,325.0
2026-10-10,wk inc rsv hosp,1,2026-10-17,US,quantile,0.05,301.0
2026-10-10,wk inc rsv hosp,2,2026-10-24,US,quantile,0.05,269.0
2026-10-10,wk inc rsv hosp,3,2026-10-31,US,quantile,0.05,245.0
2026-10-10,wk inc rsv hosp,0,2026-10-10,US,quantile,0.1,370.0
2026-10-10,wk inc rsv hosp,1,2026-10-17,US,quantile,0.1,350.0
2026-10-10,wk inc rsv hosp,2,2026-10-24,US,quantile,0.1,329.0
2026-10-10,wk inc rsv hosp,3,2026-10-31,US,quantile,0.1,302.0
2026-10-10,wk inc rsv hosp,0,2026-10-10,US,quantile,0.15,412.0
2026-10-10,wk inc rsv hosp,1,2026-10-17,US,quantile,0.15,393.0
2026-10-10,wk inc rsv hosp,2,2026-10-24,US,quantile,0.15,370.0
2026-10-10,wk inc rsv hosp,3,2026-10-31,US,quantile,0.15,364.0
2026-10-10,wk inc rsv hosp,0,2026-10-10,US,quantile,0.2,435.0
2026-10-10,wk inc rsv hosp,1,2026-10-17,US,quantile,0.2,435.0
2026-10-10,wk inc rsv hosp,2,2026-10-24,US,quantile,0.2,417.0
2026-10-10,wk inc rsv hosp,3,2026-10-31,US,quantile,0.2,411.0
2026-10-10,wk inc rsv hosp,0,2026-10-10,US,quantile,0.25,457.0
2026-10-10,wk inc rsv hosp,1,2026-10-17,US,quantile,0.25,465.0
2026-10-10,wk inc rsv hosp,2,2026-10-24,US,quantile,0.25,462.0
2026-10-10,wk inc rsv hosp,3,2026-10-31,US,quantile,0.25,456.0
2026-10-10,wk inc rsv hosp,0,2026-10-10,US,quantile,0.3,487.0
2026-10-10,wk inc rsv hosp,1,2026-10-17,US,quantile,0.3,498.0
2026-10-10,wk inc rsv hosp,2,2026-10-24,US,quantile,0.3,493.0
2026-10-10,wk inc rsv hosp,3,2026-10-31,US,quantile,0.3,505.0
2026-10-10,wk inc rsv hosp,0,2026-10-10,US,quantile,0.35,509.0
2026-10-10,wk inc rsv hosp,1,2026-10-17,US,quantile,0.35,526.0
2026-10-10,wk inc rsv hosp,2,2026-10-24,US,quantile,0.35,533.0
2026-10-10,wk inc rsv hosp,3,2026-10-31,US,quantile,0.35,555.0
2026-10-10,wk inc rsv hosp,0,2026-10-10,US,quantile,0.4,539.0
2026-10-10,wk inc rsv hosp,1,2026-10-17,US,quantile,0.4,560.0
2026-10-10,wk inc rsv hosp,2,2026-10-24,US,quantile,0.4,572.0
2026-10-10,wk inc rsv hosp,3,2026-10-31,US,quantile,0.4,600.0
2026-10-10,wk inc rsv hosp,0,2026-10-10,US,quantile,0.45,561.0
2026-10-10,wk inc rsv hosp,1,2026-10-17,US,quantile,0.45,587.0
2026-10-10,wk inc rsv hosp,2,2026-10-24,US,quantile,0.45,611.0
2026-10-10,wk inc rsv hosp,3,2026-10-31,US,quantile,0.45,653.0
2026-10-10,wk inc rsv hosp,0,2026-10-10,US,quantile,0.5,580.0
2026-10-10,wk inc rsv hosp,1,2026-10-17,US,quantile,0.5,625.0
2026-10-10,wk inc rsv hosp,2,2026-10-24,US,quantile,0.5,662.0
2026-10-10,wk inc rsv hosp,3,2026-10-31,US,quantile,0.5,709.0
2026-10-10,wk inc rsv hosp,0,2026-10-10,US,quantile,0.55,613.0
2026-10-10,wk inc rsv hosp,1,2026-10-17,US,quantile,0.55,654.0
2026-10-10,wk inc rsv hosp,2,2026-10-24,US,quantile,0.55,706.0
2026-10-10,wk inc rsv hosp,3,2026-10-31,US,quantile,0.55,765.0
2026-10-10,wk inc rsv hosp,0,2026-10-10,US,quantile,0.6,630.0
2026-10-10,wk inc rsv hosp,1,2026-10-17,US,quantile,0.6,691.0
2026-10-10,wk inc rsv hosp,2,2026-10-24,US,quantile,0.6,759.0
2026-10-10,wk inc rsv hosp,3,2026-10-31,US,quantile,0.6,819.0
2026-10-10,wk inc rsv hosp,0,2026-10-10,US,quantile,0.65,663.0
2026-10-10,wk inc rsv hosp,1,2026-10-17,US,quantile,0.65,723.0
2026-10-10,wk inc rsv hosp,2,2026-10-24,US,quantile,0.65,801.0
2026-10-10,wk inc rsv hosp,3,2026-10-31,US,quantile,0.65,886.0
2026-10-10,wk inc rsv hosp,0,2026-10-10,US,quantile,0.7,697.0
2026-10-10,wk inc rsv hosp,1,2026-10-17,US,quantile,0.7,767.0
2026-10-10,wk inc rsv hosp,2,2026-10-24,US,quantile,0.7,861.0
2026-10-10,wk inc rsv hosp,3,2026-10-31,US,quantile,0.7,961.0
2026-10-10,wk inc rsv hosp,0,2026-10-10,US,quantile,0.75,726.0
2026-10-10,wk inc rsv hosp,1,2026-10-17,US,quantile,0.75,814.0
2026-10-10,wk inc rsv hosp,2,2026-10-24,US,quantile,0.75,930.0
2026-10-10,wk inc rsv hosp,3,2026-10-31,US,quantile,0.75,1050.0
2026-10-10,wk inc rsv hosp,0,2026-10-10,US,quantile,0.8,766.0
2026-10-10,wk inc rsv hosp,1,2026-10-17,US,quantile,0.8,870.0
2026-10-10,wk inc rsv hosp,2,2026-10-24,US,quantile,0.8,1010.0
2026-10-10,wk inc rsv hosp,3,2026-10-31,US,quantile,0.8,1169.0
2026-10-10,wk inc rsv hosp,0,2026-10-10,US,quantile,0.85,813.0
2026-10-10,wk inc rsv hosp,1,2026-10-17,US,quantile,0.85,940.0
2026-10-10,wk inc rsv hosp,2,2026-10-24,US,quantile,0.85,1109.0
2026-10-10,wk inc rsv hosp,3,2026-10-31,US,quantile,0.85,1312.0
2026-10-10,wk inc rsv hosp,0,2026-10-10,US,quantile,0.9,873.0
2026-10-10,wk inc rsv hosp,1,2026-10-17,US,quantile,0.9,1038.0
2026-10-10,wk inc rsv hosp,2,2026-10-24,US,quantile,0.9,1247.0
2026-10-10,wk inc rsv hosp,3,2026-10-31,US,quantile,0.9,1515.0
2026-10-10,wk inc rsv hosp,0,2026-10-10,US,quantile,0.95,970.0
2026-10-10,wk inc rsv hosp,1,2026-10-17,US,quantile,0.95,1182.0
2026-10-10,wk inc rsv hosp,2,2026-10-24,US,quantile,0.95,1479.0
2026-10-10,wk inc rsv hosp,3,2026-10-31,US,quantile,0.95,1859.0
2026-10-10,wk inc rsv hosp,0,2026-10-10,US,quantile,0.975,1050.0
2026-10-10,wk inc rsv hosp,1,2026-10-17,US,quantile,0.975,1325.0
2026-10-10,wk inc rsv hosp,2,2026-10-24,US,quantile,0.975,1692.0
2026-10-10,wk inc rsv hosp,3,2026-10-31,US,quantile,0.975,2212.0
2026-10-10,wk inc rsv hosp,0,2026-10-10,US,quantile,0.99,1162.0
2026-10-10,wk inc rsv hosp,1,2026-10-17,US,quantile,0.99,1469.0
2026-10-10,wk inc rsv hosp,2,2026-10-24,US,quantile,0.99,1978.0
2026-10-10,wk inc rsv hosp,3,2026-10-31,US,quantile,0.99,2680.0
