reference_date,target,horizon,target_end_date,location,output_type,output_type_id,value
2026-10-03,wk inc rsv hosp,0,2026-10-03,01,quantile,0.01,9.0
2026-10-03,wk inc rsv hosp,1,2026-10-10,01,quantile,0.01,7.0
2026-10-03,wk inc rsv hosp,2,2026-10-17,01,quantile,0.01,6.0
2026-10-03,wk inc rsv hosp,3,2026-10-24,01,quantile,0.01,5.0
2026-10-03,wk inc rsv hosp,0,2026-10-03,01,quantile,0.025,10.0
2026-10-03,wk inc rsv hosp,1,2026-10-10,01,quantile,0.025,8.0
2026-10-03,wk inc rsv hosp,2,2026-10-17,01,quantile,0.025,7.0
2026-10-03,wk inc rsv hosp,3,2026-10-24,01,quantile,0.025,6.0
2026-10-03,wk inc rsv hosp,0,2026-10-03,01,quantile,0.05,10.0
2026-10-03,wk inc rsv hosp,1,2026-10-10,01,quantile,0.05,9.0
2026-10-03,wk inc rsv hosp,2,2026-10-17,01,quantile,0.05,8.0
2026-10-03,wk inc rsv hosp,3,2026-10-24,01,quantile,0.05,7.0
2026-10-03,wk inc rsv hosp,0,2026-10-03,01,quantile,0.1,11.0
2026-10-03,wk inc rsv hosp,1,2026-10-10,01,quantile,0.1,10.0
2026-10-03,wk inc rsv hosp,2,2026-10-17,01,quantile,0.1,9.0
2026-10-03,wk inc rsv hosp,3,2026-10-24,01,quantile,0.1,8.0
2026-10-03,wk inc rsv hosp,0,2026-10-03,01,quantile,0.15,12.0
2026-10-03,wk inc rsv hosp,1,2026-10-10,01,quantile,0.15,11.0
2026-10-03,wk inc rsv hosp,2,2026-10-17,01,quantile,0.15,11.0
2026-10-03,wk inc rsv hosp,3,2026-10-24,01,quantile,0.15,10.0
2026-10-03,wk inc rsv hosp,0,2026-10-03,01,quantile,0.2,13.0
2026-10-03,wk inc rsv hosp,1,2026-10-10,01,quantile,0.2,12.0
2026-10-03,wk inc rsv hosp,2,2026-10-17,01,quantile,0.2,12.0
2026-10-03,wk inc rsv hosp,3,2026-10-24,01,quantile,0.2,11.0
2026-10-03,wk inc rsv hosp,0,2026-10-03,01,quantile,0.25,13.0
2026-10-03,wk inc rsv hosp,1,2026-10-10,01,quantile,0.25,13.0
2026-10-03,wk inc rsv hosp,2,2026-10-17,01,quantile,0.25,13.0
2026-10-03,wk inc rsv hosp,3,2026-10-24,01,quantile,0.25,12.0
2026-10-03,wk inc rsv hosp,0,2026-10-03,01,quantile,0.3,14.0
2026-10-03,wk inc rsv hosp,1,2026-10-10,01,quantile,0.3,14.0
2026-10-03,wk inc rsv hosp,2,2026-10-17,01,quantile,0.3,14.0
2026-10-03,wk inc rsv hosp,3,2026-10-24,01,quantile,0.3,13.0
2026-10-03,wk inc rsv hosp,0,2026-10-03,01,quantile,0.35,14.0
2026-10-03,wk inc rsv hosp,1,2026-10-10,01,quantile,0.35,14.0
2026-10-03,wk inc rsv hosp,2,2026-10-17,01,quantile,0.35,15.0
2026-10-03,wk inc rsv hosp,3,2026-10-24,01,quantile,0.35,15.0
2026-10-03,wk inc rsv hosp,0,2026-10-03,01,quantile,0.4,15.0
2026-10-03,wk inc rsv hosp,1,2026-10-10,01,quantile,0.4,15.0
2026-10-03,wk inc rsv hosp,2,2026-10-17,01,quantile,0.4,16.0
2026-10-03,wk inc rsv hosp,3,2026-10-24,01,quantile,0.4,16.0
2026-10-03,wk inc rsv hosp,0,2026-10-03,01,quantile,0.45,15.0
2026-10-03,wk inc rsv hosp,1,2026-10-10,01,quantile,0.45,16.0
2026-10-03,wk inc rsv hosp,2,2026-10-17,01,quantile,0.45,17.0
2026-10-03,wk inc rsv hosp,3,2026-10-24,01,quantile,0.45,17.0
2026-10-03,wk inc rsv hosp,0,2026-10-03,01,quantile,0.5,16.0
2026-10-03,wk inc rsv hosp,1,2026-10-10,01,quantile,0.5,17.0
2026-10-03,wk inc rsv hosp,2,2026-10-17,01,quantile,0.5,18.0
2026-10-03,wk inc rsv hosp,3,2026-10-24,01,quantile,0.5,19.0
2026-10-03,wk inc rsv hosp,0,2026-10-03,01,quantile,0.55,16.0
2026-10-03,wk inc rsv hosp,1,2026-10-10,01,quantile,0.55,17.0
2026-10-03,wk inc rsv hosp,2,2026-10-17,01,quantile,0.55,19.0
2026-10-03,wk inc rsv hosp,3,2026-10-24,01,quantile,0.55,20.0
2026-10-03,wk inc rsv hosp,0,2026-10-03,01,quantile,0.6,17.0
2026-10-03,wk inc rsv hosp,1,2026-10-10,01,quantile,0.6,18.0
2026-10-03,wk inc rsv hosp,2,2026-10-17,01,quantile,0.6,20.0
2026-10-03,wk inc rsv hosp,3,2026-10-24,01,quantile,0.6,22.0
2026-10-03,wk inc rsv hosp,0,2026-10-03,01,quantile,0.65,17.0
2026-10-03,wk inc rsv hosp,1,2026-10-10,01,quantile,0.65,19.0
2026-10-03,wk inc rsv hosp,2,2026-10-17,01,quantile,0.65,21.0
2026-10-03,wk inc rsv hosp,3,2026-10-24,01,quantile,0.65,24.0
2026-10-03,wk inc rsv hosp,0,2026-10-03,01,quantile,0.7,18.0
2026-10-03,wk inc rsv hosp,1,2026-10-10,01,quantile,0.7,20.0
2026-10-03,wk inc rsv hosp,2,2026-10-17,01,quantile,0.7,23.0
2026-10-03,wk inc rsv hosp,3,2026-10-24,01,quantile,0.7,26.0
2026-10-03,wk inc rsv hosp,0,2026-10-03,01,quantile,0.75,19.0
2026-10-03,wk inc rsv hosp,1,2026-10-10,01,quantile,0.75,21.0
2026-10-03,wk inc rsv hosp,2,2026-10-17,01,quantile,0.75,25.0
2026-10-03,wk inc rsv hosp,3,2026-10-24,01,quantile,0.75,29.0
2026-10-03,wk inc rsv hosp,0,2026-10-03,01,quantile,0.8,19.0
2026-10-03,wk inc rsv hosp,1,2026-10-10,01,quantile,0.8,23.0
2026-10-03,wk inc rsv hosp,2,2026-10-17,01,quantile,0.8,27.0
2026-10-03,wk inc rsv hosp,3,2026-10-24,01,quantile,0.8,32.0
2026-10-03,wk inc rsv hosp,0,2026-10-03,01,quantile,0.85,20.0
2026-10-03,wk inc rsv hosp,1,2026-10-10,01,quantile,0.85,24.0
2026-10-03,wk inc rsv hosp,2,2026-10-17,01,quantile,0.85,30.0
2026-10-03,wk inc rsv hosp,3,2026-10-24,01,quantile,0.85,36.0
2026-10-03,wk inc rsv hosp,0,2026-10-03,01,quantile,0.9,22.0
2026-10-03,wk inc rsv hosp,1,2026-10-10,01,quantile,0.9,27.0
2026-10-03,wk inc rsv hosp,2,2026-10-17,01,quantile,0.9,33.0
2026-10-03,wk inc rsv hosp,3,2026-10-24,01,quantile,0.9,42.0
2026-10-03,wk inc rsv hosp,0,2026-10-03,01,quantile,0.95,23.0
2026-10-03,wk inc rsv hosp,1,2026-10-10,01,quantile,0.95,30.0
2026-10-03,wk inc rsv hosp,2,2026-10-17,01,quantile,0.95,39.0
2026-10-03,wk inc rsv hosp,3,2026-10-24,01,quantile,0.95,51.0
2026-10-03,wk inc rsv hosp,0,2026-10-03,01,quantile,0.975,25.0
2026-10-03,wk inc rsv hosp,1,2026-10-10,01,quantile,0.975,33.0
2026-10-03,wk inc rsv hosp,2,2026-10-17,01,quantile,0.975,45.0
2026-10-03,wk inc rsv hosp,3,2026-10-24,01,quantile,0.975,61.0
2026-10-03,wk inc rsv hosp,0,2026-10-03,01,quantile,0.99,26.0
2026-10-03,wk inc rsv hosp,1,2026-10-10,01,quantile,0.99,36.0
2026-10-03,wk inc rsv hosp,2,2026-10-17,01,quantile,0.99,50.0
2026-10-03,wk inc rsv hosp,3,2026-10-24,01,quantile,0.99,71.0
2026-10-03,wk inc rsv hosp,0,2026-10-03,02,quantile,0.01,2.0
2026-10-03,wk inc rsv hosp,1,2026-10-10,02,quantile,0.01,2.0
2026-10-03,wk inc rsv hosp,2,2026-10-17,02,quantile,0.01,1.0
2026-10-03,wk inc rsv hosp,3,2026-10-24,02,quantile,0.01,1.0
2026-10-03,wk inc rsv hosp,0,2026-10-03,02,quantile,0.025,3.0
2026-10-03,wk inc rsv hosp,1,2026-10-10,02,quantile,0.025,2.0
2026-10-03,wk inc rsv hosp,2,2026-10-17,02,quantile,0.025,2.0
2026-10-03,wk inc rsv hosp,3,2026-10-24,02,quantile,0.025,1.0
2026-10-03,wk inc rsv hosp,0,2026-10-03,02,quantile,0.05,3.0
2026-10-03,wk inc rsv hosp,1,2026-10-10,02,quantile,0.05,2.0
2026-10-03,wk inc rsv hosp,2,2026-10-17,02,quantile,0.05,2.0
2026-10-03,wk inc rsv hosp,3,2026-10-24,02,quantile,0.05,2.0
2026-10-03,wk inc rsv hosp,0,2026-10-03,02,quantile,0.1,3.0
2026-10-03,wk inc rsv hosp,1,2026-10-10,02,quantile,0.1,3.0
2026-10-03,wk inc rsv hosp,2,2026-10-17,02,quantile,0.1,2.0
2026-10-03,wk inc rsv hosp,3,2026-10-24,02,quantile,0.1,2.0
2026-10-03,wk inc rsv hosp,0,2026-10-03,02,quantile,0.15,3.0
2026-10-03,wk inc rsv hosp,1,2026-10-10,02,quantile,0.15,3.0
2026-10-03,wk inc rsv hosp,2,2026-10-17,02,quantile,0.15,3.0
2026-10-03,wk inc rsv hosp,3,2026-10-24,02,quantile,0.15,2.0
2026-10-03,wk inc rsv hosp,0,2026-10-03,02,quantile,0.2,4.0
2026-10-03,wk inc rsv hosp,1,2026-10-10,02,quantile,0.2,3.0
2026-10-03,wk inc rsv hosp,2,2026-10-17,02,quantile,0.2,3.0
2026-10-03,wk inc rsv hosp,3,2026-10-24,02,quantile,0.2,3.0
2026-10-03,wk inc rsv hosp,0,2026-10-03,02,quantile,0.25,4.0
2026-10-03,wk inc rsv hosp,1,2026-10-10,02,quantile,0.25,4.0
2026-10-03,wk inc rsv hosp,2,2026-10-17,02,quantile,0.25,3.0
2026-10-03,wk inc rsv hosp,3,2026-10-24,02,quantile,0.25,3.0
2026-10-03,wk inc rsv hosp,0,2026-10-03,02,quantile,0.3,4.0
2026-10-03,wk inc rsv hosp,1,2026-10-10,02,quantile,0.3,4.0
2026-10-03,wk inc rsv hosp,2,2026-10-17,02,quantile,0.3,4.0
2026-10-03,wk inc rsv hosp,3,2026-10-24,02,quantile,0.3,4.0
2026-10-03,wk inc rsv hosp,0,2026-10-03,02,quantile,0.35,4.0
2026-10-03,wk inc rsv hosp,1,2026-10-10,02,quantile,0.35,4.0
2026-10-03,wk inc rsv hosp,2,2026-10-17,02,quantile,0.35,4.0
2026-10-03,wk inc rsv hosp,3,2026-10-24,02,quantile,0.35,4.0
2026-10-03,wk inc rsv hosp,0,2026-10-03,02,quantile,0.4,5.0
2026-10-03,wk inc rsv hosp,1,2026-10-10,02,quantile,0.4,5.0
2026-10-03,wk inc rsv hosp,2,2026-10-17,02,quantile,0.4,4.0
2026-10-03,wk inc rsv hosp,3,2026-10-24,02,quantile,0.4,4.0
2026-10-03,wk inc rsv hosp,0,2026-10-03,02,quantile,0.45,5.0
2026-10-03,wk inc rsv hosp,1,2026-10-10,02,quantile,0.45,5.0
2026-10-03,wk inc rsv hosp,2,2026-10-17,02,quantile,0.45,5.0
2026-10-03,wk inc rsv hosp,3,2026-10-24,02,quantile,0.45,5.0
2026-10-03,wk inc rsv hosp,0,2026-10-03,02,quantile,0.5,5.0
2026-10-03,wk inc rsv hosp,1,2026-10-10,02,quantile,0.5,5.0
2026-10-03,wk inc rsv hosp,2,2026-10-17,02,quantile,0.5,5.0
2026-10-03,wk inc rsv hosp,3,2026-10-24,02,quantile,0.5,5.0
2026-10-03,wk inc rsv hosp,0,2026-10-03,02,quantile,0.55,5.0
2026-10-03,wk inc rsv hosp,1,2026-10-10,02,quantile,0.55,5.0
2026-10-03,wk inc rsv hosp,2,2026-10-17,02,quantile,0.55,6.0
2026-10-03,wk inc rsv hosp,3,2026-10-24,02,quantile,0.55,6.0
2026-10-03,wk inc rsv hosp,0,2026-10-03,02,quantile,0.6,5.0
2026-10-03,wk inc rsv hosp,1,2026-10-10,02,quantile,0.6,6.0
2026-10-03,wk inc rsv hosp,2,2026-10-17,02,quantile,0.6,6.0
2026-10-03,wk inc rsv hosp,3,2026-10-24,02,quantile,0.6,7.0
2026-10-03,wk inc rsv hosp,0,2026-10-03,02,quantile,0.65,6.0
2026-10-03,wk inc rsv hosp,1,2026-10-10,02,quantile,0.65,6.0
2026-10-03,wk inc rsv hosp,2,2026-10-17,02,quantile,0.65,7.0
2026-10-03,wk inc rsv hosp,3,2026-10-24,02,quantile,0.65,7.0
2026-10-03,wk inc rsv hosp,0,2026-10-03,02,quantile,0.7,6.0
2026-10-03,wk inc rsv hosp,1,2026-10-10,02,quantile,0.7,7.0
2026-10-03,wk inc rsv hosp,2,2026-10-17,02,quantile,0.7,7.0
2026-10-03,wk inc rsv hosp,3,2026-10-24,02,quantile,0.7,8.0
2026-10-03,wk inc rsv hosp,0,2026-10-03,02,quantile,0.75,6.0
2026-10-03,wk inc rsv hosp,1,2026-10-10,02,quantile,0.75,7.0
2026-10-03,wk inc rsv hosp,2,2026-10-17,02,quantile,0.75,8.0
2026-10-03,wk inc rsv hosp,3,2026-10-24,02,quantile,0.75,9.0
2026-10-03,wk inc rsv hosp,0,2026-10-03,02,quantile,0.8,7.0
2026-10-03,wk inc rsv hosp,1,2026-10-10,02,quantile,0.8,8.0
2026-10-03,wk inc rsv hosp,2,2026-10-17,02,quantile,0.8,9.0
2026-10-03,wk inc rsv hosp,3,2026-10-24,02,quantile,0.8,10.0
2026-10-03,wk inc rsv hosp,0,2026-10-03,02,quantile,0.85,7.0
2026-10-03,wk inc rsv hosp,1,2026-10-10,02,quantile,0.85,8.0
2026-10-03,wk inc rsv hosp,2,2026-10-17,02,quantile,0.85,10.0
2026-10-03,wk inc rsv hosp,3,2026-10-24,02,quantile,0.85,12.0
2026-10-03,wk inc rsv hosp,0,2026-10-03,02,quantile,0.9,7.0
2026-10-03,wk inc rsv hosp,1,2026-10-10,02,quantile,0.9,9.0
2026-10-03,wk inc rsv hosp,2,2026-10-17,02,quantile,0.9,12.0
2026-10-03,wk inc rsv hosp,3,2026-10-24,02,quantile,0.9,15.0
2026-10-03,wk inc rsv hosp,0,2026-10-03,02,quantile,0.95,8.0
2026-10-03,wk inc rsv hosp,1,2026-10-10,02,quantile,0.95,11.0
2026-10-03,wk inc rsv hosp,2,2026-10-17,02,quantile,0.95,14.0
2026-10-03,wk inc rsv hosp,3,2026-10-24,02,quantile,0.95,19.0
2026-10-03,wk inc rsv hosp,0,2026-10-03,02,quantile,0.975,9.0
2026-10-03,wk inc rsv hosp,1,2026-10-10,02,quantile,0.975,12.0
2026-10-03,wk inc rsv hosp,2,2026-10-17,02,quantile,0.975,17.0
2026-10-03,wk inc rsv hosp,3,2026-10-24,02,quantile,0.975,24.0
2026-10-03,wk inc rsv hosp,0,2026-10-03,02,quantile,0.99,10.0
2026-10-03,wk inc rsv hosp,1,2026-10-10,02,quantile,0.99,14.0
2026-10-03,wk inc rsv hosp,2,2026-10-17,02,quantile,0.99,20.0
2026-10-03,wk inc rsv hosp,3,2026-10-24,02,quantile,0.99,29.0
2026-10-03,wk inc rsv hosp,0,2026-10-03,04,quantile,0.01,0.0
2026-10-03,wk inc rsv hosp,1,2026-10-10,04,quantile,0.01,0.0
2026-10-03,wk inc rsv hosp,2,2026-10-17,04,quantile,0.01,0.0
2026-10-03,wk inc rsv hosp,3,2026-10-24,04,quantile,0.01,0.0
2026-10-03,wk inc rsv hosp,0,2026-10-03,04,quantile,0.025,1.0
2026-10-03,wk inc rsv hosp,1,2026-10-10,04,quantile,0.025,0.0
2026-10-03,wk inc rsv hosp,2,2026-10-17,04,quantile,0.025,0.0
2026-10-03,wk inc rsv hosp,3,2026-10-24,04,quantile,0.025,0.0
2026-10-03,wk inc rsv hosp,0,2026-10-03,04,quantile,0.05,1.0
2026-10-03,wk inc rsv hosp,1,2026-10-10,04,quantile,0.05,1.0
2026-10-03,wk inc rsv hosp,2,2026-10-17,04,quantile,0.05,1.0
2026-10-03,wk inc rsv hosp,3,2026-10-24,04,quantile,0.05,0.0
2026-10-03,wk inc rsv hosp,0,2026-10-03,04,quantile,0.1,2.0
2026-10-03,wk inc rsv hosp,1,2026-10-10,04,quantile,0.1,2.0
2026-10-03,wk inc rsv hosp,2,2026-10-17,04,quantile,0.1,1.0
2026-10-03,wk inc rsv hosp,3,2026-10-24,04,quantile,0.1,1.0
2026-10-03,wk inc rsv hosp,0,2026-10-03,04,quantile,0.15,2.0
2026-10-03,wk inc rsv hosp,1,2026-10-10,04,quantile,0.15,2.0
2026-10-03,wk inc rsv hosp,2,2026-10-17,04,quantile,0.15,1.0
2026-10-03,wk inc rsv hosp,3,2026-10-24,04,quantile,0.15,1.0
2026-10-03,wk inc rsv hosp,0,2026-10-03,04,quantile,0.2,2.0
2026-10-03,wk inc rsv hosp,1,2026-10-10,04,quantile,0.2,2.0
2026-10-03,wk inc rsv hosp,2,2026-10-17,04,quantile,0.2,2.0
2026-10-03,wk inc rsv hosp,3,2026-10-24,04,quantile,0.2,2.0
2026-10-03,wk inc rsv hosp,0,2026-10-03,04,quantile,0.25,2.0
2026-10-03,wk inc rsv hosp,1,2026-10-10,04,quantile,0.25,2.0
2026-10-03,wk inc rsv hosp,2,2026-10-17,04,quantile,0.25,2.0
2026-10-03,wk inc rsv hosp,3,2026-10-24,04,quantile,0.25,2.0
2026-10-03,wk inc rsv hosp,0,2026-10-03,04,quantile,0.3,2.0
2026-10-03,wk inc rsv hosp,1,2026-10-10,04,quantile,0.3,2.0
2026-10-03,wk inc rsv hosp,2,2026-10-17,04,quantile,0.3,2.0
2026-10-03,wk inc rsv hosp,3,2026-10-24,04,quantile,0.3,2.0
2026-10-03,wk inc rsv hosp,0,2026-10-03,04,quantile,0.35,3.0
2026-10-03,wk inc rsv hosp,1,2026-10-10,04,quantile,0.35,3.0
2026-10-03,wk inc rsv hosp,2,2026-10-17,04,quantile,0.35,2.0
2026-10-03,wk inc rsv hosp,3,2026-10-24,04,quantile,0.35,2.0
2026-10-03,wk inc rsv hosp,0,2026-10-03,04,quantile,0.4,3.0
2026-10-03,wk inc rsv hosp,1,2026-10-10,04,quantile,0.4,3.0
2026-10-03,wk inc rsv hosp,2,2026-10-17,04,quantile,0.4,3.0
2026-10-03,wk inc rsv hosp,3,2026-10-24,04,quantile,0.4,3.0
2026-10-03,wk inc rsv hosp,0,2026-10-03,04,quantile,0.45,3.0
2026-10-03,wk inc rsv hosp,1,2026-10-10,04,quantile,0.45,4.0
2026-10-03,wk inc rsv hosp,2,2026-10-17,04,quantile,0.45,3.0
2026-10-03,wk inc rsv hosp,3,2026-10-24,04,quantile,0.45,3.0
2026-10-03,wk inc rsv hosp,0,2026-10-03,04,quantile,0.5,4.0
2026-10-03,wk inc rsv hosp,1,2026-10-10,04,quantile,0.5,4.0
2026-10-03,wk inc rsv hosp,2,2026-10-17,04,quantile,0.5,3.0
2026-10-03,wk inc rsv hosp,3,2026-10-24,04,quantile,0.5,4.0
2026-10-03,wk inc rsv hosp,0,2026-10-03,04,quantile,0.55,4.0
2026-10-03,wk inc rsv hosp,1,2026-10-10,04,quantile,0.55,4.0
2026-10-03,wk inc rsv hosp,2,2026-10-17,04,quantile,0.55,4.0
2026-10-03,wk inc rsv hosp,3,2026-10-24,04,quantile,0.55,4.0
2026-10-03,wk inc rsv hosp,0,2026-10-03,04,quantile,0.6,4.0
2026-10-03,wk inc rsv hosp,1,2026-10-10,04,quantile,0.6,5.0
2026-10-03,wk inc rsv hosp,2,2026-10-17,04,quantile,0.6,5.0
2026-10-03,wk inc rsv hosp,3,2026-10-24,04,quantile,0.6,5.0
2026-10-03,wk inc rsv hosp,0,2026-10-03,04,quantile,0.65,5.0
2026-10-03,wk inc rsv hosp,1,2026-10-10,04,quantile,0.65,5.0
2026-10-03,wk inc rsv hosp,2,2026-10-17,04,quantile,0.65,5.0
2026-10-03,wk inc rsv hosp,3,2026-10-24,04,quantile,0.65,5.0
2026-10-03,wk inc rsv hosp,0,2026-10-03,04,quantile,0.7,5.0
2026-10-03,wk inc rsv hosp,1,2026-10-10,04,quantile,0.7,5.0
2026-10-03,wk inc rsv hosp,2,2026-10-17,04,quantile,0.7,5.0
2026-10-03,wk inc rsv hosp,3,2026-10-24,04,quantile,0.7,6.0
2026-10-03,wk inc rsv hosp,0,2026-10-03,04,quantile,0.75,5.0
2026-10-03,wk inc rsv hosp,1,2026-10-10,04,quantile,0.75,5.0
2026-10-03,wk inc rsv hosp,2,2026-10-17,04,quantile,0.75,6.0
2026-10-03,wk inc rsv hosp,3,2026-10-24,04,quantile,0.75,7.0
2026-10-03,wk inc rsv hosp,0,2026-10-03,04,quantile,0.8,5.0
2026-10-03,wk inc rsv hosp,1,2026-10-10,04,quantile,0.8,6.0
2026-10-03,wk inc rsv hosp,2,2026-10-17,04,quantile,0.8,7.0
2026-10-03,wk inc rsv hosp,3,2026-10-24,04,quantile,0.8,8.0
2026-10-03,wk inc rsv hosp,0,2026-10-03,04,quantile,0.85,6.0
2026-10-03,wk inc rsv hosp,1,2026-10-10,04,quantile,0.85,7.0
2026-10-03,wk inc rsv hosp,2,2026-10-17,04,quantile,0.85,8.0
2026-10-03,wk inc rsv hosp,3,2026-10-24,04,quantile,0.85,9.0
2026-10-03,wk inc rsv hosp,0,2026-10-03,04,quantile,0.9,7.0
2026-10-03,wk inc rsv hosp,1,2026-10-10,04,quantile,0.9,8.0
2026-10-03,wk inc rsv hosp,2,2026-10-17,04,quantile,0.9,9.0
2026-10-03,wk inc rsv hosp,3,2026-10-24,04,quantile,0.9,11.0
2026-10-03,wk inc rsv hosp,0,2026-10-03,04,quantile,0.95,8.0
2026-10-03,wk inc rsv hosp,1,2026-10-10,04,quantile,0.95,9.0
2026-10-03,wk inc rsv hosp,2,2026-10-17,04,quantile,0.95,11.0
2026-10-03,wk inc rsv hosp,3,2026-10-24,04,quantile,0.95,14.0
2026-10-03,wk inc rsv hosp,0,2026-10-03,04,quantile,0.975,10.0
2026-10-03,wk inc rsv hosp,1,2026-10-10,04,quantile,0.975,11.0
2026-10-03,wk inc rsv hosp,2,2026-10-17,04,quantile,0.975,13.0
2026-10-03,wk inc rsv hosp,3,2026-10-24,04,quantile,0.975,16.0
2026-10-03,wk inc rsv hosp,0,2026-10-03,04,quantile,0.99,11.0
2026-10-03,wk inc rsv hosp,1,2026-10-10,04,quantile,0.99,13.0
2026-10-03,wk inc rsv hosp,2,2026-10-17,04,quantile,0.99,15.0
2026-10-03,wk inc rsv hosp,3,2026-10-24,04,quantile,0.99,20.0
2026-10-03,wk inc rsv hosp,0,2026-10-03,05,quantile,0.01,2.0
2026-10-03,wk inc rsv hosp,1,2026-10-10,05,quantile,0.01,1.0
2026-10-03,wk inc rsv hosp,2,2026-10-17,05,quantile,0.01,1.0
2026-10-03,wk inc rsv hosp,3,2026-10-24,05,quantile,0.01,1.0
2026-10-03,wk inc rsv hosp,0,2026-10-03,05,quantile,0.025,2.0
2026-10-03,wk inc rsv hosp,1,2026-10-10,05,quantile,0.025,2.0
2026-10-03,wk inc rsv hosp,2,2026-10-17,05,quantile,0.025,1.0
2026-10-03,wk inc rsv hosp,3,2026-10-24,05,quantile,0.025,1.0
2026-10-03,wk inc rsv hosp,0,2026-10-03,05,quantile,0.05,2.0
2026-10-03,wk inc rsv hosp,1,2026-10-10,05,quantile,0.05,2.0
2026-10-03,wk inc rsv hosp,2,2026-10-17,05,quantile,0.05,1.0
2026-10-03,wk inc rsv hosp,3,2026-10-24,05,quantile,0.05,1.0
2026-10-03,wk inc rsv hosp,0,2026-10-03,05,quantile,0.1,2.0
2026-10-03,wk inc rsv hosp,1,2026-10-10,05,quantile,0.1,2.0
2026-10-03,wk inc rsv hosp,2,2026-10-17,05,quantile,0.1,2.0
2026-10-03,wk inc rsv hosp,3,2026-10-24,05,quantile,0.1,2.0
2026-10-03,wk inc rsv hosp,0,2026-10-03,05,quantile,0.15,3.0
2026-10-03,wk inc rsv hosp,1,2026-10-10,05,quantile,0.15,2.0
2026-10-03,wk inc rsv hosp,2,2026-10-17,05,quantile,0.15,2.0
2026-10-03,wk inc rsv hosp,3,2026-10-24,05,quantile,0.15,2.0
2026-10-03,wk inc rsv hosp,0,2026-10-03,05,quantile,0.2,3.0
2026-10-03,wk inc rsv hosp,1,2026-10-10,05,quantile,0.2,3.0
2026-10-03,wk inc rsv hosp,2,2026-10-17,05,quantile,0.2,2.0
2026-10-03,wk inc rsv hosp,3,2026-10-24,05,quantile,0.2,2.0
2026-10-03,wk inc rsv hosp,0,2026-10-03,05,quantile,0.25,3.0
2026-10-03,wk inc rsv hosp,1,2026-10-10,05,quantile,0.25,3.0
2026-10-03,wk inc rsv hosp,2,2026-10-17,05,quantile,0.25,3.0
2026-10-03,wk inc rsv hosp,3,2026-10-24,05,quantile,0.25,3.0
2026-10-03,wk inc rsv hosp,0,2026-10-03,05,quantile,0.3,3.0
2026-10-03,wk inc rsv hosp,1,2026-10-10,05,quantile,0.3,3.0
2026-10-03,wk inc rsv hosp,2,2026-10-17,05,quantile,0.3,3.0
2026-10-03,wk inc rsv hosp,3,2026-10-24,05,quantile,0.3,3.0
2026-10-03,wk inc rsv hosp,0,2026-10-03,05,quantile,0.35,3.0
2026-10-03,wk inc rsv hosp,1,2026-10-10,05,quantile,0.35,3.0
2026-10-03,wk inc rsv hosp,2,2026-10-17,05,quantile,0.35,3.0
2026-10-03,wk inc rsv hosp,3,2026-10-24,05,quantile,0.35,3.0
2026-10-03,wk inc rsv hosp,0,2026-10-03,05,quantile,0.4,4.0
2026-10-03,wk inc rsv hosp,1,2026-10-10,05,quantile,0.4,4.0
2026-10-03,wk inc rsv hosp,2,2026-10-17,05,quantile,0.4,4.0
2026-10-03,wk inc rsv hosp,3,2026-10-24,05,quantile,0.4,4.0
2026-10-03,wk inc rsv hosp,0,2026-10-03,05,quantile,0.45,4.0
2026-10-03,wk inc rsv hosp,1,2026-10-10,05,quantile,0.45,4.0
2026-10-03,wk inc rsv hosp,2,2026-10-17,05,quantile,0.45,4.0
2026-10-03,wk inc rsv hosp,3,2026-10-24,05,quantile,0.45,4.0
2026-10-03,wk inc rsv hosp,0,2026-10-03,05,quantile,0.5,4.0
2026-10-03,wk inc rsv hosp,1,2026-10-10,05,quantile,0.5,4.0
2026-10-03,wk inc rsv hosp,2,2026-10-17,05,quantile,0.5,4.0
2026-10-03,wk inc rsv hosp,3,2026-10-24,05,quantile,0.5,5.0
2026-10-03,wk inc rsv hosp,0,2026-10-03,05,quantile,0.55,4.0
2026-10-03,wk inc rsv hosp,1,2026-10-10,05,quantile,0.55,5.0
2026-10-03,wk inc rsv hosp,2,2026-10-17,05,quantile,0.55,5.0
2026-10-03,wk inc rsv hosp,3,2026-10-24,05,quantile,0.55,5.0
2026-10-03,wk inc rsv hosp,0,2026-10-03,05,quantile,0.6,4.0
2026-10-03,wk inc rsv hosp,1,2026-10-10,05,quantile,0.6,5.0
2026-10-03,wk inc rsv hosp,2,2026-10-17,05,quantile,0.6,5.0
2026-10-03,wk inc rsv hosp,3,2026-10-24,05,quantile,0.6,6.0
2026-10-03,wk inc rsv hosp,0,2026-10-03,05,quantile,0.65,4.0
2026-10-03,wk inc rsv hosp,1,2026-10-10,05,quantile,0.65,5.0
2026-10-03,wk inc rsv hosp,2,2026-10-17,05,quantile,0.65,6.0
2026-10-03,wk inc rsv hosp,3,2026-10-24,05,quantile,0.65,7.0
2026-10-03,wk inc rsv hosp,0,2026-10-03,05,quantile,0.7,5.0
2026-10-03,wk inc rsv hosp,1,2026-10-10,05,quantile,0.7,6.0
2026-10-03,wk inc rsv hosp,2,2026-10-17,05,quantile,0.7,7.0
2026-10-03,wk inc rsv hosp,3,2026-10-24,05,quantile,0.7,8.0
2026-10-03,wk inc rsv hosp,0,2026-10-03,05,quantile,0.75,5.0
2026-10-03,wk inc rsv hosp,1,2026-10-10,05,quantile,0.75,6.0
2026-10-03,wk inc rsv hosp,2,2026-10-17,05,quantile,0.75,7.0
2026-10-03,wk inc rsv hosp,3,2026-10-24,05,quantile,0.75,9.0
2026-10-03,wk inc rsv hosp,0,2026-10-03,05,quantile,0.8,5.0
2026-10-03,wk inc rsv hosp,1,2026-10-10,05,quantile,0.8,7.0
2026-10-03,wk inc rsv hosp,2,2026-10-17,05,quantile,0.8,8.0
2026-10-03,wk inc rsv hosp,3,2026-10-24,05,quantile,0.8,10.0
2026-10-03,wk inc rsv hosp,0,2026-10-03,05,quantile,0.85,6.0
2026-10-03,wk inc rsv hosp,1,2026-10-10,05,quantile,0.85,7.0
2026-10-03,wk inc rsv hosp,2,2026-10-17,05,quantile,0.85,9.0
2026-10-03,wk inc rsv hosp,3,2026-10-24,05,quantile,0.85,12.0
2026-10-03,wk inc rsv hosp,0,2026-10-03,05,quantile,0.9,6.0
2026-10-03,wk inc rsv hosp,1,2026-10-10,05,quantile,0.9,8.0
2026-10-03,wk inc rsv hosp,2,2026-10-17,05,quantile,0.9,11.0
2026-10-03,wk inc rsv hosp,3,2026-10-24,05,quantile,0.9,15.0
2026-10-03,wk inc rsv hosp,0,2026-10-03,05,quantile,0.95,7.0
2026-10-03,wk inc rsv hosp,1,2026-10-10,05,quantile,0.95,10.0
2026-10-03,wk inc rsv hosp,2,2026-10-17,05,quantile,0.95,14.0
2026-10-03,wk inc rsv hosp,3,2026-10-24,05,quantile,0.95,20.0
2026-10-03,wk inc rsv hosp,0,2026-10-03,05,quantile,0.975,7.0
2026-10-03,wk inc rsv hosp,1,2026-10-10,05,quantile,0.975,11.0
2026-10-03,wk inc rsv hosp,2,2026-10-17,05,quantile,0.975,17.0
2026-10-03,wk inc rsv hosp,3,2026-10-24,05,quantile,0.975,25.0
2026-10-03,wk inc rsv hosp,0,2026-10-03,05,quantile,0.99,8.0
2026-10-03,wk inc rsv hosp,1,2026-10-10,05,quantile,0.99,13.0
2026-10-03,wk inc rsv hosp,2,2026-10-17,05,quantile,0.99,20.0
2026-10-03,wk inc rsv hosp,3,2026-10-24,05,quantile,0.99,31.0
2026-10-03,wk inc rsv hosp,0,2026-10-03,06,quantile,0.01,10.0
2026-10-03,wk inc rsv hosp,1,2026-10-10,06,quantile,0.01,8.0
2026-10-03,wk inc rsv hosp,2,2026-10-17,06,quantile,0.01,6.0
2026-10-03,wk inc rsv hosp,3,2026-10-24,06,quantile,0.01,4.0
2026-10-03,wk inc rsv hosp,0,2026-10-03,06,quantile,0.025,11.0
2026-10-03,wk inc rsv hosp,1,2026-10-10,06,quantile,0.025,9.0
2026-10-03,wk inc rsv hosp,2,2026-10-17,06,quantile,0.025,7.0
2026-10-03,wk inc rsv hosp,3,2026-10-24,06,quantile,0.025,5.0
2026-10-03,wk inc rsv hosp,0,2026-10-03,06,quantile,0.05,12.0
2026-10-03,wk inc rsv hosp,1,2026-10-10,06,quantile,0.05,10.0
2026-10-03,wk inc rsv hosp,2,2026-10-17,06,quantile,0.05,8.0
2026-10-03,wk inc rsv hosp,3,2026-10-24,06,quantile,0.05,7.0
2026-10-03,wk inc rsv hosp,0,2026-10-03,06,quantile,0.1,13.0
2026-10-03,wk inc rsv hosp,1,2026-10-10,06,quantile,0.1,12.0
2026-10-03,wk inc rsv hosp,2,2026-10-17,06,quantile,0.1,10.0
2026-10-03,wk inc rsv hosp,3,2026-10-24,06,quantile,0.1,9.0
2026-10-03,wk inc rsv hosp,0,2026-10-03,06,quantile,0.15,14.0
2026-10-03,wk inc rsv hosp,1,2026-10-10,06,quantile,0.15,13.0
2026-10-03,wk inc rsv hosp,2,2026-10-17,06,quantile,0.15,12.0
2026-10-03,wk inc rsv hosp,3,2026-10-24,06,quantile,0.15,10.0
2026-10-03,wk inc rsv hosp,0,2026-10-03,06,quantile,0.2,15.0
2026-10-03,wk inc rsv hosp,1,2026-10-10,06,quantile,0.2,14.0
2026-10-03,wk inc rsv hosp,2,2026-10-17,06,quantile,0.2,13.0
2026-10-03,wk inc rsv hosp,3,2026-10-24,06,quantile,0.2,12.0
2026-10-03,wk inc rsv hosp,0,2026-10-03,06,quantile,0.25,16.0
2026-10-03,wk inc rsv hosp,1,2026-10-10,06,quantile,0.25,15.0
2026-10-03,wk inc rsv hosp,2,2026-10-17,06,quantile,0.25,14.0
2026-10-03,wk inc rsv hosp,3,2026-10-24,06,quantile,0.25,13.0
2026-10-03,wk inc rsv hosp,0,2026-10-03,06,quantile,0.3,17.0
2026-10-03,wk inc rsv hosp,1,2026-10-10,06,quantile,0.3,17.0
2026-10-03,wk inc rsv hosp,2,2026-10-17,06,quantile,0.3,16.0
2026-10-03,wk inc rsv hosp,3,2026-10-24,06,quantile,0.3,15.0
2026-10-03,wk inc rsv hosp,0,2026-10-03,06,quantile,0.35,18.0
2026-10-03,wk inc rsv hosp,1,2026-10-10,06,quantile,0.35,18.0
2026-10-03,wk inc rsv hosp,2,2026-10-17,06,quantile,0.35,17.0
2026-10-03,wk inc rsv hosp,3,2026-10-24,06,quantile,0.35,17.0
2026-10-03,wk inc rsv hosp,0,2026-10-03,06,quantile,0.4,19.0
2026-10-03,wk inc rsv hosp,1,2026-10-10,06,quantile,0.4,19.0
2026-10-03,wk inc rsv hosp,2,2026-10-17,06,quantile,0.4,19.0
2026-10-03,wk inc rsv hosp,3,2026-10-24,06,quantile,0.4,19.0
2026-10-03,wk inc rsv hosp,0,2026-10-03,06,quantile,0.45,20.0
2026-10-03,wk inc rsv hosp,1,2026-10-10,06,quantile,0.45,20.0
2026-10-03,wk inc rsv hosp,2,2026-10-17,06,quantile,0.45,20.0
2026-10-03,wk inc rsv hosp,3,2026-10-24,06,quantile,0.45,20.0
2026-10-03,wk inc rsv hosp,0,2026-10-03,06,quantile,0.5,20.0
2026-10-03,wk inc rsv hosp,1,2026-10-10,06,quantile,0.5,21.0
2026-10-03,wk inc rsv hosp,2,2026-10-17,06,quantile,0.5,22.0
2026-10-03,wk inc rsv hosp,3,2026-10-24,06,quantile,0.5,22.0
2026-10-03,wk inc rsv hosp,0,2026-10-03,06,quantile,0.55,21.0
2026-10-03,wk inc rsv hosp,1,2026-10-10,06,quantile,0.55,22.0
2026-10-03,wk inc rsv hosp,2,2026-10-17,06,quantile,0.55,23.0
2026-10-03,wk inc rsv hosp,3,2026-10-24,06,quantile,0.55,25.0
2026-10-03,wk inc rsv hosp,0,2026-10-03,06,quantile,0.6,22.0
2026-10-03,wk inc rsv hosp,1,2026-10-10,06,quantile,0.6,23.0
2026-10-03,wk inc rsv hosp,2,2026-10-17,06,quantile,0.6,25.0
2026-10-03,wk inc rsv hosp,3,2026-10-24,06,quantile,0.6,27.0
2026-10-03,wk inc rsv hosp,0,2026-10-03,06,quantile,0.65,23.0
2026-10-03,wk inc rsv hosp,1,2026-10-10,06,quantile,0.65,25.0
2026-10-03,wk inc rsv hosp,2,2026-10-17,06,quantile,0.65,28.0
2026-10-03,wk inc rsv hosp,3,2026-10-24,06,quantile,0.65,30.0
2026-10-03,wk inc rsv hosp,0,2026-10-03,06,quantile,0.7,24.0
2026-10-03,wk inc rsv hosp,1,2026-10-10,06,quantile,0.7,27.0
2026-10-03,wk inc rsv hosp,2,2026-10-17,06,quantile,0.7,30.0
2026-10-03,wk inc rsv hosp,3,2026-10-24,06,quantile,0.7,34.0
2026-10-03,wk inc rsv hosp,0,2026-10-03,06,quantile,0.75,25.0
2026-10-03,wk inc rsv hosp,1,2026-10-10,06,quantile,0.75,28.0
2026-10-03,wk inc rsv hosp,2,2026-10-17,06,quantile,0.75,33.0
2026-10-03,wk inc rsv hosp,3,2026-10-24,06,quantile,0.75,38.0
2026-10-03,wk inc rsv hosp,0,2026-10-03,06,quantile,0.8,26.0
2026-10-03,wk inc rsv hosp,1,2026-10-10,06,quantile,0.8,30.0
2026-10-03,wk inc rsv hosp,2,2026-10-17,06,quantile,0.8,36.0
2026-10-03,wk inc rsv hosp,3,2026-10-24,06,quantile,0.8,43.0
2026-10-03,wk inc rsv hosp,0,2026-10-03,06,quantile,0.85,28.0
2026-10-03,wk inc rsv hosp,1,2026-10-10,06,quantile,0.85,33.0
2026-10-03,wk inc rsv hosp,2,2026-10-17,06,quantile,0.85,40.0
2026-10-03,wk inc rsv hosp,3,2026-10-24,06,quantile,0.85,50.0
2026-10-03,wk inc rsv hosp,0,2026-10-03,06,quantile,0.9,30.0
2026-10-03,wk inc rsv hosp,1,2026-10-10,06,quantile,0.9,37.0
2026-10-03,wk inc rsv hosp,2,2026-10-17,06,quantile,0.9,47.0
2026-10-03,wk inc rsv hosp,3,2026-10-24,06,quantile,0.9,59.0
2026-10-03,wk inc rsv hosp,0,2026-10-03,06,quantile,0.95,33.0
2026-10-03,wk inc rsv hosp,1,2026-10-10,06,quantile,0.95,43.0
2026-10-03,wk inc rsv hosp,2,2026-10-17,06,quantile,0.95,57.0
2026-10-03,wk inc rsv hosp,3,2026-10-24,06,quantile,0.95,77.0
2026-10-03,wk inc rsv hosp,0,2026-10-03,06,quantile,0.975,35.0
2026-10-03,wk inc rsv hosp,1,2026-10-10,06,quantile,0.975,48.0
2026-10-03,wk inc rsv hosp,2,2026-10-17,06,quantile,0.975,67.0
2026-10-03,wk inc rsv hosp,3,2026-10-24,06,quantile,0.975,93.0
2026-10-03,wk inc rsv hosp,0,2026-10-03,06,quantile,0.99,38.0
2026-10-03,wk inc rsv hosp,1,2026-10-10,06,quantile,0.99,54.0
2026-10-03,wk inc rsv hosp,2,2026-10-17,06,quantile,0.99,77.0
2026-10-03,wk inc rsv hosp,3,2026-10-24,06,quantile,0.99,113.0
2026-10-03,wk inc rsv hosp,0,2026-10-03,08,quantile,0.01,0.0
2026-10-03,wk inc rsv hosp,1,2026-10-10,08,quantile,0.01,0.0
2026-10-03,wk inc rsv hosp,2,2026-10-17,08,quantile,0.01,0.0
2026-10-03,wk inc rsv hosp,3,2026-10-24,08,quantile,0.01,0.0
2026-10-03,wk inc rsv hosp,0,2026-10-03,08,quantile,0.025,0.0
2026-10-03,wk inc rsv hosp,1,2026-10-10,08,quantile,0.025,0.0
2026-10-03,wk inc rsv hosp,2,2026-10-17,08,quantile,0.025,0.0
2026-10-03,wk inc rsv hosp,3,2026-10-24,08,quantile,0.025,0.0
2026-10-03,wk inc rsv hosp,0,2026-10-03,08,quantile,0.05,0.0
2026-10-03,wk inc rsv hosp,1,2026-10-10,08,quantile,0.05,0.0
2026-10-03,wk inc rsv hosp,2,2026-10-17,08,quantile,0.05,0.0
2026-10-03,wk inc rsv hosp,3,2026-10-24,08,quantile,0.05,0.0
2026-10-03,wk inc rsv hosp,0,2026-10-03,08,quantile,0.1,1.0
2026-10-03,wk inc rsv hosp,1,2026-10-10,08,quantile,0.1,1.0
2026-10-03,wk inc rsv hosp,2,2026-10-17,08,quantile,0.1,0.0
2026-10-03,wk inc rsv hosp,3,2026-10-24,08,quantile,0.1,0.0
2026-10-03,wk inc rsv hosp,0,2026-10-03,08,quantile,0.15,1.0
2026-10-03,wk inc rsv hosp,1,2026-10-10,08,quantile,0.15,1.0
2026-10-03,wk inc rsv hosp,2,2026-10-17,08,quantile,0.15,1.0
2026-10-03,wk inc rsv hosp,3,2026-10-24,08,quantile,0.15,0.0
2026-10-03,wk inc rsv hosp,0,2026-10-03,08,quantile,0.2,1.0
2026-10-03,wk inc rsv hosp,1,2026-10-10,08,quantile,0.2,1.0
2026-10-03,wk inc rsv hosp,2,2026-10-17,08,quantile,0.2,1.0
2026-10-03,wk inc rsv hosp,3,2026-10-24,08,quantile,0.2,1.0
2026-10-03,wk inc rsv hosp,0,2026-10-03,08,quantile,0.25,1.0
2026-10-03,wk inc rsv hosp,1,2026-10-10,08,quantile,0.25,1.0
2026-10-03,wk inc rsv hosp,2,2026-10-17,08,quantile,0.25,1.0
2026-10-03,wk inc rsv hosp,3,2026-10-24,08,quantile,0.25,1.0
2026-10-03,wk inc rsv hosp,0,2026-10-03,08,quantile,0.3,1.0
2026-10-03,wk inc rsv hosp,1,2026-10-10,08,quantile,0.3,1.0
2026-10-03,wk inc rsv hosp,2,2026-10-17,08,quantile,0.3,1.0
2026-10-03,wk inc rsv hosp,3,2026-10-24,08,quantile,0.3,1.0
2026-10-03,wk inc rsv hosp,0,2026-10-03,08,quantile,0.35,1.0
2026-10-03,wk inc rsv hosp,1,2026-10-10,08,quantile,0.35,1.0
2026-10-03,wk inc rsv hosp,2,2026-10-17,08,quantile,0.35,1.0
2026-10-03,wk inc rsv hosp,3,2026-10-24,08,quantile,0.35,1.0
2026-10-03,wk inc rsv hosp,0,2026-10-03,08,quantile,0.4,2.0
2026-10-03,wk inc rsv hosp,1,2026-10-10,08,quantile,0.4,2.0
2026-10-03,wk inc rsv hosp,2,2026-10-17,08,quantile,0.4,1.0
2026-10-03,wk inc rsv hosp,3,2026-10-24,08,quantile,0.4,1.0
2026-10-03,wk inc rsv hosp,0,2026-10-03,08,quantile,0.45,2.0
2026-10-03,wk inc rsv hosp,1,2026-10-10,08,quantile,0.45,2.0
2026-10-03,wk inc rsv hosp,2,2026-10-17,08,quantile,0.45,2.0
2026-10-03,wk inc rsv hosp,3,2026-10-24,08,quantile,0.45,2.0
2026-10-03,wk inc rsv hosp,0,2026-10-03,08,quantile,0.5,2.0
2026-10-03,wk inc rsv hosp,1,2026-10-10,08,quantile,0.5,2.0
2026-10-03,wk inc rsv hosp,2,2026-10-17,08,quantile,0.5,2.0
2026-10-03,wk inc rsv hosp,3,2026-10-24,08,quantile,0.5,2.0
2026-10-03,wk inc rsv hosp,0,2026-10-03,08,quantile,0.55,2.0
2026-10-03,wk inc rsv hosp,1,2026-10-10,08,quantile,0.55,3.0
2026-10-03,wk inc rsv hosp,2,2026-10-17,08,quantile,0.55,3.0
2026-10-03,wk inc rsv hosp,3,2026-10-24,08,quantile,0.55,3.0
2026-10-03,wk inc rsv hosp,0,2026-10-03,08,quantile,0.6,3.0
2026-10-03,wk inc rsv hosp,1,2026-10-10,08,quantile,0.6,3.0
2026-10-03,wk inc rsv hosp,2,2026-10-17,08,quantile,0.6,3.0
2026-10-03,wk inc rsv hosp,3,2026-10-24,08,quantile,0.6,3.0
2026-10-03,wk inc rsv hosp,0,2026-10-03,08,quantile,0.65,3.0
2026-10-03,wk inc rsv hosp,1,2026-10-10,08,quantile,0.65,3.0
2026-10-03,wk inc rsv hosp,2,2026-10-17,08,quantile,0.65,4.0
2026-10-03,wk inc rsv hosp,3,2026-10-24,08,quantile,0.65,4.0
2026-10-03,wk inc rsv hosp,0,2026-10-03,08,quantile,0.7,4.0
2026-10-03,wk inc rsv hosp,1,2026-10-10,08,quantile,0.7,4.0
2026-10-03,wk inc rsv hosp,2,2026-10-17,08,quantile,0.7,4.0
2026-10-03,wk inc rsv hosp,3,2026-10-24,08,quantile,0.7,4.0
2026-10-03,wk inc rsv hosp,0,2026-10-03,08,quantile,0.75,4.0
2026-10-03,wk inc rsv hosp,1,2026-10-10,08,quantile,0.75,4.0
2026-10-03,wk inc rsv hosp,2,2026-10-17,08,quantile,0.75,4.0
2026-10-03,wk inc rsv hosp,3,2026-10-24,08,quantile,0.75,4.0
2026-10-03,wk inc rsv hosp,0,2026-10-03,08,quantile,0.8,4.0
2026-10-03,wk inc rsv hosp,1,2026-10-10,08,quantile,0.8,4.0
2026-10-03,wk inc rsv hosp,2,2026-10-17,08,quantile,0.8,5.0
2026-10-03,wk inc rsv hosp,3,2026-10-24,08,quantile,0.8,5.0
2026-10-03,wk inc rsv hosp,0,2026-10-03,08,quantile,0.85,4.0
2026-10-03,wk inc rsv hosp,1,2026-10-10,08,quantile,0.85,5.0
2026-10-03,wk inc rsv hosp,2,2026-10-17,08,quantile,0.85,5.0
2026-10-03,wk inc rsv hosp,3,2026-10-24,08,quantile,0.85,6.0
2026-10-03,wk inc rsv hosp,0,2026-10-03,08,quantile,0.9,5.0
2026-10-03,wk inc rsv hosp,1,2026-10-10,08,quantile,0.9,6.0
2026-10-03,wk inc rsv hosp,2,2026-10-17,08,quantile,0.9,6.0
2026-10-03,wk inc rsv hosp,3,2026-10-24,08,quantile,0.9,8.0
2026-10-03,wk inc rsv hosp,0,2026-10-03,08,quantile,0.95,6.0
2026-10-03,wk inc rsv hosp,1,2026-10-10,08,quantile,0.95,7.0
2026-10-03,wk inc rsv hosp,2,2026-10-17,08,quantile,0.95,8.0
2026-10-03,wk inc rsv hosp,3,2026-10-24,08,quantile,0.95,10.0
2026-10-03,wk inc rsv hosp,0,2026-10-03,08,quantile,0.975,6.0
2026-10-03,wk inc rsv hosp,1,2026-10-10,08,quantile,0.975,8.0
2026-10-03,wk inc rsv hosp,2,2026-10-17,08,quantile,0.975,10.0
2026-10-03,wk inc rsv hosp,3,2026-10-24,08,quantile,0.975,13.0
2026-10-03,wk inc rsv hosp,0,2026-10-03,08,quantile,0.99,8.0
2026-10-03,wk inc rsv hosp,1,2026-10-10,08,quantile,0.99,8.0
2026-10-03,wk inc rsv hosp,2,2026-10-17,08,quantile,0.99,13.0
2026-10-03,wk inc rsv hosp,3,2026-10-24,08,quantile,0.99,15.0
2026-10-03,wk inc rsv hosp,0,2026-10-03,09,quantile,0.01,0.0
2026-10-03,wk inc rsv hosp,1,2026-10-10,09,quantile,0.01,0.0
2026-10-03,wk inc rsv hosp,2,2026-10-17,09,quantile,0.01,0.0
2026-10-03,wk inc rsv hosp,3,2026-10-24,09,quantile,0.01,0.0
2026-10-03,wk inc rsv hosp,0,2026-10-03,09,quantile,0.025,0.0
2026-10-03,wk inc rsv hosp,1,2026-10-10,09,quantile,0.025,0.0
2026-10-03,wk inc rsv hosp,2,2026-10-17,09,quantile,0.025,0.0
2026-10-03,wk inc rsv hosp,3,2026-10-24,09,quantile,0.025,0.0
2026-10-03,wk inc rsv hosp,0,2026-10-03,09,quantile,0.05,0.0
2026-10-03,wk inc rsv hosp,1,2026-10-10,09,quantile,0.05,0.0
2026-10-03,wk inc rsv hosp,2,2026-10-17,09,quantile,0.05,0.0
2026-10-03,wk inc rsv hosp,3,2026-10-24,09,quantile,0.05,0.0
2026-10-03,wk inc rsv hosp,0,2026-10-03,09,quantile,0.1,1.0
2026-10-03,wk inc rsv hosp,1,2026-10-10,09,quantile,0.1,0.0
2026-10-03,wk inc rsv hosp,2,2026-10-17,09,quantile,0.1,0.0
2026-10-03,wk inc rsv hosp,3,2026-10-24,09,quantile,0.1,0.0
2026-10-03,wk inc rsv hosp,0,2026-10-03,09,quantile,0.15,1.0
2026-10-03,wk inc rsv hosp,1,2026-10-10,09,quantile,0.15,1.0
2026-10-03,wk inc rsv hosp,2,2026-10-17,09,quantile,0.15,0.0
2026-10-03,wk inc rsv hosp,3,2026-10-24,09,quantile,0.15,0.0
2026-10-03,wk inc rsv hosp,0,2026-10-03,09,quantile,0.2,1.0
2026-10-03,wk inc rsv hosp,1,2026-10-10,09,quantile,0.2,1.0
2026-10-03,wk inc rsv hosp,2,2026-10-17,09,quantile,0.2,1.0
2026-10-03,wk inc rsv hosp,3,2026-10-24,09,quantile,0.2,0.0
2026-10-03,wk inc rsv hosp,0,2026-10-03,09,quantile,0.25,1.0
2026-10-03,wk inc rsv hosp,1,2026-10-10,09,quantile,0.25,1.0
2026-10-03,wk inc rsv hosp,2,2026-10-17,09,quantile,0.25,1.0
2026-10-03,wk inc rsv hosp,3,2026-10-24,09,quantile,0.25,1.0
2026-10-03,wk inc rsv hosp,0,2026-10-03,09,quantile,0.3,1.0
2026-10-03,wk inc rsv hosp,1,2026-10-10,09,quantile,0.3,1.0
2026-10-03,wk inc rsv hosp,2,2026-10-17,09,quantile,0.3,1.0
2026-10-03,wk inc rsv hosp,3,2026-10-24,09,quantile,0.3,1.0
2026-10-03,wk inc rsv hosp,0,2026-10-03,09,quantile,0.35,1.0
2026-10-03,wk inc rsv hosp,1,2026-10-10,09,quantile,0.35,1.0
2026-10-03,wk inc rsv hosp,2,2026-10-17,09,quantile,0.35,1.0
2026-10-03,wk inc rsv hosp,3,2026-10-24,09,quantile,0.35,1.0
2026-10-03,wk inc rsv hosp,0,2026-10-03,09,quantile,0.4,2.0
2026-10-03,wk inc rsv hosp,1,2026-10-10,09,quantile,0.4,1.0
2026-10-03,wk inc rsv hosp,2,2026-10-17,09,quantile,0.4,1.0
2026-10-03,wk inc rsv hosp,3,2026-10-24,09,quantile,0.4,1.0
2026-10-03,wk inc rsv hosp,0,2026-10-03,09,quantile,0.45,2.0
2026-10-03,wk inc rsv hosp,1,2026-10-10,09,quantile,0.45,1.0
2026-10-03,wk inc rsv hosp,2,2026-10-17,09,quantile,0.45,1.0
2026-10-03,wk inc rsv hosp,3,2026-10-24,09,quantile,0.45,1.0
2026-10-03,wk inc rsv hosp,0,2026-10-03,09,quantile,0.5,2.0
2026-10-03,wk inc rsv hosp,1,2026-10-10,09,quantile,0.5,2.0
2026-10-03,wk inc rsv hosp,2,2026-10-17,09,quantile,0.5,2.0
2026-10-03,wk inc rsv hosp,3,2026-10-24,09,quantile,0.5,2.0
2026-10-03,wk inc rsv hosp,0,2026-10-03,09,quantile,0.55,2.0
2026-10-03,wk inc rsv hosp,1,2026-10-10,09,quantile,0.55,2.0
2026-10-03,wk inc rsv hosp,2,2026-10-17,09,quantile,0.55,2.0
2026-10-03,wk inc rsv hosp,3,2026-10-24,09,quantile,0.55,2.0
2026-10-03,wk inc rsv hosp,0,2026-10-03,09,quantile,0.6,3.0
2026-10-03,wk inc rsv hosp,1,2026-10-10,09,quantile,0.6,2.0
2026-10-03,wk inc rsv hosp,2,2026-10-17,09,quantile,0.6,2.0
2026-10-03,wk inc rsv hosp,3,2026-10-24,09,quantile,0.6,3.0
2026-10-03,wk inc rsv hosp,0,2026-10-03,09,quantile,0.65,3.0
2026-10-03,wk inc rsv hosp,1,2026-10-10,09,quantile,0.65,3.0
2026-10-03,wk inc rsv hosp,2,2026-10-17,09,quantile,0.65,3.0
2026-10-03,wk inc rsv hosp,3,2026-10-24,09,quantile,0.65,3.0
2026-10-03,wk inc rsv hosp,0,2026-10-03,09,quantile,0.7,3.0
2026-10-03,wk inc rsv hosp,1,2026-10-10,09,quantile,0.7,3.0
2026-10-03,wk inc rsv hosp,2,2026-10-17,09,quantile,0.7,3.0
2026-10-03,wk inc rsv hosp,3,2026-10-24,09,quantile,0.7,3.0
2026-10-03,wk inc rsv hosp,0,2026-10-03,09,quantile,0.75,3.0
2026-10-03,wk inc rsv hosp,1,2026-10-10,09,quantile,0.75,3.0
2026-10-03,wk inc rsv hosp,2,2026-10-17,09,quantile,0.75,3.0
2026-10-03,wk inc rsv hosp,3,2026-10-24,09,quantile,0.75,3.0
2026-10-03,wk inc rsv hosp,0,2026-10-03,09,quantile,0.8,3.0
2026-10-03,wk inc rsv hosp,1,2026-10-10,09,quantile,0.8,3.0
2026-10-03,wk inc rsv hosp,2,2026-10-17,09,quantile,0.8,4.0
2026-10-03,wk inc rsv hosp,3,2026-10-24,09,quantile,0.8,4.0
2026-10-03,wk inc rsv hosp,0,2026-10-03,09,quantile,0.85,4.0
2026-10-03,wk inc rsv hosp,1,2026-10-10,09,quantile,0.85,4.0
2026-10-03,wk inc rsv hosp,2,2026-10-17,09,quantile,0.85,4.0
2026-10-03,wk inc rsv hosp,3,2026-10-24,09,quantile,0.85,5.0
2026-10-03,wk inc rsv hosp,0,2026-10-03,09,quantile,0.9,5.0
2026-10-03,wk inc rsv hosp,1,2026-10-10,09,quantile,0.9,5.0
2026-10-03,wk inc rsv hosp,2,2026-10-17,09,quantile,0.9,5.0
2026-10-03,wk inc rsv hosp,3,2026-10-24,09,quantile,0.9,6.0
2026-10-03,wk inc rsv hosp,0,2026-10-03,09,quantile,0.95,5.0
2026-10-03,wk inc rsv hosp,1,2026-10-10,09,quantile,0.95,6.0
2026-10-03,wk inc rsv hosp,2,2026-10-17,09,quantile,0.95,7.0
2026-10-03,wk inc rsv hosp,3,2026-10-24,09,quantile,0.95,8.0
2026-10-03,wk inc rsv hosp,0,2026-10-03,09,quantile,0.975,6.0
2026-10-03,wk inc rsv hosp,1,2026-10-10,09,quantile,0.975,8.0
2026-10-03,wk inc rsv hosp,2,2026-10-17,09,quantile,0.975,8.0
2026-10-03,wk inc rsv hosp,3,2026-10-24,09,quantile,0.975,10.0
2026-10-03,wk inc rsv hosp,0,2026-10-03,09,quantile,0.99,9.0
2026-10-03,wk inc rsv hosp,1,2026-10-10,09,quantile,0.99,9.0
2026-10-03,wk inc rsv hosp,2,2026-10-17,09,quantile,0.99,10.0
2026-10-03,wk inc rsv hosp,3,2026-10-24,09,quantile,0.99,13.0
2026-10-03,wk inc rsv hosp,0,2026-10-03,10,quantile,0.01,1.0
2026-10-03,wk inc rsv hosp,1,2026-10-10,10,quantile,0.01,1.0
2026-10-03,wk inc rsv hosp,2,2026-10-17,10,quantile,0.01,0.0
2026-10-03,wk inc rsv hosp,3,2026-10-24,10,quantile,0.01,0.0
2026-10-03,wk inc rsv hosp,0,2026-10-03,10,quantile,0.025,1.0
2026-10-03,wk inc rsv hosp,1,2026-10-10,10,quantile,0.025,1.0
2026-10-03,wk inc rsv hosp,2,2026-10-17,10,quantile,0.025,1.0
2026-10-03,wk inc rsv hosp,3,2026-10-24,10,quantile,0.025,0.0
2026-10-03,wk inc rsv hosp,0,2026-10-03,10,quantile,0.05,2.0
2026-10-03,wk inc rsv hosp,1,2026-10-10,10,quantile,0.05,2.0
2026-10-03,wk inc rsv hosp,2,2026-10-17,10,quantile,0.05,1.0
2026-10-03,wk inc rsv hosp,3,2026-10-24,10,quantile,0.05,1.0
2026-10-03,wk inc rsv hosp,0,2026-10-03,10,quantile,0.1,2.0
2026-10-03,wk inc rsv hosp,1,2026-10-10,10,quantile,0.1,2.0
2026-10-03,wk inc rsv hosp,2,2026-10-17,10,quantile,0.1,2.0
2026-10-03,wk inc rsv hosp,3,2026-10-24,10,quantile,0.1,1.0
2026-10-03,wk inc rsv hosp,0,2026-10-03,10,quantile,0.15,2.0
2026-10-03,wk inc rsv hosp,1,2026-10-10,10,quantile,0.15,2.0
2026-10-03,wk inc rsv hosp,2,2026-10-17,10,quantile,0.15,2.0
2026-10-03,wk inc rsv hosp,3,2026-10-24,10,quantile,0.15,2.0
2026-10-03,wk inc rsv hosp,0,2026-10-03,10,quantile,0.2,3.0
2026-10-03,wk inc rsv hosp,1,2026-10-10,10,quantile,0.2,3.0
2026-10-03,wk inc rsv hosp,2,2026-10-17,10,quantile,0.2,2.0
2026-10-03,wk inc rsv hosp,3,2026-10-24,10,quantile,0.2,2.0
2026-10-03,wk inc rsv hosp,0,2026-10-03,10,quantile,0.25,3.0
2026-10-03,wk inc rsv hosp,1,2026-10-10,10,quantile,0.25,3.0
2026-10-03,wk inc rsv hosp,2,2026-10-17,10,quantile,0.25,3.0
2026-10-03,wk inc rsv hosp,3,2026-10-24,10,quantile,0.25,2.0
2026-10-03,wk inc rsv hosp,0,2026-10-03,10,quantile,0.3,3.0
2026-10-03,wk inc rsv hosp,1,2026-10-10,10,quantile,0.3,3.0
2026-10-03,wk inc rsv hosp,2,2026-10-17,10,quantile,0.3,3.0
2026-10-03,wk inc rsv hosp,3,2026-10-24,10,quantile,0.3,3.0
2026-10-03,wk inc rsv hosp,0,2026-10-03,10,quantile,0.35,3.0
2026-10-03,wk inc rsv hosp,1,2026-10-10,10,quantile,0.35,3.0
2026-10-03,wk inc rsv hosp,2,2026-10-17,10,quantile,0.35,3.0
2026-10-03,wk inc rsv hosp,3,2026-10-24,10,quantile,0.35,3.0
2026-10-03,wk inc rsv hosp,0,2026-10-03,10,quantile,0.4,3.0
2026-10-03,wk inc rsv hosp,1,2026-10-10,10,quantile,0.4,4.0
2026-10-03,wk inc rsv hosp,2,2026-10-17,10,quantile,0.4,3.0
2026-10-03,wk inc rsv hosp,3,2026-10-24,10,quantile,0.4,3.0
2026-10-03,wk inc rsv hosp,0,2026-10-03,10,quantile,0.45,3.0
2026-10-03,wk inc rsv hosp,1,2026-10-10,10,quantile,0.45,4.0
2026-10-03,wk inc rsv hosp,2,2026-10-17,10,quantile,0.45,4.0
2026-10-03,wk inc rsv hosp,3,2026-10-24,10,quantile,0.45,3.0
2026-10-03,wk inc rsv hosp,0,2026-10-03,10,quantile,0.5,4.0
2026-10-03,wk inc rsv hosp,1,2026-10-10,10,quantile,0.5,4.0
2026-10-03,wk inc rsv hosp,2,2026-10-17,10,quantile,0.5,4.0
2026-10-03,wk inc rsv hosp,3,2026-10-24,10,quantile,0.5,4.0
2026-10-03,wk inc rsv hosp,0,2026-10-03,10,quantile,0.55,4.0
2026-10-03,wk inc rsv hosp,1,2026-10-10,10,quantile,0.55,5.0
2026-10-03,wk inc rsv hosp,2,2026-10-17,10,quantile,0.55,4.0
2026-10-03,wk inc rsv hosp,3,2026-10-24,10,quantile,0.55,4.0
2026-10-03,wk inc rsv hosp,0,2026-10-03,10,quantile,0.6,4.0
2026-10-03,wk inc rsv hosp,1,2026-10-10,10,quantile,0.6,5.0
2026-10-03,wk inc rsv hosp,2,2026-10-17,10,quantile,0.6,5.0
2026-10-03,wk inc rsv hosp,3,2026-10-24,10,quantile,0.6,5.0
2026-10-03,wk inc rsv hosp,0,2026-10-03,10,quantile,0.65,5.0
2026-10-03,wk inc rsv hosp,1,2026-10-10,10,quantile,0.65,5.0
2026-10-03,wk inc rsv hosp,2,2026-10-17,10,quantile,0.65,5.0
2026-10-03,wk inc rsv hosp,3,2026-10-24,10,quantile,0.65,5.0
2026-10-03,wk inc rsv hosp,0,2026-10-03,10,quantile,0.7,5.0
2026-10-03,wk inc rsv hosp,1,2026-10-10,10,quantile,0.7,5.0
2026-10-03,wk inc rsv hosp,2,2026-10-17,10,quantile,0.7,6.0
2026-10-03,wk inc rsv hosp,3,2026-10-24,10,quantile,0.7,6.0
2026-10-03,wk inc rsv hosp,0,2026-10-03,10,quantile,0.75,5.0
2026-10-03,wk inc rsv hosp,1,2026-10-10,10,quantile,0.75,6.0
2026-10-03,wk inc rsv hosp,2,2026-10-17,10,quantile,0.75,6.0
2026-10-03,wk inc rsv hosp,3,2026-10-24,10,quantile,0.75,6.0
2026-10-03,wk inc rsv hosp,0,2026-10-03,10,quantile,0.8,6.0
2026-10-03,wk inc rsv hosp,1,2026-10-10,10,quantile,0.8,6.0
2026-10-03,wk inc rsv hosp,2,2026-10-17,10,quantile,0.8,7.0
2026-10-03,wk inc rsv hosp,3,2026-10-24,10,quantile,0.8,7.0
2026-10-03,wk inc rsv hosp,0,2026-10-03,10,quantile,0.85,6.0
2026-10-03,wk inc rsv hosp,1,2026-10-10,10,quantile,0.85,7.0
2026-10-03,wk inc rsv hosp,2,2026-10-17,10,quantile,0.85,8.0
2026-10-03,wk inc rsv hosp,3,2026-10-24,10,quantile,0.85,8.0
2026-10-03,wk inc rsv hosp,0,2026-10-03,10,quantile,0.9,6.0
2026-10-03,wk inc rsv hosp,1,2026-10-10,10,quantile,0.9,8.0
2026-10-03,wk inc rsv hosp,2,2026-10-17,10,quantile,0.9,9.0
2026-10-03,wk inc rsv hosp,3,2026-10-24,10,quantile,0.9,9.0
2026-10-03,wk inc rsv hosp,0,2026-10-03,10,quantile,0.95,7.0
2026-10-03,wk inc rsv hosp,1,2026-10-10,10,quantile,0.95,9.0
2026-10-03,wk inc rsv hosp,2,2026-10-17,10,quantile,0.95,11.0
2026-10-03,wk inc rsv hosp,3,2026-10-24,10,quantile,0.95,13.0
2026-10-03,wk inc rsv hosp,0,2026-10-03,10,quantile,0.975,8.0
2026-10-03,wk inc rsv hosp,1,2026-10-10,10,quantile,0.975,10.0
2026-10-03,wk inc rsv hosp,2,2026-10-17,10,quantile,0.975,13.0
2026-10-03,wk inc rsv hosp,3,2026-10-24,10,quantile,0.975,15.0
2026-10-03,wk inc rsv hosp,0,2026-10-03,10,quantile,0.99,9.0
2026-10-03,wk inc rsv hosp,1,2026-10-10,10,quantile,0.99,11.0
2026-10-03,wk inc rsv hosp,2,2026-10-17,10,quantile,0.99,15.0
2026-10-03,wk inc rsv hosp,3,2026-10-24,10,quantile,0.99,18.0
2026-10-03,wk inc rsv hosp,0,2026-10-03,11,quantile,0.01,1.0
2026-10-03,wk inc rsv hosp,1,2026-10-10,11,quantile,0.01,1.0
2026-10-03,wk inc rsv hosp,2,2026-10-17,11,quantile,0.01,0.0
2026-10-03,wk inc rsv hosp,3,2026-10-24,11,quantile,0.01,0.0
2026-10-03,wk inc rsv hosp,0,2026-10-03,11,quantile,0.025,1.0
2026-10-03,wk inc rsv hosp,1,2026-10-10,11,quantile,0.025,1.0
2026-10-03,wk inc rsv hosp,2,2026-10-17,11,quantile,0.025,1.0
2026-10-03,wk inc rsv hosp,3,2026-10-24,11,quantile,0.025,0.0
2026-10-03,wk inc rsv hosp,0,2026-10-03,11,quantile,0.05,1.0
2026-10-03,wk inc rsv hosp,1,2026-10-10,11,quantile,0.05,1.0
2026-10-03,wk inc rsv hosp,2,2026-10-17,11,quantile,0.05,1.0
2026-10-03,wk inc rsv hosp,3,2026-10-24,11,quantile,0.05,0.0
2026-10-03,wk inc rsv hosp,0,2026-10-03,11,quantile,0.1,1.0
2026-10-03,wk inc rsv hosp,1,2026-10-10,11,quantile,0.1,1.0
2026-10-03,wk inc rsv hosp,2,2026-10-17,11,quantile,0.1,1.0
2026-10-03,wk inc rsv hosp,3,2026-10-24,11,quantile,0.1,1.0
2026-10-03,wk inc rsv hosp,0,2026-10-03,11,quantile,0.15,1.0
2026-10-03,wk inc rsv hosp,1,2026-10-10,11,quantile,0.15,1.0
2026-10-03,wk inc rsv hosp,2,2026-10-17,11,quantile,0.15,1.0
2026-10-03,wk inc rsv hosp,3,2026-10-24,11,quantile,0.15,1.0
2026-10-03,wk inc rsv hosp,0,2026-10-03,11,quantile,0.2,1.0
2026-10-03,wk inc rsv hosp,1,2026-10-10,11,quantile,0.2,1.0
2026-10-03,wk inc rsv hosp,2,2026-10-17,11,quantile,0.2,1.0
2026-10-03,wk inc rsv hosp,3,2026-10-24,11,quantile,0.2,1.0
2026-10-03,wk inc rsv hosp,0,2026-10-03,11,quantile,0.25,2.0
2026-10-03,wk inc rsv hosp,1,2026-10-10,11,quantile,0.25,1.0
2026-10-03,wk inc rsv hosp,2,2026-10-17,11,quantile,0.25,1.0
2026-10-03,wk inc rsv hosp,3,2026-10-24,11,quantile,0.25,1.0
2026-10-03,wk inc rsv hosp,0,2026-10-03,11,quantile,0.3,2.0
2026-10-03,wk inc rsv hosp,1,2026-10-10,11,quantile,0.3,2.0
2026-10-03,wk inc rsv hosp,2,2026-10-17,11,quantile,0.3,1.0
2026-10-03,wk inc rsv hosp,3,2026-10-24,11,quantile,0.3,1.0
2026-10-03,wk inc rsv hosp,0,2026-10-03,11,quantile,0.35,2.0
2026-10-03,wk inc rsv hosp,1,2026-10-10,11,quantile,0.35,2.0
2026-10-03,wk inc rsv hosp,2,2026-10-17,11,quantile,0.35,2.0
2026-10-03,wk inc rsv hosp,3,2026-10-24,11,quantile,0.35,2.0
2026-10-03,wk inc rsv hosp,0,2026-10-03,11,quantile,0.4,2.0
2026-10-03,wk inc rsv hosp,1,2026-10-10,11,quantile,0.4,2.0
2026-10-03,wk inc rsv hosp,2,2026-10-17,11,quantile,0.4,2.0
2026-10-03,wk inc rsv hosp,3,2026-10-24,11,quantile,0.4,2.0
2026-10-03,wk inc rsv hosp,0,2026-10-03,11,quantile,0.45,2.0
2026-10-03,wk inc rsv hosp,1,2026-10-10,11,quantile,0.45,2.0
2026-10-03,wk inc rsv hosp,2,2026-10-17,11,quantile,0.45,2.0
2026-10-03,wk inc rsv hosp,3,2026-10-24,11,quantile,0.45,2.0
2026-10-03,wk inc rsv hosp,0,2026-10-03,11,quantile,0.5,2.0
2026-10-03,wk inc rsv hosp,1,2026-10-10,11,quantile,0.5,2.0
2026-10-03,wk inc rsv hosp,2,2026-10-17,11,quantile,0.5,2.0
2026-10-03,wk inc rsv hosp,3,2026-10-24,11,quantile,0.5,2.0
2026-10-03,wk inc rsv hosp,0,2026-10-03,11,quantile,0.55,2.0
2026-10-03,wk inc rsv hosp,1,2026-10-10,11,quantile,0.55,2.0
2026-10-03,wk inc rsv hosp,2,2026-10-17,11,quantile,0.55,2.0
2026-10-03,wk inc rsv hosp,3,2026-10-24,11,quantile,0.55,2.0
2026-10-03,wk inc rsv hosp,0,2026-10-03,11,quantile,0.6,2.0
2026-10-03,wk inc rsv hosp,1,2026-10-10,11,quantile,0.6,2.0
2026-10-03,wk inc rsv hosp,2,2026-10-17,11,quantile,0.6,2.0
2026-10-03,wk inc rsv hosp,3,2026-10-24,11,quantile,0.6,2.0
2026-10-03,wk inc rsv hosp,0,2026-10-03,11,quantile,0.65,2.0
2026-10-03,wk inc rsv hosp,1,2026-10-10,11,quantile,0.65,2.0
2026-10-03,wk inc rsv hosp,2,2026-10-17,11,quantile,0.65,2.0
2026-10-03,wk inc rsv hosp,3,2026-10-24,11,quantile,0.65,3.0
2026-10-03,wk inc rsv hosp,0,2026-10-03,11,quantile,0.7,2.0
2026-10-03,wk inc rsv hosp,1,2026-10-10,11,quantile,0.7,3.0
2026-10-03,wk inc rsv hosp,2,2026-10-17,11,quantile,0.7,3.0
2026-10-03,wk inc rsv hosp,3,2026-10-24,11,quantile,0.7,3.0
2026-10-03,wk inc rsv hosp,0,2026-10-03,11,quantile,0.75,2.0
2026-10-03,wk inc rsv hosp,1,2026-10-10,11,quantile,0.75,3.0
2026-10-03,wk inc rsv hosp,2,2026-10-17,11,quantile,0.75,3.0
2026-10-03,wk inc rsv hosp,3,2026-10-24,11,quantile,0.75,3.0
2026-10-03,wk inc rsv hosp,0,2026-10-03,11,quantile,0.8,3.0
2026-10-03,wk inc rsv hosp,1,2026-10-10,11,quantile,0.8,3.0
2026-10-03,wk inc rsv hosp,2,2026-10-17,11,quantile,0.8,3.0
2026-10-03,wk inc rsv hosp,3,2026-10-24,11,quantile,0.8,3.0
2026-10-03,wk inc rsv hosp,0,2026-10-03,11,quantile,0.85,3.0
2026-10-03,wk inc rsv hosp,1,2026-10-10,11,quantile,0.85,3.0
2026-10-03,wk inc rsv hosp,2,2026-10-17,11,quantile,0.85,3.0
2026-10-03,wk inc rsv hosp,3,2026-10-24,11,quantile,0.85,4.0
2026-10-03,wk inc rsv hosp,0,2026-10-03,11,quantile,0.9,3.0
2026-10-03,wk inc rsv hosp,1,2026-10-10,11,quantile,0.9,3.0
2026-10-03,wk inc rsv hosp,2,2026-10-17,11,quantile,0.9,4.0
2026-10-03,wk inc rsv hosp,3,2026-10-24,11,quantile,0.9,5.0
2026-10-03,wk inc rsv hosp,0,2026-10-03,11,quantile,0.95,3.0
2026-10-03,wk inc rsv hosp,1,2026-10-10,11,quantile,0.95,4.0
2026-10-03,wk inc rsv hosp,2,2026-10-17,11,quantile,0.95,5.0
2026-10-03,wk inc rsv hosp,3,2026-10-24,11,quantile,0.95,6.0
2026-10-03,wk inc rsv hosp,0,2026-10-03,11,quantile,0.975,4.0
2026-10-03,wk inc rsv hosp,1,2026-10-10,11,quantile,0.975,4.0
2026-10-03,wk inc rsv hosp,2,2026-10-17,11,quantile,0.975,5.0
2026-10-03,wk inc rsv hosp,3,2026-10-24,11,quantile,0.975,7.0
2026-10-03,wk inc rsv hosp,0,2026-10-03,11,quantile,0.99,4.0
2026-10-03,wk inc rsv hosp,1,2026-10-10,11,quantile,0.99,5.0
2026-10-03,wk inc rsv hosp,2,2026-10-17,11,quantile,0.99,6.0
2026-10-03,wk inc rsv hosp,3,2026-10-24,11,quantile,0.99,9.0
2026-10-03,wk inc rsv hosp,0,2026-10-03,12,quantile,0.01,109.0
2026-10-03,wk inc rsv hosp,1,2026-10-10,12,quantile,0.01,109.0
2026-10-03,wk inc rsv hosp,2,2026-10-17,12,quantile,0.01,107.0
2026-10-03,wk inc rsv hosp,3,2026-10-24,12,quantile,0.01,105.0
2026-10-03,wk inc rsv hosp,0,2026-10-03,12,quantile,0.025,115.0
2026-10-03,wk inc rsv hosp,1,2026-10-10,12,quantile,0.025,116.0
2026-10-03,wk inc rsv hosp,2,2026-10-17,12,quantile,0.025,116.0
2026-10-03,wk inc rsv hosp,3,2026-10-24,12,quantile,0.025,116.0
2026-10-03,wk inc rsv hosp,0,2026-10-03,12,quantile,0.05,120.0
2026-10-03,wk inc rsv hosp,1,2026-10-10,12,quantile,0.05,124.0
2026-10-03,wk inc rsv hosp,2,2026-10-17,12,quantile,0.05,126.0
2026-10-03,wk inc rsv hosp,3,2026-10-24,12,quantile,0.05,129.0
2026-10-03,wk inc rsv hosp,0,2026-10-03,12,quantile,0.1,127.0
2026-10-03,wk inc rsv hosp,1,2026-10-10,12,quantile,0.1,134.0
2026-10-03,wk inc rsv hosp,2,2026-10-17,12,quantile,0.1,140.0
2026-10-03,wk inc rsv hosp,3,2026-10-24,12,quantile,0.1,147.0
2026-10-03,wk inc rsv hosp,0,2026-10-03,12,quantile,0.15,132.0
2026-10-03,wk inc rsv hosp,1,2026-10-10,12,quantile,0.15,141.0
2026-10-03,wk inc rsv hosp,2,2026-10-17,12,quantile,0.15,151.0
2026-10-03,wk inc rsv hosp,3,2026-10-24,12,quantile,0.15,161.0
2026-10-03,wk inc rsv hosp,0,2026-10-03,12,quantile,0.2,136.0
2026-10-03,wk inc rsv hosp,1,2026-10-10,12,quantile,0.2,148.0
2026-10-03,wk inc rsv hosp,2,2026-10-17,12,quantile,0.2,160.0
2026-10-03,wk inc rsv hosp,3,2026-10-24,12,quantile,0.2,174.0
2026-10-03,wk inc rsv hosp,0,2026-10-03,12,quantile,0.25,140.0
2026-10-03,wk inc rsv hosp,1,2026-10-10,12,quantile,0.25,154.0
2026-10-03,wk inc rsv hosp,2,2026-10-17,12,quantile,0.25,169.0
2026-10-03,wk inc rsv hosp,3,2026-10-24,12,quantile,0.25,186.0
2026-10-03,wk inc rsv hosp,0,2026-10-03,12,quantile,0.3,143.0
2026-10-03,wk inc rsv hosp,1,2026-10-10,12,quantile,0.3,160.0
2026-10-03,wk inc rsv hosp,2,2026-10-17,12,quantile,0.3,177.0
2026-10-03,wk inc rsv hosp,3,2026-10-24,12,quantile,0.3,197.0
2026-10-03,wk inc rsv hosp,0,2026-10-03,12,quantile,0.35,146.0
2026-10-03,wk inc rsv hosp,1,2026-10-10,12,quantile,0.35,165.0
2026-10-03,wk inc rsv hosp,2,2026-10-17,12,quantile,0.35,185.0
2026-10-03,wk inc rsv hosp,3,2026-10-24,12,quantile,0.35,208.0
2026-10-03,wk inc rsv hosp,0,2026-10-03,12,quantile,0.4,149.0
2026-10-03,wk inc rsv hosp,1,2026-10-10,12,quantile,0.4,170.0
2026-10-03,wk inc rsv hosp,2,2026-10-17,12,quantile,0.4,194.0
2026-10-03,wk inc rsv hosp,3,2026-10-24,12,quantile,0.4,220.0
2026-10-03,wk inc rsv hosp,0,2026-10-03,12,quantile,0.45,152.0
2026-10-03,wk inc rsv hosp,1,2026-10-10,12,quantile,0.45,176.0
2026-10-03,wk inc rsv hosp,2,2026-10-17,12,quantile,0.45,202.0
2026-10-03,wk inc rsv hosp,3,2026-10-24,12,quantile,0.45,233.0
2026-10-03,wk inc rsv hosp,0,2026-10-03,12,quantile,0.5,155.0
2026-10-03,wk inc rsv hosp,1,2026-10-10,12,quantile,0.5,181.0
2026-10-03,wk inc rsv hosp,2,2026-10-17,12,quantile,0.5,210.0
2026-10-03,wk inc rsv hosp,3,2026-10-24,12,quantile,0.5,245.0
2026-10-03,wk inc rsv hosp,0,2026-10-03,12,quantile,0.55,158.0
2026-10-03,wk inc rsv hosp,1,2026-10-10,12,quantile,0.55,186.0
2026-10-03,wk inc rsv hosp,2,2026-10-17,12,quantile,0.55,219.0
2026-10-03,wk inc rsv hosp,3,2026-10-24,12,quantile,0.55,257.0
2026-10-03,wk inc rsv hosp,0,2026-10-03,12,quantile,0.6,162.0
2026-10-03,wk inc rsv hosp,1,2026-10-10,12,quantile,0.6,192.0
2026-10-03,wk inc rsv hosp,2,2026-10-17,12,quantile,0.6,227.0
2026-10-03,wk inc rsv hosp,3,2026-10-24,12,quantile,0.6,270.0
2026-10-03,wk inc rsv hosp,0,2026-10-03,12,quantile,0.65,165.0
2026-10-03,wk inc rsv hosp,1,2026-10-10,12,quantile,0.65,198.0
2026-10-03,wk inc rsv hosp,2,2026-10-17,12,quantile,0.65,237.0
2026-10-03,wk inc rsv hosp,3,2026-10-24,12,quantile,0.65,285.0
2026-10-03,wk inc rsv hosp,0,2026-10-03,12,quantile,0.7,169.0
2026-10-03,wk inc rsv hosp,1,2026-10-10,12,quantile,0.7,205.0
2026-10-03,wk inc rsv hosp,2,2026-10-17,12,quantile,0.7,248.0
2026-10-03,wk inc rsv hosp,3,2026-10-24,12,quantile,0.7,301.0
2026-10-03,wk inc rsv hosp,0,2026-10-03,12,quantile,0.75,173.0
2026-10-03,wk inc rsv hosp,1,2026-10-10,12,quantile,0.75,212.0
2026-10-03,wk inc rsv hosp,2,2026-10-17,12,quantile,0.75,261.0
2026-10-03,wk inc rsv hosp,3,2026-10-24,12,quantile,0.75,320.0
2026-10-03,wk inc rsv hosp,0,2026-10-03,12,quantile,0.8,177.0
2026-10-03,wk inc rsv hosp,1,2026-10-10,12,quantile,0.8,220.0
2026-10-03,wk inc rsv hosp,2,2026-10-17,12,quantile,0.8,274.0
2026-10-03,wk inc rsv hosp,3,2026-10-24,12,quantile,0.8,342.0
2026-10-03,wk inc rsv hosp,0,2026-10-03,12,quantile,0.85,182.0
2026-10-03,wk inc rsv hosp,1,2026-10-10,12,quantile,0.85,230.0
2026-10-03,wk inc rsv hosp,2,2026-10-17,12,quantile,0.85,291.0
2026-10-03,wk inc rsv hosp,3,2026-10-24,12,quantile,0.85,369.0
2026-10-03,wk inc rsv hosp,0,2026-10-03,12,quantile,0.9,189.0
2026-10-03,wk inc rsv hosp,1,2026-10-10,12,quantile,0.9,242.0
2026-10-03,wk inc rsv hosp,2,2026-10-17,12,quantile,0.9,313.0
2026-10-03,wk inc rsv hosp,3,2026-10-24,12,quantile,0.9,406.0
2026-10-03,wk inc rsv hosp,0,2026-10-03,12,quantile,0.95,199.0
2026-10-03,wk inc rsv hosp,1,2026-10-10,12,quantile,0.95,262.0
2026-10-03,wk inc rsv hosp,2,2026-10-17,12,quantile,0.95,349.0
2026-10-03,wk inc rsv hosp,3,2026-10-24,12,quantile,0.95,463.0
2026-10-03,wk inc rsv hosp,0,2026-10-03,12,quantile,0.975,207.0
2026-10-03,wk inc rsv hosp,1,2026-10-10,12,quantile,0.975,277.0
2026-10-03,wk inc rsv hosp,2,2026-10-17,12,quantile,0.975,379.0
2026-10-03,wk inc rsv hosp,3,2026-10-24,12,quantile,0.975,515.0
2026-10-03,wk inc rsv hosp,0,2026-10-03,12,quantile,0.99,216.0
2026-10-03,wk inc rsv hosp,1,2026-10-10,12,quantile,0.99,296.0
2026-10-03,wk inc rsv hosp,2,2026-10-17,12,quantile,0.99,412.0
2026-10-03,wk inc rsv hosp,3,2026-10-24,12,quantile,0.99,572.0
2026-10-03,wk inc rsv hosp,0,2026-10-03,13,quantile,0.01,2.0
2026-10-03,wk inc rsv hosp,1,2026-10-10,13,quantile,0.01,2.0
2026-10-03,wk inc rsv hosp,2,2026-10-17,13,quantile,0.01,0.0
2026-10-03,wk inc rsv hosp,3,2026-10-24,13,quantile,0.01,0.0
2026-10-03,wk inc rsv hosp,0,2026-10-03,13,quantile,0.025,2.0
2026-10-03,wk inc rsv hosp,1,2026-10-10,13,quantile,0.025,2.0
2026-10-03,wk inc rsv hosp,2,2026-10-17,13,quantile,0.025,1.0
2026-10-03,wk inc rsv hosp,3,2026-10-24,13,quantile,0.025,0.0
2026-10-03,wk inc rsv hosp,0,2026-10-03,13,quantile,0.05,4.0
2026-10-03,wk inc rsv hosp,1,2026-10-10,13,quantile,0.05,4.0
2026-10-03,wk inc rsv hosp,2,2026-10-17,13,quantile,0.05,2.0
2026-10-03,wk inc rsv hosp,3,2026-10-24,13,quantile,0.05,2.0
2026-10-03,wk inc rsv hosp,0,2026-10-03,13,quantile,0.1,6.0
2026-10-03,wk inc rsv hosp,1,2026-10-10,13,quantile,0.1,4.0
2026-10-03,wk inc rsv hosp,2,2026-10-17,13,quantile,0.1,4.0
2026-10-03,wk inc rsv hosp,3,2026-10-24,13,quantile,0.1,2.0
2026-10-03,wk inc rsv hosp,0,2026-10-03,13,quantile,0.15,8.0
2026-10-03,wk inc rsv hosp,1,2026-10-10,13,quantile,0.15,6.0
2026-10-03,wk inc rsv hosp,2,2026-10-17,13,quantile,0.15,4.0
2026-10-03,wk inc rsv hosp,3,2026-10-24,13,quantile,0.15,4.0
2026-10-03,wk inc rsv hosp,0,2026-10-03,13,quantile,0.2,8.0
2026-10-03,wk inc rsv hosp,1,2026-10-10,13,quantile,0.2,8.0
2026-10-03,wk inc rsv hosp,2,2026-10-17,13,quantile,0.2,6.0
2026-10-03,wk inc rsv hosp,3,2026-10-24,13,quantile,0.2,6.0
2026-10-03,wk inc rsv hosp,0,2026-10-03,13,quantile,0.25,8.0
2026-10-03,wk inc rsv hosp,1,2026-10-10,13,quantile,0.25,8.0
2026-10-03,wk inc rsv hosp,2,2026-10-17,13,quantile,0.25,8.0
2026-10-03,wk inc rsv hosp,3,2026-10-24,13,quantile,0.25,6.0
2026-10-03,wk inc rsv hosp,0,2026-10-03,13,quantile,0.3,10.0
2026-10-03,wk inc rsv hosp,1,2026-10-10,13,quantile,0.3,10.0
2026-10-03,wk inc rsv hosp,2,2026-10-17,13,quantile,0.3,8.0
2026-10-03,wk inc rsv hosp,3,2026-10-24,13,quantile,0.3,8.0
2026-10-03,wk inc rsv hosp,0,2026-10-03,13,quantile,0.35,10.0
2026-10-03,wk inc rsv hosp,1,2026-10-10,13,quantile,0.35,10.0
2026-10-03,wk inc rsv hosp,2,2026-10-17,13,quantile,0.35,10.0
2026-10-03,wk inc rsv hosp,3,2026-10-24,13,quantile,0.35,10.0
2026-10-03,wk inc rsv hosp,0,2026-10-03,13,quantile,0.4,12.0
2026-10-03,wk inc rsv hosp,1,2026-10-10,13,quantile,0.4,12.0
2026-10-03,wk inc rsv hosp,2,2026-10-17,13,quantile,0.4,10.0
2026-10-03,wk inc rsv hosp,3,2026-10-24,13,quantile,0.4,10.0
2026-10-03,wk inc rsv hosp,0,2026-10-03,13,quantile,0.45,12.0
2026-10-03,wk inc rsv hosp,1,2026-10-10,13,quantile,0.45,12.0
2026-10-03,wk inc rsv hosp,2,2026-10-17,13,quantile,0.45,12.0
2026-10-03,wk inc rsv hosp,3,2026-10-24,13,quantile,0.45,12.0
2026-10-03,wk inc rsv hosp,0,2026-10-03,13,quantile,0.5,12.0
2026-10-03,wk inc rsv hosp,1,2026-10-10,13,quantile,0.5,15.0
2026-10-03,wk inc rsv hosp,2,2026-10-17,13,quantile,0.5,15.0
2026-10-03,wk inc rsv hosp,3,2026-10-24,13,quantile,0.5,15.0
2026-10-03,wk inc rsv hosp,0,2026-10-03,13,quantile,0.55,15.0
2026-10-03,wk inc rsv hosp,1,2026-10-10,13,quantile,0.55,15.0
2026-10-03,wk inc rsv hosp,2,2026-10-17,13,quantile,0.55,17.0
2026-10-03,wk inc rsv hosp,3,2026-10-24,13,quantile,0.55,17.0
2026-10-03,wk inc rsv hosp,0,2026-10-03,13,quantile,0.6,15.0
2026-10-03,wk inc rsv hosp,1,2026-10-10,13,quantile,0.6,17.0
2026-10-03,wk inc rsv hosp,2,2026-10-17,13,quantile,0.6,19.0
2026-10-03,wk inc rsv hosp,3,2026-10-24,13,quantile,0.6,17.0
2026-10-03,wk inc rsv hosp,0,2026-10-03,13,quantile,0.65,17.0
2026-10-03,wk inc rsv hosp,1,2026-10-10,13,quantile,0.65,17.0
2026-10-03,wk inc rsv hosp,2,2026-10-17,13,quantile,0.65,19.0
2026-10-03,wk inc rsv hosp,3,2026-10-24,13,quantile,0.65,19.0
2026-10-03,wk inc rsv hosp,0,2026-10-03,13,quantile,0.7,19.0
2026-10-03,wk inc rsv hosp,1,2026-10-10,13,quantile,0.7,19.0
2026-10-03,wk inc rsv hosp,2,2026-10-17,13,quantile,0.7,21.0
2026-10-03,wk inc rsv hosp,3,2026-10-24,13,quantile,0.7,21.0
2026-10-03,wk inc rsv hosp,0,2026-10-03,13,quantile,0.75,19.0
2026-10-03,wk inc rsv hosp,1,2026-10-10,13,quantile,0.75,21.0
2026-10-03,wk inc rsv hosp,2,2026-10-17,13,quantile,0.75,23.0
2026-10-03,wk inc rsv hosp,3,2026-10-24,13,quantile,0.75,23.0
2026-10-03,wk inc rsv hosp,0,2026-10-03,13,quantile,0.8,21.0
2026-10-03,wk inc rsv hosp,1,2026-10-10,13,quantile,0.8,23.0
2026-10-03,wk inc rsv hosp,2,2026-10-17,13,quantile,0.8,25.0
2026-10-03,wk inc rsv hosp,3,2026-10-24,13,quantile,0.8,27.0
2026-10-03,wk inc rsv hosp,0,2026-10-03,13,quantile,0.85,23.0
2026-10-03,wk inc rsv hosp,1,2026-10-10,13,quantile,0.85,25.0
2026-10-03,wk inc rsv hosp,2,2026-10-17,13,quantile,0.85,29.0
2026-10-03,wk inc rsv hosp,3,2026-10-24,13,quantile,0.85,31.0
2026-10-03,wk inc rsv hosp,0,2026-10-03,13,quantile,0.9,25.0
2026-10-03,wk inc rsv hosp,1,2026-10-10,13,quantile,0.9,29.0
2026-10-03,wk inc rsv hosp,2,2026-10-17,13,quantile,0.9,33.0
2026-10-03,wk inc rsv hosp,3,2026-10-24,13,quantile,0.9,35.0
2026-10-03,wk inc rsv hosp,0,2026-10-03,13,quantile,0.95,29.0
2026-10-03,wk inc rsv hosp,1,2026-10-10,13,quantile,0.95,33.0
2026-10-03,wk inc rsv hosp,2,2026-10-17,13,quantile,0.95,39.0
2026-10-03,wk inc rsv hosp,3,2026-10-24,13,quantile,0.95,48.0
2026-10-03,wk inc rsv hosp,0,2026-10-03,13,quantile,0.975,31.0
2026-10-03,wk inc rsv hosp,1,2026-10-10,13,quantile,0.975,39.0
2026-10-03,wk inc rsv hosp,2,2026-10-17,13,quantile,0.975,46.0
2026-10-03,wk inc rsv hosp,3,2026-10-24,13,quantile,0.975,57.0
2026-10-03,wk inc rsv hosp,0,2026-10-03,13,quantile,0.99,37.0
2026-10-03,wk inc rsv hosp,1,2026-10-10,13,quantile,0.99,41.0
2026-10-03,wk inc rsv hosp,2,2026-10-17,13,quantile,0.99,58.0
2026-10-03,wk inc rsv hosp,3,2026-10-24,13,quantile,0.99,75.0
2026-10-03,wk inc rsv hosp,0,2026-10-03,15,quantile,0.01,3.0
2026-10-03,wk inc rsv hosp,1,2026-10-10,15,quantile,0.01,3.0
2026-10-03,wk inc rsv hosp,2,2026-10-17,15,quantile,0.01,2.0
2026-10-03,wk inc rsv hosp,3,2026-10-24,15,quantile,0.01,2.0
2026-10-03,wk inc rsv hosp,0,2026-10-03,15,quantile,0.025,4.0
2026-10-03,wk inc rsv hosp,1,2026-10-10,15,quantile,0.025,3.0
2026-10-03,wk inc rsv hosp,2,2026-10-17,15,quantile,0.025,2.0
2026-10-03,wk inc rsv hosp,3,2026-10-24,15,quantile,0.025,2.0
2026-10-03,wk inc rsv hosp,0,2026-10-03,15,quantile,0.05,4.0
2026-10-03,wk inc rsv hosp,1,2026-10-10,15,quantile,0.05,3.0
2026-10-03,wk inc rsv hosp,2,2026-10-17,15,quantile,0.05,3.0
2026-10-03,wk inc rsv hosp,3,2026-10-24,15,quantile,0.05,2.0
2026-10-03,wk inc rsv hosp,0,2026-10-03,15,quantile,0.1,4.0
2026-10-03,wk inc rsv hosp,1,2026-10-10,15,quantile,0.1,4.0
2026-10-03,wk inc rsv hosp,2,2026-10-17,15,quantile,0.1,3.0
2026-10-03,wk inc rsv hosp,3,2026-10-24,15,quantile,0.1,3.0
2026-10-03,wk inc rsv hosp,0,2026-10-03,15,quantile,0.15,5.0
2026-10-03,wk inc rsv hosp,1,2026-10-10,15,quantile,0.15,4.0
2026-10-03,wk inc rsv hosp,2,2026-10-17,15,quantile,0.15,4.0
2026-10-03,wk inc rsv hosp,3,2026-10-24,15,quantile,0.15,3.0
2026-10-03,wk inc rsv hosp,0,2026-10-03,15,quantile,0.2,5.0
2026-10-03,wk inc rsv hosp,1,2026-10-10,15,quantile,0.2,5.0
2026-10-03,wk inc rsv hosp,2,2026-10-17,15,quantile,0.2,4.0
2026-10-03,wk inc rsv hosp,3,2026-10-24,15,quantile,0.2,4.0
2026-10-03,wk inc rsv hosp,0,2026-10-03,15,quantile,0.25,5.0
2026-10-03,wk inc rsv hosp,1,2026-10-10,15,quantile,0.25,5.0
2026-10-03,wk inc rsv hosp,2,2026-10-17,15,quantile,0.25,5.0
2026-10-03,wk inc rsv hosp,3,2026-10-24,15,quantile,0.25,4.0
2026-10-03,wk inc rsv hosp,0,2026-10-03,15,quantile,0.3,5.0
2026-10-03,wk inc rsv hosp,1,2026-10-10,15,quantile,0.3,5.0
2026-10-03,wk inc rsv hosp,2,2026-10-17,15,quantile,0.3,5.0
2026-10-03,wk inc rsv hosp,3,2026-10-24,15,quantile,0.3,5.0
2026-10-03,wk inc rsv hosp,0,2026-10-03,15,quantile,0.35,5.0
2026-10-03,wk inc rsv hosp,1,2026-10-10,15,quantile,0.35,5.0
2026-10-03,wk inc rsv hosp,2,2026-10-17,15,quantile,0.35,5.0
2026-10-03,wk inc rsv hosp,3,2026-10-24,15,quantile,0.35,5.0
2026-10-03,wk inc rsv hosp,0,2026-10-03,15,quantile,0.4,6.0
2026-10-03,wk inc rsv hosp,1,2026-10-10,15,quantile,0.4,6.0
2026-10-03,wk inc rsv hosp,2,2026-10-17,15,quantile,0.4,6.0
2026-10-03,wk inc rsv hosp,3,2026-10-24,15,quantile,0.4,6.0
2026-10-03,wk inc rsv hosp,0,2026-10-03,15,quantile,0.45,6.0
2026-10-03,wk inc rsv hosp,1,2026-10-10,15,quantile,0.45,6.0
2026-10-03,wk inc rsv hosp,2,2026-10-17,15,quantile,0.45,6.0
2026-10-03,wk inc rsv hosp,3,2026-10-24,15,quantile,0.45,6.0
2026-10-03,wk inc rsv hosp,0,2026-10-03,15,quantile,0.5,6.0
2026-10-03,wk inc rsv hosp,1,2026-10-10,15,quantile,0.5,6.0
2026-10-03,wk inc rsv hosp,2,2026-10-17,15,quantile,0.5,7.0
2026-10-03,wk inc rsv hosp,3,2026-10-24,15,quantile,0.5,7.0
2026-10-03,wk inc rsv hosp,0,2026-10-03,15,quantile,0.55,6.0
2026-10-03,wk inc rsv hosp,1,2026-10-10,15,quantile,0.55,7.0
2026-10-03,wk inc rsv hosp,2,2026-10-17,15,quantile,0.55,7.0
2026-10-03,wk inc rsv hosp,3,2026-10-24,15,quantile,0.55,7.0
2026-10-03,wk inc rsv hosp,0,2026-10-03,15,quantile,0.6,7.0
2026-10-03,wk inc rsv hosp,1,2026-10-10,15,quantile,0.6,7.0
2026-10-03,wk inc rsv hosp,2,2026-10-17,15,quantile,0.6,8.0
2026-10-03,wk inc rsv hosp,3,2026-10-24,15,quantile,0.6,8.0
2026-10-03,wk inc rsv hosp,0,2026-10-03,15,quantile,0.65,7.0
2026-10-03,wk inc rsv hosp,1,2026-10-10,15,quantile,0.65,7.0
2026-10-03,wk inc rsv hosp,2,2026-10-17,15,quantile,0.65,8.0
2026-10-03,wk inc rsv hosp,3,2026-10-24,15,quantile,0.65,9.0
2026-10-03,wk inc rsv hosp,0,2026-10-03,15,quantile,0.7,7.0
2026-10-03,wk inc rsv hosp,1,2026-10-10,15,quantile,0.7,8.0
2026-10-03,wk inc rsv hosp,2,2026-10-17,15,quantile,0.7,9.0
2026-10-03,wk inc rsv hosp,3,2026-10-24,15,quantile,0.7,10.0
2026-10-03,wk inc rsv hosp,0,2026-10-03,15,quantile,0.75,7.0
2026-10-03,wk inc rsv hosp,1,2026-10-10,15,quantile,0.75,8.0
2026-10-03,wk inc rsv hosp,2,2026-10-17,15,quantile,0.75,9.0
2026-10-03,wk inc rsv hosp,3,2026-10-24,15,quantile,0.75,11.0
2026-10-03,wk inc rsv hosp,0,2026-10-03,15,quantile,0.8,8.0
2026-10-03,wk inc rsv hosp,1,2026-10-10,15,quantile,0.8,9.0
2026-10-03,wk inc rsv hosp,2,2026-10-17,15,quantile,0.8,10.0
2026-10-03,wk inc rsv hosp,3,2026-10-24,15,quantile,0.8,12.0
2026-10-03,wk inc rsv hosp,0,2026-10-03,15,quantile,0.85,8.0
2026-10-03,wk inc rsv hosp,1,2026-10-10,15,quantile,0.85,10.0
2026-10-03,wk inc rsv hosp,2,2026-10-17,15,quantile,0.85,11.0
2026-10-03,wk inc rsv hosp,3,2026-10-24,15,quantile,0.85,14.0
2026-10-03,wk inc rsv hosp,0,2026-10-03,15,quantile,0.9,9.0
2026-10-03,wk inc rsv hosp,1,2026-10-10,15,quantile,0.9,10.0
2026-10-03,wk inc rsv hosp,2,2026-10-17,15,quantile,0.9,13.0
2026-10-03,wk inc rsv hosp,3,2026-10-24,15,quantile,0.9,16.0
2026-10-03,wk inc rsv hosp,0,2026-10-03,15,quantile,0.95,9.0
2026-10-03,wk inc rsv hosp,1,2026-10-10,15,quantile,0.95,12.0
2026-10-03,wk inc rsv hosp,2,2026-10-17,15,quantile,0.95,15.0
2026-10-03,wk inc rsv hosp,3,2026-10-24,15,quantile,0.95,20.0
2026-10-03,wk inc rsv hosp,0,2026-10-03,15,quantile,0.975,10.0
2026-10-03,wk inc rsv hosp,1,2026-10-10,15,quantile,0.975,13.0
2026-10-03,wk inc rsv hosp,2,2026-10-17,15,quantile,0.975,18.0
2026-10-03,wk inc rsv hosp,3,2026-10-24,15,quantile,0.975,24.0
2026-10-03,wk inc rsv hosp,0,2026-10-03,15,quantile,0.99,11.0
2026-10-03,wk inc rsv hosp,1,2026-10-10,15,quantile,0.99,14.0
2026-10-03,wk inc rsv hosp,2,2026-10-17,15,quantile,0.99,20.0
2026-10-03,wk inc rsv hosp,3,2026-10-24,15,quantile,0.99,28.0
2026-10-03,wk inc rsv hosp,0,2026-10-03,16,quantile,0.01,1.0
2026-10-03,wk inc rsv hosp,1,2026-10-10,16,quantile,0.01,1.0
2026-10-03,wk inc rsv hosp,2,2026-10-17,16,quantile,0.01,0.0
2026-10-03,wk inc rsv hosp,3,2026-10-24,16,quantile,0.01,0.0
2026-10-03,wk inc rsv hosp,0,2026-10-03,16,quantile,0.025,1.0
2026-10-03,wk inc rsv hosp,1,2026-10-10,16,quantile,0.025,1.0
2026-10-03,wk inc rsv hosp,2,2026-10-17,16,quantile,0.025,1.0
2026-10-03,wk inc rsv hosp,3,2026-10-24,16,quantile,0.025,1.0
2026-10-03,wk inc rsv hosp,0,2026-10-03,16,quantile,0.05,1.0
2026-10-03,wk inc rsv hosp,1,2026-10-10,16,quantile,0.05,1.0
2026-10-03,wk inc rsv hosp,2,2026-10-17,16,quantile,0.05,1.0
2026-10-03,wk inc rsv hosp,3,2026-10-24,16,quantile,0.05,1.0
2026-10-03,wk inc rsv hosp,0,2026-10-03,16,quantile,0.1,2.0
2026-10-03,wk inc rsv hosp,1,2026-10-10,16,quantile,0.1,1.0
2026-10-03,wk inc rsv hosp,2,2026-10-17,16,quantile,0.1,1.0
2026-10-03,wk inc rsv hosp,3,2026-10-24,16,quantile,0.1,1.0
2026-10-03,wk inc rsv hosp,0,2026-10-03,16,quantile,0.15,2.0
2026-10-03,wk inc rsv hosp,1,2026-10-10,16,quantile,0.15,2.0
2026-10-03,wk inc rsv hosp,2,2026-10-17,16,quantile,0.15,1.0
2026-10-03,wk inc rsv hosp,3,2026-10-24,16,quantile,0.15,1.0
2026-10-03,wk inc rsv hosp,0,2026-10-03,16,quantile,0.2,2.0
2026-10-03,wk inc rsv hosp,1,2026-10-10,16,quantile,0.2,2.0
2026-10-03,wk inc rsv hosp,2,2026-10-17,16,quantile,0.2,2.0
2026-10-03,wk inc rsv hosp,3,2026-10-24,16,quantile,0.2,1.0
2026-10-03,wk inc rsv hosp,0,2026-10-03,16,quantile,0.25,2.0
2026-10-03,wk inc rsv hosp,1,2026-10-10,16,quantile,0.25,2.0
2026-10-03,wk inc rsv hosp,2,2026-10-17,16,quantile,0.25,2.0
2026-10-03,wk inc rsv hosp,3,2026-10-24,16,quantile,0.25,2.0
2026-10-03,wk inc rsv hosp,0,2026-10-03,16,quantile,0.3,2.0
2026-10-03,wk inc rsv hosp,1,2026-10-10,16,quantile,0.3,2.0
2026-10-03,wk inc rsv hosp,2,2026-10-17,16,quantile,0.3,2.0
2026-10-03,wk inc rsv hosp,3,2026-10-24,16,quantile,0.3,2.0
2026-10-03,wk inc rsv hosp,0,2026-10-03,16,quantile,0.35,2.0
2026-10-03,wk inc rsv hosp,1,2026-10-10,16,quantile,0.35,2.0
2026-10-03,wk inc rsv hosp,2,2026-10-17,16,quantile,0.35,2.0
2026-10-03,wk inc rsv hosp,3,2026-10-24,16,quantile,0.35,2.0
2026-10-03,wk inc rsv hosp,0,2026-10-03,16,quantile,0.4,2.0
2026-10-03,wk inc rsv hosp,1,2026-10-10,16,quantile,0.4,2.0
2026-10-03,wk inc rsv hosp,2,2026-10-17,16,quantile,0.4,2.0
2026-10-03,wk inc rsv hosp,3,2026-10-24,16,quantile,0.4,2.0
2026-10-03,wk inc rsv hosp,0,2026-10-03,16,quantile,0.45,2.0
2026-10-03,wk inc rsv hosp,1,2026-10-10,16,quantile,0.45,2.0
2026-10-03,wk inc rsv hosp,2,2026-10-17,16,quantile,0.45,2.0
2026-10-03,wk inc rsv hosp,3,2026-10-24,16,quantile,0.45,2.0
2026-10-03,wk inc rsv hosp,0,2026-10-03,16,quantile,0.5,2.0
2026-10-03,wk inc rsv hosp,1,2026-10-10,16,quantile,0.5,3.0
2026-10-03,wk inc rsv hosp,2,2026-10-17,16,quantile,0.5,3.0
2026-10-03,wk inc rsv hosp,3,2026-10-24,16,quantile,0.5,3.0
2026-10-03,wk inc rsv hosp,0,2026-10-03,16,quantile,0.55,3.0
2026-10-03,wk inc rsv hosp,1,2026-10-10,16,quantile,0.55,3.0
2026-10-03,wk inc rsv hosp,2,2026-10-17,16,quantile,0.55,3.0
2026-10-03,wk inc rsv hosp,3,2026-10-24,16,quantile,0.55,3.0
2026-10-03,wk inc rsv hosp,0,2026-10-03,16,quantile,0.6,3.0
2026-10-03,wk inc rsv hosp,1,2026-10-10,16,quantile,0.6,3.0
2026-10-03,wk inc rsv hosp,2,2026-10-17,16,quantile,0.6,3.0
2026-10-03,wk inc rsv hosp,3,2026-10-24,16,quantile,0.6,3.0
2026-10-03,wk inc rsv hosp,0,2026-10-03,16,quantile,0.65,3.0
2026-10-03,wk inc rsv hosp,1,2026-10-10,16,quantile,0.65,3.0
2026-10-03,wk inc rsv hosp,2,2026-10-17,16,quantile,0.65,3.0
2026-10-03,wk inc rsv hosp,3,2026-10-24,16,quantile,0.65,3.0
2026-10-03,wk inc rsv hosp,0,2026-10-03,16,quantile,0.7,3.0
2026-10-03,wk inc rsv hosp,1,2026-10-10,16,quantile,0.7,3.0
2026-10-03,wk inc rsv hosp,2,2026-10-17,16,quantile,0.7,4.0
2026-10-03,wk inc rsv hosp,3,2026-10-24,16,quantile,0.7,4.0
2026-10-03,wk inc rsv hosp,0,2026-10-03,16,quantile,0.75,3.0
2026-10-03,wk inc rsv hosp,1,2026-10-10,16,quantile,0.75,4.0
2026-10-03,wk inc rsv hosp,2,2026-10-17,16,quantile,0.75,4.0
2026-10-03,wk inc rsv hosp,3,2026-10-24,16,quantile,0.75,4.0
2026-10-03,wk inc rsv hosp,0,2026-10-03,16,quantile,0.8,3.0
2026-10-03,wk inc rsv hosp,1,2026-10-10,16,quantile,0.8,4.0
2026-10-03,wk inc rsv hosp,2,2026-10-17,16,quantile,0.8,4.0
2026-10-03,wk inc rsv hosp,3,2026-10-24,16,quantile,0.8,5.0
2026-10-03,wk inc rsv hosp,0,2026-10-03,16,quantile,0.85,4.0
2026-10-03,wk inc rsv hosp,1,2026-10-10,16,quantile,0.85,4.0
2026-10-03,wk inc rsv hosp,2,2026-10-17,16,quantile,0.85,5.0
2026-10-03,wk inc rsv hosp,3,2026-10-24,16,quantile,0.85,5.0
2026-10-03,wk inc rsv hosp,0,2026-10-03,16,quantile,0.9,4.0
2026-10-03,wk inc rsv hosp,1,2026-10-10,16,quantile,0.9,5.0
2026-10-03,wk inc rsv hosp,2,2026-10-17,16,quantile,0.9,5.0
2026-10-03,wk inc rsv hosp,3,2026-10-24,16,quantile,0.9,6.0
2026-10-03,wk inc rsv hosp,0,2026-10-03,16,quantile,0.95,4.0
2026-10-03,wk inc rsv hosp,1,2026-10-10,16,quantile,0.95,5.0
2026-10-03,wk inc rsv hosp,2,2026-10-17,16,quantile,0.95,6.0
2026-10-03,wk inc rsv hosp,3,2026-10-24,16,quantile,0.95,8.0
2026-10-03,wk inc rsv hosp,0,2026-10-03,16,quantile,0.975,4.0
2026-10-03,wk inc rsv hosp,1,2026-10-10,16,quantile,0.975,6.0
2026-10-03,wk inc rsv hosp,2,2026-10-17,16,quantile,0.975,7.0
2026-10-03,wk inc rsv hosp,3,2026-10-24,16,quantile,0.975,10.0
2026-10-03,wk inc rsv hosp,0,2026-10-03,16,quantile,0.99,5.0
2026-10-03,wk inc rsv hosp,1,2026-10-10,16,quantile,0.99,7.0
2026-10-03,wk inc rsv hosp,2,2026-10-17,16,quantile,0.99,8.0
2026-10-03,wk inc rsv hosp,3,2026-10-24,16,quantile,0.99,11.0
2026-10-03,wk inc rsv hosp,0,2026-10-03,17,quantile,0.01,2.0
2026-10-03,wk inc rsv hosp,1,2026-10-10,17,quantile,0.01,0.0
2026-10-03,wk inc rsv hosp,2,2026-10-17,17,quantile,0.01,0.0
2026-10-03,wk inc rsv hosp,3,2026-10-24,17,quantile,0.01,0.0
2026-10-03,wk inc rsv hosp,0,2026-10-03,17,quantile,0.025,2.0
2026-10-03,wk inc rsv hosp,1,2026-10-10,17,quantile,0.025,2.0
2026-10-03,wk inc rsv hosp,2,2026-10-17,17,quantile,0.025,1.0
2026-10-03,wk inc rsv hosp,3,2026-10-24,17,quantile,0.025,0.0
2026-10-03,wk inc rsv hosp,0,2026-10-03,17,quantile,0.05,4.0
2026-10-03,wk inc rsv hosp,1,2026-10-10,17,quantile,0.05,2.0
2026-10-03,wk inc rsv hosp,2,2026-10-17,17,quantile,0.05,2.0
2026-10-03,wk inc rsv hosp,3,2026-10-24,17,quantile,0.05,0.0
2026-10-03,wk inc rsv hosp,0,2026-10-03,17,quantile,0.1,7.0
2026-10-03,wk inc rsv hosp,1,2026-10-10,17,quantile,0.1,4.0
2026-10-03,wk inc rsv hosp,2,2026-10-17,17,quantile,0.1,4.0
2026-10-03,wk inc rsv hosp,3,2026-10-24,17,quantile,0.1,2.0
2026-10-03,wk inc rsv hosp,0,2026-10-03,17,quantile,0.15,7.0
2026-10-03,wk inc rsv hosp,1,2026-10-10,17,quantile,0.15,4.0
2026-10-03,wk inc rsv hosp,2,2026-10-17,17,quantile,0.15,4.0
2026-10-03,wk inc rsv hosp,3,2026-10-24,17,quantile,0.15,4.0
2026-10-03,wk inc rsv hosp,0,2026-10-03,17,quantile,0.2,9.0
2026-10-03,wk inc rsv hosp,1,2026-10-10,17,quantile,0.2,7.0
2026-10-03,wk inc rsv hosp,2,2026-10-17,17,quantile,0.2,7.0
2026-10-03,wk inc rsv hosp,3,2026-10-24,17,quantile,0.2,4.0
2026-10-03,wk inc rsv hosp,0,2026-10-03,17,quantile,0.25,9.0
2026-10-03,wk inc rsv hosp,1,2026-10-10,17,quantile,0.25,9.0
2026-10-03,wk inc rsv hosp,2,2026-10-17,17,quantile,0.25,7.0
2026-10-03,wk inc rsv hosp,3,2026-10-24,17,quantile,0.25,7.0
2026-10-03,wk inc rsv hosp,0,2026-10-03,17,quantile,0.3,11.0
2026-10-03,wk inc rsv hosp,1,2026-10-10,17,quantile,0.3,9.0
2026-10-03,wk inc rsv hosp,2,2026-10-17,17,quantile,0.3,9.0
2026-10-03,wk inc rsv hosp,3,2026-10-24,17,quantile,0.3,9.0
2026-10-03,wk inc rsv hosp,0,2026-10-03,17,quantile,0.35,11.0
2026-10-03,wk inc rsv hosp,1,2026-10-10,17,quantile,0.35,11.0
2026-10-03,wk inc rsv hosp,2,2026-10-17,17,quantile,0.35,9.0
2026-10-03,wk inc rsv hosp,3,2026-10-24,17,quantile,0.35,9.0
2026-10-03,wk inc rsv hosp,0,2026-10-03,17,quantile,0.4,11.0
2026-10-03,wk inc rsv hosp,1,2026-10-10,17,quantile,0.4,11.0
2026-10-03,wk inc rsv hosp,2,2026-10-17,17,quantile,0.4,11.0
2026-10-03,wk inc rsv hosp,3,2026-10-24,17,quantile,0.4,11.0
2026-10-03,wk inc rsv hosp,0,2026-10-03,17,quantile,0.45,13.0
2026-10-03,wk inc rsv hosp,1,2026-10-10,17,quantile,0.45,13.0
2026-10-03,wk inc rsv hosp,2,2026-10-17,17,quantile,0.45,13.0
2026-10-03,wk inc rsv hosp,3,2026-10-24,17,quantile,0.45,11.0
2026-10-03,wk inc rsv hosp,0,2026-10-03,17,quantile,0.5,13.0
2026-10-03,wk inc rsv hosp,1,2026-10-10,17,quantile,0.5,13.0
2026-10-03,wk inc rsv hosp,2,2026-10-17,17,quantile,0.5,13.0
2026-10-03,wk inc rsv hosp,3,2026-10-24,17,quantile,0.5,13.0
2026-10-03,wk inc rsv hosp,0,2026-10-03,17,quantile,0.55,13.0
2026-10-03,wk inc rsv hosp,1,2026-10-10,17,quantile,0.55,16.0
2026-10-03,wk inc rsv hosp,2,2026-10-17,17,quantile,0.55,16.0
2026-10-03,wk inc rsv hosp,3,2026-10-24,17,quantile,0.55,16.0
2026-10-03,wk inc rsv hosp,0,2026-10-03,17,quantile,0.6,16.0
2026-10-03,wk inc rsv hosp,1,2026-10-10,17,quantile,0.6,16.0
2026-10-03,wk inc rsv hosp,2,2026-10-17,17,quantile,0.6,16.0
2026-10-03,wk inc rsv hosp,3,2026-10-24,17,quantile,0.6,18.0
2026-10-03,wk inc rsv hosp,0,2026-10-03,17,quantile,0.65,16.0
2026-10-03,wk inc rsv hosp,1,2026-10-10,17,quantile,0.65,18.0
2026-10-03,wk inc rsv hosp,2,2026-10-17,17,quantile,0.65,18.0
2026-10-03,wk inc rsv hosp,3,2026-10-24,17,quantile,0.65,20.0
2026-10-03,wk inc rsv hosp,0,2026-10-03,17,quantile,0.7,18.0
2026-10-03,wk inc rsv hosp,1,2026-10-10,17,quantile,0.7,20.0
2026-10-03,wk inc rsv hosp,2,2026-10-17,17,quantile,0.7,20.0
2026-10-03,wk inc rsv hosp,3,2026-10-24,17,quantile,0.7,21.0
2026-10-03,wk inc rsv hosp,0,2026-10-03,17,quantile,0.75,20.0
2026-10-03,wk inc rsv hosp,1,2026-10-10,17,quantile,0.75,20.0
2026-10-03,wk inc rsv hosp,2,2026-10-17,17,quantile,0.75,22.0
2026-10-03,wk inc rsv hosp,3,2026-10-24,17,quantile,0.75,24.0
2026-10-03,wk inc rsv hosp,0,2026-10-03,17,quantile,0.8,20.0
2026-10-03,wk inc rsv hosp,1,2026-10-10,17,quantile,0.8,22.0
2026-10-03,wk inc rsv hosp,2,2026-10-17,17,quantile,0.8,24.0
2026-10-03,wk inc rsv hosp,3,2026-10-24,17,quantile,0.8,27.0
2026-10-03,wk inc rsv hosp,0,2026-10-03,17,quantile,0.85,22.0
2026-10-03,wk inc rsv hosp,1,2026-10-10,17,quantile,0.85,24.0
2026-10-03,wk inc rsv hosp,2,2026-10-17,17,quantile,0.85,29.0
2026-10-03,wk inc rsv hosp,3,2026-10-24,17,quantile,0.85,31.0
2026-10-03,wk inc rsv hosp,0,2026-10-03,17,quantile,0.9,24.0
2026-10-03,wk inc rsv hosp,1,2026-10-10,17,quantile,0.9,27.0
2026-10-03,wk inc rsv hosp,2,2026-10-17,17,quantile,0.9,31.0
2026-10-03,wk inc rsv hosp,3,2026-10-24,17,quantile,0.9,36.0
2026-10-03,wk inc rsv hosp,0,2026-10-03,17,quantile,0.95,29.0
2026-10-03,wk inc rsv hosp,1,2026-10-10,17,quantile,0.95,33.0
2026-10-03,wk inc rsv hosp,2,2026-10-17,17,quantile,0.95,42.0
2026-10-03,wk inc rsv hosp,3,2026-10-24,17,quantile,0.95,49.0
2026-10-03,wk inc rsv hosp,0,2026-10-03,17,quantile,0.975,33.0
2026-10-03,wk inc rsv hosp,1,2026-10-10,17,quantile,0.975,38.0
2026-10-03,wk inc rsv hosp,2,2026-10-17,17,quantile,0.975,49.0
2026-10-03,wk inc rsv hosp,3,2026-10-24,17,quantile,0.975,60.0
2026-10-03,wk inc rsv hosp,0,2026-10-03,17,quantile,0.99,38.0
2026-10-03,wk inc rsv hosp,1,2026-10-10,17,quantile,0.99,47.0
2026-10-03,wk inc rsv hosp,2,2026-10-17,17,quantile,0.99,58.0
2026-10-03,wk inc rsv hosp,3,2026-10-24,17,quantile,0.99,82.0
2026-10-03,wk inc rsv hosp,0,2026-10-03,18,quantile,0.01,0.0
2026-10-03,wk inc rsv hosp,1,2026-10-10,18,quantile,0.01,0.0
2026-10-03,wk inc rsv hosp,2,2026-10-17,18,quantile,0.01,0.0
2026-10-03,wk inc rsv hosp,3,2026-10-24,18,quantile,0.01,0.0
2026-10-03,wk inc rsv hosp,0,2026-10-03,18,quantile,0.025,1.0
2026-10-03,wk inc rsv hosp,1,2026-10-10,18,quantile,0.025,0.0
2026-10-03,wk inc rsv hosp,2,2026-10-17,18,quantile,0.025,0.0
2026-10-03,wk inc rsv hosp,3,2026-10-24,18,quantile,0.025,0.0
2026-10-03,wk inc rsv hosp,0,2026-10-03,18,quantile,0.05,1.0
2026-10-03,wk inc rsv hosp,1,2026-10-10,18,quantile,0.05,0.0
2026-10-03,wk inc rsv hosp,2,2026-10-17,18,quantile,0.05,0.0
2026-10-03,wk inc rsv hosp,3,2026-10-24,18,quantile,0.05,0.0
2026-10-03,wk inc rsv hosp,0,2026-10-03,18,quantile,0.1,1.0
2026-10-03,wk inc rsv hosp,1,2026-10-10,18,quantile,0.1,1.0
2026-10-03,wk inc rsv hosp,2,2026-10-17,18,quantile,0.1,0.0
2026-10-03,wk inc rsv hosp,3,2026-10-24,18,quantile,0.1,0.0
2026-10-03,wk inc rsv hosp,0,2026-10-03,18,quantile,0.15,1.0
2026-10-03,wk inc rsv hosp,1,2026-10-10,18,quantile,0.15,1.0
2026-10-03,wk inc rsv hosp,2,2026-10-17,18,quantile,0.15,1.0
2026-10-03,wk inc rsv hosp,3,2026-10-24,18,quantile,0.15,0.0
2026-10-03,wk inc rsv hosp,0,2026-10-03,18,quantile,0.2,1.0
2026-10-03,wk inc rsv hosp,1,2026-10-10,18,quantile,0.2,1.0
2026-10-03,wk inc rsv hosp,2,2026-10-17,18,quantile,0.2,1.0
2026-10-03,wk inc rsv hosp,3,2026-10-24,18,quantile,0.2,0.0
2026-10-03,wk inc rsv hosp,0,2026-10-03,18,quantile,0.25,1.0
2026-10-03,wk inc rsv hosp,1,2026-10-10,18,quantile,0.25,1.0
2026-10-03,wk inc rsv hosp,2,2026-10-17,18,quantile,0.25,1.0
2026-10-03,wk inc rsv hosp,3,2026-10-24,18,quantile,0.25,1.0
2026-10-03,wk inc rsv hosp,0,2026-10-03,18,quantile,0.3,2.0
2026-10-03,wk inc rsv hosp,1,2026-10-10,18,quantile,0.3,1.0
2026-10-03,wk inc rsv hosp,2,2026-10-17,18,quantile,0.3,1.0
2026-10-03,wk inc rsv hosp,3,2026-10-24,18,quantile,0.3,1.0
2026-10-03,wk inc rsv hosp,0,2026-10-03,18,quantile,0.35,2.0
2026-10-03,wk inc rsv hosp,1,2026-10-10,18,quantile,0.35,1.0
2026-10-03,wk inc rsv hosp,2,2026-10-17,18,quantile,0.35,1.0
2026-10-03,wk inc rsv hosp,3,2026-10-24,18,quantile,0.35,1.0
2026-10-03,wk inc rsv hosp,0,2026-10-03,18,quantile,0.4,2.0
2026-10-03,wk inc rsv hosp,1,2026-10-10,18,quantile,0.4,2.0
2026-10-03,wk inc rsv hosp,2,2026-10-17,18,quantile,0.4,1.0
2026-10-03,wk inc rsv hosp,3,2026-10-24,18,quantile,0.4,1.0
2026-10-03,wk inc rsv hosp,0,2026-10-03,18,quantile,0.45,2.0
2026-10-03,wk inc rsv hosp,1,2026-10-10,18,quantile,0.45,2.0
2026-10-03,wk inc rsv hosp,2,2026-10-17,18,quantile,0.45,2.0
2026-10-03,wk inc rsv hosp,3,2026-10-24,18,quantile,0.45,1.0
2026-10-03,wk inc rsv hosp,0,2026-10-03,18,quantile,0.5,2.0
2026-10-03,wk inc rsv hosp,1,2026-10-10,18,quantile,0.5,2.0
2026-10-03,wk inc rsv hosp,2,2026-10-17,18,quantile,0.5,2.0
2026-10-03,wk inc rsv hosp,3,2026-10-24,18,quantile,0.5,2.0
2026-10-03,wk inc rsv hosp,0,2026-10-03,18,quantile,0.55,3.0
2026-10-03,wk inc rsv hosp,1,2026-10-10,18,quantile,0.55,2.0
2026-10-03,wk inc rsv hosp,2,2026-10-17,18,quantile,0.55,2.0
2026-10-03,wk inc rsv hosp,3,2026-10-24,18,quantile,0.55,2.0
2026-10-03,wk inc rsv hosp,0,2026-10-03,18,quantile,0.6,3.0
2026-10-03,wk inc rsv hosp,1,2026-10-10,18,quantile,0.6,3.0
2026-10-03,wk inc rsv hosp,2,2026-10-17,18,quantile,0.6,3.0
2026-10-03,wk inc rsv hosp,3,2026-10-24,18,quantile,0.6,2.0
2026-10-03,wk inc rsv hosp,0,2026-10-03,18,quantile,0.65,3.0
2026-10-03,wk inc rsv hosp,1,2026-10-10,18,quantile,0.65,3.0
2026-10-03,wk inc rsv hosp,2,2026-10-17,18,quantile,0.65,3.0
2026-10-03,wk inc rsv hosp,3,2026-10-24,18,quantile,0.65,3.0
2026-10-03,wk inc rsv hosp,0,2026-10-03,18,quantile,0.7,3.0
2026-10-03,wk inc rsv hosp,1,2026-10-10,18,quantile,0.7,3.0
2026-10-03,wk inc rsv hosp,2,2026-10-17,18,quantile,0.7,3.0
2026-10-03,wk inc rsv hosp,3,2026-10-24,18,quantile,0.7,4.0
2026-10-03,wk inc rsv hosp,0,2026-10-03,18,quantile,0.75,4.0
2026-10-03,wk inc rsv hosp,1,2026-10-10,18,quantile,0.75,4.0
2026-10-03,wk inc rsv hosp,2,2026-10-17,18,quantile,0.75,4.0
2026-10-03,wk inc rsv hosp,3,2026-10-24,18,quantile,0.75,4.0
2026-10-03,wk inc rsv hosp,0,2026-10-03,18,quantile,0.8,4.0
2026-10-03,wk inc rsv hosp,1,2026-10-10,18,quantile,0.8,4.0
2026-10-03,wk inc rsv hosp,2,2026-10-17,18,quantile,0.8,5.0
2026-10-03,wk inc rsv hosp,3,2026-10-24,18,quantile,0.8,6.0
2026-10-03,wk inc rsv hosp,0,2026-10-03,18,quantile,0.85,4.0
2026-10-03,wk inc rsv hosp,1,2026-10-10,18,quantile,0.85,5.0
2026-10-03,wk inc rsv hosp,2,2026-10-17,18,quantile,0.85,6.0
2026-10-03,wk inc rsv hosp,3,2026-10-24,18,quantile,0.85,7.0
2026-10-03,wk inc rsv hosp,0,2026-10-03,18,quantile,0.9,5.0
2026-10-03,wk inc rsv hosp,1,2026-10-10,18,quantile,0.9,6.0
2026-10-03,wk inc rsv hosp,2,2026-10-17,18,quantile,0.9,8.0
2026-10-03,wk inc rsv hosp,3,2026-10-24,18,quantile,0.9,11.0
2026-10-03,wk inc rsv hosp,0,2026-10-03,18,quantile,0.95,6.0
2026-10-03,wk inc rsv hosp,1,2026-10-10,18,quantile,0.95,8.0
2026-10-03,wk inc rsv hosp,2,2026-10-17,18,quantile,0.95,12.0
2026-10-03,wk inc rsv hosp,3,2026-10-24,18,quantile,0.95,17.0
2026-10-03,wk inc rsv hosp,0,2026-10-03,18,quantile,0.975,7.0
2026-10-03,wk inc rsv hosp,1,2026-10-10,18,quantile,0.975,10.0
2026-10-03,wk inc rsv hosp,2,2026-10-17,18,quantile,0.975,16.0
2026-10-03,wk inc rsv hosp,3,2026-10-24,18,quantile,0.975,25.0
2026-10-03,wk inc rsv hosp,0,2026-10-03,18,quantile,0.99,8.0
2026-10-03,wk inc rsv hosp,1,2026-10-10,18,quantile,0.99,12.0
2026-10-03,wk inc rsv hosp,2,2026-10-17,18,quantile,0.99,21.0
2026-10-03,wk inc rsv hosp,3,2026-10-24,18,quantile,0.99,36.0
2026-10-03,wk inc rsv hosp,0,2026-10-03,19,quantile,0.01,1.0
2026-10-03,wk inc rsv hosp,1,2026-10-10,19,quantile,0.01,0.0
2026-10-03,wk inc rsv hosp,2,2026-10-17,19,quantile,0.01,0.0
2026-10-03,wk inc rsv hosp,3,2026-10-24,19,quantile,0.01,0.0
2026-10-03,wk inc rsv hosp,0,2026-10-03,19,quantile,0.025,1.0
2026-10-03,wk inc rsv hosp,1,2026-10-10,19,quantile,0.025,1.0
2026-10-03,wk inc rsv hosp,2,2026-10-17,19,quantile,0.025,0.0
2026-10-03,wk inc rsv hosp,3,2026-10-24,19,quantile,0.025,0.0
2026-10-03,wk inc rsv hosp,0,2026-10-03,19,quantile,0.05,2.0
2026-10-03,wk inc rsv hosp,1,2026-10-10,19,quantile,0.05,1.0
2026-10-03,wk inc rsv hosp,2,2026-10-17,19,quantile,0.05,1.0
2026-10-03,wk inc rsv hosp,3,2026-10-24,19,quantile,0.05,1.0
2026-10-03,wk inc rsv hosp,0,2026-10-03,19,quantile,0.1,3.0
2026-10-03,wk inc rsv hosp,1,2026-10-10,19,quantile,0.1,2.0
2026-10-03,wk inc rsv hosp,2,2026-10-17,19,quantile,0.1,1.0
2026-10-03,wk inc rsv hosp,3,2026-10-24,19,quantile,0.1,1.0
2026-10-03,wk inc rsv hosp,0,2026-10-03,19,quantile,0.15,3.0
2026-10-03,wk inc rsv hosp,1,2026-10-10,19,quantile,0.15,3.0
2026-10-03,wk inc rsv hosp,2,2026-10-17,19,quantile,0.15,2.0
2026-10-03,wk inc rsv hosp,3,2026-10-24,19,quantile,0.15,2.0
2026-10-03,wk inc rsv hosp,0,2026-10-03,19,quantile,0.2,5.0
2026-10-03,wk inc rsv hosp,1,2026-10-10,19,quantile,0.2,3.0
2026-10-03,wk inc rsv hosp,2,2026-10-17,19,quantile,0.2,3.0
2026-10-03,wk inc rsv hosp,3,2026-10-24,19,quantile,0.2,2.0
2026-10-03,wk inc rsv hosp,0,2026-10-03,19,quantile,0.25,5.0
2026-10-03,wk inc rsv hosp,1,2026-10-10,19,quantile,0.25,5.0
2026-10-03,wk inc rsv hosp,2,2026-10-17,19,quantile,0.25,3.0
2026-10-03,wk inc rsv hosp,3,2026-10-24,19,quantile,0.25,3.0
2026-10-03,wk inc rsv hosp,0,2026-10-03,19,quantile,0.3,5.0
2026-10-03,wk inc rsv hosp,1,2026-10-10,19,quantile,0.3,5.0
2026-10-03,wk inc rsv hosp,2,2026-10-17,19,quantile,0.3,5.0
2026-10-03,wk inc rsv hosp,3,2026-10-24,19,quantile,0.3,3.0
2026-10-03,wk inc rsv hosp,0,2026-10-03,19,quantile,0.35,6.0
2026-10-03,wk inc rsv hosp,1,2026-10-10,19,quantile,0.35,6.0
2026-10-03,wk inc rsv hosp,2,2026-10-17,19,quantile,0.35,5.0
2026-10-03,wk inc rsv hosp,3,2026-10-24,19,quantile,0.35,5.0
2026-10-03,wk inc rsv hosp,0,2026-10-03,19,quantile,0.4,6.0
2026-10-03,wk inc rsv hosp,1,2026-10-10,19,quantile,0.4,6.0
2026-10-03,wk inc rsv hosp,2,2026-10-17,19,quantile,0.4,6.0
2026-10-03,wk inc rsv hosp,3,2026-10-24,19,quantile,0.4,6.0
2026-10-03,wk inc rsv hosp,0,2026-10-03,19,quantile,0.45,7.0
2026-10-03,wk inc rsv hosp,1,2026-10-10,19,quantile,0.45,7.0
2026-10-03,wk inc rsv hosp,2,2026-10-17,19,quantile,0.45,7.0
2026-10-03,wk inc rsv hosp,3,2026-10-24,19,quantile,0.45,6.0
2026-10-03,wk inc rsv hosp,0,2026-10-03,19,quantile,0.5,7.0
2026-10-03,wk inc rsv hosp,1,2026-10-10,19,quantile,0.5,7.0
2026-10-03,wk inc rsv hosp,2,2026-10-17,19,quantile,0.5,7.0
2026-10-03,wk inc rsv hosp,3,2026-10-24,19,quantile,0.5,7.0
2026-10-03,wk inc rsv hosp,0,2026-10-03,19,quantile,0.55,8.0
2026-10-03,wk inc rsv hosp,1,2026-10-10,19,quantile,0.55,8.0
2026-10-03,wk inc rsv hosp,2,2026-10-17,19,quantile,0.55,8.0
2026-10-03,wk inc rsv hosp,3,2026-10-24,19,quantile,0.55,8.0
2026-10-03,wk inc rsv hosp,0,2026-10-03,19,quantile,0.6,8.0
2026-10-03,wk inc rsv hosp,1,2026-10-10,19,quantile,0.6,8.0
2026-10-03,wk inc rsv hosp,2,2026-10-17,19,quantile,0.6,9.0
2026-10-03,wk inc rsv hosp,3,2026-10-24,19,quantile,0.6,8.0
2026-10-03,wk inc rsv hosp,0,2026-10-03,19,quantile,0.65,8.0
2026-10-03,wk inc rsv hosp,1,2026-10-10,19,quantile,0.65,8.0
2026-10-03,wk inc rsv hosp,2,2026-10-17,19,quantile,0.65,9.0
2026-10-03,wk inc rsv hosp,3,2026-10-24,19,quantile,0.65,9.0
2026-10-03,wk inc rsv hosp,0,2026-10-03,19,quantile,0.7,9.0
2026-10-03,wk inc rsv hosp,1,2026-10-10,19,quantile,0.7,9.0
2026-10-03,wk inc rsv hosp,2,2026-10-17,19,quantile,0.7,10.0
2026-10-03,wk inc rsv hosp,3,2026-10-24,19,quantile,0.7,11.0
2026-10-03,wk inc rsv hosp,0,2026-10-03,19,quantile,0.75,10.0
2026-10-03,wk inc rsv hosp,1,2026-10-10,19,quantile,0.75,10.0
2026-10-03,wk inc rsv hosp,2,2026-10-17,19,quantile,0.75,11.0
2026-10-03,wk inc rsv hosp,3,2026-10-24,19,quantile,0.75,12.0
2026-10-03,wk inc rsv hosp,0,2026-10-03,19,quantile,0.8,10.0
2026-10-03,wk inc rsv hosp,1,2026-10-10,19,quantile,0.8,11.0
2026-10-03,wk inc rsv hosp,2,2026-10-17,19,quantile,0.8,12.0
2026-10-03,wk inc rsv hosp,3,2026-10-24,19,quantile,0.8,14.0
2026-10-03,wk inc rsv hosp,0,2026-10-03,19,quantile,0.85,11.0
2026-10-03,wk inc rsv hosp,1,2026-10-10,19,quantile,0.85,12.0
2026-10-03,wk inc rsv hosp,2,2026-10-17,19,quantile,0.85,14.0
2026-10-03,wk inc rsv hosp,3,2026-10-24,19,quantile,0.85,16.0
2026-10-03,wk inc rsv hosp,0,2026-10-03,19,quantile,0.9,12.0
2026-10-03,wk inc rsv hosp,1,2026-10-10,19,quantile,0.9,14.0
2026-10-03,wk inc rsv hosp,2,2026-10-17,19,quantile,0.9,16.0
2026-10-03,wk inc rsv hosp,3,2026-10-24,19,quantile,0.9,18.0
2026-10-03,wk inc rsv hosp,0,2026-10-03,19,quantile,0.95,15.0
2026-10-03,wk inc rsv hosp,1,2026-10-10,19,quantile,0.95,17.0
2026-10-03,wk inc rsv hosp,2,2026-10-17,19,quantile,0.95,19.0
2026-10-03,wk inc rsv hosp,3,2026-10-24,19,quantile,0.95,24.0
2026-10-03,wk inc rsv hosp,0,2026-10-03,19,quantile,0.975,17.0
2026-10-03,wk inc rsv hosp,1,2026-10-10,19,quantile,0.975,19.0
2026-10-03,wk inc rsv hosp,2,2026-10-17,19,quantile,0.975,23.0
2026-10-03,wk inc rsv hosp,3,2026-10-24,19,quantile,0.975,27.0
2026-10-03,wk inc rsv hosp,0,2026-10-03,19,quantile,0.99,18.0
2026-10-03,wk inc rsv hosp,1,2026-10-10,19,quantile,0.99,23.0
2026-10-03,wk inc rsv hosp,2,2026-10-17,19,quantile,0.99,29.0
2026-10-03,wk inc rsv hosp,3,2026-10-24,19,quantile,0.99,32.0
2026-10-03,wk inc rsv hosp,0,2026-10-03,20,quantile,0.01,2.0
2026-10-03,wk inc rsv hosp,1,2026-10-10,20,quantile,0.01,1.0
2026-10-03,wk inc rsv hosp,2,2026-10-17,20,quantile,0.01,1.0
2026-10-03,wk inc rsv hosp,3,2026-10-24,20,quantile,0.01,1.0
2026-10-03,wk inc rsv hosp,0,2026-10-03,20,quantile,0.025,2.0
2026-10-03,wk inc rsv hosp,1,2026-10-10,20,quantile,0.025,2.0
2026-10-03,wk inc rsv hosp,2,2026-10-17,20,quantile,0.025,1.0
2026-10-03,wk inc rsv hosp,3,2026-10-24,20,quantile,0.025,1.0
2026-10-03,wk inc rsv hosp,0,2026-10-03,20,quantile,0.05,2.0
2026-10-03,wk inc rsv hosp,1,2026-10-10,20,quantile,0.05,2.0
2026-10-03,wk inc rsv hosp,2,2026-10-17,20,quantile,0.05,2.0
2026-10-03,wk inc rsv hosp,3,2026-10-24,20,quantile,0.05,1.0
2026-10-03,wk inc rsv hosp,0,2026-10-03,20,quantile,0.1,2.0
2026-10-03,wk inc rsv hosp,1,2026-10-10,20,quantile,0.1,2.0
2026-10-03,wk inc rsv hosp,2,2026-10-17,20,quantile,0.1,2.0
2026-10-03,wk inc rsv hosp,3,2026-10-24,20,quantile,0.1,2.0
2026-10-03,wk inc rsv hosp,0,2026-10-03,20,quantile,0.15,3.0
2026-10-03,wk inc rsv hosp,1,2026-10-10,20,quantile,0.15,3.0
2026-10-03,wk inc rsv hosp,2,2026-10-17,20,quantile,0.15,2.0
2026-10-03,wk inc rsv hosp,3,2026-10-24,20,quantile,0.15,2.0
2026-10-03,wk inc rsv hosp,0,2026-10-03,20,quantile,0.2,3.0
2026-10-03,wk inc rsv hosp,1,2026-10-10,20,quantile,0.2,3.0
2026-10-03,wk inc rsv hosp,2,2026-10-17,20,quantile,0.2,3.0
2026-10-03,wk inc rsv hosp,3,2026-10-24,20,quantile,0.2,3.0
2026-10-03,wk inc rsv hosp,0,2026-10-03,20,quantile,0.25,3.0
2026-10-03,wk inc rsv hosp,1,2026-10-10,20,quantile,0.25,3.0
2026-10-03,wk inc rsv hosp,2,2026-10-17,20,quantile,0.25,3.0
2026-10-03,wk inc rsv hosp,3,2026-10-24,20,quantile,0.25,3.0
2026-10-03,wk inc rsv hosp,0,2026-10-03,20,quantile,0.3,3.0
2026-10-03,wk inc rsv hosp,1,2026-10-10,20,quantile,0.3,3.0
2026-10-03,wk inc rsv hosp,2,2026-10-17,20,quantile,0.3,4.0
2026-10-03,wk inc rsv hosp,3,2026-10-24,20,quantile,0.3,4.0
2026-10-03,wk inc rsv hosp,0,2026-10-03,20,quantile,0.35,3.0
2026-10-03,wk inc rsv hosp,1,2026-10-10,20,quantile,0.35,4.0
2026-10-03,wk inc rsv hosp,2,2026-10-17,20,quantile,0.35,4.0
2026-10-03,wk inc rsv hosp,3,2026-10-24,20,quantile,0.35,4.0
2026-10-03,wk inc rsv hosp,0,2026-10-03,20,quantile,0.4,4.0
2026-10-03,wk inc rsv hosp,1,2026-10-10,20,quantile,0.4,4.0
2026-10-03,wk inc rsv hosp,2,2026-10-17,20,quantile,0.4,4.0
2026-10-03,wk inc rsv hosp,3,2026-10-24,20,quantile,0.4,5.0
2026-10-03,wk inc rsv hosp,0,2026-10-03,20,quantile,0.45,4.0
2026-10-03,wk inc rsv hosp,1,2026-10-10,20,quantile,0.45,4.0
2026-10-03,wk inc rsv hosp,2,2026-10-17,20,quantile,0.45,5.0
2026-10-03,wk inc rsv hosp,3,2026-10-24,20,quantile,0.45,6.0
2026-10-03,wk inc rsv hosp,0,2026-10-03,20,quantile,0.5,4.0
2026-10-03,wk inc rsv hosp,1,2026-10-10,20,quantile,0.5,5.0
2026-10-03,wk inc rsv hosp,2,2026-10-17,20,quantile,0.5,5.0
2026-10-03,wk inc rsv hosp,3,2026-10-24,20,quantile,0.5,6.0
2026-10-03,wk inc rsv hosp,0,2026-10-03,20,quantile,0.55,4.0
2026-10-03,wk inc rsv hosp,1,2026-10-10,20,quantile,0.55,5.0
2026-10-03,wk inc rsv hosp,2,2026-10-17,20,quantile,0.55,6.0
2026-10-03,wk inc rsv hosp,3,2026-10-24,20,quantile,0.55,7.0
2026-10-03,wk inc rsv hosp,0,2026-10-03,20,quantile,0.6,4.0
2026-10-03,wk inc rsv hosp,1,2026-10-10,20,quantile,0.6,5.0
2026-10-03,wk inc rsv hosp,2,2026-10-17,20,quantile,0.6,7.0
2026-10-03,wk inc rsv hosp,3,2026-10-24,20,quantile,0.6,8.0
2026-10-03,wk inc rsv hosp,0,2026-10-03,20,quantile,0.65,5.0
2026-10-03,wk inc rsv hosp,1,2026-10-10,20,quantile,0.65,6.0
2026-10-03,wk inc rsv hosp,2,2026-10-17,20,quantile,0.65,7.0
2026-10-03,wk inc rsv hosp,3,2026-10-24,20,quantile,0.65,9.0
2026-10-03,wk inc rsv hosp,0,2026-10-03,20,quantile,0.7,5.0
2026-10-03,wk inc rsv hosp,1,2026-10-10,20,quantile,0.7,6.0
2026-10-03,wk inc rsv hosp,2,2026-10-17,20,quantile,0.7,8.0
2026-10-03,wk inc rsv hosp,3,2026-10-24,20,quantile,0.7,11.0
2026-10-03,wk inc rsv hosp,0,2026-10-03,20,quantile,0.75,5.0
2026-10-03,wk inc rsv hosp,1,2026-10-10,20,quantile,0.75,7.0
2026-10-03,wk inc rsv hosp,2,2026-10-17,20,quantile,0.75,9.0
2026-10-03,wk inc rsv hosp,3,2026-10-24,20,quantile,0.75,12.0
2026-10-03,wk inc rsv hosp,0,2026-10-03,20,quantile,0.8,5.0
2026-10-03,wk inc rsv hosp,1,2026-10-10,20,quantile,0.8,7.0
2026-10-03,wk inc rsv hosp,2,2026-10-17,20,quantile,0.8,10.0
2026-10-03,wk inc rsv hosp,3,2026-10-24,20,quantile,0.8,14.0
2026-10-03,wk inc rsv hosp,0,2026-10-03,20,quantile,0.85,6.0
2026-10-03,wk inc rsv hosp,1,2026-10-10,20,quantile,0.85,8.0
2026-10-03,wk inc rsv hosp,2,2026-10-17,20,quantile,0.85,12.0
2026-10-03,wk inc rsv hosp,3,2026-10-24,20,quantile,0.85,17.0
2026-10-03,wk inc rsv hosp,0,2026-10-03,20,quantile,0.9,6.0
2026-10-03,wk inc rsv hosp,1,2026-10-10,20,quantile,0.9,9.0
2026-10-03,wk inc rsv hosp,2,2026-10-17,20,quantile,0.9,14.0
2026-10-03,wk inc rsv hosp,3,2026-10-24,20,quantile,0.9,22.0
2026-10-03,wk inc rsv hosp,0,2026-10-03,20,quantile,0.95,7.0
2026-10-03,wk inc rsv hosp,1,2026-10-10,20,quantile,0.95,11.0
2026-10-03,wk inc rsv hosp,2,2026-10-17,20,quantile,0.95,18.0
2026-10-03,wk inc rsv hosp,3,2026-10-24,20,quantile,0.95,30.0
2026-10-03,wk inc rsv hosp,0,2026-10-03,20,quantile,0.975,8.0
2026-10-03,wk inc rsv hosp,1,2026-10-10,20,quantile,0.975,13.0
2026-10-03,wk inc rsv hosp,2,2026-10-17,20,quantile,0.975,23.0
2026-10-03,wk inc rsv hosp,3,2026-10-24,20,quantile,0.975,40.0
2026-10-03,wk inc rsv hosp,0,2026-10-03,20,quantile,0.99,9.0
2026-10-03,wk inc rsv hosp,1,2026-10-10,20,quantile,0.99,15.0
2026-10-03,wk inc rsv hosp,2,2026-10-17,20,quantile,0.99,28.0
2026-10-03,wk inc rsv hosp,3,2026-10-24,20,quantile,0.99,52.0
2026-10-03,wk inc rsv hosp,0,2026-10-03,21,quantile,0.01,0.0
2026-10-03,wk inc rsv hosp,1,2026-10-10,21,quantile,0.01,0.0
2026-10-03,wk inc rsv hosp,2,2026-10-17,21,quantile,0.01,0.0
2026-10-03,wk inc rsv hosp,3,2026-10-24,21,quantile,0.01,0.0
2026-10-03,wk inc rsv hosp,0,2026-10-03,21,quantile,0.025,1.0
2026-10-03,wk inc rsv hosp,1,2026-10-10,21,quantile,0.025,1.0
2026-10-03,wk inc rsv hosp,2,2026-10-17,21,quantile,0.025,0.0
2026-10-03,wk inc rsv hosp,3,2026-10-24,21,quantile,0.025,0.0
2026-10-03,wk inc rsv hosp,0,2026-10-03,21,quantile,0.05,1.0
2026-10-03,wk inc rsv hosp,1,2026-10-10,21,quantile,0.05,1.0
2026-10-03,wk inc rsv hosp,2,2026-10-17,21,quantile,0.05,1.0
2026-10-03,wk inc rsv hosp,3,2026-10-24,21,quantile,0.05,0.0
2026-10-03,wk inc rsv hosp,0,2026-10-03,21,quantile,0.1,3.0
2026-10-03,wk inc rsv hosp,1,2026-10-10,21,quantile,0.1,3.0
2026-10-03,wk inc rsv hosp,2,2026-10-17,21,quantile,0.1,1.0
2026-10-03,wk inc rsv hosp,3,2026-10-24,21,quantile,0.1,1.0
2026-10-03,wk inc rsv hosp,0,2026-10-03,21,quantile,0.15,3.0
2026-10-03,wk inc rsv hosp,1,2026-10-10,21,quantile,0.15,3.0
2026-10-03,wk inc rsv hosp,2,2026-10-17,21,quantile,0.15,3.0
2026-10-03,wk inc rsv hosp,3,2026-10-24,21,quantile,0.15,1.0
2026-10-03,wk inc rsv hosp,0,2026-10-03,21,quantile,0.2,4.0
2026-10-03,wk inc rsv hosp,1,2026-10-10,21,quantile,0.2,3.0
2026-10-03,wk inc rsv hosp,2,2026-10-17,21,quantile,0.2,3.0
2026-10-03,wk inc rsv hosp,3,2026-10-24,21,quantile,0.2,3.0
2026-10-03,wk inc rsv hosp,0,2026-10-03,21,quantile,0.25,4.0
2026-10-03,wk inc rsv hosp,1,2026-10-10,21,quantile,0.25,4.0
2026-10-03,wk inc rsv hosp,2,2026-10-17,21,quantile,0.25,4.0
2026-10-03,wk inc rsv hosp,3,2026-10-24,21,quantile,0.25,3.0
2026-10-03,wk inc rsv hosp,0,2026-10-03,21,quantile,0.3,5.0
2026-10-03,wk inc rsv hosp,1,2026-10-10,21,quantile,0.3,5.0
2026-10-03,wk inc rsv hosp,2,2026-10-17,21,quantile,0.3,4.0
2026-10-03,wk inc rsv hosp,3,2026-10-24,21,quantile,0.3,4.0
2026-10-03,wk inc rsv hosp,0,2026-10-03,21,quantile,0.35,5.0
2026-10-03,wk inc rsv hosp,1,2026-10-10,21,quantile,0.35,5.0
2026-10-03,wk inc rsv hosp,2,2026-10-17,21,quantile,0.35,5.0
2026-10-03,wk inc rsv hosp,3,2026-10-24,21,quantile,0.35,4.0
2026-10-03,wk inc rsv hosp,0,2026-10-03,21,quantile,0.4,5.0
2026-10-03,wk inc rsv hosp,1,2026-10-10,21,quantile,0.4,5.0
2026-10-03,wk inc rsv hosp,2,2026-10-17,21,quantile,0.4,5.0
2026-10-03,wk inc rsv hosp,3,2026-10-24,21,quantile,0.4,5.0
2026-10-03,wk inc rsv hosp,0,2026-10-03,21,quantile,0.45,6.0
2026-10-03,wk inc rsv hosp,1,2026-10-10,21,quantile,0.45,6.0
2026-10-03,wk inc rsv hosp,2,2026-10-17,21,quantile,0.45,6.0
2026-10-03,wk inc rsv hosp,3,2026-10-24,21,quantile,0.45,6.0
2026-10-03,wk inc rsv hosp,0,2026-10-03,21,quantile,0.5,6.0
2026-10-03,wk inc rsv hosp,1,2026-10-10,21,quantile,0.5,6.0
2026-10-03,wk inc rsv hosp,2,2026-10-17,21,quantile,0.5,6.0
2026-10-03,wk inc rsv hosp,3,2026-10-24,21,quantile,0.5,6.0
2026-10-03,wk inc rsv hosp,0,2026-10-03,21,quantile,0.55,6.0
2026-10-03,wk inc rsv hosp,1,2026-10-10,21,quantile,0.55,8.0
2026-10-03,wk inc rsv hosp,2,2026-10-17,21,quantile,0.55,8.0
2026-10-03,wk inc rsv hosp,3,2026-10-24,21,quantile,0.55,8.0
2026-10-03,wk inc rsv hosp,0,2026-10-03,21,quantile,0.6,8.0
2026-10-03,wk inc rsv hosp,1,2026-10-10,21,quantile,0.6,8.0
2026-10-03,wk inc rsv hosp,2,2026-10-17,21,quantile,0.6,8.0
2026-10-03,wk inc rsv hosp,3,2026-10-24,21,quantile,0.6,9.0
2026-10-03,wk inc rsv hosp,0,2026-10-03,21,quantile,0.65,8.0
2026-10-03,wk inc rsv hosp,1,2026-10-10,21,quantile,0.65,9.0
2026-10-03,wk inc rsv hosp,2,2026-10-17,21,quantile,0.65,9.0
2026-10-03,wk inc rsv hosp,3,2026-10-24,21,quantile,0.65,9.0
2026-10-03,wk inc rsv hosp,0,2026-10-03,21,quantile,0.7,9.0
2026-10-03,wk inc rsv hosp,1,2026-10-10,21,quantile,0.7,9.0
2026-10-03,wk inc rsv hosp,2,2026-10-17,21,quantile,0.7,9.0
2026-10-03,wk inc rsv hosp,3,2026-10-24,21,quantile,0.7,10.0
2026-10-03,wk inc rsv hosp,0,2026-10-03,21,quantile,0.75,9.0
2026-10-03,wk inc rsv hosp,1,2026-10-10,21,quantile,0.75,10.0
2026-10-03,wk inc rsv hosp,2,2026-10-17,21,quantile,0.75,10.0
2026-10-03,wk inc rsv hosp,3,2026-10-24,21,quantile,0.75,12.0
2026-10-03,wk inc rsv hosp,0,2026-10-03,21,quantile,0.8,10.0
2026-10-03,wk inc rsv hosp,1,2026-10-10,21,quantile,0.8,12.0
2026-10-03,wk inc rsv hosp,2,2026-10-17,21,quantile,0.8,12.0
2026-10-03,wk inc rsv hosp,3,2026-10-24,21,quantile,0.8,13.0
2026-10-03,wk inc rsv hosp,0,2026-10-03,21,quantile,0.85,12.0
2026-10-03,wk inc rsv hosp,1,2026-10-10,21,quantile,0.85,13.0
2026-10-03,wk inc rsv hosp,2,2026-10-17,21,quantile,0.85,13.0
2026-10-03,wk inc rsv hosp,3,2026-10-24,21,quantile,0.85,15.0
2026-10-03,wk inc rsv hosp,0,2026-10-03,21,quantile,0.9,12.0
2026-10-03,wk inc rsv hosp,1,2026-10-10,21,quantile,0.9,14.0
2026-10-03,wk inc rsv hosp,2,2026-10-17,21,quantile,0.9,15.0
2026-10-03,wk inc rsv hosp,3,2026-10-24,21,quantile,0.9,19.0
2026-10-03,wk inc rsv hosp,0,2026-10-03,21,quantile,0.95,14.0
2026-10-03,wk inc rsv hosp,1,2026-10-10,21,quantile,0.95,15.0
2026-10-03,wk inc rsv hosp,2,2026-10-17,21,quantile,0.95,21.0
2026-10-03,wk inc rsv hosp,3,2026-10-24,21,quantile,0.95,25.0
2026-10-03,wk inc rsv hosp,0,2026-10-03,21,quantile,0.975,15.0
2026-10-03,wk inc rsv hosp,1,2026-10-10,21,quantile,0.975,19.0
2026-10-03,wk inc rsv hosp,2,2026-10-17,21,quantile,0.975,23.0
2026-10-03,wk inc rsv hosp,3,2026-10-24,21,quantile,0.975,30.0
2026-10-03,wk inc rsv hosp,0,2026-10-03,21,quantile,0.99,18.0
2026-10-03,wk inc rsv hosp,1,2026-10-10,21,quantile,0.99,22.0
2026-10-03,wk inc rsv hosp,2,2026-10-17,21,quantile,0.99,26.0
2026-10-03,wk inc rsv hosp,3,2026-10-24,21,quantile,0.99,35.0
2026-10-03,wk inc rsv hosp,0,2026-10-03,22,quantile,0.01,6.0
2026-10-03,wk inc rsv hosp,1,2026-10-10,22,quantile,0.01,5.0
2026-10-03,wk inc rsv hosp,2,2026-10-17,22,quantile,0.01,5.0
2026-10-03,wk inc rsv hosp,3,2026-10-24,22,quantile,0.01,4.0
2026-10-03,wk inc rsv hosp,0,2026-10-03,22,quantile,0.025,7.0
2026-10-03,wk inc rsv hosp,1,2026-10-10,22,quantile,0.025,6.0
2026-10-03,wk inc rsv hosp,2,2026-10-17,22,quantile,0.025,6.0
2026-10-03,wk inc rsv hosp,3,2026-10-24,22,quantile,0.025,5.0
2026-10-03,wk inc rsv hosp,0,2026-10-03,22,quantile,0.05,7.0
2026-10-03,wk inc rsv hosp,1,2026-10-10,22,quantile,0.05,7.0
2026-10-03,wk inc rsv hosp,2,2026-10-17,22,quantile,0.05,7.0
2026-10-03,wk inc rsv hosp,3,2026-10-24,22,quantile,0.05,6.0
2026-10-03,wk inc rsv hosp,0,2026-10-03,22,quantile,0.1,8.0
2026-10-03,wk inc rsv hosp,1,2026-10-10,22,quantile,0.1,8.0
2026-10-03,wk inc rsv hosp,2,2026-10-17,22,quantile,0.1,8.0
2026-10-03,wk inc rsv hosp,3,2026-10-24,22,quantile,0.1,8.0
2026-10-03,wk inc rsv hosp,0,2026-10-03,22,quantile,0.15,9.0
2026-10-03,wk inc rsv hosp,1,2026-10-10,22,quantile,0.15,9.0
2026-10-03,wk inc rsv hosp,2,2026-10-17,22,quantile,0.15,10.0
2026-10-03,wk inc rsv hosp,3,2026-10-24,22,quantile,0.15,10.0
2026-10-03,wk inc rsv hosp,0,2026-10-03,22,quantile,0.2,9.0
2026-10-03,wk inc rsv hosp,1,2026-10-10,22,quantile,0.2,10.0
2026-10-03,wk inc rsv hosp,2,2026-10-17,22,quantile,0.2,11.0
2026-10-03,wk inc rsv hosp,3,2026-10-24,22,quantile,0.2,12.0
2026-10-03,wk inc rsv hosp,0,2026-10-03,22,quantile,0.25,10.0
2026-10-03,wk inc rsv hosp,1,2026-10-10,22,quantile,0.25,11.0
2026-10-03,wk inc rsv hosp,2,2026-10-17,22,quantile,0.25,12.0
2026-10-03,wk inc rsv hosp,3,2026-10-24,22,quantile,0.25,13.0
2026-10-03,wk inc rsv hosp,0,2026-10-03,22,quantile,0.3,10.0
2026-10-03,wk inc rsv hosp,1,2026-10-10,22,quantile,0.3,12.0
2026-10-03,wk inc rsv hosp,2,2026-10-17,22,quantile,0.3,13.0
2026-10-03,wk inc rsv hosp,3,2026-10-24,22,quantile,0.3,15.0
2026-10-03,wk inc rsv hosp,0,2026-10-03,22,quantile,0.35,11.0
2026-10-03,wk inc rsv hosp,1,2026-10-10,22,quantile,0.35,13.0
2026-10-03,wk inc rsv hosp,2,2026-10-17,22,quantile,0.35,14.0
2026-10-03,wk inc rsv hosp,3,2026-10-24,22,quantile,0.35,16.0
2026-10-03,wk inc rsv hosp,0,2026-10-03,22,quantile,0.4,11.0
2026-10-03,wk inc rsv hosp,1,2026-10-10,22,quantile,0.4,13.0
2026-10-03,wk inc rsv hosp,2,2026-10-17,22,quantile,0.4,16.0
2026-10-03,wk inc rsv hosp,3,2026-10-24,22,quantile,0.4,18.0
2026-10-03,wk inc rsv hosp,0,2026-10-03,22,quantile,0.45,12.0
2026-10-03,wk inc rsv hosp,1,2026-10-10,22,quantile,0.45,14.0
2026-10-03,wk inc rsv hosp,2,2026-10-17,22,quantile,0.45,17.0
2026-10-03,wk inc rsv hosp,3,2026-10-24,22,quantile,0.45,20.0
2026-10-03,wk inc rsv hosp,0,2026-10-03,22,quantile,0.5,12.0
2026-10-03,wk inc rsv hosp,1,2026-10-10,22,quantile,0.5,15.0
2026-10-03,wk inc rsv hosp,2,2026-10-17,22,quantile,0.5,18.0
2026-10-03,wk inc rsv hosp,3,2026-10-24,22,quantile,0.5,23.0
2026-10-03,wk inc rsv hosp,0,2026-10-03,22,quantile,0.55,13.0
2026-10-03,wk inc rsv hosp,1,2026-10-10,22,quantile,0.55,16.0
2026-10-03,wk inc rsv hosp,2,2026-10-17,22,quantile,0.55,20.0
2026-10-03,wk inc rsv hosp,3,2026-10-24,22,quantile,0.55,25.0
2026-10-03,wk inc rsv hosp,0,2026-10-03,22,quantile,0.6,13.0
2026-10-03,wk inc rsv hosp,1,2026-10-10,22,quantile,0.6,17.0
2026-10-03,wk inc rsv hosp,2,2026-10-17,22,quantile,0.6,21.0
2026-10-03,wk inc rsv hosp,3,2026-10-24,22,quantile,0.6,27.0
2026-10-03,wk inc rsv hosp,0,2026-10-03,22,quantile,0.65,14.0
2026-10-03,wk inc rsv hosp,1,2026-10-10,22,quantile,0.65,18.0
2026-10-03,wk inc rsv hosp,2,2026-10-17,22,quantile,0.65,23.0
2026-10-03,wk inc rsv hosp,3,2026-10-24,22,quantile,0.65,30.0
2026-10-03,wk inc rsv hosp,0,2026-10-03,22,quantile,0.7,14.0
2026-10-03,wk inc rsv hosp,1,2026-10-10,22,quantile,0.7,19.0
2026-10-03,wk inc rsv hosp,2,2026-10-17,22,quantile,0.7,25.0
2026-10-03,wk inc rsv hosp,3,2026-10-24,22,quantile,0.7,34.0
2026-10-03,wk inc rsv hosp,0,2026-10-03,22,quantile,0.75,15.0
2026-10-03,wk inc rsv hosp,1,2026-10-10,22,quantile,0.75,20.0
2026-10-03,wk inc rsv hosp,2,2026-10-17,22,quantile,0.75,28.0
2026-10-03,wk inc rsv hosp,3,2026-10-24,22,quantile,0.75,38.0
2026-10-03,wk inc rsv hosp,0,2026-10-03,22,quantile,0.8,16.0
2026-10-03,wk inc rsv hosp,1,2026-10-10,22,quantile,0.8,22.0
2026-10-03,wk inc rsv hosp,2,2026-10-17,22,quantile,0.8,31.0
2026-10-03,wk inc rsv hosp,3,2026-10-24,22,quantile,0.8,44.0
2026-10-03,wk inc rsv hosp,0,2026-10-03,22,quantile,0.85,17.0
2026-10-03,wk inc rsv hosp,1,2026-10-10,22,quantile,0.85,24.0
2026-10-03,wk inc rsv hosp,2,2026-10-17,22,quantile,0.85,35.0
2026-10-03,wk inc rsv hosp,3,2026-10-24,22,quantile,0.85,51.0
2026-10-03,wk inc rsv hosp,0,2026-10-03,22,quantile,0.9,18.0
2026-10-03,wk inc rsv hosp,1,2026-10-10,22,quantile,0.9,27.0
2026-10-03,wk inc rsv hosp,2,2026-10-17,22,quantile,0.9,41.0
2026-10-03,wk inc rsv hosp,3,2026-10-24,22,quantile,0.9,62.0
2026-10-03,wk inc rsv hosp,0,2026-10-03,22,quantile,0.95,20.0
2026-10-03,wk inc rsv hosp,1,2026-10-10,22,quantile,0.95,31.0
2026-10-03,wk inc rsv hosp,2,2026-10-17,22,quantile,0.95,50.0
2026-10-03,wk inc rsv hosp,3,2026-10-24,22,quantile,0.95,80.0
2026-10-03,wk inc rsv hosp,0,2026-10-03,22,quantile,0.975,21.0
2026-10-03,wk inc rsv hosp,1,2026-10-10,22,quantile,0.975,35.0
2026-10-03,wk inc rsv hosp,2,2026-10-17,22,quantile,0.975,60.0
2026-10-03,wk inc rsv hosp,3,2026-10-24,22,quantile,0.975,101.0
2026-10-03,wk inc rsv hosp,0,2026-10-03,22,quantile,0.99,23.0
2026-10-03,wk inc rsv hosp,1,2026-10-10,22,quantile,0.99,39.0
2026-10-03,wk inc rsv hosp,2,2026-10-17,22,quantile,0.99,69.0
2026-10-03,wk inc rsv hosp,3,2026-10-24,22,quantile,0.99,121.0
2026-10-03,wk inc rsv hosp,0,2026-10-03,23,quantile,0.01,1.0
2026-10-03,wk inc rsv hosp,1,2026-10-10,23,quantile,0.01,1.0
2026-10-03,wk inc rsv hosp,2,2026-10-17,23,quantile,0.01,1.0
2026-10-03,wk inc rsv hosp,3,2026-10-24,23,quantile,0.01,0.0
2026-10-03,wk inc rsv hosp,0,2026-10-03,23,quantile,0.025,1.0
2026-10-03,wk inc rsv hosp,1,2026-10-10,23,quantile,0.025,1.0
2026-10-03,wk inc rsv hosp,2,2026-10-17,23,quantile,0.025,1.0
2026-10-03,wk inc rsv hosp,3,2026-10-24,23,quantile,0.025,0.0
2026-10-03,wk inc rsv hosp,0,2026-10-03,23,quantile,0.05,1.0
2026-10-03,wk inc rsv hosp,1,2026-10-10,23,quantile,0.05,1.0
2026-10-03,wk inc rsv hosp,2,2026-10-17,23,quantile,0.05,1.0
2026-10-03,wk inc rsv hosp,3,2026-10-24,23,quantile,0.05,1.0
2026-10-03,wk inc rsv hosp,0,2026-10-03,23,quantile,0.1,1.0
2026-10-03,wk inc rsv hosp,1,2026-10-10,23,quantile,0.1,1.0
2026-10-03,wk inc rsv hosp,2,2026-10-17,23,quantile,0.1,1.0
2026-10-03,wk inc rsv hosp,3,2026-10-24,23,quantile,0.1,1.0
2026-10-03,wk inc rsv hosp,0,2026-10-03,23,quantile,0.15,1.0
2026-10-03,wk inc rsv hosp,1,2026-10-10,23,quantile,0.15,1.0
2026-10-03,wk inc rsv hosp,2,2026-10-17,23,quantile,0.15,1.0
2026-10-03,wk inc rsv hosp,3,2026-10-24,23,quantile,0.15,1.0
2026-10-03,wk inc rsv hosp,0,2026-10-03,23,quantile,0.2,2.0
2026-10-03,wk inc rsv hosp,1,2026-10-10,23,quantile,0.2,1.0
2026-10-03,wk inc rsv hosp,2,2026-10-17,23,quantile,0.2,1.0
2026-10-03,wk inc rsv hosp,3,2026-10-24,23,quantile,0.2,1.0
2026-10-03,wk inc rsv hosp,0,2026-10-03,23,quantile,0.25,2.0
2026-10-03,wk inc rsv hosp,1,2026-10-10,23,quantile,0.25,2.0
2026-10-03,wk inc rsv hosp,2,2026-10-17,23,quantile,0.25,2.0
2026-10-03,wk inc rsv hosp,3,2026-10-24,23,quantile,0.25,1.0
2026-10-03,wk inc rsv hosp,0,2026-10-03,23,quantile,0.3,2.0
2026-10-03,wk inc rsv hosp,1,2026-10-10,23,quantile,0.3,2.0
2026-10-03,wk inc rsv hosp,2,2026-10-17,23,quantile,0.3,2.0
2026-10-03,wk inc rsv hosp,3,2026-10-24,23,quantile,0.3,2.0
2026-10-03,wk inc rsv hosp,0,2026-10-03,23,quantile,0.35,2.0
2026-10-03,wk inc rsv hosp,1,2026-10-10,23,quantile,0.35,2.0
2026-10-03,wk inc rsv hosp,2,2026-10-17,23,quantile,0.35,2.0
2026-10-03,wk inc rsv hosp,3,2026-10-24,23,quantile,0.35,2.0
2026-10-03,wk inc rsv hosp,0,2026-10-03,23,quantile,0.4,2.0
2026-10-03,wk inc rsv hosp,1,2026-10-10,23,quantile,0.4,2.0
2026-10-03,wk inc rsv hosp,2,2026-10-17,23,quantile,0.4,2.0
2026-10-03,wk inc rsv hosp,3,2026-10-24,23,quantile,0.4,2.0
2026-10-03,wk inc rsv hosp,0,2026-10-03,23,quantile,0.45,2.0
2026-10-03,wk inc rsv hosp,1,2026-10-10,23,quantile,0.45,2.0
2026-10-03,wk inc rsv hosp,2,2026-10-17,23,quantile,0.45,2.0
2026-10-03,wk inc rsv hosp,3,2026-10-24,23,quantile,0.45,2.0
2026-10-03,wk inc rsv hosp,0,2026-10-03,23,quantile,0.5,2.0
2026-10-03,wk inc rsv hosp,1,2026-10-10,23,quantile,0.5,2.0
2026-10-03,wk inc rsv hosp,2,2026-10-17,23,quantile,0.5,2.0
2026-10-03,wk inc rsv hosp,3,2026-10-24,23,quantile,0.5,2.0
2026-10-03,wk inc rsv hosp,0,2026-10-03,23,quantile,0.55,2.0
2026-10-03,wk inc rsv hosp,1,2026-10-10,23,quantile,0.55,2.0
2026-10-03,wk inc rsv hosp,2,2026-10-17,23,quantile,0.55,2.0
2026-10-03,wk inc rsv hosp,3,2026-10-24,23,quantile,0.55,2.0
2026-10-03,wk inc rsv hosp,0,2026-10-03,23,quantile,0.6,2.0
2026-10-03,wk inc rsv hosp,1,2026-10-10,23,quantile,0.6,2.0
2026-10-03,wk inc rsv hosp,2,2026-10-17,23,quantile,0.6,3.0
2026-10-03,wk inc rsv hosp,3,2026-10-24,23,quantile,0.6,3.0
2026-10-03,wk inc rsv hosp,0,2026-10-03,23,quantile,0.65,2.0
2026-10-03,wk inc rsv hosp,1,2026-10-10,23,quantile,0.65,3.0
2026-10-03,wk inc rsv hosp,2,2026-10-17,23,quantile,0.65,3.0
2026-10-03,wk inc rsv hosp,3,2026-10-24,23,quantile,0.65,3.0
2026-10-03,wk inc rsv hosp,0,2026-10-03,23,quantile,0.7,3.0
2026-10-03,wk inc rsv hosp,1,2026-10-10,23,quantile,0.7,3.0
2026-10-03,wk inc rsv hosp,2,2026-10-17,23,quantile,0.7,3.0
2026-10-03,wk inc rsv hosp,3,2026-10-24,23,quantile,0.7,3.0
2026-10-03,wk inc rsv hosp,0,2026-10-03,23,quantile,0.75,3.0
2026-10-03,wk inc rsv hosp,1,2026-10-10,23,quantile,0.75,3.0
2026-10-03,wk inc rsv hosp,2,2026-10-17,23,quantile,0.75,3.0
2026-10-03,wk inc rsv hosp,3,2026-10-24,23,quantile,0.75,3.0
2026-10-03,wk inc rsv hosp,0,2026-10-03,23,quantile,0.8,3.0
2026-10-03,wk inc rsv hosp,1,2026-10-10,23,quantile,0.8,3.0
2026-10-03,wk inc rsv hosp,2,2026-10-17,23,quantile,0.8,3.0
2026-10-03,wk inc rsv hosp,3,2026-10-24,23,quantile,0.8,4.0
2026-10-03,wk inc rsv hosp,0,2026-10-03,23,quantile,0.85,3.0
2026-10-03,wk inc rsv hosp,1,2026-10-10,23,quantile,0.85,3.0
2026-10-03,wk inc rsv hosp,2,2026-10-17,23,quantile,0.85,4.0
2026-10-03,wk inc rsv hosp,3,2026-10-24,23,quantile,0.85,4.0
2026-10-03,wk inc rsv hosp,0,2026-10-03,23,quantile,0.9,3.0
2026-10-03,wk inc rsv hosp,1,2026-10-10,23,quantile,0.9,4.0
2026-10-03,wk inc rsv hosp,2,2026-10-17,23,quantile,0.9,4.0
2026-10-03,wk inc rsv hosp,3,2026-10-24,23,quantile,0.9,5.0
2026-10-03,wk inc rsv hosp,0,2026-10-03,23,quantile,0.95,3.0
2026-10-03,wk inc rsv hosp,1,2026-10-10,23,quantile,0.95,4.0
2026-10-03,wk inc rsv hosp,2,2026-10-17,23,quantile,0.95,5.0
2026-10-03,wk inc rsv hosp,3,2026-10-24,23,quantile,0.95,7.0
2026-10-03,wk inc rsv hosp,0,2026-10-03,23,quantile,0.975,4.0
2026-10-03,wk inc rsv hosp,1,2026-10-10,23,quantile,0.975,5.0
2026-10-03,wk inc rsv hosp,2,2026-10-17,23,quantile,0.975,6.0
2026-10-03,wk inc rsv hosp,3,2026-10-24,23,quantile,0.975,8.0
2026-10-03,wk inc rsv hosp,0,2026-10-03,23,quantile,0.99,4.0
2026-10-03,wk inc rsv hosp,1,2026-10-10,23,quantile,0.99,6.0
2026-10-03,wk inc rsv hosp,2,2026-10-17,23,quantile,0.99,7.0
2026-10-03,wk inc rsv hosp,3,2026-10-24,23,quantile,0.99,10.0
2026-10-03,wk inc rsv hosp,0,2026-10-03,24,quantile,0.01,2.0
2026-10-03,wk inc rsv hosp,1,2026-10-10,24,quantile,0.01,2.0
2026-10-03,wk inc rsv hosp,2,2026-10-17,24,quantile,0.01,1.0
2026-10-03,wk inc rsv hosp,3,2026-10-24,24,quantile,0.01,1.0
2026-10-03,wk inc rsv hosp,0,2026-10-03,24,quantile,0.025,3.0
2026-10-03,wk inc rsv hosp,1,2026-10-10,24,quantile,0.025,2.0
2026-10-03,wk inc rsv hosp,2,2026-10-17,24,quantile,0.025,2.0
2026-10-03,wk inc rsv hosp,3,2026-10-24,24,quantile,0.025,1.0
2026-10-03,wk inc rsv hosp,0,2026-10-03,24,quantile,0.05,3.0
2026-10-03,wk inc rsv hosp,1,2026-10-10,24,quantile,0.05,3.0
2026-10-03,wk inc rsv hosp,2,2026-10-17,24,quantile,0.05,2.0
2026-10-03,wk inc rsv hosp,3,2026-10-24,24,quantile,0.05,2.0
2026-10-03,wk inc rsv hosp,0,2026-10-03,24,quantile,0.1,4.0
2026-10-03,wk inc rsv hosp,1,2026-10-10,24,quantile,0.1,3.0
2026-10-03,wk inc rsv hosp,2,2026-10-17,24,quantile,0.1,3.0
2026-10-03,wk inc rsv hosp,3,2026-10-24,24,quantile,0.1,2.0
2026-10-03,wk inc rsv hosp,0,2026-10-03,24,quantile,0.15,4.0
2026-10-03,wk inc rsv hosp,1,2026-10-10,24,quantile,0.15,4.0
2026-10-03,wk inc rsv hosp,2,2026-10-17,24,quantile,0.15,3.0
2026-10-03,wk inc rsv hosp,3,2026-10-24,24,quantile,0.15,3.0
2026-10-03,wk inc rsv hosp,0,2026-10-03,24,quantile,0.2,4.0
2026-10-03,wk inc rsv hosp,1,2026-10-10,24,quantile,0.2,4.0
2026-10-03,wk inc rsv hosp,2,2026-10-17,24,quantile,0.2,4.0
2026-10-03,wk inc rsv hosp,3,2026-10-24,24,quantile,0.2,3.0
2026-10-03,wk inc rsv hosp,0,2026-10-03,24,quantile,0.25,5.0
2026-10-03,wk inc rsv hosp,1,2026-10-10,24,quantile,0.25,4.0
2026-10-03,wk inc rsv hosp,2,2026-10-17,24,quantile,0.25,4.0
2026-10-03,wk inc rsv hosp,3,2026-10-24,24,quantile,0.25,4.0
2026-10-03,wk inc rsv hosp,0,2026-10-03,24,quantile,0.3,5.0
2026-10-03,wk inc rsv hosp,1,2026-10-10,24,quantile,0.3,5.0
2026-10-03,wk inc rsv hosp,2,2026-10-17,24,quantile,0.3,5.0
2026-10-03,wk inc rsv hosp,3,2026-10-24,24,quantile,0.3,4.0
2026-10-03,wk inc rsv hosp,0,2026-10-03,24,quantile,0.35,5.0
2026-10-03,wk inc rsv hosp,1,2026-10-10,24,quantile,0.35,5.0
2026-10-03,wk inc rsv hosp,2,2026-10-17,24,quantile,0.35,5.0
2026-10-03,wk inc rsv hosp,3,2026-10-24,24,quantile,0.35,5.0
2026-10-03,wk inc rsv hosp,0,2026-10-03,24,quantile,0.4,6.0
2026-10-03,wk inc rsv hosp,1,2026-10-10,24,quantile,0.4,6.0
2026-10-03,wk inc rsv hosp,2,2026-10-17,24,quantile,0.4,6.0
2026-10-03,wk inc rsv hosp,3,2026-10-24,24,quantile,0.4,6.0
2026-10-03,wk inc rsv hosp,0,2026-10-03,24,quantile,0.45,6.0
2026-10-03,wk inc rsv hosp,1,2026-10-10,24,quantile,0.45,6.0
2026-10-03,wk inc rsv hosp,2,2026-10-17,24,quantile,0.45,6.0
2026-10-03,wk inc rsv hosp,3,2026-10-24,24,quantile,0.45,7.0
2026-10-03,wk inc rsv hosp,0,2026-10-03,24,quantile,0.5,6.0
2026-10-03,wk inc rsv hosp,1,2026-10-10,24,quantile,0.5,7.0
2026-10-03,wk inc rsv hosp,2,2026-10-17,24,quantile,0.5,7.0
2026-10-03,wk inc rsv hosp,3,2026-10-24,24,quantile,0.5,7.0
2026-10-03,wk inc rsv hosp,0,2026-10-03,24,quantile,0.55,6.0
2026-10-03,wk inc rsv hosp,1,2026-10-10,24,quantile,0.55,7.0
2026-10-03,wk inc rsv hosp,2,2026-10-17,24,quantile,0.55,8.0
2026-10-03,wk inc rsv hosp,3,2026-10-24,24,quantile,0.55,8.0
2026-10-03,wk inc rsv hosp,0,2026-10-03,24,quantile,0.6,7.0
2026-10-03,wk inc rsv hosp,1,2026-10-10,24,quantile,0.6,7.0
2026-10-03,wk inc rsv hosp,2,2026-10-17,24,quantile,0.6,8.0
2026-10-03,wk inc rsv hosp,3,2026-10-24,24,quantile,0.6,9.0
2026-10-03,wk inc rsv hosp,0,2026-10-03,24,quantile,0.65,7.0
2026-10-03,wk inc rsv hosp,1,2026-10-10,24,quantile,0.65,8.0
2026-10-03,wk inc rsv hosp,2,2026-10-17,24,quantile,0.65,9.0
2026-10-03,wk inc rsv hosp,3,2026-10-24,24,quantile,0.65,11.0
2026-10-03,wk inc rsv hosp,0,2026-10-03,24,quantile,0.7,7.0
2026-10-03,wk inc rsv hosp,1,2026-10-10,24,quantile,0.7,9.0
2026-10-03,wk inc rsv hosp,2,2026-10-17,24,quantile,0.7,10.0
2026-10-03,wk inc rsv hosp,3,2026-10-24,24,quantile,0.7,12.0
2026-10-03,wk inc rsv hosp,0,2026-10-03,24,quantile,0.75,8.0
2026-10-03,wk inc rsv hosp,1,2026-10-10,24,quantile,0.75,9.0
2026-10-03,wk inc rsv hosp,2,2026-10-17,24,quantile,0.75,12.0
2026-10-03,wk inc rsv hosp,3,2026-10-24,24,quantile,0.75,14.0
2026-10-03,wk inc rsv hosp,0,2026-10-03,24,quantile,0.8,8.0
2026-10-03,wk inc rsv hosp,1,2026-10-10,24,quantile,0.8,10.0
2026-10-03,wk inc rsv hosp,2,2026-10-17,24,quantile,0.8,13.0
2026-10-03,wk inc rsv hosp,3,2026-10-24,24,quantile,0.8,16.0
2026-10-03,wk inc rsv hosp,0,2026-10-03,24,quantile,0.85,9.0
2026-10-03,wk inc rsv hosp,1,2026-10-10,24,quantile,0.85,11.0
2026-10-03,wk inc rsv hosp,2,2026-10-17,24,quantile,0.85,15.0
2026-10-03,wk inc rsv hosp,3,2026-10-24,24,quantile,0.85,20.0
2026-10-03,wk inc rsv hosp,0,2026-10-03,24,quantile,0.9,10.0
2026-10-03,wk inc rsv hosp,1,2026-10-10,24,quantile,0.9,13.0
2026-10-03,wk inc rsv hosp,2,2026-10-17,24,quantile,0.9,18.0
2026-10-03,wk inc rsv hosp,3,2026-10-24,24,quantile,0.9,24.0
2026-10-03,wk inc rsv hosp,0,2026-10-03,24,quantile,0.95,11.0
2026-10-03,wk inc rsv hosp,1,2026-10-10,24,quantile,0.95,16.0
2026-10-03,wk inc rsv hosp,2,2026-10-17,24,quantile,0.95,23.0
2026-10-03,wk inc rsv hosp,3,2026-10-24,24,quantile,0.95,34.0
2026-10-03,wk inc rsv hosp,0,2026-10-03,24,quantile,0.975,12.0
2026-10-03,wk inc rsv hosp,1,2026-10-10,24,quantile,0.975,18.0
2026-10-03,wk inc rsv hosp,2,2026-10-17,24,quantile,0.975,28.0
2026-10-03,wk inc rsv hosp,3,2026-10-24,24,quantile,0.975,43.0
2026-10-03,wk inc rsv hosp,0,2026-10-03,24,quantile,0.99,13.0
2026-10-03,wk inc rsv hosp,1,2026-10-10,24,quantile,0.99,21.0
2026-10-03,wk inc rsv hosp,2,2026-10-17,24,quantile,0.99,34.0
2026-10-03,wk inc rsv hosp,3,2026-10-24,24,quantile,0.99,55.0
2026-10-03,wk inc rsv hosp,0,2026-10-03,25,quantile,0.01,1.0
2026-10-03,wk inc rsv hosp,1,2026-10-10,25,quantile,0.01,1.0
2026-10-03,wk inc rsv hosp,2,2026-10-17,25,quantile,0.01,0.0
2026-10-03,wk inc rsv hosp,3,2026-10-24,25,quantile,0.01,0.0
2026-10-03,wk inc rsv hosp,0,2026-10-03,25,quantile,0.025,1.0
2026-10-03,wk inc rsv hosp,1,2026-10-10,25,quantile,0.025,1.0
2026-10-03,wk inc rsv hosp,2,2026-10-17,25,quantile,0.025,0.0
2026-10-03,wk inc rsv hosp,3,2026-10-24,25,quantile,0.025,0.0
2026-10-03,wk inc rsv hosp,0,2026-10-03,25,quantile,0.05,2.0
2026-10-03,wk inc rsv hosp,1,2026-10-10,25,quantile,0.05,2.0
2026-10-03,wk inc rsv hosp,2,2026-10-17,25,quantile,0.05,1.0
2026-10-03,wk inc rsv hosp,3,2026-10-24,25,quantile,0.05,1.0
2026-10-03,wk inc rsv hosp,0,2026-10-03,25,quantile,0.1,3.0
2026-10-03,wk inc rsv hosp,1,2026-10-10,25,quantile,0.1,2.0
2026-10-03,wk inc rsv hosp,2,2026-10-17,25,quantile,0.1,2.0
2026-10-03,wk inc rsv hosp,3,2026-10-24,25,quantile,0.1,1.0
2026-10-03,wk inc rsv hosp,0,2026-10-03,25,quantile,0.15,4.0
2026-10-03,wk inc rsv hosp,1,2026-10-10,25,quantile,0.15,3.0
2026-10-03,wk inc rsv hosp,2,2026-10-17,25,quantile,0.15,2.0
2026-10-03,wk inc rsv hosp,3,2026-10-24,25,quantile,0.15,2.0
2026-10-03,wk inc rsv hosp,0,2026-10-03,25,quantile,0.2,4.0
2026-10-03,wk inc rsv hosp,1,2026-10-10,25,quantile,0.2,4.0
2026-10-03,wk inc rsv hosp,2,2026-10-17,25,quantile,0.2,3.0
2026-10-03,wk inc rsv hosp,3,2026-10-24,25,quantile,0.2,3.0
2026-10-03,wk inc rsv hosp,0,2026-10-03,25,quantile,0.25,4.0
2026-10-03,wk inc rsv hosp,1,2026-10-10,25,quantile,0.25,4.0
2026-10-03,wk inc rsv hosp,2,2026-10-17,25,quantile,0.25,4.0
2026-10-03,wk inc rsv hosp,3,2026-10-24,25,quantile,0.25,3.0
2026-10-03,wk inc rsv hosp,0,2026-10-03,25,quantile,0.3,5.0
2026-10-03,wk inc rsv hosp,1,2026-10-10,25,quantile,0.3,5.0
2026-10-03,wk inc rsv hosp,2,2026-10-17,25,quantile,0.3,4.0
2026-10-03,wk inc rsv hosp,3,2026-10-24,25,quantile,0.3,4.0
2026-10-03,wk inc rsv hosp,0,2026-10-03,25,quantile,0.35,5.0
2026-10-03,wk inc rsv hosp,1,2026-10-10,25,quantile,0.35,5.0
2026-10-03,wk inc rsv hosp,2,2026-10-17,25,quantile,0.35,5.0
2026-10-03,wk inc rsv hosp,3,2026-10-24,25,quantile,0.35,5.0
2026-10-03,wk inc rsv hosp,0,2026-10-03,25,quantile,0.4,6.0
2026-10-03,wk inc rsv hosp,1,2026-10-10,25,quantile,0.4,6.0
2026-10-03,wk inc rsv hosp,2,2026-10-17,25,quantile,0.4,5.0
2026-10-03,wk inc rsv hosp,3,2026-10-24,25,quantile,0.4,5.0
2026-10-03,wk inc rsv hosp,0,2026-10-03,25,quantile,0.45,6.0
2026-10-03,wk inc rsv hosp,1,2026-10-10,25,quantile,0.45,6.0
2026-10-03,wk inc rsv hosp,2,2026-10-17,25,quantile,0.45,6.0
2026-10-03,wk inc rsv hosp,3,2026-10-24,25,quantile,0.45,6.0
2026-10-03,wk inc rsv hosp,0,2026-10-03,25,quantile,0.5,6.0
2026-10-03,wk inc rsv hosp,1,2026-10-10,25,quantile,0.5,7.0
2026-10-03,wk inc rsv hosp,2,2026-10-17,25,quantile,0.5,7.0
2026-10-03,wk inc rsv hosp,3,2026-10-24,25,quantile,0.5,7.0
2026-10-03,wk inc rsv hosp,0,2026-10-03,25,quantile,0.55,7.0
2026-10-03,wk inc rsv hosp,1,2026-10-10,25,quantile,0.55,7.0
2026-10-03,wk inc rsv hosp,2,2026-10-17,25,quantile,0.55,8.0
2026-10-03,wk inc rsv hosp,3,2026-10-24,25,quantile,0.55,8.0
2026-10-03,wk inc rsv hosp,0,2026-10-03,25,quantile,0.6,7.0
2026-10-03,wk inc rsv hosp,1,2026-10-10,25,quantile,0.6,8.0
2026-10-03,wk inc rsv hosp,2,2026-10-17,25,quantile,0.6,8.0
2026-10-03,wk inc rsv hosp,3,2026-10-24,25,quantile,0.6,8.0
2026-10-03,wk inc rsv hosp,0,2026-10-03,25,quantile,0.65,8.0
2026-10-03,wk inc rsv hosp,1,2026-10-10,25,quantile,0.65,8.0
2026-10-03,wk inc rsv hosp,2,2026-10-17,25,quantile,0.65,8.0
2026-10-03,wk inc rsv hosp,3,2026-10-24,25,quantile,0.65,8.0
2026-10-03,wk inc rsv hosp,0,2026-10-03,25,quantile,0.7,8.0
2026-10-03,wk inc rsv hosp,1,2026-10-10,25,quantile,0.7,8.0
2026-10-03,wk inc rsv hosp,2,2026-10-17,25,quantile,0.7,9.0
2026-10-03,wk inc rsv hosp,3,2026-10-24,25,quantile,0.7,9.0
2026-10-03,wk inc rsv hosp,0,2026-10-03,25,quantile,0.75,8.0
2026-10-03,wk inc rsv hosp,1,2026-10-10,25,quantile,0.75,9.0
2026-10-03,wk inc rsv hosp,2,2026-10-17,25,quantile,0.75,10.0
2026-10-03,wk inc rsv hosp,3,2026-10-24,25,quantile,0.75,10.0
2026-10-03,wk inc rsv hosp,0,2026-10-03,25,quantile,0.8,9.0
2026-10-03,wk inc rsv hosp,1,2026-10-10,25,quantile,0.8,10.0
2026-10-03,wk inc rsv hosp,2,2026-10-17,25,quantile,0.8,11.0
2026-10-03,wk inc rsv hosp,3,2026-10-24,25,quantile,0.8,12.0
2026-10-03,wk inc rsv hosp,0,2026-10-03,25,quantile,0.85,10.0
2026-10-03,wk inc rsv hosp,1,2026-10-10,25,quantile,0.85,11.0
2026-10-03,wk inc rsv hosp,2,2026-10-17,25,quantile,0.85,13.0
2026-10-03,wk inc rsv hosp,3,2026-10-24,25,quantile,0.85,14.0
2026-10-03,wk inc rsv hosp,0,2026-10-03,25,quantile,0.9,11.0
2026-10-03,wk inc rsv hosp,1,2026-10-10,25,quantile,0.9,13.0
2026-10-03,wk inc rsv hosp,2,2026-10-17,25,quantile,0.9,15.0
2026-10-03,wk inc rsv hosp,3,2026-10-24,25,quantile,0.9,16.0
2026-10-03,wk inc rsv hosp,0,2026-10-03,25,quantile,0.95,13.0
2026-10-03,wk inc rsv hosp,1,2026-10-10,25,quantile,0.95,15.0
2026-10-03,wk inc rsv hosp,2,2026-10-17,25,quantile,0.95,18.0
2026-10-03,wk inc rsv hosp,3,2026-10-24,25,quantile,0.95,22.0
2026-10-03,wk inc rsv hosp,0,2026-10-03,25,quantile,0.975,14.0
2026-10-03,wk inc rsv hosp,1,2026-10-10,25,quantile,0.975,18.0
2026-10-03,wk inc rsv hosp,2,2026-10-17,25,quantile,0.975,21.0
2026-10-03,wk inc rsv hosp,3,2026-10-24,25,quantile,0.975,26.0
2026-10-03,wk inc rsv hosp,0,2026-10-03,25,quantile,0.99,17.0
2026-10-03,wk inc rsv hosp,1,2026-10-10,25,quantile,0.99,19.0
2026-10-03,wk inc rsv hosp,2,2026-10-17,25,quantile,0.99,26.0
2026-10-03,wk inc rsv hosp,3,2026-10-24,25,quantile,0.99,34.0
2026-10-03,wk inc rsv hosp,0,2026-10-03,26,quantile,0.01,0.0
2026-10-03,wk inc rsv hosp,1,2026-10-10,26,quantile,0.01,0.0
2026-10-03,wk inc rsv hosp,2,2026-10-17,26,quantile,0.01,0.0
2026-10-03,wk inc rsv hosp,3,2026-10-24,26,quantile,0.01,0.0
2026-10-03,wk inc rsv hosp,0,2026-10-03,26,quantile,0.025,1.0
2026-10-03,wk inc rsv hosp,1,2026-10-10,26,quantile,0.025,0.0
2026-10-03,wk inc rsv hosp,2,2026-10-17,26,quantile,0.025,0.0
2026-10-03,wk inc rsv hosp,3,2026-10-24,26,quantile,0.025,0.0
2026-10-03,wk inc rsv hosp,0,2026-10-03,26,quantile,0.05,1.0
2026-10-03,wk inc rsv hosp,1,2026-10-10,26,quantile,0.05,1.0
2026-10-03,wk inc rsv hosp,2,2026-10-17,26,quantile,0.05,1.0
2026-10-03,wk inc rsv hosp,3,2026-10-24,26,quantile,0.05,0.0
2026-10-03,wk inc rsv hosp,0,2026-10-03,26,quantile,0.1,3.0
2026-10-03,wk inc rsv hosp,1,2026-10-10,26,quantile,0.1,3.0
2026-10-03,wk inc rsv hosp,2,2026-10-17,26,quantile,0.1,1.0
2026-10-03,wk inc rsv hosp,3,2026-10-24,26,quantile,0.1,1.0
2026-10-03,wk inc rsv hosp,0,2026-10-03,26,quantile,0.15,4.0
2026-10-03,wk inc rsv hosp,1,2026-10-10,26,quantile,0.15,3.0
2026-10-03,wk inc rsv hosp,2,2026-10-17,26,quantile,0.15,3.0
2026-10-03,wk inc rsv hosp,3,2026-10-24,26,quantile,0.15,3.0
2026-10-03,wk inc rsv hosp,0,2026-10-03,26,quantile,0.2,4.0
2026-10-03,wk inc rsv hosp,1,2026-10-10,26,quantile,0.2,4.0
2026-10-03,wk inc rsv hosp,2,2026-10-17,26,quantile,0.2,4.0
2026-10-03,wk inc rsv hosp,3,2026-10-24,26,quantile,0.2,3.0
2026-10-03,wk inc rsv hosp,0,2026-10-03,26,quantile,0.25,6.0
2026-10-03,wk inc rsv hosp,1,2026-10-10,26,quantile,0.25,4.0
2026-10-03,wk inc rsv hosp,2,2026-10-17,26,quantile,0.25,4.0
2026-10-03,wk inc rsv hosp,3,2026-10-24,26,quantile,0.25,4.0
2026-10-03,wk inc rsv hosp,0,2026-10-03,26,quantile,0.3,6.0
2026-10-03,wk inc rsv hosp,1,2026-10-10,26,quantile,0.3,6.0
2026-10-03,wk inc rsv hosp,2,2026-10-17,26,quantile,0.3,6.0
2026-10-03,wk inc rsv hosp,3,2026-10-24,26,quantile,0.3,6.0
2026-10-03,wk inc rsv hosp,0,2026-10-03,26,quantile,0.35,7.0
2026-10-03,wk inc rsv hosp,1,2026-10-10,26,quantile,0.35,6.0
2026-10-03,wk inc rsv hosp,2,2026-10-17,26,quantile,0.35,6.0
2026-10-03,wk inc rsv hosp,3,2026-10-24,26,quantile,0.35,6.0
2026-10-03,wk inc rsv hosp,0,2026-10-03,26,quantile,0.4,7.0
2026-10-03,wk inc rsv hosp,1,2026-10-10,26,quantile,0.4,7.0
2026-10-03,wk inc rsv hosp,2,2026-10-17,26,quantile,0.4,7.0
2026-10-03,wk inc rsv hosp,3,2026-10-24,26,quantile,0.4,7.0
2026-10-03,wk inc rsv hosp,0,2026-10-03,26,quantile,0.45,9.0
2026-10-03,wk inc rsv hosp,1,2026-10-10,26,quantile,0.45,7.0
2026-10-03,wk inc rsv hosp,2,2026-10-17,26,quantile,0.45,7.0
2026-10-03,wk inc rsv hosp,3,2026-10-24,26,quantile,0.45,7.0
2026-10-03,wk inc rsv hosp,0,2026-10-03,26,quantile,0.5,9.0
2026-10-03,wk inc rsv hosp,1,2026-10-10,26,quantile,0.5,9.0
2026-10-03,wk inc rsv hosp,2,2026-10-17,26,quantile,0.5,9.0
2026-10-03,wk inc rsv hosp,3,2026-10-24,26,quantile,0.5,9.0
2026-10-03,wk inc rsv hosp,0,2026-10-03,26,quantile,0.55,9.0
2026-10-03,wk inc rsv hosp,1,2026-10-10,26,quantile,0.55,9.0
2026-10-03,wk inc rsv hosp,2,2026-10-17,26,quantile,0.55,9.0
2026-10-03,wk inc rsv hosp,3,2026-10-24,26,quantile,0.55,9.0
2026-10-03,wk inc rsv hosp,0,2026-10-03,26,quantile,0.6,10.0
2026-10-03,wk inc rsv hosp,1,2026-10-10,26,quantile,0.6,10.0
2026-10-03,wk inc rsv hosp,2,2026-10-17,26,quantile,0.6,10.0
2026-10-03,wk inc rsv hosp,3,2026-10-24,26,quantile,0.6,10.0
2026-10-03,wk inc rsv hosp,0,2026-10-03,26,quantile,0.65,10.0
2026-10-03,wk inc rsv hosp,1,2026-10-10,26,quantile,0.65,10.0
2026-10-03,wk inc rsv hosp,2,2026-10-17,26,quantile,0.65,10.0
2026-10-03,wk inc rsv hosp,3,2026-10-24,26,quantile,0.65,12.0
2026-10-03,wk inc rsv hosp,0,2026-10-03,26,quantile,0.7,12.0
2026-10-03,wk inc rsv hosp,1,2026-10-10,26,quantile,0.7,12.0
2026-10-03,wk inc rsv hosp,2,2026-10-17,26,quantile,0.7,12.0
2026-10-03,wk inc rsv hosp,3,2026-10-24,26,quantile,0.7,13.0
2026-10-03,wk inc rsv hosp,0,2026-10-03,26,quantile,0.75,12.0
2026-10-03,wk inc rsv hosp,1,2026-10-10,26,quantile,0.75,13.0
2026-10-03,wk inc rsv hosp,2,2026-10-17,26,quantile,0.75,13.0
2026-10-03,wk inc rsv hosp,3,2026-10-24,26,quantile,0.75,14.0
2026-10-03,wk inc rsv hosp,0,2026-10-03,26,quantile,0.8,13.0
2026-10-03,wk inc rsv hosp,1,2026-10-10,26,quantile,0.8,13.0
2026-10-03,wk inc rsv hosp,2,2026-10-17,26,quantile,0.8,15.0
2026-10-03,wk inc rsv hosp,3,2026-10-24,26,quantile,0.8,16.0
2026-10-03,wk inc rsv hosp,0,2026-10-03,26,quantile,0.85,14.0
2026-10-03,wk inc rsv hosp,1,2026-10-10,26,quantile,0.85,14.0
2026-10-03,wk inc rsv hosp,2,2026-10-17,26,quantile,0.85,17.0
2026-10-03,wk inc rsv hosp,3,2026-10-24,26,quantile,0.85,19.0
2026-10-03,wk inc rsv hosp,0,2026-10-03,26,quantile,0.9,16.0
2026-10-03,wk inc rsv hosp,1,2026-10-10,26,quantile,0.9,17.0
2026-10-03,wk inc rsv hosp,2,2026-10-17,26,quantile,0.9,20.0
2026-10-03,wk inc rsv hosp,3,2026-10-24,26,quantile,0.9,22.0
2026-10-03,wk inc rsv hosp,0,2026-10-03,26,quantile,0.95,19.0
2026-10-03,wk inc rsv hosp,1,2026-10-10,26,quantile,0.95,19.0
2026-10-03,wk inc rsv hosp,2,2026-10-17,26,quantile,0.95,23.0
2026-10-03,wk inc rsv hosp,3,2026-10-24,26,quantile,0.95,29.0
2026-10-03,wk inc rsv hosp,0,2026-10-03,26,quantile,0.975,19.0
2026-10-03,wk inc rsv hosp,1,2026-10-10,26,quantile,0.975,22.0
2026-10-03,wk inc rsv hosp,2,2026-10-17,26,quantile,0.975,27.0
2026-10-03,wk inc rsv hosp,3,2026-10-24,26,quantile,0.975,36.0
2026-10-03,wk inc rsv hosp,0,2026-10-03,26,quantile,0.99,23.0
2026-10-03,wk inc rsv hosp,1,2026-10-10,26,quantile,0.99,26.0
2026-10-03,wk inc rsv hosp,2,2026-10-17,26,quantile,0.99,30.0
2026-10-03,wk inc rsv hosp,3,2026-10-24,26,quantile,0.99,48.0
2026-10-03,wk inc rsv hosp,0,2026-10-03,27,quantile,0.01,3.0
2026-10-03,wk inc rsv hosp,1,2026-10-10,27,quantile,0.01,3.0
2026-10-03,wk inc rsv hosp,2,2026-10-17,27,quantile,0.01,2.0
2026-10-03,wk inc rsv hosp,3,2026-10-24,27,quantile,0.01,1.0
2026-10-03,wk inc rsv hosp,0,2026-10-03,27,quantile,0.025,3.0
2026-10-03,wk inc rsv hosp,1,2026-10-10,27,quantile,0.025,3.0
2026-10-03,wk inc rsv hosp,2,2026-10-17,27,quantile,0.025,2.0
2026-10-03,wk inc rsv hosp,3,2026-10-24,27,quantile,0.025,2.0
2026-10-03,wk inc rsv hosp,0,2026-10-03,27,quantile,0.05,4.0
2026-10-03,wk inc rsv hosp,1,2026-10-10,27,quantile,0.05,3.0
2026-10-03,wk inc rsv hosp,2,2026-10-17,27,quantile,0.05,3.0
2026-10-03,wk inc rsv hosp,3,2026-10-24,27,quantile,0.05,2.0
2026-10-03,wk inc rsv hosp,0,2026-10-03,27,quantile,0.1,4.0
2026-10-03,wk inc rsv hosp,1,2026-10-10,27,quantile,0.1,4.0
2026-10-03,wk inc rsv hosp,2,2026-10-17,27,quantile,0.1,3.0
2026-10-03,wk inc rsv hosp,3,2026-10-24,27,quantile,0.1,3.0
2026-10-03,wk inc rsv hosp,0,2026-10-03,27,quantile,0.15,5.0
2026-10-03,wk inc rsv hosp,1,2026-10-10,27,quantile,0.15,4.0
2026-10-03,wk inc rsv hosp,2,2026-10-17,27,quantile,0.15,4.0
2026-10-03,wk inc rsv hosp,3,2026-10-24,27,quantile,0.15,3.0
2026-10-03,wk inc rsv hosp,0,2026-10-03,27,quantile,0.2,5.0
2026-10-03,wk inc rsv hosp,1,2026-10-10,27,quantile,0.2,5.0
2026-10-03,wk inc rsv hosp,2,2026-10-17,27,quantile,0.2,4.0
2026-10-03,wk inc rsv hosp,3,2026-10-24,27,quantile,0.2,4.0
2026-10-03,wk inc rsv hosp,0,2026-10-03,27,quantile,0.25,6.0
2026-10-03,wk inc rsv hosp,1,2026-10-10,27,quantile,0.25,5.0
2026-10-03,wk inc rsv hosp,2,2026-10-17,27,quantile,0.25,5.0
2026-10-03,wk inc rsv hosp,3,2026-10-24,27,quantile,0.25,4.0
2026-10-03,wk inc rsv hosp,0,2026-10-03,27,quantile,0.3,6.0
2026-10-03,wk inc rsv hosp,1,2026-10-10,27,quantile,0.3,6.0
2026-10-03,wk inc rsv hosp,2,2026-10-17,27,quantile,0.3,6.0
2026-10-03,wk inc rsv hosp,3,2026-10-24,27,quantile,0.3,5.0
2026-10-03,wk inc rsv hosp,0,2026-10-03,27,quantile,0.35,6.0
2026-10-03,wk inc rsv hosp,1,2026-10-10,27,quantile,0.35,6.0
2026-10-03,wk inc rsv hosp,2,2026-10-17,27,quantile,0.35,6.0
2026-10-03,wk inc rsv hosp,3,2026-10-24,27,quantile,0.35,6.0
2026-10-03,wk inc rsv hosp,0,2026-10-03,27,quantile,0.4,7.0
2026-10-03,wk inc rsv hosp,1,2026-10-10,27,quantile,0.4,6.0
2026-10-03,wk inc rsv hosp,2,2026-10-17,27,quantile,0.4,6.0
2026-10-03,wk inc rsv hosp,3,2026-10-24,27,quantile,0.4,6.0
2026-10-03,wk inc rsv hosp,0,2026-10-03,27,quantile,0.45,7.0
2026-10-03,wk inc rsv hosp,1,2026-10-10,27,quantile,0.45,7.0
2026-10-03,wk inc rsv hosp,2,2026-10-17,27,quantile,0.45,7.0
2026-10-03,wk inc rsv hosp,3,2026-10-24,27,quantile,0.45,7.0
2026-10-03,wk inc rsv hosp,0,2026-10-03,27,quantile,0.5,7.0
2026-10-03,wk inc rsv hosp,1,2026-10-10,27,quantile,0.5,7.0
2026-10-03,wk inc rsv hosp,2,2026-10-17,27,quantile,0.5,7.0
2026-10-03,wk inc rsv hosp,3,2026-10-24,27,quantile,0.5,7.0
2026-10-03,wk inc rsv hosp,0,2026-10-03,27,quantile,0.55,7.0
2026-10-03,wk inc rsv hosp,1,2026-10-10,27,quantile,0.55,8.0
2026-10-03,wk inc rsv hosp,2,2026-10-17,27,quantile,0.55,8.0
2026-10-03,wk inc rsv hosp,3,2026-10-24,27,quantile,0.55,8.0
2026-10-03,wk inc rsv hosp,0,2026-10-03,27,quantile,0.6,8.0
2026-10-03,wk inc rsv hosp,1,2026-10-10,27,quantile,0.6,8.0
2026-10-03,wk inc rsv hosp,2,2026-10-17,27,quantile,0.6,9.0
2026-10-03,wk inc rsv hosp,3,2026-10-24,27,quantile,0.6,9.0
2026-10-03,wk inc rsv hosp,0,2026-10-03,27,quantile,0.65,8.0
2026-10-03,wk inc rsv hosp,1,2026-10-10,27,quantile,0.65,9.0
2026-10-03,wk inc rsv hosp,2,2026-10-17,27,quantile,0.65,9.0
2026-10-03,wk inc rsv hosp,3,2026-10-24,27,quantile,0.65,9.0
2026-10-03,wk inc rsv hosp,0,2026-10-03,27,quantile,0.7,8.0
2026-10-03,wk inc rsv hosp,1,2026-10-10,27,quantile,0.7,9.0
2026-10-03,wk inc rsv hosp,2,2026-10-17,27,quantile,0.7,9.0
2026-10-03,wk inc rsv hosp,3,2026-10-24,27,quantile,0.7,10.0
2026-10-03,wk inc rsv hosp,0,2026-10-03,27,quantile,0.75,9.0
2026-10-03,wk inc rsv hosp,1,2026-10-10,27,quantile,0.75,9.0
2026-10-03,wk inc rsv hosp,2,2026-10-17,27,quantile,0.75,10.0
2026-10-03,wk inc rsv hosp,3,2026-10-24,27,quantile,0.75,11.0
2026-10-03,wk inc rsv hosp,0,2026-10-03,27,quantile,0.8,9.0
2026-10-03,wk inc rsv hosp,1,2026-10-10,27,quantile,0.8,10.0
2026-10-03,wk inc rsv hosp,2,2026-10-17,27,quantile,0.8,11.0
2026-10-03,wk inc rsv hosp,3,2026-10-24,27,quantile,0.8,12.0
2026-10-03,wk inc rsv hosp,0,2026-10-03,27,quantile,0.85,10.0
2026-10-03,wk inc rsv hosp,1,2026-10-10,27,quantile,0.85,11.0
2026-10-03,wk inc rsv hosp,2,2026-10-17,27,quantile,0.85,12.0
2026-10-03,wk inc rsv hosp,3,2026-10-24,27,quantile,0.85,14.0
2026-10-03,wk inc rsv hosp,0,2026-10-03,27,quantile,0.9,10.0
2026-10-03,wk inc rsv hosp,1,2026-10-10,27,quantile,0.9,12.0
2026-10-03,wk inc rsv hosp,2,2026-10-17,27,quantile,0.9,14.0
2026-10-03,wk inc rsv hosp,3,2026-10-24,27,quantile,0.9,16.0
2026-10-03,wk inc rsv hosp,0,2026-10-03,27,quantile,0.95,11.0
2026-10-03,wk inc rsv hosp,1,2026-10-10,27,quantile,0.95,13.0
2026-10-03,wk inc rsv hosp,2,2026-10-17,27,quantile,0.95,17.0
2026-10-03,wk inc rsv hosp,3,2026-10-24,27,quantile,0.95,19.0
2026-10-03,wk inc rsv hosp,0,2026-10-03,27,quantile,0.975,13.0
2026-10-03,wk inc rsv hosp,1,2026-10-10,27,quantile,0.975,15.0
2026-10-03,wk inc rsv hosp,2,2026-10-17,27,quantile,0.975,20.0
2026-10-03,wk inc rsv hosp,3,2026-10-24,27,quantile,0.975,26.0
2026-10-03,wk inc rsv hosp,0,2026-10-03,27,quantile,0.99,14.0
2026-10-03,wk inc rsv hosp,1,2026-10-10,27,quantile,0.99,19.0
2026-10-03,wk inc rsv hosp,2,2026-10-17,27,quantile,0.99,25.0
2026-10-03,wk inc rsv hosp,3,2026-10-24,27,quantile,0.99,33.0
2026-10-03,wk inc rsv hosp,0,2026-10-03,28,quantile,0.01,4.0
2026-10-03,wk inc rsv hosp,1,2026-10-10,28,quantile,0.01,3.0
2026-10-03,wk inc rsv hosp,2,2026-10-17,28,quantile,0.01,3.0
2026-10-03,wk inc rsv hosp,3,2026-10-24,28,quantile,0.01,3.0
2026-10-03,wk inc rsv hosp,0,2026-10-03,28,quantile,0.025,4.0
2026-10-03,wk inc rsv hosp,1,2026-10-10,28,quantile,0.025,4.0
2026-10-03,wk inc rsv hosp,2,2026-10-17,28,quantile,0.025,4.0
2026-10-03,wk inc rsv hosp,3,2026-10-24,28,quantile,0.025,3.0
2026-10-03,wk inc rsv hosp,0,2026-10-03,28,quantile,0.05,4.0
2026-10-03,wk inc rsv hosp,1,2026-10-10,28,quantile,0.05,4.0
2026-10-03,wk inc rsv hosp,2,2026-10-17,28,quantile,0.05,4.0
2026-10-03,wk inc rsv hosp,3,2026-10-24,28,quantile,0.05,4.0
2026-10-03,wk inc rsv hosp,0,2026-10-03,28,quantile,0.1,5.0
2026-10-03,wk inc rsv hosp,1,2026-10-10,28,quantile,0.1,5.0
2026-10-03,wk inc rsv hosp,2,2026-10-17,28,quantile,0.1,5.0
2026-10-03,wk inc rsv hosp,3,2026-10-24,28,quantile,0.1,5.0
2026-10-03,wk inc rsv hosp,0,2026-10-03,28,quantile,0.15,5.0
2026-10-03,wk inc rsv hosp,1,2026-10-10,28,quantile,0.15,5.0
2026-10-03,wk inc rsv hosp,2,2026-10-17,28,quantile,0.15,5.0
2026-10-03,wk inc rsv hosp,3,2026-10-24,28,quantile,0.15,6.0
2026-10-03,wk inc rsv hosp,0,2026-10-03,28,quantile,0.2,5.0
2026-10-03,wk inc rsv hosp,1,2026-10-10,28,quantile,0.2,6.0
2026-10-03,wk inc rsv hosp,2,2026-10-17,28,quantile,0.2,6.0
2026-10-03,wk inc rsv hosp,3,2026-10-24,28,quantile,0.2,6.0
2026-10-03,wk inc rsv hosp,0,2026-10-03,28,quantile,0.25,5.0
2026-10-03,wk inc rsv hosp,1,2026-10-10,28,quantile,0.25,6.0
2026-10-03,wk inc rsv hosp,2,2026-10-17,28,quantile,0.25,6.0
2026-10-03,wk inc rsv hosp,3,2026-10-24,28,quantile,0.25,7.0
2026-10-03,wk inc rsv hosp,0,2026-10-03,28,quantile,0.3,6.0
2026-10-03,wk inc rsv hosp,1,2026-10-10,28,quantile,0.3,6.0
2026-10-03,wk inc rsv hosp,2,2026-10-17,28,quantile,0.3,7.0
2026-10-03,wk inc rsv hosp,3,2026-10-24,28,quantile,0.3,8.0
2026-10-03,wk inc rsv hosp,0,2026-10-03,28,quantile,0.35,6.0
2026-10-03,wk inc rsv hosp,1,2026-10-10,28,quantile,0.35,6.0
2026-10-03,wk inc rsv hosp,2,2026-10-17,28,quantile,0.35,7.0
2026-10-03,wk inc rsv hosp,3,2026-10-24,28,quantile,0.35,8.0
2026-10-03,wk inc rsv hosp,0,2026-10-03,28,quantile,0.4,6.0
2026-10-03,wk inc rsv hosp,1,2026-10-10,28,quantile,0.4,7.0
2026-10-03,wk inc rsv hosp,2,2026-10-17,28,quantile,0.4,8.0
2026-10-03,wk inc rsv hosp,3,2026-10-24,28,quantile,0.4,9.0
2026-10-03,wk inc rsv hosp,0,2026-10-03,28,quantile,0.45,6.0
2026-10-03,wk inc rsv hosp,1,2026-10-10,28,quantile,0.45,7.0
2026-10-03,wk inc rsv hosp,2,2026-10-17,28,quantile,0.45,8.0
2026-10-03,wk inc rsv hosp,3,2026-10-24,28,quantile,0.45,10.0
2026-10-03,wk inc rsv hosp,0,2026-10-03,28,quantile,0.5,6.0
2026-10-03,wk inc rsv hosp,1,2026-10-10,28,quantile,0.5,7.0
2026-10-03,wk inc rsv hosp,2,2026-10-17,28,quantile,0.5,9.0
2026-10-03,wk inc rsv hosp,3,2026-10-24,28,quantile,0.5,10.0
2026-10-03,wk inc rsv hosp,0,2026-10-03,28,quantile,0.55,6.0
2026-10-03,wk inc rsv hosp,1,2026-10-10,28,quantile,0.55,8.0
2026-10-03,wk inc rsv hosp,2,2026-10-17,28,quantile,0.55,9.0
2026-10-03,wk inc rsv hosp,3,2026-10-24,28,quantile,0.55,11.0
2026-10-03,wk inc rsv hosp,0,2026-10-03,28,quantile,0.6,7.0
2026-10-03,wk inc rsv hosp,1,2026-10-10,28,quantile,0.6,8.0
2026-10-03,wk inc rsv hosp,2,2026-10-17,28,quantile,0.6,10.0
2026-10-03,wk inc rsv hosp,3,2026-10-24,28,quantile,0.6,12.0
2026-10-03,wk inc rsv hosp,0,2026-10-03,28,quantile,0.65,7.0
2026-10-03,wk inc rsv hosp,1,2026-10-10,28,quantile,0.65,8.0
2026-10-03,wk inc rsv hosp,2,2026-10-17,28,quantile,0.65,11.0
2026-10-03,wk inc rsv hosp,3,2026-10-24,28,quantile,0.65,13.0
2026-10-03,wk inc rsv hosp,0,2026-10-03,28,quantile,0.7,7.0
2026-10-03,wk inc rsv hosp,1,2026-10-10,28,quantile,0.7,9.0
2026-10-03,wk inc rsv hosp,2,2026-10-17,28,quantile,0.7,11.0
2026-10-03,wk inc rsv hosp,3,2026-10-24,28,quantile,0.7,14.0
2026-10-03,wk inc rsv hosp,0,2026-10-03,28,quantile,0.75,7.0
2026-10-03,wk inc rsv hosp,1,2026-10-10,28,quantile,0.75,9.0
2026-10-03,wk inc rsv hosp,2,2026-10-17,28,quantile,0.75,12.0
2026-10-03,wk inc rsv hosp,3,2026-10-24,28,quantile,0.75,16.0
2026-10-03,wk inc rsv hosp,0,2026-10-03,28,quantile,0.8,8.0
2026-10-03,wk inc rsv hosp,1,2026-10-10,28,quantile,0.8,10.0
2026-10-03,wk inc rsv hosp,2,2026-10-17,28,quantile,0.8,13.0
2026-10-03,wk inc rsv hosp,3,2026-10-24,28,quantile,0.8,17.0
2026-10-03,wk inc rsv hosp,0,2026-10-03,28,quantile,0.85,8.0
2026-10-03,wk inc rsv hosp,1,2026-10-10,28,quantile,0.85,11.0
2026-10-03,wk inc rsv hosp,2,2026-10-17,28,quantile,0.85,14.0
2026-10-03,wk inc rsv hosp,3,2026-10-24,28,quantile,0.85,19.0
2026-10-03,wk inc rsv hosp,0,2026-10-03,28,quantile,0.9,8.0
2026-10-03,wk inc rsv hosp,1,2026-10-10,28,quantile,0.9,12.0
2026-10-03,wk inc rsv hosp,2,2026-10-17,28,quantile,0.9,16.0
2026-10-03,wk inc rsv hosp,3,2026-10-24,28,quantile,0.9,22.0
2026-10-03,wk inc rsv hosp,0,2026-10-03,28,quantile,0.95,9.0
2026-10-03,wk inc rsv hosp,1,2026-10-10,28,quantile,0.95,13.0
2026-10-03,wk inc rsv hosp,2,2026-10-17,28,quantile,0.95,19.0
2026-10-03,wk inc rsv hosp,3,2026-10-24,28,quantile,0.95,28.0
2026-10-03,wk inc rsv hosp,0,2026-10-03,28,quantile,0.975,10.0
2026-10-03,wk inc rsv hosp,1,2026-10-10,28,quantile,0.975,14.0
2026-10-03,wk inc rsv hosp,2,2026-10-17,28,quantile,0.975,22.0
2026-10-03,wk inc rsv hosp,3,2026-10-24,28,quantile,0.975,32.0
2026-10-03,wk inc rsv hosp,0,2026-10-03,28,quantile,0.99,10.0
2026-10-03,wk inc rsv hosp,1,2026-10-10,28,quantile,0.99,16.0
2026-10-03,wk inc rsv hosp,2,2026-10-17,28,quantile,0.99,24.0
2026-10-03,wk inc rsv hosp,3,2026-10-24,28,quantile,0.99,38.0
2026-10-03,wk inc rsv hosp,0,2026-10-03,29,quantile,0.01,1.0
2026-10-03,wk inc rsv hosp,1,2026-10-10,29,quantile,0.01,0.0
2026-10-03,wk inc rsv hosp,2,2026-10-17,29,quantile,0.01,0.0
2026-10-03,wk inc rsv hosp,3,2026-10-24,29,quantile,0.01,0.0
2026-10-03,wk inc rsv hosp,0,2026-10-03,29,quantile,0.025,1.0
2026-10-03,wk inc rsv hosp,1,2026-10-10,29,quantile,0.025,0.0
2026-10-03,wk inc rsv hosp,2,2026-10-17,29,quantile,0.025,0.0
2026-10-03,wk inc rsv hosp,3,2026-10-24,29,quantile,0.025,0.0
2026-10-03,wk inc rsv hosp,0,2026-10-03,29,quantile,0.05,1.0
2026-10-03,wk inc rsv hosp,1,2026-10-10,29,quantile,0.05,1.0
2026-10-03,wk inc rsv hosp,2,2026-10-17,29,quantile,0.05,1.0
2026-10-03,wk inc rsv hosp,3,2026-10-24,29,quantile,0.05,0.0
2026-10-03,wk inc rsv hosp,0,2026-10-03,29,quantile,0.1,2.0
2026-10-03,wk inc rsv hosp,1,2026-10-10,29,quantile,0.1,2.0
2026-10-03,wk inc rsv hosp,2,2026-10-17,29,quantile,0.1,1.0
2026-10-03,wk inc rsv hosp,3,2026-10-24,29,quantile,0.1,1.0
2026-10-03,wk inc rsv hosp,0,2026-10-03,29,quantile,0.15,2.0
2026-10-03,wk inc rsv hosp,1,2026-10-10,29,quantile,0.15,2.0
2026-10-03,wk inc rsv hosp,2,2026-10-17,29,quantile,0.15,2.0
2026-10-03,wk inc rsv hosp,3,2026-10-24,29,quantile,0.15,1.0
2026-10-03,wk inc rsv hosp,0,2026-10-03,29,quantile,0.2,3.0
2026-10-03,wk inc rsv hosp,1,2026-10-10,29,quantile,0.2,3.0
2026-10-03,wk inc rsv hosp,2,2026-10-17,29,quantile,0.2,2.0
2026-10-03,wk inc rsv hosp,3,2026-10-24,29,quantile,0.2,2.0
2026-10-03,wk inc rsv hosp,0,2026-10-03,29,quantile,0.25,3.0
2026-10-03,wk inc rsv hosp,1,2026-10-10,29,quantile,0.25,3.0
2026-10-03,wk inc rsv hosp,2,2026-10-17,29,quantile,0.25,3.0
2026-10-03,wk inc rsv hosp,3,2026-10-24,29,quantile,0.25,2.0
2026-10-03,wk inc rsv hosp,0,2026-10-03,29,quantile,0.3,5.0
2026-10-03,wk inc rsv hosp,1,2026-10-10,29,quantile,0.3,5.0
2026-10-03,wk inc rsv hosp,2,2026-10-17,29,quantile,0.3,3.0
2026-10-03,wk inc rsv hosp,3,2026-10-24,29,quantile,0.3,3.0
2026-10-03,wk inc rsv hosp,0,2026-10-03,29,quantile,0.35,5.0
2026-10-03,wk inc rsv hosp,1,2026-10-10,29,quantile,0.35,5.0
2026-10-03,wk inc rsv hosp,2,2026-10-17,29,quantile,0.35,5.0
2026-10-03,wk inc rsv hosp,3,2026-10-24,29,quantile,0.35,5.0
2026-10-03,wk inc rsv hosp,0,2026-10-03,29,quantile,0.4,6.0
2026-10-03,wk inc rsv hosp,1,2026-10-10,29,quantile,0.4,5.0
2026-10-03,wk inc rsv hosp,2,2026-10-17,29,quantile,0.4,5.0
2026-10-03,wk inc rsv hosp,3,2026-10-24,29,quantile,0.4,5.0
2026-10-03,wk inc rsv hosp,0,2026-10-03,29,quantile,0.45,6.0
2026-10-03,wk inc rsv hosp,1,2026-10-10,29,quantile,0.45,6.0
2026-10-03,wk inc rsv hosp,2,2026-10-17,29,quantile,0.45,6.0
2026-10-03,wk inc rsv hosp,3,2026-10-24,29,quantile,0.45,6.0
2026-10-03,wk inc rsv hosp,0,2026-10-03,29,quantile,0.5,6.0
2026-10-03,wk inc rsv hosp,1,2026-10-10,29,quantile,0.5,6.0
2026-10-03,wk inc rsv hosp,2,2026-10-17,29,quantile,0.5,6.0
2026-10-03,wk inc rsv hosp,3,2026-10-24,29,quantile,0.5,6.0
2026-10-03,wk inc rsv hosp,0,2026-10-03,29,quantile,0.55,7.0
2026-10-03,wk inc rsv hosp,1,2026-10-10,29,quantile,0.55,7.0
2026-10-03,wk inc rsv hosp,2,2026-10-17,29,quantile,0.55,7.0
2026-10-03,wk inc rsv hosp,3,2026-10-24,29,quantile,0.55,7.0
2026-10-03,wk inc rsv hosp,0,2026-10-03,29,quantile,0.6,7.0
2026-10-03,wk inc rsv hosp,1,2026-10-10,29,quantile,0.6,7.0
2026-10-03,wk inc rsv hosp,2,2026-10-17,29,quantile,0.6,8.0
2026-10-03,wk inc rsv hosp,3,2026-10-24,29,quantile,0.6,7.0
2026-10-03,wk inc rsv hosp,0,2026-10-03,29,quantile,0.65,8.0
2026-10-03,wk inc rsv hosp,1,2026-10-10,29,quantile,0.65,8.0
2026-10-03,wk inc rsv hosp,2,2026-10-17,29,quantile,0.65,8.0
2026-10-03,wk inc rsv hosp,3,2026-10-24,29,quantile,0.65,9.0
2026-10-03,wk inc rsv hosp,0,2026-10-03,29,quantile,0.7,8.0
2026-10-03,wk inc rsv hosp,1,2026-10-10,29,quantile,0.7,9.0
2026-10-03,wk inc rsv hosp,2,2026-10-17,29,quantile,0.7,9.0
2026-10-03,wk inc rsv hosp,3,2026-10-24,29,quantile,0.7,9.0
2026-10-03,wk inc rsv hosp,0,2026-10-03,29,quantile,0.75,8.0
2026-10-03,wk inc rsv hosp,1,2026-10-10,29,quantile,0.75,9.0
2026-10-03,wk inc rsv hosp,2,2026-10-17,29,quantile,0.75,10.0
2026-10-03,wk inc rsv hosp,3,2026-10-24,29,quantile,0.75,10.0
2026-10-03,wk inc rsv hosp,0,2026-10-03,29,quantile,0.8,9.0
2026-10-03,wk inc rsv hosp,1,2026-10-10,29,quantile,0.8,10.0
2026-10-03,wk inc rsv hosp,2,2026-10-17,29,quantile,0.8,11.0
2026-10-03,wk inc rsv hosp,3,2026-10-24,29,quantile,0.8,13.0
2026-10-03,wk inc rsv hosp,0,2026-10-03,29,quantile,0.85,10.0
2026-10-03,wk inc rsv hosp,1,2026-10-10,29,quantile,0.85,11.0
2026-10-03,wk inc rsv hosp,2,2026-10-17,29,quantile,0.85,11.0
2026-10-03,wk inc rsv hosp,3,2026-10-24,29,quantile,0.85,15.0
2026-10-03,wk inc rsv hosp,0,2026-10-03,29,quantile,0.9,11.0
2026-10-03,wk inc rsv hosp,1,2026-10-10,29,quantile,0.9,13.0
2026-10-03,wk inc rsv hosp,2,2026-10-17,29,quantile,0.9,14.0
2026-10-03,wk inc rsv hosp,3,2026-10-24,29,quantile,0.9,17.0
2026-10-03,wk inc rsv hosp,0,2026-10-03,29,quantile,0.95,14.0
2026-10-03,wk inc rsv hosp,1,2026-10-10,29,quantile,0.95,15.0
2026-10-03,wk inc rsv hosp,2,2026-10-17,29,quantile,0.95,17.0
2026-10-03,wk inc rsv hosp,3,2026-10-24,29,quantile,0.95,20.0
2026-10-03,wk inc rsv hosp,0,2026-10-03,29,quantile,0.975,15.0
2026-10-03,wk inc rsv hosp,1,2026-10-10,29,quantile,0.975,17.0
2026-10-03,wk inc rsv hosp,2,2026-10-17,29,quantile,0.975,20.0
2026-10-03,wk inc rsv hosp,3,2026-10-24,29,quantile,0.975,26.0
2026-10-03,wk inc rsv hosp,0,2026-10-03,29,quantile,0.99,17.0
2026-10-03,wk inc rsv hosp,1,2026-10-10,29,quantile,0.99,20.0
2026-10-03,wk inc rsv hosp,2,2026-10-17,29,quantile,0.99,25.0
2026-10-03,wk inc rsv hosp,3,2026-10-24,29,quantile,0.99,33.0
2026-10-03,wk inc rsv hosp,0,2026-10-03,30,quantile,0.01,0.0
2026-10-03,wk inc rsv hosp,1,2026-10-10,30,quantile,0.01,0.0
2026-10-03,wk inc rsv hosp,2,2026-10-17,30,quantile,0.01,0.0
2026-10-03,wk inc rsv hosp,3,2026-10-24,30,quantile,0.01,0.0
2026-10-03,wk inc rsv hosp,0,2026-10-03,30,quantile,0.025,0.0
2026-10-03,wk inc rsv hosp,1,2026-10-10,30,quantile,0.025,0.0
2026-10-03,wk inc rsv hosp,2,2026-10-17,30,quantile,0.025,0.0
2026-10-03,wk inc rsv hosp,3,2026-10-24,30,quantile,0.025,0.0
2026-10-03,wk inc rsv hosp,0,2026-10-03,30,quantile,0.05,0.0
2026-10-03,wk inc rsv hosp,1,2026-10-10,30,quantile,0.05,0.0
2026-10-03,wk inc rsv hosp,2,2026-10-17,30,quantile,0.05,0.0
2026-10-03,wk inc rsv hosp,3,2026-10-24,30,quantile,0.05,0.0
2026-10-03,wk inc rsv hosp,0,2026-10-03,30,quantile,0.1,1.0
2026-10-03,wk inc rsv hosp,1,2026-10-10,30,quantile,0.1,1.0
2026-10-03,wk inc rsv hosp,2,2026-10-17,30,quantile,0.1,0.0
2026-10-03,wk inc rsv hosp,3,2026-10-24,30,quantile,0.1,0.0
2026-10-03,wk inc rsv hosp,0,2026-10-03,30,quantile,0.15,1.0
2026-10-03,wk inc rsv hosp,1,2026-10-10,30,quantile,0.15,1.0
2026-10-03,wk inc rsv hosp,2,2026-10-17,30,quantile,0.15,1.0
2026-10-03,wk inc rsv hosp,3,2026-10-24,30,quantile,0.15,0.0
2026-10-03,wk inc rsv hosp,0,2026-10-03,30,quantile,0.2,1.0
2026-10-03,wk inc rsv hosp,1,2026-10-10,30,quantile,0.2,1.0
2026-10-03,wk inc rsv hosp,2,2026-10-17,30,quantile,0.2,1.0
2026-10-03,wk inc rsv hosp,3,2026-10-24,30,quantile,0.2,1.0
2026-10-03,wk inc rsv hosp,0,2026-10-03,30,quantile,0.25,1.0
2026-10-03,wk inc rsv hosp,1,2026-10-10,30,quantile,0.25,1.0
2026-10-03,wk inc rsv hosp,2,2026-10-17,30,quantile,0.25,1.0
2026-10-03,wk inc rsv hosp,3,2026-10-24,30,quantile,0.25,1.0
2026-10-03,wk inc rsv hosp,0,2026-10-03,30,quantile,0.3,1.0
2026-10-03,wk inc rsv hosp,1,2026-10-10,30,quantile,0.3,1.0
2026-10-03,wk inc rsv hosp,2,2026-10-17,30,quantile,0.3,1.0
2026-10-03,wk inc rsv hosp,3,2026-10-24,30,quantile,0.3,1.0
2026-10-03,wk inc rsv hosp,0,2026-10-03,30,quantile,0.35,1.0
2026-10-03,wk inc rsv hosp,1,2026-10-10,30,quantile,0.35,1.0
2026-10-03,wk inc rsv hosp,2,2026-10-17,30,quantile,0.35,1.0
2026-10-03,wk inc rsv hosp,3,2026-10-24,30,quantile,0.35,1.0
2026-10-03,wk inc rsv hosp,0,2026-10-03,30,quantile,0.4,1.0
2026-10-03,wk inc rsv hosp,1,2026-10-10,30,quantile,0.4,1.0
2026-10-03,wk inc rsv hosp,2,2026-10-17,30,quantile,0.4,1.0
2026-10-03,wk inc rsv hosp,3,2026-10-24,30,quantile,0.4,1.0
2026-10-03,wk inc rsv hosp,0,2026-10-03,30,quantile,0.45,1.0
2026-10-03,wk inc rsv hosp,1,2026-10-10,30,quantile,0.45,1.0
2026-10-03,wk inc rsv hosp,2,2026-10-17,30,quantile,0.45,1.0
2026-10-03,wk inc rsv hosp,3,2026-10-24,30,quantile,0.45,1.0
2026-10-03,wk inc rsv hosp,0,2026-10-03,30,quantile,0.5,1.0
2026-10-03,wk inc rsv hosp,1,2026-10-10,30,quantile,0.5,1.0
2026-10-03,wk inc rsv hosp,2,2026-10-17,30,quantile,0.5,1.0
2026-10-03,wk inc rsv hosp,3,2026-10-24,30,quantile,0.5,1.0
2026-10-03,wk inc rsv hosp,0,2026-10-03,30,quantile,0.55,1.0
2026-10-03,wk inc rsv hosp,1,2026-10-10,30,quantile,0.55,2.0
2026-10-03,wk inc rsv hosp,2,2026-10-17,30,quantile,0.55,2.0
2026-10-03,wk inc rsv hosp,3,2026-10-24,30,quantile,0.55,2.0
2026-10-03,wk inc rsv hosp,0,2026-10-03,30,quantile,0.6,2.0
2026-10-03,wk inc rsv hosp,1,2026-10-10,30,quantile,0.6,2.0
2026-10-03,wk inc rsv hosp,2,2026-10-17,30,quantile,0.6,2.0
2026-10-03,wk inc rsv hosp,3,2026-10-24,30,quantile,0.6,2.0
2026-10-03,wk inc rsv hosp,0,2026-10-03,30,quantile,0.65,2.0
2026-10-03,wk inc rsv hosp,1,2026-10-10,30,quantile,0.65,2.0
2026-10-03,wk inc rsv hosp,2,2026-10-17,30,quantile,0.65,2.0
2026-10-03,wk inc rsv hosp,3,2026-10-24,30,quantile,0.65,2.0
2026-10-03,wk inc rsv hosp,0,2026-10-03,30,quantile,0.7,2.0
2026-10-03,wk inc rsv hosp,1,2026-10-10,30,quantile,0.7,2.0
2026-10-03,wk inc rsv hosp,2,2026-10-17,30,quantile,0.7,2.0
2026-10-03,wk inc rsv hosp,3,2026-10-24,30,quantile,0.7,2.0
2026-10-03,wk inc rsv hosp,0,2026-10-03,30,quantile,0.75,2.0
2026-10-03,wk inc rsv hosp,1,2026-10-10,30,quantile,0.75,2.0
2026-10-03,wk inc rsv hosp,2,2026-10-17,30,quantile,0.75,3.0
2026-10-03,wk inc rsv hosp,3,2026-10-24,30,quantile,0.75,3.0
2026-10-03,wk inc rsv hosp,0,2026-10-03,30,quantile,0.8,2.0
2026-10-03,wk inc rsv hosp,1,2026-10-10,30,quantile,0.8,3.0
2026-10-03,wk inc rsv hosp,2,2026-10-17,30,quantile,0.8,3.0
2026-10-03,wk inc rsv hosp,3,2026-10-24,30,quantile,0.8,3.0
2026-10-03,wk inc rsv hosp,0,2026-10-03,30,quantile,0.85,2.0
2026-10-03,wk inc rsv hosp,1,2026-10-10,30,quantile,0.85,3.0
2026-10-03,wk inc rsv hosp,2,2026-10-17,30,quantile,0.85,3.0
2026-10-03,wk inc rsv hosp,3,2026-10-24,30,quantile,0.85,4.0
2026-10-03,wk inc rsv hosp,0,2026-10-03,30,quantile,0.9,3.0
2026-10-03,wk inc rsv hosp,1,2026-10-10,30,quantile,0.9,3.0
2026-10-03,wk inc rsv hosp,2,2026-10-17,30,quantile,0.9,4.0
2026-10-03,wk inc rsv hosp,3,2026-10-24,30,quantile,0.9,4.0
2026-10-03,wk inc rsv hosp,0,2026-10-03,30,quantile,0.95,3.0
2026-10-03,wk inc rsv hosp,1,2026-10-10,30,quantile,0.95,4.0
2026-10-03,wk inc rsv hosp,2,2026-10-17,30,quantile,0.95,4.0
2026-10-03,wk inc rsv hosp,3,2026-10-24,30,quantile,0.95,5.0
2026-10-03,wk inc rsv hosp,0,2026-10-03,30,quantile,0.975,3.0
2026-10-03,wk inc rsv hosp,1,2026-10-10,30,quantile,0.975,4.0
2026-10-03,wk inc rsv hosp,2,2026-10-17,30,quantile,0.975,5.0
2026-10-03,wk inc rsv hosp,3,2026-10-24,30,quantile,0.975,7.0
2026-10-03,wk inc rsv hosp,0,2026-10-03,30,quantile,0.99,4.0
2026-10-03,wk inc rsv hosp,1,2026-10-10,30,quantile,0.99,5.0
2026-10-03,wk inc rsv hosp,2,2026-10-17,30,quantile,0.99,6.0
2026-10-03,wk inc rsv hosp,3,2026-10-24,30,quantile,0.99,8.0
2026-10-03,wk inc rsv hosp,0,2026-10-03,31,quantile,0.01,0.0
2026-10-03,wk inc rsv hosp,1,2026-10-10,31,quantile,0.01,0.0
2026-10-03,wk inc rsv hosp,2,2026-10-17,31,quantile,0.01,0.0
2026-10-03,wk inc rsv hosp,3,2026-10-24,31,quantile,0.01,0.0
2026-10-03,wk inc rsv hosp,0,2026-10-03,31,quantile,0.025,0.0
2026-10-03,wk inc rsv hosp,1,2026-10-10,31,quantile,0.025,0.0
2026-10-03,wk inc rsv hosp,2,2026-10-17,31,quantile,0.025,0.0
2026-10-03,wk inc rsv hosp,3,2026-10-24,31,quantile,0.025,0.0
2026-10-03,wk inc rsv hosp,0,2026-10-03,31,quantile,0.05,1.0
2026-10-03,wk inc rsv hosp,1,2026-10-10,31,quantile,0.05,1.0
2026-10-03,wk inc rsv hosp,2,2026-10-17,31,quantile,0.05,0.0
2026-10-03,wk inc rsv hosp,3,2026-10-24,31,quantile,0.05,0.0
2026-10-03,wk inc rsv hosp,0,2026-10-03,31,quantile,0.1,1.0
2026-10-03,wk inc rsv hosp,1,2026-10-10,31,quantile,0.1,1.0
2026-10-03,wk inc rsv hosp,2,2026-10-17,31,quantile,0.1,1.0
2026-10-03,wk inc rsv hosp,3,2026-10-24,31,quantile,0.1,0.0
2026-10-03,wk inc rsv hosp,0,2026-10-03,31,quantile,0.15,2.0
2026-10-03,wk inc rsv hosp,1,2026-10-10,31,quantile,0.15,1.0
2026-10-03,wk inc rsv hosp,2,2026-10-17,31,quantile,0.15,1.0
2026-10-03,wk inc rsv hosp,3,2026-10-24,31,quantile,0.15,1.0
2026-10-03,wk inc rsv hosp,0,2026-10-03,31,quantile,0.2,2.0
2026-10-03,wk inc rsv hosp,1,2026-10-10,31,quantile,0.2,2.0
2026-10-03,wk inc rsv hosp,2,2026-10-17,31,quantile,0.2,2.0
2026-10-03,wk inc rsv hosp,3,2026-10-24,31,quantile,0.2,1.0
2026-10-03,wk inc rsv hosp,0,2026-10-03,31,quantile,0.25,2.0
2026-10-03,wk inc rsv hosp,1,2026-10-10,31,quantile,0.25,2.0
2026-10-03,wk inc rsv hosp,2,2026-10-17,31,quantile,0.25,2.0
2026-10-03,wk inc rsv hosp,3,2026-10-24,31,quantile,0.25,1.0
2026-10-03,wk inc rsv hosp,0,2026-10-03,31,quantile,0.3,2.0
2026-10-03,wk inc rsv hosp,1,2026-10-10,31,quantile,0.3,3.0
2026-10-03,wk inc rsv hosp,2,2026-10-17,31,quantile,0.3,2.0
2026-10-03,wk inc rsv hosp,3,2026-10-24,31,quantile,0.3,2.0
2026-10-03,wk inc rsv hosp,0,2026-10-03,31,quantile,0.35,3.0
2026-10-03,wk inc rsv hosp,1,2026-10-10,31,quantile,0.35,3.0
2026-10-03,wk inc rsv hosp,2,2026-10-17,31,quantile,0.35,2.0
2026-10-03,wk inc rsv hosp,3,2026-10-24,31,quantile,0.35,2.0
2026-10-03,wk inc rsv hosp,0,2026-10-03,31,quantile,0.4,3.0
2026-10-03,wk inc rsv hosp,1,2026-10-10,31,quantile,0.4,3.0
2026-10-03,wk inc rsv hosp,2,2026-10-17,31,quantile,0.4,3.0
2026-10-03,wk inc rsv hosp,3,2026-10-24,31,quantile,0.4,3.0
2026-10-03,wk inc rsv hosp,0,2026-10-03,31,quantile,0.45,3.0
2026-10-03,wk inc rsv hosp,1,2026-10-10,31,quantile,0.45,3.0
2026-10-03,wk inc rsv hosp,2,2026-10-17,31,quantile,0.45,3.0
2026-10-03,wk inc rsv hosp,3,2026-10-24,31,quantile,0.45,3.0
2026-10-03,wk inc rsv hosp,0,2026-10-03,31,quantile,0.5,3.0
2026-10-03,wk inc rsv hosp,1,2026-10-10,31,quantile,0.5,3.0
2026-10-03,wk inc rsv hosp,2,2026-10-17,31,quantile,0.5,3.0
2026-10-03,wk inc rsv hosp,3,2026-10-24,31,quantile,0.5,3.0
2026-10-03,wk inc rsv hosp,0,2026-10-03,31,quantile,0.55,3.0
2026-10-03,wk inc rsv hosp,1,2026-10-10,31,quantile,0.55,3.0
2026-10-03,wk inc rsv hosp,2,2026-10-17,31,quantile,0.55,3.0
2026-10-03,wk inc rsv hosp,3,2026-10-24,31,quantile,0.55,3.0
2026-10-03,wk inc rsv hosp,0,2026-10-03,31,quantile,0.6,3.0
2026-10-03,wk inc rsv hosp,1,2026-10-10,31,quantile,0.6,4.0
2026-10-03,wk inc rsv hosp,2,2026-10-17,31,quantile,0.6,4.0
2026-10-03,wk inc rsv hosp,3,2026-10-24,31,quantile,0.6,4.0
2026-10-03,wk inc rsv hosp,0,2026-10-03,31,quantile,0.65,4.0
2026-10-03,wk inc rsv hosp,1,2026-10-10,31,quantile,0.65,4.0
2026-10-03,wk inc rsv hosp,2,2026-10-17,31,quantile,0.65,4.0
2026-10-03,wk inc rsv hosp,3,2026-10-24,31,quantile,0.65,5.0
2026-10-03,wk inc rsv hosp,0,2026-10-03,31,quantile,0.7,4.0
2026-10-03,wk inc rsv hosp,1,2026-10-10,31,quantile,0.7,5.0
2026-10-03,wk inc rsv hosp,2,2026-10-17,31,quantile,0.7,5.0
2026-10-03,wk inc rsv hosp,3,2026-10-24,31,quantile,0.7,6.0
2026-10-03,wk inc rsv hosp,0,2026-10-03,31,quantile,0.75,5.0
2026-10-03,wk inc rsv hosp,1,2026-10-10,31,quantile,0.75,5.0
2026-10-03,wk inc rsv hosp,2,2026-10-17,31,quantile,0.75,6.0
2026-10-03,wk inc rsv hosp,3,2026-10-24,31,quantile,0.75,6.0
2026-10-03,wk inc rsv hosp,0,2026-10-03,31,quantile,0.8,5.0
2026-10-03,wk inc rsv hosp,1,2026-10-10,31,quantile,0.8,6.0
2026-10-03,wk inc rsv hosp,2,2026-10-17,31,quantile,0.8,7.0
2026-10-03,wk inc rsv hosp,3,2026-10-24,31,quantile,0.8,7.0
2026-10-03,wk inc rsv hosp,0,2026-10-03,31,quantile,0.85,6.0
2026-10-03,wk inc rsv hosp,1,2026-10-10,31,quantile,0.85,7.0
2026-10-03,wk inc rsv hosp,2,2026-10-17,31,quantile,0.85,8.0
2026-10-03,wk inc rsv hosp,3,2026-10-24,31,quantile,0.85,8.0
2026-10-03,wk inc rsv hosp,0,2026-10-03,31,quantile,0.9,7.0
2026-10-03,wk inc rsv hosp,1,2026-10-10,31,quantile,0.9,8.0
2026-10-03,wk inc rsv hosp,2,2026-10-17,31,quantile,0.9,8.0
2026-10-03,wk inc rsv hosp,3,2026-10-24,31,quantile,0.9,10.0
2026-10-03,wk inc rsv hosp,0,2026-10-03,31,quantile,0.95,8.0
2026-10-03,wk inc rsv hosp,1,2026-10-10,31,quantile,0.95,8.0
2026-10-03,wk inc rsv hosp,2,2026-10-17,31,quantile,0.95,11.0
2026-10-03,wk inc rsv hosp,3,2026-10-24,31,quantile,0.95,12.0
2026-10-03,wk inc rsv hosp,0,2026-10-03,31,quantile,0.975,9.0
2026-10-03,wk inc rsv hosp,1,2026-10-10,31,quantile,0.975,10.0
2026-10-03,wk inc rsv hosp,2,2026-10-17,31,quantile,0.975,13.0
2026-10-03,wk inc rsv hosp,3,2026-10-24,31,quantile,0.975,17.0
2026-10-03,wk inc rsv hosp,0,2026-10-03,31,quantile,0.99,10.0
2026-10-03,wk inc rsv hosp,1,2026-10-10,31,quantile,0.99,12.0
2026-10-03,wk inc rsv hosp,2,2026-10-17,31,quantile,0.99,14.0
2026-10-03,wk inc rsv hosp,3,2026-10-24,31,quantile,0.99,19.0
2026-10-03,wk inc rsv hosp,0,2026-10-03,32,quantile,0.01,1.0
2026-10-03,wk inc rsv hosp,1,2026-10-10,32,quantile,0.01,1.0
2026-10-03,wk inc rsv hosp,2,2026-10-17,32,quantile,0.01,1.0
2026-10-03,wk inc rsv hosp,3,2026-10-24,32,quantile,0.01,0.0
2026-10-03,wk inc rsv hosp,0,2026-10-03,32,quantile,0.025,1.0
2026-10-03,wk inc rsv hosp,1,2026-10-10,32,quantile,0.025,1.0
2026-10-03,wk inc rsv hosp,2,2026-10-17,32,quantile,0.025,1.0
2026-10-03,wk inc rsv hosp,3,2026-10-24,32,quantile,0.025,0.0
2026-10-03,wk inc rsv hosp,0,2026-10-03,32,quantile,0.05,1.0
2026-10-03,wk inc rsv hosp,1,2026-10-10,32,quantile,0.05,1.0
2026-10-03,wk inc rsv hosp,2,2026-10-17,32,quantile,0.05,1.0
2026-10-03,wk inc rsv hosp,3,2026-10-24,32,quantile,0.05,1.0
2026-10-03,wk inc rsv hosp,0,2026-10-03,32,quantile,0.1,2.0
2026-10-03,wk inc rsv hosp,1,2026-10-10,32,quantile,0.1,1.0
2026-10-03,wk inc rsv hosp,2,2026-10-17,32,quantile,0.1,1.0
2026-10-03,wk inc rsv hosp,3,2026-10-24,32,quantile,0.1,1.0
2026-10-03,wk inc rsv hosp,0,2026-10-03,32,quantile,0.15,2.0
2026-10-03,wk inc rsv hosp,1,2026-10-10,32,quantile,0.15,2.0
2026-10-03,wk inc rsv hosp,2,2026-10-17,32,quantile,0.15,1.0
2026-10-03,wk inc rsv hosp,3,2026-10-24,32,quantile,0.15,1.0
2026-10-03,wk inc rsv hosp,0,2026-10-03,32,quantile,0.2,2.0
2026-10-03,wk inc rsv hosp,1,2026-10-10,32,quantile,0.2,2.0
2026-10-03,wk inc rsv hosp,2,2026-10-17,32,quantile,0.2,2.0
2026-10-03,wk inc rsv hosp,3,2026-10-24,32,quantile,0.2,1.0
2026-10-03,wk inc rsv hosp,0,2026-10-03,32,quantile,0.25,2.0
2026-10-03,wk inc rsv hosp,1,2026-10-10,32,quantile,0.25,2.0
2026-10-03,wk inc rsv hosp,2,2026-10-17,32,quantile,0.25,2.0
2026-10-03,wk inc rsv hosp,3,2026-10-24,32,quantile,0.25,2.0
2026-10-03,wk inc rsv hosp,0,2026-10-03,32,quantile,0.3,2.0
2026-10-03,wk inc rsv hosp,1,2026-10-10,32,quantile,0.3,2.0
2026-10-03,wk inc rsv hosp,2,2026-10-17,32,quantile,0.3,2.0
2026-10-03,wk inc rsv hosp,3,2026-10-24,32,quantile,0.3,2.0
2026-10-03,wk inc rsv hosp,0,2026-10-03,32,quantile,0.35,2.0
2026-10-03,wk inc rsv hosp,1,2026-10-10,32,quantile,0.35,2.0
2026-10-03,wk inc rsv hosp,2,2026-10-17,32,quantile,0.35,2.0
2026-10-03,wk inc rsv hosp,3,2026-10-24,32,quantile,0.35,2.0
2026-10-03,wk inc rsv hosp,0,2026-10-03,32,quantile,0.4,2.0
2026-10-03,wk inc rsv hosp,1,2026-10-10,32,quantile,0.4,2.0
2026-10-03,wk inc rsv hosp,2,2026-10-17,32,quantile,0.4,2.0
2026-10-03,wk inc rsv hosp,3,2026-10-24,32,quantile,0.4,2.0
2026-10-03,wk inc rsv hosp,0,2026-10-03,32,quantile,0.45,3.0
2026-10-03,wk inc rsv hosp,1,2026-10-10,32,quantile,0.45,3.0
2026-10-03,wk inc rsv hosp,2,2026-10-17,32,quantile,0.45,2.0
2026-10-03,wk inc rsv hosp,3,2026-10-24,32,quantile,0.45,2.0
2026-10-03,wk inc rsv hosp,0,2026-10-03,32,quantile,0.5,3.0
2026-10-03,wk inc rsv hosp,1,2026-10-10,32,quantile,0.5,3.0
2026-10-03,wk inc rsv hosp,2,2026-10-17,32,quantile,0.5,3.0
2026-10-03,wk inc rsv hosp,3,2026-10-24,32,quantile,0.5,2.0
2026-10-03,wk inc rsv hosp,0,2026-10-03,32,quantile,0.55,3.0
2026-10-03,wk inc rsv hosp,1,2026-10-10,32,quantile,0.55,3.0
2026-10-03,wk inc rsv hosp,2,2026-10-17,32,quantile,0.55,3.0
2026-10-03,wk inc rsv hosp,3,2026-10-24,32,quantile,0.55,3.0
2026-10-03,wk inc rsv hosp,0,2026-10-03,32,quantile,0.6,3.0
2026-10-03,wk inc rsv hosp,1,2026-10-10,32,quantile,0.6,3.0
2026-10-03,wk inc rsv hosp,2,2026-10-17,32,quantile,0.6,3.0
2026-10-03,wk inc rsv hosp,3,2026-10-24,32,quantile,0.6,3.0
2026-10-03,wk inc rsv hosp,0,2026-10-03,32,quantile,0.65,3.0
2026-10-03,wk inc rsv hosp,1,2026-10-10,32,quantile,0.65,3.0
2026-10-03,wk inc rsv hosp,2,2026-10-17,32,quantile,0.65,3.0
2026-10-03,wk inc rsv hosp,3,2026-10-24,32,quantile,0.65,3.0
2026-10-03,wk inc rsv hosp,0,2026-10-03,32,quantile,0.7,3.0
2026-10-03,wk inc rsv hosp,1,2026-10-10,32,quantile,0.7,3.0
2026-10-03,wk inc rsv hosp,2,2026-10-17,32,quantile,0.7,4.0
2026-10-03,wk inc rsv hosp,3,2026-10-24,32,quantile,0.7,4.0
2026-10-03,wk inc rsv hosp,0,2026-10-03,32,quantile,0.75,3.0
2026-10-03,wk inc rsv hosp,1,2026-10-10,32,quantile,0.75,4.0
2026-10-03,wk inc rsv hosp,2,2026-10-17,32,quantile,0.75,4.0
2026-10-03,wk inc rsv hosp,3,2026-10-24,32,quantile,0.75,4.0
2026-10-03,wk inc rsv hosp,0,2026-10-03,32,quantile,0.8,4.0
2026-10-03,wk inc rsv hosp,1,2026-10-10,32,quantile,0.8,4.0
2026-10-03,wk inc rsv hosp,2,2026-10-17,32,quantile,0.8,4.0
2026-10-03,wk inc rsv hosp,3,2026-10-24,32,quantile,0.8,5.0
2026-10-03,wk inc rsv hosp,0,2026-10-03,32,quantile,0.85,4.0
2026-10-03,wk inc rsv hosp,1,2026-10-10,32,quantile,0.85,4.0
2026-10-03,wk inc rsv hosp,2,2026-10-17,32,quantile,0.85,5.0
2026-10-03,wk inc rsv hosp,3,2026-10-24,32,quantile,0.85,5.0
2026-10-03,wk inc rsv hosp,0,2026-10-03,32,quantile,0.9,4.0
2026-10-03,wk inc rsv hosp,1,2026-10-10,32,quantile,0.9,5.0
2026-10-03,wk inc rsv hosp,2,2026-10-17,32,quantile,0.9,5.0
2026-10-03,wk inc rsv hosp,3,2026-10-24,32,quantile,0.9,6.0
2026-10-03,wk inc rsv hosp,0,2026-10-03,32,quantile,0.95,4.0
2026-10-03,wk inc rsv hosp,1,2026-10-10,32,quantile,0.95,6.0
2026-10-03,wk inc rsv hosp,2,2026-10-17,32,quantile,0.95,7.0
2026-10-03,wk inc rsv hosp,3,2026-10-24,32,quantile,0.95,8.0
2026-10-03,wk inc rsv hosp,0,2026-10-03,32,quantile,0.975,5.0
2026-10-03,wk inc rsv hosp,1,2026-10-10,32,quantile,0.975,6.0
2026-10-03,wk inc rsv hosp,2,2026-10-17,32,quantile,0.975,8.0
2026-10-03,wk inc rsv hosp,3,2026-10-24,32,quantile,0.975,10.0
2026-10-03,wk inc rsv hosp,0,2026-10-03,32,quantile,0.99,6.0
2026-10-03,wk inc rsv hosp,1,2026-10-10,32,quantile,0.99,8.0
2026-10-03,wk inc rsv hosp,2,2026-10-17,32,quantile,0.99,9.0
2026-10-03,wk inc rsv hosp,3,2026-10-24,32,quantile,0.99,13.0
2026-10-03,wk inc rsv hosp,0,2026-10-03,33,quantile,0.01,0.0
2026-10-03,wk inc rsv hosp,1,2026-10-10,33,quantile,0.01,0.0
2026-10-03,wk inc rsv hosp,2,2026-10-17,33,quantile,0.01,0.0
2026-10-03,wk inc rsv hosp,3,2026-10-24,33,quantile,0.01,0.0
2026-10-03,wk inc rsv hosp,0,2026-10-03,33,quantile,0.025,0.0
2026-10-03,wk inc rsv hosp,1,2026-10-10,33,quantile,0.025,0.0
2026-10-03,wk inc rsv hosp,2,2026-10-17,33,quantile,0.025,0.0
2026-10-03,wk inc rsv hosp,3,2026-10-24,33,quantile,0.025,0.0
2026-10-03,wk inc rsv hosp,0,2026-10-03,33,quantile,0.05,0.0
2026-10-03,wk inc rsv hosp,1,2026-10-10,33,quantile,0.05,0.0
2026-10-03,wk inc rsv hosp,2,2026-10-17,33,quantile,0.05,0.0
2026-10-03,wk inc rsv hosp,3,2026-10-24,33,quantile,0.05,0.0
2026-10-03,wk inc rsv hosp,0,2026-10-03,33,quantile,0.1,0.0
2026-10-03,wk inc rsv hosp,1,2026-10-10,33,quantile,0.1,0.0
2026-10-03,wk inc rsv hosp,2,2026-10-17,33,quantile,0.1,0.0
2026-10-03,wk inc rsv hosp,3,2026-10-24,33,quantile,0.1,0.0
2026-10-03,wk inc rsv hosp,0,2026-10-03,33,quantile,0.15,0.0
2026-10-03,wk inc rsv hosp,1,2026-10-10,33,quantile,0.15,0.0
2026-10-03,wk inc rsv hosp,2,2026-10-17,33,quantile,0.15,0.0
2026-10-03,wk inc rsv hosp,3,2026-10-24,33,quantile,0.15,0.0
2026-10-03,wk inc rsv hosp,0,2026-10-03,33,quantile,0.2,0.0
2026-10-03,wk inc rsv hosp,1,2026-10-10,33,quantile,0.2,0.0
2026-10-03,wk inc rsv hosp,2,2026-10-17,33,quantile,0.2,0.0
2026-10-03,wk inc rsv hosp,3,2026-10-24,33,quantile,0.2,0.0
2026-10-03,wk inc rsv hosp,0,2026-10-03,33,quantile,0.25,0.0
2026-10-03,wk inc rsv hosp,1,2026-10-10,33,quantile,0.25,0.0
2026-10-03,wk inc rsv hosp,2,2026-10-17,33,quantile,0.25,0.0
2026-10-03,wk inc rsv hosp,3,2026-10-24,33,quantile,0.25,0.0
2026-10-03,wk inc rsv hosp,0,2026-10-03,33,quantile,0.3,1.0
2026-10-03,wk inc rsv hosp,1,2026-10-10,33,quantile,0.3,1.0
2026-10-03,wk inc rsv hosp,2,2026-10-17,33,quantile,0.3,0.0
2026-10-03,wk inc rsv hosp,3,2026-10-24,33,quantile,0.3,0.0
2026-10-03,wk inc rsv hosp,0,2026-10-03,33,quantile,0.35,1.0
2026-10-03,wk inc rsv hosp,1,2026-10-10,33,quantile,0.35,1.0
2026-10-03,wk inc rsv hosp,2,2026-10-17,33,quantile,0.35,1.0
2026-10-03,wk inc rsv hosp,3,2026-10-24,33,quantile,0.35,1.0
2026-10-03,wk inc rsv hosp,0,2026-10-03,33,quantile,0.4,1.0
2026-10-03,wk inc rsv hosp,1,2026-10-10,33,quantile,0.4,1.0
2026-10-03,wk inc rsv hosp,2,2026-10-17,33,quantile,0.4,1.0
2026-10-03,wk inc rsv hosp,3,2026-10-24,33,quantile,0.4,1.0
2026-10-03,wk inc rsv hosp,0,2026-10-03,33,quantile,0.45,1.0
2026-10-03,wk inc rsv hosp,1,2026-10-10,33,quantile,0.45,1.0
2026-10-03,wk inc rsv hosp,2,2026-10-17,33,quantile,0.45,1.0
2026-10-03,wk inc rsv hosp,3,2026-10-24,33,quantile,0.45,1.0
2026-10-03,wk inc rsv hosp,0,2026-10-03,33,quantile,0.5,1.0
2026-10-03,wk inc rsv hosp,1,2026-10-10,33,quantile,0.5,1.0
2026-10-03,wk inc rsv hosp,2,2026-10-17,33,quantile,0.5,1.0
2026-10-03,wk inc rsv hosp,3,2026-10-24,33,quantile,0.5,1.0
2026-10-03,wk inc rsv hosp,0,2026-10-03,33,quantile,0.55,1.0
2026-10-03,wk inc rsv hosp,1,2026-10-10,33,quantile,0.55,1.0
2026-10-03,wk inc rsv hosp,2,2026-10-17,33,quantile,0.55,1.0
2026-10-03,wk inc rsv hosp,3,2026-10-24,33,quantile,0.55,1.0
2026-10-03,wk inc rsv hosp,0,2026-10-03,33,quantile,0.6,1.0
2026-10-03,wk inc rsv hosp,1,2026-10-10,33,quantile,0.6,1.0
2026-10-03,wk inc rsv hosp,2,2026-10-17,33,quantile,0.6,1.0
2026-10-03,wk inc rsv hosp,3,2026-10-24,33,quantile,0.6,1.0
2026-10-03,wk inc rsv hosp,0,2026-10-03,33,quantile,0.65,1.0
2026-10-03,wk inc rsv hosp,1,2026-10-10,33,quantile,0.65,1.0
2026-10-03,wk inc rsv hosp,2,2026-10-17,33,quantile,0.65,1.0
2026-10-03,wk inc rsv hosp,3,2026-10-24,33,quantile,0.65,1.0
2026-10-03,wk inc rsv hosp,0,2026-10-03,33,quantile,0.7,1.0
2026-10-03,wk inc rsv hosp,1,2026-10-10,33,quantile,0.7,1.0
2026-10-03,wk inc rsv hosp,2,2026-10-17,33,quantile,0.7,1.0
2026-10-03,wk inc rsv hosp,3,2026-10-24,33,quantile,0.7,1.0
2026-10-03,wk inc rsv hosp,0,2026-10-03,33,quantile,0.75,1.0
2026-10-03,wk inc rsv hosp,1,2026-10-10,33,quantile,0.75,1.0
2026-10-03,wk inc rsv hosp,2,2026-10-17,33,quantile,0.75,1.0
2026-10-03,wk inc rsv hosp,3,2026-10-24,33,quantile,0.75,2.0
2026-10-03,wk inc rsv hosp,0,2026-10-03,33,quantile,0.8,1.0
2026-10-03,wk inc rsv hosp,1,2026-10-10,33,quantile,0.8,1.0
2026-10-03,wk inc rsv hosp,2,2026-10-17,33,quantile,0.8,2.0
2026-10-03,wk inc rsv hosp,3,2026-10-24,33,quantile,0.8,2.0
2026-10-03,wk inc rsv hosp,0,2026-10-03,33,quantile,0.85,2.0
2026-10-03,wk inc rsv hosp,1,2026-10-10,33,quantile,0.85,2.0
2026-10-03,wk inc rsv hosp,2,2026-10-17,33,quantile,0.85,2.0
2026-10-03,wk inc rsv hosp,3,2026-10-24,33,quantile,0.85,2.0
2026-10-03,wk inc rsv hosp,0,2026-10-03,33,quantile,0.9,2.0
2026-10-03,wk inc rsv hosp,1,2026-10-10,33,quantile,0.9,2.0
2026-10-03,wk inc rsv hosp,2,2026-10-17,33,quantile,0.9,2.0
2026-10-03,wk inc rsv hosp,3,2026-10-24,33,quantile,0.9,2.0
2026-10-03,wk inc rsv hosp,0,2026-10-03,33,quantile,0.95,2.0
2026-10-03,wk inc rsv hosp,1,2026-10-10,33,quantile,0.95,2.0
2026-10-03,wk inc rsv hosp,2,2026-10-17,33,quantile,0.95,3.0
2026-10-03,wk inc rsv hosp,3,2026-10-24,33,quantile,0.95,3.0
2026-10-03,wk inc rsv hosp,0,2026-10-03,33,quantile,0.975,2.0
2026-10-03,wk inc rsv hosp,1,2026-10-10,33,quantile,0.975,3.0
2026-10-03,wk inc rsv hosp,2,2026-10-17,33,quantile,0.975,3.0
2026-10-03,wk inc rsv hosp,3,2026-10-24,33,quantile,0.975,4.0
2026-10-03,wk inc rsv hosp,0,2026-10-03,33,quantile,0.99,2.0
2026-10-03,wk inc rsv hosp,1,2026-10-10,33,quantile,0.99,3.0
2026-10-03,wk inc rsv hosp,2,2026-10-17,33,quantile,0.99,4.0
2026-10-03,wk inc rsv hosp,3,2026-10-24,33,quantile,0.99,5.0
2026-10-03,wk inc rsv hosp,0,2026-10-03,34,quantile,0.01,1.0
2026-10-03,wk inc rsv hosp,1,2026-10-10,34,quantile,0.01,1.0
2026-10-03,wk inc rsv hosp,2,2026-10-17,34,quantile,0.01,0.0
2026-10-03,wk inc rsv hosp,3,2026-10-24,34,quantile,0.01,0.0
2026-10-03,wk inc rsv hosp,0,2026-10-03,34,quantile,0.025,1.0
2026-10-03,wk inc rsv hosp,1,2026-10-10,34,quantile,0.025,1.0
2026-10-03,wk inc rsv hosp,2,2026-10-17,34,quantile,0.025,1.0
2026-10-03,wk inc rsv hosp,3,2026-10-24,34,quantile,0.025,0.0
2026-10-03,wk inc rsv hosp,0,2026-10-03,34,quantile,0.05,3.0
2026-10-03,wk inc rsv hosp,1,2026-10-10,34,quantile,0.05,3.0
2026-10-03,wk inc rsv hosp,2,2026-10-17,34,quantile,0.05,1.0
2026-10-03,wk inc rsv hosp,3,2026-10-24,34,quantile,0.05,1.0
2026-10-03,wk inc rsv hosp,0,2026-10-03,34,quantile,0.1,4.0
2026-10-03,wk inc rsv hosp,1,2026-10-10,34,quantile,0.1,3.0
2026-10-03,wk inc rsv hosp,2,2026-10-17,34,quantile,0.1,3.0
2026-10-03,wk inc rsv hosp,3,2026-10-24,34,quantile,0.1,1.0
2026-10-03,wk inc rsv hosp,0,2026-10-03,34,quantile,0.15,6.0
2026-10-03,wk inc rsv hosp,1,2026-10-10,34,quantile,0.15,4.0
2026-10-03,wk inc rsv hosp,2,2026-10-17,34,quantile,0.15,3.0
2026-10-03,wk inc rsv hosp,3,2026-10-24,34,quantile,0.15,3.0
2026-10-03,wk inc rsv hosp,0,2026-10-03,34,quantile,0.2,6.0
2026-10-03,wk inc rsv hosp,1,2026-10-10,34,quantile,0.2,6.0
2026-10-03,wk inc rsv hosp,2,2026-10-17,34,quantile,0.2,4.0
2026-10-03,wk inc rsv hosp,3,2026-10-24,34,quantile,0.2,4.0
2026-10-03,wk inc rsv hosp,0,2026-10-03,34,quantile,0.25,6.0
2026-10-03,wk inc rsv hosp,1,2026-10-10,34,quantile,0.25,6.0
2026-10-03,wk inc rsv hosp,2,2026-10-17,34,quantile,0.25,6.0
2026-10-03,wk inc rsv hosp,3,2026-10-24,34,quantile,0.25,4.0
2026-10-03,wk inc rsv hosp,0,2026-10-03,34,quantile,0.3,7.0
2026-10-03,wk inc rsv hosp,1,2026-10-10,34,quantile,0.3,7.0
2026-10-03,wk inc rsv hosp,2,2026-10-17,34,quantile,0.3,6.0
2026-10-03,wk inc rsv hosp,3,2026-10-24,34,quantile,0.3,6.0
2026-10-03,wk inc rsv hosp,0,2026-10-03,34,quantile,0.35,7.0
2026-10-03,wk inc rsv hosp,1,2026-10-10,34,quantile,0.35,7.0
2026-10-03,wk inc rsv hosp,2,2026-10-17,34,quantile,0.35,7.0
2026-10-03,wk inc rsv hosp,3,2026-10-24,34,quantile,0.35,7.0
2026-10-03,wk inc rsv hosp,0,2026-10-03,34,quantile,0.4,8.0
2026-10-03,wk inc rsv hosp,1,2026-10-10,34,quantile,0.4,8.0
2026-10-03,wk inc rsv hosp,2,2026-10-17,34,quantile,0.4,7.0
2026-10-03,wk inc rsv hosp,3,2026-10-24,34,quantile,0.4,7.0
2026-10-03,wk inc rsv hosp,0,2026-10-03,34,quantile,0.45,8.0
2026-10-03,wk inc rsv hosp,1,2026-10-10,34,quantile,0.45,8.0
2026-10-03,wk inc rsv hosp,2,2026-10-17,34,quantile,0.45,8.0
2026-10-03,wk inc rsv hosp,3,2026-10-24,34,quantile,0.45,8.0
2026-10-03,wk inc rsv hosp,0,2026-10-03,34,quantile,0.5,8.0
2026-10-03,wk inc rsv hosp,1,2026-10-10,34,quantile,0.5,10.0
2026-10-03,wk inc rsv hosp,2,2026-10-17,34,quantile,0.5,10.0
2026-10-03,wk inc rsv hosp,3,2026-10-24,34,quantile,0.5,10.0
2026-10-03,wk inc rsv hosp,0,2026-10-03,34,quantile,0.55,10.0
2026-10-03,wk inc rsv hosp,1,2026-10-10,34,quantile,0.55,10.0
2026-10-03,wk inc rsv hosp,2,2026-10-17,34,quantile,0.55,11.0
2026-10-03,wk inc rsv hosp,3,2026-10-24,34,quantile,0.55,11.0
2026-10-03,wk inc rsv hosp,0,2026-10-03,34,quantile,0.6,10.0
2026-10-03,wk inc rsv hosp,1,2026-10-10,34,quantile,0.6,11.0
2026-10-03,wk inc rsv hosp,2,2026-10-17,34,quantile,0.6,13.0
2026-10-03,wk inc rsv hosp,3,2026-10-24,34,quantile,0.6,11.0
2026-10-03,wk inc rsv hosp,0,2026-10-03,34,quantile,0.65,11.0
2026-10-03,wk inc rsv hosp,1,2026-10-10,34,quantile,0.65,11.0
2026-10-03,wk inc rsv hosp,2,2026-10-17,34,quantile,0.65,13.0
2026-10-03,wk inc rsv hosp,3,2026-10-24,34,quantile,0.65,13.0
2026-10-03,wk inc rsv hosp,0,2026-10-03,34,quantile,0.7,13.0
2026-10-03,wk inc rsv hosp,1,2026-10-10,34,quantile,0.7,13.0
2026-10-03,wk inc rsv hosp,2,2026-10-17,34,quantile,0.7,14.0
2026-10-03,wk inc rsv hosp,3,2026-10-24,34,quantile,0.7,14.0
2026-10-03,wk inc rsv hosp,0,2026-10-03,34,quantile,0.75,13.0
2026-10-03,wk inc rsv hosp,1,2026-10-10,34,quantile,0.75,14.0
2026-10-03,wk inc rsv hosp,2,2026-10-17,34,quantile,0.75,16.0
2026-10-03,wk inc rsv hosp,3,2026-10-24,34,quantile,0.75,16.0
2026-10-03,wk inc rsv hosp,0,2026-10-03,34,quantile,0.8,14.0
2026-10-03,wk inc rsv hosp,1,2026-10-10,34,quantile,0.8,16.0
2026-10-03,wk inc rsv hosp,2,2026-10-17,34,quantile,0.8,17.0
2026-10-03,wk inc rsv hosp,3,2026-10-24,34,quantile,0.8,18.0
2026-10-03,wk inc rsv hosp,0,2026-10-03,34,quantile,0.85,16.0
2026-10-03,wk inc rsv hosp,1,2026-10-10,34,quantile,0.85,17.0
2026-10-03,wk inc rsv hosp,2,2026-10-17,34,quantile,0.85,20.0
2026-10-03,wk inc rsv hosp,3,2026-10-24,34,quantile,0.85,21.0
2026-10-03,wk inc rsv hosp,0,2026-10-03,34,quantile,0.9,17.0
2026-10-03,wk inc rsv hosp,1,2026-10-10,34,quantile,0.9,20.0
2026-10-03,wk inc rsv hosp,2,2026-10-17,34,quantile,0.9,23.0
2026-10-03,wk inc rsv hosp,3,2026-10-24,34,quantile,0.9,24.0
2026-10-03,wk inc rsv hosp,0,2026-10-03,34,quantile,0.95,20.0
2026-10-03,wk inc rsv hosp,1,2026-10-10,34,quantile,0.95,23.0
2026-10-03,wk inc rsv hosp,2,2026-10-17,34,quantile,0.95,27.0
2026-10-03,wk inc rsv hosp,3,2026-10-24,34,quantile,0.95,32.0
2026-10-03,wk inc rsv hosp,0,2026-10-03,34,quantile,0.975,21.0
2026-10-03,wk inc rsv hosp,1,2026-10-10,34,quantile,0.975,27.0
2026-10-03,wk inc rsv hosp,2,2026-10-17,34,quantile,0.975,31.0
2026-10-03,wk inc rsv hosp,3,2026-10-24,34,quantile,0.975,39.0
2026-10-03,wk inc rsv hosp,0,2026-10-03,34,quantile,0.99,25.0
2026-10-03,wk inc rsv hosp,1,2026-10-10,34,quantile,0.99,28.0
2026-10-03,wk inc rsv hosp,2,2026-10-17,34,quantile,0.99,39.0
2026-10-03,wk inc rsv hosp,3,2026-10-24,34,quantile,0.99,51.0
2026-10-03,wk inc rsv hosp,0,2026-10-03,35,quantile,0.01,0.0
2026-10-03,wk inc rsv hosp,1,2026-10-10,35,quantile,0.01,0.0
2026-10-03,wk inc rsv hosp,2,2026-10-17,35,quantile,0.01,0.0
2026-10-03,wk inc rsv hosp,3,2026-10-24,35,quantile,0.01,0.0
2026-10-03,wk inc rsv hosp,0,2026-10-03,35,quantile,0.025,0.0
2026-10-03,wk inc rsv hosp,1,2026-10-10,35,quantile,0.025,0.0
2026-10-03,wk inc rsv hosp,2,2026-10-17,35,quantile,0.025,0.0
2026-10-03,wk inc rsv hosp,3,2026-10-24,35,quantile,0.025,0.0
2026-10-03,wk inc rsv hosp,0,2026-10-03,35,quantile,0.05,1.0
2026-10-03,wk inc rsv hosp,1,2026-10-10,35,quantile,0.05,1.0
2026-10-03,wk inc rsv hosp,2,2026-10-17,35,quantile,0.05,0.0
2026-10-03,wk inc rsv hosp,3,2026-10-24,35,quantile,0.05,0.0
2026-10-03,wk inc rsv hosp,0,2026-10-03,35,quantile,0.1,1.0
2026-10-03,wk inc rsv hosp,1,2026-10-10,35,quantile,0.1,1.0
2026-10-03,wk inc rsv hosp,2,2026-10-17,35,quantile,0.1,1.0
2026-10-03,wk inc rsv hosp,3,2026-10-24,35,quantile,0.1,0.0
2026-10-03,wk inc rsv hosp,0,2026-10-03,35,quantile,0.15,1.0
2026-10-03,wk inc rsv hosp,1,2026-10-10,35,quantile,0.15,1.0
2026-10-03,wk inc rsv hosp,2,2026-10-17,35,quantile,0.15,1.0
2026-10-03,wk inc rsv hosp,3,2026-10-24,35,quantile,0.15,1.0
2026-10-03,wk inc rsv hosp,0,2026-10-03,35,quantile,0.2,2.0
2026-10-03,wk inc rsv hosp,1,2026-10-10,35,quantile,0.2,2.0
2026-10-03,wk inc rsv hosp,2,2026-10-17,35,quantile,0.2,1.0
2026-10-03,wk inc rsv hosp,3,2026-10-24,35,quantile,0.2,1.0
2026-10-03,wk inc rsv hosp,0,2026-10-03,35,quantile,0.25,2.0
2026-10-03,wk inc rsv hosp,1,2026-10-10,35,quantile,0.25,2.0
2026-10-03,wk inc rsv hosp,2,2026-10-17,35,quantile,0.25,2.0
2026-10-03,wk inc rsv hosp,3,2026-10-24,35,quantile,0.25,1.0
2026-10-03,wk inc rsv hosp,0,2026-10-03,35,quantile,0.3,2.0
2026-10-03,wk inc rsv hosp,1,2026-10-10,35,quantile,0.3,2.0
2026-10-03,wk inc rsv hosp,2,2026-10-17,35,quantile,0.3,2.0
2026-10-03,wk inc rsv hosp,3,2026-10-24,35,quantile,0.3,2.0
2026-10-03,wk inc rsv hosp,0,2026-10-03,35,quantile,0.35,2.0
2026-10-03,wk inc rsv hosp,1,2026-10-10,35,quantile,0.35,2.0
2026-10-03,wk inc rsv hosp,2,2026-10-17,35,quantile,0.35,2.0
2026-10-03,wk inc rsv hosp,3,2026-10-24,35,quantile,0.35,2.0
2026-10-03,wk inc rsv hosp,0,2026-10-03,35,quantile,0.4,2.0
2026-10-03,wk inc rsv hosp,1,2026-10-10,35,quantile,0.4,2.0
2026-10-03,wk inc rsv hosp,2,2026-10-17,35,quantile,0.4,2.0
2026-10-03,wk inc rsv hosp,3,2026-10-24,35,quantile,0.4,2.0
2026-10-03,wk inc rsv hosp,0,2026-10-03,35,quantile,0.45,2.0
2026-10-03,wk inc rsv hosp,1,2026-10-10,35,quantile,0.45,2.0
2026-10-03,wk inc rsv hosp,2,2026-10-17,35,quantile,0.45,2.0
2026-10-03,wk inc rsv hosp,3,2026-10-24,35,quantile,0.45,2.0
2026-10-03,wk inc rsv hosp,0,2026-10-03,35,quantile,0.5,2.0
2026-10-03,wk inc rsv hosp,1,2026-10-10,35,quantile,0.5,3.0
2026-10-03,wk inc rsv hosp,2,2026-10-17,35,quantile,0.5,3.0
2026-10-03,wk inc rsv hosp,3,2026-10-24,35,quantile,0.5,2.0
2026-10-03,wk inc rsv hosp,0,2026-10-03,35,quantile,0.55,3.0
2026-10-03,wk inc rsv hosp,1,2026-10-10,35,quantile,0.55,3.0
2026-10-03,wk inc rsv hosp,2,2026-10-17,35,quantile,0.55,3.0
2026-10-03,wk inc rsv hosp,3,2026-10-24,35,quantile,0.55,3.0
2026-10-03,wk inc rsv hosp,0,2026-10-03,35,quantile,0.6,3.0
2026-10-03,wk inc rsv hosp,1,2026-10-10,35,quantile,0.6,3.0
2026-10-03,wk inc rsv hosp,2,2026-10-17,35,quantile,0.6,3.0
2026-10-03,wk inc rsv hosp,3,2026-10-24,35,quantile,0.6,3.0
2026-10-03,wk inc rsv hosp,0,2026-10-03,35,quantile,0.65,3.0
2026-10-03,wk inc rsv hosp,1,2026-10-10,35,quantile,0.65,3.0
2026-10-03,wk inc rsv hosp,2,2026-10-17,35,quantile,0.65,3.0
2026-10-03,wk inc rsv hosp,3,2026-10-24,35,quantile,0.65,3.0
2026-10-03,wk inc rsv hosp,0,2026-10-03,35,quantile,0.7,3.0
2026-10-03,wk inc rsv hosp,1,2026-10-10,35,quantile,0.7,3.0
2026-10-03,wk inc rsv hosp,2,2026-10-17,35,quantile,0.7,4.0
2026-10-03,wk inc rsv hosp,3,2026-10-24,35,quantile,0.7,4.0
2026-10-03,wk inc rsv hosp,0,2026-10-03,35,quantile,0.75,3.0
2026-10-03,wk inc rsv hosp,1,2026-10-10,35,quantile,0.75,4.0
2026-10-03,wk inc rsv hosp,2,2026-10-17,35,quantile,0.75,4.0
2026-10-03,wk inc rsv hosp,3,2026-10-24,35,quantile,0.75,4.0
2026-10-03,wk inc rsv hosp,0,2026-10-03,35,quantile,0.8,4.0
2026-10-03,wk inc rsv hosp,1,2026-10-10,35,quantile,0.8,4.0
2026-10-03,wk inc rsv hosp,2,2026-10-17,35,quantile,0.8,5.0
2026-10-03,wk inc rsv hosp,3,2026-10-24,35,quantile,0.8,5.0
2026-10-03,wk inc rsv hosp,0,2026-10-03,35,quantile,0.85,4.0
2026-10-03,wk inc rsv hosp,1,2026-10-10,35,quantile,0.85,5.0
2026-10-03,wk inc rsv hosp,2,2026-10-17,35,quantile,0.85,5.0
2026-10-03,wk inc rsv hosp,3,2026-10-24,35,quantile,0.85,6.0
2026-10-03,wk inc rsv hosp,0,2026-10-03,35,quantile,0.9,5.0
2026-10-03,wk inc rsv hosp,1,2026-10-10,35,quantile,0.9,5.0
2026-10-03,wk inc rsv hosp,2,2026-10-17,35,quantile,0.9,6.0
2026-10-03,wk inc rsv hosp,3,2026-10-24,35,quantile,0.9,7.0
2026-10-03,wk inc rsv hosp,0,2026-10-03,35,quantile,0.95,5.0
2026-10-03,wk inc rsv hosp,1,2026-10-10,35,quantile,0.95,6.0
2026-10-03,wk inc rsv hosp,2,2026-10-17,35,quantile,0.95,7.0
2026-10-03,wk inc rsv hosp,3,2026-10-24,35,quantile,0.95,10.0
2026-10-03,wk inc rsv hosp,0,2026-10-03,35,quantile,0.975,5.0
2026-10-03,wk inc rsv hosp,1,2026-10-10,35,quantile,0.975,7.0
2026-10-03,wk inc rsv hosp,2,2026-10-17,35,quantile,0.975,9.0
2026-10-03,wk inc rsv hosp,3,2026-10-24,35,quantile,0.975,11.0
2026-10-03,wk inc rsv hosp,0,2026-10-03,35,quantile,0.99,6.0
2026-10-03,wk inc rsv hosp,1,2026-10-10,35,quantile,0.99,8.0
2026-10-03,wk inc rsv hosp,2,2026-10-17,35,quantile,0.99,10.0
2026-10-03,wk inc rsv hosp,3,2026-10-24,35,quantile,0.99,14.0
2026-10-03,wk inc rsv hosp,0,2026-10-03,36,quantile,0.01,3.0
2026-10-03,wk inc rsv hosp,1,2026-10-10,36,quantile,0.01,3.0
2026-10-03,wk inc rsv hosp,2,2026-10-17,36,quantile,0.01,0.0
2026-10-03,wk inc rsv hosp,3,2026-10-24,36,quantile,0.01,0.0
2026-10-03,wk inc rsv hosp,0,2026-10-03,36,quantile,0.025,3.0
2026-10-03,wk inc rsv hosp,1,2026-10-10,36,quantile,0.025,3.0
2026-10-03,wk inc rsv hosp,2,2026-10-17,36,quantile,0.025,1.0
2026-10-03,wk inc rsv hosp,3,2026-10-24,36,quantile,0.025,0.0
2026-10-03,wk inc rsv hosp,0,2026-10-03,36,quantile,0.05,5.0
2026-10-03,wk inc rsv hosp,1,2026-10-10,36,quantile,0.05,5.0
2026-10-03,wk inc rsv hosp,2,2026-10-17,36,quantile,0.05,3.0
2026-10-03,wk inc rsv hosp,3,2026-10-24,36,quantile,0.05,3.0
2026-10-03,wk inc rsv hosp,0,2026-10-03,36,quantile,0.1,8.0
2026-10-03,wk inc rsv hosp,1,2026-10-10,36,quantile,0.1,5.0
2026-10-03,wk inc rsv hosp,2,2026-10-17,36,quantile,0.1,5.0
2026-10-03,wk inc rsv hosp,3,2026-10-24,36,quantile,0.1,3.0
2026-10-03,wk inc rsv hosp,0,2026-10-03,36,quantile,0.15,11.0
2026-10-03,wk inc rsv hosp,1,2026-10-10,36,quantile,0.15,8.0
2026-10-03,wk inc rsv hosp,2,2026-10-17,36,quantile,0.15,5.0
2026-10-03,wk inc rsv hosp,3,2026-10-24,36,quantile,0.15,5.0
2026-10-03,wk inc rsv hosp,0,2026-10-03,36,quantile,0.2,11.0
2026-10-03,wk inc rsv hosp,1,2026-10-10,36,quantile,0.2,11.0
2026-10-03,wk inc rsv hosp,2,2026-10-17,36,quantile,0.2,8.0
2026-10-03,wk inc rsv hosp,3,2026-10-24,36,quantile,0.2,8.0
2026-10-03,wk inc rsv hosp,0,2026-10-03,36,quantile,0.25,11.0
2026-10-03,wk inc rsv hosp,1,2026-10-10,36,quantile,0.25,11.0
2026-10-03,wk inc rsv hosp,2,2026-10-17,36,quantile,0.25,11.0
2026-10-03,wk inc rsv hosp,3,2026-10-24,36,quantile,0.25,8.0
2026-10-03,wk inc rsv hosp,0,2026-10-03,36,quantile,0.3,14.0
2026-10-03,wk inc rsv hosp,1,2026-10-10,36,quantile,0.3,14.0
2026-10-03,wk inc rsv hosp,2,2026-10-17,36,quantile,0.3,11.0
2026-10-03,wk inc rsv hosp,3,2026-10-24,36,quantile,0.3,11.0
2026-10-03,wk inc rsv hosp,0,2026-10-03,36,quantile,0.35,14.0
2026-10-03,wk inc rsv hosp,1,2026-10-10,36,quantile,0.35,14.0
2026-10-03,wk inc rsv hosp,2,2026-10-17,36,quantile,0.35,14.0
2026-10-03,wk inc rsv hosp,3,2026-10-24,36,quantile,0.35,14.0
2026-10-03,wk inc rsv hosp,0,2026-10-03,36,quantile,0.4,16.0
2026-10-03,wk inc rsv hosp,1,2026-10-10,36,quantile,0.4,16.0
2026-10-03,wk inc rsv hosp,2,2026-10-17,36,quantile,0.4,14.0
2026-10-03,wk inc rsv hosp,3,2026-10-24,36,quantile,0.4,14.0
2026-10-03,wk inc rsv hosp,0,2026-10-03,36,quantile,0.45,16.0
2026-10-03,wk inc rsv hosp,1,2026-10-10,36,quantile,0.45,16.0
2026-10-03,wk inc rsv hosp,2,2026-10-17,36,quantile,0.45,16.0
2026-10-03,wk inc rsv hosp,3,2026-10-24,36,quantile,0.45,16.0
2026-10-03,wk inc rsv hosp,0,2026-10-03,36,quantile,0.5,16.0
2026-10-03,wk inc rsv hosp,1,2026-10-10,36,quantile,0.5,19.0
2026-10-03,wk inc rsv hosp,2,2026-10-17,36,quantile,0.5,19.0
2026-10-03,wk inc rsv hosp,3,2026-10-24,36,quantile,0.5,19.0
2026-10-03,wk inc rsv hosp,0,2026-10-03,36,quantile,0.55,19.0
2026-10-03,wk inc rsv hosp,1,2026-10-10,36,quantile,0.55,19.0
2026-10-03,wk inc rsv hosp,2,2026-10-17,36,quantile,0.55,22.0
2026-10-03,wk inc rsv hosp,3,2026-10-24,36,quantile,0.55,22.0
2026-10-03,wk inc rsv hosp,0,2026-10-03,36,quantile,0.6,19.0
2026-10-03,wk inc rsv hosp,1,2026-10-10,36,quantile,0.6,22.0
2026-10-03,wk inc rsv hosp,2,2026-10-17,36,quantile,0.6,25.0
2026-10-03,wk inc rsv hosp,3,2026-10-24,36,quantile,0.6,22.0
2026-10-03,wk inc rsv hosp,0,2026-10-03,36,quantile,0.65,22.0
2026-10-03,wk inc rsv hosp,1,2026-10-10,36,quantile,0.65,22.0
2026-10-03,wk inc rsv hosp,2,2026-10-17,36,quantile,0.65,25.0
2026-10-03,wk inc rsv hosp,3,2026-10-24,36,quantile,0.65,25.0
2026-10-03,wk inc rsv hosp,0,2026-10-03,36,quantile,0.7,25.0
2026-10-03,wk inc rsv hosp,1,2026-10-10,36,quantile,0.7,25.0
2026-10-03,wk inc rsv hosp,2,2026-10-17,36,quantile,0.7,27.0
2026-10-03,wk inc rsv hosp,3,2026-10-24,36,quantile,0.7,27.0
2026-10-03,wk inc rsv hosp,0,2026-10-03,36,quantile,0.75,25.0
2026-10-03,wk inc rsv hosp,1,2026-10-10,36,quantile,0.75,27.0
2026-10-03,wk inc rsv hosp,2,2026-10-17,36,quantile,0.75,30.0
2026-10-03,wk inc rsv hosp,3,2026-10-24,36,quantile,0.75,30.0
2026-10-03,wk inc rsv hosp,0,2026-10-03,36,quantile,0.8,27.0
2026-10-03,wk inc rsv hosp,1,2026-10-10,36,quantile,0.8,30.0
2026-10-03,wk inc rsv hosp,2,2026-10-17,36,quantile,0.8,33.0
2026-10-03,wk inc rsv hosp,3,2026-10-24,36,quantile,0.8,36.0
2026-10-03,wk inc rsv hosp,0,2026-10-03,36,quantile,0.85,30.0
2026-10-03,wk inc rsv hosp,1,2026-10-10,36,quantile,0.85,33.0
2026-10-03,wk inc rsv hosp,2,2026-10-17,36,quantile,0.85,38.0
2026-10-03,wk inc rsv hosp,3,2026-10-24,36,quantile,0.85,41.0
2026-10-03,wk inc rsv hosp,0,2026-10-03,36,quantile,0.9,33.0
2026-10-03,wk inc rsv hosp,1,2026-10-10,36,quantile,0.9,38.0
2026-10-03,wk inc rsv hosp,2,2026-10-17,36,quantile,0.9,44.0
2026-10-03,wk inc rsv hosp,3,2026-10-24,36,quantile,0.9,47.0
2026-10-03,wk inc rsv hosp,0,2026-10-03,36,quantile,0.95,38.0
2026-10-03,wk inc rsv hosp,1,2026-10-10,36,quantile,0.95,44.0
2026-10-03,wk inc rsv hosp,2,2026-10-17,36,quantile,0.95,52.0
2026-10-03,wk inc rsv hosp,3,2026-10-24,36,quantile,0.95,63.0
2026-10-03,wk inc rsv hosp,0,2026-10-03,36,quantile,0.975,41.0
2026-10-03,wk inc rsv hosp,1,2026-10-10,36,quantile,0.975,52.0
2026-10-03,wk inc rsv hosp,2,2026-10-17,36,quantile,0.975,60.0
2026-10-03,wk inc rsv hosp,3,2026-10-24,36,quantile,0.975,75.0
2026-10-03,wk inc rsv hosp,0,2026-10-03,36,quantile,0.99,49.0
2026-10-03,wk inc rsv hosp,1,2026-10-10,36,quantile,0.99,55.0
2026-10-03,wk inc rsv hosp,2,2026-10-17,36,quantile,0.99,77.0
2026-10-03,wk inc rsv hosp,3,2026-10-24,36,quantile,0.99,99.0
2026-10-03,wk inc rsv hosp,0,2026-10-03,37,quantile,0.01,1.0
2026-10-03,wk inc rsv hosp,1,2026-10-10,37,quantile,0.01,1.0
2026-10-03,wk inc rsv hosp,2,2026-10-17,37,quantile,0.01,0.0
2026-10-03,wk inc rsv hosp,3,2026-10-24,37,quantile,0.01,0.0
2026-10-03,wk inc rsv hosp,0,2026-10-03,37,quantile,0.025,1.0
2026-10-03,wk inc rsv hosp,1,2026-10-10,37,quantile,0.025,1.0
2026-10-03,wk inc rsv hosp,2,2026-10-17,37,quantile,0.025,0.0
2026-10-03,wk inc rsv hosp,3,2026-10-24,37,quantile,0.025,0.0
2026-10-03,wk inc rsv hosp,0,2026-10-03,37,quantile,0.05,3.0
2026-10-03,wk inc rsv hosp,1,2026-10-10,37,quantile,0.05,3.0
2026-10-03,wk inc rsv hosp,2,2026-10-17,37,quantile,0.05,1.0
2026-10-03,wk inc rsv hosp,3,2026-10-24,37,quantile,0.05,1.0
2026-10-03,wk inc rsv hosp,0,2026-10-03,37,quantile,0.1,4.0
2026-10-03,wk inc rsv hosp,1,2026-10-10,37,quantile,0.1,4.0
2026-10-03,wk inc rsv hosp,2,2026-10-17,37,quantile,0.1,1.0
2026-10-03,wk inc rsv hosp,3,2026-10-24,37,quantile,0.1,1.0
2026-10-03,wk inc rsv hosp,0,2026-10-03,37,quantile,0.15,5.0
2026-10-03,wk inc rsv hosp,1,2026-10-10,37,quantile,0.15,4.0
2026-10-03,wk inc rsv hosp,2,2026-10-17,37,quantile,0.15,3.0
2026-10-03,wk inc rsv hosp,3,2026-10-24,37,quantile,0.15,3.0
2026-10-03,wk inc rsv hosp,0,2026-10-03,37,quantile,0.2,5.0
2026-10-03,wk inc rsv hosp,1,2026-10-10,37,quantile,0.2,5.0
2026-10-03,wk inc rsv hosp,2,2026-10-17,37,quantile,0.2,4.0
2026-10-03,wk inc rsv hosp,3,2026-10-24,37,quantile,0.2,4.0
2026-10-03,wk inc rsv hosp,0,2026-10-03,37,quantile,0.25,5.0
2026-10-03,wk inc rsv hosp,1,2026-10-10,37,quantile,0.25,5.0
2026-10-03,wk inc rsv hosp,2,2026-10-17,37,quantile,0.25,5.0
2026-10-03,wk inc rsv hosp,3,2026-10-24,37,quantile,0.25,4.0
2026-10-03,wk inc rsv hosp,0,2026-10-03,37,quantile,0.3,7.0
2026-10-03,wk inc rsv hosp,1,2026-10-10,37,quantile,0.3,7.0
2026-10-03,wk inc rsv hosp,2,2026-10-17,37,quantile,0.3,5.0
2026-10-03,wk inc rsv hosp,3,2026-10-24,37,quantile,0.3,5.0
2026-10-03,wk inc rsv hosp,0,2026-10-03,37,quantile,0.35,7.0
2026-10-03,wk inc rsv hosp,1,2026-10-10,37,quantile,0.35,7.0
2026-10-03,wk inc rsv hosp,2,2026-10-17,37,quantile,0.35,7.0
2026-10-03,wk inc rsv hosp,3,2026-10-24,37,quantile,0.35,7.0
2026-10-03,wk inc rsv hosp,0,2026-10-03,37,quantile,0.4,8.0
2026-10-03,wk inc rsv hosp,1,2026-10-10,37,quantile,0.4,8.0
2026-10-03,wk inc rsv hosp,2,2026-10-17,37,quantile,0.4,7.0
2026-10-03,wk inc rsv hosp,3,2026-10-24,37,quantile,0.4,7.0
2026-10-03,wk inc rsv hosp,0,2026-10-03,37,quantile,0.45,8.0
2026-10-03,wk inc rsv hosp,1,2026-10-10,37,quantile,0.45,8.0
2026-10-03,wk inc rsv hosp,2,2026-10-17,37,quantile,0.45,8.0
2026-10-03,wk inc rsv hosp,3,2026-10-24,37,quantile,0.45,8.0
2026-10-03,wk inc rsv hosp,0,2026-10-03,37,quantile,0.5,10.0
2026-10-03,wk inc rsv hosp,1,2026-10-10,37,quantile,0.5,10.0
2026-10-03,wk inc rsv hosp,2,2026-10-17,37,quantile,0.5,10.0
2026-10-03,wk inc rsv hosp,3,2026-10-24,37,quantile,0.5,10.0
2026-10-03,wk inc rsv hosp,0,2026-10-03,37,quantile,0.55,10.0
2026-10-03,wk inc rsv hosp,1,2026-10-10,37,quantile,0.55,10.0
2026-10-03,wk inc rsv hosp,2,2026-10-17,37,quantile,0.55,10.0
2026-10-03,wk inc rsv hosp,3,2026-10-24,37,quantile,0.55,11.0
2026-10-03,wk inc rsv hosp,0,2026-10-03,37,quantile,0.6,11.0
2026-10-03,wk inc rsv hosp,1,2026-10-10,37,quantile,0.6,11.0
2026-10-03,wk inc rsv hosp,2,2026-10-17,37,quantile,0.6,11.0
2026-10-03,wk inc rsv hosp,3,2026-10-24,37,quantile,0.6,11.0
2026-10-03,wk inc rsv hosp,0,2026-10-03,37,quantile,0.65,11.0
2026-10-03,wk inc rsv hosp,1,2026-10-10,37,quantile,0.65,11.0
2026-10-03,wk inc rsv hosp,2,2026-10-17,37,quantile,0.65,12.0
2026-10-03,wk inc rsv hosp,3,2026-10-24,37,quantile,0.65,12.0
2026-10-03,wk inc rsv hosp,0,2026-10-03,37,quantile,0.7,12.0
2026-10-03,wk inc rsv hosp,1,2026-10-10,37,quantile,0.7,12.0
2026-10-03,wk inc rsv hosp,2,2026-10-17,37,quantile,0.7,14.0
2026-10-03,wk inc rsv hosp,3,2026-10-24,37,quantile,0.7,14.0
2026-10-03,wk inc rsv hosp,0,2026-10-03,37,quantile,0.75,12.0
2026-10-03,wk inc rsv hosp,1,2026-10-10,37,quantile,0.75,14.0
2026-10-03,wk inc rsv hosp,2,2026-10-17,37,quantile,0.75,15.0
2026-10-03,wk inc rsv hosp,3,2026-10-24,37,quantile,0.75,16.0
2026-10-03,wk inc rsv hosp,0,2026-10-03,37,quantile,0.8,14.0
2026-10-03,wk inc rsv hosp,1,2026-10-10,37,quantile,0.8,15.0
2026-10-03,wk inc rsv hosp,2,2026-10-17,37,quantile,0.8,16.0
2026-10-03,wk inc rsv hosp,3,2026-10-24,37,quantile,0.8,18.0
2026-10-03,wk inc rsv hosp,0,2026-10-03,37,quantile,0.85,15.0
2026-10-03,wk inc rsv hosp,1,2026-10-10,37,quantile,0.85,16.0
2026-10-03,wk inc rsv hosp,2,2026-10-17,37,quantile,0.85,19.0
2026-10-03,wk inc rsv hosp,3,2026-10-24,37,quantile,0.85,21.0
2026-10-03,wk inc rsv hosp,0,2026-10-03,37,quantile,0.9,16.0
2026-10-03,wk inc rsv hosp,1,2026-10-10,37,quantile,0.9,19.0
2026-10-03,wk inc rsv hosp,2,2026-10-17,37,quantile,0.9,22.0
2026-10-03,wk inc rsv hosp,3,2026-10-24,37,quantile,0.9,25.0
2026-10-03,wk inc rsv hosp,0,2026-10-03,37,quantile,0.95,19.0
2026-10-03,wk inc rsv hosp,1,2026-10-10,37,quantile,0.95,23.0
2026-10-03,wk inc rsv hosp,2,2026-10-17,37,quantile,0.95,27.0
2026-10-03,wk inc rsv hosp,3,2026-10-24,37,quantile,0.95,33.0
2026-10-03,wk inc rsv hosp,0,2026-10-03,37,quantile,0.975,21.0
2026-10-03,wk inc rsv hosp,1,2026-10-10,37,quantile,0.975,26.0
2026-10-03,wk inc rsv hosp,2,2026-10-17,37,quantile,0.975,32.0
2026-10-03,wk inc rsv hosp,3,2026-10-24,37,quantile,0.975,40.0
2026-10-03,wk inc rsv hosp,0,2026-10-03,37,quantile,0.99,25.0
2026-10-03,wk inc rsv hosp,1,2026-10-10,37,quantile,0.99,27.0
2026-10-03,wk inc rsv hosp,2,2026-10-17,37,quantile,0.99,41.0
2026-10-03,wk inc rsv hosp,3,2026-10-24,37,quantile,0.99,49.0
2026-10-03,wk inc rsv hosp,0,2026-10-03,38,quantile,0.01,0.0
2026-10-03,wk inc rsv hosp,1,2026-10-10,38,quantile,0.01,0.0
2026-10-03,wk inc rsv hosp,2,2026-10-17,38,quantile,0.01,0.0
2026-10-03,wk inc rsv hosp,3,2026-10-24,38,quantile,0.01,0.0
2026-10-03,wk inc rsv hosp,0,2026-10-03,38,quantile,0.025,0.0
2026-10-03,wk inc rsv hosp,1,2026-10-10,38,quantile,0.025,0.0
2026-10-03,wk inc rsv hosp,2,2026-10-17,38,quantile,0.025,0.0
2026-10-03,wk inc rsv hosp,3,2026-10-24,38,quantile,0.025,0.0
2026-10-03,wk inc rsv hosp,0,2026-10-03,38,quantile,0.05,1.0
2026-10-03,wk inc rsv hosp,1,2026-10-10,38,quantile,0.05,0.0
2026-10-03,wk inc rsv hosp,2,2026-10-17,38,quantile,0.05,0.0
2026-10-03,wk inc rsv hosp,3,2026-10-24,38,quantile,0.05,0.0
2026-10-03,wk inc rsv hosp,0,2026-10-03,38,quantile,0.1,1.0
2026-10-03,wk inc rsv hosp,1,2026-10-10,38,quantile,0.1,1.0
2026-10-03,wk inc rsv hosp,2,2026-10-17,38,quantile,0.1,0.0
2026-10-03,wk inc rsv hosp,3,2026-10-24,38,quantile,0.1,0.0
2026-10-03,wk inc rsv hosp,0,2026-10-03,38,quantile,0.15,1.0
2026-10-03,wk inc rsv hosp,1,2026-10-10,38,quantile,0.15,1.0
2026-10-03,wk inc rsv hosp,2,2026-10-17,38,quantile,0.15,1.0
2026-10-03,wk inc rsv hosp,3,2026-10-24,38,quantile,0.15,1.0
2026-10-03,wk inc rsv hosp,0,2026-10-03,38,quantile,0.2,1.0
2026-10-03,wk inc rsv hosp,1,2026-10-10,38,quantile,0.2,1.0
2026-10-03,wk inc rsv hosp,2,2026-10-17,38,quantile,0.2,1.0
2026-10-03,wk inc rsv hosp,3,2026-10-24,38,quantile,0.2,1.0
2026-10-03,wk inc rsv hosp,0,2026-10-03,38,quantile,0.25,1.0
2026-10-03,wk inc rsv hosp,1,2026-10-10,38,quantile,0.25,1.0
2026-10-03,wk inc rsv hosp,2,2026-10-17,38,quantile,0.25,1.0
2026-10-03,wk inc rsv hosp,3,2026-10-24,38,quantile,0.25,1.0
2026-10-03,wk inc rsv hosp,0,2026-10-03,38,quantile,0.3,1.0
2026-10-03,wk inc rsv hosp,1,2026-10-10,38,quantile,0.3,1.0
2026-10-03,wk inc rsv hosp,2,2026-10-17,38,quantile,0.3,1.0
2026-10-03,wk inc rsv hosp,3,2026-10-24,38,quantile,0.3,1.0
2026-10-03,wk inc rsv hosp,0,2026-10-03,38,quantile,0.35,1.0
2026-10-03,wk inc rsv hosp,1,2026-10-10,38,quantile,0.35,1.0
2026-10-03,wk inc rsv hosp,2,2026-10-17,38,quantile,0.35,1.0
2026-10-03,wk inc rsv hosp,3,2026-10-24,38,quantile,0.35,1.0
2026-10-03,wk inc rsv hosp,0,2026-10-03,38,quantile,0.4,1.0
2026-10-03,wk inc rsv hosp,1,2026-10-10,38,quantile,0.4,1.0
2026-10-03,wk inc rsv hosp,2,2026-10-17,38,quantile,0.4,1.0
2026-10-03,wk inc rsv hosp,3,2026-10-24,38,quantile,0.4,1.0
2026-10-03,wk inc rsv hosp,0,2026-10-03,38,quantile,0.45,1.0
2026-10-03,wk inc rsv hosp,1,2026-10-10,38,quantile,0.45,1.0
2026-10-03,wk inc rsv hosp,2,2026-10-17,38,quantile,0.45,1.0
2026-10-03,wk inc rsv hosp,3,2026-10-24,38,quantile,0.45,1.0
2026-10-03,wk inc rsv hosp,0,2026-10-03,38,quantile,0.5,1.0
2026-10-03,wk inc rsv hosp,1,2026-10-10,38,quantile,0.5,1.0
2026-10-03,wk inc rsv hosp,2,2026-10-17,38,quantile,0.5,2.0
2026-10-03,wk inc rsv hosp,3,2026-10-24,38,quantile,0.5,2.0
2026-10-03,wk inc rsv hosp,0,2026-10-03,38,quantile,0.55,1.0
2026-10-03,wk inc rsv hosp,1,2026-10-10,38,quantile,0.55,1.0
2026-10-03,wk inc rsv hosp,2,2026-10-17,38,quantile,0.55,2.0
2026-10-03,wk inc rsv hosp,3,2026-10-24,38,quantile,0.55,2.0
2026-10-03,wk inc rsv hosp,0,2026-10-03,38,quantile,0.6,1.0
2026-10-03,wk inc rsv hosp,1,2026-10-10,38,quantile,0.6,2.0
2026-10-03,wk inc rsv hosp,2,2026-10-17,38,quantile,0.6,2.0
2026-10-03,wk inc rsv hosp,3,2026-10-24,38,quantile,0.6,2.0
2026-10-03,wk inc rsv hosp,0,2026-10-03,38,quantile,0.65,1.0
2026-10-03,wk inc rsv hosp,1,2026-10-10,38,quantile,0.65,2.0
2026-10-03,wk inc rsv hosp,2,2026-10-17,38,quantile,0.65,2.0
2026-10-03,wk inc rsv hosp,3,2026-10-24,38,quantile,0.65,3.0
2026-10-03,wk inc rsv hosp,0,2026-10-03,38,quantile,0.7,2.0
2026-10-03,wk inc rsv hosp,1,2026-10-10,38,quantile,0.7,2.0
2026-10-03,wk inc rsv hosp,2,2026-10-17,38,quantile,0.7,2.0
2026-10-03,wk inc rsv hosp,3,2026-10-24,38,quantile,0.7,3.0
2026-10-03,wk inc rsv hosp,0,2026-10-03,38,quantile,0.75,2.0
2026-10-03,wk inc rsv hosp,1,2026-10-10,38,quantile,0.75,2.0
2026-10-03,wk inc rsv hosp,2,2026-10-17,38,quantile,0.75,3.0
2026-10-03,wk inc rsv hosp,3,2026-10-24,38,quantile,0.75,4.0
2026-10-03,wk inc rsv hosp,0,2026-10-03,38,quantile,0.8,2.0
2026-10-03,wk inc rsv hosp,1,2026-10-10,38,quantile,0.8,2.0
2026-10-03,wk inc rsv hosp,2,2026-10-17,38,quantile,0.8,3.0
2026-10-03,wk inc rsv hosp,3,2026-10-24,38,quantile,0.8,4.0
2026-10-03,wk inc rsv hosp,0,2026-10-03,38,quantile,0.85,2.0
2026-10-03,wk inc rsv hosp,1,2026-10-10,38,quantile,0.85,3.0
2026-10-03,wk inc rsv hosp,2,2026-10-17,38,quantile,0.85,4.0
2026-10-03,wk inc rsv hosp,3,2026-10-24,38,quantile,0.85,5.0
2026-10-03,wk inc rsv hosp,0,2026-10-03,38,quantile,0.9,2.0
2026-10-03,wk inc rsv hosp,1,2026-10-10,38,quantile,0.9,3.0
2026-10-03,wk inc rsv hosp,2,2026-10-17,38,quantile,0.9,5.0
2026-10-03,wk inc rsv hosp,3,2026-10-24,38,quantile,0.9,7.0
2026-10-03,wk inc rsv hosp,0,2026-10-03,38,quantile,0.95,2.0
2026-10-03,wk inc rsv hosp,1,2026-10-10,38,quantile,0.95,4.0
2026-10-03,wk inc rsv hosp,2,2026-10-17,38,quantile,0.95,6.0
2026-10-03,wk inc rsv hosp,3,2026-10-24,38,quantile,0.95,10.0
2026-10-03,wk inc rsv hosp,0,2026-10-03,38,quantile,0.975,3.0
2026-10-03,wk inc rsv hosp,1,2026-10-10,38,quantile,0.975,4.0
2026-10-03,wk inc rsv hosp,2,2026-10-17,38,quantile,0.975,8.0
2026-10-03,wk inc rsv hosp,3,2026-10-24,38,quantile,0.975,13.0
2026-10-03,wk inc rsv hosp,0,2026-10-03,38,quantile,0.99,3.0
2026-10-03,wk inc rsv hosp,1,2026-10-10,38,quantile,0.99,5.0
2026-10-03,wk inc rsv hosp,2,2026-10-17,38,quantile,0.99,10.0
2026-10-03,wk inc rsv hosp,3,2026-10-24,38,quantile,0.99,18.0
2026-10-03,wk inc rsv hosp,0,2026-10-03,39,quantile,0.01,2.0
2026-10-03,wk inc rsv hosp,1,2026-10-10,39,quantile,0.01,0.0
2026-10-03,wk inc rsv hosp,2,2026-10-17,39,quantile,0.01,0.0
2026-10-03,wk inc rsv hosp,3,2026-10-24,39,quantile,0.01,0.0
2026-10-03,wk inc rsv hosp,0,2026-10-03,39,quantile,0.025,2.0
2026-10-03,wk inc rsv hosp,1,2026-10-10,39,quantile,0.025,2.0
2026-10-03,wk inc rsv hosp,2,2026-10-17,39,quantile,0.025,0.0
2026-10-03,wk inc rsv hosp,3,2026-10-24,39,quantile,0.025,0.0
2026-10-03,wk inc rsv hosp,0,2026-10-03,39,quantile,0.05,3.0
2026-10-03,wk inc rsv hosp,1,2026-10-10,39,quantile,0.05,2.0
2026-10-03,wk inc rsv hosp,2,2026-10-17,39,quantile,0.05,2.0
2026-10-03,wk inc rsv hosp,3,2026-10-24,39,quantile,0.05,2.0
2026-10-03,wk inc rsv hosp,0,2026-10-03,39,quantile,0.1,5.0
2026-10-03,wk inc rsv hosp,1,2026-10-10,39,quantile,0.1,3.0
2026-10-03,wk inc rsv hosp,2,2026-10-17,39,quantile,0.1,3.0
2026-10-03,wk inc rsv hosp,3,2026-10-24,39,quantile,0.1,2.0
2026-10-03,wk inc rsv hosp,0,2026-10-03,39,quantile,0.15,5.0
2026-10-03,wk inc rsv hosp,1,2026-10-10,39,quantile,0.15,5.0
2026-10-03,wk inc rsv hosp,2,2026-10-17,39,quantile,0.15,3.0
2026-10-03,wk inc rsv hosp,3,2026-10-24,39,quantile,0.15,3.0
2026-10-03,wk inc rsv hosp,0,2026-10-03,39,quantile,0.2,6.0
2026-10-03,wk inc rsv hosp,1,2026-10-10,39,quantile,0.2,5.0
2026-10-03,wk inc rsv hosp,2,2026-10-17,39,quantile,0.2,5.0
2026-10-03,wk inc rsv hosp,3,2026-10-24,39,quantile,0.2,3.0
2026-10-03,wk inc rsv hosp,0,2026-10-03,39,quantile,0.25,6.0
2026-10-03,wk inc rsv hosp,1,2026-10-10,39,quantile,0.25,6.0
2026-10-03,wk inc rsv hosp,2,2026-10-17,39,quantile,0.25,5.0
2026-10-03,wk inc rsv hosp,3,2026-10-24,39,quantile,0.25,5.0
2026-10-03,wk inc rsv hosp,0,2026-10-03,39,quantile,0.3,8.0
2026-10-03,wk inc rsv hosp,1,2026-10-10,39,quantile,0.3,6.0
2026-10-03,wk inc rsv hosp,2,2026-10-17,39,quantile,0.3,6.0
2026-10-03,wk inc rsv hosp,3,2026-10-24,39,quantile,0.3,6.0
2026-10-03,wk inc rsv hosp,0,2026-10-03,39,quantile,0.35,8.0
2026-10-03,wk inc rsv hosp,1,2026-10-10,39,quantile,0.35,8.0
2026-10-03,wk inc rsv hosp,2,2026-10-17,39,quantile,0.35,8.0
2026-10-03,wk inc rsv hosp,3,2026-10-24,39,quantile,0.35,6.0
2026-10-03,wk inc rsv hosp,0,2026-10-03,39,quantile,0.4,8.0
2026-10-03,wk inc rsv hosp,1,2026-10-10,39,quantile,0.4,8.0
2026-10-03,wk inc rsv hosp,2,2026-10-17,39,quantile,0.4,8.0
2026-10-03,wk inc rsv hosp,3,2026-10-24,39,quantile,0.4,8.0
2026-10-03,wk inc rsv hosp,0,2026-10-03,39,quantile,0.45,9.0
2026-10-03,wk inc rsv hosp,1,2026-10-10,39,quantile,0.45,9.0
2026-10-03,wk inc rsv hosp,2,2026-10-17,39,quantile,0.45,8.0
2026-10-03,wk inc rsv hosp,3,2026-10-24,39,quantile,0.45,9.0
2026-10-03,wk inc rsv hosp,0,2026-10-03,39,quantile,0.5,9.0
2026-10-03,wk inc rsv hosp,1,2026-10-10,39,quantile,0.5,9.0
2026-10-03,wk inc rsv hosp,2,2026-10-17,39,quantile,0.5,9.0
2026-10-03,wk inc rsv hosp,3,2026-10-24,39,quantile,0.5,9.0
2026-10-03,wk inc rsv hosp,0,2026-10-03,39,quantile,0.55,9.0
2026-10-03,wk inc rsv hosp,1,2026-10-10,39,quantile,0.55,11.0
2026-10-03,wk inc rsv hosp,2,2026-10-17,39,quantile,0.55,9.0
2026-10-03,wk inc rsv hosp,3,2026-10-24,39,quantile,0.55,11.0
2026-10-03,wk inc rsv hosp,0,2026-10-03,39,quantile,0.6,11.0
2026-10-03,wk inc rsv hosp,1,2026-10-10,39,quantile,0.6,11.0
2026-10-03,wk inc rsv hosp,2,2026-10-17,39,quantile,0.6,11.0
2026-10-03,wk inc rsv hosp,3,2026-10-24,39,quantile,0.6,11.0
2026-10-03,wk inc rsv hosp,0,2026-10-03,39,quantile,0.65,11.0
2026-10-03,wk inc rsv hosp,1,2026-10-10,39,quantile,0.65,12.0
2026-10-03,wk inc rsv hosp,2,2026-10-17,39,quantile,0.65,12.0
2026-10-03,wk inc rsv hosp,3,2026-10-24,39,quantile,0.65,12.0
2026-10-03,wk inc rsv hosp,0,2026-10-03,39,quantile,0.7,12.0
2026-10-03,wk inc rsv hosp,1,2026-10-10,39,quantile,0.7,12.0
2026-10-03,wk inc rsv hosp,2,2026-10-17,39,quantile,0.7,14.0
2026-10-03,wk inc rsv hosp,3,2026-10-24,39,quantile,0.7,14.0
2026-10-03,wk inc rsv hosp,0,2026-10-03,39,quantile,0.75,12.0
2026-10-03,wk inc rsv hosp,1,2026-10-10,39,quantile,0.75,14.0
2026-10-03,wk inc rsv hosp,2,2026-10-17,39,quantile,0.75,14.0
2026-10-03,wk inc rsv hosp,3,2026-10-24,39,quantile,0.75,16.0
2026-10-03,wk inc rsv hosp,0,2026-10-03,39,quantile,0.8,14.0
2026-10-03,wk inc rsv hosp,1,2026-10-10,39,quantile,0.8,16.0
2026-10-03,wk inc rsv hosp,2,2026-10-17,39,quantile,0.8,17.0
2026-10-03,wk inc rsv hosp,3,2026-10-24,39,quantile,0.8,19.0
2026-10-03,wk inc rsv hosp,0,2026-10-03,39,quantile,0.85,16.0
2026-10-03,wk inc rsv hosp,1,2026-10-10,39,quantile,0.85,16.0
2026-10-03,wk inc rsv hosp,2,2026-10-17,39,quantile,0.85,19.0
2026-10-03,wk inc rsv hosp,3,2026-10-24,39,quantile,0.85,22.0
2026-10-03,wk inc rsv hosp,0,2026-10-03,39,quantile,0.9,16.0
2026-10-03,wk inc rsv hosp,1,2026-10-10,39,quantile,0.9,19.0
2026-10-03,wk inc rsv hosp,2,2026-10-17,39,quantile,0.9,22.0
2026-10-03,wk inc rsv hosp,3,2026-10-24,39,quantile,0.9,25.0
2026-10-03,wk inc rsv hosp,0,2026-10-03,39,quantile,0.95,20.0
2026-10-03,wk inc rsv hosp,1,2026-10-10,39,quantile,0.95,23.0
2026-10-03,wk inc rsv hosp,2,2026-10-17,39,quantile,0.95,28.0
2026-10-03,wk inc rsv hosp,3,2026-10-24,39,quantile,0.95,31.0
2026-10-03,wk inc rsv hosp,0,2026-10-03,39,quantile,0.975,23.0
2026-10-03,wk inc rsv hosp,1,2026-10-10,39,quantile,0.975,26.0
2026-10-03,wk inc rsv hosp,2,2026-10-17,39,quantile,0.975,34.0
2026-10-03,wk inc rsv hosp,3,2026-10-24,39,quantile,0.975,40.0
2026-10-03,wk inc rsv hosp,0,2026-10-03,39,quantile,0.99,25.0
2026-10-03,wk inc rsv hosp,1,2026-10-10,39,quantile,0.99,31.0
2026-10-03,wk inc rsv hosp,2,2026-10-17,39,quantile,0.99,40.0
2026-10-03,wk inc rsv hosp,3,2026-10-24,39,quantile,0.99,44.0
2026-10-03,wk inc rsv hosp,0,2026-10-03,40,quantile,0.01,1.0
2026-10-03,wk inc rsv hosp,1,2026-10-10,40,quantile,0.01,1.0
2026-10-03,wk inc rsv hosp,2,2026-10-17,40,quantile,0.01,0.0
2026-10-03,wk inc rsv hosp,3,2026-10-24,40,quantile,0.01,0.0
2026-10-03,wk inc rsv hosp,0,2026-10-03,40,quantile,0.025,2.0
2026-10-03,wk inc rsv hosp,1,2026-10-10,40,quantile,0.025,1.0
2026-10-03,wk inc rsv hosp,2,2026-10-17,40,quantile,0.025,1.0
2026-10-03,wk inc rsv hosp,3,2026-10-24,40,quantile,0.025,0.0
2026-10-03,wk inc rsv hosp,0,2026-10-03,40,quantile,0.05,2.0
2026-10-03,wk inc rsv hosp,1,2026-10-10,40,quantile,0.05,2.0
2026-10-03,wk inc rsv hosp,2,2026-10-17,40,quantile,0.05,1.0
2026-10-03,wk inc rsv hosp,3,2026-10-24,40,quantile,0.05,1.0
2026-10-03,wk inc rsv hosp,0,2026-10-03,40,quantile,0.1,3.0
2026-10-03,wk inc rsv hosp,1,2026-10-10,40,quantile,0.1,2.0
2026-10-03,wk inc rsv hosp,2,2026-10-17,40,quantile,0.1,2.0
2026-10-03,wk inc rsv hosp,3,2026-10-24,40,quantile,0.1,1.0
2026-10-03,wk inc rsv hosp,0,2026-10-03,40,quantile,0.15,3.0
2026-10-03,wk inc rsv hosp,1,2026-10-10,40,quantile,0.15,3.0
2026-10-03,wk inc rsv hosp,2,2026-10-17,40,quantile,0.15,2.0
2026-10-03,wk inc rsv hosp,3,2026-10-24,40,quantile,0.15,2.0
2026-10-03,wk inc rsv hosp,0,2026-10-03,40,quantile,0.2,3.0
2026-10-03,wk inc rsv hosp,1,2026-10-10,40,quantile,0.2,3.0
2026-10-03,wk inc rsv hosp,2,2026-10-17,40,quantile,0.2,3.0
2026-10-03,wk inc rsv hosp,3,2026-10-24,40,quantile,0.2,2.0
2026-10-03,wk inc rsv hosp,0,2026-10-03,40,quantile,0.25,4.0
2026-10-03,wk inc rsv hosp,1,2026-10-10,40,quantile,0.25,3.0
2026-10-03,wk inc rsv hosp,2,2026-10-17,40,quantile,0.25,3.0
2026-10-03,wk inc rsv hosp,3,2026-10-24,40,quantile,0.25,3.0
2026-10-03,wk inc rsv hosp,0,2026-10-03,40,quantile,0.3,4.0
2026-10-03,wk inc rsv hosp,1,2026-10-10,40,quantile,0.3,4.0
2026-10-03,wk inc rsv hosp,2,2026-10-17,40,quantile,0.3,3.0
2026-10-03,wk inc rsv hosp,3,2026-10-24,40,quantile,0.3,3.0
2026-10-03,wk inc rsv hosp,0,2026-10-03,40,quantile,0.35,4.0
2026-10-03,wk inc rsv hosp,1,2026-10-10,40,quantile,0.35,4.0
2026-10-03,wk inc rsv hosp,2,2026-10-17,40,quantile,0.35,4.0
2026-10-03,wk inc rsv hosp,3,2026-10-24,40,quantile,0.35,4.0
2026-10-03,wk inc rsv hosp,0,2026-10-03,40,quantile,0.4,4.0
2026-10-03,wk inc rsv hosp,1,2026-10-10,40,quantile,0.4,4.0
2026-10-03,wk inc rsv hosp,2,2026-10-17,40,quantile,0.4,4.0
2026-10-03,wk inc rsv hosp,3,2026-10-24,40,quantile,0.4,4.0
2026-10-03,wk inc rsv hosp,0,2026-10-03,40,quantile,0.45,4.0
2026-10-03,wk inc rsv hosp,1,2026-10-10,40,quantile,0.45,4.0
2026-10-03,wk inc rsv hosp,2,2026-10-17,40,quantile,0.45,4.0
2026-10-03,wk inc rsv hosp,3,2026-10-24,40,quantile,0.45,4.0
2026-10-03,wk inc rsv hosp,0,2026-10-03,40,quantile,0.5,5.0
2026-10-03,wk inc rsv hosp,1,2026-10-10,40,quantile,0.5,5.0
2026-10-03,wk inc rsv hosp,2,2026-10-17,40,quantile,0.5,5.0
2026-10-03,wk inc rsv hosp,3,2026-10-24,40,quantile,0.5,5.0
2026-10-03,wk inc rsv hosp,0,2026-10-03,40,quantile,0.55,5.0
2026-10-03,wk inc rsv hosp,1,2026-10-10,40,quantile,0.55,5.0
2026-10-03,wk inc rsv hosp,2,2026-10-17,40,quantile,0.55,5.0
2026-10-03,wk inc rsv hosp,3,2026-10-24,40,quantile,0.55,5.0
2026-10-03,wk inc rsv hosp,0,2026-10-03,40,quantile,0.6,5.0
2026-10-03,wk inc rsv hosp,1,2026-10-10,40,quantile,0.6,6.0
2026-10-03,wk inc rsv hosp,2,2026-10-17,40,quantile,0.6,6.0
2026-10-03,wk inc rsv hosp,3,2026-10-24,40,quantile,0.6,6.0
2026-10-03,wk inc rsv hosp,0,2026-10-03,40,quantile,0.65,6.0
2026-10-03,wk inc rsv hosp,1,2026-10-10,40,quantile,0.65,6.0
2026-10-03,wk inc rsv hosp,2,2026-10-17,40,quantile,0.65,6.0
2026-10-03,wk inc rsv hosp,3,2026-10-24,40,quantile,0.65,7.0
2026-10-03,wk inc rsv hosp,0,2026-10-03,40,quantile,0.7,6.0
2026-10-03,wk inc rsv hosp,1,2026-10-10,40,quantile,0.7,7.0
2026-10-03,wk inc rsv hosp,2,2026-10-17,40,quantile,0.7,7.0
2026-10-03,wk inc rsv hosp,3,2026-10-24,40,quantile,0.7,7.0
2026-10-03,wk inc rsv hosp,0,2026-10-03,40,quantile,0.75,7.0
2026-10-03,wk inc rsv hosp,1,2026-10-10,40,quantile,0.75,7.0
2026-10-03,wk inc rsv hosp,2,2026-10-17,40,quantile,0.75,7.0
2026-10-03,wk inc rsv hosp,3,2026-10-24,40,quantile,0.75,8.0
2026-10-03,wk inc rsv hosp,0,2026-10-03,40,quantile,0.8,7.0
2026-10-03,wk inc rsv hosp,1,2026-10-10,40,quantile,0.8,7.0
2026-10-03,wk inc rsv hosp,2,2026-10-17,40,quantile,0.8,8.0
2026-10-03,wk inc rsv hosp,3,2026-10-24,40,quantile,0.8,9.0
2026-10-03,wk inc rsv hosp,0,2026-10-03,40,quantile,0.85,7.0
2026-10-03,wk inc rsv hosp,1,2026-10-10,40,quantile,0.85,8.0
2026-10-03,wk inc rsv hosp,2,2026-10-17,40,quantile,0.85,9.0
2026-10-03,wk inc rsv hosp,3,2026-10-24,40,quantile,0.85,10.0
2026-10-03,wk inc rsv hosp,0,2026-10-03,40,quantile,0.9,8.0
2026-10-03,wk inc rsv hosp,1,2026-10-10,40,quantile,0.9,9.0
2026-10-03,wk inc rsv hosp,2,2026-10-17,40,quantile,0.9,11.0
2026-10-03,wk inc rsv hosp,3,2026-10-24,40,quantile,0.9,12.0
2026-10-03,wk inc rsv hosp,0,2026-10-03,40,quantile,0.95,9.0
2026-10-03,wk inc rsv hosp,1,2026-10-10,40,quantile,0.95,11.0
2026-10-03,wk inc rsv hosp,2,2026-10-17,40,quantile,0.95,13.0
2026-10-03,wk inc rsv hosp,3,2026-10-24,40,quantile,0.95,16.0
2026-10-03,wk inc rsv hosp,0,2026-10-03,40,quantile,0.975,10.0
2026-10-03,wk inc rsv hosp,1,2026-10-10,40,quantile,0.975,13.0
2026-10-03,wk inc rsv hosp,2,2026-10-17,40,quantile,0.975,16.0
2026-10-03,wk inc rsv hosp,3,2026-10-24,40,quantile,0.975,20.0
2026-10-03,wk inc rsv hosp,0,2026-10-03,40,quantile,0.99,11.0
2026-10-03,wk inc rsv hosp,1,2026-10-10,40,quantile,0.99,14.0
2026-10-03,wk inc rsv hosp,2,2026-10-17,40,quantile,0.99,19.0
2026-10-03,wk inc rsv hosp,3,2026-10-24,40,quantile,0.99,25.0
2026-10-03,wk inc rsv hosp,0,2026-10-03,41,quantile,0.01,2.0
2026-10-03,wk inc rsv hosp,1,2026-10-10,41,quantile,0.01,1.0
2026-10-03,wk inc rsv hosp,2,2026-10-17,41,quantile,0.01,0.0
2026-10-03,wk inc rsv hosp,3,2026-10-24,41,quantile,0.01,0.0
2026-10-03,wk inc rsv hosp,0,2026-10-03,41,quantile,0.025,2.0
2026-10-03,wk inc rsv hosp,1,2026-10-10,41,quantile,0.025,1.0
2026-10-03,wk inc rsv hosp,2,2026-10-17,41,quantile,0.025,1.0
2026-10-03,wk inc rsv hosp,3,2026-10-24,41,quantile,0.025,1.0
2026-10-03,wk inc rsv hosp,0,2026-10-03,41,quantile,0.05,2.0
2026-10-03,wk inc rsv hosp,1,2026-10-10,41,quantile,0.05,2.0
2026-10-03,wk inc rsv hosp,2,2026-10-17,41,quantile,0.05,1.0
2026-10-03,wk inc rsv hosp,3,2026-10-24,41,quantile,0.05,1.0
2026-10-03,wk inc rsv hosp,0,2026-10-03,41,quantile,0.1,3.0
2026-10-03,wk inc rsv hosp,1,2026-10-10,41,quantile,0.1,2.0
2026-10-03,wk inc rsv hosp,2,2026-10-17,41,quantile,0.1,2.0
2026-10-03,wk inc rsv hosp,3,2026-10-24,41,quantile,0.1,2.0
2026-10-03,wk inc rsv hosp,0,2026-10-03,41,quantile,0.15,4.0
2026-10-03,wk inc rsv hosp,1,2026-10-10,41,quantile,0.15,3.0
2026-10-03,wk inc rsv hosp,2,2026-10-17,41,quantile,0.15,2.0
2026-10-03,wk inc rsv hosp,3,2026-10-24,41,quantile,0.15,2.0
2026-10-03,wk inc rsv hosp,0,2026-10-03,41,quantile,0.2,4.0
2026-10-03,wk inc rsv hosp,1,2026-10-10,41,quantile,0.2,3.0
2026-10-03,wk inc rsv hosp,2,2026-10-17,41,quantile,0.2,3.0
2026-10-03,wk inc rsv hosp,3,2026-10-24,41,quantile,0.2,3.0
2026-10-03,wk inc rsv hosp,0,2026-10-03,41,quantile,0.25,4.0
2026-10-03,wk inc rsv hosp,1,2026-10-10,41,quantile,0.25,4.0
2026-10-03,wk inc rsv hosp,2,2026-10-17,41,quantile,0.25,4.0
2026-10-03,wk inc rsv hosp,3,2026-10-24,41,quantile,0.25,3.0
2026-10-03,wk inc rsv hosp,0,2026-10-03,41,quantile,0.3,5.0
2026-10-03,wk inc rsv hosp,1,2026-10-10,41,quantile,0.3,4.0
2026-10-03,wk inc rsv hosp,2,2026-10-17,41,quantile,0.3,4.0
2026-10-03,wk inc rsv hosp,3,2026-10-24,41,quantile,0.3,4.0
2026-10-03,wk inc rsv hosp,0,2026-10-03,41,quantile,0.35,5.0
2026-10-03,wk inc rsv hosp,1,2026-10-10,41,quantile,0.35,5.0
2026-10-03,wk inc rsv hosp,2,2026-10-17,41,quantile,0.35,5.0
2026-10-03,wk inc rsv hosp,3,2026-10-24,41,quantile,0.35,4.0
2026-10-03,wk inc rsv hosp,0,2026-10-03,41,quantile,0.4,5.0
2026-10-03,wk inc rsv hosp,1,2026-10-10,41,quantile,0.4,5.0
2026-10-03,wk inc rsv hosp,2,2026-10-17,41,quantile,0.4,5.0
2026-10-03,wk inc rsv hosp,3,2026-10-24,41,quantile,0.4,5.0
2026-10-03,wk inc rsv hosp,0,2026-10-03,41,quantile,0.45,6.0
2026-10-03,wk inc rsv hosp,1,2026-10-10,41,quantile,0.45,6.0
2026-10-03,wk inc rsv hosp,2,2026-10-17,41,quantile,0.45,6.0
2026-10-03,wk inc rsv hosp,3,2026-10-24,41,quantile,0.45,6.0
2026-10-03,wk inc rsv hosp,0,2026-10-03,41,quantile,0.5,6.0
2026-10-03,wk inc rsv hosp,1,2026-10-10,41,quantile,0.5,6.0
2026-10-03,wk inc rsv hosp,2,2026-10-17,41,quantile,0.5,6.0
2026-10-03,wk inc rsv hosp,3,2026-10-24,41,quantile,0.5,6.0
2026-10-03,wk inc rsv hosp,0,2026-10-03,41,quantile,0.55,6.0
2026-10-03,wk inc rsv hosp,1,2026-10-10,41,quantile,0.55,7.0
2026-10-03,wk inc rsv hosp,2,2026-10-17,41,quantile,0.55,7.0
2026-10-03,wk inc rsv hosp,3,2026-10-24,41,quantile,0.55,7.0
2026-10-03,wk inc rsv hosp,0,2026-10-03,41,quantile,0.6,7.0
2026-10-03,wk inc rsv hosp,1,2026-10-10,41,quantile,0.6,7.0
2026-10-03,wk inc rsv hosp,2,2026-10-17,41,quantile,0.6,7.0
2026-10-03,wk inc rsv hosp,3,2026-10-24,41,quantile,0.6,7.0
2026-10-03,wk inc rsv hosp,0,2026-10-03,41,quantile,0.65,7.0
2026-10-03,wk inc rsv hosp,1,2026-10-10,41,quantile,0.65,7.0
2026-10-03,wk inc rsv hosp,2,2026-10-17,41,quantile,0.65,8.0
2026-10-03,wk inc rsv hosp,3,2026-10-24,41,quantile,0.65,8.0
2026-10-03,wk inc rsv hosp,0,2026-10-03,41,quantile,0.7,8.0
2026-10-03,wk inc rsv hosp,1,2026-10-10,41,quantile,0.7,8.0
2026-10-03,wk inc rsv hosp,2,2026-10-17,41,quantile,0.7,9.0
2026-10-03,wk inc rsv hosp,3,2026-10-24,41,quantile,0.7,9.0
2026-10-03,wk inc rsv hosp,0,2026-10-03,41,quantile,0.75,8.0
2026-10-03,wk inc rsv hosp,1,2026-10-10,41,quantile,0.75,8.0
2026-10-03,wk inc rsv hosp,2,2026-10-17,41,quantile,0.75,9.0
2026-10-03,wk inc rsv hosp,3,2026-10-24,41,quantile,0.75,10.0
2026-10-03,wk inc rsv hosp,0,2026-10-03,41,quantile,0.8,9.0
2026-10-03,wk inc rsv hosp,1,2026-10-10,41,quantile,0.8,9.0
2026-10-03,wk inc rsv hosp,2,2026-10-17,41,quantile,0.8,10.0
2026-10-03,wk inc rsv hosp,3,2026-10-24,41,quantile,0.8,11.0
2026-10-03,wk inc rsv hosp,0,2026-10-03,41,quantile,0.85,9.0
2026-10-03,wk inc rsv hosp,1,2026-10-10,41,quantile,0.85,11.0
2026-10-03,wk inc rsv hosp,2,2026-10-17,41,quantile,0.85,12.0
2026-10-03,wk inc rsv hosp,3,2026-10-24,41,quantile,0.85,12.0
2026-10-03,wk inc rsv hosp,0,2026-10-03,41,quantile,0.9,10.0
2026-10-03,wk inc rsv hosp,1,2026-10-10,41,quantile,0.9,12.0
2026-10-03,wk inc rsv hosp,2,2026-10-17,41,quantile,0.9,13.0
2026-10-03,wk inc rsv hosp,3,2026-10-24,41,quantile,0.9,15.0
2026-10-03,wk inc rsv hosp,0,2026-10-03,41,quantile,0.95,11.0
2026-10-03,wk inc rsv hosp,1,2026-10-10,41,quantile,0.95,14.0
2026-10-03,wk inc rsv hosp,2,2026-10-17,41,quantile,0.95,17.0
2026-10-03,wk inc rsv hosp,3,2026-10-24,41,quantile,0.95,19.0
2026-10-03,wk inc rsv hosp,0,2026-10-03,41,quantile,0.975,13.0
2026-10-03,wk inc rsv hosp,1,2026-10-10,41,quantile,0.975,16.0
2026-10-03,wk inc rsv hosp,2,2026-10-17,41,quantile,0.975,19.0
2026-10-03,wk inc rsv hosp,3,2026-10-24,41,quantile,0.975,26.0
2026-10-03,wk inc rsv hosp,0,2026-10-03,41,quantile,0.99,14.0
2026-10-03,wk inc rsv hosp,1,2026-10-10,41,quantile,0.99,18.0
2026-10-03,wk inc rsv hosp,2,2026-10-17,41,quantile,0.99,24.0
2026-10-03,wk inc rsv hosp,3,2026-10-24,41,quantile,0.99,31.0
2026-10-03,wk inc rsv hosp,0,2026-10-03,42,quantile,0.01,20.0
2026-10-03,wk inc rsv hosp,1,2026-10-10,42,quantile,0.01,15.0
2026-10-03,wk inc rsv hosp,2,2026-10-17,42,quantile,0.01,11.0
2026-10-03,wk inc rsv hosp,3,2026-10-24,42,quantile,0.01,8.0
2026-10-03,wk inc rsv hosp,0,2026-10-03,42,quantile,0.025,22.0
2026-10-03,wk inc rsv hosp,1,2026-10-10,42,quantile,0.025,17.0
2026-10-03,wk inc rsv hosp,2,2026-10-17,42,quantile,0.025,13.0
2026-10-03,wk inc rsv hosp,3,2026-10-24,42,quantile,0.025,10.0
2026-10-03,wk inc rsv hosp,0,2026-10-03,42,quantile,0.05,25.0
2026-10-03,wk inc rsv hosp,1,2026-10-10,42,quantile,0.05,20.0
2026-10-03,wk inc rsv hosp,2,2026-10-17,42,quantile,0.05,15.0
2026-10-03,wk inc rsv hosp,3,2026-10-24,42,quantile,0.05,12.0
2026-10-03,wk inc rsv hosp,0,2026-10-03,42,quantile,0.1,28.0
2026-10-03,wk inc rsv hosp,1,2026-10-10,42,quantile,0.1,23.0
2026-10-03,wk inc rsv hosp,2,2026-10-17,42,quantile,0.1,19.0
2026-10-03,wk inc rsv hosp,3,2026-10-24,42,quantile,0.1,15.0
2026-10-03,wk inc rsv hosp,0,2026-10-03,42,quantile,0.15,30.0
2026-10-03,wk inc rsv hosp,1,2026-10-10,42,quantile,0.15,25.0
2026-10-03,wk inc rsv hosp,2,2026-10-17,42,quantile,0.15,21.0
2026-10-03,wk inc rsv hosp,3,2026-10-24,42,quantile,0.15,18.0
2026-10-03,wk inc rsv hosp,0,2026-10-03,42,quantile,0.2,31.0
2026-10-03,wk inc rsv hosp,1,2026-10-10,42,quantile,0.2,28.0
2026-10-03,wk inc rsv hosp,2,2026-10-17,42,quantile,0.2,24.0
2026-10-03,wk inc rsv hosp,3,2026-10-24,42,quantile,0.2,20.0
2026-10-03,wk inc rsv hosp,0,2026-10-03,42,quantile,0.25,33.0
2026-10-03,wk inc rsv hosp,1,2026-10-10,42,quantile,0.25,29.0
2026-10-03,wk inc rsv hosp,2,2026-10-17,42,quantile,0.25,26.0
2026-10-03,wk inc rsv hosp,3,2026-10-24,42,quantile,0.25,23.0
2026-10-03,wk inc rsv hosp,0,2026-10-03,42,quantile,0.3,35.0
2026-10-03,wk inc rsv hosp,1,2026-10-10,42,quantile,0.3,31.0
2026-10-03,wk inc rsv hosp,2,2026-10-17,42,quantile,0.3,28.0
2026-10-03,wk inc rsv hosp,3,2026-10-24,42,quantile,0.3,26.0
2026-10-03,wk inc rsv hosp,0,2026-10-03,42,quantile,0.35,36.0
2026-10-03,wk inc rsv hosp,1,2026-10-10,42,quantile,0.35,33.0
2026-10-03,wk inc rsv hosp,2,2026-10-17,42,quantile,0.35,30.0
2026-10-03,wk inc rsv hosp,3,2026-10-24,42,quantile,0.35,28.0
2026-10-03,wk inc rsv hosp,0,2026-10-03,42,quantile,0.4,38.0
2026-10-03,wk inc rsv hosp,1,2026-10-10,42,quantile,0.4,35.0
2026-10-03,wk inc rsv hosp,2,2026-10-17,42,quantile,0.4,33.0
2026-10-03,wk inc rsv hosp,3,2026-10-24,42,quantile,0.4,31.0
2026-10-03,wk inc rsv hosp,0,2026-10-03,42,quantile,0.45,39.0
2026-10-03,wk inc rsv hosp,1,2026-10-10,42,quantile,0.45,37.0
2026-10-03,wk inc rsv hosp,2,2026-10-17,42,quantile,0.45,35.0
2026-10-03,wk inc rsv hosp,3,2026-10-24,42,quantile,0.45,34.0
2026-10-03,wk inc rsv hosp,0,2026-10-03,42,quantile,0.5,41.0
2026-10-03,wk inc rsv hosp,1,2026-10-10,42,quantile,0.5,39.0
2026-10-03,wk inc rsv hosp,2,2026-10-17,42,quantile,0.5,38.0
2026-10-03,wk inc rsv hosp,3,2026-10-24,42,quantile,0.5,37.0
2026-10-03,wk inc rsv hosp,0,2026-10-03,42,quantile,0.55,42.0
2026-10-03,wk inc rsv hosp,1,2026-10-10,42,quantile,0.55,42.0
2026-10-03,wk inc rsv hosp,2,2026-10-17,42,quantile,0.55,41.0
2026-10-03,wk inc rsv hosp,3,2026-10-24,42,quantile,0.55,40.0
2026-10-03,wk inc rsv hosp,0,2026-10-03,42,quantile,0.6,44.0
2026-10-03,wk inc rsv hosp,1,2026-10-10,42,quantile,0.6,44.0
2026-10-03,wk inc rsv hosp,2,2026-10-17,42,quantile,0.6,44.0
2026-10-03,wk inc rsv hosp,3,2026-10-24,42,quantile,0.6,44.0
2026-10-03,wk inc rsv hosp,0,2026-10-03,42,quantile,0.65,45.0
2026-10-03,wk inc rsv hosp,1,2026-10-10,42,quantile,0.65,46.0
2026-10-03,wk inc rsv hosp,2,2026-10-17,42,quantile,0.65,47.0
2026-10-03,wk inc rsv hosp,3,2026-10-24,42,quantile,0.65,48.0
2026-10-03,wk inc rsv hosp,0,2026-10-03,42,quantile,0.7,47.0
2026-10-03,wk inc rsv hosp,1,2026-10-10,42,quantile,0.7,49.0
2026-10-03,wk inc rsv hosp,2,2026-10-17,42,quantile,0.7,51.0
2026-10-03,wk inc rsv hosp,3,2026-10-24,42,quantile,0.7,53.0
2026-10-03,wk inc rsv hosp,0,2026-10-03,42,quantile,0.75,49.0
2026-10-03,wk inc rsv hosp,1,2026-10-10,42,quantile,0.75,52.0
2026-10-03,wk inc rsv hosp,2,2026-10-17,42,quantile,0.75,55.0
2026-10-03,wk inc rsv hosp,3,2026-10-24,42,quantile,0.75,59.0
2026-10-03,wk inc rsv hosp,0,2026-10-03,42,quantile,0.8,51.0
2026-10-03,wk inc rsv hosp,1,2026-10-10,42,quantile,0.8,55.0
2026-10-03,wk inc rsv hosp,2,2026-10-17,42,quantile,0.8,60.0
2026-10-03,wk inc rsv hosp,3,2026-10-24,42,quantile,0.8,66.0
2026-10-03,wk inc rsv hosp,0,2026-10-03,42,quantile,0.85,54.0
2026-10-03,wk inc rsv hosp,1,2026-10-10,42,quantile,0.85,60.0
2026-10-03,wk inc rsv hosp,2,2026-10-17,42,quantile,0.85,67.0
2026-10-03,wk inc rsv hosp,3,2026-10-24,42,quantile,0.85,75.0
2026-10-03,wk inc rsv hosp,0,2026-10-03,42,quantile,0.9,58.0
2026-10-03,wk inc rsv hosp,1,2026-10-10,42,quantile,0.9,66.0
2026-10-03,wk inc rsv hosp,2,2026-10-17,42,quantile,0.9,76.0
2026-10-03,wk inc rsv hosp,3,2026-10-24,42,quantile,0.9,88.0
2026-10-03,wk inc rsv hosp,0,2026-10-03,42,quantile,0.95,63.0
2026-10-03,wk inc rsv hosp,1,2026-10-10,42,quantile,0.95,75.0
2026-10-03,wk inc rsv hosp,2,2026-10-17,42,quantile,0.95,91.0
2026-10-03,wk inc rsv hosp,3,2026-10-24,42,quantile,0.95,111.0
2026-10-03,wk inc rsv hosp,0,2026-10-03,42,quantile,0.975,68.0
2026-10-03,wk inc rsv hosp,1,2026-10-10,42,quantile,0.975,84.0
2026-10-03,wk inc rsv hosp,2,2026-10-17,42,quantile,0.975,105.0
2026-10-03,wk inc rsv hosp,3,2026-10-24,42,quantile,0.975,133.0
2026-10-03,wk inc rsv hosp,0,2026-10-03,42,quantile,0.99,73.0
2026-10-03,wk inc rsv hosp,1,2026-10-10,42,quantile,0.99,93.0
2026-10-03,wk inc rsv hosp,2,2026-10-17,42,quantile,0.99,121.0
2026-10-03,wk inc rsv hosp,3,2026-10-24,42,quantile,0.99,161.0
2026-10-03,wk inc rsv hosp,0,2026-10-03,44,quantile,0.01,0.0
2026-10-03,wk inc rsv hosp,1,2026-10-10,44,quantile,0.01,0.0
2026-10-03,wk inc rsv hosp,2,2026-10-17,44,quantile,0.01,0.0
2026-10-03,wk inc rsv hosp,3,2026-10-24,44,quantile,0.01,0.0
2026-10-03,wk inc rsv hosp,0,2026-10-03,44,quantile,0.025,1.0
2026-10-03,wk inc rsv hosp,1,2026-10-10,44,quantile,0.025,0.0
2026-10-03,wk inc rsv hosp,2,2026-10-17,44,quantile,0.025,0.0
2026-10-03,wk inc rsv hosp,3,2026-10-24,44,quantile,0.025,0.0
2026-10-03,wk inc rsv hosp,0,2026-10-03,44,quantile,0.05,1.0
2026-10-03,wk inc rsv hosp,1,2026-10-10,44,quantile,0.05,1.0
2026-10-03,wk inc rsv hosp,2,2026-10-17,44,quantile,0.05,0.0
2026-10-03,wk inc rsv hosp,3,2026-10-24,44,quantile,0.05,0.0
2026-10-03,wk inc rsv hosp,0,2026-10-03,44,quantile,0.1,1.0
2026-10-03,wk inc rsv hosp,1,2026-10-10,44,quantile,0.1,1.0
2026-10-03,wk inc rsv hosp,2,2026-10-17,44,quantile,0.1,1.0
2026-10-03,wk inc rsv hosp,3,2026-10-24,44,quantile,0.1,1.0
2026-10-03,wk inc rsv hosp,0,2026-10-03,44,quantile,0.15,1.0
2026-10-03,wk inc rsv hosp,1,2026-10-10,44,quantile,0.15,1.0
2026-10-03,wk inc rsv hosp,2,2026-10-17,44,quantile,0.15,1.0
2026-10-03,wk inc rsv hosp,3,2026-10-24,44,quantile,0.15,1.0
2026-10-03,wk inc rsv hosp,0,2026-10-03,44,quantile,0.2,1.0
2026-10-03,wk inc rsv hosp,1,2026-10-10,44,quantile,0.2,1.0
2026-10-03,wk inc rsv hosp,2,2026-10-17,44,quantile,0.2,1.0
2026-10-03,wk inc rsv hosp,3,2026-10-24,44,quantile,0.2,1.0
2026-10-03,wk inc rsv hosp,0,2026-10-03,44,quantile,0.25,1.0
2026-10-03,wk inc rsv hosp,1,2026-10-10,44,quantile,0.25,1.0
2026-10-03,wk inc rsv hosp,2,2026-10-17,44,quantile,0.25,1.0
2026-10-03,wk inc rsv hosp,3,2026-10-24,44,quantile,0.25,1.0
2026-10-03,wk inc rsv hosp,0,2026-10-03,44,quantile,0.3,1.0
2026-10-03,wk inc rsv hosp,1,2026-10-10,44,quantile,0.3,1.0
2026-10-03,wk inc rsv hosp,2,2026-10-17,44,quantile,0.3,1.0
2026-10-03,wk inc rsv hosp,3,2026-10-24,44,quantile,0.3,1.0
2026-10-03,wk inc rsv hosp,0,2026-10-03,44,quantile,0.35,1.0
2026-10-03,wk inc rsv hosp,1,2026-10-10,44,quantile,0.35,1.0
2026-10-03,wk inc rsv hosp,2,2026-10-17,44,quantile,0.35,1.0
2026-10-03,wk inc rsv hosp,3,2026-10-24,44,quantile,0.35,1.0
2026-10-03,wk inc rsv hosp,0,2026-10-03,44,quantile,0.4,1.0
2026-10-03,wk inc rsv hosp,1,2026-10-10,44,quantile,0.4,1.0
2026-10-03,wk inc rsv hosp,2,2026-10-17,44,quantile,0.4,1.0
2026-10-03,wk inc rsv hosp,3,2026-10-24,44,quantile,0.4,1.0
2026-10-03,wk inc rsv hosp,0,2026-10-03,44,quantile,0.45,2.0
2026-10-03,wk inc rsv hosp,1,2026-10-10,44,quantile,0.45,2.0
2026-10-03,wk inc rsv hosp,2,2026-10-17,44,quantile,0.45,2.0
2026-10-03,wk inc rsv hosp,3,2026-10-24,44,quantile,0.45,1.0
2026-10-03,wk inc rsv hosp,0,2026-10-03,44,quantile,0.5,2.0
2026-10-03,wk inc rsv hosp,1,2026-10-10,44,quantile,0.5,2.0
2026-10-03,wk inc rsv hosp,2,2026-10-17,44,quantile,0.5,2.0
2026-10-03,wk inc rsv hosp,3,2026-10-24,44,quantile,0.5,2.0
2026-10-03,wk inc rsv hosp,0,2026-10-03,44,quantile,0.55,2.0
2026-10-03,wk inc rsv hosp,1,2026-10-10,44,quantile,0.55,2.0
2026-10-03,wk inc rsv hosp,2,2026-10-17,44,quantile,0.55,2.0
2026-10-03,wk inc rsv hosp,3,2026-10-24,44,quantile,0.55,2.0
2026-10-03,wk inc rsv hosp,0,2026-10-03,44,quantile,0.6,2.0
2026-10-03,wk inc rsv hosp,1,2026-10-10,44,quantile,0.6,2.0
2026-10-03,wk inc rsv hosp,2,2026-10-17,44,quantile,0.6,2.0
2026-10-03,wk inc rsv hosp,3,2026-10-24,44,quantile,0.6,2.0
2026-10-03,wk inc rsv hosp,0,2026-10-03,44,quantile,0.65,2.0
2026-10-03,wk inc rsv hosp,1,2026-10-10,44,quantile,0.65,2.0
2026-10-03,wk inc rsv hosp,2,2026-10-17,44,quantile,0.65,2.0
2026-10-03,wk inc rsv hosp,3,2026-10-24,44,quantile,0.65,2.0
2026-10-03,wk inc rsv hosp,0,2026-10-03,44,quantile,0.7,2.0
2026-10-03,wk inc rsv hosp,1,2026-10-10,44,quantile,0.7,2.0
2026-10-03,wk inc rsv hosp,2,2026-10-17,44,quantile,0.7,2.0
2026-10-03,wk inc rsv hosp,3,2026-10-24,44,quantile,0.7,2.0
2026-10-03,wk inc rsv hosp,0,2026-10-03,44,quantile,0.75,2.0
2026-10-03,wk inc rsv hosp,1,2026-10-10,44,quantile,0.75,2.0
2026-10-03,wk inc rsv hosp,2,2026-10-17,44,quantile,0.75,3.0
2026-10-03,wk inc rsv hosp,3,2026-10-24,44,quantile,0.75,3.0
2026-10-03,wk inc rsv hosp,0,2026-10-03,44,quantile,0.8,2.0
2026-10-03,wk inc rsv hosp,1,2026-10-10,44,quantile,0.8,3.0
2026-10-03,wk inc rsv hosp,2,2026-10-17,44,quantile,0.8,3.0
2026-10-03,wk inc rsv hosp,3,2026-10-24,44,quantile,0.8,3.0
2026-10-03,wk inc rsv hosp,0,2026-10-03,44,quantile,0.85,2.0
2026-10-03,wk inc rsv hosp,1,2026-10-10,44,quantile,0.85,3.0
2026-10-03,wk inc rsv hosp,2,2026-10-17,44,quantile,0.85,3.0
2026-10-03,wk inc rsv hosp,3,2026-10-24,44,quantile,0.85,3.0
2026-10-03,wk inc rsv hosp,0,2026-10-03,44,quantile,0.9,3.0
2026-10-03,wk inc rsv hosp,1,2026-10-10,44,quantile,0.9,3.0
2026-10-03,wk inc rsv hosp,2,2026-10-17,44,quantile,0.9,3.0
2026-10-03,wk inc rsv hosp,3,2026-10-24,44,quantile,0.9,4.0
2026-10-03,wk inc rsv hosp,0,2026-10-03,44,quantile,0.95,3.0
2026-10-03,wk inc rsv hosp,1,2026-10-10,44,quantile,0.95,4.0
2026-10-03,wk inc rsv hosp,2,2026-10-17,44,quantile,0.95,4.0
2026-10-03,wk inc rsv hosp,3,2026-10-24,44,quantile,0.95,5.0
2026-10-03,wk inc rsv hosp,0,2026-10-03,44,quantile,0.975,3.0
2026-10-03,wk inc rsv hosp,1,2026-10-10,44,quantile,0.975,4.0
2026-10-03,wk inc rsv hosp,2,2026-10-17,44,quantile,0.975,5.0
2026-10-03,wk inc rsv hosp,3,2026-10-24,44,quantile,0.975,6.0
2026-10-03,wk inc rsv hosp,0,2026-10-03,44,quantile,0.99,4.0
2026-10-03,wk inc rsv hosp,1,2026-10-10,44,quantile,0.99,5.0
2026-10-03,wk inc rsv hosp,2,2026-10-17,44,quantile,0.99,6.0
2026-10-03,wk inc rsv hosp,3,2026-10-24,44,quantile,0.99,8.0
2026-10-03,wk inc rsv hosp,0,2026-10-03,45,quantile,0.01,3.0
2026-10-03,wk inc rsv hosp,1,2026-10-10,45,quantile,0.01,3.0
2026-10-03,wk inc rsv hosp,2,2026-10-17,45,quantile,0.01,2.0
2026-10-03,wk inc rsv hosp,3,2026-10-24,45,quantile,0.01,2.0
2026-10-03,wk inc rsv hosp,0,2026-10-03,45,quantile,0.025,4.0
2026-10-03,wk inc rsv hosp,1,2026-10-10,45,quantile,0.025,3.0
2026-10-03,wk inc rsv hosp,2,2026-10-17,45,quantile,0.025,3.0
2026-10-03,wk inc rsv hosp,3,2026-10-24,45,quantile,0.025,2.0
2026-10-03,wk inc rsv hosp,0,2026-10-03,45,quantile,0.05,4.0
2026-10-03,wk inc rsv hosp,1,2026-10-10,45,quantile,0.05,4.0
2026-10-03,wk inc rsv hosp,2,2026-10-17,45,quantile,0.05,3.0
2026-10-03,wk inc rsv hosp,3,2026-10-24,45,quantile,0.05,3.0
2026-10-03,wk inc rsv hosp,0,2026-10-03,45,quantile,0.1,5.0
2026-10-03,wk inc rsv hosp,1,2026-10-10,45,quantile,0.1,5.0
2026-10-03,wk inc rsv hosp,2,2026-10-17,45,quantile,0.1,4.0
2026-10-03,wk inc rsv hosp,3,2026-10-24,45,quantile,0.1,4.0
2026-10-03,wk inc rsv hosp,0,2026-10-03,45,quantile,0.15,5.0
2026-10-03,wk inc rsv hosp,1,2026-10-10,45,quantile,0.15,5.0
2026-10-03,wk inc rsv hosp,2,2026-10-17,45,quantile,0.15,5.0
2026-10-03,wk inc rsv hosp,3,2026-10-24,45,quantile,0.15,5.0
2026-10-03,wk inc rsv hosp,0,2026-10-03,45,quantile,0.2,6.0
2026-10-03,wk inc rsv hosp,1,2026-10-10,45,quantile,0.2,6.0
2026-10-03,wk inc rsv hosp,2,2026-10-17,45,quantile,0.2,6.0
2026-10-03,wk inc rsv hosp,3,2026-10-24,45,quantile,0.2,6.0
2026-10-03,wk inc rsv hosp,0,2026-10-03,45,quantile,0.25,6.0
2026-10-03,wk inc rsv hosp,1,2026-10-10,45,quantile,0.25,6.0
2026-10-03,wk inc rsv hosp,2,2026-10-17,45,quantile,0.25,6.0
2026-10-03,wk inc rsv hosp,3,2026-10-24,45,quantile,0.25,7.0
2026-10-03,wk inc rsv hosp,0,2026-10-03,45,quantile,0.3,6.0
2026-10-03,wk inc rsv hosp,1,2026-10-10,45,quantile,0.3,7.0
2026-10-03,wk inc rsv hosp,2,2026-10-17,45,quantile,0.3,7.0
2026-10-03,wk inc rsv hosp,3,2026-10-24,45,quantile,0.3,8.0
2026-10-03,wk inc rsv hosp,0,2026-10-03,45,quantile,0.35,7.0
2026-10-03,wk inc rsv hosp,1,2026-10-10,45,quantile,0.35,7.0
2026-10-03,wk inc rsv hosp,2,2026-10-17,45,quantile,0.35,8.0
2026-10-03,wk inc rsv hosp,3,2026-10-24,45,quantile,0.35,9.0
2026-10-03,wk inc rsv hosp,0,2026-10-03,45,quantile,0.4,7.0
2026-10-03,wk inc rsv hosp,1,2026-10-10,45,quantile,0.4,8.0
2026-10-03,wk inc rsv hosp,2,2026-10-17,45,quantile,0.4,9.0
2026-10-03,wk inc rsv hosp,3,2026-10-24,45,quantile,0.4,10.0
2026-10-03,wk inc rsv hosp,0,2026-10-03,45,quantile,0.45,7.0
2026-10-03,wk inc rsv hosp,1,2026-10-10,45,quantile,0.45,8.0
2026-10-03,wk inc rsv hosp,2,2026-10-17,45,quantile,0.45,10.0
2026-10-03,wk inc rsv hosp,3,2026-10-24,45,quantile,0.45,11.0
2026-10-03,wk inc rsv hosp,0,2026-10-03,45,quantile,0.5,8.0
2026-10-03,wk inc rsv hosp,1,2026-10-10,45,quantile,0.5,9.0
2026-10-03,wk inc rsv hosp,2,2026-10-17,45,quantile,0.5,10.0
2026-10-03,wk inc rsv hosp,3,2026-10-24,45,quantile,0.5,12.0
2026-10-03,wk inc rsv hosp,0,2026-10-03,45,quantile,0.55,8.0
2026-10-03,wk inc rsv hosp,1,2026-10-10,45,quantile,0.55,10.0
2026-10-03,wk inc rsv hosp,2,2026-10-17,45,quantile,0.55,11.0
2026-10-03,wk inc rsv hosp,3,2026-10-24,45,quantile,0.55,14.0
2026-10-03,wk inc rsv hosp,0,2026-10-03,45,quantile,0.6,8.0
2026-10-03,wk inc rsv hosp,1,2026-10-10,45,quantile,0.6,10.0
2026-10-03,wk inc rsv hosp,2,2026-10-17,45,quantile,0.6,12.0
2026-10-03,wk inc rsv hosp,3,2026-10-24,45,quantile,0.6,15.0
2026-10-03,wk inc rsv hosp,0,2026-10-03,45,quantile,0.65,9.0
2026-10-03,wk inc rsv hosp,1,2026-10-10,45,quantile,0.65,11.0
2026-10-03,wk inc rsv hosp,2,2026-10-17,45,quantile,0.65,13.0
2026-10-03,wk inc rsv hosp,3,2026-10-24,45,quantile,0.65,17.0
2026-10-03,wk inc rsv hosp,0,2026-10-03,45,quantile,0.7,9.0
2026-10-03,wk inc rsv hosp,1,2026-10-10,45,quantile,0.7,12.0
2026-10-03,wk inc rsv hosp,2,2026-10-17,45,quantile,0.7,15.0
2026-10-03,wk inc rsv hosp,3,2026-10-24,45,quantile,0.7,19.0
2026-10-03,wk inc rsv hosp,0,2026-10-03,45,quantile,0.75,10.0
2026-10-03,wk inc rsv hosp,1,2026-10-10,45,quantile,0.75,13.0
2026-10-03,wk inc rsv hosp,2,2026-10-17,45,quantile,0.75,16.0
2026-10-03,wk inc rsv hosp,3,2026-10-24,45,quantile,0.75,22.0
2026-10-03,wk inc rsv hosp,0,2026-10-03,45,quantile,0.8,10.0
2026-10-03,wk inc rsv hosp,1,2026-10-10,45,quantile,0.8,14.0
2026-10-03,wk inc rsv hosp,2,2026-10-17,45,quantile,0.8,18.0
2026-10-03,wk inc rsv hosp,3,2026-10-24,45,quantile,0.8,25.0
2026-10-03,wk inc rsv hosp,0,2026-10-03,45,quantile,0.85,11.0
2026-10-03,wk inc rsv hosp,1,2026-10-10,45,quantile,0.85,15.0
2026-10-03,wk inc rsv hosp,2,2026-10-17,45,quantile,0.85,21.0
2026-10-03,wk inc rsv hosp,3,2026-10-24,45,quantile,0.85,30.0
2026-10-03,wk inc rsv hosp,0,2026-10-03,45,quantile,0.9,12.0
2026-10-03,wk inc rsv hosp,1,2026-10-10,45,quantile,0.9,17.0
2026-10-03,wk inc rsv hosp,2,2026-10-17,45,quantile,0.9,25.0
2026-10-03,wk inc rsv hosp,3,2026-10-24,45,quantile,0.9,37.0
2026-10-03,wk inc rsv hosp,0,2026-10-03,45,quantile,0.95,13.0
2026-10-03,wk inc rsv hosp,1,2026-10-10,45,quantile,0.95,20.0
2026-10-03,wk inc rsv hosp,2,2026-10-17,45,quantile,0.95,32.0
2026-10-03,wk inc rsv hosp,3,2026-10-24,45,quantile,0.95,50.0
2026-10-03,wk inc rsv hosp,0,2026-10-03,45,quantile,0.975,14.0
2026-10-03,wk inc rsv hosp,1,2026-10-10,45,quantile,0.975,23.0
2026-10-03,wk inc rsv hosp,2,2026-10-17,45,quantile,0.975,37.0
2026-10-03,wk inc rsv hosp,3,2026-10-24,45,quantile,0.975,62.0
2026-10-03,wk inc rsv hosp,0,2026-10-03,45,quantile,0.99,15.0
2026-10-03,wk inc rsv hosp,1,2026-10-10,45,quantile,0.99,26.0
2026-10-03,wk inc rsv hosp,2,2026-10-17,45,quantile,0.99,45.0
2026-10-03,wk inc rsv hosp,3,2026-10-24,45,quantile,0.99,78.0
2026-10-03,wk inc rsv hosp,0,2026-10-03,46,quantile,0.01,1.0
2026-10-03,wk inc rsv hosp,1,2026-10-10,46,quantile,0.01,0.0
2026-10-03,wk inc rsv hosp,2,2026-10-17,46,quantile,0.01,0.0
2026-10-03,wk inc rsv hosp,3,2026-10-24,46,quantile,0.01,0.0
2026-10-03,wk inc rsv hosp,0,2026-10-03,46,quantile,0.025,1.0
2026-10-03,wk inc rsv hosp,1,2026-10-10,46,quantile,0.025,1.0
2026-10-03,wk inc rsv hosp,2,2026-10-17,46,quantile,0.025,0.0
2026-10-03,wk inc rsv hosp,3,2026-10-24,46,quantile,0.025,0.0
2026-10-03,wk inc rsv hosp,0,2026-10-03,46,quantile,0.05,1.0
2026-10-03,wk inc rsv hosp,1,2026-10-10,46,quantile,0.05,1.0
2026-10-03,wk inc rsv hosp,2,2026-10-17,46,quantile,0.05,1.0
2026-10-03,wk inc rsv hosp,3,2026-10-24,46,quantile,0.05,0.0
2026-10-03,wk inc rsv hosp,0,2026-10-03,46,quantile,0.1,1.0
2026-10-03,wk inc rsv hosp,1,2026-10-10,46,quantile,0.1,1.0
2026-10-03,wk inc rsv hosp,2,2026-10-17,46,quantile,0.1,1.0
2026-10-03,wk inc rsv hosp,3,2026-10-24,46,quantile,0.1,1.0
2026-10-03,wk inc rsv hosp,0,2026-10-03,46,quantile,0.15,1.0
2026-10-03,wk inc rsv hosp,1,2026-10-10,46,quantile,0.15,1.0
2026-10-03,wk inc rsv hosp,2,2026-10-17,46,quantile,0.15,1.0
2026-10-03,wk inc rsv hosp,3,2026-10-24,46,quantile,0.15,1.0
2026-10-03,wk inc rsv hosp,0,2026-10-03,46,quantile,0.2,1.0
2026-10-03,wk inc rsv hosp,1,2026-10-10,46,quantile,0.2,1.0
2026-10-03,wk inc rsv hosp,2,2026-10-17,46,quantile,0.2,1.0
2026-10-03,wk inc rsv hosp,3,2026-10-24,46,quantile,0.2,1.0
2026-10-03,wk inc rsv hosp,0,2026-10-03,46,quantile,0.25,1.0
2026-10-03,wk inc rsv hosp,1,2026-10-10,46,quantile,0.25,1.0
2026-10-03,wk inc rsv hosp,2,2026-10-17,46,quantile,0.25,1.0
2026-10-03,wk inc rsv hosp,3,2026-10-24,46,quantile,0.25,1.0
2026-10-03,wk inc rsv hosp,0,2026-10-03,46,quantile,0.3,2.0
2026-10-03,wk inc rsv hosp,1,2026-10-10,46,quantile,0.3,2.0
2026-10-03,wk inc rsv hosp,2,2026-10-17,46,quantile,0.3,1.0
2026-10-03,wk inc rsv hosp,3,2026-10-24,46,quantile,0.3,1.0
2026-10-03,wk inc rsv hosp,0,2026-10-03,46,quantile,0.35,2.0
2026-10-03,wk inc rsv hosp,1,2026-10-10,46,quantile,0.35,2.0
2026-10-03,wk inc rsv hosp,2,2026-10-17,46,quantile,0.35,2.0
2026-10-03,wk inc rsv hosp,3,2026-10-24,46,quantile,0.35,1.0
2026-10-03,wk inc rsv hosp,0,2026-10-03,46,quantile,0.4,2.0
2026-10-03,wk inc rsv hosp,1,2026-10-10,46,quantile,0.4,2.0
2026-10-03,wk inc rsv hosp,2,2026-10-17,46,quantile,0.4,2.0
2026-10-03,wk inc rsv hosp,3,2026-10-24,46,quantile,0.4,2.0
2026-10-03,wk inc rsv hosp,0,2026-10-03,46,quantile,0.45,2.0
2026-10-03,wk inc rsv hosp,1,2026-10-10,46,quantile,0.45,2.0
2026-10-03,wk inc rsv hosp,2,2026-10-17,46,quantile,0.45,2.0
2026-10-03,wk inc rsv hosp,3,2026-10-24,46,quantile,0.45,2.0
2026-10-03,wk inc rsv hosp,0,2026-10-03,46,quantile,0.5,2.0
2026-10-03,wk inc rsv hosp,1,2026-10-10,46,quantile,0.5,2.0
2026-10-03,wk inc rsv hosp,2,2026-10-17,46,quantile,0.5,2.0
2026-10-03,wk inc rsv hosp,3,2026-10-24,46,quantile,0.5,2.0
2026-10-03,wk inc rsv hosp,0,2026-10-03,46,quantile,0.55,2.0
2026-10-03,wk inc rsv hosp,1,2026-10-10,46,quantile,0.55,2.0
2026-10-03,wk inc rsv hosp,2,2026-10-17,46,quantile,0.55,2.0
2026-10-03,wk inc rsv hosp,3,2026-10-24,46,quantile,0.55,2.0
2026-10-03,wk inc rsv hosp,0,2026-10-03,46,quantile,0.6,2.0
2026-10-03,wk inc rsv hosp,1,2026-10-10,46,quantile,0.6,2.0
2026-10-03,wk inc rsv hosp,2,2026-10-17,46,quantile,0.6,2.0
2026-10-03,wk inc rsv hosp,3,2026-10-24,46,quantile,0.6,2.0
2026-10-03,wk inc rsv hosp,0,2026-10-03,46,quantile,0.65,2.0
2026-10-03,wk inc rsv hosp,1,2026-10-10,46,quantile,0.65,2.0
2026-10-03,wk inc rsv hosp,2,2026-10-17,46,quantile,0.65,2.0
2026-10-03,wk inc rsv hosp,3,2026-10-24,46,quantile,0.65,3.0
2026-10-03,wk inc rsv hosp,0,2026-10-03,46,quantile,0.7,2.0
2026-10-03,wk inc rsv hosp,1,2026-10-10,46,quantile,0.7,3.0
2026-10-03,wk inc rsv hosp,2,2026-10-17,46,quantile,0.7,3.0
2026-10-03,wk inc rsv hosp,3,2026-10-24,46,quantile,0.7,3.0
2026-10-03,wk inc rsv hosp,0,2026-10-03,46,quantile,0.75,2.0
2026-10-03,wk inc rsv hosp,1,2026-10-10,46,quantile,0.75,3.0
2026-10-03,wk inc rsv hosp,2,2026-10-17,46,quantile,0.75,3.0
2026-10-03,wk inc rsv hosp,3,2026-10-24,46,quantile,0.75,3.0
2026-10-03,wk inc rsv hosp,0,2026-10-03,46,quantile,0.8,2.0
2026-10-03,wk inc rsv hosp,1,2026-10-10,46,quantile,0.8,3.0
2026-10-03,wk inc rsv hosp,2,2026-10-17,46,quantile,0.8,3.0
2026-10-03,wk inc rsv hosp,3,2026-10-24,46,quantile,0.8,3.0
2026-10-03,wk inc rsv hosp,0,2026-10-03,46,quantile,0.85,3.0
2026-10-03,wk inc rsv hosp,1,2026-10-10,46,quantile,0.85,3.0
2026-10-03,wk inc rsv hosp,2,2026-10-17,46,quantile,0.85,3.0
2026-10-03,wk inc rsv hosp,3,2026-10-24,46,quantile,0.85,4.0
2026-10-03,wk inc rsv hosp,0,2026-10-03,46,quantile,0.9,3.0
2026-10-03,wk inc rsv hosp,1,2026-10-10,46,quantile,0.9,3.0
2026-10-03,wk inc rsv hosp,2,2026-10-17,46,quantile,0.9,4.0
2026-10-03,wk inc rsv hosp,3,2026-10-24,46,quantile,0.9,5.0
2026-10-03,wk inc rsv hosp,0,2026-10-03,46,quantile,0.95,3.0
2026-10-03,wk inc rsv hosp,1,2026-10-10,46,quantile,0.95,4.0
2026-10-03,wk inc rsv hosp,2,2026-10-17,46,quantile,0.95,5.0
2026-10-03,wk inc rsv hosp,3,2026-10-24,46,quantile,0.95,6.0
2026-10-03,wk inc rsv hosp,0,2026-10-03,46,quantile,0.975,3.0
2026-10-03,wk inc rsv hosp,1,2026-10-10,46,quantile,0.975,5.0
2026-10-03,wk inc rsv hosp,2,2026-10-17,46,quantile,0.975,6.0
2026-10-03,wk inc rsv hosp,3,2026-10-24,46,quantile,0.975,8.0
2026-10-03,wk inc rsv hosp,0,2026-10-03,46,quantile,0.99,4.0
2026-10-03,wk inc rsv hosp,1,2026-10-10,46,quantile,0.99,5.0
2026-10-03,wk inc rsv hosp,2,2026-10-17,46,quantile,0.99,6.0
2026-10-03,wk inc rsv hosp,3,2026-10-24,46,quantile,0.99,9.0
2026-10-03,wk inc rsv hosp,0,2026-10-03,47,quantile,0.01,1.0
2026-10-03,wk inc rsv hosp,1,2026-10-10,47,quantile,0.01,1.0
2026-10-03,wk inc rsv hosp,2,2026-10-17,47,quantile,0.01,0.0
2026-10-03,wk inc rsv hosp,3,2026-10-24,47,quantile,0.01,0.0
2026-10-03,wk inc rsv hosp,0,2026-10-03,47,quantile,0.025,2.0
2026-10-03,wk inc rsv hosp,1,2026-10-10,47,quantile,0.025,1.0
2026-10-03,wk inc rsv hosp,2,2026-10-17,47,quantile,0.025,0.0
2026-10-03,wk inc rsv hosp,3,2026-10-24,47,quantile,0.025,0.0
2026-10-03,wk inc rsv hosp,0,2026-10-03,47,quantile,0.05,2.0
2026-10-03,wk inc rsv hosp,1,2026-10-10,47,quantile,0.05,2.0
2026-10-03,wk inc rsv hosp,2,2026-10-17,47,quantile,0.05,1.0
2026-10-03,wk inc rsv hosp,3,2026-10-24,47,quantile,0.05,1.0
2026-10-03,wk inc rsv hosp,0,2026-10-03,47,quantile,0.1,3.0
2026-10-03,wk inc rsv hosp,1,2026-10-10,47,quantile,0.1,2.0
2026-10-03,wk inc rsv hosp,2,2026-10-17,47,quantile,0.1,2.0
2026-10-03,wk inc rsv hosp,3,2026-10-24,47,quantile,0.1,1.0
2026-10-03,wk inc rsv hosp,0,2026-10-03,47,quantile,0.15,3.0
2026-10-03,wk inc rsv hosp,1,2026-10-10,47,quantile,0.15,3.0
2026-10-03,wk inc rsv hosp,2,2026-10-17,47,quantile,0.15,2.0
2026-10-03,wk inc rsv hosp,3,2026-10-24,47,quantile,0.15,2.0
2026-10-03,wk inc rsv hosp,0,2026-10-03,47,quantile,0.2,4.0
2026-10-03,wk inc rsv hosp,1,2026-10-10,47,quantile,0.2,3.0
2026-10-03,wk inc rsv hosp,2,2026-10-17,47,quantile,0.2,3.0
2026-10-03,wk inc rsv hosp,3,2026-10-24,47,quantile,0.2,2.0
2026-10-03,wk inc rsv hosp,0,2026-10-03,47,quantile,0.25,5.0
2026-10-03,wk inc rsv hosp,1,2026-10-10,47,quantile,0.25,4.0
2026-10-03,wk inc rsv hosp,2,2026-10-17,47,quantile,0.25,3.0
2026-10-03,wk inc rsv hosp,3,2026-10-24,47,quantile,0.25,3.0
2026-10-03,wk inc rsv hosp,0,2026-10-03,47,quantile,0.3,5.0
2026-10-03,wk inc rsv hosp,1,2026-10-10,47,quantile,0.3,4.0
2026-10-03,wk inc rsv hosp,2,2026-10-17,47,quantile,0.3,4.0
2026-10-03,wk inc rsv hosp,3,2026-10-24,47,quantile,0.3,4.0
2026-10-03,wk inc rsv hosp,0,2026-10-03,47,quantile,0.35,5.0
2026-10-03,wk inc rsv hosp,1,2026-10-10,47,quantile,0.35,5.0
2026-10-03,wk inc rsv hosp,2,2026-10-17,47,quantile,0.35,5.0
2026-10-03,wk inc rsv hosp,3,2026-10-24,47,quantile,0.35,5.0
2026-10-03,wk inc rsv hosp,0,2026-10-03,47,quantile,0.4,6.0
2026-10-03,wk inc rsv hosp,1,2026-10-10,47,quantile,0.4,6.0
2026-10-03,wk inc rsv hosp,2,2026-10-17,47,quantile,0.4,5.0
2026-10-03,wk inc rsv hosp,3,2026-10-24,47,quantile,0.4,5.0
2026-10-03,wk inc rsv hosp,0,2026-10-03,47,quantile,0.45,6.0
2026-10-03,wk inc rsv hosp,1,2026-10-10,47,quantile,0.45,6.0
2026-10-03,wk inc rsv hosp,2,2026-10-17,47,quantile,0.45,6.0
2026-10-03,wk inc rsv hosp,3,2026-10-24,47,quantile,0.45,6.0
2026-10-03,wk inc rsv hosp,0,2026-10-03,47,quantile,0.5,7.0
2026-10-03,wk inc rsv hosp,1,2026-10-10,47,quantile,0.5,7.0
2026-10-03,wk inc rsv hosp,2,2026-10-17,47,quantile,0.5,6.0
2026-10-03,wk inc rsv hosp,3,2026-10-24,47,quantile,0.5,6.0
2026-10-03,wk inc rsv hosp,0,2026-10-03,47,quantile,0.55,7.0
2026-10-03,wk inc rsv hosp,1,2026-10-10,47,quantile,0.55,7.0
2026-10-03,wk inc rsv hosp,2,2026-10-17,47,quantile,0.55,7.0
2026-10-03,wk inc rsv hosp,3,2026-10-24,47,quantile,0.55,7.0
2026-10-03,wk inc rsv hosp,0,2026-10-03,47,quantile,0.6,7.0
2026-10-03,wk inc rsv hosp,1,2026-10-10,47,quantile,0.6,8.0
2026-10-03,wk inc rsv hosp,2,2026-10-17,47,quantile,0.6,8.0
2026-10-03,wk inc rsv hosp,3,2026-10-24,47,quantile,0.6,8.0
2026-10-03,wk inc rsv hosp,0,2026-10-03,47,quantile,0.65,8.0
2026-10-03,wk inc rsv hosp,1,2026-10-10,47,quantile,0.65,8.0
2026-10-03,wk inc rsv hosp,2,2026-10-17,47,quantile,0.65,9.0
2026-10-03,wk inc rsv hosp,3,2026-10-24,47,quantile,0.65,9.0
2026-10-03,wk inc rsv hosp,0,2026-10-03,47,quantile,0.7,8.0
2026-10-03,wk inc rsv hosp,1,2026-10-10,47,quantile,0.7,9.0
2026-10-03,wk inc rsv hosp,2,2026-10-17,47,quantile,0.7,10.0
2026-10-03,wk inc rsv hosp,3,2026-10-24,47,quantile,0.7,10.0
2026-10-03,wk inc rsv hosp,0,2026-10-03,47,quantile,0.75,9.0
2026-10-03,wk inc rsv hosp,1,2026-10-10,47,quantile,0.75,10.0
2026-10-03,wk inc rsv hosp,2,2026-10-17,47,quantile,0.75,11.0
2026-10-03,wk inc rsv hosp,3,2026-10-24,47,quantile,0.75,11.0
2026-10-03,wk inc rsv hosp,0,2026-10-03,47,quantile,0.8,9.0
2026-10-03,wk inc rsv hosp,1,2026-10-10,47,quantile,0.8,10.0
2026-10-03,wk inc rsv hosp,2,2026-10-17,47,quantile,0.8,12.0
2026-10-03,wk inc rsv hosp,3,2026-10-24,47,quantile,0.8,12.0
2026-10-03,wk inc rsv hosp,0,2026-10-03,47,quantile,0.85,10.0
2026-10-03,wk inc rsv hosp,1,2026-10-10,47,quantile,0.85,12.0
2026-10-03,wk inc rsv hosp,2,2026-10-17,47,quantile,0.85,13.0
2026-10-03,wk inc rsv hosp,3,2026-10-24,47,quantile,0.85,14.0
2026-10-03,wk inc rsv hosp,0,2026-10-03,47,quantile,0.9,11.0
2026-10-03,wk inc rsv hosp,1,2026-10-10,47,quantile,0.9,14.0
2026-10-03,wk inc rsv hosp,2,2026-10-17,47,quantile,0.9,15.0
2026-10-03,wk inc rsv hosp,3,2026-10-24,47,quantile,0.9,17.0
2026-10-03,wk inc rsv hosp,0,2026-10-03,47,quantile,0.95,13.0
2026-10-03,wk inc rsv hosp,1,2026-10-10,47,quantile,0.95,17.0
2026-10-03,wk inc rsv hosp,2,2026-10-17,47,quantile,0.95,18.0
2026-10-03,wk inc rsv hosp,3,2026-10-24,47,quantile,0.95,23.0
2026-10-03,wk inc rsv hosp,0,2026-10-03,47,quantile,0.975,14.0
2026-10-03,wk inc rsv hosp,1,2026-10-10,47,quantile,0.975,19.0
2026-10-03,wk inc rsv hosp,2,2026-10-17,47,quantile,0.975,20.0
2026-10-03,wk inc rsv hosp,3,2026-10-24,47,quantile,0.975,30.0
2026-10-03,wk inc rsv hosp,0,2026-10-03,47,quantile,0.99,16.0
2026-10-03,wk inc rsv hosp,1,2026-10-10,47,quantile,0.99,21.0
2026-10-03,wk inc rsv hosp,2,2026-10-17,47,quantile,0.99,23.0
2026-10-03,wk inc rsv hosp,3,2026-10-24,47,quantile,0.99,35.0
2026-10-03,wk inc rsv hosp,0,2026-10-03,48,quantile,0.01,13.0
2026-10-03,wk inc rsv hosp,1,2026-10-10,48,quantile,0.01,10.0
2026-10-03,wk inc rsv hosp,2,2026-10-17,48,quantile,0.01,5.0
2026-10-03,wk inc rsv hosp,3,2026-10-24,48,quantile,0.01,3.0
2026-10-03,wk inc rsv hosp,0,2026-10-03,48,quantile,0.025,15.0
2026-10-03,wk inc rsv hosp,1,2026-10-10,48,quantile,0.025,13.0
2026-10-03,wk inc rsv hosp,2,2026-10-17,48,quantile,0.025,8.0
2026-10-03,wk inc rsv hosp,3,2026-10-24,48,quantile,0.025,5.0
2026-10-03,wk inc rsv hosp,0,2026-10-03,48,quantile,0.05,18.0
2026-10-03,wk inc rsv hosp,1,2026-10-10,48,quantile,0.05,15.0
2026-10-03,wk inc rsv hosp,2,2026-10-17,48,quantile,0.05,10.0
2026-10-03,wk inc rsv hosp,3,2026-10-24,48,quantile,0.05,8.0
2026-10-03,wk inc rsv hosp,0,2026-10-03,48,quantile,0.1,20.0
2026-10-03,wk inc rsv hosp,1,2026-10-10,48,quantile,0.1,18.0
2026-10-03,wk inc rsv hosp,2,2026-10-17,48,quantile,0.1,15.0
2026-10-03,wk inc rsv hosp,3,2026-10-24,48,quantile,0.1,13.0
2026-10-03,wk inc rsv hosp,0,2026-10-03,48,quantile,0.15,25.0
2026-10-03,wk inc rsv hosp,1,2026-10-10,48,quantile,0.15,20.0
2026-10-03,wk inc rsv hosp,2,2026-10-17,48,quantile,0.15,20.0
2026-10-03,wk inc rsv hosp,3,2026-10-24,48,quantile,0.15,17.0
2026-10-03,wk inc rsv hosp,0,2026-10-03,48,quantile,0.2,28.0
2026-10-03,wk inc rsv hosp,1,2026-10-10,48,quantile,0.2,23.0
2026-10-03,wk inc rsv hosp,2,2026-10-17,48,quantile,0.2,23.0
2026-10-03,wk inc rsv hosp,3,2026-10-24,48,quantile,0.2,20.0
2026-10-03,wk inc rsv hosp,0,2026-10-03,48,quantile,0.25,28.0
2026-10-03,wk inc rsv hosp,1,2026-10-10,48,quantile,0.25,28.0
2026-10-03,wk inc rsv hosp,2,2026-10-17,48,quantile,0.25,25.0
2026-10-03,wk inc rsv hosp,3,2026-10-24,48,quantile,0.25,23.0
2026-10-03,wk inc rsv hosp,0,2026-10-03,48,quantile,0.3,31.0
2026-10-03,wk inc rsv hosp,1,2026-10-10,48,quantile,0.3,30.0
2026-10-03,wk inc rsv hosp,2,2026-10-17,48,quantile,0.3,28.0
2026-10-03,wk inc rsv hosp,3,2026-10-24,48,quantile,0.3,25.0
2026-10-03,wk inc rsv hosp,0,2026-10-03,48,quantile,0.35,33.0
2026-10-03,wk inc rsv hosp,1,2026-10-10,48,quantile,0.35,31.0
2026-10-03,wk inc rsv hosp,2,2026-10-17,48,quantile,0.35,31.0
2026-10-03,wk inc rsv hosp,3,2026-10-24,48,quantile,0.35,28.0
2026-10-03,wk inc rsv hosp,0,2026-10-03,48,quantile,0.4,33.0
2026-10-03,wk inc rsv hosp,1,2026-10-10,48,quantile,0.4,36.0
2026-10-03,wk inc rsv hosp,2,2026-10-17,48,quantile,0.4,33.0
2026-10-03,wk inc rsv hosp,3,2026-10-24,48,quantile,0.4,31.0
2026-10-03,wk inc rsv hosp,0,2026-10-03,48,quantile,0.45,36.0
2026-10-03,wk inc rsv hosp,1,2026-10-10,48,quantile,0.45,38.0
2026-10-03,wk inc rsv hosp,2,2026-10-17,48,quantile,0.45,36.0
2026-10-03,wk inc rsv hosp,3,2026-10-24,48,quantile,0.45,35.0
2026-10-03,wk inc rsv hosp,0,2026-10-03,48,quantile,0.5,38.0
2026-10-03,wk inc rsv hosp,1,2026-10-10,48,quantile,0.5,41.0
2026-10-03,wk inc rsv hosp,2,2026-10-17,48,quantile,0.5,41.0
2026-10-03,wk inc rsv hosp,3,2026-10-24,48,quantile,0.5,38.0
2026-10-03,wk inc rsv hosp,0,2026-10-03,48,quantile,0.55,41.0
2026-10-03,wk inc rsv hosp,1,2026-10-10,48,quantile,0.55,43.0
2026-10-03,wk inc rsv hosp,2,2026-10-17,48,quantile,0.55,43.0
2026-10-03,wk inc rsv hosp,3,2026-10-24,48,quantile,0.55,41.0
2026-10-03,wk inc rsv hosp,0,2026-10-03,48,quantile,0.6,43.0
2026-10-03,wk inc rsv hosp,1,2026-10-10,48,quantile,0.6,46.0
2026-10-03,wk inc rsv hosp,2,2026-10-17,48,quantile,0.6,46.0
2026-10-03,wk inc rsv hosp,3,2026-10-24,48,quantile,0.6,46.0
2026-10-03,wk inc rsv hosp,0,2026-10-03,48,quantile,0.65,46.0
2026-10-03,wk inc rsv hosp,1,2026-10-10,48,quantile,0.65,48.0
2026-10-03,wk inc rsv hosp,2,2026-10-17,48,quantile,0.65,51.0
2026-10-03,wk inc rsv hosp,3,2026-10-24,48,quantile,0.65,51.0
2026-10-03,wk inc rsv hosp,0,2026-10-03,48,quantile,0.7,48.0
2026-10-03,wk inc rsv hosp,1,2026-10-10,48,quantile,0.7,51.0
2026-10-03,wk inc rsv hosp,2,2026-10-17,48,quantile,0.7,53.0
2026-10-03,wk inc rsv hosp,3,2026-10-24,48,quantile,0.7,56.0
2026-10-03,wk inc rsv hosp,0,2026-10-03,48,quantile,0.75,51.0
2026-10-03,wk inc rsv hosp,1,2026-10-10,48,quantile,0.75,53.0
2026-10-03,wk inc rsv hosp,2,2026-10-17,48,quantile,0.75,59.0
2026-10-03,wk inc rsv hosp,3,2026-10-24,48,quantile,0.75,61.0
2026-10-03,wk inc rsv hosp,0,2026-10-03,48,quantile,0.8,53.0
2026-10-03,wk inc rsv hosp,1,2026-10-10,48,quantile,0.8,59.0
2026-10-03,wk inc rsv hosp,2,2026-10-17,48,quantile,0.8,64.0
2026-10-03,wk inc rsv hosp,3,2026-10-24,48,quantile,0.8,69.0
2026-10-03,wk inc rsv hosp,0,2026-10-03,48,quantile,0.85,56.0
2026-10-03,wk inc rsv hosp,1,2026-10-10,48,quantile,0.85,64.0
2026-10-03,wk inc rsv hosp,2,2026-10-17,48,quantile,0.85,69.0
2026-10-03,wk inc rsv hosp,3,2026-10-24,48,quantile,0.85,79.0
2026-10-03,wk inc rsv hosp,0,2026-10-03,48,quantile,0.9,59.0
2026-10-03,wk inc rsv hosp,1,2026-10-10,48,quantile,0.9,69.0
2026-10-03,wk inc rsv hosp,2,2026-10-17,48,quantile,0.9,79.0
2026-10-03,wk inc rsv hosp,3,2026-10-24,48,quantile,0.9,89.0
2026-10-03,wk inc rsv hosp,0,2026-10-03,48,quantile,0.95,66.0
2026-10-03,wk inc rsv hosp,1,2026-10-10,48,quantile,0.95,79.0
2026-10-03,wk inc rsv hosp,2,2026-10-17,48,quantile,0.95,94.0
2026-10-03,wk inc rsv hosp,3,2026-10-24,48,quantile,0.95,110.0
2026-10-03,wk inc rsv hosp,0,2026-10-03,48,quantile,0.975,71.0
2026-10-03,wk inc rsv hosp,1,2026-10-10,48,quantile,0.975,87.0
2026-10-03,wk inc rsv hosp,2,2026-10-17,48,quantile,0.975,113.0
2026-10-03,wk inc rsv hosp,3,2026-10-24,48,quantile,0.975,139.0
2026-10-03,wk inc rsv hosp,0,2026-10-03,48,quantile,0.99,79.0
2026-10-03,wk inc rsv hosp,1,2026-10-10,48,quantile,0.99,104.0
2026-10-03,wk inc rsv hosp,2,2026-10-17,48,quantile,0.99,145.0
2026-10-03,wk inc rsv hosp,3,2026-10-24,48,quantile,0.99,186.0
2026-10-03,wk inc rsv hosp,0,2026-10-03,49,quantile,0.01,1.0
2026-10-03,wk inc rsv hosp,1,2026-10-10,49,quantile,0.01,0.0
2026-10-03,wk inc rsv hosp,2,2026-10-17,49,quantile,0.01,0.0
2026-10-03,wk inc rsv hosp,3,2026-10-24,49,quantile,0.01,0.0
2026-10-03,wk inc rsv hosp,0,2026-10-03,49,quantile,0.025,1.0
2026-10-03,wk inc rsv hosp,1,2026-10-10,49,quantile,0.025,1.0
2026-10-03,wk inc rsv hosp,2,2026-10-17,49,quantile,0.025,0.0
2026-10-03,wk inc rsv hosp,3,2026-10-24,49,quantile,0.025,0.0
2026-10-03,wk inc rsv hosp,0,2026-10-03,49,quantile,0.05,1.0
2026-10-03,wk inc rsv hosp,1,2026-10-10,49,quantile,0.05,1.0
2026-10-03,wk inc rsv hosp,2,2026-10-17,49,quantile,0.05,1.0
2026-10-03,wk inc rsv hosp,3,2026-10-24,49,quantile,0.05,1.0
2026-10-03,wk inc rsv hosp,0,2026-10-03,49,quantile,0.1,1.0
2026-10-03,wk inc rsv hosp,1,2026-10-10,49,quantile,0.1,1.0
2026-10-03,wk inc rsv hosp,2,2026-10-17,49,quantile,0.1,1.0
2026-10-03,wk inc rsv hosp,3,2026-10-24,49,quantile,0.1,1.0
2026-10-03,wk inc rsv hosp,0,2026-10-03,49,quantile,0.15,2.0
2026-10-03,wk inc rsv hosp,1,2026-10-10,49,quantile,0.15,2.0
2026-10-03,wk inc rsv hosp,2,2026-10-17,49,quantile,0.15,1.0
2026-10-03,wk inc rsv hosp,3,2026-10-24,49,quantile,0.15,1.0
2026-10-03,wk inc rsv hosp,0,2026-10-03,49,quantile,0.2,2.0
2026-10-03,wk inc rsv hosp,1,2026-10-10,49,quantile,0.2,2.0
2026-10-03,wk inc rsv hosp,2,2026-10-17,49,quantile,0.2,2.0
2026-10-03,wk inc rsv hosp,3,2026-10-24,49,quantile,0.2,1.0
2026-10-03,wk inc rsv hosp,0,2026-10-03,49,quantile,0.25,2.0
2026-10-03,wk inc rsv hosp,1,2026-10-10,49,quantile,0.25,2.0
2026-10-03,wk inc rsv hosp,2,2026-10-17,49,quantile,0.25,2.0
2026-10-03,wk inc rsv hosp,3,2026-10-24,49,quantile,0.25,2.0
2026-10-03,wk inc rsv hosp,0,2026-10-03,49,quantile,0.3,2.0
2026-10-03,wk inc rsv hosp,1,2026-10-10,49,quantile,0.3,2.0
2026-10-03,wk inc rsv hosp,2,2026-10-17,49,quantile,0.3,2.0
2026-10-03,wk inc rsv hosp,3,2026-10-24,49,quantile,0.3,2.0
2026-10-03,wk inc rsv hosp,0,2026-10-03,49,quantile,0.35,3.0
2026-10-03,wk inc rsv hosp,1,2026-10-10,49,quantile,0.35,3.0
2026-10-03,wk inc rsv hosp,2,2026-10-17,49,quantile,0.35,2.0
2026-10-03,wk inc rsv hosp,3,2026-10-24,49,quantile,0.35,2.0
2026-10-03,wk inc rsv hosp,0,2026-10-03,49,quantile,0.4,3.0
2026-10-03,wk inc rsv hosp,1,2026-10-10,49,quantile,0.4,3.0
2026-10-03,wk inc rsv hosp,2,2026-10-17,49,quantile,0.4,3.0
2026-10-03,wk inc rsv hosp,3,2026-10-24,49,quantile,0.4,3.0
2026-10-03,wk inc rsv hosp,0,2026-10-03,49,quantile,0.45,3.0
2026-10-03,wk inc rsv hosp,1,2026-10-10,49,quantile,0.45,3.0
2026-10-03,wk inc rsv hosp,2,2026-10-17,49,quantile,0.45,3.0
2026-10-03,wk inc rsv hosp,3,2026-10-24,49,quantile,0.45,3.0
2026-10-03,wk inc rsv hosp,0,2026-10-03,49,quantile,0.5,3.0
2026-10-03,wk inc rsv hosp,1,2026-10-10,49,quantile,0.5,3.0
2026-10-03,wk inc rsv hosp,2,2026-10-17,49,quantile,0.5,3.0
2026-10-03,wk inc rsv hosp,3,2026-10-24,49,quantile,0.5,3.0
2026-10-03,wk inc rsv hosp,0,2026-10-03,49,quantile,0.55,3.0
2026-10-03,wk inc rsv hosp,1,2026-10-10,49,quantile,0.55,3.0
2026-10-03,wk inc rsv hosp,2,2026-10-17,49,quantile,0.55,4.0
2026-10-03,wk inc rsv hosp,3,2026-10-24,49,quantile,0.55,4.0
2026-10-03,wk inc rsv hosp,0,2026-10-03,49,quantile,0.6,4.0
2026-10-03,wk inc rsv hosp,1,2026-10-10,49,quantile,0.6,4.0
2026-10-03,wk inc rsv hosp,2,2026-10-17,49,quantile,0.6,4.0
2026-10-03,wk inc rsv hosp,3,2026-10-24,49,quantile,0.6,4.0
2026-10-03,wk inc rsv hosp,0,2026-10-03,49,quantile,0.65,4.0
2026-10-03,wk inc rsv hosp,1,2026-10-10,49,quantile,0.65,4.0
2026-10-03,wk inc rsv hosp,2,2026-10-17,49,quantile,0.65,5.0
2026-10-03,wk inc rsv hosp,3,2026-10-24,49,quantile,0.65,5.0
2026-10-03,wk inc rsv hosp,0,2026-10-03,49,quantile,0.7,5.0
2026-10-03,wk inc rsv hosp,1,2026-10-10,49,quantile,0.7,5.0
2026-10-03,wk inc rsv hosp,2,2026-10-17,49,quantile,0.7,5.0
2026-10-03,wk inc rsv hosp,3,2026-10-24,49,quantile,0.7,5.0
2026-10-03,wk inc rsv hosp,0,2026-10-03,49,quantile,0.75,5.0
2026-10-03,wk inc rsv hosp,1,2026-10-10,49,quantile,0.75,5.0
2026-10-03,wk inc rsv hosp,2,2026-10-17,49,quantile,0.75,6.0
2026-10-03,wk inc rsv hosp,3,2026-10-24,49,quantile,0.75,6.0
2026-10-03,wk inc rsv hosp,0,2026-10-03,49,quantile,0.8,5.0
2026-10-03,wk inc rsv hosp,1,2026-10-10,49,quantile,0.8,6.0
2026-10-03,wk inc rsv hosp,2,2026-10-17,49,quantile,0.8,6.0
2026-10-03,wk inc rsv hosp,3,2026-10-24,49,quantile,0.8,6.0
2026-10-03,wk inc rsv hosp,0,2026-10-03,49,quantile,0.85,6.0
2026-10-03,wk inc rsv hosp,1,2026-10-10,49,quantile,0.85,6.0
2026-10-03,wk inc rsv hosp,2,2026-10-17,49,quantile,0.85,7.0
2026-10-03,wk inc rsv hosp,3,2026-10-24,49,quantile,0.85,7.0
2026-10-03,wk inc rsv hosp,0,2026-10-03,49,quantile,0.9,6.0
2026-10-03,wk inc rsv hosp,1,2026-10-10,49,quantile,0.9,7.0
2026-10-03,wk inc rsv hosp,2,2026-10-17,49,quantile,0.9,8.0
2026-10-03,wk inc rsv hosp,3,2026-10-24,49,quantile,0.9,9.0
2026-10-03,wk inc rsv hosp,0,2026-10-03,49,quantile,0.95,7.0
2026-10-03,wk inc rsv hosp,1,2026-10-10,49,quantile,0.95,8.0
2026-10-03,wk inc rsv hosp,2,2026-10-17,49,quantile,0.95,10.0
2026-10-03,wk inc rsv hosp,3,2026-10-24,49,quantile,0.95,11.0
2026-10-03,wk inc rsv hosp,0,2026-10-03,49,quantile,0.975,8.0
2026-10-03,wk inc rsv hosp,1,2026-10-10,49,quantile,0.975,10.0
2026-10-03,wk inc rsv hosp,2,2026-10-17,49,quantile,0.975,13.0
2026-10-03,wk inc rsv hosp,3,2026-10-24,49,quantile,0.975,14.0
2026-10-03,wk inc rsv hosp,0,2026-10-03,49,quantile,0.99,9.0
2026-10-03,wk inc rsv hosp,1,2026-10-10,49,quantile,0.99,11.0
2026-10-03,wk inc rsv hosp,2,2026-10-17,49,quantile,0.99,16.0
2026-10-03,wk inc rsv hosp,3,2026-10-24,49,quantile,0.99,20.0
2026-10-03,wk inc rsv hosp,0,2026-10-03,50,quantile,0.01,1.0
2026-10-03,wk inc rsv hosp,1,2026-10-10,50,quantile,0.01,1.0
2026-10-03,wk inc rsv hosp,2,2026-10-17,50,quantile,0.01,0.0
2026-10-03,wk inc rsv hosp,3,2026-10-24,50,quantile,0.01,0.0
2026-10-03,wk inc rsv hosp,0,2026-10-03,50,quantile,0.025,1.0
2026-10-03,wk inc rsv hosp,1,2026-10-10,50,quantile,0.025,1.0
2026-10-03,wk inc rsv hosp,2,2026-10-17,50,quantile,0.025,0.0
2026-10-03,wk inc rsv hosp,3,2026-10-24,50,quantile,0.025,0.0
2026-10-03,wk inc rsv hosp,0,2026-10-03,50,quantile,0.05,1.0
2026-10-03,wk inc rsv hosp,1,2026-10-10,50,quantile,0.05,1.0
2026-10-03,wk inc rsv hosp,2,2026-10-17,50,quantile,0.05,1.0
2026-10-03,wk inc rsv hosp,3,2026-10-24,50,quantile,0.05,0.0
2026-10-03,wk inc rsv hosp,0,2026-10-03,50,quantile,0.1,1.0
2026-10-03,wk inc rsv hosp,1,2026-10-10,50,quantile,0.1,1.0
2026-10-03,wk inc rsv hosp,2,2026-10-17,50,quantile,0.1,1.0
2026-10-03,wk inc rsv hosp,3,2026-10-24,50,quantile,0.1,1.0
2026-10-03,wk inc rsv hosp,0,2026-10-03,50,quantile,0.15,1.0
2026-10-03,wk inc rsv hosp,1,2026-10-10,50,quantile,0.15,1.0
2026-10-03,wk inc rsv hosp,2,2026-10-17,50,quantile,0.15,1.0
2026-10-03,wk inc rsv hosp,3,2026-10-24,50,quantile,0.15,1.0
2026-10-03,wk inc rsv hosp,0,2026-10-03,50,quantile,0.2,1.0
2026-10-03,wk inc rsv hosp,1,2026-10-10,50,quantile,0.2,1.0
2026-10-03,wk inc rsv hosp,2,2026-10-17,50,quantile,0.2,1.0
2026-10-03,wk inc rsv hosp,3,2026-10-24,50,quantile,0.2,1.0
2026-10-03,wk inc rsv hosp,0,2026-10-03,50,quantile,0.25,1.0
2026-10-03,wk inc rsv hosp,1,2026-10-10,50,quantile,0.25,1.0
2026-10-03,wk inc rsv hosp,2,2026-10-17,50,quantile,0.25,1.0
2026-10-03,wk inc rsv hosp,3,2026-10-24,50,quantile,0.25,1.0
2026-10-03,wk inc rsv hosp,0,2026-10-03,50,quantile,0.3,1.0
2026-10-03,wk inc rsv hosp,1,2026-10-10,50,quantile,0.3,1.0
2026-10-03,wk inc rsv hosp,2,2026-10-17,50,quantile,0.3,1.0
2026-10-03,wk inc rsv hosp,3,2026-10-24,50,quantile,0.3,1.0
2026-10-03,wk inc rsv hosp,0,2026-10-03,50,quantile,0.35,2.0
2026-10-03,wk inc rsv hosp,1,2026-10-10,50,quantile,0.35,2.0
2026-10-03,wk inc rsv hosp,2,2026-10-17,50,quantile,0.35,1.0
2026-10-03,wk inc rsv hosp,3,2026-10-24,50,quantile,0.35,1.0
2026-10-03,wk inc rsv hosp,0,2026-10-03,50,quantile,0.4,2.0
2026-10-03,wk inc rsv hosp,1,2026-10-10,50,quantile,0.4,2.0
2026-10-03,wk inc rsv hosp,2,2026-10-17,50,quantile,0.4,2.0
2026-10-03,wk inc rsv hosp,3,2026-10-24,50,quantile,0.4,2.0
2026-10-03,wk inc rsv hosp,0,2026-10-03,50,quantile,0.45,2.0
2026-10-03,wk inc rsv hosp,1,2026-10-10,50,quantile,0.45,2.0
2026-10-03,wk inc rsv hosp,2,2026-10-17,50,quantile,0.45,2.0
2026-10-03,wk inc rsv hosp,3,2026-10-24,50,quantile,0.45,2.0
2026-10-03,wk inc rsv hosp,0,2026-10-03,50,quantile,0.5,2.0
2026-10-03,wk inc rsv hosp,1,2026-10-10,50,quantile,0.5,2.0
2026-10-03,wk inc rsv hosp,2,2026-10-17,50,quantile,0.5,2.0
2026-10-03,wk inc rsv hosp,3,2026-10-24,50,quantile,0.5,2.0
2026-10-03,wk inc rsv hosp,0,2026-10-03,50,quantile,0.55,2.0
2026-10-03,wk inc rsv hosp,1,2026-10-10,50,quantile,0.55,2.0
2026-10-03,wk inc rsv hosp,2,2026-10-17,50,quantile,0.55,2.0
2026-10-03,wk inc rsv hosp,3,2026-10-24,50,quantile,0.55,2.0
2026-10-03,wk inc rsv hosp,0,2026-10-03,50,quantile,0.6,2.0
2026-10-03,wk inc rsv hosp,1,2026-10-10,50,quantile,0.6,2.0
2026-10-03,wk inc rsv hosp,2,2026-10-17,50,quantile,0.6,2.0
2026-10-03,wk inc rsv hosp,3,2026-10-24,50,quantile,0.6,3.0
2026-10-03,wk inc rsv hosp,0,2026-10-03,50,quantile,0.65,2.0
2026-10-03,wk inc rsv hosp,1,2026-10-10,50,quantile,0.65,2.0
2026-10-03,wk inc rsv hosp,2,2026-10-17,50,quantile,0.65,3.0
2026-10-03,wk inc rsv hosp,3,2026-10-24,50,quantile,0.65,3.0
2026-10-03,wk inc rsv hosp,0,2026-10-03,50,quantile,0.7,2.0
2026-10-03,wk inc rsv hosp,1,2026-10-10,50,quantile,0.7,3.0
2026-10-03,wk inc rsv hosp,2,2026-10-17,50,quantile,0.7,3.0
2026-10-03,wk inc rsv hosp,3,2026-10-24,50,quantile,0.7,4.0
2026-10-03,wk inc rsv hosp,0,2026-10-03,50,quantile,0.75,2.0
2026-10-03,wk inc rsv hosp,1,2026-10-10,50,quantile,0.75,3.0
2026-10-03,wk inc rsv hosp,2,2026-10-17,50,quantile,0.75,3.0
2026-10-03,wk inc rsv hosp,3,2026-10-24,50,quantile,0.75,4.0
2026-10-03,wk inc rsv hosp,0,2026-10-03,50,quantile,0.8,2.0
2026-10-03,wk inc rsv hosp,1,2026-10-10,50,quantile,0.8,3.0
2026-10-03,wk inc rsv hosp,2,2026-10-17,50,quantile,0.8,4.0
2026-10-03,wk inc rsv hosp,3,2026-10-24,50,quantile,0.8,5.0
2026-10-03,wk inc rsv hosp,0,2026-10-03,50,quantile,0.85,3.0
2026-10-03,wk inc rsv hosp,1,2026-10-10,50,quantile,0.85,3.0
2026-10-03,wk inc rsv hosp,2,2026-10-17,50,quantile,0.85,4.0
2026-10-03,wk inc rsv hosp,3,2026-10-24,50,quantile,0.85,6.0
2026-10-03,wk inc rsv hosp,0,2026-10-03,50,quantile,0.9,3.0
2026-10-03,wk inc rsv hosp,1,2026-10-10,50,quantile,0.9,4.0
2026-10-03,wk inc rsv hosp,2,2026-10-17,50,quantile,0.9,5.0
2026-10-03,wk inc rsv hosp,3,2026-10-24,50,quantile,0.9,7.0
2026-10-03,wk inc rsv hosp,0,2026-10-03,50,quantile,0.95,3.0
2026-10-03,wk inc rsv hosp,1,2026-10-10,50,quantile,0.95,5.0
2026-10-03,wk inc rsv hosp,2,2026-10-17,50,quantile,0.95,7.0
2026-10-03,wk inc rsv hosp,3,2026-10-24,50,quantile,0.95,10.0
2026-10-03,wk inc rsv hosp,0,2026-10-03,50,quantile,0.975,3.0
2026-10-03,wk inc rsv hosp,1,2026-10-10,50,quantile,0.975,5.0
2026-10-03,wk inc rsv hosp,2,2026-10-17,50,quantile,0.975,8.0
2026-10-03,wk inc rsv hosp,3,2026-10-24,50,quantile,0.975,13.0
2026-10-03,wk inc rsv hosp,0,2026-10-03,50,quantile,0.99,4.0
2026-10-03,wk inc rsv hosp,1,2026-10-10,50,quantile,0.99,6.0
2026-10-03,wk inc rsv hosp,2,2026-10-17,50,quantile,0.99,10.0
2026-10-03,wk inc rsv hosp,3,2026-10-24,50,quantile,0.99,16.0
2026-10-03,wk inc rsv hosp,0,2026-10-03,51,quantile,0.01,2.0
2026-10-03,wk inc rsv hosp,1,2026-10-10,51,quantile,0.01,1.0
2026-10-03,wk inc rsv hosp,2,2026-10-17,51,quantile,0.01,1.0
2026-10-03,wk inc rsv hosp,3,2026-10-24,51,quantile,0.01,1.0
2026-10-03,wk inc rsv hosp,0,2026-10-03,51,quantile,0.025,2.0
2026-10-03,wk inc rsv hosp,1,2026-10-10,51,quantile,0.025,2.0
2026-10-03,wk inc rsv hosp,2,2026-10-17,51,quantile,0.025,1.0
2026-10-03,wk inc rsv hosp,3,2026-10-24,51,quantile,0.025,1.0
2026-10-03,wk inc rsv hosp,0,2026-10-03,51,quantile,0.05,3.0
2026-10-03,wk inc rsv hosp,1,2026-10-10,51,quantile,0.05,2.0
2026-10-03,wk inc rsv hosp,2,2026-10-17,51,quantile,0.05,1.0
2026-10-03,wk inc rsv hosp,3,2026-10-24,51,quantile,0.05,1.0
2026-10-03,wk inc rsv hosp,0,2026-10-03,51,quantile,0.1,3.0
2026-10-03,wk inc rsv hosp,1,2026-10-10,51,quantile,0.1,3.0
2026-10-03,wk inc rsv hosp,2,2026-10-17,51,quantile,0.1,2.0
2026-10-03,wk inc rsv hosp,3,2026-10-24,51,quantile,0.1,1.0
2026-10-03,wk inc rsv hosp,0,2026-10-03,51,quantile,0.15,3.0
2026-10-03,wk inc rsv hosp,1,2026-10-10,51,quantile,0.15,3.0
2026-10-03,wk inc rsv hosp,2,2026-10-17,51,quantile,0.15,2.0
2026-10-03,wk inc rsv hosp,3,2026-10-24,51,quantile,0.15,2.0
2026-10-03,wk inc rsv hosp,0,2026-10-03,51,quantile,0.2,4.0
2026-10-03,wk inc rsv hosp,1,2026-10-10,51,quantile,0.2,3.0
2026-10-03,wk inc rsv hosp,2,2026-10-17,51,quantile,0.2,3.0
2026-10-03,wk inc rsv hosp,3,2026-10-24,51,quantile,0.2,2.0
2026-10-03,wk inc rsv hosp,0,2026-10-03,51,quantile,0.25,4.0
2026-10-03,wk inc rsv hosp,1,2026-10-10,51,quantile,0.25,4.0
2026-10-03,wk inc rsv hosp,2,2026-10-17,51,quantile,0.25,3.0
2026-10-03,wk inc rsv hosp,3,2026-10-24,51,quantile,0.25,3.0
2026-10-03,wk inc rsv hosp,0,2026-10-03,51,quantile,0.3,4.0
2026-10-03,wk inc rsv hosp,1,2026-10-10,51,quantile,0.3,4.0
2026-10-03,wk inc rsv hosp,2,2026-10-17,51,quantile,0.3,3.0
2026-10-03,wk inc rsv hosp,3,2026-10-24,51,quantile,0.3,3.0
2026-10-03,wk inc rsv hosp,0,2026-10-03,51,quantile,0.35,5.0
2026-10-03,wk inc rsv hosp,1,2026-10-10,51,quantile,0.35,4.0
2026-10-03,wk inc rsv hosp,2,2026-10-17,51,quantile,0.35,4.0
2026-10-03,wk inc rsv hosp,3,2026-10-24,51,quantile,0.35,3.0
2026-10-03,wk inc rsv hosp,0,2026-10-03,51,quantile,0.4,5.0
2026-10-03,wk inc rsv hosp,1,2026-10-10,51,quantile,0.4,4.0
2026-10-03,wk inc rsv hosp,2,2026-10-17,51,quantile,0.4,4.0
2026-10-03,wk inc rsv hosp,3,2026-10-24,51,quantile,0.4,4.0
2026-10-03,wk inc rsv hosp,0,2026-10-03,51,quantile,0.45,5.0
2026-10-03,wk inc rsv hosp,1,2026-10-10,51,quantile,0.45,5.0
2026-10-03,wk inc rsv hosp,2,2026-10-17,51,quantile,0.45,5.0
2026-10-03,wk inc rsv hosp,3,2026-10-24,51,quantile,0.45,4.0
2026-10-03,wk inc rsv hosp,0,2026-10-03,51,quantile,0.5,5.0
2026-10-03,wk inc rsv hosp,1,2026-10-10,51,quantile,0.5,5.0
2026-10-03,wk inc rsv hosp,2,2026-10-17,51,quantile,0.5,5.0
2026-10-03,wk inc rsv hosp,3,2026-10-24,51,quantile,0.5,5.0
2026-10-03,wk inc rsv hosp,0,2026-10-03,51,quantile,0.55,6.0
2026-10-03,wk inc rsv hosp,1,2026-10-10,51,quantile,0.55,5.0
2026-10-03,wk inc rsv hosp,2,2026-10-17,51,quantile,0.55,5.0
2026-10-03,wk inc rsv hosp,3,2026-10-24,51,quantile,0.55,5.0
2026-10-03,wk inc rsv hosp,0,2026-10-03,51,quantile,0.6,6.0
2026-10-03,wk inc rsv hosp,1,2026-10-10,51,quantile,0.6,6.0
2026-10-03,wk inc rsv hosp,2,2026-10-17,51,quantile,0.6,6.0
2026-10-03,wk inc rsv hosp,3,2026-10-24,51,quantile,0.6,6.0
2026-10-03,wk inc rsv hosp,0,2026-10-03,51,quantile,0.65,6.0
2026-10-03,wk inc rsv hosp,1,2026-10-10,51,quantile,0.65,6.0
2026-10-03,wk inc rsv hosp,2,2026-10-17,51,quantile,0.65,6.0
2026-10-03,wk inc rsv hosp,3,2026-10-24,51,quantile,0.65,7.0
2026-10-03,wk inc rsv hosp,0,2026-10-03,51,quantile,0.7,6.0
2026-10-03,wk inc rsv hosp,1,2026-10-10,51,quantile,0.7,7.0
2026-10-03,wk inc rsv hosp,2,2026-10-17,51,quantile,0.7,7.0
2026-10-03,wk inc rsv hosp,3,2026-10-24,51,quantile,0.7,8.0
2026-10-03,wk inc rsv hosp,0,2026-10-03,51,quantile,0.75,7.0
2026-10-03,wk inc rsv hosp,1,2026-10-10,51,quantile,0.75,7.0
2026-10-03,wk inc rsv hosp,2,2026-10-17,51,quantile,0.75,8.0
2026-10-03,wk inc rsv hosp,3,2026-10-24,51,quantile,0.75,9.0
2026-10-03,wk inc rsv hosp,0,2026-10-03,51,quantile,0.8,7.0
2026-10-03,wk inc rsv hosp,1,2026-10-10,51,quantile,0.8,8.0
2026-10-03,wk inc rsv hosp,2,2026-10-17,51,quantile,0.8,9.0
2026-10-03,wk inc rsv hosp,3,2026-10-24,51,quantile,0.8,10.0
2026-10-03,wk inc rsv hosp,0,2026-10-03,51,quantile,0.85,8.0
2026-10-03,wk inc rsv hosp,1,2026-10-10,51,quantile,0.85,9.0
2026-10-03,wk inc rsv hosp,2,2026-10-17,51,quantile,0.85,10.0
2026-10-03,wk inc rsv hosp,3,2026-10-24,51,quantile,0.85,12.0
2026-10-03,wk inc rsv hosp,0,2026-10-03,51,quantile,0.9,8.0
2026-10-03,wk inc rsv hosp,1,2026-10-10,51,quantile,0.9,10.0
2026-10-03,wk inc rsv hosp,2,2026-10-17,51,quantile,0.9,12.0
2026-10-03,wk inc rsv hosp,3,2026-10-24,51,quantile,0.9,15.0
2026-10-03,wk inc rsv hosp,0,2026-10-03,51,quantile,0.95,9.0
2026-10-03,wk inc rsv hosp,1,2026-10-10,51,quantile,0.95,12.0
2026-10-03,wk inc rsv hosp,2,2026-10-17,51,quantile,0.95,15.0
2026-10-03,wk inc rsv hosp,3,2026-10-24,51,quantile,0.95,20.0
2026-10-03,wk inc rsv hosp,0,2026-10-03,51,quantile,0.975,10.0
2026-10-03,wk inc rsv hosp,1,2026-10-10,51,quantile,0.975,14.0
2026-10-03,wk inc rsv hosp,2,2026-10-17,51,quantile,0.975,19.0
2026-10-03,wk inc rsv hosp,3,2026-10-24,51,quantile,0.975,25.0
2026-10-03,wk inc rsv hosp,0,2026-10-03,51,quantile,0.99,11.0
2026-10-03,wk inc rsv hosp,1,2026-10-10,51,quantile,0.99,15.0
2026-10-03,wk inc rsv hosp,2,2026-10-17,51,quantile,0.99,22.0
2026-10-03,wk inc rsv hosp,3,2026-10-24,51,quantile,0.99,32.0
2026-10-03,wk inc rsv hosp,0,2026-10-03,53,quantile,0.01,0.0
2026-10-03,wk inc rsv hosp,1,2026-10-10,53,quantile,0.01,0.0
2026-10-03,wk inc rsv hosp,2,2026-10-17,53,quantile,0.01,0.0
2026-10-03,wk inc rsv hosp,3,2026-10-24,53,quantile,0.01,0.0
2026-10-03,wk inc rsv hosp,0,2026-10-03,53,quantile,0.025,0.0
2026-10-03,wk inc rsv hosp,1,2026-10-10,53,quantile,0.025,0.0
2026-10-03,wk inc rsv hosp,2,2026-10-17,53,quantile,0.025,0.0
2026-10-03,wk inc rsv hosp,3,2026-10-24,53,quantile,0.025,0.0
2026-10-03,wk inc rsv hosp,0,2026-10-03,53,quantile,0.05,1.0
2026-10-03,wk inc rsv hosp,1,2026-10-10,53,quantile,0.05,1.0
2026-10-03,wk inc rsv hosp,2,2026-10-17,53,quantile,0.05,0.0
2026-10-03,wk inc rsv hosp,3,2026-10-24,53,quantile,0.05,0.0
2026-10-03,wk inc rsv hosp,0,2026-10-03,53,quantile,0.1,1.0
2026-10-03,wk inc rsv hosp,1,2026-10-10,53,quantile,0.1,1.0
2026-10-03,wk inc rsv hosp,2,2026-10-17,53,quantile,0.1,1.0
2026-10-03,wk inc rsv hosp,3,2026-10-24,53,quantile,0.1,1.0
2026-10-03,wk inc rsv hosp,0,2026-10-03,53,quantile,0.15,2.0
2026-10-03,wk inc rsv hosp,1,2026-10-10,53,quantile,0.15,2.0
2026-10-03,wk inc rsv hosp,2,2026-10-17,53,quantile,0.15,1.0
2026-10-03,wk inc rsv hosp,3,2026-10-24,53,quantile,0.15,1.0
2026-10-03,wk inc rsv hosp,0,2026-10-03,53,quantile,0.2,2.0
2026-10-03,wk inc rsv hosp,1,2026-10-10,53,quantile,0.2,2.0
2026-10-03,wk inc rsv hosp,2,2026-10-17,53,quantile,0.2,2.0
2026-10-03,wk inc rsv hosp,3,2026-10-24,53,quantile,0.2,1.0
2026-10-03,wk inc rsv hosp,0,2026-10-03,53,quantile,0.25,3.0
2026-10-03,wk inc rsv hosp,1,2026-10-10,53,quantile,0.25,2.0
2026-10-03,wk inc rsv hosp,2,2026-10-17,53,quantile,0.25,2.0
2026-10-03,wk inc rsv hosp,3,2026-10-24,53,quantile,0.25,2.0
2026-10-03,wk inc rsv hosp,0,2026-10-03,53,quantile,0.3,3.0
2026-10-03,wk inc rsv hosp,1,2026-10-10,53,quantile,0.3,3.0
2026-10-03,wk inc rsv hosp,2,2026-10-17,53,quantile,0.3,2.0
2026-10-03,wk inc rsv hosp,3,2026-10-24,53,quantile,0.3,2.0
2026-10-03,wk inc rsv hosp,0,2026-10-03,53,quantile,0.35,3.0
2026-10-03,wk inc rsv hosp,1,2026-10-10,53,quantile,0.35,3.0
2026-10-03,wk inc rsv hosp,2,2026-10-17,53,quantile,0.35,3.0
2026-10-03,wk inc rsv hosp,3,2026-10-24,53,quantile,0.35,3.0
2026-10-03,wk inc rsv hosp,0,2026-10-03,53,quantile,0.4,4.0
2026-10-03,wk inc rsv hosp,1,2026-10-10,53,quantile,0.4,4.0
2026-10-03,wk inc rsv hosp,2,2026-10-17,53,quantile,0.4,3.0
2026-10-03,wk inc rsv hosp,3,2026-10-24,53,quantile,0.4,3.0
2026-10-03,wk inc rsv hosp,0,2026-10-03,53,quantile,0.45,4.0
2026-10-03,wk inc rsv hosp,1,2026-10-10,53,quantile,0.45,4.0
2026-10-03,wk inc rsv hosp,2,2026-10-17,53,quantile,0.45,4.0
2026-10-03,wk inc rsv hosp,3,2026-10-24,53,quantile,0.45,4.0
2026-10-03,wk inc rsv hosp,0,2026-10-03,53,quantile,0.5,4.0
2026-10-03,wk inc rsv hosp,1,2026-10-10,53,quantile,0.5,4.0
2026-10-03,wk inc rsv hosp,2,2026-10-17,53,quantile,0.5,4.0
2026-10-03,wk inc rsv hosp,3,2026-10-24,53,quantile,0.5,4.0
2026-10-03,wk inc rsv hosp,0,2026-10-03,53,quantile,0.55,5.0
2026-10-03,wk inc rsv hosp,1,2026-10-10,53,quantile,0.55,5.0
2026-10-03,wk inc rsv hosp,2,2026-10-17,53,quantile,0.55,5.0
2026-10-03,wk inc rsv hosp,3,2026-10-24,53,quantile,0.55,5.0
2026-10-03,wk inc rsv hosp,0,2026-10-03,53,quantile,0.6,5.0
2026-10-03,wk inc rsv hosp,1,2026-10-10,53,quantile,0.6,5.0
2026-10-03,wk inc rsv hosp,2,2026-10-17,53,quantile,0.6,5.0
2026-10-03,wk inc rsv hosp,3,2026-10-24,53,quantile,0.6,5.0
2026-10-03,wk inc rsv hosp,0,2026-10-03,53,quantile,0.65,5.0
2026-10-03,wk inc rsv hosp,1,2026-10-10,53,quantile,0.65,5.0
2026-10-03,wk inc rsv hosp,2,2026-10-17,53,quantile,0.65,5.0
2026-10-03,wk inc rsv hosp,3,2026-10-24,53,quantile,0.65,5.0
2026-10-03,wk inc rsv hosp,0,2026-10-03,53,quantile,0.7,5.0
2026-10-03,wk inc rsv hosp,1,2026-10-10,53,quantile,0.7,5.0
2026-10-03,wk inc rsv hosp,2,2026-10-17,53,quantile,0.7,5.0
2026-10-03,wk inc rsv hosp,3,2026-10-24,53,quantile,0.7,6.0
2026-10-03,wk inc rsv hosp,0,2026-10-03,53,quantile,0.75,5.0
2026-10-03,wk inc rsv hosp,1,2026-10-10,53,quantile,0.75,6.0
2026-10-03,wk inc rsv hosp,2,2026-10-17,53,quantile,0.75,6.0
2026-10-03,wk inc rsv hosp,3,2026-10-24,53,quantile,0.75,7.0
2026-10-03,wk inc rsv hosp,0,2026-10-03,53,quantile,0.8,6.0
2026-10-03,wk inc rsv hosp,1,2026-10-10,53,quantile,0.8,7.0
2026-10-03,wk inc rsv hosp,2,2026-10-17,53,quantile,0.8,7.0
2026-10-03,wk inc rsv hosp,3,2026-10-24,53,quantile,0.8,8.0
2026-10-03,wk inc rsv hosp,0,2026-10-03,53,quantile,0.85,7.0
2026-10-03,wk inc rsv hosp,1,2026-10-10,53,quantile,0.85,8.0
2026-10-03,wk inc rsv hosp,2,2026-10-17,53,quantile,0.85,8.0
2026-10-03,wk inc rsv hosp,3,2026-10-24,53,quantile,0.85,10.0
2026-10-03,wk inc rsv hosp,0,2026-10-03,53,quantile,0.9,7.0
2026-10-03,wk inc rsv hosp,1,2026-10-10,53,quantile,0.9,9.0
2026-10-03,wk inc rsv hosp,2,2026-10-17,53,quantile,0.9,10.0
2026-10-03,wk inc rsv hosp,3,2026-10-24,53,quantile,0.9,12.0
2026-10-03,wk inc rsv hosp,0,2026-10-03,53,quantile,0.95,9.0
2026-10-03,wk inc rsv hosp,1,2026-10-10,53,quantile,0.95,10.0
2026-10-03,wk inc rsv hosp,2,2026-10-17,53,quantile,0.95,13.0
2026-10-03,wk inc rsv hosp,3,2026-10-24,53,quantile,0.95,15.0
2026-10-03,wk inc rsv hosp,0,2026-10-03,53,quantile,0.975,10.0
2026-10-03,wk inc rsv hosp,1,2026-10-10,53,quantile,0.975,13.0
2026-10-03,wk inc rsv hosp,2,2026-10-17,53,quantile,0.975,15.0
2026-10-03,wk inc rsv hosp,3,2026-10-24,53,quantile,0.975,19.0
2026-10-03,wk inc rsv hosp,0,2026-10-03,53,quantile,0.99,11.0
2026-10-03,wk inc rsv hosp,1,2026-10-10,53,quantile,0.99,15.0
2026-10-03,wk inc rsv hosp,2,2026-10-17,53,quantile,0.99,16.0
2026-10-03,wk inc rsv hosp,3,2026-10-24,53,quantile,0.99,23.0
2026-10-03,wk inc rsv hosp,0,2026-10-03,54,quantile,0.01,1.0
2026-10-03,wk inc rsv hosp,1,2026-10-10,54,quantile,0.01,1.0
2026-10-03,wk inc rsv hosp,2,2026-10-17,54,quantile,0.01,1.0
2026-10-03,wk inc rsv hosp,3,2026-10-24,54,quantile,0.01,0.0
2026-10-03,wk inc rsv hosp,0,2026-10-03,54,quantile,0.025,1.0
2026-10-03,wk inc rsv hosp,1,2026-10-10,54,quantile,0.025,1.0
2026-10-03,wk inc rsv hosp,2,2026-10-17,54,quantile,0.025,1.0
2026-10-03,wk inc rsv hosp,3,2026-10-24,54,quantile,0.025,1.0
2026-10-03,wk inc rsv hosp,0,2026-10-03,54,quantile,0.05,1.0
2026-10-03,wk inc rsv hosp,1,2026-10-10,54,quantile,0.05,1.0
2026-10-03,wk inc rsv hosp,2,2026-10-17,54,quantile,0.05,1.0
2026-10-03,wk inc rsv hosp,3,2026-10-24,54,quantile,0.05,1.0
2026-10-03,wk inc rsv hosp,0,2026-10-03,54,quantile,0.1,2.0
2026-10-03,wk inc rsv hosp,1,2026-10-10,54,quantile,0.1,2.0
2026-10-03,wk inc rsv hosp,2,2026-10-17,54,quantile,0.1,1.0
2026-10-03,wk inc rsv hosp,3,2026-10-24,54,quantile,0.1,1.0
2026-10-03,wk inc rsv hosp,0,2026-10-03,54,quantile,0.15,2.0
2026-10-03,wk inc rsv hosp,1,2026-10-10,54,quantile,0.15,2.0
2026-10-03,wk inc rsv hosp,2,2026-10-17,54,quantile,0.15,2.0
2026-10-03,wk inc rsv hosp,3,2026-10-24,54,quantile,0.15,1.0
2026-10-03,wk inc rsv hosp,0,2026-10-03,54,quantile,0.2,2.0
2026-10-03,wk inc rsv hosp,1,2026-10-10,54,quantile,0.2,2.0
2026-10-03,wk inc rsv hosp,2,2026-10-17,54,quantile,0.2,2.0
2026-10-03,wk inc rsv hosp,3,2026-10-24,54,quantile,0.2,2.0
2026-10-03,wk inc rsv hosp,0,2026-10-03,54,quantile,0.25,3.0
2026-10-03,wk inc rsv hosp,1,2026-10-10,54,quantile,0.25,2.0
2026-10-03,wk inc rsv hosp,2,2026-10-17,54,quantile,0.25,2.0
2026-10-03,wk inc rsv hosp,3,2026-10-24,54,quantile,0.25,2.0
2026-10-03,wk inc rsv hosp,0,2026-10-03,54,quantile,0.3,3.0
2026-10-03,wk inc rsv hosp,1,2026-10-10,54,quantile,0.3,3.0
2026-10-03,wk inc rsv hosp,2,2026-10-17,54,quantile,0.3,3.0
2026-10-03,wk inc rsv hosp,3,2026-10-24,54,quantile,0.3,2.0
2026-10-03,wk inc rsv hosp,0,2026-10-03,54,quantile,0.35,3.0
2026-10-03,wk inc rsv hosp,1,2026-10-10,54,quantile,0.35,3.0
2026-10-03,wk inc rsv hosp,2,2026-10-17,54,quantile,0.35,3.0
2026-10-03,wk inc rsv hosp,3,2026-10-24,54,quantile,0.35,3.0
2026-10-03,wk inc rsv hosp,0,2026-10-03,54,quantile,0.4,3.0
2026-10-03,wk inc rsv hosp,1,2026-10-10,54,quantile,0.4,3.0
2026-10-03,wk inc rsv hosp,2,2026-10-17,54,quantile,0.4,3.0
2026-10-03,wk inc rsv hosp,3,2026-10-24,54,quantile,0.4,3.0
2026-10-03,wk inc rsv hosp,0,2026-10-03,54,quantile,0.45,3.0
2026-10-03,wk inc rsv hosp,1,2026-10-10,54,quantile,0.45,3.0
2026-10-03,wk inc rsv hosp,2,2026-10-17,54,quantile,0.45,4.0
2026-10-03,wk inc rsv hosp,3,2026-10-24,54,quantile,0.45,4.0
2026-10-03,wk inc rsv hosp,0,2026-10-03,54,quantile,0.5,4.0
2026-10-03,wk inc rsv hosp,1,2026-10-10,54,quantile,0.5,4.0
2026-10-03,wk inc rsv hosp,2,2026-10-17,54,quantile,0.5,4.0
2026-10-03,wk inc rsv hosp,3,2026-10-24,54,quantile,0.5,4.0
2026-10-03,wk inc rsv hosp,0,2026-10-03,54,quantile,0.55,4.0
2026-10-03,wk inc rsv hosp,1,2026-10-10,54,quantile,0.55,4.0
2026-10-03,wk inc rsv hosp,2,2026-10-17,54,quantile,0.55,4.0
2026-10-03,wk inc rsv hosp,3,2026-10-24,54,quantile,0.55,4.0
2026-10-03,wk inc rsv hosp,0,2026-10-03,54,quantile,0.6,4.0
2026-10-03,wk inc rsv hosp,1,2026-10-10,54,quantile,0.6,4.0
2026-10-03,wk inc rsv hosp,2,2026-10-17,54,quantile,0.6,4.0
2026-10-03,wk inc rsv hosp,3,2026-10-24,54,quantile,0.6,5.0
2026-10-03,wk inc rsv hosp,0,2026-10-03,54,quantile,0.65,4.0
2026-10-03,wk inc rsv hosp,1,2026-10-10,54,quantile,0.65,4.0
2026-10-03,wk inc rsv hosp,2,2026-10-17,54,quantile,0.65,5.0
2026-10-03,wk inc rsv hosp,3,2026-10-24,54,quantile,0.65,5.0
2026-10-03,wk inc rsv hosp,0,2026-10-03,54,quantile,0.7,5.0
2026-10-03,wk inc rsv hosp,1,2026-10-10,54,quantile,0.7,5.0
2026-10-03,wk inc rsv hosp,2,2026-10-17,54,quantile,0.7,5.0
2026-10-03,wk inc rsv hosp,3,2026-10-24,54,quantile,0.7,6.0
2026-10-03,wk inc rsv hosp,0,2026-10-03,54,quantile,0.75,5.0
2026-10-03,wk inc rsv hosp,1,2026-10-10,54,quantile,0.75,5.0
2026-10-03,wk inc rsv hosp,2,2026-10-17,54,quantile,0.75,5.0
2026-10-03,wk inc rsv hosp,3,2026-10-24,54,quantile,0.75,6.0
2026-10-03,wk inc rsv hosp,0,2026-10-03,54,quantile,0.8,5.0
2026-10-03,wk inc rsv hosp,1,2026-10-10,54,quantile,0.8,6.0
2026-10-03,wk inc rsv hosp,2,2026-10-17,54,quantile,0.8,6.0
2026-10-03,wk inc rsv hosp,3,2026-10-24,54,quantile,0.8,7.0
2026-10-03,wk inc rsv hosp,0,2026-10-03,54,quantile,0.85,5.0
2026-10-03,wk inc rsv hosp,1,2026-10-10,54,quantile,0.85,6.0
2026-10-03,wk inc rsv hosp,2,2026-10-17,54,quantile,0.85,7.0
2026-10-03,wk inc rsv hosp,3,2026-10-24,54,quantile,0.85,7.0
2026-10-03,wk inc rsv hosp,0,2026-10-03,54,quantile,0.9,6.0
2026-10-03,wk inc rsv hosp,1,2026-10-10,54,quantile,0.9,7.0
2026-10-03,wk inc rsv hosp,2,2026-10-17,54,quantile,0.9,7.0
2026-10-03,wk inc rsv hosp,3,2026-10-24,54,quantile,0.9,9.0
2026-10-03,wk inc rsv hosp,0,2026-10-03,54,quantile,0.95,6.0
2026-10-03,wk inc rsv hosp,1,2026-10-10,54,quantile,0.95,9.0
2026-10-03,wk inc rsv hosp,2,2026-10-17,54,quantile,0.95,10.0
2026-10-03,wk inc rsv hosp,3,2026-10-24,54,quantile,0.95,13.0
2026-10-03,wk inc rsv hosp,0,2026-10-03,54,quantile,0.975,7.0
2026-10-03,wk inc rsv hosp,1,2026-10-10,54,quantile,0.975,11.0
2026-10-03,wk inc rsv hosp,2,2026-10-17,54,quantile,0.975,12.0
2026-10-03,wk inc rsv hosp,3,2026-10-24,54,quantile,0.975,16.0
2026-10-03,wk inc rsv hosp,0,2026-10-03,54,quantile,0.99,8.0
2026-10-03,wk inc rsv hosp,1,2026-10-10,54,quantile,0.99,12.0
2026-10-03,wk inc rsv hosp,2,2026-10-17,54,quantile,0.99,14.0
2026-10-03,wk inc rsv hosp,3,2026-10-24,54,quantile,0.99,19.0
2026-10-03,wk inc rsv hosp,0,2026-10-03,55,quantile,0.01,1.0
2026-10-03,wk inc rsv hosp,1,2026-10-10,55,quantile,0.01,1.0
2026-10-03,wk inc rsv hosp,2,2026-10-17,55,quantile,0.01,0.0
2026-10-03,wk inc rsv hosp,3,2026-10-24,55,quantile,0.01,0.0
2026-10-03,wk inc rsv hosp,0,2026-10-03,55,quantile,0.025,1.0
2026-10-03,wk inc rsv hosp,1,2026-10-10,55,quantile,0.025,1.0
2026-10-03,wk inc rsv hosp,2,2026-10-17,55,quantile,0.025,1.0
2026-10-03,wk inc rsv hosp,3,2026-10-24,55,quantile,0.025,0.0
2026-10-03,wk inc rsv hosp,0,2026-10-03,55,quantile,0.05,1.0
2026-10-03,wk inc rsv hosp,1,2026-10-10,55,quantile,0.05,1.0
2026-10-03,wk inc rsv hosp,2,2026-10-17,55,quantile,0.05,1.0
2026-10-03,wk inc rsv hosp,3,2026-10-24,55,quantile,0.05,1.0
2026-10-03,wk inc rsv hosp,0,2026-10-03,55,quantile,0.1,2.0
2026-10-03,wk inc rsv hosp,1,2026-10-10,55,quantile,0.1,1.0
2026-10-03,wk inc rsv hosp,2,2026-10-17,55,quantile,0.1,1.0
2026-10-03,wk inc rsv hosp,3,2026-10-24,55,quantile,0.1,1.0
2026-10-03,wk inc rsv hosp,0,2026-10-03,55,quantile,0.15,2.0
2026-10-03,wk inc rsv hosp,1,2026-10-10,55,quantile,0.15,2.0
2026-10-03,wk inc rsv hosp,2,2026-10-17,55,quantile,0.15,1.0
2026-10-03,wk inc rsv hosp,3,2026-10-24,55,quantile,0.15,1.0
2026-10-03,wk inc rsv hosp,0,2026-10-03,55,quantile,0.2,2.0
2026-10-03,wk inc rsv hosp,1,2026-10-10,55,quantile,0.2,2.0
2026-10-03,wk inc rsv hosp,2,2026-10-17,55,quantile,0.2,2.0
2026-10-03,wk inc rsv hosp,3,2026-10-24,55,quantile,0.2,1.0
2026-10-03,wk inc rsv hosp,0,2026-10-03,55,quantile,0.25,2.0
2026-10-03,wk inc rsv hosp,1,2026-10-10,55,quantile,0.25,2.0
2026-10-03,wk inc rsv hosp,2,2026-10-17,55,quantile,0.25,2.0
2026-10-03,wk inc rsv hosp,3,2026-10-24,55,quantile,0.25,2.0
2026-10-03,wk inc rsv hosp,0,2026-10-03,55,quantile,0.3,3.0
2026-10-03,wk inc rsv hosp,1,2026-10-10,55,quantile,0.3,2.0
2026-10-03,wk inc rsv hosp,2,2026-10-17,55,quantile,0.3,2.0
2026-10-03,wk inc rsv hosp,3,2026-10-24,55,quantile,0.3,2.0
2026-10-03,wk inc rsv hosp,0,2026-10-03,55,quantile,0.35,3.0
2026-10-03,wk inc rsv hosp,1,2026-10-10,55,quantile,0.35,3.0
2026-10-03,wk inc rsv hosp,2,2026-10-17,55,quantile,0.35,2.0
2026-10-03,wk inc rsv hosp,3,2026-10-24,55,quantile,0.35,2.0
2026-10-03,wk inc rsv hosp,0,2026-10-03,55,quantile,0.4,3.0
2026-10-03,wk inc rsv hosp,1,2026-10-10,55,quantile,0.4,3.0
2026-10-03,wk inc rsv hosp,2,2026-10-17,55,quantile,0.4,3.0
2026-10-03,wk inc rsv hosp,3,2026-10-24,55,quantile,0.4,2.0
2026-10-03,wk inc rsv hosp,0,2026-10-03,55,quantile,0.45,3.0
2026-10-03,wk inc rsv hosp,1,2026-10-10,55,quantile,0.45,3.0
2026-10-03,wk inc rsv hosp,2,2026-10-17,55,quantile,0.45,3.0
2026-10-03,wk inc rsv hosp,3,2026-10-24,55,quantile,0.45,3.0
2026-10-03,wk inc rsv hosp,0,2026-10-03,55,quantile,0.5,3.0
2026-10-03,wk inc rsv hosp,1,2026-10-10,55,quantile,0.5,3.0
2026-10-03,wk inc rsv hosp,2,2026-10-17,55,quantile,0.5,3.0
2026-10-03,wk inc rsv hosp,3,2026-10-24,55,quantile,0.5,3.0
2026-10-03,wk inc rsv hosp,0,2026-10-03,55,quantile,0.55,3.0
2026-10-03,wk inc rsv hosp,1,2026-10-10,55,quantile,0.55,4.0
2026-10-03,wk inc rsv hosp,2,2026-10-17,55,quantile,0.55,4.0
2026-10-03,wk inc rsv hosp,3,2026-10-24,55,quantile,0.55,4.0
2026-10-03,wk inc rsv hosp,0,2026-10-03,55,quantile,0.6,4.0
2026-10-03,wk inc rsv hosp,1,2026-10-10,55,quantile,0.6,4.0
2026-10-03,wk inc rsv hosp,2,2026-10-17,55,quantile,0.6,4.0
2026-10-03,wk inc rsv hosp,3,2026-10-24,55,quantile,0.6,4.0
2026-10-03,wk inc rsv hosp,0,2026-10-03,55,quantile,0.65,4.0
2026-10-03,wk inc rsv hosp,1,2026-10-10,55,quantile,0.65,4.0
2026-10-03,wk inc rsv hosp,2,2026-10-17,55,quantile,0.65,5.0
2026-10-03,wk inc rsv hosp,3,2026-10-24,55,quantile,0.65,5.0
2026-10-03,wk inc rsv hosp,0,2026-10-03,55,quantile,0.7,4.0
2026-10-03,wk inc rsv hosp,1,2026-10-10,55,quantile,0.7,5.0
2026-10-03,wk inc rsv hosp,2,2026-10-17,55,quantile,0.7,5.0
2026-10-03,wk inc rsv hosp,3,2026-10-24,55,quantile,0.7,6.0
2026-10-03,wk inc rsv hosp,0,2026-10-03,55,quantile,0.75,4.0
2026-10-03,wk inc rsv hosp,1,2026-10-10,55,quantile,0.75,5.0
2026-10-03,wk inc rsv hosp,2,2026-10-17,55,quantile,0.75,6.0
2026-10-03,wk inc rsv hosp,3,2026-10-24,55,quantile,0.75,7.0
2026-10-03,wk inc rsv hosp,0,2026-10-03,55,quantile,0.8,5.0
2026-10-03,wk inc rsv hosp,1,2026-10-10,55,quantile,0.8,6.0
2026-10-03,wk inc rsv hosp,2,2026-10-17,55,quantile,0.8,7.0
2026-10-03,wk inc rsv hosp,3,2026-10-24,55,quantile,0.8,8.0
2026-10-03,wk inc rsv hosp,0,2026-10-03,55,quantile,0.85,5.0
2026-10-03,wk inc rsv hosp,1,2026-10-10,55,quantile,0.85,6.0
2026-10-03,wk inc rsv hosp,2,2026-10-17,55,quantile,0.85,8.0
2026-10-03,wk inc rsv hosp,3,2026-10-24,55,quantile,0.85,10.0
2026-10-03,wk inc rsv hosp,0,2026-10-03,55,quantile,0.9,6.0
2026-10-03,wk inc rsv hosp,1,2026-10-10,55,quantile,0.9,7.0
2026-10-03,wk inc rsv hosp,2,2026-10-17,55,quantile,0.9,10.0
2026-10-03,wk inc rsv hosp,3,2026-10-24,55,quantile,0.9,13.0
2026-10-03,wk inc rsv hosp,0,2026-10-03,55,quantile,0.95,6.0
2026-10-03,wk inc rsv hosp,1,2026-10-10,55,quantile,0.95,9.0
2026-10-03,wk inc rsv hosp,2,2026-10-17,55,quantile,0.95,13.0
2026-10-03,wk inc rsv hosp,3,2026-10-24,55,quantile,0.95,19.0
2026-10-03,wk inc rsv hosp,0,2026-10-03,55,quantile,0.975,7.0
2026-10-03,wk inc rsv hosp,1,2026-10-10,55,quantile,0.975,11.0
2026-10-03,wk inc rsv hosp,2,2026-10-17,55,quantile,0.975,16.0
2026-10-03,wk inc rsv hosp,3,2026-10-24,55,quantile,0.975,25.0
2026-10-03,wk inc rsv hosp,0,2026-10-03,55,quantile,0.99,8.0
2026-10-03,wk inc rsv hosp,1,2026-10-10,55,quantile,0.99,12.0
2026-10-03,wk inc rsv hosp,2,2026-10-17,55,quantile,0.99,20.0
2026-10-03,wk inc rsv hosp,3,2026-10-24,55,quantile,0.99,33.0
2026-10-03,wk inc rsv hosp,0,2026-10-03,56,quantile,0.01,1.0
2026-10-03,wk inc rsv hosp,1,2026-10-10,56,quantile,0.01,0.0
2026-10-03,wk inc rsv hosp,2,2026-10-17,56,quantile,0.01,0.0
2026-10-03,wk inc rsv hosp,3,2026-10-24,56,quantile,0.01,0.0
2026-10-03,wk inc rsv hosp,0,2026-10-03,56,quantile,0.025,1.0
2026-10-03,wk inc rsv hosp,1,2026-10-10,56,quantile,0.025,1.0
2026-10-03,wk inc rsv hosp,2,2026-10-17,56,quantile,0.025,0.0
2026-10-03,wk inc rsv hosp,3,2026-10-24,56,quantile,0.025,0.0
2026-10-03,wk inc rsv hosp,0,2026-10-03,56,quantile,0.05,1.0
2026-10-03,wk inc rsv hosp,1,2026-10-10,56,quantile,0.05,1.0
2026-10-03,wk inc rsv hosp,2,2026-10-17,56,quantile,0.05,1.0
2026-10-03,wk inc rsv hosp,3,2026-10-24,56,quantile,0.05,1.0
2026-10-03,wk inc rsv hosp,0,2026-10-03,56,quantile,0.1,1.0
2026-10-03,wk inc rsv hosp,1,2026-10-10,56,quantile,0.1,1.0
2026-10-03,wk inc rsv hosp,2,2026-10-17,56,quantile,0.1,1.0
2026-10-03,wk inc rsv hosp,3,2026-10-24,56,quantile,0.1,1.0
2026-10-03,wk inc rsv hosp,0,2026-10-03,56,quantile,0.15,1.0
2026-10-03,wk inc rsv hosp,1,2026-10-10,56,quantile,0.15,1.0
2026-10-03,wk inc rsv hosp,2,2026-10-17,56,quantile,0.15,1.0
2026-10-03,wk inc rsv hosp,3,2026-10-24,56,quantile,0.15,1.0
2026-10-03,wk inc rsv hosp,0,2026-10-03,56,quantile,0.2,2.0
2026-10-03,wk inc rsv hosp,1,2026-10-10,56,quantile,0.2,2.0
2026-10-03,wk inc rsv hosp,2,2026-10-17,56,quantile,0.2,1.0
2026-10-03,wk inc rsv hosp,3,2026-10-24,56,quantile,0.2,1.0
2026-10-03,wk inc rsv hosp,0,2026-10-03,56,quantile,0.25,2.0
2026-10-03,wk inc rsv hosp,1,2026-10-10,56,quantile,0.25,2.0
2026-10-03,wk inc rsv hosp,2,2026-10-17,56,quantile,0.25,2.0
2026-10-03,wk inc rsv hosp,3,2026-10-24,56,quantile,0.25,1.0
2026-10-03,wk inc rsv hosp,0,2026-10-03,56,quantile,0.3,2.0
2026-10-03,wk inc rsv hosp,1,2026-10-10,56,quantile,0.3,2.0
2026-10-03,wk inc rsv hosp,2,2026-10-17,56,quantile,0.3,2.0
2026-10-03,wk inc rsv hosp,3,2026-10-24,56,quantile,0.3,2.0
2026-10-03,wk inc rsv hosp,0,2026-10-03,56,quantile,0.35,2.0
2026-10-03,wk inc rsv hosp,1,2026-10-10,56,quantile,0.35,2.0
2026-10-03,wk inc rsv hosp,2,2026-10-17,56,quantile,0.35,2.0
2026-10-03,wk inc rsv hosp,3,2026-10-24,56,quantile,0.35,2.0
2026-10-03,wk inc rsv hosp,0,2026-10-03,56,quantile,0.4,2.0
2026-10-03,wk inc rsv hosp,1,2026-10-10,56,quantile,0.4,2.0
2026-10-03,wk inc rsv hosp,2,2026-10-17,56,quantile,0.4,2.0
2026-10-03,wk inc rsv hosp,3,2026-10-24,56,quantile,0.4,2.0
2026-10-03,wk inc rsv hosp,0,2026-10-03,56,quantile,0.45,2.0
2026-10-03,wk inc rsv hosp,1,2026-10-10,56,quantile,0.45,2.0
2026-10-03,wk inc rsv hosp,2,2026-10-17,56,quantile,0.45,2.0
2026-10-03,wk inc rsv hosp,3,2026-10-24,56,quantile,0.45,2.0
2026-10-03,wk inc rsv hosp,0,2026-10-03,56,quantile,0.5,2.0
2026-10-03,wk inc rsv hosp,1,2026-10-10,56,quantile,0.5,3.0
2026-10-03,wk inc rsv hosp,2,2026-10-17,56,quantile,0.5,2.0
2026-10-03,wk inc rsv hosp,3,2026-10-24,56,quantile,0.5,2.0
2026-10-03,wk inc rsv hosp,0,2026-10-03,56,quantile,0.55,2.0
2026-10-03,wk inc rsv hosp,1,2026-10-10,56,quantile,0.55,3.0
2026-10-03,wk inc rsv hosp,2,2026-10-17,56,quantile,0.55,3.0
2026-10-03,wk inc rsv hosp,3,2026-10-24,56,quantile,0.55,3.0
2026-10-03,wk inc rsv hosp,0,2026-10-03,56,quantile,0.6,3.0
2026-10-03,wk inc rsv hosp,1,2026-10-10,56,quantile,0.6,3.0
2026-10-03,wk inc rsv hosp,2,2026-10-17,56,quantile,0.6,3.0
2026-10-03,wk inc rsv hosp,3,2026-10-24,56,quantile,0.6,3.0
2026-10-03,wk inc rsv hosp,0,2026-10-03,56,quantile,0.65,3.0
2026-10-03,wk inc rsv hosp,1,2026-10-10,56,quantile,0.65,3.0
2026-10-03,wk inc rsv hosp,2,2026-10-17,56,quantile,0.65,3.0
2026-10-03,wk inc rsv hosp,3,2026-10-24,56,quantile,0.65,3.0
2026-10-03,wk inc rsv hosp,0,2026-10-03,56,quantile,0.7,3.0
2026-10-03,wk inc rsv hosp,1,2026-10-10,56,quantile,0.7,3.0
2026-10-03,wk inc rsv hosp,2,2026-10-17,56,quantile,0.7,4.0
2026-10-03,wk inc rsv hosp,3,2026-10-24,56,quantile,0.7,4.0
2026-10-03,wk inc rsv hosp,0,2026-10-03,56,quantile,0.75,3.0
2026-10-03,wk inc rsv hosp,1,2026-10-10,56,quantile,0.75,3.0
2026-10-03,wk inc rsv hosp,2,2026-10-17,56,quantile,0.75,4.0
2026-10-03,wk inc rsv hosp,3,2026-10-24,56,quantile,0.75,4.0
2026-10-03,wk inc rsv hosp,0,2026-10-03,56,quantile,0.8,3.0
2026-10-03,wk inc rsv hosp,1,2026-10-10,56,quantile,0.8,4.0
2026-10-03,wk inc rsv hosp,2,2026-10-17,56,quantile,0.8,4.0
2026-10-03,wk inc rsv hosp,3,2026-10-24,56,quantile,0.8,4.0
2026-10-03,wk inc rsv hosp,0,2026-10-03,56,quantile,0.85,4.0
2026-10-03,wk inc rsv hosp,1,2026-10-10,56,quantile,0.85,4.0
2026-10-03,wk inc rsv hosp,2,2026-10-17,56,quantile,0.85,4.0
2026-10-03,wk inc rsv hosp,3,2026-10-24,56,quantile,0.85,5.0
2026-10-03,wk inc rsv hosp,0,2026-10-03,56,quantile,0.9,4.0
2026-10-03,wk inc rsv hosp,1,2026-10-10,56,quantile,0.9,5.0
2026-10-03,wk inc rsv hosp,2,2026-10-17,56,quantile,0.9,5.0
2026-10-03,wk inc rsv hosp,3,2026-10-24,56,quantile,0.9,6.0
2026-10-03,wk inc rsv hosp,0,2026-10-03,56,quantile,0.95,4.0
2026-10-03,wk inc rsv hosp,1,2026-10-10,56,quantile,0.95,5.0
2026-10-03,wk inc rsv hosp,2,2026-10-17,56,quantile,0.95,6.0
2026-10-03,wk inc rsv hosp,3,2026-10-24,56,quantile,0.95,8.0
2026-10-03,wk inc rsv hosp,0,2026-10-03,56,quantile,0.975,5.0
2026-10-03,wk inc rsv hosp,1,2026-10-10,56,quantile,0.975,7.0
2026-10-03,wk inc rsv hosp,2,2026-10-17,56,quantile,0.975,8.0
2026-10-03,wk inc rsv hosp,3,2026-10-24,56,quantile,0.975,10.0
2026-10-03,wk inc rsv hosp,0,2026-10-03,56,quantile,0.99,5.0
2026-10-03,wk inc rsv hosp,1,2026-10-10,56,quantile,0.99,8.0
2026-10-03,wk inc rsv hosp,2,2026-10-17,56,quantile,0.99,9.0
2026-10-03,wk inc rsv hosp,3,2026-10-24,56,quantile,0.99,11.0
2026-10-03,wk inc rsv hosp,0,2026-10-03,72,quantile,0.01,1.0
2026-10-03,wk inc rsv hosp,1,2026-10-10,72,quantile,0.01,1.0
2026-10-03,wk inc rsv hosp,2,2026-10-17,72,quantile,0.01,0.0
2026-10-03,wk inc rsv hosp,3,2026-10-24,72,quantile,0.01,0.0
2026-10-03,wk inc rsv hosp,0,2026-10-03,72,quantile,0.025,1.0
2026-10-03,wk inc rsv hosp,1,2026-10-10,72,quantile,0.025,1.0
2026-10-03,wk inc rsv hosp,2,2026-10-17,72,quantile,0.025,1.0
2026-10-03,wk inc rsv hosp,3,2026-10-24,72,quantile,0.025,0.0
2026-10-03,wk inc rsv hosp,0,2026-10-03,72,quantile,0.05,2.0
2026-10-03,wk inc rsv hosp,1,2026-10-10,72,quantile,0.05,2.0
2026-10-03,wk inc rsv hosp,2,2026-10-17,72,quantile,0.05,1.0
2026-10-03,wk inc rsv hosp,3,2026-10-24,72,quantile,0.05,1.0
2026-10-03,wk inc rsv hosp,0,2026-10-03,72,quantile,0.1,3.0
2026-10-03,wk inc rsv hosp,1,2026-10-10,72,quantile,0.1,2.0
2026-10-03,wk inc rsv hosp,2,2026-10-17,72,quantile,0.1,2.0
2026-10-03,wk inc rsv hosp,3,2026-10-24,72,quantile,0.1,1.0
2026-10-03,wk inc rsv hosp,0,2026-10-03,72,quantile,0.15,5.0
2026-10-03,wk inc rsv hosp,1,2026-10-10,72,quantile,0.15,3.0
2026-10-03,wk inc rsv hosp,2,2026-10-17,72,quantile,0.15,2.0
2026-10-03,wk inc rsv hosp,3,2026-10-24,72,quantile,0.15,2.0
2026-10-03,wk inc rsv hosp,0,2026-10-03,72,quantile,0.2,5.0
2026-10-03,wk inc rsv hosp,1,2026-10-10,72,quantile,0.2,5.0
2026-10-03,wk inc rsv hosp,2,2026-10-17,72,quantile,0.2,3.0
2026-10-03,wk inc rsv hosp,3,2026-10-24,72,quantile,0.2,3.0
2026-10-03,wk inc rsv hosp,0,2026-10-03,72,quantile,0.25,5.0
2026-10-03,wk inc rsv hosp,1,2026-10-10,72,quantile,0.25,5.0
2026-10-03,wk inc rsv hosp,2,2026-10-17,72,quantile,0.25,5.0
2026-10-03,wk inc rsv hosp,3,2026-10-24,72,quantile,0.25,3.0
2026-10-03,wk inc rsv hosp,0,2026-10-03,72,quantile,0.3,6.0
2026-10-03,wk inc rsv hosp,1,2026-10-10,72,quantile,0.3,6.0
2026-10-03,wk inc rsv hosp,2,2026-10-17,72,quantile,0.3,5.0
2026-10-03,wk inc rsv hosp,3,2026-10-24,72,quantile,0.3,5.0
2026-10-03,wk inc rsv hosp,0,2026-10-03,72,quantile,0.35,6.0
2026-10-03,wk inc rsv hosp,1,2026-10-10,72,quantile,0.35,6.0
2026-10-03,wk inc rsv hosp,2,2026-10-17,72,quantile,0.35,6.0
2026-10-03,wk inc rsv hosp,3,2026-10-24,72,quantile,0.35,6.0
2026-10-03,wk inc rsv hosp,0,2026-10-03,72,quantile,0.4,7.0
2026-10-03,wk inc rsv hosp,1,2026-10-10,72,quantile,0.4,7.0
2026-10-03,wk inc rsv hosp,2,2026-10-17,72,quantile,0.4,6.0
2026-10-03,wk inc rsv hosp,3,2026-10-24,72,quantile,0.4,6.0
2026-10-03,wk inc rsv hosp,0,2026-10-03,72,quantile,0.45,7.0
2026-10-03,wk inc rsv hosp,1,2026-10-10,72,quantile,0.45,7.0
2026-10-03,wk inc rsv hosp,2,2026-10-17,72,quantile,0.45,7.0
2026-10-03,wk inc rsv hosp,3,2026-10-24,72,quantile,0.45,7.0
2026-10-03,wk inc rsv hosp,0,2026-10-03,72,quantile,0.5,7.0
2026-10-03,wk inc rsv hosp,1,2026-10-10,72,quantile,0.5,8.0
2026-10-03,wk inc rsv hosp,2,2026-10-17,72,quantile,0.5,8.0
2026-10-03,wk inc rsv hosp,3,2026-10-24,72,quantile,0.5,8.0
2026-10-03,wk inc rsv hosp,0,2026-10-03,72,quantile,0.55,8.0
2026-10-03,wk inc rsv hosp,1,2026-10-10,72,quantile,0.55,8.0
2026-10-03,wk inc rsv hosp,2,2026-10-17,72,quantile,0.55,9.0
2026-10-03,wk inc rsv hosp,3,2026-10-24,72,quantile,0.55,9.0
2026-10-03,wk inc rsv hosp,0,2026-10-03,72,quantile,0.6,8.0
2026-10-03,wk inc rsv hosp,1,2026-10-10,72,quantile,0.6,9.0
2026-10-03,wk inc rsv hosp,2,2026-10-17,72,quantile,0.6,10.0
2026-10-03,wk inc rsv hosp,3,2026-10-24,72,quantile,0.6,9.0
2026-10-03,wk inc rsv hosp,0,2026-10-03,72,quantile,0.65,9.0
2026-10-03,wk inc rsv hosp,1,2026-10-10,72,quantile,0.65,9.0
2026-10-03,wk inc rsv hosp,2,2026-10-17,72,quantile,0.65,10.0
2026-10-03,wk inc rsv hosp,3,2026-10-24,72,quantile,0.65,10.0
2026-10-03,wk inc rsv hosp,0,2026-10-03,72,quantile,0.7,10.0
2026-10-03,wk inc rsv hosp,1,2026-10-10,72,quantile,0.7,10.0
2026-10-03,wk inc rsv hosp,2,2026-10-17,72,quantile,0.7,12.0
2026-10-03,wk inc rsv hosp,3,2026-10-24,72,quantile,0.7,12.0
2026-10-03,wk inc rsv hosp,0,2026-10-03,72,quantile,0.75,10.0
2026-10-03,wk inc rsv hosp,1,2026-10-10,72,quantile,0.75,12.0
2026-10-03,wk inc rsv hosp,2,2026-10-17,72,quantile,0.75,13.0
2026-10-03,wk inc rsv hosp,3,2026-10-24,72,quantile,0.75,13.0
2026-10-03,wk inc rsv hosp,0,2026-10-03,72,quantile,0.8,12.0
2026-10-03,wk inc rsv hosp,1,2026-10-10,72,quantile,0.8,13.0
2026-10-03,wk inc rsv hosp,2,2026-10-17,72,quantile,0.8,14.0
2026-10-03,wk inc rsv hosp,3,2026-10-24,72,quantile,0.8,15.0
2026-10-03,wk inc rsv hosp,0,2026-10-03,72,quantile,0.85,13.0
2026-10-03,wk inc rsv hosp,1,2026-10-10,72,quantile,0.85,14.0
2026-10-03,wk inc rsv hosp,2,2026-10-17,72,quantile,0.85,16.0
2026-10-03,wk inc rsv hosp,3,2026-10-24,72,quantile,0.85,17.0
2026-10-03,wk inc rsv hosp,0,2026-10-03,72,quantile,0.9,14.0
2026-10-03,wk inc rsv hosp,1,2026-10-10,72,quantile,0.9,16.0
2026-10-03,wk inc rsv hosp,2,2026-10-17,72,quantile,0.9,18.0
2026-10-03,wk inc rsv hosp,3,2026-10-24,72,quantile,0.9,20.0
2026-10-03,wk inc rsv hosp,0,2026-10-03,72,quantile,0.95,16.0
2026-10-03,wk inc rsv hosp,1,2026-10-10,72,quantile,0.95,18.0
2026-10-03,wk inc rsv hosp,2,2026-10-17,72,quantile,0.95,22.0
2026-10-03,wk inc rsv hosp,3,2026-10-24,72,quantile,0.95,26.0
2026-10-03,wk inc rsv hosp,0,2026-10-03,72,quantile,0.975,17.0
2026-10-03,wk inc rsv hosp,1,2026-10-10,72,quantile,0.975,22.0
2026-10-03,wk inc rsv hosp,2,2026-10-17,72,quantile,0.975,25.0
2026-10-03,wk inc rsv hosp,3,2026-10-24,72,quantile,0.975,32.0
2026-10-03,wk inc rsv hosp,0,2026-10-03,72,quantile,0.99,21.0
2026-10-03,wk inc rsv hosp,1,2026-10-10,72,quantile,0.99,23.0
2026-10-03,wk inc rsv hosp,2,2026-10-17,72,quantile,0.99,32.0
2026-10-03,wk inc rsv hosp,3,2026-10-24,72,quantile,0.99,41.0
2026-10-03,wk inc rsv hosp,0,2026-10-03,US,quantile,0.01,221.0
2026-10-03,wk inc rsv hosp,1,2026-10-10,US,quantile,0.01,194.0
2026-10-03,wk inc rsv hosp,2,2026-10-17,US,quantile,0.01,160.0
2026-10-03,wk inc rsv hosp,3,2026-10-24,US,quantile,0.01,143.0
2026-10-03,wk inc rsv hosp,0,2026-10-03,US,quantile,0.025,244.0
2026-10-03,wk inc rsv hosp,1,2026-10-10,US,quantile,0.025,222.0
2026-10-03,wk inc rsv hosp,2,2026-10-17,US,quantile,0.025,189.0
2026-10-03,wk inc rsv hosp,3,2026-10-24,US,quantile,0.025,167.0
2026-10-03,wk inc rsv hosp,0,2026-10-03,US,quantile,0.05,280.0
2026-10-03,wk inc rsv hosp,1,2026-10-10,US,quantile,0.05,261.0
2026-10-03,wk inc rsv hosp,2,2026-10-17,US,quantile,0.05,229.0
2026-10-03,wk inc rsv hosp,3,2026-10-24,US,quantile,0.05,209.0
2026-10-03,wk inc rsv hosp,0,2026-10-03,US,quantile,0.1,325.0
2026-10-03,wk inc rsv hosp,1,2026-10-10,US,quantile,0.1,302.0
2026-10-03,wk inc rsv hosp,2,2026-10-17,US,quantile,0.1,281.0
2026-10-03,wk inc rsv hosp,3,2026-10-24,US,quantile,0.1,259.0
2026-10-03,wk inc rsv hosp,0,2026-10-03,US,quantile,0.15,360.0
2026-10-03,wk inc rsv hosp,1,2026-10-10,US,quantile,0.15,339.0
2026-10-03,wk inc rsv hosp,2,2026-10-17,US,quantile,0.15,321.0
2026-10-03,wk inc rsv hosp,3,2026-10-24,US,quantile,0.15,312.0
2026-10-03,wk inc rsv hosp,0,2026-10-03,US,quantile,0.2,386.0
2026-10-03,wk inc rsv hosp,1,2026-10-10,US,quantile,0.2,376.0
2026-10-03,wk inc rsv hosp,2,2026-10-17,US,quantile,0.2,367.0
2026-10-03,wk inc rsv hosp,3,2026-10-24,US,quantile,0.2,358.0
2026-10-03,wk inc rsv hosp,0,2026-10-03,US,quantile,0.25,403.0
2026-10-03,wk inc rsv hosp,1,2026-10-10,US,quantile,0.25,407.0
2026-10-03,wk inc rsv hosp,2,2026-10-17,US,quantile,0.25,405.0
2026-10-03,wk inc rsv hosp,3,2026-10-24,US,quantile,0.25,397.0
2026-10-03,wk inc rsv hosp,0,2026-10-03,US,quantile,0.3,434.0
2026-10-03,wk inc rsv hosp,1,2026-10-10,US,quantile,0.3,441.0
2026-10-03,wk inc rsv hosp,2,2026-10-17,US,quantile,0.3,437.0
2026-10-03,wk inc rsv hosp,3,2026-10-24,US,quantile,0.3,448.0
2026-10-03,wk inc rsv hosp,0,2026-10-03,US,quantile,0.35,452.0
2026-10-03,wk inc rsv hosp,1,2026-10-10,US,quantile,0.35,466.0
2026-10-03,wk inc rsv hosp,2,2026-10-17,US,quantile,0.35,478.0
2026-10-03,wk inc rsv hosp,3,2026-10-24,US,quantile,0.35,494.0
2026-10-03,wk inc rsv hosp,0,2026-10-03,US,quantile,0.4,477.0
2026-10-03,wk inc rsv hosp,1,2026-10-10,US,quantile,0.4,501.0
2026-10-03,wk inc rsv hosp,2,2026-10-17,US,quantile,0.4,510.0
2026-10-03,wk inc rsv hosp,3,2026-10-24,US,quantile,0.4,535.0
2026-10-03,wk inc rsv hosp,0,2026-10-03,US,quantile,0.45,498.0
2026-10-03,wk inc rsv hosp,1,2026-10-10,US,quantile,0.45,528.0
2026-10-03,wk inc rsv hosp,2,2026-10-17,US,quantile,0.45,554.0
2026-10-03,wk inc rsv hosp,3,2026-10-24,US,quantile,0.45,587.0
2026-10-03,wk inc rsv hosp,0,2026-10-03,US,quantile,0.5,515.0
2026-10-03,wk inc rsv hosp,1,2026-10-10,US,quantile,0.5,560.0
2026-10-03,wk inc rsv hosp,2,2026-10-17,US,quantile,0.5,597.0
2026-10-03,wk inc rsv hosp,3,2026-10-24,US,quantile,0.5,640.0
2026-10-03,wk inc rsv hosp,0,2026-10-03,US,quantile,0.55,541.0
2026-10-03,wk inc rsv hosp,1,2026-10-10,US,quantile,0.55,590.0
2026-10-03,wk inc rsv hosp,2,2026-10-17,US,quantile,0.55,643.0
2026-10-03,wk inc rsv hosp,3,2026-10-24,US,quantile,0.55,696.0
2026-10-03,wk inc rsv hosp,0,2026-10-03,US,quantile,0.6,565.0
2026-10-03,wk inc rsv hosp,1,2026-10-10,US,quantile,0.6,624.0
2026-10-03,wk inc rsv hosp,2,2026-10-17,US,quantile,0.6,689.0
2026-10-03,wk inc rsv hosp,3,2026-10-24,US,quantile,0.6,748.0
2026-10-03,wk inc rsv hosp,0,2026-10-03,US,quantile,0.65,592.0
2026-10-03,wk inc rsv hosp,1,2026-10-10,US,quantile,0.65,654.0
2026-10-03,wk inc rsv hosp,2,2026-10-17,US,quantile,0.65,734.0
2026-10-03,wk inc rsv hosp,3,2026-10-24,US,quantile,0.65,817.0
2026-10-03,wk inc rsv hosp,0,2026-10-03,US,quantile,0.7,629.0
2026-10-03,wk inc rsv hosp,1,2026-10-10,US,quantile,0.7,699.0
2026-10-03,wk inc rsv hosp,2,2026-10-17,US,quantile,0.7,791.0
2026-10-03,wk inc rsv hosp,3,2026-10-24,US,quantile,0.7,894.0
2026-10-03,wk inc rsv hosp,0,2026-10-03,US,quantile,0.75,652.0
2026-10-03,wk inc rsv hosp,1,2026-10-10,US,quantile,0.75,744.0
2026-10-03,wk inc rsv hosp,2,2026-10-17,US,quantile,0.75,858.0
2026-10-03,wk inc rsv hosp,3,2026-10-24,US,quantile,0.75,980.0
2026-10-03,wk inc rsv hosp,0,2026-10-03,US,quantile,0.8,689.0
2026-10-03,wk inc rsv hosp,1,2026-10-10,US,quantile,0.8,798.0
2026-10-03,wk inc rsv hosp,2,2026-10-17,US,quantile,0.8,935.0
2026-10-03,wk inc rsv hosp,3,2026-10-24,US,quantile,0.8,1092.0
2026-10-03,wk inc rsv hosp,0,2026-10-03,US,quantile,0.85,735.0
2026-10-03,wk inc rsv hosp,1,2026-10-10,US,quantile,0.85,863.0
2026-10-03,wk inc rsv hosp,2,2026-10-17,US,quantile,0.85,1035.0
2026-10-03,wk inc rsv hosp,3,2026-10-24,US,quantile,0.85,1242.0
2026-10-03,wk inc rsv hosp,0,2026-10-03,US,quantile,0.9,785.0
2026-10-03,wk inc rsv hosp,1,2026-10-10,US,quantile,0.9,957.0
2026-10-03,wk inc rsv hosp,2,2026-10-17,US,quantile,0.9,1170.0
2026-10-03,wk inc rsv hosp,3,2026-10-24,US,quantile,0.9,1436.0
2026-10-03,wk inc rsv hosp,0,2026-10-03,US,quantile,0.95,879.0
2026-10-03,wk inc rsv hosp,1,2026-10-10,US,quantile,0.95,1094.0
2026-10-03,wk inc rsv hosp,2,2026-10-17,US,quantile,0.95,1402.0
2026-10-03,wk inc rsv hosp,3,2026-10-24,US,quantile,0.95,1808.0
2026-10-03,wk inc rsv hosp,0,2026-10-03,US,quantile,0.975,950.0
2026-10-03,wk inc rsv hosp,1,2026-10-10,US,quantile,0.975,1228.0
2026-10-03,wk inc rsv hosp,2,2026-10-17,US,quantile,0.975,1620.0
2026-10-03,wk inc rsv hosp,3,2026-10-24,US,quantile,0.975,2181.0
2026-10-03,wk inc rsv hosp,0,2026-10-03,US,quantile,0.99,1052.0
2026-10-03,wk inc rsv hosp,1,2026-10-10,US,quantile,0.99,1377.0
2026-10-03,wk inc rsv hosp,2,2026-10-17,US,quantile,0.99,1907.0
2026-10-03,wk inc rsv hosp,3,2026-10-24,US,quantile,0.99,2659.0
