reference_date,target,horizon,target_end_date,location,output_type,output_type_id,value
2026-10-03,wk inc rsv hosp,-1,2026-09-26,01,quantile,0.01,0
2026-10-03,wk inc rsv hosp,-1,2026-09-26,01,quantile,0.025,3
2026-10-03,wk inc rsv hosp,-1,2026-09-26,01,quantile,0.05,4
2026-10-03,wk inc rsv hosp,-1,2026-09-26,01,quantile,0.1,6
2026-10-03,wk inc rsv hosp,-1,2026-09-26,01,quantile,0.15,7
2026-10-03,wk inc rsv hosp,-1,2026-09-26,01,quantile,0.2,8
2026-10-03,wk inc rsv hosp,-1,2026-09-26,01,quantile,0.25,9
2026-10-03,wk inc rsv hosp,-1,2026-09-26,01,quantile,0.3,9
2026-10-03,wk inc rsv hosp,-1,2026-09-26,01,quantile,0.35,10
2026-10-03,wk inc rsv hosp,-1,2026-09-26,01,quantile,0.4,11
2026-10-03,wk inc rsv hosp,-1,2026-09-26,01,quantile,0.45,11
2026-10-03,wk inc rsv hosp,-1,2026-09-26,01,quantile,0.5,12
2026-10-03,wk inc rsv hosp,-1,2026-09-26,01,quantile,0.55,13
2026-10-03,wk inc rsv hosp,-1,2026-09-26,01,quantile,0.6,14
2026-10-03,wk inc rsv hosp,-1,2026-09-26,01,quantile,0.65,14
2026-10-03,wk inc rsv hosp,-1,2026-09-26,01,quantile,0.7,15
2026-10-03,wk inc rsv hosp,-1,2026-09-26,01,quantile,0.75,16
2026-10-03,wk inc rsv hosp,-1,2026-09-26,01,quantile,0.8,17
2026-10-03,wk inc rsv hosp,-1,2026-09-26,01,quantile,0.85,18
2026-10-03,wk inc rsv hosp,-1,2026-09-26,01,quantile,0.9,20
2026-10-03,wk inc rsv hosp,-1,2026-09-26,01,quantile,0.95,22
2026-10-03,wk inc rsv hosp,-1,2026-09-26,01,quantile,0.975,25
2026-10-03,wk inc rsv hosp,-1,2026-09-26,01,quantile,0.99,30
2026-10-03,wk inc rsv hosp,-1,2026-09-26,02,quantile,0.01,0
2026-10-03,wk inc rsv hosp,-1,2026-09-26,02,quantile,0.025,1
2026-10-03,wk inc rsv hosp,-1,2026-09-26,02,quantile,0.05,2
2026-10-03,wk inc rsv hosp,-1,2026-09-26,02,quantile,0.1,3
2026-10-03,wk inc rsv hosp,-1,2026-09-26,02,quantile,0.15,3
2026-10-03,wk inc rsv hosp,-1,2026-09-26,02,quantile,0.2,4
2026-10-03,wk inc rsv hosp,-1,2026-09-26,02,quantile,0.25,4
2026-10-03,wk inc rsv hosp,-1,2026-09-26,02,quantile,0.3,4
2026-10-03,wk inc rsv hosp,-1,2026-09-26,02,quantile,0.35,5
2026-10-03,wk inc rsv hosp,-1,2026-09-26,02,quantile,0.4,5
2026-10-03,wk inc rsv hosp,-1,2026-09-26,02,quantile,0.45,5
2026-10-03,wk inc rsv hosp,-1,2026-09-26,02,quantile,0.5,5
2026-10-03,wk inc rsv hosp,-1,2026-09-26,02,quantile,0.55,6
2026-10-03,wk inc rsv hosp,-1,2026-09-26,02,quantile,0.6,6
2026-10-03,wk inc rsv hosp,-1,2026-09-26,02,quantile,0.65,6
2026-10-03,wk inc rsv hosp,-1,2026-09-26,02,quantile,0.7,6
2026-10-03,wk inc rsv hosp,-1,2026-09-26,02,quantile,0.75,7
2026-10-03,wk inc rsv hosp,-1,2026-09-26,02,quantile,0.8,7
2026-10-03,wk inc rsv hosp,-1,2026-09-26,02,quantile,0.85,8
2026-10-03,wk inc rsv hosp,-1,2026-09-26,02,quantile,0.9,9
2026-10-03,wk inc rsv hosp,-1,2026-09-26,02,quantile,0.95,10
2026-10-03,wk inc rsv hosp,-1,2026-09-26,02,quantile,0.975,11
2026-10-03,wk inc rsv hosp,-1,2026-09-26,02,quantile,0.99,12
2026-10-03,wk inc rsv hosp,-1,2026-09-26,04,quantile,0.01,0
2026-10-03,wk inc rsv hosp,-1,2026-09-26,04,quantile,0.025,1
2026-10-03,wk inc rsv hosp,-1,2026-09-26,04,quantile,0.05,1
2026-10-03,wk inc rsv hosp,-1,2026-09-26,04,quantile,0.1,2
2026-10-03,wk inc rsv hosp,-1,2026-09-26,04,quantile,0.15,3
2026-10-03,wk inc rsv hosp,-1,2026-09-26,04,quantile,0.2,3
2026-10-03,wk inc rsv hosp,-1,2026-09-26,04,quantile,0.25,3
2026-10-03,wk inc rsv hosp,-1,2026-09-26,04,quantile,0.3,3
2026-10-03,wk inc rsv hosp,-1,2026-09-26,04,quantile,0.35,3
2026-10-03,wk inc rsv hosp,-1,2026-09-26,04,quantile,0.4,3
2026-10-03,wk inc rsv hosp,-1,2026-09-26,04,quantile,0.45,3
2026-10-03,wk inc rsv hosp,-1,2026-09-26,04,quantile,0.5,3
2026-10-03,wk inc rsv hosp,-1,2026-09-26,04,quantile,0.55,4
2026-10-03,wk inc rsv hosp,-1,2026-09-26,04,quantile,0.6,4
2026-10-03,wk inc rsv hosp,-1,2026-09-26,04,quantile,0.65,4
2026-10-03,wk inc rsv hosp,-1,2026-09-26,04,quantile,0.7,4
2026-10-03,wk inc rsv hosp,-1,2026-09-26,04,quantile,0.75,4
2026-10-03,wk inc rsv hosp,-1,2026-09-26,04,quantile,0.8,5
2026-10-03,wk inc rsv hosp,-1,2026-09-26,04,quantile,0.85,5
2026-10-03,wk inc rsv hosp,-1,2026-09-26,04,quantile,0.9,6
2026-10-03,wk inc rsv hosp,-1,2026-09-26,04,quantile,0.95,7
2026-10-03,wk inc rsv hosp,-1,2026-09-26,04,quantile,0.975,7
2026-10-03,wk inc rsv hosp,-1,2026-09-26,04,quantile,0.99,9
2026-10-03,wk inc rsv hosp,-1,2026-09-26,05,quantile,0.01,2
2026-10-03,wk inc rsv hosp,-1,2026-09-26,05,quantile,0.025,2
2026-10-03,wk inc rsv hosp,-1,2026-09-26,05,quantile,0.05,3
2026-10-03,wk inc rsv hosp,-1,2026-09-26,05,quantile,0.1,4
2026-10-03,wk inc rsv hosp,-1,2026-09-26,05,quantile,0.15,4
2026-10-03,wk inc rsv hosp,-1,2026-09-26,05,quantile,0.2,4
2026-10-03,wk inc rsv hosp,-1,2026-09-26,05,quantile,0.25,5
2026-10-03,wk inc rsv hosp,-1,2026-09-26,05,quantile,0.3,5
2026-10-03,wk inc rsv hosp,-1,2026-09-26,05,quantile,0.35,5
2026-10-03,wk inc rsv hosp,-1,2026-09-26,05,quantile,0.4,5
2026-10-03,wk inc rsv hosp,-1,2026-09-26,05,quantile,0.45,5
2026-10-03,wk inc rsv hosp,-1,2026-09-26,05,quantile,0.5,5
2026-10-03,wk inc rsv hosp,-1,2026-09-26,05,quantile,0.55,5
2026-10-03,wk inc rsv hosp,-1,2026-09-26,05,quantile,0.6,5
2026-10-03,wk inc rsv hosp,-1,2026-09-26,05,quantile,0.65,5
2026-10-03,wk inc rsv hosp,-1,2026-09-26,05,quantile,0.7,6
2026-10-03,wk inc rsv hosp,-1,2026-09-26,05,quantile,0.75,6
2026-10-03,wk inc rsv hosp,-1,2026-09-26,05,quantile,0.8,6
2026-10-03,wk inc rsv hosp,-1,2026-09-26,05,quantile,0.85,7
2026-10-03,wk inc rsv hosp,-1,2026-09-26,05,quantile,0.9,7
2026-10-03,wk inc rsv hosp,-1,2026-09-26,05,quantile,0.95,8
2026-10-03,wk inc rsv hosp,-1,2026-09-26,05,quantile,0.975,9
2026-10-03,wk inc rsv hosp,-1,2026-09-26,05,quantile,0.99,11
2026-10-03,wk inc rsv hosp,-1,2026-09-26,06,quantile,0.01,7
2026-10-03,wk inc rsv hosp,-1,2026-09-26,06,quantile,0.025,9
2026-10-03,wk inc rsv hosp,-1,2026-09-26,06,quantile,0.05,10
2026-10-03,wk inc rsv hosp,-1,2026-09-26,06,quantile,0.1,13
2026-10-03,wk inc rsv hosp,-1,2026-09-26,06,quantile,0.15,14
2026-10-03,wk inc rsv hosp,-1,2026-09-26,06,quantile,0.2,16
2026-10-03,wk inc rsv hosp,-1,2026-09-26,06,quantile,0.25,16
2026-10-03,wk inc rsv hosp,-1,2026-09-26,06,quantile,0.3,17
2026-10-03,wk inc rsv hosp,-1,2026-09-26,06,quantile,0.35,17
2026-10-03,wk inc rsv hosp,-1,2026-09-26,06,quantile,0.4,18
2026-10-03,wk inc rsv hosp,-1,2026-09-26,06,quantile,0.45,18
2026-10-03,wk inc rsv hosp,-1,2026-09-26,06,quantile,0.5,19
2026-10-03,wk inc rsv hosp,-1,2026-09-26,06,quantile,0.55,20
2026-10-03,wk inc rsv hosp,-1,2026-09-26,06,quantile,0.6,20
2026-10-03,wk inc rsv hosp,-1,2026-09-26,06,quantile,0.65,21
2026-10-03,wk inc rsv hosp,-1,2026-09-26,06,quantile,0.7,22
2026-10-03,wk inc rsv hosp,-1,2026-09-26,06,quantile,0.75,23
2026-10-03,wk inc rsv hosp,-1,2026-09-26,06,quantile,0.8,24
2026-10-03,wk inc rsv hosp,-1,2026-09-26,06,quantile,0.85,25
2026-10-03,wk inc rsv hosp,-1,2026-09-26,06,quantile,0.9,26
2026-10-03,wk inc rsv hosp,-1,2026-09-26,06,quantile,0.95,29
2026-10-03,wk inc rsv hosp,-1,2026-09-26,06,quantile,0.975,32
2026-10-03,wk inc rsv hosp,-1,2026-09-26,06,quantile,0.99,36
2026-10-03,wk inc rsv hosp,-1,2026-09-26,08,quantile,0.01,0
2026-10-03,wk inc rsv hosp,-1,2026-09-26,08,quantile,0.025,0
2026-10-03,wk inc rsv hosp,-1,2026-09-26,08,quantile,0.05,0
2026-10-03,wk inc rsv hosp,-1,2026-09-26,08,quantile,0.1,0
2026-10-03,wk inc rsv hosp,-1,2026-09-26,08,quantile,0.15,0
2026-10-03,wk inc rsv hosp,-1,2026-09-26,08,quantile,0.2,0
2026-10-03,wk inc rsv hosp,-1,2026-09-26,08,quantile,0.25,0
2026-10-03,wk inc rsv hosp,-1,2026-09-26,08,quantile,0.3,0
2026-10-03,wk inc rsv hosp,-1,2026-09-26,08,quantile,0.35,0
2026-10-03,wk inc rsv hosp,-1,2026-09-26,08,quantile,0.4,0
2026-10-03,wk inc rsv hosp,-1,2026-09-26,08,quantile,0.45,0
2026-10-03,wk inc rsv hosp,-1,2026-09-26,08,quantile,0.5,0
2026-10-03,wk inc rsv hosp,-1,2026-09-26,08,quantile,0.55,0
2026-10-03,wk inc rsv hosp,-1,2026-09-26,08,quantile,0.6,0
2026-10-03,wk inc rsv hosp,-1,2026-09-26,08,quantile,0.65,1
2026-10-03,wk inc rsv hosp,-1,2026-09-26,08,quantile,0.7,1
2026-10-03,wk inc rsv hosp,-1,2026-09-26,08,quantile,0.75,1
2026-10-03,wk inc rsv hosp,-1,2026-09-26,08,quantile,0.8,1
2026-10-03,wk inc rsv hosp,-1,2026-09-26,08,quantile,0.85,1
2026-10-03,wk inc rsv hosp,-1,2026-09-26,08,quantile,0.9,2
2026-10-03,wk inc rsv hosp,-1,2026-09-26,08,quantile,0.95,2
2026-10-03,wk inc rsv hosp,-1,2026-09-26,08,quantile,0.975,3
2026-10-03,wk inc rsv hosp,-1,2026-09-26,08,quantile,0.99,4
2026-10-03,wk inc rsv hosp,-1,2026-09-26,09,quantile,0.01,0
2026-10-03,wk inc rsv hosp,-1,2026-09-26,09,quantile,0.025,0
2026-10-03,wk inc rsv hosp,-1,2026-09-26,09,quantile,0.05,0
2026-10-03,wk inc rsv hosp,-1,2026-09-26,09,quantile,0.1,1
2026-10-03,wk inc rsv hosp,-1,2026-09-26,09,quantile,0.15,1
2026-10-03,wk inc rsv hosp,-1,2026-09-26,09,quantile,0.2,1
2026-10-03,wk inc rsv hosp,-1,2026-09-26,09,quantile,0.25,1
2026-10-03,wk inc rsv hosp,-1,2026-09-26,09,quantile,0.3,1
2026-10-03,wk inc rsv hosp,-1,2026-09-26,09,quantile,0.35,1
2026-10-03,wk inc rsv hosp,-1,2026-09-26,09,quantile,0.4,1
2026-10-03,wk inc rsv hosp,-1,2026-09-26,09,quantile,0.45,1
2026-10-03,wk inc rsv hosp,-1,2026-09-26,09,quantile,0.5,1
2026-10-03,wk inc rsv hosp,-1,2026-09-26,09,quantile,0.55,1
2026-10-03,wk inc rsv hosp,-1,2026-09-26,09,quantile,0.6,1
2026-10-03,wk inc rsv hosp,-1,2026-09-26,09,quantile,0.65,1
2026-10-03,wk inc rsv hosp,-1,2026-09-26,09,quantile,0.7,1
2026-10-03,wk inc rsv hosp,-1,2026-09-26,09,quantile,0.75,1
2026-10-03,wk inc rsv hosp,-1,2026-09-26,09,quantile,0.8,1
2026-10-03,wk inc rsv hosp,-1,2026-09-26,09,quantile,0.85,1
2026-10-03,wk inc rsv hosp,-1,2026-09-26,09,quantile,0.9,1
2026-10-03,wk inc rsv hosp,-1,2026-09-26,09,quantile,0.95,2
2026-10-03,wk inc rsv hosp,-1,2026-09-26,09,quantile,0.975,3
2026-10-03,wk inc rsv hosp,-1,2026-09-26,09,quantile,0.99,3
2026-10-03,wk inc rsv hosp,-1,2026-09-26,10,quantile,0.01,0
2026-10-03,wk inc rsv hosp,-1,2026-09-26,10,quantile,0.025,1
2026-10-03,wk inc rsv hosp,-1,2026-09-26,10,quantile,0.05,1
2026-10-03,wk inc rsv hosp,-1,2026-09-26,10,quantile,0.1,2
2026-10-03,wk inc rsv hosp,-1,2026-09-26,10,quantile,0.15,2
2026-10-03,wk inc rsv hosp,-1,2026-09-26,10,quantile,0.2,2
2026-10-03,wk inc rsv hosp,-1,2026-09-26,10,quantile,0.25,2
2026-10-03,wk inc rsv hosp,-1,2026-09-26,10,quantile,0.3,2
2026-10-03,wk inc rsv hosp,-1,2026-09-26,10,quantile,0.35,2
2026-10-03,wk inc rsv hosp,-1,2026-09-26,10,quantile,0.4,2
2026-10-03,wk inc rsv hosp,-1,2026-09-26,10,quantile,0.45,2
2026-10-03,wk inc rsv hosp,-1,2026-09-26,10,quantile,0.5,2
2026-10-03,wk inc rsv hosp,-1,2026-09-26,10,quantile,0.55,3
2026-10-03,wk inc rsv hosp,-1,2026-09-26,10,quantile,0.6,3
2026-10-03,wk inc rsv hosp,-1,2026-09-26,10,quantile,0.65,3
2026-10-03,wk inc rsv hosp,-1,2026-09-26,10,quantile,0.7,3
2026-10-03,wk inc rsv hosp,-1,2026-09-26,10,quantile,0.75,3
2026-10-03,wk inc rsv hosp,-1,2026-09-26,10,quantile,0.8,3
2026-10-03,wk inc rsv hosp,-1,2026-09-26,10,quantile,0.85,4
2026-10-03,wk inc rsv hosp,-1,2026-09-26,10,quantile,0.9,4
2026-10-03,wk inc rsv hosp,-1,2026-09-26,10,quantile,0.95,5
2026-10-03,wk inc rsv hosp,-1,2026-09-26,10,quantile,0.975,5
2026-10-03,wk inc rsv hosp,-1,2026-09-26,10,quantile,0.99,6
2026-10-03,wk inc rsv hosp,-1,2026-09-26,11,quantile,0.01,0
2026-10-03,wk inc rsv hosp,-1,2026-09-26,11,quantile,0.025,0
2026-10-03,wk inc rsv hosp,-1,2026-09-26,11,quantile,0.05,0
2026-10-03,wk inc rsv hosp,-1,2026-09-26,11,quantile,0.1,0
2026-10-03,wk inc rsv hosp,-1,2026-09-26,11,quantile,0.15,0
2026-10-03,wk inc rsv hosp,-1,2026-09-26,11,quantile,0.2,0
2026-10-03,wk inc rsv hosp,-1,2026-09-26,11,quantile,0.25,0
2026-10-03,wk inc rsv hosp,-1,2026-09-26,11,quantile,0.3,0
2026-10-03,wk inc rsv hosp,-1,2026-09-26,11,quantile,0.35,0
2026-10-03,wk inc rsv hosp,-1,2026-09-26,11,quantile,0.4,0
2026-10-03,wk inc rsv hosp,-1,2026-09-26,11,quantile,0.45,0
2026-10-03,wk inc rsv hosp,-1,2026-09-26,11,quantile,0.5,0
2026-10-03,wk inc rsv hosp,-1,2026-09-26,11,quantile,0.55,0
2026-10-03,wk inc rsv hosp,-1,2026-09-26,11,quantile,0.6,0
2026-10-03,wk inc rsv hosp,-1,2026-09-26,11,quantile,0.65,0
2026-10-03,wk inc rsv hosp,-1,2026-09-26,11,quantile,0.7,0
2026-10-03,wk inc rsv hosp,-1,2026-09-26,11,quantile,0.75,0
2026-10-03,wk inc rsv hosp,-1,2026-09-26,11,quantile,0.8,0
2026-10-03,wk inc rsv hosp,-1,2026-09-26,11,quantile,0.85,0
2026-10-03,wk inc rsv hosp,-1,2026-09-26,11,quantile,0.9,0
2026-10-03,wk inc rsv hosp,-1,2026-09-26,11,quantile,0.95,0
2026-10-03,wk inc rsv hosp,-1,2026-09-26,11,quantile,0.975,0
2026-10-03,wk inc rsv hosp,-1,2026-09-26,11,quantile,0.99,1
2026-10-03,wk inc rsv hosp,-1,2026-09-26,12,quantile,0.01,91
2026-10-03,wk inc rsv hosp,-1,2026-09-26,12,quantile,0.025,97
2026-10-03,wk inc rsv hosp,-1,2026-09-26,12,quantile,0.05,105
2026-10-03,wk inc rsv hosp,-1,2026-09-26,12,quantile,0.1,110
2026-10-03,wk inc rsv hosp,-1,2026-09-26,12,quantile,0.15,114
2026-10-03,wk inc rsv hosp,-1,2026-09-26,12,quantile,0.2,118
2026-10-03,wk inc rsv hosp,-1,2026-09-26,12,quantile,0.25,121
2026-10-03,wk inc rsv hosp,-1,2026-09-26,12,quantile,0.3,124
2026-10-03,wk inc rsv hosp,-1,2026-09-26,12,quantile,0.35,126
2026-10-03,wk inc rsv hosp,-1,2026-09-26,12,quantile,0.4,129
2026-10-03,wk inc rsv hosp,-1,2026-09-26,12,quantile,0.45,132
2026-10-03,wk inc rsv hosp,-1,2026-09-26,12,quantile,0.5,134
2026-10-03,wk inc rsv hosp,-1,2026-09-26,12,quantile,0.55,137
2026-10-03,wk inc rsv hosp,-1,2026-09-26,12,quantile,0.6,140
2026-10-03,wk inc rsv hosp,-1,2026-09-26,12,quantile,0.65,142
2026-10-03,wk inc rsv hosp,-1,2026-09-26,12,quantile,0.7,145
2026-10-03,wk inc rsv hosp,-1,2026-09-26,12,quantile,0.75,148
2026-10-03,wk inc rsv hosp,-1,2026-09-26,12,quantile,0.8,152
2026-10-03,wk inc rsv hosp,-1,2026-09-26,12,quantile,0.85,156
2026-10-03,wk inc rsv hosp,-1,2026-09-26,12,quantile,0.9,161
2026-10-03,wk inc rsv hosp,-1,2026-09-26,12,quantile,0.95,171
2026-10-03,wk inc rsv hosp,-1,2026-09-26,12,quantile,0.975,180
2026-10-03,wk inc rsv hosp,-1,2026-09-26,12,quantile,0.99,198
2026-10-03,wk inc rsv hosp,-1,2026-09-26,13,quantile,0.01,9
2026-10-03,wk inc rsv hosp,-1,2026-09-26,13,quantile,0.025,11
2026-10-03,wk inc rsv hosp,-1,2026-09-26,13,quantile,0.05,13
2026-10-03,wk inc rsv hosp,-1,2026-09-26,13,quantile,0.1,14
2026-10-03,wk inc rsv hosp,-1,2026-09-26,13,quantile,0.15,14
2026-10-03,wk inc rsv hosp,-1,2026-09-26,13,quantile,0.2,15
2026-10-03,wk inc rsv hosp,-1,2026-09-26,13,quantile,0.25,15
2026-10-03,wk inc rsv hosp,-1,2026-09-26,13,quantile,0.3,16
2026-10-03,wk inc rsv hosp,-1,2026-09-26,13,quantile,0.35,16
2026-10-03,wk inc rsv hosp,-1,2026-09-26,13,quantile,0.4,17
2026-10-03,wk inc rsv hosp,-1,2026-09-26,13,quantile,0.45,17
2026-10-03,wk inc rsv hosp,-1,2026-09-26,13,quantile,0.5,18
2026-10-03,wk inc rsv hosp,-1,2026-09-26,13,quantile,0.55,18
2026-10-03,wk inc rsv hosp,-1,2026-09-26,13,quantile,0.6,19
2026-10-03,wk inc rsv hosp,-1,2026-09-26,13,quantile,0.65,19
2026-10-03,wk inc rsv hosp,-1,2026-09-26,13,quantile,0.7,20
2026-10-03,wk inc rsv hosp,-1,2026-09-26,13,quantile,0.75,21
2026-10-03,wk inc rsv hosp,-1,2026-09-26,13,quantile,0.8,21
2026-10-03,wk inc rsv hosp,-1,2026-09-26,13,quantile,0.85,22
2026-10-03,wk inc rsv hosp,-1,2026-09-26,13,quantile,0.9,23
2026-10-03,wk inc rsv hosp,-1,2026-09-26,13,quantile,0.95,26
2026-10-03,wk inc rsv hosp,-1,2026-09-26,13,quantile,0.975,28
2026-10-03,wk inc rsv hosp,-1,2026-09-26,13,quantile,0.99,32
2026-10-03,wk inc rsv hosp,-1,2026-09-26,15,quantile,0.01,1
2026-10-03,wk inc rsv hosp,-1,2026-09-26,15,quantile,0.025,2
2026-10-03,wk inc rsv hosp,-1,2026-09-26,15,quantile,0.05,3
2026-10-03,wk inc rsv hosp,-1,2026-09-26,15,quantile,0.1,4
2026-10-03,wk inc rsv hosp,-1,2026-09-26,15,quantile,0.15,4
2026-10-03,wk inc rsv hosp,-1,2026-09-26,15,quantile,0.2,4
2026-10-03,wk inc rsv hosp,-1,2026-09-26,15,quantile,0.25,5
2026-10-03,wk inc rsv hosp,-1,2026-09-26,15,quantile,0.3,5
2026-10-03,wk inc rsv hosp,-1,2026-09-26,15,quantile,0.35,5
2026-10-03,wk inc rsv hosp,-1,2026-09-26,15,quantile,0.4,6
2026-10-03,wk inc rsv hosp,-1,2026-09-26,15,quantile,0.45,6
2026-10-03,wk inc rsv hosp,-1,2026-09-26,15,quantile,0.5,6
2026-10-03,wk inc rsv hosp,-1,2026-09-26,15,quantile,0.55,7
2026-10-03,wk inc rsv hosp,-1,2026-09-26,15,quantile,0.6,7
2026-10-03,wk inc rsv hosp,-1,2026-09-26,15,quantile,0.65,7
2026-10-03,wk inc rsv hosp,-1,2026-09-26,15,quantile,0.7,8
2026-10-03,wk inc rsv hosp,-1,2026-09-26,15,quantile,0.75,8
2026-10-03,wk inc rsv hosp,-1,2026-09-26,15,quantile,0.8,8
2026-10-03,wk inc rsv hosp,-1,2026-09-26,15,quantile,0.85,9
2026-10-03,wk inc rsv hosp,-1,2026-09-26,15,quantile,0.9,10
2026-10-03,wk inc rsv hosp,-1,2026-09-26,15,quantile,0.95,11
2026-10-03,wk inc rsv hosp,-1,2026-09-26,15,quantile,0.975,12
2026-10-03,wk inc rsv hosp,-1,2026-09-26,15,quantile,0.99,15
2026-10-03,wk inc rsv hosp,-1,2026-09-26,16,quantile,0.01,5
2026-10-03,wk inc rsv hosp,-1,2026-09-26,16,quantile,0.025,5
2026-10-03,wk inc rsv hosp,-1,2026-09-26,16,quantile,0.05,5
2026-10-03,wk inc rsv hosp,-1,2026-09-26,16,quantile,0.1,5
2026-10-03,wk inc rsv hosp,-1,2026-09-26,16,quantile,0.15,5
2026-10-03,wk inc rsv hosp,-1,2026-09-26,16,quantile,0.2,5
2026-10-03,wk inc rsv hosp,-1,2026-09-26,16,quantile,0.25,5
2026-10-03,wk inc rsv hosp,-1,2026-09-26,16,quantile,0.3,5
2026-10-03,wk inc rsv hosp,-1,2026-09-26,16,quantile,0.35,5
2026-10-03,wk inc rsv hosp,-1,2026-09-26,16,quantile,0.4,5
2026-10-03,wk inc rsv hosp,-1,2026-09-26,16,quantile,0.45,5
2026-10-03,wk inc rsv hosp,-1,2026-09-26,16,quantile,0.5,5
2026-10-03,wk inc rsv hosp,-1,2026-09-26,16,quantile,0.55,5
2026-10-03,wk inc rsv hosp,-1,2026-09-26,16,quantile,0.6,5
2026-10-03,wk inc rsv hosp,-1,2026-09-26,16,quantile,0.65,5
2026-10-03,wk inc rsv hosp,-1,2026-09-26,16,quantile,0.7,5
2026-10-03,wk inc rsv hosp,-1,2026-09-26,16,quantile,0.75,5
2026-10-03,wk inc rsv hosp,-1,2026-09-26,16,quantile,0.8,5
2026-10-03,wk inc rsv hosp,-1,2026-09-26,16,quantile,0.85,5
2026-10-03,wk inc rsv hosp,-1,2026-09-26,16,quantile,0.9,5
2026-10-03,wk inc rsv hosp,-1,2026-09-26,16,quantile,0.95,5
2026-10-03,wk inc rsv hosp,-1,2026-09-26,16,quantile,0.975,5
2026-10-03,wk inc rsv hosp,-1,2026-09-26,16,quantile,0.99,6
2026-10-03,wk inc rsv hosp,-1,2026-09-26,17,quantile,0.01,0
2026-10-03,wk inc rsv hosp,-1,2026-09-26,17,quantile,0.025,0
2026-10-03,wk inc rsv hosp,-1,2026-09-26,17,quantile,0.05,2
2026-10-03,wk inc rsv hosp,-1,2026-09-26,17,quantile,0.1,3
2026-10-03,wk inc rsv hosp,-1,2026-09-26,17,quantile,0.15,3
2026-10-03,wk inc rsv hosp,-1,2026-09-26,17,quantile,0.2,4
2026-10-03,wk inc rsv hosp,-1,2026-09-26,17,quantile,0.25,4
2026-10-03,wk inc rsv hosp,-1,2026-09-26,17,quantile,0.3,5
2026-10-03,wk inc rsv hosp,-1,2026-09-26,17,quantile,0.35,5
2026-10-03,wk inc rsv hosp,-1,2026-09-26,17,quantile,0.4,6
2026-10-03,wk inc rsv hosp,-1,2026-09-26,17,quantile,0.45,6
2026-10-03,wk inc rsv hosp,-1,2026-09-26,17,quantile,0.5,6
2026-10-03,wk inc rsv hosp,-1,2026-09-26,17,quantile,0.55,7
2026-10-03,wk inc rsv hosp,-1,2026-09-26,17,quantile,0.6,7
2026-10-03,wk inc rsv hosp,-1,2026-09-26,17,quantile,0.65,8
2026-10-03,wk inc rsv hosp,-1,2026-09-26,17,quantile,0.7,8
2026-10-03,wk inc rsv hosp,-1,2026-09-26,17,quantile,0.75,8
2026-10-03,wk inc rsv hosp,-1,2026-09-26,17,quantile,0.8,9
2026-10-03,wk inc rsv hosp,-1,2026-09-26,17,quantile,0.85,10
2026-10-03,wk inc rsv hosp,-1,2026-09-26,17,quantile,0.9,11
2026-10-03,wk inc rsv hosp,-1,2026-09-26,17,quantile,0.95,13
2026-10-03,wk inc rsv hosp,-1,2026-09-26,17,quantile,0.975,15
2026-10-03,wk inc rsv hosp,-1,2026-09-26,17,quantile,0.99,18
2026-10-03,wk inc rsv hosp,-1,2026-09-26,18,quantile,0.01,0
2026-10-03,wk inc rsv hosp,-1,2026-09-26,18,quantile,0.025,0
2026-10-03,wk inc rsv hosp,-1,2026-09-26,18,quantile,0.05,0
2026-10-03,wk inc rsv hosp,-1,2026-09-26,18,quantile,0.1,1
2026-10-03,wk inc rsv hosp,-1,2026-09-26,18,quantile,0.15,1
2026-10-03,wk inc rsv hosp,-1,2026-09-26,18,quantile,0.2,1
2026-10-03,wk inc rsv hosp,-1,2026-09-26,18,quantile,0.25,2
2026-10-03,wk inc rsv hosp,-1,2026-09-26,18,quantile,0.3,2
2026-10-03,wk inc rsv hosp,-1,2026-09-26,18,quantile,0.35,2
2026-10-03,wk inc rsv hosp,-1,2026-09-26,18,quantile,0.4,2
2026-10-03,wk inc rsv hosp,-1,2026-09-26,18,quantile,0.45,2
2026-10-03,wk inc rsv hosp,-1,2026-09-26,18,quantile,0.5,2
2026-10-03,wk inc rsv hosp,-1,2026-09-26,18,quantile,0.55,2
2026-10-03,wk inc rsv hosp,-1,2026-09-26,18,quantile,0.6,3
2026-10-03,wk inc rsv hosp,-1,2026-09-26,18,quantile,0.65,3
2026-10-03,wk inc rsv hosp,-1,2026-09-26,18,quantile,0.7,3
2026-10-03,wk inc rsv hosp,-1,2026-09-26,18,quantile,0.75,3
2026-10-03,wk inc rsv hosp,-1,2026-09-26,18,quantile,0.8,4
2026-10-03,wk inc rsv hosp,-1,2026-09-26,18,quantile,0.85,4
2026-10-03,wk inc rsv hosp,-1,2026-09-26,18,quantile,0.9,5
2026-10-03,wk inc rsv hosp,-1,2026-09-26,18,quantile,0.95,6
2026-10-03,wk inc rsv hosp,-1,2026-09-26,18,quantile,0.975,7
2026-10-03,wk inc rsv hosp,-1,2026-09-26,18,quantile,0.99,8
2026-10-03,wk inc rsv hosp,-1,2026-09-26,19,quantile,0.01,0
2026-10-03,wk inc rsv hosp,-1,2026-09-26,19,quantile,0.025,0
2026-10-03,wk inc rsv hosp,-1,2026-09-26,19,quantile,0.05,0
2026-10-03,wk inc rsv hosp,-1,2026-09-26,19,quantile,0.1,1
2026-10-03,wk inc rsv hosp,-1,2026-09-26,19,quantile,0.15,2
2026-10-03,wk inc rsv hosp,-1,2026-09-26,19,quantile,0.2,2
2026-10-03,wk inc rsv hosp,-1,2026-09-26,19,quantile,0.25,2
2026-10-03,wk inc rsv hosp,-1,2026-09-26,19,quantile,0.3,3
2026-10-03,wk inc rsv hosp,-1,2026-09-26,19,quantile,0.35,3
2026-10-03,wk inc rsv hosp,-1,2026-09-26,19,quantile,0.4,3
2026-10-03,wk inc rsv hosp,-1,2026-09-26,19,quantile,0.45,3
2026-10-03,wk inc rsv hosp,-1,2026-09-26,19,quantile,0.5,3
2026-10-03,wk inc rsv hosp,-1,2026-09-26,19,quantile,0.55,3
2026-10-03,wk inc rsv hosp,-1,2026-09-26,19,quantile,0.6,4
2026-10-03,wk inc rsv hosp,-1,2026-09-26,19,quantile,0.65,4
2026-10-03,wk inc rsv hosp,-1,2026-09-26,19,quantile,0.7,4
2026-10-03,wk inc rsv hosp,-1,2026-09-26,19,quantile,0.75,4
2026-10-03,wk inc rsv hosp,-1,2026-09-26,19,quantile,0.8,4
2026-10-03,wk inc rsv hosp,-1,2026-09-26,19,quantile,0.85,5
2026-10-03,wk inc rsv hosp,-1,2026-09-26,19,quantile,0.9,6
2026-10-03,wk inc rsv hosp,-1,2026-09-26,19,quantile,0.95,7
2026-10-03,wk inc rsv hosp,-1,2026-09-26,19,quantile,0.975,7
2026-10-03,wk inc rsv hosp,-1,2026-09-26,19,quantile,0.99,8
2026-10-03,wk inc rsv hosp,-1,2026-09-26,20,quantile,0.01,0
2026-10-03,wk inc rsv hosp,-1,2026-09-26,20,quantile,0.025,0
2026-10-03,wk inc rsv hosp,-1,2026-09-26,20,quantile,0.05,0
2026-10-03,wk inc rsv hosp,-1,2026-09-26,20,quantile,0.1,0
2026-10-03,wk inc rsv hosp,-1,2026-09-26,20,quantile,0.15,0
2026-10-03,wk inc rsv hosp,-1,2026-09-26,20,quantile,0.2,1
2026-10-03,wk inc rsv hosp,-1,2026-09-26,20,quantile,0.25,1
2026-10-03,wk inc rsv hosp,-1,2026-09-26,20,quantile,0.3,1
2026-10-03,wk inc rsv hosp,-1,2026-09-26,20,quantile,0.35,1
2026-10-03,wk inc rsv hosp,-1,2026-09-26,20,quantile,0.4,1
2026-10-03,wk inc rsv hosp,-1,2026-09-26,20,quantile,0.45,1
2026-10-03,wk inc rsv hosp,-1,2026-09-26,20,quantile,0.5,1
2026-10-03,wk inc rsv hosp,-1,2026-09-26,20,quantile,0.55,1
2026-10-03,wk inc rsv hosp,-1,2026-09-26,20,quantile,0.6,1
2026-10-03,wk inc rsv hosp,-1,2026-09-26,20,quantile,0.65,1
2026-10-03,wk inc rsv hosp,-1,2026-09-26,20,quantile,0.7,1
2026-10-03,wk inc rsv hosp,-1,2026-09-26,20,quantile,0.75,2
2026-10-03,wk inc rsv hosp,-1,2026-09-26,20,quantile,0.8,2
2026-10-03,wk inc rsv hosp,-1,2026-09-26,20,quantile,0.85,2
2026-10-03,wk inc rsv hosp,-1,2026-09-26,20,quantile,0.9,3
2026-10-03,wk inc rsv hosp,-1,2026-09-26,20,quantile,0.95,4
2026-10-03,wk inc rsv hosp,-1,2026-09-26,20,quantile,0.975,4
2026-10-03,wk inc rsv hosp,-1,2026-09-26,20,quantile,0.99,5
2026-10-03,wk inc rsv hosp,-1,2026-09-26,21,quantile,0.01,3
2026-10-03,wk inc rsv hosp,-1,2026-09-26,21,quantile,0.025,4
2026-10-03,wk inc rsv hosp,-1,2026-09-26,21,quantile,0.05,5
2026-10-03,wk inc rsv hosp,-1,2026-09-26,21,quantile,0.1,6
2026-10-03,wk inc rsv hosp,-1,2026-09-26,21,quantile,0.15,6
2026-10-03,wk inc rsv hosp,-1,2026-09-26,21,quantile,0.2,6
2026-10-03,wk inc rsv hosp,-1,2026-09-26,21,quantile,0.25,7
2026-10-03,wk inc rsv hosp,-1,2026-09-26,21,quantile,0.3,7
2026-10-03,wk inc rsv hosp,-1,2026-09-26,21,quantile,0.35,7
2026-10-03,wk inc rsv hosp,-1,2026-09-26,21,quantile,0.4,7
2026-10-03,wk inc rsv hosp,-1,2026-09-26,21,quantile,0.45,7
2026-10-03,wk inc rsv hosp,-1,2026-09-26,21,quantile,0.5,7
2026-10-03,wk inc rsv hosp,-1,2026-09-26,21,quantile,0.55,7
2026-10-03,wk inc rsv hosp,-1,2026-09-26,21,quantile,0.6,7
2026-10-03,wk inc rsv hosp,-1,2026-09-26,21,quantile,0.65,7
2026-10-03,wk inc rsv hosp,-1,2026-09-26,21,quantile,0.7,8
2026-10-03,wk inc rsv hosp,-1,2026-09-26,21,quantile,0.75,8
2026-10-03,wk inc rsv hosp,-1,2026-09-26,21,quantile,0.8,8
2026-10-03,wk inc rsv hosp,-1,2026-09-26,21,quantile,0.85,9
2026-10-03,wk inc rsv hosp,-1,2026-09-26,21,quantile,0.9,9
2026-10-03,wk inc rsv hosp,-1,2026-09-26,21,quantile,0.95,10
2026-10-03,wk inc rsv hosp,-1,2026-09-26,21,quantile,0.975,11
2026-10-03,wk inc rsv hosp,-1,2026-09-26,21,quantile,0.99,13
2026-10-03,wk inc rsv hosp,-1,2026-09-26,22,quantile,0.01,6
2026-10-03,wk inc rsv hosp,-1,2026-09-26,22,quantile,0.025,7
2026-10-03,wk inc rsv hosp,-1,2026-09-26,22,quantile,0.05,7
2026-10-03,wk inc rsv hosp,-1,2026-09-26,22,quantile,0.1,8
2026-10-03,wk inc rsv hosp,-1,2026-09-26,22,quantile,0.15,8
2026-10-03,wk inc rsv hosp,-1,2026-09-26,22,quantile,0.2,8
2026-10-03,wk inc rsv hosp,-1,2026-09-26,22,quantile,0.25,9
2026-10-03,wk inc rsv hosp,-1,2026-09-26,22,quantile,0.3,9
2026-10-03,wk inc rsv hosp,-1,2026-09-26,22,quantile,0.35,9
2026-10-03,wk inc rsv hosp,-1,2026-09-26,22,quantile,0.4,9
2026-10-03,wk inc rsv hosp,-1,2026-09-26,22,quantile,0.45,10
2026-10-03,wk inc rsv hosp,-1,2026-09-26,22,quantile,0.5,10
2026-10-03,wk inc rsv hosp,-1,2026-09-26,22,quantile,0.55,10
2026-10-03,wk inc rsv hosp,-1,2026-09-26,22,quantile,0.6,11
2026-10-03,wk inc rsv hosp,-1,2026-09-26,22,quantile,0.65,11
2026-10-03,wk inc rsv hosp,-1,2026-09-26,22,quantile,0.7,11
2026-10-03,wk inc rsv hosp,-1,2026-09-26,22,quantile,0.75,12
2026-10-03,wk inc rsv hosp,-1,2026-09-26,22,quantile,0.8,12
2026-10-03,wk inc rsv hosp,-1,2026-09-26,22,quantile,0.85,13
2026-10-03,wk inc rsv hosp,-1,2026-09-26,22,quantile,0.9,13
2026-10-03,wk inc rsv hosp,-1,2026-09-26,22,quantile,0.95,15
2026-10-03,wk inc rsv hosp,-1,2026-09-26,22,quantile,0.975,16
2026-10-03,wk inc rsv hosp,-1,2026-09-26,22,quantile,0.99,17
2026-10-03,wk inc rsv hosp,-1,2026-09-26,23,quantile,0.01,0
2026-10-03,wk inc rsv hosp,-1,2026-09-26,23,quantile,0.025,0
2026-10-03,wk inc rsv hosp,-1,2026-09-26,23,quantile,0.05,0
2026-10-03,wk inc rsv hosp,-1,2026-09-26,23,quantile,0.1,0
2026-10-03,wk inc rsv hosp,-1,2026-09-26,23,quantile,0.15,0
2026-10-03,wk inc rsv hosp,-1,2026-09-26,23,quantile,0.2,0
2026-10-03,wk inc rsv hosp,-1,2026-09-26,23,quantile,0.25,0
2026-10-03,wk inc rsv hosp,-1,2026-09-26,23,quantile,0.3,0
2026-10-03,wk inc rsv hosp,-1,2026-09-26,23,quantile,0.35,0
2026-10-03,wk inc rsv hosp,-1,2026-09-26,23,quantile,0.4,0
2026-10-03,wk inc rsv hosp,-1,2026-09-26,23,quantile,0.45,0
2026-10-03,wk inc rsv hosp,-1,2026-09-26,23,quantile,0.5,0
2026-10-03,wk inc rsv hosp,-1,2026-09-26,23,quantile,0.55,0
2026-10-03,wk inc rsv hosp,-1,2026-09-26,23,quantile,0.6,0
2026-10-03,wk inc rsv hosp,-1,2026-09-26,23,quantile,0.65,0
2026-10-03,wk inc rsv hosp,-1,2026-09-26,23,quantile,0.7,0
2026-10-03,wk inc rsv hosp,-1,2026-09-26,23,quantile,0.75,0
2026-10-03,wk inc rsv hosp,-1,2026-09-26,23,quantile,0.8,0
2026-10-03,wk inc rsv hosp,-1,2026-09-26,23,quantile,0.85,0
2026-10-03,wk inc rsv hosp,-1,2026-09-26,23,quantile,0.9,0
2026-10-03,wk inc rsv hosp,-1,2026-09-26,23,quantile,0.95,0
2026-10-03,wk inc rsv hosp,-1,2026-09-26,23,quantile,0.975,0
2026-10-03,wk inc rsv hosp,-1,2026-09-26,23,quantile,0.99,1
2026-10-03,wk inc rsv hosp,-1,2026-09-26,24,quantile,0.01,0
2026-10-03,wk inc rsv hosp,-1,2026-09-26,24,quantile,0.025,0
2026-10-03,wk inc rsv hosp,-1,2026-09-26,24,quantile,0.05,0
2026-10-03,wk inc rsv hosp,-1,2026-09-26,24,quantile,0.1,0
2026-10-03,wk inc rsv hosp,-1,2026-09-26,24,quantile,0.15,0
2026-10-03,wk inc rsv hosp,-1,2026-09-26,24,quantile,0.2,0
2026-10-03,wk inc rsv hosp,-1,2026-09-26,24,quantile,0.25,0
2026-10-03,wk inc rsv hosp,-1,2026-09-26,24,quantile,0.3,0
2026-10-03,wk inc rsv hosp,-1,2026-09-26,24,quantile,0.35,0
2026-10-03,wk inc rsv hosp,-1,2026-09-26,24,quantile,0.4,0
2026-10-03,wk inc rsv hosp,-1,2026-09-26,24,quantile,0.45,1
2026-10-03,wk inc rsv hosp,-1,2026-09-26,24,quantile,0.5,1
2026-10-03,wk inc rsv hosp,-1,2026-09-26,24,quantile,0.55,1
2026-10-03,wk inc rsv hosp,-1,2026-09-26,24,quantile,0.6,1
2026-10-03,wk inc rsv hosp,-1,2026-09-26,24,quantile,0.65,2
2026-10-03,wk inc rsv hosp,-1,2026-09-26,24,quantile,0.7,2
2026-10-03,wk inc rsv hosp,-1,2026-09-26,24,quantile,0.75,2
2026-10-03,wk inc rsv hosp,-1,2026-09-26,24,quantile,0.8,3
2026-10-03,wk inc rsv hosp,-1,2026-09-26,24,quantile,0.85,3
2026-10-03,wk inc rsv hosp,-1,2026-09-26,24,quantile,0.9,4
2026-10-03,wk inc rsv hosp,-1,2026-09-26,24,quantile,0.95,5
2026-10-03,wk inc rsv hosp,-1,2026-09-26,24,quantile,0.975,6
2026-10-03,wk inc rsv hosp,-1,2026-09-26,24,quantile,0.99,8
2026-10-03,wk inc rsv hosp,-1,2026-09-26,25,quantile,0.01,0
2026-10-03,wk inc rsv hosp,-1,2026-09-26,25,quantile,0.025,0
2026-10-03,wk inc rsv hosp,-1,2026-09-26,25,quantile,0.05,1
2026-10-03,wk inc rsv hosp,-1,2026-09-26,25,quantile,0.1,1
2026-10-03,wk inc rsv hosp,-1,2026-09-26,25,quantile,0.15,2
2026-10-03,wk inc rsv hosp,-1,2026-09-26,25,quantile,0.2,2
2026-10-03,wk inc rsv hosp,-1,2026-09-26,25,quantile,0.25,2
2026-10-03,wk inc rsv hosp,-1,2026-09-26,25,quantile,0.3,2
2026-10-03,wk inc rsv hosp,-1,2026-09-26,25,quantile,0.35,3
2026-10-03,wk inc rsv hosp,-1,2026-09-26,25,quantile,0.4,3
2026-10-03,wk inc rsv hosp,-1,2026-09-26,25,quantile,0.45,3
2026-10-03,wk inc rsv hosp,-1,2026-09-26,25,quantile,0.5,4
2026-10-03,wk inc rsv hosp,-1,2026-09-26,25,quantile,0.55,4
2026-10-03,wk inc rsv hosp,-1,2026-09-26,25,quantile,0.6,4
2026-10-03,wk inc rsv hosp,-1,2026-09-26,25,quantile,0.65,5
2026-10-03,wk inc rsv hosp,-1,2026-09-26,25,quantile,0.7,5
2026-10-03,wk inc rsv hosp,-1,2026-09-26,25,quantile,0.75,5
2026-10-03,wk inc rsv hosp,-1,2026-09-26,25,quantile,0.8,6
2026-10-03,wk inc rsv hosp,-1,2026-09-26,25,quantile,0.85,6
2026-10-03,wk inc rsv hosp,-1,2026-09-26,25,quantile,0.9,7
2026-10-03,wk inc rsv hosp,-1,2026-09-26,25,quantile,0.95,8
2026-10-03,wk inc rsv hosp,-1,2026-09-26,25,quantile,0.975,9
2026-10-03,wk inc rsv hosp,-1,2026-09-26,25,quantile,0.99,11
2026-10-03,wk inc rsv hosp,-1,2026-09-26,26,quantile,0.01,0
2026-10-03,wk inc rsv hosp,-1,2026-09-26,26,quantile,0.025,0
2026-10-03,wk inc rsv hosp,-1,2026-09-26,26,quantile,0.05,0
2026-10-03,wk inc rsv hosp,-1,2026-09-26,26,quantile,0.1,0
2026-10-03,wk inc rsv hosp,-1,2026-09-26,26,quantile,0.15,0
2026-10-03,wk inc rsv hosp,-1,2026-09-26,26,quantile,0.2,0
2026-10-03,wk inc rsv hosp,-1,2026-09-26,26,quantile,0.25,0
2026-10-03,wk inc rsv hosp,-1,2026-09-26,26,quantile,0.3,1
2026-10-03,wk inc rsv hosp,-1,2026-09-26,26,quantile,0.35,1
2026-10-03,wk inc rsv hosp,-1,2026-09-26,26,quantile,0.4,1
2026-10-03,wk inc rsv hosp,-1,2026-09-26,26,quantile,0.45,1
2026-10-03,wk inc rsv hosp,-1,2026-09-26,26,quantile,0.5,1
2026-10-03,wk inc rsv hosp,-1,2026-09-26,26,quantile,0.55,2
2026-10-03,wk inc rsv hosp,-1,2026-09-26,26,quantile,0.6,2
2026-10-03,wk inc rsv hosp,-1,2026-09-26,26,quantile,0.65,3
2026-10-03,wk inc rsv hosp,-1,2026-09-26,26,quantile,0.7,4
2026-10-03,wk inc rsv hosp,-1,2026-09-26,26,quantile,0.75,5
2026-10-03,wk inc rsv hosp,-1,2026-09-26,26,quantile,0.8,6
2026-10-03,wk inc rsv hosp,-1,2026-09-26,26,quantile,0.85,7
2026-10-03,wk inc rsv hosp,-1,2026-09-26,26,quantile,0.9,11
2026-10-03,wk inc rsv hosp,-1,2026-09-26,26,quantile,0.95,20
2026-10-03,wk inc rsv hosp,-1,2026-09-26,26,quantile,0.975,39
2026-10-03,wk inc rsv hosp,-1,2026-09-26,26,quantile,0.99,75
2026-10-03,wk inc rsv hosp,-1,2026-09-26,27,quantile,0.01,0
2026-10-03,wk inc rsv hosp,-1,2026-09-26,27,quantile,0.025,0
2026-10-03,wk inc rsv hosp,-1,2026-09-26,27,quantile,0.05,1
2026-10-03,wk inc rsv hosp,-1,2026-09-26,27,quantile,0.1,1
2026-10-03,wk inc rsv hosp,-1,2026-09-26,27,quantile,0.15,1
2026-10-03,wk inc rsv hosp,-1,2026-09-26,27,quantile,0.2,1
2026-10-03,wk inc rsv hosp,-1,2026-09-26,27,quantile,0.25,1
2026-10-03,wk inc rsv hosp,-1,2026-09-26,27,quantile,0.3,1
2026-10-03,wk inc rsv hosp,-1,2026-09-26,27,quantile,0.35,1
2026-10-03,wk inc rsv hosp,-1,2026-09-26,27,quantile,0.4,1
2026-10-03,wk inc rsv hosp,-1,2026-09-26,27,quantile,0.45,1
2026-10-03,wk inc rsv hosp,-1,2026-09-26,27,quantile,0.5,1
2026-10-03,wk inc rsv hosp,-1,2026-09-26,27,quantile,0.55,1
2026-10-03,wk inc rsv hosp,-1,2026-09-26,27,quantile,0.6,1
2026-10-03,wk inc rsv hosp,-1,2026-09-26,27,quantile,0.65,1
2026-10-03,wk inc rsv hosp,-1,2026-09-26,27,quantile,0.7,1
2026-10-03,wk inc rsv hosp,-1,2026-09-26,27,quantile,0.75,1
2026-10-03,wk inc rsv hosp,-1,2026-09-26,27,quantile,0.8,1
2026-10-03,wk inc rsv hosp,-1,2026-09-26,27,quantile,0.85,1
2026-10-03,wk inc rsv hosp,-1,2026-09-26,27,quantile,0.9,1
2026-10-03,wk inc rsv hosp,-1,2026-09-26,27,quantile,0.95,1
2026-10-03,wk inc rsv hosp,-1,2026-09-26,27,quantile,0.975,2
2026-10-03,wk inc rsv hosp,-1,2026-09-26,27,quantile,0.99,2
2026-10-03,wk inc rsv hosp,-1,2026-09-26,28,quantile,0.01,0
2026-10-03,wk inc rsv hosp,-1,2026-09-26,28,quantile,0.025,1
2026-10-03,wk inc rsv hosp,-1,2026-09-26,28,quantile,0.05,2
2026-10-03,wk inc rsv hosp,-1,2026-09-26,28,quantile,0.1,3
2026-10-03,wk inc rsv hosp,-1,2026-09-26,28,quantile,0.15,4
2026-10-03,wk inc rsv hosp,-1,2026-09-26,28,quantile,0.2,4
2026-10-03,wk inc rsv hosp,-1,2026-09-26,28,quantile,0.25,4
2026-10-03,wk inc rsv hosp,-1,2026-09-26,28,quantile,0.3,4
2026-10-03,wk inc rsv hosp,-1,2026-09-26,28,quantile,0.35,4
2026-10-03,wk inc rsv hosp,-1,2026-09-26,28,quantile,0.4,5
2026-10-03,wk inc rsv hosp,-1,2026-09-26,28,quantile,0.45,5
2026-10-03,wk inc rsv hosp,-1,2026-09-26,28,quantile,0.5,5
2026-10-03,wk inc rsv hosp,-1,2026-09-26,28,quantile,0.55,5
2026-10-03,wk inc rsv hosp,-1,2026-09-26,28,quantile,0.6,6
2026-10-03,wk inc rsv hosp,-1,2026-09-26,28,quantile,0.65,6
2026-10-03,wk inc rsv hosp,-1,2026-09-26,28,quantile,0.7,6
2026-10-03,wk inc rsv hosp,-1,2026-09-26,28,quantile,0.75,7
2026-10-03,wk inc rsv hosp,-1,2026-09-26,28,quantile,0.8,7
2026-10-03,wk inc rsv hosp,-1,2026-09-26,28,quantile,0.85,7
2026-10-03,wk inc rsv hosp,-1,2026-09-26,28,quantile,0.9,8
2026-10-03,wk inc rsv hosp,-1,2026-09-26,28,quantile,0.95,9
2026-10-03,wk inc rsv hosp,-1,2026-09-26,28,quantile,0.975,10
2026-10-03,wk inc rsv hosp,-1,2026-09-26,28,quantile,0.99,13
2026-10-03,wk inc rsv hosp,-1,2026-09-26,29,quantile,0.01,0
2026-10-03,wk inc rsv hosp,-1,2026-09-26,29,quantile,0.025,0
2026-10-03,wk inc rsv hosp,-1,2026-09-26,29,quantile,0.05,1
2026-10-03,wk inc rsv hosp,-1,2026-09-26,29,quantile,0.1,1
2026-10-03,wk inc rsv hosp,-1,2026-09-26,29,quantile,0.15,2
2026-10-03,wk inc rsv hosp,-1,2026-09-26,29,quantile,0.2,2
2026-10-03,wk inc rsv hosp,-1,2026-09-26,29,quantile,0.25,2
2026-10-03,wk inc rsv hosp,-1,2026-09-26,29,quantile,0.3,2
2026-10-03,wk inc rsv hosp,-1,2026-09-26,29,quantile,0.35,2
2026-10-03,wk inc rsv hosp,-1,2026-09-26,29,quantile,0.4,2
2026-10-03,wk inc rsv hosp,-1,2026-09-26,29,quantile,0.45,2
2026-10-03,wk inc rsv hosp,-1,2026-09-26,29,quantile,0.5,2
2026-10-03,wk inc rsv hosp,-1,2026-09-26,29,quantile,0.55,3
2026-10-03,wk inc rsv hosp,-1,2026-09-26,29,quantile,0.6,3
2026-10-03,wk inc rsv hosp,-1,2026-09-26,29,quantile,0.65,3
2026-10-03,wk inc rsv hosp,-1,2026-09-26,29,quantile,0.7,3
2026-10-03,wk inc rsv hosp,-1,2026-09-26,29,quantile,0.75,4
2026-10-03,wk inc rsv hosp,-1,2026-09-26,29,quantile,0.8,4
2026-10-03,wk inc rsv hosp,-1,2026-09-26,29,quantile,0.85,4
2026-10-03,wk inc rsv hosp,-1,2026-09-26,29,quantile,0.9,5
2026-10-03,wk inc rsv hosp,-1,2026-09-26,29,quantile,0.95,6
2026-10-03,wk inc rsv hosp,-1,2026-09-26,29,quantile,0.975,7
2026-10-03,wk inc rsv hosp,-1,2026-09-26,29,quantile,0.99,8
2026-10-03,wk inc rsv hosp,-1,2026-09-26,30,quantile,0.01,0
2026-10-03,wk inc rsv hosp,-1,2026-09-26,30,quantile,0.025,0
2026-10-03,wk inc rsv hosp,-1,2026-09-26,30,quantile,0.05,0
2026-10-03,wk inc rsv hosp,-1,2026-09-26,30,quantile,0.1,0
2026-10-03,wk inc rsv hosp,-1,2026-09-26,30,quantile,0.15,0
2026-10-03,wk inc rsv hosp,-1,2026-09-26,30,quantile,0.2,0
2026-10-03,wk inc rsv hosp,-1,2026-09-26,30,quantile,0.25,0
2026-10-03,wk inc rsv hosp,-1,2026-09-26,30,quantile,0.3,0
2026-10-03,wk inc rsv hosp,-1,2026-09-26,30,quantile,0.35,0
2026-10-03,wk inc rsv hosp,-1,2026-09-26,30,quantile,0.4,0
2026-10-03,wk inc rsv hosp,-1,2026-09-26,30,quantile,0.45,0
2026-10-03,wk inc rsv hosp,-1,2026-09-26,30,quantile,0.5,0
2026-10-03,wk inc rsv hosp,-1,2026-09-26,30,quantile,0.55,0
2026-10-03,wk inc rsv hosp,-1,2026-09-26,30,quantile,0.6,0
2026-10-03,wk inc rsv hosp,-1,2026-09-26,30,quantile,0.65,0
2026-10-03,wk inc rsv hosp,-1,2026-09-26,30,quantile,0.7,0
2026-10-03,wk inc rsv hosp,-1,2026-09-26,30,quantile,0.75,0
2026-10-03,wk inc rsv hosp,-1,2026-09-26,30,quantile,0.8,0
2026-10-03,wk inc rsv hosp,-1,2026-09-26,30,quantile,0.85,1
2026-10-03,wk inc rsv hosp,-1,2026-09-26,30,quantile,0.9,1
2026-10-03,wk inc rsv hosp,-1,2026-09-26,30,quantile,0.95,2
2026-10-03,wk inc rsv hosp,-1,2026-09-26,30,quantile,0.975,2
2026-10-03,wk inc rsv hosp,-1,2026-09-26,30,quantile,0.99,3
2026-10-03,wk inc rsv hosp,-1,2026-09-26,31,quantile,0.01,0
2026-10-03,wk inc rsv hosp,-1,2026-09-26,31,quantile,0.025,0
2026-10-03,wk inc rsv hosp,-1,2026-09-26,31,quantile,0.05,0
2026-10-03,wk inc rsv hosp,-1,2026-09-26,31,quantile,0.1,0
2026-10-03,wk inc rsv hosp,-1,2026-09-26,31,quantile,0.15,0
2026-10-03,wk inc rsv hosp,-1,2026-09-26,31,quantile,0.2,1
2026-10-03,wk inc rsv hosp,-1,2026-09-26,31,quantile,0.25,1
2026-10-03,wk inc rsv hosp,-1,2026-09-26,31,quantile,0.3,1
2026-10-03,wk inc rsv hosp,-1,2026-09-26,31,quantile,0.35,1
2026-10-03,wk inc rsv hosp,-1,2026-09-26,31,quantile,0.4,1
2026-10-03,wk inc rsv hosp,-1,2026-09-26,31,quantile,0.45,1
2026-10-03,wk inc rsv hosp,-1,2026-09-26,31,quantile,0.5,1
2026-10-03,wk inc rsv hosp,-1,2026-09-26,31,quantile,0.55,1
2026-10-03,wk inc rsv hosp,-1,2026-09-26,31,quantile,0.6,2
2026-10-03,wk inc rsv hosp,-1,2026-09-26,31,quantile,0.65,2
2026-10-03,wk inc rsv hosp,-1,2026-09-26,31,quantile,0.7,2
2026-10-03,wk inc rsv hosp,-1,2026-09-26,31,quantile,0.75,2
2026-10-03,wk inc rsv hosp,-1,2026-09-26,31,quantile,0.8,2
2026-10-03,wk inc rsv hosp,-1,2026-09-26,31,quantile,0.85,3
2026-10-03,wk inc rsv hosp,-1,2026-09-26,31,quantile,0.9,3
2026-10-03,wk inc rsv hosp,-1,2026-09-26,31,quantile,0.95,4
2026-10-03,wk inc rsv hosp,-1,2026-09-26,31,quantile,0.975,4
2026-10-03,wk inc rsv hosp,-1,2026-09-26,31,quantile,0.99,6
2026-10-03,wk inc rsv hosp,-1,2026-09-26,32,quantile,0.01,0
2026-10-03,wk inc rsv hosp,-1,2026-09-26,32,quantile,0.025,0
2026-10-03,wk inc rsv hosp,-1,2026-09-26,32,quantile,0.05,1
2026-10-03,wk inc rsv hosp,-1,2026-09-26,32,quantile,0.1,2
2026-10-03,wk inc rsv hosp,-1,2026-09-26,32,quantile,0.15,2
2026-10-03,wk inc rsv hosp,-1,2026-09-26,32,quantile,0.2,2
2026-10-03,wk inc rsv hosp,-1,2026-09-26,32,quantile,0.25,2
2026-10-03,wk inc rsv hosp,-1,2026-09-26,32,quantile,0.3,2
2026-10-03,wk inc rsv hosp,-1,2026-09-26,32,quantile,0.35,2
2026-10-03,wk inc rsv hosp,-1,2026-09-26,32,quantile,0.4,2
2026-10-03,wk inc rsv hosp,-1,2026-09-26,32,quantile,0.45,2
2026-10-03,wk inc rsv hosp,-1,2026-09-26,32,quantile,0.5,2
2026-10-03,wk inc rsv hosp,-1,2026-09-26,32,quantile,0.55,2
2026-10-03,wk inc rsv hosp,-1,2026-09-26,32,quantile,0.6,2
2026-10-03,wk inc rsv hosp,-1,2026-09-26,32,quantile,0.65,2
2026-10-03,wk inc rsv hosp,-1,2026-09-26,32,quantile,0.7,2
2026-10-03,wk inc rsv hosp,-1,2026-09-26,32,quantile,0.75,2
2026-10-03,wk inc rsv hosp,-1,2026-09-26,32,quantile,0.8,2
2026-10-03,wk inc rsv hosp,-1,2026-09-26,32,quantile,0.85,2
2026-10-03,wk inc rsv hosp,-1,2026-09-26,32,quantile,0.9,3
2026-10-03,wk inc rsv hosp,-1,2026-09-26,32,quantile,0.95,3
2026-10-03,wk inc rsv hosp,-1,2026-09-26,32,quantile,0.975,4
2026-10-03,wk inc rsv hosp,-1,2026-09-26,32,quantile,0.99,5
2026-10-03,wk inc rsv hosp,-1,2026-09-26,33,quantile,0.01,0
2026-10-03,wk inc rsv hosp,-1,2026-09-26,33,quantile,0.025,0
2026-10-03,wk inc rsv hosp,-1,2026-09-26,33,quantile,0.05,0
2026-10-03,wk inc rsv hosp,-1,2026-09-26,33,quantile,0.1,0
2026-10-03,wk inc rsv hosp,-1,2026-09-26,33,quantile,0.15,0
2026-10-03,wk inc rsv hosp,-1,2026-09-26,33,quantile,0.2,0
2026-10-03,wk inc rsv hosp,-1,2026-09-26,33,quantile,0.25,0
2026-10-03,wk inc rsv hosp,-1,2026-09-26,33,quantile,0.3,0
2026-10-03,wk inc rsv hosp,-1,2026-09-26,33,quantile,0.35,0
2026-10-03,wk inc rsv hosp,-1,2026-09-26,33,quantile,0.4,0
2026-10-03,wk inc rsv hosp,-1,2026-09-26,33,quantile,0.45,0
2026-10-03,wk inc rsv hosp,-1,2026-09-26,33,quantile,0.5,0
2026-10-03,wk inc rsv hosp,-1,2026-09-26,33,quantile,0.55,0
2026-10-03,wk inc rsv hosp,-1,2026-09-26,33,quantile,0.6,0
2026-10-03,wk inc rsv hosp,-1,2026-09-26,33,quantile,0.65,0
2026-10-03,wk inc rsv hosp,-1,2026-09-26,33,quantile,0.7,0
2026-10-03,wk inc rsv hosp,-1,2026-09-26,33,quantile,0.75,0
2026-10-03,wk inc rsv hosp,-1,2026-09-26,33,quantile,0.8,0
2026-10-03,wk inc rsv hosp,-1,2026-09-26,33,quantile,0.85,1
2026-10-03,wk inc rsv hosp,-1,2026-09-26,33,quantile,0.9,1
2026-10-03,wk inc rsv hosp,-1,2026-09-26,33,quantile,0.95,1
2026-10-03,wk inc rsv hosp,-1,2026-09-26,33,quantile,0.975,2
2026-10-03,wk inc rsv hosp,-1,2026-09-26,33,quantile,0.99,3
2026-10-03,wk inc rsv hosp,-1,2026-09-26,34,quantile,0.01,4
2026-10-03,wk inc rsv hosp,-1,2026-09-26,34,quantile,0.025,5
2026-10-03,wk inc rsv hosp,-1,2026-09-26,34,quantile,0.05,6
2026-10-03,wk inc rsv hosp,-1,2026-09-26,34,quantile,0.1,7
2026-10-03,wk inc rsv hosp,-1,2026-09-26,34,quantile,0.15,8
2026-10-03,wk inc rsv hosp,-1,2026-09-26,34,quantile,0.2,8
2026-10-03,wk inc rsv hosp,-1,2026-09-26,34,quantile,0.25,8
2026-10-03,wk inc rsv hosp,-1,2026-09-26,34,quantile,0.3,9
2026-10-03,wk inc rsv hosp,-1,2026-09-26,34,quantile,0.35,9
2026-10-03,wk inc rsv hosp,-1,2026-09-26,34,quantile,0.4,9
2026-10-03,wk inc rsv hosp,-1,2026-09-26,34,quantile,0.45,10
2026-10-03,wk inc rsv hosp,-1,2026-09-26,34,quantile,0.5,10
2026-10-03,wk inc rsv hosp,-1,2026-09-26,34,quantile,0.55,10
2026-10-03,wk inc rsv hosp,-1,2026-09-26,34,quantile,0.6,11
2026-10-03,wk inc rsv hosp,-1,2026-09-26,34,quantile,0.65,11
2026-10-03,wk inc rsv hosp,-1,2026-09-26,34,quantile,0.7,12
2026-10-03,wk inc rsv hosp,-1,2026-09-26,34,quantile,0.75,12
2026-10-03,wk inc rsv hosp,-1,2026-09-26,34,quantile,0.8,12
2026-10-03,wk inc rsv hosp,-1,2026-09-26,34,quantile,0.85,13
2026-10-03,wk inc rsv hosp,-1,2026-09-26,34,quantile,0.9,14
2026-10-03,wk inc rsv hosp,-1,2026-09-26,34,quantile,0.95,15
2026-10-03,wk inc rsv hosp,-1,2026-09-26,34,quantile,0.975,17
2026-10-03,wk inc rsv hosp,-1,2026-09-26,34,quantile,0.99,18
2026-10-03,wk inc rsv hosp,-1,2026-09-26,35,quantile,0.01,0
2026-10-03,wk inc rsv hosp,-1,2026-09-26,35,quantile,0.025,1
2026-10-03,wk inc rsv hosp,-1,2026-09-26,35,quantile,0.05,1
2026-10-03,wk inc rsv hosp,-1,2026-09-26,35,quantile,0.1,1
2026-10-03,wk inc rsv hosp,-1,2026-09-26,35,quantile,0.15,1
2026-10-03,wk inc rsv hosp,-1,2026-09-26,35,quantile,0.2,1
2026-10-03,wk inc rsv hosp,-1,2026-09-26,35,quantile,0.25,1
2026-10-03,wk inc rsv hosp,-1,2026-09-26,35,quantile,0.3,1
2026-10-03,wk inc rsv hosp,-1,2026-09-26,35,quantile,0.35,1
2026-10-03,wk inc rsv hosp,-1,2026-09-26,35,quantile,0.4,1
2026-10-03,wk inc rsv hosp,-1,2026-09-26,35,quantile,0.45,1
2026-10-03,wk inc rsv hosp,-1,2026-09-26,35,quantile,0.5,1
2026-10-03,wk inc rsv hosp,-1,2026-09-26,35,quantile,0.55,1
2026-10-03,wk inc rsv hosp,-1,2026-09-26,35,quantile,0.6,1
2026-10-03,wk inc rsv hosp,-1,2026-09-26,35,quantile,0.65,1
2026-10-03,wk inc rsv hosp,-1,2026-09-26,35,quantile,0.7,1
2026-10-03,wk inc rsv hosp,-1,2026-09-26,35,quantile,0.75,1
2026-10-03,wk inc rsv hosp,-1,2026-09-26,35,quantile,0.8,1
2026-10-03,wk inc rsv hosp,-1,2026-09-26,35,quantile,0.85,1
2026-10-03,wk inc rsv hosp,-1,2026-09-26,35,quantile,0.9,1
2026-10-03,wk inc rsv hosp,-1,2026-09-26,35,quantile,0.95,1
2026-10-03,wk inc rsv hosp,-1,2026-09-26,35,quantile,0.975,1
2026-10-03,wk inc rsv hosp,-1,2026-09-26,35,quantile,0.99,1
2026-10-03,wk inc rsv hosp,-1,2026-09-26,36,quantile,0.01,5
2026-10-03,wk inc rsv hosp,-1,2026-09-26,36,quantile,0.025,9
2026-10-03,wk inc rsv hosp,-1,2026-09-26,36,quantile,0.05,12
2026-10-03,wk inc rsv hosp,-1,2026-09-26,36,quantile,0.1,15
2026-10-03,wk inc rsv hosp,-1,2026-09-26,36,quantile,0.15,16
2026-10-03,wk inc rsv hosp,-1,2026-09-26,36,quantile,0.2,17
2026-10-03,wk inc rsv hosp,-1,2026-09-26,36,quantile,0.25,18
2026-10-03,wk inc rsv hosp,-1,2026-09-26,36,quantile,0.3,19
2026-10-03,wk inc rsv hosp,-1,2026-09-26,36,quantile,0.35,20
2026-10-03,wk inc rsv hosp,-1,2026-09-26,36,quantile,0.4,21
2026-10-03,wk inc rsv hosp,-1,2026-09-26,36,quantile,0.45,22
2026-10-03,wk inc rsv hosp,-1,2026-09-26,36,quantile,0.5,23
2026-10-03,wk inc rsv hosp,-1,2026-09-26,36,quantile,0.55,24
2026-10-03,wk inc rsv hosp,-1,2026-09-26,36,quantile,0.6,24
2026-10-03,wk inc rsv hosp,-1,2026-09-26,36,quantile,0.65,26
2026-10-03,wk inc rsv hosp,-1,2026-09-26,36,quantile,0.7,27
2026-10-03,wk inc rsv hosp,-1,2026-09-26,36,quantile,0.75,28
2026-10-03,wk inc rsv hosp,-1,2026-09-26,36,quantile,0.8,29
2026-10-03,wk inc rsv hosp,-1,2026-09-26,36,quantile,0.85,31
2026-10-03,wk inc rsv hosp,-1,2026-09-26,36,quantile,0.9,33
2026-10-03,wk inc rsv hosp,-1,2026-09-26,36,quantile,0.95,37
2026-10-03,wk inc rsv hosp,-1,2026-09-26,36,quantile,0.975,40
2026-10-03,wk inc rsv hosp,-1,2026-09-26,36,quantile,0.99,43
2026-10-03,wk inc rsv hosp,-1,2026-09-26,37,quantile,0.01,0
2026-10-03,wk inc rsv hosp,-1,2026-09-26,37,quantile,0.025,0
2026-10-03,wk inc rsv hosp,-1,2026-09-26,37,quantile,0.05,2
2026-10-03,wk inc rsv hosp,-1,2026-09-26,37,quantile,0.1,3
2026-10-03,wk inc rsv hosp,-1,2026-09-26,37,quantile,0.15,4
2026-10-03,wk inc rsv hosp,-1,2026-09-26,37,quantile,0.2,4
2026-10-03,wk inc rsv hosp,-1,2026-09-26,37,quantile,0.25,5
2026-10-03,wk inc rsv hosp,-1,2026-09-26,37,quantile,0.3,5
2026-10-03,wk inc rsv hosp,-1,2026-09-26,37,quantile,0.35,5
2026-10-03,wk inc rsv hosp,-1,2026-09-26,37,quantile,0.4,5
2026-10-03,wk inc rsv hosp,-1,2026-09-26,37,quantile,0.45,6
2026-10-03,wk inc rsv hosp,-1,2026-09-26,37,quantile,0.5,6
2026-10-03,wk inc rsv hosp,-1,2026-09-26,37,quantile,0.55,6
2026-10-03,wk inc rsv hosp,-1,2026-09-26,37,quantile,0.6,7
2026-10-03,wk inc rsv hosp,-1,2026-09-26,37,quantile,0.65,7
2026-10-03,wk inc rsv hosp,-1,2026-09-26,37,quantile,0.7,7
2026-10-03,wk inc rsv hosp,-1,2026-09-26,37,quantile,0.75,8
2026-10-03,wk inc rsv hosp,-1,2026-09-26,37,quantile,0.8,9
2026-10-03,wk inc rsv hosp,-1,2026-09-26,37,quantile,0.85,10
2026-10-03,wk inc rsv hosp,-1,2026-09-26,37,quantile,0.9,11
2026-10-03,wk inc rsv hosp,-1,2026-09-26,37,quantile,0.95,13
2026-10-03,wk inc rsv hosp,-1,2026-09-26,37,quantile,0.975,15
2026-10-03,wk inc rsv hosp,-1,2026-09-26,37,quantile,0.99,17
2026-10-03,wk inc rsv hosp,-1,2026-09-26,38,quantile,0.01,0
2026-10-03,wk inc rsv hosp,-1,2026-09-26,38,quantile,0.025,0
2026-10-03,wk inc rsv hosp,-1,2026-09-26,38,quantile,0.05,0
2026-10-03,wk inc rsv hosp,-1,2026-09-26,38,quantile,0.1,0
2026-10-03,wk inc rsv hosp,-1,2026-09-26,38,quantile,0.15,0
2026-10-03,wk inc rsv hosp,-1,2026-09-26,38,quantile,0.2,0
2026-10-03,wk inc rsv hosp,-1,2026-09-26,38,quantile,0.25,0
2026-10-03,wk inc rsv hosp,-1,2026-09-26,38,quantile,0.3,0
2026-10-03,wk inc rsv hosp,-1,2026-09-26,38,quantile,0.35,0
2026-10-03,wk inc rsv hosp,-1,2026-09-26,38,quantile,0.4,0
2026-10-03,wk inc rsv hosp,-1,2026-09-26,38,quantile,0.45,0
2026-10-03,wk inc rsv hosp,-1,2026-09-26,38,quantile,0.5,0
2026-10-03,wk inc rsv hosp,-1,2026-09-26,38,quantile,0.55,0
2026-10-03,wk inc rsv hosp,-1,2026-09-26,38,quantile,0.6,0
2026-10-03,wk inc rsv hosp,-1,2026-09-26,38,quantile,0.65,0
2026-10-03,wk inc rsv hosp,-1,2026-09-26,38,quantile,0.7,0
2026-10-03,wk inc rsv hosp,-1,2026-09-26,38,quantile,0.75,0
2026-10-03,wk inc rsv hosp,-1,2026-09-26,38,quantile,0.8,0
2026-10-03,wk inc rsv hosp,-1,2026-09-26,38,quantile,0.85,0
2026-10-03,wk inc rsv hosp,-1,2026-09-26,38,quantile,0.9,1
2026-10-03,wk inc rsv hosp,-1,2026-09-26,38,quantile,0.95,1
2026-10-03,wk inc rsv hosp,-1,2026-09-26,38,quantile,0.975,2
2026-10-03,wk inc rsv hosp,-1,2026-09-26,38,quantile,0.99,3
2026-10-03,wk inc rsv hosp,-1,2026-09-26,39,quantile,0.01,3
2026-10-03,wk inc rsv hosp,-1,2026-09-26,39,quantile,0.025,4
2026-10-03,wk inc rsv hosp,-1,2026-09-26,39,quantile,0.05,5
2026-10-03,wk inc rsv hosp,-1,2026-09-26,39,quantile,0.1,6
2026-10-03,wk inc rsv hosp,-1,2026-09-26,39,quantile,0.15,6
2026-10-03,wk inc rsv hosp,-1,2026-09-26,39,quantile,0.2,7
2026-10-03,wk inc rsv hosp,-1,2026-09-26,39,quantile,0.25,7
2026-10-03,wk inc rsv hosp,-1,2026-09-26,39,quantile,0.3,7
2026-10-03,wk inc rsv hosp,-1,2026-09-26,39,quantile,0.35,8
2026-10-03,wk inc rsv hosp,-1,2026-09-26,39,quantile,0.4,8
2026-10-03,wk inc rsv hosp,-1,2026-09-26,39,quantile,0.45,8
2026-10-03,wk inc rsv hosp,-1,2026-09-26,39,quantile,0.5,9
2026-10-03,wk inc rsv hosp,-1,2026-09-26,39,quantile,0.55,9
2026-10-03,wk inc rsv hosp,-1,2026-09-26,39,quantile,0.6,9
2026-10-03,wk inc rsv hosp,-1,2026-09-26,39,quantile,0.65,10
2026-10-03,wk inc rsv hosp,-1,2026-09-26,39,quantile,0.7,10
2026-10-03,wk inc rsv hosp,-1,2026-09-26,39,quantile,0.75,10
2026-10-03,wk inc rsv hosp,-1,2026-09-26,39,quantile,0.8,11
2026-10-03,wk inc rsv hosp,-1,2026-09-26,39,quantile,0.85,11
2026-10-03,wk inc rsv hosp,-1,2026-09-26,39,quantile,0.9,12
2026-10-03,wk inc rsv hosp,-1,2026-09-26,39,quantile,0.95,14
2026-10-03,wk inc rsv hosp,-1,2026-09-26,39,quantile,0.975,15
2026-10-03,wk inc rsv hosp,-1,2026-09-26,39,quantile,0.99,16
2026-10-03,wk inc rsv hosp,-1,2026-09-26,40,quantile,0.01,0
2026-10-03,wk inc rsv hosp,-1,2026-09-26,40,quantile,0.025,0
2026-10-03,wk inc rsv hosp,-1,2026-09-26,40,quantile,0.05,0
2026-10-03,wk inc rsv hosp,-1,2026-09-26,40,quantile,0.1,0
2026-10-03,wk inc rsv hosp,-1,2026-09-26,40,quantile,0.15,1
2026-10-03,wk inc rsv hosp,-1,2026-09-26,40,quantile,0.2,1
2026-10-03,wk inc rsv hosp,-1,2026-09-26,40,quantile,0.25,1
2026-10-03,wk inc rsv hosp,-1,2026-09-26,40,quantile,0.3,1
2026-10-03,wk inc rsv hosp,-1,2026-09-26,40,quantile,0.35,1
2026-10-03,wk inc rsv hosp,-1,2026-09-26,40,quantile,0.4,1
2026-10-03,wk inc rsv hosp,-1,2026-09-26,40,quantile,0.45,1
2026-10-03,wk inc rsv hosp,-1,2026-09-26,40,quantile,0.5,1
2026-10-03,wk inc rsv hosp,-1,2026-09-26,40,quantile,0.55,1
2026-10-03,wk inc rsv hosp,-1,2026-09-26,40,quantile,0.6,2
2026-10-03,wk inc rsv hosp,-1,2026-09-26,40,quantile,0.65,2
2026-10-03,wk inc rsv hosp,-1,2026-09-26,40,quantile,0.7,2
2026-10-03,wk inc rsv hosp,-1,2026-09-26,40,quantile,0.75,2
2026-10-03,wk inc rsv hosp,-1,2026-09-26,40,quantile,0.8,2
2026-10-03,wk inc rsv hosp,-1,2026-09-26,40,quantile,0.85,3
2026-10-03,wk inc rsv hosp,-1,2026-09-26,40,quantile,0.9,3
2026-10-03,wk inc rsv hosp,-1,2026-09-26,40,quantile,0.95,4
2026-10-03,wk inc rsv hosp,-1,2026-09-26,40,quantile,0.975,4
2026-10-03,wk inc rsv hosp,-1,2026-09-26,40,quantile,0.99,5
2026-10-03,wk inc rsv hosp,-1,2026-09-26,41,quantile,0.01,0
2026-10-03,wk inc rsv hosp,-1,2026-09-26,41,quantile,0.025,0
2026-10-03,wk inc rsv hosp,-1,2026-09-26,41,quantile,0.05,0
2026-10-03,wk inc rsv hosp,-1,2026-09-26,41,quantile,0.1,0
2026-10-03,wk inc rsv hosp,-1,2026-09-26,41,quantile,0.15,0
2026-10-03,wk inc rsv hosp,-1,2026-09-26,41,quantile,0.2,1
2026-10-03,wk inc rsv hosp,-1,2026-09-26,41,quantile,0.25,1
2026-10-03,wk inc rsv hosp,-1,2026-09-26,41,quantile,0.3,1
2026-10-03,wk inc rsv hosp,-1,2026-09-26,41,quantile,0.35,1
2026-10-03,wk inc rsv hosp,-1,2026-09-26,41,quantile,0.4,1
2026-10-03,wk inc rsv hosp,-1,2026-09-26,41,quantile,0.45,1
2026-10-03,wk inc rsv hosp,-1,2026-09-26,41,quantile,0.5,1
2026-10-03,wk inc rsv hosp,-1,2026-09-26,41,quantile,0.55,1
2026-10-03,wk inc rsv hosp,-1,2026-09-26,41,quantile,0.6,1
2026-10-03,wk inc rsv hosp,-1,2026-09-26,41,quantile,0.65,1
2026-10-03,wk inc rsv hosp,-1,2026-09-26,41,quantile,0.7,1
2026-10-03,wk inc rsv hosp,-1,2026-09-26,41,quantile,0.75,2
2026-10-03,wk inc rsv hosp,-1,2026-09-26,41,quantile,0.8,2
2026-10-03,wk inc rsv hosp,-1,2026-09-26,41,quantile,0.85,2
2026-10-03,wk inc rsv hosp,-1,2026-09-26,41,quantile,0.9,2
2026-10-03,wk inc rsv hosp,-1,2026-09-26,41,quantile,0.95,3
2026-10-03,wk inc rsv hosp,-1,2026-09-26,41,quantile,0.975,4
2026-10-03,wk inc rsv hosp,-1,2026-09-26,41,quantile,0.99,4
2026-10-03,wk inc rsv hosp,-1,2026-09-26,42,quantile,0.01,26
2026-10-03,wk inc rsv hosp,-1,2026-09-26,42,quantile,0.025,29
2026-10-03,wk inc rsv hosp,-1,2026-09-26,42,quantile,0.05,31
2026-10-03,wk inc rsv hosp,-1,2026-09-26,42,quantile,0.1,34
2026-10-03,wk inc rsv hosp,-1,2026-09-26,42,quantile,0.15,36
2026-10-03,wk inc rsv hosp,-1,2026-09-26,42,quantile,0.2,37
2026-10-03,wk inc rsv hosp,-1,2026-09-26,42,quantile,0.25,39
2026-10-03,wk inc rsv hosp,-1,2026-09-26,42,quantile,0.3,40
2026-10-03,wk inc rsv hosp,-1,2026-09-26,42,quantile,0.35,41
2026-10-03,wk inc rsv hosp,-1,2026-09-26,42,quantile,0.4,42
2026-10-03,wk inc rsv hosp,-1,2026-09-26,42,quantile,0.45,43
2026-10-03,wk inc rsv hosp,-1,2026-09-26,42,quantile,0.5,44
2026-10-03,wk inc rsv hosp,-1,2026-09-26,42,quantile,0.55,45
2026-10-03,wk inc rsv hosp,-1,2026-09-26,42,quantile,0.6,46
2026-10-03,wk inc rsv hosp,-1,2026-09-26,42,quantile,0.65,47
2026-10-03,wk inc rsv hosp,-1,2026-09-26,42,quantile,0.7,48
2026-10-03,wk inc rsv hosp,-1,2026-09-26,42,quantile,0.75,49
2026-10-03,wk inc rsv hosp,-1,2026-09-26,42,quantile,0.8,51
2026-10-03,wk inc rsv hosp,-1,2026-09-26,42,quantile,0.85,53
2026-10-03,wk inc rsv hosp,-1,2026-09-26,42,quantile,0.9,54
2026-10-03,wk inc rsv hosp,-1,2026-09-26,42,quantile,0.95,59
2026-10-03,wk inc rsv hosp,-1,2026-09-26,42,quantile,0.975,64
2026-10-03,wk inc rsv hosp,-1,2026-09-26,42,quantile,0.99,67
2026-10-03,wk inc rsv hosp,-1,2026-09-26,44,quantile,0.01,0
2026-10-03,wk inc rsv hosp,-1,2026-09-26,44,quantile,0.025,0
2026-10-03,wk inc rsv hosp,-1,2026-09-26,44,quantile,0.05,0
2026-10-03,wk inc rsv hosp,-1,2026-09-26,44,quantile,0.1,0
2026-10-03,wk inc rsv hosp,-1,2026-09-26,44,quantile,0.15,0
2026-10-03,wk inc rsv hosp,-1,2026-09-26,44,quantile,0.2,1
2026-10-03,wk inc rsv hosp,-1,2026-09-26,44,quantile,0.25,1
2026-10-03,wk inc rsv hosp,-1,2026-09-26,44,quantile,0.3,1
2026-10-03,wk inc rsv hosp,-1,2026-09-26,44,quantile,0.35,1
2026-10-03,wk inc rsv hosp,-1,2026-09-26,44,quantile,0.4,1
2026-10-03,wk inc rsv hosp,-1,2026-09-26,44,quantile,0.45,1
2026-10-03,wk inc rsv hosp,-1,2026-09-26,44,quantile,0.5,1
2026-10-03,wk inc rsv hosp,-1,2026-09-26,44,quantile,0.55,2
2026-10-03,wk inc rsv hosp,-1,2026-09-26,44,quantile,0.6,2
2026-10-03,wk inc rsv hosp,-1,2026-09-26,44,quantile,0.65,2
2026-10-03,wk inc rsv hosp,-1,2026-09-26,44,quantile,0.7,2
2026-10-03,wk inc rsv hosp,-1,2026-09-26,44,quantile,0.75,2
2026-10-03,wk inc rsv hosp,-1,2026-09-26,44,quantile,0.8,3
2026-10-03,wk inc rsv hosp,-1,2026-09-26,44,quantile,0.85,3
2026-10-03,wk inc rsv hosp,-1,2026-09-26,44,quantile,0.9,3
2026-10-03,wk inc rsv hosp,-1,2026-09-26,44,quantile,0.95,4
2026-10-03,wk inc rsv hosp,-1,2026-09-26,44,quantile,0.975,5
2026-10-03,wk inc rsv hosp,-1,2026-09-26,44,quantile,0.99,7
2026-10-03,wk inc rsv hosp,-1,2026-09-26,45,quantile,0.01,0
2026-10-03,wk inc rsv hosp,-1,2026-09-26,45,quantile,0.025,1
2026-10-03,wk inc rsv hosp,-1,2026-09-26,45,quantile,0.05,2
2026-10-03,wk inc rsv hosp,-1,2026-09-26,45,quantile,0.1,3
2026-10-03,wk inc rsv hosp,-1,2026-09-26,45,quantile,0.15,4
2026-10-03,wk inc rsv hosp,-1,2026-09-26,45,quantile,0.2,5
2026-10-03,wk inc rsv hosp,-1,2026-09-26,45,quantile,0.25,5
2026-10-03,wk inc rsv hosp,-1,2026-09-26,45,quantile,0.3,5
2026-10-03,wk inc rsv hosp,-1,2026-09-26,45,quantile,0.35,5
2026-10-03,wk inc rsv hosp,-1,2026-09-26,45,quantile,0.4,6
2026-10-03,wk inc rsv hosp,-1,2026-09-26,45,quantile,0.45,6
2026-10-03,wk inc rsv hosp,-1,2026-09-26,45,quantile,0.5,6
2026-10-03,wk inc rsv hosp,-1,2026-09-26,45,quantile,0.55,7
2026-10-03,wk inc rsv hosp,-1,2026-09-26,45,quantile,0.6,7
2026-10-03,wk inc rsv hosp,-1,2026-09-26,45,quantile,0.65,7
2026-10-03,wk inc rsv hosp,-1,2026-09-26,45,quantile,0.7,8
2026-10-03,wk inc rsv hosp,-1,2026-09-26,45,quantile,0.75,8
2026-10-03,wk inc rsv hosp,-1,2026-09-26,45,quantile,0.8,9
2026-10-03,wk inc rsv hosp,-1,2026-09-26,45,quantile,0.85,9
2026-10-03,wk inc rsv hosp,-1,2026-09-26,45,quantile,0.9,10
2026-10-03,wk inc rsv hosp,-1,2026-09-26,45,quantile,0.95,12
2026-10-03,wk inc rsv hosp,-1,2026-09-26,45,quantile,0.975,13
2026-10-03,wk inc rsv hosp,-1,2026-09-26,45,quantile,0.99,15
2026-10-03,wk inc rsv hosp,-1,2026-09-26,46,quantile,0.01,0
2026-10-03,wk inc rsv hosp,-1,2026-09-26,46,quantile,0.025,0
2026-10-03,wk inc rsv hosp,-1,2026-09-26,46,quantile,0.05,1
2026-10-03,wk inc rsv hosp,-1,2026-09-26,46,quantile,0.1,1
2026-10-03,wk inc rsv hosp,-1,2026-09-26,46,quantile,0.15,1
2026-10-03,wk inc rsv hosp,-1,2026-09-26,46,quantile,0.2,1
2026-10-03,wk inc rsv hosp,-1,2026-09-26,46,quantile,0.25,1
2026-10-03,wk inc rsv hosp,-1,2026-09-26,46,quantile,0.3,1
2026-10-03,wk inc rsv hosp,-1,2026-09-26,46,quantile,0.35,1
2026-10-03,wk inc rsv hosp,-1,2026-09-26,46,quantile,0.4,1
2026-10-03,wk inc rsv hosp,-1,2026-09-26,46,quantile,0.45,1
2026-10-03,wk inc rsv hosp,-1,2026-09-26,46,quantile,0.5,1
2026-10-03,wk inc rsv hosp,-1,2026-09-26,46,quantile,0.55,2
2026-10-03,wk inc rsv hosp,-1,2026-09-26,46,quantile,0.6,2
2026-10-03,wk inc rsv hosp,-1,2026-09-26,46,quantile,0.65,2
2026-10-03,wk inc rsv hosp,-1,2026-09-26,46,quantile,0.7,2
2026-10-03,wk inc rsv hosp,-1,2026-09-26,46,quantile,0.75,2
2026-10-03,wk inc rsv hosp,-1,2026-09-26,46,quantile,0.8,2
2026-10-03,wk inc rsv hosp,-1,2026-09-26,46,quantile,0.85,3
2026-10-03,wk inc rsv hosp,-1,2026-09-26,46,quantile,0.9,3
2026-10-03,wk inc rsv hosp,-1,2026-09-26,46,quantile,0.95,3
2026-10-03,wk inc rsv hosp,-1,2026-09-26,46,quantile,0.975,4
2026-10-03,wk inc rsv hosp,-1,2026-09-26,46,quantile,0.99,5
2026-10-03,wk inc rsv hosp,-1,2026-09-26,47,quantile,0.01,1
2026-10-03,wk inc rsv hosp,-1,2026-09-26,47,quantile,0.025,3
2026-10-03,wk inc rsv hosp,-1,2026-09-26,47,quantile,0.05,3
2026-10-03,wk inc rsv hosp,-1,2026-09-26,47,quantile,0.1,4
2026-10-03,wk inc rsv hosp,-1,2026-09-26,47,quantile,0.15,5
2026-10-03,wk inc rsv hosp,-1,2026-09-26,47,quantile,0.2,6
2026-10-03,wk inc rsv hosp,-1,2026-09-26,47,quantile,0.25,6
2026-10-03,wk inc rsv hosp,-1,2026-09-26,47,quantile,0.3,6
2026-10-03,wk inc rsv hosp,-1,2026-09-26,47,quantile,0.35,6
2026-10-03,wk inc rsv hosp,-1,2026-09-26,47,quantile,0.4,6
2026-10-03,wk inc rsv hosp,-1,2026-09-26,47,quantile,0.45,6
2026-10-03,wk inc rsv hosp,-1,2026-09-26,47,quantile,0.5,7
2026-10-03,wk inc rsv hosp,-1,2026-09-26,47,quantile,0.55,7
2026-10-03,wk inc rsv hosp,-1,2026-09-26,47,quantile,0.6,7
2026-10-03,wk inc rsv hosp,-1,2026-09-26,47,quantile,0.65,8
2026-10-03,wk inc rsv hosp,-1,2026-09-26,47,quantile,0.7,8
2026-10-03,wk inc rsv hosp,-1,2026-09-26,47,quantile,0.75,8
2026-10-03,wk inc rsv hosp,-1,2026-09-26,47,quantile,0.8,9
2026-10-03,wk inc rsv hosp,-1,2026-09-26,47,quantile,0.85,9
2026-10-03,wk inc rsv hosp,-1,2026-09-26,47,quantile,0.9,10
2026-10-03,wk inc rsv hosp,-1,2026-09-26,47,quantile,0.95,12
2026-10-03,wk inc rsv hosp,-1,2026-09-26,47,quantile,0.975,14
2026-10-03,wk inc rsv hosp,-1,2026-09-26,47,quantile,0.99,16
2026-10-03,wk inc rsv hosp,-1,2026-09-26,48,quantile,0.01,31
2026-10-03,wk inc rsv hosp,-1,2026-09-26,48,quantile,0.025,34
2026-10-03,wk inc rsv hosp,-1,2026-09-26,48,quantile,0.05,37
2026-10-03,wk inc rsv hosp,-1,2026-09-26,48,quantile,0.1,39
2026-10-03,wk inc rsv hosp,-1,2026-09-26,48,quantile,0.15,42
2026-10-03,wk inc rsv hosp,-1,2026-09-26,48,quantile,0.2,43
2026-10-03,wk inc rsv hosp,-1,2026-09-26,48,quantile,0.25,44
2026-10-03,wk inc rsv hosp,-1,2026-09-26,48,quantile,0.3,45
2026-10-03,wk inc rsv hosp,-1,2026-09-26,48,quantile,0.35,47
2026-10-03,wk inc rsv hosp,-1,2026-09-26,48,quantile,0.4,48
2026-10-03,wk inc rsv hosp,-1,2026-09-26,48,quantile,0.45,49
2026-10-03,wk inc rsv hosp,-1,2026-09-26,48,quantile,0.5,49
2026-10-03,wk inc rsv hosp,-1,2026-09-26,48,quantile,0.55,50
2026-10-03,wk inc rsv hosp,-1,2026-09-26,48,quantile,0.6,51
2026-10-03,wk inc rsv hosp,-1,2026-09-26,48,quantile,0.65,52
2026-10-03,wk inc rsv hosp,-1,2026-09-26,48,quantile,0.7,54
2026-10-03,wk inc rsv hosp,-1,2026-09-26,48,quantile,0.75,56
2026-10-03,wk inc rsv hosp,-1,2026-09-26,48,quantile,0.8,57
2026-10-03,wk inc rsv hosp,-1,2026-09-26,48,quantile,0.85,59
2026-10-03,wk inc rsv hosp,-1,2026-09-26,48,quantile,0.9,62
2026-10-03,wk inc rsv hosp,-1,2026-09-26,48,quantile,0.95,66
2026-10-03,wk inc rsv hosp,-1,2026-09-26,48,quantile,0.975,71
2026-10-03,wk inc rsv hosp,-1,2026-09-26,48,quantile,0.99,75
2026-10-03,wk inc rsv hosp,-1,2026-09-26,49,quantile,0.01,0
2026-10-03,wk inc rsv hosp,-1,2026-09-26,49,quantile,0.025,0
2026-10-03,wk inc rsv hosp,-1,2026-09-26,49,quantile,0.05,0
2026-10-03,wk inc rsv hosp,-1,2026-09-26,49,quantile,0.1,0
2026-10-03,wk inc rsv hosp,-1,2026-09-26,49,quantile,0.15,0
2026-10-03,wk inc rsv hosp,-1,2026-09-26,49,quantile,0.2,0
2026-10-03,wk inc rsv hosp,-1,2026-09-26,49,quantile,0.25,0
2026-10-03,wk inc rsv hosp,-1,2026-09-26,49,quantile,0.3,0
2026-10-03,wk inc rsv hosp,-1,2026-09-26,49,quantile,0.35,0
2026-10-03,wk inc rsv hosp,-1,2026-09-26,49,quantile,0.4,0
2026-10-03,wk inc rsv hosp,-1,2026-09-26,49,quantile,0.45,0
2026-10-03,wk inc rsv hosp,-1,2026-09-26,49,quantile,0.5,0
2026-10-03,wk inc rsv hosp,-1,2026-09-26,49,quantile,0.55,0
2026-10-03,wk inc rsv hosp,-1,2026-09-26,49,quantile,0.6,0
2026-10-03,wk inc rsv hosp,-1,2026-09-26,49,quantile,0.65,1
2026-10-03,wk inc rsv hosp,-1,2026-09-26,49,quantile,0.7,1
2026-10-03,wk inc rsv hosp,-1,2026-09-26,49,quantile,0.75,1
2026-10-03,wk inc rsv hosp,-1,2026-09-26,49,quantile,0.8,1
2026-10-03,wk inc rsv hosp,-1,2026-09-26,49,quantile,0.85,2
2026-10-03,wk inc rsv hosp,-1,2026-09-26,49,quantile,0.9,2
2026-10-03,wk inc rsv hosp,-1,2026-09-26,49,quantile,0.95,3
2026-10-03,wk inc rsv hosp,-1,2026-09-26,49,quantile,0.975,4
2026-10-03,wk inc rsv hosp,-1,2026-09-26,49,quantile,0.99,5
2026-10-03,wk inc rsv hosp,-1,2026-09-26,50,quantile,0.01,0
2026-10-03,wk inc rsv hosp,-1,2026-09-26,50,quantile,0.025,0
2026-10-03,wk inc rsv hosp,-1,2026-09-26,50,quantile,0.05,0
2026-10-03,wk inc rsv hosp,-1,2026-09-26,50,quantile,0.1,0
2026-10-03,wk inc rsv hosp,-1,2026-09-26,50,quantile,0.15,0
2026-10-03,wk inc rsv hosp,-1,2026-09-26,50,quantile,0.2,0
2026-10-03,wk inc rsv hosp,-1,2026-09-26,50,quantile,0.25,0
2026-10-03,wk inc rsv hosp,-1,2026-09-26,50,quantile,0.3,0
2026-10-03,wk inc rsv hosp,-1,2026-09-26,50,quantile,0.35,0
2026-10-03,wk inc rsv hosp,-1,2026-09-26,50,quantile,0.4,0
2026-10-03,wk inc rsv hosp,-1,2026-09-26,50,quantile,0.45,0
2026-10-03,wk inc rsv hosp,-1,2026-09-26,50,quantile,0.5,0
2026-10-03,wk inc rsv hosp,-1,2026-09-26,50,quantile,0.55,0
2026-10-03,wk inc rsv hosp,-1,2026-09-26,50,quantile,0.6,0
2026-10-03,wk inc rsv hosp,-1,2026-09-26,50,quantile,0.65,1
2026-10-03,wk inc rsv hosp,-1,2026-09-26,50,quantile,0.7,1
2026-10-03,wk inc rsv hosp,-1,2026-09-26,50,quantile,0.75,1
2026-10-03,wk inc rsv hosp,-1,2026-09-26,50,quantile,0.8,1
2026-10-03,wk inc rsv hosp,-1,2026-09-26,50,quantile,0.85,1
2026-10-03,wk inc rsv hosp,-1,2026-09-26,50,quantile,0.9,2
2026-10-03,wk inc rsv hosp,-1,2026-09-26,50,quantile,0.95,2
2026-10-03,wk inc rsv hosp,-1,2026-09-26,50,quantile,0.975,3
2026-10-03,wk inc rsv hosp,-1,2026-09-26,50,quantile,0.99,4
2026-10-03,wk inc rsv hosp,-1,2026-09-26,51,quantile,0.01,0
2026-10-03,wk inc rsv hosp,-1,2026-09-26,51,quantile,0.025,0
2026-10-03,wk inc rsv hosp,-1,2026-09-26,51,quantile,0.05,1
2026-10-03,wk inc rsv hosp,-1,2026-09-26,51,quantile,0.1,2
2026-10-03,wk inc rsv hosp,-1,2026-09-26,51,quantile,0.15,3
2026-10-03,wk inc rsv hosp,-1,2026-09-26,51,quantile,0.2,3
2026-10-03,wk inc rsv hosp,-1,2026-09-26,51,quantile,0.25,3
2026-10-03,wk inc rsv hosp,-1,2026-09-26,51,quantile,0.3,3
2026-10-03,wk inc rsv hosp,-1,2026-09-26,51,quantile,0.35,3
2026-10-03,wk inc rsv hosp,-1,2026-09-26,51,quantile,0.4,4
2026-10-03,wk inc rsv hosp,-1,2026-09-26,51,quantile,0.45,4
2026-10-03,wk inc rsv hosp,-1,2026-09-26,51,quantile,0.5,4
2026-10-03,wk inc rsv hosp,-1,2026-09-26,51,quantile,0.55,4
2026-10-03,wk inc rsv hosp,-1,2026-09-26,51,quantile,0.6,5
2026-10-03,wk inc rsv hosp,-1,2026-09-26,51,quantile,0.65,5
2026-10-03,wk inc rsv hosp,-1,2026-09-26,51,quantile,0.7,5
2026-10-03,wk inc rsv hosp,-1,2026-09-26,51,quantile,0.75,6
2026-10-03,wk inc rsv hosp,-1,2026-09-26,51,quantile,0.8,6
2026-10-03,wk inc rsv hosp,-1,2026-09-26,51,quantile,0.85,7
2026-10-03,wk inc rsv hosp,-1,2026-09-26,51,quantile,0.9,8
2026-10-03,wk inc rsv hosp,-1,2026-09-26,51,quantile,0.95,10
2026-10-03,wk inc rsv hosp,-1,2026-09-26,51,quantile,0.975,11
2026-10-03,wk inc rsv hosp,-1,2026-09-26,51,quantile,0.99,12
2026-10-03,wk inc rsv hosp,-1,2026-09-26,53,quantile,0.01,0
2026-10-03,wk inc rsv hosp,-1,2026-09-26,53,quantile,0.025,0
2026-10-03,wk inc rsv hosp,-1,2026-09-26,53,quantile,0.05,1
2026-10-03,wk inc rsv hosp,-1,2026-09-26,53,quantile,0.1,2
2026-10-03,wk inc rsv hosp,-1,2026-09-26,53,quantile,0.15,2
2026-10-03,wk inc rsv hosp,-1,2026-09-26,53,quantile,0.2,2
2026-10-03,wk inc rsv hosp,-1,2026-09-26,53,quantile,0.25,2
2026-10-03,wk inc rsv hosp,-1,2026-09-26,53,quantile,0.3,2
2026-10-03,wk inc rsv hosp,-1,2026-09-26,53,quantile,0.35,2
2026-10-03,wk inc rsv hosp,-1,2026-09-26,53,quantile,0.4,2
2026-10-03,wk inc rsv hosp,-1,2026-09-26,53,quantile,0.45,2
2026-10-03,wk inc rsv hosp,-1,2026-09-26,53,quantile,0.5,3
2026-10-03,wk inc rsv hosp,-1,2026-09-26,53,quantile,0.55,3
2026-10-03,wk inc rsv hosp,-1,2026-09-26,53,quantile,0.6,3
2026-10-03,wk inc rsv hosp,-1,2026-09-26,53,quantile,0.65,3
2026-10-03,wk inc rsv hosp,-1,2026-09-26,53,quantile,0.7,3
2026-10-03,wk inc rsv hosp,-1,2026-09-26,53,quantile,0.75,4
2026-10-03,wk inc rsv hosp,-1,2026-09-26,53,quantile,0.8,4
2026-10-03,wk inc rsv hosp,-1,2026-09-26,53,quantile,0.85,4
2026-10-03,wk inc rsv hosp,-1,2026-09-26,53,quantile,0.9,5
2026-10-03,wk inc rsv hosp,-1,2026-09-26,53,quantile,0.95,6
2026-10-03,wk inc rsv hosp,-1,2026-09-26,53,quantile,0.975,7
2026-10-03,wk inc rsv hosp,-1,2026-09-26,53,quantile,0.99,8
2026-10-03,wk inc rsv hosp,-1,2026-09-26,54,quantile,0.01,0
2026-10-03,wk inc rsv hosp,-1,2026-09-26,54,quantile,0.025,0
2026-10-03,wk inc rsv hosp,-1,2026-09-26,54,quantile,0.05,0
2026-10-03,wk inc rsv hosp,-1,2026-09-26,54,quantile,0.1,1
2026-10-03,wk inc rsv hosp,-1,2026-09-26,54,quantile,0.15,1
2026-10-03,wk inc rsv hosp,-1,2026-09-26,54,quantile,0.2,2
2026-10-03,wk inc rsv hosp,-1,2026-09-26,54,quantile,0.25,2
2026-10-03,wk inc rsv hosp,-1,2026-09-26,54,quantile,0.3,2
2026-10-03,wk inc rsv hosp,-1,2026-09-26,54,quantile,0.35,2
2026-10-03,wk inc rsv hosp,-1,2026-09-26,54,quantile,0.4,2
2026-10-03,wk inc rsv hosp,-1,2026-09-26,54,quantile,0.45,2
2026-10-03,wk inc rsv hosp,-1,2026-09-26,54,quantile,0.5,2
2026-10-03,wk inc rsv hosp,-1,2026-09-26,54,quantile,0.55,2
2026-10-03,wk inc rsv hosp,-1,2026-09-26,54,quantile,0.6,2
2026-10-03,wk inc rsv hosp,-1,2026-09-26,54,quantile,0.65,3
2026-10-03,wk inc rsv hosp,-1,2026-09-26,54,quantile,0.7,3
2026-10-03,wk inc rsv hosp,-1,2026-09-26,54,quantile,0.75,3
2026-10-03,wk inc rsv hosp,-1,2026-09-26,54,quantile,0.8,3
2026-10-03,wk inc rsv hosp,-1,2026-09-26,54,quantile,0.85,4
2026-10-03,wk inc rsv hosp,-1,2026-09-26,54,quantile,0.9,4
2026-10-03,wk inc rsv hosp,-1,2026-09-26,54,quantile,0.95,5
2026-10-03,wk inc rsv hosp,-1,2026-09-26,54,quantile,0.975,7
2026-10-03,wk inc rsv hosp,-1,2026-09-26,54,quantile,0.99,8
2026-10-03,wk inc rsv hosp,-1,2026-09-26,55,quantile,0.01,0
2026-10-03,wk inc rsv hosp,-1,2026-09-26,55,quantile,0.025,0
2026-10-03,wk inc rsv hosp,-1,2026-09-26,55,quantile,0.05,0
2026-10-03,wk inc rsv hosp,-1,2026-09-26,55,quantile,0.1,0
2026-10-03,wk inc rsv hosp,-1,2026-09-26,55,quantile,0.15,0
2026-10-03,wk inc rsv hosp,-1,2026-09-26,55,quantile,0.2,0
2026-10-03,wk inc rsv hosp,-1,2026-09-26,55,quantile,0.25,0
2026-10-03,wk inc rsv hosp,-1,2026-09-26,55,quantile,0.3,0
2026-10-03,wk inc rsv hosp,-1,2026-09-26,55,quantile,0.35,0
2026-10-03,wk inc rsv hosp,-1,2026-09-26,55,quantile,0.4,0
2026-10-03,wk inc rsv hosp,-1,2026-09-26,55,quantile,0.45,0
2026-10-03,wk inc rsv hosp,-1,2026-09-26,55,quantile,0.5,0
2026-10-03,wk inc rsv hosp,-1,2026-09-26,55,quantile,0.55,0
2026-10-03,wk inc rsv hosp,-1,2026-09-26,55,quantile,0.6,0
2026-10-03,wk inc rsv hosp,-1,2026-09-26,55,quantile,0.65,0
2026-10-03,wk inc rsv hosp,-1,2026-09-26,55,quantile,0.7,0
2026-10-03,wk inc rsv hosp,-1,2026-09-26,55,quantile,0.75,0
2026-10-03,wk inc rsv hosp,-1,2026-09-26,55,quantile,0.8,0
2026-10-03,wk inc rsv hosp,-1,2026-09-26,55,quantile,0.85,0
2026-10-03,wk inc rsv hosp,-1,2026-09-26,55,quantile,0.9,1
2026-10-03,wk inc rsv hosp,-1,2026-09-26,55,quantile,0.95,2
2026-10-03,wk inc rsv hosp,-1,2026-09-26,55,quantile,0.975,3
2026-10-03,wk inc rsv hosp,-1,2026-09-26,55,quantile,0.99,4
2026-10-03,wk inc rsv hosp,-1,2026-09-26,56,quantile,0.01,0
2026-10-03,wk inc rsv hosp,-1,2026-09-26,56,quantile,0.025,0
2026-10-03,wk inc rsv hosp,-1,2026-09-26,56,quantile,0.05,0
2026-10-03,wk inc rsv hosp,-1,2026-09-26,56,quantile,0.1,0
2026-10-03,wk inc rsv hosp,-1,2026-09-26,56,quantile,0.15,0
2026-10-03,wk inc rsv hosp,-1,2026-09-26,56,quantile,0.2,0
2026-10-03,wk inc rsv hosp,-1,2026-09-26,56,quantile,0.25,0
2026-10-03,wk inc rsv hosp,-1,2026-09-26,56,quantile,0.3,0
2026-10-03,wk inc rsv hosp,-1,2026-09-26,56,quantile,0.35,0
2026-10-03,wk inc rsv hosp,-1,2026-09-26,56,quantile,0.4,0
2026-10-03,wk inc rsv hosp,-1,2026-09-26,56,quantile,0.45,1
2026-10-03,wk inc rsv hosp,-1,2026-09-26,56,quantile,0.5,1
2026-10-03,wk inc rsv hosp,-1,2026-09-26,56,quantile,0.55,1
2026-10-03,wk inc rsv hosp,-1,2026-09-26,56,quantile,0.6,1
2026-10-03,wk inc rsv hosp,-1,2026-09-26,56,quantile,0.65,1
2026-10-03,wk inc rsv hosp,-1,2026-09-26,56,quantile,0.7,1
2026-10-03,wk inc rsv hosp,-1,2026-09-26,56,quantile,0.75,1
2026-10-03,wk inc rsv hosp,-1,2026-09-26,56,quantile,0.8,2
2026-10-03,wk inc rsv hosp,-1,2026-09-26,56,quantile,0.85,2
2026-10-03,wk inc rsv hosp,-1,2026-09-26,56,quantile,0.9,2
2026-10-03,wk inc rsv hosp,-1,2026-09-26,56,quantile,0.95,3
2026-10-03,wk inc rsv hosp,-1,2026-09-26,56,quantile,0.975,3
2026-10-03,wk inc rsv hosp,-1,2026-09-26,56,quantile,0.99,4
2026-10-03,wk inc rsv hosp,-1,2026-09-26,72,quantile,0.01,0
2026-10-03,wk inc rsv hosp,-1,2026-09-26,72,quantile,0.025,2
2026-10-03,wk inc rsv hosp,-1,2026-09-26,72,quantile,0.05,3
2026-10-03,wk inc rsv hosp,-1,2026-09-26,72,quantile,0.1,3
2026-10-03,wk inc rsv hosp,-1,2026-09-26,72,quantile,0.15,4
2026-10-03,wk inc rsv hosp,-1,2026-09-26,72,quantile,0.2,5
2026-10-03,wk inc rsv hosp,-1,2026-09-26,72,quantile,0.25,5
2026-10-03,wk inc rsv hosp,-1,2026-09-26,72,quantile,0.3,5
2026-10-03,wk inc rsv hosp,-1,2026-09-26,72,quantile,0.35,5
2026-10-03,wk inc rsv hosp,-1,2026-09-26,72,quantile,0.4,5
2026-10-03,wk inc rsv hosp,-1,2026-09-26,72,quantile,0.45,5
2026-10-03,wk inc rsv hosp,-1,2026-09-26,72,quantile,0.5,5
2026-10-03,wk inc rsv hosp,-1,2026-09-26,72,quantile,0.55,6
2026-10-03,wk inc rsv hosp,-1,2026-09-26,72,quantile,0.6,6
2026-10-03,wk inc rsv hosp,-1,2026-09-26,72,quantile,0.65,6
2026-10-03,wk inc rsv hosp,-1,2026-09-26,72,quantile,0.7,7
2026-10-03,wk inc rsv hosp,-1,2026-09-26,72,quantile,0.75,7
2026-10-03,wk inc rsv hosp,-1,2026-09-26,72,quantile,0.8,7
2026-10-03,wk inc rsv hosp,-1,2026-09-26,72,quantile,0.85,8
2026-10-03,wk inc rsv hosp,-1,2026-09-26,72,quantile,0.9,9
2026-10-03,wk inc rsv hosp,-1,2026-09-26,72,quantile,0.95,11
2026-10-03,wk inc rsv hosp,-1,2026-09-26,72,quantile,0.975,12
2026-10-03,wk inc rsv hosp,-1,2026-09-26,72,quantile,0.99,14
2026-10-03,wk inc rsv hosp,-1,2026-09-26,US,quantile,0.01,387
2026-10-03,wk inc rsv hosp,-1,2026-09-26,US,quantile,0.025,397
2026-10-03,wk inc rsv hosp,-1,2026-09-26,US,quantile,0.05,406
2026-10-03,wk inc rsv hosp,-1,2026-09-26,US,quantile,0.1,415
2026-10-03,wk inc rsv hosp,-1,2026-09-26,US,quantile,0.15,421
2026-10-03,wk inc rsv hosp,-1,2026-09-26,US,quantile,0.2,427
2026-10-03,wk inc rsv hosp,-1,2026-09-26,US,quantile,0.25,433
2026-10-03,wk inc rsv hosp,-1,2026-09-26,US,quantile,0.3,436
2026-10-03,wk inc rsv hosp,-1,2026-09-26,US,quantile,0.35,441
2026-10-03,wk inc rsv hosp,-1,2026-09-26,US,quantile,0.4,445
2026-10-03,wk inc rsv hosp,-1,2026-09-26,US,quantile,0.45,448
2026-10-03,wk inc rsv hosp,-1,2026-09-26,US,quantile,0.5,452
2026-10-03,wk inc rsv hosp,-1,2026-09-26,US,quantile,0.55,456
2026-10-03,wk inc rsv hosp,-1,2026-09-26,US,quantile,0.6,461
2026-10-03,wk inc rsv hosp,-1,2026-09-26,US,quantile,0.65,465
2026-10-03,wk inc rsv hosp,-1,2026-09-26,US,quantile,0.7,469
2026-10-03,wk inc rsv hosp,-1,2026-09-26,US,quantile,0.75,474
2026-10-03,wk inc rsv hosp,-1,2026-09-26,US,quantile,0.8,479
2026-10-03,wk inc rsv hosp,-1,2026-09-26,US,quantile,0.85,487
2026-10-03,wk inc rsv hosp,-1,2026-09-26,US,quantile,0.9,496
2026-10-03,wk inc rsv hosp,-1,2026-09-26,US,quantile,0.95,511
2026-10-03,wk inc rsv hosp,-1,2026-09-26,US,quantile,0.975,524
2026-10-03,wk inc rsv hosp,-1,2026-09-26,US,quantile,0.99,540
2026-10-03,wk inc rsv hosp,0,2026-10-03,01,quantile,0.01,0
2026-10-03,wk inc rsv hosp,0,2026-10-03,01,quantile,0.025,0
2026-10-03,wk inc rsv hosp,0,2026-10-03,01,quantile,0.05,0
2026-10-03,wk inc rsv hosp,0,2026-10-03,01,quantile,0.1,1
2026-10-03,wk inc rsv hosp,0,2026-10-03,01,quantile,0.15,3
2026-10-03,wk inc rsv hosp,0,2026-10-03,01,quantile,0.2,5
2026-10-03,wk inc rsv hosp,0,2026-10-03,01,quantile,0.25,7
2026-10-03,wk inc rsv hosp,0,2026-10-03,01,quantile,0.3,8
2026-10-03,wk inc rsv hosp,0,2026-10-03,01,quantile,0.35,9
2026-10-03,wk inc rsv hosp,0,2026-10-03,01,quantile,0.4,11
2026-10-03,wk inc rsv hosp,0,2026-10-03,01,quantile,0.45,12
2026-10-03,wk inc rsv hosp,0,2026-10-03,01,quantile,0.5,14
2026-10-03,wk inc rsv hosp,0,2026-10-03,01,quantile,0.55,15
2026-10-03,wk inc rsv hosp,0,2026-10-03,01,quantile,0.6,16
2026-10-03,wk inc rsv hosp,0,2026-10-03,01,quantile,0.65,17
2026-10-03,wk inc rsv hosp,0,2026-10-03,01,quantile,0.7,19
2026-10-03,wk inc rsv hosp,0,2026-10-03,01,quantile,0.75,21
2026-10-03,wk inc rsv hosp,0,2026-10-03,01,quantile,0.8,23
2026-10-03,wk inc rsv hosp,0,2026-10-03,01,quantile,0.85,26
2026-10-03,wk inc rsv hosp,0,2026-10-03,01,quantile,0.9,31
2026-10-03,wk inc rsv hosp,0,2026-10-03,01,quantile,0.95,41
2026-10-03,wk inc rsv hosp,0,2026-10-03,01,quantile,0.975,50
2026-10-03,wk inc rsv hosp,0,2026-10-03,01,quantile,0.99,63
2026-10-03,wk inc rsv hosp,0,2026-10-03,02,quantile,0.01,0
2026-10-03,wk inc rsv hosp,0,2026-10-03,02,quantile,0.025,0
2026-10-03,wk inc rsv hosp,0,2026-10-03,02,quantile,0.05,0
2026-10-03,wk inc rsv hosp,0,2026-10-03,02,quantile,0.1,1
2026-10-03,wk inc rsv hosp,0,2026-10-03,02,quantile,0.15,2
2026-10-03,wk inc rsv hosp,0,2026-10-03,02,quantile,0.2,3
2026-10-03,wk inc rsv hosp,0,2026-10-03,02,quantile,0.25,3
2026-10-03,wk inc rsv hosp,0,2026-10-03,02,quantile,0.3,4
2026-10-03,wk inc rsv hosp,0,2026-10-03,02,quantile,0.35,5
2026-10-03,wk inc rsv hosp,0,2026-10-03,02,quantile,0.4,5
2026-10-03,wk inc rsv hosp,0,2026-10-03,02,quantile,0.45,6
2026-10-03,wk inc rsv hosp,0,2026-10-03,02,quantile,0.5,7
2026-10-03,wk inc rsv hosp,0,2026-10-03,02,quantile,0.55,7
2026-10-03,wk inc rsv hosp,0,2026-10-03,02,quantile,0.6,8
2026-10-03,wk inc rsv hosp,0,2026-10-03,02,quantile,0.65,9
2026-10-03,wk inc rsv hosp,0,2026-10-03,02,quantile,0.7,10
2026-10-03,wk inc rsv hosp,0,2026-10-03,02,quantile,0.75,11
2026-10-03,wk inc rsv hosp,0,2026-10-03,02,quantile,0.8,12
2026-10-03,wk inc rsv hosp,0,2026-10-03,02,quantile,0.85,14
2026-10-03,wk inc rsv hosp,0,2026-10-03,02,quantile,0.9,16
2026-10-03,wk inc rsv hosp,0,2026-10-03,02,quantile,0.95,19
2026-10-03,wk inc rsv hosp,0,2026-10-03,02,quantile,0.975,25
2026-10-03,wk inc rsv hosp,0,2026-10-03,02,quantile,0.99,30
2026-10-03,wk inc rsv hosp,0,2026-10-03,04,quantile,0.01,0
2026-10-03,wk inc rsv hosp,0,2026-10-03,04,quantile,0.025,0
2026-10-03,wk inc rsv hosp,0,2026-10-03,04,quantile,0.05,0
2026-10-03,wk inc rsv hosp,0,2026-10-03,04,quantile,0.1,1
2026-10-03,wk inc rsv hosp,0,2026-10-03,04,quantile,0.15,1
2026-10-03,wk inc rsv hosp,0,2026-10-03,04,quantile,0.2,2
2026-10-03,wk inc rsv hosp,0,2026-10-03,04,quantile,0.25,2
2026-10-03,wk inc rsv hosp,0,2026-10-03,04,quantile,0.3,3
2026-10-03,wk inc rsv hosp,0,2026-10-03,04,quantile,0.35,3
2026-10-03,wk inc rsv hosp,0,2026-10-03,04,quantile,0.4,3
2026-10-03,wk inc rsv hosp,0,2026-10-03,04,quantile,0.45,4
2026-10-03,wk inc rsv hosp,0,2026-10-03,04,quantile,0.5,4
2026-10-03,wk inc rsv hosp,0,2026-10-03,04,quantile,0.55,4
2026-10-03,wk inc rsv hosp,0,2026-10-03,04,quantile,0.6,5
2026-10-03,wk inc rsv hosp,0,2026-10-03,04,quantile,0.65,5
2026-10-03,wk inc rsv hosp,0,2026-10-03,04,quantile,0.7,6
2026-10-03,wk inc rsv hosp,0,2026-10-03,04,quantile,0.75,6
2026-10-03,wk inc rsv hosp,0,2026-10-03,04,quantile,0.8,7
2026-10-03,wk inc rsv hosp,0,2026-10-03,04,quantile,0.85,8
2026-10-03,wk inc rsv hosp,0,2026-10-03,04,quantile,0.9,9
2026-10-03,wk inc rsv hosp,0,2026-10-03,04,quantile,0.95,11
2026-10-03,wk inc rsv hosp,0,2026-10-03,04,quantile,0.975,14
2026-10-03,wk inc rsv hosp,0,2026-10-03,04,quantile,0.99,21
2026-10-03,wk inc rsv hosp,0,2026-10-03,05,quantile,0.01,0
2026-10-03,wk inc rsv hosp,0,2026-10-03,05,quantile,0.025,0
2026-10-03,wk inc rsv hosp,0,2026-10-03,05,quantile,0.05,1
2026-10-03,wk inc rsv hosp,0,2026-10-03,05,quantile,0.1,2
2026-10-03,wk inc rsv hosp,0,2026-10-03,05,quantile,0.15,3
2026-10-03,wk inc rsv hosp,0,2026-10-03,05,quantile,0.2,3
2026-10-03,wk inc rsv hosp,0,2026-10-03,05,quantile,0.25,4
2026-10-03,wk inc rsv hosp,0,2026-10-03,05,quantile,0.3,5
2026-10-03,wk inc rsv hosp,0,2026-10-03,05,quantile,0.35,5
2026-10-03,wk inc rsv hosp,0,2026-10-03,05,quantile,0.4,5
2026-10-03,wk inc rsv hosp,0,2026-10-03,05,quantile,0.45,6
2026-10-03,wk inc rsv hosp,0,2026-10-03,05,quantile,0.5,6
2026-10-03,wk inc rsv hosp,0,2026-10-03,05,quantile,0.55,7
2026-10-03,wk inc rsv hosp,0,2026-10-03,05,quantile,0.6,7
2026-10-03,wk inc rsv hosp,0,2026-10-03,05,quantile,0.65,8
2026-10-03,wk inc rsv hosp,0,2026-10-03,05,quantile,0.7,8
2026-10-03,wk inc rsv hosp,0,2026-10-03,05,quantile,0.75,9
2026-10-03,wk inc rsv hosp,0,2026-10-03,05,quantile,0.8,10
2026-10-03,wk inc rsv hosp,0,2026-10-03,05,quantile,0.85,11
2026-10-03,wk inc rsv hosp,0,2026-10-03,05,quantile,0.9,12
2026-10-03,wk inc rsv hosp,0,2026-10-03,05,quantile,0.95,15
2026-10-03,wk inc rsv hosp,0,2026-10-03,05,quantile,0.975,17
2026-10-03,wk inc rsv hosp,0,2026-10-03,05,quantile,0.99,22
2026-10-03,wk inc rsv hosp,0,2026-10-03,06,quantile,0.01,0
2026-10-03,wk inc rsv hosp,0,2026-10-03,06,quantile,0.025,2
2026-10-03,wk inc rsv hosp,0,2026-10-03,06,quantile,0.05,5
2026-10-03,wk inc rsv hosp,0,2026-10-03,06,quantile,0.1,9
2026-10-03,wk inc rsv hosp,0,2026-10-03,06,quantile,0.15,12
2026-10-03,wk inc rsv hosp,0,2026-10-03,06,quantile,0.2,14
2026-10-03,wk inc rsv hosp,0,2026-10-03,06,quantile,0.25,15
2026-10-03,wk inc rsv hosp,0,2026-10-03,06,quantile,0.3,16
2026-10-03,wk inc rsv hosp,0,2026-10-03,06,quantile,0.35,18
2026-10-03,wk inc rsv hosp,0,2026-10-03,06,quantile,0.4,19
2026-10-03,wk inc rsv hosp,0,2026-10-03,06,quantile,0.45,20
2026-10-03,wk inc rsv hosp,0,2026-10-03,06,quantile,0.5,22
2026-10-03,wk inc rsv hosp,0,2026-10-03,06,quantile,0.55,23
2026-10-03,wk inc rsv hosp,0,2026-10-03,06,quantile,0.6,24
2026-10-03,wk inc rsv hosp,0,2026-10-03,06,quantile,0.65,26
2026-10-03,wk inc rsv hosp,0,2026-10-03,06,quantile,0.7,27
2026-10-03,wk inc rsv hosp,0,2026-10-03,06,quantile,0.75,28
2026-10-03,wk inc rsv hosp,0,2026-10-03,06,quantile,0.8,31
2026-10-03,wk inc rsv hosp,0,2026-10-03,06,quantile,0.85,34
2026-10-03,wk inc rsv hosp,0,2026-10-03,06,quantile,0.9,39
2026-10-03,wk inc rsv hosp,0,2026-10-03,06,quantile,0.95,46
2026-10-03,wk inc rsv hosp,0,2026-10-03,06,quantile,0.975,54
2026-10-03,wk inc rsv hosp,0,2026-10-03,06,quantile,0.99,64
2026-10-03,wk inc rsv hosp,0,2026-10-03,08,quantile,0.01,0
2026-10-03,wk inc rsv hosp,0,2026-10-03,08,quantile,0.025,0
2026-10-03,wk inc rsv hosp,0,2026-10-03,08,quantile,0.05,0
2026-10-03,wk inc rsv hosp,0,2026-10-03,08,quantile,0.1,0
2026-10-03,wk inc rsv hosp,0,2026-10-03,08,quantile,0.15,0
2026-10-03,wk inc rsv hosp,0,2026-10-03,08,quantile,0.2,0
2026-10-03,wk inc rsv hosp,0,2026-10-03,08,quantile,0.25,0
2026-10-03,wk inc rsv hosp,0,2026-10-03,08,quantile,0.3,0
2026-10-03,wk inc rsv hosp,0,2026-10-03,08,quantile,0.35,0
2026-10-03,wk inc rsv hosp,0,2026-10-03,08,quantile,0.4,0
2026-10-03,wk inc rsv hosp,0,2026-10-03,08,quantile,0.45,0
2026-10-03,wk inc rsv hosp,0,2026-10-03,08,quantile,0.5,0
2026-10-03,wk inc rsv hosp,0,2026-10-03,08,quantile,0.55,0
2026-10-03,wk inc rsv hosp,0,2026-10-03,08,quantile,0.6,1
2026-10-03,wk inc rsv hosp,0,2026-10-03,08,quantile,0.65,1
2026-10-03,wk inc rsv hosp,0,2026-10-03,08,quantile,0.7,1
2026-10-03,wk inc rsv hosp,0,2026-10-03,08,quantile,0.75,2
2026-10-03,wk inc rsv hosp,0,2026-10-03,08,quantile,0.8,2
2026-10-03,wk inc rsv hosp,0,2026-10-03,08,quantile,0.85,2
2026-10-03,wk inc rsv hosp,0,2026-10-03,08,quantile,0.9,3
2026-10-03,wk inc rsv hosp,0,2026-10-03,08,quantile,0.95,5
2026-10-03,wk inc rsv hosp,0,2026-10-03,08,quantile,0.975,7
2026-10-03,wk inc rsv hosp,0,2026-10-03,08,quantile,0.99,10
2026-10-03,wk inc rsv hosp,0,2026-10-03,09,quantile,0.01,0
2026-10-03,wk inc rsv hosp,0,2026-10-03,09,quantile,0.025,0
2026-10-03,wk inc rsv hosp,0,2026-10-03,09,quantile,0.05,0
2026-10-03,wk inc rsv hosp,0,2026-10-03,09,quantile,0.1,0
2026-10-03,wk inc rsv hosp,0,2026-10-03,09,quantile,0.15,0
2026-10-03,wk inc rsv hosp,0,2026-10-03,09,quantile,0.2,0
2026-10-03,wk inc rsv hosp,0,2026-10-03,09,quantile,0.25,0
2026-10-03,wk inc rsv hosp,0,2026-10-03,09,quantile,0.3,0
2026-10-03,wk inc rsv hosp,0,2026-10-03,09,quantile,0.35,1
2026-10-03,wk inc rsv hosp,0,2026-10-03,09,quantile,0.4,1
2026-10-03,wk inc rsv hosp,0,2026-10-03,09,quantile,0.45,1
2026-10-03,wk inc rsv hosp,0,2026-10-03,09,quantile,0.5,1
2026-10-03,wk inc rsv hosp,0,2026-10-03,09,quantile,0.55,1
2026-10-03,wk inc rsv hosp,0,2026-10-03,09,quantile,0.6,1
2026-10-03,wk inc rsv hosp,0,2026-10-03,09,quantile,0.65,2
2026-10-03,wk inc rsv hosp,0,2026-10-03,09,quantile,0.7,2
2026-10-03,wk inc rsv hosp,0,2026-10-03,09,quantile,0.75,2
2026-10-03,wk inc rsv hosp,0,2026-10-03,09,quantile,0.8,2
2026-10-03,wk inc rsv hosp,0,2026-10-03,09,quantile,0.85,3
2026-10-03,wk inc rsv hosp,0,2026-10-03,09,quantile,0.9,3
2026-10-03,wk inc rsv hosp,0,2026-10-03,09,quantile,0.95,4
2026-10-03,wk inc rsv hosp,0,2026-10-03,09,quantile,0.975,5
2026-10-03,wk inc rsv hosp,0,2026-10-03,09,quantile,0.99,8
2026-10-03,wk inc rsv hosp,0,2026-10-03,10,quantile,0.01,0
2026-10-03,wk inc rsv hosp,0,2026-10-03,10,quantile,0.025,0
2026-10-03,wk inc rsv hosp,0,2026-10-03,10,quantile,0.05,0
2026-10-03,wk inc rsv hosp,0,2026-10-03,10,quantile,0.1,0
2026-10-03,wk inc rsv hosp,0,2026-10-03,10,quantile,0.15,1
2026-10-03,wk inc rsv hosp,0,2026-10-03,10,quantile,0.2,1
2026-10-03,wk inc rsv hosp,0,2026-10-03,10,quantile,0.25,1
2026-10-03,wk inc rsv hosp,0,2026-10-03,10,quantile,0.3,1
2026-10-03,wk inc rsv hosp,0,2026-10-03,10,quantile,0.35,2
2026-10-03,wk inc rsv hosp,0,2026-10-03,10,quantile,0.4,2
2026-10-03,wk inc rsv hosp,0,2026-10-03,10,quantile,0.45,2
2026-10-03,wk inc rsv hosp,0,2026-10-03,10,quantile,0.5,3
2026-10-03,wk inc rsv hosp,0,2026-10-03,10,quantile,0.55,3
2026-10-03,wk inc rsv hosp,0,2026-10-03,10,quantile,0.6,3
2026-10-03,wk inc rsv hosp,0,2026-10-03,10,quantile,0.65,4
2026-10-03,wk inc rsv hosp,0,2026-10-03,10,quantile,0.7,4
2026-10-03,wk inc rsv hosp,0,2026-10-03,10,quantile,0.75,5
2026-10-03,wk inc rsv hosp,0,2026-10-03,10,quantile,0.8,5
2026-10-03,wk inc rsv hosp,0,2026-10-03,10,quantile,0.85,6
2026-10-03,wk inc rsv hosp,0,2026-10-03,10,quantile,0.9,7
2026-10-03,wk inc rsv hosp,0,2026-10-03,10,quantile,0.95,9
2026-10-03,wk inc rsv hosp,0,2026-10-03,10,quantile,0.975,11
2026-10-03,wk inc rsv hosp,0,2026-10-03,10,quantile,0.99,15
2026-10-03,wk inc rsv hosp,0,2026-10-03,11,quantile,0.01,0
2026-10-03,wk inc rsv hosp,0,2026-10-03,11,quantile,0.025,0
2026-10-03,wk inc rsv hosp,0,2026-10-03,11,quantile,0.05,0
2026-10-03,wk inc rsv hosp,0,2026-10-03,11,quantile,0.1,0
2026-10-03,wk inc rsv hosp,0,2026-10-03,11,quantile,0.15,0
2026-10-03,wk inc rsv hosp,0,2026-10-03,11,quantile,0.2,0
2026-10-03,wk inc rsv hosp,0,2026-10-03,11,quantile,0.25,0
2026-10-03,wk inc rsv hosp,0,2026-10-03,11,quantile,0.3,0
2026-10-03,wk inc rsv hosp,0,2026-10-03,11,quantile,0.35,0
2026-10-03,wk inc rsv hosp,0,2026-10-03,11,quantile,0.4,0
2026-10-03,wk inc rsv hosp,0,2026-10-03,11,quantile,0.45,0
2026-10-03,wk inc rsv hosp,0,2026-10-03,11,quantile,0.5,0
2026-10-03,wk inc rsv hosp,0,2026-10-03,11,quantile,0.55,0
2026-10-03,wk inc rsv hosp,0,2026-10-03,11,quantile,0.6,0
2026-10-03,wk inc rsv hosp,0,2026-10-03,11,quantile,0.65,0
2026-10-03,wk inc rsv hosp,0,2026-10-03,11,quantile,0.7,0
2026-10-03,wk inc rsv hosp,0,2026-10-03,11,quantile,0.75,0
2026-10-03,wk inc rsv hosp,0,2026-10-03,11,quantile,0.8,0
2026-10-03,wk inc rsv hosp,0,2026-10-03,11,quantile,0.85,0
2026-10-03,wk inc rsv hosp,0,2026-10-03,11,quantile,0.9,0
2026-10-03,wk inc rsv hosp,0,2026-10-03,11,quantile,0.95,0
2026-10-03,wk inc rsv hosp,0,2026-10-03,11,quantile,0.975,1
2026-10-03,wk inc rsv hosp,0,2026-10-03,11,quantile,0.99,2
2026-10-03,wk inc rsv hosp,0,2026-10-03,12,quantile,0.01,61
2026-10-03,wk inc rsv hosp,0,2026-10-03,12,quantile,0.025,80
2026-10-03,wk inc rsv hosp,0,2026-10-03,12,quantile,0.05,91
2026-10-03,wk inc rsv hosp,0,2026-10-03,12,quantile,0.1,105
2026-10-03,wk inc rsv hosp,0,2026-10-03,12,quantile,0.15,112
2026-10-03,wk inc rsv hosp,0,2026-10-03,12,quantile,0.2,119
2026-10-03,wk inc rsv hosp,0,2026-10-03,12,quantile,0.25,126
2026-10-03,wk inc rsv hosp,0,2026-10-03,12,quantile,0.3,131
2026-10-03,wk inc rsv hosp,0,2026-10-03,12,quantile,0.35,136
2026-10-03,wk inc rsv hosp,0,2026-10-03,12,quantile,0.4,141
2026-10-03,wk inc rsv hosp,0,2026-10-03,12,quantile,0.45,146
2026-10-03,wk inc rsv hosp,0,2026-10-03,12,quantile,0.5,150
2026-10-03,wk inc rsv hosp,0,2026-10-03,12,quantile,0.55,157
2026-10-03,wk inc rsv hosp,0,2026-10-03,12,quantile,0.6,164
2026-10-03,wk inc rsv hosp,0,2026-10-03,12,quantile,0.65,172
2026-10-03,wk inc rsv hosp,0,2026-10-03,12,quantile,0.7,179
2026-10-03,wk inc rsv hosp,0,2026-10-03,12,quantile,0.75,190
2026-10-03,wk inc rsv hosp,0,2026-10-03,12,quantile,0.8,199
2026-10-03,wk inc rsv hosp,0,2026-10-03,12,quantile,0.85,210
2026-10-03,wk inc rsv hosp,0,2026-10-03,12,quantile,0.9,230
2026-10-03,wk inc rsv hosp,0,2026-10-03,12,quantile,0.95,252
2026-10-03,wk inc rsv hosp,0,2026-10-03,12,quantile,0.975,281
2026-10-03,wk inc rsv hosp,0,2026-10-03,12,quantile,0.99,321
2026-10-03,wk inc rsv hosp,0,2026-10-03,13,quantile,0.01,4
2026-10-03,wk inc rsv hosp,0,2026-10-03,13,quantile,0.025,6
2026-10-03,wk inc rsv hosp,0,2026-10-03,13,quantile,0.05,8
2026-10-03,wk inc rsv hosp,0,2026-10-03,13,quantile,0.1,10
2026-10-03,wk inc rsv hosp,0,2026-10-03,13,quantile,0.15,12
2026-10-03,wk inc rsv hosp,0,2026-10-03,13,quantile,0.2,14
2026-10-03,wk inc rsv hosp,0,2026-10-03,13,quantile,0.25,15
2026-10-03,wk inc rsv hosp,0,2026-10-03,13,quantile,0.3,16
2026-10-03,wk inc rsv hosp,0,2026-10-03,13,quantile,0.35,17
2026-10-03,wk inc rsv hosp,0,2026-10-03,13,quantile,0.4,18
2026-10-03,wk inc rsv hosp,0,2026-10-03,13,quantile,0.45,19
2026-10-03,wk inc rsv hosp,0,2026-10-03,13,quantile,0.5,20
2026-10-03,wk inc rsv hosp,0,2026-10-03,13,quantile,0.55,21
2026-10-03,wk inc rsv hosp,0,2026-10-03,13,quantile,0.6,22
2026-10-03,wk inc rsv hosp,0,2026-10-03,13,quantile,0.65,23
2026-10-03,wk inc rsv hosp,0,2026-10-03,13,quantile,0.7,25
2026-10-03,wk inc rsv hosp,0,2026-10-03,13,quantile,0.75,26
2026-10-03,wk inc rsv hosp,0,2026-10-03,13,quantile,0.8,28
2026-10-03,wk inc rsv hosp,0,2026-10-03,13,quantile,0.85,31
2026-10-03,wk inc rsv hosp,0,2026-10-03,13,quantile,0.9,34
2026-10-03,wk inc rsv hosp,0,2026-10-03,13,quantile,0.95,40
2026-10-03,wk inc rsv hosp,0,2026-10-03,13,quantile,0.975,47
2026-10-03,wk inc rsv hosp,0,2026-10-03,13,quantile,0.99,56
2026-10-03,wk inc rsv hosp,0,2026-10-03,15,quantile,0.01,0
2026-10-03,wk inc rsv hosp,0,2026-10-03,15,quantile,0.025,0
2026-10-03,wk inc rsv hosp,0,2026-10-03,15,quantile,0.05,1
2026-10-03,wk inc rsv hosp,0,2026-10-03,15,quantile,0.1,2
2026-10-03,wk inc rsv hosp,0,2026-10-03,15,quantile,0.15,3
2026-10-03,wk inc rsv hosp,0,2026-10-03,15,quantile,0.2,4
2026-10-03,wk inc rsv hosp,0,2026-10-03,15,quantile,0.25,4
2026-10-03,wk inc rsv hosp,0,2026-10-03,15,quantile,0.3,5
2026-10-03,wk inc rsv hosp,0,2026-10-03,15,quantile,0.35,5
2026-10-03,wk inc rsv hosp,0,2026-10-03,15,quantile,0.4,6
2026-10-03,wk inc rsv hosp,0,2026-10-03,15,quantile,0.45,6
2026-10-03,wk inc rsv hosp,0,2026-10-03,15,quantile,0.5,7
2026-10-03,wk inc rsv hosp,0,2026-10-03,15,quantile,0.55,7
2026-10-03,wk inc rsv hosp,0,2026-10-03,15,quantile,0.6,8
2026-10-03,wk inc rsv hosp,0,2026-10-03,15,quantile,0.65,8
2026-10-03,wk inc rsv hosp,0,2026-10-03,15,quantile,0.7,9
2026-10-03,wk inc rsv hosp,0,2026-10-03,15,quantile,0.75,10
2026-10-03,wk inc rsv hosp,0,2026-10-03,15,quantile,0.8,11
2026-10-03,wk inc rsv hosp,0,2026-10-03,15,quantile,0.85,12
2026-10-03,wk inc rsv hosp,0,2026-10-03,15,quantile,0.9,14
2026-10-03,wk inc rsv hosp,0,2026-10-03,15,quantile,0.95,17
2026-10-03,wk inc rsv hosp,0,2026-10-03,15,quantile,0.975,20
2026-10-03,wk inc rsv hosp,0,2026-10-03,15,quantile,0.99,22
2026-10-03,wk inc rsv hosp,0,2026-10-03,16,quantile,0.01,1
2026-10-03,wk inc rsv hosp,0,2026-10-03,16,quantile,0.025,1
2026-10-03,wk inc rsv hosp,0,2026-10-03,16,quantile,0.05,2
2026-10-03,wk inc rsv hosp,0,2026-10-03,16,quantile,0.1,2
2026-10-03,wk inc rsv hosp,0,2026-10-03,16,quantile,0.15,3
2026-10-03,wk inc rsv hosp,0,2026-10-03,16,quantile,0.2,3
2026-10-03,wk inc rsv hosp,0,2026-10-03,16,quantile,0.25,4
2026-10-03,wk inc rsv hosp,0,2026-10-03,16,quantile,0.3,4
2026-10-03,wk inc rsv hosp,0,2026-10-03,16,quantile,0.35,4
2026-10-03,wk inc rsv hosp,0,2026-10-03,16,quantile,0.4,5
2026-10-03,wk inc rsv hosp,0,2026-10-03,16,quantile,0.45,5
2026-10-03,wk inc rsv hosp,0,2026-10-03,16,quantile,0.5,6
2026-10-03,wk inc rsv hosp,0,2026-10-03,16,quantile,0.55,6
2026-10-03,wk inc rsv hosp,0,2026-10-03,16,quantile,0.6,6
2026-10-03,wk inc rsv hosp,0,2026-10-03,16,quantile,0.65,7
2026-10-03,wk inc rsv hosp,0,2026-10-03,16,quantile,0.7,7
2026-10-03,wk inc rsv hosp,0,2026-10-03,16,quantile,0.75,8
2026-10-03,wk inc rsv hosp,0,2026-10-03,16,quantile,0.8,9
2026-10-03,wk inc rsv hosp,0,2026-10-03,16,quantile,0.85,9
2026-10-03,wk inc rsv hosp,0,2026-10-03,16,quantile,0.9,11
2026-10-03,wk inc rsv hosp,0,2026-10-03,16,quantile,0.95,12
2026-10-03,wk inc rsv hosp,0,2026-10-03,16,quantile,0.975,13
2026-10-03,wk inc rsv hosp,0,2026-10-03,16,quantile,0.99,16
2026-10-03,wk inc rsv hosp,0,2026-10-03,17,quantile,0.01,0
2026-10-03,wk inc rsv hosp,0,2026-10-03,17,quantile,0.025,0
2026-10-03,wk inc rsv hosp,0,2026-10-03,17,quantile,0.05,0
2026-10-03,wk inc rsv hosp,0,2026-10-03,17,quantile,0.1,0
2026-10-03,wk inc rsv hosp,0,2026-10-03,17,quantile,0.15,1
2026-10-03,wk inc rsv hosp,0,2026-10-03,17,quantile,0.2,2
2026-10-03,wk inc rsv hosp,0,2026-10-03,17,quantile,0.25,3
2026-10-03,wk inc rsv hosp,0,2026-10-03,17,quantile,0.3,4
2026-10-03,wk inc rsv hosp,0,2026-10-03,17,quantile,0.35,5
2026-10-03,wk inc rsv hosp,0,2026-10-03,17,quantile,0.4,6
2026-10-03,wk inc rsv hosp,0,2026-10-03,17,quantile,0.45,7
2026-10-03,wk inc rsv hosp,0,2026-10-03,17,quantile,0.5,7
2026-10-03,wk inc rsv hosp,0,2026-10-03,17,quantile,0.55,8
2026-10-03,wk inc rsv hosp,0,2026-10-03,17,quantile,0.6,9
2026-10-03,wk inc rsv hosp,0,2026-10-03,17,quantile,0.65,10
2026-10-03,wk inc rsv hosp,0,2026-10-03,17,quantile,0.7,11
2026-10-03,wk inc rsv hosp,0,2026-10-03,17,quantile,0.75,13
2026-10-03,wk inc rsv hosp,0,2026-10-03,17,quantile,0.8,15
2026-10-03,wk inc rsv hosp,0,2026-10-03,17,quantile,0.85,17
2026-10-03,wk inc rsv hosp,0,2026-10-03,17,quantile,0.9,19
2026-10-03,wk inc rsv hosp,0,2026-10-03,17,quantile,0.95,24
2026-10-03,wk inc rsv hosp,0,2026-10-03,17,quantile,0.975,32
2026-10-03,wk inc rsv hosp,0,2026-10-03,17,quantile,0.99,45
2026-10-03,wk inc rsv hosp,0,2026-10-03,18,quantile,0.01,0
2026-10-03,wk inc rsv hosp,0,2026-10-03,18,quantile,0.025,0
2026-10-03,wk inc rsv hosp,0,2026-10-03,18,quantile,0.05,0
2026-10-03,wk inc rsv hosp,0,2026-10-03,18,quantile,0.1,0
2026-10-03,wk inc rsv hosp,0,2026-10-03,18,quantile,0.15,0
2026-10-03,wk inc rsv hosp,0,2026-10-03,18,quantile,0.2,0
2026-10-03,wk inc rsv hosp,0,2026-10-03,18,quantile,0.25,1
2026-10-03,wk inc rsv hosp,0,2026-10-03,18,quantile,0.3,1
2026-10-03,wk inc rsv hosp,0,2026-10-03,18,quantile,0.35,1
2026-10-03,wk inc rsv hosp,0,2026-10-03,18,quantile,0.4,2
2026-10-03,wk inc rsv hosp,0,2026-10-03,18,quantile,0.45,2
2026-10-03,wk inc rsv hosp,0,2026-10-03,18,quantile,0.5,2
2026-10-03,wk inc rsv hosp,0,2026-10-03,18,quantile,0.55,3
2026-10-03,wk inc rsv hosp,0,2026-10-03,18,quantile,0.6,3
2026-10-03,wk inc rsv hosp,0,2026-10-03,18,quantile,0.65,4
2026-10-03,wk inc rsv hosp,0,2026-10-03,18,quantile,0.7,4
2026-10-03,wk inc rsv hosp,0,2026-10-03,18,quantile,0.75,5
2026-10-03,wk inc rsv hosp,0,2026-10-03,18,quantile,0.8,5
2026-10-03,wk inc rsv hosp,0,2026-10-03,18,quantile,0.85,6
2026-10-03,wk inc rsv hosp,0,2026-10-03,18,quantile,0.9,7
2026-10-03,wk inc rsv hosp,0,2026-10-03,18,quantile,0.95,11
2026-10-03,wk inc rsv hosp,0,2026-10-03,18,quantile,0.975,13
2026-10-03,wk inc rsv hosp,0,2026-10-03,18,quantile,0.99,17
2026-10-03,wk inc rsv hosp,0,2026-10-03,19,quantile,0.01,0
2026-10-03,wk inc rsv hosp,0,2026-10-03,19,quantile,0.025,0
2026-10-03,wk inc rsv hosp,0,2026-10-03,19,quantile,0.05,0
2026-10-03,wk inc rsv hosp,0,2026-10-03,19,quantile,0.1,0
2026-10-03,wk inc rsv hosp,0,2026-10-03,19,quantile,0.15,0
2026-10-03,wk inc rsv hosp,0,2026-10-03,19,quantile,0.2,1
2026-10-03,wk inc rsv hosp,0,2026-10-03,19,quantile,0.25,1
2026-10-03,wk inc rsv hosp,0,2026-10-03,19,quantile,0.3,2
2026-10-03,wk inc rsv hosp,0,2026-10-03,19,quantile,0.35,2
2026-10-03,wk inc rsv hosp,0,2026-10-03,19,quantile,0.4,3
2026-10-03,wk inc rsv hosp,0,2026-10-03,19,quantile,0.45,3
2026-10-03,wk inc rsv hosp,0,2026-10-03,19,quantile,0.5,4
2026-10-03,wk inc rsv hosp,0,2026-10-03,19,quantile,0.55,4
2026-10-03,wk inc rsv hosp,0,2026-10-03,19,quantile,0.6,5
2026-10-03,wk inc rsv hosp,0,2026-10-03,19,quantile,0.65,5
2026-10-03,wk inc rsv hosp,0,2026-10-03,19,quantile,0.7,6
2026-10-03,wk inc rsv hosp,0,2026-10-03,19,quantile,0.75,6
2026-10-03,wk inc rsv hosp,0,2026-10-03,19,quantile,0.8,7
2026-10-03,wk inc rsv hosp,0,2026-10-03,19,quantile,0.85,8
2026-10-03,wk inc rsv hosp,0,2026-10-03,19,quantile,0.9,10
2026-10-03,wk inc rsv hosp,0,2026-10-03,19,quantile,0.95,13
2026-10-03,wk inc rsv hosp,0,2026-10-03,19,quantile,0.975,16
2026-10-03,wk inc rsv hosp,0,2026-10-03,19,quantile,0.99,20
2026-10-03,wk inc rsv hosp,0,2026-10-03,20,quantile,0.01,0
2026-10-03,wk inc rsv hosp,0,2026-10-03,20,quantile,0.025,0
2026-10-03,wk inc rsv hosp,0,2026-10-03,20,quantile,0.05,0
2026-10-03,wk inc rsv hosp,0,2026-10-03,20,quantile,0.1,0
2026-10-03,wk inc rsv hosp,0,2026-10-03,20,quantile,0.15,0
2026-10-03,wk inc rsv hosp,0,2026-10-03,20,quantile,0.2,0
2026-10-03,wk inc rsv hosp,0,2026-10-03,20,quantile,0.25,0
2026-10-03,wk inc rsv hosp,0,2026-10-03,20,quantile,0.3,0
2026-10-03,wk inc rsv hosp,0,2026-10-03,20,quantile,0.35,1
2026-10-03,wk inc rsv hosp,0,2026-10-03,20,quantile,0.4,1
2026-10-03,wk inc rsv hosp,0,2026-10-03,20,quantile,0.45,1
2026-10-03,wk inc rsv hosp,0,2026-10-03,20,quantile,0.5,1
2026-10-03,wk inc rsv hosp,0,2026-10-03,20,quantile,0.55,1
2026-10-03,wk inc rsv hosp,0,2026-10-03,20,quantile,0.6,2
2026-10-03,wk inc rsv hosp,0,2026-10-03,20,quantile,0.65,2
2026-10-03,wk inc rsv hosp,0,2026-10-03,20,quantile,0.7,2
2026-10-03,wk inc rsv hosp,0,2026-10-03,20,quantile,0.75,3
2026-10-03,wk inc rsv hosp,0,2026-10-03,20,quantile,0.8,3
2026-10-03,wk inc rsv hosp,0,2026-10-03,20,quantile,0.85,4
2026-10-03,wk inc rsv hosp,0,2026-10-03,20,quantile,0.9,5
2026-10-03,wk inc rsv hosp,0,2026-10-03,20,quantile,0.95,8
2026-10-03,wk inc rsv hosp,0,2026-10-03,20,quantile,0.975,10
2026-10-03,wk inc rsv hosp,0,2026-10-03,20,quantile,0.99,16
2026-10-03,wk inc rsv hosp,0,2026-10-03,21,quantile,0.01,0
2026-10-03,wk inc rsv hosp,0,2026-10-03,21,quantile,0.025,1
2026-10-03,wk inc rsv hosp,0,2026-10-03,21,quantile,0.05,3
2026-10-03,wk inc rsv hosp,0,2026-10-03,21,quantile,0.1,4
2026-10-03,wk inc rsv hosp,0,2026-10-03,21,quantile,0.15,5
2026-10-03,wk inc rsv hosp,0,2026-10-03,21,quantile,0.2,6
2026-10-03,wk inc rsv hosp,0,2026-10-03,21,quantile,0.25,6
2026-10-03,wk inc rsv hosp,0,2026-10-03,21,quantile,0.3,7
2026-10-03,wk inc rsv hosp,0,2026-10-03,21,quantile,0.35,8
2026-10-03,wk inc rsv hosp,0,2026-10-03,21,quantile,0.4,8
2026-10-03,wk inc rsv hosp,0,2026-10-03,21,quantile,0.45,9
2026-10-03,wk inc rsv hosp,0,2026-10-03,21,quantile,0.5,9
2026-10-03,wk inc rsv hosp,0,2026-10-03,21,quantile,0.55,10
2026-10-03,wk inc rsv hosp,0,2026-10-03,21,quantile,0.6,11
2026-10-03,wk inc rsv hosp,0,2026-10-03,21,quantile,0.65,11
2026-10-03,wk inc rsv hosp,0,2026-10-03,21,quantile,0.7,12
2026-10-03,wk inc rsv hosp,0,2026-10-03,21,quantile,0.75,13
2026-10-03,wk inc rsv hosp,0,2026-10-03,21,quantile,0.8,14
2026-10-03,wk inc rsv hosp,0,2026-10-03,21,quantile,0.85,15
2026-10-03,wk inc rsv hosp,0,2026-10-03,21,quantile,0.9,17
2026-10-03,wk inc rsv hosp,0,2026-10-03,21,quantile,0.95,20
2026-10-03,wk inc rsv hosp,0,2026-10-03,21,quantile,0.975,24
2026-10-03,wk inc rsv hosp,0,2026-10-03,21,quantile,0.99,27
2026-10-03,wk inc rsv hosp,0,2026-10-03,22,quantile,0.01,2
2026-10-03,wk inc rsv hosp,0,2026-10-03,22,quantile,0.025,3
2026-10-03,wk inc rsv hosp,0,2026-10-03,22,quantile,0.05,3
2026-10-03,wk inc rsv hosp,0,2026-10-03,22,quantile,0.1,5
2026-10-03,wk inc rsv hosp,0,2026-10-03,22,quantile,0.15,6
2026-10-03,wk inc rsv hosp,0,2026-10-03,22,quantile,0.2,7
2026-10-03,wk inc rsv hosp,0,2026-10-03,22,quantile,0.25,7
2026-10-03,wk inc rsv hosp,0,2026-10-03,22,quantile,0.3,8
2026-10-03,wk inc rsv hosp,0,2026-10-03,22,quantile,0.35,9
2026-10-03,wk inc rsv hosp,0,2026-10-03,22,quantile,0.4,9
2026-10-03,wk inc rsv hosp,0,2026-10-03,22,quantile,0.45,10
2026-10-03,wk inc rsv hosp,0,2026-10-03,22,quantile,0.5,10
2026-10-03,wk inc rsv hosp,0,2026-10-03,22,quantile,0.55,11
2026-10-03,wk inc rsv hosp,0,2026-10-03,22,quantile,0.6,12
2026-10-03,wk inc rsv hosp,0,2026-10-03,22,quantile,0.65,13
2026-10-03,wk inc rsv hosp,0,2026-10-03,22,quantile,0.7,13
2026-10-03,wk inc rsv hosp,0,2026-10-03,22,quantile,0.75,14
2026-10-03,wk inc rsv hosp,0,2026-10-03,22,quantile,0.8,16
2026-10-03,wk inc rsv hosp,0,2026-10-03,22,quantile,0.85,17
2026-10-03,wk inc rsv hosp,0,2026-10-03,22,quantile,0.9,20
2026-10-03,wk inc rsv hosp,0,2026-10-03,22,quantile,0.95,23
2026-10-03,wk inc rsv hosp,0,2026-10-03,22,quantile,0.975,27
2026-10-03,wk inc rsv hosp,0,2026-10-03,22,quantile,0.99,30
2026-10-03,wk inc rsv hosp,0,2026-10-03,23,quantile,0.01,0
2026-10-03,wk inc rsv hosp,0,2026-10-03,23,quantile,0.025,0
2026-10-03,wk inc rsv hosp,0,2026-10-03,23,quantile,0.05,0
2026-10-03,wk inc rsv hosp,0,2026-10-03,23,quantile,0.1,0
2026-10-03,wk inc rsv hosp,0,2026-10-03,23,quantile,0.15,0
2026-10-03,wk inc rsv hosp,0,2026-10-03,23,quantile,0.2,0
2026-10-03,wk inc rsv hosp,0,2026-10-03,23,quantile,0.25,0
2026-10-03,wk inc rsv hosp,0,2026-10-03,23,quantile,0.3,0
2026-10-03,wk inc rsv hosp,0,2026-10-03,23,quantile,0.35,0
2026-10-03,wk inc rsv hosp,0,2026-10-03,23,quantile,0.4,0
2026-10-03,wk inc rsv hosp,0,2026-10-03,23,quantile,0.45,0
2026-10-03,wk inc rsv hosp,0,2026-10-03,23,quantile,0.5,0
2026-10-03,wk inc rsv hosp,0,2026-10-03,23,quantile,0.55,0
2026-10-03,wk inc rsv hosp,0,2026-10-03,23,quantile,0.6,0
2026-10-03,wk inc rsv hosp,0,2026-10-03,23,quantile,0.65,0
2026-10-03,wk inc rsv hosp,0,2026-10-03,23,quantile,0.7,0
2026-10-03,wk inc rsv hosp,0,2026-10-03,23,quantile,0.75,0
2026-10-03,wk inc rsv hosp,0,2026-10-03,23,quantile,0.8,0
2026-10-03,wk inc rsv hosp,0,2026-10-03,23,quantile,0.85,0
2026-10-03,wk inc rsv hosp,0,2026-10-03,23,quantile,0.9,0
2026-10-03,wk inc rsv hosp,0,2026-10-03,23,quantile,0.95,0
2026-10-03,wk inc rsv hosp,0,2026-10-03,23,quantile,0.975,1
2026-10-03,wk inc rsv hosp,0,2026-10-03,23,quantile,0.99,2
2026-10-03,wk inc rsv hosp,0,2026-10-03,24,quantile,0.01,0
2026-10-03,wk inc rsv hosp,0,2026-10-03,24,quantile,0.025,0
2026-10-03,wk inc rsv hosp,0,2026-10-03,24,quantile,0.05,0
2026-10-03,wk inc rsv hosp,0,2026-10-03,24,quantile,0.1,0
2026-10-03,wk inc rsv hosp,0,2026-10-03,24,quantile,0.15,0
2026-10-03,wk inc rsv hosp,0,2026-10-03,24,quantile,0.2,0
2026-10-03,wk inc rsv hosp,0,2026-10-03,24,quantile,0.25,0
2026-10-03,wk inc rsv hosp,0,2026-10-03,24,quantile,0.3,0
2026-10-03,wk inc rsv hosp,0,2026-10-03,24,quantile,0.35,0
2026-10-03,wk inc rsv hosp,0,2026-10-03,24,quantile,0.4,0
2026-10-03,wk inc rsv hosp,0,2026-10-03,24,quantile,0.45,0
2026-10-03,wk inc rsv hosp,0,2026-10-03,24,quantile,0.5,1
2026-10-03,wk inc rsv hosp,0,2026-10-03,24,quantile,0.55,1
2026-10-03,wk inc rsv hosp,0,2026-10-03,24,quantile,0.6,2
2026-10-03,wk inc rsv hosp,0,2026-10-03,24,quantile,0.65,2
2026-10-03,wk inc rsv hosp,0,2026-10-03,24,quantile,0.7,3
2026-10-03,wk inc rsv hosp,0,2026-10-03,24,quantile,0.75,3
2026-10-03,wk inc rsv hosp,0,2026-10-03,24,quantile,0.8,4
2026-10-03,wk inc rsv hosp,0,2026-10-03,24,quantile,0.85,5
2026-10-03,wk inc rsv hosp,0,2026-10-03,24,quantile,0.9,7
2026-10-03,wk inc rsv hosp,0,2026-10-03,24,quantile,0.95,10
2026-10-03,wk inc rsv hosp,0,2026-10-03,24,quantile,0.975,13
2026-10-03,wk inc rsv hosp,0,2026-10-03,24,quantile,0.99,18
2026-10-03,wk inc rsv hosp,0,2026-10-03,25,quantile,0.01,0
2026-10-03,wk inc rsv hosp,0,2026-10-03,25,quantile,0.025,0
2026-10-03,wk inc rsv hosp,0,2026-10-03,25,quantile,0.05,0
2026-10-03,wk inc rsv hosp,0,2026-10-03,25,quantile,0.1,0
2026-10-03,wk inc rsv hosp,0,2026-10-03,25,quantile,0.15,1
2026-10-03,wk inc rsv hosp,0,2026-10-03,25,quantile,0.2,1
2026-10-03,wk inc rsv hosp,0,2026-10-03,25,quantile,0.25,2
2026-10-03,wk inc rsv hosp,0,2026-10-03,25,quantile,0.3,2
2026-10-03,wk inc rsv hosp,0,2026-10-03,25,quantile,0.35,2
2026-10-03,wk inc rsv hosp,0,2026-10-03,25,quantile,0.4,3
2026-10-03,wk inc rsv hosp,0,2026-10-03,25,quantile,0.45,4
2026-10-03,wk inc rsv hosp,0,2026-10-03,25,quantile,0.5,4
2026-10-03,wk inc rsv hosp,0,2026-10-03,25,quantile,0.55,4
2026-10-03,wk inc rsv hosp,0,2026-10-03,25,quantile,0.6,5
2026-10-03,wk inc rsv hosp,0,2026-10-03,25,quantile,0.65,6
2026-10-03,wk inc rsv hosp,0,2026-10-03,25,quantile,0.7,6
2026-10-03,wk inc rsv hosp,0,2026-10-03,25,quantile,0.75,7
2026-10-03,wk inc rsv hosp,0,2026-10-03,25,quantile,0.8,8
2026-10-03,wk inc rsv hosp,0,2026-10-03,25,quantile,0.85,9
2026-10-03,wk inc rsv hosp,0,2026-10-03,25,quantile,0.9,11
2026-10-03,wk inc rsv hosp,0,2026-10-03,25,quantile,0.95,15
2026-10-03,wk inc rsv hosp,0,2026-10-03,25,quantile,0.975,20
2026-10-03,wk inc rsv hosp,0,2026-10-03,25,quantile,0.99,27
2026-10-03,wk inc rsv hosp,0,2026-10-03,26,quantile,0.01,0
2026-10-03,wk inc rsv hosp,0,2026-10-03,26,quantile,0.025,0
2026-10-03,wk inc rsv hosp,0,2026-10-03,26,quantile,0.05,0
2026-10-03,wk inc rsv hosp,0,2026-10-03,26,quantile,0.1,0
2026-10-03,wk inc rsv hosp,0,2026-10-03,26,quantile,0.15,0
2026-10-03,wk inc rsv hosp,0,2026-10-03,26,quantile,0.2,0
2026-10-03,wk inc rsv hosp,0,2026-10-03,26,quantile,0.25,0
2026-10-03,wk inc rsv hosp,0,2026-10-03,26,quantile,0.3,0
2026-10-03,wk inc rsv hosp,0,2026-10-03,26,quantile,0.35,0
2026-10-03,wk inc rsv hosp,0,2026-10-03,26,quantile,0.4,1
2026-10-03,wk inc rsv hosp,0,2026-10-03,26,quantile,0.45,2
2026-10-03,wk inc rsv hosp,0,2026-10-03,26,quantile,0.5,3
2026-10-03,wk inc rsv hosp,0,2026-10-03,26,quantile,0.55,4
2026-10-03,wk inc rsv hosp,0,2026-10-03,26,quantile,0.6,5
2026-10-03,wk inc rsv hosp,0,2026-10-03,26,quantile,0.65,8
2026-10-03,wk inc rsv hosp,0,2026-10-03,26,quantile,0.7,12
2026-10-03,wk inc rsv hosp,0,2026-10-03,26,quantile,0.75,16
2026-10-03,wk inc rsv hosp,0,2026-10-03,26,quantile,0.8,24
2026-10-03,wk inc rsv hosp,0,2026-10-03,26,quantile,0.85,40
2026-10-03,wk inc rsv hosp,0,2026-10-03,26,quantile,0.9,66
2026-10-03,wk inc rsv hosp,0,2026-10-03,26,quantile,0.95,146
2026-10-03,wk inc rsv hosp,0,2026-10-03,26,quantile,0.975,310
2026-10-03,wk inc rsv hosp,0,2026-10-03,26,quantile,0.99,573
2026-10-03,wk inc rsv hosp,0,2026-10-03,27,quantile,0.01,0
2026-10-03,wk inc rsv hosp,0,2026-10-03,27,quantile,0.025,0
2026-10-03,wk inc rsv hosp,0,2026-10-03,27,quantile,0.05,0
2026-10-03,wk inc rsv hosp,0,2026-10-03,27,quantile,0.1,0
2026-10-03,wk inc rsv hosp,0,2026-10-03,27,quantile,0.15,0
2026-10-03,wk inc rsv hosp,0,2026-10-03,27,quantile,0.2,0
2026-10-03,wk inc rsv hosp,0,2026-10-03,27,quantile,0.25,0
2026-10-03,wk inc rsv hosp,0,2026-10-03,27,quantile,0.3,0
2026-10-03,wk inc rsv hosp,0,2026-10-03,27,quantile,0.35,0
2026-10-03,wk inc rsv hosp,0,2026-10-03,27,quantile,0.4,0
2026-10-03,wk inc rsv hosp,0,2026-10-03,27,quantile,0.45,0
2026-10-03,wk inc rsv hosp,0,2026-10-03,27,quantile,0.5,1
2026-10-03,wk inc rsv hosp,0,2026-10-03,27,quantile,0.55,1
2026-10-03,wk inc rsv hosp,0,2026-10-03,27,quantile,0.6,1
2026-10-03,wk inc rsv hosp,0,2026-10-03,27,quantile,0.65,1
2026-10-03,wk inc rsv hosp,0,2026-10-03,27,quantile,0.7,1
2026-10-03,wk inc rsv hosp,0,2026-10-03,27,quantile,0.75,1
2026-10-03,wk inc rsv hosp,0,2026-10-03,27,quantile,0.8,1
2026-10-03,wk inc rsv hosp,0,2026-10-03,27,quantile,0.85,2
2026-10-03,wk inc rsv hosp,0,2026-10-03,27,quantile,0.9,2
2026-10-03,wk inc rsv hosp,0,2026-10-03,27,quantile,0.95,3
2026-10-03,wk inc rsv hosp,0,2026-10-03,27,quantile,0.975,3
2026-10-03,wk inc rsv hosp,0,2026-10-03,27,quantile,0.99,5
2026-10-03,wk inc rsv hosp,0,2026-10-03,28,quantile,0.01,0
2026-10-03,wk inc rsv hosp,0,2026-10-03,28,quantile,0.025,0
2026-10-03,wk inc rsv hosp,0,2026-10-03,28,quantile,0.05,0
2026-10-03,wk inc rsv hosp,0,2026-10-03,28,quantile,0.1,1
2026-10-03,wk inc rsv hosp,0,2026-10-03,28,quantile,0.15,2
2026-10-03,wk inc rsv hosp,0,2026-10-03,28,quantile,0.2,3
2026-10-03,wk inc rsv hosp,0,2026-10-03,28,quantile,0.25,3
2026-10-03,wk inc rsv hosp,0,2026-10-03,28,quantile,0.3,4
2026-10-03,wk inc rsv hosp,0,2026-10-03,28,quantile,0.35,4
2026-10-03,wk inc rsv hosp,0,2026-10-03,28,quantile,0.4,5
2026-10-03,wk inc rsv hosp,0,2026-10-03,28,quantile,0.45,5
2026-10-03,wk inc rsv hosp,0,2026-10-03,28,quantile,0.5,6
2026-10-03,wk inc rsv hosp,0,2026-10-03,28,quantile,0.55,7
2026-10-03,wk inc rsv hosp,0,2026-10-03,28,quantile,0.6,7
2026-10-03,wk inc rsv hosp,0,2026-10-03,28,quantile,0.65,8
2026-10-03,wk inc rsv hosp,0,2026-10-03,28,quantile,0.7,9
2026-10-03,wk inc rsv hosp,0,2026-10-03,28,quantile,0.75,10
2026-10-03,wk inc rsv hosp,0,2026-10-03,28,quantile,0.8,11
2026-10-03,wk inc rsv hosp,0,2026-10-03,28,quantile,0.85,12
2026-10-03,wk inc rsv hosp,0,2026-10-03,28,quantile,0.9,14
2026-10-03,wk inc rsv hosp,0,2026-10-03,28,quantile,0.95,17
2026-10-03,wk inc rsv hosp,0,2026-10-03,28,quantile,0.975,20
2026-10-03,wk inc rsv hosp,0,2026-10-03,28,quantile,0.99,28
2026-10-03,wk inc rsv hosp,0,2026-10-03,29,quantile,0.01,0
2026-10-03,wk inc rsv hosp,0,2026-10-03,29,quantile,0.025,0
2026-10-03,wk inc rsv hosp,0,2026-10-03,29,quantile,0.05,0
2026-10-03,wk inc rsv hosp,0,2026-10-03,29,quantile,0.1,0
2026-10-03,wk inc rsv hosp,0,2026-10-03,29,quantile,0.15,1
2026-10-03,wk inc rsv hosp,0,2026-10-03,29,quantile,0.2,1
2026-10-03,wk inc rsv hosp,0,2026-10-03,29,quantile,0.25,2
2026-10-03,wk inc rsv hosp,0,2026-10-03,29,quantile,0.3,2
2026-10-03,wk inc rsv hosp,0,2026-10-03,29,quantile,0.35,2
2026-10-03,wk inc rsv hosp,0,2026-10-03,29,quantile,0.4,3
2026-10-03,wk inc rsv hosp,0,2026-10-03,29,quantile,0.45,3
2026-10-03,wk inc rsv hosp,0,2026-10-03,29,quantile,0.5,4
2026-10-03,wk inc rsv hosp,0,2026-10-03,29,quantile,0.55,4
2026-10-03,wk inc rsv hosp,0,2026-10-03,29,quantile,0.6,4
2026-10-03,wk inc rsv hosp,0,2026-10-03,29,quantile,0.65,5
2026-10-03,wk inc rsv hosp,0,2026-10-03,29,quantile,0.7,5
2026-10-03,wk inc rsv hosp,0,2026-10-03,29,quantile,0.75,6
2026-10-03,wk inc rsv hosp,0,2026-10-03,29,quantile,0.8,6
2026-10-03,wk inc rsv hosp,0,2026-10-03,29,quantile,0.85,7
2026-10-03,wk inc rsv hosp,0,2026-10-03,29,quantile,0.9,9
2026-10-03,wk inc rsv hosp,0,2026-10-03,29,quantile,0.95,11
2026-10-03,wk inc rsv hosp,0,2026-10-03,29,quantile,0.975,13
2026-10-03,wk inc rsv hosp,0,2026-10-03,29,quantile,0.99,18
2026-10-03,wk inc rsv hosp,0,2026-10-03,30,quantile,0.01,0
2026-10-03,wk inc rsv hosp,0,2026-10-03,30,quantile,0.025,0
2026-10-03,wk inc rsv hosp,0,2026-10-03,30,quantile,0.05,0
2026-10-03,wk inc rsv hosp,0,2026-10-03,30,quantile,0.1,0
2026-10-03,wk inc rsv hosp,0,2026-10-03,30,quantile,0.15,0
2026-10-03,wk inc rsv hosp,0,2026-10-03,30,quantile,0.2,0
2026-10-03,wk inc rsv hosp,0,2026-10-03,30,quantile,0.25,0
2026-10-03,wk inc rsv hosp,0,2026-10-03,30,quantile,0.3,0
2026-10-03,wk inc rsv hosp,0,2026-10-03,30,quantile,0.35,0
2026-10-03,wk inc rsv hosp,0,2026-10-03,30,quantile,0.4,0
2026-10-03,wk inc rsv hosp,0,2026-10-03,30,quantile,0.45,0
2026-10-03,wk inc rsv hosp,0,2026-10-03,30,quantile,0.5,0
2026-10-03,wk inc rsv hosp,0,2026-10-03,30,quantile,0.55,0
2026-10-03,wk inc rsv hosp,0,2026-10-03,30,quantile,0.6,0
2026-10-03,wk inc rsv hosp,0,2026-10-03,30,quantile,0.65,0
2026-10-03,wk inc rsv hosp,0,2026-10-03,30,quantile,0.7,0
2026-10-03,wk inc rsv hosp,0,2026-10-03,30,quantile,0.75,1
2026-10-03,wk inc rsv hosp,0,2026-10-03,30,quantile,0.8,1
2026-10-03,wk inc rsv hosp,0,2026-10-03,30,quantile,0.85,1
2026-10-03,wk inc rsv hosp,0,2026-10-03,30,quantile,0.9,2
2026-10-03,wk inc rsv hosp,0,2026-10-03,30,quantile,0.95,3
2026-10-03,wk inc rsv hosp,0,2026-10-03,30,quantile,0.975,4
2026-10-03,wk inc rsv hosp,0,2026-10-03,30,quantile,0.99,6
2026-10-03,wk inc rsv hosp,0,2026-10-03,31,quantile,0.01,0
2026-10-03,wk inc rsv hosp,0,2026-10-03,31,quantile,0.025,0
2026-10-03,wk inc rsv hosp,0,2026-10-03,31,quantile,0.05,0
2026-10-03,wk inc rsv hosp,0,2026-10-03,31,quantile,0.1,0
2026-10-03,wk inc rsv hosp,0,2026-10-03,31,quantile,0.15,0
2026-10-03,wk inc rsv hosp,0,2026-10-03,31,quantile,0.2,0
2026-10-03,wk inc rsv hosp,0,2026-10-03,31,quantile,0.25,0
2026-10-03,wk inc rsv hosp,0,2026-10-03,31,quantile,0.3,1
2026-10-03,wk inc rsv hosp,0,2026-10-03,31,quantile,0.35,1
2026-10-03,wk inc rsv hosp,0,2026-10-03,31,quantile,0.4,1
2026-10-03,wk inc rsv hosp,0,2026-10-03,31,quantile,0.45,1
2026-10-03,wk inc rsv hosp,0,2026-10-03,31,quantile,0.5,2
2026-10-03,wk inc rsv hosp,0,2026-10-03,31,quantile,0.55,2
2026-10-03,wk inc rsv hosp,0,2026-10-03,31,quantile,0.6,2
2026-10-03,wk inc rsv hosp,0,2026-10-03,31,quantile,0.65,3
2026-10-03,wk inc rsv hosp,0,2026-10-03,31,quantile,0.7,3
2026-10-03,wk inc rsv hosp,0,2026-10-03,31,quantile,0.75,4
2026-10-03,wk inc rsv hosp,0,2026-10-03,31,quantile,0.8,4
2026-10-03,wk inc rsv hosp,0,2026-10-03,31,quantile,0.85,5
2026-10-03,wk inc rsv hosp,0,2026-10-03,31,quantile,0.9,6
2026-10-03,wk inc rsv hosp,0,2026-10-03,31,quantile,0.95,8
2026-10-03,wk inc rsv hosp,0,2026-10-03,31,quantile,0.975,10
2026-10-03,wk inc rsv hosp,0,2026-10-03,31,quantile,0.99,14
2026-10-03,wk inc rsv hosp,0,2026-10-03,32,quantile,0.01,0
2026-10-03,wk inc rsv hosp,0,2026-10-03,32,quantile,0.025,0
2026-10-03,wk inc rsv hosp,0,2026-10-03,32,quantile,0.05,0
2026-10-03,wk inc rsv hosp,0,2026-10-03,32,quantile,0.1,0
2026-10-03,wk inc rsv hosp,0,2026-10-03,32,quantile,0.15,1
2026-10-03,wk inc rsv hosp,0,2026-10-03,32,quantile,0.2,1
2026-10-03,wk inc rsv hosp,0,2026-10-03,32,quantile,0.25,1
2026-10-03,wk inc rsv hosp,0,2026-10-03,32,quantile,0.3,2
2026-10-03,wk inc rsv hosp,0,2026-10-03,32,quantile,0.35,2
2026-10-03,wk inc rsv hosp,0,2026-10-03,32,quantile,0.4,2
2026-10-03,wk inc rsv hosp,0,2026-10-03,32,quantile,0.45,2
2026-10-03,wk inc rsv hosp,0,2026-10-03,32,quantile,0.5,3
2026-10-03,wk inc rsv hosp,0,2026-10-03,32,quantile,0.55,3
2026-10-03,wk inc rsv hosp,0,2026-10-03,32,quantile,0.6,3
2026-10-03,wk inc rsv hosp,0,2026-10-03,32,quantile,0.65,3
2026-10-03,wk inc rsv hosp,0,2026-10-03,32,quantile,0.7,4
2026-10-03,wk inc rsv hosp,0,2026-10-03,32,quantile,0.75,4
2026-10-03,wk inc rsv hosp,0,2026-10-03,32,quantile,0.8,5
2026-10-03,wk inc rsv hosp,0,2026-10-03,32,quantile,0.85,5
2026-10-03,wk inc rsv hosp,0,2026-10-03,32,quantile,0.9,6
2026-10-03,wk inc rsv hosp,0,2026-10-03,32,quantile,0.95,7
2026-10-03,wk inc rsv hosp,0,2026-10-03,32,quantile,0.975,8
2026-10-03,wk inc rsv hosp,0,2026-10-03,32,quantile,0.99,14
2026-10-03,wk inc rsv hosp,0,2026-10-03,33,quantile,0.01,0
2026-10-03,wk inc rsv hosp,0,2026-10-03,33,quantile,0.025,0
2026-10-03,wk inc rsv hosp,0,2026-10-03,33,quantile,0.05,0
2026-10-03,wk inc rsv hosp,0,2026-10-03,33,quantile,0.1,0
2026-10-03,wk inc rsv hosp,0,2026-10-03,33,quantile,0.15,0
2026-10-03,wk inc rsv hosp,0,2026-10-03,33,quantile,0.2,0
2026-10-03,wk inc rsv hosp,0,2026-10-03,33,quantile,0.25,0
2026-10-03,wk inc rsv hosp,0,2026-10-03,33,quantile,0.3,0
2026-10-03,wk inc rsv hosp,0,2026-10-03,33,quantile,0.35,0
2026-10-03,wk inc rsv hosp,0,2026-10-03,33,quantile,0.4,0
2026-10-03,wk inc rsv hosp,0,2026-10-03,33,quantile,0.45,0
2026-10-03,wk inc rsv hosp,0,2026-10-03,33,quantile,0.5,0
2026-10-03,wk inc rsv hosp,0,2026-10-03,33,quantile,0.55,0
2026-10-03,wk inc rsv hosp,0,2026-10-03,33,quantile,0.6,0
2026-10-03,wk inc rsv hosp,0,2026-10-03,33,quantile,0.65,0
2026-10-03,wk inc rsv hosp,0,2026-10-03,33,quantile,0.7,1
2026-10-03,wk inc rsv hosp,0,2026-10-03,33,quantile,0.75,1
2026-10-03,wk inc rsv hosp,0,2026-10-03,33,quantile,0.8,1
2026-10-03,wk inc rsv hosp,0,2026-10-03,33,quantile,0.85,2
2026-10-03,wk inc rsv hosp,0,2026-10-03,33,quantile,0.9,2
2026-10-03,wk inc rsv hosp,0,2026-10-03,33,quantile,0.95,4
2026-10-03,wk inc rsv hosp,0,2026-10-03,33,quantile,0.975,5
2026-10-03,wk inc rsv hosp,0,2026-10-03,33,quantile,0.99,8
2026-10-03,wk inc rsv hosp,0,2026-10-03,34,quantile,0.01,1
2026-10-03,wk inc rsv hosp,0,2026-10-03,34,quantile,0.025,2
2026-10-03,wk inc rsv hosp,0,2026-10-03,34,quantile,0.05,3
2026-10-03,wk inc rsv hosp,0,2026-10-03,34,quantile,0.1,5
2026-10-03,wk inc rsv hosp,0,2026-10-03,34,quantile,0.15,6
2026-10-03,wk inc rsv hosp,0,2026-10-03,34,quantile,0.2,7
2026-10-03,wk inc rsv hosp,0,2026-10-03,34,quantile,0.25,8
2026-10-03,wk inc rsv hosp,0,2026-10-03,34,quantile,0.3,8
2026-10-03,wk inc rsv hosp,0,2026-10-03,34,quantile,0.35,9
2026-10-03,wk inc rsv hosp,0,2026-10-03,34,quantile,0.4,10
2026-10-03,wk inc rsv hosp,0,2026-10-03,34,quantile,0.45,11
2026-10-03,wk inc rsv hosp,0,2026-10-03,34,quantile,0.5,11
2026-10-03,wk inc rsv hosp,0,2026-10-03,34,quantile,0.55,12
2026-10-03,wk inc rsv hosp,0,2026-10-03,34,quantile,0.6,13
2026-10-03,wk inc rsv hosp,0,2026-10-03,34,quantile,0.65,14
2026-10-03,wk inc rsv hosp,0,2026-10-03,34,quantile,0.7,15
2026-10-03,wk inc rsv hosp,0,2026-10-03,34,quantile,0.75,16
2026-10-03,wk inc rsv hosp,0,2026-10-03,34,quantile,0.8,17
2026-10-03,wk inc rsv hosp,0,2026-10-03,34,quantile,0.85,18
2026-10-03,wk inc rsv hosp,0,2026-10-03,34,quantile,0.9,21
2026-10-03,wk inc rsv hosp,0,2026-10-03,34,quantile,0.95,25
2026-10-03,wk inc rsv hosp,0,2026-10-03,34,quantile,0.975,29
2026-10-03,wk inc rsv hosp,0,2026-10-03,34,quantile,0.99,35
2026-10-03,wk inc rsv hosp,0,2026-10-03,35,quantile,0.01,0
2026-10-03,wk inc rsv hosp,0,2026-10-03,35,quantile,0.025,0
2026-10-03,wk inc rsv hosp,0,2026-10-03,35,quantile,0.05,0
2026-10-03,wk inc rsv hosp,0,2026-10-03,35,quantile,0.1,0
2026-10-03,wk inc rsv hosp,0,2026-10-03,35,quantile,0.15,0
2026-10-03,wk inc rsv hosp,0,2026-10-03,35,quantile,0.2,0
2026-10-03,wk inc rsv hosp,0,2026-10-03,35,quantile,0.25,0
2026-10-03,wk inc rsv hosp,0,2026-10-03,35,quantile,0.3,1
2026-10-03,wk inc rsv hosp,0,2026-10-03,35,quantile,0.35,1
2026-10-03,wk inc rsv hosp,0,2026-10-03,35,quantile,0.4,1
2026-10-03,wk inc rsv hosp,0,2026-10-03,35,quantile,0.45,1
2026-10-03,wk inc rsv hosp,0,2026-10-03,35,quantile,0.5,1
2026-10-03,wk inc rsv hosp,0,2026-10-03,35,quantile,0.55,1
2026-10-03,wk inc rsv hosp,0,2026-10-03,35,quantile,0.6,1
2026-10-03,wk inc rsv hosp,0,2026-10-03,35,quantile,0.65,2
2026-10-03,wk inc rsv hosp,0,2026-10-03,35,quantile,0.7,2
2026-10-03,wk inc rsv hosp,0,2026-10-03,35,quantile,0.75,2
2026-10-03,wk inc rsv hosp,0,2026-10-03,35,quantile,0.8,2
2026-10-03,wk inc rsv hosp,0,2026-10-03,35,quantile,0.85,3
2026-10-03,wk inc rsv hosp,0,2026-10-03,35,quantile,0.9,3
2026-10-03,wk inc rsv hosp,0,2026-10-03,35,quantile,0.95,4
2026-10-03,wk inc rsv hosp,0,2026-10-03,35,quantile,0.975,4
2026-10-03,wk inc rsv hosp,0,2026-10-03,35,quantile,0.99,5
2026-10-03,wk inc rsv hosp,0,2026-10-03,36,quantile,0.01,0
2026-10-03,wk inc rsv hosp,0,2026-10-03,36,quantile,0.025,0
2026-10-03,wk inc rsv hosp,0,2026-10-03,36,quantile,0.05,2
2026-10-03,wk inc rsv hosp,0,2026-10-03,36,quantile,0.1,7
2026-10-03,wk inc rsv hosp,0,2026-10-03,36,quantile,0.15,10
2026-10-03,wk inc rsv hosp,0,2026-10-03,36,quantile,0.2,13
2026-10-03,wk inc rsv hosp,0,2026-10-03,36,quantile,0.25,15
2026-10-03,wk inc rsv hosp,0,2026-10-03,36,quantile,0.3,17
2026-10-03,wk inc rsv hosp,0,2026-10-03,36,quantile,0.35,19
2026-10-03,wk inc rsv hosp,0,2026-10-03,36,quantile,0.4,21
2026-10-03,wk inc rsv hosp,0,2026-10-03,36,quantile,0.45,22
2026-10-03,wk inc rsv hosp,0,2026-10-03,36,quantile,0.5,24
2026-10-03,wk inc rsv hosp,0,2026-10-03,36,quantile,0.55,26
2026-10-03,wk inc rsv hosp,0,2026-10-03,36,quantile,0.6,28
2026-10-03,wk inc rsv hosp,0,2026-10-03,36,quantile,0.65,30
2026-10-03,wk inc rsv hosp,0,2026-10-03,36,quantile,0.7,31
2026-10-03,wk inc rsv hosp,0,2026-10-03,36,quantile,0.75,34
2026-10-03,wk inc rsv hosp,0,2026-10-03,36,quantile,0.8,37
2026-10-03,wk inc rsv hosp,0,2026-10-03,36,quantile,0.85,41
2026-10-03,wk inc rsv hosp,0,2026-10-03,36,quantile,0.9,47
2026-10-03,wk inc rsv hosp,0,2026-10-03,36,quantile,0.95,54
2026-10-03,wk inc rsv hosp,0,2026-10-03,36,quantile,0.975,69
2026-10-03,wk inc rsv hosp,0,2026-10-03,36,quantile,0.99,84
2026-10-03,wk inc rsv hosp,0,2026-10-03,37,quantile,0.01,0
2026-10-03,wk inc rsv hosp,0,2026-10-03,37,quantile,0.025,0
2026-10-03,wk inc rsv hosp,0,2026-10-03,37,quantile,0.05,0
2026-10-03,wk inc rsv hosp,0,2026-10-03,37,quantile,0.1,0
2026-10-03,wk inc rsv hosp,0,2026-10-03,37,quantile,0.15,1
2026-10-03,wk inc rsv hosp,0,2026-10-03,37,quantile,0.2,2
2026-10-03,wk inc rsv hosp,0,2026-10-03,37,quantile,0.25,3
2026-10-03,wk inc rsv hosp,0,2026-10-03,37,quantile,0.3,4
2026-10-03,wk inc rsv hosp,0,2026-10-03,37,quantile,0.35,5
2026-10-03,wk inc rsv hosp,0,2026-10-03,37,quantile,0.4,6
2026-10-03,wk inc rsv hosp,0,2026-10-03,37,quantile,0.45,6
2026-10-03,wk inc rsv hosp,0,2026-10-03,37,quantile,0.5,7
2026-10-03,wk inc rsv hosp,0,2026-10-03,37,quantile,0.55,8
2026-10-03,wk inc rsv hosp,0,2026-10-03,37,quantile,0.6,9
2026-10-03,wk inc rsv hosp,0,2026-10-03,37,quantile,0.65,9
2026-10-03,wk inc rsv hosp,0,2026-10-03,37,quantile,0.7,10
2026-10-03,wk inc rsv hosp,0,2026-10-03,37,quantile,0.75,11
2026-10-03,wk inc rsv hosp,0,2026-10-03,37,quantile,0.8,13
2026-10-03,wk inc rsv hosp,0,2026-10-03,37,quantile,0.85,14
2026-10-03,wk inc rsv hosp,0,2026-10-03,37,quantile,0.9,17
2026-10-03,wk inc rsv hosp,0,2026-10-03,37,quantile,0.95,21
2026-10-03,wk inc rsv hosp,0,2026-10-03,37,quantile,0.975,27
2026-10-03,wk inc rsv hosp,0,2026-10-03,37,quantile,0.99,37
2026-10-03,wk inc rsv hosp,0,2026-10-03,38,quantile,0.01,0
2026-10-03,wk inc rsv hosp,0,2026-10-03,38,quantile,0.025,0
2026-10-03,wk inc rsv hosp,0,2026-10-03,38,quantile,0.05,0
2026-10-03,wk inc rsv hosp,0,2026-10-03,38,quantile,0.1,0
2026-10-03,wk inc rsv hosp,0,2026-10-03,38,quantile,0.15,0
2026-10-03,wk inc rsv hosp,0,2026-10-03,38,quantile,0.2,0
2026-10-03,wk inc rsv hosp,0,2026-10-03,38,quantile,0.25,0
2026-10-03,wk inc rsv hosp,0,2026-10-03,38,quantile,0.3,0
2026-10-03,wk inc rsv hosp,0,2026-10-03,38,quantile,0.35,0
2026-10-03,wk inc rsv hosp,0,2026-10-03,38,quantile,0.4,0
2026-10-03,wk inc rsv hosp,0,2026-10-03,38,quantile,0.45,0
2026-10-03,wk inc rsv hosp,0,2026-10-03,38,quantile,0.5,0
2026-10-03,wk inc rsv hosp,0,2026-10-03,38,quantile,0.55,0
2026-10-03,wk inc rsv hosp,0,2026-10-03,38,quantile,0.6,0
2026-10-03,wk inc rsv hosp,0,2026-10-03,38,quantile,0.65,0
2026-10-03,wk inc rsv hosp,0,2026-10-03,38,quantile,0.7,0
2026-10-03,wk inc rsv hosp,0,2026-10-03,38,quantile,0.75,0
2026-10-03,wk inc rsv hosp,0,2026-10-03,38,quantile,0.8,0
2026-10-03,wk inc rsv hosp,0,2026-10-03,38,quantile,0.85,1
2026-10-03,wk inc rsv hosp,0,2026-10-03,38,quantile,0.9,2
2026-10-03,wk inc rsv hosp,0,2026-10-03,38,quantile,0.95,3
2026-10-03,wk inc rsv hosp,0,2026-10-03,38,quantile,0.975,4
2026-10-03,wk inc rsv hosp,0,2026-10-03,38,quantile,0.99,6
2026-10-03,wk inc rsv hosp,0,2026-10-03,39,quantile,0.01,1
2026-10-03,wk inc rsv hosp,0,2026-10-03,39,quantile,0.025,2
2026-10-03,wk inc rsv hosp,0,2026-10-03,39,quantile,0.05,2
2026-10-03,wk inc rsv hosp,0,2026-10-03,39,quantile,0.1,4
2026-10-03,wk inc rsv hosp,0,2026-10-03,39,quantile,0.15,5
2026-10-03,wk inc rsv hosp,0,2026-10-03,39,quantile,0.2,6
2026-10-03,wk inc rsv hosp,0,2026-10-03,39,quantile,0.25,6
2026-10-03,wk inc rsv hosp,0,2026-10-03,39,quantile,0.3,7
2026-10-03,wk inc rsv hosp,0,2026-10-03,39,quantile,0.35,8
2026-10-03,wk inc rsv hosp,0,2026-10-03,39,quantile,0.4,8
2026-10-03,wk inc rsv hosp,0,2026-10-03,39,quantile,0.45,9
2026-10-03,wk inc rsv hosp,0,2026-10-03,39,quantile,0.5,10
2026-10-03,wk inc rsv hosp,0,2026-10-03,39,quantile,0.55,10
2026-10-03,wk inc rsv hosp,0,2026-10-03,39,quantile,0.6,11
2026-10-03,wk inc rsv hosp,0,2026-10-03,39,quantile,0.65,12
2026-10-03,wk inc rsv hosp,0,2026-10-03,39,quantile,0.7,13
2026-10-03,wk inc rsv hosp,0,2026-10-03,39,quantile,0.75,13
2026-10-03,wk inc rsv hosp,0,2026-10-03,39,quantile,0.8,15
2026-10-03,wk inc rsv hosp,0,2026-10-03,39,quantile,0.85,16
2026-10-03,wk inc rsv hosp,0,2026-10-03,39,quantile,0.9,18
2026-10-03,wk inc rsv hosp,0,2026-10-03,39,quantile,0.95,22
2026-10-03,wk inc rsv hosp,0,2026-10-03,39,quantile,0.975,26
2026-10-03,wk inc rsv hosp,0,2026-10-03,39,quantile,0.99,31
2026-10-03,wk inc rsv hosp,0,2026-10-03,40,quantile,0.01,0
2026-10-03,wk inc rsv hosp,0,2026-10-03,40,quantile,0.025,0
2026-10-03,wk inc rsv hosp,0,2026-10-03,40,quantile,0.05,0
2026-10-03,wk inc rsv hosp,0,2026-10-03,40,quantile,0.1,0
2026-10-03,wk inc rsv hosp,0,2026-10-03,40,quantile,0.15,0
2026-10-03,wk inc rsv hosp,0,2026-10-03,40,quantile,0.2,0
2026-10-03,wk inc rsv hosp,0,2026-10-03,40,quantile,0.25,1
2026-10-03,wk inc rsv hosp,0,2026-10-03,40,quantile,0.3,1
2026-10-03,wk inc rsv hosp,0,2026-10-03,40,quantile,0.35,1
2026-10-03,wk inc rsv hosp,0,2026-10-03,40,quantile,0.4,1
2026-10-03,wk inc rsv hosp,0,2026-10-03,40,quantile,0.45,1
2026-10-03,wk inc rsv hosp,0,2026-10-03,40,quantile,0.5,2
2026-10-03,wk inc rsv hosp,0,2026-10-03,40,quantile,0.55,2
2026-10-03,wk inc rsv hosp,0,2026-10-03,40,quantile,0.6,2
2026-10-03,wk inc rsv hosp,0,2026-10-03,40,quantile,0.65,2
2026-10-03,wk inc rsv hosp,0,2026-10-03,40,quantile,0.7,3
2026-10-03,wk inc rsv hosp,0,2026-10-03,40,quantile,0.75,3
2026-10-03,wk inc rsv hosp,0,2026-10-03,40,quantile,0.8,3
2026-10-03,wk inc rsv hosp,0,2026-10-03,40,quantile,0.85,4
2026-10-03,wk inc rsv hosp,0,2026-10-03,40,quantile,0.9,5
2026-10-03,wk inc rsv hosp,0,2026-10-03,40,quantile,0.95,7
2026-10-03,wk inc rsv hosp,0,2026-10-03,40,quantile,0.975,9
2026-10-03,wk inc rsv hosp,0,2026-10-03,40,quantile,0.99,11
2026-10-03,wk inc rsv hosp,0,2026-10-03,41,quantile,0.01,0
2026-10-03,wk inc rsv hosp,0,2026-10-03,41,quantile,0.025,0
2026-10-03,wk inc rsv hosp,0,2026-10-03,41,quantile,0.05,0
2026-10-03,wk inc rsv hosp,0,2026-10-03,41,quantile,0.1,0
2026-10-03,wk inc rsv hosp,0,2026-10-03,41,quantile,0.15,0
2026-10-03,wk inc rsv hosp,0,2026-10-03,41,quantile,0.2,0
2026-10-03,wk inc rsv hosp,0,2026-10-03,41,quantile,0.25,0
2026-10-03,wk inc rsv hosp,0,2026-10-03,41,quantile,0.3,0
2026-10-03,wk inc rsv hosp,0,2026-10-03,41,quantile,0.35,0
2026-10-03,wk inc rsv hosp,0,2026-10-03,41,quantile,0.4,1
2026-10-03,wk inc rsv hosp,0,2026-10-03,41,quantile,0.45,1
2026-10-03,wk inc rsv hosp,0,2026-10-03,41,quantile,0.5,1
2026-10-03,wk inc rsv hosp,0,2026-10-03,41,quantile,0.55,2
2026-10-03,wk inc rsv hosp,0,2026-10-03,41,quantile,0.6,2
2026-10-03,wk inc rsv hosp,0,2026-10-03,41,quantile,0.65,2
2026-10-03,wk inc rsv hosp,0,2026-10-03,41,quantile,0.7,3
2026-10-03,wk inc rsv hosp,0,2026-10-03,41,quantile,0.75,3
2026-10-03,wk inc rsv hosp,0,2026-10-03,41,quantile,0.8,4
2026-10-03,wk inc rsv hosp,0,2026-10-03,41,quantile,0.85,4
2026-10-03,wk inc rsv hosp,0,2026-10-03,41,quantile,0.9,6
2026-10-03,wk inc rsv hosp,0,2026-10-03,41,quantile,0.95,7
2026-10-03,wk inc rsv hosp,0,2026-10-03,41,quantile,0.975,9
2026-10-03,wk inc rsv hosp,0,2026-10-03,41,quantile,0.99,13
2026-10-03,wk inc rsv hosp,0,2026-10-03,42,quantile,0.01,10
2026-10-03,wk inc rsv hosp,0,2026-10-03,42,quantile,0.025,17
2026-10-03,wk inc rsv hosp,0,2026-10-03,42,quantile,0.05,21
2026-10-03,wk inc rsv hosp,0,2026-10-03,42,quantile,0.1,28
2026-10-03,wk inc rsv hosp,0,2026-10-03,42,quantile,0.15,31
2026-10-03,wk inc rsv hosp,0,2026-10-03,42,quantile,0.2,34
2026-10-03,wk inc rsv hosp,0,2026-10-03,42,quantile,0.25,36
2026-10-03,wk inc rsv hosp,0,2026-10-03,42,quantile,0.3,38
2026-10-03,wk inc rsv hosp,0,2026-10-03,42,quantile,0.35,40
2026-10-03,wk inc rsv hosp,0,2026-10-03,42,quantile,0.4,42
2026-10-03,wk inc rsv hosp,0,2026-10-03,42,quantile,0.45,44
2026-10-03,wk inc rsv hosp,0,2026-10-03,42,quantile,0.5,46
2026-10-03,wk inc rsv hosp,0,2026-10-03,42,quantile,0.55,48
2026-10-03,wk inc rsv hosp,0,2026-10-03,42,quantile,0.6,49
2026-10-03,wk inc rsv hosp,0,2026-10-03,42,quantile,0.65,52
2026-10-03,wk inc rsv hosp,0,2026-10-03,42,quantile,0.7,54
2026-10-03,wk inc rsv hosp,0,2026-10-03,42,quantile,0.75,56
2026-10-03,wk inc rsv hosp,0,2026-10-03,42,quantile,0.8,60
2026-10-03,wk inc rsv hosp,0,2026-10-03,42,quantile,0.85,64
2026-10-03,wk inc rsv hosp,0,2026-10-03,42,quantile,0.9,69
2026-10-03,wk inc rsv hosp,0,2026-10-03,42,quantile,0.95,77
2026-10-03,wk inc rsv hosp,0,2026-10-03,42,quantile,0.975,88
2026-10-03,wk inc rsv hosp,0,2026-10-03,42,quantile,0.99,98
2026-10-03,wk inc rsv hosp,0,2026-10-03,44,quantile,0.01,0
2026-10-03,wk inc rsv hosp,0,2026-10-03,44,quantile,0.025,0
2026-10-03,wk inc rsv hosp,0,2026-10-03,44,quantile,0.05,0
2026-10-03,wk inc rsv hosp,0,2026-10-03,44,quantile,0.1,0
2026-10-03,wk inc rsv hosp,0,2026-10-03,44,quantile,0.15,0
2026-10-03,wk inc rsv hosp,0,2026-10-03,44,quantile,0.2,0
2026-10-03,wk inc rsv hosp,0,2026-10-03,44,quantile,0.25,1
2026-10-03,wk inc rsv hosp,0,2026-10-03,44,quantile,0.3,1
2026-10-03,wk inc rsv hosp,0,2026-10-03,44,quantile,0.35,1
2026-10-03,wk inc rsv hosp,0,2026-10-03,44,quantile,0.4,1
2026-10-03,wk inc rsv hosp,0,2026-10-03,44,quantile,0.45,2
2026-10-03,wk inc rsv hosp,0,2026-10-03,44,quantile,0.5,2
2026-10-03,wk inc rsv hosp,0,2026-10-03,44,quantile,0.55,2
2026-10-03,wk inc rsv hosp,0,2026-10-03,44,quantile,0.6,3
2026-10-03,wk inc rsv hosp,0,2026-10-03,44,quantile,0.65,3
2026-10-03,wk inc rsv hosp,0,2026-10-03,44,quantile,0.7,4
2026-10-03,wk inc rsv hosp,0,2026-10-03,44,quantile,0.75,4
2026-10-03,wk inc rsv hosp,0,2026-10-03,44,quantile,0.8,5
2026-10-03,wk inc rsv hosp,0,2026-10-03,44,quantile,0.85,5
2026-10-03,wk inc rsv hosp,0,2026-10-03,44,quantile,0.9,6
2026-10-03,wk inc rsv hosp,0,2026-10-03,44,quantile,0.95,8
2026-10-03,wk inc rsv hosp,0,2026-10-03,44,quantile,0.975,11
2026-10-03,wk inc rsv hosp,0,2026-10-03,44,quantile,0.99,16
2026-10-03,wk inc rsv hosp,0,2026-10-03,45,quantile,0.01,0
2026-10-03,wk inc rsv hosp,0,2026-10-03,45,quantile,0.025,0
2026-10-03,wk inc rsv hosp,0,2026-10-03,45,quantile,0.05,1
2026-10-03,wk inc rsv hosp,0,2026-10-03,45,quantile,0.1,2
2026-10-03,wk inc rsv hosp,0,2026-10-03,45,quantile,0.15,3
2026-10-03,wk inc rsv hosp,0,2026-10-03,45,quantile,0.2,4
2026-10-03,wk inc rsv hosp,0,2026-10-03,45,quantile,0.25,4
2026-10-03,wk inc rsv hosp,0,2026-10-03,45,quantile,0.3,5
2026-10-03,wk inc rsv hosp,0,2026-10-03,45,quantile,0.35,6
2026-10-03,wk inc rsv hosp,0,2026-10-03,45,quantile,0.4,6
2026-10-03,wk inc rsv hosp,0,2026-10-03,45,quantile,0.45,7
2026-10-03,wk inc rsv hosp,0,2026-10-03,45,quantile,0.5,8
2026-10-03,wk inc rsv hosp,0,2026-10-03,45,quantile,0.55,8
2026-10-03,wk inc rsv hosp,0,2026-10-03,45,quantile,0.6,9
2026-10-03,wk inc rsv hosp,0,2026-10-03,45,quantile,0.65,10
2026-10-03,wk inc rsv hosp,0,2026-10-03,45,quantile,0.7,11
2026-10-03,wk inc rsv hosp,0,2026-10-03,45,quantile,0.75,12
2026-10-03,wk inc rsv hosp,0,2026-10-03,45,quantile,0.8,13
2026-10-03,wk inc rsv hosp,0,2026-10-03,45,quantile,0.85,15
2026-10-03,wk inc rsv hosp,0,2026-10-03,45,quantile,0.9,17
2026-10-03,wk inc rsv hosp,0,2026-10-03,45,quantile,0.95,22
2026-10-03,wk inc rsv hosp,0,2026-10-03,45,quantile,0.975,28
2026-10-03,wk inc rsv hosp,0,2026-10-03,45,quantile,0.99,33
2026-10-03,wk inc rsv hosp,0,2026-10-03,46,quantile,0.01,0
2026-10-03,wk inc rsv hosp,0,2026-10-03,46,quantile,0.025,0
2026-10-03,wk inc rsv hosp,0,2026-10-03,46,quantile,0.05,0
2026-10-03,wk inc rsv hosp,0,2026-10-03,46,quantile,0.1,0
2026-10-03,wk inc rsv hosp,0,2026-10-03,46,quantile,0.15,0
2026-10-03,wk inc rsv hosp,0,2026-10-03,46,quantile,0.2,0
2026-10-03,wk inc rsv hosp,0,2026-10-03,46,quantile,0.25,1
2026-10-03,wk inc rsv hosp,0,2026-10-03,46,quantile,0.3,1
2026-10-03,wk inc rsv hosp,0,2026-10-03,46,quantile,0.35,1
2026-10-03,wk inc rsv hosp,0,2026-10-03,46,quantile,0.4,1
2026-10-03,wk inc rsv hosp,0,2026-10-03,46,quantile,0.45,1
2026-10-03,wk inc rsv hosp,0,2026-10-03,46,quantile,0.5,2
2026-10-03,wk inc rsv hosp,0,2026-10-03,46,quantile,0.55,2
2026-10-03,wk inc rsv hosp,0,2026-10-03,46,quantile,0.6,2
2026-10-03,wk inc rsv hosp,0,2026-10-03,46,quantile,0.65,2
2026-10-03,wk inc rsv hosp,0,2026-10-03,46,quantile,0.7,3
2026-10-03,wk inc rsv hosp,0,2026-10-03,46,quantile,0.75,3
2026-10-03,wk inc rsv hosp,0,2026-10-03,46,quantile,0.8,3
2026-10-03,wk inc rsv hosp,0,2026-10-03,46,quantile,0.85,4
2026-10-03,wk inc rsv hosp,0,2026-10-03,46,quantile,0.9,5
2026-10-03,wk inc rsv hosp,0,2026-10-03,46,quantile,0.95,6
2026-10-03,wk inc rsv hosp,0,2026-10-03,46,quantile,0.975,8
2026-10-03,wk inc rsv hosp,0,2026-10-03,46,quantile,0.99,9
2026-10-03,wk inc rsv hosp,0,2026-10-03,47,quantile,0.01,0
2026-10-03,wk inc rsv hosp,0,2026-10-03,47,quantile,0.025,0
2026-10-03,wk inc rsv hosp,0,2026-10-03,47,quantile,0.05,1
2026-10-03,wk inc rsv hosp,0,2026-10-03,47,quantile,0.1,2
2026-10-03,wk inc rsv hosp,0,2026-10-03,47,quantile,0.15,4
2026-10-03,wk inc rsv hosp,0,2026-10-03,47,quantile,0.2,4
2026-10-03,wk inc rsv hosp,0,2026-10-03,47,quantile,0.25,5
2026-10-03,wk inc rsv hosp,0,2026-10-03,47,quantile,0.3,6
2026-10-03,wk inc rsv hosp,0,2026-10-03,47,quantile,0.35,6
2026-10-03,wk inc rsv hosp,0,2026-10-03,47,quantile,0.4,7
2026-10-03,wk inc rsv hosp,0,2026-10-03,47,quantile,0.45,8
2026-10-03,wk inc rsv hosp,0,2026-10-03,47,quantile,0.5,8
2026-10-03,wk inc rsv hosp,0,2026-10-03,47,quantile,0.55,9
2026-10-03,wk inc rsv hosp,0,2026-10-03,47,quantile,0.6,10
2026-10-03,wk inc rsv hosp,0,2026-10-03,47,quantile,0.65,10
2026-10-03,wk inc rsv hosp,0,2026-10-03,47,quantile,0.7,11
2026-10-03,wk inc rsv hosp,0,2026-10-03,47,quantile,0.75,12
2026-10-03,wk inc rsv hosp,0,2026-10-03,47,quantile,0.8,13
2026-10-03,wk inc rsv hosp,0,2026-10-03,47,quantile,0.85,15
2026-10-03,wk inc rsv hosp,0,2026-10-03,47,quantile,0.9,17
2026-10-03,wk inc rsv hosp,0,2026-10-03,47,quantile,0.95,21
2026-10-03,wk inc rsv hosp,0,2026-10-03,47,quantile,0.975,24
2026-10-03,wk inc rsv hosp,0,2026-10-03,47,quantile,0.99,32
2026-10-03,wk inc rsv hosp,0,2026-10-03,48,quantile,0.01,22
2026-10-03,wk inc rsv hosp,0,2026-10-03,48,quantile,0.025,27
2026-10-03,wk inc rsv hosp,0,2026-10-03,48,quantile,0.05,31
2026-10-03,wk inc rsv hosp,0,2026-10-03,48,quantile,0.1,36
2026-10-03,wk inc rsv hosp,0,2026-10-03,48,quantile,0.15,40
2026-10-03,wk inc rsv hosp,0,2026-10-03,48,quantile,0.2,43
2026-10-03,wk inc rsv hosp,0,2026-10-03,48,quantile,0.25,46
2026-10-03,wk inc rsv hosp,0,2026-10-03,48,quantile,0.3,49
2026-10-03,wk inc rsv hosp,0,2026-10-03,48,quantile,0.35,51
2026-10-03,wk inc rsv hosp,0,2026-10-03,48,quantile,0.4,54
2026-10-03,wk inc rsv hosp,0,2026-10-03,48,quantile,0.45,57
2026-10-03,wk inc rsv hosp,0,2026-10-03,48,quantile,0.5,60
2026-10-03,wk inc rsv hosp,0,2026-10-03,48,quantile,0.55,62
2026-10-03,wk inc rsv hosp,0,2026-10-03,48,quantile,0.6,65
2026-10-03,wk inc rsv hosp,0,2026-10-03,48,quantile,0.65,68
2026-10-03,wk inc rsv hosp,0,2026-10-03,48,quantile,0.7,71
2026-10-03,wk inc rsv hosp,0,2026-10-03,48,quantile,0.75,75
2026-10-03,wk inc rsv hosp,0,2026-10-03,48,quantile,0.8,81
2026-10-03,wk inc rsv hosp,0,2026-10-03,48,quantile,0.85,87
2026-10-03,wk inc rsv hosp,0,2026-10-03,48,quantile,0.9,95
2026-10-03,wk inc rsv hosp,0,2026-10-03,48,quantile,0.95,108
2026-10-03,wk inc rsv hosp,0,2026-10-03,48,quantile,0.975,117
2026-10-03,wk inc rsv hosp,0,2026-10-03,48,quantile,0.99,128
2026-10-03,wk inc rsv hosp,0,2026-10-03,49,quantile,0.01,0
2026-10-03,wk inc rsv hosp,0,2026-10-03,49,quantile,0.025,0
2026-10-03,wk inc rsv hosp,0,2026-10-03,49,quantile,0.05,0
2026-10-03,wk inc rsv hosp,0,2026-10-03,49,quantile,0.1,0
2026-10-03,wk inc rsv hosp,0,2026-10-03,49,quantile,0.15,0
2026-10-03,wk inc rsv hosp,0,2026-10-03,49,quantile,0.2,0
2026-10-03,wk inc rsv hosp,0,2026-10-03,49,quantile,0.25,0
2026-10-03,wk inc rsv hosp,0,2026-10-03,49,quantile,0.3,0
2026-10-03,wk inc rsv hosp,0,2026-10-03,49,quantile,0.35,0
2026-10-03,wk inc rsv hosp,0,2026-10-03,49,quantile,0.4,0
2026-10-03,wk inc rsv hosp,0,2026-10-03,49,quantile,0.45,0
2026-10-03,wk inc rsv hosp,0,2026-10-03,49,quantile,0.5,0
2026-10-03,wk inc rsv hosp,0,2026-10-03,49,quantile,0.55,0
2026-10-03,wk inc rsv hosp,0,2026-10-03,49,quantile,0.6,1
2026-10-03,wk inc rsv hosp,0,2026-10-03,49,quantile,0.65,1
2026-10-03,wk inc rsv hosp,0,2026-10-03,49,quantile,0.7,1
2026-10-03,wk inc rsv hosp,0,2026-10-03,49,quantile,0.75,2
2026-10-03,wk inc rsv hosp,0,2026-10-03,49,quantile,0.8,3
2026-10-03,wk inc rsv hosp,0,2026-10-03,49,quantile,0.85,3
2026-10-03,wk inc rsv hosp,0,2026-10-03,49,quantile,0.9,5
2026-10-03,wk inc rsv hosp,0,2026-10-03,49,quantile,0.95,7
2026-10-03,wk inc rsv hosp,0,2026-10-03,49,quantile,0.975,11
2026-10-03,wk inc rsv hosp,0,2026-10-03,49,quantile,0.99,15
2026-10-03,wk inc rsv hosp,0,2026-10-03,50,quantile,0.01,0
2026-10-03,wk inc rsv hosp,0,2026-10-03,50,quantile,0.025,0
2026-10-03,wk inc rsv hosp,0,2026-10-03,50,quantile,0.05,0
2026-10-03,wk inc rsv hosp,0,2026-10-03,50,quantile,0.1,0
2026-10-03,wk inc rsv hosp,0,2026-10-03,50,quantile,0.15,0
2026-10-03,wk inc rsv hosp,0,2026-10-03,50,quantile,0.2,0
2026-10-03,wk inc rsv hosp,0,2026-10-03,50,quantile,0.25,0
2026-10-03,wk inc rsv hosp,0,2026-10-03,50,quantile,0.3,0
2026-10-03,wk inc rsv hosp,0,2026-10-03,50,quantile,0.35,0
2026-10-03,wk inc rsv hosp,0,2026-10-03,50,quantile,0.4,0
2026-10-03,wk inc rsv hosp,0,2026-10-03,50,quantile,0.45,0
2026-10-03,wk inc rsv hosp,0,2026-10-03,50,quantile,0.5,0
2026-10-03,wk inc rsv hosp,0,2026-10-03,50,quantile,0.55,0
2026-10-03,wk inc rsv hosp,0,2026-10-03,50,quantile,0.6,1
2026-10-03,wk inc rsv hosp,0,2026-10-03,50,quantile,0.65,1
2026-10-03,wk inc rsv hosp,0,2026-10-03,50,quantile,0.7,1
2026-10-03,wk inc rsv hosp,0,2026-10-03,50,quantile,0.75,2
2026-10-03,wk inc rsv hosp,0,2026-10-03,50,quantile,0.8,2
2026-10-03,wk inc rsv hosp,0,2026-10-03,50,quantile,0.85,3
2026-10-03,wk inc rsv hosp,0,2026-10-03,50,quantile,0.9,3
2026-10-03,wk inc rsv hosp,0,2026-10-03,50,quantile,0.95,5
2026-10-03,wk inc rsv hosp,0,2026-10-03,50,quantile,0.975,7
2026-10-03,wk inc rsv hosp,0,2026-10-03,50,quantile,0.99,9
2026-10-03,wk inc rsv hosp,0,2026-10-03,51,quantile,0.01,0
2026-10-03,wk inc rsv hosp,0,2026-10-03,51,quantile,0.025,0
2026-10-03,wk inc rsv hosp,0,2026-10-03,51,quantile,0.05,0
2026-10-03,wk inc rsv hosp,0,2026-10-03,51,quantile,0.1,0
2026-10-03,wk inc rsv hosp,0,2026-10-03,51,quantile,0.15,0
2026-10-03,wk inc rsv hosp,0,2026-10-03,51,quantile,0.2,1
2026-10-03,wk inc rsv hosp,0,2026-10-03,51,quantile,0.25,2
2026-10-03,wk inc rsv hosp,0,2026-10-03,51,quantile,0.3,3
2026-10-03,wk inc rsv hosp,0,2026-10-03,51,quantile,0.35,3
2026-10-03,wk inc rsv hosp,0,2026-10-03,51,quantile,0.4,4
2026-10-03,wk inc rsv hosp,0,2026-10-03,51,quantile,0.45,4
2026-10-03,wk inc rsv hosp,0,2026-10-03,51,quantile,0.5,5
2026-10-03,wk inc rsv hosp,0,2026-10-03,51,quantile,0.55,5
2026-10-03,wk inc rsv hosp,0,2026-10-03,51,quantile,0.6,6
2026-10-03,wk inc rsv hosp,0,2026-10-03,51,quantile,0.65,6
2026-10-03,wk inc rsv hosp,0,2026-10-03,51,quantile,0.7,7
2026-10-03,wk inc rsv hosp,0,2026-10-03,51,quantile,0.75,8
2026-10-03,wk inc rsv hosp,0,2026-10-03,51,quantile,0.8,9
2026-10-03,wk inc rsv hosp,0,2026-10-03,51,quantile,0.85,10
2026-10-03,wk inc rsv hosp,0,2026-10-03,51,quantile,0.9,12
2026-10-03,wk inc rsv hosp,0,2026-10-03,51,quantile,0.95,16
2026-10-03,wk inc rsv hosp,0,2026-10-03,51,quantile,0.975,21
2026-10-03,wk inc rsv hosp,0,2026-10-03,51,quantile,0.99,30
2026-10-03,wk inc rsv hosp,0,2026-10-03,53,quantile,0.01,0
2026-10-03,wk inc rsv hosp,0,2026-10-03,53,quantile,0.025,0
2026-10-03,wk inc rsv hosp,0,2026-10-03,53,quantile,0.05,0
2026-10-03,wk inc rsv hosp,0,2026-10-03,53,quantile,0.1,0
2026-10-03,wk inc rsv hosp,0,2026-10-03,53,quantile,0.15,1
2026-10-03,wk inc rsv hosp,0,2026-10-03,53,quantile,0.2,1
2026-10-03,wk inc rsv hosp,0,2026-10-03,53,quantile,0.25,2
2026-10-03,wk inc rsv hosp,0,2026-10-03,53,quantile,0.3,2
2026-10-03,wk inc rsv hosp,0,2026-10-03,53,quantile,0.35,2
2026-10-03,wk inc rsv hosp,0,2026-10-03,53,quantile,0.4,3
2026-10-03,wk inc rsv hosp,0,2026-10-03,53,quantile,0.45,3
2026-10-03,wk inc rsv hosp,0,2026-10-03,53,quantile,0.5,3
2026-10-03,wk inc rsv hosp,0,2026-10-03,53,quantile,0.55,4
2026-10-03,wk inc rsv hosp,0,2026-10-03,53,quantile,0.6,4
2026-10-03,wk inc rsv hosp,0,2026-10-03,53,quantile,0.65,5
2026-10-03,wk inc rsv hosp,0,2026-10-03,53,quantile,0.7,5
2026-10-03,wk inc rsv hosp,0,2026-10-03,53,quantile,0.75,6
2026-10-03,wk inc rsv hosp,0,2026-10-03,53,quantile,0.8,6
2026-10-03,wk inc rsv hosp,0,2026-10-03,53,quantile,0.85,7
2026-10-03,wk inc rsv hosp,0,2026-10-03,53,quantile,0.9,8
2026-10-03,wk inc rsv hosp,0,2026-10-03,53,quantile,0.95,10
2026-10-03,wk inc rsv hosp,0,2026-10-03,53,quantile,0.975,13
2026-10-03,wk inc rsv hosp,0,2026-10-03,53,quantile,0.99,18
2026-10-03,wk inc rsv hosp,0,2026-10-03,54,quantile,0.01,0
2026-10-03,wk inc rsv hosp,0,2026-10-03,54,quantile,0.025,0
2026-10-03,wk inc rsv hosp,0,2026-10-03,54,quantile,0.05,0
2026-10-03,wk inc rsv hosp,0,2026-10-03,54,quantile,0.1,0
2026-10-03,wk inc rsv hosp,0,2026-10-03,54,quantile,0.15,0
2026-10-03,wk inc rsv hosp,0,2026-10-03,54,quantile,0.2,1
2026-10-03,wk inc rsv hosp,0,2026-10-03,54,quantile,0.25,1
2026-10-03,wk inc rsv hosp,0,2026-10-03,54,quantile,0.3,1
2026-10-03,wk inc rsv hosp,0,2026-10-03,54,quantile,0.35,2
2026-10-03,wk inc rsv hosp,0,2026-10-03,54,quantile,0.4,2
2026-10-03,wk inc rsv hosp,0,2026-10-03,54,quantile,0.45,2
2026-10-03,wk inc rsv hosp,0,2026-10-03,54,quantile,0.5,3
2026-10-03,wk inc rsv hosp,0,2026-10-03,54,quantile,0.55,3
2026-10-03,wk inc rsv hosp,0,2026-10-03,54,quantile,0.6,3
2026-10-03,wk inc rsv hosp,0,2026-10-03,54,quantile,0.65,4
2026-10-03,wk inc rsv hosp,0,2026-10-03,54,quantile,0.7,4
2026-10-03,wk inc rsv hosp,0,2026-10-03,54,quantile,0.75,5
2026-10-03,wk inc rsv hosp,0,2026-10-03,54,quantile,0.8,6
2026-10-03,wk inc rsv hosp,0,2026-10-03,54,quantile,0.85,7
2026-10-03,wk inc rsv hosp,0,2026-10-03,54,quantile,0.9,8
2026-10-03,wk inc rsv hosp,0,2026-10-03,54,quantile,0.95,10
2026-10-03,wk inc rsv hosp,0,2026-10-03,54,quantile,0.975,14
2026-10-03,wk inc rsv hosp,0,2026-10-03,54,quantile,0.99,18
2026-10-03,wk inc rsv hosp,0,2026-10-03,55,quantile,0.01,0
2026-10-03,wk inc rsv hosp,0,2026-10-03,55,quantile,0.025,0
2026-10-03,wk inc rsv hosp,0,2026-10-03,55,quantile,0.05,0
2026-10-03,wk inc rsv hosp,0,2026-10-03,55,quantile,0.1,0
2026-10-03,wk inc rsv hosp,0,2026-10-03,55,quantile,0.15,0
2026-10-03,wk inc rsv hosp,0,2026-10-03,55,quantile,0.2,0
2026-10-03,wk inc rsv hosp,0,2026-10-03,55,quantile,0.25,0
2026-10-03,wk inc rsv hosp,0,2026-10-03,55,quantile,0.3,0
2026-10-03,wk inc rsv hosp,0,2026-10-03,55,quantile,0.35,0
2026-10-03,wk inc rsv hosp,0,2026-10-03,55,quantile,0.4,0
2026-10-03,wk inc rsv hosp,0,2026-10-03,55,quantile,0.45,0
2026-10-03,wk inc rsv hosp,0,2026-10-03,55,quantile,0.5,0
2026-10-03,wk inc rsv hosp,0,2026-10-03,55,quantile,0.55,0
2026-10-03,wk inc rsv hosp,0,2026-10-03,55,quantile,0.6,0
2026-10-03,wk inc rsv hosp,0,2026-10-03,55,quantile,0.65,0
2026-10-03,wk inc rsv hosp,0,2026-10-03,55,quantile,0.7,0
2026-10-03,wk inc rsv hosp,0,2026-10-03,55,quantile,0.75,0
2026-10-03,wk inc rsv hosp,0,2026-10-03,55,quantile,0.8,0
2026-10-03,wk inc rsv hosp,0,2026-10-03,55,quantile,0.85,1
2026-10-03,wk inc rsv hosp,0,2026-10-03,55,quantile,0.9,2
2026-10-03,wk inc rsv hosp,0,2026-10-03,55,quantile,0.95,4
2026-10-03,wk inc rsv hosp,0,2026-10-03,55,quantile,0.975,5
2026-10-03,wk inc rsv hosp,0,2026-10-03,55,quantile,0.99,9
2026-10-03,wk inc rsv hosp,0,2026-10-03,56,quantile,0.01,0
2026-10-03,wk inc rsv hosp,0,2026-10-03,56,quantile,0.025,0
2026-10-03,wk inc rsv hosp,0,2026-10-03,56,quantile,0.05,0
2026-10-03,wk inc rsv hosp,0,2026-10-03,56,quantile,0.1,0
2026-10-03,wk inc rsv hosp,0,2026-10-03,56,quantile,0.15,0
2026-10-03,wk inc rsv hosp,0,2026-10-03,56,quantile,0.2,0
2026-10-03,wk inc rsv hosp,0,2026-10-03,56,quantile,0.25,1
2026-10-03,wk inc rsv hosp,0,2026-10-03,56,quantile,0.3,1
2026-10-03,wk inc rsv hosp,0,2026-10-03,56,quantile,0.35,1
2026-10-03,wk inc rsv hosp,0,2026-10-03,56,quantile,0.4,1
2026-10-03,wk inc rsv hosp,0,2026-10-03,56,quantile,0.45,2
2026-10-03,wk inc rsv hosp,0,2026-10-03,56,quantile,0.5,2
2026-10-03,wk inc rsv hosp,0,2026-10-03,56,quantile,0.55,2
2026-10-03,wk inc rsv hosp,0,2026-10-03,56,quantile,0.6,2
2026-10-03,wk inc rsv hosp,0,2026-10-03,56,quantile,0.65,3
2026-10-03,wk inc rsv hosp,0,2026-10-03,56,quantile,0.7,3
2026-10-03,wk inc rsv hosp,0,2026-10-03,56,quantile,0.75,3
2026-10-03,wk inc rsv hosp,0,2026-10-03,56,quantile,0.8,4
2026-10-03,wk inc rsv hosp,0,2026-10-03,56,quantile,0.85,5
2026-10-03,wk inc rsv hosp,0,2026-10-03,56,quantile,0.9,6
2026-10-03,wk inc rsv hosp,0,2026-10-03,56,quantile,0.95,8
2026-10-03,wk inc rsv hosp,0,2026-10-03,56,quantile,0.975,10
2026-10-03,wk inc rsv hosp,0,2026-10-03,56,quantile,0.99,14
2026-10-03,wk inc rsv hosp,0,2026-10-03,72,quantile,0.01,0
2026-10-03,wk inc rsv hosp,0,2026-10-03,72,quantile,0.025,0
2026-10-03,wk inc rsv hosp,0,2026-10-03,72,quantile,0.05,0
2026-10-03,wk inc rsv hosp,0,2026-10-03,72,quantile,0.1,1
2026-10-03,wk inc rsv hosp,0,2026-10-03,72,quantile,0.15,2
2026-10-03,wk inc rsv hosp,0,2026-10-03,72,quantile,0.2,3
2026-10-03,wk inc rsv hosp,0,2026-10-03,72,quantile,0.25,4
2026-10-03,wk inc rsv hosp,0,2026-10-03,72,quantile,0.3,4
2026-10-03,wk inc rsv hosp,0,2026-10-03,72,quantile,0.35,5
2026-10-03,wk inc rsv hosp,0,2026-10-03,72,quantile,0.4,5
2026-10-03,wk inc rsv hosp,0,2026-10-03,72,quantile,0.45,6
2026-10-03,wk inc rsv hosp,0,2026-10-03,72,quantile,0.5,6
2026-10-03,wk inc rsv hosp,0,2026-10-03,72,quantile,0.55,7
2026-10-03,wk inc rsv hosp,0,2026-10-03,72,quantile,0.6,8
2026-10-03,wk inc rsv hosp,0,2026-10-03,72,quantile,0.65,8
2026-10-03,wk inc rsv hosp,0,2026-10-03,72,quantile,0.7,9
2026-10-03,wk inc rsv hosp,0,2026-10-03,72,quantile,0.75,10
2026-10-03,wk inc rsv hosp,0,2026-10-03,72,quantile,0.8,11
2026-10-03,wk inc rsv hosp,0,2026-10-03,72,quantile,0.85,12
2026-10-03,wk inc rsv hosp,0,2026-10-03,72,quantile,0.9,14
2026-10-03,wk inc rsv hosp,0,2026-10-03,72,quantile,0.95,17
2026-10-03,wk inc rsv hosp,0,2026-10-03,72,quantile,0.975,21
2026-10-03,wk inc rsv hosp,0,2026-10-03,72,quantile,0.99,27
2026-10-03,wk inc rsv hosp,0,2026-10-03,US,quantile,0.01,405
2026-10-03,wk inc rsv hosp,0,2026-10-03,US,quantile,0.025,431
2026-10-03,wk inc rsv hosp,0,2026-10-03,US,quantile,0.05,453
2026-10-03,wk inc rsv hosp,0,2026-10-03,US,quantile,0.1,476
2026-10-03,wk inc rsv hosp,0,2026-10-03,US,quantile,0.15,494
2026-10-03,wk inc rsv hosp,0,2026-10-03,US,quantile,0.2,505
2026-10-03,wk inc rsv hosp,0,2026-10-03,US,quantile,0.25,515
2026-10-03,wk inc rsv hosp,0,2026-10-03,US,quantile,0.3,525
2026-10-03,wk inc rsv hosp,0,2026-10-03,US,quantile,0.35,534
2026-10-03,wk inc rsv hosp,0,2026-10-03,US,quantile,0.4,543
2026-10-03,wk inc rsv hosp,0,2026-10-03,US,quantile,0.45,554
2026-10-03,wk inc rsv hosp,0,2026-10-03,US,quantile,0.5,563
2026-10-03,wk inc rsv hosp,0,2026-10-03,US,quantile,0.55,573
2026-10-03,wk inc rsv hosp,0,2026-10-03,US,quantile,0.6,581
2026-10-03,wk inc rsv hosp,0,2026-10-03,US,quantile,0.65,591
2026-10-03,wk inc rsv hosp,0,2026-10-03,US,quantile,0.7,609
2026-10-03,wk inc rsv hosp,0,2026-10-03,US,quantile,0.75,625
2026-10-03,wk inc rsv hosp,0,2026-10-03,US,quantile,0.8,638
2026-10-03,wk inc rsv hosp,0,2026-10-03,US,quantile,0.85,662
2026-10-03,wk inc rsv hosp,0,2026-10-03,US,quantile,0.9,690
2026-10-03,wk inc rsv hosp,0,2026-10-03,US,quantile,0.95,746
2026-10-03,wk inc rsv hosp,0,2026-10-03,US,quantile,0.975,860
2026-10-03,wk inc rsv hosp,0,2026-10-03,US,quantile,0.99,1123
2026-10-03,wk inc rsv hosp,1,2026-10-10,01,quantile,0.01,0
2026-10-03,wk inc rsv hosp,1,2026-10-10,01,quantile,0.025,0
2026-10-03,wk inc rsv hosp,1,2026-10-10,01,quantile,0.05,0
2026-10-03,wk inc rsv hosp,1,2026-10-10,01,quantile,0.1,0
2026-10-03,wk inc rsv hosp,1,2026-10-10,01,quantile,0.15,2
2026-10-03,wk inc rsv hosp,1,2026-10-10,01,quantile,0.2,5
2026-10-03,wk inc rsv hosp,1,2026-10-10,01,quantile,0.25,6
2026-10-03,wk inc rsv hosp,1,2026-10-10,01,quantile,0.3,8
2026-10-03,wk inc rsv hosp,1,2026-10-10,01,quantile,0.35,9
2026-10-03,wk inc rsv hosp,1,2026-10-10,01,quantile,0.4,11
2026-10-03,wk inc rsv hosp,1,2026-10-10,01,quantile,0.45,12
2026-10-03,wk inc rsv hosp,1,2026-10-10,01,quantile,0.5,14
2026-10-03,wk inc rsv hosp,1,2026-10-10,01,quantile,0.55,15
2026-10-03,wk inc rsv hosp,1,2026-10-10,01,quantile,0.6,17
2026-10-03,wk inc rsv hosp,1,2026-10-10,01,quantile,0.65,19
2026-10-03,wk inc rsv hosp,1,2026-10-10,01,quantile,0.7,22
2026-10-03,wk inc rsv hosp,1,2026-10-10,01,quantile,0.75,25
2026-10-03,wk inc rsv hosp,1,2026-10-10,01,quantile,0.8,28
2026-10-03,wk inc rsv hosp,1,2026-10-10,01,quantile,0.85,33
2026-10-03,wk inc rsv hosp,1,2026-10-10,01,quantile,0.9,43
2026-10-03,wk inc rsv hosp,1,2026-10-10,01,quantile,0.95,54
2026-10-03,wk inc rsv hosp,1,2026-10-10,01,quantile,0.975,81
2026-10-03,wk inc rsv hosp,1,2026-10-10,01,quantile,0.99,113
2026-10-03,wk inc rsv hosp,1,2026-10-10,02,quantile,0.01,0
2026-10-03,wk inc rsv hosp,1,2026-10-10,02,quantile,0.025,0
2026-10-03,wk inc rsv hosp,1,2026-10-10,02,quantile,0.05,0
2026-10-03,wk inc rsv hosp,1,2026-10-10,02,quantile,0.1,1
2026-10-03,wk inc rsv hosp,1,2026-10-10,02,quantile,0.15,2
2026-10-03,wk inc rsv hosp,1,2026-10-10,02,quantile,0.2,3
2026-10-03,wk inc rsv hosp,1,2026-10-10,02,quantile,0.25,4
2026-10-03,wk inc rsv hosp,1,2026-10-10,02,quantile,0.3,5
2026-10-03,wk inc rsv hosp,1,2026-10-10,02,quantile,0.35,5
2026-10-03,wk inc rsv hosp,1,2026-10-10,02,quantile,0.4,6
2026-10-03,wk inc rsv hosp,1,2026-10-10,02,quantile,0.45,7
2026-10-03,wk inc rsv hosp,1,2026-10-10,02,quantile,0.5,8
2026-10-03,wk inc rsv hosp,1,2026-10-10,02,quantile,0.55,9
2026-10-03,wk inc rsv hosp,1,2026-10-10,02,quantile,0.6,10
2026-10-03,wk inc rsv hosp,1,2026-10-10,02,quantile,0.65,11
2026-10-03,wk inc rsv hosp,1,2026-10-10,02,quantile,0.7,12
2026-10-03,wk inc rsv hosp,1,2026-10-10,02,quantile,0.75,14
2026-10-03,wk inc rsv hosp,1,2026-10-10,02,quantile,0.8,16
2026-10-03,wk inc rsv hosp,1,2026-10-10,02,quantile,0.85,19
2026-10-03,wk inc rsv hosp,1,2026-10-10,02,quantile,0.9,23
2026-10-03,wk inc rsv hosp,1,2026-10-10,02,quantile,0.95,30
2026-10-03,wk inc rsv hosp,1,2026-10-10,02,quantile,0.975,36
2026-10-03,wk inc rsv hosp,1,2026-10-10,02,quantile,0.99,42
2026-10-03,wk inc rsv hosp,1,2026-10-10,04,quantile,0.01,0
2026-10-03,wk inc rsv hosp,1,2026-10-10,04,quantile,0.025,0
2026-10-03,wk inc rsv hosp,1,2026-10-10,04,quantile,0.05,0
2026-10-03,wk inc rsv hosp,1,2026-10-10,04,quantile,0.1,1
2026-10-03,wk inc rsv hosp,1,2026-10-10,04,quantile,0.15,2
2026-10-03,wk inc rsv hosp,1,2026-10-10,04,quantile,0.2,2
2026-10-03,wk inc rsv hosp,1,2026-10-10,04,quantile,0.25,2
2026-10-03,wk inc rsv hosp,1,2026-10-10,04,quantile,0.3,3
2026-10-03,wk inc rsv hosp,1,2026-10-10,04,quantile,0.35,3
2026-10-03,wk inc rsv hosp,1,2026-10-10,04,quantile,0.4,4
2026-10-03,wk inc rsv hosp,1,2026-10-10,04,quantile,0.45,4
2026-10-03,wk inc rsv hosp,1,2026-10-10,04,quantile,0.5,5
2026-10-03,wk inc rsv hosp,1,2026-10-10,04,quantile,0.55,5
2026-10-03,wk inc rsv hosp,1,2026-10-10,04,quantile,0.6,6
2026-10-03,wk inc rsv hosp,1,2026-10-10,04,quantile,0.65,7
2026-10-03,wk inc rsv hosp,1,2026-10-10,04,quantile,0.7,7
2026-10-03,wk inc rsv hosp,1,2026-10-10,04,quantile,0.75,8
2026-10-03,wk inc rsv hosp,1,2026-10-10,04,quantile,0.8,9
2026-10-03,wk inc rsv hosp,1,2026-10-10,04,quantile,0.85,11
2026-10-03,wk inc rsv hosp,1,2026-10-10,04,quantile,0.9,14
2026-10-03,wk inc rsv hosp,1,2026-10-10,04,quantile,0.95,18
2026-10-03,wk inc rsv hosp,1,2026-10-10,04,quantile,0.975,26
2026-10-03,wk inc rsv hosp,1,2026-10-10,04,quantile,0.99,37
2026-10-03,wk inc rsv hosp,1,2026-10-10,05,quantile,0.01,0
2026-10-03,wk inc rsv hosp,1,2026-10-10,05,quantile,0.025,0
2026-10-03,wk inc rsv hosp,1,2026-10-10,05,quantile,0.05,1
2026-10-03,wk inc rsv hosp,1,2026-10-10,05,quantile,0.1,2
2026-10-03,wk inc rsv hosp,1,2026-10-10,05,quantile,0.15,3
2026-10-03,wk inc rsv hosp,1,2026-10-10,05,quantile,0.2,3
2026-10-03,wk inc rsv hosp,1,2026-10-10,05,quantile,0.25,4
2026-10-03,wk inc rsv hosp,1,2026-10-10,05,quantile,0.3,5
2026-10-03,wk inc rsv hosp,1,2026-10-10,05,quantile,0.35,5
2026-10-03,wk inc rsv hosp,1,2026-10-10,05,quantile,0.4,6
2026-10-03,wk inc rsv hosp,1,2026-10-10,05,quantile,0.45,6
2026-10-03,wk inc rsv hosp,1,2026-10-10,05,quantile,0.5,7
2026-10-03,wk inc rsv hosp,1,2026-10-10,05,quantile,0.55,8
2026-10-03,wk inc rsv hosp,1,2026-10-10,05,quantile,0.6,9
2026-10-03,wk inc rsv hosp,1,2026-10-10,05,quantile,0.65,9
2026-10-03,wk inc rsv hosp,1,2026-10-10,05,quantile,0.7,10
2026-10-03,wk inc rsv hosp,1,2026-10-10,05,quantile,0.75,11
2026-10-03,wk inc rsv hosp,1,2026-10-10,05,quantile,0.8,13
2026-10-03,wk inc rsv hosp,1,2026-10-10,05,quantile,0.85,15
2026-10-03,wk inc rsv hosp,1,2026-10-10,05,quantile,0.9,18
2026-10-03,wk inc rsv hosp,1,2026-10-10,05,quantile,0.95,24
2026-10-03,wk inc rsv hosp,1,2026-10-10,05,quantile,0.975,31
2026-10-03,wk inc rsv hosp,1,2026-10-10,05,quantile,0.99,46
2026-10-03,wk inc rsv hosp,1,2026-10-10,06,quantile,0.01,0
2026-10-03,wk inc rsv hosp,1,2026-10-10,06,quantile,0.025,2
2026-10-03,wk inc rsv hosp,1,2026-10-10,06,quantile,0.05,4
2026-10-03,wk inc rsv hosp,1,2026-10-10,06,quantile,0.1,8
2026-10-03,wk inc rsv hosp,1,2026-10-10,06,quantile,0.15,10
2026-10-03,wk inc rsv hosp,1,2026-10-10,06,quantile,0.2,12
2026-10-03,wk inc rsv hosp,1,2026-10-10,06,quantile,0.25,14
2026-10-03,wk inc rsv hosp,1,2026-10-10,06,quantile,0.3,16
2026-10-03,wk inc rsv hosp,1,2026-10-10,06,quantile,0.35,18
2026-10-03,wk inc rsv hosp,1,2026-10-10,06,quantile,0.4,19
2026-10-03,wk inc rsv hosp,1,2026-10-10,06,quantile,0.45,21
2026-10-03,wk inc rsv hosp,1,2026-10-10,06,quantile,0.5,22
2026-10-03,wk inc rsv hosp,1,2026-10-10,06,quantile,0.55,24
2026-10-03,wk inc rsv hosp,1,2026-10-10,06,quantile,0.6,26
2026-10-03,wk inc rsv hosp,1,2026-10-10,06,quantile,0.65,28
2026-10-03,wk inc rsv hosp,1,2026-10-10,06,quantile,0.7,31
2026-10-03,wk inc rsv hosp,1,2026-10-10,06,quantile,0.75,34
2026-10-03,wk inc rsv hosp,1,2026-10-10,06,quantile,0.8,37
2026-10-03,wk inc rsv hosp,1,2026-10-10,06,quantile,0.85,42
2026-10-03,wk inc rsv hosp,1,2026-10-10,06,quantile,0.9,50
2026-10-03,wk inc rsv hosp,1,2026-10-10,06,quantile,0.95,63
2026-10-03,wk inc rsv hosp,1,2026-10-10,06,quantile,0.975,76
2026-10-03,wk inc rsv hosp,1,2026-10-10,06,quantile,0.99,101
2026-10-03,wk inc rsv hosp,1,2026-10-10,08,quantile,0.01,0
2026-10-03,wk inc rsv hosp,1,2026-10-10,08,quantile,0.025,0
2026-10-03,wk inc rsv hosp,1,2026-10-10,08,quantile,0.05,0
2026-10-03,wk inc rsv hosp,1,2026-10-10,08,quantile,0.1,0
2026-10-03,wk inc rsv hosp,1,2026-10-10,08,quantile,0.15,0
2026-10-03,wk inc rsv hosp,1,2026-10-10,08,quantile,0.2,0
2026-10-03,wk inc rsv hosp,1,2026-10-10,08,quantile,0.25,0
2026-10-03,wk inc rsv hosp,1,2026-10-10,08,quantile,0.3,0
2026-10-03,wk inc rsv hosp,1,2026-10-10,08,quantile,0.35,0
2026-10-03,wk inc rsv hosp,1,2026-10-10,08,quantile,0.4,0
2026-10-03,wk inc rsv hosp,1,2026-10-10,08,quantile,0.45,0
2026-10-03,wk inc rsv hosp,1,2026-10-10,08,quantile,0.5,0
2026-10-03,wk inc rsv hosp,1,2026-10-10,08,quantile,0.55,1
2026-10-03,wk inc rsv hosp,1,2026-10-10,08,quantile,0.6,1
2026-10-03,wk inc rsv hosp,1,2026-10-10,08,quantile,0.65,1
2026-10-03,wk inc rsv hosp,1,2026-10-10,08,quantile,0.7,1
2026-10-03,wk inc rsv hosp,1,2026-10-10,08,quantile,0.75,2
2026-10-03,wk inc rsv hosp,1,2026-10-10,08,quantile,0.8,2
2026-10-03,wk inc rsv hosp,1,2026-10-10,08,quantile,0.85,3
2026-10-03,wk inc rsv hosp,1,2026-10-10,08,quantile,0.9,4
2026-10-03,wk inc rsv hosp,1,2026-10-10,08,quantile,0.95,6
2026-10-03,wk inc rsv hosp,1,2026-10-10,08,quantile,0.975,9
2026-10-03,wk inc rsv hosp,1,2026-10-10,08,quantile,0.99,18
2026-10-03,wk inc rsv hosp,1,2026-10-10,09,quantile,0.01,0
2026-10-03,wk inc rsv hosp,1,2026-10-10,09,quantile,0.025,0
2026-10-03,wk inc rsv hosp,1,2026-10-10,09,quantile,0.05,0
2026-10-03,wk inc rsv hosp,1,2026-10-10,09,quantile,0.1,0
2026-10-03,wk inc rsv hosp,1,2026-10-10,09,quantile,0.15,0
2026-10-03,wk inc rsv hosp,1,2026-10-10,09,quantile,0.2,0
2026-10-03,wk inc rsv hosp,1,2026-10-10,09,quantile,0.25,0
2026-10-03,wk inc rsv hosp,1,2026-10-10,09,quantile,0.3,1
2026-10-03,wk inc rsv hosp,1,2026-10-10,09,quantile,0.35,1
2026-10-03,wk inc rsv hosp,1,2026-10-10,09,quantile,0.4,1
2026-10-03,wk inc rsv hosp,1,2026-10-10,09,quantile,0.45,1
2026-10-03,wk inc rsv hosp,1,2026-10-10,09,quantile,0.5,1
2026-10-03,wk inc rsv hosp,1,2026-10-10,09,quantile,0.55,1
2026-10-03,wk inc rsv hosp,1,2026-10-10,09,quantile,0.6,2
2026-10-03,wk inc rsv hosp,1,2026-10-10,09,quantile,0.65,2
2026-10-03,wk inc rsv hosp,1,2026-10-10,09,quantile,0.7,2
2026-10-03,wk inc rsv hosp,1,2026-10-10,09,quantile,0.75,2
2026-10-03,wk inc rsv hosp,1,2026-10-10,09,quantile,0.8,3
2026-10-03,wk inc rsv hosp,1,2026-10-10,09,quantile,0.85,3
2026-10-03,wk inc rsv hosp,1,2026-10-10,09,quantile,0.9,4
2026-10-03,wk inc rsv hosp,1,2026-10-10,09,quantile,0.95,5
2026-10-03,wk inc rsv hosp,1,2026-10-10,09,quantile,0.975,7
2026-10-03,wk inc rsv hosp,1,2026-10-10,09,quantile,0.99,10
2026-10-03,wk inc rsv hosp,1,2026-10-10,10,quantile,0.01,0
2026-10-03,wk inc rsv hosp,1,2026-10-10,10,quantile,0.025,0
2026-10-03,wk inc rsv hosp,1,2026-10-10,10,quantile,0.05,0
2026-10-03,wk inc rsv hosp,1,2026-10-10,10,quantile,0.1,0
2026-10-03,wk inc rsv hosp,1,2026-10-10,10,quantile,0.15,1
2026-10-03,wk inc rsv hosp,1,2026-10-10,10,quantile,0.2,1
2026-10-03,wk inc rsv hosp,1,2026-10-10,10,quantile,0.25,2
2026-10-03,wk inc rsv hosp,1,2026-10-10,10,quantile,0.3,2
2026-10-03,wk inc rsv hosp,1,2026-10-10,10,quantile,0.35,2
2026-10-03,wk inc rsv hosp,1,2026-10-10,10,quantile,0.4,3
2026-10-03,wk inc rsv hosp,1,2026-10-10,10,quantile,0.45,3
2026-10-03,wk inc rsv hosp,1,2026-10-10,10,quantile,0.5,3
2026-10-03,wk inc rsv hosp,1,2026-10-10,10,quantile,0.55,4
2026-10-03,wk inc rsv hosp,1,2026-10-10,10,quantile,0.6,4
2026-10-03,wk inc rsv hosp,1,2026-10-10,10,quantile,0.65,5
2026-10-03,wk inc rsv hosp,1,2026-10-10,10,quantile,0.7,6
2026-10-03,wk inc rsv hosp,1,2026-10-10,10,quantile,0.75,7
2026-10-03,wk inc rsv hosp,1,2026-10-10,10,quantile,0.8,7
2026-10-03,wk inc rsv hosp,1,2026-10-10,10,quantile,0.85,9
2026-10-03,wk inc rsv hosp,1,2026-10-10,10,quantile,0.9,11
2026-10-03,wk inc rsv hosp,1,2026-10-10,10,quantile,0.95,16
2026-10-03,wk inc rsv hosp,1,2026-10-10,10,quantile,0.975,22
2026-10-03,wk inc rsv hosp,1,2026-10-10,10,quantile,0.99,35
2026-10-03,wk inc rsv hosp,1,2026-10-10,11,quantile,0.01,0
2026-10-03,wk inc rsv hosp,1,2026-10-10,11,quantile,0.025,0
2026-10-03,wk inc rsv hosp,1,2026-10-10,11,quantile,0.05,0
2026-10-03,wk inc rsv hosp,1,2026-10-10,11,quantile,0.1,0
2026-10-03,wk inc rsv hosp,1,2026-10-10,11,quantile,0.15,0
2026-10-03,wk inc rsv hosp,1,2026-10-10,11,quantile,0.2,0
2026-10-03,wk inc rsv hosp,1,2026-10-10,11,quantile,0.25,0
2026-10-03,wk inc rsv hosp,1,2026-10-10,11,quantile,0.3,0
2026-10-03,wk inc rsv hosp,1,2026-10-10,11,quantile,0.35,0
2026-10-03,wk inc rsv hosp,1,2026-10-10,11,quantile,0.4,0
2026-10-03,wk inc rsv hosp,1,2026-10-10,11,quantile,0.45,0
2026-10-03,wk inc rsv hosp,1,2026-10-10,11,quantile,0.5,0
2026-10-03,wk inc rsv hosp,1,2026-10-10,11,quantile,0.55,0
2026-10-03,wk inc rsv hosp,1,2026-10-10,11,quantile,0.6,0
2026-10-03,wk inc rsv hosp,1,2026-10-10,11,quantile,0.65,0
2026-10-03,wk inc rsv hosp,1,2026-10-10,11,quantile,0.7,0
2026-10-03,wk inc rsv hosp,1,2026-10-10,11,quantile,0.75,0
2026-10-03,wk inc rsv hosp,1,2026-10-10,11,quantile,0.8,0
2026-10-03,wk inc rsv hosp,1,2026-10-10,11,quantile,0.85,0
2026-10-03,wk inc rsv hosp,1,2026-10-10,11,quantile,0.9,0
2026-10-03,wk inc rsv hosp,1,2026-10-10,11,quantile,0.95,1
2026-10-03,wk inc rsv hosp,1,2026-10-10,11,quantile,0.975,1
2026-10-03,wk inc rsv hosp,1,2026-10-10,11,quantile,0.99,3
2026-10-03,wk inc rsv hosp,1,2026-10-10,12,quantile,0.01,58
2026-10-03,wk inc rsv hosp,1,2026-10-10,12,quantile,0.025,73
2026-10-03,wk inc rsv hosp,1,2026-10-10,12,quantile,0.05,84
2026-10-03,wk inc rsv hosp,1,2026-10-10,12,quantile,0.1,99
2026-10-03,wk inc rsv hosp,1,2026-10-10,12,quantile,0.15,111
2026-10-03,wk inc rsv hosp,1,2026-10-10,12,quantile,0.2,121
2026-10-03,wk inc rsv hosp,1,2026-10-10,12,quantile,0.25,129
2026-10-03,wk inc rsv hosp,1,2026-10-10,12,quantile,0.3,136
2026-10-03,wk inc rsv hosp,1,2026-10-10,12,quantile,0.35,146
2026-10-03,wk inc rsv hosp,1,2026-10-10,12,quantile,0.4,154
2026-10-03,wk inc rsv hosp,1,2026-10-10,12,quantile,0.45,163
2026-10-03,wk inc rsv hosp,1,2026-10-10,12,quantile,0.5,172
2026-10-03,wk inc rsv hosp,1,2026-10-10,12,quantile,0.55,182
2026-10-03,wk inc rsv hosp,1,2026-10-10,12,quantile,0.6,196
2026-10-03,wk inc rsv hosp,1,2026-10-10,12,quantile,0.65,207
2026-10-03,wk inc rsv hosp,1,2026-10-10,12,quantile,0.7,219
2026-10-03,wk inc rsv hosp,1,2026-10-10,12,quantile,0.75,236
2026-10-03,wk inc rsv hosp,1,2026-10-10,12,quantile,0.8,259
2026-10-03,wk inc rsv hosp,1,2026-10-10,12,quantile,0.85,288
2026-10-03,wk inc rsv hosp,1,2026-10-10,12,quantile,0.9,321
2026-10-03,wk inc rsv hosp,1,2026-10-10,12,quantile,0.95,381
2026-10-03,wk inc rsv hosp,1,2026-10-10,12,quantile,0.975,444
2026-10-03,wk inc rsv hosp,1,2026-10-10,12,quantile,0.99,571
2026-10-03,wk inc rsv hosp,1,2026-10-10,13,quantile,0.01,4
2026-10-03,wk inc rsv hosp,1,2026-10-10,13,quantile,0.025,5
2026-10-03,wk inc rsv hosp,1,2026-10-10,13,quantile,0.05,7
2026-10-03,wk inc rsv hosp,1,2026-10-10,13,quantile,0.1,10
2026-10-03,wk inc rsv hosp,1,2026-10-10,13,quantile,0.15,12
2026-10-03,wk inc rsv hosp,1,2026-10-10,13,quantile,0.2,13
2026-10-03,wk inc rsv hosp,1,2026-10-10,13,quantile,0.25,15
2026-10-03,wk inc rsv hosp,1,2026-10-10,13,quantile,0.3,16
2026-10-03,wk inc rsv hosp,1,2026-10-10,13,quantile,0.35,18
2026-10-03,wk inc rsv hosp,1,2026-10-10,13,quantile,0.4,19
2026-10-03,wk inc rsv hosp,1,2026-10-10,13,quantile,0.45,21
2026-10-03,wk inc rsv hosp,1,2026-10-10,13,quantile,0.5,23
2026-10-03,wk inc rsv hosp,1,2026-10-10,13,quantile,0.55,24
2026-10-03,wk inc rsv hosp,1,2026-10-10,13,quantile,0.6,26
2026-10-03,wk inc rsv hosp,1,2026-10-10,13,quantile,0.65,28
2026-10-03,wk inc rsv hosp,1,2026-10-10,13,quantile,0.7,31
2026-10-03,wk inc rsv hosp,1,2026-10-10,13,quantile,0.75,34
2026-10-03,wk inc rsv hosp,1,2026-10-10,13,quantile,0.8,37
2026-10-03,wk inc rsv hosp,1,2026-10-10,13,quantile,0.85,43
2026-10-03,wk inc rsv hosp,1,2026-10-10,13,quantile,0.9,50
2026-10-03,wk inc rsv hosp,1,2026-10-10,13,quantile,0.95,65
2026-10-03,wk inc rsv hosp,1,2026-10-10,13,quantile,0.975,78
2026-10-03,wk inc rsv hosp,1,2026-10-10,13,quantile,0.99,105
2026-10-03,wk inc rsv hosp,1,2026-10-10,15,quantile,0.01,0
2026-10-03,wk inc rsv hosp,1,2026-10-10,15,quantile,0.025,0
2026-10-03,wk inc rsv hosp,1,2026-10-10,15,quantile,0.05,1
2026-10-03,wk inc rsv hosp,1,2026-10-10,15,quantile,0.1,2
2026-10-03,wk inc rsv hosp,1,2026-10-10,15,quantile,0.15,3
2026-10-03,wk inc rsv hosp,1,2026-10-10,15,quantile,0.2,3
2026-10-03,wk inc rsv hosp,1,2026-10-10,15,quantile,0.25,4
2026-10-03,wk inc rsv hosp,1,2026-10-10,15,quantile,0.3,5
2026-10-03,wk inc rsv hosp,1,2026-10-10,15,quantile,0.35,5
2026-10-03,wk inc rsv hosp,1,2026-10-10,15,quantile,0.4,6
2026-10-03,wk inc rsv hosp,1,2026-10-10,15,quantile,0.45,6
2026-10-03,wk inc rsv hosp,1,2026-10-10,15,quantile,0.5,7
2026-10-03,wk inc rsv hosp,1,2026-10-10,15,quantile,0.55,8
2026-10-03,wk inc rsv hosp,1,2026-10-10,15,quantile,0.6,9
2026-10-03,wk inc rsv hosp,1,2026-10-10,15,quantile,0.65,10
2026-10-03,wk inc rsv hosp,1,2026-10-10,15,quantile,0.7,11
2026-10-03,wk inc rsv hosp,1,2026-10-10,15,quantile,0.75,12
2026-10-03,wk inc rsv hosp,1,2026-10-10,15,quantile,0.8,13
2026-10-03,wk inc rsv hosp,1,2026-10-10,15,quantile,0.85,15
2026-10-03,wk inc rsv hosp,1,2026-10-10,15,quantile,0.9,17
2026-10-03,wk inc rsv hosp,1,2026-10-10,15,quantile,0.95,24
2026-10-03,wk inc rsv hosp,1,2026-10-10,15,quantile,0.975,32
2026-10-03,wk inc rsv hosp,1,2026-10-10,15,quantile,0.99,38
2026-10-03,wk inc rsv hosp,1,2026-10-10,16,quantile,0.01,2
2026-10-03,wk inc rsv hosp,1,2026-10-10,16,quantile,0.025,2
2026-10-03,wk inc rsv hosp,1,2026-10-10,16,quantile,0.05,3
2026-10-03,wk inc rsv hosp,1,2026-10-10,16,quantile,0.1,4
2026-10-03,wk inc rsv hosp,1,2026-10-10,16,quantile,0.15,5
2026-10-03,wk inc rsv hosp,1,2026-10-10,16,quantile,0.2,6
2026-10-03,wk inc rsv hosp,1,2026-10-10,16,quantile,0.25,6
2026-10-03,wk inc rsv hosp,1,2026-10-10,16,quantile,0.3,7
2026-10-03,wk inc rsv hosp,1,2026-10-10,16,quantile,0.35,8
2026-10-03,wk inc rsv hosp,1,2026-10-10,16,quantile,0.4,9
2026-10-03,wk inc rsv hosp,1,2026-10-10,16,quantile,0.45,9
2026-10-03,wk inc rsv hosp,1,2026-10-10,16,quantile,0.5,10
2026-10-03,wk inc rsv hosp,1,2026-10-10,16,quantile,0.55,11
2026-10-03,wk inc rsv hosp,1,2026-10-10,16,quantile,0.6,13
2026-10-03,wk inc rsv hosp,1,2026-10-10,16,quantile,0.65,14
2026-10-03,wk inc rsv hosp,1,2026-10-10,16,quantile,0.7,16
2026-10-03,wk inc rsv hosp,1,2026-10-10,16,quantile,0.75,17
2026-10-03,wk inc rsv hosp,1,2026-10-10,16,quantile,0.8,20
2026-10-03,wk inc rsv hosp,1,2026-10-10,16,quantile,0.85,24
2026-10-03,wk inc rsv hosp,1,2026-10-10,16,quantile,0.9,29
2026-10-03,wk inc rsv hosp,1,2026-10-10,16,quantile,0.95,41
2026-10-03,wk inc rsv hosp,1,2026-10-10,16,quantile,0.975,61
2026-10-03,wk inc rsv hosp,1,2026-10-10,16,quantile,0.99,98
2026-10-03,wk inc rsv hosp,1,2026-10-10,17,quantile,0.01,0
2026-10-03,wk inc rsv hosp,1,2026-10-10,17,quantile,0.025,0
2026-10-03,wk inc rsv hosp,1,2026-10-10,17,quantile,0.05,0
2026-10-03,wk inc rsv hosp,1,2026-10-10,17,quantile,0.1,0
2026-10-03,wk inc rsv hosp,1,2026-10-10,17,quantile,0.15,1
2026-10-03,wk inc rsv hosp,1,2026-10-10,17,quantile,0.2,2
2026-10-03,wk inc rsv hosp,1,2026-10-10,17,quantile,0.25,3
2026-10-03,wk inc rsv hosp,1,2026-10-10,17,quantile,0.3,4
2026-10-03,wk inc rsv hosp,1,2026-10-10,17,quantile,0.35,5
2026-10-03,wk inc rsv hosp,1,2026-10-10,17,quantile,0.4,6
2026-10-03,wk inc rsv hosp,1,2026-10-10,17,quantile,0.45,7
2026-10-03,wk inc rsv hosp,1,2026-10-10,17,quantile,0.5,8
2026-10-03,wk inc rsv hosp,1,2026-10-10,17,quantile,0.55,9
2026-10-03,wk inc rsv hosp,1,2026-10-10,17,quantile,0.6,10
2026-10-03,wk inc rsv hosp,1,2026-10-10,17,quantile,0.65,12
2026-10-03,wk inc rsv hosp,1,2026-10-10,17,quantile,0.7,14
2026-10-03,wk inc rsv hosp,1,2026-10-10,17,quantile,0.75,17
2026-10-03,wk inc rsv hosp,1,2026-10-10,17,quantile,0.8,19
2026-10-03,wk inc rsv hosp,1,2026-10-10,17,quantile,0.85,24
2026-10-03,wk inc rsv hosp,1,2026-10-10,17,quantile,0.9,30
2026-10-03,wk inc rsv hosp,1,2026-10-10,17,quantile,0.95,40
2026-10-03,wk inc rsv hosp,1,2026-10-10,17,quantile,0.975,56
2026-10-03,wk inc rsv hosp,1,2026-10-10,17,quantile,0.99,71
2026-10-03,wk inc rsv hosp,1,2026-10-10,18,quantile,0.01,0
2026-10-03,wk inc rsv hosp,1,2026-10-10,18,quantile,0.025,0
2026-10-03,wk inc rsv hosp,1,2026-10-10,18,quantile,0.05,0
2026-10-03,wk inc rsv hosp,1,2026-10-10,18,quantile,0.1,0
2026-10-03,wk inc rsv hosp,1,2026-10-10,18,quantile,0.15,0
2026-10-03,wk inc rsv hosp,1,2026-10-10,18,quantile,0.2,0
2026-10-03,wk inc rsv hosp,1,2026-10-10,18,quantile,0.25,0
2026-10-03,wk inc rsv hosp,1,2026-10-10,18,quantile,0.3,1
2026-10-03,wk inc rsv hosp,1,2026-10-10,18,quantile,0.35,1
2026-10-03,wk inc rsv hosp,1,2026-10-10,18,quantile,0.4,2
2026-10-03,wk inc rsv hosp,1,2026-10-10,18,quantile,0.45,2
2026-10-03,wk inc rsv hosp,1,2026-10-10,18,quantile,0.5,3
2026-10-03,wk inc rsv hosp,1,2026-10-10,18,quantile,0.55,3
2026-10-03,wk inc rsv hosp,1,2026-10-10,18,quantile,0.6,4
2026-10-03,wk inc rsv hosp,1,2026-10-10,18,quantile,0.65,4
2026-10-03,wk inc rsv hosp,1,2026-10-10,18,quantile,0.7,5
2026-10-03,wk inc rsv hosp,1,2026-10-10,18,quantile,0.75,6
2026-10-03,wk inc rsv hosp,1,2026-10-10,18,quantile,0.8,7
2026-10-03,wk inc rsv hosp,1,2026-10-10,18,quantile,0.85,8
2026-10-03,wk inc rsv hosp,1,2026-10-10,18,quantile,0.9,10
2026-10-03,wk inc rsv hosp,1,2026-10-10,18,quantile,0.95,14
2026-10-03,wk inc rsv hosp,1,2026-10-10,18,quantile,0.975,19
2026-10-03,wk inc rsv hosp,1,2026-10-10,18,quantile,0.99,26
2026-10-03,wk inc rsv hosp,1,2026-10-10,19,quantile,0.01,0
2026-10-03,wk inc rsv hosp,1,2026-10-10,19,quantile,0.025,0
2026-10-03,wk inc rsv hosp,1,2026-10-10,19,quantile,0.05,0
2026-10-03,wk inc rsv hosp,1,2026-10-10,19,quantile,0.1,0
2026-10-03,wk inc rsv hosp,1,2026-10-10,19,quantile,0.15,0
2026-10-03,wk inc rsv hosp,1,2026-10-10,19,quantile,0.2,0
2026-10-03,wk inc rsv hosp,1,2026-10-10,19,quantile,0.25,1
2026-10-03,wk inc rsv hosp,1,2026-10-10,19,quantile,0.3,2
2026-10-03,wk inc rsv hosp,1,2026-10-10,19,quantile,0.35,2
2026-10-03,wk inc rsv hosp,1,2026-10-10,19,quantile,0.4,3
2026-10-03,wk inc rsv hosp,1,2026-10-10,19,quantile,0.45,3
2026-10-03,wk inc rsv hosp,1,2026-10-10,19,quantile,0.5,4
2026-10-03,wk inc rsv hosp,1,2026-10-10,19,quantile,0.55,4
2026-10-03,wk inc rsv hosp,1,2026-10-10,19,quantile,0.6,5
2026-10-03,wk inc rsv hosp,1,2026-10-10,19,quantile,0.65,6
2026-10-03,wk inc rsv hosp,1,2026-10-10,19,quantile,0.7,7
2026-10-03,wk inc rsv hosp,1,2026-10-10,19,quantile,0.75,8
2026-10-03,wk inc rsv hosp,1,2026-10-10,19,quantile,0.8,9
2026-10-03,wk inc rsv hosp,1,2026-10-10,19,quantile,0.85,11
2026-10-03,wk inc rsv hosp,1,2026-10-10,19,quantile,0.9,13
2026-10-03,wk inc rsv hosp,1,2026-10-10,19,quantile,0.95,19
2026-10-03,wk inc rsv hosp,1,2026-10-10,19,quantile,0.975,25
2026-10-03,wk inc rsv hosp,1,2026-10-10,19,quantile,0.99,38
2026-10-03,wk inc rsv hosp,1,2026-10-10,20,quantile,0.01,0
2026-10-03,wk inc rsv hosp,1,2026-10-10,20,quantile,0.025,0
2026-10-03,wk inc rsv hosp,1,2026-10-10,20,quantile,0.05,0
2026-10-03,wk inc rsv hosp,1,2026-10-10,20,quantile,0.1,0
2026-10-03,wk inc rsv hosp,1,2026-10-10,20,quantile,0.15,0
2026-10-03,wk inc rsv hosp,1,2026-10-10,20,quantile,0.2,0
2026-10-03,wk inc rsv hosp,1,2026-10-10,20,quantile,0.25,0
2026-10-03,wk inc rsv hosp,1,2026-10-10,20,quantile,0.3,1
2026-10-03,wk inc rsv hosp,1,2026-10-10,20,quantile,0.35,1
2026-10-03,wk inc rsv hosp,1,2026-10-10,20,quantile,0.4,1
2026-10-03,wk inc rsv hosp,1,2026-10-10,20,quantile,0.45,1
2026-10-03,wk inc rsv hosp,1,2026-10-10,20,quantile,0.5,2
2026-10-03,wk inc rsv hosp,1,2026-10-10,20,quantile,0.55,2
2026-10-03,wk inc rsv hosp,1,2026-10-10,20,quantile,0.6,2
2026-10-03,wk inc rsv hosp,1,2026-10-10,20,quantile,0.65,3
2026-10-03,wk inc rsv hosp,1,2026-10-10,20,quantile,0.7,3
2026-10-03,wk inc rsv hosp,1,2026-10-10,20,quantile,0.75,4
2026-10-03,wk inc rsv hosp,1,2026-10-10,20,quantile,0.8,4
2026-10-03,wk inc rsv hosp,1,2026-10-10,20,quantile,0.85,5
2026-10-03,wk inc rsv hosp,1,2026-10-10,20,quantile,0.9,7
2026-10-03,wk inc rsv hosp,1,2026-10-10,20,quantile,0.95,12
2026-10-03,wk inc rsv hosp,1,2026-10-10,20,quantile,0.975,16
2026-10-03,wk inc rsv hosp,1,2026-10-10,20,quantile,0.99,35
2026-10-03,wk inc rsv hosp,1,2026-10-10,21,quantile,0.01,0
2026-10-03,wk inc rsv hosp,1,2026-10-10,21,quantile,0.025,1
2026-10-03,wk inc rsv hosp,1,2026-10-10,21,quantile,0.05,2
2026-10-03,wk inc rsv hosp,1,2026-10-10,21,quantile,0.1,4
2026-10-03,wk inc rsv hosp,1,2026-10-10,21,quantile,0.15,5
2026-10-03,wk inc rsv hosp,1,2026-10-10,21,quantile,0.2,6
2026-10-03,wk inc rsv hosp,1,2026-10-10,21,quantile,0.25,7
2026-10-03,wk inc rsv hosp,1,2026-10-10,21,quantile,0.3,8
2026-10-03,wk inc rsv hosp,1,2026-10-10,21,quantile,0.35,9
2026-10-03,wk inc rsv hosp,1,2026-10-10,21,quantile,0.4,9
2026-10-03,wk inc rsv hosp,1,2026-10-10,21,quantile,0.45,10
2026-10-03,wk inc rsv hosp,1,2026-10-10,21,quantile,0.5,11
2026-10-03,wk inc rsv hosp,1,2026-10-10,21,quantile,0.55,12
2026-10-03,wk inc rsv hosp,1,2026-10-10,21,quantile,0.6,13
2026-10-03,wk inc rsv hosp,1,2026-10-10,21,quantile,0.65,14
2026-10-03,wk inc rsv hosp,1,2026-10-10,21,quantile,0.7,15
2026-10-03,wk inc rsv hosp,1,2026-10-10,21,quantile,0.75,17
2026-10-03,wk inc rsv hosp,1,2026-10-10,21,quantile,0.8,19
2026-10-03,wk inc rsv hosp,1,2026-10-10,21,quantile,0.85,22
2026-10-03,wk inc rsv hosp,1,2026-10-10,21,quantile,0.9,26
2026-10-03,wk inc rsv hosp,1,2026-10-10,21,quantile,0.95,34
2026-10-03,wk inc rsv hosp,1,2026-10-10,21,quantile,0.975,39
2026-10-03,wk inc rsv hosp,1,2026-10-10,21,quantile,0.99,51
2026-10-03,wk inc rsv hosp,1,2026-10-10,22,quantile,0.01,1
2026-10-03,wk inc rsv hosp,1,2026-10-10,22,quantile,0.025,2
2026-10-03,wk inc rsv hosp,1,2026-10-10,22,quantile,0.05,3
2026-10-03,wk inc rsv hosp,1,2026-10-10,22,quantile,0.1,5
2026-10-03,wk inc rsv hosp,1,2026-10-10,22,quantile,0.15,6
2026-10-03,wk inc rsv hosp,1,2026-10-10,22,quantile,0.2,7
2026-10-03,wk inc rsv hosp,1,2026-10-10,22,quantile,0.25,7
2026-10-03,wk inc rsv hosp,1,2026-10-10,22,quantile,0.3,8
2026-10-03,wk inc rsv hosp,1,2026-10-10,22,quantile,0.35,9
2026-10-03,wk inc rsv hosp,1,2026-10-10,22,quantile,0.4,10
2026-10-03,wk inc rsv hosp,1,2026-10-10,22,quantile,0.45,11
2026-10-03,wk inc rsv hosp,1,2026-10-10,22,quantile,0.5,12
2026-10-03,wk inc rsv hosp,1,2026-10-10,22,quantile,0.55,13
2026-10-03,wk inc rsv hosp,1,2026-10-10,22,quantile,0.6,14
2026-10-03,wk inc rsv hosp,1,2026-10-10,22,quantile,0.65,15
2026-10-03,wk inc rsv hosp,1,2026-10-10,22,quantile,0.7,16
2026-10-03,wk inc rsv hosp,1,2026-10-10,22,quantile,0.75,18
2026-10-03,wk inc rsv hosp,1,2026-10-10,22,quantile,0.8,21
2026-10-03,wk inc rsv hosp,1,2026-10-10,22,quantile,0.85,24
2026-10-03,wk inc rsv hosp,1,2026-10-10,22,quantile,0.9,28
2026-10-03,wk inc rsv hosp,1,2026-10-10,22,quantile,0.95,37
2026-10-03,wk inc rsv hosp,1,2026-10-10,22,quantile,0.975,49
2026-10-03,wk inc rsv hosp,1,2026-10-10,22,quantile,0.99,63
2026-10-03,wk inc rsv hosp,1,2026-10-10,23,quantile,0.01,0
2026-10-03,wk inc rsv hosp,1,2026-10-10,23,quantile,0.025,0
2026-10-03,wk inc rsv hosp,1,2026-10-10,23,quantile,0.05,0
2026-10-03,wk inc rsv hosp,1,2026-10-10,23,quantile,0.1,0
2026-10-03,wk inc rsv hosp,1,2026-10-10,23,quantile,0.15,0
2026-10-03,wk inc rsv hosp,1,2026-10-10,23,quantile,0.2,0
2026-10-03,wk inc rsv hosp,1,2026-10-10,23,quantile,0.25,0
2026-10-03,wk inc rsv hosp,1,2026-10-10,23,quantile,0.3,0
2026-10-03,wk inc rsv hosp,1,2026-10-10,23,quantile,0.35,0
2026-10-03,wk inc rsv hosp,1,2026-10-10,23,quantile,0.4,0
2026-10-03,wk inc rsv hosp,1,2026-10-10,23,quantile,0.45,0
2026-10-03,wk inc rsv hosp,1,2026-10-10,23,quantile,0.5,0
2026-10-03,wk inc rsv hosp,1,2026-10-10,23,quantile,0.55,0
2026-10-03,wk inc rsv hosp,1,2026-10-10,23,quantile,0.6,0
2026-10-03,wk inc rsv hosp,1,2026-10-10,23,quantile,0.65,0
2026-10-03,wk inc rsv hosp,1,2026-10-10,23,quantile,0.7,0
2026-10-03,wk inc rsv hosp,1,2026-10-10,23,quantile,0.75,0
2026-10-03,wk inc rsv hosp,1,2026-10-10,23,quantile,0.8,0
2026-10-03,wk inc rsv hosp,1,2026-10-10,23,quantile,0.85,0
2026-10-03,wk inc rsv hosp,1,2026-10-10,23,quantile,0.9,0
2026-10-03,wk inc rsv hosp,1,2026-10-10,23,quantile,0.95,0
2026-10-03,wk inc rsv hosp,1,2026-10-10,23,quantile,0.975,1
2026-10-03,wk inc rsv hosp,1,2026-10-10,23,quantile,0.99,3
2026-10-03,wk inc rsv hosp,1,2026-10-10,24,quantile,0.01,0
2026-10-03,wk inc rsv hosp,1,2026-10-10,24,quantile,0.025,0
2026-10-03,wk inc rsv hosp,1,2026-10-10,24,quantile,0.05,0
2026-10-03,wk inc rsv hosp,1,2026-10-10,24,quantile,0.1,0
2026-10-03,wk inc rsv hosp,1,2026-10-10,24,quantile,0.15,0
2026-10-03,wk inc rsv hosp,1,2026-10-10,24,quantile,0.2,0
2026-10-03,wk inc rsv hosp,1,2026-10-10,24,quantile,0.25,0
2026-10-03,wk inc rsv hosp,1,2026-10-10,24,quantile,0.3,0
2026-10-03,wk inc rsv hosp,1,2026-10-10,24,quantile,0.35,0
2026-10-03,wk inc rsv hosp,1,2026-10-10,24,quantile,0.4,0
2026-10-03,wk inc rsv hosp,1,2026-10-10,24,quantile,0.45,0
2026-10-03,wk inc rsv hosp,1,2026-10-10,24,quantile,0.5,1
2026-10-03,wk inc rsv hosp,1,2026-10-10,24,quantile,0.55,1
2026-10-03,wk inc rsv hosp,1,2026-10-10,24,quantile,0.6,2
2026-10-03,wk inc rsv hosp,1,2026-10-10,24,quantile,0.65,3
2026-10-03,wk inc rsv hosp,1,2026-10-10,24,quantile,0.7,3
2026-10-03,wk inc rsv hosp,1,2026-10-10,24,quantile,0.75,4
2026-10-03,wk inc rsv hosp,1,2026-10-10,24,quantile,0.8,5
2026-10-03,wk inc rsv hosp,1,2026-10-10,24,quantile,0.85,7
2026-10-03,wk inc rsv hosp,1,2026-10-10,24,quantile,0.9,10
2026-10-03,wk inc rsv hosp,1,2026-10-10,24,quantile,0.95,16
2026-10-03,wk inc rsv hosp,1,2026-10-10,24,quantile,0.975,22
2026-10-03,wk inc rsv hosp,1,2026-10-10,24,quantile,0.99,29
2026-10-03,wk inc rsv hosp,1,2026-10-10,25,quantile,0.01,0
2026-10-03,wk inc rsv hosp,1,2026-10-10,25,quantile,0.025,0
2026-10-03,wk inc rsv hosp,1,2026-10-10,25,quantile,0.05,0
2026-10-03,wk inc rsv hosp,1,2026-10-10,25,quantile,0.1,0
2026-10-03,wk inc rsv hosp,1,2026-10-10,25,quantile,0.15,1
2026-10-03,wk inc rsv hosp,1,2026-10-10,25,quantile,0.2,1
2026-10-03,wk inc rsv hosp,1,2026-10-10,25,quantile,0.25,2
2026-10-03,wk inc rsv hosp,1,2026-10-10,25,quantile,0.3,2
2026-10-03,wk inc rsv hosp,1,2026-10-10,25,quantile,0.35,3
2026-10-03,wk inc rsv hosp,1,2026-10-10,25,quantile,0.4,3
2026-10-03,wk inc rsv hosp,1,2026-10-10,25,quantile,0.45,4
2026-10-03,wk inc rsv hosp,1,2026-10-10,25,quantile,0.5,4
2026-10-03,wk inc rsv hosp,1,2026-10-10,25,quantile,0.55,5
2026-10-03,wk inc rsv hosp,1,2026-10-10,25,quantile,0.6,5
2026-10-03,wk inc rsv hosp,1,2026-10-10,25,quantile,0.65,6
2026-10-03,wk inc rsv hosp,1,2026-10-10,25,quantile,0.7,7
2026-10-03,wk inc rsv hosp,1,2026-10-10,25,quantile,0.75,8
2026-10-03,wk inc rsv hosp,1,2026-10-10,25,quantile,0.8,9
2026-10-03,wk inc rsv hosp,1,2026-10-10,25,quantile,0.85,11
2026-10-03,wk inc rsv hosp,1,2026-10-10,25,quantile,0.9,15
2026-10-03,wk inc rsv hosp,1,2026-10-10,25,quantile,0.95,21
2026-10-03,wk inc rsv hosp,1,2026-10-10,25,quantile,0.975,31
2026-10-03,wk inc rsv hosp,1,2026-10-10,25,quantile,0.99,42
2026-10-03,wk inc rsv hosp,1,2026-10-10,26,quantile,0.01,0
2026-10-03,wk inc rsv hosp,1,2026-10-10,26,quantile,0.025,0
2026-10-03,wk inc rsv hosp,1,2026-10-10,26,quantile,0.05,0
2026-10-03,wk inc rsv hosp,1,2026-10-10,26,quantile,0.1,0
2026-10-03,wk inc rsv hosp,1,2026-10-10,26,quantile,0.15,0
2026-10-03,wk inc rsv hosp,1,2026-10-10,26,quantile,0.2,0
2026-10-03,wk inc rsv hosp,1,2026-10-10,26,quantile,0.25,0
2026-10-03,wk inc rsv hosp,1,2026-10-10,26,quantile,0.3,0
2026-10-03,wk inc rsv hosp,1,2026-10-10,26,quantile,0.35,0
2026-10-03,wk inc rsv hosp,1,2026-10-10,26,quantile,0.4,2
2026-10-03,wk inc rsv hosp,1,2026-10-10,26,quantile,0.45,4
2026-10-03,wk inc rsv hosp,1,2026-10-10,26,quantile,0.5,6
2026-10-03,wk inc rsv hosp,1,2026-10-10,26,quantile,0.55,9
2026-10-03,wk inc rsv hosp,1,2026-10-10,26,quantile,0.6,14
2026-10-03,wk inc rsv hosp,1,2026-10-10,26,quantile,0.65,21
2026-10-03,wk inc rsv hosp,1,2026-10-10,26,quantile,0.7,31
2026-10-03,wk inc rsv hosp,1,2026-10-10,26,quantile,0.75,48
2026-10-03,wk inc rsv hosp,1,2026-10-10,26,quantile,0.8,74
2026-10-03,wk inc rsv hosp,1,2026-10-10,26,quantile,0.85,130
2026-10-03,wk inc rsv hosp,1,2026-10-10,26,quantile,0.9,233
2026-10-03,wk inc rsv hosp,1,2026-10-10,26,quantile,0.95,546
2026-10-03,wk inc rsv hosp,1,2026-10-10,26,quantile,0.975,1162
2026-10-03,wk inc rsv hosp,1,2026-10-10,26,quantile,0.99,1761
2026-10-03,wk inc rsv hosp,1,2026-10-10,27,quantile,0.01,0
2026-10-03,wk inc rsv hosp,1,2026-10-10,27,quantile,0.025,0
2026-10-03,wk inc rsv hosp,1,2026-10-10,27,quantile,0.05,0
2026-10-03,wk inc rsv hosp,1,2026-10-10,27,quantile,0.1,0
2026-10-03,wk inc rsv hosp,1,2026-10-10,27,quantile,0.15,0
2026-10-03,wk inc rsv hosp,1,2026-10-10,27,quantile,0.2,0
2026-10-03,wk inc rsv hosp,1,2026-10-10,27,quantile,0.25,0
2026-10-03,wk inc rsv hosp,1,2026-10-10,27,quantile,0.3,0
2026-10-03,wk inc rsv hosp,1,2026-10-10,27,quantile,0.35,0
2026-10-03,wk inc rsv hosp,1,2026-10-10,27,quantile,0.4,0
2026-10-03,wk inc rsv hosp,1,2026-10-10,27,quantile,0.45,1
2026-10-03,wk inc rsv hosp,1,2026-10-10,27,quantile,0.5,1
2026-10-03,wk inc rsv hosp,1,2026-10-10,27,quantile,0.55,1
2026-10-03,wk inc rsv hosp,1,2026-10-10,27,quantile,0.6,1
2026-10-03,wk inc rsv hosp,1,2026-10-10,27,quantile,0.65,1
2026-10-03,wk inc rsv hosp,1,2026-10-10,27,quantile,0.7,1
2026-10-03,wk inc rsv hosp,1,2026-10-10,27,quantile,0.75,2
2026-10-03,wk inc rsv hosp,1,2026-10-10,27,quantile,0.8,2
2026-10-03,wk inc rsv hosp,1,2026-10-10,27,quantile,0.85,2
2026-10-03,wk inc rsv hosp,1,2026-10-10,27,quantile,0.9,2
2026-10-03,wk inc rsv hosp,1,2026-10-10,27,quantile,0.95,4
2026-10-03,wk inc rsv hosp,1,2026-10-10,27,quantile,0.975,5
2026-10-03,wk inc rsv hosp,1,2026-10-10,27,quantile,0.99,7
2026-10-03,wk inc rsv hosp,1,2026-10-10,28,quantile,0.01,0
2026-10-03,wk inc rsv hosp,1,2026-10-10,28,quantile,0.025,0
2026-10-03,wk inc rsv hosp,1,2026-10-10,28,quantile,0.05,0
2026-10-03,wk inc rsv hosp,1,2026-10-10,28,quantile,0.1,1
2026-10-03,wk inc rsv hosp,1,2026-10-10,28,quantile,0.15,2
2026-10-03,wk inc rsv hosp,1,2026-10-10,28,quantile,0.2,2
2026-10-03,wk inc rsv hosp,1,2026-10-10,28,quantile,0.25,3
2026-10-03,wk inc rsv hosp,1,2026-10-10,28,quantile,0.3,4
2026-10-03,wk inc rsv hosp,1,2026-10-10,28,quantile,0.35,5
2026-10-03,wk inc rsv hosp,1,2026-10-10,28,quantile,0.4,5
2026-10-03,wk inc rsv hosp,1,2026-10-10,28,quantile,0.45,6
2026-10-03,wk inc rsv hosp,1,2026-10-10,28,quantile,0.5,7
2026-10-03,wk inc rsv hosp,1,2026-10-10,28,quantile,0.55,8
2026-10-03,wk inc rsv hosp,1,2026-10-10,28,quantile,0.6,9
2026-10-03,wk inc rsv hosp,1,2026-10-10,28,quantile,0.65,10
2026-10-03,wk inc rsv hosp,1,2026-10-10,28,quantile,0.7,11
2026-10-03,wk inc rsv hosp,1,2026-10-10,28,quantile,0.75,12
2026-10-03,wk inc rsv hosp,1,2026-10-10,28,quantile,0.8,14
2026-10-03,wk inc rsv hosp,1,2026-10-10,28,quantile,0.85,16
2026-10-03,wk inc rsv hosp,1,2026-10-10,28,quantile,0.9,20
2026-10-03,wk inc rsv hosp,1,2026-10-10,28,quantile,0.95,26
2026-10-03,wk inc rsv hosp,1,2026-10-10,28,quantile,0.975,35
2026-10-03,wk inc rsv hosp,1,2026-10-10,28,quantile,0.99,48
2026-10-03,wk inc rsv hosp,1,2026-10-10,29,quantile,0.01,0
2026-10-03,wk inc rsv hosp,1,2026-10-10,29,quantile,0.025,0
2026-10-03,wk inc rsv hosp,1,2026-10-10,29,quantile,0.05,0
2026-10-03,wk inc rsv hosp,1,2026-10-10,29,quantile,0.1,0
2026-10-03,wk inc rsv hosp,1,2026-10-10,29,quantile,0.15,1
2026-10-03,wk inc rsv hosp,1,2026-10-10,29,quantile,0.2,1
2026-10-03,wk inc rsv hosp,1,2026-10-10,29,quantile,0.25,2
2026-10-03,wk inc rsv hosp,1,2026-10-10,29,quantile,0.3,2
2026-10-03,wk inc rsv hosp,1,2026-10-10,29,quantile,0.35,2
2026-10-03,wk inc rsv hosp,1,2026-10-10,29,quantile,0.4,3
2026-10-03,wk inc rsv hosp,1,2026-10-10,29,quantile,0.45,3
2026-10-03,wk inc rsv hosp,1,2026-10-10,29,quantile,0.5,4
2026-10-03,wk inc rsv hosp,1,2026-10-10,29,quantile,0.55,4
2026-10-03,wk inc rsv hosp,1,2026-10-10,29,quantile,0.6,5
2026-10-03,wk inc rsv hosp,1,2026-10-10,29,quantile,0.65,5
2026-10-03,wk inc rsv hosp,1,2026-10-10,29,quantile,0.7,6
2026-10-03,wk inc rsv hosp,1,2026-10-10,29,quantile,0.75,7
2026-10-03,wk inc rsv hosp,1,2026-10-10,29,quantile,0.8,8
2026-10-03,wk inc rsv hosp,1,2026-10-10,29,quantile,0.85,9
2026-10-03,wk inc rsv hosp,1,2026-10-10,29,quantile,0.9,12
2026-10-03,wk inc rsv hosp,1,2026-10-10,29,quantile,0.95,17
2026-10-03,wk inc rsv hosp,1,2026-10-10,29,quantile,0.975,23
2026-10-03,wk inc rsv hosp,1,2026-10-10,29,quantile,0.99,34
2026-10-03,wk inc rsv hosp,1,2026-10-10,30,quantile,0.01,0
2026-10-03,wk inc rsv hosp,1,2026-10-10,30,quantile,0.025,0
2026-10-03,wk inc rsv hosp,1,2026-10-10,30,quantile,0.05,0
2026-10-03,wk inc rsv hosp,1,2026-10-10,30,quantile,0.1,0
2026-10-03,wk inc rsv hosp,1,2026-10-10,30,quantile,0.15,0
2026-10-03,wk inc rsv hosp,1,2026-10-10,30,quantile,0.2,0
2026-10-03,wk inc rsv hosp,1,2026-10-10,30,quantile,0.25,0
2026-10-03,wk inc rsv hosp,1,2026-10-10,30,quantile,0.3,0
2026-10-03,wk inc rsv hosp,1,2026-10-10,30,quantile,0.35,0
2026-10-03,wk inc rsv hosp,1,2026-10-10,30,quantile,0.4,0
2026-10-03,wk inc rsv hosp,1,2026-10-10,30,quantile,0.45,0
2026-10-03,wk inc rsv hosp,1,2026-10-10,30,quantile,0.5,0
2026-10-03,wk inc rsv hosp,1,2026-10-10,30,quantile,0.55,0
2026-10-03,wk inc rsv hosp,1,2026-10-10,30,quantile,0.6,0
2026-10-03,wk inc rsv hosp,1,2026-10-10,30,quantile,0.65,0
2026-10-03,wk inc rsv hosp,1,2026-10-10,30,quantile,0.7,1
2026-10-03,wk inc rsv hosp,1,2026-10-10,30,quantile,0.75,1
2026-10-03,wk inc rsv hosp,1,2026-10-10,30,quantile,0.8,1
2026-10-03,wk inc rsv hosp,1,2026-10-10,30,quantile,0.85,2
2026-10-03,wk inc rsv hosp,1,2026-10-10,30,quantile,0.9,2
2026-10-03,wk inc rsv hosp,1,2026-10-10,30,quantile,0.95,4
2026-10-03,wk inc rsv hosp,1,2026-10-10,30,quantile,0.975,6
2026-10-03,wk inc rsv hosp,1,2026-10-10,30,quantile,0.99,10
2026-10-03,wk inc rsv hosp,1,2026-10-10,31,quantile,0.01,0
2026-10-03,wk inc rsv hosp,1,2026-10-10,31,quantile,0.025,0
2026-10-03,wk inc rsv hosp,1,2026-10-10,31,quantile,0.05,0
2026-10-03,wk inc rsv hosp,1,2026-10-10,31,quantile,0.1,0
2026-10-03,wk inc rsv hosp,1,2026-10-10,31,quantile,0.15,0
2026-10-03,wk inc rsv hosp,1,2026-10-10,31,quantile,0.2,0
2026-10-03,wk inc rsv hosp,1,2026-10-10,31,quantile,0.25,1
2026-10-03,wk inc rsv hosp,1,2026-10-10,31,quantile,0.3,1
2026-10-03,wk inc rsv hosp,1,2026-10-10,31,quantile,0.35,1
2026-10-03,wk inc rsv hosp,1,2026-10-10,31,quantile,0.4,1
2026-10-03,wk inc rsv hosp,1,2026-10-10,31,quantile,0.45,2
2026-10-03,wk inc rsv hosp,1,2026-10-10,31,quantile,0.5,2
2026-10-03,wk inc rsv hosp,1,2026-10-10,31,quantile,0.55,2
2026-10-03,wk inc rsv hosp,1,2026-10-10,31,quantile,0.6,3
2026-10-03,wk inc rsv hosp,1,2026-10-10,31,quantile,0.65,3
2026-10-03,wk inc rsv hosp,1,2026-10-10,31,quantile,0.7,4
2026-10-03,wk inc rsv hosp,1,2026-10-10,31,quantile,0.75,4
2026-10-03,wk inc rsv hosp,1,2026-10-10,31,quantile,0.8,5
2026-10-03,wk inc rsv hosp,1,2026-10-10,31,quantile,0.85,6
2026-10-03,wk inc rsv hosp,1,2026-10-10,31,quantile,0.9,9
2026-10-03,wk inc rsv hosp,1,2026-10-10,31,quantile,0.95,13
2026-10-03,wk inc rsv hosp,1,2026-10-10,31,quantile,0.975,18
2026-10-03,wk inc rsv hosp,1,2026-10-10,31,quantile,0.99,28
2026-10-03,wk inc rsv hosp,1,2026-10-10,32,quantile,0.01,0
2026-10-03,wk inc rsv hosp,1,2026-10-10,32,quantile,0.025,0
2026-10-03,wk inc rsv hosp,1,2026-10-10,32,quantile,0.05,0
2026-10-03,wk inc rsv hosp,1,2026-10-10,32,quantile,0.1,0
2026-10-03,wk inc rsv hosp,1,2026-10-10,32,quantile,0.15,1
2026-10-03,wk inc rsv hosp,1,2026-10-10,32,quantile,0.2,1
2026-10-03,wk inc rsv hosp,1,2026-10-10,32,quantile,0.25,2
2026-10-03,wk inc rsv hosp,1,2026-10-10,32,quantile,0.3,2
2026-10-03,wk inc rsv hosp,1,2026-10-10,32,quantile,0.35,2
2026-10-03,wk inc rsv hosp,1,2026-10-10,32,quantile,0.4,3
2026-10-03,wk inc rsv hosp,1,2026-10-10,32,quantile,0.45,3
2026-10-03,wk inc rsv hosp,1,2026-10-10,32,quantile,0.5,3
2026-10-03,wk inc rsv hosp,1,2026-10-10,32,quantile,0.55,3
2026-10-03,wk inc rsv hosp,1,2026-10-10,32,quantile,0.6,4
2026-10-03,wk inc rsv hosp,1,2026-10-10,32,quantile,0.65,4
2026-10-03,wk inc rsv hosp,1,2026-10-10,32,quantile,0.7,5
2026-10-03,wk inc rsv hosp,1,2026-10-10,32,quantile,0.75,5
2026-10-03,wk inc rsv hosp,1,2026-10-10,32,quantile,0.8,6
2026-10-03,wk inc rsv hosp,1,2026-10-10,32,quantile,0.85,7
2026-10-03,wk inc rsv hosp,1,2026-10-10,32,quantile,0.9,8
2026-10-03,wk inc rsv hosp,1,2026-10-10,32,quantile,0.95,11
2026-10-03,wk inc rsv hosp,1,2026-10-10,32,quantile,0.975,14
2026-10-03,wk inc rsv hosp,1,2026-10-10,32,quantile,0.99,20
2026-10-03,wk inc rsv hosp,1,2026-10-10,33,quantile,0.01,0
2026-10-03,wk inc rsv hosp,1,2026-10-10,33,quantile,0.025,0
2026-10-03,wk inc rsv hosp,1,2026-10-10,33,quantile,0.05,0
2026-10-03,wk inc rsv hosp,1,2026-10-10,33,quantile,0.1,0
2026-10-03,wk inc rsv hosp,1,2026-10-10,33,quantile,0.15,0
2026-10-03,wk inc rsv hosp,1,2026-10-10,33,quantile,0.2,0
2026-10-03,wk inc rsv hosp,1,2026-10-10,33,quantile,0.25,0
2026-10-03,wk inc rsv hosp,1,2026-10-10,33,quantile,0.3,0
2026-10-03,wk inc rsv hosp,1,2026-10-10,33,quantile,0.35,0
2026-10-03,wk inc rsv hosp,1,2026-10-10,33,quantile,0.4,0
2026-10-03,wk inc rsv hosp,1,2026-10-10,33,quantile,0.45,0
2026-10-03,wk inc rsv hosp,1,2026-10-10,33,quantile,0.5,0
2026-10-03,wk inc rsv hosp,1,2026-10-10,33,quantile,0.55,0
2026-10-03,wk inc rsv hosp,1,2026-10-10,33,quantile,0.6,0
2026-10-03,wk inc rsv hosp,1,2026-10-10,33,quantile,0.65,0
2026-10-03,wk inc rsv hosp,1,2026-10-10,33,quantile,0.7,1
2026-10-03,wk inc rsv hosp,1,2026-10-10,33,quantile,0.75,1
2026-10-03,wk inc rsv hosp,1,2026-10-10,33,quantile,0.8,1
2026-10-03,wk inc rsv hosp,1,2026-10-10,33,quantile,0.85,2
2026-10-03,wk inc rsv hosp,1,2026-10-10,33,quantile,0.9,3
2026-10-03,wk inc rsv hosp,1,2026-10-10,33,quantile,0.95,5
2026-10-03,wk inc rsv hosp,1,2026-10-10,33,quantile,0.975,9
2026-10-03,wk inc rsv hosp,1,2026-10-10,33,quantile,0.99,16
2026-10-03,wk inc rsv hosp,1,2026-10-10,34,quantile,0.01,0
2026-10-03,wk inc rsv hosp,1,2026-10-10,34,quantile,0.025,2
2026-10-03,wk inc rsv hosp,1,2026-10-10,34,quantile,0.05,3
2026-10-03,wk inc rsv hosp,1,2026-10-10,34,quantile,0.1,5
2026-10-03,wk inc rsv hosp,1,2026-10-10,34,quantile,0.15,6
2026-10-03,wk inc rsv hosp,1,2026-10-10,34,quantile,0.2,7
2026-10-03,wk inc rsv hosp,1,2026-10-10,34,quantile,0.25,8
2026-10-03,wk inc rsv hosp,1,2026-10-10,34,quantile,0.3,9
2026-10-03,wk inc rsv hosp,1,2026-10-10,34,quantile,0.35,10
2026-10-03,wk inc rsv hosp,1,2026-10-10,34,quantile,0.4,11
2026-10-03,wk inc rsv hosp,1,2026-10-10,34,quantile,0.45,12
2026-10-03,wk inc rsv hosp,1,2026-10-10,34,quantile,0.5,13
2026-10-03,wk inc rsv hosp,1,2026-10-10,34,quantile,0.55,14
2026-10-03,wk inc rsv hosp,1,2026-10-10,34,quantile,0.6,15
2026-10-03,wk inc rsv hosp,1,2026-10-10,34,quantile,0.65,16
2026-10-03,wk inc rsv hosp,1,2026-10-10,34,quantile,0.7,17
2026-10-03,wk inc rsv hosp,1,2026-10-10,34,quantile,0.75,19
2026-10-03,wk inc rsv hosp,1,2026-10-10,34,quantile,0.8,21
2026-10-03,wk inc rsv hosp,1,2026-10-10,34,quantile,0.85,25
2026-10-03,wk inc rsv hosp,1,2026-10-10,34,quantile,0.9,29
2026-10-03,wk inc rsv hosp,1,2026-10-10,34,quantile,0.95,37
2026-10-03,wk inc rsv hosp,1,2026-10-10,34,quantile,0.975,47
2026-10-03,wk inc rsv hosp,1,2026-10-10,34,quantile,0.99,66
2026-10-03,wk inc rsv hosp,1,2026-10-10,35,quantile,0.01,0
2026-10-03,wk inc rsv hosp,1,2026-10-10,35,quantile,0.025,0
2026-10-03,wk inc rsv hosp,1,2026-10-10,35,quantile,0.05,0
2026-10-03,wk inc rsv hosp,1,2026-10-10,35,quantile,0.1,0
2026-10-03,wk inc rsv hosp,1,2026-10-10,35,quantile,0.15,0
2026-10-03,wk inc rsv hosp,1,2026-10-10,35,quantile,0.2,0
2026-10-03,wk inc rsv hosp,1,2026-10-10,35,quantile,0.25,1
2026-10-03,wk inc rsv hosp,1,2026-10-10,35,quantile,0.3,1
2026-10-03,wk inc rsv hosp,1,2026-10-10,35,quantile,0.35,1
2026-10-03,wk inc rsv hosp,1,2026-10-10,35,quantile,0.4,1
2026-10-03,wk inc rsv hosp,1,2026-10-10,35,quantile,0.45,1
2026-10-03,wk inc rsv hosp,1,2026-10-10,35,quantile,0.5,2
2026-10-03,wk inc rsv hosp,1,2026-10-10,35,quantile,0.55,2
2026-10-03,wk inc rsv hosp,1,2026-10-10,35,quantile,0.6,2
2026-10-03,wk inc rsv hosp,1,2026-10-10,35,quantile,0.65,2
2026-10-03,wk inc rsv hosp,1,2026-10-10,35,quantile,0.7,2
2026-10-03,wk inc rsv hosp,1,2026-10-10,35,quantile,0.75,3
2026-10-03,wk inc rsv hosp,1,2026-10-10,35,quantile,0.8,3
2026-10-03,wk inc rsv hosp,1,2026-10-10,35,quantile,0.85,4
2026-10-03,wk inc rsv hosp,1,2026-10-10,35,quantile,0.9,4
2026-10-03,wk inc rsv hosp,1,2026-10-10,35,quantile,0.95,6
2026-10-03,wk inc rsv hosp,1,2026-10-10,35,quantile,0.975,9
2026-10-03,wk inc rsv hosp,1,2026-10-10,35,quantile,0.99,11
2026-10-03,wk inc rsv hosp,1,2026-10-10,36,quantile,0.01,0
2026-10-03,wk inc rsv hosp,1,2026-10-10,36,quantile,0.025,0
2026-10-03,wk inc rsv hosp,1,2026-10-10,36,quantile,0.05,2
2026-10-03,wk inc rsv hosp,1,2026-10-10,36,quantile,0.1,7
2026-10-03,wk inc rsv hosp,1,2026-10-10,36,quantile,0.15,10
2026-10-03,wk inc rsv hosp,1,2026-10-10,36,quantile,0.2,13
2026-10-03,wk inc rsv hosp,1,2026-10-10,36,quantile,0.25,15
2026-10-03,wk inc rsv hosp,1,2026-10-10,36,quantile,0.3,17
2026-10-03,wk inc rsv hosp,1,2026-10-10,36,quantile,0.35,19
2026-10-03,wk inc rsv hosp,1,2026-10-10,36,quantile,0.4,21
2026-10-03,wk inc rsv hosp,1,2026-10-10,36,quantile,0.45,23
2026-10-03,wk inc rsv hosp,1,2026-10-10,36,quantile,0.5,26
2026-10-03,wk inc rsv hosp,1,2026-10-10,36,quantile,0.55,28
2026-10-03,wk inc rsv hosp,1,2026-10-10,36,quantile,0.6,30
2026-10-03,wk inc rsv hosp,1,2026-10-10,36,quantile,0.65,33
2026-10-03,wk inc rsv hosp,1,2026-10-10,36,quantile,0.7,36
2026-10-03,wk inc rsv hosp,1,2026-10-10,36,quantile,0.75,39
2026-10-03,wk inc rsv hosp,1,2026-10-10,36,quantile,0.8,44
2026-10-03,wk inc rsv hosp,1,2026-10-10,36,quantile,0.85,49
2026-10-03,wk inc rsv hosp,1,2026-10-10,36,quantile,0.9,60
2026-10-03,wk inc rsv hosp,1,2026-10-10,36,quantile,0.95,84
2026-10-03,wk inc rsv hosp,1,2026-10-10,36,quantile,0.975,106
2026-10-03,wk inc rsv hosp,1,2026-10-10,36,quantile,0.99,132
2026-10-03,wk inc rsv hosp,1,2026-10-10,37,quantile,0.01,0
2026-10-03,wk inc rsv hosp,1,2026-10-10,37,quantile,0.025,0
2026-10-03,wk inc rsv hosp,1,2026-10-10,37,quantile,0.05,0
2026-10-03,wk inc rsv hosp,1,2026-10-10,37,quantile,0.1,0
2026-10-03,wk inc rsv hosp,1,2026-10-10,37,quantile,0.15,1
2026-10-03,wk inc rsv hosp,1,2026-10-10,37,quantile,0.2,2
2026-10-03,wk inc rsv hosp,1,2026-10-10,37,quantile,0.25,3
2026-10-03,wk inc rsv hosp,1,2026-10-10,37,quantile,0.3,4
2026-10-03,wk inc rsv hosp,1,2026-10-10,37,quantile,0.35,5
2026-10-03,wk inc rsv hosp,1,2026-10-10,37,quantile,0.4,6
2026-10-03,wk inc rsv hosp,1,2026-10-10,37,quantile,0.45,6
2026-10-03,wk inc rsv hosp,1,2026-10-10,37,quantile,0.5,7
2026-10-03,wk inc rsv hosp,1,2026-10-10,37,quantile,0.55,8
2026-10-03,wk inc rsv hosp,1,2026-10-10,37,quantile,0.6,9
2026-10-03,wk inc rsv hosp,1,2026-10-10,37,quantile,0.65,10
2026-10-03,wk inc rsv hosp,1,2026-10-10,37,quantile,0.7,12
2026-10-03,wk inc rsv hosp,1,2026-10-10,37,quantile,0.75,13
2026-10-03,wk inc rsv hosp,1,2026-10-10,37,quantile,0.8,15
2026-10-03,wk inc rsv hosp,1,2026-10-10,37,quantile,0.85,18
2026-10-03,wk inc rsv hosp,1,2026-10-10,37,quantile,0.9,21
2026-10-03,wk inc rsv hosp,1,2026-10-10,37,quantile,0.95,29
2026-10-03,wk inc rsv hosp,1,2026-10-10,37,quantile,0.975,43
2026-10-03,wk inc rsv hosp,1,2026-10-10,37,quantile,0.99,55
2026-10-03,wk inc rsv hosp,1,2026-10-10,38,quantile,0.01,0
2026-10-03,wk inc rsv hosp,1,2026-10-10,38,quantile,0.025,0
2026-10-03,wk inc rsv hosp,1,2026-10-10,38,quantile,0.05,0
2026-10-03,wk inc rsv hosp,1,2026-10-10,38,quantile,0.1,0
2026-10-03,wk inc rsv hosp,1,2026-10-10,38,quantile,0.15,0
2026-10-03,wk inc rsv hosp,1,2026-10-10,38,quantile,0.2,0
2026-10-03,wk inc rsv hosp,1,2026-10-10,38,quantile,0.25,0
2026-10-03,wk inc rsv hosp,1,2026-10-10,38,quantile,0.3,0
2026-10-03,wk inc rsv hosp,1,2026-10-10,38,quantile,0.35,0
2026-10-03,wk inc rsv hosp,1,2026-10-10,38,quantile,0.4,0
2026-10-03,wk inc rsv hosp,1,2026-10-10,38,quantile,0.45,0
2026-10-03,wk inc rsv hosp,1,2026-10-10,38,quantile,0.5,0
2026-10-03,wk inc rsv hosp,1,2026-10-10,38,quantile,0.55,0
2026-10-03,wk inc rsv hosp,1,2026-10-10,38,quantile,0.6,0
2026-10-03,wk inc rsv hosp,1,2026-10-10,38,quantile,0.65,0
2026-10-03,wk inc rsv hosp,1,2026-10-10,38,quantile,0.7,0
2026-10-03,wk inc rsv hosp,1,2026-10-10,38,quantile,0.75,0
2026-10-03,wk inc rsv hosp,1,2026-10-10,38,quantile,0.8,0
2026-10-03,wk inc rsv hosp,1,2026-10-10,38,quantile,0.85,1
2026-10-03,wk inc rsv hosp,1,2026-10-10,38,quantile,0.9,2
2026-10-03,wk inc rsv hosp,1,2026-10-10,38,quantile,0.95,4
2026-10-03,wk inc rsv hosp,1,2026-10-10,38,quantile,0.975,7
2026-10-03,wk inc rsv hosp,1,2026-10-10,38,quantile,0.99,11
2026-10-03,wk inc rsv hosp,1,2026-10-10,39,quantile,0.01,1
2026-10-03,wk inc rsv hosp,1,2026-10-10,39,quantile,0.025,1
2026-10-03,wk inc rsv hosp,1,2026-10-10,39,quantile,0.05,2
2026-10-03,wk inc rsv hosp,1,2026-10-10,39,quantile,0.1,4
2026-10-03,wk inc rsv hosp,1,2026-10-10,39,quantile,0.15,4
2026-10-03,wk inc rsv hosp,1,2026-10-10,39,quantile,0.2,5
2026-10-03,wk inc rsv hosp,1,2026-10-10,39,quantile,0.25,6
2026-10-03,wk inc rsv hosp,1,2026-10-10,39,quantile,0.3,7
2026-10-03,wk inc rsv hosp,1,2026-10-10,39,quantile,0.35,8
2026-10-03,wk inc rsv hosp,1,2026-10-10,39,quantile,0.4,9
2026-10-03,wk inc rsv hosp,1,2026-10-10,39,quantile,0.45,10
2026-10-03,wk inc rsv hosp,1,2026-10-10,39,quantile,0.5,10
2026-10-03,wk inc rsv hosp,1,2026-10-10,39,quantile,0.55,11
2026-10-03,wk inc rsv hosp,1,2026-10-10,39,quantile,0.6,12
2026-10-03,wk inc rsv hosp,1,2026-10-10,39,quantile,0.65,13
2026-10-03,wk inc rsv hosp,1,2026-10-10,39,quantile,0.7,15
2026-10-03,wk inc rsv hosp,1,2026-10-10,39,quantile,0.75,17
2026-10-03,wk inc rsv hosp,1,2026-10-10,39,quantile,0.8,18
2026-10-03,wk inc rsv hosp,1,2026-10-10,39,quantile,0.85,22
2026-10-03,wk inc rsv hosp,1,2026-10-10,39,quantile,0.9,27
2026-10-03,wk inc rsv hosp,1,2026-10-10,39,quantile,0.95,32
2026-10-03,wk inc rsv hosp,1,2026-10-10,39,quantile,0.975,40
2026-10-03,wk inc rsv hosp,1,2026-10-10,39,quantile,0.99,50
2026-10-03,wk inc rsv hosp,1,2026-10-10,40,quantile,0.01,0
2026-10-03,wk inc rsv hosp,1,2026-10-10,40,quantile,0.025,0
2026-10-03,wk inc rsv hosp,1,2026-10-10,40,quantile,0.05,0
2026-10-03,wk inc rsv hosp,1,2026-10-10,40,quantile,0.1,0
2026-10-03,wk inc rsv hosp,1,2026-10-10,40,quantile,0.15,0
2026-10-03,wk inc rsv hosp,1,2026-10-10,40,quantile,0.2,0
2026-10-03,wk inc rsv hosp,1,2026-10-10,40,quantile,0.25,1
2026-10-03,wk inc rsv hosp,1,2026-10-10,40,quantile,0.3,1
2026-10-03,wk inc rsv hosp,1,2026-10-10,40,quantile,0.35,1
2026-10-03,wk inc rsv hosp,1,2026-10-10,40,quantile,0.4,1
2026-10-03,wk inc rsv hosp,1,2026-10-10,40,quantile,0.45,1
2026-10-03,wk inc rsv hosp,1,2026-10-10,40,quantile,0.5,2
2026-10-03,wk inc rsv hosp,1,2026-10-10,40,quantile,0.55,2
2026-10-03,wk inc rsv hosp,1,2026-10-10,40,quantile,0.6,2
2026-10-03,wk inc rsv hosp,1,2026-10-10,40,quantile,0.65,3
2026-10-03,wk inc rsv hosp,1,2026-10-10,40,quantile,0.7,3
2026-10-03,wk inc rsv hosp,1,2026-10-10,40,quantile,0.75,4
2026-10-03,wk inc rsv hosp,1,2026-10-10,40,quantile,0.8,5
2026-10-03,wk inc rsv hosp,1,2026-10-10,40,quantile,0.85,6
2026-10-03,wk inc rsv hosp,1,2026-10-10,40,quantile,0.9,7
2026-10-03,wk inc rsv hosp,1,2026-10-10,40,quantile,0.95,10
2026-10-03,wk inc rsv hosp,1,2026-10-10,40,quantile,0.975,15
2026-10-03,wk inc rsv hosp,1,2026-10-10,40,quantile,0.99,24
2026-10-03,wk inc rsv hosp,1,2026-10-10,41,quantile,0.01,0
2026-10-03,wk inc rsv hosp,1,2026-10-10,41,quantile,0.025,0
2026-10-03,wk inc rsv hosp,1,2026-10-10,41,quantile,0.05,0
2026-10-03,wk inc rsv hosp,1,2026-10-10,41,quantile,0.1,0
2026-10-03,wk inc rsv hosp,1,2026-10-10,41,quantile,0.15,0
2026-10-03,wk inc rsv hosp,1,2026-10-10,41,quantile,0.2,0
2026-10-03,wk inc rsv hosp,1,2026-10-10,41,quantile,0.25,0
2026-10-03,wk inc rsv hosp,1,2026-10-10,41,quantile,0.3,0
2026-10-03,wk inc rsv hosp,1,2026-10-10,41,quantile,0.35,1
2026-10-03,wk inc rsv hosp,1,2026-10-10,41,quantile,0.4,1
2026-10-03,wk inc rsv hosp,1,2026-10-10,41,quantile,0.45,1
2026-10-03,wk inc rsv hosp,1,2026-10-10,41,quantile,0.5,2
2026-10-03,wk inc rsv hosp,1,2026-10-10,41,quantile,0.55,2
2026-10-03,wk inc rsv hosp,1,2026-10-10,41,quantile,0.6,2
2026-10-03,wk inc rsv hosp,1,2026-10-10,41,quantile,0.65,3
2026-10-03,wk inc rsv hosp,1,2026-10-10,41,quantile,0.7,3
2026-10-03,wk inc rsv hosp,1,2026-10-10,41,quantile,0.75,4
2026-10-03,wk inc rsv hosp,1,2026-10-10,41,quantile,0.8,5
2026-10-03,wk inc rsv hosp,1,2026-10-10,41,quantile,0.85,6
2026-10-03,wk inc rsv hosp,1,2026-10-10,41,quantile,0.9,8
2026-10-03,wk inc rsv hosp,1,2026-10-10,41,quantile,0.95,14
2026-10-03,wk inc rsv hosp,1,2026-10-10,41,quantile,0.975,21
2026-10-03,wk inc rsv hosp,1,2026-10-10,41,quantile,0.99,33
2026-10-03,wk inc rsv hosp,1,2026-10-10,42,quantile,0.01,11
2026-10-03,wk inc rsv hosp,1,2026-10-10,42,quantile,0.025,14
2026-10-03,wk inc rsv hosp,1,2026-10-10,42,quantile,0.05,19
2026-10-03,wk inc rsv hosp,1,2026-10-10,42,quantile,0.1,25
2026-10-03,wk inc rsv hosp,1,2026-10-10,42,quantile,0.15,28
2026-10-03,wk inc rsv hosp,1,2026-10-10,42,quantile,0.2,31
2026-10-03,wk inc rsv hosp,1,2026-10-10,42,quantile,0.25,34
2026-10-03,wk inc rsv hosp,1,2026-10-10,42,quantile,0.3,36
2026-10-03,wk inc rsv hosp,1,2026-10-10,42,quantile,0.35,39
2026-10-03,wk inc rsv hosp,1,2026-10-10,42,quantile,0.4,41
2026-10-03,wk inc rsv hosp,1,2026-10-10,42,quantile,0.45,43
2026-10-03,wk inc rsv hosp,1,2026-10-10,42,quantile,0.5,45
2026-10-03,wk inc rsv hosp,1,2026-10-10,42,quantile,0.55,48
2026-10-03,wk inc rsv hosp,1,2026-10-10,42,quantile,0.6,51
2026-10-03,wk inc rsv hosp,1,2026-10-10,42,quantile,0.65,54
2026-10-03,wk inc rsv hosp,1,2026-10-10,42,quantile,0.7,59
2026-10-03,wk inc rsv hosp,1,2026-10-10,42,quantile,0.75,63
2026-10-03,wk inc rsv hosp,1,2026-10-10,42,quantile,0.8,68
2026-10-03,wk inc rsv hosp,1,2026-10-10,42,quantile,0.85,74
2026-10-03,wk inc rsv hosp,1,2026-10-10,42,quantile,0.9,83
2026-10-03,wk inc rsv hosp,1,2026-10-10,42,quantile,0.95,98
2026-10-03,wk inc rsv hosp,1,2026-10-10,42,quantile,0.975,113
2026-10-03,wk inc rsv hosp,1,2026-10-10,42,quantile,0.99,142
2026-10-03,wk inc rsv hosp,1,2026-10-10,44,quantile,0.01,0
2026-10-03,wk inc rsv hosp,1,2026-10-10,44,quantile,0.025,0
2026-10-03,wk inc rsv hosp,1,2026-10-10,44,quantile,0.05,0
2026-10-03,wk inc rsv hosp,1,2026-10-10,44,quantile,0.1,0
2026-10-03,wk inc rsv hosp,1,2026-10-10,44,quantile,0.15,0
2026-10-03,wk inc rsv hosp,1,2026-10-10,44,quantile,0.2,0
2026-10-03,wk inc rsv hosp,1,2026-10-10,44,quantile,0.25,1
2026-10-03,wk inc rsv hosp,1,2026-10-10,44,quantile,0.3,1
2026-10-03,wk inc rsv hosp,1,2026-10-10,44,quantile,0.35,1
2026-10-03,wk inc rsv hosp,1,2026-10-10,44,quantile,0.4,2
2026-10-03,wk inc rsv hosp,1,2026-10-10,44,quantile,0.45,2
2026-10-03,wk inc rsv hosp,1,2026-10-10,44,quantile,0.5,2
2026-10-03,wk inc rsv hosp,1,2026-10-10,44,quantile,0.55,3
2026-10-03,wk inc rsv hosp,1,2026-10-10,44,quantile,0.6,3
2026-10-03,wk inc rsv hosp,1,2026-10-10,44,quantile,0.65,4
2026-10-03,wk inc rsv hosp,1,2026-10-10,44,quantile,0.7,4
2026-10-03,wk inc rsv hosp,1,2026-10-10,44,quantile,0.75,5
2026-10-03,wk inc rsv hosp,1,2026-10-10,44,quantile,0.8,6
2026-10-03,wk inc rsv hosp,1,2026-10-10,44,quantile,0.85,7
2026-10-03,wk inc rsv hosp,1,2026-10-10,44,quantile,0.9,9
2026-10-03,wk inc rsv hosp,1,2026-10-10,44,quantile,0.95,13
2026-10-03,wk inc rsv hosp,1,2026-10-10,44,quantile,0.975,19
2026-10-03,wk inc rsv hosp,1,2026-10-10,44,quantile,0.99,28
2026-10-03,wk inc rsv hosp,1,2026-10-10,45,quantile,0.01,0
2026-10-03,wk inc rsv hosp,1,2026-10-10,45,quantile,0.025,0
2026-10-03,wk inc rsv hosp,1,2026-10-10,45,quantile,0.05,1
2026-10-03,wk inc rsv hosp,1,2026-10-10,45,quantile,0.1,2
2026-10-03,wk inc rsv hosp,1,2026-10-10,45,quantile,0.15,3
2026-10-03,wk inc rsv hosp,1,2026-10-10,45,quantile,0.2,4
2026-10-03,wk inc rsv hosp,1,2026-10-10,45,quantile,0.25,4
2026-10-03,wk inc rsv hosp,1,2026-10-10,45,quantile,0.3,5
2026-10-03,wk inc rsv hosp,1,2026-10-10,45,quantile,0.35,6
2026-10-03,wk inc rsv hosp,1,2026-10-10,45,quantile,0.4,7
2026-10-03,wk inc rsv hosp,1,2026-10-10,45,quantile,0.45,8
2026-10-03,wk inc rsv hosp,1,2026-10-10,45,quantile,0.5,9
2026-10-03,wk inc rsv hosp,1,2026-10-10,45,quantile,0.55,10
2026-10-03,wk inc rsv hosp,1,2026-10-10,45,quantile,0.6,11
2026-10-03,wk inc rsv hosp,1,2026-10-10,45,quantile,0.65,12
2026-10-03,wk inc rsv hosp,1,2026-10-10,45,quantile,0.7,13
2026-10-03,wk inc rsv hosp,1,2026-10-10,45,quantile,0.75,15
2026-10-03,wk inc rsv hosp,1,2026-10-10,45,quantile,0.8,18
2026-10-03,wk inc rsv hosp,1,2026-10-10,45,quantile,0.85,21
2026-10-03,wk inc rsv hosp,1,2026-10-10,45,quantile,0.9,25
2026-10-03,wk inc rsv hosp,1,2026-10-10,45,quantile,0.95,36
2026-10-03,wk inc rsv hosp,1,2026-10-10,45,quantile,0.975,46
2026-10-03,wk inc rsv hosp,1,2026-10-10,45,quantile,0.99,60
2026-10-03,wk inc rsv hosp,1,2026-10-10,46,quantile,0.01,0
2026-10-03,wk inc rsv hosp,1,2026-10-10,46,quantile,0.025,0
2026-10-03,wk inc rsv hosp,1,2026-10-10,46,quantile,0.05,0
2026-10-03,wk inc rsv hosp,1,2026-10-10,46,quantile,0.1,0
2026-10-03,wk inc rsv hosp,1,2026-10-10,46,quantile,0.15,0
2026-10-03,wk inc rsv hosp,1,2026-10-10,46,quantile,0.2,0
2026-10-03,wk inc rsv hosp,1,2026-10-10,46,quantile,0.25,1
2026-10-03,wk inc rsv hosp,1,2026-10-10,46,quantile,0.3,1
2026-10-03,wk inc rsv hosp,1,2026-10-10,46,quantile,0.35,1
2026-10-03,wk inc rsv hosp,1,2026-10-10,46,quantile,0.4,1
2026-10-03,wk inc rsv hosp,1,2026-10-10,46,quantile,0.45,2
2026-10-03,wk inc rsv hosp,1,2026-10-10,46,quantile,0.5,2
2026-10-03,wk inc rsv hosp,1,2026-10-10,46,quantile,0.55,2
2026-10-03,wk inc rsv hosp,1,2026-10-10,46,quantile,0.6,2
2026-10-03,wk inc rsv hosp,1,2026-10-10,46,quantile,0.65,3
2026-10-03,wk inc rsv hosp,1,2026-10-10,46,quantile,0.7,3
2026-10-03,wk inc rsv hosp,1,2026-10-10,46,quantile,0.75,4
2026-10-03,wk inc rsv hosp,1,2026-10-10,46,quantile,0.8,4
2026-10-03,wk inc rsv hosp,1,2026-10-10,46,quantile,0.85,5
2026-10-03,wk inc rsv hosp,1,2026-10-10,46,quantile,0.9,7
2026-10-03,wk inc rsv hosp,1,2026-10-10,46,quantile,0.95,9
2026-10-03,wk inc rsv hosp,1,2026-10-10,46,quantile,0.975,14
2026-10-03,wk inc rsv hosp,1,2026-10-10,46,quantile,0.99,19
2026-10-03,wk inc rsv hosp,1,2026-10-10,47,quantile,0.01,0
2026-10-03,wk inc rsv hosp,1,2026-10-10,47,quantile,0.025,0
2026-10-03,wk inc rsv hosp,1,2026-10-10,47,quantile,0.05,1
2026-10-03,wk inc rsv hosp,1,2026-10-10,47,quantile,0.1,2
2026-10-03,wk inc rsv hosp,1,2026-10-10,47,quantile,0.15,3
2026-10-03,wk inc rsv hosp,1,2026-10-10,47,quantile,0.2,4
2026-10-03,wk inc rsv hosp,1,2026-10-10,47,quantile,0.25,5
2026-10-03,wk inc rsv hosp,1,2026-10-10,47,quantile,0.3,6
2026-10-03,wk inc rsv hosp,1,2026-10-10,47,quantile,0.35,7
2026-10-03,wk inc rsv hosp,1,2026-10-10,47,quantile,0.4,8
2026-10-03,wk inc rsv hosp,1,2026-10-10,47,quantile,0.45,9
2026-10-03,wk inc rsv hosp,1,2026-10-10,47,quantile,0.5,10
2026-10-03,wk inc rsv hosp,1,2026-10-10,47,quantile,0.55,10
2026-10-03,wk inc rsv hosp,1,2026-10-10,47,quantile,0.6,11
2026-10-03,wk inc rsv hosp,1,2026-10-10,47,quantile,0.65,12
2026-10-03,wk inc rsv hosp,1,2026-10-10,47,quantile,0.7,14
2026-10-03,wk inc rsv hosp,1,2026-10-10,47,quantile,0.75,15
2026-10-03,wk inc rsv hosp,1,2026-10-10,47,quantile,0.8,17
2026-10-03,wk inc rsv hosp,1,2026-10-10,47,quantile,0.85,20
2026-10-03,wk inc rsv hosp,1,2026-10-10,47,quantile,0.9,24
2026-10-03,wk inc rsv hosp,1,2026-10-10,47,quantile,0.95,32
2026-10-03,wk inc rsv hosp,1,2026-10-10,47,quantile,0.975,43
2026-10-03,wk inc rsv hosp,1,2026-10-10,47,quantile,0.99,60
2026-10-03,wk inc rsv hosp,1,2026-10-10,48,quantile,0.01,21
2026-10-03,wk inc rsv hosp,1,2026-10-10,48,quantile,0.025,25
2026-10-03,wk inc rsv hosp,1,2026-10-10,48,quantile,0.05,29
2026-10-03,wk inc rsv hosp,1,2026-10-10,48,quantile,0.1,35
2026-10-03,wk inc rsv hosp,1,2026-10-10,48,quantile,0.15,40
2026-10-03,wk inc rsv hosp,1,2026-10-10,48,quantile,0.2,45
2026-10-03,wk inc rsv hosp,1,2026-10-10,48,quantile,0.25,50
2026-10-03,wk inc rsv hosp,1,2026-10-10,48,quantile,0.3,55
2026-10-03,wk inc rsv hosp,1,2026-10-10,48,quantile,0.35,59
2026-10-03,wk inc rsv hosp,1,2026-10-10,48,quantile,0.4,63
2026-10-03,wk inc rsv hosp,1,2026-10-10,48,quantile,0.45,68
2026-10-03,wk inc rsv hosp,1,2026-10-10,48,quantile,0.5,73
2026-10-03,wk inc rsv hosp,1,2026-10-10,48,quantile,0.55,78
2026-10-03,wk inc rsv hosp,1,2026-10-10,48,quantile,0.6,82
2026-10-03,wk inc rsv hosp,1,2026-10-10,48,quantile,0.65,89
2026-10-03,wk inc rsv hosp,1,2026-10-10,48,quantile,0.7,98
2026-10-03,wk inc rsv hosp,1,2026-10-10,48,quantile,0.75,109
2026-10-03,wk inc rsv hosp,1,2026-10-10,48,quantile,0.8,119
2026-10-03,wk inc rsv hosp,1,2026-10-10,48,quantile,0.85,134
2026-10-03,wk inc rsv hosp,1,2026-10-10,48,quantile,0.9,153
2026-10-03,wk inc rsv hosp,1,2026-10-10,48,quantile,0.95,178
2026-10-03,wk inc rsv hosp,1,2026-10-10,48,quantile,0.975,202
2026-10-03,wk inc rsv hosp,1,2026-10-10,48,quantile,0.99,244
2026-10-03,wk inc rsv hosp,1,2026-10-10,49,quantile,0.01,0
2026-10-03,wk inc rsv hosp,1,2026-10-10,49,quantile,0.025,0
2026-10-03,wk inc rsv hosp,1,2026-10-10,49,quantile,0.05,0
2026-10-03,wk inc rsv hosp,1,2026-10-10,49,quantile,0.1,0
2026-10-03,wk inc rsv hosp,1,2026-10-10,49,quantile,0.15,0
2026-10-03,wk inc rsv hosp,1,2026-10-10,49,quantile,0.2,0
2026-10-03,wk inc rsv hosp,1,2026-10-10,49,quantile,0.25,0
2026-10-03,wk inc rsv hosp,1,2026-10-10,49,quantile,0.3,0
2026-10-03,wk inc rsv hosp,1,2026-10-10,49,quantile,0.35,0
2026-10-03,wk inc rsv hosp,1,2026-10-10,49,quantile,0.4,0
2026-10-03,wk inc rsv hosp,1,2026-10-10,49,quantile,0.45,0
2026-10-03,wk inc rsv hosp,1,2026-10-10,49,quantile,0.5,0
2026-10-03,wk inc rsv hosp,1,2026-10-10,49,quantile,0.55,0
2026-10-03,wk inc rsv hosp,1,2026-10-10,49,quantile,0.6,1
2026-10-03,wk inc rsv hosp,1,2026-10-10,49,quantile,0.65,1
2026-10-03,wk inc rsv hosp,1,2026-10-10,49,quantile,0.7,2
2026-10-03,wk inc rsv hosp,1,2026-10-10,49,quantile,0.75,2
2026-10-03,wk inc rsv hosp,1,2026-10-10,49,quantile,0.8,3
2026-10-03,wk inc rsv hosp,1,2026-10-10,49,quantile,0.85,4
2026-10-03,wk inc rsv hosp,1,2026-10-10,49,quantile,0.9,6
2026-10-03,wk inc rsv hosp,1,2026-10-10,49,quantile,0.95,11
2026-10-03,wk inc rsv hosp,1,2026-10-10,49,quantile,0.975,16
2026-10-03,wk inc rsv hosp,1,2026-10-10,49,quantile,0.99,23
2026-10-03,wk inc rsv hosp,1,2026-10-10,50,quantile,0.01,0
2026-10-03,wk inc rsv hosp,1,2026-10-10,50,quantile,0.025,0
2026-10-03,wk inc rsv hosp,1,2026-10-10,50,quantile,0.05,0
2026-10-03,wk inc rsv hosp,1,2026-10-10,50,quantile,0.1,0
2026-10-03,wk inc rsv hosp,1,2026-10-10,50,quantile,0.15,0
2026-10-03,wk inc rsv hosp,1,2026-10-10,50,quantile,0.2,0
2026-10-03,wk inc rsv hosp,1,2026-10-10,50,quantile,0.25,0
2026-10-03,wk inc rsv hosp,1,2026-10-10,50,quantile,0.3,0
2026-10-03,wk inc rsv hosp,1,2026-10-10,50,quantile,0.35,0
2026-10-03,wk inc rsv hosp,1,2026-10-10,50,quantile,0.4,0
2026-10-03,wk inc rsv hosp,1,2026-10-10,50,quantile,0.45,0
2026-10-03,wk inc rsv hosp,1,2026-10-10,50,quantile,0.5,0
2026-10-03,wk inc rsv hosp,1,2026-10-10,50,quantile,0.55,1
2026-10-03,wk inc rsv hosp,1,2026-10-10,50,quantile,0.6,1
2026-10-03,wk inc rsv hosp,1,2026-10-10,50,quantile,0.65,1
2026-10-03,wk inc rsv hosp,1,2026-10-10,50,quantile,0.7,1
2026-10-03,wk inc rsv hosp,1,2026-10-10,50,quantile,0.75,2
2026-10-03,wk inc rsv hosp,1,2026-10-10,50,quantile,0.8,2
2026-10-03,wk inc rsv hosp,1,2026-10-10,50,quantile,0.85,3
2026-10-03,wk inc rsv hosp,1,2026-10-10,50,quantile,0.9,4
2026-10-03,wk inc rsv hosp,1,2026-10-10,50,quantile,0.95,6
2026-10-03,wk inc rsv hosp,1,2026-10-10,50,quantile,0.975,9
2026-10-03,wk inc rsv hosp,1,2026-10-10,50,quantile,0.99,15
2026-10-03,wk inc rsv hosp,1,2026-10-10,51,quantile,0.01,0
2026-10-03,wk inc rsv hosp,1,2026-10-10,51,quantile,0.025,0
2026-10-03,wk inc rsv hosp,1,2026-10-10,51,quantile,0.05,0
2026-10-03,wk inc rsv hosp,1,2026-10-10,51,quantile,0.1,0
2026-10-03,wk inc rsv hosp,1,2026-10-10,51,quantile,0.15,0
2026-10-03,wk inc rsv hosp,1,2026-10-10,51,quantile,0.2,1
2026-10-03,wk inc rsv hosp,1,2026-10-10,51,quantile,0.25,2
2026-10-03,wk inc rsv hosp,1,2026-10-10,51,quantile,0.3,3
2026-10-03,wk inc rsv hosp,1,2026-10-10,51,quantile,0.35,3
2026-10-03,wk inc rsv hosp,1,2026-10-10,51,quantile,0.4,4
2026-10-03,wk inc rsv hosp,1,2026-10-10,51,quantile,0.45,4
2026-10-03,wk inc rsv hosp,1,2026-10-10,51,quantile,0.5,5
2026-10-03,wk inc rsv hosp,1,2026-10-10,51,quantile,0.55,6
2026-10-03,wk inc rsv hosp,1,2026-10-10,51,quantile,0.6,6
2026-10-03,wk inc rsv hosp,1,2026-10-10,51,quantile,0.65,7
2026-10-03,wk inc rsv hosp,1,2026-10-10,51,quantile,0.7,8
2026-10-03,wk inc rsv hosp,1,2026-10-10,51,quantile,0.75,9
2026-10-03,wk inc rsv hosp,1,2026-10-10,51,quantile,0.8,11
2026-10-03,wk inc rsv hosp,1,2026-10-10,51,quantile,0.85,13
2026-10-03,wk inc rsv hosp,1,2026-10-10,51,quantile,0.9,17
2026-10-03,wk inc rsv hosp,1,2026-10-10,51,quantile,0.95,23
2026-10-03,wk inc rsv hosp,1,2026-10-10,51,quantile,0.975,31
2026-10-03,wk inc rsv hosp,1,2026-10-10,51,quantile,0.99,46
2026-10-03,wk inc rsv hosp,1,2026-10-10,53,quantile,0.01,0
2026-10-03,wk inc rsv hosp,1,2026-10-10,53,quantile,0.025,0
2026-10-03,wk inc rsv hosp,1,2026-10-10,53,quantile,0.05,0
2026-10-03,wk inc rsv hosp,1,2026-10-10,53,quantile,0.1,0
2026-10-03,wk inc rsv hosp,1,2026-10-10,53,quantile,0.15,1
2026-10-03,wk inc rsv hosp,1,2026-10-10,53,quantile,0.2,1
2026-10-03,wk inc rsv hosp,1,2026-10-10,53,quantile,0.25,2
2026-10-03,wk inc rsv hosp,1,2026-10-10,53,quantile,0.3,2
2026-10-03,wk inc rsv hosp,1,2026-10-10,53,quantile,0.35,3
2026-10-03,wk inc rsv hosp,1,2026-10-10,53,quantile,0.4,3
2026-10-03,wk inc rsv hosp,1,2026-10-10,53,quantile,0.45,3
2026-10-03,wk inc rsv hosp,1,2026-10-10,53,quantile,0.5,4
2026-10-03,wk inc rsv hosp,1,2026-10-10,53,quantile,0.55,4
2026-10-03,wk inc rsv hosp,1,2026-10-10,53,quantile,0.6,5
2026-10-03,wk inc rsv hosp,1,2026-10-10,53,quantile,0.65,5
2026-10-03,wk inc rsv hosp,1,2026-10-10,53,quantile,0.7,6
2026-10-03,wk inc rsv hosp,1,2026-10-10,53,quantile,0.75,7
2026-10-03,wk inc rsv hosp,1,2026-10-10,53,quantile,0.8,8
2026-10-03,wk inc rsv hosp,1,2026-10-10,53,quantile,0.85,9
2026-10-03,wk inc rsv hosp,1,2026-10-10,53,quantile,0.9,11
2026-10-03,wk inc rsv hosp,1,2026-10-10,53,quantile,0.95,15
2026-10-03,wk inc rsv hosp,1,2026-10-10,53,quantile,0.975,22
2026-10-03,wk inc rsv hosp,1,2026-10-10,53,quantile,0.99,31
2026-10-03,wk inc rsv hosp,1,2026-10-10,54,quantile,0.01,0
2026-10-03,wk inc rsv hosp,1,2026-10-10,54,quantile,0.025,0
2026-10-03,wk inc rsv hosp,1,2026-10-10,54,quantile,0.05,0
2026-10-03,wk inc rsv hosp,1,2026-10-10,54,quantile,0.1,0
2026-10-03,wk inc rsv hosp,1,2026-10-10,54,quantile,0.15,0
2026-10-03,wk inc rsv hosp,1,2026-10-10,54,quantile,0.2,1
2026-10-03,wk inc rsv hosp,1,2026-10-10,54,quantile,0.25,1
2026-10-03,wk inc rsv hosp,1,2026-10-10,54,quantile,0.3,1
2026-10-03,wk inc rsv hosp,1,2026-10-10,54,quantile,0.35,2
2026-10-03,wk inc rsv hosp,1,2026-10-10,54,quantile,0.4,2
2026-10-03,wk inc rsv hosp,1,2026-10-10,54,quantile,0.45,3
2026-10-03,wk inc rsv hosp,1,2026-10-10,54,quantile,0.5,3
2026-10-03,wk inc rsv hosp,1,2026-10-10,54,quantile,0.55,3
2026-10-03,wk inc rsv hosp,1,2026-10-10,54,quantile,0.6,4
2026-10-03,wk inc rsv hosp,1,2026-10-10,54,quantile,0.65,4
2026-10-03,wk inc rsv hosp,1,2026-10-10,54,quantile,0.7,5
2026-10-03,wk inc rsv hosp,1,2026-10-10,54,quantile,0.75,6
2026-10-03,wk inc rsv hosp,1,2026-10-10,54,quantile,0.8,8
2026-10-03,wk inc rsv hosp,1,2026-10-10,54,quantile,0.85,10
2026-10-03,wk inc rsv hosp,1,2026-10-10,54,quantile,0.9,12
2026-10-03,wk inc rsv hosp,1,2026-10-10,54,quantile,0.95,16
2026-10-03,wk inc rsv hosp,1,2026-10-10,54,quantile,0.975,21
2026-10-03,wk inc rsv hosp,1,2026-10-10,54,quantile,0.99,26
2026-10-03,wk inc rsv hosp,1,2026-10-10,55,quantile,0.01,0
2026-10-03,wk inc rsv hosp,1,2026-10-10,55,quantile,0.025,0
2026-10-03,wk inc rsv hosp,1,2026-10-10,55,quantile,0.05,0
2026-10-03,wk inc rsv hosp,1,2026-10-10,55,quantile,0.1,0
2026-10-03,wk inc rsv hosp,1,2026-10-10,55,quantile,0.15,0
2026-10-03,wk inc rsv hosp,1,2026-10-10,55,quantile,0.2,0
2026-10-03,wk inc rsv hosp,1,2026-10-10,55,quantile,0.25,0
2026-10-03,wk inc rsv hosp,1,2026-10-10,55,quantile,0.3,0
2026-10-03,wk inc rsv hosp,1,2026-10-10,55,quantile,0.35,0
2026-10-03,wk inc rsv hosp,1,2026-10-10,55,quantile,0.4,0
2026-10-03,wk inc rsv hosp,1,2026-10-10,55,quantile,0.45,0
2026-10-03,wk inc rsv hosp,1,2026-10-10,55,quantile,0.5,0
2026-10-03,wk inc rsv hosp,1,2026-10-10,55,quantile,0.55,0
2026-10-03,wk inc rsv hosp,1,2026-10-10,55,quantile,0.6,0
2026-10-03,wk inc rsv hosp,1,2026-10-10,55,quantile,0.65,0
2026-10-03,wk inc rsv hosp,1,2026-10-10,55,quantile,0.7,0
2026-10-03,wk inc rsv hosp,1,2026-10-10,55,quantile,0.75,0
2026-10-03,wk inc rsv hosp,1,2026-10-10,55,quantile,0.8,0
2026-10-03,wk inc rsv hosp,1,2026-10-10,55,quantile,0.85,1
2026-10-03,wk inc rsv hosp,1,2026-10-10,55,quantile,0.9,2
2026-10-03,wk inc rsv hosp,1,2026-10-10,55,quantile,0.95,4
2026-10-03,wk inc rsv hosp,1,2026-10-10,55,quantile,0.975,8
2026-10-03,wk inc rsv hosp,1,2026-10-10,55,quantile,0.99,12
2026-10-03,wk inc rsv hosp,1,2026-10-10,56,quantile,0.01,0
2026-10-03,wk inc rsv hosp,1,2026-10-10,56,quantile,0.025,0
2026-10-03,wk inc rsv hosp,1,2026-10-10,56,quantile,0.05,0
2026-10-03,wk inc rsv hosp,1,2026-10-10,56,quantile,0.1,0
2026-10-03,wk inc rsv hosp,1,2026-10-10,56,quantile,0.15,0
2026-10-03,wk inc rsv hosp,1,2026-10-10,56,quantile,0.2,0
2026-10-03,wk inc rsv hosp,1,2026-10-10,56,quantile,0.25,1
2026-10-03,wk inc rsv hosp,1,2026-10-10,56,quantile,0.3,1
2026-10-03,wk inc rsv hosp,1,2026-10-10,56,quantile,0.35,1
2026-10-03,wk inc rsv hosp,1,2026-10-10,56,quantile,0.4,2
2026-10-03,wk inc rsv hosp,1,2026-10-10,56,quantile,0.45,2
2026-10-03,wk inc rsv hosp,1,2026-10-10,56,quantile,0.5,2
2026-10-03,wk inc rsv hosp,1,2026-10-10,56,quantile,0.55,3
2026-10-03,wk inc rsv hosp,1,2026-10-10,56,quantile,0.6,3
2026-10-03,wk inc rsv hosp,1,2026-10-10,56,quantile,0.65,3
2026-10-03,wk inc rsv hosp,1,2026-10-10,56,quantile,0.7,4
2026-10-03,wk inc rsv hosp,1,2026-10-10,56,quantile,0.75,5
2026-10-03,wk inc rsv hosp,1,2026-10-10,56,quantile,0.8,6
2026-10-03,wk inc rsv hosp,1,2026-10-10,56,quantile,0.85,7
2026-10-03,wk inc rsv hosp,1,2026-10-10,56,quantile,0.9,10
2026-10-03,wk inc rsv hosp,1,2026-10-10,56,quantile,0.95,15
2026-10-03,wk inc rsv hosp,1,2026-10-10,56,quantile,0.975,27
2026-10-03,wk inc rsv hosp,1,2026-10-10,56,quantile,0.99,41
2026-10-03,wk inc rsv hosp,1,2026-10-10,72,quantile,0.01,0
2026-10-03,wk inc rsv hosp,1,2026-10-10,72,quantile,0.025,0
2026-10-03,wk inc rsv hosp,1,2026-10-10,72,quantile,0.05,0
2026-10-03,wk inc rsv hosp,1,2026-10-10,72,quantile,0.1,1
2026-10-03,wk inc rsv hosp,1,2026-10-10,72,quantile,0.15,2
2026-10-03,wk inc rsv hosp,1,2026-10-10,72,quantile,0.2,3
2026-10-03,wk inc rsv hosp,1,2026-10-10,72,quantile,0.25,3
2026-10-03,wk inc rsv hosp,1,2026-10-10,72,quantile,0.3,4
2026-10-03,wk inc rsv hosp,1,2026-10-10,72,quantile,0.35,5
2026-10-03,wk inc rsv hosp,1,2026-10-10,72,quantile,0.4,6
2026-10-03,wk inc rsv hosp,1,2026-10-10,72,quantile,0.45,6
2026-10-03,wk inc rsv hosp,1,2026-10-10,72,quantile,0.5,6
2026-10-03,wk inc rsv hosp,1,2026-10-10,72,quantile,0.55,7
2026-10-03,wk inc rsv hosp,1,2026-10-10,72,quantile,0.6,8
2026-10-03,wk inc rsv hosp,1,2026-10-10,72,quantile,0.65,9
2026-10-03,wk inc rsv hosp,1,2026-10-10,72,quantile,0.7,10
2026-10-03,wk inc rsv hosp,1,2026-10-10,72,quantile,0.75,11
2026-10-03,wk inc rsv hosp,1,2026-10-10,72,quantile,0.8,13
2026-10-03,wk inc rsv hosp,1,2026-10-10,72,quantile,0.85,15
2026-10-03,wk inc rsv hosp,1,2026-10-10,72,quantile,0.9,18
2026-10-03,wk inc rsv hosp,1,2026-10-10,72,quantile,0.95,23
2026-10-03,wk inc rsv hosp,1,2026-10-10,72,quantile,0.975,28
2026-10-03,wk inc rsv hosp,1,2026-10-10,72,quantile,0.99,37
2026-10-03,wk inc rsv hosp,1,2026-10-10,US,quantile,0.01,475
2026-10-03,wk inc rsv hosp,1,2026-10-10,US,quantile,0.025,512
2026-10-03,wk inc rsv hosp,1,2026-10-10,US,quantile,0.05,537
2026-10-03,wk inc rsv hosp,1,2026-10-10,US,quantile,0.1,570
2026-10-03,wk inc rsv hosp,1,2026-10-10,US,quantile,0.15,597
2026-10-03,wk inc rsv hosp,1,2026-10-10,US,quantile,0.2,621
2026-10-03,wk inc rsv hosp,1,2026-10-10,US,quantile,0.25,638
2026-10-03,wk inc rsv hosp,1,2026-10-10,US,quantile,0.3,659
2026-10-03,wk inc rsv hosp,1,2026-10-10,US,quantile,0.35,675
2026-10-03,wk inc rsv hosp,1,2026-10-10,US,quantile,0.4,693
2026-10-03,wk inc rsv hosp,1,2026-10-10,US,quantile,0.45,715
2026-10-03,wk inc rsv hosp,1,2026-10-10,US,quantile,0.5,732
2026-10-03,wk inc rsv hosp,1,2026-10-10,US,quantile,0.55,746
2026-10-03,wk inc rsv hosp,1,2026-10-10,US,quantile,0.6,765
2026-10-03,wk inc rsv hosp,1,2026-10-10,US,quantile,0.65,787
2026-10-03,wk inc rsv hosp,1,2026-10-10,US,quantile,0.7,811
2026-10-03,wk inc rsv hosp,1,2026-10-10,US,quantile,0.75,845
2026-10-03,wk inc rsv hosp,1,2026-10-10,US,quantile,0.8,893
2026-10-03,wk inc rsv hosp,1,2026-10-10,US,quantile,0.85,953
2026-10-03,wk inc rsv hosp,1,2026-10-10,US,quantile,0.9,1060
2026-10-03,wk inc rsv hosp,1,2026-10-10,US,quantile,0.95,1321
2026-10-03,wk inc rsv hosp,1,2026-10-10,US,quantile,0.975,1847
2026-10-03,wk inc rsv hosp,1,2026-10-10,US,quantile,0.99,2544
2026-10-03,wk inc rsv hosp,2,2026-10-17,01,quantile,0.01,0
2026-10-03,wk inc rsv hosp,2,2026-10-17,01,quantile,0.025,0
2026-10-03,wk inc rsv hosp,2,2026-10-17,01,quantile,0.05,0
2026-10-03,wk inc rsv hosp,2,2026-10-17,01,quantile,0.1,1
2026-10-03,wk inc rsv hosp,2,2026-10-17,01,quantile,0.15,3
2026-10-03,wk inc rsv hosp,2,2026-10-17,01,quantile,0.2,4
2026-10-03,wk inc rsv hosp,2,2026-10-17,01,quantile,0.25,6
2026-10-03,wk inc rsv hosp,2,2026-10-17,01,quantile,0.3,8
2026-10-03,wk inc rsv hosp,2,2026-10-17,01,quantile,0.35,9
2026-10-03,wk inc rsv hosp,2,2026-10-17,01,quantile,0.4,11
2026-10-03,wk inc rsv hosp,2,2026-10-17,01,quantile,0.45,13
2026-10-03,wk inc rsv hosp,2,2026-10-17,01,quantile,0.5,15
2026-10-03,wk inc rsv hosp,2,2026-10-17,01,quantile,0.55,17
2026-10-03,wk inc rsv hosp,2,2026-10-17,01,quantile,0.6,19
2026-10-03,wk inc rsv hosp,2,2026-10-17,01,quantile,0.65,22
2026-10-03,wk inc rsv hosp,2,2026-10-17,01,quantile,0.7,25
2026-10-03,wk inc rsv hosp,2,2026-10-17,01,quantile,0.75,30
2026-10-03,wk inc rsv hosp,2,2026-10-17,01,quantile,0.8,35
2026-10-03,wk inc rsv hosp,2,2026-10-17,01,quantile,0.85,43
2026-10-03,wk inc rsv hosp,2,2026-10-17,01,quantile,0.9,55
2026-10-03,wk inc rsv hosp,2,2026-10-17,01,quantile,0.95,78
2026-10-03,wk inc rsv hosp,2,2026-10-17,01,quantile,0.975,115
2026-10-03,wk inc rsv hosp,2,2026-10-17,01,quantile,0.99,169
2026-10-03,wk inc rsv hosp,2,2026-10-17,02,quantile,0.01,0
2026-10-03,wk inc rsv hosp,2,2026-10-17,02,quantile,0.025,0
2026-10-03,wk inc rsv hosp,2,2026-10-17,02,quantile,0.05,0
2026-10-03,wk inc rsv hosp,2,2026-10-17,02,quantile,0.1,1
2026-10-03,wk inc rsv hosp,2,2026-10-17,02,quantile,0.15,2
2026-10-03,wk inc rsv hosp,2,2026-10-17,02,quantile,0.2,3
2026-10-03,wk inc rsv hosp,2,2026-10-17,02,quantile,0.25,4
2026-10-03,wk inc rsv hosp,2,2026-10-17,02,quantile,0.3,5
2026-10-03,wk inc rsv hosp,2,2026-10-17,02,quantile,0.35,6
2026-10-03,wk inc rsv hosp,2,2026-10-17,02,quantile,0.4,7
2026-10-03,wk inc rsv hosp,2,2026-10-17,02,quantile,0.45,8
2026-10-03,wk inc rsv hosp,2,2026-10-17,02,quantile,0.5,9
2026-10-03,wk inc rsv hosp,2,2026-10-17,02,quantile,0.55,10
2026-10-03,wk inc rsv hosp,2,2026-10-17,02,quantile,0.6,12
2026-10-03,wk inc rsv hosp,2,2026-10-17,02,quantile,0.65,14
2026-10-03,wk inc rsv hosp,2,2026-10-17,02,quantile,0.7,16
2026-10-03,wk inc rsv hosp,2,2026-10-17,02,quantile,0.75,18
2026-10-03,wk inc rsv hosp,2,2026-10-17,02,quantile,0.8,21
2026-10-03,wk inc rsv hosp,2,2026-10-17,02,quantile,0.85,25
2026-10-03,wk inc rsv hosp,2,2026-10-17,02,quantile,0.9,31
2026-10-03,wk inc rsv hosp,2,2026-10-17,02,quantile,0.95,40
2026-10-03,wk inc rsv hosp,2,2026-10-17,02,quantile,0.975,53
2026-10-03,wk inc rsv hosp,2,2026-10-17,02,quantile,0.99,64
2026-10-03,wk inc rsv hosp,2,2026-10-17,04,quantile,0.01,0
2026-10-03,wk inc rsv hosp,2,2026-10-17,04,quantile,0.025,0
2026-10-03,wk inc rsv hosp,2,2026-10-17,04,quantile,0.05,0
2026-10-03,wk inc rsv hosp,2,2026-10-17,04,quantile,0.1,1
2026-10-03,wk inc rsv hosp,2,2026-10-17,04,quantile,0.15,1
2026-10-03,wk inc rsv hosp,2,2026-10-17,04,quantile,0.2,2
2026-10-03,wk inc rsv hosp,2,2026-10-17,04,quantile,0.25,3
2026-10-03,wk inc rsv hosp,2,2026-10-17,04,quantile,0.3,3
2026-10-03,wk inc rsv hosp,2,2026-10-17,04,quantile,0.35,4
2026-10-03,wk inc rsv hosp,2,2026-10-17,04,quantile,0.4,4
2026-10-03,wk inc rsv hosp,2,2026-10-17,04,quantile,0.45,5
2026-10-03,wk inc rsv hosp,2,2026-10-17,04,quantile,0.5,5
2026-10-03,wk inc rsv hosp,2,2026-10-17,04,quantile,0.55,6
2026-10-03,wk inc rsv hosp,2,2026-10-17,04,quantile,0.6,7
2026-10-03,wk inc rsv hosp,2,2026-10-17,04,quantile,0.65,8
2026-10-03,wk inc rsv hosp,2,2026-10-17,04,quantile,0.7,9
2026-10-03,wk inc rsv hosp,2,2026-10-17,04,quantile,0.75,10
2026-10-03,wk inc rsv hosp,2,2026-10-17,04,quantile,0.8,12
2026-10-03,wk inc rsv hosp,2,2026-10-17,04,quantile,0.85,16
2026-10-03,wk inc rsv hosp,2,2026-10-17,04,quantile,0.9,22
2026-10-03,wk inc rsv hosp,2,2026-10-17,04,quantile,0.95,30
2026-10-03,wk inc rsv hosp,2,2026-10-17,04,quantile,0.975,47
2026-10-03,wk inc rsv hosp,2,2026-10-17,04,quantile,0.99,95
2026-10-03,wk inc rsv hosp,2,2026-10-17,05,quantile,0.01,0
2026-10-03,wk inc rsv hosp,2,2026-10-17,05,quantile,0.025,0
2026-10-03,wk inc rsv hosp,2,2026-10-17,05,quantile,0.05,1
2026-10-03,wk inc rsv hosp,2,2026-10-17,05,quantile,0.1,2
2026-10-03,wk inc rsv hosp,2,2026-10-17,05,quantile,0.15,3
2026-10-03,wk inc rsv hosp,2,2026-10-17,05,quantile,0.2,4
2026-10-03,wk inc rsv hosp,2,2026-10-17,05,quantile,0.25,4
2026-10-03,wk inc rsv hosp,2,2026-10-17,05,quantile,0.3,5
2026-10-03,wk inc rsv hosp,2,2026-10-17,05,quantile,0.35,6
2026-10-03,wk inc rsv hosp,2,2026-10-17,05,quantile,0.4,6
2026-10-03,wk inc rsv hosp,2,2026-10-17,05,quantile,0.45,7
2026-10-03,wk inc rsv hosp,2,2026-10-17,05,quantile,0.5,8
2026-10-03,wk inc rsv hosp,2,2026-10-17,05,quantile,0.55,9
2026-10-03,wk inc rsv hosp,2,2026-10-17,05,quantile,0.6,10
2026-10-03,wk inc rsv hosp,2,2026-10-17,05,quantile,0.65,12
2026-10-03,wk inc rsv hosp,2,2026-10-17,05,quantile,0.7,13
2026-10-03,wk inc rsv hosp,2,2026-10-17,05,quantile,0.75,16
2026-10-03,wk inc rsv hosp,2,2026-10-17,05,quantile,0.8,18
2026-10-03,wk inc rsv hosp,2,2026-10-17,05,quantile,0.85,21
2026-10-03,wk inc rsv hosp,2,2026-10-17,05,quantile,0.9,28
2026-10-03,wk inc rsv hosp,2,2026-10-17,05,quantile,0.95,42
2026-10-03,wk inc rsv hosp,2,2026-10-17,05,quantile,0.975,62
2026-10-03,wk inc rsv hosp,2,2026-10-17,05,quantile,0.99,105
2026-10-03,wk inc rsv hosp,2,2026-10-17,06,quantile,0.01,0
2026-10-03,wk inc rsv hosp,2,2026-10-17,06,quantile,0.025,1
2026-10-03,wk inc rsv hosp,2,2026-10-17,06,quantile,0.05,4
2026-10-03,wk inc rsv hosp,2,2026-10-17,06,quantile,0.1,7
2026-10-03,wk inc rsv hosp,2,2026-10-17,06,quantile,0.15,10
2026-10-03,wk inc rsv hosp,2,2026-10-17,06,quantile,0.2,12
2026-10-03,wk inc rsv hosp,2,2026-10-17,06,quantile,0.25,14
2026-10-03,wk inc rsv hosp,2,2026-10-17,06,quantile,0.3,16
2026-10-03,wk inc rsv hosp,2,2026-10-17,06,quantile,0.35,18
2026-10-03,wk inc rsv hosp,2,2026-10-17,06,quantile,0.4,20
2026-10-03,wk inc rsv hosp,2,2026-10-17,06,quantile,0.45,22
2026-10-03,wk inc rsv hosp,2,2026-10-17,06,quantile,0.5,24
2026-10-03,wk inc rsv hosp,2,2026-10-17,06,quantile,0.55,27
2026-10-03,wk inc rsv hosp,2,2026-10-17,06,quantile,0.6,31
2026-10-03,wk inc rsv hosp,2,2026-10-17,06,quantile,0.65,34
2026-10-03,wk inc rsv hosp,2,2026-10-17,06,quantile,0.7,37
2026-10-03,wk inc rsv hosp,2,2026-10-17,06,quantile,0.75,41
2026-10-03,wk inc rsv hosp,2,2026-10-17,06,quantile,0.8,47
2026-10-03,wk inc rsv hosp,2,2026-10-17,06,quantile,0.85,53
2026-10-03,wk inc rsv hosp,2,2026-10-17,06,quantile,0.9,69
2026-10-03,wk inc rsv hosp,2,2026-10-17,06,quantile,0.95,94
2026-10-03,wk inc rsv hosp,2,2026-10-17,06,quantile,0.975,121
2026-10-03,wk inc rsv hosp,2,2026-10-17,06,quantile,0.99,160
2026-10-03,wk inc rsv hosp,2,2026-10-17,08,quantile,0.01,0
2026-10-03,wk inc rsv hosp,2,2026-10-17,08,quantile,0.025,0
2026-10-03,wk inc rsv hosp,2,2026-10-17,08,quantile,0.05,0
2026-10-03,wk inc rsv hosp,2,2026-10-17,08,quantile,0.1,0
2026-10-03,wk inc rsv hosp,2,2026-10-17,08,quantile,0.15,0
2026-10-03,wk inc rsv hosp,2,2026-10-17,08,quantile,0.2,0
2026-10-03,wk inc rsv hosp,2,2026-10-17,08,quantile,0.25,0
2026-10-03,wk inc rsv hosp,2,2026-10-17,08,quantile,0.3,0
2026-10-03,wk inc rsv hosp,2,2026-10-17,08,quantile,0.35,0
2026-10-03,wk inc rsv hosp,2,2026-10-17,08,quantile,0.4,0
2026-10-03,wk inc rsv hosp,2,2026-10-17,08,quantile,0.45,0
2026-10-03,wk inc rsv hosp,2,2026-10-17,08,quantile,0.5,0
2026-10-03,wk inc rsv hosp,2,2026-10-17,08,quantile,0.55,1
2026-10-03,wk inc rsv hosp,2,2026-10-17,08,quantile,0.6,1
2026-10-03,wk inc rsv hosp,2,2026-10-17,08,quantile,0.65,1
2026-10-03,wk inc rsv hosp,2,2026-10-17,08,quantile,0.7,2
2026-10-03,wk inc rsv hosp,2,2026-10-17,08,quantile,0.75,2
2026-10-03,wk inc rsv hosp,2,2026-10-17,08,quantile,0.8,3
2026-10-03,wk inc rsv hosp,2,2026-10-17,08,quantile,0.85,4
2026-10-03,wk inc rsv hosp,2,2026-10-17,08,quantile,0.9,6
2026-10-03,wk inc rsv hosp,2,2026-10-17,08,quantile,0.95,9
2026-10-03,wk inc rsv hosp,2,2026-10-17,08,quantile,0.975,14
2026-10-03,wk inc rsv hosp,2,2026-10-17,08,quantile,0.99,23
2026-10-03,wk inc rsv hosp,2,2026-10-17,09,quantile,0.01,0
2026-10-03,wk inc rsv hosp,2,2026-10-17,09,quantile,0.025,0
2026-10-03,wk inc rsv hosp,2,2026-10-17,09,quantile,0.05,0
2026-10-03,wk inc rsv hosp,2,2026-10-17,09,quantile,0.1,0
2026-10-03,wk inc rsv hosp,2,2026-10-17,09,quantile,0.15,0
2026-10-03,wk inc rsv hosp,2,2026-10-17,09,quantile,0.2,0
2026-10-03,wk inc rsv hosp,2,2026-10-17,09,quantile,0.25,0
2026-10-03,wk inc rsv hosp,2,2026-10-17,09,quantile,0.3,0
2026-10-03,wk inc rsv hosp,2,2026-10-17,09,quantile,0.35,1
2026-10-03,wk inc rsv hosp,2,2026-10-17,09,quantile,0.4,1
2026-10-03,wk inc rsv hosp,2,2026-10-17,09,quantile,0.45,1
2026-10-03,wk inc rsv hosp,2,2026-10-17,09,quantile,0.5,1
2026-10-03,wk inc rsv hosp,2,2026-10-17,09,quantile,0.55,1
2026-10-03,wk inc rsv hosp,2,2026-10-17,09,quantile,0.6,2
2026-10-03,wk inc rsv hosp,2,2026-10-17,09,quantile,0.65,2
2026-10-03,wk inc rsv hosp,2,2026-10-17,09,quantile,0.7,2
2026-10-03,wk inc rsv hosp,2,2026-10-17,09,quantile,0.75,3
2026-10-03,wk inc rsv hosp,2,2026-10-17,09,quantile,0.8,3
2026-10-03,wk inc rsv hosp,2,2026-10-17,09,quantile,0.85,4
2026-10-03,wk inc rsv hosp,2,2026-10-17,09,quantile,0.9,6
2026-10-03,wk inc rsv hosp,2,2026-10-17,09,quantile,0.95,8
2026-10-03,wk inc rsv hosp,2,2026-10-17,09,quantile,0.975,12
2026-10-03,wk inc rsv hosp,2,2026-10-17,09,quantile,0.99,18
2026-10-03,wk inc rsv hosp,2,2026-10-17,10,quantile,0.01,0
2026-10-03,wk inc rsv hosp,2,2026-10-17,10,quantile,0.025,0
2026-10-03,wk inc rsv hosp,2,2026-10-17,10,quantile,0.05,0
2026-10-03,wk inc rsv hosp,2,2026-10-17,10,quantile,0.1,0
2026-10-03,wk inc rsv hosp,2,2026-10-17,10,quantile,0.15,1
2026-10-03,wk inc rsv hosp,2,2026-10-17,10,quantile,0.2,1
2026-10-03,wk inc rsv hosp,2,2026-10-17,10,quantile,0.25,2
2026-10-03,wk inc rsv hosp,2,2026-10-17,10,quantile,0.3,2
2026-10-03,wk inc rsv hosp,2,2026-10-17,10,quantile,0.35,2
2026-10-03,wk inc rsv hosp,2,2026-10-17,10,quantile,0.4,3
2026-10-03,wk inc rsv hosp,2,2026-10-17,10,quantile,0.45,4
2026-10-03,wk inc rsv hosp,2,2026-10-17,10,quantile,0.5,4
2026-10-03,wk inc rsv hosp,2,2026-10-17,10,quantile,0.55,5
2026-10-03,wk inc rsv hosp,2,2026-10-17,10,quantile,0.6,6
2026-10-03,wk inc rsv hosp,2,2026-10-17,10,quantile,0.65,6
2026-10-03,wk inc rsv hosp,2,2026-10-17,10,quantile,0.7,7
2026-10-03,wk inc rsv hosp,2,2026-10-17,10,quantile,0.75,8
2026-10-03,wk inc rsv hosp,2,2026-10-17,10,quantile,0.8,10
2026-10-03,wk inc rsv hosp,2,2026-10-17,10,quantile,0.85,13
2026-10-03,wk inc rsv hosp,2,2026-10-17,10,quantile,0.9,19
2026-10-03,wk inc rsv hosp,2,2026-10-17,10,quantile,0.95,30
2026-10-03,wk inc rsv hosp,2,2026-10-17,10,quantile,0.975,44
2026-10-03,wk inc rsv hosp,2,2026-10-17,10,quantile,0.99,69
2026-10-03,wk inc rsv hosp,2,2026-10-17,11,quantile,0.01,0
2026-10-03,wk inc rsv hosp,2,2026-10-17,11,quantile,0.025,0
2026-10-03,wk inc rsv hosp,2,2026-10-17,11,quantile,0.05,0
2026-10-03,wk inc rsv hosp,2,2026-10-17,11,quantile,0.1,0
2026-10-03,wk inc rsv hosp,2,2026-10-17,11,quantile,0.15,0
2026-10-03,wk inc rsv hosp,2,2026-10-17,11,quantile,0.2,0
2026-10-03,wk inc rsv hosp,2,2026-10-17,11,quantile,0.25,0
2026-10-03,wk inc rsv hosp,2,2026-10-17,11,quantile,0.3,0
2026-10-03,wk inc rsv hosp,2,2026-10-17,11,quantile,0.35,0
2026-10-03,wk inc rsv hosp,2,2026-10-17,11,quantile,0.4,0
2026-10-03,wk inc rsv hosp,2,2026-10-17,11,quantile,0.45,0
2026-10-03,wk inc rsv hosp,2,2026-10-17,11,quantile,0.5,0
2026-10-03,wk inc rsv hosp,2,2026-10-17,11,quantile,0.55,0
2026-10-03,wk inc rsv hosp,2,2026-10-17,11,quantile,0.6,0
2026-10-03,wk inc rsv hosp,2,2026-10-17,11,quantile,0.65,0
2026-10-03,wk inc rsv hosp,2,2026-10-17,11,quantile,0.7,0
2026-10-03,wk inc rsv hosp,2,2026-10-17,11,quantile,0.75,0
2026-10-03,wk inc rsv hosp,2,2026-10-17,11,quantile,0.8,0
2026-10-03,wk inc rsv hosp,2,2026-10-17,11,quantile,0.85,0
2026-10-03,wk inc rsv hosp,2,2026-10-17,11,quantile,0.9,0
2026-10-03,wk inc rsv hosp,2,2026-10-17,11,quantile,0.95,1
2026-10-03,wk inc rsv hosp,2,2026-10-17,11,quantile,0.975,2
2026-10-03,wk inc rsv hosp,2,2026-10-17,11,quantile,0.99,3
2026-10-03,wk inc rsv hosp,2,2026-10-17,12,quantile,0.01,53
2026-10-03,wk inc rsv hosp,2,2026-10-17,12,quantile,0.025,60
2026-10-03,wk inc rsv hosp,2,2026-10-17,12,quantile,0.05,74
2026-10-03,wk inc rsv hosp,2,2026-10-17,12,quantile,0.1,92
2026-10-03,wk inc rsv hosp,2,2026-10-17,12,quantile,0.15,103
2026-10-03,wk inc rsv hosp,2,2026-10-17,12,quantile,0.2,118
2026-10-03,wk inc rsv hosp,2,2026-10-17,12,quantile,0.25,129
2026-10-03,wk inc rsv hosp,2,2026-10-17,12,quantile,0.3,141
2026-10-03,wk inc rsv hosp,2,2026-10-17,12,quantile,0.35,156
2026-10-03,wk inc rsv hosp,2,2026-10-17,12,quantile,0.4,169
2026-10-03,wk inc rsv hosp,2,2026-10-17,12,quantile,0.45,181
2026-10-03,wk inc rsv hosp,2,2026-10-17,12,quantile,0.5,196
2026-10-03,wk inc rsv hosp,2,2026-10-17,12,quantile,0.55,211
2026-10-03,wk inc rsv hosp,2,2026-10-17,12,quantile,0.6,232
2026-10-03,wk inc rsv hosp,2,2026-10-17,12,quantile,0.65,249
2026-10-03,wk inc rsv hosp,2,2026-10-17,12,quantile,0.7,277
2026-10-03,wk inc rsv hosp,2,2026-10-17,12,quantile,0.75,304
2026-10-03,wk inc rsv hosp,2,2026-10-17,12,quantile,0.8,345
2026-10-03,wk inc rsv hosp,2,2026-10-17,12,quantile,0.85,393
2026-10-03,wk inc rsv hosp,2,2026-10-17,12,quantile,0.9,470
2026-10-03,wk inc rsv hosp,2,2026-10-17,12,quantile,0.95,601
2026-10-03,wk inc rsv hosp,2,2026-10-17,12,quantile,0.975,728
2026-10-03,wk inc rsv hosp,2,2026-10-17,12,quantile,0.99,908
2026-10-03,wk inc rsv hosp,2,2026-10-17,13,quantile,0.01,3
2026-10-03,wk inc rsv hosp,2,2026-10-17,13,quantile,0.025,5
2026-10-03,wk inc rsv hosp,2,2026-10-17,13,quantile,0.05,7
2026-10-03,wk inc rsv hosp,2,2026-10-17,13,quantile,0.1,10
2026-10-03,wk inc rsv hosp,2,2026-10-17,13,quantile,0.15,12
2026-10-03,wk inc rsv hosp,2,2026-10-17,13,quantile,0.2,14
2026-10-03,wk inc rsv hosp,2,2026-10-17,13,quantile,0.25,15
2026-10-03,wk inc rsv hosp,2,2026-10-17,13,quantile,0.3,17
2026-10-03,wk inc rsv hosp,2,2026-10-17,13,quantile,0.35,19
2026-10-03,wk inc rsv hosp,2,2026-10-17,13,quantile,0.4,21
2026-10-03,wk inc rsv hosp,2,2026-10-17,13,quantile,0.45,23
2026-10-03,wk inc rsv hosp,2,2026-10-17,13,quantile,0.5,27
2026-10-03,wk inc rsv hosp,2,2026-10-17,13,quantile,0.55,29
2026-10-03,wk inc rsv hosp,2,2026-10-17,13,quantile,0.6,33
2026-10-03,wk inc rsv hosp,2,2026-10-17,13,quantile,0.65,37
2026-10-03,wk inc rsv hosp,2,2026-10-17,13,quantile,0.7,40
2026-10-03,wk inc rsv hosp,2,2026-10-17,13,quantile,0.75,45
2026-10-03,wk inc rsv hosp,2,2026-10-17,13,quantile,0.8,51
2026-10-03,wk inc rsv hosp,2,2026-10-17,13,quantile,0.85,63
2026-10-03,wk inc rsv hosp,2,2026-10-17,13,quantile,0.9,79
2026-10-03,wk inc rsv hosp,2,2026-10-17,13,quantile,0.95,106
2026-10-03,wk inc rsv hosp,2,2026-10-17,13,quantile,0.975,140
2026-10-03,wk inc rsv hosp,2,2026-10-17,13,quantile,0.99,187
2026-10-03,wk inc rsv hosp,2,2026-10-17,15,quantile,0.01,0
2026-10-03,wk inc rsv hosp,2,2026-10-17,15,quantile,0.025,0
2026-10-03,wk inc rsv hosp,2,2026-10-17,15,quantile,0.05,1
2026-10-03,wk inc rsv hosp,2,2026-10-17,15,quantile,0.1,2
2026-10-03,wk inc rsv hosp,2,2026-10-17,15,quantile,0.15,3
2026-10-03,wk inc rsv hosp,2,2026-10-17,15,quantile,0.2,4
2026-10-03,wk inc rsv hosp,2,2026-10-17,15,quantile,0.25,4
2026-10-03,wk inc rsv hosp,2,2026-10-17,15,quantile,0.3,5
2026-10-03,wk inc rsv hosp,2,2026-10-17,15,quantile,0.35,5
2026-10-03,wk inc rsv hosp,2,2026-10-17,15,quantile,0.4,6
2026-10-03,wk inc rsv hosp,2,2026-10-17,15,quantile,0.45,7
2026-10-03,wk inc rsv hosp,2,2026-10-17,15,quantile,0.5,8
2026-10-03,wk inc rsv hosp,2,2026-10-17,15,quantile,0.55,9
2026-10-03,wk inc rsv hosp,2,2026-10-17,15,quantile,0.6,9
2026-10-03,wk inc rsv hosp,2,2026-10-17,15,quantile,0.65,10
2026-10-03,wk inc rsv hosp,2,2026-10-17,15,quantile,0.7,12
2026-10-03,wk inc rsv hosp,2,2026-10-17,15,quantile,0.75,14
2026-10-03,wk inc rsv hosp,2,2026-10-17,15,quantile,0.8,16
2026-10-03,wk inc rsv hosp,2,2026-10-17,15,quantile,0.85,19
2026-10-03,wk inc rsv hosp,2,2026-10-17,15,quantile,0.9,23
2026-10-03,wk inc rsv hosp,2,2026-10-17,15,quantile,0.95,34
2026-10-03,wk inc rsv hosp,2,2026-10-17,15,quantile,0.975,44
2026-10-03,wk inc rsv hosp,2,2026-10-17,15,quantile,0.99,61
2026-10-03,wk inc rsv hosp,2,2026-10-17,16,quantile,0.01,1
2026-10-03,wk inc rsv hosp,2,2026-10-17,16,quantile,0.025,3
2026-10-03,wk inc rsv hosp,2,2026-10-17,16,quantile,0.05,4
2026-10-03,wk inc rsv hosp,2,2026-10-17,16,quantile,0.1,5
2026-10-03,wk inc rsv hosp,2,2026-10-17,16,quantile,0.15,7
2026-10-03,wk inc rsv hosp,2,2026-10-17,16,quantile,0.2,8
2026-10-03,wk inc rsv hosp,2,2026-10-17,16,quantile,0.25,10
2026-10-03,wk inc rsv hosp,2,2026-10-17,16,quantile,0.3,11
2026-10-03,wk inc rsv hosp,2,2026-10-17,16,quantile,0.35,13
2026-10-03,wk inc rsv hosp,2,2026-10-17,16,quantile,0.4,14
2026-10-03,wk inc rsv hosp,2,2026-10-17,16,quantile,0.45,17
2026-10-03,wk inc rsv hosp,2,2026-10-17,16,quantile,0.5,20
2026-10-03,wk inc rsv hosp,2,2026-10-17,16,quantile,0.55,23
2026-10-03,wk inc rsv hosp,2,2026-10-17,16,quantile,0.6,26
2026-10-03,wk inc rsv hosp,2,2026-10-17,16,quantile,0.65,30
2026-10-03,wk inc rsv hosp,2,2026-10-17,16,quantile,0.7,36
2026-10-03,wk inc rsv hosp,2,2026-10-17,16,quantile,0.75,41
2026-10-03,wk inc rsv hosp,2,2026-10-17,16,quantile,0.8,49
2026-10-03,wk inc rsv hosp,2,2026-10-17,16,quantile,0.85,65
2026-10-03,wk inc rsv hosp,2,2026-10-17,16,quantile,0.9,86
2026-10-03,wk inc rsv hosp,2,2026-10-17,16,quantile,0.95,140
2026-10-03,wk inc rsv hosp,2,2026-10-17,16,quantile,0.975,232
2026-10-03,wk inc rsv hosp,2,2026-10-17,16,quantile,0.99,416
2026-10-03,wk inc rsv hosp,2,2026-10-17,17,quantile,0.01,0
2026-10-03,wk inc rsv hosp,2,2026-10-17,17,quantile,0.025,0
2026-10-03,wk inc rsv hosp,2,2026-10-17,17,quantile,0.05,0
2026-10-03,wk inc rsv hosp,2,2026-10-17,17,quantile,0.1,0
2026-10-03,wk inc rsv hosp,2,2026-10-17,17,quantile,0.15,1
2026-10-03,wk inc rsv hosp,2,2026-10-17,17,quantile,0.2,2
2026-10-03,wk inc rsv hosp,2,2026-10-17,17,quantile,0.25,3
2026-10-03,wk inc rsv hosp,2,2026-10-17,17,quantile,0.3,4
2026-10-03,wk inc rsv hosp,2,2026-10-17,17,quantile,0.35,5
2026-10-03,wk inc rsv hosp,2,2026-10-17,17,quantile,0.4,7
2026-10-03,wk inc rsv hosp,2,2026-10-17,17,quantile,0.45,8
2026-10-03,wk inc rsv hosp,2,2026-10-17,17,quantile,0.5,10
2026-10-03,wk inc rsv hosp,2,2026-10-17,17,quantile,0.55,11
2026-10-03,wk inc rsv hosp,2,2026-10-17,17,quantile,0.6,13
2026-10-03,wk inc rsv hosp,2,2026-10-17,17,quantile,0.65,15
2026-10-03,wk inc rsv hosp,2,2026-10-17,17,quantile,0.7,17
2026-10-03,wk inc rsv hosp,2,2026-10-17,17,quantile,0.75,21
2026-10-03,wk inc rsv hosp,2,2026-10-17,17,quantile,0.8,26
2026-10-03,wk inc rsv hosp,2,2026-10-17,17,quantile,0.85,33
2026-10-03,wk inc rsv hosp,2,2026-10-17,17,quantile,0.9,45
2026-10-03,wk inc rsv hosp,2,2026-10-17,17,quantile,0.95,67
2026-10-03,wk inc rsv hosp,2,2026-10-17,17,quantile,0.975,91
2026-10-03,wk inc rsv hosp,2,2026-10-17,17,quantile,0.99,171
2026-10-03,wk inc rsv hosp,2,2026-10-17,18,quantile,0.01,0
2026-10-03,wk inc rsv hosp,2,2026-10-17,18,quantile,0.025,0
2026-10-03,wk inc rsv hosp,2,2026-10-17,18,quantile,0.05,0
2026-10-03,wk inc rsv hosp,2,2026-10-17,18,quantile,0.1,0
2026-10-03,wk inc rsv hosp,2,2026-10-17,18,quantile,0.15,0
2026-10-03,wk inc rsv hosp,2,2026-10-17,18,quantile,0.2,0
2026-10-03,wk inc rsv hosp,2,2026-10-17,18,quantile,0.25,1
2026-10-03,wk inc rsv hosp,2,2026-10-17,18,quantile,0.3,1
2026-10-03,wk inc rsv hosp,2,2026-10-17,18,quantile,0.35,1
2026-10-03,wk inc rsv hosp,2,2026-10-17,18,quantile,0.4,2
2026-10-03,wk inc rsv hosp,2,2026-10-17,18,quantile,0.45,2
2026-10-03,wk inc rsv hosp,2,2026-10-17,18,quantile,0.5,3
2026-10-03,wk inc rsv hosp,2,2026-10-17,18,quantile,0.55,3
2026-10-03,wk inc rsv hosp,2,2026-10-17,18,quantile,0.6,4
2026-10-03,wk inc rsv hosp,2,2026-10-17,18,quantile,0.65,5
2026-10-03,wk inc rsv hosp,2,2026-10-17,18,quantile,0.7,6
2026-10-03,wk inc rsv hosp,2,2026-10-17,18,quantile,0.75,7
2026-10-03,wk inc rsv hosp,2,2026-10-17,18,quantile,0.8,8
2026-10-03,wk inc rsv hosp,2,2026-10-17,18,quantile,0.85,11
2026-10-03,wk inc rsv hosp,2,2026-10-17,18,quantile,0.9,14
2026-10-03,wk inc rsv hosp,2,2026-10-17,18,quantile,0.95,21
2026-10-03,wk inc rsv hosp,2,2026-10-17,18,quantile,0.975,29
2026-10-03,wk inc rsv hosp,2,2026-10-17,18,quantile,0.99,44
2026-10-03,wk inc rsv hosp,2,2026-10-17,19,quantile,0.01,0
2026-10-03,wk inc rsv hosp,2,2026-10-17,19,quantile,0.025,0
2026-10-03,wk inc rsv hosp,2,2026-10-17,19,quantile,0.05,0
2026-10-03,wk inc rsv hosp,2,2026-10-17,19,quantile,0.1,0
2026-10-03,wk inc rsv hosp,2,2026-10-17,19,quantile,0.15,0
2026-10-03,wk inc rsv hosp,2,2026-10-17,19,quantile,0.2,0
2026-10-03,wk inc rsv hosp,2,2026-10-17,19,quantile,0.25,1
2026-10-03,wk inc rsv hosp,2,2026-10-17,19,quantile,0.3,2
2026-10-03,wk inc rsv hosp,2,2026-10-17,19,quantile,0.35,2
2026-10-03,wk inc rsv hosp,2,2026-10-17,19,quantile,0.4,3
2026-10-03,wk inc rsv hosp,2,2026-10-17,19,quantile,0.45,3
2026-10-03,wk inc rsv hosp,2,2026-10-17,19,quantile,0.5,4
2026-10-03,wk inc rsv hosp,2,2026-10-17,19,quantile,0.55,5
2026-10-03,wk inc rsv hosp,2,2026-10-17,19,quantile,0.6,6
2026-10-03,wk inc rsv hosp,2,2026-10-17,19,quantile,0.65,7
2026-10-03,wk inc rsv hosp,2,2026-10-17,19,quantile,0.7,8
2026-10-03,wk inc rsv hosp,2,2026-10-17,19,quantile,0.75,10
2026-10-03,wk inc rsv hosp,2,2026-10-17,19,quantile,0.8,12
2026-10-03,wk inc rsv hosp,2,2026-10-17,19,quantile,0.85,15
2026-10-03,wk inc rsv hosp,2,2026-10-17,19,quantile,0.9,21
2026-10-03,wk inc rsv hosp,2,2026-10-17,19,quantile,0.95,30
2026-10-03,wk inc rsv hosp,2,2026-10-17,19,quantile,0.975,46
2026-10-03,wk inc rsv hosp,2,2026-10-17,19,quantile,0.99,77
2026-10-03,wk inc rsv hosp,2,2026-10-17,20,quantile,0.01,0
2026-10-03,wk inc rsv hosp,2,2026-10-17,20,quantile,0.025,0
2026-10-03,wk inc rsv hosp,2,2026-10-17,20,quantile,0.05,0
2026-10-03,wk inc rsv hosp,2,2026-10-17,20,quantile,0.1,0
2026-10-03,wk inc rsv hosp,2,2026-10-17,20,quantile,0.15,0
2026-10-03,wk inc rsv hosp,2,2026-10-17,20,quantile,0.2,0
2026-10-03,wk inc rsv hosp,2,2026-10-17,20,quantile,0.25,0
2026-10-03,wk inc rsv hosp,2,2026-10-17,20,quantile,0.3,0
2026-10-03,wk inc rsv hosp,2,2026-10-17,20,quantile,0.35,1
2026-10-03,wk inc rsv hosp,2,2026-10-17,20,quantile,0.4,1
2026-10-03,wk inc rsv hosp,2,2026-10-17,20,quantile,0.45,1
2026-10-03,wk inc rsv hosp,2,2026-10-17,20,quantile,0.5,2
2026-10-03,wk inc rsv hosp,2,2026-10-17,20,quantile,0.55,2
2026-10-03,wk inc rsv hosp,2,2026-10-17,20,quantile,0.6,3
2026-10-03,wk inc rsv hosp,2,2026-10-17,20,quantile,0.65,3
2026-10-03,wk inc rsv hosp,2,2026-10-17,20,quantile,0.7,4
2026-10-03,wk inc rsv hosp,2,2026-10-17,20,quantile,0.75,5
2026-10-03,wk inc rsv hosp,2,2026-10-17,20,quantile,0.8,6
2026-10-03,wk inc rsv hosp,2,2026-10-17,20,quantile,0.85,8
2026-10-03,wk inc rsv hosp,2,2026-10-17,20,quantile,0.9,12
2026-10-03,wk inc rsv hosp,2,2026-10-17,20,quantile,0.95,20
2026-10-03,wk inc rsv hosp,2,2026-10-17,20,quantile,0.975,33
2026-10-03,wk inc rsv hosp,2,2026-10-17,20,quantile,0.99,70
2026-10-03,wk inc rsv hosp,2,2026-10-17,21,quantile,0.01,0
2026-10-03,wk inc rsv hosp,2,2026-10-17,21,quantile,0.025,1
2026-10-03,wk inc rsv hosp,2,2026-10-17,21,quantile,0.05,2
2026-10-03,wk inc rsv hosp,2,2026-10-17,21,quantile,0.1,4
2026-10-03,wk inc rsv hosp,2,2026-10-17,21,quantile,0.15,5
2026-10-03,wk inc rsv hosp,2,2026-10-17,21,quantile,0.2,6
2026-10-03,wk inc rsv hosp,2,2026-10-17,21,quantile,0.25,7
2026-10-03,wk inc rsv hosp,2,2026-10-17,21,quantile,0.3,9
2026-10-03,wk inc rsv hosp,2,2026-10-17,21,quantile,0.35,10
2026-10-03,wk inc rsv hosp,2,2026-10-17,21,quantile,0.4,11
2026-10-03,wk inc rsv hosp,2,2026-10-17,21,quantile,0.45,12
2026-10-03,wk inc rsv hosp,2,2026-10-17,21,quantile,0.5,13
2026-10-03,wk inc rsv hosp,2,2026-10-17,21,quantile,0.55,15
2026-10-03,wk inc rsv hosp,2,2026-10-17,21,quantile,0.6,16
2026-10-03,wk inc rsv hosp,2,2026-10-17,21,quantile,0.65,18
2026-10-03,wk inc rsv hosp,2,2026-10-17,21,quantile,0.7,21
2026-10-03,wk inc rsv hosp,2,2026-10-17,21,quantile,0.75,24
2026-10-03,wk inc rsv hosp,2,2026-10-17,21,quantile,0.8,28
2026-10-03,wk inc rsv hosp,2,2026-10-17,21,quantile,0.85,34
2026-10-03,wk inc rsv hosp,2,2026-10-17,21,quantile,0.9,44
2026-10-03,wk inc rsv hosp,2,2026-10-17,21,quantile,0.95,63
2026-10-03,wk inc rsv hosp,2,2026-10-17,21,quantile,0.975,86
2026-10-03,wk inc rsv hosp,2,2026-10-17,21,quantile,0.99,137
2026-10-03,wk inc rsv hosp,2,2026-10-17,22,quantile,0.01,1
2026-10-03,wk inc rsv hosp,2,2026-10-17,22,quantile,0.025,2
2026-10-03,wk inc rsv hosp,2,2026-10-17,22,quantile,0.05,3
2026-10-03,wk inc rsv hosp,2,2026-10-17,22,quantile,0.1,4
2026-10-03,wk inc rsv hosp,2,2026-10-17,22,quantile,0.15,6
2026-10-03,wk inc rsv hosp,2,2026-10-17,22,quantile,0.2,7
2026-10-03,wk inc rsv hosp,2,2026-10-17,22,quantile,0.25,8
2026-10-03,wk inc rsv hosp,2,2026-10-17,22,quantile,0.3,9
2026-10-03,wk inc rsv hosp,2,2026-10-17,22,quantile,0.35,10
2026-10-03,wk inc rsv hosp,2,2026-10-17,22,quantile,0.4,11
2026-10-03,wk inc rsv hosp,2,2026-10-17,22,quantile,0.45,12
2026-10-03,wk inc rsv hosp,2,2026-10-17,22,quantile,0.5,14
2026-10-03,wk inc rsv hosp,2,2026-10-17,22,quantile,0.55,16
2026-10-03,wk inc rsv hosp,2,2026-10-17,22,quantile,0.6,17
2026-10-03,wk inc rsv hosp,2,2026-10-17,22,quantile,0.65,19
2026-10-03,wk inc rsv hosp,2,2026-10-17,22,quantile,0.7,21
2026-10-03,wk inc rsv hosp,2,2026-10-17,22,quantile,0.75,25
2026-10-03,wk inc rsv hosp,2,2026-10-17,22,quantile,0.8,28
2026-10-03,wk inc rsv hosp,2,2026-10-17,22,quantile,0.85,34
2026-10-03,wk inc rsv hosp,2,2026-10-17,22,quantile,0.9,44
2026-10-03,wk inc rsv hosp,2,2026-10-17,22,quantile,0.95,64
2026-10-03,wk inc rsv hosp,2,2026-10-17,22,quantile,0.975,87
2026-10-03,wk inc rsv hosp,2,2026-10-17,22,quantile,0.99,123
2026-10-03,wk inc rsv hosp,2,2026-10-17,23,quantile,0.01,0
2026-10-03,wk inc rsv hosp,2,2026-10-17,23,quantile,0.025,0
2026-10-03,wk inc rsv hosp,2,2026-10-17,23,quantile,0.05,0
2026-10-03,wk inc rsv hosp,2,2026-10-17,23,quantile,0.1,0
2026-10-03,wk inc rsv hosp,2,2026-10-17,23,quantile,0.15,0
2026-10-03,wk inc rsv hosp,2,2026-10-17,23,quantile,0.2,0
2026-10-03,wk inc rsv hosp,2,2026-10-17,23,quantile,0.25,0
2026-10-03,wk inc rsv hosp,2,2026-10-17,23,quantile,0.3,0
2026-10-03,wk inc rsv hosp,2,2026-10-17,23,quantile,0.35,0
2026-10-03,wk inc rsv hosp,2,2026-10-17,23,quantile,0.4,0
2026-10-03,wk inc rsv hosp,2,2026-10-17,23,quantile,0.45,0
2026-10-03,wk inc rsv hosp,2,2026-10-17,23,quantile,0.5,0
2026-10-03,wk inc rsv hosp,2,2026-10-17,23,quantile,0.55,0
2026-10-03,wk inc rsv hosp,2,2026-10-17,23,quantile,0.6,0
2026-10-03,wk inc rsv hosp,2,2026-10-17,23,quantile,0.65,0
2026-10-03,wk inc rsv hosp,2,2026-10-17,23,quantile,0.7,0
2026-10-03,wk inc rsv hosp,2,2026-10-17,23,quantile,0.75,0
2026-10-03,wk inc rsv hosp,2,2026-10-17,23,quantile,0.8,0
2026-10-03,wk inc rsv hosp,2,2026-10-17,23,quantile,0.85,0
2026-10-03,wk inc rsv hosp,2,2026-10-17,23,quantile,0.9,0
2026-10-03,wk inc rsv hosp,2,2026-10-17,23,quantile,0.95,0
2026-10-03,wk inc rsv hosp,2,2026-10-17,23,quantile,0.975,1
2026-10-03,wk inc rsv hosp,2,2026-10-17,23,quantile,0.99,3
2026-10-03,wk inc rsv hosp,2,2026-10-17,24,quantile,0.01,0
2026-10-03,wk inc rsv hosp,2,2026-10-17,24,quantile,0.025,0
2026-10-03,wk inc rsv hosp,2,2026-10-17,24,quantile,0.05,0
2026-10-03,wk inc rsv hosp,2,2026-10-17,24,quantile,0.1,0
2026-10-03,wk inc rsv hosp,2,2026-10-17,24,quantile,0.15,0
2026-10-03,wk inc rsv hosp,2,2026-10-17,24,quantile,0.2,0
2026-10-03,wk inc rsv hosp,2,2026-10-17,24,quantile,0.25,0
2026-10-03,wk inc rsv hosp,2,2026-10-17,24,quantile,0.3,0
2026-10-03,wk inc rsv hosp,2,2026-10-17,24,quantile,0.35,0
2026-10-03,wk inc rsv hosp,2,2026-10-17,24,quantile,0.4,0
2026-10-03,wk inc rsv hosp,2,2026-10-17,24,quantile,0.45,1
2026-10-03,wk inc rsv hosp,2,2026-10-17,24,quantile,0.5,1
2026-10-03,wk inc rsv hosp,2,2026-10-17,24,quantile,0.55,2
2026-10-03,wk inc rsv hosp,2,2026-10-17,24,quantile,0.6,3
2026-10-03,wk inc rsv hosp,2,2026-10-17,24,quantile,0.65,3
2026-10-03,wk inc rsv hosp,2,2026-10-17,24,quantile,0.7,4
2026-10-03,wk inc rsv hosp,2,2026-10-17,24,quantile,0.75,5
2026-10-03,wk inc rsv hosp,2,2026-10-17,24,quantile,0.8,7
2026-10-03,wk inc rsv hosp,2,2026-10-17,24,quantile,0.85,9
2026-10-03,wk inc rsv hosp,2,2026-10-17,24,quantile,0.9,13
2026-10-03,wk inc rsv hosp,2,2026-10-17,24,quantile,0.95,25
2026-10-03,wk inc rsv hosp,2,2026-10-17,24,quantile,0.975,38
2026-10-03,wk inc rsv hosp,2,2026-10-17,24,quantile,0.99,57
2026-10-03,wk inc rsv hosp,2,2026-10-17,25,quantile,0.01,0
2026-10-03,wk inc rsv hosp,2,2026-10-17,25,quantile,0.025,0
2026-10-03,wk inc rsv hosp,2,2026-10-17,25,quantile,0.05,0
2026-10-03,wk inc rsv hosp,2,2026-10-17,25,quantile,0.1,0
2026-10-03,wk inc rsv hosp,2,2026-10-17,25,quantile,0.15,0
2026-10-03,wk inc rsv hosp,2,2026-10-17,25,quantile,0.2,1
2026-10-03,wk inc rsv hosp,2,2026-10-17,25,quantile,0.25,1
2026-10-03,wk inc rsv hosp,2,2026-10-17,25,quantile,0.3,2
2026-10-03,wk inc rsv hosp,2,2026-10-17,25,quantile,0.35,2
2026-10-03,wk inc rsv hosp,2,2026-10-17,25,quantile,0.4,3
2026-10-03,wk inc rsv hosp,2,2026-10-17,25,quantile,0.45,4
2026-10-03,wk inc rsv hosp,2,2026-10-17,25,quantile,0.5,4
2026-10-03,wk inc rsv hosp,2,2026-10-17,25,quantile,0.55,5
2026-10-03,wk inc rsv hosp,2,2026-10-17,25,quantile,0.6,6
2026-10-03,wk inc rsv hosp,2,2026-10-17,25,quantile,0.65,6
2026-10-03,wk inc rsv hosp,2,2026-10-17,25,quantile,0.7,8
2026-10-03,wk inc rsv hosp,2,2026-10-17,25,quantile,0.75,9
2026-10-03,wk inc rsv hosp,2,2026-10-17,25,quantile,0.8,11
2026-10-03,wk inc rsv hosp,2,2026-10-17,25,quantile,0.85,14
2026-10-03,wk inc rsv hosp,2,2026-10-17,25,quantile,0.9,19
2026-10-03,wk inc rsv hosp,2,2026-10-17,25,quantile,0.95,28
2026-10-03,wk inc rsv hosp,2,2026-10-17,25,quantile,0.975,42
2026-10-03,wk inc rsv hosp,2,2026-10-17,25,quantile,0.99,82
2026-10-03,wk inc rsv hosp,2,2026-10-17,26,quantile,0.01,0
2026-10-03,wk inc rsv hosp,2,2026-10-17,26,quantile,0.025,0
2026-10-03,wk inc rsv hosp,2,2026-10-17,26,quantile,0.05,0
2026-10-03,wk inc rsv hosp,2,2026-10-17,26,quantile,0.1,0
2026-10-03,wk inc rsv hosp,2,2026-10-17,26,quantile,0.15,0
2026-10-03,wk inc rsv hosp,2,2026-10-17,26,quantile,0.2,0
2026-10-03,wk inc rsv hosp,2,2026-10-17,26,quantile,0.25,0
2026-10-03,wk inc rsv hosp,2,2026-10-17,26,quantile,0.3,0
2026-10-03,wk inc rsv hosp,2,2026-10-17,26,quantile,0.35,0
2026-10-03,wk inc rsv hosp,2,2026-10-17,26,quantile,0.4,4
2026-10-03,wk inc rsv hosp,2,2026-10-17,26,quantile,0.45,9
2026-10-03,wk inc rsv hosp,2,2026-10-17,26,quantile,0.5,14
2026-10-03,wk inc rsv hosp,2,2026-10-17,26,quantile,0.55,23
2026-10-03,wk inc rsv hosp,2,2026-10-17,26,quantile,0.6,36
2026-10-03,wk inc rsv hosp,2,2026-10-17,26,quantile,0.65,59
2026-10-03,wk inc rsv hosp,2,2026-10-17,26,quantile,0.7,92
2026-10-03,wk inc rsv hosp,2,2026-10-17,26,quantile,0.75,143
2026-10-03,wk inc rsv hosp,2,2026-10-17,26,quantile,0.8,235
2026-10-03,wk inc rsv hosp,2,2026-10-17,26,quantile,0.85,384
2026-10-03,wk inc rsv hosp,2,2026-10-17,26,quantile,0.9,721
2026-10-03,wk inc rsv hosp,2,2026-10-17,26,quantile,0.95,1468
2026-10-03,wk inc rsv hosp,2,2026-10-17,26,quantile,0.975,2308
2026-10-03,wk inc rsv hosp,2,2026-10-17,26,quantile,0.99,2946
2026-10-03,wk inc rsv hosp,2,2026-10-17,27,quantile,0.01,0
2026-10-03,wk inc rsv hosp,2,2026-10-17,27,quantile,0.025,0
2026-10-03,wk inc rsv hosp,2,2026-10-17,27,quantile,0.05,0
2026-10-03,wk inc rsv hosp,2,2026-10-17,27,quantile,0.1,0
2026-10-03,wk inc rsv hosp,2,2026-10-17,27,quantile,0.15,0
2026-10-03,wk inc rsv hosp,2,2026-10-17,27,quantile,0.2,0
2026-10-03,wk inc rsv hosp,2,2026-10-17,27,quantile,0.25,0
2026-10-03,wk inc rsv hosp,2,2026-10-17,27,quantile,0.3,0
2026-10-03,wk inc rsv hosp,2,2026-10-17,27,quantile,0.35,0
2026-10-03,wk inc rsv hosp,2,2026-10-17,27,quantile,0.4,0
2026-10-03,wk inc rsv hosp,2,2026-10-17,27,quantile,0.45,1
2026-10-03,wk inc rsv hosp,2,2026-10-17,27,quantile,0.5,1
2026-10-03,wk inc rsv hosp,2,2026-10-17,27,quantile,0.55,1
2026-10-03,wk inc rsv hosp,2,2026-10-17,27,quantile,0.6,1
2026-10-03,wk inc rsv hosp,2,2026-10-17,27,quantile,0.65,1
2026-10-03,wk inc rsv hosp,2,2026-10-17,27,quantile,0.7,1
2026-10-03,wk inc rsv hosp,2,2026-10-17,27,quantile,0.75,2
2026-10-03,wk inc rsv hosp,2,2026-10-17,27,quantile,0.8,2
2026-10-03,wk inc rsv hosp,2,2026-10-17,27,quantile,0.85,3
2026-10-03,wk inc rsv hosp,2,2026-10-17,27,quantile,0.9,4
2026-10-03,wk inc rsv hosp,2,2026-10-17,27,quantile,0.95,5
2026-10-03,wk inc rsv hosp,2,2026-10-17,27,quantile,0.975,7
2026-10-03,wk inc rsv hosp,2,2026-10-17,27,quantile,0.99,11
2026-10-03,wk inc rsv hosp,2,2026-10-17,28,quantile,0.01,0
2026-10-03,wk inc rsv hosp,2,2026-10-17,28,quantile,0.025,0
2026-10-03,wk inc rsv hosp,2,2026-10-17,28,quantile,0.05,0
2026-10-03,wk inc rsv hosp,2,2026-10-17,28,quantile,0.1,1
2026-10-03,wk inc rsv hosp,2,2026-10-17,28,quantile,0.15,2
2026-10-03,wk inc rsv hosp,2,2026-10-17,28,quantile,0.2,3
2026-10-03,wk inc rsv hosp,2,2026-10-17,28,quantile,0.25,4
2026-10-03,wk inc rsv hosp,2,2026-10-17,28,quantile,0.3,5
2026-10-03,wk inc rsv hosp,2,2026-10-17,28,quantile,0.35,6
2026-10-03,wk inc rsv hosp,2,2026-10-17,28,quantile,0.4,6
2026-10-03,wk inc rsv hosp,2,2026-10-17,28,quantile,0.45,7
2026-10-03,wk inc rsv hosp,2,2026-10-17,28,quantile,0.5,8
2026-10-03,wk inc rsv hosp,2,2026-10-17,28,quantile,0.55,9
2026-10-03,wk inc rsv hosp,2,2026-10-17,28,quantile,0.6,10
2026-10-03,wk inc rsv hosp,2,2026-10-17,28,quantile,0.65,12
2026-10-03,wk inc rsv hosp,2,2026-10-17,28,quantile,0.7,14
2026-10-03,wk inc rsv hosp,2,2026-10-17,28,quantile,0.75,15
2026-10-03,wk inc rsv hosp,2,2026-10-17,28,quantile,0.8,18
2026-10-03,wk inc rsv hosp,2,2026-10-17,28,quantile,0.85,22
2026-10-03,wk inc rsv hosp,2,2026-10-17,28,quantile,0.9,28
2026-10-03,wk inc rsv hosp,2,2026-10-17,28,quantile,0.95,42
2026-10-03,wk inc rsv hosp,2,2026-10-17,28,quantile,0.975,56
2026-10-03,wk inc rsv hosp,2,2026-10-17,28,quantile,0.99,94
2026-10-03,wk inc rsv hosp,2,2026-10-17,29,quantile,0.01,0
2026-10-03,wk inc rsv hosp,2,2026-10-17,29,quantile,0.025,0
2026-10-03,wk inc rsv hosp,2,2026-10-17,29,quantile,0.05,0
2026-10-03,wk inc rsv hosp,2,2026-10-17,29,quantile,0.1,0
2026-10-03,wk inc rsv hosp,2,2026-10-17,29,quantile,0.15,1
2026-10-03,wk inc rsv hosp,2,2026-10-17,29,quantile,0.2,1
2026-10-03,wk inc rsv hosp,2,2026-10-17,29,quantile,0.25,2
2026-10-03,wk inc rsv hosp,2,2026-10-17,29,quantile,0.3,2
2026-10-03,wk inc rsv hosp,2,2026-10-17,29,quantile,0.35,3
2026-10-03,wk inc rsv hosp,2,2026-10-17,29,quantile,0.4,3
2026-10-03,wk inc rsv hosp,2,2026-10-17,29,quantile,0.45,4
2026-10-03,wk inc rsv hosp,2,2026-10-17,29,quantile,0.5,4
2026-10-03,wk inc rsv hosp,2,2026-10-17,29,quantile,0.55,5
2026-10-03,wk inc rsv hosp,2,2026-10-17,29,quantile,0.6,6
2026-10-03,wk inc rsv hosp,2,2026-10-17,29,quantile,0.65,6
2026-10-03,wk inc rsv hosp,2,2026-10-17,29,quantile,0.7,7
2026-10-03,wk inc rsv hosp,2,2026-10-17,29,quantile,0.75,9
2026-10-03,wk inc rsv hosp,2,2026-10-17,29,quantile,0.8,10
2026-10-03,wk inc rsv hosp,2,2026-10-17,29,quantile,0.85,13
2026-10-03,wk inc rsv hosp,2,2026-10-17,29,quantile,0.9,18
2026-10-03,wk inc rsv hosp,2,2026-10-17,29,quantile,0.95,29
2026-10-03,wk inc rsv hosp,2,2026-10-17,29,quantile,0.975,43
2026-10-03,wk inc rsv hosp,2,2026-10-17,29,quantile,0.99,68
2026-10-03,wk inc rsv hosp,2,2026-10-17,30,quantile,0.01,0
2026-10-03,wk inc rsv hosp,2,2026-10-17,30,quantile,0.025,0
2026-10-03,wk inc rsv hosp,2,2026-10-17,30,quantile,0.05,0
2026-10-03,wk inc rsv hosp,2,2026-10-17,30,quantile,0.1,0
2026-10-03,wk inc rsv hosp,2,2026-10-17,30,quantile,0.15,0
2026-10-03,wk inc rsv hosp,2,2026-10-17,30,quantile,0.2,0
2026-10-03,wk inc rsv hosp,2,2026-10-17,30,quantile,0.25,0
2026-10-03,wk inc rsv hosp,2,2026-10-17,30,quantile,0.3,0
2026-10-03,wk inc rsv hosp,2,2026-10-17,30,quantile,0.35,0
2026-10-03,wk inc rsv hosp,2,2026-10-17,30,quantile,0.4,0
2026-10-03,wk inc rsv hosp,2,2026-10-17,30,quantile,0.45,0
2026-10-03,wk inc rsv hosp,2,2026-10-17,30,quantile,0.5,0
2026-10-03,wk inc rsv hosp,2,2026-10-17,30,quantile,0.55,0
2026-10-03,wk inc rsv hosp,2,2026-10-17,30,quantile,0.6,0
2026-10-03,wk inc rsv hosp,2,2026-10-17,30,quantile,0.65,0
2026-10-03,wk inc rsv hosp,2,2026-10-17,30,quantile,0.7,1
2026-10-03,wk inc rsv hosp,2,2026-10-17,30,quantile,0.75,1
2026-10-03,wk inc rsv hosp,2,2026-10-17,30,quantile,0.8,1
2026-10-03,wk inc rsv hosp,2,2026-10-17,30,quantile,0.85,2
2026-10-03,wk inc rsv hosp,2,2026-10-17,30,quantile,0.9,3
2026-10-03,wk inc rsv hosp,2,2026-10-17,30,quantile,0.95,6
2026-10-03,wk inc rsv hosp,2,2026-10-17,30,quantile,0.975,11
2026-10-03,wk inc rsv hosp,2,2026-10-17,30,quantile,0.99,17
2026-10-03,wk inc rsv hosp,2,2026-10-17,31,quantile,0.01,0
2026-10-03,wk inc rsv hosp,2,2026-10-17,31,quantile,0.025,0
2026-10-03,wk inc rsv hosp,2,2026-10-17,31,quantile,0.05,0
2026-10-03,wk inc rsv hosp,2,2026-10-17,31,quantile,0.1,0
2026-10-03,wk inc rsv hosp,2,2026-10-17,31,quantile,0.15,0
2026-10-03,wk inc rsv hosp,2,2026-10-17,31,quantile,0.2,0
2026-10-03,wk inc rsv hosp,2,2026-10-17,31,quantile,0.25,1
2026-10-03,wk inc rsv hosp,2,2026-10-17,31,quantile,0.3,1
2026-10-03,wk inc rsv hosp,2,2026-10-17,31,quantile,0.35,1
2026-10-03,wk inc rsv hosp,2,2026-10-17,31,quantile,0.4,2
2026-10-03,wk inc rsv hosp,2,2026-10-17,31,quantile,0.45,2
2026-10-03,wk inc rsv hosp,2,2026-10-17,31,quantile,0.5,2
2026-10-03,wk inc rsv hosp,2,2026-10-17,31,quantile,0.55,3
2026-10-03,wk inc rsv hosp,2,2026-10-17,31,quantile,0.6,4
2026-10-03,wk inc rsv hosp,2,2026-10-17,31,quantile,0.65,4
2026-10-03,wk inc rsv hosp,2,2026-10-17,31,quantile,0.7,5
2026-10-03,wk inc rsv hosp,2,2026-10-17,31,quantile,0.75,6
2026-10-03,wk inc rsv hosp,2,2026-10-17,31,quantile,0.8,8
2026-10-03,wk inc rsv hosp,2,2026-10-17,31,quantile,0.85,10
2026-10-03,wk inc rsv hosp,2,2026-10-17,31,quantile,0.9,15
2026-10-03,wk inc rsv hosp,2,2026-10-17,31,quantile,0.95,25
2026-10-03,wk inc rsv hosp,2,2026-10-17,31,quantile,0.975,37
2026-10-03,wk inc rsv hosp,2,2026-10-17,31,quantile,0.99,59
2026-10-03,wk inc rsv hosp,2,2026-10-17,32,quantile,0.01,0
2026-10-03,wk inc rsv hosp,2,2026-10-17,32,quantile,0.025,0
2026-10-03,wk inc rsv hosp,2,2026-10-17,32,quantile,0.05,0
2026-10-03,wk inc rsv hosp,2,2026-10-17,32,quantile,0.1,0
2026-10-03,wk inc rsv hosp,2,2026-10-17,32,quantile,0.15,1
2026-10-03,wk inc rsv hosp,2,2026-10-17,32,quantile,0.2,1
2026-10-03,wk inc rsv hosp,2,2026-10-17,32,quantile,0.25,2
2026-10-03,wk inc rsv hosp,2,2026-10-17,32,quantile,0.3,2
2026-10-03,wk inc rsv hosp,2,2026-10-17,32,quantile,0.35,2
2026-10-03,wk inc rsv hosp,2,2026-10-17,32,quantile,0.4,3
2026-10-03,wk inc rsv hosp,2,2026-10-17,32,quantile,0.45,3
2026-10-03,wk inc rsv hosp,2,2026-10-17,32,quantile,0.5,4
2026-10-03,wk inc rsv hosp,2,2026-10-17,32,quantile,0.55,4
2026-10-03,wk inc rsv hosp,2,2026-10-17,32,quantile,0.6,5
2026-10-03,wk inc rsv hosp,2,2026-10-17,32,quantile,0.65,5
2026-10-03,wk inc rsv hosp,2,2026-10-17,32,quantile,0.7,6
2026-10-03,wk inc rsv hosp,2,2026-10-17,32,quantile,0.75,7
2026-10-03,wk inc rsv hosp,2,2026-10-17,32,quantile,0.8,8
2026-10-03,wk inc rsv hosp,2,2026-10-17,32,quantile,0.85,10
2026-10-03,wk inc rsv hosp,2,2026-10-17,32,quantile,0.9,14
2026-10-03,wk inc rsv hosp,2,2026-10-17,32,quantile,0.95,22
2026-10-03,wk inc rsv hosp,2,2026-10-17,32,quantile,0.975,34
2026-10-03,wk inc rsv hosp,2,2026-10-17,32,quantile,0.99,49
2026-10-03,wk inc rsv hosp,2,2026-10-17,33,quantile,0.01,0
2026-10-03,wk inc rsv hosp,2,2026-10-17,33,quantile,0.025,0
2026-10-03,wk inc rsv hosp,2,2026-10-17,33,quantile,0.05,0
2026-10-03,wk inc rsv hosp,2,2026-10-17,33,quantile,0.1,0
2026-10-03,wk inc rsv hosp,2,2026-10-17,33,quantile,0.15,0
2026-10-03,wk inc rsv hosp,2,2026-10-17,33,quantile,0.2,0
2026-10-03,wk inc rsv hosp,2,2026-10-17,33,quantile,0.25,0
2026-10-03,wk inc rsv hosp,2,2026-10-17,33,quantile,0.3,0
2026-10-03,wk inc rsv hosp,2,2026-10-17,33,quantile,0.35,0
2026-10-03,wk inc rsv hosp,2,2026-10-17,33,quantile,0.4,0
2026-10-03,wk inc rsv hosp,2,2026-10-17,33,quantile,0.45,0
2026-10-03,wk inc rsv hosp,2,2026-10-17,33,quantile,0.5,0
2026-10-03,wk inc rsv hosp,2,2026-10-17,33,quantile,0.55,0
2026-10-03,wk inc rsv hosp,2,2026-10-17,33,quantile,0.6,0
2026-10-03,wk inc rsv hosp,2,2026-10-17,33,quantile,0.65,0
2026-10-03,wk inc rsv hosp,2,2026-10-17,33,quantile,0.7,1
2026-10-03,wk inc rsv hosp,2,2026-10-17,33,quantile,0.75,1
2026-10-03,wk inc rsv hosp,2,2026-10-17,33,quantile,0.8,2
2026-10-03,wk inc rsv hosp,2,2026-10-17,33,quantile,0.85,2
2026-10-03,wk inc rsv hosp,2,2026-10-17,33,quantile,0.9,4
2026-10-03,wk inc rsv hosp,2,2026-10-17,33,quantile,0.95,8
2026-10-03,wk inc rsv hosp,2,2026-10-17,33,quantile,0.975,14
2026-10-03,wk inc rsv hosp,2,2026-10-17,33,quantile,0.99,29
2026-10-03,wk inc rsv hosp,2,2026-10-17,34,quantile,0.01,0
2026-10-03,wk inc rsv hosp,2,2026-10-17,34,quantile,0.025,1
2026-10-03,wk inc rsv hosp,2,2026-10-17,34,quantile,0.05,3
2026-10-03,wk inc rsv hosp,2,2026-10-17,34,quantile,0.1,4
2026-10-03,wk inc rsv hosp,2,2026-10-17,34,quantile,0.15,6
2026-10-03,wk inc rsv hosp,2,2026-10-17,34,quantile,0.2,7
2026-10-03,wk inc rsv hosp,2,2026-10-17,34,quantile,0.25,8
2026-10-03,wk inc rsv hosp,2,2026-10-17,34,quantile,0.3,9
2026-10-03,wk inc rsv hosp,2,2026-10-17,34,quantile,0.35,10
2026-10-03,wk inc rsv hosp,2,2026-10-17,34,quantile,0.4,11
2026-10-03,wk inc rsv hosp,2,2026-10-17,34,quantile,0.45,13
2026-10-03,wk inc rsv hosp,2,2026-10-17,34,quantile,0.5,14
2026-10-03,wk inc rsv hosp,2,2026-10-17,34,quantile,0.55,16
2026-10-03,wk inc rsv hosp,2,2026-10-17,34,quantile,0.6,18
2026-10-03,wk inc rsv hosp,2,2026-10-17,34,quantile,0.65,20
2026-10-03,wk inc rsv hosp,2,2026-10-17,34,quantile,0.7,22
2026-10-03,wk inc rsv hosp,2,2026-10-17,34,quantile,0.75,25
2026-10-03,wk inc rsv hosp,2,2026-10-17,34,quantile,0.8,30
2026-10-03,wk inc rsv hosp,2,2026-10-17,34,quantile,0.85,35
2026-10-03,wk inc rsv hosp,2,2026-10-17,34,quantile,0.9,43
2026-10-03,wk inc rsv hosp,2,2026-10-17,34,quantile,0.95,66
2026-10-03,wk inc rsv hosp,2,2026-10-17,34,quantile,0.975,88
2026-10-03,wk inc rsv hosp,2,2026-10-17,34,quantile,0.99,128
2026-10-03,wk inc rsv hosp,2,2026-10-17,35,quantile,0.01,0
2026-10-03,wk inc rsv hosp,2,2026-10-17,35,quantile,0.025,0
2026-10-03,wk inc rsv hosp,2,2026-10-17,35,quantile,0.05,0
2026-10-03,wk inc rsv hosp,2,2026-10-17,35,quantile,0.1,0
2026-10-03,wk inc rsv hosp,2,2026-10-17,35,quantile,0.15,0
2026-10-03,wk inc rsv hosp,2,2026-10-17,35,quantile,0.2,0
2026-10-03,wk inc rsv hosp,2,2026-10-17,35,quantile,0.25,1
2026-10-03,wk inc rsv hosp,2,2026-10-17,35,quantile,0.3,1
2026-10-03,wk inc rsv hosp,2,2026-10-17,35,quantile,0.35,1
2026-10-03,wk inc rsv hosp,2,2026-10-17,35,quantile,0.4,1
2026-10-03,wk inc rsv hosp,2,2026-10-17,35,quantile,0.45,2
2026-10-03,wk inc rsv hosp,2,2026-10-17,35,quantile,0.5,2
2026-10-03,wk inc rsv hosp,2,2026-10-17,35,quantile,0.55,2
2026-10-03,wk inc rsv hosp,2,2026-10-17,35,quantile,0.6,3
2026-10-03,wk inc rsv hosp,2,2026-10-17,35,quantile,0.65,3
2026-10-03,wk inc rsv hosp,2,2026-10-17,35,quantile,0.7,4
2026-10-03,wk inc rsv hosp,2,2026-10-17,35,quantile,0.75,4
2026-10-03,wk inc rsv hosp,2,2026-10-17,35,quantile,0.8,5
2026-10-03,wk inc rsv hosp,2,2026-10-17,35,quantile,0.85,6
2026-10-03,wk inc rsv hosp,2,2026-10-17,35,quantile,0.9,9
2026-10-03,wk inc rsv hosp,2,2026-10-17,35,quantile,0.95,14
2026-10-03,wk inc rsv hosp,2,2026-10-17,35,quantile,0.975,24
2026-10-03,wk inc rsv hosp,2,2026-10-17,35,quantile,0.99,42
2026-10-03,wk inc rsv hosp,2,2026-10-17,36,quantile,0.01,0
2026-10-03,wk inc rsv hosp,2,2026-10-17,36,quantile,0.025,0
2026-10-03,wk inc rsv hosp,2,2026-10-17,36,quantile,0.05,1
2026-10-03,wk inc rsv hosp,2,2026-10-17,36,quantile,0.1,6
2026-10-03,wk inc rsv hosp,2,2026-10-17,36,quantile,0.15,10
2026-10-03,wk inc rsv hosp,2,2026-10-17,36,quantile,0.2,12
2026-10-03,wk inc rsv hosp,2,2026-10-17,36,quantile,0.25,15
2026-10-03,wk inc rsv hosp,2,2026-10-17,36,quantile,0.3,17
2026-10-03,wk inc rsv hosp,2,2026-10-17,36,quantile,0.35,20
2026-10-03,wk inc rsv hosp,2,2026-10-17,36,quantile,0.4,22
2026-10-03,wk inc rsv hosp,2,2026-10-17,36,quantile,0.45,25
2026-10-03,wk inc rsv hosp,2,2026-10-17,36,quantile,0.5,27
2026-10-03,wk inc rsv hosp,2,2026-10-17,36,quantile,0.55,30
2026-10-03,wk inc rsv hosp,2,2026-10-17,36,quantile,0.6,34
2026-10-03,wk inc rsv hosp,2,2026-10-17,36,quantile,0.65,38
2026-10-03,wk inc rsv hosp,2,2026-10-17,36,quantile,0.7,42
2026-10-03,wk inc rsv hosp,2,2026-10-17,36,quantile,0.75,47
2026-10-03,wk inc rsv hosp,2,2026-10-17,36,quantile,0.8,54
2026-10-03,wk inc rsv hosp,2,2026-10-17,36,quantile,0.85,63
2026-10-03,wk inc rsv hosp,2,2026-10-17,36,quantile,0.9,81
2026-10-03,wk inc rsv hosp,2,2026-10-17,36,quantile,0.95,127
2026-10-03,wk inc rsv hosp,2,2026-10-17,36,quantile,0.975,180
2026-10-03,wk inc rsv hosp,2,2026-10-17,36,quantile,0.99,255
2026-10-03,wk inc rsv hosp,2,2026-10-17,37,quantile,0.01,0
2026-10-03,wk inc rsv hosp,2,2026-10-17,37,quantile,0.025,0
2026-10-03,wk inc rsv hosp,2,2026-10-17,37,quantile,0.05,0
2026-10-03,wk inc rsv hosp,2,2026-10-17,37,quantile,0.1,0
2026-10-03,wk inc rsv hosp,2,2026-10-17,37,quantile,0.15,1
2026-10-03,wk inc rsv hosp,2,2026-10-17,37,quantile,0.2,2
2026-10-03,wk inc rsv hosp,2,2026-10-17,37,quantile,0.25,3
2026-10-03,wk inc rsv hosp,2,2026-10-17,37,quantile,0.3,4
2026-10-03,wk inc rsv hosp,2,2026-10-17,37,quantile,0.35,5
2026-10-03,wk inc rsv hosp,2,2026-10-17,37,quantile,0.4,6
2026-10-03,wk inc rsv hosp,2,2026-10-17,37,quantile,0.45,7
2026-10-03,wk inc rsv hosp,2,2026-10-17,37,quantile,0.5,8
2026-10-03,wk inc rsv hosp,2,2026-10-17,37,quantile,0.55,9
2026-10-03,wk inc rsv hosp,2,2026-10-17,37,quantile,0.6,10
2026-10-03,wk inc rsv hosp,2,2026-10-17,37,quantile,0.65,12
2026-10-03,wk inc rsv hosp,2,2026-10-17,37,quantile,0.7,13
2026-10-03,wk inc rsv hosp,2,2026-10-17,37,quantile,0.75,16
2026-10-03,wk inc rsv hosp,2,2026-10-17,37,quantile,0.8,18
2026-10-03,wk inc rsv hosp,2,2026-10-17,37,quantile,0.85,23
2026-10-03,wk inc rsv hosp,2,2026-10-17,37,quantile,0.9,29
2026-10-03,wk inc rsv hosp,2,2026-10-17,37,quantile,0.95,42
2026-10-03,wk inc rsv hosp,2,2026-10-17,37,quantile,0.975,62
2026-10-03,wk inc rsv hosp,2,2026-10-17,37,quantile,0.99,89
2026-10-03,wk inc rsv hosp,2,2026-10-17,38,quantile,0.01,0
2026-10-03,wk inc rsv hosp,2,2026-10-17,38,quantile,0.025,0
2026-10-03,wk inc rsv hosp,2,2026-10-17,38,quantile,0.05,0
2026-10-03,wk inc rsv hosp,2,2026-10-17,38,quantile,0.1,0
2026-10-03,wk inc rsv hosp,2,2026-10-17,38,quantile,0.15,0
2026-10-03,wk inc rsv hosp,2,2026-10-17,38,quantile,0.2,0
2026-10-03,wk inc rsv hosp,2,2026-10-17,38,quantile,0.25,0
2026-10-03,wk inc rsv hosp,2,2026-10-17,38,quantile,0.3,0
2026-10-03,wk inc rsv hosp,2,2026-10-17,38,quantile,0.35,0
2026-10-03,wk inc rsv hosp,2,2026-10-17,38,quantile,0.4,0
2026-10-03,wk inc rsv hosp,2,2026-10-17,38,quantile,0.45,0
2026-10-03,wk inc rsv hosp,2,2026-10-17,38,quantile,0.5,0
2026-10-03,wk inc rsv hosp,2,2026-10-17,38,quantile,0.55,0
2026-10-03,wk inc rsv hosp,2,2026-10-17,38,quantile,0.6,0
2026-10-03,wk inc rsv hosp,2,2026-10-17,38,quantile,0.65,0
2026-10-03,wk inc rsv hosp,2,2026-10-17,38,quantile,0.7,0
2026-10-03,wk inc rsv hosp,2,2026-10-17,38,quantile,0.75,0
2026-10-03,wk inc rsv hosp,2,2026-10-17,38,quantile,0.8,1
2026-10-03,wk inc rsv hosp,2,2026-10-17,38,quantile,0.85,1
2026-10-03,wk inc rsv hosp,2,2026-10-17,38,quantile,0.9,3
2026-10-03,wk inc rsv hosp,2,2026-10-17,38,quantile,0.95,6
2026-10-03,wk inc rsv hosp,2,2026-10-17,38,quantile,0.975,11
2026-10-03,wk inc rsv hosp,2,2026-10-17,38,quantile,0.99,17
2026-10-03,wk inc rsv hosp,2,2026-10-17,39,quantile,0.01,0
2026-10-03,wk inc rsv hosp,2,2026-10-17,39,quantile,0.025,1
2026-10-03,wk inc rsv hosp,2,2026-10-17,39,quantile,0.05,2
2026-10-03,wk inc rsv hosp,2,2026-10-17,39,quantile,0.1,4
2026-10-03,wk inc rsv hosp,2,2026-10-17,39,quantile,0.15,5
2026-10-03,wk inc rsv hosp,2,2026-10-17,39,quantile,0.2,6
2026-10-03,wk inc rsv hosp,2,2026-10-17,39,quantile,0.25,7
2026-10-03,wk inc rsv hosp,2,2026-10-17,39,quantile,0.3,7
2026-10-03,wk inc rsv hosp,2,2026-10-17,39,quantile,0.35,8
2026-10-03,wk inc rsv hosp,2,2026-10-17,39,quantile,0.4,9
2026-10-03,wk inc rsv hosp,2,2026-10-17,39,quantile,0.45,11
2026-10-03,wk inc rsv hosp,2,2026-10-17,39,quantile,0.5,12
2026-10-03,wk inc rsv hosp,2,2026-10-17,39,quantile,0.55,13
2026-10-03,wk inc rsv hosp,2,2026-10-17,39,quantile,0.6,14
2026-10-03,wk inc rsv hosp,2,2026-10-17,39,quantile,0.65,16
2026-10-03,wk inc rsv hosp,2,2026-10-17,39,quantile,0.7,18
2026-10-03,wk inc rsv hosp,2,2026-10-17,39,quantile,0.75,21
2026-10-03,wk inc rsv hosp,2,2026-10-17,39,quantile,0.8,25
2026-10-03,wk inc rsv hosp,2,2026-10-17,39,quantile,0.85,31
2026-10-03,wk inc rsv hosp,2,2026-10-17,39,quantile,0.9,40
2026-10-03,wk inc rsv hosp,2,2026-10-17,39,quantile,0.95,53
2026-10-03,wk inc rsv hosp,2,2026-10-17,39,quantile,0.975,69
2026-10-03,wk inc rsv hosp,2,2026-10-17,39,quantile,0.99,115
2026-10-03,wk inc rsv hosp,2,2026-10-17,40,quantile,0.01,0
2026-10-03,wk inc rsv hosp,2,2026-10-17,40,quantile,0.025,0
2026-10-03,wk inc rsv hosp,2,2026-10-17,40,quantile,0.05,0
2026-10-03,wk inc rsv hosp,2,2026-10-17,40,quantile,0.1,0
2026-10-03,wk inc rsv hosp,2,2026-10-17,40,quantile,0.15,0
2026-10-03,wk inc rsv hosp,2,2026-10-17,40,quantile,0.2,1
2026-10-03,wk inc rsv hosp,2,2026-10-17,40,quantile,0.25,1
2026-10-03,wk inc rsv hosp,2,2026-10-17,40,quantile,0.3,1
2026-10-03,wk inc rsv hosp,2,2026-10-17,40,quantile,0.35,1
2026-10-03,wk inc rsv hosp,2,2026-10-17,40,quantile,0.4,2
2026-10-03,wk inc rsv hosp,2,2026-10-17,40,quantile,0.45,2
2026-10-03,wk inc rsv hosp,2,2026-10-17,40,quantile,0.5,2
2026-10-03,wk inc rsv hosp,2,2026-10-17,40,quantile,0.55,3
2026-10-03,wk inc rsv hosp,2,2026-10-17,40,quantile,0.6,3
2026-10-03,wk inc rsv hosp,2,2026-10-17,40,quantile,0.65,4
2026-10-03,wk inc rsv hosp,2,2026-10-17,40,quantile,0.7,5
2026-10-03,wk inc rsv hosp,2,2026-10-17,40,quantile,0.75,6
2026-10-03,wk inc rsv hosp,2,2026-10-17,40,quantile,0.8,7
2026-10-03,wk inc rsv hosp,2,2026-10-17,40,quantile,0.85,9
2026-10-03,wk inc rsv hosp,2,2026-10-17,40,quantile,0.9,11
2026-10-03,wk inc rsv hosp,2,2026-10-17,40,quantile,0.95,18
2026-10-03,wk inc rsv hosp,2,2026-10-17,40,quantile,0.975,32
2026-10-03,wk inc rsv hosp,2,2026-10-17,40,quantile,0.99,52
2026-10-03,wk inc rsv hosp,2,2026-10-17,41,quantile,0.01,0
2026-10-03,wk inc rsv hosp,2,2026-10-17,41,quantile,0.025,0
2026-10-03,wk inc rsv hosp,2,2026-10-17,41,quantile,0.05,0
2026-10-03,wk inc rsv hosp,2,2026-10-17,41,quantile,0.1,0
2026-10-03,wk inc rsv hosp,2,2026-10-17,41,quantile,0.15,0
2026-10-03,wk inc rsv hosp,2,2026-10-17,41,quantile,0.2,0
2026-10-03,wk inc rsv hosp,2,2026-10-17,41,quantile,0.25,0
2026-10-03,wk inc rsv hosp,2,2026-10-17,41,quantile,0.3,0
2026-10-03,wk inc rsv hosp,2,2026-10-17,41,quantile,0.35,1
2026-10-03,wk inc rsv hosp,2,2026-10-17,41,quantile,0.4,1
2026-10-03,wk inc rsv hosp,2,2026-10-17,41,quantile,0.45,2
2026-10-03,wk inc rsv hosp,2,2026-10-17,41,quantile,0.5,2
2026-10-03,wk inc rsv hosp,2,2026-10-17,41,quantile,0.55,2
2026-10-03,wk inc rsv hosp,2,2026-10-17,41,quantile,0.6,3
2026-10-03,wk inc rsv hosp,2,2026-10-17,41,quantile,0.65,4
2026-10-03,wk inc rsv hosp,2,2026-10-17,41,quantile,0.7,5
2026-10-03,wk inc rsv hosp,2,2026-10-17,41,quantile,0.75,6
2026-10-03,wk inc rsv hosp,2,2026-10-17,41,quantile,0.8,8
2026-10-03,wk inc rsv hosp,2,2026-10-17,41,quantile,0.85,10
2026-10-03,wk inc rsv hosp,2,2026-10-17,41,quantile,0.9,15
2026-10-03,wk inc rsv hosp,2,2026-10-17,41,quantile,0.95,26
2026-10-03,wk inc rsv hosp,2,2026-10-17,41,quantile,0.975,46
2026-10-03,wk inc rsv hosp,2,2026-10-17,41,quantile,0.99,77
2026-10-03,wk inc rsv hosp,2,2026-10-17,42,quantile,0.01,7
2026-10-03,wk inc rsv hosp,2,2026-10-17,42,quantile,0.025,12
2026-10-03,wk inc rsv hosp,2,2026-10-17,42,quantile,0.05,16
2026-10-03,wk inc rsv hosp,2,2026-10-17,42,quantile,0.1,21
2026-10-03,wk inc rsv hosp,2,2026-10-17,42,quantile,0.15,25
2026-10-03,wk inc rsv hosp,2,2026-10-17,42,quantile,0.2,27
2026-10-03,wk inc rsv hosp,2,2026-10-17,42,quantile,0.25,31
2026-10-03,wk inc rsv hosp,2,2026-10-17,42,quantile,0.3,33
2026-10-03,wk inc rsv hosp,2,2026-10-17,42,quantile,0.35,37
2026-10-03,wk inc rsv hosp,2,2026-10-17,42,quantile,0.4,40
2026-10-03,wk inc rsv hosp,2,2026-10-17,42,quantile,0.45,43
2026-10-03,wk inc rsv hosp,2,2026-10-17,42,quantile,0.5,46
2026-10-03,wk inc rsv hosp,2,2026-10-17,42,quantile,0.55,49
2026-10-03,wk inc rsv hosp,2,2026-10-17,42,quantile,0.6,53
2026-10-03,wk inc rsv hosp,2,2026-10-17,42,quantile,0.65,57
2026-10-03,wk inc rsv hosp,2,2026-10-17,42,quantile,0.7,62
2026-10-03,wk inc rsv hosp,2,2026-10-17,42,quantile,0.75,69
2026-10-03,wk inc rsv hosp,2,2026-10-17,42,quantile,0.8,78
2026-10-03,wk inc rsv hosp,2,2026-10-17,42,quantile,0.85,93
2026-10-03,wk inc rsv hosp,2,2026-10-17,42,quantile,0.9,104
2026-10-03,wk inc rsv hosp,2,2026-10-17,42,quantile,0.95,132
2026-10-03,wk inc rsv hosp,2,2026-10-17,42,quantile,0.975,164
2026-10-03,wk inc rsv hosp,2,2026-10-17,42,quantile,0.99,203
2026-10-03,wk inc rsv hosp,2,2026-10-17,44,quantile,0.01,0
2026-10-03,wk inc rsv hosp,2,2026-10-17,44,quantile,0.025,0
2026-10-03,wk inc rsv hosp,2,2026-10-17,44,quantile,0.05,0
2026-10-03,wk inc rsv hosp,2,2026-10-17,44,quantile,0.1,0
2026-10-03,wk inc rsv hosp,2,2026-10-17,44,quantile,0.15,0
2026-10-03,wk inc rsv hosp,2,2026-10-17,44,quantile,0.2,0
2026-10-03,wk inc rsv hosp,2,2026-10-17,44,quantile,0.25,1
2026-10-03,wk inc rsv hosp,2,2026-10-17,44,quantile,0.3,1
2026-10-03,wk inc rsv hosp,2,2026-10-17,44,quantile,0.35,1
2026-10-03,wk inc rsv hosp,2,2026-10-17,44,quantile,0.4,2
2026-10-03,wk inc rsv hosp,2,2026-10-17,44,quantile,0.45,2
2026-10-03,wk inc rsv hosp,2,2026-10-17,44,quantile,0.5,3
2026-10-03,wk inc rsv hosp,2,2026-10-17,44,quantile,0.55,3
2026-10-03,wk inc rsv hosp,2,2026-10-17,44,quantile,0.6,4
2026-10-03,wk inc rsv hosp,2,2026-10-17,44,quantile,0.65,5
2026-10-03,wk inc rsv hosp,2,2026-10-17,44,quantile,0.7,6
2026-10-03,wk inc rsv hosp,2,2026-10-17,44,quantile,0.75,7
2026-10-03,wk inc rsv hosp,2,2026-10-17,44,quantile,0.8,9
2026-10-03,wk inc rsv hosp,2,2026-10-17,44,quantile,0.85,11
2026-10-03,wk inc rsv hosp,2,2026-10-17,44,quantile,0.9,16
2026-10-03,wk inc rsv hosp,2,2026-10-17,44,quantile,0.95,24
2026-10-03,wk inc rsv hosp,2,2026-10-17,44,quantile,0.975,35
2026-10-03,wk inc rsv hosp,2,2026-10-17,44,quantile,0.99,55
2026-10-03,wk inc rsv hosp,2,2026-10-17,45,quantile,0.01,0
2026-10-03,wk inc rsv hosp,2,2026-10-17,45,quantile,0.025,0
2026-10-03,wk inc rsv hosp,2,2026-10-17,45,quantile,0.05,1
2026-10-03,wk inc rsv hosp,2,2026-10-17,45,quantile,0.1,2
2026-10-03,wk inc rsv hosp,2,2026-10-17,45,quantile,0.15,3
2026-10-03,wk inc rsv hosp,2,2026-10-17,45,quantile,0.2,4
2026-10-03,wk inc rsv hosp,2,2026-10-17,45,quantile,0.25,5
2026-10-03,wk inc rsv hosp,2,2026-10-17,45,quantile,0.3,6
2026-10-03,wk inc rsv hosp,2,2026-10-17,45,quantile,0.35,7
2026-10-03,wk inc rsv hosp,2,2026-10-17,45,quantile,0.4,8
2026-10-03,wk inc rsv hosp,2,2026-10-17,45,quantile,0.45,8
2026-10-03,wk inc rsv hosp,2,2026-10-17,45,quantile,0.5,10
2026-10-03,wk inc rsv hosp,2,2026-10-17,45,quantile,0.55,11
2026-10-03,wk inc rsv hosp,2,2026-10-17,45,quantile,0.6,13
2026-10-03,wk inc rsv hosp,2,2026-10-17,45,quantile,0.65,14
2026-10-03,wk inc rsv hosp,2,2026-10-17,45,quantile,0.7,17
2026-10-03,wk inc rsv hosp,2,2026-10-17,45,quantile,0.75,20
2026-10-03,wk inc rsv hosp,2,2026-10-17,45,quantile,0.8,23
2026-10-03,wk inc rsv hosp,2,2026-10-17,45,quantile,0.85,29
2026-10-03,wk inc rsv hosp,2,2026-10-17,45,quantile,0.9,38
2026-10-03,wk inc rsv hosp,2,2026-10-17,45,quantile,0.95,57
2026-10-03,wk inc rsv hosp,2,2026-10-17,45,quantile,0.975,76
2026-10-03,wk inc rsv hosp,2,2026-10-17,45,quantile,0.99,117
2026-10-03,wk inc rsv hosp,2,2026-10-17,46,quantile,0.01,0
2026-10-03,wk inc rsv hosp,2,2026-10-17,46,quantile,0.025,0
2026-10-03,wk inc rsv hosp,2,2026-10-17,46,quantile,0.05,0
2026-10-03,wk inc rsv hosp,2,2026-10-17,46,quantile,0.1,0
2026-10-03,wk inc rsv hosp,2,2026-10-17,46,quantile,0.15,0
2026-10-03,wk inc rsv hosp,2,2026-10-17,46,quantile,0.2,0
2026-10-03,wk inc rsv hosp,2,2026-10-17,46,quantile,0.25,1
2026-10-03,wk inc rsv hosp,2,2026-10-17,46,quantile,0.3,1
2026-10-03,wk inc rsv hosp,2,2026-10-17,46,quantile,0.35,1
2026-10-03,wk inc rsv hosp,2,2026-10-17,46,quantile,0.4,1
2026-10-03,wk inc rsv hosp,2,2026-10-17,46,quantile,0.45,2
2026-10-03,wk inc rsv hosp,2,2026-10-17,46,quantile,0.5,2
2026-10-03,wk inc rsv hosp,2,2026-10-17,46,quantile,0.55,3
2026-10-03,wk inc rsv hosp,2,2026-10-17,46,quantile,0.6,3
2026-10-03,wk inc rsv hosp,2,2026-10-17,46,quantile,0.65,3
2026-10-03,wk inc rsv hosp,2,2026-10-17,46,quantile,0.7,4
2026-10-03,wk inc rsv hosp,2,2026-10-17,46,quantile,0.75,5
2026-10-03,wk inc rsv hosp,2,2026-10-17,46,quantile,0.8,6
2026-10-03,wk inc rsv hosp,2,2026-10-17,46,quantile,0.85,7
2026-10-03,wk inc rsv hosp,2,2026-10-17,46,quantile,0.9,10
2026-10-03,wk inc rsv hosp,2,2026-10-17,46,quantile,0.95,15
2026-10-03,wk inc rsv hosp,2,2026-10-17,46,quantile,0.975,24
2026-10-03,wk inc rsv hosp,2,2026-10-17,46,quantile,0.99,38
2026-10-03,wk inc rsv hosp,2,2026-10-17,47,quantile,0.01,0
2026-10-03,wk inc rsv hosp,2,2026-10-17,47,quantile,0.025,0
2026-10-03,wk inc rsv hosp,2,2026-10-17,47,quantile,0.05,0
2026-10-03,wk inc rsv hosp,2,2026-10-17,47,quantile,0.1,2
2026-10-03,wk inc rsv hosp,2,2026-10-17,47,quantile,0.15,3
2026-10-03,wk inc rsv hosp,2,2026-10-17,47,quantile,0.2,4
2026-10-03,wk inc rsv hosp,2,2026-10-17,47,quantile,0.25,5
2026-10-03,wk inc rsv hosp,2,2026-10-17,47,quantile,0.3,6
2026-10-03,wk inc rsv hosp,2,2026-10-17,47,quantile,0.35,7
2026-10-03,wk inc rsv hosp,2,2026-10-17,47,quantile,0.4,8
2026-10-03,wk inc rsv hosp,2,2026-10-17,47,quantile,0.45,9
2026-10-03,wk inc rsv hosp,2,2026-10-17,47,quantile,0.5,11
2026-10-03,wk inc rsv hosp,2,2026-10-17,47,quantile,0.55,12
2026-10-03,wk inc rsv hosp,2,2026-10-17,47,quantile,0.6,13
2026-10-03,wk inc rsv hosp,2,2026-10-17,47,quantile,0.65,15
2026-10-03,wk inc rsv hosp,2,2026-10-17,47,quantile,0.7,17
2026-10-03,wk inc rsv hosp,2,2026-10-17,47,quantile,0.75,19
2026-10-03,wk inc rsv hosp,2,2026-10-17,47,quantile,0.8,23
2026-10-03,wk inc rsv hosp,2,2026-10-17,47,quantile,0.85,28
2026-10-03,wk inc rsv hosp,2,2026-10-17,47,quantile,0.9,36
2026-10-03,wk inc rsv hosp,2,2026-10-17,47,quantile,0.95,51
2026-10-03,wk inc rsv hosp,2,2026-10-17,47,quantile,0.975,65
2026-10-03,wk inc rsv hosp,2,2026-10-17,47,quantile,0.99,107
2026-10-03,wk inc rsv hosp,2,2026-10-17,48,quantile,0.01,17
2026-10-03,wk inc rsv hosp,2,2026-10-17,48,quantile,0.025,22
2026-10-03,wk inc rsv hosp,2,2026-10-17,48,quantile,0.05,27
2026-10-03,wk inc rsv hosp,2,2026-10-17,48,quantile,0.1,37
2026-10-03,wk inc rsv hosp,2,2026-10-17,48,quantile,0.15,43
2026-10-03,wk inc rsv hosp,2,2026-10-17,48,quantile,0.2,49
2026-10-03,wk inc rsv hosp,2,2026-10-17,48,quantile,0.25,56
2026-10-03,wk inc rsv hosp,2,2026-10-17,48,quantile,0.3,62
2026-10-03,wk inc rsv hosp,2,2026-10-17,48,quantile,0.35,67
2026-10-03,wk inc rsv hosp,2,2026-10-17,48,quantile,0.4,73
2026-10-03,wk inc rsv hosp,2,2026-10-17,48,quantile,0.45,81
2026-10-03,wk inc rsv hosp,2,2026-10-17,48,quantile,0.5,88
2026-10-03,wk inc rsv hosp,2,2026-10-17,48,quantile,0.55,99
2026-10-03,wk inc rsv hosp,2,2026-10-17,48,quantile,0.6,109
2026-10-03,wk inc rsv hosp,2,2026-10-17,48,quantile,0.65,123
2026-10-03,wk inc rsv hosp,2,2026-10-17,48,quantile,0.7,141
2026-10-03,wk inc rsv hosp,2,2026-10-17,48,quantile,0.75,157
2026-10-03,wk inc rsv hosp,2,2026-10-17,48,quantile,0.8,181
2026-10-03,wk inc rsv hosp,2,2026-10-17,48,quantile,0.85,204
2026-10-03,wk inc rsv hosp,2,2026-10-17,48,quantile,0.9,242
2026-10-03,wk inc rsv hosp,2,2026-10-17,48,quantile,0.95,313
2026-10-03,wk inc rsv hosp,2,2026-10-17,48,quantile,0.975,377
2026-10-03,wk inc rsv hosp,2,2026-10-17,48,quantile,0.99,470
2026-10-03,wk inc rsv hosp,2,2026-10-17,49,quantile,0.01,0
2026-10-03,wk inc rsv hosp,2,2026-10-17,49,quantile,0.025,0
2026-10-03,wk inc rsv hosp,2,2026-10-17,49,quantile,0.05,0
2026-10-03,wk inc rsv hosp,2,2026-10-17,49,quantile,0.1,0
2026-10-03,wk inc rsv hosp,2,2026-10-17,49,quantile,0.15,0
2026-10-03,wk inc rsv hosp,2,2026-10-17,49,quantile,0.2,0
2026-10-03,wk inc rsv hosp,2,2026-10-17,49,quantile,0.25,0
2026-10-03,wk inc rsv hosp,2,2026-10-17,49,quantile,0.3,0
2026-10-03,wk inc rsv hosp,2,2026-10-17,49,quantile,0.35,0
2026-10-03,wk inc rsv hosp,2,2026-10-17,49,quantile,0.4,0
2026-10-03,wk inc rsv hosp,2,2026-10-17,49,quantile,0.45,0
2026-10-03,wk inc rsv hosp,2,2026-10-17,49,quantile,0.5,0
2026-10-03,wk inc rsv hosp,2,2026-10-17,49,quantile,0.55,1
2026-10-03,wk inc rsv hosp,2,2026-10-17,49,quantile,0.6,1
2026-10-03,wk inc rsv hosp,2,2026-10-17,49,quantile,0.65,2
2026-10-03,wk inc rsv hosp,2,2026-10-17,49,quantile,0.7,2
2026-10-03,wk inc rsv hosp,2,2026-10-17,49,quantile,0.75,3
2026-10-03,wk inc rsv hosp,2,2026-10-17,49,quantile,0.8,4
2026-10-03,wk inc rsv hosp,2,2026-10-17,49,quantile,0.85,5
2026-10-03,wk inc rsv hosp,2,2026-10-17,49,quantile,0.9,8
2026-10-03,wk inc rsv hosp,2,2026-10-17,49,quantile,0.95,17
2026-10-03,wk inc rsv hosp,2,2026-10-17,49,quantile,0.975,24
2026-10-03,wk inc rsv hosp,2,2026-10-17,49,quantile,0.99,36
2026-10-03,wk inc rsv hosp,2,2026-10-17,50,quantile,0.01,0
2026-10-03,wk inc rsv hosp,2,2026-10-17,50,quantile,0.025,0
2026-10-03,wk inc rsv hosp,2,2026-10-17,50,quantile,0.05,0
2026-10-03,wk inc rsv hosp,2,2026-10-17,50,quantile,0.1,0
2026-10-03,wk inc rsv hosp,2,2026-10-17,50,quantile,0.15,0
2026-10-03,wk inc rsv hosp,2,2026-10-17,50,quantile,0.2,0
2026-10-03,wk inc rsv hosp,2,2026-10-17,50,quantile,0.25,0
2026-10-03,wk inc rsv hosp,2,2026-10-17,50,quantile,0.3,0
2026-10-03,wk inc rsv hosp,2,2026-10-17,50,quantile,0.35,0
2026-10-03,wk inc rsv hosp,2,2026-10-17,50,quantile,0.4,0
2026-10-03,wk inc rsv hosp,2,2026-10-17,50,quantile,0.45,0
2026-10-03,wk inc rsv hosp,2,2026-10-17,50,quantile,0.5,0
2026-10-03,wk inc rsv hosp,2,2026-10-17,50,quantile,0.55,1
2026-10-03,wk inc rsv hosp,2,2026-10-17,50,quantile,0.6,1
2026-10-03,wk inc rsv hosp,2,2026-10-17,50,quantile,0.65,1
2026-10-03,wk inc rsv hosp,2,2026-10-17,50,quantile,0.7,2
2026-10-03,wk inc rsv hosp,2,2026-10-17,50,quantile,0.75,2
2026-10-03,wk inc rsv hosp,2,2026-10-17,50,quantile,0.8,3
2026-10-03,wk inc rsv hosp,2,2026-10-17,50,quantile,0.85,4
2026-10-03,wk inc rsv hosp,2,2026-10-17,50,quantile,0.9,6
2026-10-03,wk inc rsv hosp,2,2026-10-17,50,quantile,0.95,9
2026-10-03,wk inc rsv hosp,2,2026-10-17,50,quantile,0.975,15
2026-10-03,wk inc rsv hosp,2,2026-10-17,50,quantile,0.99,28
2026-10-03,wk inc rsv hosp,2,2026-10-17,51,quantile,0.01,0
2026-10-03,wk inc rsv hosp,2,2026-10-17,51,quantile,0.025,0
2026-10-03,wk inc rsv hosp,2,2026-10-17,51,quantile,0.05,0
2026-10-03,wk inc rsv hosp,2,2026-10-17,51,quantile,0.1,0
2026-10-03,wk inc rsv hosp,2,2026-10-17,51,quantile,0.15,0
2026-10-03,wk inc rsv hosp,2,2026-10-17,51,quantile,0.2,1
2026-10-03,wk inc rsv hosp,2,2026-10-17,51,quantile,0.25,2
2026-10-03,wk inc rsv hosp,2,2026-10-17,51,quantile,0.3,3
2026-10-03,wk inc rsv hosp,2,2026-10-17,51,quantile,0.35,3
2026-10-03,wk inc rsv hosp,2,2026-10-17,51,quantile,0.4,4
2026-10-03,wk inc rsv hosp,2,2026-10-17,51,quantile,0.45,4
2026-10-03,wk inc rsv hosp,2,2026-10-17,51,quantile,0.5,5
2026-10-03,wk inc rsv hosp,2,2026-10-17,51,quantile,0.55,6
2026-10-03,wk inc rsv hosp,2,2026-10-17,51,quantile,0.6,7
2026-10-03,wk inc rsv hosp,2,2026-10-17,51,quantile,0.65,8
2026-10-03,wk inc rsv hosp,2,2026-10-17,51,quantile,0.7,9
2026-10-03,wk inc rsv hosp,2,2026-10-17,51,quantile,0.75,11
2026-10-03,wk inc rsv hosp,2,2026-10-17,51,quantile,0.8,13
2026-10-03,wk inc rsv hosp,2,2026-10-17,51,quantile,0.85,16
2026-10-03,wk inc rsv hosp,2,2026-10-17,51,quantile,0.9,22
2026-10-03,wk inc rsv hosp,2,2026-10-17,51,quantile,0.95,35
2026-10-03,wk inc rsv hosp,2,2026-10-17,51,quantile,0.975,50
2026-10-03,wk inc rsv hosp,2,2026-10-17,51,quantile,0.99,74
2026-10-03,wk inc rsv hosp,2,2026-10-17,53,quantile,0.01,0
2026-10-03,wk inc rsv hosp,2,2026-10-17,53,quantile,0.025,0
2026-10-03,wk inc rsv hosp,2,2026-10-17,53,quantile,0.05,0
2026-10-03,wk inc rsv hosp,2,2026-10-17,53,quantile,0.1,0
2026-10-03,wk inc rsv hosp,2,2026-10-17,53,quantile,0.15,1
2026-10-03,wk inc rsv hosp,2,2026-10-17,53,quantile,0.2,1
2026-10-03,wk inc rsv hosp,2,2026-10-17,53,quantile,0.25,2
2026-10-03,wk inc rsv hosp,2,2026-10-17,53,quantile,0.3,2
2026-10-03,wk inc rsv hosp,2,2026-10-17,53,quantile,0.35,3
2026-10-03,wk inc rsv hosp,2,2026-10-17,53,quantile,0.4,3
2026-10-03,wk inc rsv hosp,2,2026-10-17,53,quantile,0.45,4
2026-10-03,wk inc rsv hosp,2,2026-10-17,53,quantile,0.5,4
2026-10-03,wk inc rsv hosp,2,2026-10-17,53,quantile,0.55,5
2026-10-03,wk inc rsv hosp,2,2026-10-17,53,quantile,0.6,6
2026-10-03,wk inc rsv hosp,2,2026-10-17,53,quantile,0.65,6
2026-10-03,wk inc rsv hosp,2,2026-10-17,53,quantile,0.7,7
2026-10-03,wk inc rsv hosp,2,2026-10-17,53,quantile,0.75,8
2026-10-03,wk inc rsv hosp,2,2026-10-17,53,quantile,0.8,10
2026-10-03,wk inc rsv hosp,2,2026-10-17,53,quantile,0.85,13
2026-10-03,wk inc rsv hosp,2,2026-10-17,53,quantile,0.9,17
2026-10-03,wk inc rsv hosp,2,2026-10-17,53,quantile,0.95,28
2026-10-03,wk inc rsv hosp,2,2026-10-17,53,quantile,0.975,43
2026-10-03,wk inc rsv hosp,2,2026-10-17,53,quantile,0.99,63
2026-10-03,wk inc rsv hosp,2,2026-10-17,54,quantile,0.01,0
2026-10-03,wk inc rsv hosp,2,2026-10-17,54,quantile,0.025,0
2026-10-03,wk inc rsv hosp,2,2026-10-17,54,quantile,0.05,0
2026-10-03,wk inc rsv hosp,2,2026-10-17,54,quantile,0.1,0
2026-10-03,wk inc rsv hosp,2,2026-10-17,54,quantile,0.15,0
2026-10-03,wk inc rsv hosp,2,2026-10-17,54,quantile,0.2,1
2026-10-03,wk inc rsv hosp,2,2026-10-17,54,quantile,0.25,1
2026-10-03,wk inc rsv hosp,2,2026-10-17,54,quantile,0.3,1
2026-10-03,wk inc rsv hosp,2,2026-10-17,54,quantile,0.35,2
2026-10-03,wk inc rsv hosp,2,2026-10-17,54,quantile,0.4,2
2026-10-03,wk inc rsv hosp,2,2026-10-17,54,quantile,0.45,3
2026-10-03,wk inc rsv hosp,2,2026-10-17,54,quantile,0.5,4
2026-10-03,wk inc rsv hosp,2,2026-10-17,54,quantile,0.55,4
2026-10-03,wk inc rsv hosp,2,2026-10-17,54,quantile,0.6,5
2026-10-03,wk inc rsv hosp,2,2026-10-17,54,quantile,0.65,6
2026-10-03,wk inc rsv hosp,2,2026-10-17,54,quantile,0.7,7
2026-10-03,wk inc rsv hosp,2,2026-10-17,54,quantile,0.75,8
2026-10-03,wk inc rsv hosp,2,2026-10-17,54,quantile,0.8,10
2026-10-03,wk inc rsv hosp,2,2026-10-17,54,quantile,0.85,13
2026-10-03,wk inc rsv hosp,2,2026-10-17,54,quantile,0.9,19
2026-10-03,wk inc rsv hosp,2,2026-10-17,54,quantile,0.95,26
2026-10-03,wk inc rsv hosp,2,2026-10-17,54,quantile,0.975,35
2026-10-03,wk inc rsv hosp,2,2026-10-17,54,quantile,0.99,55
2026-10-03,wk inc rsv hosp,2,2026-10-17,55,quantile,0.01,0
2026-10-03,wk inc rsv hosp,2,2026-10-17,55,quantile,0.025,0
2026-10-03,wk inc rsv hosp,2,2026-10-17,55,quantile,0.05,0
2026-10-03,wk inc rsv hosp,2,2026-10-17,55,quantile,0.1,0
2026-10-03,wk inc rsv hosp,2,2026-10-17,55,quantile,0.15,0
2026-10-03,wk inc rsv hosp,2,2026-10-17,55,quantile,0.2,0
2026-10-03,wk inc rsv hosp,2,2026-10-17,55,quantile,0.25,0
2026-10-03,wk inc rsv hosp,2,2026-10-17,55,quantile,0.3,0
2026-10-03,wk inc rsv hosp,2,2026-10-17,55,quantile,0.35,0
2026-10-03,wk inc rsv hosp,2,2026-10-17,55,quantile,0.4,0
2026-10-03,wk inc rsv hosp,2,2026-10-17,55,quantile,0.45,0
2026-10-03,wk inc rsv hosp,2,2026-10-17,55,quantile,0.5,0
2026-10-03,wk inc rsv hosp,2,2026-10-17,55,quantile,0.55,0
2026-10-03,wk inc rsv hosp,2,2026-10-17,55,quantile,0.6,0
2026-10-03,wk inc rsv hosp,2,2026-10-17,55,quantile,0.65,0
2026-10-03,wk inc rsv hosp,2,2026-10-17,55,quantile,0.7,0
2026-10-03,wk inc rsv hosp,2,2026-10-17,55,quantile,0.75,0
2026-10-03,wk inc rsv hosp,2,2026-10-17,55,quantile,0.8,0
2026-10-03,wk inc rsv hosp,2,2026-10-17,55,quantile,0.85,1
2026-10-03,wk inc rsv hosp,2,2026-10-17,55,quantile,0.9,3
2026-10-03,wk inc rsv hosp,2,2026-10-17,55,quantile,0.95,6
2026-10-03,wk inc rsv hosp,2,2026-10-17,55,quantile,0.975,12
2026-10-03,wk inc rsv hosp,2,2026-10-17,55,quantile,0.99,18
2026-10-03,wk inc rsv hosp,2,2026-10-17,56,quantile,0.01,0
2026-10-03,wk inc rsv hosp,2,2026-10-17,56,quantile,0.025,0
2026-10-03,wk inc rsv hosp,2,2026-10-17,56,quantile,0.05,0
2026-10-03,wk inc rsv hosp,2,2026-10-17,56,quantile,0.1,0
2026-10-03,wk inc rsv hosp,2,2026-10-17,56,quantile,0.15,0
2026-10-03,wk inc rsv hosp,2,2026-10-17,56,quantile,0.2,1
2026-10-03,wk inc rsv hosp,2,2026-10-17,56,quantile,0.25,1
2026-10-03,wk inc rsv hosp,2,2026-10-17,56,quantile,0.3,1
2026-10-03,wk inc rsv hosp,2,2026-10-17,56,quantile,0.35,2
2026-10-03,wk inc rsv hosp,2,2026-10-17,56,quantile,0.4,2
2026-10-03,wk inc rsv hosp,2,2026-10-17,56,quantile,0.45,2
2026-10-03,wk inc rsv hosp,2,2026-10-17,56,quantile,0.5,3
2026-10-03,wk inc rsv hosp,2,2026-10-17,56,quantile,0.55,3
2026-10-03,wk inc rsv hosp,2,2026-10-17,56,quantile,0.6,4
2026-10-03,wk inc rsv hosp,2,2026-10-17,56,quantile,0.65,5
2026-10-03,wk inc rsv hosp,2,2026-10-17,56,quantile,0.7,5
2026-10-03,wk inc rsv hosp,2,2026-10-17,56,quantile,0.75,7
2026-10-03,wk inc rsv hosp,2,2026-10-17,56,quantile,0.8,9
2026-10-03,wk inc rsv hosp,2,2026-10-17,56,quantile,0.85,12
2026-10-03,wk inc rsv hosp,2,2026-10-17,56,quantile,0.9,19
2026-10-03,wk inc rsv hosp,2,2026-10-17,56,quantile,0.95,31
2026-10-03,wk inc rsv hosp,2,2026-10-17,56,quantile,0.975,49
2026-10-03,wk inc rsv hosp,2,2026-10-17,56,quantile,0.99,75
2026-10-03,wk inc rsv hosp,2,2026-10-17,72,quantile,0.01,0
2026-10-03,wk inc rsv hosp,2,2026-10-17,72,quantile,0.025,0
2026-10-03,wk inc rsv hosp,2,2026-10-17,72,quantile,0.05,0
2026-10-03,wk inc rsv hosp,2,2026-10-17,72,quantile,0.1,1
2026-10-03,wk inc rsv hosp,2,2026-10-17,72,quantile,0.15,2
2026-10-03,wk inc rsv hosp,2,2026-10-17,72,quantile,0.2,3
2026-10-03,wk inc rsv hosp,2,2026-10-17,72,quantile,0.25,3
2026-10-03,wk inc rsv hosp,2,2026-10-17,72,quantile,0.3,4
2026-10-03,wk inc rsv hosp,2,2026-10-17,72,quantile,0.35,5
2026-10-03,wk inc rsv hosp,2,2026-10-17,72,quantile,0.4,6
2026-10-03,wk inc rsv hosp,2,2026-10-17,72,quantile,0.45,6
2026-10-03,wk inc rsv hosp,2,2026-10-17,72,quantile,0.5,7
2026-10-03,wk inc rsv hosp,2,2026-10-17,72,quantile,0.55,8
2026-10-03,wk inc rsv hosp,2,2026-10-17,72,quantile,0.6,9
2026-10-03,wk inc rsv hosp,2,2026-10-17,72,quantile,0.65,10
2026-10-03,wk inc rsv hosp,2,2026-10-17,72,quantile,0.7,11
2026-10-03,wk inc rsv hosp,2,2026-10-17,72,quantile,0.75,13
2026-10-03,wk inc rsv hosp,2,2026-10-17,72,quantile,0.8,16
2026-10-03,wk inc rsv hosp,2,2026-10-17,72,quantile,0.85,19
2026-10-03,wk inc rsv hosp,2,2026-10-17,72,quantile,0.9,24
2026-10-03,wk inc rsv hosp,2,2026-10-17,72,quantile,0.95,33
2026-10-03,wk inc rsv hosp,2,2026-10-17,72,quantile,0.975,45
2026-10-03,wk inc rsv hosp,2,2026-10-17,72,quantile,0.99,55
2026-10-03,wk inc rsv hosp,2,2026-10-17,US,quantile,0.01,592
2026-10-03,wk inc rsv hosp,2,2026-10-17,US,quantile,0.025,632
2026-10-03,wk inc rsv hosp,2,2026-10-17,US,quantile,0.05,676
2026-10-03,wk inc rsv hosp,2,2026-10-17,US,quantile,0.1,735
2026-10-03,wk inc rsv hosp,2,2026-10-17,US,quantile,0.15,779
2026-10-03,wk inc rsv hosp,2,2026-10-17,US,quantile,0.2,819
2026-10-03,wk inc rsv hosp,2,2026-10-17,US,quantile,0.25,854
2026-10-03,wk inc rsv hosp,2,2026-10-17,US,quantile,0.3,894
2026-10-03,wk inc rsv hosp,2,2026-10-17,US,quantile,0.35,921
2026-10-03,wk inc rsv hosp,2,2026-10-17,US,quantile,0.4,949
2026-10-03,wk inc rsv hosp,2,2026-10-17,US,quantile,0.45,992
2026-10-03,wk inc rsv hosp,2,2026-10-17,US,quantile,0.5,1028
2026-10-03,wk inc rsv hosp,2,2026-10-17,US,quantile,0.55,1065
2026-10-03,wk inc rsv hosp,2,2026-10-17,US,quantile,0.6,1114
2026-10-03,wk inc rsv hosp,2,2026-10-17,US,quantile,0.65,1151
2026-10-03,wk inc rsv hosp,2,2026-10-17,US,quantile,0.7,1212
2026-10-03,wk inc rsv hosp,2,2026-10-17,US,quantile,0.75,1276
2026-10-03,wk inc rsv hosp,2,2026-10-17,US,quantile,0.8,1376
2026-10-03,wk inc rsv hosp,2,2026-10-17,US,quantile,0.85,1549
2026-10-03,wk inc rsv hosp,2,2026-10-17,US,quantile,0.9,1869
2026-10-03,wk inc rsv hosp,2,2026-10-17,US,quantile,0.95,2627
2026-10-03,wk inc rsv hosp,2,2026-10-17,US,quantile,0.975,3260
2026-10-03,wk inc rsv hosp,2,2026-10-17,US,quantile,0.99,4058
2026-10-03,wk inc rsv hosp,3,2026-10-24,01,quantile,0.01,0
2026-10-03,wk inc rsv hosp,3,2026-10-24,01,quantile,0.025,0
2026-10-03,wk inc rsv hosp,3,2026-10-24,01,quantile,0.05,0
2026-10-03,wk inc rsv hosp,3,2026-10-24,01,quantile,0.1,0
2026-10-03,wk inc rsv hosp,3,2026-10-24,01,quantile,0.15,2
2026-10-03,wk inc rsv hosp,3,2026-10-24,01,quantile,0.2,4
2026-10-03,wk inc rsv hosp,3,2026-10-24,01,quantile,0.25,6
2026-10-03,wk inc rsv hosp,3,2026-10-24,01,quantile,0.3,8
2026-10-03,wk inc rsv hosp,3,2026-10-24,01,quantile,0.35,10
2026-10-03,wk inc rsv hosp,3,2026-10-24,01,quantile,0.4,12
2026-10-03,wk inc rsv hosp,3,2026-10-24,01,quantile,0.45,14
2026-10-03,wk inc rsv hosp,3,2026-10-24,01,quantile,0.5,16
2026-10-03,wk inc rsv hosp,3,2026-10-24,01,quantile,0.55,19
2026-10-03,wk inc rsv hosp,3,2026-10-24,01,quantile,0.6,23
2026-10-03,wk inc rsv hosp,3,2026-10-24,01,quantile,0.65,27
2026-10-03,wk inc rsv hosp,3,2026-10-24,01,quantile,0.7,31
2026-10-03,wk inc rsv hosp,3,2026-10-24,01,quantile,0.75,37
2026-10-03,wk inc rsv hosp,3,2026-10-24,01,quantile,0.8,45
2026-10-03,wk inc rsv hosp,3,2026-10-24,01,quantile,0.85,55
2026-10-03,wk inc rsv hosp,3,2026-10-24,01,quantile,0.9,77
2026-10-03,wk inc rsv hosp,3,2026-10-24,01,quantile,0.95,110
2026-10-03,wk inc rsv hosp,3,2026-10-24,01,quantile,0.975,155
2026-10-03,wk inc rsv hosp,3,2026-10-24,01,quantile,0.99,281
2026-10-03,wk inc rsv hosp,3,2026-10-24,02,quantile,0.01,0
2026-10-03,wk inc rsv hosp,3,2026-10-24,02,quantile,0.025,0
2026-10-03,wk inc rsv hosp,3,2026-10-24,02,quantile,0.05,0
2026-10-03,wk inc rsv hosp,3,2026-10-24,02,quantile,0.1,1
2026-10-03,wk inc rsv hosp,3,2026-10-24,02,quantile,0.15,2
2026-10-03,wk inc rsv hosp,3,2026-10-24,02,quantile,0.2,4
2026-10-03,wk inc rsv hosp,3,2026-10-24,02,quantile,0.25,4
2026-10-03,wk inc rsv hosp,3,2026-10-24,02,quantile,0.3,5
2026-10-03,wk inc rsv hosp,3,2026-10-24,02,quantile,0.35,7
2026-10-03,wk inc rsv hosp,3,2026-10-24,02,quantile,0.4,8
2026-10-03,wk inc rsv hosp,3,2026-10-24,02,quantile,0.45,9
2026-10-03,wk inc rsv hosp,3,2026-10-24,02,quantile,0.5,11
2026-10-03,wk inc rsv hosp,3,2026-10-24,02,quantile,0.55,13
2026-10-03,wk inc rsv hosp,3,2026-10-24,02,quantile,0.6,14
2026-10-03,wk inc rsv hosp,3,2026-10-24,02,quantile,0.65,17
2026-10-03,wk inc rsv hosp,3,2026-10-24,02,quantile,0.7,20
2026-10-03,wk inc rsv hosp,3,2026-10-24,02,quantile,0.75,23
2026-10-03,wk inc rsv hosp,3,2026-10-24,02,quantile,0.8,28
2026-10-03,wk inc rsv hosp,3,2026-10-24,02,quantile,0.85,33
2026-10-03,wk inc rsv hosp,3,2026-10-24,02,quantile,0.9,42
2026-10-03,wk inc rsv hosp,3,2026-10-24,02,quantile,0.95,54
2026-10-03,wk inc rsv hosp,3,2026-10-24,02,quantile,0.975,68
2026-10-03,wk inc rsv hosp,3,2026-10-24,02,quantile,0.99,93
2026-10-03,wk inc rsv hosp,3,2026-10-24,04,quantile,0.01,0
2026-10-03,wk inc rsv hosp,3,2026-10-24,04,quantile,0.025,0
2026-10-03,wk inc rsv hosp,3,2026-10-24,04,quantile,0.05,0
2026-10-03,wk inc rsv hosp,3,2026-10-24,04,quantile,0.1,1
2026-10-03,wk inc rsv hosp,3,2026-10-24,04,quantile,0.15,2
2026-10-03,wk inc rsv hosp,3,2026-10-24,04,quantile,0.2,2
2026-10-03,wk inc rsv hosp,3,2026-10-24,04,quantile,0.25,3
2026-10-03,wk inc rsv hosp,3,2026-10-24,04,quantile,0.3,3
2026-10-03,wk inc rsv hosp,3,2026-10-24,04,quantile,0.35,4
2026-10-03,wk inc rsv hosp,3,2026-10-24,04,quantile,0.4,5
2026-10-03,wk inc rsv hosp,3,2026-10-24,04,quantile,0.45,6
2026-10-03,wk inc rsv hosp,3,2026-10-24,04,quantile,0.5,6
2026-10-03,wk inc rsv hosp,3,2026-10-24,04,quantile,0.55,7
2026-10-03,wk inc rsv hosp,3,2026-10-24,04,quantile,0.6,9
2026-10-03,wk inc rsv hosp,3,2026-10-24,04,quantile,0.65,10
2026-10-03,wk inc rsv hosp,3,2026-10-24,04,quantile,0.7,12
2026-10-03,wk inc rsv hosp,3,2026-10-24,04,quantile,0.75,14
2026-10-03,wk inc rsv hosp,3,2026-10-24,04,quantile,0.8,18
2026-10-03,wk inc rsv hosp,3,2026-10-24,04,quantile,0.85,24
2026-10-03,wk inc rsv hosp,3,2026-10-24,04,quantile,0.9,34
2026-10-03,wk inc rsv hosp,3,2026-10-24,04,quantile,0.95,54
2026-10-03,wk inc rsv hosp,3,2026-10-24,04,quantile,0.975,89
2026-10-03,wk inc rsv hosp,3,2026-10-24,04,quantile,0.99,234
2026-10-03,wk inc rsv hosp,3,2026-10-24,05,quantile,0.01,0
2026-10-03,wk inc rsv hosp,3,2026-10-24,05,quantile,0.025,0
2026-10-03,wk inc rsv hosp,3,2026-10-24,05,quantile,0.05,1
2026-10-03,wk inc rsv hosp,3,2026-10-24,05,quantile,0.1,2
2026-10-03,wk inc rsv hosp,3,2026-10-24,05,quantile,0.15,3
2026-10-03,wk inc rsv hosp,3,2026-10-24,05,quantile,0.2,4
2026-10-03,wk inc rsv hosp,3,2026-10-24,05,quantile,0.25,4
2026-10-03,wk inc rsv hosp,3,2026-10-24,05,quantile,0.3,5
2026-10-03,wk inc rsv hosp,3,2026-10-24,05,quantile,0.35,6
2026-10-03,wk inc rsv hosp,3,2026-10-24,05,quantile,0.4,7
2026-10-03,wk inc rsv hosp,3,2026-10-24,05,quantile,0.45,8
2026-10-03,wk inc rsv hosp,3,2026-10-24,05,quantile,0.5,9
2026-10-03,wk inc rsv hosp,3,2026-10-24,05,quantile,0.55,11
2026-10-03,wk inc rsv hosp,3,2026-10-24,05,quantile,0.6,12
2026-10-03,wk inc rsv hosp,3,2026-10-24,05,quantile,0.65,14
2026-10-03,wk inc rsv hosp,3,2026-10-24,05,quantile,0.7,16
2026-10-03,wk inc rsv hosp,3,2026-10-24,05,quantile,0.75,19
2026-10-03,wk inc rsv hosp,3,2026-10-24,05,quantile,0.8,24
2026-10-03,wk inc rsv hosp,3,2026-10-24,05,quantile,0.85,30
2026-10-03,wk inc rsv hosp,3,2026-10-24,05,quantile,0.9,44
2026-10-03,wk inc rsv hosp,3,2026-10-24,05,quantile,0.95,74
2026-10-03,wk inc rsv hosp,3,2026-10-24,05,quantile,0.975,121
2026-10-03,wk inc rsv hosp,3,2026-10-24,05,quantile,0.99,226
2026-10-03,wk inc rsv hosp,3,2026-10-24,06,quantile,0.01,0
2026-10-03,wk inc rsv hosp,3,2026-10-24,06,quantile,0.025,1
2026-10-03,wk inc rsv hosp,3,2026-10-24,06,quantile,0.05,4
2026-10-03,wk inc rsv hosp,3,2026-10-24,06,quantile,0.1,8
2026-10-03,wk inc rsv hosp,3,2026-10-24,06,quantile,0.15,10
2026-10-03,wk inc rsv hosp,3,2026-10-24,06,quantile,0.2,12
2026-10-03,wk inc rsv hosp,3,2026-10-24,06,quantile,0.25,14
2026-10-03,wk inc rsv hosp,3,2026-10-24,06,quantile,0.3,16
2026-10-03,wk inc rsv hosp,3,2026-10-24,06,quantile,0.35,18
2026-10-03,wk inc rsv hosp,3,2026-10-24,06,quantile,0.4,21
2026-10-03,wk inc rsv hosp,3,2026-10-24,06,quantile,0.45,24
2026-10-03,wk inc rsv hosp,3,2026-10-24,06,quantile,0.5,26
2026-10-03,wk inc rsv hosp,3,2026-10-24,06,quantile,0.55,31
2026-10-03,wk inc rsv hosp,3,2026-10-24,06,quantile,0.6,35
2026-10-03,wk inc rsv hosp,3,2026-10-24,06,quantile,0.65,40
2026-10-03,wk inc rsv hosp,3,2026-10-24,06,quantile,0.7,45
2026-10-03,wk inc rsv hosp,3,2026-10-24,06,quantile,0.75,54
2026-10-03,wk inc rsv hosp,3,2026-10-24,06,quantile,0.8,62
2026-10-03,wk inc rsv hosp,3,2026-10-24,06,quantile,0.85,73
2026-10-03,wk inc rsv hosp,3,2026-10-24,06,quantile,0.9,95
2026-10-03,wk inc rsv hosp,3,2026-10-24,06,quantile,0.95,131
2026-10-03,wk inc rsv hosp,3,2026-10-24,06,quantile,0.975,184
2026-10-03,wk inc rsv hosp,3,2026-10-24,06,quantile,0.99,259
2026-10-03,wk inc rsv hosp,3,2026-10-24,08,quantile,0.01,0
2026-10-03,wk inc rsv hosp,3,2026-10-24,08,quantile,0.025,0
2026-10-03,wk inc rsv hosp,3,2026-10-24,08,quantile,0.05,0
2026-10-03,wk inc rsv hosp,3,2026-10-24,08,quantile,0.1,0
2026-10-03,wk inc rsv hosp,3,2026-10-24,08,quantile,0.15,0
2026-10-03,wk inc rsv hosp,3,2026-10-24,08,quantile,0.2,0
2026-10-03,wk inc rsv hosp,3,2026-10-24,08,quantile,0.25,0
2026-10-03,wk inc rsv hosp,3,2026-10-24,08,quantile,0.3,0
2026-10-03,wk inc rsv hosp,3,2026-10-24,08,quantile,0.35,0
2026-10-03,wk inc rsv hosp,3,2026-10-24,08,quantile,0.4,0
2026-10-03,wk inc rsv hosp,3,2026-10-24,08,quantile,0.45,0
2026-10-03,wk inc rsv hosp,3,2026-10-24,08,quantile,0.5,0
2026-10-03,wk inc rsv hosp,3,2026-10-24,08,quantile,0.55,1
2026-10-03,wk inc rsv hosp,3,2026-10-24,08,quantile,0.6,1
2026-10-03,wk inc rsv hosp,3,2026-10-24,08,quantile,0.65,1
2026-10-03,wk inc rsv hosp,3,2026-10-24,08,quantile,0.7,2
2026-10-03,wk inc rsv hosp,3,2026-10-24,08,quantile,0.75,3
2026-10-03,wk inc rsv hosp,3,2026-10-24,08,quantile,0.8,4
2026-10-03,wk inc rsv hosp,3,2026-10-24,08,quantile,0.85,5
2026-10-03,wk inc rsv hosp,3,2026-10-24,08,quantile,0.9,8
2026-10-03,wk inc rsv hosp,3,2026-10-24,08,quantile,0.95,15
2026-10-03,wk inc rsv hosp,3,2026-10-24,08,quantile,0.975,20
2026-10-03,wk inc rsv hosp,3,2026-10-24,08,quantile,0.99,41
2026-10-03,wk inc rsv hosp,3,2026-10-24,09,quantile,0.01,0
2026-10-03,wk inc rsv hosp,3,2026-10-24,09,quantile,0.025,0
2026-10-03,wk inc rsv hosp,3,2026-10-24,09,quantile,0.05,0
2026-10-03,wk inc rsv hosp,3,2026-10-24,09,quantile,0.1,0
2026-10-03,wk inc rsv hosp,3,2026-10-24,09,quantile,0.15,0
2026-10-03,wk inc rsv hosp,3,2026-10-24,09,quantile,0.2,0
2026-10-03,wk inc rsv hosp,3,2026-10-24,09,quantile,0.25,0
2026-10-03,wk inc rsv hosp,3,2026-10-24,09,quantile,0.3,1
2026-10-03,wk inc rsv hosp,3,2026-10-24,09,quantile,0.35,1
2026-10-03,wk inc rsv hosp,3,2026-10-24,09,quantile,0.4,1
2026-10-03,wk inc rsv hosp,3,2026-10-24,09,quantile,0.45,1
2026-10-03,wk inc rsv hosp,3,2026-10-24,09,quantile,0.5,1
2026-10-03,wk inc rsv hosp,3,2026-10-24,09,quantile,0.55,2
2026-10-03,wk inc rsv hosp,3,2026-10-24,09,quantile,0.6,2
2026-10-03,wk inc rsv hosp,3,2026-10-24,09,quantile,0.65,2
2026-10-03,wk inc rsv hosp,3,2026-10-24,09,quantile,0.7,3
2026-10-03,wk inc rsv hosp,3,2026-10-24,09,quantile,0.75,3
2026-10-03,wk inc rsv hosp,3,2026-10-24,09,quantile,0.8,4
2026-10-03,wk inc rsv hosp,3,2026-10-24,09,quantile,0.85,5
2026-10-03,wk inc rsv hosp,3,2026-10-24,09,quantile,0.9,8
2026-10-03,wk inc rsv hosp,3,2026-10-24,09,quantile,0.95,14
2026-10-03,wk inc rsv hosp,3,2026-10-24,09,quantile,0.975,21
2026-10-03,wk inc rsv hosp,3,2026-10-24,09,quantile,0.99,41
2026-10-03,wk inc rsv hosp,3,2026-10-24,10,quantile,0.01,0
2026-10-03,wk inc rsv hosp,3,2026-10-24,10,quantile,0.025,0
2026-10-03,wk inc rsv hosp,3,2026-10-24,10,quantile,0.05,0
2026-10-03,wk inc rsv hosp,3,2026-10-24,10,quantile,0.1,0
2026-10-03,wk inc rsv hosp,3,2026-10-24,10,quantile,0.15,1
2026-10-03,wk inc rsv hosp,3,2026-10-24,10,quantile,0.2,1
2026-10-03,wk inc rsv hosp,3,2026-10-24,10,quantile,0.25,2
2026-10-03,wk inc rsv hosp,3,2026-10-24,10,quantile,0.3,3
2026-10-03,wk inc rsv hosp,3,2026-10-24,10,quantile,0.35,3
2026-10-03,wk inc rsv hosp,3,2026-10-24,10,quantile,0.4,4
2026-10-03,wk inc rsv hosp,3,2026-10-24,10,quantile,0.45,4
2026-10-03,wk inc rsv hosp,3,2026-10-24,10,quantile,0.5,5
2026-10-03,wk inc rsv hosp,3,2026-10-24,10,quantile,0.55,6
2026-10-03,wk inc rsv hosp,3,2026-10-24,10,quantile,0.6,7
2026-10-03,wk inc rsv hosp,3,2026-10-24,10,quantile,0.65,8
2026-10-03,wk inc rsv hosp,3,2026-10-24,10,quantile,0.7,10
2026-10-03,wk inc rsv hosp,3,2026-10-24,10,quantile,0.75,13
2026-10-03,wk inc rsv hosp,3,2026-10-24,10,quantile,0.8,16
2026-10-03,wk inc rsv hosp,3,2026-10-24,10,quantile,0.85,23
2026-10-03,wk inc rsv hosp,3,2026-10-24,10,quantile,0.9,32
2026-10-03,wk inc rsv hosp,3,2026-10-24,10,quantile,0.95,55
2026-10-03,wk inc rsv hosp,3,2026-10-24,10,quantile,0.975,79
2026-10-03,wk inc rsv hosp,3,2026-10-24,10,quantile,0.99,138
2026-10-03,wk inc rsv hosp,3,2026-10-24,11,quantile,0.01,0
2026-10-03,wk inc rsv hosp,3,2026-10-24,11,quantile,0.025,0
2026-10-03,wk inc rsv hosp,3,2026-10-24,11,quantile,0.05,0
2026-10-03,wk inc rsv hosp,3,2026-10-24,11,quantile,0.1,0
2026-10-03,wk inc rsv hosp,3,2026-10-24,11,quantile,0.15,0
2026-10-03,wk inc rsv hosp,3,2026-10-24,11,quantile,0.2,0
2026-10-03,wk inc rsv hosp,3,2026-10-24,11,quantile,0.25,0
2026-10-03,wk inc rsv hosp,3,2026-10-24,11,quantile,0.3,0
2026-10-03,wk inc rsv hosp,3,2026-10-24,11,quantile,0.35,0
2026-10-03,wk inc rsv hosp,3,2026-10-24,11,quantile,0.4,0
2026-10-03,wk inc rsv hosp,3,2026-10-24,11,quantile,0.45,0
2026-10-03,wk inc rsv hosp,3,2026-10-24,11,quantile,0.5,0
2026-10-03,wk inc rsv hosp,3,2026-10-24,11,quantile,0.55,0
2026-10-03,wk inc rsv hosp,3,2026-10-24,11,quantile,0.6,0
2026-10-03,wk inc rsv hosp,3,2026-10-24,11,quantile,0.65,0
2026-10-03,wk inc rsv hosp,3,2026-10-24,11,quantile,0.7,0
2026-10-03,wk inc rsv hosp,3,2026-10-24,11,quantile,0.75,0
2026-10-03,wk inc rsv hosp,3,2026-10-24,11,quantile,0.8,0
2026-10-03,wk inc rsv hosp,3,2026-10-24,11,quantile,0.85,0
2026-10-03,wk inc rsv hosp,3,2026-10-24,11,quantile,0.9,0
2026-10-03,wk inc rsv hosp,3,2026-10-24,11,quantile,0.95,1
2026-10-03,wk inc rsv hosp,3,2026-10-24,11,quantile,0.975,3
2026-10-03,wk inc rsv hosp,3,2026-10-24,11,quantile,0.99,5
2026-10-03,wk inc rsv hosp,3,2026-10-24,12,quantile,0.01,39
2026-10-03,wk inc rsv hosp,3,2026-10-24,12,quantile,0.025,56
2026-10-03,wk inc rsv hosp,3,2026-10-24,12,quantile,0.05,70
2026-10-03,wk inc rsv hosp,3,2026-10-24,12,quantile,0.1,89
2026-10-03,wk inc rsv hosp,3,2026-10-24,12,quantile,0.15,106
2026-10-03,wk inc rsv hosp,3,2026-10-24,12,quantile,0.2,117
2026-10-03,wk inc rsv hosp,3,2026-10-24,12,quantile,0.25,132
2026-10-03,wk inc rsv hosp,3,2026-10-24,12,quantile,0.3,148
2026-10-03,wk inc rsv hosp,3,2026-10-24,12,quantile,0.35,165
2026-10-03,wk inc rsv hosp,3,2026-10-24,12,quantile,0.4,186
2026-10-03,wk inc rsv hosp,3,2026-10-24,12,quantile,0.45,204
2026-10-03,wk inc rsv hosp,3,2026-10-24,12,quantile,0.5,223
2026-10-03,wk inc rsv hosp,3,2026-10-24,12,quantile,0.55,250
2026-10-03,wk inc rsv hosp,3,2026-10-24,12,quantile,0.6,279
2026-10-03,wk inc rsv hosp,3,2026-10-24,12,quantile,0.65,303
2026-10-03,wk inc rsv hosp,3,2026-10-24,12,quantile,0.7,341
2026-10-03,wk inc rsv hosp,3,2026-10-24,12,quantile,0.75,390
2026-10-03,wk inc rsv hosp,3,2026-10-24,12,quantile,0.8,451
2026-10-03,wk inc rsv hosp,3,2026-10-24,12,quantile,0.85,533
2026-10-03,wk inc rsv hosp,3,2026-10-24,12,quantile,0.9,654
2026-10-03,wk inc rsv hosp,3,2026-10-24,12,quantile,0.95,893
2026-10-03,wk inc rsv hosp,3,2026-10-24,12,quantile,0.975,1113
2026-10-03,wk inc rsv hosp,3,2026-10-24,12,quantile,0.99,1240
2026-10-03,wk inc rsv hosp,3,2026-10-24,13,quantile,0.01,3
2026-10-03,wk inc rsv hosp,3,2026-10-24,13,quantile,0.025,5
2026-10-03,wk inc rsv hosp,3,2026-10-24,13,quantile,0.05,7
2026-10-03,wk inc rsv hosp,3,2026-10-24,13,quantile,0.1,10
2026-10-03,wk inc rsv hosp,3,2026-10-24,13,quantile,0.15,12
2026-10-03,wk inc rsv hosp,3,2026-10-24,13,quantile,0.2,14
2026-10-03,wk inc rsv hosp,3,2026-10-24,13,quantile,0.25,17
2026-10-03,wk inc rsv hosp,3,2026-10-24,13,quantile,0.3,19
2026-10-03,wk inc rsv hosp,3,2026-10-24,13,quantile,0.35,22
2026-10-03,wk inc rsv hosp,3,2026-10-24,13,quantile,0.4,24
2026-10-03,wk inc rsv hosp,3,2026-10-24,13,quantile,0.45,28
2026-10-03,wk inc rsv hosp,3,2026-10-24,13,quantile,0.5,31
2026-10-03,wk inc rsv hosp,3,2026-10-24,13,quantile,0.55,35
2026-10-03,wk inc rsv hosp,3,2026-10-24,13,quantile,0.6,41
2026-10-03,wk inc rsv hosp,3,2026-10-24,13,quantile,0.65,47
2026-10-03,wk inc rsv hosp,3,2026-10-24,13,quantile,0.7,52
2026-10-03,wk inc rsv hosp,3,2026-10-24,13,quantile,0.75,63
2026-10-03,wk inc rsv hosp,3,2026-10-24,13,quantile,0.8,74
2026-10-03,wk inc rsv hosp,3,2026-10-24,13,quantile,0.85,93
2026-10-03,wk inc rsv hosp,3,2026-10-24,13,quantile,0.9,123
2026-10-03,wk inc rsv hosp,3,2026-10-24,13,quantile,0.95,163
2026-10-03,wk inc rsv hosp,3,2026-10-24,13,quantile,0.975,254
2026-10-03,wk inc rsv hosp,3,2026-10-24,13,quantile,0.99,374
2026-10-03,wk inc rsv hosp,3,2026-10-24,15,quantile,0.01,0
2026-10-03,wk inc rsv hosp,3,2026-10-24,15,quantile,0.025,0
2026-10-03,wk inc rsv hosp,3,2026-10-24,15,quantile,0.05,1
2026-10-03,wk inc rsv hosp,3,2026-10-24,15,quantile,0.1,2
2026-10-03,wk inc rsv hosp,3,2026-10-24,15,quantile,0.15,2
2026-10-03,wk inc rsv hosp,3,2026-10-24,15,quantile,0.2,3
2026-10-03,wk inc rsv hosp,3,2026-10-24,15,quantile,0.25,4
2026-10-03,wk inc rsv hosp,3,2026-10-24,15,quantile,0.3,5
2026-10-03,wk inc rsv hosp,3,2026-10-24,15,quantile,0.35,5
2026-10-03,wk inc rsv hosp,3,2026-10-24,15,quantile,0.4,6
2026-10-03,wk inc rsv hosp,3,2026-10-24,15,quantile,0.45,7
2026-10-03,wk inc rsv hosp,3,2026-10-24,15,quantile,0.5,8
2026-10-03,wk inc rsv hosp,3,2026-10-24,15,quantile,0.55,9
2026-10-03,wk inc rsv hosp,3,2026-10-24,15,quantile,0.6,11
2026-10-03,wk inc rsv hosp,3,2026-10-24,15,quantile,0.65,12
2026-10-03,wk inc rsv hosp,3,2026-10-24,15,quantile,0.7,14
2026-10-03,wk inc rsv hosp,3,2026-10-24,15,quantile,0.75,16
2026-10-03,wk inc rsv hosp,3,2026-10-24,15,quantile,0.8,19
2026-10-03,wk inc rsv hosp,3,2026-10-24,15,quantile,0.85,24
2026-10-03,wk inc rsv hosp,3,2026-10-24,15,quantile,0.9,32
2026-10-03,wk inc rsv hosp,3,2026-10-24,15,quantile,0.95,47
2026-10-03,wk inc rsv hosp,3,2026-10-24,15,quantile,0.975,68
2026-10-03,wk inc rsv hosp,3,2026-10-24,15,quantile,0.99,99
2026-10-03,wk inc rsv hosp,3,2026-10-24,16,quantile,0.01,2
2026-10-03,wk inc rsv hosp,3,2026-10-24,16,quantile,0.025,3
2026-10-03,wk inc rsv hosp,3,2026-10-24,16,quantile,0.05,5
2026-10-03,wk inc rsv hosp,3,2026-10-24,16,quantile,0.1,7
2026-10-03,wk inc rsv hosp,3,2026-10-24,16,quantile,0.15,10
2026-10-03,wk inc rsv hosp,3,2026-10-24,16,quantile,0.2,12
2026-10-03,wk inc rsv hosp,3,2026-10-24,16,quantile,0.25,14
2026-10-03,wk inc rsv hosp,3,2026-10-24,16,quantile,0.3,17
2026-10-03,wk inc rsv hosp,3,2026-10-24,16,quantile,0.35,20
2026-10-03,wk inc rsv hosp,3,2026-10-24,16,quantile,0.4,23
2026-10-03,wk inc rsv hosp,3,2026-10-24,16,quantile,0.45,27
2026-10-03,wk inc rsv hosp,3,2026-10-24,16,quantile,0.5,32
2026-10-03,wk inc rsv hosp,3,2026-10-24,16,quantile,0.55,39
2026-10-03,wk inc rsv hosp,3,2026-10-24,16,quantile,0.6,46
2026-10-03,wk inc rsv hosp,3,2026-10-24,16,quantile,0.65,59
2026-10-03,wk inc rsv hosp,3,2026-10-24,16,quantile,0.7,74
2026-10-03,wk inc rsv hosp,3,2026-10-24,16,quantile,0.75,92
2026-10-03,wk inc rsv hosp,3,2026-10-24,16,quantile,0.8,119
2026-10-03,wk inc rsv hosp,3,2026-10-24,16,quantile,0.85,152
2026-10-03,wk inc rsv hosp,3,2026-10-24,16,quantile,0.9,211
2026-10-03,wk inc rsv hosp,3,2026-10-24,16,quantile,0.95,317
2026-10-03,wk inc rsv hosp,3,2026-10-24,16,quantile,0.975,425
2026-10-03,wk inc rsv hosp,3,2026-10-24,16,quantile,0.99,516
2026-10-03,wk inc rsv hosp,3,2026-10-24,17,quantile,0.01,0
2026-10-03,wk inc rsv hosp,3,2026-10-24,17,quantile,0.025,0
2026-10-03,wk inc rsv hosp,3,2026-10-24,17,quantile,0.05,0
2026-10-03,wk inc rsv hosp,3,2026-10-24,17,quantile,0.1,0
2026-10-03,wk inc rsv hosp,3,2026-10-24,17,quantile,0.15,1
2026-10-03,wk inc rsv hosp,3,2026-10-24,17,quantile,0.2,2
2026-10-03,wk inc rsv hosp,3,2026-10-24,17,quantile,0.25,3
2026-10-03,wk inc rsv hosp,3,2026-10-24,17,quantile,0.3,5
2026-10-03,wk inc rsv hosp,3,2026-10-24,17,quantile,0.35,6
2026-10-03,wk inc rsv hosp,3,2026-10-24,17,quantile,0.4,8
2026-10-03,wk inc rsv hosp,3,2026-10-24,17,quantile,0.45,9
2026-10-03,wk inc rsv hosp,3,2026-10-24,17,quantile,0.5,11
2026-10-03,wk inc rsv hosp,3,2026-10-24,17,quantile,0.55,13
2026-10-03,wk inc rsv hosp,3,2026-10-24,17,quantile,0.6,15
2026-10-03,wk inc rsv hosp,3,2026-10-24,17,quantile,0.65,19
2026-10-03,wk inc rsv hosp,3,2026-10-24,17,quantile,0.7,23
2026-10-03,wk inc rsv hosp,3,2026-10-24,17,quantile,0.75,27
2026-10-03,wk inc rsv hosp,3,2026-10-24,17,quantile,0.8,35
2026-10-03,wk inc rsv hosp,3,2026-10-24,17,quantile,0.85,46
2026-10-03,wk inc rsv hosp,3,2026-10-24,17,quantile,0.9,66
2026-10-03,wk inc rsv hosp,3,2026-10-24,17,quantile,0.95,119
2026-10-03,wk inc rsv hosp,3,2026-10-24,17,quantile,0.975,164
2026-10-03,wk inc rsv hosp,3,2026-10-24,17,quantile,0.99,342
2026-10-03,wk inc rsv hosp,3,2026-10-24,18,quantile,0.01,0
2026-10-03,wk inc rsv hosp,3,2026-10-24,18,quantile,0.025,0
2026-10-03,wk inc rsv hosp,3,2026-10-24,18,quantile,0.05,0
2026-10-03,wk inc rsv hosp,3,2026-10-24,18,quantile,0.1,0
2026-10-03,wk inc rsv hosp,3,2026-10-24,18,quantile,0.15,0
2026-10-03,wk inc rsv hosp,3,2026-10-24,18,quantile,0.2,0
2026-10-03,wk inc rsv hosp,3,2026-10-24,18,quantile,0.25,1
2026-10-03,wk inc rsv hosp,3,2026-10-24,18,quantile,0.3,1
2026-10-03,wk inc rsv hosp,3,2026-10-24,18,quantile,0.35,1
2026-10-03,wk inc rsv hosp,3,2026-10-24,18,quantile,0.4,2
2026-10-03,wk inc rsv hosp,3,2026-10-24,18,quantile,0.45,2
2026-10-03,wk inc rsv hosp,3,2026-10-24,18,quantile,0.5,3
2026-10-03,wk inc rsv hosp,3,2026-10-24,18,quantile,0.55,4
2026-10-03,wk inc rsv hosp,3,2026-10-24,18,quantile,0.6,4
2026-10-03,wk inc rsv hosp,3,2026-10-24,18,quantile,0.65,5
2026-10-03,wk inc rsv hosp,3,2026-10-24,18,quantile,0.7,7
2026-10-03,wk inc rsv hosp,3,2026-10-24,18,quantile,0.75,9
2026-10-03,wk inc rsv hosp,3,2026-10-24,18,quantile,0.8,11
2026-10-03,wk inc rsv hosp,3,2026-10-24,18,quantile,0.85,14
2026-10-03,wk inc rsv hosp,3,2026-10-24,18,quantile,0.9,19
2026-10-03,wk inc rsv hosp,3,2026-10-24,18,quantile,0.95,32
2026-10-03,wk inc rsv hosp,3,2026-10-24,18,quantile,0.975,46
2026-10-03,wk inc rsv hosp,3,2026-10-24,18,quantile,0.99,68
2026-10-03,wk inc rsv hosp,3,2026-10-24,19,quantile,0.01,0
2026-10-03,wk inc rsv hosp,3,2026-10-24,19,quantile,0.025,0
2026-10-03,wk inc rsv hosp,3,2026-10-24,19,quantile,0.05,0
2026-10-03,wk inc rsv hosp,3,2026-10-24,19,quantile,0.1,0
2026-10-03,wk inc rsv hosp,3,2026-10-24,19,quantile,0.15,0
2026-10-03,wk inc rsv hosp,3,2026-10-24,19,quantile,0.2,0
2026-10-03,wk inc rsv hosp,3,2026-10-24,19,quantile,0.25,1
2026-10-03,wk inc rsv hosp,3,2026-10-24,19,quantile,0.3,2
2026-10-03,wk inc rsv hosp,3,2026-10-24,19,quantile,0.35,2
2026-10-03,wk inc rsv hosp,3,2026-10-24,19,quantile,0.4,3
2026-10-03,wk inc rsv hosp,3,2026-10-24,19,quantile,0.45,4
2026-10-03,wk inc rsv hosp,3,2026-10-24,19,quantile,0.5,5
2026-10-03,wk inc rsv hosp,3,2026-10-24,19,quantile,0.55,6
2026-10-03,wk inc rsv hosp,3,2026-10-24,19,quantile,0.6,7
2026-10-03,wk inc rsv hosp,3,2026-10-24,19,quantile,0.65,9
2026-10-03,wk inc rsv hosp,3,2026-10-24,19,quantile,0.7,11
2026-10-03,wk inc rsv hosp,3,2026-10-24,19,quantile,0.75,13
2026-10-03,wk inc rsv hosp,3,2026-10-24,19,quantile,0.8,16
2026-10-03,wk inc rsv hosp,3,2026-10-24,19,quantile,0.85,22
2026-10-03,wk inc rsv hosp,3,2026-10-24,19,quantile,0.9,30
2026-10-03,wk inc rsv hosp,3,2026-10-24,19,quantile,0.95,56
2026-10-03,wk inc rsv hosp,3,2026-10-24,19,quantile,0.975,79
2026-10-03,wk inc rsv hosp,3,2026-10-24,19,quantile,0.99,141
2026-10-03,wk inc rsv hosp,3,2026-10-24,20,quantile,0.01,0
2026-10-03,wk inc rsv hosp,3,2026-10-24,20,quantile,0.025,0
2026-10-03,wk inc rsv hosp,3,2026-10-24,20,quantile,0.05,0
2026-10-03,wk inc rsv hosp,3,2026-10-24,20,quantile,0.1,0
2026-10-03,wk inc rsv hosp,3,2026-10-24,20,quantile,0.15,0
2026-10-03,wk inc rsv hosp,3,2026-10-24,20,quantile,0.2,0
2026-10-03,wk inc rsv hosp,3,2026-10-24,20,quantile,0.25,0
2026-10-03,wk inc rsv hosp,3,2026-10-24,20,quantile,0.3,1
2026-10-03,wk inc rsv hosp,3,2026-10-24,20,quantile,0.35,1
2026-10-03,wk inc rsv hosp,3,2026-10-24,20,quantile,0.4,1
2026-10-03,wk inc rsv hosp,3,2026-10-24,20,quantile,0.45,2
2026-10-03,wk inc rsv hosp,3,2026-10-24,20,quantile,0.5,2
2026-10-03,wk inc rsv hosp,3,2026-10-24,20,quantile,0.55,3
2026-10-03,wk inc rsv hosp,3,2026-10-24,20,quantile,0.6,3
2026-10-03,wk inc rsv hosp,3,2026-10-24,20,quantile,0.65,4
2026-10-03,wk inc rsv hosp,3,2026-10-24,20,quantile,0.7,5
2026-10-03,wk inc rsv hosp,3,2026-10-24,20,quantile,0.75,6
2026-10-03,wk inc rsv hosp,3,2026-10-24,20,quantile,0.8,8
2026-10-03,wk inc rsv hosp,3,2026-10-24,20,quantile,0.85,11
2026-10-03,wk inc rsv hosp,3,2026-10-24,20,quantile,0.9,17
2026-10-03,wk inc rsv hosp,3,2026-10-24,20,quantile,0.95,30
2026-10-03,wk inc rsv hosp,3,2026-10-24,20,quantile,0.975,52
2026-10-03,wk inc rsv hosp,3,2026-10-24,20,quantile,0.99,158
2026-10-03,wk inc rsv hosp,3,2026-10-24,21,quantile,0.01,0
2026-10-03,wk inc rsv hosp,3,2026-10-24,21,quantile,0.025,1
2026-10-03,wk inc rsv hosp,3,2026-10-24,21,quantile,0.05,2
2026-10-03,wk inc rsv hosp,3,2026-10-24,21,quantile,0.1,4
2026-10-03,wk inc rsv hosp,3,2026-10-24,21,quantile,0.15,5
2026-10-03,wk inc rsv hosp,3,2026-10-24,21,quantile,0.2,7
2026-10-03,wk inc rsv hosp,3,2026-10-24,21,quantile,0.25,8
2026-10-03,wk inc rsv hosp,3,2026-10-24,21,quantile,0.3,9
2026-10-03,wk inc rsv hosp,3,2026-10-24,21,quantile,0.35,11
2026-10-03,wk inc rsv hosp,3,2026-10-24,21,quantile,0.4,13
2026-10-03,wk inc rsv hosp,3,2026-10-24,21,quantile,0.45,14
2026-10-03,wk inc rsv hosp,3,2026-10-24,21,quantile,0.5,16
2026-10-03,wk inc rsv hosp,3,2026-10-24,21,quantile,0.55,18
2026-10-03,wk inc rsv hosp,3,2026-10-24,21,quantile,0.6,21
2026-10-03,wk inc rsv hosp,3,2026-10-24,21,quantile,0.65,25
2026-10-03,wk inc rsv hosp,3,2026-10-24,21,quantile,0.7,29
2026-10-03,wk inc rsv hosp,3,2026-10-24,21,quantile,0.75,33
2026-10-03,wk inc rsv hosp,3,2026-10-24,21,quantile,0.8,42
2026-10-03,wk inc rsv hosp,3,2026-10-24,21,quantile,0.85,55
2026-10-03,wk inc rsv hosp,3,2026-10-24,21,quantile,0.9,74
2026-10-03,wk inc rsv hosp,3,2026-10-24,21,quantile,0.95,112
2026-10-03,wk inc rsv hosp,3,2026-10-24,21,quantile,0.975,202
2026-10-03,wk inc rsv hosp,3,2026-10-24,21,quantile,0.99,303
2026-10-03,wk inc rsv hosp,3,2026-10-24,22,quantile,0.01,1
2026-10-03,wk inc rsv hosp,3,2026-10-24,22,quantile,0.025,2
2026-10-03,wk inc rsv hosp,3,2026-10-24,22,quantile,0.05,3
2026-10-03,wk inc rsv hosp,3,2026-10-24,22,quantile,0.1,4
2026-10-03,wk inc rsv hosp,3,2026-10-24,22,quantile,0.15,6
2026-10-03,wk inc rsv hosp,3,2026-10-24,22,quantile,0.2,7
2026-10-03,wk inc rsv hosp,3,2026-10-24,22,quantile,0.25,9
2026-10-03,wk inc rsv hosp,3,2026-10-24,22,quantile,0.3,10
2026-10-03,wk inc rsv hosp,3,2026-10-24,22,quantile,0.35,11
2026-10-03,wk inc rsv hosp,3,2026-10-24,22,quantile,0.4,13
2026-10-03,wk inc rsv hosp,3,2026-10-24,22,quantile,0.45,15
2026-10-03,wk inc rsv hosp,3,2026-10-24,22,quantile,0.5,17
2026-10-03,wk inc rsv hosp,3,2026-10-24,22,quantile,0.55,19
2026-10-03,wk inc rsv hosp,3,2026-10-24,22,quantile,0.6,22
2026-10-03,wk inc rsv hosp,3,2026-10-24,22,quantile,0.65,25
2026-10-03,wk inc rsv hosp,3,2026-10-24,22,quantile,0.7,29
2026-10-03,wk inc rsv hosp,3,2026-10-24,22,quantile,0.75,34
2026-10-03,wk inc rsv hosp,3,2026-10-24,22,quantile,0.8,41
2026-10-03,wk inc rsv hosp,3,2026-10-24,22,quantile,0.85,52
2026-10-03,wk inc rsv hosp,3,2026-10-24,22,quantile,0.9,74
2026-10-03,wk inc rsv hosp,3,2026-10-24,22,quantile,0.95,106
2026-10-03,wk inc rsv hosp,3,2026-10-24,22,quantile,0.975,164
2026-10-03,wk inc rsv hosp,3,2026-10-24,22,quantile,0.99,232
2026-10-03,wk inc rsv hosp,3,2026-10-24,23,quantile,0.01,0
2026-10-03,wk inc rsv hosp,3,2026-10-24,23,quantile,0.025,0
2026-10-03,wk inc rsv hosp,3,2026-10-24,23,quantile,0.05,0
2026-10-03,wk inc rsv hosp,3,2026-10-24,23,quantile,0.1,0
2026-10-03,wk inc rsv hosp,3,2026-10-24,23,quantile,0.15,0
2026-10-03,wk inc rsv hosp,3,2026-10-24,23,quantile,0.2,0
2026-10-03,wk inc rsv hosp,3,2026-10-24,23,quantile,0.25,0
2026-10-03,wk inc rsv hosp,3,2026-10-24,23,quantile,0.3,0
2026-10-03,wk inc rsv hosp,3,2026-10-24,23,quantile,0.35,0
2026-10-03,wk inc rsv hosp,3,2026-10-24,23,quantile,0.4,0
2026-10-03,wk inc rsv hosp,3,2026-10-24,23,quantile,0.45,0
2026-10-03,wk inc rsv hosp,3,2026-10-24,23,quantile,0.5,0
2026-10-03,wk inc rsv hosp,3,2026-10-24,23,quantile,0.55,0
2026-10-03,wk inc rsv hosp,3,2026-10-24,23,quantile,0.6,0
2026-10-03,wk inc rsv hosp,3,2026-10-24,23,quantile,0.65,0
2026-10-03,wk inc rsv hosp,3,2026-10-24,23,quantile,0.7,0
2026-10-03,wk inc rsv hosp,3,2026-10-24,23,quantile,0.75,0
2026-10-03,wk inc rsv hosp,3,2026-10-24,23,quantile,0.8,0
2026-10-03,wk inc rsv hosp,3,2026-10-24,23,quantile,0.85,0
2026-10-03,wk inc rsv hosp,3,2026-10-24,23,quantile,0.9,0
2026-10-03,wk inc rsv hosp,3,2026-10-24,23,quantile,0.95,0
2026-10-03,wk inc rsv hosp,3,2026-10-24,23,quantile,0.975,1
2026-10-03,wk inc rsv hosp,3,2026-10-24,23,quantile,0.99,6
2026-10-03,wk inc rsv hosp,3,2026-10-24,24,quantile,0.01,0
2026-10-03,wk inc rsv hosp,3,2026-10-24,24,quantile,0.025,0
2026-10-03,wk inc rsv hosp,3,2026-10-24,24,quantile,0.05,0
2026-10-03,wk inc rsv hosp,3,2026-10-24,24,quantile,0.1,0
2026-10-03,wk inc rsv hosp,3,2026-10-24,24,quantile,0.15,0
2026-10-03,wk inc rsv hosp,3,2026-10-24,24,quantile,0.2,0
2026-10-03,wk inc rsv hosp,3,2026-10-24,24,quantile,0.25,0
2026-10-03,wk inc rsv hosp,3,2026-10-24,24,quantile,0.3,0
2026-10-03,wk inc rsv hosp,3,2026-10-24,24,quantile,0.35,0
2026-10-03,wk inc rsv hosp,3,2026-10-24,24,quantile,0.4,0
2026-10-03,wk inc rsv hosp,3,2026-10-24,24,quantile,0.45,1
2026-10-03,wk inc rsv hosp,3,2026-10-24,24,quantile,0.5,1
2026-10-03,wk inc rsv hosp,3,2026-10-24,24,quantile,0.55,2
2026-10-03,wk inc rsv hosp,3,2026-10-24,24,quantile,0.6,3
2026-10-03,wk inc rsv hosp,3,2026-10-24,24,quantile,0.65,4
2026-10-03,wk inc rsv hosp,3,2026-10-24,24,quantile,0.7,5
2026-10-03,wk inc rsv hosp,3,2026-10-24,24,quantile,0.75,6
2026-10-03,wk inc rsv hosp,3,2026-10-24,24,quantile,0.8,9
2026-10-03,wk inc rsv hosp,3,2026-10-24,24,quantile,0.85,12
2026-10-03,wk inc rsv hosp,3,2026-10-24,24,quantile,0.9,19
2026-10-03,wk inc rsv hosp,3,2026-10-24,24,quantile,0.95,39
2026-10-03,wk inc rsv hosp,3,2026-10-24,24,quantile,0.975,61
2026-10-03,wk inc rsv hosp,3,2026-10-24,24,quantile,0.99,102
2026-10-03,wk inc rsv hosp,3,2026-10-24,25,quantile,0.01,0
2026-10-03,wk inc rsv hosp,3,2026-10-24,25,quantile,0.025,0
2026-10-03,wk inc rsv hosp,3,2026-10-24,25,quantile,0.05,0
2026-10-03,wk inc rsv hosp,3,2026-10-24,25,quantile,0.1,0
2026-10-03,wk inc rsv hosp,3,2026-10-24,25,quantile,0.15,0
2026-10-03,wk inc rsv hosp,3,2026-10-24,25,quantile,0.2,1
2026-10-03,wk inc rsv hosp,3,2026-10-24,25,quantile,0.25,1
2026-10-03,wk inc rsv hosp,3,2026-10-24,25,quantile,0.3,2
2026-10-03,wk inc rsv hosp,3,2026-10-24,25,quantile,0.35,3
2026-10-03,wk inc rsv hosp,3,2026-10-24,25,quantile,0.4,3
2026-10-03,wk inc rsv hosp,3,2026-10-24,25,quantile,0.45,4
2026-10-03,wk inc rsv hosp,3,2026-10-24,25,quantile,0.5,5
2026-10-03,wk inc rsv hosp,3,2026-10-24,25,quantile,0.55,5
2026-10-03,wk inc rsv hosp,3,2026-10-24,25,quantile,0.6,6
2026-10-03,wk inc rsv hosp,3,2026-10-24,25,quantile,0.65,7
2026-10-03,wk inc rsv hosp,3,2026-10-24,25,quantile,0.7,9
2026-10-03,wk inc rsv hosp,3,2026-10-24,25,quantile,0.75,11
2026-10-03,wk inc rsv hosp,3,2026-10-24,25,quantile,0.8,14
2026-10-03,wk inc rsv hosp,3,2026-10-24,25,quantile,0.85,18
2026-10-03,wk inc rsv hosp,3,2026-10-24,25,quantile,0.9,26
2026-10-03,wk inc rsv hosp,3,2026-10-24,25,quantile,0.95,43
2026-10-03,wk inc rsv hosp,3,2026-10-24,25,quantile,0.975,70
2026-10-03,wk inc rsv hosp,3,2026-10-24,25,quantile,0.99,131
2026-10-03,wk inc rsv hosp,3,2026-10-24,26,quantile,0.01,0
2026-10-03,wk inc rsv hosp,3,2026-10-24,26,quantile,0.025,0
2026-10-03,wk inc rsv hosp,3,2026-10-24,26,quantile,0.05,0
2026-10-03,wk inc rsv hosp,3,2026-10-24,26,quantile,0.1,0
2026-10-03,wk inc rsv hosp,3,2026-10-24,26,quantile,0.15,0
2026-10-03,wk inc rsv hosp,3,2026-10-24,26,quantile,0.2,0
2026-10-03,wk inc rsv hosp,3,2026-10-24,26,quantile,0.25,0
2026-10-03,wk inc rsv hosp,3,2026-10-24,26,quantile,0.3,0
2026-10-03,wk inc rsv hosp,3,2026-10-24,26,quantile,0.35,0
2026-10-03,wk inc rsv hosp,3,2026-10-24,26,quantile,0.4,7
2026-10-03,wk inc rsv hosp,3,2026-10-24,26,quantile,0.45,17
2026-10-03,wk inc rsv hosp,3,2026-10-24,26,quantile,0.5,30
2026-10-03,wk inc rsv hosp,3,2026-10-24,26,quantile,0.55,51
2026-10-03,wk inc rsv hosp,3,2026-10-24,26,quantile,0.6,83
2026-10-03,wk inc rsv hosp,3,2026-10-24,26,quantile,0.65,144
2026-10-03,wk inc rsv hosp,3,2026-10-24,26,quantile,0.7,234
2026-10-03,wk inc rsv hosp,3,2026-10-24,26,quantile,0.75,400
2026-10-03,wk inc rsv hosp,3,2026-10-24,26,quantile,0.8,643
2026-10-03,wk inc rsv hosp,3,2026-10-24,26,quantile,0.85,1009
2026-10-03,wk inc rsv hosp,3,2026-10-24,26,quantile,0.9,1457
2026-10-03,wk inc rsv hosp,3,2026-10-24,26,quantile,0.95,2200
2026-10-03,wk inc rsv hosp,3,2026-10-24,26,quantile,0.975,2582
2026-10-03,wk inc rsv hosp,3,2026-10-24,26,quantile,0.99,3213
2026-10-03,wk inc rsv hosp,3,2026-10-24,27,quantile,0.01,0
2026-10-03,wk inc rsv hosp,3,2026-10-24,27,quantile,0.025,0
2026-10-03,wk inc rsv hosp,3,2026-10-24,27,quantile,0.05,0
2026-10-03,wk inc rsv hosp,3,2026-10-24,27,quantile,0.1,0
2026-10-03,wk inc rsv hosp,3,2026-10-24,27,quantile,0.15,0
2026-10-03,wk inc rsv hosp,3,2026-10-24,27,quantile,0.2,0
2026-10-03,wk inc rsv hosp,3,2026-10-24,27,quantile,0.25,0
2026-10-03,wk inc rsv hosp,3,2026-10-24,27,quantile,0.3,0
2026-10-03,wk inc rsv hosp,3,2026-10-24,27,quantile,0.35,0
2026-10-03,wk inc rsv hosp,3,2026-10-24,27,quantile,0.4,1
2026-10-03,wk inc rsv hosp,3,2026-10-24,27,quantile,0.45,1
2026-10-03,wk inc rsv hosp,3,2026-10-24,27,quantile,0.5,1
2026-10-03,wk inc rsv hosp,3,2026-10-24,27,quantile,0.55,1
2026-10-03,wk inc rsv hosp,3,2026-10-24,27,quantile,0.6,1
2026-10-03,wk inc rsv hosp,3,2026-10-24,27,quantile,0.65,2
2026-10-03,wk inc rsv hosp,3,2026-10-24,27,quantile,0.7,2
2026-10-03,wk inc rsv hosp,3,2026-10-24,27,quantile,0.75,2
2026-10-03,wk inc rsv hosp,3,2026-10-24,27,quantile,0.8,3
2026-10-03,wk inc rsv hosp,3,2026-10-24,27,quantile,0.85,4
2026-10-03,wk inc rsv hosp,3,2026-10-24,27,quantile,0.9,5
2026-10-03,wk inc rsv hosp,3,2026-10-24,27,quantile,0.95,10
2026-10-03,wk inc rsv hosp,3,2026-10-24,27,quantile,0.975,16
2026-10-03,wk inc rsv hosp,3,2026-10-24,27,quantile,0.99,28
2026-10-03,wk inc rsv hosp,3,2026-10-24,28,quantile,0.01,0
2026-10-03,wk inc rsv hosp,3,2026-10-24,28,quantile,0.025,0
2026-10-03,wk inc rsv hosp,3,2026-10-24,28,quantile,0.05,0
2026-10-03,wk inc rsv hosp,3,2026-10-24,28,quantile,0.1,1
2026-10-03,wk inc rsv hosp,3,2026-10-24,28,quantile,0.15,2
2026-10-03,wk inc rsv hosp,3,2026-10-24,28,quantile,0.2,3
2026-10-03,wk inc rsv hosp,3,2026-10-24,28,quantile,0.25,4
2026-10-03,wk inc rsv hosp,3,2026-10-24,28,quantile,0.3,5
2026-10-03,wk inc rsv hosp,3,2026-10-24,28,quantile,0.35,6
2026-10-03,wk inc rsv hosp,3,2026-10-24,28,quantile,0.4,7
2026-10-03,wk inc rsv hosp,3,2026-10-24,28,quantile,0.45,8
2026-10-03,wk inc rsv hosp,3,2026-10-24,28,quantile,0.5,10
2026-10-03,wk inc rsv hosp,3,2026-10-24,28,quantile,0.55,11
2026-10-03,wk inc rsv hosp,3,2026-10-24,28,quantile,0.6,13
2026-10-03,wk inc rsv hosp,3,2026-10-24,28,quantile,0.65,15
2026-10-03,wk inc rsv hosp,3,2026-10-24,28,quantile,0.7,18
2026-10-03,wk inc rsv hosp,3,2026-10-24,28,quantile,0.75,21
2026-10-03,wk inc rsv hosp,3,2026-10-24,28,quantile,0.8,26
2026-10-03,wk inc rsv hosp,3,2026-10-24,28,quantile,0.85,31
2026-10-03,wk inc rsv hosp,3,2026-10-24,28,quantile,0.9,40
2026-10-03,wk inc rsv hosp,3,2026-10-24,28,quantile,0.95,68
2026-10-03,wk inc rsv hosp,3,2026-10-24,28,quantile,0.975,104
2026-10-03,wk inc rsv hosp,3,2026-10-24,28,quantile,0.99,164
2026-10-03,wk inc rsv hosp,3,2026-10-24,29,quantile,0.01,0
2026-10-03,wk inc rsv hosp,3,2026-10-24,29,quantile,0.025,0
2026-10-03,wk inc rsv hosp,3,2026-10-24,29,quantile,0.05,0
2026-10-03,wk inc rsv hosp,3,2026-10-24,29,quantile,0.1,0
2026-10-03,wk inc rsv hosp,3,2026-10-24,29,quantile,0.15,1
2026-10-03,wk inc rsv hosp,3,2026-10-24,29,quantile,0.2,1
2026-10-03,wk inc rsv hosp,3,2026-10-24,29,quantile,0.25,2
2026-10-03,wk inc rsv hosp,3,2026-10-24,29,quantile,0.3,2
2026-10-03,wk inc rsv hosp,3,2026-10-24,29,quantile,0.35,3
2026-10-03,wk inc rsv hosp,3,2026-10-24,29,quantile,0.4,4
2026-10-03,wk inc rsv hosp,3,2026-10-24,29,quantile,0.45,4
2026-10-03,wk inc rsv hosp,3,2026-10-24,29,quantile,0.5,5
2026-10-03,wk inc rsv hosp,3,2026-10-24,29,quantile,0.55,6
2026-10-03,wk inc rsv hosp,3,2026-10-24,29,quantile,0.6,7
2026-10-03,wk inc rsv hosp,3,2026-10-24,29,quantile,0.65,8
2026-10-03,wk inc rsv hosp,3,2026-10-24,29,quantile,0.7,10
2026-10-03,wk inc rsv hosp,3,2026-10-24,29,quantile,0.75,12
2026-10-03,wk inc rsv hosp,3,2026-10-24,29,quantile,0.8,14
2026-10-03,wk inc rsv hosp,3,2026-10-24,29,quantile,0.85,19
2026-10-03,wk inc rsv hosp,3,2026-10-24,29,quantile,0.9,29
2026-10-03,wk inc rsv hosp,3,2026-10-24,29,quantile,0.95,52
2026-10-03,wk inc rsv hosp,3,2026-10-24,29,quantile,0.975,74
2026-10-03,wk inc rsv hosp,3,2026-10-24,29,quantile,0.99,116
2026-10-03,wk inc rsv hosp,3,2026-10-24,30,quantile,0.01,0
2026-10-03,wk inc rsv hosp,3,2026-10-24,30,quantile,0.025,0
2026-10-03,wk inc rsv hosp,3,2026-10-24,30,quantile,0.05,0
2026-10-03,wk inc rsv hosp,3,2026-10-24,30,quantile,0.1,0
2026-10-03,wk inc rsv hosp,3,2026-10-24,30,quantile,0.15,0
2026-10-03,wk inc rsv hosp,3,2026-10-24,30,quantile,0.2,0
2026-10-03,wk inc rsv hosp,3,2026-10-24,30,quantile,0.25,0
2026-10-03,wk inc rsv hosp,3,2026-10-24,30,quantile,0.3,0
2026-10-03,wk inc rsv hosp,3,2026-10-24,30,quantile,0.35,0
2026-10-03,wk inc rsv hosp,3,2026-10-24,30,quantile,0.4,0
2026-10-03,wk inc rsv hosp,3,2026-10-24,30,quantile,0.45,0
2026-10-03,wk inc rsv hosp,3,2026-10-24,30,quantile,0.5,0
2026-10-03,wk inc rsv hosp,3,2026-10-24,30,quantile,0.55,0
2026-10-03,wk inc rsv hosp,3,2026-10-24,30,quantile,0.6,0
2026-10-03,wk inc rsv hosp,3,2026-10-24,30,quantile,0.65,0
2026-10-03,wk inc rsv hosp,3,2026-10-24,30,quantile,0.7,1
2026-10-03,wk inc rsv hosp,3,2026-10-24,30,quantile,0.75,1
2026-10-03,wk inc rsv hosp,3,2026-10-24,30,quantile,0.8,2
2026-10-03,wk inc rsv hosp,3,2026-10-24,30,quantile,0.85,3
2026-10-03,wk inc rsv hosp,3,2026-10-24,30,quantile,0.9,4
2026-10-03,wk inc rsv hosp,3,2026-10-24,30,quantile,0.95,9
2026-10-03,wk inc rsv hosp,3,2026-10-24,30,quantile,0.975,17
2026-10-03,wk inc rsv hosp,3,2026-10-24,30,quantile,0.99,35
2026-10-03,wk inc rsv hosp,3,2026-10-24,31,quantile,0.01,0
2026-10-03,wk inc rsv hosp,3,2026-10-24,31,quantile,0.025,0
2026-10-03,wk inc rsv hosp,3,2026-10-24,31,quantile,0.05,0
2026-10-03,wk inc rsv hosp,3,2026-10-24,31,quantile,0.1,0
2026-10-03,wk inc rsv hosp,3,2026-10-24,31,quantile,0.15,0
2026-10-03,wk inc rsv hosp,3,2026-10-24,31,quantile,0.2,0
2026-10-03,wk inc rsv hosp,3,2026-10-24,31,quantile,0.25,1
2026-10-03,wk inc rsv hosp,3,2026-10-24,31,quantile,0.3,1
2026-10-03,wk inc rsv hosp,3,2026-10-24,31,quantile,0.35,1
2026-10-03,wk inc rsv hosp,3,2026-10-24,31,quantile,0.4,2
2026-10-03,wk inc rsv hosp,3,2026-10-24,31,quantile,0.45,2
2026-10-03,wk inc rsv hosp,3,2026-10-24,31,quantile,0.5,3
2026-10-03,wk inc rsv hosp,3,2026-10-24,31,quantile,0.55,3
2026-10-03,wk inc rsv hosp,3,2026-10-24,31,quantile,0.6,4
2026-10-03,wk inc rsv hosp,3,2026-10-24,31,quantile,0.65,5
2026-10-03,wk inc rsv hosp,3,2026-10-24,31,quantile,0.7,6
2026-10-03,wk inc rsv hosp,3,2026-10-24,31,quantile,0.75,8
2026-10-03,wk inc rsv hosp,3,2026-10-24,31,quantile,0.8,10
2026-10-03,wk inc rsv hosp,3,2026-10-24,31,quantile,0.85,14
2026-10-03,wk inc rsv hosp,3,2026-10-24,31,quantile,0.9,21
2026-10-03,wk inc rsv hosp,3,2026-10-24,31,quantile,0.95,46
2026-10-03,wk inc rsv hosp,3,2026-10-24,31,quantile,0.975,68
2026-10-03,wk inc rsv hosp,3,2026-10-24,31,quantile,0.99,115
2026-10-03,wk inc rsv hosp,3,2026-10-24,32,quantile,0.01,0
2026-10-03,wk inc rsv hosp,3,2026-10-24,32,quantile,0.025,0
2026-10-03,wk inc rsv hosp,3,2026-10-24,32,quantile,0.05,0
2026-10-03,wk inc rsv hosp,3,2026-10-24,32,quantile,0.1,0
2026-10-03,wk inc rsv hosp,3,2026-10-24,32,quantile,0.15,1
2026-10-03,wk inc rsv hosp,3,2026-10-24,32,quantile,0.2,1
2026-10-03,wk inc rsv hosp,3,2026-10-24,32,quantile,0.25,2
2026-10-03,wk inc rsv hosp,3,2026-10-24,32,quantile,0.3,2
2026-10-03,wk inc rsv hosp,3,2026-10-24,32,quantile,0.35,3
2026-10-03,wk inc rsv hosp,3,2026-10-24,32,quantile,0.4,3
2026-10-03,wk inc rsv hosp,3,2026-10-24,32,quantile,0.45,4
2026-10-03,wk inc rsv hosp,3,2026-10-24,32,quantile,0.5,5
2026-10-03,wk inc rsv hosp,3,2026-10-24,32,quantile,0.55,5
2026-10-03,wk inc rsv hosp,3,2026-10-24,32,quantile,0.6,6
2026-10-03,wk inc rsv hosp,3,2026-10-24,32,quantile,0.65,7
2026-10-03,wk inc rsv hosp,3,2026-10-24,32,quantile,0.7,9
2026-10-03,wk inc rsv hosp,3,2026-10-24,32,quantile,0.75,10
2026-10-03,wk inc rsv hosp,3,2026-10-24,32,quantile,0.8,14
2026-10-03,wk inc rsv hosp,3,2026-10-24,32,quantile,0.85,17
2026-10-03,wk inc rsv hosp,3,2026-10-24,32,quantile,0.9,25
2026-10-03,wk inc rsv hosp,3,2026-10-24,32,quantile,0.95,44
2026-10-03,wk inc rsv hosp,3,2026-10-24,32,quantile,0.975,73
2026-10-03,wk inc rsv hosp,3,2026-10-24,32,quantile,0.99,100
2026-10-03,wk inc rsv hosp,3,2026-10-24,33,quantile,0.01,0
2026-10-03,wk inc rsv hosp,3,2026-10-24,33,quantile,0.025,0
2026-10-03,wk inc rsv hosp,3,2026-10-24,33,quantile,0.05,0
2026-10-03,wk inc rsv hosp,3,2026-10-24,33,quantile,0.1,0
2026-10-03,wk inc rsv hosp,3,2026-10-24,33,quantile,0.15,0
2026-10-03,wk inc rsv hosp,3,2026-10-24,33,quantile,0.2,0
2026-10-03,wk inc rsv hosp,3,2026-10-24,33,quantile,0.25,0
2026-10-03,wk inc rsv hosp,3,2026-10-24,33,quantile,0.3,0
2026-10-03,wk inc rsv hosp,3,2026-10-24,33,quantile,0.35,0
2026-10-03,wk inc rsv hosp,3,2026-10-24,33,quantile,0.4,0
2026-10-03,wk inc rsv hosp,3,2026-10-24,33,quantile,0.45,0
2026-10-03,wk inc rsv hosp,3,2026-10-24,33,quantile,0.5,0
2026-10-03,wk inc rsv hosp,3,2026-10-24,33,quantile,0.55,0
2026-10-03,wk inc rsv hosp,3,2026-10-24,33,quantile,0.6,0
2026-10-03,wk inc rsv hosp,3,2026-10-24,33,quantile,0.65,0
2026-10-03,wk inc rsv hosp,3,2026-10-24,33,quantile,0.7,1
2026-10-03,wk inc rsv hosp,3,2026-10-24,33,quantile,0.75,1
2026-10-03,wk inc rsv hosp,3,2026-10-24,33,quantile,0.8,2
2026-10-03,wk inc rsv hosp,3,2026-10-24,33,quantile,0.85,3
2026-10-03,wk inc rsv hosp,3,2026-10-24,33,quantile,0.9,5
2026-10-03,wk inc rsv hosp,3,2026-10-24,33,quantile,0.95,11
2026-10-03,wk inc rsv hosp,3,2026-10-24,33,quantile,0.975,20
2026-10-03,wk inc rsv hosp,3,2026-10-24,33,quantile,0.99,48
2026-10-03,wk inc rsv hosp,3,2026-10-24,34,quantile,0.01,0
2026-10-03,wk inc rsv hosp,3,2026-10-24,34,quantile,0.025,1
2026-10-03,wk inc rsv hosp,3,2026-10-24,34,quantile,0.05,2
2026-10-03,wk inc rsv hosp,3,2026-10-24,34,quantile,0.1,4
2026-10-03,wk inc rsv hosp,3,2026-10-24,34,quantile,0.15,6
2026-10-03,wk inc rsv hosp,3,2026-10-24,34,quantile,0.2,7
2026-10-03,wk inc rsv hosp,3,2026-10-24,34,quantile,0.25,8
2026-10-03,wk inc rsv hosp,3,2026-10-24,34,quantile,0.3,10
2026-10-03,wk inc rsv hosp,3,2026-10-24,34,quantile,0.35,11
2026-10-03,wk inc rsv hosp,3,2026-10-24,34,quantile,0.4,13
2026-10-03,wk inc rsv hosp,3,2026-10-24,34,quantile,0.45,15
2026-10-03,wk inc rsv hosp,3,2026-10-24,34,quantile,0.5,16
2026-10-03,wk inc rsv hosp,3,2026-10-24,34,quantile,0.55,19
2026-10-03,wk inc rsv hosp,3,2026-10-24,34,quantile,0.6,21
2026-10-03,wk inc rsv hosp,3,2026-10-24,34,quantile,0.65,24
2026-10-03,wk inc rsv hosp,3,2026-10-24,34,quantile,0.7,28
2026-10-03,wk inc rsv hosp,3,2026-10-24,34,quantile,0.75,35
2026-10-03,wk inc rsv hosp,3,2026-10-24,34,quantile,0.8,43
2026-10-03,wk inc rsv hosp,3,2026-10-24,34,quantile,0.85,54
2026-10-03,wk inc rsv hosp,3,2026-10-24,34,quantile,0.9,67
2026-10-03,wk inc rsv hosp,3,2026-10-24,34,quantile,0.95,111
2026-10-03,wk inc rsv hosp,3,2026-10-24,34,quantile,0.975,181
2026-10-03,wk inc rsv hosp,3,2026-10-24,34,quantile,0.99,277
2026-10-03,wk inc rsv hosp,3,2026-10-24,35,quantile,0.01,0
2026-10-03,wk inc rsv hosp,3,2026-10-24,35,quantile,0.025,0
2026-10-03,wk inc rsv hosp,3,2026-10-24,35,quantile,0.05,0
2026-10-03,wk inc rsv hosp,3,2026-10-24,35,quantile,0.1,0
2026-10-03,wk inc rsv hosp,3,2026-10-24,35,quantile,0.15,0
2026-10-03,wk inc rsv hosp,3,2026-10-24,35,quantile,0.2,1
2026-10-03,wk inc rsv hosp,3,2026-10-24,35,quantile,0.25,1
2026-10-03,wk inc rsv hosp,3,2026-10-24,35,quantile,0.3,1
2026-10-03,wk inc rsv hosp,3,2026-10-24,35,quantile,0.35,2
2026-10-03,wk inc rsv hosp,3,2026-10-24,35,quantile,0.4,2
2026-10-03,wk inc rsv hosp,3,2026-10-24,35,quantile,0.45,2
2026-10-03,wk inc rsv hosp,3,2026-10-24,35,quantile,0.5,3
2026-10-03,wk inc rsv hosp,3,2026-10-24,35,quantile,0.55,3
2026-10-03,wk inc rsv hosp,3,2026-10-24,35,quantile,0.6,4
2026-10-03,wk inc rsv hosp,3,2026-10-24,35,quantile,0.65,5
2026-10-03,wk inc rsv hosp,3,2026-10-24,35,quantile,0.7,6
2026-10-03,wk inc rsv hosp,3,2026-10-24,35,quantile,0.75,7
2026-10-03,wk inc rsv hosp,3,2026-10-24,35,quantile,0.8,9
2026-10-03,wk inc rsv hosp,3,2026-10-24,35,quantile,0.85,12
2026-10-03,wk inc rsv hosp,3,2026-10-24,35,quantile,0.9,19
2026-10-03,wk inc rsv hosp,3,2026-10-24,35,quantile,0.95,40
2026-10-03,wk inc rsv hosp,3,2026-10-24,35,quantile,0.975,68
2026-10-03,wk inc rsv hosp,3,2026-10-24,35,quantile,0.99,111
2026-10-03,wk inc rsv hosp,3,2026-10-24,36,quantile,0.01,0
2026-10-03,wk inc rsv hosp,3,2026-10-24,36,quantile,0.025,0
2026-10-03,wk inc rsv hosp,3,2026-10-24,36,quantile,0.05,2
2026-10-03,wk inc rsv hosp,3,2026-10-24,36,quantile,0.1,6
2026-10-03,wk inc rsv hosp,3,2026-10-24,36,quantile,0.15,9
2026-10-03,wk inc rsv hosp,3,2026-10-24,36,quantile,0.2,11
2026-10-03,wk inc rsv hosp,3,2026-10-24,36,quantile,0.25,14
2026-10-03,wk inc rsv hosp,3,2026-10-24,36,quantile,0.3,16
2026-10-03,wk inc rsv hosp,3,2026-10-24,36,quantile,0.35,20
2026-10-03,wk inc rsv hosp,3,2026-10-24,36,quantile,0.4,23
2026-10-03,wk inc rsv hosp,3,2026-10-24,36,quantile,0.45,27
2026-10-03,wk inc rsv hosp,3,2026-10-24,36,quantile,0.5,30
2026-10-03,wk inc rsv hosp,3,2026-10-24,36,quantile,0.55,35
2026-10-03,wk inc rsv hosp,3,2026-10-24,36,quantile,0.6,39
2026-10-03,wk inc rsv hosp,3,2026-10-24,36,quantile,0.65,44
2026-10-03,wk inc rsv hosp,3,2026-10-24,36,quantile,0.7,51
2026-10-03,wk inc rsv hosp,3,2026-10-24,36,quantile,0.75,59
2026-10-03,wk inc rsv hosp,3,2026-10-24,36,quantile,0.8,68
2026-10-03,wk inc rsv hosp,3,2026-10-24,36,quantile,0.85,84
2026-10-03,wk inc rsv hosp,3,2026-10-24,36,quantile,0.9,114
2026-10-03,wk inc rsv hosp,3,2026-10-24,36,quantile,0.95,177
2026-10-03,wk inc rsv hosp,3,2026-10-24,36,quantile,0.975,282
2026-10-03,wk inc rsv hosp,3,2026-10-24,36,quantile,0.99,513
2026-10-03,wk inc rsv hosp,3,2026-10-24,37,quantile,0.01,0
2026-10-03,wk inc rsv hosp,3,2026-10-24,37,quantile,0.025,0
2026-10-03,wk inc rsv hosp,3,2026-10-24,37,quantile,0.05,0
2026-10-03,wk inc rsv hosp,3,2026-10-24,37,quantile,0.1,0
2026-10-03,wk inc rsv hosp,3,2026-10-24,37,quantile,0.15,1
2026-10-03,wk inc rsv hosp,3,2026-10-24,37,quantile,0.2,2
2026-10-03,wk inc rsv hosp,3,2026-10-24,37,quantile,0.25,3
2026-10-03,wk inc rsv hosp,3,2026-10-24,37,quantile,0.3,4
2026-10-03,wk inc rsv hosp,3,2026-10-24,37,quantile,0.35,5
2026-10-03,wk inc rsv hosp,3,2026-10-24,37,quantile,0.4,6
2026-10-03,wk inc rsv hosp,3,2026-10-24,37,quantile,0.45,7
2026-10-03,wk inc rsv hosp,3,2026-10-24,37,quantile,0.5,8
2026-10-03,wk inc rsv hosp,3,2026-10-24,37,quantile,0.55,10
2026-10-03,wk inc rsv hosp,3,2026-10-24,37,quantile,0.6,11
2026-10-03,wk inc rsv hosp,3,2026-10-24,37,quantile,0.65,14
2026-10-03,wk inc rsv hosp,3,2026-10-24,37,quantile,0.7,16
2026-10-03,wk inc rsv hosp,3,2026-10-24,37,quantile,0.75,19
2026-10-03,wk inc rsv hosp,3,2026-10-24,37,quantile,0.8,23
2026-10-03,wk inc rsv hosp,3,2026-10-24,37,quantile,0.85,31
2026-10-03,wk inc rsv hosp,3,2026-10-24,37,quantile,0.9,39
2026-10-03,wk inc rsv hosp,3,2026-10-24,37,quantile,0.95,66
2026-10-03,wk inc rsv hosp,3,2026-10-24,37,quantile,0.975,97
2026-10-03,wk inc rsv hosp,3,2026-10-24,37,quantile,0.99,142
2026-10-03,wk inc rsv hosp,3,2026-10-24,38,quantile,0.01,0
2026-10-03,wk inc rsv hosp,3,2026-10-24,38,quantile,0.025,0
2026-10-03,wk inc rsv hosp,3,2026-10-24,38,quantile,0.05,0
2026-10-03,wk inc rsv hosp,3,2026-10-24,38,quantile,0.1,0
2026-10-03,wk inc rsv hosp,3,2026-10-24,38,quantile,0.15,0
2026-10-03,wk inc rsv hosp,3,2026-10-24,38,quantile,0.2,0
2026-10-03,wk inc rsv hosp,3,2026-10-24,38,quantile,0.25,0
2026-10-03,wk inc rsv hosp,3,2026-10-24,38,quantile,0.3,0
2026-10-03,wk inc rsv hosp,3,2026-10-24,38,quantile,0.35,0
2026-10-03,wk inc rsv hosp,3,2026-10-24,38,quantile,0.4,0
2026-10-03,wk inc rsv hosp,3,2026-10-24,38,quantile,0.45,0
2026-10-03,wk inc rsv hosp,3,2026-10-24,38,quantile,0.5,0
2026-10-03,wk inc rsv hosp,3,2026-10-24,38,quantile,0.55,0
2026-10-03,wk inc rsv hosp,3,2026-10-24,38,quantile,0.6,0
2026-10-03,wk inc rsv hosp,3,2026-10-24,38,quantile,0.65,0
2026-10-03,wk inc rsv hosp,3,2026-10-24,38,quantile,0.7,0
2026-10-03,wk inc rsv hosp,3,2026-10-24,38,quantile,0.75,0
2026-10-03,wk inc rsv hosp,3,2026-10-24,38,quantile,0.8,1
2026-10-03,wk inc rsv hosp,3,2026-10-24,38,quantile,0.85,2
2026-10-03,wk inc rsv hosp,3,2026-10-24,38,quantile,0.9,3
2026-10-03,wk inc rsv hosp,3,2026-10-24,38,quantile,0.95,7
2026-10-03,wk inc rsv hosp,3,2026-10-24,38,quantile,0.975,17
2026-10-03,wk inc rsv hosp,3,2026-10-24,38,quantile,0.99,30
2026-10-03,wk inc rsv hosp,3,2026-10-24,39,quantile,0.01,0
2026-10-03,wk inc rsv hosp,3,2026-10-24,39,quantile,0.025,1
2026-10-03,wk inc rsv hosp,3,2026-10-24,39,quantile,0.05,2
2026-10-03,wk inc rsv hosp,3,2026-10-24,39,quantile,0.1,3
2026-10-03,wk inc rsv hosp,3,2026-10-24,39,quantile,0.15,5
2026-10-03,wk inc rsv hosp,3,2026-10-24,39,quantile,0.2,6
2026-10-03,wk inc rsv hosp,3,2026-10-24,39,quantile,0.25,7
2026-10-03,wk inc rsv hosp,3,2026-10-24,39,quantile,0.3,8
2026-10-03,wk inc rsv hosp,3,2026-10-24,39,quantile,0.35,9
2026-10-03,wk inc rsv hosp,3,2026-10-24,39,quantile,0.4,10
2026-10-03,wk inc rsv hosp,3,2026-10-24,39,quantile,0.45,12
2026-10-03,wk inc rsv hosp,3,2026-10-24,39,quantile,0.5,13
2026-10-03,wk inc rsv hosp,3,2026-10-24,39,quantile,0.55,15
2026-10-03,wk inc rsv hosp,3,2026-10-24,39,quantile,0.6,17
2026-10-03,wk inc rsv hosp,3,2026-10-24,39,quantile,0.65,20
2026-10-03,wk inc rsv hosp,3,2026-10-24,39,quantile,0.7,24
2026-10-03,wk inc rsv hosp,3,2026-10-24,39,quantile,0.75,29
2026-10-03,wk inc rsv hosp,3,2026-10-24,39,quantile,0.8,35
2026-10-03,wk inc rsv hosp,3,2026-10-24,39,quantile,0.85,44
2026-10-03,wk inc rsv hosp,3,2026-10-24,39,quantile,0.9,56
2026-10-03,wk inc rsv hosp,3,2026-10-24,39,quantile,0.95,90
2026-10-03,wk inc rsv hosp,3,2026-10-24,39,quantile,0.975,133
2026-10-03,wk inc rsv hosp,3,2026-10-24,39,quantile,0.99,204
2026-10-03,wk inc rsv hosp,3,2026-10-24,40,quantile,0.01,0
2026-10-03,wk inc rsv hosp,3,2026-10-24,40,quantile,0.025,0
2026-10-03,wk inc rsv hosp,3,2026-10-24,40,quantile,0.05,0
2026-10-03,wk inc rsv hosp,3,2026-10-24,40,quantile,0.1,0
2026-10-03,wk inc rsv hosp,3,2026-10-24,40,quantile,0.15,0
2026-10-03,wk inc rsv hosp,3,2026-10-24,40,quantile,0.2,0
2026-10-03,wk inc rsv hosp,3,2026-10-24,40,quantile,0.25,1
2026-10-03,wk inc rsv hosp,3,2026-10-24,40,quantile,0.3,1
2026-10-03,wk inc rsv hosp,3,2026-10-24,40,quantile,0.35,1
2026-10-03,wk inc rsv hosp,3,2026-10-24,40,quantile,0.4,2
2026-10-03,wk inc rsv hosp,3,2026-10-24,40,quantile,0.45,2
2026-10-03,wk inc rsv hosp,3,2026-10-24,40,quantile,0.5,3
2026-10-03,wk inc rsv hosp,3,2026-10-24,40,quantile,0.55,3
2026-10-03,wk inc rsv hosp,3,2026-10-24,40,quantile,0.6,4
2026-10-03,wk inc rsv hosp,3,2026-10-24,40,quantile,0.65,5
2026-10-03,wk inc rsv hosp,3,2026-10-24,40,quantile,0.7,6
2026-10-03,wk inc rsv hosp,3,2026-10-24,40,quantile,0.75,8
2026-10-03,wk inc rsv hosp,3,2026-10-24,40,quantile,0.8,10
2026-10-03,wk inc rsv hosp,3,2026-10-24,40,quantile,0.85,14
2026-10-03,wk inc rsv hosp,3,2026-10-24,40,quantile,0.9,21
2026-10-03,wk inc rsv hosp,3,2026-10-24,40,quantile,0.95,37
2026-10-03,wk inc rsv hosp,3,2026-10-24,40,quantile,0.975,68
2026-10-03,wk inc rsv hosp,3,2026-10-24,40,quantile,0.99,110
2026-10-03,wk inc rsv hosp,3,2026-10-24,41,quantile,0.01,0
2026-10-03,wk inc rsv hosp,3,2026-10-24,41,quantile,0.025,0
2026-10-03,wk inc rsv hosp,3,2026-10-24,41,quantile,0.05,0
2026-10-03,wk inc rsv hosp,3,2026-10-24,41,quantile,0.1,0
2026-10-03,wk inc rsv hosp,3,2026-10-24,41,quantile,0.15,0
2026-10-03,wk inc rsv hosp,3,2026-10-24,41,quantile,0.2,0
2026-10-03,wk inc rsv hosp,3,2026-10-24,41,quantile,0.25,0
2026-10-03,wk inc rsv hosp,3,2026-10-24,41,quantile,0.3,0
2026-10-03,wk inc rsv hosp,3,2026-10-24,41,quantile,0.35,1
2026-10-03,wk inc rsv hosp,3,2026-10-24,41,quantile,0.4,1
2026-10-03,wk inc rsv hosp,3,2026-10-24,41,quantile,0.45,2
2026-10-03,wk inc rsv hosp,3,2026-10-24,41,quantile,0.5,2
2026-10-03,wk inc rsv hosp,3,2026-10-24,41,quantile,0.55,3
2026-10-03,wk inc rsv hosp,3,2026-10-24,41,quantile,0.6,4
2026-10-03,wk inc rsv hosp,3,2026-10-24,41,quantile,0.65,5
2026-10-03,wk inc rsv hosp,3,2026-10-24,41,quantile,0.7,6
2026-10-03,wk inc rsv hosp,3,2026-10-24,41,quantile,0.75,8
2026-10-03,wk inc rsv hosp,3,2026-10-24,41,quantile,0.8,11
2026-10-03,wk inc rsv hosp,3,2026-10-24,41,quantile,0.85,16
2026-10-03,wk inc rsv hosp,3,2026-10-24,41,quantile,0.9,23
2026-10-03,wk inc rsv hosp,3,2026-10-24,41,quantile,0.95,44
2026-10-03,wk inc rsv hosp,3,2026-10-24,41,quantile,0.975,103
2026-10-03,wk inc rsv hosp,3,2026-10-24,41,quantile,0.99,172
2026-10-03,wk inc rsv hosp,3,2026-10-24,42,quantile,0.01,6
2026-10-03,wk inc rsv hosp,3,2026-10-24,42,quantile,0.025,10
2026-10-03,wk inc rsv hosp,3,2026-10-24,42,quantile,0.05,13
2026-10-03,wk inc rsv hosp,3,2026-10-24,42,quantile,0.1,19
2026-10-03,wk inc rsv hosp,3,2026-10-24,42,quantile,0.15,23
2026-10-03,wk inc rsv hosp,3,2026-10-24,42,quantile,0.2,26
2026-10-03,wk inc rsv hosp,3,2026-10-24,42,quantile,0.25,28
2026-10-03,wk inc rsv hosp,3,2026-10-24,42,quantile,0.3,32
2026-10-03,wk inc rsv hosp,3,2026-10-24,42,quantile,0.35,36
2026-10-03,wk inc rsv hosp,3,2026-10-24,42,quantile,0.4,40
2026-10-03,wk inc rsv hosp,3,2026-10-24,42,quantile,0.45,44
2026-10-03,wk inc rsv hosp,3,2026-10-24,42,quantile,0.5,48
2026-10-03,wk inc rsv hosp,3,2026-10-24,42,quantile,0.55,52
2026-10-03,wk inc rsv hosp,3,2026-10-24,42,quantile,0.6,57
2026-10-03,wk inc rsv hosp,3,2026-10-24,42,quantile,0.65,62
2026-10-03,wk inc rsv hosp,3,2026-10-24,42,quantile,0.7,69
2026-10-03,wk inc rsv hosp,3,2026-10-24,42,quantile,0.75,80
2026-10-03,wk inc rsv hosp,3,2026-10-24,42,quantile,0.8,90
2026-10-03,wk inc rsv hosp,3,2026-10-24,42,quantile,0.85,109
2026-10-03,wk inc rsv hosp,3,2026-10-24,42,quantile,0.9,137
2026-10-03,wk inc rsv hosp,3,2026-10-24,42,quantile,0.95,182
2026-10-03,wk inc rsv hosp,3,2026-10-24,42,quantile,0.975,241
2026-10-03,wk inc rsv hosp,3,2026-10-24,42,quantile,0.99,305
2026-10-03,wk inc rsv hosp,3,2026-10-24,44,quantile,0.01,0
2026-10-03,wk inc rsv hosp,3,2026-10-24,44,quantile,0.025,0
2026-10-03,wk inc rsv hosp,3,2026-10-24,44,quantile,0.05,0
2026-10-03,wk inc rsv hosp,3,2026-10-24,44,quantile,0.1,0
2026-10-03,wk inc rsv hosp,3,2026-10-24,44,quantile,0.15,0
2026-10-03,wk inc rsv hosp,3,2026-10-24,44,quantile,0.2,0
2026-10-03,wk inc rsv hosp,3,2026-10-24,44,quantile,0.25,1
2026-10-03,wk inc rsv hosp,3,2026-10-24,44,quantile,0.3,1
2026-10-03,wk inc rsv hosp,3,2026-10-24,44,quantile,0.35,2
2026-10-03,wk inc rsv hosp,3,2026-10-24,44,quantile,0.4,2
2026-10-03,wk inc rsv hosp,3,2026-10-24,44,quantile,0.45,3
2026-10-03,wk inc rsv hosp,3,2026-10-24,44,quantile,0.5,3
2026-10-03,wk inc rsv hosp,3,2026-10-24,44,quantile,0.55,4
2026-10-03,wk inc rsv hosp,3,2026-10-24,44,quantile,0.6,5
2026-10-03,wk inc rsv hosp,3,2026-10-24,44,quantile,0.65,6
2026-10-03,wk inc rsv hosp,3,2026-10-24,44,quantile,0.7,7
2026-10-03,wk inc rsv hosp,3,2026-10-24,44,quantile,0.75,9
2026-10-03,wk inc rsv hosp,3,2026-10-24,44,quantile,0.8,13
2026-10-03,wk inc rsv hosp,3,2026-10-24,44,quantile,0.85,17
2026-10-03,wk inc rsv hosp,3,2026-10-24,44,quantile,0.9,25
2026-10-03,wk inc rsv hosp,3,2026-10-24,44,quantile,0.95,39
2026-10-03,wk inc rsv hosp,3,2026-10-24,44,quantile,0.975,63
2026-10-03,wk inc rsv hosp,3,2026-10-24,44,quantile,0.99,91
2026-10-03,wk inc rsv hosp,3,2026-10-24,45,quantile,0.01,0
2026-10-03,wk inc rsv hosp,3,2026-10-24,45,quantile,0.025,0
2026-10-03,wk inc rsv hosp,3,2026-10-24,45,quantile,0.05,0
2026-10-03,wk inc rsv hosp,3,2026-10-24,45,quantile,0.1,2
2026-10-03,wk inc rsv hosp,3,2026-10-24,45,quantile,0.15,3
2026-10-03,wk inc rsv hosp,3,2026-10-24,45,quantile,0.2,4
2026-10-03,wk inc rsv hosp,3,2026-10-24,45,quantile,0.25,5
2026-10-03,wk inc rsv hosp,3,2026-10-24,45,quantile,0.3,6
2026-10-03,wk inc rsv hosp,3,2026-10-24,45,quantile,0.35,7
2026-10-03,wk inc rsv hosp,3,2026-10-24,45,quantile,0.4,8
2026-10-03,wk inc rsv hosp,3,2026-10-24,45,quantile,0.45,9
2026-10-03,wk inc rsv hosp,3,2026-10-24,45,quantile,0.5,11
2026-10-03,wk inc rsv hosp,3,2026-10-24,45,quantile,0.55,12
2026-10-03,wk inc rsv hosp,3,2026-10-24,45,quantile,0.6,15
2026-10-03,wk inc rsv hosp,3,2026-10-24,45,quantile,0.65,17
2026-10-03,wk inc rsv hosp,3,2026-10-24,45,quantile,0.7,20
2026-10-03,wk inc rsv hosp,3,2026-10-24,45,quantile,0.75,26
2026-10-03,wk inc rsv hosp,3,2026-10-24,45,quantile,0.8,34
2026-10-03,wk inc rsv hosp,3,2026-10-24,45,quantile,0.85,45
2026-10-03,wk inc rsv hosp,3,2026-10-24,45,quantile,0.9,60
2026-10-03,wk inc rsv hosp,3,2026-10-24,45,quantile,0.95,86
2026-10-03,wk inc rsv hosp,3,2026-10-24,45,quantile,0.975,135
2026-10-03,wk inc rsv hosp,3,2026-10-24,45,quantile,0.99,232
2026-10-03,wk inc rsv hosp,3,2026-10-24,46,quantile,0.01,0
2026-10-03,wk inc rsv hosp,3,2026-10-24,46,quantile,0.025,0
2026-10-03,wk inc rsv hosp,3,2026-10-24,46,quantile,0.05,0
2026-10-03,wk inc rsv hosp,3,2026-10-24,46,quantile,0.1,0
2026-10-03,wk inc rsv hosp,3,2026-10-24,46,quantile,0.15,0
2026-10-03,wk inc rsv hosp,3,2026-10-24,46,quantile,0.2,0
2026-10-03,wk inc rsv hosp,3,2026-10-24,46,quantile,0.25,1
2026-10-03,wk inc rsv hosp,3,2026-10-24,46,quantile,0.3,1
2026-10-03,wk inc rsv hosp,3,2026-10-24,46,quantile,0.35,1
2026-10-03,wk inc rsv hosp,3,2026-10-24,46,quantile,0.4,2
2026-10-03,wk inc rsv hosp,3,2026-10-24,46,quantile,0.45,2
2026-10-03,wk inc rsv hosp,3,2026-10-24,46,quantile,0.5,2
2026-10-03,wk inc rsv hosp,3,2026-10-24,46,quantile,0.55,3
2026-10-03,wk inc rsv hosp,3,2026-10-24,46,quantile,0.6,3
2026-10-03,wk inc rsv hosp,3,2026-10-24,46,quantile,0.65,4
2026-10-03,wk inc rsv hosp,3,2026-10-24,46,quantile,0.7,5
2026-10-03,wk inc rsv hosp,3,2026-10-24,46,quantile,0.75,7
2026-10-03,wk inc rsv hosp,3,2026-10-24,46,quantile,0.8,8
2026-10-03,wk inc rsv hosp,3,2026-10-24,46,quantile,0.85,11
2026-10-03,wk inc rsv hosp,3,2026-10-24,46,quantile,0.9,15
2026-10-03,wk inc rsv hosp,3,2026-10-24,46,quantile,0.95,25
2026-10-03,wk inc rsv hosp,3,2026-10-24,46,quantile,0.975,42
2026-10-03,wk inc rsv hosp,3,2026-10-24,46,quantile,0.99,69
2026-10-03,wk inc rsv hosp,3,2026-10-24,47,quantile,0.01,0
2026-10-03,wk inc rsv hosp,3,2026-10-24,47,quantile,0.025,0
2026-10-03,wk inc rsv hosp,3,2026-10-24,47,quantile,0.05,1
2026-10-03,wk inc rsv hosp,3,2026-10-24,47,quantile,0.1,2
2026-10-03,wk inc rsv hosp,3,2026-10-24,47,quantile,0.15,3
2026-10-03,wk inc rsv hosp,3,2026-10-24,47,quantile,0.2,5
2026-10-03,wk inc rsv hosp,3,2026-10-24,47,quantile,0.25,6
2026-10-03,wk inc rsv hosp,3,2026-10-24,47,quantile,0.3,7
2026-10-03,wk inc rsv hosp,3,2026-10-24,47,quantile,0.35,8
2026-10-03,wk inc rsv hosp,3,2026-10-24,47,quantile,0.4,9
2026-10-03,wk inc rsv hosp,3,2026-10-24,47,quantile,0.45,11
2026-10-03,wk inc rsv hosp,3,2026-10-24,47,quantile,0.5,13
2026-10-03,wk inc rsv hosp,3,2026-10-24,47,quantile,0.55,14
2026-10-03,wk inc rsv hosp,3,2026-10-24,47,quantile,0.6,16
2026-10-03,wk inc rsv hosp,3,2026-10-24,47,quantile,0.65,18
2026-10-03,wk inc rsv hosp,3,2026-10-24,47,quantile,0.7,22
2026-10-03,wk inc rsv hosp,3,2026-10-24,47,quantile,0.75,27
2026-10-03,wk inc rsv hosp,3,2026-10-24,47,quantile,0.8,34
2026-10-03,wk inc rsv hosp,3,2026-10-24,47,quantile,0.85,41
2026-10-03,wk inc rsv hosp,3,2026-10-24,47,quantile,0.9,55
2026-10-03,wk inc rsv hosp,3,2026-10-24,47,quantile,0.95,91
2026-10-03,wk inc rsv hosp,3,2026-10-24,47,quantile,0.975,121
2026-10-03,wk inc rsv hosp,3,2026-10-24,47,quantile,0.99,204
2026-10-03,wk inc rsv hosp,3,2026-10-24,48,quantile,0.01,16
2026-10-03,wk inc rsv hosp,3,2026-10-24,48,quantile,0.025,22
2026-10-03,wk inc rsv hosp,3,2026-10-24,48,quantile,0.05,27
2026-10-03,wk inc rsv hosp,3,2026-10-24,48,quantile,0.1,34
2026-10-03,wk inc rsv hosp,3,2026-10-24,48,quantile,0.15,42
2026-10-03,wk inc rsv hosp,3,2026-10-24,48,quantile,0.2,51
2026-10-03,wk inc rsv hosp,3,2026-10-24,48,quantile,0.25,58
2026-10-03,wk inc rsv hosp,3,2026-10-24,48,quantile,0.3,68
2026-10-03,wk inc rsv hosp,3,2026-10-24,48,quantile,0.35,76
2026-10-03,wk inc rsv hosp,3,2026-10-24,48,quantile,0.4,88
2026-10-03,wk inc rsv hosp,3,2026-10-24,48,quantile,0.45,100
2026-10-03,wk inc rsv hosp,3,2026-10-24,48,quantile,0.5,110
2026-10-03,wk inc rsv hosp,3,2026-10-24,48,quantile,0.55,126
2026-10-03,wk inc rsv hosp,3,2026-10-24,48,quantile,0.6,140
2026-10-03,wk inc rsv hosp,3,2026-10-24,48,quantile,0.65,166
2026-10-03,wk inc rsv hosp,3,2026-10-24,48,quantile,0.7,192
2026-10-03,wk inc rsv hosp,3,2026-10-24,48,quantile,0.75,222
2026-10-03,wk inc rsv hosp,3,2026-10-24,48,quantile,0.8,263
2026-10-03,wk inc rsv hosp,3,2026-10-24,48,quantile,0.85,324
2026-10-03,wk inc rsv hosp,3,2026-10-24,48,quantile,0.9,412
2026-10-03,wk inc rsv hosp,3,2026-10-24,48,quantile,0.95,538
2026-10-03,wk inc rsv hosp,3,2026-10-24,48,quantile,0.975,693
2026-10-03,wk inc rsv hosp,3,2026-10-24,48,quantile,0.99,976
2026-10-03,wk inc rsv hosp,3,2026-10-24,49,quantile,0.01,0
2026-10-03,wk inc rsv hosp,3,2026-10-24,49,quantile,0.025,0
2026-10-03,wk inc rsv hosp,3,2026-10-24,49,quantile,0.05,0
2026-10-03,wk inc rsv hosp,3,2026-10-24,49,quantile,0.1,0
2026-10-03,wk inc rsv hosp,3,2026-10-24,49,quantile,0.15,0
2026-10-03,wk inc rsv hosp,3,2026-10-24,49,quantile,0.2,0
2026-10-03,wk inc rsv hosp,3,2026-10-24,49,quantile,0.25,0
2026-10-03,wk inc rsv hosp,3,2026-10-24,49,quantile,0.3,0
2026-10-03,wk inc rsv hosp,3,2026-10-24,49,quantile,0.35,0
2026-10-03,wk inc rsv hosp,3,2026-10-24,49,quantile,0.4,0
2026-10-03,wk inc rsv hosp,3,2026-10-24,49,quantile,0.45,0
2026-10-03,wk inc rsv hosp,3,2026-10-24,49,quantile,0.5,0
2026-10-03,wk inc rsv hosp,3,2026-10-24,49,quantile,0.55,1
2026-10-03,wk inc rsv hosp,3,2026-10-24,49,quantile,0.6,1
2026-10-03,wk inc rsv hosp,3,2026-10-24,49,quantile,0.65,2
2026-10-03,wk inc rsv hosp,3,2026-10-24,49,quantile,0.7,2
2026-10-03,wk inc rsv hosp,3,2026-10-24,49,quantile,0.75,3
2026-10-03,wk inc rsv hosp,3,2026-10-24,49,quantile,0.8,5
2026-10-03,wk inc rsv hosp,3,2026-10-24,49,quantile,0.85,7
2026-10-03,wk inc rsv hosp,3,2026-10-24,49,quantile,0.9,12
2026-10-03,wk inc rsv hosp,3,2026-10-24,49,quantile,0.95,25
2026-10-03,wk inc rsv hosp,3,2026-10-24,49,quantile,0.975,42
2026-10-03,wk inc rsv hosp,3,2026-10-24,49,quantile,0.99,62
2026-10-03,wk inc rsv hosp,3,2026-10-24,50,quantile,0.01,0
2026-10-03,wk inc rsv hosp,3,2026-10-24,50,quantile,0.025,0
2026-10-03,wk inc rsv hosp,3,2026-10-24,50,quantile,0.05,0
2026-10-03,wk inc rsv hosp,3,2026-10-24,50,quantile,0.1,0
2026-10-03,wk inc rsv hosp,3,2026-10-24,50,quantile,0.15,0
2026-10-03,wk inc rsv hosp,3,2026-10-24,50,quantile,0.2,0
2026-10-03,wk inc rsv hosp,3,2026-10-24,50,quantile,0.25,0
2026-10-03,wk inc rsv hosp,3,2026-10-24,50,quantile,0.3,0
2026-10-03,wk inc rsv hosp,3,2026-10-24,50,quantile,0.35,0
2026-10-03,wk inc rsv hosp,3,2026-10-24,50,quantile,0.4,0
2026-10-03,wk inc rsv hosp,3,2026-10-24,50,quantile,0.45,0
2026-10-03,wk inc rsv hosp,3,2026-10-24,50,quantile,0.5,0
2026-10-03,wk inc rsv hosp,3,2026-10-24,50,quantile,0.55,1
2026-10-03,wk inc rsv hosp,3,2026-10-24,50,quantile,0.6,1
2026-10-03,wk inc rsv hosp,3,2026-10-24,50,quantile,0.65,2
2026-10-03,wk inc rsv hosp,3,2026-10-24,50,quantile,0.7,2
2026-10-03,wk inc rsv hosp,3,2026-10-24,50,quantile,0.75,3
2026-10-03,wk inc rsv hosp,3,2026-10-24,50,quantile,0.8,4
2026-10-03,wk inc rsv hosp,3,2026-10-24,50,quantile,0.85,5
2026-10-03,wk inc rsv hosp,3,2026-10-24,50,quantile,0.9,7
2026-10-03,wk inc rsv hosp,3,2026-10-24,50,quantile,0.95,13
2026-10-03,wk inc rsv hosp,3,2026-10-24,50,quantile,0.975,20
2026-10-03,wk inc rsv hosp,3,2026-10-24,50,quantile,0.99,46
2026-10-03,wk inc rsv hosp,3,2026-10-24,51,quantile,0.01,0
2026-10-03,wk inc rsv hosp,3,2026-10-24,51,quantile,0.025,0
2026-10-03,wk inc rsv hosp,3,2026-10-24,51,quantile,0.05,0
2026-10-03,wk inc rsv hosp,3,2026-10-24,51,quantile,0.1,0
2026-10-03,wk inc rsv hosp,3,2026-10-24,51,quantile,0.15,0
2026-10-03,wk inc rsv hosp,3,2026-10-24,51,quantile,0.2,1
2026-10-03,wk inc rsv hosp,3,2026-10-24,51,quantile,0.25,2
2026-10-03,wk inc rsv hosp,3,2026-10-24,51,quantile,0.3,2
2026-10-03,wk inc rsv hosp,3,2026-10-24,51,quantile,0.35,3
2026-10-03,wk inc rsv hosp,3,2026-10-24,51,quantile,0.4,4
2026-10-03,wk inc rsv hosp,3,2026-10-24,51,quantile,0.45,4
2026-10-03,wk inc rsv hosp,3,2026-10-24,51,quantile,0.5,5
2026-10-03,wk inc rsv hosp,3,2026-10-24,51,quantile,0.55,6
2026-10-03,wk inc rsv hosp,3,2026-10-24,51,quantile,0.6,7
2026-10-03,wk inc rsv hosp,3,2026-10-24,51,quantile,0.65,9
2026-10-03,wk inc rsv hosp,3,2026-10-24,51,quantile,0.7,11
2026-10-03,wk inc rsv hosp,3,2026-10-24,51,quantile,0.75,13
2026-10-03,wk inc rsv hosp,3,2026-10-24,51,quantile,0.8,16
2026-10-03,wk inc rsv hosp,3,2026-10-24,51,quantile,0.85,21
2026-10-03,wk inc rsv hosp,3,2026-10-24,51,quantile,0.9,30
2026-10-03,wk inc rsv hosp,3,2026-10-24,51,quantile,0.95,52
2026-10-03,wk inc rsv hosp,3,2026-10-24,51,quantile,0.975,84
2026-10-03,wk inc rsv hosp,3,2026-10-24,51,quantile,0.99,162
2026-10-03,wk inc rsv hosp,3,2026-10-24,53,quantile,0.01,0
2026-10-03,wk inc rsv hosp,3,2026-10-24,53,quantile,0.025,0
2026-10-03,wk inc rsv hosp,3,2026-10-24,53,quantile,0.05,0
2026-10-03,wk inc rsv hosp,3,2026-10-24,53,quantile,0.1,0
2026-10-03,wk inc rsv hosp,3,2026-10-24,53,quantile,0.15,1
2026-10-03,wk inc rsv hosp,3,2026-10-24,53,quantile,0.2,1
2026-10-03,wk inc rsv hosp,3,2026-10-24,53,quantile,0.25,2
2026-10-03,wk inc rsv hosp,3,2026-10-24,53,quantile,0.3,3
2026-10-03,wk inc rsv hosp,3,2026-10-24,53,quantile,0.35,3
2026-10-03,wk inc rsv hosp,3,2026-10-24,53,quantile,0.4,4
2026-10-03,wk inc rsv hosp,3,2026-10-24,53,quantile,0.45,5
2026-10-03,wk inc rsv hosp,3,2026-10-24,53,quantile,0.5,5
2026-10-03,wk inc rsv hosp,3,2026-10-24,53,quantile,0.55,6
2026-10-03,wk inc rsv hosp,3,2026-10-24,53,quantile,0.6,7
2026-10-03,wk inc rsv hosp,3,2026-10-24,53,quantile,0.65,8
2026-10-03,wk inc rsv hosp,3,2026-10-24,53,quantile,0.7,10
2026-10-03,wk inc rsv hosp,3,2026-10-24,53,quantile,0.75,12
2026-10-03,wk inc rsv hosp,3,2026-10-24,53,quantile,0.8,15
2026-10-03,wk inc rsv hosp,3,2026-10-24,53,quantile,0.85,20
2026-10-03,wk inc rsv hosp,3,2026-10-24,53,quantile,0.9,28
2026-10-03,wk inc rsv hosp,3,2026-10-24,53,quantile,0.95,48
2026-10-03,wk inc rsv hosp,3,2026-10-24,53,quantile,0.975,88
2026-10-03,wk inc rsv hosp,3,2026-10-24,53,quantile,0.99,144
2026-10-03,wk inc rsv hosp,3,2026-10-24,54,quantile,0.01,0
2026-10-03,wk inc rsv hosp,3,2026-10-24,54,quantile,0.025,0
2026-10-03,wk inc rsv hosp,3,2026-10-24,54,quantile,0.05,0
2026-10-03,wk inc rsv hosp,3,2026-10-24,54,quantile,0.1,0
2026-10-03,wk inc rsv hosp,3,2026-10-24,54,quantile,0.15,0
2026-10-03,wk inc rsv hosp,3,2026-10-24,54,quantile,0.2,1
2026-10-03,wk inc rsv hosp,3,2026-10-24,54,quantile,0.25,1
2026-10-03,wk inc rsv hosp,3,2026-10-24,54,quantile,0.3,2
2026-10-03,wk inc rsv hosp,3,2026-10-24,54,quantile,0.35,2
2026-10-03,wk inc rsv hosp,3,2026-10-24,54,quantile,0.4,3
2026-10-03,wk inc rsv hosp,3,2026-10-24,54,quantile,0.45,4
2026-10-03,wk inc rsv hosp,3,2026-10-24,54,quantile,0.5,4
2026-10-03,wk inc rsv hosp,3,2026-10-24,54,quantile,0.55,5
2026-10-03,wk inc rsv hosp,3,2026-10-24,54,quantile,0.6,6
2026-10-03,wk inc rsv hosp,3,2026-10-24,54,quantile,0.65,7
2026-10-03,wk inc rsv hosp,3,2026-10-24,54,quantile,0.7,9
2026-10-03,wk inc rsv hosp,3,2026-10-24,54,quantile,0.75,11
2026-10-03,wk inc rsv hosp,3,2026-10-24,54,quantile,0.8,14
2026-10-03,wk inc rsv hosp,3,2026-10-24,54,quantile,0.85,18
2026-10-03,wk inc rsv hosp,3,2026-10-24,54,quantile,0.9,26
2026-10-03,wk inc rsv hosp,3,2026-10-24,54,quantile,0.95,44
2026-10-03,wk inc rsv hosp,3,2026-10-24,54,quantile,0.975,71
2026-10-03,wk inc rsv hosp,3,2026-10-24,54,quantile,0.99,110
2026-10-03,wk inc rsv hosp,3,2026-10-24,55,quantile,0.01,0
2026-10-03,wk inc rsv hosp,3,2026-10-24,55,quantile,0.025,0
2026-10-03,wk inc rsv hosp,3,2026-10-24,55,quantile,0.05,0
2026-10-03,wk inc rsv hosp,3,2026-10-24,55,quantile,0.1,0
2026-10-03,wk inc rsv hosp,3,2026-10-24,55,quantile,0.15,0
2026-10-03,wk inc rsv hosp,3,2026-10-24,55,quantile,0.2,0
2026-10-03,wk inc rsv hosp,3,2026-10-24,55,quantile,0.25,0
2026-10-03,wk inc rsv hosp,3,2026-10-24,55,quantile,0.3,0
2026-10-03,wk inc rsv hosp,3,2026-10-24,55,quantile,0.35,0
2026-10-03,wk inc rsv hosp,3,2026-10-24,55,quantile,0.4,0
2026-10-03,wk inc rsv hosp,3,2026-10-24,55,quantile,0.45,0
2026-10-03,wk inc rsv hosp,3,2026-10-24,55,quantile,0.5,0
2026-10-03,wk inc rsv hosp,3,2026-10-24,55,quantile,0.55,0
2026-10-03,wk inc rsv hosp,3,2026-10-24,55,quantile,0.6,0
2026-10-03,wk inc rsv hosp,3,2026-10-24,55,quantile,0.65,0
2026-10-03,wk inc rsv hosp,3,2026-10-24,55,quantile,0.7,0
2026-10-03,wk inc rsv hosp,3,2026-10-24,55,quantile,0.75,0
2026-10-03,wk inc rsv hosp,3,2026-10-24,55,quantile,0.8,0
2026-10-03,wk inc rsv hosp,3,2026-10-24,55,quantile,0.85,2
2026-10-03,wk inc rsv hosp,3,2026-10-24,55,quantile,0.9,3
2026-10-03,wk inc rsv hosp,3,2026-10-24,55,quantile,0.95,8
2026-10-03,wk inc rsv hosp,3,2026-10-24,55,quantile,0.975,15
2026-10-03,wk inc rsv hosp,3,2026-10-24,55,quantile,0.99,33
2026-10-03,wk inc rsv hosp,3,2026-10-24,56,quantile,0.01,0
2026-10-03,wk inc rsv hosp,3,2026-10-24,56,quantile,0.025,0
2026-10-03,wk inc rsv hosp,3,2026-10-24,56,quantile,0.05,0
2026-10-03,wk inc rsv hosp,3,2026-10-24,56,quantile,0.1,0
2026-10-03,wk inc rsv hosp,3,2026-10-24,56,quantile,0.15,0
2026-10-03,wk inc rsv hosp,3,2026-10-24,56,quantile,0.2,1
2026-10-03,wk inc rsv hosp,3,2026-10-24,56,quantile,0.25,1
2026-10-03,wk inc rsv hosp,3,2026-10-24,56,quantile,0.3,2
2026-10-03,wk inc rsv hosp,3,2026-10-24,56,quantile,0.35,2
2026-10-03,wk inc rsv hosp,3,2026-10-24,56,quantile,0.4,2
2026-10-03,wk inc rsv hosp,3,2026-10-24,56,quantile,0.45,3
2026-10-03,wk inc rsv hosp,3,2026-10-24,56,quantile,0.5,3
2026-10-03,wk inc rsv hosp,3,2026-10-24,56,quantile,0.55,4
2026-10-03,wk inc rsv hosp,3,2026-10-24,56,quantile,0.6,5
2026-10-03,wk inc rsv hosp,3,2026-10-24,56,quantile,0.65,6
2026-10-03,wk inc rsv hosp,3,2026-10-24,56,quantile,0.7,8
2026-10-03,wk inc rsv hosp,3,2026-10-24,56,quantile,0.75,10
2026-10-03,wk inc rsv hosp,3,2026-10-24,56,quantile,0.8,13
2026-10-03,wk inc rsv hosp,3,2026-10-24,56,quantile,0.85,18
2026-10-03,wk inc rsv hosp,3,2026-10-24,56,quantile,0.9,28
2026-10-03,wk inc rsv hosp,3,2026-10-24,56,quantile,0.95,54
2026-10-03,wk inc rsv hosp,3,2026-10-24,56,quantile,0.975,74
2026-10-03,wk inc rsv hosp,3,2026-10-24,56,quantile,0.99,94
2026-10-03,wk inc rsv hosp,3,2026-10-24,72,quantile,0.01,0
2026-10-03,wk inc rsv hosp,3,2026-10-24,72,quantile,0.025,0
2026-10-03,wk inc rsv hosp,3,2026-10-24,72,quantile,0.05,0
2026-10-03,wk inc rsv hosp,3,2026-10-24,72,quantile,0.1,1
2026-10-03,wk inc rsv hosp,3,2026-10-24,72,quantile,0.15,2
2026-10-03,wk inc rsv hosp,3,2026-10-24,72,quantile,0.2,2
2026-10-03,wk inc rsv hosp,3,2026-10-24,72,quantile,0.25,3
2026-10-03,wk inc rsv hosp,3,2026-10-24,72,quantile,0.3,4
2026-10-03,wk inc rsv hosp,3,2026-10-24,72,quantile,0.35,5
2026-10-03,wk inc rsv hosp,3,2026-10-24,72,quantile,0.4,5
2026-10-03,wk inc rsv hosp,3,2026-10-24,72,quantile,0.45,6
2026-10-03,wk inc rsv hosp,3,2026-10-24,72,quantile,0.5,7
2026-10-03,wk inc rsv hosp,3,2026-10-24,72,quantile,0.55,8
2026-10-03,wk inc rsv hosp,3,2026-10-24,72,quantile,0.6,9
2026-10-03,wk inc rsv hosp,3,2026-10-24,72,quantile,0.65,11
2026-10-03,wk inc rsv hosp,3,2026-10-24,72,quantile,0.7,13
2026-10-03,wk inc rsv hosp,3,2026-10-24,72,quantile,0.75,16
2026-10-03,wk inc rsv hosp,3,2026-10-24,72,quantile,0.8,19
2026-10-03,wk inc rsv hosp,3,2026-10-24,72,quantile,0.85,25
2026-10-03,wk inc rsv hosp,3,2026-10-24,72,quantile,0.9,35
2026-10-03,wk inc rsv hosp,3,2026-10-24,72,quantile,0.95,50
2026-10-03,wk inc rsv hosp,3,2026-10-24,72,quantile,0.975,61
2026-10-03,wk inc rsv hosp,3,2026-10-24,72,quantile,0.99,85
2026-10-03,wk inc rsv hosp,3,2026-10-24,US,quantile,0.01,749
2026-10-03,wk inc rsv hosp,3,2026-10-24,US,quantile,0.025,822
2026-10-03,wk inc rsv hosp,3,2026-10-24,US,quantile,0.05,882
2026-10-03,wk inc rsv hosp,3,2026-10-24,US,quantile,0.1,981
2026-10-03,wk inc rsv hosp,3,2026-10-24,US,quantile,0.15,1062
2026-10-03,wk inc rsv hosp,3,2026-10-24,US,quantile,0.2,1126
2026-10-03,wk inc rsv hosp,3,2026-10-24,US,quantile,0.25,1198
2026-10-03,wk inc rsv hosp,3,2026-10-24,US,quantile,0.3,1258
2026-10-03,wk inc rsv hosp,3,2026-10-24,US,quantile,0.35,1322
2026-10-03,wk inc rsv hosp,3,2026-10-24,US,quantile,0.4,1380
2026-10-03,wk inc rsv hosp,3,2026-10-24,US,quantile,0.45,1434
2026-10-03,wk inc rsv hosp,3,2026-10-24,US,quantile,0.5,1516
2026-10-03,wk inc rsv hosp,3,2026-10-24,US,quantile,0.55,1622
2026-10-03,wk inc rsv hosp,3,2026-10-24,US,quantile,0.6,1689
2026-10-03,wk inc rsv hosp,3,2026-10-24,US,quantile,0.65,1794
2026-10-03,wk inc rsv hosp,3,2026-10-24,US,quantile,0.7,1901
2026-10-03,wk inc rsv hosp,3,2026-10-24,US,quantile,0.75,2037
2026-10-03,wk inc rsv hosp,3,2026-10-24,US,quantile,0.8,2237
2026-10-03,wk inc rsv hosp,3,2026-10-24,US,quantile,0.85,2571
2026-10-03,wk inc rsv hosp,3,2026-10-24,US,quantile,0.9,2994
2026-10-03,wk inc rsv hosp,3,2026-10-24,US,quantile,0.95,3683
2026-10-03,wk inc rsv hosp,3,2026-10-24,US,quantile,0.975,4175
2026-10-03,wk inc rsv hosp,3,2026-10-24,US,quantile,0.99,4820
