reference_date,target,horizon,target_end_date,location,output_type,output_type_id,value
2026-09-26,wk inc rsv hosp,-1,2026-09-19,01,quantile,0.01,4
2026-09-26,wk inc rsv hosp,-1,2026-09-19,01,quantile,0.025,6
2026-09-26,wk inc rsv hosp,-1,2026-09-19,01,quantile,0.05,7
2026-09-26,wk inc rsv hosp,-1,2026-09-19,01,quantile,0.1,8
2026-09-26,wk inc rsv hosp,-1,2026-09-19,01,quantile,0.15,9
2026-09-26,wk inc rsv hosp,-1,2026-09-19,01,quantile,0.2,10
2026-09-26,wk inc rsv hosp,-1,2026-09-19,01,quantile,0.25,10
2026-09-26,wk inc rsv hosp,-1,2026-09-19,01,quantile,0.3,11
2026-09-26,wk inc rsv hosp,-1,2026-09-19,01,quantile,0.35,11
2026-09-26,wk inc rsv hosp,-1,2026-09-19,01,quantile,0.4,11
2026-09-26,wk inc rsv hosp,-1,2026-09-19,01,quantile,0.45,12
2026-09-26,wk inc rsv hosp,-1,2026-09-19,01,quantile,0.5,12
2026-09-26,wk inc rsv hosp,-1,2026-09-19,01,quantile,0.55,13
2026-09-26,wk inc rsv hosp,-1,2026-09-19,01,quantile,0.6,13
2026-09-26,wk inc rsv hosp,-1,2026-09-19,01,quantile,0.65,14
2026-09-26,wk inc rsv hosp,-1,2026-09-19,01,quantile,0.7,14
2026-09-26,wk inc rsv hosp,-1,2026-09-19,01,quantile,0.75,15
2026-09-26,wk inc rsv hosp,-1,2026-09-19,01,quantile,0.8,16
2026-09-26,wk inc rsv hosp,-1,2026-09-19,01,quantile,0.85,17
2026-09-26,wk inc rsv hosp,-1,2026-09-19,01,quantile,0.9,18
2026-09-26,wk inc rsv hosp,-1,2026-09-19,01,quantile,0.95,20
2026-09-26,wk inc rsv hosp,-1,2026-09-19,01,quantile,0.975,22
2026-09-26,wk inc rsv hosp,-1,2026-09-19,01,quantile,0.99,24
2026-09-26,wk inc rsv hosp,-1,2026-09-19,02,quantile,0.01,1
2026-09-26,wk inc rsv hosp,-1,2026-09-19,02,quantile,0.025,2
2026-09-26,wk inc rsv hosp,-1,2026-09-19,02,quantile,0.05,3
2026-09-26,wk inc rsv hosp,-1,2026-09-19,02,quantile,0.1,4
2026-09-26,wk inc rsv hosp,-1,2026-09-19,02,quantile,0.15,4
2026-09-26,wk inc rsv hosp,-1,2026-09-19,02,quantile,0.2,4
2026-09-26,wk inc rsv hosp,-1,2026-09-19,02,quantile,0.25,5
2026-09-26,wk inc rsv hosp,-1,2026-09-19,02,quantile,0.3,5
2026-09-26,wk inc rsv hosp,-1,2026-09-19,02,quantile,0.35,5
2026-09-26,wk inc rsv hosp,-1,2026-09-19,02,quantile,0.4,5
2026-09-26,wk inc rsv hosp,-1,2026-09-19,02,quantile,0.45,5
2026-09-26,wk inc rsv hosp,-1,2026-09-19,02,quantile,0.5,5
2026-09-26,wk inc rsv hosp,-1,2026-09-19,02,quantile,0.55,6
2026-09-26,wk inc rsv hosp,-1,2026-09-19,02,quantile,0.6,6
2026-09-26,wk inc rsv hosp,-1,2026-09-19,02,quantile,0.65,6
2026-09-26,wk inc rsv hosp,-1,2026-09-19,02,quantile,0.7,6
2026-09-26,wk inc rsv hosp,-1,2026-09-19,02,quantile,0.75,7
2026-09-26,wk inc rsv hosp,-1,2026-09-19,02,quantile,0.8,7
2026-09-26,wk inc rsv hosp,-1,2026-09-19,02,quantile,0.85,7
2026-09-26,wk inc rsv hosp,-1,2026-09-19,02,quantile,0.9,8
2026-09-26,wk inc rsv hosp,-1,2026-09-19,02,quantile,0.95,9
2026-09-26,wk inc rsv hosp,-1,2026-09-19,02,quantile,0.975,11
2026-09-26,wk inc rsv hosp,-1,2026-09-19,02,quantile,0.99,13
2026-09-26,wk inc rsv hosp,-1,2026-09-19,04,quantile,0.01,0
2026-09-26,wk inc rsv hosp,-1,2026-09-19,04,quantile,0.025,0
2026-09-26,wk inc rsv hosp,-1,2026-09-19,04,quantile,0.05,0
2026-09-26,wk inc rsv hosp,-1,2026-09-19,04,quantile,0.1,0
2026-09-26,wk inc rsv hosp,-1,2026-09-19,04,quantile,0.15,0
2026-09-26,wk inc rsv hosp,-1,2026-09-19,04,quantile,0.2,0
2026-09-26,wk inc rsv hosp,-1,2026-09-19,04,quantile,0.25,0
2026-09-26,wk inc rsv hosp,-1,2026-09-19,04,quantile,0.3,0
2026-09-26,wk inc rsv hosp,-1,2026-09-19,04,quantile,0.35,0
2026-09-26,wk inc rsv hosp,-1,2026-09-19,04,quantile,0.4,0
2026-09-26,wk inc rsv hosp,-1,2026-09-19,04,quantile,0.45,0
2026-09-26,wk inc rsv hosp,-1,2026-09-19,04,quantile,0.5,0
2026-09-26,wk inc rsv hosp,-1,2026-09-19,04,quantile,0.55,0
2026-09-26,wk inc rsv hosp,-1,2026-09-19,04,quantile,0.6,1
2026-09-26,wk inc rsv hosp,-1,2026-09-19,04,quantile,0.65,1
2026-09-26,wk inc rsv hosp,-1,2026-09-19,04,quantile,0.7,1
2026-09-26,wk inc rsv hosp,-1,2026-09-19,04,quantile,0.75,2
2026-09-26,wk inc rsv hosp,-1,2026-09-19,04,quantile,0.8,2
2026-09-26,wk inc rsv hosp,-1,2026-09-19,04,quantile,0.85,2
2026-09-26,wk inc rsv hosp,-1,2026-09-19,04,quantile,0.9,3
2026-09-26,wk inc rsv hosp,-1,2026-09-19,04,quantile,0.95,4
2026-09-26,wk inc rsv hosp,-1,2026-09-19,04,quantile,0.975,5
2026-09-26,wk inc rsv hosp,-1,2026-09-19,04,quantile,0.99,5
2026-09-26,wk inc rsv hosp,-1,2026-09-19,05,quantile,0.01,0
2026-09-26,wk inc rsv hosp,-1,2026-09-19,05,quantile,0.025,0
2026-09-26,wk inc rsv hosp,-1,2026-09-19,05,quantile,0.05,0
2026-09-26,wk inc rsv hosp,-1,2026-09-19,05,quantile,0.1,0
2026-09-26,wk inc rsv hosp,-1,2026-09-19,05,quantile,0.15,1
2026-09-26,wk inc rsv hosp,-1,2026-09-19,05,quantile,0.2,1
2026-09-26,wk inc rsv hosp,-1,2026-09-19,05,quantile,0.25,1
2026-09-26,wk inc rsv hosp,-1,2026-09-19,05,quantile,0.3,1
2026-09-26,wk inc rsv hosp,-1,2026-09-19,05,quantile,0.35,1
2026-09-26,wk inc rsv hosp,-1,2026-09-19,05,quantile,0.4,1
2026-09-26,wk inc rsv hosp,-1,2026-09-19,05,quantile,0.45,1
2026-09-26,wk inc rsv hosp,-1,2026-09-19,05,quantile,0.5,1
2026-09-26,wk inc rsv hosp,-1,2026-09-19,05,quantile,0.55,1
2026-09-26,wk inc rsv hosp,-1,2026-09-19,05,quantile,0.6,2
2026-09-26,wk inc rsv hosp,-1,2026-09-19,05,quantile,0.65,2
2026-09-26,wk inc rsv hosp,-1,2026-09-19,05,quantile,0.7,2
2026-09-26,wk inc rsv hosp,-1,2026-09-19,05,quantile,0.75,2
2026-09-26,wk inc rsv hosp,-1,2026-09-19,05,quantile,0.8,2
2026-09-26,wk inc rsv hosp,-1,2026-09-19,05,quantile,0.85,3
2026-09-26,wk inc rsv hosp,-1,2026-09-19,05,quantile,0.9,3
2026-09-26,wk inc rsv hosp,-1,2026-09-19,05,quantile,0.95,4
2026-09-26,wk inc rsv hosp,-1,2026-09-19,05,quantile,0.975,5
2026-09-26,wk inc rsv hosp,-1,2026-09-19,05,quantile,0.99,6
2026-09-26,wk inc rsv hosp,-1,2026-09-19,06,quantile,0.01,6
2026-09-26,wk inc rsv hosp,-1,2026-09-19,06,quantile,0.025,7
2026-09-26,wk inc rsv hosp,-1,2026-09-19,06,quantile,0.05,9
2026-09-26,wk inc rsv hosp,-1,2026-09-19,06,quantile,0.1,11
2026-09-26,wk inc rsv hosp,-1,2026-09-19,06,quantile,0.15,12
2026-09-26,wk inc rsv hosp,-1,2026-09-19,06,quantile,0.2,13
2026-09-26,wk inc rsv hosp,-1,2026-09-19,06,quantile,0.25,14
2026-09-26,wk inc rsv hosp,-1,2026-09-19,06,quantile,0.3,14
2026-09-26,wk inc rsv hosp,-1,2026-09-19,06,quantile,0.35,15
2026-09-26,wk inc rsv hosp,-1,2026-09-19,06,quantile,0.4,16
2026-09-26,wk inc rsv hosp,-1,2026-09-19,06,quantile,0.45,16
2026-09-26,wk inc rsv hosp,-1,2026-09-19,06,quantile,0.5,17
2026-09-26,wk inc rsv hosp,-1,2026-09-19,06,quantile,0.55,18
2026-09-26,wk inc rsv hosp,-1,2026-09-19,06,quantile,0.6,18
2026-09-26,wk inc rsv hosp,-1,2026-09-19,06,quantile,0.65,19
2026-09-26,wk inc rsv hosp,-1,2026-09-19,06,quantile,0.7,20
2026-09-26,wk inc rsv hosp,-1,2026-09-19,06,quantile,0.75,20
2026-09-26,wk inc rsv hosp,-1,2026-09-19,06,quantile,0.8,22
2026-09-26,wk inc rsv hosp,-1,2026-09-19,06,quantile,0.85,23
2026-09-26,wk inc rsv hosp,-1,2026-09-19,06,quantile,0.9,24
2026-09-26,wk inc rsv hosp,-1,2026-09-19,06,quantile,0.95,27
2026-09-26,wk inc rsv hosp,-1,2026-09-19,06,quantile,0.975,30
2026-09-26,wk inc rsv hosp,-1,2026-09-19,06,quantile,0.99,35
2026-09-26,wk inc rsv hosp,-1,2026-09-19,08,quantile,0.01,0
2026-09-26,wk inc rsv hosp,-1,2026-09-19,08,quantile,0.025,0
2026-09-26,wk inc rsv hosp,-1,2026-09-19,08,quantile,0.05,0
2026-09-26,wk inc rsv hosp,-1,2026-09-19,08,quantile,0.1,0
2026-09-26,wk inc rsv hosp,-1,2026-09-19,08,quantile,0.15,1
2026-09-26,wk inc rsv hosp,-1,2026-09-19,08,quantile,0.2,1
2026-09-26,wk inc rsv hosp,-1,2026-09-19,08,quantile,0.25,1
2026-09-26,wk inc rsv hosp,-1,2026-09-19,08,quantile,0.3,1
2026-09-26,wk inc rsv hosp,-1,2026-09-19,08,quantile,0.35,1
2026-09-26,wk inc rsv hosp,-1,2026-09-19,08,quantile,0.4,1
2026-09-26,wk inc rsv hosp,-1,2026-09-19,08,quantile,0.45,1
2026-09-26,wk inc rsv hosp,-1,2026-09-19,08,quantile,0.5,1
2026-09-26,wk inc rsv hosp,-1,2026-09-19,08,quantile,0.55,1
2026-09-26,wk inc rsv hosp,-1,2026-09-19,08,quantile,0.6,1
2026-09-26,wk inc rsv hosp,-1,2026-09-19,08,quantile,0.65,1
2026-09-26,wk inc rsv hosp,-1,2026-09-19,08,quantile,0.7,1
2026-09-26,wk inc rsv hosp,-1,2026-09-19,08,quantile,0.75,2
2026-09-26,wk inc rsv hosp,-1,2026-09-19,08,quantile,0.8,2
2026-09-26,wk inc rsv hosp,-1,2026-09-19,08,quantile,0.85,2
2026-09-26,wk inc rsv hosp,-1,2026-09-19,08,quantile,0.9,3
2026-09-26,wk inc rsv hosp,-1,2026-09-19,08,quantile,0.95,3
2026-09-26,wk inc rsv hosp,-1,2026-09-19,08,quantile,0.975,4
2026-09-26,wk inc rsv hosp,-1,2026-09-19,08,quantile,0.99,6
2026-09-26,wk inc rsv hosp,-1,2026-09-19,09,quantile,0.01,0
2026-09-26,wk inc rsv hosp,-1,2026-09-19,09,quantile,0.025,0
2026-09-26,wk inc rsv hosp,-1,2026-09-19,09,quantile,0.05,0
2026-09-26,wk inc rsv hosp,-1,2026-09-19,09,quantile,0.1,0
2026-09-26,wk inc rsv hosp,-1,2026-09-19,09,quantile,0.15,0
2026-09-26,wk inc rsv hosp,-1,2026-09-19,09,quantile,0.2,0
2026-09-26,wk inc rsv hosp,-1,2026-09-19,09,quantile,0.25,0
2026-09-26,wk inc rsv hosp,-1,2026-09-19,09,quantile,0.3,0
2026-09-26,wk inc rsv hosp,-1,2026-09-19,09,quantile,0.35,0
2026-09-26,wk inc rsv hosp,-1,2026-09-19,09,quantile,0.4,0
2026-09-26,wk inc rsv hosp,-1,2026-09-19,09,quantile,0.45,0
2026-09-26,wk inc rsv hosp,-1,2026-09-19,09,quantile,0.5,0
2026-09-26,wk inc rsv hosp,-1,2026-09-19,09,quantile,0.55,0
2026-09-26,wk inc rsv hosp,-1,2026-09-19,09,quantile,0.6,0
2026-09-26,wk inc rsv hosp,-1,2026-09-19,09,quantile,0.65,0
2026-09-26,wk inc rsv hosp,-1,2026-09-19,09,quantile,0.7,0
2026-09-26,wk inc rsv hosp,-1,2026-09-19,09,quantile,0.75,0
2026-09-26,wk inc rsv hosp,-1,2026-09-19,09,quantile,0.8,0
2026-09-26,wk inc rsv hosp,-1,2026-09-19,09,quantile,0.85,1
2026-09-26,wk inc rsv hosp,-1,2026-09-19,09,quantile,0.9,1
2026-09-26,wk inc rsv hosp,-1,2026-09-19,09,quantile,0.95,2
2026-09-26,wk inc rsv hosp,-1,2026-09-19,09,quantile,0.975,2
2026-09-26,wk inc rsv hosp,-1,2026-09-19,09,quantile,0.99,3
2026-09-26,wk inc rsv hosp,-1,2026-09-19,10,quantile,0.01,0
2026-09-26,wk inc rsv hosp,-1,2026-09-19,10,quantile,0.025,1
2026-09-26,wk inc rsv hosp,-1,2026-09-19,10,quantile,0.05,1
2026-09-26,wk inc rsv hosp,-1,2026-09-19,10,quantile,0.1,2
2026-09-26,wk inc rsv hosp,-1,2026-09-19,10,quantile,0.15,2
2026-09-26,wk inc rsv hosp,-1,2026-09-19,10,quantile,0.2,2
2026-09-26,wk inc rsv hosp,-1,2026-09-19,10,quantile,0.25,2
2026-09-26,wk inc rsv hosp,-1,2026-09-19,10,quantile,0.3,2
2026-09-26,wk inc rsv hosp,-1,2026-09-19,10,quantile,0.35,2
2026-09-26,wk inc rsv hosp,-1,2026-09-19,10,quantile,0.4,2
2026-09-26,wk inc rsv hosp,-1,2026-09-19,10,quantile,0.45,2
2026-09-26,wk inc rsv hosp,-1,2026-09-19,10,quantile,0.5,2
2026-09-26,wk inc rsv hosp,-1,2026-09-19,10,quantile,0.55,2
2026-09-26,wk inc rsv hosp,-1,2026-09-19,10,quantile,0.6,2
2026-09-26,wk inc rsv hosp,-1,2026-09-19,10,quantile,0.65,2
2026-09-26,wk inc rsv hosp,-1,2026-09-19,10,quantile,0.7,2
2026-09-26,wk inc rsv hosp,-1,2026-09-19,10,quantile,0.75,2
2026-09-26,wk inc rsv hosp,-1,2026-09-19,10,quantile,0.8,2
2026-09-26,wk inc rsv hosp,-1,2026-09-19,10,quantile,0.85,2
2026-09-26,wk inc rsv hosp,-1,2026-09-19,10,quantile,0.9,2
2026-09-26,wk inc rsv hosp,-1,2026-09-19,10,quantile,0.95,3
2026-09-26,wk inc rsv hosp,-1,2026-09-19,10,quantile,0.975,3
2026-09-26,wk inc rsv hosp,-1,2026-09-19,10,quantile,0.99,5
2026-09-26,wk inc rsv hosp,-1,2026-09-19,11,quantile,0.01,0
2026-09-26,wk inc rsv hosp,-1,2026-09-19,11,quantile,0.025,0
2026-09-26,wk inc rsv hosp,-1,2026-09-19,11,quantile,0.05,0
2026-09-26,wk inc rsv hosp,-1,2026-09-19,11,quantile,0.1,0
2026-09-26,wk inc rsv hosp,-1,2026-09-19,11,quantile,0.15,0
2026-09-26,wk inc rsv hosp,-1,2026-09-19,11,quantile,0.2,0
2026-09-26,wk inc rsv hosp,-1,2026-09-19,11,quantile,0.25,0
2026-09-26,wk inc rsv hosp,-1,2026-09-19,11,quantile,0.3,0
2026-09-26,wk inc rsv hosp,-1,2026-09-19,11,quantile,0.35,0
2026-09-26,wk inc rsv hosp,-1,2026-09-19,11,quantile,0.4,0
2026-09-26,wk inc rsv hosp,-1,2026-09-19,11,quantile,0.45,0
2026-09-26,wk inc rsv hosp,-1,2026-09-19,11,quantile,0.5,0
2026-09-26,wk inc rsv hosp,-1,2026-09-19,11,quantile,0.55,0
2026-09-26,wk inc rsv hosp,-1,2026-09-19,11,quantile,0.6,0
2026-09-26,wk inc rsv hosp,-1,2026-09-19,11,quantile,0.65,0
2026-09-26,wk inc rsv hosp,-1,2026-09-19,11,quantile,0.7,0
2026-09-26,wk inc rsv hosp,-1,2026-09-19,11,quantile,0.75,0
2026-09-26,wk inc rsv hosp,-1,2026-09-19,11,quantile,0.8,0
2026-09-26,wk inc rsv hosp,-1,2026-09-19,11,quantile,0.85,0
2026-09-26,wk inc rsv hosp,-1,2026-09-19,11,quantile,0.9,0
2026-09-26,wk inc rsv hosp,-1,2026-09-19,11,quantile,0.95,0
2026-09-26,wk inc rsv hosp,-1,2026-09-19,11,quantile,0.975,1
2026-09-26,wk inc rsv hosp,-1,2026-09-19,11,quantile,0.99,1
2026-09-26,wk inc rsv hosp,-1,2026-09-19,12,quantile,0.01,84
2026-09-26,wk inc rsv hosp,-1,2026-09-19,12,quantile,0.025,88
2026-09-26,wk inc rsv hosp,-1,2026-09-19,12,quantile,0.05,94
2026-09-26,wk inc rsv hosp,-1,2026-09-19,12,quantile,0.1,98
2026-09-26,wk inc rsv hosp,-1,2026-09-19,12,quantile,0.15,101
2026-09-26,wk inc rsv hosp,-1,2026-09-19,12,quantile,0.2,104
2026-09-26,wk inc rsv hosp,-1,2026-09-19,12,quantile,0.25,107
2026-09-26,wk inc rsv hosp,-1,2026-09-19,12,quantile,0.3,109
2026-09-26,wk inc rsv hosp,-1,2026-09-19,12,quantile,0.35,111
2026-09-26,wk inc rsv hosp,-1,2026-09-19,12,quantile,0.4,112
2026-09-26,wk inc rsv hosp,-1,2026-09-19,12,quantile,0.45,114
2026-09-26,wk inc rsv hosp,-1,2026-09-19,12,quantile,0.5,115
2026-09-26,wk inc rsv hosp,-1,2026-09-19,12,quantile,0.55,117
2026-09-26,wk inc rsv hosp,-1,2026-09-19,12,quantile,0.6,119
2026-09-26,wk inc rsv hosp,-1,2026-09-19,12,quantile,0.65,120
2026-09-26,wk inc rsv hosp,-1,2026-09-19,12,quantile,0.7,123
2026-09-26,wk inc rsv hosp,-1,2026-09-19,12,quantile,0.75,125
2026-09-26,wk inc rsv hosp,-1,2026-09-19,12,quantile,0.8,128
2026-09-26,wk inc rsv hosp,-1,2026-09-19,12,quantile,0.85,131
2026-09-26,wk inc rsv hosp,-1,2026-09-19,12,quantile,0.9,135
2026-09-26,wk inc rsv hosp,-1,2026-09-19,12,quantile,0.95,143
2026-09-26,wk inc rsv hosp,-1,2026-09-19,12,quantile,0.975,149
2026-09-26,wk inc rsv hosp,-1,2026-09-19,12,quantile,0.99,158
2026-09-26,wk inc rsv hosp,-1,2026-09-19,13,quantile,0.01,5
2026-09-26,wk inc rsv hosp,-1,2026-09-19,13,quantile,0.025,6
2026-09-26,wk inc rsv hosp,-1,2026-09-19,13,quantile,0.05,7
2026-09-26,wk inc rsv hosp,-1,2026-09-19,13,quantile,0.1,9
2026-09-26,wk inc rsv hosp,-1,2026-09-19,13,quantile,0.15,10
2026-09-26,wk inc rsv hosp,-1,2026-09-19,13,quantile,0.2,10
2026-09-26,wk inc rsv hosp,-1,2026-09-19,13,quantile,0.25,11
2026-09-26,wk inc rsv hosp,-1,2026-09-19,13,quantile,0.3,11
2026-09-26,wk inc rsv hosp,-1,2026-09-19,13,quantile,0.35,11
2026-09-26,wk inc rsv hosp,-1,2026-09-19,13,quantile,0.4,12
2026-09-26,wk inc rsv hosp,-1,2026-09-19,13,quantile,0.45,12
2026-09-26,wk inc rsv hosp,-1,2026-09-19,13,quantile,0.5,13
2026-09-26,wk inc rsv hosp,-1,2026-09-19,13,quantile,0.55,13
2026-09-26,wk inc rsv hosp,-1,2026-09-19,13,quantile,0.6,14
2026-09-26,wk inc rsv hosp,-1,2026-09-19,13,quantile,0.65,14
2026-09-26,wk inc rsv hosp,-1,2026-09-19,13,quantile,0.7,15
2026-09-26,wk inc rsv hosp,-1,2026-09-19,13,quantile,0.75,15
2026-09-26,wk inc rsv hosp,-1,2026-09-19,13,quantile,0.8,16
2026-09-26,wk inc rsv hosp,-1,2026-09-19,13,quantile,0.85,17
2026-09-26,wk inc rsv hosp,-1,2026-09-19,13,quantile,0.9,18
2026-09-26,wk inc rsv hosp,-1,2026-09-19,13,quantile,0.95,20
2026-09-26,wk inc rsv hosp,-1,2026-09-19,13,quantile,0.975,22
2026-09-26,wk inc rsv hosp,-1,2026-09-19,13,quantile,0.99,25
2026-09-26,wk inc rsv hosp,-1,2026-09-19,15,quantile,0.01,2
2026-09-26,wk inc rsv hosp,-1,2026-09-19,15,quantile,0.025,3
2026-09-26,wk inc rsv hosp,-1,2026-09-19,15,quantile,0.05,4
2026-09-26,wk inc rsv hosp,-1,2026-09-19,15,quantile,0.1,5
2026-09-26,wk inc rsv hosp,-1,2026-09-19,15,quantile,0.15,5
2026-09-26,wk inc rsv hosp,-1,2026-09-19,15,quantile,0.2,6
2026-09-26,wk inc rsv hosp,-1,2026-09-19,15,quantile,0.25,6
2026-09-26,wk inc rsv hosp,-1,2026-09-19,15,quantile,0.3,6
2026-09-26,wk inc rsv hosp,-1,2026-09-19,15,quantile,0.35,6
2026-09-26,wk inc rsv hosp,-1,2026-09-19,15,quantile,0.4,6
2026-09-26,wk inc rsv hosp,-1,2026-09-19,15,quantile,0.45,6
2026-09-26,wk inc rsv hosp,-1,2026-09-19,15,quantile,0.5,6
2026-09-26,wk inc rsv hosp,-1,2026-09-19,15,quantile,0.55,6
2026-09-26,wk inc rsv hosp,-1,2026-09-19,15,quantile,0.6,7
2026-09-26,wk inc rsv hosp,-1,2026-09-19,15,quantile,0.65,7
2026-09-26,wk inc rsv hosp,-1,2026-09-19,15,quantile,0.7,7
2026-09-26,wk inc rsv hosp,-1,2026-09-19,15,quantile,0.75,7
2026-09-26,wk inc rsv hosp,-1,2026-09-19,15,quantile,0.8,8
2026-09-26,wk inc rsv hosp,-1,2026-09-19,15,quantile,0.85,9
2026-09-26,wk inc rsv hosp,-1,2026-09-19,15,quantile,0.9,9
2026-09-26,wk inc rsv hosp,-1,2026-09-19,15,quantile,0.95,11
2026-09-26,wk inc rsv hosp,-1,2026-09-19,15,quantile,0.975,13
2026-09-26,wk inc rsv hosp,-1,2026-09-19,15,quantile,0.99,14
2026-09-26,wk inc rsv hosp,-1,2026-09-19,16,quantile,0.01,0
2026-09-26,wk inc rsv hosp,-1,2026-09-19,16,quantile,0.025,0
2026-09-26,wk inc rsv hosp,-1,2026-09-19,16,quantile,0.05,0
2026-09-26,wk inc rsv hosp,-1,2026-09-19,16,quantile,0.1,0
2026-09-26,wk inc rsv hosp,-1,2026-09-19,16,quantile,0.15,0
2026-09-26,wk inc rsv hosp,-1,2026-09-19,16,quantile,0.2,0
2026-09-26,wk inc rsv hosp,-1,2026-09-19,16,quantile,0.25,0
2026-09-26,wk inc rsv hosp,-1,2026-09-19,16,quantile,0.3,0
2026-09-26,wk inc rsv hosp,-1,2026-09-19,16,quantile,0.35,0
2026-09-26,wk inc rsv hosp,-1,2026-09-19,16,quantile,0.4,0
2026-09-26,wk inc rsv hosp,-1,2026-09-19,16,quantile,0.45,0
2026-09-26,wk inc rsv hosp,-1,2026-09-19,16,quantile,0.5,0
2026-09-26,wk inc rsv hosp,-1,2026-09-19,16,quantile,0.55,0
2026-09-26,wk inc rsv hosp,-1,2026-09-19,16,quantile,0.6,0
2026-09-26,wk inc rsv hosp,-1,2026-09-19,16,quantile,0.65,0
2026-09-26,wk inc rsv hosp,-1,2026-09-19,16,quantile,0.7,0
2026-09-26,wk inc rsv hosp,-1,2026-09-19,16,quantile,0.75,0
2026-09-26,wk inc rsv hosp,-1,2026-09-19,16,quantile,0.8,0
2026-09-26,wk inc rsv hosp,-1,2026-09-19,16,quantile,0.85,0
2026-09-26,wk inc rsv hosp,-1,2026-09-19,16,quantile,0.9,0
2026-09-26,wk inc rsv hosp,-1,2026-09-19,16,quantile,0.95,0
2026-09-26,wk inc rsv hosp,-1,2026-09-19,16,quantile,0.975,0
2026-09-26,wk inc rsv hosp,-1,2026-09-19,16,quantile,0.99,1
2026-09-26,wk inc rsv hosp,-1,2026-09-19,17,quantile,0.01,4
2026-09-26,wk inc rsv hosp,-1,2026-09-19,17,quantile,0.025,5
2026-09-26,wk inc rsv hosp,-1,2026-09-19,17,quantile,0.05,6
2026-09-26,wk inc rsv hosp,-1,2026-09-19,17,quantile,0.1,7
2026-09-26,wk inc rsv hosp,-1,2026-09-19,17,quantile,0.15,7
2026-09-26,wk inc rsv hosp,-1,2026-09-19,17,quantile,0.2,8
2026-09-26,wk inc rsv hosp,-1,2026-09-19,17,quantile,0.25,8
2026-09-26,wk inc rsv hosp,-1,2026-09-19,17,quantile,0.3,8
2026-09-26,wk inc rsv hosp,-1,2026-09-19,17,quantile,0.35,8
2026-09-26,wk inc rsv hosp,-1,2026-09-19,17,quantile,0.4,8
2026-09-26,wk inc rsv hosp,-1,2026-09-19,17,quantile,0.45,8
2026-09-26,wk inc rsv hosp,-1,2026-09-19,17,quantile,0.5,9
2026-09-26,wk inc rsv hosp,-1,2026-09-19,17,quantile,0.55,9
2026-09-26,wk inc rsv hosp,-1,2026-09-19,17,quantile,0.6,9
2026-09-26,wk inc rsv hosp,-1,2026-09-19,17,quantile,0.65,9
2026-09-26,wk inc rsv hosp,-1,2026-09-19,17,quantile,0.7,10
2026-09-26,wk inc rsv hosp,-1,2026-09-19,17,quantile,0.75,10
2026-09-26,wk inc rsv hosp,-1,2026-09-19,17,quantile,0.8,11
2026-09-26,wk inc rsv hosp,-1,2026-09-19,17,quantile,0.85,11
2026-09-26,wk inc rsv hosp,-1,2026-09-19,17,quantile,0.9,12
2026-09-26,wk inc rsv hosp,-1,2026-09-19,17,quantile,0.95,13
2026-09-26,wk inc rsv hosp,-1,2026-09-19,17,quantile,0.975,14
2026-09-26,wk inc rsv hosp,-1,2026-09-19,17,quantile,0.99,15
2026-09-26,wk inc rsv hosp,-1,2026-09-19,18,quantile,0.01,0
2026-09-26,wk inc rsv hosp,-1,2026-09-19,18,quantile,0.025,0
2026-09-26,wk inc rsv hosp,-1,2026-09-19,18,quantile,0.05,0
2026-09-26,wk inc rsv hosp,-1,2026-09-19,18,quantile,0.1,0
2026-09-26,wk inc rsv hosp,-1,2026-09-19,18,quantile,0.15,1
2026-09-26,wk inc rsv hosp,-1,2026-09-19,18,quantile,0.2,1
2026-09-26,wk inc rsv hosp,-1,2026-09-19,18,quantile,0.25,2
2026-09-26,wk inc rsv hosp,-1,2026-09-19,18,quantile,0.3,2
2026-09-26,wk inc rsv hosp,-1,2026-09-19,18,quantile,0.35,2
2026-09-26,wk inc rsv hosp,-1,2026-09-19,18,quantile,0.4,2
2026-09-26,wk inc rsv hosp,-1,2026-09-19,18,quantile,0.45,2
2026-09-26,wk inc rsv hosp,-1,2026-09-19,18,quantile,0.5,2
2026-09-26,wk inc rsv hosp,-1,2026-09-19,18,quantile,0.55,3
2026-09-26,wk inc rsv hosp,-1,2026-09-19,18,quantile,0.6,3
2026-09-26,wk inc rsv hosp,-1,2026-09-19,18,quantile,0.65,3
2026-09-26,wk inc rsv hosp,-1,2026-09-19,18,quantile,0.7,3
2026-09-26,wk inc rsv hosp,-1,2026-09-19,18,quantile,0.75,4
2026-09-26,wk inc rsv hosp,-1,2026-09-19,18,quantile,0.8,4
2026-09-26,wk inc rsv hosp,-1,2026-09-19,18,quantile,0.85,4
2026-09-26,wk inc rsv hosp,-1,2026-09-19,18,quantile,0.9,5
2026-09-26,wk inc rsv hosp,-1,2026-09-19,18,quantile,0.95,6
2026-09-26,wk inc rsv hosp,-1,2026-09-19,18,quantile,0.975,7
2026-09-26,wk inc rsv hosp,-1,2026-09-19,18,quantile,0.99,9
2026-09-26,wk inc rsv hosp,-1,2026-09-19,19,quantile,0.01,0
2026-09-26,wk inc rsv hosp,-1,2026-09-19,19,quantile,0.025,0
2026-09-26,wk inc rsv hosp,-1,2026-09-19,19,quantile,0.05,0
2026-09-26,wk inc rsv hosp,-1,2026-09-19,19,quantile,0.1,0
2026-09-26,wk inc rsv hosp,-1,2026-09-19,19,quantile,0.15,1
2026-09-26,wk inc rsv hosp,-1,2026-09-19,19,quantile,0.2,1
2026-09-26,wk inc rsv hosp,-1,2026-09-19,19,quantile,0.25,1
2026-09-26,wk inc rsv hosp,-1,2026-09-19,19,quantile,0.3,1
2026-09-26,wk inc rsv hosp,-1,2026-09-19,19,quantile,0.35,1
2026-09-26,wk inc rsv hosp,-1,2026-09-19,19,quantile,0.4,1
2026-09-26,wk inc rsv hosp,-1,2026-09-19,19,quantile,0.45,2
2026-09-26,wk inc rsv hosp,-1,2026-09-19,19,quantile,0.5,2
2026-09-26,wk inc rsv hosp,-1,2026-09-19,19,quantile,0.55,2
2026-09-26,wk inc rsv hosp,-1,2026-09-19,19,quantile,0.6,2
2026-09-26,wk inc rsv hosp,-1,2026-09-19,19,quantile,0.65,2
2026-09-26,wk inc rsv hosp,-1,2026-09-19,19,quantile,0.7,2
2026-09-26,wk inc rsv hosp,-1,2026-09-19,19,quantile,0.75,3
2026-09-26,wk inc rsv hosp,-1,2026-09-19,19,quantile,0.8,3
2026-09-26,wk inc rsv hosp,-1,2026-09-19,19,quantile,0.85,3
2026-09-26,wk inc rsv hosp,-1,2026-09-19,19,quantile,0.9,4
2026-09-26,wk inc rsv hosp,-1,2026-09-19,19,quantile,0.95,5
2026-09-26,wk inc rsv hosp,-1,2026-09-19,19,quantile,0.975,5
2026-09-26,wk inc rsv hosp,-1,2026-09-19,19,quantile,0.99,7
2026-09-26,wk inc rsv hosp,-1,2026-09-19,20,quantile,0.01,0
2026-09-26,wk inc rsv hosp,-1,2026-09-19,20,quantile,0.025,0
2026-09-26,wk inc rsv hosp,-1,2026-09-19,20,quantile,0.05,0
2026-09-26,wk inc rsv hosp,-1,2026-09-19,20,quantile,0.1,0
2026-09-26,wk inc rsv hosp,-1,2026-09-19,20,quantile,0.15,0
2026-09-26,wk inc rsv hosp,-1,2026-09-19,20,quantile,0.2,1
2026-09-26,wk inc rsv hosp,-1,2026-09-19,20,quantile,0.25,1
2026-09-26,wk inc rsv hosp,-1,2026-09-19,20,quantile,0.3,1
2026-09-26,wk inc rsv hosp,-1,2026-09-19,20,quantile,0.35,1
2026-09-26,wk inc rsv hosp,-1,2026-09-19,20,quantile,0.4,1
2026-09-26,wk inc rsv hosp,-1,2026-09-19,20,quantile,0.45,1
2026-09-26,wk inc rsv hosp,-1,2026-09-19,20,quantile,0.5,1
2026-09-26,wk inc rsv hosp,-1,2026-09-19,20,quantile,0.55,1
2026-09-26,wk inc rsv hosp,-1,2026-09-19,20,quantile,0.6,1
2026-09-26,wk inc rsv hosp,-1,2026-09-19,20,quantile,0.65,1
2026-09-26,wk inc rsv hosp,-1,2026-09-19,20,quantile,0.7,1
2026-09-26,wk inc rsv hosp,-1,2026-09-19,20,quantile,0.75,2
2026-09-26,wk inc rsv hosp,-1,2026-09-19,20,quantile,0.8,2
2026-09-26,wk inc rsv hosp,-1,2026-09-19,20,quantile,0.85,2
2026-09-26,wk inc rsv hosp,-1,2026-09-19,20,quantile,0.9,3
2026-09-26,wk inc rsv hosp,-1,2026-09-19,20,quantile,0.95,4
2026-09-26,wk inc rsv hosp,-1,2026-09-19,20,quantile,0.975,4
2026-09-26,wk inc rsv hosp,-1,2026-09-19,20,quantile,0.99,5
2026-09-26,wk inc rsv hosp,-1,2026-09-19,21,quantile,0.01,0
2026-09-26,wk inc rsv hosp,-1,2026-09-19,21,quantile,0.025,0
2026-09-26,wk inc rsv hosp,-1,2026-09-19,21,quantile,0.05,0
2026-09-26,wk inc rsv hosp,-1,2026-09-19,21,quantile,0.1,0
2026-09-26,wk inc rsv hosp,-1,2026-09-19,21,quantile,0.15,0
2026-09-26,wk inc rsv hosp,-1,2026-09-19,21,quantile,0.2,1
2026-09-26,wk inc rsv hosp,-1,2026-09-19,21,quantile,0.25,1
2026-09-26,wk inc rsv hosp,-1,2026-09-19,21,quantile,0.3,1
2026-09-26,wk inc rsv hosp,-1,2026-09-19,21,quantile,0.35,1
2026-09-26,wk inc rsv hosp,-1,2026-09-19,21,quantile,0.4,1
2026-09-26,wk inc rsv hosp,-1,2026-09-19,21,quantile,0.45,1
2026-09-26,wk inc rsv hosp,-1,2026-09-19,21,quantile,0.5,1
2026-09-26,wk inc rsv hosp,-1,2026-09-19,21,quantile,0.55,2
2026-09-26,wk inc rsv hosp,-1,2026-09-19,21,quantile,0.6,2
2026-09-26,wk inc rsv hosp,-1,2026-09-19,21,quantile,0.65,2
2026-09-26,wk inc rsv hosp,-1,2026-09-19,21,quantile,0.7,2
2026-09-26,wk inc rsv hosp,-1,2026-09-19,21,quantile,0.75,3
2026-09-26,wk inc rsv hosp,-1,2026-09-19,21,quantile,0.8,3
2026-09-26,wk inc rsv hosp,-1,2026-09-19,21,quantile,0.85,4
2026-09-26,wk inc rsv hosp,-1,2026-09-19,21,quantile,0.9,4
2026-09-26,wk inc rsv hosp,-1,2026-09-19,21,quantile,0.95,5
2026-09-26,wk inc rsv hosp,-1,2026-09-19,21,quantile,0.975,6
2026-09-26,wk inc rsv hosp,-1,2026-09-19,21,quantile,0.99,7
2026-09-26,wk inc rsv hosp,-1,2026-09-19,22,quantile,0.01,2
2026-09-26,wk inc rsv hosp,-1,2026-09-19,22,quantile,0.025,4
2026-09-26,wk inc rsv hosp,-1,2026-09-19,22,quantile,0.05,4
2026-09-26,wk inc rsv hosp,-1,2026-09-19,22,quantile,0.1,5
2026-09-26,wk inc rsv hosp,-1,2026-09-19,22,quantile,0.15,6
2026-09-26,wk inc rsv hosp,-1,2026-09-19,22,quantile,0.2,6
2026-09-26,wk inc rsv hosp,-1,2026-09-19,22,quantile,0.25,6
2026-09-26,wk inc rsv hosp,-1,2026-09-19,22,quantile,0.3,6
2026-09-26,wk inc rsv hosp,-1,2026-09-19,22,quantile,0.35,6
2026-09-26,wk inc rsv hosp,-1,2026-09-19,22,quantile,0.4,6
2026-09-26,wk inc rsv hosp,-1,2026-09-19,22,quantile,0.45,7
2026-09-26,wk inc rsv hosp,-1,2026-09-19,22,quantile,0.5,7
2026-09-26,wk inc rsv hosp,-1,2026-09-19,22,quantile,0.55,7
2026-09-26,wk inc rsv hosp,-1,2026-09-19,22,quantile,0.6,7
2026-09-26,wk inc rsv hosp,-1,2026-09-19,22,quantile,0.65,7
2026-09-26,wk inc rsv hosp,-1,2026-09-19,22,quantile,0.7,8
2026-09-26,wk inc rsv hosp,-1,2026-09-19,22,quantile,0.75,8
2026-09-26,wk inc rsv hosp,-1,2026-09-19,22,quantile,0.8,8
2026-09-26,wk inc rsv hosp,-1,2026-09-19,22,quantile,0.85,9
2026-09-26,wk inc rsv hosp,-1,2026-09-19,22,quantile,0.9,10
2026-09-26,wk inc rsv hosp,-1,2026-09-19,22,quantile,0.95,11
2026-09-26,wk inc rsv hosp,-1,2026-09-19,22,quantile,0.975,12
2026-09-26,wk inc rsv hosp,-1,2026-09-19,22,quantile,0.99,13
2026-09-26,wk inc rsv hosp,-1,2026-09-19,23,quantile,0.01,0
2026-09-26,wk inc rsv hosp,-1,2026-09-19,23,quantile,0.025,0
2026-09-26,wk inc rsv hosp,-1,2026-09-19,23,quantile,0.05,0
2026-09-26,wk inc rsv hosp,-1,2026-09-19,23,quantile,0.1,0
2026-09-26,wk inc rsv hosp,-1,2026-09-19,23,quantile,0.15,0
2026-09-26,wk inc rsv hosp,-1,2026-09-19,23,quantile,0.2,0
2026-09-26,wk inc rsv hosp,-1,2026-09-19,23,quantile,0.25,0
2026-09-26,wk inc rsv hosp,-1,2026-09-19,23,quantile,0.3,0
2026-09-26,wk inc rsv hosp,-1,2026-09-19,23,quantile,0.35,0
2026-09-26,wk inc rsv hosp,-1,2026-09-19,23,quantile,0.4,0
2026-09-26,wk inc rsv hosp,-1,2026-09-19,23,quantile,0.45,0
2026-09-26,wk inc rsv hosp,-1,2026-09-19,23,quantile,0.5,0
2026-09-26,wk inc rsv hosp,-1,2026-09-19,23,quantile,0.55,0
2026-09-26,wk inc rsv hosp,-1,2026-09-19,23,quantile,0.6,0
2026-09-26,wk inc rsv hosp,-1,2026-09-19,23,quantile,0.65,0
2026-09-26,wk inc rsv hosp,-1,2026-09-19,23,quantile,0.7,0
2026-09-26,wk inc rsv hosp,-1,2026-09-19,23,quantile,0.75,0
2026-09-26,wk inc rsv hosp,-1,2026-09-19,23,quantile,0.8,0
2026-09-26,wk inc rsv hosp,-1,2026-09-19,23,quantile,0.85,0
2026-09-26,wk inc rsv hosp,-1,2026-09-19,23,quantile,0.9,0
2026-09-26,wk inc rsv hosp,-1,2026-09-19,23,quantile,0.95,0
2026-09-26,wk inc rsv hosp,-1,2026-09-19,23,quantile,0.975,1
2026-09-26,wk inc rsv hosp,-1,2026-09-19,23,quantile,0.99,1
2026-09-26,wk inc rsv hosp,-1,2026-09-19,24,quantile,0.01,1
2026-09-26,wk inc rsv hosp,-1,2026-09-19,24,quantile,0.025,1
2026-09-26,wk inc rsv hosp,-1,2026-09-19,24,quantile,0.05,2
2026-09-26,wk inc rsv hosp,-1,2026-09-19,24,quantile,0.1,3
2026-09-26,wk inc rsv hosp,-1,2026-09-19,24,quantile,0.15,3
2026-09-26,wk inc rsv hosp,-1,2026-09-19,24,quantile,0.2,4
2026-09-26,wk inc rsv hosp,-1,2026-09-19,24,quantile,0.25,4
2026-09-26,wk inc rsv hosp,-1,2026-09-19,24,quantile,0.3,4
2026-09-26,wk inc rsv hosp,-1,2026-09-19,24,quantile,0.35,4
2026-09-26,wk inc rsv hosp,-1,2026-09-19,24,quantile,0.4,4
2026-09-26,wk inc rsv hosp,-1,2026-09-19,24,quantile,0.45,4
2026-09-26,wk inc rsv hosp,-1,2026-09-19,24,quantile,0.5,4
2026-09-26,wk inc rsv hosp,-1,2026-09-19,24,quantile,0.55,5
2026-09-26,wk inc rsv hosp,-1,2026-09-19,24,quantile,0.6,5
2026-09-26,wk inc rsv hosp,-1,2026-09-19,24,quantile,0.65,5
2026-09-26,wk inc rsv hosp,-1,2026-09-19,24,quantile,0.7,5
2026-09-26,wk inc rsv hosp,-1,2026-09-19,24,quantile,0.75,6
2026-09-26,wk inc rsv hosp,-1,2026-09-19,24,quantile,0.8,6
2026-09-26,wk inc rsv hosp,-1,2026-09-19,24,quantile,0.85,6
2026-09-26,wk inc rsv hosp,-1,2026-09-19,24,quantile,0.9,7
2026-09-26,wk inc rsv hosp,-1,2026-09-19,24,quantile,0.95,8
2026-09-26,wk inc rsv hosp,-1,2026-09-19,24,quantile,0.975,9
2026-09-26,wk inc rsv hosp,-1,2026-09-19,24,quantile,0.99,11
2026-09-26,wk inc rsv hosp,-1,2026-09-19,25,quantile,0.01,0
2026-09-26,wk inc rsv hosp,-1,2026-09-19,25,quantile,0.025,1
2026-09-26,wk inc rsv hosp,-1,2026-09-19,25,quantile,0.05,2
2026-09-26,wk inc rsv hosp,-1,2026-09-19,25,quantile,0.1,3
2026-09-26,wk inc rsv hosp,-1,2026-09-19,25,quantile,0.15,3
2026-09-26,wk inc rsv hosp,-1,2026-09-19,25,quantile,0.2,4
2026-09-26,wk inc rsv hosp,-1,2026-09-19,25,quantile,0.25,4
2026-09-26,wk inc rsv hosp,-1,2026-09-19,25,quantile,0.3,4
2026-09-26,wk inc rsv hosp,-1,2026-09-19,25,quantile,0.35,4
2026-09-26,wk inc rsv hosp,-1,2026-09-19,25,quantile,0.4,4
2026-09-26,wk inc rsv hosp,-1,2026-09-19,25,quantile,0.45,5
2026-09-26,wk inc rsv hosp,-1,2026-09-19,25,quantile,0.5,5
2026-09-26,wk inc rsv hosp,-1,2026-09-19,25,quantile,0.55,5
2026-09-26,wk inc rsv hosp,-1,2026-09-19,25,quantile,0.6,6
2026-09-26,wk inc rsv hosp,-1,2026-09-19,25,quantile,0.65,6
2026-09-26,wk inc rsv hosp,-1,2026-09-19,25,quantile,0.7,6
2026-09-26,wk inc rsv hosp,-1,2026-09-19,25,quantile,0.75,7
2026-09-26,wk inc rsv hosp,-1,2026-09-19,25,quantile,0.8,7
2026-09-26,wk inc rsv hosp,-1,2026-09-19,25,quantile,0.85,8
2026-09-26,wk inc rsv hosp,-1,2026-09-19,25,quantile,0.9,8
2026-09-26,wk inc rsv hosp,-1,2026-09-19,25,quantile,0.95,9
2026-09-26,wk inc rsv hosp,-1,2026-09-19,25,quantile,0.975,10
2026-09-26,wk inc rsv hosp,-1,2026-09-19,25,quantile,0.99,12
2026-09-26,wk inc rsv hosp,-1,2026-09-19,26,quantile,0.01,0
2026-09-26,wk inc rsv hosp,-1,2026-09-19,26,quantile,0.025,0
2026-09-26,wk inc rsv hosp,-1,2026-09-19,26,quantile,0.05,0
2026-09-26,wk inc rsv hosp,-1,2026-09-19,26,quantile,0.1,0
2026-09-26,wk inc rsv hosp,-1,2026-09-19,26,quantile,0.15,1
2026-09-26,wk inc rsv hosp,-1,2026-09-19,26,quantile,0.2,2
2026-09-26,wk inc rsv hosp,-1,2026-09-19,26,quantile,0.25,3
2026-09-26,wk inc rsv hosp,-1,2026-09-19,26,quantile,0.3,3
2026-09-26,wk inc rsv hosp,-1,2026-09-19,26,quantile,0.35,4
2026-09-26,wk inc rsv hosp,-1,2026-09-19,26,quantile,0.4,4
2026-09-26,wk inc rsv hosp,-1,2026-09-19,26,quantile,0.45,4
2026-09-26,wk inc rsv hosp,-1,2026-09-19,26,quantile,0.5,4
2026-09-26,wk inc rsv hosp,-1,2026-09-19,26,quantile,0.55,4
2026-09-26,wk inc rsv hosp,-1,2026-09-19,26,quantile,0.6,4
2026-09-26,wk inc rsv hosp,-1,2026-09-19,26,quantile,0.65,4
2026-09-26,wk inc rsv hosp,-1,2026-09-19,26,quantile,0.7,4
2026-09-26,wk inc rsv hosp,-1,2026-09-19,26,quantile,0.75,5
2026-09-26,wk inc rsv hosp,-1,2026-09-19,26,quantile,0.8,6
2026-09-26,wk inc rsv hosp,-1,2026-09-19,26,quantile,0.85,7
2026-09-26,wk inc rsv hosp,-1,2026-09-19,26,quantile,0.9,8
2026-09-26,wk inc rsv hosp,-1,2026-09-19,26,quantile,0.95,11
2026-09-26,wk inc rsv hosp,-1,2026-09-19,26,quantile,0.975,15
2026-09-26,wk inc rsv hosp,-1,2026-09-19,26,quantile,0.99,27
2026-09-26,wk inc rsv hosp,-1,2026-09-19,27,quantile,0.01,0
2026-09-26,wk inc rsv hosp,-1,2026-09-19,27,quantile,0.025,0
2026-09-26,wk inc rsv hosp,-1,2026-09-19,27,quantile,0.05,0
2026-09-26,wk inc rsv hosp,-1,2026-09-19,27,quantile,0.1,0
2026-09-26,wk inc rsv hosp,-1,2026-09-19,27,quantile,0.15,0
2026-09-26,wk inc rsv hosp,-1,2026-09-19,27,quantile,0.2,0
2026-09-26,wk inc rsv hosp,-1,2026-09-19,27,quantile,0.25,0
2026-09-26,wk inc rsv hosp,-1,2026-09-19,27,quantile,0.3,0
2026-09-26,wk inc rsv hosp,-1,2026-09-19,27,quantile,0.35,0
2026-09-26,wk inc rsv hosp,-1,2026-09-19,27,quantile,0.4,0
2026-09-26,wk inc rsv hosp,-1,2026-09-19,27,quantile,0.45,0
2026-09-26,wk inc rsv hosp,-1,2026-09-19,27,quantile,0.5,0
2026-09-26,wk inc rsv hosp,-1,2026-09-19,27,quantile,0.55,0
2026-09-26,wk inc rsv hosp,-1,2026-09-19,27,quantile,0.6,0
2026-09-26,wk inc rsv hosp,-1,2026-09-19,27,quantile,0.65,0
2026-09-26,wk inc rsv hosp,-1,2026-09-19,27,quantile,0.7,0
2026-09-26,wk inc rsv hosp,-1,2026-09-19,27,quantile,0.75,0
2026-09-26,wk inc rsv hosp,-1,2026-09-19,27,quantile,0.8,0
2026-09-26,wk inc rsv hosp,-1,2026-09-19,27,quantile,0.85,0
2026-09-26,wk inc rsv hosp,-1,2026-09-19,27,quantile,0.9,0
2026-09-26,wk inc rsv hosp,-1,2026-09-19,27,quantile,0.95,1
2026-09-26,wk inc rsv hosp,-1,2026-09-19,27,quantile,0.975,1
2026-09-26,wk inc rsv hosp,-1,2026-09-19,27,quantile,0.99,2
2026-09-26,wk inc rsv hosp,-1,2026-09-19,28,quantile,0.01,1
2026-09-26,wk inc rsv hosp,-1,2026-09-19,28,quantile,0.025,2
2026-09-26,wk inc rsv hosp,-1,2026-09-19,28,quantile,0.05,2
2026-09-26,wk inc rsv hosp,-1,2026-09-19,28,quantile,0.1,3
2026-09-26,wk inc rsv hosp,-1,2026-09-19,28,quantile,0.15,3
2026-09-26,wk inc rsv hosp,-1,2026-09-19,28,quantile,0.2,4
2026-09-26,wk inc rsv hosp,-1,2026-09-19,28,quantile,0.25,4
2026-09-26,wk inc rsv hosp,-1,2026-09-19,28,quantile,0.3,4
2026-09-26,wk inc rsv hosp,-1,2026-09-19,28,quantile,0.35,4
2026-09-26,wk inc rsv hosp,-1,2026-09-19,28,quantile,0.4,4
2026-09-26,wk inc rsv hosp,-1,2026-09-19,28,quantile,0.45,5
2026-09-26,wk inc rsv hosp,-1,2026-09-19,28,quantile,0.5,5
2026-09-26,wk inc rsv hosp,-1,2026-09-19,28,quantile,0.55,5
2026-09-26,wk inc rsv hosp,-1,2026-09-19,28,quantile,0.6,5
2026-09-26,wk inc rsv hosp,-1,2026-09-19,28,quantile,0.65,6
2026-09-26,wk inc rsv hosp,-1,2026-09-19,28,quantile,0.7,6
2026-09-26,wk inc rsv hosp,-1,2026-09-19,28,quantile,0.75,6
2026-09-26,wk inc rsv hosp,-1,2026-09-19,28,quantile,0.8,6
2026-09-26,wk inc rsv hosp,-1,2026-09-19,28,quantile,0.85,7
2026-09-26,wk inc rsv hosp,-1,2026-09-19,28,quantile,0.9,7
2026-09-26,wk inc rsv hosp,-1,2026-09-19,28,quantile,0.95,8
2026-09-26,wk inc rsv hosp,-1,2026-09-19,28,quantile,0.975,10
2026-09-26,wk inc rsv hosp,-1,2026-09-19,28,quantile,0.99,11
2026-09-26,wk inc rsv hosp,-1,2026-09-19,29,quantile,0.01,0
2026-09-26,wk inc rsv hosp,-1,2026-09-19,29,quantile,0.025,0
2026-09-26,wk inc rsv hosp,-1,2026-09-19,29,quantile,0.05,0
2026-09-26,wk inc rsv hosp,-1,2026-09-19,29,quantile,0.1,0
2026-09-26,wk inc rsv hosp,-1,2026-09-19,29,quantile,0.15,1
2026-09-26,wk inc rsv hosp,-1,2026-09-19,29,quantile,0.2,1
2026-09-26,wk inc rsv hosp,-1,2026-09-19,29,quantile,0.25,1
2026-09-26,wk inc rsv hosp,-1,2026-09-19,29,quantile,0.3,1
2026-09-26,wk inc rsv hosp,-1,2026-09-19,29,quantile,0.35,1
2026-09-26,wk inc rsv hosp,-1,2026-09-19,29,quantile,0.4,1
2026-09-26,wk inc rsv hosp,-1,2026-09-19,29,quantile,0.45,1
2026-09-26,wk inc rsv hosp,-1,2026-09-19,29,quantile,0.5,2
2026-09-26,wk inc rsv hosp,-1,2026-09-19,29,quantile,0.55,2
2026-09-26,wk inc rsv hosp,-1,2026-09-19,29,quantile,0.6,2
2026-09-26,wk inc rsv hosp,-1,2026-09-19,29,quantile,0.65,2
2026-09-26,wk inc rsv hosp,-1,2026-09-19,29,quantile,0.7,2
2026-09-26,wk inc rsv hosp,-1,2026-09-19,29,quantile,0.75,3
2026-09-26,wk inc rsv hosp,-1,2026-09-19,29,quantile,0.8,3
2026-09-26,wk inc rsv hosp,-1,2026-09-19,29,quantile,0.85,4
2026-09-26,wk inc rsv hosp,-1,2026-09-19,29,quantile,0.9,4
2026-09-26,wk inc rsv hosp,-1,2026-09-19,29,quantile,0.95,5
2026-09-26,wk inc rsv hosp,-1,2026-09-19,29,quantile,0.975,6
2026-09-26,wk inc rsv hosp,-1,2026-09-19,29,quantile,0.99,7
2026-09-26,wk inc rsv hosp,-1,2026-09-19,30,quantile,0.01,0
2026-09-26,wk inc rsv hosp,-1,2026-09-19,30,quantile,0.025,0
2026-09-26,wk inc rsv hosp,-1,2026-09-19,30,quantile,0.05,0
2026-09-26,wk inc rsv hosp,-1,2026-09-19,30,quantile,0.1,0
2026-09-26,wk inc rsv hosp,-1,2026-09-19,30,quantile,0.15,0
2026-09-26,wk inc rsv hosp,-1,2026-09-19,30,quantile,0.2,0
2026-09-26,wk inc rsv hosp,-1,2026-09-19,30,quantile,0.25,0
2026-09-26,wk inc rsv hosp,-1,2026-09-19,30,quantile,0.3,0
2026-09-26,wk inc rsv hosp,-1,2026-09-19,30,quantile,0.35,0
2026-09-26,wk inc rsv hosp,-1,2026-09-19,30,quantile,0.4,0
2026-09-26,wk inc rsv hosp,-1,2026-09-19,30,quantile,0.45,0
2026-09-26,wk inc rsv hosp,-1,2026-09-19,30,quantile,0.5,0
2026-09-26,wk inc rsv hosp,-1,2026-09-19,30,quantile,0.55,0
2026-09-26,wk inc rsv hosp,-1,2026-09-19,30,quantile,0.6,0
2026-09-26,wk inc rsv hosp,-1,2026-09-19,30,quantile,0.65,0
2026-09-26,wk inc rsv hosp,-1,2026-09-19,30,quantile,0.7,0
2026-09-26,wk inc rsv hosp,-1,2026-09-19,30,quantile,0.75,0
2026-09-26,wk inc rsv hosp,-1,2026-09-19,30,quantile,0.8,1
2026-09-26,wk inc rsv hosp,-1,2026-09-19,30,quantile,0.85,1
2026-09-26,wk inc rsv hosp,-1,2026-09-19,30,quantile,0.9,1
2026-09-26,wk inc rsv hosp,-1,2026-09-19,30,quantile,0.95,1
2026-09-26,wk inc rsv hosp,-1,2026-09-19,30,quantile,0.975,2
2026-09-26,wk inc rsv hosp,-1,2026-09-19,30,quantile,0.99,3
2026-09-26,wk inc rsv hosp,-1,2026-09-19,31,quantile,0.01,0
2026-09-26,wk inc rsv hosp,-1,2026-09-19,31,quantile,0.025,1
2026-09-26,wk inc rsv hosp,-1,2026-09-19,31,quantile,0.05,1
2026-09-26,wk inc rsv hosp,-1,2026-09-19,31,quantile,0.1,2
2026-09-26,wk inc rsv hosp,-1,2026-09-19,31,quantile,0.15,2
2026-09-26,wk inc rsv hosp,-1,2026-09-19,31,quantile,0.2,2
2026-09-26,wk inc rsv hosp,-1,2026-09-19,31,quantile,0.25,2
2026-09-26,wk inc rsv hosp,-1,2026-09-19,31,quantile,0.3,2
2026-09-26,wk inc rsv hosp,-1,2026-09-19,31,quantile,0.35,2
2026-09-26,wk inc rsv hosp,-1,2026-09-19,31,quantile,0.4,2
2026-09-26,wk inc rsv hosp,-1,2026-09-19,31,quantile,0.45,2
2026-09-26,wk inc rsv hosp,-1,2026-09-19,31,quantile,0.5,2
2026-09-26,wk inc rsv hosp,-1,2026-09-19,31,quantile,0.55,2
2026-09-26,wk inc rsv hosp,-1,2026-09-19,31,quantile,0.6,2
2026-09-26,wk inc rsv hosp,-1,2026-09-19,31,quantile,0.65,2
2026-09-26,wk inc rsv hosp,-1,2026-09-19,31,quantile,0.7,2
2026-09-26,wk inc rsv hosp,-1,2026-09-19,31,quantile,0.75,2
2026-09-26,wk inc rsv hosp,-1,2026-09-19,31,quantile,0.8,2
2026-09-26,wk inc rsv hosp,-1,2026-09-19,31,quantile,0.85,2
2026-09-26,wk inc rsv hosp,-1,2026-09-19,31,quantile,0.9,2
2026-09-26,wk inc rsv hosp,-1,2026-09-19,31,quantile,0.95,3
2026-09-26,wk inc rsv hosp,-1,2026-09-19,31,quantile,0.975,4
2026-09-26,wk inc rsv hosp,-1,2026-09-19,31,quantile,0.99,5
2026-09-26,wk inc rsv hosp,-1,2026-09-19,32,quantile,0.01,0
2026-09-26,wk inc rsv hosp,-1,2026-09-19,32,quantile,0.025,0
2026-09-26,wk inc rsv hosp,-1,2026-09-19,32,quantile,0.05,0
2026-09-26,wk inc rsv hosp,-1,2026-09-19,32,quantile,0.1,0
2026-09-26,wk inc rsv hosp,-1,2026-09-19,32,quantile,0.15,0
2026-09-26,wk inc rsv hosp,-1,2026-09-19,32,quantile,0.2,0
2026-09-26,wk inc rsv hosp,-1,2026-09-19,32,quantile,0.25,0
2026-09-26,wk inc rsv hosp,-1,2026-09-19,32,quantile,0.3,0
2026-09-26,wk inc rsv hosp,-1,2026-09-19,32,quantile,0.35,0
2026-09-26,wk inc rsv hosp,-1,2026-09-19,32,quantile,0.4,0
2026-09-26,wk inc rsv hosp,-1,2026-09-19,32,quantile,0.45,0
2026-09-26,wk inc rsv hosp,-1,2026-09-19,32,quantile,0.5,0
2026-09-26,wk inc rsv hosp,-1,2026-09-19,32,quantile,0.55,0
2026-09-26,wk inc rsv hosp,-1,2026-09-19,32,quantile,0.6,0
2026-09-26,wk inc rsv hosp,-1,2026-09-19,32,quantile,0.65,1
2026-09-26,wk inc rsv hosp,-1,2026-09-19,32,quantile,0.7,1
2026-09-26,wk inc rsv hosp,-1,2026-09-19,32,quantile,0.75,1
2026-09-26,wk inc rsv hosp,-1,2026-09-19,32,quantile,0.8,1
2026-09-26,wk inc rsv hosp,-1,2026-09-19,32,quantile,0.85,2
2026-09-26,wk inc rsv hosp,-1,2026-09-19,32,quantile,0.9,2
2026-09-26,wk inc rsv hosp,-1,2026-09-19,32,quantile,0.95,3
2026-09-26,wk inc rsv hosp,-1,2026-09-19,32,quantile,0.975,4
2026-09-26,wk inc rsv hosp,-1,2026-09-19,32,quantile,0.99,5
2026-09-26,wk inc rsv hosp,-1,2026-09-19,33,quantile,0.01,0
2026-09-26,wk inc rsv hosp,-1,2026-09-19,33,quantile,0.025,0
2026-09-26,wk inc rsv hosp,-1,2026-09-19,33,quantile,0.05,0
2026-09-26,wk inc rsv hosp,-1,2026-09-19,33,quantile,0.1,0
2026-09-26,wk inc rsv hosp,-1,2026-09-19,33,quantile,0.15,0
2026-09-26,wk inc rsv hosp,-1,2026-09-19,33,quantile,0.2,0
2026-09-26,wk inc rsv hosp,-1,2026-09-19,33,quantile,0.25,0
2026-09-26,wk inc rsv hosp,-1,2026-09-19,33,quantile,0.3,0
2026-09-26,wk inc rsv hosp,-1,2026-09-19,33,quantile,0.35,0
2026-09-26,wk inc rsv hosp,-1,2026-09-19,33,quantile,0.4,0
2026-09-26,wk inc rsv hosp,-1,2026-09-19,33,quantile,0.45,0
2026-09-26,wk inc rsv hosp,-1,2026-09-19,33,quantile,0.5,0
2026-09-26,wk inc rsv hosp,-1,2026-09-19,33,quantile,0.55,0
2026-09-26,wk inc rsv hosp,-1,2026-09-19,33,quantile,0.6,0
2026-09-26,wk inc rsv hosp,-1,2026-09-19,33,quantile,0.65,0
2026-09-26,wk inc rsv hosp,-1,2026-09-19,33,quantile,0.7,1
2026-09-26,wk inc rsv hosp,-1,2026-09-19,33,quantile,0.75,1
2026-09-26,wk inc rsv hosp,-1,2026-09-19,33,quantile,0.8,1
2026-09-26,wk inc rsv hosp,-1,2026-09-19,33,quantile,0.85,1
2026-09-26,wk inc rsv hosp,-1,2026-09-19,33,quantile,0.9,1
2026-09-26,wk inc rsv hosp,-1,2026-09-19,33,quantile,0.95,2
2026-09-26,wk inc rsv hosp,-1,2026-09-19,33,quantile,0.975,3
2026-09-26,wk inc rsv hosp,-1,2026-09-19,33,quantile,0.99,4
2026-09-26,wk inc rsv hosp,-1,2026-09-19,34,quantile,0.01,1
2026-09-26,wk inc rsv hosp,-1,2026-09-19,34,quantile,0.025,3
2026-09-26,wk inc rsv hosp,-1,2026-09-19,34,quantile,0.05,4
2026-09-26,wk inc rsv hosp,-1,2026-09-19,34,quantile,0.1,5
2026-09-26,wk inc rsv hosp,-1,2026-09-19,34,quantile,0.15,5
2026-09-26,wk inc rsv hosp,-1,2026-09-19,34,quantile,0.2,6
2026-09-26,wk inc rsv hosp,-1,2026-09-19,34,quantile,0.25,6
2026-09-26,wk inc rsv hosp,-1,2026-09-19,34,quantile,0.3,6
2026-09-26,wk inc rsv hosp,-1,2026-09-19,34,quantile,0.35,6
2026-09-26,wk inc rsv hosp,-1,2026-09-19,34,quantile,0.4,6
2026-09-26,wk inc rsv hosp,-1,2026-09-19,34,quantile,0.45,6
2026-09-26,wk inc rsv hosp,-1,2026-09-19,34,quantile,0.5,7
2026-09-26,wk inc rsv hosp,-1,2026-09-19,34,quantile,0.55,7
2026-09-26,wk inc rsv hosp,-1,2026-09-19,34,quantile,0.6,7
2026-09-26,wk inc rsv hosp,-1,2026-09-19,34,quantile,0.65,8
2026-09-26,wk inc rsv hosp,-1,2026-09-19,34,quantile,0.7,8
2026-09-26,wk inc rsv hosp,-1,2026-09-19,34,quantile,0.75,8
2026-09-26,wk inc rsv hosp,-1,2026-09-19,34,quantile,0.8,9
2026-09-26,wk inc rsv hosp,-1,2026-09-19,34,quantile,0.85,9
2026-09-26,wk inc rsv hosp,-1,2026-09-19,34,quantile,0.9,10
2026-09-26,wk inc rsv hosp,-1,2026-09-19,34,quantile,0.95,12
2026-09-26,wk inc rsv hosp,-1,2026-09-19,34,quantile,0.975,13
2026-09-26,wk inc rsv hosp,-1,2026-09-19,34,quantile,0.99,16
2026-09-26,wk inc rsv hosp,-1,2026-09-19,35,quantile,0.01,0
2026-09-26,wk inc rsv hosp,-1,2026-09-19,35,quantile,0.025,0
2026-09-26,wk inc rsv hosp,-1,2026-09-19,35,quantile,0.05,0
2026-09-26,wk inc rsv hosp,-1,2026-09-19,35,quantile,0.1,0
2026-09-26,wk inc rsv hosp,-1,2026-09-19,35,quantile,0.15,0
2026-09-26,wk inc rsv hosp,-1,2026-09-19,35,quantile,0.2,0
2026-09-26,wk inc rsv hosp,-1,2026-09-19,35,quantile,0.25,0
2026-09-26,wk inc rsv hosp,-1,2026-09-19,35,quantile,0.3,0
2026-09-26,wk inc rsv hosp,-1,2026-09-19,35,quantile,0.35,0
2026-09-26,wk inc rsv hosp,-1,2026-09-19,35,quantile,0.4,0
2026-09-26,wk inc rsv hosp,-1,2026-09-19,35,quantile,0.45,0
2026-09-26,wk inc rsv hosp,-1,2026-09-19,35,quantile,0.5,0
2026-09-26,wk inc rsv hosp,-1,2026-09-19,35,quantile,0.55,0
2026-09-26,wk inc rsv hosp,-1,2026-09-19,35,quantile,0.6,0
2026-09-26,wk inc rsv hosp,-1,2026-09-19,35,quantile,0.65,0
2026-09-26,wk inc rsv hosp,-1,2026-09-19,35,quantile,0.7,0
2026-09-26,wk inc rsv hosp,-1,2026-09-19,35,quantile,0.75,0
2026-09-26,wk inc rsv hosp,-1,2026-09-19,35,quantile,0.8,0
2026-09-26,wk inc rsv hosp,-1,2026-09-19,35,quantile,0.85,0
2026-09-26,wk inc rsv hosp,-1,2026-09-19,35,quantile,0.9,0
2026-09-26,wk inc rsv hosp,-1,2026-09-19,35,quantile,0.95,0
2026-09-26,wk inc rsv hosp,-1,2026-09-19,35,quantile,0.975,0
2026-09-26,wk inc rsv hosp,-1,2026-09-19,35,quantile,0.99,1
2026-09-26,wk inc rsv hosp,-1,2026-09-19,36,quantile,0.01,16
2026-09-26,wk inc rsv hosp,-1,2026-09-19,36,quantile,0.025,19
2026-09-26,wk inc rsv hosp,-1,2026-09-19,36,quantile,0.05,21
2026-09-26,wk inc rsv hosp,-1,2026-09-19,36,quantile,0.1,22
2026-09-26,wk inc rsv hosp,-1,2026-09-19,36,quantile,0.15,24
2026-09-26,wk inc rsv hosp,-1,2026-09-19,36,quantile,0.2,25
2026-09-26,wk inc rsv hosp,-1,2026-09-19,36,quantile,0.25,25
2026-09-26,wk inc rsv hosp,-1,2026-09-19,36,quantile,0.3,26
2026-09-26,wk inc rsv hosp,-1,2026-09-19,36,quantile,0.35,26
2026-09-26,wk inc rsv hosp,-1,2026-09-19,36,quantile,0.4,27
2026-09-26,wk inc rsv hosp,-1,2026-09-19,36,quantile,0.45,28
2026-09-26,wk inc rsv hosp,-1,2026-09-19,36,quantile,0.5,29
2026-09-26,wk inc rsv hosp,-1,2026-09-19,36,quantile,0.55,29
2026-09-26,wk inc rsv hosp,-1,2026-09-19,36,quantile,0.6,30
2026-09-26,wk inc rsv hosp,-1,2026-09-19,36,quantile,0.65,31
2026-09-26,wk inc rsv hosp,-1,2026-09-19,36,quantile,0.7,32
2026-09-26,wk inc rsv hosp,-1,2026-09-19,36,quantile,0.75,32
2026-09-26,wk inc rsv hosp,-1,2026-09-19,36,quantile,0.8,33
2026-09-26,wk inc rsv hosp,-1,2026-09-19,36,quantile,0.85,35
2026-09-26,wk inc rsv hosp,-1,2026-09-19,36,quantile,0.9,36
2026-09-26,wk inc rsv hosp,-1,2026-09-19,36,quantile,0.95,40
2026-09-26,wk inc rsv hosp,-1,2026-09-19,36,quantile,0.975,43
2026-09-26,wk inc rsv hosp,-1,2026-09-19,36,quantile,0.99,47
2026-09-26,wk inc rsv hosp,-1,2026-09-19,37,quantile,0.01,0
2026-09-26,wk inc rsv hosp,-1,2026-09-19,37,quantile,0.025,1
2026-09-26,wk inc rsv hosp,-1,2026-09-19,37,quantile,0.05,2
2026-09-26,wk inc rsv hosp,-1,2026-09-19,37,quantile,0.1,4
2026-09-26,wk inc rsv hosp,-1,2026-09-19,37,quantile,0.15,5
2026-09-26,wk inc rsv hosp,-1,2026-09-19,37,quantile,0.2,5
2026-09-26,wk inc rsv hosp,-1,2026-09-19,37,quantile,0.25,6
2026-09-26,wk inc rsv hosp,-1,2026-09-19,37,quantile,0.3,6
2026-09-26,wk inc rsv hosp,-1,2026-09-19,37,quantile,0.35,7
2026-09-26,wk inc rsv hosp,-1,2026-09-19,37,quantile,0.4,7
2026-09-26,wk inc rsv hosp,-1,2026-09-19,37,quantile,0.45,7
2026-09-26,wk inc rsv hosp,-1,2026-09-19,37,quantile,0.5,8
2026-09-26,wk inc rsv hosp,-1,2026-09-19,37,quantile,0.55,8
2026-09-26,wk inc rsv hosp,-1,2026-09-19,37,quantile,0.6,9
2026-09-26,wk inc rsv hosp,-1,2026-09-19,37,quantile,0.65,9
2026-09-26,wk inc rsv hosp,-1,2026-09-19,37,quantile,0.7,10
2026-09-26,wk inc rsv hosp,-1,2026-09-19,37,quantile,0.75,11
2026-09-26,wk inc rsv hosp,-1,2026-09-19,37,quantile,0.8,12
2026-09-26,wk inc rsv hosp,-1,2026-09-19,37,quantile,0.85,12
2026-09-26,wk inc rsv hosp,-1,2026-09-19,37,quantile,0.9,13
2026-09-26,wk inc rsv hosp,-1,2026-09-19,37,quantile,0.95,15
2026-09-26,wk inc rsv hosp,-1,2026-09-19,37,quantile,0.975,17
2026-09-26,wk inc rsv hosp,-1,2026-09-19,37,quantile,0.99,21
2026-09-26,wk inc rsv hosp,-1,2026-09-19,38,quantile,0.01,0
2026-09-26,wk inc rsv hosp,-1,2026-09-19,38,quantile,0.025,0
2026-09-26,wk inc rsv hosp,-1,2026-09-19,38,quantile,0.05,0
2026-09-26,wk inc rsv hosp,-1,2026-09-19,38,quantile,0.1,0
2026-09-26,wk inc rsv hosp,-1,2026-09-19,38,quantile,0.15,0
2026-09-26,wk inc rsv hosp,-1,2026-09-19,38,quantile,0.2,0
2026-09-26,wk inc rsv hosp,-1,2026-09-19,38,quantile,0.25,0
2026-09-26,wk inc rsv hosp,-1,2026-09-19,38,quantile,0.3,0
2026-09-26,wk inc rsv hosp,-1,2026-09-19,38,quantile,0.35,0
2026-09-26,wk inc rsv hosp,-1,2026-09-19,38,quantile,0.4,0
2026-09-26,wk inc rsv hosp,-1,2026-09-19,38,quantile,0.45,0
2026-09-26,wk inc rsv hosp,-1,2026-09-19,38,quantile,0.5,0
2026-09-26,wk inc rsv hosp,-1,2026-09-19,38,quantile,0.55,0
2026-09-26,wk inc rsv hosp,-1,2026-09-19,38,quantile,0.6,0
2026-09-26,wk inc rsv hosp,-1,2026-09-19,38,quantile,0.65,0
2026-09-26,wk inc rsv hosp,-1,2026-09-19,38,quantile,0.7,0
2026-09-26,wk inc rsv hosp,-1,2026-09-19,38,quantile,0.75,0
2026-09-26,wk inc rsv hosp,-1,2026-09-19,38,quantile,0.8,0
2026-09-26,wk inc rsv hosp,-1,2026-09-19,38,quantile,0.85,1
2026-09-26,wk inc rsv hosp,-1,2026-09-19,38,quantile,0.9,1
2026-09-26,wk inc rsv hosp,-1,2026-09-19,38,quantile,0.95,2
2026-09-26,wk inc rsv hosp,-1,2026-09-19,38,quantile,0.975,3
2026-09-26,wk inc rsv hosp,-1,2026-09-19,38,quantile,0.99,4
2026-09-26,wk inc rsv hosp,-1,2026-09-19,39,quantile,0.01,0
2026-09-26,wk inc rsv hosp,-1,2026-09-19,39,quantile,0.025,1
2026-09-26,wk inc rsv hosp,-1,2026-09-19,39,quantile,0.05,1
2026-09-26,wk inc rsv hosp,-1,2026-09-19,39,quantile,0.1,3
2026-09-26,wk inc rsv hosp,-1,2026-09-19,39,quantile,0.15,4
2026-09-26,wk inc rsv hosp,-1,2026-09-19,39,quantile,0.2,4
2026-09-26,wk inc rsv hosp,-1,2026-09-19,39,quantile,0.25,4
2026-09-26,wk inc rsv hosp,-1,2026-09-19,39,quantile,0.3,4
2026-09-26,wk inc rsv hosp,-1,2026-09-19,39,quantile,0.35,4
2026-09-26,wk inc rsv hosp,-1,2026-09-19,39,quantile,0.4,4
2026-09-26,wk inc rsv hosp,-1,2026-09-19,39,quantile,0.45,4
2026-09-26,wk inc rsv hosp,-1,2026-09-19,39,quantile,0.5,4
2026-09-26,wk inc rsv hosp,-1,2026-09-19,39,quantile,0.55,5
2026-09-26,wk inc rsv hosp,-1,2026-09-19,39,quantile,0.6,5
2026-09-26,wk inc rsv hosp,-1,2026-09-19,39,quantile,0.65,5
2026-09-26,wk inc rsv hosp,-1,2026-09-19,39,quantile,0.7,5
2026-09-26,wk inc rsv hosp,-1,2026-09-19,39,quantile,0.75,6
2026-09-26,wk inc rsv hosp,-1,2026-09-19,39,quantile,0.8,6
2026-09-26,wk inc rsv hosp,-1,2026-09-19,39,quantile,0.85,7
2026-09-26,wk inc rsv hosp,-1,2026-09-19,39,quantile,0.9,7
2026-09-26,wk inc rsv hosp,-1,2026-09-19,39,quantile,0.95,9
2026-09-26,wk inc rsv hosp,-1,2026-09-19,39,quantile,0.975,10
2026-09-26,wk inc rsv hosp,-1,2026-09-19,39,quantile,0.99,13
2026-09-26,wk inc rsv hosp,-1,2026-09-19,40,quantile,0.01,0
2026-09-26,wk inc rsv hosp,-1,2026-09-19,40,quantile,0.025,1
2026-09-26,wk inc rsv hosp,-1,2026-09-19,40,quantile,0.05,2
2026-09-26,wk inc rsv hosp,-1,2026-09-19,40,quantile,0.1,2
2026-09-26,wk inc rsv hosp,-1,2026-09-19,40,quantile,0.15,2
2026-09-26,wk inc rsv hosp,-1,2026-09-19,40,quantile,0.2,2
2026-09-26,wk inc rsv hosp,-1,2026-09-19,40,quantile,0.25,2
2026-09-26,wk inc rsv hosp,-1,2026-09-19,40,quantile,0.3,2
2026-09-26,wk inc rsv hosp,-1,2026-09-19,40,quantile,0.35,2
2026-09-26,wk inc rsv hosp,-1,2026-09-19,40,quantile,0.4,2
2026-09-26,wk inc rsv hosp,-1,2026-09-19,40,quantile,0.45,2
2026-09-26,wk inc rsv hosp,-1,2026-09-19,40,quantile,0.5,2
2026-09-26,wk inc rsv hosp,-1,2026-09-19,40,quantile,0.55,2
2026-09-26,wk inc rsv hosp,-1,2026-09-19,40,quantile,0.6,2
2026-09-26,wk inc rsv hosp,-1,2026-09-19,40,quantile,0.65,2
2026-09-26,wk inc rsv hosp,-1,2026-09-19,40,quantile,0.7,2
2026-09-26,wk inc rsv hosp,-1,2026-09-19,40,quantile,0.75,2
2026-09-26,wk inc rsv hosp,-1,2026-09-19,40,quantile,0.8,2
2026-09-26,wk inc rsv hosp,-1,2026-09-19,40,quantile,0.85,2
2026-09-26,wk inc rsv hosp,-1,2026-09-19,40,quantile,0.9,2
2026-09-26,wk inc rsv hosp,-1,2026-09-19,40,quantile,0.95,3
2026-09-26,wk inc rsv hosp,-1,2026-09-19,40,quantile,0.975,3
2026-09-26,wk inc rsv hosp,-1,2026-09-19,40,quantile,0.99,4
2026-09-26,wk inc rsv hosp,-1,2026-09-19,41,quantile,0.01,0
2026-09-26,wk inc rsv hosp,-1,2026-09-19,41,quantile,0.025,0
2026-09-26,wk inc rsv hosp,-1,2026-09-19,41,quantile,0.05,0
2026-09-26,wk inc rsv hosp,-1,2026-09-19,41,quantile,0.1,0
2026-09-26,wk inc rsv hosp,-1,2026-09-19,41,quantile,0.15,1
2026-09-26,wk inc rsv hosp,-1,2026-09-19,41,quantile,0.2,1
2026-09-26,wk inc rsv hosp,-1,2026-09-19,41,quantile,0.25,1
2026-09-26,wk inc rsv hosp,-1,2026-09-19,41,quantile,0.3,1
2026-09-26,wk inc rsv hosp,-1,2026-09-19,41,quantile,0.35,1
2026-09-26,wk inc rsv hosp,-1,2026-09-19,41,quantile,0.4,1
2026-09-26,wk inc rsv hosp,-1,2026-09-19,41,quantile,0.45,1
2026-09-26,wk inc rsv hosp,-1,2026-09-19,41,quantile,0.5,1
2026-09-26,wk inc rsv hosp,-1,2026-09-19,41,quantile,0.55,1
2026-09-26,wk inc rsv hosp,-1,2026-09-19,41,quantile,0.6,1
2026-09-26,wk inc rsv hosp,-1,2026-09-19,41,quantile,0.65,1
2026-09-26,wk inc rsv hosp,-1,2026-09-19,41,quantile,0.7,2
2026-09-26,wk inc rsv hosp,-1,2026-09-19,41,quantile,0.75,2
2026-09-26,wk inc rsv hosp,-1,2026-09-19,41,quantile,0.8,2
2026-09-26,wk inc rsv hosp,-1,2026-09-19,41,quantile,0.85,2
2026-09-26,wk inc rsv hosp,-1,2026-09-19,41,quantile,0.9,2
2026-09-26,wk inc rsv hosp,-1,2026-09-19,41,quantile,0.95,3
2026-09-26,wk inc rsv hosp,-1,2026-09-19,41,quantile,0.975,3
2026-09-26,wk inc rsv hosp,-1,2026-09-19,41,quantile,0.99,4
2026-09-26,wk inc rsv hosp,-1,2026-09-19,42,quantile,0.01,20
2026-09-26,wk inc rsv hosp,-1,2026-09-19,42,quantile,0.025,24
2026-09-26,wk inc rsv hosp,-1,2026-09-19,42,quantile,0.05,27
2026-09-26,wk inc rsv hosp,-1,2026-09-19,42,quantile,0.1,30
2026-09-26,wk inc rsv hosp,-1,2026-09-19,42,quantile,0.15,32
2026-09-26,wk inc rsv hosp,-1,2026-09-19,42,quantile,0.2,34
2026-09-26,wk inc rsv hosp,-1,2026-09-19,42,quantile,0.25,35
2026-09-26,wk inc rsv hosp,-1,2026-09-19,42,quantile,0.3,37
2026-09-26,wk inc rsv hosp,-1,2026-09-19,42,quantile,0.35,38
2026-09-26,wk inc rsv hosp,-1,2026-09-19,42,quantile,0.4,39
2026-09-26,wk inc rsv hosp,-1,2026-09-19,42,quantile,0.45,40
2026-09-26,wk inc rsv hosp,-1,2026-09-19,42,quantile,0.5,41
2026-09-26,wk inc rsv hosp,-1,2026-09-19,42,quantile,0.55,42
2026-09-26,wk inc rsv hosp,-1,2026-09-19,42,quantile,0.6,43
2026-09-26,wk inc rsv hosp,-1,2026-09-19,42,quantile,0.65,45
2026-09-26,wk inc rsv hosp,-1,2026-09-19,42,quantile,0.7,46
2026-09-26,wk inc rsv hosp,-1,2026-09-19,42,quantile,0.75,47
2026-09-26,wk inc rsv hosp,-1,2026-09-19,42,quantile,0.8,49
2026-09-26,wk inc rsv hosp,-1,2026-09-19,42,quantile,0.85,51
2026-09-26,wk inc rsv hosp,-1,2026-09-19,42,quantile,0.9,54
2026-09-26,wk inc rsv hosp,-1,2026-09-19,42,quantile,0.95,57
2026-09-26,wk inc rsv hosp,-1,2026-09-19,42,quantile,0.975,64
2026-09-26,wk inc rsv hosp,-1,2026-09-19,42,quantile,0.99,70
2026-09-26,wk inc rsv hosp,-1,2026-09-19,44,quantile,0.01,0
2026-09-26,wk inc rsv hosp,-1,2026-09-19,44,quantile,0.025,1
2026-09-26,wk inc rsv hosp,-1,2026-09-19,44,quantile,0.05,2
2026-09-26,wk inc rsv hosp,-1,2026-09-19,44,quantile,0.1,2
2026-09-26,wk inc rsv hosp,-1,2026-09-19,44,quantile,0.15,2
2026-09-26,wk inc rsv hosp,-1,2026-09-19,44,quantile,0.2,2
2026-09-26,wk inc rsv hosp,-1,2026-09-19,44,quantile,0.25,2
2026-09-26,wk inc rsv hosp,-1,2026-09-19,44,quantile,0.3,2
2026-09-26,wk inc rsv hosp,-1,2026-09-19,44,quantile,0.35,2
2026-09-26,wk inc rsv hosp,-1,2026-09-19,44,quantile,0.4,2
2026-09-26,wk inc rsv hosp,-1,2026-09-19,44,quantile,0.45,2
2026-09-26,wk inc rsv hosp,-1,2026-09-19,44,quantile,0.5,2
2026-09-26,wk inc rsv hosp,-1,2026-09-19,44,quantile,0.55,2
2026-09-26,wk inc rsv hosp,-1,2026-09-19,44,quantile,0.6,2
2026-09-26,wk inc rsv hosp,-1,2026-09-19,44,quantile,0.65,2
2026-09-26,wk inc rsv hosp,-1,2026-09-19,44,quantile,0.7,3
2026-09-26,wk inc rsv hosp,-1,2026-09-19,44,quantile,0.75,3
2026-09-26,wk inc rsv hosp,-1,2026-09-19,44,quantile,0.8,3
2026-09-26,wk inc rsv hosp,-1,2026-09-19,44,quantile,0.85,3
2026-09-26,wk inc rsv hosp,-1,2026-09-19,44,quantile,0.9,3
2026-09-26,wk inc rsv hosp,-1,2026-09-19,44,quantile,0.95,4
2026-09-26,wk inc rsv hosp,-1,2026-09-19,44,quantile,0.975,5
2026-09-26,wk inc rsv hosp,-1,2026-09-19,44,quantile,0.99,5
2026-09-26,wk inc rsv hosp,-1,2026-09-19,45,quantile,0.01,0
2026-09-26,wk inc rsv hosp,-1,2026-09-19,45,quantile,0.025,1
2026-09-26,wk inc rsv hosp,-1,2026-09-19,45,quantile,0.05,3
2026-09-26,wk inc rsv hosp,-1,2026-09-19,45,quantile,0.1,3
2026-09-26,wk inc rsv hosp,-1,2026-09-19,45,quantile,0.15,4
2026-09-26,wk inc rsv hosp,-1,2026-09-19,45,quantile,0.2,5
2026-09-26,wk inc rsv hosp,-1,2026-09-19,45,quantile,0.25,5
2026-09-26,wk inc rsv hosp,-1,2026-09-19,45,quantile,0.3,5
2026-09-26,wk inc rsv hosp,-1,2026-09-19,45,quantile,0.35,5
2026-09-26,wk inc rsv hosp,-1,2026-09-19,45,quantile,0.4,5
2026-09-26,wk inc rsv hosp,-1,2026-09-19,45,quantile,0.45,5
2026-09-26,wk inc rsv hosp,-1,2026-09-19,45,quantile,0.5,5
2026-09-26,wk inc rsv hosp,-1,2026-09-19,45,quantile,0.55,6
2026-09-26,wk inc rsv hosp,-1,2026-09-19,45,quantile,0.6,6
2026-09-26,wk inc rsv hosp,-1,2026-09-19,45,quantile,0.65,6
2026-09-26,wk inc rsv hosp,-1,2026-09-19,45,quantile,0.7,6
2026-09-26,wk inc rsv hosp,-1,2026-09-19,45,quantile,0.75,7
2026-09-26,wk inc rsv hosp,-1,2026-09-19,45,quantile,0.8,7
2026-09-26,wk inc rsv hosp,-1,2026-09-19,45,quantile,0.85,8
2026-09-26,wk inc rsv hosp,-1,2026-09-19,45,quantile,0.9,8
2026-09-26,wk inc rsv hosp,-1,2026-09-19,45,quantile,0.95,10
2026-09-26,wk inc rsv hosp,-1,2026-09-19,45,quantile,0.975,11
2026-09-26,wk inc rsv hosp,-1,2026-09-19,45,quantile,0.99,13
2026-09-26,wk inc rsv hosp,-1,2026-09-19,46,quantile,0.01,0
2026-09-26,wk inc rsv hosp,-1,2026-09-19,46,quantile,0.025,0
2026-09-26,wk inc rsv hosp,-1,2026-09-19,46,quantile,0.05,0
2026-09-26,wk inc rsv hosp,-1,2026-09-19,46,quantile,0.1,1
2026-09-26,wk inc rsv hosp,-1,2026-09-19,46,quantile,0.15,1
2026-09-26,wk inc rsv hosp,-1,2026-09-19,46,quantile,0.2,1
2026-09-26,wk inc rsv hosp,-1,2026-09-19,46,quantile,0.25,1
2026-09-26,wk inc rsv hosp,-1,2026-09-19,46,quantile,0.3,1
2026-09-26,wk inc rsv hosp,-1,2026-09-19,46,quantile,0.35,1
2026-09-26,wk inc rsv hosp,-1,2026-09-19,46,quantile,0.4,1
2026-09-26,wk inc rsv hosp,-1,2026-09-19,46,quantile,0.45,1
2026-09-26,wk inc rsv hosp,-1,2026-09-19,46,quantile,0.5,1
2026-09-26,wk inc rsv hosp,-1,2026-09-19,46,quantile,0.55,1
2026-09-26,wk inc rsv hosp,-1,2026-09-19,46,quantile,0.6,1
2026-09-26,wk inc rsv hosp,-1,2026-09-19,46,quantile,0.65,1
2026-09-26,wk inc rsv hosp,-1,2026-09-19,46,quantile,0.7,1
2026-09-26,wk inc rsv hosp,-1,2026-09-19,46,quantile,0.75,1
2026-09-26,wk inc rsv hosp,-1,2026-09-19,46,quantile,0.8,1
2026-09-26,wk inc rsv hosp,-1,2026-09-19,46,quantile,0.85,1
2026-09-26,wk inc rsv hosp,-1,2026-09-19,46,quantile,0.9,2
2026-09-26,wk inc rsv hosp,-1,2026-09-19,46,quantile,0.95,2
2026-09-26,wk inc rsv hosp,-1,2026-09-19,46,quantile,0.975,3
2026-09-26,wk inc rsv hosp,-1,2026-09-19,46,quantile,0.99,4
2026-09-26,wk inc rsv hosp,-1,2026-09-19,47,quantile,0.01,0
2026-09-26,wk inc rsv hosp,-1,2026-09-19,47,quantile,0.025,0
2026-09-26,wk inc rsv hosp,-1,2026-09-19,47,quantile,0.05,1
2026-09-26,wk inc rsv hosp,-1,2026-09-19,47,quantile,0.1,2
2026-09-26,wk inc rsv hosp,-1,2026-09-19,47,quantile,0.15,3
2026-09-26,wk inc rsv hosp,-1,2026-09-19,47,quantile,0.2,3
2026-09-26,wk inc rsv hosp,-1,2026-09-19,47,quantile,0.25,3
2026-09-26,wk inc rsv hosp,-1,2026-09-19,47,quantile,0.3,4
2026-09-26,wk inc rsv hosp,-1,2026-09-19,47,quantile,0.35,4
2026-09-26,wk inc rsv hosp,-1,2026-09-19,47,quantile,0.4,4
2026-09-26,wk inc rsv hosp,-1,2026-09-19,47,quantile,0.45,4
2026-09-26,wk inc rsv hosp,-1,2026-09-19,47,quantile,0.5,5
2026-09-26,wk inc rsv hosp,-1,2026-09-19,47,quantile,0.55,5
2026-09-26,wk inc rsv hosp,-1,2026-09-19,47,quantile,0.6,5
2026-09-26,wk inc rsv hosp,-1,2026-09-19,47,quantile,0.65,6
2026-09-26,wk inc rsv hosp,-1,2026-09-19,47,quantile,0.7,6
2026-09-26,wk inc rsv hosp,-1,2026-09-19,47,quantile,0.75,6
2026-09-26,wk inc rsv hosp,-1,2026-09-19,47,quantile,0.8,7
2026-09-26,wk inc rsv hosp,-1,2026-09-19,47,quantile,0.85,8
2026-09-26,wk inc rsv hosp,-1,2026-09-19,47,quantile,0.9,8
2026-09-26,wk inc rsv hosp,-1,2026-09-19,47,quantile,0.95,10
2026-09-26,wk inc rsv hosp,-1,2026-09-19,47,quantile,0.975,11
2026-09-26,wk inc rsv hosp,-1,2026-09-19,47,quantile,0.99,12
2026-09-26,wk inc rsv hosp,-1,2026-09-19,48,quantile,0.01,29
2026-09-26,wk inc rsv hosp,-1,2026-09-19,48,quantile,0.025,32
2026-09-26,wk inc rsv hosp,-1,2026-09-19,48,quantile,0.05,33
2026-09-26,wk inc rsv hosp,-1,2026-09-19,48,quantile,0.1,36
2026-09-26,wk inc rsv hosp,-1,2026-09-19,48,quantile,0.15,37
2026-09-26,wk inc rsv hosp,-1,2026-09-19,48,quantile,0.2,37
2026-09-26,wk inc rsv hosp,-1,2026-09-19,48,quantile,0.25,38
2026-09-26,wk inc rsv hosp,-1,2026-09-19,48,quantile,0.3,39
2026-09-26,wk inc rsv hosp,-1,2026-09-19,48,quantile,0.35,39
2026-09-26,wk inc rsv hosp,-1,2026-09-19,48,quantile,0.4,40
2026-09-26,wk inc rsv hosp,-1,2026-09-19,48,quantile,0.45,40
2026-09-26,wk inc rsv hosp,-1,2026-09-19,48,quantile,0.5,41
2026-09-26,wk inc rsv hosp,-1,2026-09-19,48,quantile,0.55,42
2026-09-26,wk inc rsv hosp,-1,2026-09-19,48,quantile,0.6,42
2026-09-26,wk inc rsv hosp,-1,2026-09-19,48,quantile,0.65,43
2026-09-26,wk inc rsv hosp,-1,2026-09-19,48,quantile,0.7,44
2026-09-26,wk inc rsv hosp,-1,2026-09-19,48,quantile,0.75,45
2026-09-26,wk inc rsv hosp,-1,2026-09-19,48,quantile,0.8,46
2026-09-26,wk inc rsv hosp,-1,2026-09-19,48,quantile,0.85,47
2026-09-26,wk inc rsv hosp,-1,2026-09-19,48,quantile,0.9,49
2026-09-26,wk inc rsv hosp,-1,2026-09-19,48,quantile,0.95,51
2026-09-26,wk inc rsv hosp,-1,2026-09-19,48,quantile,0.975,55
2026-09-26,wk inc rsv hosp,-1,2026-09-19,48,quantile,0.99,59
2026-09-26,wk inc rsv hosp,-1,2026-09-19,49,quantile,0.01,0
2026-09-26,wk inc rsv hosp,-1,2026-09-19,49,quantile,0.025,0
2026-09-26,wk inc rsv hosp,-1,2026-09-19,49,quantile,0.05,0
2026-09-26,wk inc rsv hosp,-1,2026-09-19,49,quantile,0.1,0
2026-09-26,wk inc rsv hosp,-1,2026-09-19,49,quantile,0.15,1
2026-09-26,wk inc rsv hosp,-1,2026-09-19,49,quantile,0.2,1
2026-09-26,wk inc rsv hosp,-1,2026-09-19,49,quantile,0.25,1
2026-09-26,wk inc rsv hosp,-1,2026-09-19,49,quantile,0.3,1
2026-09-26,wk inc rsv hosp,-1,2026-09-19,49,quantile,0.35,1
2026-09-26,wk inc rsv hosp,-1,2026-09-19,49,quantile,0.4,2
2026-09-26,wk inc rsv hosp,-1,2026-09-19,49,quantile,0.45,2
2026-09-26,wk inc rsv hosp,-1,2026-09-19,49,quantile,0.5,2
2026-09-26,wk inc rsv hosp,-1,2026-09-19,49,quantile,0.55,2
2026-09-26,wk inc rsv hosp,-1,2026-09-19,49,quantile,0.6,3
2026-09-26,wk inc rsv hosp,-1,2026-09-19,49,quantile,0.65,3
2026-09-26,wk inc rsv hosp,-1,2026-09-19,49,quantile,0.7,3
2026-09-26,wk inc rsv hosp,-1,2026-09-19,49,quantile,0.75,3
2026-09-26,wk inc rsv hosp,-1,2026-09-19,49,quantile,0.8,4
2026-09-26,wk inc rsv hosp,-1,2026-09-19,49,quantile,0.85,4
2026-09-26,wk inc rsv hosp,-1,2026-09-19,49,quantile,0.9,5
2026-09-26,wk inc rsv hosp,-1,2026-09-19,49,quantile,0.95,6
2026-09-26,wk inc rsv hosp,-1,2026-09-19,49,quantile,0.975,7
2026-09-26,wk inc rsv hosp,-1,2026-09-19,49,quantile,0.99,8
2026-09-26,wk inc rsv hosp,-1,2026-09-19,50,quantile,0.01,0
2026-09-26,wk inc rsv hosp,-1,2026-09-19,50,quantile,0.025,0
2026-09-26,wk inc rsv hosp,-1,2026-09-19,50,quantile,0.05,0
2026-09-26,wk inc rsv hosp,-1,2026-09-19,50,quantile,0.1,0
2026-09-26,wk inc rsv hosp,-1,2026-09-19,50,quantile,0.15,1
2026-09-26,wk inc rsv hosp,-1,2026-09-19,50,quantile,0.2,1
2026-09-26,wk inc rsv hosp,-1,2026-09-19,50,quantile,0.25,1
2026-09-26,wk inc rsv hosp,-1,2026-09-19,50,quantile,0.3,1
2026-09-26,wk inc rsv hosp,-1,2026-09-19,50,quantile,0.35,1
2026-09-26,wk inc rsv hosp,-1,2026-09-19,50,quantile,0.4,1
2026-09-26,wk inc rsv hosp,-1,2026-09-19,50,quantile,0.45,1
2026-09-26,wk inc rsv hosp,-1,2026-09-19,50,quantile,0.5,1
2026-09-26,wk inc rsv hosp,-1,2026-09-19,50,quantile,0.55,1
2026-09-26,wk inc rsv hosp,-1,2026-09-19,50,quantile,0.6,1
2026-09-26,wk inc rsv hosp,-1,2026-09-19,50,quantile,0.65,1
2026-09-26,wk inc rsv hosp,-1,2026-09-19,50,quantile,0.7,2
2026-09-26,wk inc rsv hosp,-1,2026-09-19,50,quantile,0.75,2
2026-09-26,wk inc rsv hosp,-1,2026-09-19,50,quantile,0.8,2
2026-09-26,wk inc rsv hosp,-1,2026-09-19,50,quantile,0.85,2
2026-09-26,wk inc rsv hosp,-1,2026-09-19,50,quantile,0.9,3
2026-09-26,wk inc rsv hosp,-1,2026-09-19,50,quantile,0.95,3
2026-09-26,wk inc rsv hosp,-1,2026-09-19,50,quantile,0.975,3
2026-09-26,wk inc rsv hosp,-1,2026-09-19,50,quantile,0.99,4
2026-09-26,wk inc rsv hosp,-1,2026-09-19,51,quantile,0.01,0
2026-09-26,wk inc rsv hosp,-1,2026-09-19,51,quantile,0.025,0
2026-09-26,wk inc rsv hosp,-1,2026-09-19,51,quantile,0.05,1
2026-09-26,wk inc rsv hosp,-1,2026-09-19,51,quantile,0.1,2
2026-09-26,wk inc rsv hosp,-1,2026-09-19,51,quantile,0.15,3
2026-09-26,wk inc rsv hosp,-1,2026-09-19,51,quantile,0.2,4
2026-09-26,wk inc rsv hosp,-1,2026-09-19,51,quantile,0.25,4
2026-09-26,wk inc rsv hosp,-1,2026-09-19,51,quantile,0.3,4
2026-09-26,wk inc rsv hosp,-1,2026-09-19,51,quantile,0.35,4
2026-09-26,wk inc rsv hosp,-1,2026-09-19,51,quantile,0.4,4
2026-09-26,wk inc rsv hosp,-1,2026-09-19,51,quantile,0.45,5
2026-09-26,wk inc rsv hosp,-1,2026-09-19,51,quantile,0.5,5
2026-09-26,wk inc rsv hosp,-1,2026-09-19,51,quantile,0.55,5
2026-09-26,wk inc rsv hosp,-1,2026-09-19,51,quantile,0.6,6
2026-09-26,wk inc rsv hosp,-1,2026-09-19,51,quantile,0.65,6
2026-09-26,wk inc rsv hosp,-1,2026-09-19,51,quantile,0.7,7
2026-09-26,wk inc rsv hosp,-1,2026-09-19,51,quantile,0.75,7
2026-09-26,wk inc rsv hosp,-1,2026-09-19,51,quantile,0.8,8
2026-09-26,wk inc rsv hosp,-1,2026-09-19,51,quantile,0.85,8
2026-09-26,wk inc rsv hosp,-1,2026-09-19,51,quantile,0.9,9
2026-09-26,wk inc rsv hosp,-1,2026-09-19,51,quantile,0.95,11
2026-09-26,wk inc rsv hosp,-1,2026-09-19,51,quantile,0.975,13
2026-09-26,wk inc rsv hosp,-1,2026-09-19,51,quantile,0.99,15
2026-09-26,wk inc rsv hosp,-1,2026-09-19,53,quantile,0.01,0
2026-09-26,wk inc rsv hosp,-1,2026-09-19,53,quantile,0.025,0
2026-09-26,wk inc rsv hosp,-1,2026-09-19,53,quantile,0.05,0
2026-09-26,wk inc rsv hosp,-1,2026-09-19,53,quantile,0.1,0
2026-09-26,wk inc rsv hosp,-1,2026-09-19,53,quantile,0.15,0
2026-09-26,wk inc rsv hosp,-1,2026-09-19,53,quantile,0.2,1
2026-09-26,wk inc rsv hosp,-1,2026-09-19,53,quantile,0.25,1
2026-09-26,wk inc rsv hosp,-1,2026-09-19,53,quantile,0.3,1
2026-09-26,wk inc rsv hosp,-1,2026-09-19,53,quantile,0.35,1
2026-09-26,wk inc rsv hosp,-1,2026-09-19,53,quantile,0.4,1
2026-09-26,wk inc rsv hosp,-1,2026-09-19,53,quantile,0.45,1
2026-09-26,wk inc rsv hosp,-1,2026-09-19,53,quantile,0.5,2
2026-09-26,wk inc rsv hosp,-1,2026-09-19,53,quantile,0.55,2
2026-09-26,wk inc rsv hosp,-1,2026-09-19,53,quantile,0.6,2
2026-09-26,wk inc rsv hosp,-1,2026-09-19,53,quantile,0.65,2
2026-09-26,wk inc rsv hosp,-1,2026-09-19,53,quantile,0.7,2
2026-09-26,wk inc rsv hosp,-1,2026-09-19,53,quantile,0.75,2
2026-09-26,wk inc rsv hosp,-1,2026-09-19,53,quantile,0.8,3
2026-09-26,wk inc rsv hosp,-1,2026-09-19,53,quantile,0.85,3
2026-09-26,wk inc rsv hosp,-1,2026-09-19,53,quantile,0.9,4
2026-09-26,wk inc rsv hosp,-1,2026-09-19,53,quantile,0.95,4
2026-09-26,wk inc rsv hosp,-1,2026-09-19,53,quantile,0.975,5
2026-09-26,wk inc rsv hosp,-1,2026-09-19,53,quantile,0.99,7
2026-09-26,wk inc rsv hosp,-1,2026-09-19,54,quantile,0.01,0
2026-09-26,wk inc rsv hosp,-1,2026-09-19,54,quantile,0.025,0
2026-09-26,wk inc rsv hosp,-1,2026-09-19,54,quantile,0.05,0
2026-09-26,wk inc rsv hosp,-1,2026-09-19,54,quantile,0.1,1
2026-09-26,wk inc rsv hosp,-1,2026-09-19,54,quantile,0.15,1
2026-09-26,wk inc rsv hosp,-1,2026-09-19,54,quantile,0.2,1
2026-09-26,wk inc rsv hosp,-1,2026-09-19,54,quantile,0.25,1
2026-09-26,wk inc rsv hosp,-1,2026-09-19,54,quantile,0.3,1
2026-09-26,wk inc rsv hosp,-1,2026-09-19,54,quantile,0.35,1
2026-09-26,wk inc rsv hosp,-1,2026-09-19,54,quantile,0.4,2
2026-09-26,wk inc rsv hosp,-1,2026-09-19,54,quantile,0.45,2
2026-09-26,wk inc rsv hosp,-1,2026-09-19,54,quantile,0.5,2
2026-09-26,wk inc rsv hosp,-1,2026-09-19,54,quantile,0.55,2
2026-09-26,wk inc rsv hosp,-1,2026-09-19,54,quantile,0.6,2
2026-09-26,wk inc rsv hosp,-1,2026-09-19,54,quantile,0.65,2
2026-09-26,wk inc rsv hosp,-1,2026-09-19,54,quantile,0.7,2
2026-09-26,wk inc rsv hosp,-1,2026-09-19,54,quantile,0.75,3
2026-09-26,wk inc rsv hosp,-1,2026-09-19,54,quantile,0.8,3
2026-09-26,wk inc rsv hosp,-1,2026-09-19,54,quantile,0.85,3
2026-09-26,wk inc rsv hosp,-1,2026-09-19,54,quantile,0.9,4
2026-09-26,wk inc rsv hosp,-1,2026-09-19,54,quantile,0.95,5
2026-09-26,wk inc rsv hosp,-1,2026-09-19,54,quantile,0.975,6
2026-09-26,wk inc rsv hosp,-1,2026-09-19,54,quantile,0.99,7
2026-09-26,wk inc rsv hosp,-1,2026-09-19,55,quantile,0.01,0
2026-09-26,wk inc rsv hosp,-1,2026-09-19,55,quantile,0.025,0
2026-09-26,wk inc rsv hosp,-1,2026-09-19,55,quantile,0.05,0
2026-09-26,wk inc rsv hosp,-1,2026-09-19,55,quantile,0.1,0
2026-09-26,wk inc rsv hosp,-1,2026-09-19,55,quantile,0.15,0
2026-09-26,wk inc rsv hosp,-1,2026-09-19,55,quantile,0.2,0
2026-09-26,wk inc rsv hosp,-1,2026-09-19,55,quantile,0.25,0
2026-09-26,wk inc rsv hosp,-1,2026-09-19,55,quantile,0.3,0
2026-09-26,wk inc rsv hosp,-1,2026-09-19,55,quantile,0.35,0
2026-09-26,wk inc rsv hosp,-1,2026-09-19,55,quantile,0.4,0
2026-09-26,wk inc rsv hosp,-1,2026-09-19,55,quantile,0.45,0
2026-09-26,wk inc rsv hosp,-1,2026-09-19,55,quantile,0.5,0
2026-09-26,wk inc rsv hosp,-1,2026-09-19,55,quantile,0.55,0
2026-09-26,wk inc rsv hosp,-1,2026-09-19,55,quantile,0.6,0
2026-09-26,wk inc rsv hosp,-1,2026-09-19,55,quantile,0.65,1
2026-09-26,wk inc rsv hosp,-1,2026-09-19,55,quantile,0.7,1
2026-09-26,wk inc rsv hosp,-1,2026-09-19,55,quantile,0.75,1
2026-09-26,wk inc rsv hosp,-1,2026-09-19,55,quantile,0.8,2
2026-09-26,wk inc rsv hosp,-1,2026-09-19,55,quantile,0.85,2
2026-09-26,wk inc rsv hosp,-1,2026-09-19,55,quantile,0.9,2
2026-09-26,wk inc rsv hosp,-1,2026-09-19,55,quantile,0.95,4
2026-09-26,wk inc rsv hosp,-1,2026-09-19,55,quantile,0.975,5
2026-09-26,wk inc rsv hosp,-1,2026-09-19,55,quantile,0.99,7
2026-09-26,wk inc rsv hosp,-1,2026-09-19,56,quantile,0.01,0
2026-09-26,wk inc rsv hosp,-1,2026-09-19,56,quantile,0.025,0
2026-09-26,wk inc rsv hosp,-1,2026-09-19,56,quantile,0.05,0
2026-09-26,wk inc rsv hosp,-1,2026-09-19,56,quantile,0.1,0
2026-09-26,wk inc rsv hosp,-1,2026-09-19,56,quantile,0.15,0
2026-09-26,wk inc rsv hosp,-1,2026-09-19,56,quantile,0.2,0
2026-09-26,wk inc rsv hosp,-1,2026-09-19,56,quantile,0.25,0
2026-09-26,wk inc rsv hosp,-1,2026-09-19,56,quantile,0.3,0
2026-09-26,wk inc rsv hosp,-1,2026-09-19,56,quantile,0.35,0
2026-09-26,wk inc rsv hosp,-1,2026-09-19,56,quantile,0.4,0
2026-09-26,wk inc rsv hosp,-1,2026-09-19,56,quantile,0.45,0
2026-09-26,wk inc rsv hosp,-1,2026-09-19,56,quantile,0.5,0
2026-09-26,wk inc rsv hosp,-1,2026-09-19,56,quantile,0.55,0
2026-09-26,wk inc rsv hosp,-1,2026-09-19,56,quantile,0.6,0
2026-09-26,wk inc rsv hosp,-1,2026-09-19,56,quantile,0.65,0
2026-09-26,wk inc rsv hosp,-1,2026-09-19,56,quantile,0.7,0
2026-09-26,wk inc rsv hosp,-1,2026-09-19,56,quantile,0.75,0
2026-09-26,wk inc rsv hosp,-1,2026-09-19,56,quantile,0.8,0
2026-09-26,wk inc rsv hosp,-1,2026-09-19,56,quantile,0.85,0
2026-09-26,wk inc rsv hosp,-1,2026-09-19,56,quantile,0.9,0
2026-09-26,wk inc rsv hosp,-1,2026-09-19,56,quantile,0.95,0
2026-09-26,wk inc rsv hosp,-1,2026-09-19,56,quantile,0.975,0
2026-09-26,wk inc rsv hosp,-1,2026-09-19,56,quantile,0.99,1
2026-09-26,wk inc rsv hosp,-1,2026-09-19,72,quantile,0.01,0
2026-09-26,wk inc rsv hosp,-1,2026-09-19,72,quantile,0.025,0
2026-09-26,wk inc rsv hosp,-1,2026-09-19,72,quantile,0.05,0
2026-09-26,wk inc rsv hosp,-1,2026-09-19,72,quantile,0.1,1
2026-09-26,wk inc rsv hosp,-1,2026-09-19,72,quantile,0.15,2
2026-09-26,wk inc rsv hosp,-1,2026-09-19,72,quantile,0.2,2
2026-09-26,wk inc rsv hosp,-1,2026-09-19,72,quantile,0.25,3
2026-09-26,wk inc rsv hosp,-1,2026-09-19,72,quantile,0.3,3
2026-09-26,wk inc rsv hosp,-1,2026-09-19,72,quantile,0.35,4
2026-09-26,wk inc rsv hosp,-1,2026-09-19,72,quantile,0.4,4
2026-09-26,wk inc rsv hosp,-1,2026-09-19,72,quantile,0.45,5
2026-09-26,wk inc rsv hosp,-1,2026-09-19,72,quantile,0.5,5
2026-09-26,wk inc rsv hosp,-1,2026-09-19,72,quantile,0.55,5
2026-09-26,wk inc rsv hosp,-1,2026-09-19,72,quantile,0.6,6
2026-09-26,wk inc rsv hosp,-1,2026-09-19,72,quantile,0.65,6
2026-09-26,wk inc rsv hosp,-1,2026-09-19,72,quantile,0.7,7
2026-09-26,wk inc rsv hosp,-1,2026-09-19,72,quantile,0.75,7
2026-09-26,wk inc rsv hosp,-1,2026-09-19,72,quantile,0.8,8
2026-09-26,wk inc rsv hosp,-1,2026-09-19,72,quantile,0.85,9
2026-09-26,wk inc rsv hosp,-1,2026-09-19,72,quantile,0.9,9
2026-09-26,wk inc rsv hosp,-1,2026-09-19,72,quantile,0.95,11
2026-09-26,wk inc rsv hosp,-1,2026-09-19,72,quantile,0.975,12
2026-09-26,wk inc rsv hosp,-1,2026-09-19,72,quantile,0.99,14
2026-09-26,wk inc rsv hosp,-1,2026-09-19,US,quantile,0.01,344
2026-09-26,wk inc rsv hosp,-1,2026-09-19,US,quantile,0.025,351
2026-09-26,wk inc rsv hosp,-1,2026-09-19,US,quantile,0.05,357
2026-09-26,wk inc rsv hosp,-1,2026-09-19,US,quantile,0.1,365
2026-09-26,wk inc rsv hosp,-1,2026-09-19,US,quantile,0.15,370
2026-09-26,wk inc rsv hosp,-1,2026-09-19,US,quantile,0.2,374
2026-09-26,wk inc rsv hosp,-1,2026-09-19,US,quantile,0.25,379
2026-09-26,wk inc rsv hosp,-1,2026-09-19,US,quantile,0.3,383
2026-09-26,wk inc rsv hosp,-1,2026-09-19,US,quantile,0.35,386
2026-09-26,wk inc rsv hosp,-1,2026-09-19,US,quantile,0.4,390
2026-09-26,wk inc rsv hosp,-1,2026-09-19,US,quantile,0.45,393
2026-09-26,wk inc rsv hosp,-1,2026-09-19,US,quantile,0.5,396
2026-09-26,wk inc rsv hosp,-1,2026-09-19,US,quantile,0.55,399
2026-09-26,wk inc rsv hosp,-1,2026-09-19,US,quantile,0.6,402
2026-09-26,wk inc rsv hosp,-1,2026-09-19,US,quantile,0.65,406
2026-09-26,wk inc rsv hosp,-1,2026-09-19,US,quantile,0.7,409
2026-09-26,wk inc rsv hosp,-1,2026-09-19,US,quantile,0.75,413
2026-09-26,wk inc rsv hosp,-1,2026-09-19,US,quantile,0.8,417
2026-09-26,wk inc rsv hosp,-1,2026-09-19,US,quantile,0.85,423
2026-09-26,wk inc rsv hosp,-1,2026-09-19,US,quantile,0.9,428
2026-09-26,wk inc rsv hosp,-1,2026-09-19,US,quantile,0.95,439
2026-09-26,wk inc rsv hosp,-1,2026-09-19,US,quantile,0.975,453
2026-09-26,wk inc rsv hosp,-1,2026-09-19,US,quantile,0.99,465
2026-09-26,wk inc rsv hosp,0,2026-09-26,01,quantile,0.01,0
2026-09-26,wk inc rsv hosp,0,2026-09-26,01,quantile,0.025,2
2026-09-26,wk inc rsv hosp,0,2026-09-26,01,quantile,0.05,4
2026-09-26,wk inc rsv hosp,0,2026-09-26,01,quantile,0.1,6
2026-09-26,wk inc rsv hosp,0,2026-09-26,01,quantile,0.15,8
2026-09-26,wk inc rsv hosp,0,2026-09-26,01,quantile,0.2,9
2026-09-26,wk inc rsv hosp,0,2026-09-26,01,quantile,0.25,10
2026-09-26,wk inc rsv hosp,0,2026-09-26,01,quantile,0.3,11
2026-09-26,wk inc rsv hosp,0,2026-09-26,01,quantile,0.35,12
2026-09-26,wk inc rsv hosp,0,2026-09-26,01,quantile,0.4,12
2026-09-26,wk inc rsv hosp,0,2026-09-26,01,quantile,0.45,13
2026-09-26,wk inc rsv hosp,0,2026-09-26,01,quantile,0.5,14
2026-09-26,wk inc rsv hosp,0,2026-09-26,01,quantile,0.55,16
2026-09-26,wk inc rsv hosp,0,2026-09-26,01,quantile,0.6,17
2026-09-26,wk inc rsv hosp,0,2026-09-26,01,quantile,0.65,18
2026-09-26,wk inc rsv hosp,0,2026-09-26,01,quantile,0.7,19
2026-09-26,wk inc rsv hosp,0,2026-09-26,01,quantile,0.75,20
2026-09-26,wk inc rsv hosp,0,2026-09-26,01,quantile,0.8,22
2026-09-26,wk inc rsv hosp,0,2026-09-26,01,quantile,0.85,25
2026-09-26,wk inc rsv hosp,0,2026-09-26,01,quantile,0.9,28
2026-09-26,wk inc rsv hosp,0,2026-09-26,01,quantile,0.95,36
2026-09-26,wk inc rsv hosp,0,2026-09-26,01,quantile,0.975,40
2026-09-26,wk inc rsv hosp,0,2026-09-26,01,quantile,0.99,45
2026-09-26,wk inc rsv hosp,0,2026-09-26,02,quantile,0.01,0
2026-09-26,wk inc rsv hosp,0,2026-09-26,02,quantile,0.025,0
2026-09-26,wk inc rsv hosp,0,2026-09-26,02,quantile,0.05,1
2026-09-26,wk inc rsv hosp,0,2026-09-26,02,quantile,0.1,2
2026-09-26,wk inc rsv hosp,0,2026-09-26,02,quantile,0.15,3
2026-09-26,wk inc rsv hosp,0,2026-09-26,02,quantile,0.2,4
2026-09-26,wk inc rsv hosp,0,2026-09-26,02,quantile,0.25,4
2026-09-26,wk inc rsv hosp,0,2026-09-26,02,quantile,0.3,5
2026-09-26,wk inc rsv hosp,0,2026-09-26,02,quantile,0.35,5
2026-09-26,wk inc rsv hosp,0,2026-09-26,02,quantile,0.4,6
2026-09-26,wk inc rsv hosp,0,2026-09-26,02,quantile,0.45,7
2026-09-26,wk inc rsv hosp,0,2026-09-26,02,quantile,0.5,7
2026-09-26,wk inc rsv hosp,0,2026-09-26,02,quantile,0.55,8
2026-09-26,wk inc rsv hosp,0,2026-09-26,02,quantile,0.6,8
2026-09-26,wk inc rsv hosp,0,2026-09-26,02,quantile,0.65,9
2026-09-26,wk inc rsv hosp,0,2026-09-26,02,quantile,0.7,10
2026-09-26,wk inc rsv hosp,0,2026-09-26,02,quantile,0.75,10
2026-09-26,wk inc rsv hosp,0,2026-09-26,02,quantile,0.8,12
2026-09-26,wk inc rsv hosp,0,2026-09-26,02,quantile,0.85,13
2026-09-26,wk inc rsv hosp,0,2026-09-26,02,quantile,0.9,15
2026-09-26,wk inc rsv hosp,0,2026-09-26,02,quantile,0.95,21
2026-09-26,wk inc rsv hosp,0,2026-09-26,02,quantile,0.975,27
2026-09-26,wk inc rsv hosp,0,2026-09-26,02,quantile,0.99,31
2026-09-26,wk inc rsv hosp,0,2026-09-26,04,quantile,0.01,0
2026-09-26,wk inc rsv hosp,0,2026-09-26,04,quantile,0.025,0
2026-09-26,wk inc rsv hosp,0,2026-09-26,04,quantile,0.05,0
2026-09-26,wk inc rsv hosp,0,2026-09-26,04,quantile,0.1,0
2026-09-26,wk inc rsv hosp,0,2026-09-26,04,quantile,0.15,0
2026-09-26,wk inc rsv hosp,0,2026-09-26,04,quantile,0.2,0
2026-09-26,wk inc rsv hosp,0,2026-09-26,04,quantile,0.25,0
2026-09-26,wk inc rsv hosp,0,2026-09-26,04,quantile,0.3,0
2026-09-26,wk inc rsv hosp,0,2026-09-26,04,quantile,0.35,0
2026-09-26,wk inc rsv hosp,0,2026-09-26,04,quantile,0.4,0
2026-09-26,wk inc rsv hosp,0,2026-09-26,04,quantile,0.45,0
2026-09-26,wk inc rsv hosp,0,2026-09-26,04,quantile,0.5,1
2026-09-26,wk inc rsv hosp,0,2026-09-26,04,quantile,0.55,1
2026-09-26,wk inc rsv hosp,0,2026-09-26,04,quantile,0.6,1
2026-09-26,wk inc rsv hosp,0,2026-09-26,04,quantile,0.65,2
2026-09-26,wk inc rsv hosp,0,2026-09-26,04,quantile,0.7,2
2026-09-26,wk inc rsv hosp,0,2026-09-26,04,quantile,0.75,3
2026-09-26,wk inc rsv hosp,0,2026-09-26,04,quantile,0.8,3
2026-09-26,wk inc rsv hosp,0,2026-09-26,04,quantile,0.85,4
2026-09-26,wk inc rsv hosp,0,2026-09-26,04,quantile,0.9,6
2026-09-26,wk inc rsv hosp,0,2026-09-26,04,quantile,0.95,8
2026-09-26,wk inc rsv hosp,0,2026-09-26,04,quantile,0.975,12
2026-09-26,wk inc rsv hosp,0,2026-09-26,04,quantile,0.99,16
2026-09-26,wk inc rsv hosp,0,2026-09-26,05,quantile,0.01,0
2026-09-26,wk inc rsv hosp,0,2026-09-26,05,quantile,0.025,0
2026-09-26,wk inc rsv hosp,0,2026-09-26,05,quantile,0.05,0
2026-09-26,wk inc rsv hosp,0,2026-09-26,05,quantile,0.1,0
2026-09-26,wk inc rsv hosp,0,2026-09-26,05,quantile,0.15,0
2026-09-26,wk inc rsv hosp,0,2026-09-26,05,quantile,0.2,0
2026-09-26,wk inc rsv hosp,0,2026-09-26,05,quantile,0.25,0
2026-09-26,wk inc rsv hosp,0,2026-09-26,05,quantile,0.3,0
2026-09-26,wk inc rsv hosp,0,2026-09-26,05,quantile,0.35,1
2026-09-26,wk inc rsv hosp,0,2026-09-26,05,quantile,0.4,1
2026-09-26,wk inc rsv hosp,0,2026-09-26,05,quantile,0.45,1
2026-09-26,wk inc rsv hosp,0,2026-09-26,05,quantile,0.5,1
2026-09-26,wk inc rsv hosp,0,2026-09-26,05,quantile,0.55,2
2026-09-26,wk inc rsv hosp,0,2026-09-26,05,quantile,0.6,2
2026-09-26,wk inc rsv hosp,0,2026-09-26,05,quantile,0.65,2
2026-09-26,wk inc rsv hosp,0,2026-09-26,05,quantile,0.7,3
2026-09-26,wk inc rsv hosp,0,2026-09-26,05,quantile,0.75,3
2026-09-26,wk inc rsv hosp,0,2026-09-26,05,quantile,0.8,3
2026-09-26,wk inc rsv hosp,0,2026-09-26,05,quantile,0.85,4
2026-09-26,wk inc rsv hosp,0,2026-09-26,05,quantile,0.9,5
2026-09-26,wk inc rsv hosp,0,2026-09-26,05,quantile,0.95,7
2026-09-26,wk inc rsv hosp,0,2026-09-26,05,quantile,0.975,9
2026-09-26,wk inc rsv hosp,0,2026-09-26,05,quantile,0.99,12
2026-09-26,wk inc rsv hosp,0,2026-09-26,06,quantile,0.01,0
2026-09-26,wk inc rsv hosp,0,2026-09-26,06,quantile,0.025,0
2026-09-26,wk inc rsv hosp,0,2026-09-26,06,quantile,0.05,3
2026-09-26,wk inc rsv hosp,0,2026-09-26,06,quantile,0.1,6
2026-09-26,wk inc rsv hosp,0,2026-09-26,06,quantile,0.15,8
2026-09-26,wk inc rsv hosp,0,2026-09-26,06,quantile,0.2,10
2026-09-26,wk inc rsv hosp,0,2026-09-26,06,quantile,0.25,12
2026-09-26,wk inc rsv hosp,0,2026-09-26,06,quantile,0.3,13
2026-09-26,wk inc rsv hosp,0,2026-09-26,06,quantile,0.35,14
2026-09-26,wk inc rsv hosp,0,2026-09-26,06,quantile,0.4,15
2026-09-26,wk inc rsv hosp,0,2026-09-26,06,quantile,0.45,17
2026-09-26,wk inc rsv hosp,0,2026-09-26,06,quantile,0.5,18
2026-09-26,wk inc rsv hosp,0,2026-09-26,06,quantile,0.55,19
2026-09-26,wk inc rsv hosp,0,2026-09-26,06,quantile,0.6,21
2026-09-26,wk inc rsv hosp,0,2026-09-26,06,quantile,0.65,22
2026-09-26,wk inc rsv hosp,0,2026-09-26,06,quantile,0.7,24
2026-09-26,wk inc rsv hosp,0,2026-09-26,06,quantile,0.75,26
2026-09-26,wk inc rsv hosp,0,2026-09-26,06,quantile,0.8,29
2026-09-26,wk inc rsv hosp,0,2026-09-26,06,quantile,0.85,32
2026-09-26,wk inc rsv hosp,0,2026-09-26,06,quantile,0.9,36
2026-09-26,wk inc rsv hosp,0,2026-09-26,06,quantile,0.95,45
2026-09-26,wk inc rsv hosp,0,2026-09-26,06,quantile,0.975,51
2026-09-26,wk inc rsv hosp,0,2026-09-26,06,quantile,0.99,63
2026-09-26,wk inc rsv hosp,0,2026-09-26,08,quantile,0.01,0
2026-09-26,wk inc rsv hosp,0,2026-09-26,08,quantile,0.025,0
2026-09-26,wk inc rsv hosp,0,2026-09-26,08,quantile,0.05,0
2026-09-26,wk inc rsv hosp,0,2026-09-26,08,quantile,0.1,0
2026-09-26,wk inc rsv hosp,0,2026-09-26,08,quantile,0.15,0
2026-09-26,wk inc rsv hosp,0,2026-09-26,08,quantile,0.2,0
2026-09-26,wk inc rsv hosp,0,2026-09-26,08,quantile,0.25,0
2026-09-26,wk inc rsv hosp,0,2026-09-26,08,quantile,0.3,0
2026-09-26,wk inc rsv hosp,0,2026-09-26,08,quantile,0.35,0
2026-09-26,wk inc rsv hosp,0,2026-09-26,08,quantile,0.4,1
2026-09-26,wk inc rsv hosp,0,2026-09-26,08,quantile,0.45,1
2026-09-26,wk inc rsv hosp,0,2026-09-26,08,quantile,0.5,1
2026-09-26,wk inc rsv hosp,0,2026-09-26,08,quantile,0.55,1
2026-09-26,wk inc rsv hosp,0,2026-09-26,08,quantile,0.6,2
2026-09-26,wk inc rsv hosp,0,2026-09-26,08,quantile,0.65,2
2026-09-26,wk inc rsv hosp,0,2026-09-26,08,quantile,0.7,2
2026-09-26,wk inc rsv hosp,0,2026-09-26,08,quantile,0.75,3
2026-09-26,wk inc rsv hosp,0,2026-09-26,08,quantile,0.8,3
2026-09-26,wk inc rsv hosp,0,2026-09-26,08,quantile,0.85,4
2026-09-26,wk inc rsv hosp,0,2026-09-26,08,quantile,0.9,5
2026-09-26,wk inc rsv hosp,0,2026-09-26,08,quantile,0.95,7
2026-09-26,wk inc rsv hosp,0,2026-09-26,08,quantile,0.975,9
2026-09-26,wk inc rsv hosp,0,2026-09-26,08,quantile,0.99,12
2026-09-26,wk inc rsv hosp,0,2026-09-26,09,quantile,0.01,0
2026-09-26,wk inc rsv hosp,0,2026-09-26,09,quantile,0.025,0
2026-09-26,wk inc rsv hosp,0,2026-09-26,09,quantile,0.05,0
2026-09-26,wk inc rsv hosp,0,2026-09-26,09,quantile,0.1,0
2026-09-26,wk inc rsv hosp,0,2026-09-26,09,quantile,0.15,0
2026-09-26,wk inc rsv hosp,0,2026-09-26,09,quantile,0.2,0
2026-09-26,wk inc rsv hosp,0,2026-09-26,09,quantile,0.25,0
2026-09-26,wk inc rsv hosp,0,2026-09-26,09,quantile,0.3,0
2026-09-26,wk inc rsv hosp,0,2026-09-26,09,quantile,0.35,0
2026-09-26,wk inc rsv hosp,0,2026-09-26,09,quantile,0.4,0
2026-09-26,wk inc rsv hosp,0,2026-09-26,09,quantile,0.45,0
2026-09-26,wk inc rsv hosp,0,2026-09-26,09,quantile,0.5,0
2026-09-26,wk inc rsv hosp,0,2026-09-26,09,quantile,0.55,0
2026-09-26,wk inc rsv hosp,0,2026-09-26,09,quantile,0.6,0
2026-09-26,wk inc rsv hosp,0,2026-09-26,09,quantile,0.65,0
2026-09-26,wk inc rsv hosp,0,2026-09-26,09,quantile,0.7,0
2026-09-26,wk inc rsv hosp,0,2026-09-26,09,quantile,0.75,1
2026-09-26,wk inc rsv hosp,0,2026-09-26,09,quantile,0.8,1
2026-09-26,wk inc rsv hosp,0,2026-09-26,09,quantile,0.85,2
2026-09-26,wk inc rsv hosp,0,2026-09-26,09,quantile,0.9,2
2026-09-26,wk inc rsv hosp,0,2026-09-26,09,quantile,0.95,3
2026-09-26,wk inc rsv hosp,0,2026-09-26,09,quantile,0.975,5
2026-09-26,wk inc rsv hosp,0,2026-09-26,09,quantile,0.99,9
2026-09-26,wk inc rsv hosp,0,2026-09-26,10,quantile,0.01,0
2026-09-26,wk inc rsv hosp,0,2026-09-26,10,quantile,0.025,0
2026-09-26,wk inc rsv hosp,0,2026-09-26,10,quantile,0.05,0
2026-09-26,wk inc rsv hosp,0,2026-09-26,10,quantile,0.1,0
2026-09-26,wk inc rsv hosp,0,2026-09-26,10,quantile,0.15,0
2026-09-26,wk inc rsv hosp,0,2026-09-26,10,quantile,0.2,1
2026-09-26,wk inc rsv hosp,0,2026-09-26,10,quantile,0.25,1
2026-09-26,wk inc rsv hosp,0,2026-09-26,10,quantile,0.3,1
2026-09-26,wk inc rsv hosp,0,2026-09-26,10,quantile,0.35,1
2026-09-26,wk inc rsv hosp,0,2026-09-26,10,quantile,0.4,1
2026-09-26,wk inc rsv hosp,0,2026-09-26,10,quantile,0.45,2
2026-09-26,wk inc rsv hosp,0,2026-09-26,10,quantile,0.5,2
2026-09-26,wk inc rsv hosp,0,2026-09-26,10,quantile,0.55,2
2026-09-26,wk inc rsv hosp,0,2026-09-26,10,quantile,0.6,2
2026-09-26,wk inc rsv hosp,0,2026-09-26,10,quantile,0.65,2
2026-09-26,wk inc rsv hosp,0,2026-09-26,10,quantile,0.7,3
2026-09-26,wk inc rsv hosp,0,2026-09-26,10,quantile,0.75,3
2026-09-26,wk inc rsv hosp,0,2026-09-26,10,quantile,0.8,3
2026-09-26,wk inc rsv hosp,0,2026-09-26,10,quantile,0.85,4
2026-09-26,wk inc rsv hosp,0,2026-09-26,10,quantile,0.9,4
2026-09-26,wk inc rsv hosp,0,2026-09-26,10,quantile,0.95,6
2026-09-26,wk inc rsv hosp,0,2026-09-26,10,quantile,0.975,7
2026-09-26,wk inc rsv hosp,0,2026-09-26,10,quantile,0.99,10
2026-09-26,wk inc rsv hosp,0,2026-09-26,11,quantile,0.01,0
2026-09-26,wk inc rsv hosp,0,2026-09-26,11,quantile,0.025,0
2026-09-26,wk inc rsv hosp,0,2026-09-26,11,quantile,0.05,0
2026-09-26,wk inc rsv hosp,0,2026-09-26,11,quantile,0.1,0
2026-09-26,wk inc rsv hosp,0,2026-09-26,11,quantile,0.15,0
2026-09-26,wk inc rsv hosp,0,2026-09-26,11,quantile,0.2,0
2026-09-26,wk inc rsv hosp,0,2026-09-26,11,quantile,0.25,0
2026-09-26,wk inc rsv hosp,0,2026-09-26,11,quantile,0.3,0
2026-09-26,wk inc rsv hosp,0,2026-09-26,11,quantile,0.35,0
2026-09-26,wk inc rsv hosp,0,2026-09-26,11,quantile,0.4,0
2026-09-26,wk inc rsv hosp,0,2026-09-26,11,quantile,0.45,0
2026-09-26,wk inc rsv hosp,0,2026-09-26,11,quantile,0.5,0
2026-09-26,wk inc rsv hosp,0,2026-09-26,11,quantile,0.55,0
2026-09-26,wk inc rsv hosp,0,2026-09-26,11,quantile,0.6,0
2026-09-26,wk inc rsv hosp,0,2026-09-26,11,quantile,0.65,0
2026-09-26,wk inc rsv hosp,0,2026-09-26,11,quantile,0.7,0
2026-09-26,wk inc rsv hosp,0,2026-09-26,11,quantile,0.75,0
2026-09-26,wk inc rsv hosp,0,2026-09-26,11,quantile,0.8,0
2026-09-26,wk inc rsv hosp,0,2026-09-26,11,quantile,0.85,0
2026-09-26,wk inc rsv hosp,0,2026-09-26,11,quantile,0.9,0
2026-09-26,wk inc rsv hosp,0,2026-09-26,11,quantile,0.95,1
2026-09-26,wk inc rsv hosp,0,2026-09-26,11,quantile,0.975,2
2026-09-26,wk inc rsv hosp,0,2026-09-26,11,quantile,0.99,3
2026-09-26,wk inc rsv hosp,0,2026-09-26,12,quantile,0.01,65
2026-09-26,wk inc rsv hosp,0,2026-09-26,12,quantile,0.025,75
2026-09-26,wk inc rsv hosp,0,2026-09-26,12,quantile,0.05,84
2026-09-26,wk inc rsv hosp,0,2026-09-26,12,quantile,0.1,94
2026-09-26,wk inc rsv hosp,0,2026-09-26,12,quantile,0.15,101
2026-09-26,wk inc rsv hosp,0,2026-09-26,12,quantile,0.2,107
2026-09-26,wk inc rsv hosp,0,2026-09-26,12,quantile,0.25,112
2026-09-26,wk inc rsv hosp,0,2026-09-26,12,quantile,0.3,116
2026-09-26,wk inc rsv hosp,0,2026-09-26,12,quantile,0.35,121
2026-09-26,wk inc rsv hosp,0,2026-09-26,12,quantile,0.4,127
2026-09-26,wk inc rsv hosp,0,2026-09-26,12,quantile,0.45,131
2026-09-26,wk inc rsv hosp,0,2026-09-26,12,quantile,0.5,136
2026-09-26,wk inc rsv hosp,0,2026-09-26,12,quantile,0.55,141
2026-09-26,wk inc rsv hosp,0,2026-09-26,12,quantile,0.6,145
2026-09-26,wk inc rsv hosp,0,2026-09-26,12,quantile,0.65,150
2026-09-26,wk inc rsv hosp,0,2026-09-26,12,quantile,0.7,156
2026-09-26,wk inc rsv hosp,0,2026-09-26,12,quantile,0.75,161
2026-09-26,wk inc rsv hosp,0,2026-09-26,12,quantile,0.8,169
2026-09-26,wk inc rsv hosp,0,2026-09-26,12,quantile,0.85,178
2026-09-26,wk inc rsv hosp,0,2026-09-26,12,quantile,0.9,190
2026-09-26,wk inc rsv hosp,0,2026-09-26,12,quantile,0.95,207
2026-09-26,wk inc rsv hosp,0,2026-09-26,12,quantile,0.975,231
2026-09-26,wk inc rsv hosp,0,2026-09-26,12,quantile,0.99,255
2026-09-26,wk inc rsv hosp,0,2026-09-26,13,quantile,0.01,0
2026-09-26,wk inc rsv hosp,0,2026-09-26,13,quantile,0.025,1
2026-09-26,wk inc rsv hosp,0,2026-09-26,13,quantile,0.05,4
2026-09-26,wk inc rsv hosp,0,2026-09-26,13,quantile,0.1,6
2026-09-26,wk inc rsv hosp,0,2026-09-26,13,quantile,0.15,7
2026-09-26,wk inc rsv hosp,0,2026-09-26,13,quantile,0.2,9
2026-09-26,wk inc rsv hosp,0,2026-09-26,13,quantile,0.25,10
2026-09-26,wk inc rsv hosp,0,2026-09-26,13,quantile,0.3,11
2026-09-26,wk inc rsv hosp,0,2026-09-26,13,quantile,0.35,12
2026-09-26,wk inc rsv hosp,0,2026-09-26,13,quantile,0.4,13
2026-09-26,wk inc rsv hosp,0,2026-09-26,13,quantile,0.45,13
2026-09-26,wk inc rsv hosp,0,2026-09-26,13,quantile,0.5,14
2026-09-26,wk inc rsv hosp,0,2026-09-26,13,quantile,0.55,15
2026-09-26,wk inc rsv hosp,0,2026-09-26,13,quantile,0.6,16
2026-09-26,wk inc rsv hosp,0,2026-09-26,13,quantile,0.65,18
2026-09-26,wk inc rsv hosp,0,2026-09-26,13,quantile,0.7,19
2026-09-26,wk inc rsv hosp,0,2026-09-26,13,quantile,0.75,20
2026-09-26,wk inc rsv hosp,0,2026-09-26,13,quantile,0.8,22
2026-09-26,wk inc rsv hosp,0,2026-09-26,13,quantile,0.85,24
2026-09-26,wk inc rsv hosp,0,2026-09-26,13,quantile,0.9,27
2026-09-26,wk inc rsv hosp,0,2026-09-26,13,quantile,0.95,32
2026-09-26,wk inc rsv hosp,0,2026-09-26,13,quantile,0.975,37
2026-09-26,wk inc rsv hosp,0,2026-09-26,13,quantile,0.99,46
2026-09-26,wk inc rsv hosp,0,2026-09-26,15,quantile,0.01,0
2026-09-26,wk inc rsv hosp,0,2026-09-26,15,quantile,0.025,1
2026-09-26,wk inc rsv hosp,0,2026-09-26,15,quantile,0.05,2
2026-09-26,wk inc rsv hosp,0,2026-09-26,15,quantile,0.1,3
2026-09-26,wk inc rsv hosp,0,2026-09-26,15,quantile,0.15,4
2026-09-26,wk inc rsv hosp,0,2026-09-26,15,quantile,0.2,4
2026-09-26,wk inc rsv hosp,0,2026-09-26,15,quantile,0.25,5
2026-09-26,wk inc rsv hosp,0,2026-09-26,15,quantile,0.3,5
2026-09-26,wk inc rsv hosp,0,2026-09-26,15,quantile,0.35,6
2026-09-26,wk inc rsv hosp,0,2026-09-26,15,quantile,0.4,6
2026-09-26,wk inc rsv hosp,0,2026-09-26,15,quantile,0.45,7
2026-09-26,wk inc rsv hosp,0,2026-09-26,15,quantile,0.5,7
2026-09-26,wk inc rsv hosp,0,2026-09-26,15,quantile,0.55,8
2026-09-26,wk inc rsv hosp,0,2026-09-26,15,quantile,0.6,8
2026-09-26,wk inc rsv hosp,0,2026-09-26,15,quantile,0.65,9
2026-09-26,wk inc rsv hosp,0,2026-09-26,15,quantile,0.7,10
2026-09-26,wk inc rsv hosp,0,2026-09-26,15,quantile,0.75,11
2026-09-26,wk inc rsv hosp,0,2026-09-26,15,quantile,0.8,11
2026-09-26,wk inc rsv hosp,0,2026-09-26,15,quantile,0.85,13
2026-09-26,wk inc rsv hosp,0,2026-09-26,15,quantile,0.9,14
2026-09-26,wk inc rsv hosp,0,2026-09-26,15,quantile,0.95,18
2026-09-26,wk inc rsv hosp,0,2026-09-26,15,quantile,0.975,23
2026-09-26,wk inc rsv hosp,0,2026-09-26,15,quantile,0.99,30
2026-09-26,wk inc rsv hosp,0,2026-09-26,16,quantile,0.01,0
2026-09-26,wk inc rsv hosp,0,2026-09-26,16,quantile,0.025,0
2026-09-26,wk inc rsv hosp,0,2026-09-26,16,quantile,0.05,0
2026-09-26,wk inc rsv hosp,0,2026-09-26,16,quantile,0.1,0
2026-09-26,wk inc rsv hosp,0,2026-09-26,16,quantile,0.15,0
2026-09-26,wk inc rsv hosp,0,2026-09-26,16,quantile,0.2,0
2026-09-26,wk inc rsv hosp,0,2026-09-26,16,quantile,0.25,0
2026-09-26,wk inc rsv hosp,0,2026-09-26,16,quantile,0.3,0
2026-09-26,wk inc rsv hosp,0,2026-09-26,16,quantile,0.35,0
2026-09-26,wk inc rsv hosp,0,2026-09-26,16,quantile,0.4,0
2026-09-26,wk inc rsv hosp,0,2026-09-26,16,quantile,0.45,0
2026-09-26,wk inc rsv hosp,0,2026-09-26,16,quantile,0.5,0
2026-09-26,wk inc rsv hosp,0,2026-09-26,16,quantile,0.55,0
2026-09-26,wk inc rsv hosp,0,2026-09-26,16,quantile,0.6,0
2026-09-26,wk inc rsv hosp,0,2026-09-26,16,quantile,0.65,0
2026-09-26,wk inc rsv hosp,0,2026-09-26,16,quantile,0.7,0
2026-09-26,wk inc rsv hosp,0,2026-09-26,16,quantile,0.75,0
2026-09-26,wk inc rsv hosp,0,2026-09-26,16,quantile,0.8,0
2026-09-26,wk inc rsv hosp,0,2026-09-26,16,quantile,0.85,0
2026-09-26,wk inc rsv hosp,0,2026-09-26,16,quantile,0.9,0
2026-09-26,wk inc rsv hosp,0,2026-09-26,16,quantile,0.95,0
2026-09-26,wk inc rsv hosp,0,2026-09-26,16,quantile,0.975,0
2026-09-26,wk inc rsv hosp,0,2026-09-26,16,quantile,0.99,1
2026-09-26,wk inc rsv hosp,0,2026-09-26,17,quantile,0.01,1
2026-09-26,wk inc rsv hosp,0,2026-09-26,17,quantile,0.025,2
2026-09-26,wk inc rsv hosp,0,2026-09-26,17,quantile,0.05,3
2026-09-26,wk inc rsv hosp,0,2026-09-26,17,quantile,0.1,5
2026-09-26,wk inc rsv hosp,0,2026-09-26,17,quantile,0.15,7
2026-09-26,wk inc rsv hosp,0,2026-09-26,17,quantile,0.2,7
2026-09-26,wk inc rsv hosp,0,2026-09-26,17,quantile,0.25,8
2026-09-26,wk inc rsv hosp,0,2026-09-26,17,quantile,0.3,9
2026-09-26,wk inc rsv hosp,0,2026-09-26,17,quantile,0.35,9
2026-09-26,wk inc rsv hosp,0,2026-09-26,17,quantile,0.4,10
2026-09-26,wk inc rsv hosp,0,2026-09-26,17,quantile,0.45,11
2026-09-26,wk inc rsv hosp,0,2026-09-26,17,quantile,0.5,12
2026-09-26,wk inc rsv hosp,0,2026-09-26,17,quantile,0.55,12
2026-09-26,wk inc rsv hosp,0,2026-09-26,17,quantile,0.6,13
2026-09-26,wk inc rsv hosp,0,2026-09-26,17,quantile,0.65,13
2026-09-26,wk inc rsv hosp,0,2026-09-26,17,quantile,0.7,14
2026-09-26,wk inc rsv hosp,0,2026-09-26,17,quantile,0.75,15
2026-09-26,wk inc rsv hosp,0,2026-09-26,17,quantile,0.8,17
2026-09-26,wk inc rsv hosp,0,2026-09-26,17,quantile,0.85,18
2026-09-26,wk inc rsv hosp,0,2026-09-26,17,quantile,0.9,21
2026-09-26,wk inc rsv hosp,0,2026-09-26,17,quantile,0.95,26
2026-09-26,wk inc rsv hosp,0,2026-09-26,17,quantile,0.975,31
2026-09-26,wk inc rsv hosp,0,2026-09-26,17,quantile,0.99,39
2026-09-26,wk inc rsv hosp,0,2026-09-26,18,quantile,0.01,0
2026-09-26,wk inc rsv hosp,0,2026-09-26,18,quantile,0.025,0
2026-09-26,wk inc rsv hosp,0,2026-09-26,18,quantile,0.05,0
2026-09-26,wk inc rsv hosp,0,2026-09-26,18,quantile,0.1,0
2026-09-26,wk inc rsv hosp,0,2026-09-26,18,quantile,0.15,0
2026-09-26,wk inc rsv hosp,0,2026-09-26,18,quantile,0.2,1
2026-09-26,wk inc rsv hosp,0,2026-09-26,18,quantile,0.25,1
2026-09-26,wk inc rsv hosp,0,2026-09-26,18,quantile,0.3,1
2026-09-26,wk inc rsv hosp,0,2026-09-26,18,quantile,0.35,2
2026-09-26,wk inc rsv hosp,0,2026-09-26,18,quantile,0.4,2
2026-09-26,wk inc rsv hosp,0,2026-09-26,18,quantile,0.45,2
2026-09-26,wk inc rsv hosp,0,2026-09-26,18,quantile,0.5,3
2026-09-26,wk inc rsv hosp,0,2026-09-26,18,quantile,0.55,3
2026-09-26,wk inc rsv hosp,0,2026-09-26,18,quantile,0.6,4
2026-09-26,wk inc rsv hosp,0,2026-09-26,18,quantile,0.65,4
2026-09-26,wk inc rsv hosp,0,2026-09-26,18,quantile,0.7,5
2026-09-26,wk inc rsv hosp,0,2026-09-26,18,quantile,0.75,5
2026-09-26,wk inc rsv hosp,0,2026-09-26,18,quantile,0.8,6
2026-09-26,wk inc rsv hosp,0,2026-09-26,18,quantile,0.85,7
2026-09-26,wk inc rsv hosp,0,2026-09-26,18,quantile,0.9,9
2026-09-26,wk inc rsv hosp,0,2026-09-26,18,quantile,0.95,11
2026-09-26,wk inc rsv hosp,0,2026-09-26,18,quantile,0.975,16
2026-09-26,wk inc rsv hosp,0,2026-09-26,18,quantile,0.99,20
2026-09-26,wk inc rsv hosp,0,2026-09-26,19,quantile,0.01,0
2026-09-26,wk inc rsv hosp,0,2026-09-26,19,quantile,0.025,0
2026-09-26,wk inc rsv hosp,0,2026-09-26,19,quantile,0.05,0
2026-09-26,wk inc rsv hosp,0,2026-09-26,19,quantile,0.1,0
2026-09-26,wk inc rsv hosp,0,2026-09-26,19,quantile,0.15,0
2026-09-26,wk inc rsv hosp,0,2026-09-26,19,quantile,0.2,0
2026-09-26,wk inc rsv hosp,0,2026-09-26,19,quantile,0.25,1
2026-09-26,wk inc rsv hosp,0,2026-09-26,19,quantile,0.3,1
2026-09-26,wk inc rsv hosp,0,2026-09-26,19,quantile,0.35,1
2026-09-26,wk inc rsv hosp,0,2026-09-26,19,quantile,0.4,2
2026-09-26,wk inc rsv hosp,0,2026-09-26,19,quantile,0.45,2
2026-09-26,wk inc rsv hosp,0,2026-09-26,19,quantile,0.5,2
2026-09-26,wk inc rsv hosp,0,2026-09-26,19,quantile,0.55,3
2026-09-26,wk inc rsv hosp,0,2026-09-26,19,quantile,0.6,3
2026-09-26,wk inc rsv hosp,0,2026-09-26,19,quantile,0.65,3
2026-09-26,wk inc rsv hosp,0,2026-09-26,19,quantile,0.7,4
2026-09-26,wk inc rsv hosp,0,2026-09-26,19,quantile,0.75,4
2026-09-26,wk inc rsv hosp,0,2026-09-26,19,quantile,0.8,5
2026-09-26,wk inc rsv hosp,0,2026-09-26,19,quantile,0.85,5
2026-09-26,wk inc rsv hosp,0,2026-09-26,19,quantile,0.9,6
2026-09-26,wk inc rsv hosp,0,2026-09-26,19,quantile,0.95,9
2026-09-26,wk inc rsv hosp,0,2026-09-26,19,quantile,0.975,12
2026-09-26,wk inc rsv hosp,0,2026-09-26,19,quantile,0.99,17
2026-09-26,wk inc rsv hosp,0,2026-09-26,20,quantile,0.01,0
2026-09-26,wk inc rsv hosp,0,2026-09-26,20,quantile,0.025,0
2026-09-26,wk inc rsv hosp,0,2026-09-26,20,quantile,0.05,0
2026-09-26,wk inc rsv hosp,0,2026-09-26,20,quantile,0.1,0
2026-09-26,wk inc rsv hosp,0,2026-09-26,20,quantile,0.15,0
2026-09-26,wk inc rsv hosp,0,2026-09-26,20,quantile,0.2,0
2026-09-26,wk inc rsv hosp,0,2026-09-26,20,quantile,0.25,0
2026-09-26,wk inc rsv hosp,0,2026-09-26,20,quantile,0.3,0
2026-09-26,wk inc rsv hosp,0,2026-09-26,20,quantile,0.35,1
2026-09-26,wk inc rsv hosp,0,2026-09-26,20,quantile,0.4,1
2026-09-26,wk inc rsv hosp,0,2026-09-26,20,quantile,0.45,1
2026-09-26,wk inc rsv hosp,0,2026-09-26,20,quantile,0.5,1
2026-09-26,wk inc rsv hosp,0,2026-09-26,20,quantile,0.55,1
2026-09-26,wk inc rsv hosp,0,2026-09-26,20,quantile,0.6,2
2026-09-26,wk inc rsv hosp,0,2026-09-26,20,quantile,0.65,2
2026-09-26,wk inc rsv hosp,0,2026-09-26,20,quantile,0.7,2
2026-09-26,wk inc rsv hosp,0,2026-09-26,20,quantile,0.75,3
2026-09-26,wk inc rsv hosp,0,2026-09-26,20,quantile,0.8,3
2026-09-26,wk inc rsv hosp,0,2026-09-26,20,quantile,0.85,4
2026-09-26,wk inc rsv hosp,0,2026-09-26,20,quantile,0.9,5
2026-09-26,wk inc rsv hosp,0,2026-09-26,20,quantile,0.95,7
2026-09-26,wk inc rsv hosp,0,2026-09-26,20,quantile,0.975,10
2026-09-26,wk inc rsv hosp,0,2026-09-26,20,quantile,0.99,15
2026-09-26,wk inc rsv hosp,0,2026-09-26,21,quantile,0.01,0
2026-09-26,wk inc rsv hosp,0,2026-09-26,21,quantile,0.025,0
2026-09-26,wk inc rsv hosp,0,2026-09-26,21,quantile,0.05,0
2026-09-26,wk inc rsv hosp,0,2026-09-26,21,quantile,0.1,0
2026-09-26,wk inc rsv hosp,0,2026-09-26,21,quantile,0.15,0
2026-09-26,wk inc rsv hosp,0,2026-09-26,21,quantile,0.2,0
2026-09-26,wk inc rsv hosp,0,2026-09-26,21,quantile,0.25,0
2026-09-26,wk inc rsv hosp,0,2026-09-26,21,quantile,0.3,0
2026-09-26,wk inc rsv hosp,0,2026-09-26,21,quantile,0.35,0
2026-09-26,wk inc rsv hosp,0,2026-09-26,21,quantile,0.4,1
2026-09-26,wk inc rsv hosp,0,2026-09-26,21,quantile,0.45,1
2026-09-26,wk inc rsv hosp,0,2026-09-26,21,quantile,0.5,1
2026-09-26,wk inc rsv hosp,0,2026-09-26,21,quantile,0.55,2
2026-09-26,wk inc rsv hosp,0,2026-09-26,21,quantile,0.6,2
2026-09-26,wk inc rsv hosp,0,2026-09-26,21,quantile,0.65,3
2026-09-26,wk inc rsv hosp,0,2026-09-26,21,quantile,0.7,3
2026-09-26,wk inc rsv hosp,0,2026-09-26,21,quantile,0.75,4
2026-09-26,wk inc rsv hosp,0,2026-09-26,21,quantile,0.8,4
2026-09-26,wk inc rsv hosp,0,2026-09-26,21,quantile,0.85,5
2026-09-26,wk inc rsv hosp,0,2026-09-26,21,quantile,0.9,7
2026-09-26,wk inc rsv hosp,0,2026-09-26,21,quantile,0.95,9
2026-09-26,wk inc rsv hosp,0,2026-09-26,21,quantile,0.975,11
2026-09-26,wk inc rsv hosp,0,2026-09-26,21,quantile,0.99,17
2026-09-26,wk inc rsv hosp,0,2026-09-26,22,quantile,0.01,0
2026-09-26,wk inc rsv hosp,0,2026-09-26,22,quantile,0.025,1
2026-09-26,wk inc rsv hosp,0,2026-09-26,22,quantile,0.05,1
2026-09-26,wk inc rsv hosp,0,2026-09-26,22,quantile,0.1,2
2026-09-26,wk inc rsv hosp,0,2026-09-26,22,quantile,0.15,3
2026-09-26,wk inc rsv hosp,0,2026-09-26,22,quantile,0.2,4
2026-09-26,wk inc rsv hosp,0,2026-09-26,22,quantile,0.25,4
2026-09-26,wk inc rsv hosp,0,2026-09-26,22,quantile,0.3,5
2026-09-26,wk inc rsv hosp,0,2026-09-26,22,quantile,0.35,5
2026-09-26,wk inc rsv hosp,0,2026-09-26,22,quantile,0.4,6
2026-09-26,wk inc rsv hosp,0,2026-09-26,22,quantile,0.45,6
2026-09-26,wk inc rsv hosp,0,2026-09-26,22,quantile,0.5,6
2026-09-26,wk inc rsv hosp,0,2026-09-26,22,quantile,0.55,7
2026-09-26,wk inc rsv hosp,0,2026-09-26,22,quantile,0.6,8
2026-09-26,wk inc rsv hosp,0,2026-09-26,22,quantile,0.65,8
2026-09-26,wk inc rsv hosp,0,2026-09-26,22,quantile,0.7,8
2026-09-26,wk inc rsv hosp,0,2026-09-26,22,quantile,0.75,9
2026-09-26,wk inc rsv hosp,0,2026-09-26,22,quantile,0.8,10
2026-09-26,wk inc rsv hosp,0,2026-09-26,22,quantile,0.85,11
2026-09-26,wk inc rsv hosp,0,2026-09-26,22,quantile,0.9,12
2026-09-26,wk inc rsv hosp,0,2026-09-26,22,quantile,0.95,15
2026-09-26,wk inc rsv hosp,0,2026-09-26,22,quantile,0.975,18
2026-09-26,wk inc rsv hosp,0,2026-09-26,22,quantile,0.99,22
2026-09-26,wk inc rsv hosp,0,2026-09-26,23,quantile,0.01,0
2026-09-26,wk inc rsv hosp,0,2026-09-26,23,quantile,0.025,0
2026-09-26,wk inc rsv hosp,0,2026-09-26,23,quantile,0.05,0
2026-09-26,wk inc rsv hosp,0,2026-09-26,23,quantile,0.1,0
2026-09-26,wk inc rsv hosp,0,2026-09-26,23,quantile,0.15,0
2026-09-26,wk inc rsv hosp,0,2026-09-26,23,quantile,0.2,0
2026-09-26,wk inc rsv hosp,0,2026-09-26,23,quantile,0.25,0
2026-09-26,wk inc rsv hosp,0,2026-09-26,23,quantile,0.3,0
2026-09-26,wk inc rsv hosp,0,2026-09-26,23,quantile,0.35,0
2026-09-26,wk inc rsv hosp,0,2026-09-26,23,quantile,0.4,0
2026-09-26,wk inc rsv hosp,0,2026-09-26,23,quantile,0.45,0
2026-09-26,wk inc rsv hosp,0,2026-09-26,23,quantile,0.5,0
2026-09-26,wk inc rsv hosp,0,2026-09-26,23,quantile,0.55,0
2026-09-26,wk inc rsv hosp,0,2026-09-26,23,quantile,0.6,0
2026-09-26,wk inc rsv hosp,0,2026-09-26,23,quantile,0.65,0
2026-09-26,wk inc rsv hosp,0,2026-09-26,23,quantile,0.7,0
2026-09-26,wk inc rsv hosp,0,2026-09-26,23,quantile,0.75,0
2026-09-26,wk inc rsv hosp,0,2026-09-26,23,quantile,0.8,0
2026-09-26,wk inc rsv hosp,0,2026-09-26,23,quantile,0.85,0
2026-09-26,wk inc rsv hosp,0,2026-09-26,23,quantile,0.9,0
2026-09-26,wk inc rsv hosp,0,2026-09-26,23,quantile,0.95,0
2026-09-26,wk inc rsv hosp,0,2026-09-26,23,quantile,0.975,1
2026-09-26,wk inc rsv hosp,0,2026-09-26,23,quantile,0.99,2
2026-09-26,wk inc rsv hosp,0,2026-09-26,24,quantile,0.01,0
2026-09-26,wk inc rsv hosp,0,2026-09-26,24,quantile,0.025,0
2026-09-26,wk inc rsv hosp,0,2026-09-26,24,quantile,0.05,0
2026-09-26,wk inc rsv hosp,0,2026-09-26,24,quantile,0.1,1
2026-09-26,wk inc rsv hosp,0,2026-09-26,24,quantile,0.15,2
2026-09-26,wk inc rsv hosp,0,2026-09-26,24,quantile,0.2,2
2026-09-26,wk inc rsv hosp,0,2026-09-26,24,quantile,0.25,3
2026-09-26,wk inc rsv hosp,0,2026-09-26,24,quantile,0.3,3
2026-09-26,wk inc rsv hosp,0,2026-09-26,24,quantile,0.35,4
2026-09-26,wk inc rsv hosp,0,2026-09-26,24,quantile,0.4,4
2026-09-26,wk inc rsv hosp,0,2026-09-26,24,quantile,0.45,4
2026-09-26,wk inc rsv hosp,0,2026-09-26,24,quantile,0.5,5
2026-09-26,wk inc rsv hosp,0,2026-09-26,24,quantile,0.55,5
2026-09-26,wk inc rsv hosp,0,2026-09-26,24,quantile,0.6,6
2026-09-26,wk inc rsv hosp,0,2026-09-26,24,quantile,0.65,6
2026-09-26,wk inc rsv hosp,0,2026-09-26,24,quantile,0.7,7
2026-09-26,wk inc rsv hosp,0,2026-09-26,24,quantile,0.75,7
2026-09-26,wk inc rsv hosp,0,2026-09-26,24,quantile,0.8,8
2026-09-26,wk inc rsv hosp,0,2026-09-26,24,quantile,0.85,9
2026-09-26,wk inc rsv hosp,0,2026-09-26,24,quantile,0.9,10
2026-09-26,wk inc rsv hosp,0,2026-09-26,24,quantile,0.95,13
2026-09-26,wk inc rsv hosp,0,2026-09-26,24,quantile,0.975,15
2026-09-26,wk inc rsv hosp,0,2026-09-26,24,quantile,0.99,19
2026-09-26,wk inc rsv hosp,0,2026-09-26,25,quantile,0.01,0
2026-09-26,wk inc rsv hosp,0,2026-09-26,25,quantile,0.025,0
2026-09-26,wk inc rsv hosp,0,2026-09-26,25,quantile,0.05,0
2026-09-26,wk inc rsv hosp,0,2026-09-26,25,quantile,0.1,1
2026-09-26,wk inc rsv hosp,0,2026-09-26,25,quantile,0.15,2
2026-09-26,wk inc rsv hosp,0,2026-09-26,25,quantile,0.2,2
2026-09-26,wk inc rsv hosp,0,2026-09-26,25,quantile,0.25,3
2026-09-26,wk inc rsv hosp,0,2026-09-26,25,quantile,0.3,4
2026-09-26,wk inc rsv hosp,0,2026-09-26,25,quantile,0.35,4
2026-09-26,wk inc rsv hosp,0,2026-09-26,25,quantile,0.4,5
2026-09-26,wk inc rsv hosp,0,2026-09-26,25,quantile,0.45,5
2026-09-26,wk inc rsv hosp,0,2026-09-26,25,quantile,0.5,6
2026-09-26,wk inc rsv hosp,0,2026-09-26,25,quantile,0.55,6
2026-09-26,wk inc rsv hosp,0,2026-09-26,25,quantile,0.6,7
2026-09-26,wk inc rsv hosp,0,2026-09-26,25,quantile,0.65,7
2026-09-26,wk inc rsv hosp,0,2026-09-26,25,quantile,0.7,8
2026-09-26,wk inc rsv hosp,0,2026-09-26,25,quantile,0.75,9
2026-09-26,wk inc rsv hosp,0,2026-09-26,25,quantile,0.8,10
2026-09-26,wk inc rsv hosp,0,2026-09-26,25,quantile,0.85,11
2026-09-26,wk inc rsv hosp,0,2026-09-26,25,quantile,0.9,13
2026-09-26,wk inc rsv hosp,0,2026-09-26,25,quantile,0.95,15
2026-09-26,wk inc rsv hosp,0,2026-09-26,25,quantile,0.975,19
2026-09-26,wk inc rsv hosp,0,2026-09-26,25,quantile,0.99,24
2026-09-26,wk inc rsv hosp,0,2026-09-26,26,quantile,0.01,0
2026-09-26,wk inc rsv hosp,0,2026-09-26,26,quantile,0.025,0
2026-09-26,wk inc rsv hosp,0,2026-09-26,26,quantile,0.05,0
2026-09-26,wk inc rsv hosp,0,2026-09-26,26,quantile,0.1,0
2026-09-26,wk inc rsv hosp,0,2026-09-26,26,quantile,0.15,0
2026-09-26,wk inc rsv hosp,0,2026-09-26,26,quantile,0.2,3
2026-09-26,wk inc rsv hosp,0,2026-09-26,26,quantile,0.25,5
2026-09-26,wk inc rsv hosp,0,2026-09-26,26,quantile,0.3,7
2026-09-26,wk inc rsv hosp,0,2026-09-26,26,quantile,0.35,8
2026-09-26,wk inc rsv hosp,0,2026-09-26,26,quantile,0.4,9
2026-09-26,wk inc rsv hosp,0,2026-09-26,26,quantile,0.45,10
2026-09-26,wk inc rsv hosp,0,2026-09-26,26,quantile,0.5,11
2026-09-26,wk inc rsv hosp,0,2026-09-26,26,quantile,0.55,12
2026-09-26,wk inc rsv hosp,0,2026-09-26,26,quantile,0.6,13
2026-09-26,wk inc rsv hosp,0,2026-09-26,26,quantile,0.65,15
2026-09-26,wk inc rsv hosp,0,2026-09-26,26,quantile,0.7,16
2026-09-26,wk inc rsv hosp,0,2026-09-26,26,quantile,0.75,18
2026-09-26,wk inc rsv hosp,0,2026-09-26,26,quantile,0.8,22
2026-09-26,wk inc rsv hosp,0,2026-09-26,26,quantile,0.85,27
2026-09-26,wk inc rsv hosp,0,2026-09-26,26,quantile,0.9,40
2026-09-26,wk inc rsv hosp,0,2026-09-26,26,quantile,0.95,73
2026-09-26,wk inc rsv hosp,0,2026-09-26,26,quantile,0.975,145
2026-09-26,wk inc rsv hosp,0,2026-09-26,26,quantile,0.99,246
2026-09-26,wk inc rsv hosp,0,2026-09-26,27,quantile,0.01,0
2026-09-26,wk inc rsv hosp,0,2026-09-26,27,quantile,0.025,0
2026-09-26,wk inc rsv hosp,0,2026-09-26,27,quantile,0.05,0
2026-09-26,wk inc rsv hosp,0,2026-09-26,27,quantile,0.1,0
2026-09-26,wk inc rsv hosp,0,2026-09-26,27,quantile,0.15,0
2026-09-26,wk inc rsv hosp,0,2026-09-26,27,quantile,0.2,0
2026-09-26,wk inc rsv hosp,0,2026-09-26,27,quantile,0.25,0
2026-09-26,wk inc rsv hosp,0,2026-09-26,27,quantile,0.3,0
2026-09-26,wk inc rsv hosp,0,2026-09-26,27,quantile,0.35,0
2026-09-26,wk inc rsv hosp,0,2026-09-26,27,quantile,0.4,0
2026-09-26,wk inc rsv hosp,0,2026-09-26,27,quantile,0.45,0
2026-09-26,wk inc rsv hosp,0,2026-09-26,27,quantile,0.5,0
2026-09-26,wk inc rsv hosp,0,2026-09-26,27,quantile,0.55,0
2026-09-26,wk inc rsv hosp,0,2026-09-26,27,quantile,0.6,0
2026-09-26,wk inc rsv hosp,0,2026-09-26,27,quantile,0.65,0
2026-09-26,wk inc rsv hosp,0,2026-09-26,27,quantile,0.7,0
2026-09-26,wk inc rsv hosp,0,2026-09-26,27,quantile,0.75,0
2026-09-26,wk inc rsv hosp,0,2026-09-26,27,quantile,0.8,0
2026-09-26,wk inc rsv hosp,0,2026-09-26,27,quantile,0.85,0
2026-09-26,wk inc rsv hosp,0,2026-09-26,27,quantile,0.9,0
2026-09-26,wk inc rsv hosp,0,2026-09-26,27,quantile,0.95,1
2026-09-26,wk inc rsv hosp,0,2026-09-26,27,quantile,0.975,2
2026-09-26,wk inc rsv hosp,0,2026-09-26,27,quantile,0.99,4
2026-09-26,wk inc rsv hosp,0,2026-09-26,28,quantile,0.01,0
2026-09-26,wk inc rsv hosp,0,2026-09-26,28,quantile,0.025,0
2026-09-26,wk inc rsv hosp,0,2026-09-26,28,quantile,0.05,1
2026-09-26,wk inc rsv hosp,0,2026-09-26,28,quantile,0.1,1
2026-09-26,wk inc rsv hosp,0,2026-09-26,28,quantile,0.15,2
2026-09-26,wk inc rsv hosp,0,2026-09-26,28,quantile,0.2,3
2026-09-26,wk inc rsv hosp,0,2026-09-26,28,quantile,0.25,3
2026-09-26,wk inc rsv hosp,0,2026-09-26,28,quantile,0.3,4
2026-09-26,wk inc rsv hosp,0,2026-09-26,28,quantile,0.35,4
2026-09-26,wk inc rsv hosp,0,2026-09-26,28,quantile,0.4,4
2026-09-26,wk inc rsv hosp,0,2026-09-26,28,quantile,0.45,5
2026-09-26,wk inc rsv hosp,0,2026-09-26,28,quantile,0.5,5
2026-09-26,wk inc rsv hosp,0,2026-09-26,28,quantile,0.55,6
2026-09-26,wk inc rsv hosp,0,2026-09-26,28,quantile,0.6,6
2026-09-26,wk inc rsv hosp,0,2026-09-26,28,quantile,0.65,7
2026-09-26,wk inc rsv hosp,0,2026-09-26,28,quantile,0.7,7
2026-09-26,wk inc rsv hosp,0,2026-09-26,28,quantile,0.75,8
2026-09-26,wk inc rsv hosp,0,2026-09-26,28,quantile,0.8,9
2026-09-26,wk inc rsv hosp,0,2026-09-26,28,quantile,0.85,10
2026-09-26,wk inc rsv hosp,0,2026-09-26,28,quantile,0.9,12
2026-09-26,wk inc rsv hosp,0,2026-09-26,28,quantile,0.95,14
2026-09-26,wk inc rsv hosp,0,2026-09-26,28,quantile,0.975,17
2026-09-26,wk inc rsv hosp,0,2026-09-26,28,quantile,0.99,23
2026-09-26,wk inc rsv hosp,0,2026-09-26,29,quantile,0.01,0
2026-09-26,wk inc rsv hosp,0,2026-09-26,29,quantile,0.025,0
2026-09-26,wk inc rsv hosp,0,2026-09-26,29,quantile,0.05,0
2026-09-26,wk inc rsv hosp,0,2026-09-26,29,quantile,0.1,0
2026-09-26,wk inc rsv hosp,0,2026-09-26,29,quantile,0.15,0
2026-09-26,wk inc rsv hosp,0,2026-09-26,29,quantile,0.2,0
2026-09-26,wk inc rsv hosp,0,2026-09-26,29,quantile,0.25,0
2026-09-26,wk inc rsv hosp,0,2026-09-26,29,quantile,0.3,0
2026-09-26,wk inc rsv hosp,0,2026-09-26,29,quantile,0.35,1
2026-09-26,wk inc rsv hosp,0,2026-09-26,29,quantile,0.4,1
2026-09-26,wk inc rsv hosp,0,2026-09-26,29,quantile,0.45,2
2026-09-26,wk inc rsv hosp,0,2026-09-26,29,quantile,0.5,2
2026-09-26,wk inc rsv hosp,0,2026-09-26,29,quantile,0.55,2
2026-09-26,wk inc rsv hosp,0,2026-09-26,29,quantile,0.6,3
2026-09-26,wk inc rsv hosp,0,2026-09-26,29,quantile,0.65,3
2026-09-26,wk inc rsv hosp,0,2026-09-26,29,quantile,0.7,4
2026-09-26,wk inc rsv hosp,0,2026-09-26,29,quantile,0.75,4
2026-09-26,wk inc rsv hosp,0,2026-09-26,29,quantile,0.8,5
2026-09-26,wk inc rsv hosp,0,2026-09-26,29,quantile,0.85,6
2026-09-26,wk inc rsv hosp,0,2026-09-26,29,quantile,0.9,8
2026-09-26,wk inc rsv hosp,0,2026-09-26,29,quantile,0.95,10
2026-09-26,wk inc rsv hosp,0,2026-09-26,29,quantile,0.975,13
2026-09-26,wk inc rsv hosp,0,2026-09-26,29,quantile,0.99,19
2026-09-26,wk inc rsv hosp,0,2026-09-26,30,quantile,0.01,0
2026-09-26,wk inc rsv hosp,0,2026-09-26,30,quantile,0.025,0
2026-09-26,wk inc rsv hosp,0,2026-09-26,30,quantile,0.05,0
2026-09-26,wk inc rsv hosp,0,2026-09-26,30,quantile,0.1,0
2026-09-26,wk inc rsv hosp,0,2026-09-26,30,quantile,0.15,0
2026-09-26,wk inc rsv hosp,0,2026-09-26,30,quantile,0.2,0
2026-09-26,wk inc rsv hosp,0,2026-09-26,30,quantile,0.25,0
2026-09-26,wk inc rsv hosp,0,2026-09-26,30,quantile,0.3,0
2026-09-26,wk inc rsv hosp,0,2026-09-26,30,quantile,0.35,0
2026-09-26,wk inc rsv hosp,0,2026-09-26,30,quantile,0.4,0
2026-09-26,wk inc rsv hosp,0,2026-09-26,30,quantile,0.45,0
2026-09-26,wk inc rsv hosp,0,2026-09-26,30,quantile,0.5,0
2026-09-26,wk inc rsv hosp,0,2026-09-26,30,quantile,0.55,0
2026-09-26,wk inc rsv hosp,0,2026-09-26,30,quantile,0.6,0
2026-09-26,wk inc rsv hosp,0,2026-09-26,30,quantile,0.65,0
2026-09-26,wk inc rsv hosp,0,2026-09-26,30,quantile,0.7,1
2026-09-26,wk inc rsv hosp,0,2026-09-26,30,quantile,0.75,1
2026-09-26,wk inc rsv hosp,0,2026-09-26,30,quantile,0.8,1
2026-09-26,wk inc rsv hosp,0,2026-09-26,30,quantile,0.85,1
2026-09-26,wk inc rsv hosp,0,2026-09-26,30,quantile,0.9,2
2026-09-26,wk inc rsv hosp,0,2026-09-26,30,quantile,0.95,3
2026-09-26,wk inc rsv hosp,0,2026-09-26,30,quantile,0.975,4
2026-09-26,wk inc rsv hosp,0,2026-09-26,30,quantile,0.99,6
2026-09-26,wk inc rsv hosp,0,2026-09-26,31,quantile,0.01,0
2026-09-26,wk inc rsv hosp,0,2026-09-26,31,quantile,0.025,0
2026-09-26,wk inc rsv hosp,0,2026-09-26,31,quantile,0.05,0
2026-09-26,wk inc rsv hosp,0,2026-09-26,31,quantile,0.1,0
2026-09-26,wk inc rsv hosp,0,2026-09-26,31,quantile,0.15,0
2026-09-26,wk inc rsv hosp,0,2026-09-26,31,quantile,0.2,1
2026-09-26,wk inc rsv hosp,0,2026-09-26,31,quantile,0.25,1
2026-09-26,wk inc rsv hosp,0,2026-09-26,31,quantile,0.3,1
2026-09-26,wk inc rsv hosp,0,2026-09-26,31,quantile,0.35,1
2026-09-26,wk inc rsv hosp,0,2026-09-26,31,quantile,0.4,2
2026-09-26,wk inc rsv hosp,0,2026-09-26,31,quantile,0.45,2
2026-09-26,wk inc rsv hosp,0,2026-09-26,31,quantile,0.5,2
2026-09-26,wk inc rsv hosp,0,2026-09-26,31,quantile,0.55,2
2026-09-26,wk inc rsv hosp,0,2026-09-26,31,quantile,0.6,3
2026-09-26,wk inc rsv hosp,0,2026-09-26,31,quantile,0.65,3
2026-09-26,wk inc rsv hosp,0,2026-09-26,31,quantile,0.7,3
2026-09-26,wk inc rsv hosp,0,2026-09-26,31,quantile,0.75,3
2026-09-26,wk inc rsv hosp,0,2026-09-26,31,quantile,0.8,4
2026-09-26,wk inc rsv hosp,0,2026-09-26,31,quantile,0.85,4
2026-09-26,wk inc rsv hosp,0,2026-09-26,31,quantile,0.9,5
2026-09-26,wk inc rsv hosp,0,2026-09-26,31,quantile,0.95,6
2026-09-26,wk inc rsv hosp,0,2026-09-26,31,quantile,0.975,8
2026-09-26,wk inc rsv hosp,0,2026-09-26,31,quantile,0.99,10
2026-09-26,wk inc rsv hosp,0,2026-09-26,32,quantile,0.01,0
2026-09-26,wk inc rsv hosp,0,2026-09-26,32,quantile,0.025,0
2026-09-26,wk inc rsv hosp,0,2026-09-26,32,quantile,0.05,0
2026-09-26,wk inc rsv hosp,0,2026-09-26,32,quantile,0.1,0
2026-09-26,wk inc rsv hosp,0,2026-09-26,32,quantile,0.15,0
2026-09-26,wk inc rsv hosp,0,2026-09-26,32,quantile,0.2,0
2026-09-26,wk inc rsv hosp,0,2026-09-26,32,quantile,0.25,0
2026-09-26,wk inc rsv hosp,0,2026-09-26,32,quantile,0.3,0
2026-09-26,wk inc rsv hosp,0,2026-09-26,32,quantile,0.35,0
2026-09-26,wk inc rsv hosp,0,2026-09-26,32,quantile,0.4,0
2026-09-26,wk inc rsv hosp,0,2026-09-26,32,quantile,0.45,0
2026-09-26,wk inc rsv hosp,0,2026-09-26,32,quantile,0.5,0
2026-09-26,wk inc rsv hosp,0,2026-09-26,32,quantile,0.55,1
2026-09-26,wk inc rsv hosp,0,2026-09-26,32,quantile,0.6,1
2026-09-26,wk inc rsv hosp,0,2026-09-26,32,quantile,0.65,1
2026-09-26,wk inc rsv hosp,0,2026-09-26,32,quantile,0.7,1
2026-09-26,wk inc rsv hosp,0,2026-09-26,32,quantile,0.75,2
2026-09-26,wk inc rsv hosp,0,2026-09-26,32,quantile,0.8,2
2026-09-26,wk inc rsv hosp,0,2026-09-26,32,quantile,0.85,3
2026-09-26,wk inc rsv hosp,0,2026-09-26,32,quantile,0.9,5
2026-09-26,wk inc rsv hosp,0,2026-09-26,32,quantile,0.95,7
2026-09-26,wk inc rsv hosp,0,2026-09-26,32,quantile,0.975,11
2026-09-26,wk inc rsv hosp,0,2026-09-26,32,quantile,0.99,14
2026-09-26,wk inc rsv hosp,0,2026-09-26,33,quantile,0.01,0
2026-09-26,wk inc rsv hosp,0,2026-09-26,33,quantile,0.025,0
2026-09-26,wk inc rsv hosp,0,2026-09-26,33,quantile,0.05,0
2026-09-26,wk inc rsv hosp,0,2026-09-26,33,quantile,0.1,0
2026-09-26,wk inc rsv hosp,0,2026-09-26,33,quantile,0.15,0
2026-09-26,wk inc rsv hosp,0,2026-09-26,33,quantile,0.2,0
2026-09-26,wk inc rsv hosp,0,2026-09-26,33,quantile,0.25,0
2026-09-26,wk inc rsv hosp,0,2026-09-26,33,quantile,0.3,0
2026-09-26,wk inc rsv hosp,0,2026-09-26,33,quantile,0.35,0
2026-09-26,wk inc rsv hosp,0,2026-09-26,33,quantile,0.4,0
2026-09-26,wk inc rsv hosp,0,2026-09-26,33,quantile,0.45,0
2026-09-26,wk inc rsv hosp,0,2026-09-26,33,quantile,0.5,0
2026-09-26,wk inc rsv hosp,0,2026-09-26,33,quantile,0.55,0
2026-09-26,wk inc rsv hosp,0,2026-09-26,33,quantile,0.6,1
2026-09-26,wk inc rsv hosp,0,2026-09-26,33,quantile,0.65,1
2026-09-26,wk inc rsv hosp,0,2026-09-26,33,quantile,0.7,1
2026-09-26,wk inc rsv hosp,0,2026-09-26,33,quantile,0.75,1
2026-09-26,wk inc rsv hosp,0,2026-09-26,33,quantile,0.8,2
2026-09-26,wk inc rsv hosp,0,2026-09-26,33,quantile,0.85,2
2026-09-26,wk inc rsv hosp,0,2026-09-26,33,quantile,0.9,2
2026-09-26,wk inc rsv hosp,0,2026-09-26,33,quantile,0.95,3
2026-09-26,wk inc rsv hosp,0,2026-09-26,33,quantile,0.975,5
2026-09-26,wk inc rsv hosp,0,2026-09-26,33,quantile,0.99,7
2026-09-26,wk inc rsv hosp,0,2026-09-26,34,quantile,0.01,0
2026-09-26,wk inc rsv hosp,0,2026-09-26,34,quantile,0.025,0
2026-09-26,wk inc rsv hosp,0,2026-09-26,34,quantile,0.05,0
2026-09-26,wk inc rsv hosp,0,2026-09-26,34,quantile,0.1,2
2026-09-26,wk inc rsv hosp,0,2026-09-26,34,quantile,0.15,3
2026-09-26,wk inc rsv hosp,0,2026-09-26,34,quantile,0.2,4
2026-09-26,wk inc rsv hosp,0,2026-09-26,34,quantile,0.25,5
2026-09-26,wk inc rsv hosp,0,2026-09-26,34,quantile,0.3,6
2026-09-26,wk inc rsv hosp,0,2026-09-26,34,quantile,0.35,6
2026-09-26,wk inc rsv hosp,0,2026-09-26,34,quantile,0.4,7
2026-09-26,wk inc rsv hosp,0,2026-09-26,34,quantile,0.45,7
2026-09-26,wk inc rsv hosp,0,2026-09-26,34,quantile,0.5,8
2026-09-26,wk inc rsv hosp,0,2026-09-26,34,quantile,0.55,9
2026-09-26,wk inc rsv hosp,0,2026-09-26,34,quantile,0.6,9
2026-09-26,wk inc rsv hosp,0,2026-09-26,34,quantile,0.65,10
2026-09-26,wk inc rsv hosp,0,2026-09-26,34,quantile,0.7,11
2026-09-26,wk inc rsv hosp,0,2026-09-26,34,quantile,0.75,12
2026-09-26,wk inc rsv hosp,0,2026-09-26,34,quantile,0.8,13
2026-09-26,wk inc rsv hosp,0,2026-09-26,34,quantile,0.85,14
2026-09-26,wk inc rsv hosp,0,2026-09-26,34,quantile,0.9,15
2026-09-26,wk inc rsv hosp,0,2026-09-26,34,quantile,0.95,18
2026-09-26,wk inc rsv hosp,0,2026-09-26,34,quantile,0.975,23
2026-09-26,wk inc rsv hosp,0,2026-09-26,34,quantile,0.99,31
2026-09-26,wk inc rsv hosp,0,2026-09-26,35,quantile,0.01,0
2026-09-26,wk inc rsv hosp,0,2026-09-26,35,quantile,0.025,0
2026-09-26,wk inc rsv hosp,0,2026-09-26,35,quantile,0.05,0
2026-09-26,wk inc rsv hosp,0,2026-09-26,35,quantile,0.1,0
2026-09-26,wk inc rsv hosp,0,2026-09-26,35,quantile,0.15,0
2026-09-26,wk inc rsv hosp,0,2026-09-26,35,quantile,0.2,0
2026-09-26,wk inc rsv hosp,0,2026-09-26,35,quantile,0.25,0
2026-09-26,wk inc rsv hosp,0,2026-09-26,35,quantile,0.3,0
2026-09-26,wk inc rsv hosp,0,2026-09-26,35,quantile,0.35,0
2026-09-26,wk inc rsv hosp,0,2026-09-26,35,quantile,0.4,0
2026-09-26,wk inc rsv hosp,0,2026-09-26,35,quantile,0.45,0
2026-09-26,wk inc rsv hosp,0,2026-09-26,35,quantile,0.5,0
2026-09-26,wk inc rsv hosp,0,2026-09-26,35,quantile,0.55,0
2026-09-26,wk inc rsv hosp,0,2026-09-26,35,quantile,0.6,0
2026-09-26,wk inc rsv hosp,0,2026-09-26,35,quantile,0.65,0
2026-09-26,wk inc rsv hosp,0,2026-09-26,35,quantile,0.7,0
2026-09-26,wk inc rsv hosp,0,2026-09-26,35,quantile,0.75,0
2026-09-26,wk inc rsv hosp,0,2026-09-26,35,quantile,0.8,0
2026-09-26,wk inc rsv hosp,0,2026-09-26,35,quantile,0.85,0
2026-09-26,wk inc rsv hosp,0,2026-09-26,35,quantile,0.9,0
2026-09-26,wk inc rsv hosp,0,2026-09-26,35,quantile,0.95,0
2026-09-26,wk inc rsv hosp,0,2026-09-26,35,quantile,0.975,0
2026-09-26,wk inc rsv hosp,0,2026-09-26,35,quantile,0.99,1
2026-09-26,wk inc rsv hosp,0,2026-09-26,36,quantile,0.01,8
2026-09-26,wk inc rsv hosp,0,2026-09-26,36,quantile,0.025,11
2026-09-26,wk inc rsv hosp,0,2026-09-26,36,quantile,0.05,15
2026-09-26,wk inc rsv hosp,0,2026-09-26,36,quantile,0.1,19
2026-09-26,wk inc rsv hosp,0,2026-09-26,36,quantile,0.15,22
2026-09-26,wk inc rsv hosp,0,2026-09-26,36,quantile,0.2,24
2026-09-26,wk inc rsv hosp,0,2026-09-26,36,quantile,0.25,26
2026-09-26,wk inc rsv hosp,0,2026-09-26,36,quantile,0.3,28
2026-09-26,wk inc rsv hosp,0,2026-09-26,36,quantile,0.35,30
2026-09-26,wk inc rsv hosp,0,2026-09-26,36,quantile,0.4,32
2026-09-26,wk inc rsv hosp,0,2026-09-26,36,quantile,0.45,34
2026-09-26,wk inc rsv hosp,0,2026-09-26,36,quantile,0.5,35
2026-09-26,wk inc rsv hosp,0,2026-09-26,36,quantile,0.55,37
2026-09-26,wk inc rsv hosp,0,2026-09-26,36,quantile,0.6,39
2026-09-26,wk inc rsv hosp,0,2026-09-26,36,quantile,0.65,41
2026-09-26,wk inc rsv hosp,0,2026-09-26,36,quantile,0.7,42
2026-09-26,wk inc rsv hosp,0,2026-09-26,36,quantile,0.75,45
2026-09-26,wk inc rsv hosp,0,2026-09-26,36,quantile,0.8,48
2026-09-26,wk inc rsv hosp,0,2026-09-26,36,quantile,0.85,51
2026-09-26,wk inc rsv hosp,0,2026-09-26,36,quantile,0.9,57
2026-09-26,wk inc rsv hosp,0,2026-09-26,36,quantile,0.95,65
2026-09-26,wk inc rsv hosp,0,2026-09-26,36,quantile,0.975,74
2026-09-26,wk inc rsv hosp,0,2026-09-26,36,quantile,0.99,88
2026-09-26,wk inc rsv hosp,0,2026-09-26,37,quantile,0.01,0
2026-09-26,wk inc rsv hosp,0,2026-09-26,37,quantile,0.025,0
2026-09-26,wk inc rsv hosp,0,2026-09-26,37,quantile,0.05,0
2026-09-26,wk inc rsv hosp,0,2026-09-26,37,quantile,0.1,1
2026-09-26,wk inc rsv hosp,0,2026-09-26,37,quantile,0.15,2
2026-09-26,wk inc rsv hosp,0,2026-09-26,37,quantile,0.2,3
2026-09-26,wk inc rsv hosp,0,2026-09-26,37,quantile,0.25,4
2026-09-26,wk inc rsv hosp,0,2026-09-26,37,quantile,0.3,5
2026-09-26,wk inc rsv hosp,0,2026-09-26,37,quantile,0.35,6
2026-09-26,wk inc rsv hosp,0,2026-09-26,37,quantile,0.4,7
2026-09-26,wk inc rsv hosp,0,2026-09-26,37,quantile,0.45,8
2026-09-26,wk inc rsv hosp,0,2026-09-26,37,quantile,0.5,8
2026-09-26,wk inc rsv hosp,0,2026-09-26,37,quantile,0.55,10
2026-09-26,wk inc rsv hosp,0,2026-09-26,37,quantile,0.6,11
2026-09-26,wk inc rsv hosp,0,2026-09-26,37,quantile,0.65,12
2026-09-26,wk inc rsv hosp,0,2026-09-26,37,quantile,0.7,13
2026-09-26,wk inc rsv hosp,0,2026-09-26,37,quantile,0.75,14
2026-09-26,wk inc rsv hosp,0,2026-09-26,37,quantile,0.8,17
2026-09-26,wk inc rsv hosp,0,2026-09-26,37,quantile,0.85,19
2026-09-26,wk inc rsv hosp,0,2026-09-26,37,quantile,0.9,22
2026-09-26,wk inc rsv hosp,0,2026-09-26,37,quantile,0.95,29
2026-09-26,wk inc rsv hosp,0,2026-09-26,37,quantile,0.975,36
2026-09-26,wk inc rsv hosp,0,2026-09-26,37,quantile,0.99,45
2026-09-26,wk inc rsv hosp,0,2026-09-26,38,quantile,0.01,0
2026-09-26,wk inc rsv hosp,0,2026-09-26,38,quantile,0.025,0
2026-09-26,wk inc rsv hosp,0,2026-09-26,38,quantile,0.05,0
2026-09-26,wk inc rsv hosp,0,2026-09-26,38,quantile,0.1,0
2026-09-26,wk inc rsv hosp,0,2026-09-26,38,quantile,0.15,0
2026-09-26,wk inc rsv hosp,0,2026-09-26,38,quantile,0.2,0
2026-09-26,wk inc rsv hosp,0,2026-09-26,38,quantile,0.25,0
2026-09-26,wk inc rsv hosp,0,2026-09-26,38,quantile,0.3,0
2026-09-26,wk inc rsv hosp,0,2026-09-26,38,quantile,0.35,0
2026-09-26,wk inc rsv hosp,0,2026-09-26,38,quantile,0.4,0
2026-09-26,wk inc rsv hosp,0,2026-09-26,38,quantile,0.45,0
2026-09-26,wk inc rsv hosp,0,2026-09-26,38,quantile,0.5,0
2026-09-26,wk inc rsv hosp,0,2026-09-26,38,quantile,0.55,0
2026-09-26,wk inc rsv hosp,0,2026-09-26,38,quantile,0.6,0
2026-09-26,wk inc rsv hosp,0,2026-09-26,38,quantile,0.65,0
2026-09-26,wk inc rsv hosp,0,2026-09-26,38,quantile,0.7,0
2026-09-26,wk inc rsv hosp,0,2026-09-26,38,quantile,0.75,1
2026-09-26,wk inc rsv hosp,0,2026-09-26,38,quantile,0.8,1
2026-09-26,wk inc rsv hosp,0,2026-09-26,38,quantile,0.85,1
2026-09-26,wk inc rsv hosp,0,2026-09-26,38,quantile,0.9,2
2026-09-26,wk inc rsv hosp,0,2026-09-26,38,quantile,0.95,4
2026-09-26,wk inc rsv hosp,0,2026-09-26,38,quantile,0.975,5
2026-09-26,wk inc rsv hosp,0,2026-09-26,38,quantile,0.99,9
2026-09-26,wk inc rsv hosp,0,2026-09-26,39,quantile,0.01,0
2026-09-26,wk inc rsv hosp,0,2026-09-26,39,quantile,0.025,0
2026-09-26,wk inc rsv hosp,0,2026-09-26,39,quantile,0.05,0
2026-09-26,wk inc rsv hosp,0,2026-09-26,39,quantile,0.1,1
2026-09-26,wk inc rsv hosp,0,2026-09-26,39,quantile,0.15,2
2026-09-26,wk inc rsv hosp,0,2026-09-26,39,quantile,0.2,2
2026-09-26,wk inc rsv hosp,0,2026-09-26,39,quantile,0.25,3
2026-09-26,wk inc rsv hosp,0,2026-09-26,39,quantile,0.3,3
2026-09-26,wk inc rsv hosp,0,2026-09-26,39,quantile,0.35,4
2026-09-26,wk inc rsv hosp,0,2026-09-26,39,quantile,0.4,4
2026-09-26,wk inc rsv hosp,0,2026-09-26,39,quantile,0.45,5
2026-09-26,wk inc rsv hosp,0,2026-09-26,39,quantile,0.5,5
2026-09-26,wk inc rsv hosp,0,2026-09-26,39,quantile,0.55,6
2026-09-26,wk inc rsv hosp,0,2026-09-26,39,quantile,0.6,6
2026-09-26,wk inc rsv hosp,0,2026-09-26,39,quantile,0.65,7
2026-09-26,wk inc rsv hosp,0,2026-09-26,39,quantile,0.7,7
2026-09-26,wk inc rsv hosp,0,2026-09-26,39,quantile,0.75,8
2026-09-26,wk inc rsv hosp,0,2026-09-26,39,quantile,0.8,9
2026-09-26,wk inc rsv hosp,0,2026-09-26,39,quantile,0.85,10
2026-09-26,wk inc rsv hosp,0,2026-09-26,39,quantile,0.9,12
2026-09-26,wk inc rsv hosp,0,2026-09-26,39,quantile,0.95,15
2026-09-26,wk inc rsv hosp,0,2026-09-26,39,quantile,0.975,19
2026-09-26,wk inc rsv hosp,0,2026-09-26,39,quantile,0.99,26
2026-09-26,wk inc rsv hosp,0,2026-09-26,40,quantile,0.01,0
2026-09-26,wk inc rsv hosp,0,2026-09-26,40,quantile,0.025,0
2026-09-26,wk inc rsv hosp,0,2026-09-26,40,quantile,0.05,0
2026-09-26,wk inc rsv hosp,0,2026-09-26,40,quantile,0.1,0
2026-09-26,wk inc rsv hosp,0,2026-09-26,40,quantile,0.15,0
2026-09-26,wk inc rsv hosp,0,2026-09-26,40,quantile,0.2,0
2026-09-26,wk inc rsv hosp,0,2026-09-26,40,quantile,0.25,1
2026-09-26,wk inc rsv hosp,0,2026-09-26,40,quantile,0.3,1
2026-09-26,wk inc rsv hosp,0,2026-09-26,40,quantile,0.35,1
2026-09-26,wk inc rsv hosp,0,2026-09-26,40,quantile,0.4,1
2026-09-26,wk inc rsv hosp,0,2026-09-26,40,quantile,0.45,1
2026-09-26,wk inc rsv hosp,0,2026-09-26,40,quantile,0.5,1
2026-09-26,wk inc rsv hosp,0,2026-09-26,40,quantile,0.55,2
2026-09-26,wk inc rsv hosp,0,2026-09-26,40,quantile,0.6,2
2026-09-26,wk inc rsv hosp,0,2026-09-26,40,quantile,0.65,2
2026-09-26,wk inc rsv hosp,0,2026-09-26,40,quantile,0.7,2
2026-09-26,wk inc rsv hosp,0,2026-09-26,40,quantile,0.75,3
2026-09-26,wk inc rsv hosp,0,2026-09-26,40,quantile,0.8,3
2026-09-26,wk inc rsv hosp,0,2026-09-26,40,quantile,0.85,3
2026-09-26,wk inc rsv hosp,0,2026-09-26,40,quantile,0.9,4
2026-09-26,wk inc rsv hosp,0,2026-09-26,40,quantile,0.95,5
2026-09-26,wk inc rsv hosp,0,2026-09-26,40,quantile,0.975,6
2026-09-26,wk inc rsv hosp,0,2026-09-26,40,quantile,0.99,9
2026-09-26,wk inc rsv hosp,0,2026-09-26,41,quantile,0.01,0
2026-09-26,wk inc rsv hosp,0,2026-09-26,41,quantile,0.025,0
2026-09-26,wk inc rsv hosp,0,2026-09-26,41,quantile,0.05,0
2026-09-26,wk inc rsv hosp,0,2026-09-26,41,quantile,0.1,0
2026-09-26,wk inc rsv hosp,0,2026-09-26,41,quantile,0.15,0
2026-09-26,wk inc rsv hosp,0,2026-09-26,41,quantile,0.2,0
2026-09-26,wk inc rsv hosp,0,2026-09-26,41,quantile,0.25,0
2026-09-26,wk inc rsv hosp,0,2026-09-26,41,quantile,0.3,0
2026-09-26,wk inc rsv hosp,0,2026-09-26,41,quantile,0.35,1
2026-09-26,wk inc rsv hosp,0,2026-09-26,41,quantile,0.4,1
2026-09-26,wk inc rsv hosp,0,2026-09-26,41,quantile,0.45,1
2026-09-26,wk inc rsv hosp,0,2026-09-26,41,quantile,0.5,1
2026-09-26,wk inc rsv hosp,0,2026-09-26,41,quantile,0.55,1
2026-09-26,wk inc rsv hosp,0,2026-09-26,41,quantile,0.6,2
2026-09-26,wk inc rsv hosp,0,2026-09-26,41,quantile,0.65,2
2026-09-26,wk inc rsv hosp,0,2026-09-26,41,quantile,0.7,2
2026-09-26,wk inc rsv hosp,0,2026-09-26,41,quantile,0.75,2
2026-09-26,wk inc rsv hosp,0,2026-09-26,41,quantile,0.8,3
2026-09-26,wk inc rsv hosp,0,2026-09-26,41,quantile,0.85,3
2026-09-26,wk inc rsv hosp,0,2026-09-26,41,quantile,0.9,4
2026-09-26,wk inc rsv hosp,0,2026-09-26,41,quantile,0.95,5
2026-09-26,wk inc rsv hosp,0,2026-09-26,41,quantile,0.975,6
2026-09-26,wk inc rsv hosp,0,2026-09-26,41,quantile,0.99,9
2026-09-26,wk inc rsv hosp,0,2026-09-26,42,quantile,0.01,8
2026-09-26,wk inc rsv hosp,0,2026-09-26,42,quantile,0.025,12
2026-09-26,wk inc rsv hosp,0,2026-09-26,42,quantile,0.05,16
2026-09-26,wk inc rsv hosp,0,2026-09-26,42,quantile,0.1,21
2026-09-26,wk inc rsv hosp,0,2026-09-26,42,quantile,0.15,25
2026-09-26,wk inc rsv hosp,0,2026-09-26,42,quantile,0.2,28
2026-09-26,wk inc rsv hosp,0,2026-09-26,42,quantile,0.25,31
2026-09-26,wk inc rsv hosp,0,2026-09-26,42,quantile,0.3,33
2026-09-26,wk inc rsv hosp,0,2026-09-26,42,quantile,0.35,35
2026-09-26,wk inc rsv hosp,0,2026-09-26,42,quantile,0.4,37
2026-09-26,wk inc rsv hosp,0,2026-09-26,42,quantile,0.45,39
2026-09-26,wk inc rsv hosp,0,2026-09-26,42,quantile,0.5,41
2026-09-26,wk inc rsv hosp,0,2026-09-26,42,quantile,0.55,43
2026-09-26,wk inc rsv hosp,0,2026-09-26,42,quantile,0.6,46
2026-09-26,wk inc rsv hosp,0,2026-09-26,42,quantile,0.65,49
2026-09-26,wk inc rsv hosp,0,2026-09-26,42,quantile,0.7,51
2026-09-26,wk inc rsv hosp,0,2026-09-26,42,quantile,0.75,55
2026-09-26,wk inc rsv hosp,0,2026-09-26,42,quantile,0.8,58
2026-09-26,wk inc rsv hosp,0,2026-09-26,42,quantile,0.85,62
2026-09-26,wk inc rsv hosp,0,2026-09-26,42,quantile,0.9,68
2026-09-26,wk inc rsv hosp,0,2026-09-26,42,quantile,0.95,81
2026-09-26,wk inc rsv hosp,0,2026-09-26,42,quantile,0.975,93
2026-09-26,wk inc rsv hosp,0,2026-09-26,42,quantile,0.99,115
2026-09-26,wk inc rsv hosp,0,2026-09-26,44,quantile,0.01,0
2026-09-26,wk inc rsv hosp,0,2026-09-26,44,quantile,0.025,0
2026-09-26,wk inc rsv hosp,0,2026-09-26,44,quantile,0.05,0
2026-09-26,wk inc rsv hosp,0,2026-09-26,44,quantile,0.1,0
2026-09-26,wk inc rsv hosp,0,2026-09-26,44,quantile,0.15,1
2026-09-26,wk inc rsv hosp,0,2026-09-26,44,quantile,0.2,1
2026-09-26,wk inc rsv hosp,0,2026-09-26,44,quantile,0.25,1
2026-09-26,wk inc rsv hosp,0,2026-09-26,44,quantile,0.3,1
2026-09-26,wk inc rsv hosp,0,2026-09-26,44,quantile,0.35,1
2026-09-26,wk inc rsv hosp,0,2026-09-26,44,quantile,0.4,2
2026-09-26,wk inc rsv hosp,0,2026-09-26,44,quantile,0.45,2
2026-09-26,wk inc rsv hosp,0,2026-09-26,44,quantile,0.5,2
2026-09-26,wk inc rsv hosp,0,2026-09-26,44,quantile,0.55,2
2026-09-26,wk inc rsv hosp,0,2026-09-26,44,quantile,0.6,3
2026-09-26,wk inc rsv hosp,0,2026-09-26,44,quantile,0.65,3
2026-09-26,wk inc rsv hosp,0,2026-09-26,44,quantile,0.7,3
2026-09-26,wk inc rsv hosp,0,2026-09-26,44,quantile,0.75,4
2026-09-26,wk inc rsv hosp,0,2026-09-26,44,quantile,0.8,4
2026-09-26,wk inc rsv hosp,0,2026-09-26,44,quantile,0.85,5
2026-09-26,wk inc rsv hosp,0,2026-09-26,44,quantile,0.9,5
2026-09-26,wk inc rsv hosp,0,2026-09-26,44,quantile,0.95,7
2026-09-26,wk inc rsv hosp,0,2026-09-26,44,quantile,0.975,8
2026-09-26,wk inc rsv hosp,0,2026-09-26,44,quantile,0.99,11
2026-09-26,wk inc rsv hosp,0,2026-09-26,45,quantile,0.01,0
2026-09-26,wk inc rsv hosp,0,2026-09-26,45,quantile,0.025,0
2026-09-26,wk inc rsv hosp,0,2026-09-26,45,quantile,0.05,0
2026-09-26,wk inc rsv hosp,0,2026-09-26,45,quantile,0.1,1
2026-09-26,wk inc rsv hosp,0,2026-09-26,45,quantile,0.15,2
2026-09-26,wk inc rsv hosp,0,2026-09-26,45,quantile,0.2,3
2026-09-26,wk inc rsv hosp,0,2026-09-26,45,quantile,0.25,4
2026-09-26,wk inc rsv hosp,0,2026-09-26,45,quantile,0.3,5
2026-09-26,wk inc rsv hosp,0,2026-09-26,45,quantile,0.35,5
2026-09-26,wk inc rsv hosp,0,2026-09-26,45,quantile,0.4,5
2026-09-26,wk inc rsv hosp,0,2026-09-26,45,quantile,0.45,6
2026-09-26,wk inc rsv hosp,0,2026-09-26,45,quantile,0.5,7
2026-09-26,wk inc rsv hosp,0,2026-09-26,45,quantile,0.55,7
2026-09-26,wk inc rsv hosp,0,2026-09-26,45,quantile,0.6,8
2026-09-26,wk inc rsv hosp,0,2026-09-26,45,quantile,0.65,9
2026-09-26,wk inc rsv hosp,0,2026-09-26,45,quantile,0.7,9
2026-09-26,wk inc rsv hosp,0,2026-09-26,45,quantile,0.75,10
2026-09-26,wk inc rsv hosp,0,2026-09-26,45,quantile,0.8,11
2026-09-26,wk inc rsv hosp,0,2026-09-26,45,quantile,0.85,12
2026-09-26,wk inc rsv hosp,0,2026-09-26,45,quantile,0.9,13
2026-09-26,wk inc rsv hosp,0,2026-09-26,45,quantile,0.95,17
2026-09-26,wk inc rsv hosp,0,2026-09-26,45,quantile,0.975,21
2026-09-26,wk inc rsv hosp,0,2026-09-26,45,quantile,0.99,32
2026-09-26,wk inc rsv hosp,0,2026-09-26,46,quantile,0.01,0
2026-09-26,wk inc rsv hosp,0,2026-09-26,46,quantile,0.025,0
2026-09-26,wk inc rsv hosp,0,2026-09-26,46,quantile,0.05,0
2026-09-26,wk inc rsv hosp,0,2026-09-26,46,quantile,0.1,0
2026-09-26,wk inc rsv hosp,0,2026-09-26,46,quantile,0.15,0
2026-09-26,wk inc rsv hosp,0,2026-09-26,46,quantile,0.2,0
2026-09-26,wk inc rsv hosp,0,2026-09-26,46,quantile,0.25,0
2026-09-26,wk inc rsv hosp,0,2026-09-26,46,quantile,0.3,0
2026-09-26,wk inc rsv hosp,0,2026-09-26,46,quantile,0.35,0
2026-09-26,wk inc rsv hosp,0,2026-09-26,46,quantile,0.4,0
2026-09-26,wk inc rsv hosp,0,2026-09-26,46,quantile,0.45,1
2026-09-26,wk inc rsv hosp,0,2026-09-26,46,quantile,0.5,1
2026-09-26,wk inc rsv hosp,0,2026-09-26,46,quantile,0.55,1
2026-09-26,wk inc rsv hosp,0,2026-09-26,46,quantile,0.6,1
2026-09-26,wk inc rsv hosp,0,2026-09-26,46,quantile,0.65,1
2026-09-26,wk inc rsv hosp,0,2026-09-26,46,quantile,0.7,1
2026-09-26,wk inc rsv hosp,0,2026-09-26,46,quantile,0.75,1
2026-09-26,wk inc rsv hosp,0,2026-09-26,46,quantile,0.8,2
2026-09-26,wk inc rsv hosp,0,2026-09-26,46,quantile,0.85,2
2026-09-26,wk inc rsv hosp,0,2026-09-26,46,quantile,0.9,2
2026-09-26,wk inc rsv hosp,0,2026-09-26,46,quantile,0.95,4
2026-09-26,wk inc rsv hosp,0,2026-09-26,46,quantile,0.975,5
2026-09-26,wk inc rsv hosp,0,2026-09-26,46,quantile,0.99,7
2026-09-26,wk inc rsv hosp,0,2026-09-26,47,quantile,0.01,0
2026-09-26,wk inc rsv hosp,0,2026-09-26,47,quantile,0.025,0
2026-09-26,wk inc rsv hosp,0,2026-09-26,47,quantile,0.05,0
2026-09-26,wk inc rsv hosp,0,2026-09-26,47,quantile,0.1,0
2026-09-26,wk inc rsv hosp,0,2026-09-26,47,quantile,0.15,1
2026-09-26,wk inc rsv hosp,0,2026-09-26,47,quantile,0.2,2
2026-09-26,wk inc rsv hosp,0,2026-09-26,47,quantile,0.25,3
2026-09-26,wk inc rsv hosp,0,2026-09-26,47,quantile,0.3,3
2026-09-26,wk inc rsv hosp,0,2026-09-26,47,quantile,0.35,4
2026-09-26,wk inc rsv hosp,0,2026-09-26,47,quantile,0.4,4
2026-09-26,wk inc rsv hosp,0,2026-09-26,47,quantile,0.45,5
2026-09-26,wk inc rsv hosp,0,2026-09-26,47,quantile,0.5,5
2026-09-26,wk inc rsv hosp,0,2026-09-26,47,quantile,0.55,6
2026-09-26,wk inc rsv hosp,0,2026-09-26,47,quantile,0.6,7
2026-09-26,wk inc rsv hosp,0,2026-09-26,47,quantile,0.65,7
2026-09-26,wk inc rsv hosp,0,2026-09-26,47,quantile,0.7,8
2026-09-26,wk inc rsv hosp,0,2026-09-26,47,quantile,0.75,9
2026-09-26,wk inc rsv hosp,0,2026-09-26,47,quantile,0.8,10
2026-09-26,wk inc rsv hosp,0,2026-09-26,47,quantile,0.85,11
2026-09-26,wk inc rsv hosp,0,2026-09-26,47,quantile,0.9,14
2026-09-26,wk inc rsv hosp,0,2026-09-26,47,quantile,0.95,18
2026-09-26,wk inc rsv hosp,0,2026-09-26,47,quantile,0.975,23
2026-09-26,wk inc rsv hosp,0,2026-09-26,47,quantile,0.99,31
2026-09-26,wk inc rsv hosp,0,2026-09-26,48,quantile,0.01,22
2026-09-26,wk inc rsv hosp,0,2026-09-26,48,quantile,0.025,27
2026-09-26,wk inc rsv hosp,0,2026-09-26,48,quantile,0.05,30
2026-09-26,wk inc rsv hosp,0,2026-09-26,48,quantile,0.1,33
2026-09-26,wk inc rsv hosp,0,2026-09-26,48,quantile,0.15,37
2026-09-26,wk inc rsv hosp,0,2026-09-26,48,quantile,0.2,39
2026-09-26,wk inc rsv hosp,0,2026-09-26,48,quantile,0.25,41
2026-09-26,wk inc rsv hosp,0,2026-09-26,48,quantile,0.3,43
2026-09-26,wk inc rsv hosp,0,2026-09-26,48,quantile,0.35,45
2026-09-26,wk inc rsv hosp,0,2026-09-26,48,quantile,0.4,47
2026-09-26,wk inc rsv hosp,0,2026-09-26,48,quantile,0.45,49
2026-09-26,wk inc rsv hosp,0,2026-09-26,48,quantile,0.5,51
2026-09-26,wk inc rsv hosp,0,2026-09-26,48,quantile,0.55,52
2026-09-26,wk inc rsv hosp,0,2026-09-26,48,quantile,0.6,54
2026-09-26,wk inc rsv hosp,0,2026-09-26,48,quantile,0.65,56
2026-09-26,wk inc rsv hosp,0,2026-09-26,48,quantile,0.7,58
2026-09-26,wk inc rsv hosp,0,2026-09-26,48,quantile,0.75,61
2026-09-26,wk inc rsv hosp,0,2026-09-26,48,quantile,0.8,64
2026-09-26,wk inc rsv hosp,0,2026-09-26,48,quantile,0.85,68
2026-09-26,wk inc rsv hosp,0,2026-09-26,48,quantile,0.9,72
2026-09-26,wk inc rsv hosp,0,2026-09-26,48,quantile,0.95,81
2026-09-26,wk inc rsv hosp,0,2026-09-26,48,quantile,0.975,91
2026-09-26,wk inc rsv hosp,0,2026-09-26,48,quantile,0.99,104
2026-09-26,wk inc rsv hosp,0,2026-09-26,49,quantile,0.01,0
2026-09-26,wk inc rsv hosp,0,2026-09-26,49,quantile,0.025,0
2026-09-26,wk inc rsv hosp,0,2026-09-26,49,quantile,0.05,0
2026-09-26,wk inc rsv hosp,0,2026-09-26,49,quantile,0.1,0
2026-09-26,wk inc rsv hosp,0,2026-09-26,49,quantile,0.15,0
2026-09-26,wk inc rsv hosp,0,2026-09-26,49,quantile,0.2,1
2026-09-26,wk inc rsv hosp,0,2026-09-26,49,quantile,0.25,1
2026-09-26,wk inc rsv hosp,0,2026-09-26,49,quantile,0.3,1
2026-09-26,wk inc rsv hosp,0,2026-09-26,49,quantile,0.35,2
2026-09-26,wk inc rsv hosp,0,2026-09-26,49,quantile,0.4,2
2026-09-26,wk inc rsv hosp,0,2026-09-26,49,quantile,0.45,2
2026-09-26,wk inc rsv hosp,0,2026-09-26,49,quantile,0.5,3
2026-09-26,wk inc rsv hosp,0,2026-09-26,49,quantile,0.55,3
2026-09-26,wk inc rsv hosp,0,2026-09-26,49,quantile,0.6,4
2026-09-26,wk inc rsv hosp,0,2026-09-26,49,quantile,0.65,4
2026-09-26,wk inc rsv hosp,0,2026-09-26,49,quantile,0.7,5
2026-09-26,wk inc rsv hosp,0,2026-09-26,49,quantile,0.75,6
2026-09-26,wk inc rsv hosp,0,2026-09-26,49,quantile,0.8,7
2026-09-26,wk inc rsv hosp,0,2026-09-26,49,quantile,0.85,8
2026-09-26,wk inc rsv hosp,0,2026-09-26,49,quantile,0.9,9
2026-09-26,wk inc rsv hosp,0,2026-09-26,49,quantile,0.95,12
2026-09-26,wk inc rsv hosp,0,2026-09-26,49,quantile,0.975,15
2026-09-26,wk inc rsv hosp,0,2026-09-26,49,quantile,0.99,22
2026-09-26,wk inc rsv hosp,0,2026-09-26,50,quantile,0.01,0
2026-09-26,wk inc rsv hosp,0,2026-09-26,50,quantile,0.025,0
2026-09-26,wk inc rsv hosp,0,2026-09-26,50,quantile,0.05,0
2026-09-26,wk inc rsv hosp,0,2026-09-26,50,quantile,0.1,0
2026-09-26,wk inc rsv hosp,0,2026-09-26,50,quantile,0.15,0
2026-09-26,wk inc rsv hosp,0,2026-09-26,50,quantile,0.2,0
2026-09-26,wk inc rsv hosp,0,2026-09-26,50,quantile,0.25,0
2026-09-26,wk inc rsv hosp,0,2026-09-26,50,quantile,0.3,0
2026-09-26,wk inc rsv hosp,0,2026-09-26,50,quantile,0.35,0
2026-09-26,wk inc rsv hosp,0,2026-09-26,50,quantile,0.4,1
2026-09-26,wk inc rsv hosp,0,2026-09-26,50,quantile,0.45,1
2026-09-26,wk inc rsv hosp,0,2026-09-26,50,quantile,0.5,1
2026-09-26,wk inc rsv hosp,0,2026-09-26,50,quantile,0.55,1
2026-09-26,wk inc rsv hosp,0,2026-09-26,50,quantile,0.6,2
2026-09-26,wk inc rsv hosp,0,2026-09-26,50,quantile,0.65,2
2026-09-26,wk inc rsv hosp,0,2026-09-26,50,quantile,0.7,2
2026-09-26,wk inc rsv hosp,0,2026-09-26,50,quantile,0.75,2
2026-09-26,wk inc rsv hosp,0,2026-09-26,50,quantile,0.8,3
2026-09-26,wk inc rsv hosp,0,2026-09-26,50,quantile,0.85,3
2026-09-26,wk inc rsv hosp,0,2026-09-26,50,quantile,0.9,4
2026-09-26,wk inc rsv hosp,0,2026-09-26,50,quantile,0.95,6
2026-09-26,wk inc rsv hosp,0,2026-09-26,50,quantile,0.975,8
2026-09-26,wk inc rsv hosp,0,2026-09-26,50,quantile,0.99,11
2026-09-26,wk inc rsv hosp,0,2026-09-26,51,quantile,0.01,0
2026-09-26,wk inc rsv hosp,0,2026-09-26,51,quantile,0.025,0
2026-09-26,wk inc rsv hosp,0,2026-09-26,51,quantile,0.05,0
2026-09-26,wk inc rsv hosp,0,2026-09-26,51,quantile,0.1,0
2026-09-26,wk inc rsv hosp,0,2026-09-26,51,quantile,0.15,1
2026-09-26,wk inc rsv hosp,0,2026-09-26,51,quantile,0.2,2
2026-09-26,wk inc rsv hosp,0,2026-09-26,51,quantile,0.25,3
2026-09-26,wk inc rsv hosp,0,2026-09-26,51,quantile,0.3,4
2026-09-26,wk inc rsv hosp,0,2026-09-26,51,quantile,0.35,4
2026-09-26,wk inc rsv hosp,0,2026-09-26,51,quantile,0.4,5
2026-09-26,wk inc rsv hosp,0,2026-09-26,51,quantile,0.45,5
2026-09-26,wk inc rsv hosp,0,2026-09-26,51,quantile,0.5,6
2026-09-26,wk inc rsv hosp,0,2026-09-26,51,quantile,0.55,6
2026-09-26,wk inc rsv hosp,0,2026-09-26,51,quantile,0.6,7
2026-09-26,wk inc rsv hosp,0,2026-09-26,51,quantile,0.65,8
2026-09-26,wk inc rsv hosp,0,2026-09-26,51,quantile,0.7,8
2026-09-26,wk inc rsv hosp,0,2026-09-26,51,quantile,0.75,9
2026-09-26,wk inc rsv hosp,0,2026-09-26,51,quantile,0.8,11
2026-09-26,wk inc rsv hosp,0,2026-09-26,51,quantile,0.85,12
2026-09-26,wk inc rsv hosp,0,2026-09-26,51,quantile,0.9,15
2026-09-26,wk inc rsv hosp,0,2026-09-26,51,quantile,0.95,20
2026-09-26,wk inc rsv hosp,0,2026-09-26,51,quantile,0.975,24
2026-09-26,wk inc rsv hosp,0,2026-09-26,51,quantile,0.99,30
2026-09-26,wk inc rsv hosp,0,2026-09-26,53,quantile,0.01,0
2026-09-26,wk inc rsv hosp,0,2026-09-26,53,quantile,0.025,0
2026-09-26,wk inc rsv hosp,0,2026-09-26,53,quantile,0.05,0
2026-09-26,wk inc rsv hosp,0,2026-09-26,53,quantile,0.1,0
2026-09-26,wk inc rsv hosp,0,2026-09-26,53,quantile,0.15,0
2026-09-26,wk inc rsv hosp,0,2026-09-26,53,quantile,0.2,0
2026-09-26,wk inc rsv hosp,0,2026-09-26,53,quantile,0.25,1
2026-09-26,wk inc rsv hosp,0,2026-09-26,53,quantile,0.3,1
2026-09-26,wk inc rsv hosp,0,2026-09-26,53,quantile,0.35,1
2026-09-26,wk inc rsv hosp,0,2026-09-26,53,quantile,0.4,2
2026-09-26,wk inc rsv hosp,0,2026-09-26,53,quantile,0.45,2
2026-09-26,wk inc rsv hosp,0,2026-09-26,53,quantile,0.5,2
2026-09-26,wk inc rsv hosp,0,2026-09-26,53,quantile,0.55,3
2026-09-26,wk inc rsv hosp,0,2026-09-26,53,quantile,0.6,3
2026-09-26,wk inc rsv hosp,0,2026-09-26,53,quantile,0.65,3
2026-09-26,wk inc rsv hosp,0,2026-09-26,53,quantile,0.7,4
2026-09-26,wk inc rsv hosp,0,2026-09-26,53,quantile,0.75,4
2026-09-26,wk inc rsv hosp,0,2026-09-26,53,quantile,0.8,5
2026-09-26,wk inc rsv hosp,0,2026-09-26,53,quantile,0.85,6
2026-09-26,wk inc rsv hosp,0,2026-09-26,53,quantile,0.9,7
2026-09-26,wk inc rsv hosp,0,2026-09-26,53,quantile,0.95,9
2026-09-26,wk inc rsv hosp,0,2026-09-26,53,quantile,0.975,11
2026-09-26,wk inc rsv hosp,0,2026-09-26,53,quantile,0.99,14
2026-09-26,wk inc rsv hosp,0,2026-09-26,54,quantile,0.01,0
2026-09-26,wk inc rsv hosp,0,2026-09-26,54,quantile,0.025,0
2026-09-26,wk inc rsv hosp,0,2026-09-26,54,quantile,0.05,0
2026-09-26,wk inc rsv hosp,0,2026-09-26,54,quantile,0.1,0
2026-09-26,wk inc rsv hosp,0,2026-09-26,54,quantile,0.15,0
2026-09-26,wk inc rsv hosp,0,2026-09-26,54,quantile,0.2,0
2026-09-26,wk inc rsv hosp,0,2026-09-26,54,quantile,0.25,1
2026-09-26,wk inc rsv hosp,0,2026-09-26,54,quantile,0.3,1
2026-09-26,wk inc rsv hosp,0,2026-09-26,54,quantile,0.35,1
2026-09-26,wk inc rsv hosp,0,2026-09-26,54,quantile,0.4,2
2026-09-26,wk inc rsv hosp,0,2026-09-26,54,quantile,0.45,2
2026-09-26,wk inc rsv hosp,0,2026-09-26,54,quantile,0.5,2
2026-09-26,wk inc rsv hosp,0,2026-09-26,54,quantile,0.55,3
2026-09-26,wk inc rsv hosp,0,2026-09-26,54,quantile,0.6,3
2026-09-26,wk inc rsv hosp,0,2026-09-26,54,quantile,0.65,3
2026-09-26,wk inc rsv hosp,0,2026-09-26,54,quantile,0.7,4
2026-09-26,wk inc rsv hosp,0,2026-09-26,54,quantile,0.75,4
2026-09-26,wk inc rsv hosp,0,2026-09-26,54,quantile,0.8,5
2026-09-26,wk inc rsv hosp,0,2026-09-26,54,quantile,0.85,6
2026-09-26,wk inc rsv hosp,0,2026-09-26,54,quantile,0.9,7
2026-09-26,wk inc rsv hosp,0,2026-09-26,54,quantile,0.95,9
2026-09-26,wk inc rsv hosp,0,2026-09-26,54,quantile,0.975,12
2026-09-26,wk inc rsv hosp,0,2026-09-26,54,quantile,0.99,17
2026-09-26,wk inc rsv hosp,0,2026-09-26,55,quantile,0.01,0
2026-09-26,wk inc rsv hosp,0,2026-09-26,55,quantile,0.025,0
2026-09-26,wk inc rsv hosp,0,2026-09-26,55,quantile,0.05,0
2026-09-26,wk inc rsv hosp,0,2026-09-26,55,quantile,0.1,0
2026-09-26,wk inc rsv hosp,0,2026-09-26,55,quantile,0.15,0
2026-09-26,wk inc rsv hosp,0,2026-09-26,55,quantile,0.2,0
2026-09-26,wk inc rsv hosp,0,2026-09-26,55,quantile,0.25,0
2026-09-26,wk inc rsv hosp,0,2026-09-26,55,quantile,0.3,0
2026-09-26,wk inc rsv hosp,0,2026-09-26,55,quantile,0.35,0
2026-09-26,wk inc rsv hosp,0,2026-09-26,55,quantile,0.4,0
2026-09-26,wk inc rsv hosp,0,2026-09-26,55,quantile,0.45,0
2026-09-26,wk inc rsv hosp,0,2026-09-26,55,quantile,0.5,0
2026-09-26,wk inc rsv hosp,0,2026-09-26,55,quantile,0.55,0
2026-09-26,wk inc rsv hosp,0,2026-09-26,55,quantile,0.6,0
2026-09-26,wk inc rsv hosp,0,2026-09-26,55,quantile,0.65,1
2026-09-26,wk inc rsv hosp,0,2026-09-26,55,quantile,0.7,1
2026-09-26,wk inc rsv hosp,0,2026-09-26,55,quantile,0.75,2
2026-09-26,wk inc rsv hosp,0,2026-09-26,55,quantile,0.8,3
2026-09-26,wk inc rsv hosp,0,2026-09-26,55,quantile,0.85,4
2026-09-26,wk inc rsv hosp,0,2026-09-26,55,quantile,0.9,5
2026-09-26,wk inc rsv hosp,0,2026-09-26,55,quantile,0.95,8
2026-09-26,wk inc rsv hosp,0,2026-09-26,55,quantile,0.975,12
2026-09-26,wk inc rsv hosp,0,2026-09-26,55,quantile,0.99,17
2026-09-26,wk inc rsv hosp,0,2026-09-26,56,quantile,0.01,0
2026-09-26,wk inc rsv hosp,0,2026-09-26,56,quantile,0.025,0
2026-09-26,wk inc rsv hosp,0,2026-09-26,56,quantile,0.05,0
2026-09-26,wk inc rsv hosp,0,2026-09-26,56,quantile,0.1,0
2026-09-26,wk inc rsv hosp,0,2026-09-26,56,quantile,0.15,0
2026-09-26,wk inc rsv hosp,0,2026-09-26,56,quantile,0.2,0
2026-09-26,wk inc rsv hosp,0,2026-09-26,56,quantile,0.25,0
2026-09-26,wk inc rsv hosp,0,2026-09-26,56,quantile,0.3,0
2026-09-26,wk inc rsv hosp,0,2026-09-26,56,quantile,0.35,0
2026-09-26,wk inc rsv hosp,0,2026-09-26,56,quantile,0.4,0
2026-09-26,wk inc rsv hosp,0,2026-09-26,56,quantile,0.45,0
2026-09-26,wk inc rsv hosp,0,2026-09-26,56,quantile,0.5,0
2026-09-26,wk inc rsv hosp,0,2026-09-26,56,quantile,0.55,0
2026-09-26,wk inc rsv hosp,0,2026-09-26,56,quantile,0.6,0
2026-09-26,wk inc rsv hosp,0,2026-09-26,56,quantile,0.65,0
2026-09-26,wk inc rsv hosp,0,2026-09-26,56,quantile,0.7,0
2026-09-26,wk inc rsv hosp,0,2026-09-26,56,quantile,0.75,0
2026-09-26,wk inc rsv hosp,0,2026-09-26,56,quantile,0.8,0
2026-09-26,wk inc rsv hosp,0,2026-09-26,56,quantile,0.85,0
2026-09-26,wk inc rsv hosp,0,2026-09-26,56,quantile,0.9,0
2026-09-26,wk inc rsv hosp,0,2026-09-26,56,quantile,0.95,1
2026-09-26,wk inc rsv hosp,0,2026-09-26,56,quantile,0.975,1
2026-09-26,wk inc rsv hosp,0,2026-09-26,56,quantile,0.99,3
2026-09-26,wk inc rsv hosp,0,2026-09-26,72,quantile,0.01,0
2026-09-26,wk inc rsv hosp,0,2026-09-26,72,quantile,0.025,0
2026-09-26,wk inc rsv hosp,0,2026-09-26,72,quantile,0.05,0
2026-09-26,wk inc rsv hosp,0,2026-09-26,72,quantile,0.1,1
2026-09-26,wk inc rsv hosp,0,2026-09-26,72,quantile,0.15,2
2026-09-26,wk inc rsv hosp,0,2026-09-26,72,quantile,0.2,2
2026-09-26,wk inc rsv hosp,0,2026-09-26,72,quantile,0.25,3
2026-09-26,wk inc rsv hosp,0,2026-09-26,72,quantile,0.3,4
2026-09-26,wk inc rsv hosp,0,2026-09-26,72,quantile,0.35,4
2026-09-26,wk inc rsv hosp,0,2026-09-26,72,quantile,0.4,5
2026-09-26,wk inc rsv hosp,0,2026-09-26,72,quantile,0.45,6
2026-09-26,wk inc rsv hosp,0,2026-09-26,72,quantile,0.5,6
2026-09-26,wk inc rsv hosp,0,2026-09-26,72,quantile,0.55,7
2026-09-26,wk inc rsv hosp,0,2026-09-26,72,quantile,0.6,8
2026-09-26,wk inc rsv hosp,0,2026-09-26,72,quantile,0.65,9
2026-09-26,wk inc rsv hosp,0,2026-09-26,72,quantile,0.7,10
2026-09-26,wk inc rsv hosp,0,2026-09-26,72,quantile,0.75,11
2026-09-26,wk inc rsv hosp,0,2026-09-26,72,quantile,0.8,13
2026-09-26,wk inc rsv hosp,0,2026-09-26,72,quantile,0.85,14
2026-09-26,wk inc rsv hosp,0,2026-09-26,72,quantile,0.9,17
2026-09-26,wk inc rsv hosp,0,2026-09-26,72,quantile,0.95,21
2026-09-26,wk inc rsv hosp,0,2026-09-26,72,quantile,0.975,26
2026-09-26,wk inc rsv hosp,0,2026-09-26,72,quantile,0.99,32
2026-09-26,wk inc rsv hosp,0,2026-09-26,US,quantile,0.01,376
2026-09-26,wk inc rsv hosp,0,2026-09-26,US,quantile,0.025,388
2026-09-26,wk inc rsv hosp,0,2026-09-26,US,quantile,0.05,403
2026-09-26,wk inc rsv hosp,0,2026-09-26,US,quantile,0.1,425
2026-09-26,wk inc rsv hosp,0,2026-09-26,US,quantile,0.15,438
2026-09-26,wk inc rsv hosp,0,2026-09-26,US,quantile,0.2,452
2026-09-26,wk inc rsv hosp,0,2026-09-26,US,quantile,0.25,461
2026-09-26,wk inc rsv hosp,0,2026-09-26,US,quantile,0.3,467
2026-09-26,wk inc rsv hosp,0,2026-09-26,US,quantile,0.35,476
2026-09-26,wk inc rsv hosp,0,2026-09-26,US,quantile,0.4,484
2026-09-26,wk inc rsv hosp,0,2026-09-26,US,quantile,0.45,491
2026-09-26,wk inc rsv hosp,0,2026-09-26,US,quantile,0.5,499
2026-09-26,wk inc rsv hosp,0,2026-09-26,US,quantile,0.55,507
2026-09-26,wk inc rsv hosp,0,2026-09-26,US,quantile,0.6,518
2026-09-26,wk inc rsv hosp,0,2026-09-26,US,quantile,0.65,526
2026-09-26,wk inc rsv hosp,0,2026-09-26,US,quantile,0.7,533
2026-09-26,wk inc rsv hosp,0,2026-09-26,US,quantile,0.75,544
2026-09-26,wk inc rsv hosp,0,2026-09-26,US,quantile,0.8,558
2026-09-26,wk inc rsv hosp,0,2026-09-26,US,quantile,0.85,573
2026-09-26,wk inc rsv hosp,0,2026-09-26,US,quantile,0.9,596
2026-09-26,wk inc rsv hosp,0,2026-09-26,US,quantile,0.95,623
2026-09-26,wk inc rsv hosp,0,2026-09-26,US,quantile,0.975,672
2026-09-26,wk inc rsv hosp,0,2026-09-26,US,quantile,0.99,773
2026-09-26,wk inc rsv hosp,1,2026-10-03,01,quantile,0.01,0
2026-09-26,wk inc rsv hosp,1,2026-10-03,01,quantile,0.025,2
2026-09-26,wk inc rsv hosp,1,2026-10-03,01,quantile,0.05,3
2026-09-26,wk inc rsv hosp,1,2026-10-03,01,quantile,0.1,6
2026-09-26,wk inc rsv hosp,1,2026-10-03,01,quantile,0.15,7
2026-09-26,wk inc rsv hosp,1,2026-10-03,01,quantile,0.2,8
2026-09-26,wk inc rsv hosp,1,2026-10-03,01,quantile,0.25,10
2026-09-26,wk inc rsv hosp,1,2026-10-03,01,quantile,0.3,11
2026-09-26,wk inc rsv hosp,1,2026-10-03,01,quantile,0.35,12
2026-09-26,wk inc rsv hosp,1,2026-10-03,01,quantile,0.4,13
2026-09-26,wk inc rsv hosp,1,2026-10-03,01,quantile,0.45,15
2026-09-26,wk inc rsv hosp,1,2026-10-03,01,quantile,0.5,16
2026-09-26,wk inc rsv hosp,1,2026-10-03,01,quantile,0.55,18
2026-09-26,wk inc rsv hosp,1,2026-10-03,01,quantile,0.6,19
2026-09-26,wk inc rsv hosp,1,2026-10-03,01,quantile,0.65,21
2026-09-26,wk inc rsv hosp,1,2026-10-03,01,quantile,0.7,23
2026-09-26,wk inc rsv hosp,1,2026-10-03,01,quantile,0.75,26
2026-09-26,wk inc rsv hosp,1,2026-10-03,01,quantile,0.8,29
2026-09-26,wk inc rsv hosp,1,2026-10-03,01,quantile,0.85,33
2026-09-26,wk inc rsv hosp,1,2026-10-03,01,quantile,0.9,40
2026-09-26,wk inc rsv hosp,1,2026-10-03,01,quantile,0.95,52
2026-09-26,wk inc rsv hosp,1,2026-10-03,01,quantile,0.975,65
2026-09-26,wk inc rsv hosp,1,2026-10-03,01,quantile,0.99,74
2026-09-26,wk inc rsv hosp,1,2026-10-03,02,quantile,0.01,0
2026-09-26,wk inc rsv hosp,1,2026-10-03,02,quantile,0.025,0
2026-09-26,wk inc rsv hosp,1,2026-10-03,02,quantile,0.05,0
2026-09-26,wk inc rsv hosp,1,2026-10-03,02,quantile,0.1,2
2026-09-26,wk inc rsv hosp,1,2026-10-03,02,quantile,0.15,3
2026-09-26,wk inc rsv hosp,1,2026-10-03,02,quantile,0.2,4
2026-09-26,wk inc rsv hosp,1,2026-10-03,02,quantile,0.25,5
2026-09-26,wk inc rsv hosp,1,2026-10-03,02,quantile,0.3,6
2026-09-26,wk inc rsv hosp,1,2026-10-03,02,quantile,0.35,6
2026-09-26,wk inc rsv hosp,1,2026-10-03,02,quantile,0.4,7
2026-09-26,wk inc rsv hosp,1,2026-10-03,02,quantile,0.45,8
2026-09-26,wk inc rsv hosp,1,2026-10-03,02,quantile,0.5,9
2026-09-26,wk inc rsv hosp,1,2026-10-03,02,quantile,0.55,10
2026-09-26,wk inc rsv hosp,1,2026-10-03,02,quantile,0.6,11
2026-09-26,wk inc rsv hosp,1,2026-10-03,02,quantile,0.65,12
2026-09-26,wk inc rsv hosp,1,2026-10-03,02,quantile,0.7,13
2026-09-26,wk inc rsv hosp,1,2026-10-03,02,quantile,0.75,15
2026-09-26,wk inc rsv hosp,1,2026-10-03,02,quantile,0.8,18
2026-09-26,wk inc rsv hosp,1,2026-10-03,02,quantile,0.85,20
2026-09-26,wk inc rsv hosp,1,2026-10-03,02,quantile,0.9,25
2026-09-26,wk inc rsv hosp,1,2026-10-03,02,quantile,0.95,33
2026-09-26,wk inc rsv hosp,1,2026-10-03,02,quantile,0.975,46
2026-09-26,wk inc rsv hosp,1,2026-10-03,02,quantile,0.99,59
2026-09-26,wk inc rsv hosp,1,2026-10-03,04,quantile,0.01,0
2026-09-26,wk inc rsv hosp,1,2026-10-03,04,quantile,0.025,0
2026-09-26,wk inc rsv hosp,1,2026-10-03,04,quantile,0.05,0
2026-09-26,wk inc rsv hosp,1,2026-10-03,04,quantile,0.1,0
2026-09-26,wk inc rsv hosp,1,2026-10-03,04,quantile,0.15,0
2026-09-26,wk inc rsv hosp,1,2026-10-03,04,quantile,0.2,0
2026-09-26,wk inc rsv hosp,1,2026-10-03,04,quantile,0.25,0
2026-09-26,wk inc rsv hosp,1,2026-10-03,04,quantile,0.3,0
2026-09-26,wk inc rsv hosp,1,2026-10-03,04,quantile,0.35,0
2026-09-26,wk inc rsv hosp,1,2026-10-03,04,quantile,0.4,0
2026-09-26,wk inc rsv hosp,1,2026-10-03,04,quantile,0.45,0
2026-09-26,wk inc rsv hosp,1,2026-10-03,04,quantile,0.5,1
2026-09-26,wk inc rsv hosp,1,2026-10-03,04,quantile,0.55,1
2026-09-26,wk inc rsv hosp,1,2026-10-03,04,quantile,0.6,1
2026-09-26,wk inc rsv hosp,1,2026-10-03,04,quantile,0.65,2
2026-09-26,wk inc rsv hosp,1,2026-10-03,04,quantile,0.7,2
2026-09-26,wk inc rsv hosp,1,2026-10-03,04,quantile,0.75,3
2026-09-26,wk inc rsv hosp,1,2026-10-03,04,quantile,0.8,4
2026-09-26,wk inc rsv hosp,1,2026-10-03,04,quantile,0.85,5
2026-09-26,wk inc rsv hosp,1,2026-10-03,04,quantile,0.9,7
2026-09-26,wk inc rsv hosp,1,2026-10-03,04,quantile,0.95,11
2026-09-26,wk inc rsv hosp,1,2026-10-03,04,quantile,0.975,17
2026-09-26,wk inc rsv hosp,1,2026-10-03,04,quantile,0.99,25
2026-09-26,wk inc rsv hosp,1,2026-10-03,05,quantile,0.01,0
2026-09-26,wk inc rsv hosp,1,2026-10-03,05,quantile,0.025,0
2026-09-26,wk inc rsv hosp,1,2026-10-03,05,quantile,0.05,0
2026-09-26,wk inc rsv hosp,1,2026-10-03,05,quantile,0.1,0
2026-09-26,wk inc rsv hosp,1,2026-10-03,05,quantile,0.15,0
2026-09-26,wk inc rsv hosp,1,2026-10-03,05,quantile,0.2,0
2026-09-26,wk inc rsv hosp,1,2026-10-03,05,quantile,0.25,0
2026-09-26,wk inc rsv hosp,1,2026-10-03,05,quantile,0.3,0
2026-09-26,wk inc rsv hosp,1,2026-10-03,05,quantile,0.35,1
2026-09-26,wk inc rsv hosp,1,2026-10-03,05,quantile,0.4,1
2026-09-26,wk inc rsv hosp,1,2026-10-03,05,quantile,0.45,1
2026-09-26,wk inc rsv hosp,1,2026-10-03,05,quantile,0.5,1
2026-09-26,wk inc rsv hosp,1,2026-10-03,05,quantile,0.55,2
2026-09-26,wk inc rsv hosp,1,2026-10-03,05,quantile,0.6,2
2026-09-26,wk inc rsv hosp,1,2026-10-03,05,quantile,0.65,3
2026-09-26,wk inc rsv hosp,1,2026-10-03,05,quantile,0.7,3
2026-09-26,wk inc rsv hosp,1,2026-10-03,05,quantile,0.75,4
2026-09-26,wk inc rsv hosp,1,2026-10-03,05,quantile,0.8,5
2026-09-26,wk inc rsv hosp,1,2026-10-03,05,quantile,0.85,5
2026-09-26,wk inc rsv hosp,1,2026-10-03,05,quantile,0.9,7
2026-09-26,wk inc rsv hosp,1,2026-10-03,05,quantile,0.95,10
2026-09-26,wk inc rsv hosp,1,2026-10-03,05,quantile,0.975,14
2026-09-26,wk inc rsv hosp,1,2026-10-03,05,quantile,0.99,20
2026-09-26,wk inc rsv hosp,1,2026-10-03,06,quantile,0.01,0
2026-09-26,wk inc rsv hosp,1,2026-10-03,06,quantile,0.025,0
2026-09-26,wk inc rsv hosp,1,2026-10-03,06,quantile,0.05,3
2026-09-26,wk inc rsv hosp,1,2026-10-03,06,quantile,0.1,6
2026-09-26,wk inc rsv hosp,1,2026-10-03,06,quantile,0.15,8
2026-09-26,wk inc rsv hosp,1,2026-10-03,06,quantile,0.2,9
2026-09-26,wk inc rsv hosp,1,2026-10-03,06,quantile,0.25,11
2026-09-26,wk inc rsv hosp,1,2026-10-03,06,quantile,0.3,13
2026-09-26,wk inc rsv hosp,1,2026-10-03,06,quantile,0.35,14
2026-09-26,wk inc rsv hosp,1,2026-10-03,06,quantile,0.4,16
2026-09-26,wk inc rsv hosp,1,2026-10-03,06,quantile,0.45,18
2026-09-26,wk inc rsv hosp,1,2026-10-03,06,quantile,0.5,19
2026-09-26,wk inc rsv hosp,1,2026-10-03,06,quantile,0.55,21
2026-09-26,wk inc rsv hosp,1,2026-10-03,06,quantile,0.6,23
2026-09-26,wk inc rsv hosp,1,2026-10-03,06,quantile,0.65,25
2026-09-26,wk inc rsv hosp,1,2026-10-03,06,quantile,0.7,28
2026-09-26,wk inc rsv hosp,1,2026-10-03,06,quantile,0.75,32
2026-09-26,wk inc rsv hosp,1,2026-10-03,06,quantile,0.8,36
2026-09-26,wk inc rsv hosp,1,2026-10-03,06,quantile,0.85,41
2026-09-26,wk inc rsv hosp,1,2026-10-03,06,quantile,0.9,47
2026-09-26,wk inc rsv hosp,1,2026-10-03,06,quantile,0.95,62
2026-09-26,wk inc rsv hosp,1,2026-10-03,06,quantile,0.975,76
2026-09-26,wk inc rsv hosp,1,2026-10-03,06,quantile,0.99,96
2026-09-26,wk inc rsv hosp,1,2026-10-03,08,quantile,0.01,0
2026-09-26,wk inc rsv hosp,1,2026-10-03,08,quantile,0.025,0
2026-09-26,wk inc rsv hosp,1,2026-10-03,08,quantile,0.05,0
2026-09-26,wk inc rsv hosp,1,2026-10-03,08,quantile,0.1,0
2026-09-26,wk inc rsv hosp,1,2026-10-03,08,quantile,0.15,0
2026-09-26,wk inc rsv hosp,1,2026-10-03,08,quantile,0.2,0
2026-09-26,wk inc rsv hosp,1,2026-10-03,08,quantile,0.25,0
2026-09-26,wk inc rsv hosp,1,2026-10-03,08,quantile,0.3,0
2026-09-26,wk inc rsv hosp,1,2026-10-03,08,quantile,0.35,0
2026-09-26,wk inc rsv hosp,1,2026-10-03,08,quantile,0.4,1
2026-09-26,wk inc rsv hosp,1,2026-10-03,08,quantile,0.45,1
2026-09-26,wk inc rsv hosp,1,2026-10-03,08,quantile,0.5,1
2026-09-26,wk inc rsv hosp,1,2026-10-03,08,quantile,0.55,1
2026-09-26,wk inc rsv hosp,1,2026-10-03,08,quantile,0.6,2
2026-09-26,wk inc rsv hosp,1,2026-10-03,08,quantile,0.65,2
2026-09-26,wk inc rsv hosp,1,2026-10-03,08,quantile,0.7,2
2026-09-26,wk inc rsv hosp,1,2026-10-03,08,quantile,0.75,3
2026-09-26,wk inc rsv hosp,1,2026-10-03,08,quantile,0.8,3
2026-09-26,wk inc rsv hosp,1,2026-10-03,08,quantile,0.85,4
2026-09-26,wk inc rsv hosp,1,2026-10-03,08,quantile,0.9,6
2026-09-26,wk inc rsv hosp,1,2026-10-03,08,quantile,0.95,9
2026-09-26,wk inc rsv hosp,1,2026-10-03,08,quantile,0.975,15
2026-09-26,wk inc rsv hosp,1,2026-10-03,08,quantile,0.99,23
2026-09-26,wk inc rsv hosp,1,2026-10-03,09,quantile,0.01,0
2026-09-26,wk inc rsv hosp,1,2026-10-03,09,quantile,0.025,0
2026-09-26,wk inc rsv hosp,1,2026-10-03,09,quantile,0.05,0
2026-09-26,wk inc rsv hosp,1,2026-10-03,09,quantile,0.1,0
2026-09-26,wk inc rsv hosp,1,2026-10-03,09,quantile,0.15,0
2026-09-26,wk inc rsv hosp,1,2026-10-03,09,quantile,0.2,0
2026-09-26,wk inc rsv hosp,1,2026-10-03,09,quantile,0.25,0
2026-09-26,wk inc rsv hosp,1,2026-10-03,09,quantile,0.3,0
2026-09-26,wk inc rsv hosp,1,2026-10-03,09,quantile,0.35,0
2026-09-26,wk inc rsv hosp,1,2026-10-03,09,quantile,0.4,0
2026-09-26,wk inc rsv hosp,1,2026-10-03,09,quantile,0.45,0
2026-09-26,wk inc rsv hosp,1,2026-10-03,09,quantile,0.5,0
2026-09-26,wk inc rsv hosp,1,2026-10-03,09,quantile,0.55,0
2026-09-26,wk inc rsv hosp,1,2026-10-03,09,quantile,0.6,0
2026-09-26,wk inc rsv hosp,1,2026-10-03,09,quantile,0.65,0
2026-09-26,wk inc rsv hosp,1,2026-10-03,09,quantile,0.7,0
2026-09-26,wk inc rsv hosp,1,2026-10-03,09,quantile,0.75,1
2026-09-26,wk inc rsv hosp,1,2026-10-03,09,quantile,0.8,1
2026-09-26,wk inc rsv hosp,1,2026-10-03,09,quantile,0.85,2
2026-09-26,wk inc rsv hosp,1,2026-10-03,09,quantile,0.9,3
2026-09-26,wk inc rsv hosp,1,2026-10-03,09,quantile,0.95,4
2026-09-26,wk inc rsv hosp,1,2026-10-03,09,quantile,0.975,8
2026-09-26,wk inc rsv hosp,1,2026-10-03,09,quantile,0.99,13
2026-09-26,wk inc rsv hosp,1,2026-10-03,10,quantile,0.01,0
2026-09-26,wk inc rsv hosp,1,2026-10-03,10,quantile,0.025,0
2026-09-26,wk inc rsv hosp,1,2026-10-03,10,quantile,0.05,0
2026-09-26,wk inc rsv hosp,1,2026-10-03,10,quantile,0.1,0
2026-09-26,wk inc rsv hosp,1,2026-10-03,10,quantile,0.15,1
2026-09-26,wk inc rsv hosp,1,2026-10-03,10,quantile,0.2,1
2026-09-26,wk inc rsv hosp,1,2026-10-03,10,quantile,0.25,1
2026-09-26,wk inc rsv hosp,1,2026-10-03,10,quantile,0.3,1
2026-09-26,wk inc rsv hosp,1,2026-10-03,10,quantile,0.35,2
2026-09-26,wk inc rsv hosp,1,2026-10-03,10,quantile,0.4,2
2026-09-26,wk inc rsv hosp,1,2026-10-03,10,quantile,0.45,2
2026-09-26,wk inc rsv hosp,1,2026-10-03,10,quantile,0.5,2
2026-09-26,wk inc rsv hosp,1,2026-10-03,10,quantile,0.55,3
2026-09-26,wk inc rsv hosp,1,2026-10-03,10,quantile,0.6,3
2026-09-26,wk inc rsv hosp,1,2026-10-03,10,quantile,0.65,3
2026-09-26,wk inc rsv hosp,1,2026-10-03,10,quantile,0.7,4
2026-09-26,wk inc rsv hosp,1,2026-10-03,10,quantile,0.75,4
2026-09-26,wk inc rsv hosp,1,2026-10-03,10,quantile,0.8,5
2026-09-26,wk inc rsv hosp,1,2026-10-03,10,quantile,0.85,5
2026-09-26,wk inc rsv hosp,1,2026-10-03,10,quantile,0.9,7
2026-09-26,wk inc rsv hosp,1,2026-10-03,10,quantile,0.95,9
2026-09-26,wk inc rsv hosp,1,2026-10-03,10,quantile,0.975,11
2026-09-26,wk inc rsv hosp,1,2026-10-03,10,quantile,0.99,17
2026-09-26,wk inc rsv hosp,1,2026-10-03,11,quantile,0.01,0
2026-09-26,wk inc rsv hosp,1,2026-10-03,11,quantile,0.025,0
2026-09-26,wk inc rsv hosp,1,2026-10-03,11,quantile,0.05,0
2026-09-26,wk inc rsv hosp,1,2026-10-03,11,quantile,0.1,0
2026-09-26,wk inc rsv hosp,1,2026-10-03,11,quantile,0.15,0
2026-09-26,wk inc rsv hosp,1,2026-10-03,11,quantile,0.2,0
2026-09-26,wk inc rsv hosp,1,2026-10-03,11,quantile,0.25,0
2026-09-26,wk inc rsv hosp,1,2026-10-03,11,quantile,0.3,0
2026-09-26,wk inc rsv hosp,1,2026-10-03,11,quantile,0.35,0
2026-09-26,wk inc rsv hosp,1,2026-10-03,11,quantile,0.4,0
2026-09-26,wk inc rsv hosp,1,2026-10-03,11,quantile,0.45,0
2026-09-26,wk inc rsv hosp,1,2026-10-03,11,quantile,0.5,0
2026-09-26,wk inc rsv hosp,1,2026-10-03,11,quantile,0.55,0
2026-09-26,wk inc rsv hosp,1,2026-10-03,11,quantile,0.6,0
2026-09-26,wk inc rsv hosp,1,2026-10-03,11,quantile,0.65,0
2026-09-26,wk inc rsv hosp,1,2026-10-03,11,quantile,0.7,0
2026-09-26,wk inc rsv hosp,1,2026-10-03,11,quantile,0.75,0
2026-09-26,wk inc rsv hosp,1,2026-10-03,11,quantile,0.8,0
2026-09-26,wk inc rsv hosp,1,2026-10-03,11,quantile,0.85,0
2026-09-26,wk inc rsv hosp,1,2026-10-03,11,quantile,0.9,0
2026-09-26,wk inc rsv hosp,1,2026-10-03,11,quantile,0.95,1
2026-09-26,wk inc rsv hosp,1,2026-10-03,11,quantile,0.975,2
2026-09-26,wk inc rsv hosp,1,2026-10-03,11,quantile,0.99,3
2026-09-26,wk inc rsv hosp,1,2026-10-03,12,quantile,0.01,59
2026-09-26,wk inc rsv hosp,1,2026-10-03,12,quantile,0.025,64
2026-09-26,wk inc rsv hosp,1,2026-10-03,12,quantile,0.05,76
2026-09-26,wk inc rsv hosp,1,2026-10-03,12,quantile,0.1,91
2026-09-26,wk inc rsv hosp,1,2026-10-03,12,quantile,0.15,101
2026-09-26,wk inc rsv hosp,1,2026-10-03,12,quantile,0.2,111
2026-09-26,wk inc rsv hosp,1,2026-10-03,12,quantile,0.25,118
2026-09-26,wk inc rsv hosp,1,2026-10-03,12,quantile,0.3,125
2026-09-26,wk inc rsv hosp,1,2026-10-03,12,quantile,0.35,133
2026-09-26,wk inc rsv hosp,1,2026-10-03,12,quantile,0.4,142
2026-09-26,wk inc rsv hosp,1,2026-10-03,12,quantile,0.45,149
2026-09-26,wk inc rsv hosp,1,2026-10-03,12,quantile,0.5,158
2026-09-26,wk inc rsv hosp,1,2026-10-03,12,quantile,0.55,168
2026-09-26,wk inc rsv hosp,1,2026-10-03,12,quantile,0.6,175
2026-09-26,wk inc rsv hosp,1,2026-10-03,12,quantile,0.65,187
2026-09-26,wk inc rsv hosp,1,2026-10-03,12,quantile,0.7,199
2026-09-26,wk inc rsv hosp,1,2026-10-03,12,quantile,0.75,216
2026-09-26,wk inc rsv hosp,1,2026-10-03,12,quantile,0.8,234
2026-09-26,wk inc rsv hosp,1,2026-10-03,12,quantile,0.85,252
2026-09-26,wk inc rsv hosp,1,2026-10-03,12,quantile,0.9,280
2026-09-26,wk inc rsv hosp,1,2026-10-03,12,quantile,0.95,340
2026-09-26,wk inc rsv hosp,1,2026-10-03,12,quantile,0.975,403
2026-09-26,wk inc rsv hosp,1,2026-10-03,12,quantile,0.99,494
2026-09-26,wk inc rsv hosp,1,2026-10-03,13,quantile,0.01,0
2026-09-26,wk inc rsv hosp,1,2026-10-03,13,quantile,0.025,1
2026-09-26,wk inc rsv hosp,1,2026-10-03,13,quantile,0.05,3
2026-09-26,wk inc rsv hosp,1,2026-10-03,13,quantile,0.1,5
2026-09-26,wk inc rsv hosp,1,2026-10-03,13,quantile,0.15,7
2026-09-26,wk inc rsv hosp,1,2026-10-03,13,quantile,0.2,8
2026-09-26,wk inc rsv hosp,1,2026-10-03,13,quantile,0.25,9
2026-09-26,wk inc rsv hosp,1,2026-10-03,13,quantile,0.3,10
2026-09-26,wk inc rsv hosp,1,2026-10-03,13,quantile,0.35,12
2026-09-26,wk inc rsv hosp,1,2026-10-03,13,quantile,0.4,13
2026-09-26,wk inc rsv hosp,1,2026-10-03,13,quantile,0.45,14
2026-09-26,wk inc rsv hosp,1,2026-10-03,13,quantile,0.5,15
2026-09-26,wk inc rsv hosp,1,2026-10-03,13,quantile,0.55,16
2026-09-26,wk inc rsv hosp,1,2026-10-03,13,quantile,0.6,17
2026-09-26,wk inc rsv hosp,1,2026-10-03,13,quantile,0.65,19
2026-09-26,wk inc rsv hosp,1,2026-10-03,13,quantile,0.7,21
2026-09-26,wk inc rsv hosp,1,2026-10-03,13,quantile,0.75,23
2026-09-26,wk inc rsv hosp,1,2026-10-03,13,quantile,0.8,25
2026-09-26,wk inc rsv hosp,1,2026-10-03,13,quantile,0.85,28
2026-09-26,wk inc rsv hosp,1,2026-10-03,13,quantile,0.9,33
2026-09-26,wk inc rsv hosp,1,2026-10-03,13,quantile,0.95,44
2026-09-26,wk inc rsv hosp,1,2026-10-03,13,quantile,0.975,55
2026-09-26,wk inc rsv hosp,1,2026-10-03,13,quantile,0.99,70
2026-09-26,wk inc rsv hosp,1,2026-10-03,15,quantile,0.01,0
2026-09-26,wk inc rsv hosp,1,2026-10-03,15,quantile,0.025,1
2026-09-26,wk inc rsv hosp,1,2026-10-03,15,quantile,0.05,2
2026-09-26,wk inc rsv hosp,1,2026-10-03,15,quantile,0.1,3
2026-09-26,wk inc rsv hosp,1,2026-10-03,15,quantile,0.15,4
2026-09-26,wk inc rsv hosp,1,2026-10-03,15,quantile,0.2,4
2026-09-26,wk inc rsv hosp,1,2026-10-03,15,quantile,0.25,5
2026-09-26,wk inc rsv hosp,1,2026-10-03,15,quantile,0.3,6
2026-09-26,wk inc rsv hosp,1,2026-10-03,15,quantile,0.35,6
2026-09-26,wk inc rsv hosp,1,2026-10-03,15,quantile,0.4,7
2026-09-26,wk inc rsv hosp,1,2026-10-03,15,quantile,0.45,8
2026-09-26,wk inc rsv hosp,1,2026-10-03,15,quantile,0.5,8
2026-09-26,wk inc rsv hosp,1,2026-10-03,15,quantile,0.55,9
2026-09-26,wk inc rsv hosp,1,2026-10-03,15,quantile,0.6,10
2026-09-26,wk inc rsv hosp,1,2026-10-03,15,quantile,0.65,11
2026-09-26,wk inc rsv hosp,1,2026-10-03,15,quantile,0.7,12
2026-09-26,wk inc rsv hosp,1,2026-10-03,15,quantile,0.75,13
2026-09-26,wk inc rsv hosp,1,2026-10-03,15,quantile,0.8,14
2026-09-26,wk inc rsv hosp,1,2026-10-03,15,quantile,0.85,17
2026-09-26,wk inc rsv hosp,1,2026-10-03,15,quantile,0.9,20
2026-09-26,wk inc rsv hosp,1,2026-10-03,15,quantile,0.95,28
2026-09-26,wk inc rsv hosp,1,2026-10-03,15,quantile,0.975,34
2026-09-26,wk inc rsv hosp,1,2026-10-03,15,quantile,0.99,42
2026-09-26,wk inc rsv hosp,1,2026-10-03,16,quantile,0.01,0
2026-09-26,wk inc rsv hosp,1,2026-10-03,16,quantile,0.025,0
2026-09-26,wk inc rsv hosp,1,2026-10-03,16,quantile,0.05,0
2026-09-26,wk inc rsv hosp,1,2026-10-03,16,quantile,0.1,0
2026-09-26,wk inc rsv hosp,1,2026-10-03,16,quantile,0.15,0
2026-09-26,wk inc rsv hosp,1,2026-10-03,16,quantile,0.2,0
2026-09-26,wk inc rsv hosp,1,2026-10-03,16,quantile,0.25,0
2026-09-26,wk inc rsv hosp,1,2026-10-03,16,quantile,0.3,0
2026-09-26,wk inc rsv hosp,1,2026-10-03,16,quantile,0.35,0
2026-09-26,wk inc rsv hosp,1,2026-10-03,16,quantile,0.4,0
2026-09-26,wk inc rsv hosp,1,2026-10-03,16,quantile,0.45,0
2026-09-26,wk inc rsv hosp,1,2026-10-03,16,quantile,0.5,0
2026-09-26,wk inc rsv hosp,1,2026-10-03,16,quantile,0.55,0
2026-09-26,wk inc rsv hosp,1,2026-10-03,16,quantile,0.6,0
2026-09-26,wk inc rsv hosp,1,2026-10-03,16,quantile,0.65,0
2026-09-26,wk inc rsv hosp,1,2026-10-03,16,quantile,0.7,0
2026-09-26,wk inc rsv hosp,1,2026-10-03,16,quantile,0.75,0
2026-09-26,wk inc rsv hosp,1,2026-10-03,16,quantile,0.8,0
2026-09-26,wk inc rsv hosp,1,2026-10-03,16,quantile,0.85,0
2026-09-26,wk inc rsv hosp,1,2026-10-03,16,quantile,0.9,0
2026-09-26,wk inc rsv hosp,1,2026-10-03,16,quantile,0.95,0
2026-09-26,wk inc rsv hosp,1,2026-10-03,16,quantile,0.975,0
2026-09-26,wk inc rsv hosp,1,2026-10-03,16,quantile,0.99,1
2026-09-26,wk inc rsv hosp,1,2026-10-03,17,quantile,0.01,0
2026-09-26,wk inc rsv hosp,1,2026-10-03,17,quantile,0.025,2
2026-09-26,wk inc rsv hosp,1,2026-10-03,17,quantile,0.05,4
2026-09-26,wk inc rsv hosp,1,2026-10-03,17,quantile,0.1,6
2026-09-26,wk inc rsv hosp,1,2026-10-03,17,quantile,0.15,7
2026-09-26,wk inc rsv hosp,1,2026-10-03,17,quantile,0.2,9
2026-09-26,wk inc rsv hosp,1,2026-10-03,17,quantile,0.25,9
2026-09-26,wk inc rsv hosp,1,2026-10-03,17,quantile,0.3,10
2026-09-26,wk inc rsv hosp,1,2026-10-03,17,quantile,0.35,11
2026-09-26,wk inc rsv hosp,1,2026-10-03,17,quantile,0.4,12
2026-09-26,wk inc rsv hosp,1,2026-10-03,17,quantile,0.45,14
2026-09-26,wk inc rsv hosp,1,2026-10-03,17,quantile,0.5,15
2026-09-26,wk inc rsv hosp,1,2026-10-03,17,quantile,0.55,16
2026-09-26,wk inc rsv hosp,1,2026-10-03,17,quantile,0.6,18
2026-09-26,wk inc rsv hosp,1,2026-10-03,17,quantile,0.65,19
2026-09-26,wk inc rsv hosp,1,2026-10-03,17,quantile,0.7,21
2026-09-26,wk inc rsv hosp,1,2026-10-03,17,quantile,0.75,23
2026-09-26,wk inc rsv hosp,1,2026-10-03,17,quantile,0.8,26
2026-09-26,wk inc rsv hosp,1,2026-10-03,17,quantile,0.85,30
2026-09-26,wk inc rsv hosp,1,2026-10-03,17,quantile,0.9,36
2026-09-26,wk inc rsv hosp,1,2026-10-03,17,quantile,0.95,48
2026-09-26,wk inc rsv hosp,1,2026-10-03,17,quantile,0.975,65
2026-09-26,wk inc rsv hosp,1,2026-10-03,17,quantile,0.99,102
2026-09-26,wk inc rsv hosp,1,2026-10-03,18,quantile,0.01,0
2026-09-26,wk inc rsv hosp,1,2026-10-03,18,quantile,0.025,0
2026-09-26,wk inc rsv hosp,1,2026-10-03,18,quantile,0.05,0
2026-09-26,wk inc rsv hosp,1,2026-10-03,18,quantile,0.1,0
2026-09-26,wk inc rsv hosp,1,2026-10-03,18,quantile,0.15,0
2026-09-26,wk inc rsv hosp,1,2026-10-03,18,quantile,0.2,1
2026-09-26,wk inc rsv hosp,1,2026-10-03,18,quantile,0.25,1
2026-09-26,wk inc rsv hosp,1,2026-10-03,18,quantile,0.3,1
2026-09-26,wk inc rsv hosp,1,2026-10-03,18,quantile,0.35,2
2026-09-26,wk inc rsv hosp,1,2026-10-03,18,quantile,0.4,2
2026-09-26,wk inc rsv hosp,1,2026-10-03,18,quantile,0.45,3
2026-09-26,wk inc rsv hosp,1,2026-10-03,18,quantile,0.5,3
2026-09-26,wk inc rsv hosp,1,2026-10-03,18,quantile,0.55,4
2026-09-26,wk inc rsv hosp,1,2026-10-03,18,quantile,0.6,4
2026-09-26,wk inc rsv hosp,1,2026-10-03,18,quantile,0.65,5
2026-09-26,wk inc rsv hosp,1,2026-10-03,18,quantile,0.7,6
2026-09-26,wk inc rsv hosp,1,2026-10-03,18,quantile,0.75,7
2026-09-26,wk inc rsv hosp,1,2026-10-03,18,quantile,0.8,8
2026-09-26,wk inc rsv hosp,1,2026-10-03,18,quantile,0.85,9
2026-09-26,wk inc rsv hosp,1,2026-10-03,18,quantile,0.9,12
2026-09-26,wk inc rsv hosp,1,2026-10-03,18,quantile,0.95,17
2026-09-26,wk inc rsv hosp,1,2026-10-03,18,quantile,0.975,22
2026-09-26,wk inc rsv hosp,1,2026-10-03,18,quantile,0.99,33
2026-09-26,wk inc rsv hosp,1,2026-10-03,19,quantile,0.01,0
2026-09-26,wk inc rsv hosp,1,2026-10-03,19,quantile,0.025,0
2026-09-26,wk inc rsv hosp,1,2026-10-03,19,quantile,0.05,0
2026-09-26,wk inc rsv hosp,1,2026-10-03,19,quantile,0.1,0
2026-09-26,wk inc rsv hosp,1,2026-10-03,19,quantile,0.15,0
2026-09-26,wk inc rsv hosp,1,2026-10-03,19,quantile,0.2,0
2026-09-26,wk inc rsv hosp,1,2026-10-03,19,quantile,0.25,1
2026-09-26,wk inc rsv hosp,1,2026-10-03,19,quantile,0.3,1
2026-09-26,wk inc rsv hosp,1,2026-10-03,19,quantile,0.35,1
2026-09-26,wk inc rsv hosp,1,2026-10-03,19,quantile,0.4,2
2026-09-26,wk inc rsv hosp,1,2026-10-03,19,quantile,0.45,2
2026-09-26,wk inc rsv hosp,1,2026-10-03,19,quantile,0.5,3
2026-09-26,wk inc rsv hosp,1,2026-10-03,19,quantile,0.55,3
2026-09-26,wk inc rsv hosp,1,2026-10-03,19,quantile,0.6,3
2026-09-26,wk inc rsv hosp,1,2026-10-03,19,quantile,0.65,4
2026-09-26,wk inc rsv hosp,1,2026-10-03,19,quantile,0.7,4
2026-09-26,wk inc rsv hosp,1,2026-10-03,19,quantile,0.75,5
2026-09-26,wk inc rsv hosp,1,2026-10-03,19,quantile,0.8,6
2026-09-26,wk inc rsv hosp,1,2026-10-03,19,quantile,0.85,7
2026-09-26,wk inc rsv hosp,1,2026-10-03,19,quantile,0.9,9
2026-09-26,wk inc rsv hosp,1,2026-10-03,19,quantile,0.95,15
2026-09-26,wk inc rsv hosp,1,2026-10-03,19,quantile,0.975,24
2026-09-26,wk inc rsv hosp,1,2026-10-03,19,quantile,0.99,37
2026-09-26,wk inc rsv hosp,1,2026-10-03,20,quantile,0.01,0
2026-09-26,wk inc rsv hosp,1,2026-10-03,20,quantile,0.025,0
2026-09-26,wk inc rsv hosp,1,2026-10-03,20,quantile,0.05,0
2026-09-26,wk inc rsv hosp,1,2026-10-03,20,quantile,0.1,0
2026-09-26,wk inc rsv hosp,1,2026-10-03,20,quantile,0.15,0
2026-09-26,wk inc rsv hosp,1,2026-10-03,20,quantile,0.2,0
2026-09-26,wk inc rsv hosp,1,2026-10-03,20,quantile,0.25,0
2026-09-26,wk inc rsv hosp,1,2026-10-03,20,quantile,0.3,0
2026-09-26,wk inc rsv hosp,1,2026-10-03,20,quantile,0.35,1
2026-09-26,wk inc rsv hosp,1,2026-10-03,20,quantile,0.4,1
2026-09-26,wk inc rsv hosp,1,2026-10-03,20,quantile,0.45,1
2026-09-26,wk inc rsv hosp,1,2026-10-03,20,quantile,0.5,1
2026-09-26,wk inc rsv hosp,1,2026-10-03,20,quantile,0.55,2
2026-09-26,wk inc rsv hosp,1,2026-10-03,20,quantile,0.6,2
2026-09-26,wk inc rsv hosp,1,2026-10-03,20,quantile,0.65,3
2026-09-26,wk inc rsv hosp,1,2026-10-03,20,quantile,0.7,3
2026-09-26,wk inc rsv hosp,1,2026-10-03,20,quantile,0.75,4
2026-09-26,wk inc rsv hosp,1,2026-10-03,20,quantile,0.8,4
2026-09-26,wk inc rsv hosp,1,2026-10-03,20,quantile,0.85,6
2026-09-26,wk inc rsv hosp,1,2026-10-03,20,quantile,0.9,8
2026-09-26,wk inc rsv hosp,1,2026-10-03,20,quantile,0.95,12
2026-09-26,wk inc rsv hosp,1,2026-10-03,20,quantile,0.975,17
2026-09-26,wk inc rsv hosp,1,2026-10-03,20,quantile,0.99,28
2026-09-26,wk inc rsv hosp,1,2026-10-03,21,quantile,0.01,0
2026-09-26,wk inc rsv hosp,1,2026-10-03,21,quantile,0.025,0
2026-09-26,wk inc rsv hosp,1,2026-10-03,21,quantile,0.05,0
2026-09-26,wk inc rsv hosp,1,2026-10-03,21,quantile,0.1,0
2026-09-26,wk inc rsv hosp,1,2026-10-03,21,quantile,0.15,0
2026-09-26,wk inc rsv hosp,1,2026-10-03,21,quantile,0.2,0
2026-09-26,wk inc rsv hosp,1,2026-10-03,21,quantile,0.25,0
2026-09-26,wk inc rsv hosp,1,2026-10-03,21,quantile,0.3,0
2026-09-26,wk inc rsv hosp,1,2026-10-03,21,quantile,0.35,0
2026-09-26,wk inc rsv hosp,1,2026-10-03,21,quantile,0.4,1
2026-09-26,wk inc rsv hosp,1,2026-10-03,21,quantile,0.45,1
2026-09-26,wk inc rsv hosp,1,2026-10-03,21,quantile,0.5,1
2026-09-26,wk inc rsv hosp,1,2026-10-03,21,quantile,0.55,2
2026-09-26,wk inc rsv hosp,1,2026-10-03,21,quantile,0.6,2
2026-09-26,wk inc rsv hosp,1,2026-10-03,21,quantile,0.65,3
2026-09-26,wk inc rsv hosp,1,2026-10-03,21,quantile,0.7,3
2026-09-26,wk inc rsv hosp,1,2026-10-03,21,quantile,0.75,4
2026-09-26,wk inc rsv hosp,1,2026-10-03,21,quantile,0.8,5
2026-09-26,wk inc rsv hosp,1,2026-10-03,21,quantile,0.85,6
2026-09-26,wk inc rsv hosp,1,2026-10-03,21,quantile,0.9,8
2026-09-26,wk inc rsv hosp,1,2026-10-03,21,quantile,0.95,11
2026-09-26,wk inc rsv hosp,1,2026-10-03,21,quantile,0.975,18
2026-09-26,wk inc rsv hosp,1,2026-10-03,21,quantile,0.99,25
2026-09-26,wk inc rsv hosp,1,2026-10-03,22,quantile,0.01,0
2026-09-26,wk inc rsv hosp,1,2026-10-03,22,quantile,0.025,0
2026-09-26,wk inc rsv hosp,1,2026-10-03,22,quantile,0.05,1
2026-09-26,wk inc rsv hosp,1,2026-10-03,22,quantile,0.1,2
2026-09-26,wk inc rsv hosp,1,2026-10-03,22,quantile,0.15,3
2026-09-26,wk inc rsv hosp,1,2026-10-03,22,quantile,0.2,4
2026-09-26,wk inc rsv hosp,1,2026-10-03,22,quantile,0.25,4
2026-09-26,wk inc rsv hosp,1,2026-10-03,22,quantile,0.3,5
2026-09-26,wk inc rsv hosp,1,2026-10-03,22,quantile,0.35,5
2026-09-26,wk inc rsv hosp,1,2026-10-03,22,quantile,0.4,6
2026-09-26,wk inc rsv hosp,1,2026-10-03,22,quantile,0.45,6
2026-09-26,wk inc rsv hosp,1,2026-10-03,22,quantile,0.5,7
2026-09-26,wk inc rsv hosp,1,2026-10-03,22,quantile,0.55,7
2026-09-26,wk inc rsv hosp,1,2026-10-03,22,quantile,0.6,8
2026-09-26,wk inc rsv hosp,1,2026-10-03,22,quantile,0.65,8
2026-09-26,wk inc rsv hosp,1,2026-10-03,22,quantile,0.7,9
2026-09-26,wk inc rsv hosp,1,2026-10-03,22,quantile,0.75,10
2026-09-26,wk inc rsv hosp,1,2026-10-03,22,quantile,0.8,11
2026-09-26,wk inc rsv hosp,1,2026-10-03,22,quantile,0.85,13
2026-09-26,wk inc rsv hosp,1,2026-10-03,22,quantile,0.9,15
2026-09-26,wk inc rsv hosp,1,2026-10-03,22,quantile,0.95,19
2026-09-26,wk inc rsv hosp,1,2026-10-03,22,quantile,0.975,23
2026-09-26,wk inc rsv hosp,1,2026-10-03,22,quantile,0.99,36
2026-09-26,wk inc rsv hosp,1,2026-10-03,23,quantile,0.01,0
2026-09-26,wk inc rsv hosp,1,2026-10-03,23,quantile,0.025,0
2026-09-26,wk inc rsv hosp,1,2026-10-03,23,quantile,0.05,0
2026-09-26,wk inc rsv hosp,1,2026-10-03,23,quantile,0.1,0
2026-09-26,wk inc rsv hosp,1,2026-10-03,23,quantile,0.15,0
2026-09-26,wk inc rsv hosp,1,2026-10-03,23,quantile,0.2,0
2026-09-26,wk inc rsv hosp,1,2026-10-03,23,quantile,0.25,0
2026-09-26,wk inc rsv hosp,1,2026-10-03,23,quantile,0.3,0
2026-09-26,wk inc rsv hosp,1,2026-10-03,23,quantile,0.35,0
2026-09-26,wk inc rsv hosp,1,2026-10-03,23,quantile,0.4,0
2026-09-26,wk inc rsv hosp,1,2026-10-03,23,quantile,0.45,0
2026-09-26,wk inc rsv hosp,1,2026-10-03,23,quantile,0.5,0
2026-09-26,wk inc rsv hosp,1,2026-10-03,23,quantile,0.55,0
2026-09-26,wk inc rsv hosp,1,2026-10-03,23,quantile,0.6,0
2026-09-26,wk inc rsv hosp,1,2026-10-03,23,quantile,0.65,0
2026-09-26,wk inc rsv hosp,1,2026-10-03,23,quantile,0.7,0
2026-09-26,wk inc rsv hosp,1,2026-10-03,23,quantile,0.75,0
2026-09-26,wk inc rsv hosp,1,2026-10-03,23,quantile,0.8,0
2026-09-26,wk inc rsv hosp,1,2026-10-03,23,quantile,0.85,0
2026-09-26,wk inc rsv hosp,1,2026-10-03,23,quantile,0.9,0
2026-09-26,wk inc rsv hosp,1,2026-10-03,23,quantile,0.95,0
2026-09-26,wk inc rsv hosp,1,2026-10-03,23,quantile,0.975,1
2026-09-26,wk inc rsv hosp,1,2026-10-03,23,quantile,0.99,4
2026-09-26,wk inc rsv hosp,1,2026-10-03,24,quantile,0.01,0
2026-09-26,wk inc rsv hosp,1,2026-10-03,24,quantile,0.025,0
2026-09-26,wk inc rsv hosp,1,2026-10-03,24,quantile,0.05,1
2026-09-26,wk inc rsv hosp,1,2026-10-03,24,quantile,0.1,1
2026-09-26,wk inc rsv hosp,1,2026-10-03,24,quantile,0.15,2
2026-09-26,wk inc rsv hosp,1,2026-10-03,24,quantile,0.2,3
2026-09-26,wk inc rsv hosp,1,2026-10-03,24,quantile,0.25,3
2026-09-26,wk inc rsv hosp,1,2026-10-03,24,quantile,0.3,4
2026-09-26,wk inc rsv hosp,1,2026-10-03,24,quantile,0.35,4
2026-09-26,wk inc rsv hosp,1,2026-10-03,24,quantile,0.4,5
2026-09-26,wk inc rsv hosp,1,2026-10-03,24,quantile,0.45,5
2026-09-26,wk inc rsv hosp,1,2026-10-03,24,quantile,0.5,6
2026-09-26,wk inc rsv hosp,1,2026-10-03,24,quantile,0.55,6
2026-09-26,wk inc rsv hosp,1,2026-10-03,24,quantile,0.6,7
2026-09-26,wk inc rsv hosp,1,2026-10-03,24,quantile,0.65,7
2026-09-26,wk inc rsv hosp,1,2026-10-03,24,quantile,0.7,8
2026-09-26,wk inc rsv hosp,1,2026-10-03,24,quantile,0.75,9
2026-09-26,wk inc rsv hosp,1,2026-10-03,24,quantile,0.8,11
2026-09-26,wk inc rsv hosp,1,2026-10-03,24,quantile,0.85,12
2026-09-26,wk inc rsv hosp,1,2026-10-03,24,quantile,0.9,15
2026-09-26,wk inc rsv hosp,1,2026-10-03,24,quantile,0.95,20
2026-09-26,wk inc rsv hosp,1,2026-10-03,24,quantile,0.975,27
2026-09-26,wk inc rsv hosp,1,2026-10-03,24,quantile,0.99,42
2026-09-26,wk inc rsv hosp,1,2026-10-03,25,quantile,0.01,0
2026-09-26,wk inc rsv hosp,1,2026-10-03,25,quantile,0.025,0
2026-09-26,wk inc rsv hosp,1,2026-10-03,25,quantile,0.05,0
2026-09-26,wk inc rsv hosp,1,2026-10-03,25,quantile,0.1,1
2026-09-26,wk inc rsv hosp,1,2026-10-03,25,quantile,0.15,2
2026-09-26,wk inc rsv hosp,1,2026-10-03,25,quantile,0.2,3
2026-09-26,wk inc rsv hosp,1,2026-10-03,25,quantile,0.25,3
2026-09-26,wk inc rsv hosp,1,2026-10-03,25,quantile,0.3,4
2026-09-26,wk inc rsv hosp,1,2026-10-03,25,quantile,0.35,4
2026-09-26,wk inc rsv hosp,1,2026-10-03,25,quantile,0.4,5
2026-09-26,wk inc rsv hosp,1,2026-10-03,25,quantile,0.45,6
2026-09-26,wk inc rsv hosp,1,2026-10-03,25,quantile,0.5,6
2026-09-26,wk inc rsv hosp,1,2026-10-03,25,quantile,0.55,7
2026-09-26,wk inc rsv hosp,1,2026-10-03,25,quantile,0.6,8
2026-09-26,wk inc rsv hosp,1,2026-10-03,25,quantile,0.65,9
2026-09-26,wk inc rsv hosp,1,2026-10-03,25,quantile,0.7,10
2026-09-26,wk inc rsv hosp,1,2026-10-03,25,quantile,0.75,11
2026-09-26,wk inc rsv hosp,1,2026-10-03,25,quantile,0.8,12
2026-09-26,wk inc rsv hosp,1,2026-10-03,25,quantile,0.85,14
2026-09-26,wk inc rsv hosp,1,2026-10-03,25,quantile,0.9,18
2026-09-26,wk inc rsv hosp,1,2026-10-03,25,quantile,0.95,24
2026-09-26,wk inc rsv hosp,1,2026-10-03,25,quantile,0.975,33
2026-09-26,wk inc rsv hosp,1,2026-10-03,25,quantile,0.99,44
2026-09-26,wk inc rsv hosp,1,2026-10-03,26,quantile,0.01,0
2026-09-26,wk inc rsv hosp,1,2026-10-03,26,quantile,0.025,0
2026-09-26,wk inc rsv hosp,1,2026-10-03,26,quantile,0.05,0
2026-09-26,wk inc rsv hosp,1,2026-10-03,26,quantile,0.1,0
2026-09-26,wk inc rsv hosp,1,2026-10-03,26,quantile,0.15,0
2026-09-26,wk inc rsv hosp,1,2026-10-03,26,quantile,0.2,5
2026-09-26,wk inc rsv hosp,1,2026-10-03,26,quantile,0.25,9
2026-09-26,wk inc rsv hosp,1,2026-10-03,26,quantile,0.3,12
2026-09-26,wk inc rsv hosp,1,2026-10-03,26,quantile,0.35,14
2026-09-26,wk inc rsv hosp,1,2026-10-03,26,quantile,0.4,17
2026-09-26,wk inc rsv hosp,1,2026-10-03,26,quantile,0.45,20
2026-09-26,wk inc rsv hosp,1,2026-10-03,26,quantile,0.5,22
2026-09-26,wk inc rsv hosp,1,2026-10-03,26,quantile,0.55,25
2026-09-26,wk inc rsv hosp,1,2026-10-03,26,quantile,0.6,29
2026-09-26,wk inc rsv hosp,1,2026-10-03,26,quantile,0.65,35
2026-09-26,wk inc rsv hosp,1,2026-10-03,26,quantile,0.7,41
2026-09-26,wk inc rsv hosp,1,2026-10-03,26,quantile,0.75,50
2026-09-26,wk inc rsv hosp,1,2026-10-03,26,quantile,0.8,68
2026-09-26,wk inc rsv hosp,1,2026-10-03,26,quantile,0.85,101
2026-09-26,wk inc rsv hosp,1,2026-10-03,26,quantile,0.9,151
2026-09-26,wk inc rsv hosp,1,2026-10-03,26,quantile,0.95,269
2026-09-26,wk inc rsv hosp,1,2026-10-03,26,quantile,0.975,497
2026-09-26,wk inc rsv hosp,1,2026-10-03,26,quantile,0.99,891
2026-09-26,wk inc rsv hosp,1,2026-10-03,27,quantile,0.01,0
2026-09-26,wk inc rsv hosp,1,2026-10-03,27,quantile,0.025,0
2026-09-26,wk inc rsv hosp,1,2026-10-03,27,quantile,0.05,0
2026-09-26,wk inc rsv hosp,1,2026-10-03,27,quantile,0.1,0
2026-09-26,wk inc rsv hosp,1,2026-10-03,27,quantile,0.15,0
2026-09-26,wk inc rsv hosp,1,2026-10-03,27,quantile,0.2,0
2026-09-26,wk inc rsv hosp,1,2026-10-03,27,quantile,0.25,0
2026-09-26,wk inc rsv hosp,1,2026-10-03,27,quantile,0.3,0
2026-09-26,wk inc rsv hosp,1,2026-10-03,27,quantile,0.35,0
2026-09-26,wk inc rsv hosp,1,2026-10-03,27,quantile,0.4,0
2026-09-26,wk inc rsv hosp,1,2026-10-03,27,quantile,0.45,0
2026-09-26,wk inc rsv hosp,1,2026-10-03,27,quantile,0.5,0
2026-09-26,wk inc rsv hosp,1,2026-10-03,27,quantile,0.55,0
2026-09-26,wk inc rsv hosp,1,2026-10-03,27,quantile,0.6,0
2026-09-26,wk inc rsv hosp,1,2026-10-03,27,quantile,0.65,0
2026-09-26,wk inc rsv hosp,1,2026-10-03,27,quantile,0.7,0
2026-09-26,wk inc rsv hosp,1,2026-10-03,27,quantile,0.75,0
2026-09-26,wk inc rsv hosp,1,2026-10-03,27,quantile,0.8,0
2026-09-26,wk inc rsv hosp,1,2026-10-03,27,quantile,0.85,0
2026-09-26,wk inc rsv hosp,1,2026-10-03,27,quantile,0.9,0
2026-09-26,wk inc rsv hosp,1,2026-10-03,27,quantile,0.95,1
2026-09-26,wk inc rsv hosp,1,2026-10-03,27,quantile,0.975,2
2026-09-26,wk inc rsv hosp,1,2026-10-03,27,quantile,0.99,7
2026-09-26,wk inc rsv hosp,1,2026-10-03,28,quantile,0.01,0
2026-09-26,wk inc rsv hosp,1,2026-10-03,28,quantile,0.025,0
2026-09-26,wk inc rsv hosp,1,2026-10-03,28,quantile,0.05,1
2026-09-26,wk inc rsv hosp,1,2026-10-03,28,quantile,0.1,1
2026-09-26,wk inc rsv hosp,1,2026-10-03,28,quantile,0.15,2
2026-09-26,wk inc rsv hosp,1,2026-10-03,28,quantile,0.2,3
2026-09-26,wk inc rsv hosp,1,2026-10-03,28,quantile,0.25,3
2026-09-26,wk inc rsv hosp,1,2026-10-03,28,quantile,0.3,4
2026-09-26,wk inc rsv hosp,1,2026-10-03,28,quantile,0.35,4
2026-09-26,wk inc rsv hosp,1,2026-10-03,28,quantile,0.4,5
2026-09-26,wk inc rsv hosp,1,2026-10-03,28,quantile,0.45,6
2026-09-26,wk inc rsv hosp,1,2026-10-03,28,quantile,0.5,6
2026-09-26,wk inc rsv hosp,1,2026-10-03,28,quantile,0.55,7
2026-09-26,wk inc rsv hosp,1,2026-10-03,28,quantile,0.6,7
2026-09-26,wk inc rsv hosp,1,2026-10-03,28,quantile,0.65,8
2026-09-26,wk inc rsv hosp,1,2026-10-03,28,quantile,0.7,9
2026-09-26,wk inc rsv hosp,1,2026-10-03,28,quantile,0.75,10
2026-09-26,wk inc rsv hosp,1,2026-10-03,28,quantile,0.8,12
2026-09-26,wk inc rsv hosp,1,2026-10-03,28,quantile,0.85,14
2026-09-26,wk inc rsv hosp,1,2026-10-03,28,quantile,0.9,17
2026-09-26,wk inc rsv hosp,1,2026-10-03,28,quantile,0.95,23
2026-09-26,wk inc rsv hosp,1,2026-10-03,28,quantile,0.975,31
2026-09-26,wk inc rsv hosp,1,2026-10-03,28,quantile,0.99,46
2026-09-26,wk inc rsv hosp,1,2026-10-03,29,quantile,0.01,0
2026-09-26,wk inc rsv hosp,1,2026-10-03,29,quantile,0.025,0
2026-09-26,wk inc rsv hosp,1,2026-10-03,29,quantile,0.05,0
2026-09-26,wk inc rsv hosp,1,2026-10-03,29,quantile,0.1,0
2026-09-26,wk inc rsv hosp,1,2026-10-03,29,quantile,0.15,0
2026-09-26,wk inc rsv hosp,1,2026-10-03,29,quantile,0.2,0
2026-09-26,wk inc rsv hosp,1,2026-10-03,29,quantile,0.25,0
2026-09-26,wk inc rsv hosp,1,2026-10-03,29,quantile,0.3,1
2026-09-26,wk inc rsv hosp,1,2026-10-03,29,quantile,0.35,1
2026-09-26,wk inc rsv hosp,1,2026-10-03,29,quantile,0.4,1
2026-09-26,wk inc rsv hosp,1,2026-10-03,29,quantile,0.45,2
2026-09-26,wk inc rsv hosp,1,2026-10-03,29,quantile,0.5,2
2026-09-26,wk inc rsv hosp,1,2026-10-03,29,quantile,0.55,3
2026-09-26,wk inc rsv hosp,1,2026-10-03,29,quantile,0.6,3
2026-09-26,wk inc rsv hosp,1,2026-10-03,29,quantile,0.65,4
2026-09-26,wk inc rsv hosp,1,2026-10-03,29,quantile,0.7,5
2026-09-26,wk inc rsv hosp,1,2026-10-03,29,quantile,0.75,5
2026-09-26,wk inc rsv hosp,1,2026-10-03,29,quantile,0.8,7
2026-09-26,wk inc rsv hosp,1,2026-10-03,29,quantile,0.85,8
2026-09-26,wk inc rsv hosp,1,2026-10-03,29,quantile,0.9,10
2026-09-26,wk inc rsv hosp,1,2026-10-03,29,quantile,0.95,16
2026-09-26,wk inc rsv hosp,1,2026-10-03,29,quantile,0.975,22
2026-09-26,wk inc rsv hosp,1,2026-10-03,29,quantile,0.99,35
2026-09-26,wk inc rsv hosp,1,2026-10-03,30,quantile,0.01,0
2026-09-26,wk inc rsv hosp,1,2026-10-03,30,quantile,0.025,0
2026-09-26,wk inc rsv hosp,1,2026-10-03,30,quantile,0.05,0
2026-09-26,wk inc rsv hosp,1,2026-10-03,30,quantile,0.1,0
2026-09-26,wk inc rsv hosp,1,2026-10-03,30,quantile,0.15,0
2026-09-26,wk inc rsv hosp,1,2026-10-03,30,quantile,0.2,0
2026-09-26,wk inc rsv hosp,1,2026-10-03,30,quantile,0.25,0
2026-09-26,wk inc rsv hosp,1,2026-10-03,30,quantile,0.3,0
2026-09-26,wk inc rsv hosp,1,2026-10-03,30,quantile,0.35,0
2026-09-26,wk inc rsv hosp,1,2026-10-03,30,quantile,0.4,0
2026-09-26,wk inc rsv hosp,1,2026-10-03,30,quantile,0.45,0
2026-09-26,wk inc rsv hosp,1,2026-10-03,30,quantile,0.5,0
2026-09-26,wk inc rsv hosp,1,2026-10-03,30,quantile,0.55,0
2026-09-26,wk inc rsv hosp,1,2026-10-03,30,quantile,0.6,0
2026-09-26,wk inc rsv hosp,1,2026-10-03,30,quantile,0.65,1
2026-09-26,wk inc rsv hosp,1,2026-10-03,30,quantile,0.7,1
2026-09-26,wk inc rsv hosp,1,2026-10-03,30,quantile,0.75,1
2026-09-26,wk inc rsv hosp,1,2026-10-03,30,quantile,0.8,2
2026-09-26,wk inc rsv hosp,1,2026-10-03,30,quantile,0.85,2
2026-09-26,wk inc rsv hosp,1,2026-10-03,30,quantile,0.9,3
2026-09-26,wk inc rsv hosp,1,2026-10-03,30,quantile,0.95,4
2026-09-26,wk inc rsv hosp,1,2026-10-03,30,quantile,0.975,6
2026-09-26,wk inc rsv hosp,1,2026-10-03,30,quantile,0.99,10
2026-09-26,wk inc rsv hosp,1,2026-10-03,31,quantile,0.01,0
2026-09-26,wk inc rsv hosp,1,2026-10-03,31,quantile,0.025,0
2026-09-26,wk inc rsv hosp,1,2026-10-03,31,quantile,0.05,0
2026-09-26,wk inc rsv hosp,1,2026-10-03,31,quantile,0.1,0
2026-09-26,wk inc rsv hosp,1,2026-10-03,31,quantile,0.15,1
2026-09-26,wk inc rsv hosp,1,2026-10-03,31,quantile,0.2,1
2026-09-26,wk inc rsv hosp,1,2026-10-03,31,quantile,0.25,1
2026-09-26,wk inc rsv hosp,1,2026-10-03,31,quantile,0.3,1
2026-09-26,wk inc rsv hosp,1,2026-10-03,31,quantile,0.35,2
2026-09-26,wk inc rsv hosp,1,2026-10-03,31,quantile,0.4,2
2026-09-26,wk inc rsv hosp,1,2026-10-03,31,quantile,0.45,2
2026-09-26,wk inc rsv hosp,1,2026-10-03,31,quantile,0.5,2
2026-09-26,wk inc rsv hosp,1,2026-10-03,31,quantile,0.55,3
2026-09-26,wk inc rsv hosp,1,2026-10-03,31,quantile,0.6,3
2026-09-26,wk inc rsv hosp,1,2026-10-03,31,quantile,0.65,3
2026-09-26,wk inc rsv hosp,1,2026-10-03,31,quantile,0.7,4
2026-09-26,wk inc rsv hosp,1,2026-10-03,31,quantile,0.75,4
2026-09-26,wk inc rsv hosp,1,2026-10-03,31,quantile,0.8,5
2026-09-26,wk inc rsv hosp,1,2026-10-03,31,quantile,0.85,6
2026-09-26,wk inc rsv hosp,1,2026-10-03,31,quantile,0.9,7
2026-09-26,wk inc rsv hosp,1,2026-10-03,31,quantile,0.95,10
2026-09-26,wk inc rsv hosp,1,2026-10-03,31,quantile,0.975,13
2026-09-26,wk inc rsv hosp,1,2026-10-03,31,quantile,0.99,18
2026-09-26,wk inc rsv hosp,1,2026-10-03,32,quantile,0.01,0
2026-09-26,wk inc rsv hosp,1,2026-10-03,32,quantile,0.025,0
2026-09-26,wk inc rsv hosp,1,2026-10-03,32,quantile,0.05,0
2026-09-26,wk inc rsv hosp,1,2026-10-03,32,quantile,0.1,0
2026-09-26,wk inc rsv hosp,1,2026-10-03,32,quantile,0.15,0
2026-09-26,wk inc rsv hosp,1,2026-10-03,32,quantile,0.2,0
2026-09-26,wk inc rsv hosp,1,2026-10-03,32,quantile,0.25,0
2026-09-26,wk inc rsv hosp,1,2026-10-03,32,quantile,0.3,0
2026-09-26,wk inc rsv hosp,1,2026-10-03,32,quantile,0.35,0
2026-09-26,wk inc rsv hosp,1,2026-10-03,32,quantile,0.4,0
2026-09-26,wk inc rsv hosp,1,2026-10-03,32,quantile,0.45,0
2026-09-26,wk inc rsv hosp,1,2026-10-03,32,quantile,0.5,0
2026-09-26,wk inc rsv hosp,1,2026-10-03,32,quantile,0.55,1
2026-09-26,wk inc rsv hosp,1,2026-10-03,32,quantile,0.6,1
2026-09-26,wk inc rsv hosp,1,2026-10-03,32,quantile,0.65,1
2026-09-26,wk inc rsv hosp,1,2026-10-03,32,quantile,0.7,2
2026-09-26,wk inc rsv hosp,1,2026-10-03,32,quantile,0.75,2
2026-09-26,wk inc rsv hosp,1,2026-10-03,32,quantile,0.8,3
2026-09-26,wk inc rsv hosp,1,2026-10-03,32,quantile,0.85,4
2026-09-26,wk inc rsv hosp,1,2026-10-03,32,quantile,0.9,5
2026-09-26,wk inc rsv hosp,1,2026-10-03,32,quantile,0.95,9
2026-09-26,wk inc rsv hosp,1,2026-10-03,32,quantile,0.975,14
2026-09-26,wk inc rsv hosp,1,2026-10-03,32,quantile,0.99,21
2026-09-26,wk inc rsv hosp,1,2026-10-03,33,quantile,0.01,0
2026-09-26,wk inc rsv hosp,1,2026-10-03,33,quantile,0.025,0
2026-09-26,wk inc rsv hosp,1,2026-10-03,33,quantile,0.05,0
2026-09-26,wk inc rsv hosp,1,2026-10-03,33,quantile,0.1,0
2026-09-26,wk inc rsv hosp,1,2026-10-03,33,quantile,0.15,0
2026-09-26,wk inc rsv hosp,1,2026-10-03,33,quantile,0.2,0
2026-09-26,wk inc rsv hosp,1,2026-10-03,33,quantile,0.25,0
2026-09-26,wk inc rsv hosp,1,2026-10-03,33,quantile,0.3,0
2026-09-26,wk inc rsv hosp,1,2026-10-03,33,quantile,0.35,0
2026-09-26,wk inc rsv hosp,1,2026-10-03,33,quantile,0.4,0
2026-09-26,wk inc rsv hosp,1,2026-10-03,33,quantile,0.45,0
2026-09-26,wk inc rsv hosp,1,2026-10-03,33,quantile,0.5,0
2026-09-26,wk inc rsv hosp,1,2026-10-03,33,quantile,0.55,0
2026-09-26,wk inc rsv hosp,1,2026-10-03,33,quantile,0.6,1
2026-09-26,wk inc rsv hosp,1,2026-10-03,33,quantile,0.65,1
2026-09-26,wk inc rsv hosp,1,2026-10-03,33,quantile,0.7,1
2026-09-26,wk inc rsv hosp,1,2026-10-03,33,quantile,0.75,2
2026-09-26,wk inc rsv hosp,1,2026-10-03,33,quantile,0.8,2
2026-09-26,wk inc rsv hosp,1,2026-10-03,33,quantile,0.85,3
2026-09-26,wk inc rsv hosp,1,2026-10-03,33,quantile,0.9,4
2026-09-26,wk inc rsv hosp,1,2026-10-03,33,quantile,0.95,5
2026-09-26,wk inc rsv hosp,1,2026-10-03,33,quantile,0.975,9
2026-09-26,wk inc rsv hosp,1,2026-10-03,33,quantile,0.99,16
2026-09-26,wk inc rsv hosp,1,2026-10-03,34,quantile,0.01,0
2026-09-26,wk inc rsv hosp,1,2026-10-03,34,quantile,0.025,0
2026-09-26,wk inc rsv hosp,1,2026-10-03,34,quantile,0.05,0
2026-09-26,wk inc rsv hosp,1,2026-10-03,34,quantile,0.1,1
2026-09-26,wk inc rsv hosp,1,2026-10-03,34,quantile,0.15,3
2026-09-26,wk inc rsv hosp,1,2026-10-03,34,quantile,0.2,4
2026-09-26,wk inc rsv hosp,1,2026-10-03,34,quantile,0.25,5
2026-09-26,wk inc rsv hosp,1,2026-10-03,34,quantile,0.3,5
2026-09-26,wk inc rsv hosp,1,2026-10-03,34,quantile,0.35,6
2026-09-26,wk inc rsv hosp,1,2026-10-03,34,quantile,0.4,7
2026-09-26,wk inc rsv hosp,1,2026-10-03,34,quantile,0.45,7
2026-09-26,wk inc rsv hosp,1,2026-10-03,34,quantile,0.5,8
2026-09-26,wk inc rsv hosp,1,2026-10-03,34,quantile,0.55,9
2026-09-26,wk inc rsv hosp,1,2026-10-03,34,quantile,0.6,10
2026-09-26,wk inc rsv hosp,1,2026-10-03,34,quantile,0.65,11
2026-09-26,wk inc rsv hosp,1,2026-10-03,34,quantile,0.7,12
2026-09-26,wk inc rsv hosp,1,2026-10-03,34,quantile,0.75,14
2026-09-26,wk inc rsv hosp,1,2026-10-03,34,quantile,0.8,15
2026-09-26,wk inc rsv hosp,1,2026-10-03,34,quantile,0.85,17
2026-09-26,wk inc rsv hosp,1,2026-10-03,34,quantile,0.9,20
2026-09-26,wk inc rsv hosp,1,2026-10-03,34,quantile,0.95,26
2026-09-26,wk inc rsv hosp,1,2026-10-03,34,quantile,0.975,33
2026-09-26,wk inc rsv hosp,1,2026-10-03,34,quantile,0.99,41
2026-09-26,wk inc rsv hosp,1,2026-10-03,35,quantile,0.01,0
2026-09-26,wk inc rsv hosp,1,2026-10-03,35,quantile,0.025,0
2026-09-26,wk inc rsv hosp,1,2026-10-03,35,quantile,0.05,0
2026-09-26,wk inc rsv hosp,1,2026-10-03,35,quantile,0.1,0
2026-09-26,wk inc rsv hosp,1,2026-10-03,35,quantile,0.15,0
2026-09-26,wk inc rsv hosp,1,2026-10-03,35,quantile,0.2,0
2026-09-26,wk inc rsv hosp,1,2026-10-03,35,quantile,0.25,0
2026-09-26,wk inc rsv hosp,1,2026-10-03,35,quantile,0.3,0
2026-09-26,wk inc rsv hosp,1,2026-10-03,35,quantile,0.35,0
2026-09-26,wk inc rsv hosp,1,2026-10-03,35,quantile,0.4,0
2026-09-26,wk inc rsv hosp,1,2026-10-03,35,quantile,0.45,0
2026-09-26,wk inc rsv hosp,1,2026-10-03,35,quantile,0.5,0
2026-09-26,wk inc rsv hosp,1,2026-10-03,35,quantile,0.55,0
2026-09-26,wk inc rsv hosp,1,2026-10-03,35,quantile,0.6,0
2026-09-26,wk inc rsv hosp,1,2026-10-03,35,quantile,0.65,0
2026-09-26,wk inc rsv hosp,1,2026-10-03,35,quantile,0.7,0
2026-09-26,wk inc rsv hosp,1,2026-10-03,35,quantile,0.75,0
2026-09-26,wk inc rsv hosp,1,2026-10-03,35,quantile,0.8,0
2026-09-26,wk inc rsv hosp,1,2026-10-03,35,quantile,0.85,0
2026-09-26,wk inc rsv hosp,1,2026-10-03,35,quantile,0.9,0
2026-09-26,wk inc rsv hosp,1,2026-10-03,35,quantile,0.95,0
2026-09-26,wk inc rsv hosp,1,2026-10-03,35,quantile,0.975,0
2026-09-26,wk inc rsv hosp,1,2026-10-03,35,quantile,0.99,3
2026-09-26,wk inc rsv hosp,1,2026-10-03,36,quantile,0.01,6
2026-09-26,wk inc rsv hosp,1,2026-10-03,36,quantile,0.025,11
2026-09-26,wk inc rsv hosp,1,2026-10-03,36,quantile,0.05,15
2026-09-26,wk inc rsv hosp,1,2026-10-03,36,quantile,0.1,19
2026-09-26,wk inc rsv hosp,1,2026-10-03,36,quantile,0.15,22
2026-09-26,wk inc rsv hosp,1,2026-10-03,36,quantile,0.2,26
2026-09-26,wk inc rsv hosp,1,2026-10-03,36,quantile,0.25,28
2026-09-26,wk inc rsv hosp,1,2026-10-03,36,quantile,0.3,31
2026-09-26,wk inc rsv hosp,1,2026-10-03,36,quantile,0.35,33
2026-09-26,wk inc rsv hosp,1,2026-10-03,36,quantile,0.4,35
2026-09-26,wk inc rsv hosp,1,2026-10-03,36,quantile,0.45,38
2026-09-26,wk inc rsv hosp,1,2026-10-03,36,quantile,0.5,40
2026-09-26,wk inc rsv hosp,1,2026-10-03,36,quantile,0.55,42
2026-09-26,wk inc rsv hosp,1,2026-10-03,36,quantile,0.6,46
2026-09-26,wk inc rsv hosp,1,2026-10-03,36,quantile,0.65,49
2026-09-26,wk inc rsv hosp,1,2026-10-03,36,quantile,0.7,53
2026-09-26,wk inc rsv hosp,1,2026-10-03,36,quantile,0.75,58
2026-09-26,wk inc rsv hosp,1,2026-10-03,36,quantile,0.8,64
2026-09-26,wk inc rsv hosp,1,2026-10-03,36,quantile,0.85,71
2026-09-26,wk inc rsv hosp,1,2026-10-03,36,quantile,0.9,84
2026-09-26,wk inc rsv hosp,1,2026-10-03,36,quantile,0.95,102
2026-09-26,wk inc rsv hosp,1,2026-10-03,36,quantile,0.975,131
2026-09-26,wk inc rsv hosp,1,2026-10-03,36,quantile,0.99,178
2026-09-26,wk inc rsv hosp,1,2026-10-03,37,quantile,0.01,0
2026-09-26,wk inc rsv hosp,1,2026-10-03,37,quantile,0.025,0
2026-09-26,wk inc rsv hosp,1,2026-10-03,37,quantile,0.05,0
2026-09-26,wk inc rsv hosp,1,2026-10-03,37,quantile,0.1,1
2026-09-26,wk inc rsv hosp,1,2026-10-03,37,quantile,0.15,2
2026-09-26,wk inc rsv hosp,1,2026-10-03,37,quantile,0.2,3
2026-09-26,wk inc rsv hosp,1,2026-10-03,37,quantile,0.25,4
2026-09-26,wk inc rsv hosp,1,2026-10-03,37,quantile,0.3,5
2026-09-26,wk inc rsv hosp,1,2026-10-03,37,quantile,0.35,6
2026-09-26,wk inc rsv hosp,1,2026-10-03,37,quantile,0.4,7
2026-09-26,wk inc rsv hosp,1,2026-10-03,37,quantile,0.45,8
2026-09-26,wk inc rsv hosp,1,2026-10-03,37,quantile,0.5,9
2026-09-26,wk inc rsv hosp,1,2026-10-03,37,quantile,0.55,11
2026-09-26,wk inc rsv hosp,1,2026-10-03,37,quantile,0.6,12
2026-09-26,wk inc rsv hosp,1,2026-10-03,37,quantile,0.65,13
2026-09-26,wk inc rsv hosp,1,2026-10-03,37,quantile,0.7,15
2026-09-26,wk inc rsv hosp,1,2026-10-03,37,quantile,0.75,18
2026-09-26,wk inc rsv hosp,1,2026-10-03,37,quantile,0.8,21
2026-09-26,wk inc rsv hosp,1,2026-10-03,37,quantile,0.85,25
2026-09-26,wk inc rsv hosp,1,2026-10-03,37,quantile,0.9,30
2026-09-26,wk inc rsv hosp,1,2026-10-03,37,quantile,0.95,43
2026-09-26,wk inc rsv hosp,1,2026-10-03,37,quantile,0.975,57
2026-09-26,wk inc rsv hosp,1,2026-10-03,37,quantile,0.99,82
2026-09-26,wk inc rsv hosp,1,2026-10-03,38,quantile,0.01,0
2026-09-26,wk inc rsv hosp,1,2026-10-03,38,quantile,0.025,0
2026-09-26,wk inc rsv hosp,1,2026-10-03,38,quantile,0.05,0
2026-09-26,wk inc rsv hosp,1,2026-10-03,38,quantile,0.1,0
2026-09-26,wk inc rsv hosp,1,2026-10-03,38,quantile,0.15,0
2026-09-26,wk inc rsv hosp,1,2026-10-03,38,quantile,0.2,0
2026-09-26,wk inc rsv hosp,1,2026-10-03,38,quantile,0.25,0
2026-09-26,wk inc rsv hosp,1,2026-10-03,38,quantile,0.3,0
2026-09-26,wk inc rsv hosp,1,2026-10-03,38,quantile,0.35,0
2026-09-26,wk inc rsv hosp,1,2026-10-03,38,quantile,0.4,0
2026-09-26,wk inc rsv hosp,1,2026-10-03,38,quantile,0.45,0
2026-09-26,wk inc rsv hosp,1,2026-10-03,38,quantile,0.5,0
2026-09-26,wk inc rsv hosp,1,2026-10-03,38,quantile,0.55,0
2026-09-26,wk inc rsv hosp,1,2026-10-03,38,quantile,0.6,0
2026-09-26,wk inc rsv hosp,1,2026-10-03,38,quantile,0.65,0
2026-09-26,wk inc rsv hosp,1,2026-10-03,38,quantile,0.7,0
2026-09-26,wk inc rsv hosp,1,2026-10-03,38,quantile,0.75,1
2026-09-26,wk inc rsv hosp,1,2026-10-03,38,quantile,0.8,1
2026-09-26,wk inc rsv hosp,1,2026-10-03,38,quantile,0.85,2
2026-09-26,wk inc rsv hosp,1,2026-10-03,38,quantile,0.9,3
2026-09-26,wk inc rsv hosp,1,2026-10-03,38,quantile,0.95,6
2026-09-26,wk inc rsv hosp,1,2026-10-03,38,quantile,0.975,9
2026-09-26,wk inc rsv hosp,1,2026-10-03,38,quantile,0.99,16
2026-09-26,wk inc rsv hosp,1,2026-10-03,39,quantile,0.01,0
2026-09-26,wk inc rsv hosp,1,2026-10-03,39,quantile,0.025,0
2026-09-26,wk inc rsv hosp,1,2026-10-03,39,quantile,0.05,0
2026-09-26,wk inc rsv hosp,1,2026-10-03,39,quantile,0.1,1
2026-09-26,wk inc rsv hosp,1,2026-10-03,39,quantile,0.15,2
2026-09-26,wk inc rsv hosp,1,2026-10-03,39,quantile,0.2,2
2026-09-26,wk inc rsv hosp,1,2026-10-03,39,quantile,0.25,3
2026-09-26,wk inc rsv hosp,1,2026-10-03,39,quantile,0.3,4
2026-09-26,wk inc rsv hosp,1,2026-10-03,39,quantile,0.35,4
2026-09-26,wk inc rsv hosp,1,2026-10-03,39,quantile,0.4,4
2026-09-26,wk inc rsv hosp,1,2026-10-03,39,quantile,0.45,5
2026-09-26,wk inc rsv hosp,1,2026-10-03,39,quantile,0.5,5
2026-09-26,wk inc rsv hosp,1,2026-10-03,39,quantile,0.55,6
2026-09-26,wk inc rsv hosp,1,2026-10-03,39,quantile,0.6,7
2026-09-26,wk inc rsv hosp,1,2026-10-03,39,quantile,0.65,7
2026-09-26,wk inc rsv hosp,1,2026-10-03,39,quantile,0.7,8
2026-09-26,wk inc rsv hosp,1,2026-10-03,39,quantile,0.75,9
2026-09-26,wk inc rsv hosp,1,2026-10-03,39,quantile,0.8,11
2026-09-26,wk inc rsv hosp,1,2026-10-03,39,quantile,0.85,12
2026-09-26,wk inc rsv hosp,1,2026-10-03,39,quantile,0.9,15
2026-09-26,wk inc rsv hosp,1,2026-10-03,39,quantile,0.95,20
2026-09-26,wk inc rsv hosp,1,2026-10-03,39,quantile,0.975,26
2026-09-26,wk inc rsv hosp,1,2026-10-03,39,quantile,0.99,34
2026-09-26,wk inc rsv hosp,1,2026-10-03,40,quantile,0.01,0
2026-09-26,wk inc rsv hosp,1,2026-10-03,40,quantile,0.025,0
2026-09-26,wk inc rsv hosp,1,2026-10-03,40,quantile,0.05,0
2026-09-26,wk inc rsv hosp,1,2026-10-03,40,quantile,0.1,0
2026-09-26,wk inc rsv hosp,1,2026-10-03,40,quantile,0.15,0
2026-09-26,wk inc rsv hosp,1,2026-10-03,40,quantile,0.2,1
2026-09-26,wk inc rsv hosp,1,2026-10-03,40,quantile,0.25,1
2026-09-26,wk inc rsv hosp,1,2026-10-03,40,quantile,0.3,1
2026-09-26,wk inc rsv hosp,1,2026-10-03,40,quantile,0.35,1
2026-09-26,wk inc rsv hosp,1,2026-10-03,40,quantile,0.4,1
2026-09-26,wk inc rsv hosp,1,2026-10-03,40,quantile,0.45,2
2026-09-26,wk inc rsv hosp,1,2026-10-03,40,quantile,0.5,2
2026-09-26,wk inc rsv hosp,1,2026-10-03,40,quantile,0.55,2
2026-09-26,wk inc rsv hosp,1,2026-10-03,40,quantile,0.6,2
2026-09-26,wk inc rsv hosp,1,2026-10-03,40,quantile,0.65,3
2026-09-26,wk inc rsv hosp,1,2026-10-03,40,quantile,0.7,3
2026-09-26,wk inc rsv hosp,1,2026-10-03,40,quantile,0.75,3
2026-09-26,wk inc rsv hosp,1,2026-10-03,40,quantile,0.8,4
2026-09-26,wk inc rsv hosp,1,2026-10-03,40,quantile,0.85,4
2026-09-26,wk inc rsv hosp,1,2026-10-03,40,quantile,0.9,6
2026-09-26,wk inc rsv hosp,1,2026-10-03,40,quantile,0.95,8
2026-09-26,wk inc rsv hosp,1,2026-10-03,40,quantile,0.975,10
2026-09-26,wk inc rsv hosp,1,2026-10-03,40,quantile,0.99,15
2026-09-26,wk inc rsv hosp,1,2026-10-03,41,quantile,0.01,0
2026-09-26,wk inc rsv hosp,1,2026-10-03,41,quantile,0.025,0
2026-09-26,wk inc rsv hosp,1,2026-10-03,41,quantile,0.05,0
2026-09-26,wk inc rsv hosp,1,2026-10-03,41,quantile,0.1,0
2026-09-26,wk inc rsv hosp,1,2026-10-03,41,quantile,0.15,0
2026-09-26,wk inc rsv hosp,1,2026-10-03,41,quantile,0.2,0
2026-09-26,wk inc rsv hosp,1,2026-10-03,41,quantile,0.25,0
2026-09-26,wk inc rsv hosp,1,2026-10-03,41,quantile,0.3,1
2026-09-26,wk inc rsv hosp,1,2026-10-03,41,quantile,0.35,1
2026-09-26,wk inc rsv hosp,1,2026-10-03,41,quantile,0.4,1
2026-09-26,wk inc rsv hosp,1,2026-10-03,41,quantile,0.45,1
2026-09-26,wk inc rsv hosp,1,2026-10-03,41,quantile,0.5,1
2026-09-26,wk inc rsv hosp,1,2026-10-03,41,quantile,0.55,2
2026-09-26,wk inc rsv hosp,1,2026-10-03,41,quantile,0.6,2
2026-09-26,wk inc rsv hosp,1,2026-10-03,41,quantile,0.65,2
2026-09-26,wk inc rsv hosp,1,2026-10-03,41,quantile,0.7,3
2026-09-26,wk inc rsv hosp,1,2026-10-03,41,quantile,0.75,3
2026-09-26,wk inc rsv hosp,1,2026-10-03,41,quantile,0.8,3
2026-09-26,wk inc rsv hosp,1,2026-10-03,41,quantile,0.85,4
2026-09-26,wk inc rsv hosp,1,2026-10-03,41,quantile,0.9,5
2026-09-26,wk inc rsv hosp,1,2026-10-03,41,quantile,0.95,8
2026-09-26,wk inc rsv hosp,1,2026-10-03,41,quantile,0.975,12
2026-09-26,wk inc rsv hosp,1,2026-10-03,41,quantile,0.99,19
2026-09-26,wk inc rsv hosp,1,2026-10-03,42,quantile,0.01,7
2026-09-26,wk inc rsv hosp,1,2026-10-03,42,quantile,0.025,11
2026-09-26,wk inc rsv hosp,1,2026-10-03,42,quantile,0.05,14
2026-09-26,wk inc rsv hosp,1,2026-10-03,42,quantile,0.1,18
2026-09-26,wk inc rsv hosp,1,2026-10-03,42,quantile,0.15,22
2026-09-26,wk inc rsv hosp,1,2026-10-03,42,quantile,0.2,25
2026-09-26,wk inc rsv hosp,1,2026-10-03,42,quantile,0.25,27
2026-09-26,wk inc rsv hosp,1,2026-10-03,42,quantile,0.3,30
2026-09-26,wk inc rsv hosp,1,2026-10-03,42,quantile,0.35,33
2026-09-26,wk inc rsv hosp,1,2026-10-03,42,quantile,0.4,36
2026-09-26,wk inc rsv hosp,1,2026-10-03,42,quantile,0.45,38
2026-09-26,wk inc rsv hosp,1,2026-10-03,42,quantile,0.5,41
2026-09-26,wk inc rsv hosp,1,2026-10-03,42,quantile,0.55,43
2026-09-26,wk inc rsv hosp,1,2026-10-03,42,quantile,0.6,47
2026-09-26,wk inc rsv hosp,1,2026-10-03,42,quantile,0.65,49
2026-09-26,wk inc rsv hosp,1,2026-10-03,42,quantile,0.7,54
2026-09-26,wk inc rsv hosp,1,2026-10-03,42,quantile,0.75,59
2026-09-26,wk inc rsv hosp,1,2026-10-03,42,quantile,0.8,64
2026-09-26,wk inc rsv hosp,1,2026-10-03,42,quantile,0.85,72
2026-09-26,wk inc rsv hosp,1,2026-10-03,42,quantile,0.9,82
2026-09-26,wk inc rsv hosp,1,2026-10-03,42,quantile,0.95,103
2026-09-26,wk inc rsv hosp,1,2026-10-03,42,quantile,0.975,129
2026-09-26,wk inc rsv hosp,1,2026-10-03,42,quantile,0.99,163
2026-09-26,wk inc rsv hosp,1,2026-10-03,44,quantile,0.01,0
2026-09-26,wk inc rsv hosp,1,2026-10-03,44,quantile,0.025,0
2026-09-26,wk inc rsv hosp,1,2026-10-03,44,quantile,0.05,0
2026-09-26,wk inc rsv hosp,1,2026-10-03,44,quantile,0.1,0
2026-09-26,wk inc rsv hosp,1,2026-10-03,44,quantile,0.15,1
2026-09-26,wk inc rsv hosp,1,2026-10-03,44,quantile,0.2,1
2026-09-26,wk inc rsv hosp,1,2026-10-03,44,quantile,0.25,1
2026-09-26,wk inc rsv hosp,1,2026-10-03,44,quantile,0.3,2
2026-09-26,wk inc rsv hosp,1,2026-10-03,44,quantile,0.35,2
2026-09-26,wk inc rsv hosp,1,2026-10-03,44,quantile,0.4,2
2026-09-26,wk inc rsv hosp,1,2026-10-03,44,quantile,0.45,2
2026-09-26,wk inc rsv hosp,1,2026-10-03,44,quantile,0.5,3
2026-09-26,wk inc rsv hosp,1,2026-10-03,44,quantile,0.55,3
2026-09-26,wk inc rsv hosp,1,2026-10-03,44,quantile,0.6,3
2026-09-26,wk inc rsv hosp,1,2026-10-03,44,quantile,0.65,4
2026-09-26,wk inc rsv hosp,1,2026-10-03,44,quantile,0.7,4
2026-09-26,wk inc rsv hosp,1,2026-10-03,44,quantile,0.75,4
2026-09-26,wk inc rsv hosp,1,2026-10-03,44,quantile,0.8,5
2026-09-26,wk inc rsv hosp,1,2026-10-03,44,quantile,0.85,6
2026-09-26,wk inc rsv hosp,1,2026-10-03,44,quantile,0.9,7
2026-09-26,wk inc rsv hosp,1,2026-10-03,44,quantile,0.95,10
2026-09-26,wk inc rsv hosp,1,2026-10-03,44,quantile,0.975,13
2026-09-26,wk inc rsv hosp,1,2026-10-03,44,quantile,0.99,17
2026-09-26,wk inc rsv hosp,1,2026-10-03,45,quantile,0.01,0
2026-09-26,wk inc rsv hosp,1,2026-10-03,45,quantile,0.025,0
2026-09-26,wk inc rsv hosp,1,2026-10-03,45,quantile,0.05,0
2026-09-26,wk inc rsv hosp,1,2026-10-03,45,quantile,0.1,1
2026-09-26,wk inc rsv hosp,1,2026-10-03,45,quantile,0.15,2
2026-09-26,wk inc rsv hosp,1,2026-10-03,45,quantile,0.2,3
2026-09-26,wk inc rsv hosp,1,2026-10-03,45,quantile,0.25,4
2026-09-26,wk inc rsv hosp,1,2026-10-03,45,quantile,0.3,5
2026-09-26,wk inc rsv hosp,1,2026-10-03,45,quantile,0.35,5
2026-09-26,wk inc rsv hosp,1,2026-10-03,45,quantile,0.4,6
2026-09-26,wk inc rsv hosp,1,2026-10-03,45,quantile,0.45,7
2026-09-26,wk inc rsv hosp,1,2026-10-03,45,quantile,0.5,7
2026-09-26,wk inc rsv hosp,1,2026-10-03,45,quantile,0.55,8
2026-09-26,wk inc rsv hosp,1,2026-10-03,45,quantile,0.6,9
2026-09-26,wk inc rsv hosp,1,2026-10-03,45,quantile,0.65,10
2026-09-26,wk inc rsv hosp,1,2026-10-03,45,quantile,0.7,11
2026-09-26,wk inc rsv hosp,1,2026-10-03,45,quantile,0.75,12
2026-09-26,wk inc rsv hosp,1,2026-10-03,45,quantile,0.8,14
2026-09-26,wk inc rsv hosp,1,2026-10-03,45,quantile,0.85,16
2026-09-26,wk inc rsv hosp,1,2026-10-03,45,quantile,0.9,19
2026-09-26,wk inc rsv hosp,1,2026-10-03,45,quantile,0.95,26
2026-09-26,wk inc rsv hosp,1,2026-10-03,45,quantile,0.975,33
2026-09-26,wk inc rsv hosp,1,2026-10-03,45,quantile,0.99,48
2026-09-26,wk inc rsv hosp,1,2026-10-03,46,quantile,0.01,0
2026-09-26,wk inc rsv hosp,1,2026-10-03,46,quantile,0.025,0
2026-09-26,wk inc rsv hosp,1,2026-10-03,46,quantile,0.05,0
2026-09-26,wk inc rsv hosp,1,2026-10-03,46,quantile,0.1,0
2026-09-26,wk inc rsv hosp,1,2026-10-03,46,quantile,0.15,0
2026-09-26,wk inc rsv hosp,1,2026-10-03,46,quantile,0.2,0
2026-09-26,wk inc rsv hosp,1,2026-10-03,46,quantile,0.25,0
2026-09-26,wk inc rsv hosp,1,2026-10-03,46,quantile,0.3,0
2026-09-26,wk inc rsv hosp,1,2026-10-03,46,quantile,0.35,0
2026-09-26,wk inc rsv hosp,1,2026-10-03,46,quantile,0.4,0
2026-09-26,wk inc rsv hosp,1,2026-10-03,46,quantile,0.45,1
2026-09-26,wk inc rsv hosp,1,2026-10-03,46,quantile,0.5,1
2026-09-26,wk inc rsv hosp,1,2026-10-03,46,quantile,0.55,1
2026-09-26,wk inc rsv hosp,1,2026-10-03,46,quantile,0.6,1
2026-09-26,wk inc rsv hosp,1,2026-10-03,46,quantile,0.65,1
2026-09-26,wk inc rsv hosp,1,2026-10-03,46,quantile,0.7,1
2026-09-26,wk inc rsv hosp,1,2026-10-03,46,quantile,0.75,2
2026-09-26,wk inc rsv hosp,1,2026-10-03,46,quantile,0.8,2
2026-09-26,wk inc rsv hosp,1,2026-10-03,46,quantile,0.85,2
2026-09-26,wk inc rsv hosp,1,2026-10-03,46,quantile,0.9,3
2026-09-26,wk inc rsv hosp,1,2026-10-03,46,quantile,0.95,5
2026-09-26,wk inc rsv hosp,1,2026-10-03,46,quantile,0.975,7
2026-09-26,wk inc rsv hosp,1,2026-10-03,46,quantile,0.99,11
2026-09-26,wk inc rsv hosp,1,2026-10-03,47,quantile,0.01,0
2026-09-26,wk inc rsv hosp,1,2026-10-03,47,quantile,0.025,0
2026-09-26,wk inc rsv hosp,1,2026-10-03,47,quantile,0.05,0
2026-09-26,wk inc rsv hosp,1,2026-10-03,47,quantile,0.1,0
2026-09-26,wk inc rsv hosp,1,2026-10-03,47,quantile,0.15,1
2026-09-26,wk inc rsv hosp,1,2026-10-03,47,quantile,0.2,2
2026-09-26,wk inc rsv hosp,1,2026-10-03,47,quantile,0.25,3
2026-09-26,wk inc rsv hosp,1,2026-10-03,47,quantile,0.3,3
2026-09-26,wk inc rsv hosp,1,2026-10-03,47,quantile,0.35,4
2026-09-26,wk inc rsv hosp,1,2026-10-03,47,quantile,0.4,5
2026-09-26,wk inc rsv hosp,1,2026-10-03,47,quantile,0.45,5
2026-09-26,wk inc rsv hosp,1,2026-10-03,47,quantile,0.5,6
2026-09-26,wk inc rsv hosp,1,2026-10-03,47,quantile,0.55,7
2026-09-26,wk inc rsv hosp,1,2026-10-03,47,quantile,0.6,8
2026-09-26,wk inc rsv hosp,1,2026-10-03,47,quantile,0.65,9
2026-09-26,wk inc rsv hosp,1,2026-10-03,47,quantile,0.7,10
2026-09-26,wk inc rsv hosp,1,2026-10-03,47,quantile,0.75,11
2026-09-26,wk inc rsv hosp,1,2026-10-03,47,quantile,0.8,13
2026-09-26,wk inc rsv hosp,1,2026-10-03,47,quantile,0.85,16
2026-09-26,wk inc rsv hosp,1,2026-10-03,47,quantile,0.9,20
2026-09-26,wk inc rsv hosp,1,2026-10-03,47,quantile,0.95,31
2026-09-26,wk inc rsv hosp,1,2026-10-03,47,quantile,0.975,42
2026-09-26,wk inc rsv hosp,1,2026-10-03,47,quantile,0.99,51
2026-09-26,wk inc rsv hosp,1,2026-10-03,48,quantile,0.01,21
2026-09-26,wk inc rsv hosp,1,2026-10-03,48,quantile,0.025,25
2026-09-26,wk inc rsv hosp,1,2026-10-03,48,quantile,0.05,29
2026-09-26,wk inc rsv hosp,1,2026-10-03,48,quantile,0.1,34
2026-09-26,wk inc rsv hosp,1,2026-10-03,48,quantile,0.15,37
2026-09-26,wk inc rsv hosp,1,2026-10-03,48,quantile,0.2,41
2026-09-26,wk inc rsv hosp,1,2026-10-03,48,quantile,0.25,44
2026-09-26,wk inc rsv hosp,1,2026-10-03,48,quantile,0.3,47
2026-09-26,wk inc rsv hosp,1,2026-10-03,48,quantile,0.35,50
2026-09-26,wk inc rsv hosp,1,2026-10-03,48,quantile,0.4,54
2026-09-26,wk inc rsv hosp,1,2026-10-03,48,quantile,0.45,57
2026-09-26,wk inc rsv hosp,1,2026-10-03,48,quantile,0.5,60
2026-09-26,wk inc rsv hosp,1,2026-10-03,48,quantile,0.55,63
2026-09-26,wk inc rsv hosp,1,2026-10-03,48,quantile,0.6,66
2026-09-26,wk inc rsv hosp,1,2026-10-03,48,quantile,0.65,70
2026-09-26,wk inc rsv hosp,1,2026-10-03,48,quantile,0.7,75
2026-09-26,wk inc rsv hosp,1,2026-10-03,48,quantile,0.75,79
2026-09-26,wk inc rsv hosp,1,2026-10-03,48,quantile,0.8,87
2026-09-26,wk inc rsv hosp,1,2026-10-03,48,quantile,0.85,94
2026-09-26,wk inc rsv hosp,1,2026-10-03,48,quantile,0.9,108
2026-09-26,wk inc rsv hosp,1,2026-10-03,48,quantile,0.95,136
2026-09-26,wk inc rsv hosp,1,2026-10-03,48,quantile,0.975,156
2026-09-26,wk inc rsv hosp,1,2026-10-03,48,quantile,0.99,186
2026-09-26,wk inc rsv hosp,1,2026-10-03,49,quantile,0.01,0
2026-09-26,wk inc rsv hosp,1,2026-10-03,49,quantile,0.025,0
2026-09-26,wk inc rsv hosp,1,2026-10-03,49,quantile,0.05,0
2026-09-26,wk inc rsv hosp,1,2026-10-03,49,quantile,0.1,0
2026-09-26,wk inc rsv hosp,1,2026-10-03,49,quantile,0.15,0
2026-09-26,wk inc rsv hosp,1,2026-10-03,49,quantile,0.2,1
2026-09-26,wk inc rsv hosp,1,2026-10-03,49,quantile,0.25,1
2026-09-26,wk inc rsv hosp,1,2026-10-03,49,quantile,0.3,2
2026-09-26,wk inc rsv hosp,1,2026-10-03,49,quantile,0.35,2
2026-09-26,wk inc rsv hosp,1,2026-10-03,49,quantile,0.4,2
2026-09-26,wk inc rsv hosp,1,2026-10-03,49,quantile,0.45,3
2026-09-26,wk inc rsv hosp,1,2026-10-03,49,quantile,0.5,3
2026-09-26,wk inc rsv hosp,1,2026-10-03,49,quantile,0.55,4
2026-09-26,wk inc rsv hosp,1,2026-10-03,49,quantile,0.6,4
2026-09-26,wk inc rsv hosp,1,2026-10-03,49,quantile,0.65,5
2026-09-26,wk inc rsv hosp,1,2026-10-03,49,quantile,0.7,6
2026-09-26,wk inc rsv hosp,1,2026-10-03,49,quantile,0.75,7
2026-09-26,wk inc rsv hosp,1,2026-10-03,49,quantile,0.8,9
2026-09-26,wk inc rsv hosp,1,2026-10-03,49,quantile,0.85,11
2026-09-26,wk inc rsv hosp,1,2026-10-03,49,quantile,0.9,15
2026-09-26,wk inc rsv hosp,1,2026-10-03,49,quantile,0.95,21
2026-09-26,wk inc rsv hosp,1,2026-10-03,49,quantile,0.975,31
2026-09-26,wk inc rsv hosp,1,2026-10-03,49,quantile,0.99,51
2026-09-26,wk inc rsv hosp,1,2026-10-03,50,quantile,0.01,0
2026-09-26,wk inc rsv hosp,1,2026-10-03,50,quantile,0.025,0
2026-09-26,wk inc rsv hosp,1,2026-10-03,50,quantile,0.05,0
2026-09-26,wk inc rsv hosp,1,2026-10-03,50,quantile,0.1,0
2026-09-26,wk inc rsv hosp,1,2026-10-03,50,quantile,0.15,0
2026-09-26,wk inc rsv hosp,1,2026-10-03,50,quantile,0.2,0
2026-09-26,wk inc rsv hosp,1,2026-10-03,50,quantile,0.25,0
2026-09-26,wk inc rsv hosp,1,2026-10-03,50,quantile,0.3,0
2026-09-26,wk inc rsv hosp,1,2026-10-03,50,quantile,0.35,1
2026-09-26,wk inc rsv hosp,1,2026-10-03,50,quantile,0.4,1
2026-09-26,wk inc rsv hosp,1,2026-10-03,50,quantile,0.45,1
2026-09-26,wk inc rsv hosp,1,2026-10-03,50,quantile,0.5,1
2026-09-26,wk inc rsv hosp,1,2026-10-03,50,quantile,0.55,2
2026-09-26,wk inc rsv hosp,1,2026-10-03,50,quantile,0.6,2
2026-09-26,wk inc rsv hosp,1,2026-10-03,50,quantile,0.65,2
2026-09-26,wk inc rsv hosp,1,2026-10-03,50,quantile,0.7,3
2026-09-26,wk inc rsv hosp,1,2026-10-03,50,quantile,0.75,3
2026-09-26,wk inc rsv hosp,1,2026-10-03,50,quantile,0.8,4
2026-09-26,wk inc rsv hosp,1,2026-10-03,50,quantile,0.85,5
2026-09-26,wk inc rsv hosp,1,2026-10-03,50,quantile,0.9,6
2026-09-26,wk inc rsv hosp,1,2026-10-03,50,quantile,0.95,8
2026-09-26,wk inc rsv hosp,1,2026-10-03,50,quantile,0.975,13
2026-09-26,wk inc rsv hosp,1,2026-10-03,50,quantile,0.99,18
2026-09-26,wk inc rsv hosp,1,2026-10-03,51,quantile,0.01,0
2026-09-26,wk inc rsv hosp,1,2026-10-03,51,quantile,0.025,0
2026-09-26,wk inc rsv hosp,1,2026-10-03,51,quantile,0.05,0
2026-09-26,wk inc rsv hosp,1,2026-10-03,51,quantile,0.1,0
2026-09-26,wk inc rsv hosp,1,2026-10-03,51,quantile,0.15,1
2026-09-26,wk inc rsv hosp,1,2026-10-03,51,quantile,0.2,2
2026-09-26,wk inc rsv hosp,1,2026-10-03,51,quantile,0.25,2
2026-09-26,wk inc rsv hosp,1,2026-10-03,51,quantile,0.3,3
2026-09-26,wk inc rsv hosp,1,2026-10-03,51,quantile,0.35,4
2026-09-26,wk inc rsv hosp,1,2026-10-03,51,quantile,0.4,5
2026-09-26,wk inc rsv hosp,1,2026-10-03,51,quantile,0.45,5
2026-09-26,wk inc rsv hosp,1,2026-10-03,51,quantile,0.5,6
2026-09-26,wk inc rsv hosp,1,2026-10-03,51,quantile,0.55,7
2026-09-26,wk inc rsv hosp,1,2026-10-03,51,quantile,0.6,8
2026-09-26,wk inc rsv hosp,1,2026-10-03,51,quantile,0.65,9
2026-09-26,wk inc rsv hosp,1,2026-10-03,51,quantile,0.7,10
2026-09-26,wk inc rsv hosp,1,2026-10-03,51,quantile,0.75,11
2026-09-26,wk inc rsv hosp,1,2026-10-03,51,quantile,0.8,12
2026-09-26,wk inc rsv hosp,1,2026-10-03,51,quantile,0.85,15
2026-09-26,wk inc rsv hosp,1,2026-10-03,51,quantile,0.9,18
2026-09-26,wk inc rsv hosp,1,2026-10-03,51,quantile,0.95,26
2026-09-26,wk inc rsv hosp,1,2026-10-03,51,quantile,0.975,33
2026-09-26,wk inc rsv hosp,1,2026-10-03,51,quantile,0.99,42
2026-09-26,wk inc rsv hosp,1,2026-10-03,53,quantile,0.01,0
2026-09-26,wk inc rsv hosp,1,2026-10-03,53,quantile,0.025,0
2026-09-26,wk inc rsv hosp,1,2026-10-03,53,quantile,0.05,0
2026-09-26,wk inc rsv hosp,1,2026-10-03,53,quantile,0.1,0
2026-09-26,wk inc rsv hosp,1,2026-10-03,53,quantile,0.15,0
2026-09-26,wk inc rsv hosp,1,2026-10-03,53,quantile,0.2,0
2026-09-26,wk inc rsv hosp,1,2026-10-03,53,quantile,0.25,1
2026-09-26,wk inc rsv hosp,1,2026-10-03,53,quantile,0.3,1
2026-09-26,wk inc rsv hosp,1,2026-10-03,53,quantile,0.35,1
2026-09-26,wk inc rsv hosp,1,2026-10-03,53,quantile,0.4,2
2026-09-26,wk inc rsv hosp,1,2026-10-03,53,quantile,0.45,2
2026-09-26,wk inc rsv hosp,1,2026-10-03,53,quantile,0.5,2
2026-09-26,wk inc rsv hosp,1,2026-10-03,53,quantile,0.55,3
2026-09-26,wk inc rsv hosp,1,2026-10-03,53,quantile,0.6,3
2026-09-26,wk inc rsv hosp,1,2026-10-03,53,quantile,0.65,4
2026-09-26,wk inc rsv hosp,1,2026-10-03,53,quantile,0.7,5
2026-09-26,wk inc rsv hosp,1,2026-10-03,53,quantile,0.75,5
2026-09-26,wk inc rsv hosp,1,2026-10-03,53,quantile,0.8,7
2026-09-26,wk inc rsv hosp,1,2026-10-03,53,quantile,0.85,9
2026-09-26,wk inc rsv hosp,1,2026-10-03,53,quantile,0.9,11
2026-09-26,wk inc rsv hosp,1,2026-10-03,53,quantile,0.95,16
2026-09-26,wk inc rsv hosp,1,2026-10-03,53,quantile,0.975,22
2026-09-26,wk inc rsv hosp,1,2026-10-03,53,quantile,0.99,29
2026-09-26,wk inc rsv hosp,1,2026-10-03,54,quantile,0.01,0
2026-09-26,wk inc rsv hosp,1,2026-10-03,54,quantile,0.025,0
2026-09-26,wk inc rsv hosp,1,2026-10-03,54,quantile,0.05,0
2026-09-26,wk inc rsv hosp,1,2026-10-03,54,quantile,0.1,0
2026-09-26,wk inc rsv hosp,1,2026-10-03,54,quantile,0.15,0
2026-09-26,wk inc rsv hosp,1,2026-10-03,54,quantile,0.2,0
2026-09-26,wk inc rsv hosp,1,2026-10-03,54,quantile,0.25,1
2026-09-26,wk inc rsv hosp,1,2026-10-03,54,quantile,0.3,1
2026-09-26,wk inc rsv hosp,1,2026-10-03,54,quantile,0.35,1
2026-09-26,wk inc rsv hosp,1,2026-10-03,54,quantile,0.4,2
2026-09-26,wk inc rsv hosp,1,2026-10-03,54,quantile,0.45,2
2026-09-26,wk inc rsv hosp,1,2026-10-03,54,quantile,0.5,2
2026-09-26,wk inc rsv hosp,1,2026-10-03,54,quantile,0.55,3
2026-09-26,wk inc rsv hosp,1,2026-10-03,54,quantile,0.6,3
2026-09-26,wk inc rsv hosp,1,2026-10-03,54,quantile,0.65,4
2026-09-26,wk inc rsv hosp,1,2026-10-03,54,quantile,0.7,4
2026-09-26,wk inc rsv hosp,1,2026-10-03,54,quantile,0.75,5
2026-09-26,wk inc rsv hosp,1,2026-10-03,54,quantile,0.8,6
2026-09-26,wk inc rsv hosp,1,2026-10-03,54,quantile,0.85,7
2026-09-26,wk inc rsv hosp,1,2026-10-03,54,quantile,0.9,10
2026-09-26,wk inc rsv hosp,1,2026-10-03,54,quantile,0.95,15
2026-09-26,wk inc rsv hosp,1,2026-10-03,54,quantile,0.975,22
2026-09-26,wk inc rsv hosp,1,2026-10-03,54,quantile,0.99,34
2026-09-26,wk inc rsv hosp,1,2026-10-03,55,quantile,0.01,0
2026-09-26,wk inc rsv hosp,1,2026-10-03,55,quantile,0.025,0
2026-09-26,wk inc rsv hosp,1,2026-10-03,55,quantile,0.05,0
2026-09-26,wk inc rsv hosp,1,2026-10-03,55,quantile,0.1,0
2026-09-26,wk inc rsv hosp,1,2026-10-03,55,quantile,0.15,0
2026-09-26,wk inc rsv hosp,1,2026-10-03,55,quantile,0.2,0
2026-09-26,wk inc rsv hosp,1,2026-10-03,55,quantile,0.25,0
2026-09-26,wk inc rsv hosp,1,2026-10-03,55,quantile,0.3,0
2026-09-26,wk inc rsv hosp,1,2026-10-03,55,quantile,0.35,0
2026-09-26,wk inc rsv hosp,1,2026-10-03,55,quantile,0.4,0
2026-09-26,wk inc rsv hosp,1,2026-10-03,55,quantile,0.45,0
2026-09-26,wk inc rsv hosp,1,2026-10-03,55,quantile,0.5,0
2026-09-26,wk inc rsv hosp,1,2026-10-03,55,quantile,0.55,0
2026-09-26,wk inc rsv hosp,1,2026-10-03,55,quantile,0.6,1
2026-09-26,wk inc rsv hosp,1,2026-10-03,55,quantile,0.65,1
2026-09-26,wk inc rsv hosp,1,2026-10-03,55,quantile,0.7,2
2026-09-26,wk inc rsv hosp,1,2026-10-03,55,quantile,0.75,2
2026-09-26,wk inc rsv hosp,1,2026-10-03,55,quantile,0.8,3
2026-09-26,wk inc rsv hosp,1,2026-10-03,55,quantile,0.85,5
2026-09-26,wk inc rsv hosp,1,2026-10-03,55,quantile,0.9,7
2026-09-26,wk inc rsv hosp,1,2026-10-03,55,quantile,0.95,11
2026-09-26,wk inc rsv hosp,1,2026-10-03,55,quantile,0.975,17
2026-09-26,wk inc rsv hosp,1,2026-10-03,55,quantile,0.99,30
2026-09-26,wk inc rsv hosp,1,2026-10-03,56,quantile,0.01,0
2026-09-26,wk inc rsv hosp,1,2026-10-03,56,quantile,0.025,0
2026-09-26,wk inc rsv hosp,1,2026-10-03,56,quantile,0.05,0
2026-09-26,wk inc rsv hosp,1,2026-10-03,56,quantile,0.1,0
2026-09-26,wk inc rsv hosp,1,2026-10-03,56,quantile,0.15,0
2026-09-26,wk inc rsv hosp,1,2026-10-03,56,quantile,0.2,0
2026-09-26,wk inc rsv hosp,1,2026-10-03,56,quantile,0.25,0
2026-09-26,wk inc rsv hosp,1,2026-10-03,56,quantile,0.3,0
2026-09-26,wk inc rsv hosp,1,2026-10-03,56,quantile,0.35,0
2026-09-26,wk inc rsv hosp,1,2026-10-03,56,quantile,0.4,0
2026-09-26,wk inc rsv hosp,1,2026-10-03,56,quantile,0.45,0
2026-09-26,wk inc rsv hosp,1,2026-10-03,56,quantile,0.5,0
2026-09-26,wk inc rsv hosp,1,2026-10-03,56,quantile,0.55,0
2026-09-26,wk inc rsv hosp,1,2026-10-03,56,quantile,0.6,0
2026-09-26,wk inc rsv hosp,1,2026-10-03,56,quantile,0.65,0
2026-09-26,wk inc rsv hosp,1,2026-10-03,56,quantile,0.7,0
2026-09-26,wk inc rsv hosp,1,2026-10-03,56,quantile,0.75,0
2026-09-26,wk inc rsv hosp,1,2026-10-03,56,quantile,0.8,0
2026-09-26,wk inc rsv hosp,1,2026-10-03,56,quantile,0.85,0
2026-09-26,wk inc rsv hosp,1,2026-10-03,56,quantile,0.9,0
2026-09-26,wk inc rsv hosp,1,2026-10-03,56,quantile,0.95,1
2026-09-26,wk inc rsv hosp,1,2026-10-03,56,quantile,0.975,2
2026-09-26,wk inc rsv hosp,1,2026-10-03,56,quantile,0.99,5
2026-09-26,wk inc rsv hosp,1,2026-10-03,72,quantile,0.01,0
2026-09-26,wk inc rsv hosp,1,2026-10-03,72,quantile,0.025,0
2026-09-26,wk inc rsv hosp,1,2026-10-03,72,quantile,0.05,0
2026-09-26,wk inc rsv hosp,1,2026-10-03,72,quantile,0.1,1
2026-09-26,wk inc rsv hosp,1,2026-10-03,72,quantile,0.15,2
2026-09-26,wk inc rsv hosp,1,2026-10-03,72,quantile,0.2,2
2026-09-26,wk inc rsv hosp,1,2026-10-03,72,quantile,0.25,3
2026-09-26,wk inc rsv hosp,1,2026-10-03,72,quantile,0.3,4
2026-09-26,wk inc rsv hosp,1,2026-10-03,72,quantile,0.35,4
2026-09-26,wk inc rsv hosp,1,2026-10-03,72,quantile,0.4,5
2026-09-26,wk inc rsv hosp,1,2026-10-03,72,quantile,0.45,6
2026-09-26,wk inc rsv hosp,1,2026-10-03,72,quantile,0.5,7
2026-09-26,wk inc rsv hosp,1,2026-10-03,72,quantile,0.55,8
2026-09-26,wk inc rsv hosp,1,2026-10-03,72,quantile,0.6,9
2026-09-26,wk inc rsv hosp,1,2026-10-03,72,quantile,0.65,10
2026-09-26,wk inc rsv hosp,1,2026-10-03,72,quantile,0.7,12
2026-09-26,wk inc rsv hosp,1,2026-10-03,72,quantile,0.75,13
2026-09-26,wk inc rsv hosp,1,2026-10-03,72,quantile,0.8,15
2026-09-26,wk inc rsv hosp,1,2026-10-03,72,quantile,0.85,18
2026-09-26,wk inc rsv hosp,1,2026-10-03,72,quantile,0.9,22
2026-09-26,wk inc rsv hosp,1,2026-10-03,72,quantile,0.95,30
2026-09-26,wk inc rsv hosp,1,2026-10-03,72,quantile,0.975,38
2026-09-26,wk inc rsv hosp,1,2026-10-03,72,quantile,0.99,56
2026-09-26,wk inc rsv hosp,1,2026-10-03,US,quantile,0.01,421
2026-09-26,wk inc rsv hosp,1,2026-10-03,US,quantile,0.025,455
2026-09-26,wk inc rsv hosp,1,2026-10-03,US,quantile,0.05,480
2026-09-26,wk inc rsv hosp,1,2026-10-03,US,quantile,0.1,509
2026-09-26,wk inc rsv hosp,1,2026-10-03,US,quantile,0.15,528
2026-09-26,wk inc rsv hosp,1,2026-10-03,US,quantile,0.2,549
2026-09-26,wk inc rsv hosp,1,2026-10-03,US,quantile,0.25,565
2026-09-26,wk inc rsv hosp,1,2026-10-03,US,quantile,0.3,583
2026-09-26,wk inc rsv hosp,1,2026-10-03,US,quantile,0.35,600
2026-09-26,wk inc rsv hosp,1,2026-10-03,US,quantile,0.4,614
2026-09-26,wk inc rsv hosp,1,2026-10-03,US,quantile,0.45,635
2026-09-26,wk inc rsv hosp,1,2026-10-03,US,quantile,0.5,649
2026-09-26,wk inc rsv hosp,1,2026-10-03,US,quantile,0.55,663
2026-09-26,wk inc rsv hosp,1,2026-10-03,US,quantile,0.6,681
2026-09-26,wk inc rsv hosp,1,2026-10-03,US,quantile,0.65,703
2026-09-26,wk inc rsv hosp,1,2026-10-03,US,quantile,0.7,722
2026-09-26,wk inc rsv hosp,1,2026-10-03,US,quantile,0.75,744
2026-09-26,wk inc rsv hosp,1,2026-10-03,US,quantile,0.8,776
2026-09-26,wk inc rsv hosp,1,2026-10-03,US,quantile,0.85,820
2026-09-26,wk inc rsv hosp,1,2026-10-03,US,quantile,0.9,887
2026-09-26,wk inc rsv hosp,1,2026-10-03,US,quantile,0.95,993
2026-09-26,wk inc rsv hosp,1,2026-10-03,US,quantile,0.975,1194
2026-09-26,wk inc rsv hosp,1,2026-10-03,US,quantile,0.99,1470
2026-09-26,wk inc rsv hosp,2,2026-10-10,01,quantile,0.01,0
2026-09-26,wk inc rsv hosp,2,2026-10-10,01,quantile,0.025,1
2026-09-26,wk inc rsv hosp,2,2026-10-10,01,quantile,0.05,4
2026-09-26,wk inc rsv hosp,2,2026-10-10,01,quantile,0.1,6
2026-09-26,wk inc rsv hosp,2,2026-10-10,01,quantile,0.15,7
2026-09-26,wk inc rsv hosp,2,2026-10-10,01,quantile,0.2,9
2026-09-26,wk inc rsv hosp,2,2026-10-10,01,quantile,0.25,11
2026-09-26,wk inc rsv hosp,2,2026-10-10,01,quantile,0.3,12
2026-09-26,wk inc rsv hosp,2,2026-10-10,01,quantile,0.35,14
2026-09-26,wk inc rsv hosp,2,2026-10-10,01,quantile,0.4,15
2026-09-26,wk inc rsv hosp,2,2026-10-10,01,quantile,0.45,16
2026-09-26,wk inc rsv hosp,2,2026-10-10,01,quantile,0.5,18
2026-09-26,wk inc rsv hosp,2,2026-10-10,01,quantile,0.55,20
2026-09-26,wk inc rsv hosp,2,2026-10-10,01,quantile,0.6,22
2026-09-26,wk inc rsv hosp,2,2026-10-10,01,quantile,0.65,25
2026-09-26,wk inc rsv hosp,2,2026-10-10,01,quantile,0.7,29
2026-09-26,wk inc rsv hosp,2,2026-10-10,01,quantile,0.75,33
2026-09-26,wk inc rsv hosp,2,2026-10-10,01,quantile,0.8,38
2026-09-26,wk inc rsv hosp,2,2026-10-10,01,quantile,0.85,46
2026-09-26,wk inc rsv hosp,2,2026-10-10,01,quantile,0.9,56
2026-09-26,wk inc rsv hosp,2,2026-10-10,01,quantile,0.95,88
2026-09-26,wk inc rsv hosp,2,2026-10-10,01,quantile,0.975,112
2026-09-26,wk inc rsv hosp,2,2026-10-10,01,quantile,0.99,137
2026-09-26,wk inc rsv hosp,2,2026-10-10,02,quantile,0.01,0
2026-09-26,wk inc rsv hosp,2,2026-10-10,02,quantile,0.025,0
2026-09-26,wk inc rsv hosp,2,2026-10-10,02,quantile,0.05,1
2026-09-26,wk inc rsv hosp,2,2026-10-10,02,quantile,0.1,2
2026-09-26,wk inc rsv hosp,2,2026-10-10,02,quantile,0.15,4
2026-09-26,wk inc rsv hosp,2,2026-10-10,02,quantile,0.2,5
2026-09-26,wk inc rsv hosp,2,2026-10-10,02,quantile,0.25,5
2026-09-26,wk inc rsv hosp,2,2026-10-10,02,quantile,0.3,6
2026-09-26,wk inc rsv hosp,2,2026-10-10,02,quantile,0.35,7
2026-09-26,wk inc rsv hosp,2,2026-10-10,02,quantile,0.4,8
2026-09-26,wk inc rsv hosp,2,2026-10-10,02,quantile,0.45,9
2026-09-26,wk inc rsv hosp,2,2026-10-10,02,quantile,0.5,10
2026-09-26,wk inc rsv hosp,2,2026-10-10,02,quantile,0.55,11
2026-09-26,wk inc rsv hosp,2,2026-10-10,02,quantile,0.6,13
2026-09-26,wk inc rsv hosp,2,2026-10-10,02,quantile,0.65,14
2026-09-26,wk inc rsv hosp,2,2026-10-10,02,quantile,0.7,17
2026-09-26,wk inc rsv hosp,2,2026-10-10,02,quantile,0.75,20
2026-09-26,wk inc rsv hosp,2,2026-10-10,02,quantile,0.8,24
2026-09-26,wk inc rsv hosp,2,2026-10-10,02,quantile,0.85,29
2026-09-26,wk inc rsv hosp,2,2026-10-10,02,quantile,0.9,37
2026-09-26,wk inc rsv hosp,2,2026-10-10,02,quantile,0.95,54
2026-09-26,wk inc rsv hosp,2,2026-10-10,02,quantile,0.975,70
2026-09-26,wk inc rsv hosp,2,2026-10-10,02,quantile,0.99,100
2026-09-26,wk inc rsv hosp,2,2026-10-10,04,quantile,0.01,0
2026-09-26,wk inc rsv hosp,2,2026-10-10,04,quantile,0.025,0
2026-09-26,wk inc rsv hosp,2,2026-10-10,04,quantile,0.05,0
2026-09-26,wk inc rsv hosp,2,2026-10-10,04,quantile,0.1,0
2026-09-26,wk inc rsv hosp,2,2026-10-10,04,quantile,0.15,0
2026-09-26,wk inc rsv hosp,2,2026-10-10,04,quantile,0.2,0
2026-09-26,wk inc rsv hosp,2,2026-10-10,04,quantile,0.25,0
2026-09-26,wk inc rsv hosp,2,2026-10-10,04,quantile,0.3,0
2026-09-26,wk inc rsv hosp,2,2026-10-10,04,quantile,0.35,0
2026-09-26,wk inc rsv hosp,2,2026-10-10,04,quantile,0.4,0
2026-09-26,wk inc rsv hosp,2,2026-10-10,04,quantile,0.45,0
2026-09-26,wk inc rsv hosp,2,2026-10-10,04,quantile,0.5,1
2026-09-26,wk inc rsv hosp,2,2026-10-10,04,quantile,0.55,1
2026-09-26,wk inc rsv hosp,2,2026-10-10,04,quantile,0.6,2
2026-09-26,wk inc rsv hosp,2,2026-10-10,04,quantile,0.65,2
2026-09-26,wk inc rsv hosp,2,2026-10-10,04,quantile,0.7,3
2026-09-26,wk inc rsv hosp,2,2026-10-10,04,quantile,0.75,4
2026-09-26,wk inc rsv hosp,2,2026-10-10,04,quantile,0.8,5
2026-09-26,wk inc rsv hosp,2,2026-10-10,04,quantile,0.85,7
2026-09-26,wk inc rsv hosp,2,2026-10-10,04,quantile,0.9,10
2026-09-26,wk inc rsv hosp,2,2026-10-10,04,quantile,0.95,16
2026-09-26,wk inc rsv hosp,2,2026-10-10,04,quantile,0.975,24
2026-09-26,wk inc rsv hosp,2,2026-10-10,04,quantile,0.99,40
2026-09-26,wk inc rsv hosp,2,2026-10-10,05,quantile,0.01,0
2026-09-26,wk inc rsv hosp,2,2026-10-10,05,quantile,0.025,0
2026-09-26,wk inc rsv hosp,2,2026-10-10,05,quantile,0.05,0
2026-09-26,wk inc rsv hosp,2,2026-10-10,05,quantile,0.1,0
2026-09-26,wk inc rsv hosp,2,2026-10-10,05,quantile,0.15,0
2026-09-26,wk inc rsv hosp,2,2026-10-10,05,quantile,0.2,0
2026-09-26,wk inc rsv hosp,2,2026-10-10,05,quantile,0.25,0
2026-09-26,wk inc rsv hosp,2,2026-10-10,05,quantile,0.3,0
2026-09-26,wk inc rsv hosp,2,2026-10-10,05,quantile,0.35,1
2026-09-26,wk inc rsv hosp,2,2026-10-10,05,quantile,0.4,1
2026-09-26,wk inc rsv hosp,2,2026-10-10,05,quantile,0.45,1
2026-09-26,wk inc rsv hosp,2,2026-10-10,05,quantile,0.5,2
2026-09-26,wk inc rsv hosp,2,2026-10-10,05,quantile,0.55,2
2026-09-26,wk inc rsv hosp,2,2026-10-10,05,quantile,0.6,3
2026-09-26,wk inc rsv hosp,2,2026-10-10,05,quantile,0.65,3
2026-09-26,wk inc rsv hosp,2,2026-10-10,05,quantile,0.7,4
2026-09-26,wk inc rsv hosp,2,2026-10-10,05,quantile,0.75,4
2026-09-26,wk inc rsv hosp,2,2026-10-10,05,quantile,0.8,5
2026-09-26,wk inc rsv hosp,2,2026-10-10,05,quantile,0.85,6
2026-09-26,wk inc rsv hosp,2,2026-10-10,05,quantile,0.9,9
2026-09-26,wk inc rsv hosp,2,2026-10-10,05,quantile,0.95,17
2026-09-26,wk inc rsv hosp,2,2026-10-10,05,quantile,0.975,23
2026-09-26,wk inc rsv hosp,2,2026-10-10,05,quantile,0.99,33
2026-09-26,wk inc rsv hosp,2,2026-10-10,06,quantile,0.01,0
2026-09-26,wk inc rsv hosp,2,2026-10-10,06,quantile,0.025,0
2026-09-26,wk inc rsv hosp,2,2026-10-10,06,quantile,0.05,2
2026-09-26,wk inc rsv hosp,2,2026-10-10,06,quantile,0.1,5
2026-09-26,wk inc rsv hosp,2,2026-10-10,06,quantile,0.15,7
2026-09-26,wk inc rsv hosp,2,2026-10-10,06,quantile,0.2,9
2026-09-26,wk inc rsv hosp,2,2026-10-10,06,quantile,0.25,11
2026-09-26,wk inc rsv hosp,2,2026-10-10,06,quantile,0.3,12
2026-09-26,wk inc rsv hosp,2,2026-10-10,06,quantile,0.35,14
2026-09-26,wk inc rsv hosp,2,2026-10-10,06,quantile,0.4,16
2026-09-26,wk inc rsv hosp,2,2026-10-10,06,quantile,0.45,18
2026-09-26,wk inc rsv hosp,2,2026-10-10,06,quantile,0.5,21
2026-09-26,wk inc rsv hosp,2,2026-10-10,06,quantile,0.55,23
2026-09-26,wk inc rsv hosp,2,2026-10-10,06,quantile,0.6,26
2026-09-26,wk inc rsv hosp,2,2026-10-10,06,quantile,0.65,30
2026-09-26,wk inc rsv hosp,2,2026-10-10,06,quantile,0.7,34
2026-09-26,wk inc rsv hosp,2,2026-10-10,06,quantile,0.75,38
2026-09-26,wk inc rsv hosp,2,2026-10-10,06,quantile,0.8,45
2026-09-26,wk inc rsv hosp,2,2026-10-10,06,quantile,0.85,52
2026-09-26,wk inc rsv hosp,2,2026-10-10,06,quantile,0.9,66
2026-09-26,wk inc rsv hosp,2,2026-10-10,06,quantile,0.95,91
2026-09-26,wk inc rsv hosp,2,2026-10-10,06,quantile,0.975,120
2026-09-26,wk inc rsv hosp,2,2026-10-10,06,quantile,0.99,159
2026-09-26,wk inc rsv hosp,2,2026-10-10,08,quantile,0.01,0
2026-09-26,wk inc rsv hosp,2,2026-10-10,08,quantile,0.025,0
2026-09-26,wk inc rsv hosp,2,2026-10-10,08,quantile,0.05,0
2026-09-26,wk inc rsv hosp,2,2026-10-10,08,quantile,0.1,0
2026-09-26,wk inc rsv hosp,2,2026-10-10,08,quantile,0.15,0
2026-09-26,wk inc rsv hosp,2,2026-10-10,08,quantile,0.2,0
2026-09-26,wk inc rsv hosp,2,2026-10-10,08,quantile,0.25,0
2026-09-26,wk inc rsv hosp,2,2026-10-10,08,quantile,0.3,0
2026-09-26,wk inc rsv hosp,2,2026-10-10,08,quantile,0.35,1
2026-09-26,wk inc rsv hosp,2,2026-10-10,08,quantile,0.4,1
2026-09-26,wk inc rsv hosp,2,2026-10-10,08,quantile,0.45,1
2026-09-26,wk inc rsv hosp,2,2026-10-10,08,quantile,0.5,1
2026-09-26,wk inc rsv hosp,2,2026-10-10,08,quantile,0.55,1
2026-09-26,wk inc rsv hosp,2,2026-10-10,08,quantile,0.6,2
2026-09-26,wk inc rsv hosp,2,2026-10-10,08,quantile,0.65,2
2026-09-26,wk inc rsv hosp,2,2026-10-10,08,quantile,0.7,3
2026-09-26,wk inc rsv hosp,2,2026-10-10,08,quantile,0.75,3
2026-09-26,wk inc rsv hosp,2,2026-10-10,08,quantile,0.8,4
2026-09-26,wk inc rsv hosp,2,2026-10-10,08,quantile,0.85,6
2026-09-26,wk inc rsv hosp,2,2026-10-10,08,quantile,0.9,7
2026-09-26,wk inc rsv hosp,2,2026-10-10,08,quantile,0.95,13
2026-09-26,wk inc rsv hosp,2,2026-10-10,08,quantile,0.975,27
2026-09-26,wk inc rsv hosp,2,2026-10-10,08,quantile,0.99,44
2026-09-26,wk inc rsv hosp,2,2026-10-10,09,quantile,0.01,0
2026-09-26,wk inc rsv hosp,2,2026-10-10,09,quantile,0.025,0
2026-09-26,wk inc rsv hosp,2,2026-10-10,09,quantile,0.05,0
2026-09-26,wk inc rsv hosp,2,2026-10-10,09,quantile,0.1,0
2026-09-26,wk inc rsv hosp,2,2026-10-10,09,quantile,0.15,0
2026-09-26,wk inc rsv hosp,2,2026-10-10,09,quantile,0.2,0
2026-09-26,wk inc rsv hosp,2,2026-10-10,09,quantile,0.25,0
2026-09-26,wk inc rsv hosp,2,2026-10-10,09,quantile,0.3,0
2026-09-26,wk inc rsv hosp,2,2026-10-10,09,quantile,0.35,0
2026-09-26,wk inc rsv hosp,2,2026-10-10,09,quantile,0.4,0
2026-09-26,wk inc rsv hosp,2,2026-10-10,09,quantile,0.45,0
2026-09-26,wk inc rsv hosp,2,2026-10-10,09,quantile,0.5,0
2026-09-26,wk inc rsv hosp,2,2026-10-10,09,quantile,0.55,0
2026-09-26,wk inc rsv hosp,2,2026-10-10,09,quantile,0.6,0
2026-09-26,wk inc rsv hosp,2,2026-10-10,09,quantile,0.65,0
2026-09-26,wk inc rsv hosp,2,2026-10-10,09,quantile,0.7,0
2026-09-26,wk inc rsv hosp,2,2026-10-10,09,quantile,0.75,1
2026-09-26,wk inc rsv hosp,2,2026-10-10,09,quantile,0.8,2
2026-09-26,wk inc rsv hosp,2,2026-10-10,09,quantile,0.85,2
2026-09-26,wk inc rsv hosp,2,2026-10-10,09,quantile,0.9,3
2026-09-26,wk inc rsv hosp,2,2026-10-10,09,quantile,0.95,6
2026-09-26,wk inc rsv hosp,2,2026-10-10,09,quantile,0.975,10
2026-09-26,wk inc rsv hosp,2,2026-10-10,09,quantile,0.99,20
2026-09-26,wk inc rsv hosp,2,2026-10-10,10,quantile,0.01,0
2026-09-26,wk inc rsv hosp,2,2026-10-10,10,quantile,0.025,0
2026-09-26,wk inc rsv hosp,2,2026-10-10,10,quantile,0.05,0
2026-09-26,wk inc rsv hosp,2,2026-10-10,10,quantile,0.1,0
2026-09-26,wk inc rsv hosp,2,2026-10-10,10,quantile,0.15,1
2026-09-26,wk inc rsv hosp,2,2026-10-10,10,quantile,0.2,1
2026-09-26,wk inc rsv hosp,2,2026-10-10,10,quantile,0.25,1
2026-09-26,wk inc rsv hosp,2,2026-10-10,10,quantile,0.3,2
2026-09-26,wk inc rsv hosp,2,2026-10-10,10,quantile,0.35,2
2026-09-26,wk inc rsv hosp,2,2026-10-10,10,quantile,0.4,2
2026-09-26,wk inc rsv hosp,2,2026-10-10,10,quantile,0.45,3
2026-09-26,wk inc rsv hosp,2,2026-10-10,10,quantile,0.5,3
2026-09-26,wk inc rsv hosp,2,2026-10-10,10,quantile,0.55,3
2026-09-26,wk inc rsv hosp,2,2026-10-10,10,quantile,0.6,4
2026-09-26,wk inc rsv hosp,2,2026-10-10,10,quantile,0.65,4
2026-09-26,wk inc rsv hosp,2,2026-10-10,10,quantile,0.7,5
2026-09-26,wk inc rsv hosp,2,2026-10-10,10,quantile,0.75,6
2026-09-26,wk inc rsv hosp,2,2026-10-10,10,quantile,0.8,7
2026-09-26,wk inc rsv hosp,2,2026-10-10,10,quantile,0.85,8
2026-09-26,wk inc rsv hosp,2,2026-10-10,10,quantile,0.9,10
2026-09-26,wk inc rsv hosp,2,2026-10-10,10,quantile,0.95,14
2026-09-26,wk inc rsv hosp,2,2026-10-10,10,quantile,0.975,19
2026-09-26,wk inc rsv hosp,2,2026-10-10,10,quantile,0.99,31
2026-09-26,wk inc rsv hosp,2,2026-10-10,11,quantile,0.01,0
2026-09-26,wk inc rsv hosp,2,2026-10-10,11,quantile,0.025,0
2026-09-26,wk inc rsv hosp,2,2026-10-10,11,quantile,0.05,0
2026-09-26,wk inc rsv hosp,2,2026-10-10,11,quantile,0.1,0
2026-09-26,wk inc rsv hosp,2,2026-10-10,11,quantile,0.15,0
2026-09-26,wk inc rsv hosp,2,2026-10-10,11,quantile,0.2,0
2026-09-26,wk inc rsv hosp,2,2026-10-10,11,quantile,0.25,0
2026-09-26,wk inc rsv hosp,2,2026-10-10,11,quantile,0.3,0
2026-09-26,wk inc rsv hosp,2,2026-10-10,11,quantile,0.35,0
2026-09-26,wk inc rsv hosp,2,2026-10-10,11,quantile,0.4,0
2026-09-26,wk inc rsv hosp,2,2026-10-10,11,quantile,0.45,0
2026-09-26,wk inc rsv hosp,2,2026-10-10,11,quantile,0.5,0
2026-09-26,wk inc rsv hosp,2,2026-10-10,11,quantile,0.55,0
2026-09-26,wk inc rsv hosp,2,2026-10-10,11,quantile,0.6,0
2026-09-26,wk inc rsv hosp,2,2026-10-10,11,quantile,0.65,0
2026-09-26,wk inc rsv hosp,2,2026-10-10,11,quantile,0.7,0
2026-09-26,wk inc rsv hosp,2,2026-10-10,11,quantile,0.75,0
2026-09-26,wk inc rsv hosp,2,2026-10-10,11,quantile,0.8,0
2026-09-26,wk inc rsv hosp,2,2026-10-10,11,quantile,0.85,0
2026-09-26,wk inc rsv hosp,2,2026-10-10,11,quantile,0.9,0
2026-09-26,wk inc rsv hosp,2,2026-10-10,11,quantile,0.95,1
2026-09-26,wk inc rsv hosp,2,2026-10-10,11,quantile,0.975,2
2026-09-26,wk inc rsv hosp,2,2026-10-10,11,quantile,0.99,5
2026-09-26,wk inc rsv hosp,2,2026-10-10,12,quantile,0.01,45
2026-09-26,wk inc rsv hosp,2,2026-10-10,12,quantile,0.025,60
2026-09-26,wk inc rsv hosp,2,2026-10-10,12,quantile,0.05,75
2026-09-26,wk inc rsv hosp,2,2026-10-10,12,quantile,0.1,91
2026-09-26,wk inc rsv hosp,2,2026-10-10,12,quantile,0.15,104
2026-09-26,wk inc rsv hosp,2,2026-10-10,12,quantile,0.2,113
2026-09-26,wk inc rsv hosp,2,2026-10-10,12,quantile,0.25,123
2026-09-26,wk inc rsv hosp,2,2026-10-10,12,quantile,0.3,136
2026-09-26,wk inc rsv hosp,2,2026-10-10,12,quantile,0.35,148
2026-09-26,wk inc rsv hosp,2,2026-10-10,12,quantile,0.4,158
2026-09-26,wk inc rsv hosp,2,2026-10-10,12,quantile,0.45,170
2026-09-26,wk inc rsv hosp,2,2026-10-10,12,quantile,0.5,184
2026-09-26,wk inc rsv hosp,2,2026-10-10,12,quantile,0.55,198
2026-09-26,wk inc rsv hosp,2,2026-10-10,12,quantile,0.6,216
2026-09-26,wk inc rsv hosp,2,2026-10-10,12,quantile,0.65,230
2026-09-26,wk inc rsv hosp,2,2026-10-10,12,quantile,0.7,255
2026-09-26,wk inc rsv hosp,2,2026-10-10,12,quantile,0.75,280
2026-09-26,wk inc rsv hosp,2,2026-10-10,12,quantile,0.8,317
2026-09-26,wk inc rsv hosp,2,2026-10-10,12,quantile,0.85,361
2026-09-26,wk inc rsv hosp,2,2026-10-10,12,quantile,0.9,444
2026-09-26,wk inc rsv hosp,2,2026-10-10,12,quantile,0.95,563
2026-09-26,wk inc rsv hosp,2,2026-10-10,12,quantile,0.975,657
2026-09-26,wk inc rsv hosp,2,2026-10-10,12,quantile,0.99,901
2026-09-26,wk inc rsv hosp,2,2026-10-10,13,quantile,0.01,0
2026-09-26,wk inc rsv hosp,2,2026-10-10,13,quantile,0.025,1
2026-09-26,wk inc rsv hosp,2,2026-10-10,13,quantile,0.05,2
2026-09-26,wk inc rsv hosp,2,2026-10-10,13,quantile,0.1,5
2026-09-26,wk inc rsv hosp,2,2026-10-10,13,quantile,0.15,6
2026-09-26,wk inc rsv hosp,2,2026-10-10,13,quantile,0.2,8
2026-09-26,wk inc rsv hosp,2,2026-10-10,13,quantile,0.25,9
2026-09-26,wk inc rsv hosp,2,2026-10-10,13,quantile,0.3,10
2026-09-26,wk inc rsv hosp,2,2026-10-10,13,quantile,0.35,11
2026-09-26,wk inc rsv hosp,2,2026-10-10,13,quantile,0.4,13
2026-09-26,wk inc rsv hosp,2,2026-10-10,13,quantile,0.45,14
2026-09-26,wk inc rsv hosp,2,2026-10-10,13,quantile,0.5,15
2026-09-26,wk inc rsv hosp,2,2026-10-10,13,quantile,0.55,17
2026-09-26,wk inc rsv hosp,2,2026-10-10,13,quantile,0.6,18
2026-09-26,wk inc rsv hosp,2,2026-10-10,13,quantile,0.65,21
2026-09-26,wk inc rsv hosp,2,2026-10-10,13,quantile,0.7,23
2026-09-26,wk inc rsv hosp,2,2026-10-10,13,quantile,0.75,27
2026-09-26,wk inc rsv hosp,2,2026-10-10,13,quantile,0.8,31
2026-09-26,wk inc rsv hosp,2,2026-10-10,13,quantile,0.85,35
2026-09-26,wk inc rsv hosp,2,2026-10-10,13,quantile,0.9,44
2026-09-26,wk inc rsv hosp,2,2026-10-10,13,quantile,0.95,63
2026-09-26,wk inc rsv hosp,2,2026-10-10,13,quantile,0.975,88
2026-09-26,wk inc rsv hosp,2,2026-10-10,13,quantile,0.99,110
2026-09-26,wk inc rsv hosp,2,2026-10-10,15,quantile,0.01,0
2026-09-26,wk inc rsv hosp,2,2026-10-10,15,quantile,0.025,1
2026-09-26,wk inc rsv hosp,2,2026-10-10,15,quantile,0.05,1
2026-09-26,wk inc rsv hosp,2,2026-10-10,15,quantile,0.1,3
2026-09-26,wk inc rsv hosp,2,2026-10-10,15,quantile,0.15,4
2026-09-26,wk inc rsv hosp,2,2026-10-10,15,quantile,0.2,5
2026-09-26,wk inc rsv hosp,2,2026-10-10,15,quantile,0.25,5
2026-09-26,wk inc rsv hosp,2,2026-10-10,15,quantile,0.3,6
2026-09-26,wk inc rsv hosp,2,2026-10-10,15,quantile,0.35,7
2026-09-26,wk inc rsv hosp,2,2026-10-10,15,quantile,0.4,8
2026-09-26,wk inc rsv hosp,2,2026-10-10,15,quantile,0.45,8
2026-09-26,wk inc rsv hosp,2,2026-10-10,15,quantile,0.5,9
2026-09-26,wk inc rsv hosp,2,2026-10-10,15,quantile,0.55,10
2026-09-26,wk inc rsv hosp,2,2026-10-10,15,quantile,0.6,11
2026-09-26,wk inc rsv hosp,2,2026-10-10,15,quantile,0.65,12
2026-09-26,wk inc rsv hosp,2,2026-10-10,15,quantile,0.7,14
2026-09-26,wk inc rsv hosp,2,2026-10-10,15,quantile,0.75,17
2026-09-26,wk inc rsv hosp,2,2026-10-10,15,quantile,0.8,20
2026-09-26,wk inc rsv hosp,2,2026-10-10,15,quantile,0.85,23
2026-09-26,wk inc rsv hosp,2,2026-10-10,15,quantile,0.9,28
2026-09-26,wk inc rsv hosp,2,2026-10-10,15,quantile,0.95,39
2026-09-26,wk inc rsv hosp,2,2026-10-10,15,quantile,0.975,59
2026-09-26,wk inc rsv hosp,2,2026-10-10,15,quantile,0.99,77
2026-09-26,wk inc rsv hosp,2,2026-10-10,16,quantile,0.01,0
2026-09-26,wk inc rsv hosp,2,2026-10-10,16,quantile,0.025,0
2026-09-26,wk inc rsv hosp,2,2026-10-10,16,quantile,0.05,0
2026-09-26,wk inc rsv hosp,2,2026-10-10,16,quantile,0.1,0
2026-09-26,wk inc rsv hosp,2,2026-10-10,16,quantile,0.15,0
2026-09-26,wk inc rsv hosp,2,2026-10-10,16,quantile,0.2,0
2026-09-26,wk inc rsv hosp,2,2026-10-10,16,quantile,0.25,0
2026-09-26,wk inc rsv hosp,2,2026-10-10,16,quantile,0.3,0
2026-09-26,wk inc rsv hosp,2,2026-10-10,16,quantile,0.35,0
2026-09-26,wk inc rsv hosp,2,2026-10-10,16,quantile,0.4,0
2026-09-26,wk inc rsv hosp,2,2026-10-10,16,quantile,0.45,0
2026-09-26,wk inc rsv hosp,2,2026-10-10,16,quantile,0.5,0
2026-09-26,wk inc rsv hosp,2,2026-10-10,16,quantile,0.55,0
2026-09-26,wk inc rsv hosp,2,2026-10-10,16,quantile,0.6,0
2026-09-26,wk inc rsv hosp,2,2026-10-10,16,quantile,0.65,0
2026-09-26,wk inc rsv hosp,2,2026-10-10,16,quantile,0.7,0
2026-09-26,wk inc rsv hosp,2,2026-10-10,16,quantile,0.75,0
2026-09-26,wk inc rsv hosp,2,2026-10-10,16,quantile,0.8,0
2026-09-26,wk inc rsv hosp,2,2026-10-10,16,quantile,0.85,0
2026-09-26,wk inc rsv hosp,2,2026-10-10,16,quantile,0.9,0
2026-09-26,wk inc rsv hosp,2,2026-10-10,16,quantile,0.95,0
2026-09-26,wk inc rsv hosp,2,2026-10-10,16,quantile,0.975,1
2026-09-26,wk inc rsv hosp,2,2026-10-10,16,quantile,0.99,2
2026-09-26,wk inc rsv hosp,2,2026-10-10,17,quantile,0.01,0
2026-09-26,wk inc rsv hosp,2,2026-10-10,17,quantile,0.025,2
2026-09-26,wk inc rsv hosp,2,2026-10-10,17,quantile,0.05,3
2026-09-26,wk inc rsv hosp,2,2026-10-10,17,quantile,0.1,6
2026-09-26,wk inc rsv hosp,2,2026-10-10,17,quantile,0.15,7
2026-09-26,wk inc rsv hosp,2,2026-10-10,17,quantile,0.2,9
2026-09-26,wk inc rsv hosp,2,2026-10-10,17,quantile,0.25,11
2026-09-26,wk inc rsv hosp,2,2026-10-10,17,quantile,0.3,12
2026-09-26,wk inc rsv hosp,2,2026-10-10,17,quantile,0.35,14
2026-09-26,wk inc rsv hosp,2,2026-10-10,17,quantile,0.4,15
2026-09-26,wk inc rsv hosp,2,2026-10-10,17,quantile,0.45,17
2026-09-26,wk inc rsv hosp,2,2026-10-10,17,quantile,0.5,19
2026-09-26,wk inc rsv hosp,2,2026-10-10,17,quantile,0.55,21
2026-09-26,wk inc rsv hosp,2,2026-10-10,17,quantile,0.6,24
2026-09-26,wk inc rsv hosp,2,2026-10-10,17,quantile,0.65,27
2026-09-26,wk inc rsv hosp,2,2026-10-10,17,quantile,0.7,32
2026-09-26,wk inc rsv hosp,2,2026-10-10,17,quantile,0.75,37
2026-09-26,wk inc rsv hosp,2,2026-10-10,17,quantile,0.8,43
2026-09-26,wk inc rsv hosp,2,2026-10-10,17,quantile,0.85,54
2026-09-26,wk inc rsv hosp,2,2026-10-10,17,quantile,0.9,69
2026-09-26,wk inc rsv hosp,2,2026-10-10,17,quantile,0.95,107
2026-09-26,wk inc rsv hosp,2,2026-10-10,17,quantile,0.975,156
2026-09-26,wk inc rsv hosp,2,2026-10-10,17,quantile,0.99,231
2026-09-26,wk inc rsv hosp,2,2026-10-10,18,quantile,0.01,0
2026-09-26,wk inc rsv hosp,2,2026-10-10,18,quantile,0.025,0
2026-09-26,wk inc rsv hosp,2,2026-10-10,18,quantile,0.05,0
2026-09-26,wk inc rsv hosp,2,2026-10-10,18,quantile,0.1,0
2026-09-26,wk inc rsv hosp,2,2026-10-10,18,quantile,0.15,0
2026-09-26,wk inc rsv hosp,2,2026-10-10,18,quantile,0.2,1
2026-09-26,wk inc rsv hosp,2,2026-10-10,18,quantile,0.25,1
2026-09-26,wk inc rsv hosp,2,2026-10-10,18,quantile,0.3,2
2026-09-26,wk inc rsv hosp,2,2026-10-10,18,quantile,0.35,2
2026-09-26,wk inc rsv hosp,2,2026-10-10,18,quantile,0.4,3
2026-09-26,wk inc rsv hosp,2,2026-10-10,18,quantile,0.45,3
2026-09-26,wk inc rsv hosp,2,2026-10-10,18,quantile,0.5,4
2026-09-26,wk inc rsv hosp,2,2026-10-10,18,quantile,0.55,4
2026-09-26,wk inc rsv hosp,2,2026-10-10,18,quantile,0.6,5
2026-09-26,wk inc rsv hosp,2,2026-10-10,18,quantile,0.65,6
2026-09-26,wk inc rsv hosp,2,2026-10-10,18,quantile,0.7,7
2026-09-26,wk inc rsv hosp,2,2026-10-10,18,quantile,0.75,8
2026-09-26,wk inc rsv hosp,2,2026-10-10,18,quantile,0.8,10
2026-09-26,wk inc rsv hosp,2,2026-10-10,18,quantile,0.85,13
2026-09-26,wk inc rsv hosp,2,2026-10-10,18,quantile,0.9,17
2026-09-26,wk inc rsv hosp,2,2026-10-10,18,quantile,0.95,27
2026-09-26,wk inc rsv hosp,2,2026-10-10,18,quantile,0.975,41
2026-09-26,wk inc rsv hosp,2,2026-10-10,18,quantile,0.99,73
2026-09-26,wk inc rsv hosp,2,2026-10-10,19,quantile,0.01,0
2026-09-26,wk inc rsv hosp,2,2026-10-10,19,quantile,0.025,0
2026-09-26,wk inc rsv hosp,2,2026-10-10,19,quantile,0.05,0
2026-09-26,wk inc rsv hosp,2,2026-10-10,19,quantile,0.1,0
2026-09-26,wk inc rsv hosp,2,2026-10-10,19,quantile,0.15,0
2026-09-26,wk inc rsv hosp,2,2026-10-10,19,quantile,0.2,0
2026-09-26,wk inc rsv hosp,2,2026-10-10,19,quantile,0.25,1
2026-09-26,wk inc rsv hosp,2,2026-10-10,19,quantile,0.3,1
2026-09-26,wk inc rsv hosp,2,2026-10-10,19,quantile,0.35,1
2026-09-26,wk inc rsv hosp,2,2026-10-10,19,quantile,0.4,2
2026-09-26,wk inc rsv hosp,2,2026-10-10,19,quantile,0.45,2
2026-09-26,wk inc rsv hosp,2,2026-10-10,19,quantile,0.5,3
2026-09-26,wk inc rsv hosp,2,2026-10-10,19,quantile,0.55,3
2026-09-26,wk inc rsv hosp,2,2026-10-10,19,quantile,0.6,4
2026-09-26,wk inc rsv hosp,2,2026-10-10,19,quantile,0.65,5
2026-09-26,wk inc rsv hosp,2,2026-10-10,19,quantile,0.7,6
2026-09-26,wk inc rsv hosp,2,2026-10-10,19,quantile,0.75,7
2026-09-26,wk inc rsv hosp,2,2026-10-10,19,quantile,0.8,9
2026-09-26,wk inc rsv hosp,2,2026-10-10,19,quantile,0.85,11
2026-09-26,wk inc rsv hosp,2,2026-10-10,19,quantile,0.9,15
2026-09-26,wk inc rsv hosp,2,2026-10-10,19,quantile,0.95,26
2026-09-26,wk inc rsv hosp,2,2026-10-10,19,quantile,0.975,45
2026-09-26,wk inc rsv hosp,2,2026-10-10,19,quantile,0.99,78
2026-09-26,wk inc rsv hosp,2,2026-10-10,20,quantile,0.01,0
2026-09-26,wk inc rsv hosp,2,2026-10-10,20,quantile,0.025,0
2026-09-26,wk inc rsv hosp,2,2026-10-10,20,quantile,0.05,0
2026-09-26,wk inc rsv hosp,2,2026-10-10,20,quantile,0.1,0
2026-09-26,wk inc rsv hosp,2,2026-10-10,20,quantile,0.15,0
2026-09-26,wk inc rsv hosp,2,2026-10-10,20,quantile,0.2,0
2026-09-26,wk inc rsv hosp,2,2026-10-10,20,quantile,0.25,0
2026-09-26,wk inc rsv hosp,2,2026-10-10,20,quantile,0.3,0
2026-09-26,wk inc rsv hosp,2,2026-10-10,20,quantile,0.35,1
2026-09-26,wk inc rsv hosp,2,2026-10-10,20,quantile,0.4,1
2026-09-26,wk inc rsv hosp,2,2026-10-10,20,quantile,0.45,1
2026-09-26,wk inc rsv hosp,2,2026-10-10,20,quantile,0.5,2
2026-09-26,wk inc rsv hosp,2,2026-10-10,20,quantile,0.55,2
2026-09-26,wk inc rsv hosp,2,2026-10-10,20,quantile,0.6,3
2026-09-26,wk inc rsv hosp,2,2026-10-10,20,quantile,0.65,3
2026-09-26,wk inc rsv hosp,2,2026-10-10,20,quantile,0.7,4
2026-09-26,wk inc rsv hosp,2,2026-10-10,20,quantile,0.75,5
2026-09-26,wk inc rsv hosp,2,2026-10-10,20,quantile,0.8,7
2026-09-26,wk inc rsv hosp,2,2026-10-10,20,quantile,0.85,9
2026-09-26,wk inc rsv hosp,2,2026-10-10,20,quantile,0.9,12
2026-09-26,wk inc rsv hosp,2,2026-10-10,20,quantile,0.95,20
2026-09-26,wk inc rsv hosp,2,2026-10-10,20,quantile,0.975,32
2026-09-26,wk inc rsv hosp,2,2026-10-10,20,quantile,0.99,45
2026-09-26,wk inc rsv hosp,2,2026-10-10,21,quantile,0.01,0
2026-09-26,wk inc rsv hosp,2,2026-10-10,21,quantile,0.025,0
2026-09-26,wk inc rsv hosp,2,2026-10-10,21,quantile,0.05,0
2026-09-26,wk inc rsv hosp,2,2026-10-10,21,quantile,0.1,0
2026-09-26,wk inc rsv hosp,2,2026-10-10,21,quantile,0.15,0
2026-09-26,wk inc rsv hosp,2,2026-10-10,21,quantile,0.2,0
2026-09-26,wk inc rsv hosp,2,2026-10-10,21,quantile,0.25,0
2026-09-26,wk inc rsv hosp,2,2026-10-10,21,quantile,0.3,0
2026-09-26,wk inc rsv hosp,2,2026-10-10,21,quantile,0.35,0
2026-09-26,wk inc rsv hosp,2,2026-10-10,21,quantile,0.4,1
2026-09-26,wk inc rsv hosp,2,2026-10-10,21,quantile,0.45,1
2026-09-26,wk inc rsv hosp,2,2026-10-10,21,quantile,0.5,2
2026-09-26,wk inc rsv hosp,2,2026-10-10,21,quantile,0.55,2
2026-09-26,wk inc rsv hosp,2,2026-10-10,21,quantile,0.6,3
2026-09-26,wk inc rsv hosp,2,2026-10-10,21,quantile,0.65,3
2026-09-26,wk inc rsv hosp,2,2026-10-10,21,quantile,0.7,4
2026-09-26,wk inc rsv hosp,2,2026-10-10,21,quantile,0.75,5
2026-09-26,wk inc rsv hosp,2,2026-10-10,21,quantile,0.8,6
2026-09-26,wk inc rsv hosp,2,2026-10-10,21,quantile,0.85,8
2026-09-26,wk inc rsv hosp,2,2026-10-10,21,quantile,0.9,11
2026-09-26,wk inc rsv hosp,2,2026-10-10,21,quantile,0.95,15
2026-09-26,wk inc rsv hosp,2,2026-10-10,21,quantile,0.975,26
2026-09-26,wk inc rsv hosp,2,2026-10-10,21,quantile,0.99,46
2026-09-26,wk inc rsv hosp,2,2026-10-10,22,quantile,0.01,0
2026-09-26,wk inc rsv hosp,2,2026-10-10,22,quantile,0.025,0
2026-09-26,wk inc rsv hosp,2,2026-10-10,22,quantile,0.05,1
2026-09-26,wk inc rsv hosp,2,2026-10-10,22,quantile,0.1,2
2026-09-26,wk inc rsv hosp,2,2026-10-10,22,quantile,0.15,3
2026-09-26,wk inc rsv hosp,2,2026-10-10,22,quantile,0.2,3
2026-09-26,wk inc rsv hosp,2,2026-10-10,22,quantile,0.25,4
2026-09-26,wk inc rsv hosp,2,2026-10-10,22,quantile,0.3,4
2026-09-26,wk inc rsv hosp,2,2026-10-10,22,quantile,0.35,5
2026-09-26,wk inc rsv hosp,2,2026-10-10,22,quantile,0.4,5
2026-09-26,wk inc rsv hosp,2,2026-10-10,22,quantile,0.45,6
2026-09-26,wk inc rsv hosp,2,2026-10-10,22,quantile,0.5,7
2026-09-26,wk inc rsv hosp,2,2026-10-10,22,quantile,0.55,7
2026-09-26,wk inc rsv hosp,2,2026-10-10,22,quantile,0.6,8
2026-09-26,wk inc rsv hosp,2,2026-10-10,22,quantile,0.65,9
2026-09-26,wk inc rsv hosp,2,2026-10-10,22,quantile,0.7,10
2026-09-26,wk inc rsv hosp,2,2026-10-10,22,quantile,0.75,12
2026-09-26,wk inc rsv hosp,2,2026-10-10,22,quantile,0.8,14
2026-09-26,wk inc rsv hosp,2,2026-10-10,22,quantile,0.85,16
2026-09-26,wk inc rsv hosp,2,2026-10-10,22,quantile,0.9,20
2026-09-26,wk inc rsv hosp,2,2026-10-10,22,quantile,0.95,28
2026-09-26,wk inc rsv hosp,2,2026-10-10,22,quantile,0.975,36
2026-09-26,wk inc rsv hosp,2,2026-10-10,22,quantile,0.99,62
2026-09-26,wk inc rsv hosp,2,2026-10-10,23,quantile,0.01,0
2026-09-26,wk inc rsv hosp,2,2026-10-10,23,quantile,0.025,0
2026-09-26,wk inc rsv hosp,2,2026-10-10,23,quantile,0.05,0
2026-09-26,wk inc rsv hosp,2,2026-10-10,23,quantile,0.1,0
2026-09-26,wk inc rsv hosp,2,2026-10-10,23,quantile,0.15,0
2026-09-26,wk inc rsv hosp,2,2026-10-10,23,quantile,0.2,0
2026-09-26,wk inc rsv hosp,2,2026-10-10,23,quantile,0.25,0
2026-09-26,wk inc rsv hosp,2,2026-10-10,23,quantile,0.3,0
2026-09-26,wk inc rsv hosp,2,2026-10-10,23,quantile,0.35,0
2026-09-26,wk inc rsv hosp,2,2026-10-10,23,quantile,0.4,0
2026-09-26,wk inc rsv hosp,2,2026-10-10,23,quantile,0.45,0
2026-09-26,wk inc rsv hosp,2,2026-10-10,23,quantile,0.5,0
2026-09-26,wk inc rsv hosp,2,2026-10-10,23,quantile,0.55,0
2026-09-26,wk inc rsv hosp,2,2026-10-10,23,quantile,0.6,0
2026-09-26,wk inc rsv hosp,2,2026-10-10,23,quantile,0.65,0
2026-09-26,wk inc rsv hosp,2,2026-10-10,23,quantile,0.7,0
2026-09-26,wk inc rsv hosp,2,2026-10-10,23,quantile,0.75,0
2026-09-26,wk inc rsv hosp,2,2026-10-10,23,quantile,0.8,0
2026-09-26,wk inc rsv hosp,2,2026-10-10,23,quantile,0.85,0
2026-09-26,wk inc rsv hosp,2,2026-10-10,23,quantile,0.9,0
2026-09-26,wk inc rsv hosp,2,2026-10-10,23,quantile,0.95,1
2026-09-26,wk inc rsv hosp,2,2026-10-10,23,quantile,0.975,2
2026-09-26,wk inc rsv hosp,2,2026-10-10,23,quantile,0.99,6
2026-09-26,wk inc rsv hosp,2,2026-10-10,24,quantile,0.01,0
2026-09-26,wk inc rsv hosp,2,2026-10-10,24,quantile,0.025,0
2026-09-26,wk inc rsv hosp,2,2026-10-10,24,quantile,0.05,0
2026-09-26,wk inc rsv hosp,2,2026-10-10,24,quantile,0.1,1
2026-09-26,wk inc rsv hosp,2,2026-10-10,24,quantile,0.15,2
2026-09-26,wk inc rsv hosp,2,2026-10-10,24,quantile,0.2,3
2026-09-26,wk inc rsv hosp,2,2026-10-10,24,quantile,0.25,3
2026-09-26,wk inc rsv hosp,2,2026-10-10,24,quantile,0.3,4
2026-09-26,wk inc rsv hosp,2,2026-10-10,24,quantile,0.35,4
2026-09-26,wk inc rsv hosp,2,2026-10-10,24,quantile,0.4,5
2026-09-26,wk inc rsv hosp,2,2026-10-10,24,quantile,0.45,6
2026-09-26,wk inc rsv hosp,2,2026-10-10,24,quantile,0.5,6
2026-09-26,wk inc rsv hosp,2,2026-10-10,24,quantile,0.55,7
2026-09-26,wk inc rsv hosp,2,2026-10-10,24,quantile,0.6,8
2026-09-26,wk inc rsv hosp,2,2026-10-10,24,quantile,0.65,10
2026-09-26,wk inc rsv hosp,2,2026-10-10,24,quantile,0.7,11
2026-09-26,wk inc rsv hosp,2,2026-10-10,24,quantile,0.75,13
2026-09-26,wk inc rsv hosp,2,2026-10-10,24,quantile,0.8,15
2026-09-26,wk inc rsv hosp,2,2026-10-10,24,quantile,0.85,19
2026-09-26,wk inc rsv hosp,2,2026-10-10,24,quantile,0.9,25
2026-09-26,wk inc rsv hosp,2,2026-10-10,24,quantile,0.95,37
2026-09-26,wk inc rsv hosp,2,2026-10-10,24,quantile,0.975,49
2026-09-26,wk inc rsv hosp,2,2026-10-10,24,quantile,0.99,91
2026-09-26,wk inc rsv hosp,2,2026-10-10,25,quantile,0.01,0
2026-09-26,wk inc rsv hosp,2,2026-10-10,25,quantile,0.025,0
2026-09-26,wk inc rsv hosp,2,2026-10-10,25,quantile,0.05,0
2026-09-26,wk inc rsv hosp,2,2026-10-10,25,quantile,0.1,1
2026-09-26,wk inc rsv hosp,2,2026-10-10,25,quantile,0.15,2
2026-09-26,wk inc rsv hosp,2,2026-10-10,25,quantile,0.2,3
2026-09-26,wk inc rsv hosp,2,2026-10-10,25,quantile,0.25,3
2026-09-26,wk inc rsv hosp,2,2026-10-10,25,quantile,0.3,4
2026-09-26,wk inc rsv hosp,2,2026-10-10,25,quantile,0.35,5
2026-09-26,wk inc rsv hosp,2,2026-10-10,25,quantile,0.4,5
2026-09-26,wk inc rsv hosp,2,2026-10-10,25,quantile,0.45,6
2026-09-26,wk inc rsv hosp,2,2026-10-10,25,quantile,0.5,7
2026-09-26,wk inc rsv hosp,2,2026-10-10,25,quantile,0.55,8
2026-09-26,wk inc rsv hosp,2,2026-10-10,25,quantile,0.6,9
2026-09-26,wk inc rsv hosp,2,2026-10-10,25,quantile,0.65,10
2026-09-26,wk inc rsv hosp,2,2026-10-10,25,quantile,0.7,12
2026-09-26,wk inc rsv hosp,2,2026-10-10,25,quantile,0.75,14
2026-09-26,wk inc rsv hosp,2,2026-10-10,25,quantile,0.8,17
2026-09-26,wk inc rsv hosp,2,2026-10-10,25,quantile,0.85,20
2026-09-26,wk inc rsv hosp,2,2026-10-10,25,quantile,0.9,26
2026-09-26,wk inc rsv hosp,2,2026-10-10,25,quantile,0.95,42
2026-09-26,wk inc rsv hosp,2,2026-10-10,25,quantile,0.975,58
2026-09-26,wk inc rsv hosp,2,2026-10-10,25,quantile,0.99,84
2026-09-26,wk inc rsv hosp,2,2026-10-10,26,quantile,0.01,0
2026-09-26,wk inc rsv hosp,2,2026-10-10,26,quantile,0.025,0
2026-09-26,wk inc rsv hosp,2,2026-10-10,26,quantile,0.05,0
2026-09-26,wk inc rsv hosp,2,2026-10-10,26,quantile,0.1,0
2026-09-26,wk inc rsv hosp,2,2026-10-10,26,quantile,0.15,0
2026-09-26,wk inc rsv hosp,2,2026-10-10,26,quantile,0.2,8
2026-09-26,wk inc rsv hosp,2,2026-10-10,26,quantile,0.25,14
2026-09-26,wk inc rsv hosp,2,2026-10-10,26,quantile,0.3,20
2026-09-26,wk inc rsv hosp,2,2026-10-10,26,quantile,0.35,26
2026-09-26,wk inc rsv hosp,2,2026-10-10,26,quantile,0.4,34
2026-09-26,wk inc rsv hosp,2,2026-10-10,26,quantile,0.45,42
2026-09-26,wk inc rsv hosp,2,2026-10-10,26,quantile,0.5,49
2026-09-26,wk inc rsv hosp,2,2026-10-10,26,quantile,0.55,57
2026-09-26,wk inc rsv hosp,2,2026-10-10,26,quantile,0.6,69
2026-09-26,wk inc rsv hosp,2,2026-10-10,26,quantile,0.65,86
2026-09-26,wk inc rsv hosp,2,2026-10-10,26,quantile,0.7,108
2026-09-26,wk inc rsv hosp,2,2026-10-10,26,quantile,0.75,148
2026-09-26,wk inc rsv hosp,2,2026-10-10,26,quantile,0.8,210
2026-09-26,wk inc rsv hosp,2,2026-10-10,26,quantile,0.85,321
2026-09-26,wk inc rsv hosp,2,2026-10-10,26,quantile,0.9,541
2026-09-26,wk inc rsv hosp,2,2026-10-10,26,quantile,0.95,988
2026-09-26,wk inc rsv hosp,2,2026-10-10,26,quantile,0.975,1243
2026-09-26,wk inc rsv hosp,2,2026-10-10,26,quantile,0.99,2022
2026-09-26,wk inc rsv hosp,2,2026-10-10,27,quantile,0.01,0
2026-09-26,wk inc rsv hosp,2,2026-10-10,27,quantile,0.025,0
2026-09-26,wk inc rsv hosp,2,2026-10-10,27,quantile,0.05,0
2026-09-26,wk inc rsv hosp,2,2026-10-10,27,quantile,0.1,0
2026-09-26,wk inc rsv hosp,2,2026-10-10,27,quantile,0.15,0
2026-09-26,wk inc rsv hosp,2,2026-10-10,27,quantile,0.2,0
2026-09-26,wk inc rsv hosp,2,2026-10-10,27,quantile,0.25,0
2026-09-26,wk inc rsv hosp,2,2026-10-10,27,quantile,0.3,0
2026-09-26,wk inc rsv hosp,2,2026-10-10,27,quantile,0.35,0
2026-09-26,wk inc rsv hosp,2,2026-10-10,27,quantile,0.4,0
2026-09-26,wk inc rsv hosp,2,2026-10-10,27,quantile,0.45,0
2026-09-26,wk inc rsv hosp,2,2026-10-10,27,quantile,0.5,0
2026-09-26,wk inc rsv hosp,2,2026-10-10,27,quantile,0.55,0
2026-09-26,wk inc rsv hosp,2,2026-10-10,27,quantile,0.6,0
2026-09-26,wk inc rsv hosp,2,2026-10-10,27,quantile,0.65,0
2026-09-26,wk inc rsv hosp,2,2026-10-10,27,quantile,0.7,0
2026-09-26,wk inc rsv hosp,2,2026-10-10,27,quantile,0.75,0
2026-09-26,wk inc rsv hosp,2,2026-10-10,27,quantile,0.8,0
2026-09-26,wk inc rsv hosp,2,2026-10-10,27,quantile,0.85,0
2026-09-26,wk inc rsv hosp,2,2026-10-10,27,quantile,0.9,0
2026-09-26,wk inc rsv hosp,2,2026-10-10,27,quantile,0.95,2
2026-09-26,wk inc rsv hosp,2,2026-10-10,27,quantile,0.975,5
2026-09-26,wk inc rsv hosp,2,2026-10-10,27,quantile,0.99,9
2026-09-26,wk inc rsv hosp,2,2026-10-10,28,quantile,0.01,0
2026-09-26,wk inc rsv hosp,2,2026-10-10,28,quantile,0.025,0
2026-09-26,wk inc rsv hosp,2,2026-10-10,28,quantile,0.05,0
2026-09-26,wk inc rsv hosp,2,2026-10-10,28,quantile,0.1,1
2026-09-26,wk inc rsv hosp,2,2026-10-10,28,quantile,0.15,2
2026-09-26,wk inc rsv hosp,2,2026-10-10,28,quantile,0.2,3
2026-09-26,wk inc rsv hosp,2,2026-10-10,28,quantile,0.25,3
2026-09-26,wk inc rsv hosp,2,2026-10-10,28,quantile,0.3,4
2026-09-26,wk inc rsv hosp,2,2026-10-10,28,quantile,0.35,4
2026-09-26,wk inc rsv hosp,2,2026-10-10,28,quantile,0.4,5
2026-09-26,wk inc rsv hosp,2,2026-10-10,28,quantile,0.45,6
2026-09-26,wk inc rsv hosp,2,2026-10-10,28,quantile,0.5,7
2026-09-26,wk inc rsv hosp,2,2026-10-10,28,quantile,0.55,8
2026-09-26,wk inc rsv hosp,2,2026-10-10,28,quantile,0.6,9
2026-09-26,wk inc rsv hosp,2,2026-10-10,28,quantile,0.65,10
2026-09-26,wk inc rsv hosp,2,2026-10-10,28,quantile,0.7,12
2026-09-26,wk inc rsv hosp,2,2026-10-10,28,quantile,0.75,14
2026-09-26,wk inc rsv hosp,2,2026-10-10,28,quantile,0.8,17
2026-09-26,wk inc rsv hosp,2,2026-10-10,28,quantile,0.85,21
2026-09-26,wk inc rsv hosp,2,2026-10-10,28,quantile,0.9,27
2026-09-26,wk inc rsv hosp,2,2026-10-10,28,quantile,0.95,41
2026-09-26,wk inc rsv hosp,2,2026-10-10,28,quantile,0.975,58
2026-09-26,wk inc rsv hosp,2,2026-10-10,28,quantile,0.99,95
2026-09-26,wk inc rsv hosp,2,2026-10-10,29,quantile,0.01,0
2026-09-26,wk inc rsv hosp,2,2026-10-10,29,quantile,0.025,0
2026-09-26,wk inc rsv hosp,2,2026-10-10,29,quantile,0.05,0
2026-09-26,wk inc rsv hosp,2,2026-10-10,29,quantile,0.1,0
2026-09-26,wk inc rsv hosp,2,2026-10-10,29,quantile,0.15,0
2026-09-26,wk inc rsv hosp,2,2026-10-10,29,quantile,0.2,0
2026-09-26,wk inc rsv hosp,2,2026-10-10,29,quantile,0.25,0
2026-09-26,wk inc rsv hosp,2,2026-10-10,29,quantile,0.3,1
2026-09-26,wk inc rsv hosp,2,2026-10-10,29,quantile,0.35,1
2026-09-26,wk inc rsv hosp,2,2026-10-10,29,quantile,0.4,1
2026-09-26,wk inc rsv hosp,2,2026-10-10,29,quantile,0.45,2
2026-09-26,wk inc rsv hosp,2,2026-10-10,29,quantile,0.5,2
2026-09-26,wk inc rsv hosp,2,2026-10-10,29,quantile,0.55,3
2026-09-26,wk inc rsv hosp,2,2026-10-10,29,quantile,0.6,4
2026-09-26,wk inc rsv hosp,2,2026-10-10,29,quantile,0.65,4
2026-09-26,wk inc rsv hosp,2,2026-10-10,29,quantile,0.7,5
2026-09-26,wk inc rsv hosp,2,2026-10-10,29,quantile,0.75,7
2026-09-26,wk inc rsv hosp,2,2026-10-10,29,quantile,0.8,9
2026-09-26,wk inc rsv hosp,2,2026-10-10,29,quantile,0.85,12
2026-09-26,wk inc rsv hosp,2,2026-10-10,29,quantile,0.9,16
2026-09-26,wk inc rsv hosp,2,2026-10-10,29,quantile,0.95,25
2026-09-26,wk inc rsv hosp,2,2026-10-10,29,quantile,0.975,39
2026-09-26,wk inc rsv hosp,2,2026-10-10,29,quantile,0.99,64
2026-09-26,wk inc rsv hosp,2,2026-10-10,30,quantile,0.01,0
2026-09-26,wk inc rsv hosp,2,2026-10-10,30,quantile,0.025,0
2026-09-26,wk inc rsv hosp,2,2026-10-10,30,quantile,0.05,0
2026-09-26,wk inc rsv hosp,2,2026-10-10,30,quantile,0.1,0
2026-09-26,wk inc rsv hosp,2,2026-10-10,30,quantile,0.15,0
2026-09-26,wk inc rsv hosp,2,2026-10-10,30,quantile,0.2,0
2026-09-26,wk inc rsv hosp,2,2026-10-10,30,quantile,0.25,0
2026-09-26,wk inc rsv hosp,2,2026-10-10,30,quantile,0.3,0
2026-09-26,wk inc rsv hosp,2,2026-10-10,30,quantile,0.35,0
2026-09-26,wk inc rsv hosp,2,2026-10-10,30,quantile,0.4,0
2026-09-26,wk inc rsv hosp,2,2026-10-10,30,quantile,0.45,0
2026-09-26,wk inc rsv hosp,2,2026-10-10,30,quantile,0.5,0
2026-09-26,wk inc rsv hosp,2,2026-10-10,30,quantile,0.55,0
2026-09-26,wk inc rsv hosp,2,2026-10-10,30,quantile,0.6,0
2026-09-26,wk inc rsv hosp,2,2026-10-10,30,quantile,0.65,1
2026-09-26,wk inc rsv hosp,2,2026-10-10,30,quantile,0.7,1
2026-09-26,wk inc rsv hosp,2,2026-10-10,30,quantile,0.75,1
2026-09-26,wk inc rsv hosp,2,2026-10-10,30,quantile,0.8,2
2026-09-26,wk inc rsv hosp,2,2026-10-10,30,quantile,0.85,3
2026-09-26,wk inc rsv hosp,2,2026-10-10,30,quantile,0.9,4
2026-09-26,wk inc rsv hosp,2,2026-10-10,30,quantile,0.95,7
2026-09-26,wk inc rsv hosp,2,2026-10-10,30,quantile,0.975,11
2026-09-26,wk inc rsv hosp,2,2026-10-10,30,quantile,0.99,25
2026-09-26,wk inc rsv hosp,2,2026-10-10,31,quantile,0.01,0
2026-09-26,wk inc rsv hosp,2,2026-10-10,31,quantile,0.025,0
2026-09-26,wk inc rsv hosp,2,2026-10-10,31,quantile,0.05,0
2026-09-26,wk inc rsv hosp,2,2026-10-10,31,quantile,0.1,0
2026-09-26,wk inc rsv hosp,2,2026-10-10,31,quantile,0.15,1
2026-09-26,wk inc rsv hosp,2,2026-10-10,31,quantile,0.2,1
2026-09-26,wk inc rsv hosp,2,2026-10-10,31,quantile,0.25,1
2026-09-26,wk inc rsv hosp,2,2026-10-10,31,quantile,0.3,2
2026-09-26,wk inc rsv hosp,2,2026-10-10,31,quantile,0.35,2
2026-09-26,wk inc rsv hosp,2,2026-10-10,31,quantile,0.4,2
2026-09-26,wk inc rsv hosp,2,2026-10-10,31,quantile,0.45,3
2026-09-26,wk inc rsv hosp,2,2026-10-10,31,quantile,0.5,3
2026-09-26,wk inc rsv hosp,2,2026-10-10,31,quantile,0.55,3
2026-09-26,wk inc rsv hosp,2,2026-10-10,31,quantile,0.6,4
2026-09-26,wk inc rsv hosp,2,2026-10-10,31,quantile,0.65,4
2026-09-26,wk inc rsv hosp,2,2026-10-10,31,quantile,0.7,5
2026-09-26,wk inc rsv hosp,2,2026-10-10,31,quantile,0.75,6
2026-09-26,wk inc rsv hosp,2,2026-10-10,31,quantile,0.8,7
2026-09-26,wk inc rsv hosp,2,2026-10-10,31,quantile,0.85,9
2026-09-26,wk inc rsv hosp,2,2026-10-10,31,quantile,0.9,12
2026-09-26,wk inc rsv hosp,2,2026-10-10,31,quantile,0.95,18
2026-09-26,wk inc rsv hosp,2,2026-10-10,31,quantile,0.975,26
2026-09-26,wk inc rsv hosp,2,2026-10-10,31,quantile,0.99,40
2026-09-26,wk inc rsv hosp,2,2026-10-10,32,quantile,0.01,0
2026-09-26,wk inc rsv hosp,2,2026-10-10,32,quantile,0.025,0
2026-09-26,wk inc rsv hosp,2,2026-10-10,32,quantile,0.05,0
2026-09-26,wk inc rsv hosp,2,2026-10-10,32,quantile,0.1,0
2026-09-26,wk inc rsv hosp,2,2026-10-10,32,quantile,0.15,0
2026-09-26,wk inc rsv hosp,2,2026-10-10,32,quantile,0.2,0
2026-09-26,wk inc rsv hosp,2,2026-10-10,32,quantile,0.25,0
2026-09-26,wk inc rsv hosp,2,2026-10-10,32,quantile,0.3,0
2026-09-26,wk inc rsv hosp,2,2026-10-10,32,quantile,0.35,0
2026-09-26,wk inc rsv hosp,2,2026-10-10,32,quantile,0.4,0
2026-09-26,wk inc rsv hosp,2,2026-10-10,32,quantile,0.45,0
2026-09-26,wk inc rsv hosp,2,2026-10-10,32,quantile,0.5,0
2026-09-26,wk inc rsv hosp,2,2026-10-10,32,quantile,0.55,1
2026-09-26,wk inc rsv hosp,2,2026-10-10,32,quantile,0.6,1
2026-09-26,wk inc rsv hosp,2,2026-10-10,32,quantile,0.65,2
2026-09-26,wk inc rsv hosp,2,2026-10-10,32,quantile,0.7,2
2026-09-26,wk inc rsv hosp,2,2026-10-10,32,quantile,0.75,3
2026-09-26,wk inc rsv hosp,2,2026-10-10,32,quantile,0.8,4
2026-09-26,wk inc rsv hosp,2,2026-10-10,32,quantile,0.85,5
2026-09-26,wk inc rsv hosp,2,2026-10-10,32,quantile,0.9,8
2026-09-26,wk inc rsv hosp,2,2026-10-10,32,quantile,0.95,14
2026-09-26,wk inc rsv hosp,2,2026-10-10,32,quantile,0.975,25
2026-09-26,wk inc rsv hosp,2,2026-10-10,32,quantile,0.99,43
2026-09-26,wk inc rsv hosp,2,2026-10-10,33,quantile,0.01,0
2026-09-26,wk inc rsv hosp,2,2026-10-10,33,quantile,0.025,0
2026-09-26,wk inc rsv hosp,2,2026-10-10,33,quantile,0.05,0
2026-09-26,wk inc rsv hosp,2,2026-10-10,33,quantile,0.1,0
2026-09-26,wk inc rsv hosp,2,2026-10-10,33,quantile,0.15,0
2026-09-26,wk inc rsv hosp,2,2026-10-10,33,quantile,0.2,0
2026-09-26,wk inc rsv hosp,2,2026-10-10,33,quantile,0.25,0
2026-09-26,wk inc rsv hosp,2,2026-10-10,33,quantile,0.3,0
2026-09-26,wk inc rsv hosp,2,2026-10-10,33,quantile,0.35,0
2026-09-26,wk inc rsv hosp,2,2026-10-10,33,quantile,0.4,0
2026-09-26,wk inc rsv hosp,2,2026-10-10,33,quantile,0.45,0
2026-09-26,wk inc rsv hosp,2,2026-10-10,33,quantile,0.5,0
2026-09-26,wk inc rsv hosp,2,2026-10-10,33,quantile,0.55,1
2026-09-26,wk inc rsv hosp,2,2026-10-10,33,quantile,0.6,1
2026-09-26,wk inc rsv hosp,2,2026-10-10,33,quantile,0.65,1
2026-09-26,wk inc rsv hosp,2,2026-10-10,33,quantile,0.7,2
2026-09-26,wk inc rsv hosp,2,2026-10-10,33,quantile,0.75,2
2026-09-26,wk inc rsv hosp,2,2026-10-10,33,quantile,0.8,3
2026-09-26,wk inc rsv hosp,2,2026-10-10,33,quantile,0.85,4
2026-09-26,wk inc rsv hosp,2,2026-10-10,33,quantile,0.9,6
2026-09-26,wk inc rsv hosp,2,2026-10-10,33,quantile,0.95,9
2026-09-26,wk inc rsv hosp,2,2026-10-10,33,quantile,0.975,16
2026-09-26,wk inc rsv hosp,2,2026-10-10,33,quantile,0.99,35
2026-09-26,wk inc rsv hosp,2,2026-10-10,34,quantile,0.01,0
2026-09-26,wk inc rsv hosp,2,2026-10-10,34,quantile,0.025,0
2026-09-26,wk inc rsv hosp,2,2026-10-10,34,quantile,0.05,0
2026-09-26,wk inc rsv hosp,2,2026-10-10,34,quantile,0.1,1
2026-09-26,wk inc rsv hosp,2,2026-10-10,34,quantile,0.15,3
2026-09-26,wk inc rsv hosp,2,2026-10-10,34,quantile,0.2,4
2026-09-26,wk inc rsv hosp,2,2026-10-10,34,quantile,0.25,5
2026-09-26,wk inc rsv hosp,2,2026-10-10,34,quantile,0.3,5
2026-09-26,wk inc rsv hosp,2,2026-10-10,34,quantile,0.35,6
2026-09-26,wk inc rsv hosp,2,2026-10-10,34,quantile,0.4,7
2026-09-26,wk inc rsv hosp,2,2026-10-10,34,quantile,0.45,8
2026-09-26,wk inc rsv hosp,2,2026-10-10,34,quantile,0.5,9
2026-09-26,wk inc rsv hosp,2,2026-10-10,34,quantile,0.55,10
2026-09-26,wk inc rsv hosp,2,2026-10-10,34,quantile,0.6,11
2026-09-26,wk inc rsv hosp,2,2026-10-10,34,quantile,0.65,13
2026-09-26,wk inc rsv hosp,2,2026-10-10,34,quantile,0.7,15
2026-09-26,wk inc rsv hosp,2,2026-10-10,34,quantile,0.75,16
2026-09-26,wk inc rsv hosp,2,2026-10-10,34,quantile,0.8,19
2026-09-26,wk inc rsv hosp,2,2026-10-10,34,quantile,0.85,22
2026-09-26,wk inc rsv hosp,2,2026-10-10,34,quantile,0.9,28
2026-09-26,wk inc rsv hosp,2,2026-10-10,34,quantile,0.95,37
2026-09-26,wk inc rsv hosp,2,2026-10-10,34,quantile,0.975,49
2026-09-26,wk inc rsv hosp,2,2026-10-10,34,quantile,0.99,64
2026-09-26,wk inc rsv hosp,2,2026-10-10,35,quantile,0.01,0
2026-09-26,wk inc rsv hosp,2,2026-10-10,35,quantile,0.025,0
2026-09-26,wk inc rsv hosp,2,2026-10-10,35,quantile,0.05,0
2026-09-26,wk inc rsv hosp,2,2026-10-10,35,quantile,0.1,0
2026-09-26,wk inc rsv hosp,2,2026-10-10,35,quantile,0.15,0
2026-09-26,wk inc rsv hosp,2,2026-10-10,35,quantile,0.2,0
2026-09-26,wk inc rsv hosp,2,2026-10-10,35,quantile,0.25,0
2026-09-26,wk inc rsv hosp,2,2026-10-10,35,quantile,0.3,0
2026-09-26,wk inc rsv hosp,2,2026-10-10,35,quantile,0.35,0
2026-09-26,wk inc rsv hosp,2,2026-10-10,35,quantile,0.4,0
2026-09-26,wk inc rsv hosp,2,2026-10-10,35,quantile,0.45,0
2026-09-26,wk inc rsv hosp,2,2026-10-10,35,quantile,0.5,0
2026-09-26,wk inc rsv hosp,2,2026-10-10,35,quantile,0.55,0
2026-09-26,wk inc rsv hosp,2,2026-10-10,35,quantile,0.6,0
2026-09-26,wk inc rsv hosp,2,2026-10-10,35,quantile,0.65,0
2026-09-26,wk inc rsv hosp,2,2026-10-10,35,quantile,0.7,0
2026-09-26,wk inc rsv hosp,2,2026-10-10,35,quantile,0.75,0
2026-09-26,wk inc rsv hosp,2,2026-10-10,35,quantile,0.8,0
2026-09-26,wk inc rsv hosp,2,2026-10-10,35,quantile,0.85,0
2026-09-26,wk inc rsv hosp,2,2026-10-10,35,quantile,0.9,0
2026-09-26,wk inc rsv hosp,2,2026-10-10,35,quantile,0.95,0
2026-09-26,wk inc rsv hosp,2,2026-10-10,35,quantile,0.975,1
2026-09-26,wk inc rsv hosp,2,2026-10-10,35,quantile,0.99,3
2026-09-26,wk inc rsv hosp,2,2026-10-10,36,quantile,0.01,7
2026-09-26,wk inc rsv hosp,2,2026-10-10,36,quantile,0.025,10
2026-09-26,wk inc rsv hosp,2,2026-10-10,36,quantile,0.05,14
2026-09-26,wk inc rsv hosp,2,2026-10-10,36,quantile,0.1,19
2026-09-26,wk inc rsv hosp,2,2026-10-10,36,quantile,0.15,23
2026-09-26,wk inc rsv hosp,2,2026-10-10,36,quantile,0.2,27
2026-09-26,wk inc rsv hosp,2,2026-10-10,36,quantile,0.25,29
2026-09-26,wk inc rsv hosp,2,2026-10-10,36,quantile,0.3,33
2026-09-26,wk inc rsv hosp,2,2026-10-10,36,quantile,0.35,37
2026-09-26,wk inc rsv hosp,2,2026-10-10,36,quantile,0.4,40
2026-09-26,wk inc rsv hosp,2,2026-10-10,36,quantile,0.45,44
2026-09-26,wk inc rsv hosp,2,2026-10-10,36,quantile,0.5,48
2026-09-26,wk inc rsv hosp,2,2026-10-10,36,quantile,0.55,52
2026-09-26,wk inc rsv hosp,2,2026-10-10,36,quantile,0.6,56
2026-09-26,wk inc rsv hosp,2,2026-10-10,36,quantile,0.65,63
2026-09-26,wk inc rsv hosp,2,2026-10-10,36,quantile,0.7,69
2026-09-26,wk inc rsv hosp,2,2026-10-10,36,quantile,0.75,78
2026-09-26,wk inc rsv hosp,2,2026-10-10,36,quantile,0.8,90
2026-09-26,wk inc rsv hosp,2,2026-10-10,36,quantile,0.85,103
2026-09-26,wk inc rsv hosp,2,2026-10-10,36,quantile,0.9,125
2026-09-26,wk inc rsv hosp,2,2026-10-10,36,quantile,0.95,181
2026-09-26,wk inc rsv hosp,2,2026-10-10,36,quantile,0.975,239
2026-09-26,wk inc rsv hosp,2,2026-10-10,36,quantile,0.99,347
2026-09-26,wk inc rsv hosp,2,2026-10-10,37,quantile,0.01,0
2026-09-26,wk inc rsv hosp,2,2026-10-10,37,quantile,0.025,0
2026-09-26,wk inc rsv hosp,2,2026-10-10,37,quantile,0.05,0
2026-09-26,wk inc rsv hosp,2,2026-10-10,37,quantile,0.1,1
2026-09-26,wk inc rsv hosp,2,2026-10-10,37,quantile,0.15,2
2026-09-26,wk inc rsv hosp,2,2026-10-10,37,quantile,0.2,3
2026-09-26,wk inc rsv hosp,2,2026-10-10,37,quantile,0.25,4
2026-09-26,wk inc rsv hosp,2,2026-10-10,37,quantile,0.3,5
2026-09-26,wk inc rsv hosp,2,2026-10-10,37,quantile,0.35,7
2026-09-26,wk inc rsv hosp,2,2026-10-10,37,quantile,0.4,8
2026-09-26,wk inc rsv hosp,2,2026-10-10,37,quantile,0.45,9
2026-09-26,wk inc rsv hosp,2,2026-10-10,37,quantile,0.5,10
2026-09-26,wk inc rsv hosp,2,2026-10-10,37,quantile,0.55,12
2026-09-26,wk inc rsv hosp,2,2026-10-10,37,quantile,0.6,14
2026-09-26,wk inc rsv hosp,2,2026-10-10,37,quantile,0.65,15
2026-09-26,wk inc rsv hosp,2,2026-10-10,37,quantile,0.7,18
2026-09-26,wk inc rsv hosp,2,2026-10-10,37,quantile,0.75,21
2026-09-26,wk inc rsv hosp,2,2026-10-10,37,quantile,0.8,25
2026-09-26,wk inc rsv hosp,2,2026-10-10,37,quantile,0.85,31
2026-09-26,wk inc rsv hosp,2,2026-10-10,37,quantile,0.9,43
2026-09-26,wk inc rsv hosp,2,2026-10-10,37,quantile,0.95,61
2026-09-26,wk inc rsv hosp,2,2026-10-10,37,quantile,0.975,86
2026-09-26,wk inc rsv hosp,2,2026-10-10,37,quantile,0.99,141
2026-09-26,wk inc rsv hosp,2,2026-10-10,38,quantile,0.01,0
2026-09-26,wk inc rsv hosp,2,2026-10-10,38,quantile,0.025,0
2026-09-26,wk inc rsv hosp,2,2026-10-10,38,quantile,0.05,0
2026-09-26,wk inc rsv hosp,2,2026-10-10,38,quantile,0.1,0
2026-09-26,wk inc rsv hosp,2,2026-10-10,38,quantile,0.15,0
2026-09-26,wk inc rsv hosp,2,2026-10-10,38,quantile,0.2,0
2026-09-26,wk inc rsv hosp,2,2026-10-10,38,quantile,0.25,0
2026-09-26,wk inc rsv hosp,2,2026-10-10,38,quantile,0.3,0
2026-09-26,wk inc rsv hosp,2,2026-10-10,38,quantile,0.35,0
2026-09-26,wk inc rsv hosp,2,2026-10-10,38,quantile,0.4,0
2026-09-26,wk inc rsv hosp,2,2026-10-10,38,quantile,0.45,0
2026-09-26,wk inc rsv hosp,2,2026-10-10,38,quantile,0.5,0
2026-09-26,wk inc rsv hosp,2,2026-10-10,38,quantile,0.55,0
2026-09-26,wk inc rsv hosp,2,2026-10-10,38,quantile,0.6,0
2026-09-26,wk inc rsv hosp,2,2026-10-10,38,quantile,0.65,0
2026-09-26,wk inc rsv hosp,2,2026-10-10,38,quantile,0.7,0
2026-09-26,wk inc rsv hosp,2,2026-10-10,38,quantile,0.75,1
2026-09-26,wk inc rsv hosp,2,2026-10-10,38,quantile,0.8,2
2026-09-26,wk inc rsv hosp,2,2026-10-10,38,quantile,0.85,2
2026-09-26,wk inc rsv hosp,2,2026-10-10,38,quantile,0.9,4
2026-09-26,wk inc rsv hosp,2,2026-10-10,38,quantile,0.95,8
2026-09-26,wk inc rsv hosp,2,2026-10-10,38,quantile,0.975,15
2026-09-26,wk inc rsv hosp,2,2026-10-10,38,quantile,0.99,26
2026-09-26,wk inc rsv hosp,2,2026-10-10,39,quantile,0.01,0
2026-09-26,wk inc rsv hosp,2,2026-10-10,39,quantile,0.025,0
2026-09-26,wk inc rsv hosp,2,2026-10-10,39,quantile,0.05,0
2026-09-26,wk inc rsv hosp,2,2026-10-10,39,quantile,0.1,1
2026-09-26,wk inc rsv hosp,2,2026-10-10,39,quantile,0.15,1
2026-09-26,wk inc rsv hosp,2,2026-10-10,39,quantile,0.2,2
2026-09-26,wk inc rsv hosp,2,2026-10-10,39,quantile,0.25,3
2026-09-26,wk inc rsv hosp,2,2026-10-10,39,quantile,0.3,3
2026-09-26,wk inc rsv hosp,2,2026-10-10,39,quantile,0.35,4
2026-09-26,wk inc rsv hosp,2,2026-10-10,39,quantile,0.4,5
2026-09-26,wk inc rsv hosp,2,2026-10-10,39,quantile,0.45,5
2026-09-26,wk inc rsv hosp,2,2026-10-10,39,quantile,0.5,6
2026-09-26,wk inc rsv hosp,2,2026-10-10,39,quantile,0.55,7
2026-09-26,wk inc rsv hosp,2,2026-10-10,39,quantile,0.6,8
2026-09-26,wk inc rsv hosp,2,2026-10-10,39,quantile,0.65,9
2026-09-26,wk inc rsv hosp,2,2026-10-10,39,quantile,0.7,10
2026-09-26,wk inc rsv hosp,2,2026-10-10,39,quantile,0.75,12
2026-09-26,wk inc rsv hosp,2,2026-10-10,39,quantile,0.8,14
2026-09-26,wk inc rsv hosp,2,2026-10-10,39,quantile,0.85,16
2026-09-26,wk inc rsv hosp,2,2026-10-10,39,quantile,0.9,21
2026-09-26,wk inc rsv hosp,2,2026-10-10,39,quantile,0.95,29
2026-09-26,wk inc rsv hosp,2,2026-10-10,39,quantile,0.975,41
2026-09-26,wk inc rsv hosp,2,2026-10-10,39,quantile,0.99,59
2026-09-26,wk inc rsv hosp,2,2026-10-10,40,quantile,0.01,0
2026-09-26,wk inc rsv hosp,2,2026-10-10,40,quantile,0.025,0
2026-09-26,wk inc rsv hosp,2,2026-10-10,40,quantile,0.05,0
2026-09-26,wk inc rsv hosp,2,2026-10-10,40,quantile,0.1,0
2026-09-26,wk inc rsv hosp,2,2026-10-10,40,quantile,0.15,0
2026-09-26,wk inc rsv hosp,2,2026-10-10,40,quantile,0.2,1
2026-09-26,wk inc rsv hosp,2,2026-10-10,40,quantile,0.25,1
2026-09-26,wk inc rsv hosp,2,2026-10-10,40,quantile,0.3,1
2026-09-26,wk inc rsv hosp,2,2026-10-10,40,quantile,0.35,1
2026-09-26,wk inc rsv hosp,2,2026-10-10,40,quantile,0.4,2
2026-09-26,wk inc rsv hosp,2,2026-10-10,40,quantile,0.45,2
2026-09-26,wk inc rsv hosp,2,2026-10-10,40,quantile,0.5,2
2026-09-26,wk inc rsv hosp,2,2026-10-10,40,quantile,0.55,2
2026-09-26,wk inc rsv hosp,2,2026-10-10,40,quantile,0.6,3
2026-09-26,wk inc rsv hosp,2,2026-10-10,40,quantile,0.65,3
2026-09-26,wk inc rsv hosp,2,2026-10-10,40,quantile,0.7,4
2026-09-26,wk inc rsv hosp,2,2026-10-10,40,quantile,0.75,4
2026-09-26,wk inc rsv hosp,2,2026-10-10,40,quantile,0.8,5
2026-09-26,wk inc rsv hosp,2,2026-10-10,40,quantile,0.85,7
2026-09-26,wk inc rsv hosp,2,2026-10-10,40,quantile,0.9,8
2026-09-26,wk inc rsv hosp,2,2026-10-10,40,quantile,0.95,13
2026-09-26,wk inc rsv hosp,2,2026-10-10,40,quantile,0.975,21
2026-09-26,wk inc rsv hosp,2,2026-10-10,40,quantile,0.99,39
2026-09-26,wk inc rsv hosp,2,2026-10-10,41,quantile,0.01,0
2026-09-26,wk inc rsv hosp,2,2026-10-10,41,quantile,0.025,0
2026-09-26,wk inc rsv hosp,2,2026-10-10,41,quantile,0.05,0
2026-09-26,wk inc rsv hosp,2,2026-10-10,41,quantile,0.1,0
2026-09-26,wk inc rsv hosp,2,2026-10-10,41,quantile,0.15,0
2026-09-26,wk inc rsv hosp,2,2026-10-10,41,quantile,0.2,0
2026-09-26,wk inc rsv hosp,2,2026-10-10,41,quantile,0.25,0
2026-09-26,wk inc rsv hosp,2,2026-10-10,41,quantile,0.3,1
2026-09-26,wk inc rsv hosp,2,2026-10-10,41,quantile,0.35,1
2026-09-26,wk inc rsv hosp,2,2026-10-10,41,quantile,0.4,1
2026-09-26,wk inc rsv hosp,2,2026-10-10,41,quantile,0.45,1
2026-09-26,wk inc rsv hosp,2,2026-10-10,41,quantile,0.5,1
2026-09-26,wk inc rsv hosp,2,2026-10-10,41,quantile,0.55,2
2026-09-26,wk inc rsv hosp,2,2026-10-10,41,quantile,0.6,2
2026-09-26,wk inc rsv hosp,2,2026-10-10,41,quantile,0.65,3
2026-09-26,wk inc rsv hosp,2,2026-10-10,41,quantile,0.7,3
2026-09-26,wk inc rsv hosp,2,2026-10-10,41,quantile,0.75,4
2026-09-26,wk inc rsv hosp,2,2026-10-10,41,quantile,0.8,5
2026-09-26,wk inc rsv hosp,2,2026-10-10,41,quantile,0.85,6
2026-09-26,wk inc rsv hosp,2,2026-10-10,41,quantile,0.9,9
2026-09-26,wk inc rsv hosp,2,2026-10-10,41,quantile,0.95,15
2026-09-26,wk inc rsv hosp,2,2026-10-10,41,quantile,0.975,24
2026-09-26,wk inc rsv hosp,2,2026-10-10,41,quantile,0.99,39
2026-09-26,wk inc rsv hosp,2,2026-10-10,42,quantile,0.01,4
2026-09-26,wk inc rsv hosp,2,2026-10-10,42,quantile,0.025,9
2026-09-26,wk inc rsv hosp,2,2026-10-10,42,quantile,0.05,12
2026-09-26,wk inc rsv hosp,2,2026-10-10,42,quantile,0.1,16
2026-09-26,wk inc rsv hosp,2,2026-10-10,42,quantile,0.15,20
2026-09-26,wk inc rsv hosp,2,2026-10-10,42,quantile,0.2,24
2026-09-26,wk inc rsv hosp,2,2026-10-10,42,quantile,0.25,26
2026-09-26,wk inc rsv hosp,2,2026-10-10,42,quantile,0.3,28
2026-09-26,wk inc rsv hosp,2,2026-10-10,42,quantile,0.35,31
2026-09-26,wk inc rsv hosp,2,2026-10-10,42,quantile,0.4,34
2026-09-26,wk inc rsv hosp,2,2026-10-10,42,quantile,0.45,37
2026-09-26,wk inc rsv hosp,2,2026-10-10,42,quantile,0.5,41
2026-09-26,wk inc rsv hosp,2,2026-10-10,42,quantile,0.55,45
2026-09-26,wk inc rsv hosp,2,2026-10-10,42,quantile,0.6,49
2026-09-26,wk inc rsv hosp,2,2026-10-10,42,quantile,0.65,54
2026-09-26,wk inc rsv hosp,2,2026-10-10,42,quantile,0.7,59
2026-09-26,wk inc rsv hosp,2,2026-10-10,42,quantile,0.75,65
2026-09-26,wk inc rsv hosp,2,2026-10-10,42,quantile,0.8,73
2026-09-26,wk inc rsv hosp,2,2026-10-10,42,quantile,0.85,85
2026-09-26,wk inc rsv hosp,2,2026-10-10,42,quantile,0.9,101
2026-09-26,wk inc rsv hosp,2,2026-10-10,42,quantile,0.95,137
2026-09-26,wk inc rsv hosp,2,2026-10-10,42,quantile,0.975,192
2026-09-26,wk inc rsv hosp,2,2026-10-10,42,quantile,0.99,244
2026-09-26,wk inc rsv hosp,2,2026-10-10,44,quantile,0.01,0
2026-09-26,wk inc rsv hosp,2,2026-10-10,44,quantile,0.025,0
2026-09-26,wk inc rsv hosp,2,2026-10-10,44,quantile,0.05,0
2026-09-26,wk inc rsv hosp,2,2026-10-10,44,quantile,0.1,0
2026-09-26,wk inc rsv hosp,2,2026-10-10,44,quantile,0.15,1
2026-09-26,wk inc rsv hosp,2,2026-10-10,44,quantile,0.2,1
2026-09-26,wk inc rsv hosp,2,2026-10-10,44,quantile,0.25,1
2026-09-26,wk inc rsv hosp,2,2026-10-10,44,quantile,0.3,2
2026-09-26,wk inc rsv hosp,2,2026-10-10,44,quantile,0.35,2
2026-09-26,wk inc rsv hosp,2,2026-10-10,44,quantile,0.4,2
2026-09-26,wk inc rsv hosp,2,2026-10-10,44,quantile,0.45,3
2026-09-26,wk inc rsv hosp,2,2026-10-10,44,quantile,0.5,3
2026-09-26,wk inc rsv hosp,2,2026-10-10,44,quantile,0.55,3
2026-09-26,wk inc rsv hosp,2,2026-10-10,44,quantile,0.6,4
2026-09-26,wk inc rsv hosp,2,2026-10-10,44,quantile,0.65,4
2026-09-26,wk inc rsv hosp,2,2026-10-10,44,quantile,0.7,5
2026-09-26,wk inc rsv hosp,2,2026-10-10,44,quantile,0.75,6
2026-09-26,wk inc rsv hosp,2,2026-10-10,44,quantile,0.8,7
2026-09-26,wk inc rsv hosp,2,2026-10-10,44,quantile,0.85,9
2026-09-26,wk inc rsv hosp,2,2026-10-10,44,quantile,0.9,11
2026-09-26,wk inc rsv hosp,2,2026-10-10,44,quantile,0.95,15
2026-09-26,wk inc rsv hosp,2,2026-10-10,44,quantile,0.975,24
2026-09-26,wk inc rsv hosp,2,2026-10-10,44,quantile,0.99,34
2026-09-26,wk inc rsv hosp,2,2026-10-10,45,quantile,0.01,0
2026-09-26,wk inc rsv hosp,2,2026-10-10,45,quantile,0.025,0
2026-09-26,wk inc rsv hosp,2,2026-10-10,45,quantile,0.05,0
2026-09-26,wk inc rsv hosp,2,2026-10-10,45,quantile,0.1,1
2026-09-26,wk inc rsv hosp,2,2026-10-10,45,quantile,0.15,3
2026-09-26,wk inc rsv hosp,2,2026-10-10,45,quantile,0.2,3
2026-09-26,wk inc rsv hosp,2,2026-10-10,45,quantile,0.25,4
2026-09-26,wk inc rsv hosp,2,2026-10-10,45,quantile,0.3,5
2026-09-26,wk inc rsv hosp,2,2026-10-10,45,quantile,0.35,6
2026-09-26,wk inc rsv hosp,2,2026-10-10,45,quantile,0.4,7
2026-09-26,wk inc rsv hosp,2,2026-10-10,45,quantile,0.45,8
2026-09-26,wk inc rsv hosp,2,2026-10-10,45,quantile,0.5,9
2026-09-26,wk inc rsv hosp,2,2026-10-10,45,quantile,0.55,10
2026-09-26,wk inc rsv hosp,2,2026-10-10,45,quantile,0.6,11
2026-09-26,wk inc rsv hosp,2,2026-10-10,45,quantile,0.65,12
2026-09-26,wk inc rsv hosp,2,2026-10-10,45,quantile,0.7,13
2026-09-26,wk inc rsv hosp,2,2026-10-10,45,quantile,0.75,15
2026-09-26,wk inc rsv hosp,2,2026-10-10,45,quantile,0.8,18
2026-09-26,wk inc rsv hosp,2,2026-10-10,45,quantile,0.85,22
2026-09-26,wk inc rsv hosp,2,2026-10-10,45,quantile,0.9,29
2026-09-26,wk inc rsv hosp,2,2026-10-10,45,quantile,0.95,45
2026-09-26,wk inc rsv hosp,2,2026-10-10,45,quantile,0.975,64
2026-09-26,wk inc rsv hosp,2,2026-10-10,45,quantile,0.99,92
2026-09-26,wk inc rsv hosp,2,2026-10-10,46,quantile,0.01,0
2026-09-26,wk inc rsv hosp,2,2026-10-10,46,quantile,0.025,0
2026-09-26,wk inc rsv hosp,2,2026-10-10,46,quantile,0.05,0
2026-09-26,wk inc rsv hosp,2,2026-10-10,46,quantile,0.1,0
2026-09-26,wk inc rsv hosp,2,2026-10-10,46,quantile,0.15,0
2026-09-26,wk inc rsv hosp,2,2026-10-10,46,quantile,0.2,0
2026-09-26,wk inc rsv hosp,2,2026-10-10,46,quantile,0.25,0
2026-09-26,wk inc rsv hosp,2,2026-10-10,46,quantile,0.3,0
2026-09-26,wk inc rsv hosp,2,2026-10-10,46,quantile,0.35,0
2026-09-26,wk inc rsv hosp,2,2026-10-10,46,quantile,0.4,1
2026-09-26,wk inc rsv hosp,2,2026-10-10,46,quantile,0.45,1
2026-09-26,wk inc rsv hosp,2,2026-10-10,46,quantile,0.5,1
2026-09-26,wk inc rsv hosp,2,2026-10-10,46,quantile,0.55,1
2026-09-26,wk inc rsv hosp,2,2026-10-10,46,quantile,0.6,1
2026-09-26,wk inc rsv hosp,2,2026-10-10,46,quantile,0.65,2
2026-09-26,wk inc rsv hosp,2,2026-10-10,46,quantile,0.7,2
2026-09-26,wk inc rsv hosp,2,2026-10-10,46,quantile,0.75,2
2026-09-26,wk inc rsv hosp,2,2026-10-10,46,quantile,0.8,3
2026-09-26,wk inc rsv hosp,2,2026-10-10,46,quantile,0.85,3
2026-09-26,wk inc rsv hosp,2,2026-10-10,46,quantile,0.9,4
2026-09-26,wk inc rsv hosp,2,2026-10-10,46,quantile,0.95,6
2026-09-26,wk inc rsv hosp,2,2026-10-10,46,quantile,0.975,9
2026-09-26,wk inc rsv hosp,2,2026-10-10,46,quantile,0.99,17
2026-09-26,wk inc rsv hosp,2,2026-10-10,47,quantile,0.01,0
2026-09-26,wk inc rsv hosp,2,2026-10-10,47,quantile,0.025,0
2026-09-26,wk inc rsv hosp,2,2026-10-10,47,quantile,0.05,0
2026-09-26,wk inc rsv hosp,2,2026-10-10,47,quantile,0.1,0
2026-09-26,wk inc rsv hosp,2,2026-10-10,47,quantile,0.15,1
2026-09-26,wk inc rsv hosp,2,2026-10-10,47,quantile,0.2,2
2026-09-26,wk inc rsv hosp,2,2026-10-10,47,quantile,0.25,3
2026-09-26,wk inc rsv hosp,2,2026-10-10,47,quantile,0.3,3
2026-09-26,wk inc rsv hosp,2,2026-10-10,47,quantile,0.35,4
2026-09-26,wk inc rsv hosp,2,2026-10-10,47,quantile,0.4,5
2026-09-26,wk inc rsv hosp,2,2026-10-10,47,quantile,0.45,6
2026-09-26,wk inc rsv hosp,2,2026-10-10,47,quantile,0.5,7
2026-09-26,wk inc rsv hosp,2,2026-10-10,47,quantile,0.55,8
2026-09-26,wk inc rsv hosp,2,2026-10-10,47,quantile,0.6,9
2026-09-26,wk inc rsv hosp,2,2026-10-10,47,quantile,0.65,11
2026-09-26,wk inc rsv hosp,2,2026-10-10,47,quantile,0.7,13
2026-09-26,wk inc rsv hosp,2,2026-10-10,47,quantile,0.75,15
2026-09-26,wk inc rsv hosp,2,2026-10-10,47,quantile,0.8,18
2026-09-26,wk inc rsv hosp,2,2026-10-10,47,quantile,0.85,22
2026-09-26,wk inc rsv hosp,2,2026-10-10,47,quantile,0.9,29
2026-09-26,wk inc rsv hosp,2,2026-10-10,47,quantile,0.95,51
2026-09-26,wk inc rsv hosp,2,2026-10-10,47,quantile,0.975,63
2026-09-26,wk inc rsv hosp,2,2026-10-10,47,quantile,0.99,106
2026-09-26,wk inc rsv hosp,2,2026-10-10,48,quantile,0.01,17
2026-09-26,wk inc rsv hosp,2,2026-10-10,48,quantile,0.025,23
2026-09-26,wk inc rsv hosp,2,2026-10-10,48,quantile,0.05,28
2026-09-26,wk inc rsv hosp,2,2026-10-10,48,quantile,0.1,34
2026-09-26,wk inc rsv hosp,2,2026-10-10,48,quantile,0.15,39
2026-09-26,wk inc rsv hosp,2,2026-10-10,48,quantile,0.2,43
2026-09-26,wk inc rsv hosp,2,2026-10-10,48,quantile,0.25,48
2026-09-26,wk inc rsv hosp,2,2026-10-10,48,quantile,0.3,52
2026-09-26,wk inc rsv hosp,2,2026-10-10,48,quantile,0.35,56
2026-09-26,wk inc rsv hosp,2,2026-10-10,48,quantile,0.4,59
2026-09-26,wk inc rsv hosp,2,2026-10-10,48,quantile,0.45,64
2026-09-26,wk inc rsv hosp,2,2026-10-10,48,quantile,0.5,72
2026-09-26,wk inc rsv hosp,2,2026-10-10,48,quantile,0.55,76
2026-09-26,wk inc rsv hosp,2,2026-10-10,48,quantile,0.6,82
2026-09-26,wk inc rsv hosp,2,2026-10-10,48,quantile,0.65,91
2026-09-26,wk inc rsv hosp,2,2026-10-10,48,quantile,0.7,99
2026-09-26,wk inc rsv hosp,2,2026-10-10,48,quantile,0.75,108
2026-09-26,wk inc rsv hosp,2,2026-10-10,48,quantile,0.8,120
2026-09-26,wk inc rsv hosp,2,2026-10-10,48,quantile,0.85,142
2026-09-26,wk inc rsv hosp,2,2026-10-10,48,quantile,0.9,170
2026-09-26,wk inc rsv hosp,2,2026-10-10,48,quantile,0.95,234
2026-09-26,wk inc rsv hosp,2,2026-10-10,48,quantile,0.975,313
2026-09-26,wk inc rsv hosp,2,2026-10-10,48,quantile,0.99,408
2026-09-26,wk inc rsv hosp,2,2026-10-10,49,quantile,0.01,0
2026-09-26,wk inc rsv hosp,2,2026-10-10,49,quantile,0.025,0
2026-09-26,wk inc rsv hosp,2,2026-10-10,49,quantile,0.05,0
2026-09-26,wk inc rsv hosp,2,2026-10-10,49,quantile,0.1,0
2026-09-26,wk inc rsv hosp,2,2026-10-10,49,quantile,0.15,0
2026-09-26,wk inc rsv hosp,2,2026-10-10,49,quantile,0.2,1
2026-09-26,wk inc rsv hosp,2,2026-10-10,49,quantile,0.25,1
2026-09-26,wk inc rsv hosp,2,2026-10-10,49,quantile,0.3,1
2026-09-26,wk inc rsv hosp,2,2026-10-10,49,quantile,0.35,2
2026-09-26,wk inc rsv hosp,2,2026-10-10,49,quantile,0.4,3
2026-09-26,wk inc rsv hosp,2,2026-10-10,49,quantile,0.45,3
2026-09-26,wk inc rsv hosp,2,2026-10-10,49,quantile,0.5,4
2026-09-26,wk inc rsv hosp,2,2026-10-10,49,quantile,0.55,4
2026-09-26,wk inc rsv hosp,2,2026-10-10,49,quantile,0.6,5
2026-09-26,wk inc rsv hosp,2,2026-10-10,49,quantile,0.65,6
2026-09-26,wk inc rsv hosp,2,2026-10-10,49,quantile,0.7,8
2026-09-26,wk inc rsv hosp,2,2026-10-10,49,quantile,0.75,10
2026-09-26,wk inc rsv hosp,2,2026-10-10,49,quantile,0.8,13
2026-09-26,wk inc rsv hosp,2,2026-10-10,49,quantile,0.85,17
2026-09-26,wk inc rsv hosp,2,2026-10-10,49,quantile,0.9,24
2026-09-26,wk inc rsv hosp,2,2026-10-10,49,quantile,0.95,38
2026-09-26,wk inc rsv hosp,2,2026-10-10,49,quantile,0.975,61
2026-09-26,wk inc rsv hosp,2,2026-10-10,49,quantile,0.99,99
2026-09-26,wk inc rsv hosp,2,2026-10-10,50,quantile,0.01,0
2026-09-26,wk inc rsv hosp,2,2026-10-10,50,quantile,0.025,0
2026-09-26,wk inc rsv hosp,2,2026-10-10,50,quantile,0.05,0
2026-09-26,wk inc rsv hosp,2,2026-10-10,50,quantile,0.1,0
2026-09-26,wk inc rsv hosp,2,2026-10-10,50,quantile,0.15,0
2026-09-26,wk inc rsv hosp,2,2026-10-10,50,quantile,0.2,0
2026-09-26,wk inc rsv hosp,2,2026-10-10,50,quantile,0.25,0
2026-09-26,wk inc rsv hosp,2,2026-10-10,50,quantile,0.3,0
2026-09-26,wk inc rsv hosp,2,2026-10-10,50,quantile,0.35,1
2026-09-26,wk inc rsv hosp,2,2026-10-10,50,quantile,0.4,1
2026-09-26,wk inc rsv hosp,2,2026-10-10,50,quantile,0.45,1
2026-09-26,wk inc rsv hosp,2,2026-10-10,50,quantile,0.5,1
2026-09-26,wk inc rsv hosp,2,2026-10-10,50,quantile,0.55,2
2026-09-26,wk inc rsv hosp,2,2026-10-10,50,quantile,0.6,2
2026-09-26,wk inc rsv hosp,2,2026-10-10,50,quantile,0.65,3
2026-09-26,wk inc rsv hosp,2,2026-10-10,50,quantile,0.7,3
2026-09-26,wk inc rsv hosp,2,2026-10-10,50,quantile,0.75,4
2026-09-26,wk inc rsv hosp,2,2026-10-10,50,quantile,0.8,5
2026-09-26,wk inc rsv hosp,2,2026-10-10,50,quantile,0.85,6
2026-09-26,wk inc rsv hosp,2,2026-10-10,50,quantile,0.9,8
2026-09-26,wk inc rsv hosp,2,2026-10-10,50,quantile,0.95,14
2026-09-26,wk inc rsv hosp,2,2026-10-10,50,quantile,0.975,23
2026-09-26,wk inc rsv hosp,2,2026-10-10,50,quantile,0.99,35
2026-09-26,wk inc rsv hosp,2,2026-10-10,51,quantile,0.01,0
2026-09-26,wk inc rsv hosp,2,2026-10-10,51,quantile,0.025,0
2026-09-26,wk inc rsv hosp,2,2026-10-10,51,quantile,0.05,0
2026-09-26,wk inc rsv hosp,2,2026-10-10,51,quantile,0.1,0
2026-09-26,wk inc rsv hosp,2,2026-10-10,51,quantile,0.15,1
2026-09-26,wk inc rsv hosp,2,2026-10-10,51,quantile,0.2,2
2026-09-26,wk inc rsv hosp,2,2026-10-10,51,quantile,0.25,3
2026-09-26,wk inc rsv hosp,2,2026-10-10,51,quantile,0.3,3
2026-09-26,wk inc rsv hosp,2,2026-10-10,51,quantile,0.35,4
2026-09-26,wk inc rsv hosp,2,2026-10-10,51,quantile,0.4,5
2026-09-26,wk inc rsv hosp,2,2026-10-10,51,quantile,0.45,5
2026-09-26,wk inc rsv hosp,2,2026-10-10,51,quantile,0.5,6
2026-09-26,wk inc rsv hosp,2,2026-10-10,51,quantile,0.55,7
2026-09-26,wk inc rsv hosp,2,2026-10-10,51,quantile,0.6,8
2026-09-26,wk inc rsv hosp,2,2026-10-10,51,quantile,0.65,9
2026-09-26,wk inc rsv hosp,2,2026-10-10,51,quantile,0.7,11
2026-09-26,wk inc rsv hosp,2,2026-10-10,51,quantile,0.75,13
2026-09-26,wk inc rsv hosp,2,2026-10-10,51,quantile,0.8,15
2026-09-26,wk inc rsv hosp,2,2026-10-10,51,quantile,0.85,18
2026-09-26,wk inc rsv hosp,2,2026-10-10,51,quantile,0.9,25
2026-09-26,wk inc rsv hosp,2,2026-10-10,51,quantile,0.95,36
2026-09-26,wk inc rsv hosp,2,2026-10-10,51,quantile,0.975,50
2026-09-26,wk inc rsv hosp,2,2026-10-10,51,quantile,0.99,63
2026-09-26,wk inc rsv hosp,2,2026-10-10,53,quantile,0.01,0
2026-09-26,wk inc rsv hosp,2,2026-10-10,53,quantile,0.025,0
2026-09-26,wk inc rsv hosp,2,2026-10-10,53,quantile,0.05,0
2026-09-26,wk inc rsv hosp,2,2026-10-10,53,quantile,0.1,0
2026-09-26,wk inc rsv hosp,2,2026-10-10,53,quantile,0.15,0
2026-09-26,wk inc rsv hosp,2,2026-10-10,53,quantile,0.2,0
2026-09-26,wk inc rsv hosp,2,2026-10-10,53,quantile,0.25,1
2026-09-26,wk inc rsv hosp,2,2026-10-10,53,quantile,0.3,1
2026-09-26,wk inc rsv hosp,2,2026-10-10,53,quantile,0.35,2
2026-09-26,wk inc rsv hosp,2,2026-10-10,53,quantile,0.4,2
2026-09-26,wk inc rsv hosp,2,2026-10-10,53,quantile,0.45,3
2026-09-26,wk inc rsv hosp,2,2026-10-10,53,quantile,0.5,3
2026-09-26,wk inc rsv hosp,2,2026-10-10,53,quantile,0.55,4
2026-09-26,wk inc rsv hosp,2,2026-10-10,53,quantile,0.6,4
2026-09-26,wk inc rsv hosp,2,2026-10-10,53,quantile,0.65,5
2026-09-26,wk inc rsv hosp,2,2026-10-10,53,quantile,0.7,6
2026-09-26,wk inc rsv hosp,2,2026-10-10,53,quantile,0.75,8
2026-09-26,wk inc rsv hosp,2,2026-10-10,53,quantile,0.8,10
2026-09-26,wk inc rsv hosp,2,2026-10-10,53,quantile,0.85,13
2026-09-26,wk inc rsv hosp,2,2026-10-10,53,quantile,0.9,18
2026-09-26,wk inc rsv hosp,2,2026-10-10,53,quantile,0.95,26
2026-09-26,wk inc rsv hosp,2,2026-10-10,53,quantile,0.975,45
2026-09-26,wk inc rsv hosp,2,2026-10-10,53,quantile,0.99,64
2026-09-26,wk inc rsv hosp,2,2026-10-10,54,quantile,0.01,0
2026-09-26,wk inc rsv hosp,2,2026-10-10,54,quantile,0.025,0
2026-09-26,wk inc rsv hosp,2,2026-10-10,54,quantile,0.05,0
2026-09-26,wk inc rsv hosp,2,2026-10-10,54,quantile,0.1,0
2026-09-26,wk inc rsv hosp,2,2026-10-10,54,quantile,0.15,0
2026-09-26,wk inc rsv hosp,2,2026-10-10,54,quantile,0.2,1
2026-09-26,wk inc rsv hosp,2,2026-10-10,54,quantile,0.25,1
2026-09-26,wk inc rsv hosp,2,2026-10-10,54,quantile,0.3,1
2026-09-26,wk inc rsv hosp,2,2026-10-10,54,quantile,0.35,2
2026-09-26,wk inc rsv hosp,2,2026-10-10,54,quantile,0.4,2
2026-09-26,wk inc rsv hosp,2,2026-10-10,54,quantile,0.45,3
2026-09-26,wk inc rsv hosp,2,2026-10-10,54,quantile,0.5,3
2026-09-26,wk inc rsv hosp,2,2026-10-10,54,quantile,0.55,4
2026-09-26,wk inc rsv hosp,2,2026-10-10,54,quantile,0.6,4
2026-09-26,wk inc rsv hosp,2,2026-10-10,54,quantile,0.65,5
2026-09-26,wk inc rsv hosp,2,2026-10-10,54,quantile,0.7,6
2026-09-26,wk inc rsv hosp,2,2026-10-10,54,quantile,0.75,7
2026-09-26,wk inc rsv hosp,2,2026-10-10,54,quantile,0.8,8
2026-09-26,wk inc rsv hosp,2,2026-10-10,54,quantile,0.85,12
2026-09-26,wk inc rsv hosp,2,2026-10-10,54,quantile,0.9,17
2026-09-26,wk inc rsv hosp,2,2026-10-10,54,quantile,0.95,25
2026-09-26,wk inc rsv hosp,2,2026-10-10,54,quantile,0.975,36
2026-09-26,wk inc rsv hosp,2,2026-10-10,54,quantile,0.99,67
2026-09-26,wk inc rsv hosp,2,2026-10-10,55,quantile,0.01,0
2026-09-26,wk inc rsv hosp,2,2026-10-10,55,quantile,0.025,0
2026-09-26,wk inc rsv hosp,2,2026-10-10,55,quantile,0.05,0
2026-09-26,wk inc rsv hosp,2,2026-10-10,55,quantile,0.1,0
2026-09-26,wk inc rsv hosp,2,2026-10-10,55,quantile,0.15,0
2026-09-26,wk inc rsv hosp,2,2026-10-10,55,quantile,0.2,0
2026-09-26,wk inc rsv hosp,2,2026-10-10,55,quantile,0.25,0
2026-09-26,wk inc rsv hosp,2,2026-10-10,55,quantile,0.3,0
2026-09-26,wk inc rsv hosp,2,2026-10-10,55,quantile,0.35,0
2026-09-26,wk inc rsv hosp,2,2026-10-10,55,quantile,0.4,0
2026-09-26,wk inc rsv hosp,2,2026-10-10,55,quantile,0.45,0
2026-09-26,wk inc rsv hosp,2,2026-10-10,55,quantile,0.5,0
2026-09-26,wk inc rsv hosp,2,2026-10-10,55,quantile,0.55,0
2026-09-26,wk inc rsv hosp,2,2026-10-10,55,quantile,0.6,1
2026-09-26,wk inc rsv hosp,2,2026-10-10,55,quantile,0.65,1
2026-09-26,wk inc rsv hosp,2,2026-10-10,55,quantile,0.7,2
2026-09-26,wk inc rsv hosp,2,2026-10-10,55,quantile,0.75,3
2026-09-26,wk inc rsv hosp,2,2026-10-10,55,quantile,0.8,4
2026-09-26,wk inc rsv hosp,2,2026-10-10,55,quantile,0.85,6
2026-09-26,wk inc rsv hosp,2,2026-10-10,55,quantile,0.9,9
2026-09-26,wk inc rsv hosp,2,2026-10-10,55,quantile,0.95,17
2026-09-26,wk inc rsv hosp,2,2026-10-10,55,quantile,0.975,28
2026-09-26,wk inc rsv hosp,2,2026-10-10,55,quantile,0.99,48
2026-09-26,wk inc rsv hosp,2,2026-10-10,56,quantile,0.01,0
2026-09-26,wk inc rsv hosp,2,2026-10-10,56,quantile,0.025,0
2026-09-26,wk inc rsv hosp,2,2026-10-10,56,quantile,0.05,0
2026-09-26,wk inc rsv hosp,2,2026-10-10,56,quantile,0.1,0
2026-09-26,wk inc rsv hosp,2,2026-10-10,56,quantile,0.15,0
2026-09-26,wk inc rsv hosp,2,2026-10-10,56,quantile,0.2,0
2026-09-26,wk inc rsv hosp,2,2026-10-10,56,quantile,0.25,0
2026-09-26,wk inc rsv hosp,2,2026-10-10,56,quantile,0.3,0
2026-09-26,wk inc rsv hosp,2,2026-10-10,56,quantile,0.35,0
2026-09-26,wk inc rsv hosp,2,2026-10-10,56,quantile,0.4,0
2026-09-26,wk inc rsv hosp,2,2026-10-10,56,quantile,0.45,0
2026-09-26,wk inc rsv hosp,2,2026-10-10,56,quantile,0.5,0
2026-09-26,wk inc rsv hosp,2,2026-10-10,56,quantile,0.55,0
2026-09-26,wk inc rsv hosp,2,2026-10-10,56,quantile,0.6,0
2026-09-26,wk inc rsv hosp,2,2026-10-10,56,quantile,0.65,0
2026-09-26,wk inc rsv hosp,2,2026-10-10,56,quantile,0.7,0
2026-09-26,wk inc rsv hosp,2,2026-10-10,56,quantile,0.75,0
2026-09-26,wk inc rsv hosp,2,2026-10-10,56,quantile,0.8,0
2026-09-26,wk inc rsv hosp,2,2026-10-10,56,quantile,0.85,0
2026-09-26,wk inc rsv hosp,2,2026-10-10,56,quantile,0.9,0
2026-09-26,wk inc rsv hosp,2,2026-10-10,56,quantile,0.95,1
2026-09-26,wk inc rsv hosp,2,2026-10-10,56,quantile,0.975,2
2026-09-26,wk inc rsv hosp,2,2026-10-10,56,quantile,0.99,8
2026-09-26,wk inc rsv hosp,2,2026-10-10,72,quantile,0.01,0
2026-09-26,wk inc rsv hosp,2,2026-10-10,72,quantile,0.025,0
2026-09-26,wk inc rsv hosp,2,2026-10-10,72,quantile,0.05,0
2026-09-26,wk inc rsv hosp,2,2026-10-10,72,quantile,0.1,1
2026-09-26,wk inc rsv hosp,2,2026-10-10,72,quantile,0.15,1
2026-09-26,wk inc rsv hosp,2,2026-10-10,72,quantile,0.2,2
2026-09-26,wk inc rsv hosp,2,2026-10-10,72,quantile,0.25,3
2026-09-26,wk inc rsv hosp,2,2026-10-10,72,quantile,0.3,4
2026-09-26,wk inc rsv hosp,2,2026-10-10,72,quantile,0.35,5
2026-09-26,wk inc rsv hosp,2,2026-10-10,72,quantile,0.4,5
2026-09-26,wk inc rsv hosp,2,2026-10-10,72,quantile,0.45,7
2026-09-26,wk inc rsv hosp,2,2026-10-10,72,quantile,0.5,8
2026-09-26,wk inc rsv hosp,2,2026-10-10,72,quantile,0.55,9
2026-09-26,wk inc rsv hosp,2,2026-10-10,72,quantile,0.6,10
2026-09-26,wk inc rsv hosp,2,2026-10-10,72,quantile,0.65,12
2026-09-26,wk inc rsv hosp,2,2026-10-10,72,quantile,0.7,13
2026-09-26,wk inc rsv hosp,2,2026-10-10,72,quantile,0.75,16
2026-09-26,wk inc rsv hosp,2,2026-10-10,72,quantile,0.8,18
2026-09-26,wk inc rsv hosp,2,2026-10-10,72,quantile,0.85,23
2026-09-26,wk inc rsv hosp,2,2026-10-10,72,quantile,0.9,31
2026-09-26,wk inc rsv hosp,2,2026-10-10,72,quantile,0.95,47
2026-09-26,wk inc rsv hosp,2,2026-10-10,72,quantile,0.975,63
2026-09-26,wk inc rsv hosp,2,2026-10-10,72,quantile,0.99,84
2026-09-26,wk inc rsv hosp,2,2026-10-10,US,quantile,0.01,512
2026-09-26,wk inc rsv hosp,2,2026-10-10,US,quantile,0.025,553
2026-09-26,wk inc rsv hosp,2,2026-10-10,US,quantile,0.05,590
2026-09-26,wk inc rsv hosp,2,2026-10-10,US,quantile,0.1,639
2026-09-26,wk inc rsv hosp,2,2026-10-10,US,quantile,0.15,680
2026-09-26,wk inc rsv hosp,2,2026-10-10,US,quantile,0.2,715
2026-09-26,wk inc rsv hosp,2,2026-10-10,US,quantile,0.25,746
2026-09-26,wk inc rsv hosp,2,2026-10-10,US,quantile,0.3,774
2026-09-26,wk inc rsv hosp,2,2026-10-10,US,quantile,0.35,808
2026-09-26,wk inc rsv hosp,2,2026-10-10,US,quantile,0.4,842
2026-09-26,wk inc rsv hosp,2,2026-10-10,US,quantile,0.45,877
2026-09-26,wk inc rsv hosp,2,2026-10-10,US,quantile,0.5,916
2026-09-26,wk inc rsv hosp,2,2026-10-10,US,quantile,0.55,954
2026-09-26,wk inc rsv hosp,2,2026-10-10,US,quantile,0.6,991
2026-09-26,wk inc rsv hosp,2,2026-10-10,US,quantile,0.65,1030
2026-09-26,wk inc rsv hosp,2,2026-10-10,US,quantile,0.7,1093
2026-09-26,wk inc rsv hosp,2,2026-10-10,US,quantile,0.75,1152
2026-09-26,wk inc rsv hosp,2,2026-10-10,US,quantile,0.8,1214
2026-09-26,wk inc rsv hosp,2,2026-10-10,US,quantile,0.85,1340
2026-09-26,wk inc rsv hosp,2,2026-10-10,US,quantile,0.9,1528
2026-09-26,wk inc rsv hosp,2,2026-10-10,US,quantile,0.95,1914
2026-09-26,wk inc rsv hosp,2,2026-10-10,US,quantile,0.975,2138
2026-09-26,wk inc rsv hosp,2,2026-10-10,US,quantile,0.99,2936
2026-09-26,wk inc rsv hosp,3,2026-10-17,01,quantile,0.01,0
2026-09-26,wk inc rsv hosp,3,2026-10-17,01,quantile,0.025,1
2026-09-26,wk inc rsv hosp,3,2026-10-17,01,quantile,0.05,3
2026-09-26,wk inc rsv hosp,3,2026-10-17,01,quantile,0.1,5
2026-09-26,wk inc rsv hosp,3,2026-10-17,01,quantile,0.15,7
2026-09-26,wk inc rsv hosp,3,2026-10-17,01,quantile,0.2,9
2026-09-26,wk inc rsv hosp,3,2026-10-17,01,quantile,0.25,11
2026-09-26,wk inc rsv hosp,3,2026-10-17,01,quantile,0.3,13
2026-09-26,wk inc rsv hosp,3,2026-10-17,01,quantile,0.35,15
2026-09-26,wk inc rsv hosp,3,2026-10-17,01,quantile,0.4,17
2026-09-26,wk inc rsv hosp,3,2026-10-17,01,quantile,0.45,19
2026-09-26,wk inc rsv hosp,3,2026-10-17,01,quantile,0.5,22
2026-09-26,wk inc rsv hosp,3,2026-10-17,01,quantile,0.55,25
2026-09-26,wk inc rsv hosp,3,2026-10-17,01,quantile,0.6,27
2026-09-26,wk inc rsv hosp,3,2026-10-17,01,quantile,0.65,32
2026-09-26,wk inc rsv hosp,3,2026-10-17,01,quantile,0.7,36
2026-09-26,wk inc rsv hosp,3,2026-10-17,01,quantile,0.75,42
2026-09-26,wk inc rsv hosp,3,2026-10-17,01,quantile,0.8,52
2026-09-26,wk inc rsv hosp,3,2026-10-17,01,quantile,0.85,63
2026-09-26,wk inc rsv hosp,3,2026-10-17,01,quantile,0.9,82
2026-09-26,wk inc rsv hosp,3,2026-10-17,01,quantile,0.95,132
2026-09-26,wk inc rsv hosp,3,2026-10-17,01,quantile,0.975,185
2026-09-26,wk inc rsv hosp,3,2026-10-17,01,quantile,0.99,270
2026-09-26,wk inc rsv hosp,3,2026-10-17,02,quantile,0.01,0
2026-09-26,wk inc rsv hosp,3,2026-10-17,02,quantile,0.025,0
2026-09-26,wk inc rsv hosp,3,2026-10-17,02,quantile,0.05,1
2026-09-26,wk inc rsv hosp,3,2026-10-17,02,quantile,0.1,2
2026-09-26,wk inc rsv hosp,3,2026-10-17,02,quantile,0.15,3
2026-09-26,wk inc rsv hosp,3,2026-10-17,02,quantile,0.2,4
2026-09-26,wk inc rsv hosp,3,2026-10-17,02,quantile,0.25,5
2026-09-26,wk inc rsv hosp,3,2026-10-17,02,quantile,0.3,7
2026-09-26,wk inc rsv hosp,3,2026-10-17,02,quantile,0.35,8
2026-09-26,wk inc rsv hosp,3,2026-10-17,02,quantile,0.4,9
2026-09-26,wk inc rsv hosp,3,2026-10-17,02,quantile,0.45,11
2026-09-26,wk inc rsv hosp,3,2026-10-17,02,quantile,0.5,12
2026-09-26,wk inc rsv hosp,3,2026-10-17,02,quantile,0.55,15
2026-09-26,wk inc rsv hosp,3,2026-10-17,02,quantile,0.6,16
2026-09-26,wk inc rsv hosp,3,2026-10-17,02,quantile,0.65,19
2026-09-26,wk inc rsv hosp,3,2026-10-17,02,quantile,0.7,22
2026-09-26,wk inc rsv hosp,3,2026-10-17,02,quantile,0.75,26
2026-09-26,wk inc rsv hosp,3,2026-10-17,02,quantile,0.8,32
2026-09-26,wk inc rsv hosp,3,2026-10-17,02,quantile,0.85,40
2026-09-26,wk inc rsv hosp,3,2026-10-17,02,quantile,0.9,51
2026-09-26,wk inc rsv hosp,3,2026-10-17,02,quantile,0.95,70
2026-09-26,wk inc rsv hosp,3,2026-10-17,02,quantile,0.975,96
2026-09-26,wk inc rsv hosp,3,2026-10-17,02,quantile,0.99,127
2026-09-26,wk inc rsv hosp,3,2026-10-17,04,quantile,0.01,0
2026-09-26,wk inc rsv hosp,3,2026-10-17,04,quantile,0.025,0
2026-09-26,wk inc rsv hosp,3,2026-10-17,04,quantile,0.05,0
2026-09-26,wk inc rsv hosp,3,2026-10-17,04,quantile,0.1,0
2026-09-26,wk inc rsv hosp,3,2026-10-17,04,quantile,0.15,0
2026-09-26,wk inc rsv hosp,3,2026-10-17,04,quantile,0.2,0
2026-09-26,wk inc rsv hosp,3,2026-10-17,04,quantile,0.25,0
2026-09-26,wk inc rsv hosp,3,2026-10-17,04,quantile,0.3,0
2026-09-26,wk inc rsv hosp,3,2026-10-17,04,quantile,0.35,0
2026-09-26,wk inc rsv hosp,3,2026-10-17,04,quantile,0.4,0
2026-09-26,wk inc rsv hosp,3,2026-10-17,04,quantile,0.45,0
2026-09-26,wk inc rsv hosp,3,2026-10-17,04,quantile,0.5,1
2026-09-26,wk inc rsv hosp,3,2026-10-17,04,quantile,0.55,1
2026-09-26,wk inc rsv hosp,3,2026-10-17,04,quantile,0.6,2
2026-09-26,wk inc rsv hosp,3,2026-10-17,04,quantile,0.65,2
2026-09-26,wk inc rsv hosp,3,2026-10-17,04,quantile,0.7,3
2026-09-26,wk inc rsv hosp,3,2026-10-17,04,quantile,0.75,5
2026-09-26,wk inc rsv hosp,3,2026-10-17,04,quantile,0.8,6
2026-09-26,wk inc rsv hosp,3,2026-10-17,04,quantile,0.85,9
2026-09-26,wk inc rsv hosp,3,2026-10-17,04,quantile,0.9,13
2026-09-26,wk inc rsv hosp,3,2026-10-17,04,quantile,0.95,22
2026-09-26,wk inc rsv hosp,3,2026-10-17,04,quantile,0.975,39
2026-09-26,wk inc rsv hosp,3,2026-10-17,04,quantile,0.99,58
2026-09-26,wk inc rsv hosp,3,2026-10-17,05,quantile,0.01,0
2026-09-26,wk inc rsv hosp,3,2026-10-17,05,quantile,0.025,0
2026-09-26,wk inc rsv hosp,3,2026-10-17,05,quantile,0.05,0
2026-09-26,wk inc rsv hosp,3,2026-10-17,05,quantile,0.1,0
2026-09-26,wk inc rsv hosp,3,2026-10-17,05,quantile,0.15,0
2026-09-26,wk inc rsv hosp,3,2026-10-17,05,quantile,0.2,0
2026-09-26,wk inc rsv hosp,3,2026-10-17,05,quantile,0.25,0
2026-09-26,wk inc rsv hosp,3,2026-10-17,05,quantile,0.3,1
2026-09-26,wk inc rsv hosp,3,2026-10-17,05,quantile,0.35,1
2026-09-26,wk inc rsv hosp,3,2026-10-17,05,quantile,0.4,1
2026-09-26,wk inc rsv hosp,3,2026-10-17,05,quantile,0.45,1
2026-09-26,wk inc rsv hosp,3,2026-10-17,05,quantile,0.5,2
2026-09-26,wk inc rsv hosp,3,2026-10-17,05,quantile,0.55,2
2026-09-26,wk inc rsv hosp,3,2026-10-17,05,quantile,0.6,3
2026-09-26,wk inc rsv hosp,3,2026-10-17,05,quantile,0.65,3
2026-09-26,wk inc rsv hosp,3,2026-10-17,05,quantile,0.7,4
2026-09-26,wk inc rsv hosp,3,2026-10-17,05,quantile,0.75,5
2026-09-26,wk inc rsv hosp,3,2026-10-17,05,quantile,0.8,6
2026-09-26,wk inc rsv hosp,3,2026-10-17,05,quantile,0.85,9
2026-09-26,wk inc rsv hosp,3,2026-10-17,05,quantile,0.9,12
2026-09-26,wk inc rsv hosp,3,2026-10-17,05,quantile,0.95,23
2026-09-26,wk inc rsv hosp,3,2026-10-17,05,quantile,0.975,37
2026-09-26,wk inc rsv hosp,3,2026-10-17,05,quantile,0.99,57
2026-09-26,wk inc rsv hosp,3,2026-10-17,06,quantile,0.01,0
2026-09-26,wk inc rsv hosp,3,2026-10-17,06,quantile,0.025,0
2026-09-26,wk inc rsv hosp,3,2026-10-17,06,quantile,0.05,2
2026-09-26,wk inc rsv hosp,3,2026-10-17,06,quantile,0.1,5
2026-09-26,wk inc rsv hosp,3,2026-10-17,06,quantile,0.15,7
2026-09-26,wk inc rsv hosp,3,2026-10-17,06,quantile,0.2,9
2026-09-26,wk inc rsv hosp,3,2026-10-17,06,quantile,0.25,11
2026-09-26,wk inc rsv hosp,3,2026-10-17,06,quantile,0.3,13
2026-09-26,wk inc rsv hosp,3,2026-10-17,06,quantile,0.35,15
2026-09-26,wk inc rsv hosp,3,2026-10-17,06,quantile,0.4,17
2026-09-26,wk inc rsv hosp,3,2026-10-17,06,quantile,0.45,19
2026-09-26,wk inc rsv hosp,3,2026-10-17,06,quantile,0.5,22
2026-09-26,wk inc rsv hosp,3,2026-10-17,06,quantile,0.55,26
2026-09-26,wk inc rsv hosp,3,2026-10-17,06,quantile,0.6,29
2026-09-26,wk inc rsv hosp,3,2026-10-17,06,quantile,0.65,35
2026-09-26,wk inc rsv hosp,3,2026-10-17,06,quantile,0.7,41
2026-09-26,wk inc rsv hosp,3,2026-10-17,06,quantile,0.75,50
2026-09-26,wk inc rsv hosp,3,2026-10-17,06,quantile,0.8,58
2026-09-26,wk inc rsv hosp,3,2026-10-17,06,quantile,0.85,72
2026-09-26,wk inc rsv hosp,3,2026-10-17,06,quantile,0.9,94
2026-09-26,wk inc rsv hosp,3,2026-10-17,06,quantile,0.95,141
2026-09-26,wk inc rsv hosp,3,2026-10-17,06,quantile,0.975,182
2026-09-26,wk inc rsv hosp,3,2026-10-17,06,quantile,0.99,303
2026-09-26,wk inc rsv hosp,3,2026-10-17,08,quantile,0.01,0
2026-09-26,wk inc rsv hosp,3,2026-10-17,08,quantile,0.025,0
2026-09-26,wk inc rsv hosp,3,2026-10-17,08,quantile,0.05,0
2026-09-26,wk inc rsv hosp,3,2026-10-17,08,quantile,0.1,0
2026-09-26,wk inc rsv hosp,3,2026-10-17,08,quantile,0.15,0
2026-09-26,wk inc rsv hosp,3,2026-10-17,08,quantile,0.2,0
2026-09-26,wk inc rsv hosp,3,2026-10-17,08,quantile,0.25,0
2026-09-26,wk inc rsv hosp,3,2026-10-17,08,quantile,0.3,0
2026-09-26,wk inc rsv hosp,3,2026-10-17,08,quantile,0.35,1
2026-09-26,wk inc rsv hosp,3,2026-10-17,08,quantile,0.4,1
2026-09-26,wk inc rsv hosp,3,2026-10-17,08,quantile,0.45,1
2026-09-26,wk inc rsv hosp,3,2026-10-17,08,quantile,0.5,1
2026-09-26,wk inc rsv hosp,3,2026-10-17,08,quantile,0.55,2
2026-09-26,wk inc rsv hosp,3,2026-10-17,08,quantile,0.6,2
2026-09-26,wk inc rsv hosp,3,2026-10-17,08,quantile,0.65,3
2026-09-26,wk inc rsv hosp,3,2026-10-17,08,quantile,0.7,3
2026-09-26,wk inc rsv hosp,3,2026-10-17,08,quantile,0.75,4
2026-09-26,wk inc rsv hosp,3,2026-10-17,08,quantile,0.8,5
2026-09-26,wk inc rsv hosp,3,2026-10-17,08,quantile,0.85,7
2026-09-26,wk inc rsv hosp,3,2026-10-17,08,quantile,0.9,11
2026-09-26,wk inc rsv hosp,3,2026-10-17,08,quantile,0.95,22
2026-09-26,wk inc rsv hosp,3,2026-10-17,08,quantile,0.975,40
2026-09-26,wk inc rsv hosp,3,2026-10-17,08,quantile,0.99,93
2026-09-26,wk inc rsv hosp,3,2026-10-17,09,quantile,0.01,0
2026-09-26,wk inc rsv hosp,3,2026-10-17,09,quantile,0.025,0
2026-09-26,wk inc rsv hosp,3,2026-10-17,09,quantile,0.05,0
2026-09-26,wk inc rsv hosp,3,2026-10-17,09,quantile,0.1,0
2026-09-26,wk inc rsv hosp,3,2026-10-17,09,quantile,0.15,0
2026-09-26,wk inc rsv hosp,3,2026-10-17,09,quantile,0.2,0
2026-09-26,wk inc rsv hosp,3,2026-10-17,09,quantile,0.25,0
2026-09-26,wk inc rsv hosp,3,2026-10-17,09,quantile,0.3,0
2026-09-26,wk inc rsv hosp,3,2026-10-17,09,quantile,0.35,0
2026-09-26,wk inc rsv hosp,3,2026-10-17,09,quantile,0.4,0
2026-09-26,wk inc rsv hosp,3,2026-10-17,09,quantile,0.45,0
2026-09-26,wk inc rsv hosp,3,2026-10-17,09,quantile,0.5,0
2026-09-26,wk inc rsv hosp,3,2026-10-17,09,quantile,0.55,0
2026-09-26,wk inc rsv hosp,3,2026-10-17,09,quantile,0.6,0
2026-09-26,wk inc rsv hosp,3,2026-10-17,09,quantile,0.65,0
2026-09-26,wk inc rsv hosp,3,2026-10-17,09,quantile,0.7,0
2026-09-26,wk inc rsv hosp,3,2026-10-17,09,quantile,0.75,1
2026-09-26,wk inc rsv hosp,3,2026-10-17,09,quantile,0.8,1
2026-09-26,wk inc rsv hosp,3,2026-10-17,09,quantile,0.85,2
2026-09-26,wk inc rsv hosp,3,2026-10-17,09,quantile,0.9,4
2026-09-26,wk inc rsv hosp,3,2026-10-17,09,quantile,0.95,9
2026-09-26,wk inc rsv hosp,3,2026-10-17,09,quantile,0.975,16
2026-09-26,wk inc rsv hosp,3,2026-10-17,09,quantile,0.99,35
2026-09-26,wk inc rsv hosp,3,2026-10-17,10,quantile,0.01,0
2026-09-26,wk inc rsv hosp,3,2026-10-17,10,quantile,0.025,0
2026-09-26,wk inc rsv hosp,3,2026-10-17,10,quantile,0.05,0
2026-09-26,wk inc rsv hosp,3,2026-10-17,10,quantile,0.1,0
2026-09-26,wk inc rsv hosp,3,2026-10-17,10,quantile,0.15,1
2026-09-26,wk inc rsv hosp,3,2026-10-17,10,quantile,0.2,1
2026-09-26,wk inc rsv hosp,3,2026-10-17,10,quantile,0.25,1
2026-09-26,wk inc rsv hosp,3,2026-10-17,10,quantile,0.3,2
2026-09-26,wk inc rsv hosp,3,2026-10-17,10,quantile,0.35,2
2026-09-26,wk inc rsv hosp,3,2026-10-17,10,quantile,0.4,2
2026-09-26,wk inc rsv hosp,3,2026-10-17,10,quantile,0.45,3
2026-09-26,wk inc rsv hosp,3,2026-10-17,10,quantile,0.5,3
2026-09-26,wk inc rsv hosp,3,2026-10-17,10,quantile,0.55,4
2026-09-26,wk inc rsv hosp,3,2026-10-17,10,quantile,0.6,5
2026-09-26,wk inc rsv hosp,3,2026-10-17,10,quantile,0.65,6
2026-09-26,wk inc rsv hosp,3,2026-10-17,10,quantile,0.7,7
2026-09-26,wk inc rsv hosp,3,2026-10-17,10,quantile,0.75,8
2026-09-26,wk inc rsv hosp,3,2026-10-17,10,quantile,0.8,10
2026-09-26,wk inc rsv hosp,3,2026-10-17,10,quantile,0.85,12
2026-09-26,wk inc rsv hosp,3,2026-10-17,10,quantile,0.9,19
2026-09-26,wk inc rsv hosp,3,2026-10-17,10,quantile,0.95,28
2026-09-26,wk inc rsv hosp,3,2026-10-17,10,quantile,0.975,42
2026-09-26,wk inc rsv hosp,3,2026-10-17,10,quantile,0.99,65
2026-09-26,wk inc rsv hosp,3,2026-10-17,11,quantile,0.01,0
2026-09-26,wk inc rsv hosp,3,2026-10-17,11,quantile,0.025,0
2026-09-26,wk inc rsv hosp,3,2026-10-17,11,quantile,0.05,0
2026-09-26,wk inc rsv hosp,3,2026-10-17,11,quantile,0.1,0
2026-09-26,wk inc rsv hosp,3,2026-10-17,11,quantile,0.15,0
2026-09-26,wk inc rsv hosp,3,2026-10-17,11,quantile,0.2,0
2026-09-26,wk inc rsv hosp,3,2026-10-17,11,quantile,0.25,0
2026-09-26,wk inc rsv hosp,3,2026-10-17,11,quantile,0.3,0
2026-09-26,wk inc rsv hosp,3,2026-10-17,11,quantile,0.35,0
2026-09-26,wk inc rsv hosp,3,2026-10-17,11,quantile,0.4,0
2026-09-26,wk inc rsv hosp,3,2026-10-17,11,quantile,0.45,0
2026-09-26,wk inc rsv hosp,3,2026-10-17,11,quantile,0.5,0
2026-09-26,wk inc rsv hosp,3,2026-10-17,11,quantile,0.55,0
2026-09-26,wk inc rsv hosp,3,2026-10-17,11,quantile,0.6,0
2026-09-26,wk inc rsv hosp,3,2026-10-17,11,quantile,0.65,0
2026-09-26,wk inc rsv hosp,3,2026-10-17,11,quantile,0.7,0
2026-09-26,wk inc rsv hosp,3,2026-10-17,11,quantile,0.75,0
2026-09-26,wk inc rsv hosp,3,2026-10-17,11,quantile,0.8,0
2026-09-26,wk inc rsv hosp,3,2026-10-17,11,quantile,0.85,0
2026-09-26,wk inc rsv hosp,3,2026-10-17,11,quantile,0.9,0
2026-09-26,wk inc rsv hosp,3,2026-10-17,11,quantile,0.95,1
2026-09-26,wk inc rsv hosp,3,2026-10-17,11,quantile,0.975,3
2026-09-26,wk inc rsv hosp,3,2026-10-17,11,quantile,0.99,7
2026-09-26,wk inc rsv hosp,3,2026-10-17,12,quantile,0.01,39
2026-09-26,wk inc rsv hosp,3,2026-10-17,12,quantile,0.025,52
2026-09-26,wk inc rsv hosp,3,2026-10-17,12,quantile,0.05,71
2026-09-26,wk inc rsv hosp,3,2026-10-17,12,quantile,0.1,91
2026-09-26,wk inc rsv hosp,3,2026-10-17,12,quantile,0.15,105
2026-09-26,wk inc rsv hosp,3,2026-10-17,12,quantile,0.2,119
2026-09-26,wk inc rsv hosp,3,2026-10-17,12,quantile,0.25,134
2026-09-26,wk inc rsv hosp,3,2026-10-17,12,quantile,0.3,147
2026-09-26,wk inc rsv hosp,3,2026-10-17,12,quantile,0.35,162
2026-09-26,wk inc rsv hosp,3,2026-10-17,12,quantile,0.4,181
2026-09-26,wk inc rsv hosp,3,2026-10-17,12,quantile,0.45,195
2026-09-26,wk inc rsv hosp,3,2026-10-17,12,quantile,0.5,220
2026-09-26,wk inc rsv hosp,3,2026-10-17,12,quantile,0.55,242
2026-09-26,wk inc rsv hosp,3,2026-10-17,12,quantile,0.6,266
2026-09-26,wk inc rsv hosp,3,2026-10-17,12,quantile,0.65,291
2026-09-26,wk inc rsv hosp,3,2026-10-17,12,quantile,0.7,330
2026-09-26,wk inc rsv hosp,3,2026-10-17,12,quantile,0.75,380
2026-09-26,wk inc rsv hosp,3,2026-10-17,12,quantile,0.8,441
2026-09-26,wk inc rsv hosp,3,2026-10-17,12,quantile,0.85,528
2026-09-26,wk inc rsv hosp,3,2026-10-17,12,quantile,0.9,660
2026-09-26,wk inc rsv hosp,3,2026-10-17,12,quantile,0.95,896
2026-09-26,wk inc rsv hosp,3,2026-10-17,12,quantile,0.975,1046
2026-09-26,wk inc rsv hosp,3,2026-10-17,12,quantile,0.99,1424
2026-09-26,wk inc rsv hosp,3,2026-10-17,13,quantile,0.01,0
2026-09-26,wk inc rsv hosp,3,2026-10-17,13,quantile,0.025,0
2026-09-26,wk inc rsv hosp,3,2026-10-17,13,quantile,0.05,2
2026-09-26,wk inc rsv hosp,3,2026-10-17,13,quantile,0.1,5
2026-09-26,wk inc rsv hosp,3,2026-10-17,13,quantile,0.15,6
2026-09-26,wk inc rsv hosp,3,2026-10-17,13,quantile,0.2,7
2026-09-26,wk inc rsv hosp,3,2026-10-17,13,quantile,0.25,9
2026-09-26,wk inc rsv hosp,3,2026-10-17,13,quantile,0.3,10
2026-09-26,wk inc rsv hosp,3,2026-10-17,13,quantile,0.35,11
2026-09-26,wk inc rsv hosp,3,2026-10-17,13,quantile,0.4,13
2026-09-26,wk inc rsv hosp,3,2026-10-17,13,quantile,0.45,15
2026-09-26,wk inc rsv hosp,3,2026-10-17,13,quantile,0.5,16
2026-09-26,wk inc rsv hosp,3,2026-10-17,13,quantile,0.55,18
2026-09-26,wk inc rsv hosp,3,2026-10-17,13,quantile,0.6,21
2026-09-26,wk inc rsv hosp,3,2026-10-17,13,quantile,0.65,25
2026-09-26,wk inc rsv hosp,3,2026-10-17,13,quantile,0.7,28
2026-09-26,wk inc rsv hosp,3,2026-10-17,13,quantile,0.75,33
2026-09-26,wk inc rsv hosp,3,2026-10-17,13,quantile,0.8,41
2026-09-26,wk inc rsv hosp,3,2026-10-17,13,quantile,0.85,47
2026-09-26,wk inc rsv hosp,3,2026-10-17,13,quantile,0.9,61
2026-09-26,wk inc rsv hosp,3,2026-10-17,13,quantile,0.95,91
2026-09-26,wk inc rsv hosp,3,2026-10-17,13,quantile,0.975,119
2026-09-26,wk inc rsv hosp,3,2026-10-17,13,quantile,0.99,168
2026-09-26,wk inc rsv hosp,3,2026-10-17,15,quantile,0.01,0
2026-09-26,wk inc rsv hosp,3,2026-10-17,15,quantile,0.025,0
2026-09-26,wk inc rsv hosp,3,2026-10-17,15,quantile,0.05,1
2026-09-26,wk inc rsv hosp,3,2026-10-17,15,quantile,0.1,2
2026-09-26,wk inc rsv hosp,3,2026-10-17,15,quantile,0.15,3
2026-09-26,wk inc rsv hosp,3,2026-10-17,15,quantile,0.2,4
2026-09-26,wk inc rsv hosp,3,2026-10-17,15,quantile,0.25,5
2026-09-26,wk inc rsv hosp,3,2026-10-17,15,quantile,0.3,6
2026-09-26,wk inc rsv hosp,3,2026-10-17,15,quantile,0.35,7
2026-09-26,wk inc rsv hosp,3,2026-10-17,15,quantile,0.4,8
2026-09-26,wk inc rsv hosp,3,2026-10-17,15,quantile,0.45,9
2026-09-26,wk inc rsv hosp,3,2026-10-17,15,quantile,0.5,10
2026-09-26,wk inc rsv hosp,3,2026-10-17,15,quantile,0.55,12
2026-09-26,wk inc rsv hosp,3,2026-10-17,15,quantile,0.6,13
2026-09-26,wk inc rsv hosp,3,2026-10-17,15,quantile,0.65,15
2026-09-26,wk inc rsv hosp,3,2026-10-17,15,quantile,0.7,18
2026-09-26,wk inc rsv hosp,3,2026-10-17,15,quantile,0.75,20
2026-09-26,wk inc rsv hosp,3,2026-10-17,15,quantile,0.8,25
2026-09-26,wk inc rsv hosp,3,2026-10-17,15,quantile,0.85,32
2026-09-26,wk inc rsv hosp,3,2026-10-17,15,quantile,0.9,41
2026-09-26,wk inc rsv hosp,3,2026-10-17,15,quantile,0.95,59
2026-09-26,wk inc rsv hosp,3,2026-10-17,15,quantile,0.975,84
2026-09-26,wk inc rsv hosp,3,2026-10-17,15,quantile,0.99,122
2026-09-26,wk inc rsv hosp,3,2026-10-17,16,quantile,0.01,0
2026-09-26,wk inc rsv hosp,3,2026-10-17,16,quantile,0.025,0
2026-09-26,wk inc rsv hosp,3,2026-10-17,16,quantile,0.05,0
2026-09-26,wk inc rsv hosp,3,2026-10-17,16,quantile,0.1,0
2026-09-26,wk inc rsv hosp,3,2026-10-17,16,quantile,0.15,0
2026-09-26,wk inc rsv hosp,3,2026-10-17,16,quantile,0.2,0
2026-09-26,wk inc rsv hosp,3,2026-10-17,16,quantile,0.25,0
2026-09-26,wk inc rsv hosp,3,2026-10-17,16,quantile,0.3,0
2026-09-26,wk inc rsv hosp,3,2026-10-17,16,quantile,0.35,0
2026-09-26,wk inc rsv hosp,3,2026-10-17,16,quantile,0.4,0
2026-09-26,wk inc rsv hosp,3,2026-10-17,16,quantile,0.45,0
2026-09-26,wk inc rsv hosp,3,2026-10-17,16,quantile,0.5,0
2026-09-26,wk inc rsv hosp,3,2026-10-17,16,quantile,0.55,0
2026-09-26,wk inc rsv hosp,3,2026-10-17,16,quantile,0.6,0
2026-09-26,wk inc rsv hosp,3,2026-10-17,16,quantile,0.65,0
2026-09-26,wk inc rsv hosp,3,2026-10-17,16,quantile,0.7,0
2026-09-26,wk inc rsv hosp,3,2026-10-17,16,quantile,0.75,0
2026-09-26,wk inc rsv hosp,3,2026-10-17,16,quantile,0.8,0
2026-09-26,wk inc rsv hosp,3,2026-10-17,16,quantile,0.85,0
2026-09-26,wk inc rsv hosp,3,2026-10-17,16,quantile,0.9,0
2026-09-26,wk inc rsv hosp,3,2026-10-17,16,quantile,0.95,0
2026-09-26,wk inc rsv hosp,3,2026-10-17,16,quantile,0.975,1
2026-09-26,wk inc rsv hosp,3,2026-10-17,16,quantile,0.99,3
2026-09-26,wk inc rsv hosp,3,2026-10-17,17,quantile,0.01,1
2026-09-26,wk inc rsv hosp,3,2026-10-17,17,quantile,0.025,2
2026-09-26,wk inc rsv hosp,3,2026-10-17,17,quantile,0.05,4
2026-09-26,wk inc rsv hosp,3,2026-10-17,17,quantile,0.1,6
2026-09-26,wk inc rsv hosp,3,2026-10-17,17,quantile,0.15,8
2026-09-26,wk inc rsv hosp,3,2026-10-17,17,quantile,0.2,10
2026-09-26,wk inc rsv hosp,3,2026-10-17,17,quantile,0.25,12
2026-09-26,wk inc rsv hosp,3,2026-10-17,17,quantile,0.3,14
2026-09-26,wk inc rsv hosp,3,2026-10-17,17,quantile,0.35,17
2026-09-26,wk inc rsv hosp,3,2026-10-17,17,quantile,0.4,19
2026-09-26,wk inc rsv hosp,3,2026-10-17,17,quantile,0.45,22
2026-09-26,wk inc rsv hosp,3,2026-10-17,17,quantile,0.5,26
2026-09-26,wk inc rsv hosp,3,2026-10-17,17,quantile,0.55,29
2026-09-26,wk inc rsv hosp,3,2026-10-17,17,quantile,0.6,34
2026-09-26,wk inc rsv hosp,3,2026-10-17,17,quantile,0.65,41
2026-09-26,wk inc rsv hosp,3,2026-10-17,17,quantile,0.7,49
2026-09-26,wk inc rsv hosp,3,2026-10-17,17,quantile,0.75,58
2026-09-26,wk inc rsv hosp,3,2026-10-17,17,quantile,0.8,73
2026-09-26,wk inc rsv hosp,3,2026-10-17,17,quantile,0.85,94
2026-09-26,wk inc rsv hosp,3,2026-10-17,17,quantile,0.9,126
2026-09-26,wk inc rsv hosp,3,2026-10-17,17,quantile,0.95,231
2026-09-26,wk inc rsv hosp,3,2026-10-17,17,quantile,0.975,334
2026-09-26,wk inc rsv hosp,3,2026-10-17,17,quantile,0.99,546
2026-09-26,wk inc rsv hosp,3,2026-10-17,18,quantile,0.01,0
2026-09-26,wk inc rsv hosp,3,2026-10-17,18,quantile,0.025,0
2026-09-26,wk inc rsv hosp,3,2026-10-17,18,quantile,0.05,0
2026-09-26,wk inc rsv hosp,3,2026-10-17,18,quantile,0.1,0
2026-09-26,wk inc rsv hosp,3,2026-10-17,18,quantile,0.15,0
2026-09-26,wk inc rsv hosp,3,2026-10-17,18,quantile,0.2,1
2026-09-26,wk inc rsv hosp,3,2026-10-17,18,quantile,0.25,1
2026-09-26,wk inc rsv hosp,3,2026-10-17,18,quantile,0.3,2
2026-09-26,wk inc rsv hosp,3,2026-10-17,18,quantile,0.35,2
2026-09-26,wk inc rsv hosp,3,2026-10-17,18,quantile,0.4,3
2026-09-26,wk inc rsv hosp,3,2026-10-17,18,quantile,0.45,3
2026-09-26,wk inc rsv hosp,3,2026-10-17,18,quantile,0.5,4
2026-09-26,wk inc rsv hosp,3,2026-10-17,18,quantile,0.55,5
2026-09-26,wk inc rsv hosp,3,2026-10-17,18,quantile,0.6,6
2026-09-26,wk inc rsv hosp,3,2026-10-17,18,quantile,0.65,7
2026-09-26,wk inc rsv hosp,3,2026-10-17,18,quantile,0.7,8
2026-09-26,wk inc rsv hosp,3,2026-10-17,18,quantile,0.75,10
2026-09-26,wk inc rsv hosp,3,2026-10-17,18,quantile,0.8,13
2026-09-26,wk inc rsv hosp,3,2026-10-17,18,quantile,0.85,18
2026-09-26,wk inc rsv hosp,3,2026-10-17,18,quantile,0.9,27
2026-09-26,wk inc rsv hosp,3,2026-10-17,18,quantile,0.95,43
2026-09-26,wk inc rsv hosp,3,2026-10-17,18,quantile,0.975,77
2026-09-26,wk inc rsv hosp,3,2026-10-17,18,quantile,0.99,130
2026-09-26,wk inc rsv hosp,3,2026-10-17,19,quantile,0.01,0
2026-09-26,wk inc rsv hosp,3,2026-10-17,19,quantile,0.025,0
2026-09-26,wk inc rsv hosp,3,2026-10-17,19,quantile,0.05,0
2026-09-26,wk inc rsv hosp,3,2026-10-17,19,quantile,0.1,0
2026-09-26,wk inc rsv hosp,3,2026-10-17,19,quantile,0.15,0
2026-09-26,wk inc rsv hosp,3,2026-10-17,19,quantile,0.2,0
2026-09-26,wk inc rsv hosp,3,2026-10-17,19,quantile,0.25,1
2026-09-26,wk inc rsv hosp,3,2026-10-17,19,quantile,0.3,1
2026-09-26,wk inc rsv hosp,3,2026-10-17,19,quantile,0.35,2
2026-09-26,wk inc rsv hosp,3,2026-10-17,19,quantile,0.4,2
2026-09-26,wk inc rsv hosp,3,2026-10-17,19,quantile,0.45,3
2026-09-26,wk inc rsv hosp,3,2026-10-17,19,quantile,0.5,3
2026-09-26,wk inc rsv hosp,3,2026-10-17,19,quantile,0.55,4
2026-09-26,wk inc rsv hosp,3,2026-10-17,19,quantile,0.6,5
2026-09-26,wk inc rsv hosp,3,2026-10-17,19,quantile,0.65,6
2026-09-26,wk inc rsv hosp,3,2026-10-17,19,quantile,0.7,7
2026-09-26,wk inc rsv hosp,3,2026-10-17,19,quantile,0.75,9
2026-09-26,wk inc rsv hosp,3,2026-10-17,19,quantile,0.8,12
2026-09-26,wk inc rsv hosp,3,2026-10-17,19,quantile,0.85,16
2026-09-26,wk inc rsv hosp,3,2026-10-17,19,quantile,0.9,26
2026-09-26,wk inc rsv hosp,3,2026-10-17,19,quantile,0.95,46
2026-09-26,wk inc rsv hosp,3,2026-10-17,19,quantile,0.975,74
2026-09-26,wk inc rsv hosp,3,2026-10-17,19,quantile,0.99,142
2026-09-26,wk inc rsv hosp,3,2026-10-17,20,quantile,0.01,0
2026-09-26,wk inc rsv hosp,3,2026-10-17,20,quantile,0.025,0
2026-09-26,wk inc rsv hosp,3,2026-10-17,20,quantile,0.05,0
2026-09-26,wk inc rsv hosp,3,2026-10-17,20,quantile,0.1,0
2026-09-26,wk inc rsv hosp,3,2026-10-17,20,quantile,0.15,0
2026-09-26,wk inc rsv hosp,3,2026-10-17,20,quantile,0.2,0
2026-09-26,wk inc rsv hosp,3,2026-10-17,20,quantile,0.25,0
2026-09-26,wk inc rsv hosp,3,2026-10-17,20,quantile,0.3,0
2026-09-26,wk inc rsv hosp,3,2026-10-17,20,quantile,0.35,1
2026-09-26,wk inc rsv hosp,3,2026-10-17,20,quantile,0.4,1
2026-09-26,wk inc rsv hosp,3,2026-10-17,20,quantile,0.45,1
2026-09-26,wk inc rsv hosp,3,2026-10-17,20,quantile,0.5,2
2026-09-26,wk inc rsv hosp,3,2026-10-17,20,quantile,0.55,2
2026-09-26,wk inc rsv hosp,3,2026-10-17,20,quantile,0.6,3
2026-09-26,wk inc rsv hosp,3,2026-10-17,20,quantile,0.65,4
2026-09-26,wk inc rsv hosp,3,2026-10-17,20,quantile,0.7,5
2026-09-26,wk inc rsv hosp,3,2026-10-17,20,quantile,0.75,7
2026-09-26,wk inc rsv hosp,3,2026-10-17,20,quantile,0.8,9
2026-09-26,wk inc rsv hosp,3,2026-10-17,20,quantile,0.85,13
2026-09-26,wk inc rsv hosp,3,2026-10-17,20,quantile,0.9,20
2026-09-26,wk inc rsv hosp,3,2026-10-17,20,quantile,0.95,34
2026-09-26,wk inc rsv hosp,3,2026-10-17,20,quantile,0.975,61
2026-09-26,wk inc rsv hosp,3,2026-10-17,20,quantile,0.99,100
2026-09-26,wk inc rsv hosp,3,2026-10-17,21,quantile,0.01,0
2026-09-26,wk inc rsv hosp,3,2026-10-17,21,quantile,0.025,0
2026-09-26,wk inc rsv hosp,3,2026-10-17,21,quantile,0.05,0
2026-09-26,wk inc rsv hosp,3,2026-10-17,21,quantile,0.1,0
2026-09-26,wk inc rsv hosp,3,2026-10-17,21,quantile,0.15,0
2026-09-26,wk inc rsv hosp,3,2026-10-17,21,quantile,0.2,0
2026-09-26,wk inc rsv hosp,3,2026-10-17,21,quantile,0.25,0
2026-09-26,wk inc rsv hosp,3,2026-10-17,21,quantile,0.3,0
2026-09-26,wk inc rsv hosp,3,2026-10-17,21,quantile,0.35,0
2026-09-26,wk inc rsv hosp,3,2026-10-17,21,quantile,0.4,1
2026-09-26,wk inc rsv hosp,3,2026-10-17,21,quantile,0.45,1
2026-09-26,wk inc rsv hosp,3,2026-10-17,21,quantile,0.5,2
2026-09-26,wk inc rsv hosp,3,2026-10-17,21,quantile,0.55,2
2026-09-26,wk inc rsv hosp,3,2026-10-17,21,quantile,0.6,3
2026-09-26,wk inc rsv hosp,3,2026-10-17,21,quantile,0.65,3
2026-09-26,wk inc rsv hosp,3,2026-10-17,21,quantile,0.7,4
2026-09-26,wk inc rsv hosp,3,2026-10-17,21,quantile,0.75,5
2026-09-26,wk inc rsv hosp,3,2026-10-17,21,quantile,0.8,7
2026-09-26,wk inc rsv hosp,3,2026-10-17,21,quantile,0.85,10
2026-09-26,wk inc rsv hosp,3,2026-10-17,21,quantile,0.9,13
2026-09-26,wk inc rsv hosp,3,2026-10-17,21,quantile,0.95,22
2026-09-26,wk inc rsv hosp,3,2026-10-17,21,quantile,0.975,48
2026-09-26,wk inc rsv hosp,3,2026-10-17,21,quantile,0.99,77
2026-09-26,wk inc rsv hosp,3,2026-10-17,22,quantile,0.01,0
2026-09-26,wk inc rsv hosp,3,2026-10-17,22,quantile,0.025,0
2026-09-26,wk inc rsv hosp,3,2026-10-17,22,quantile,0.05,1
2026-09-26,wk inc rsv hosp,3,2026-10-17,22,quantile,0.1,1
2026-09-26,wk inc rsv hosp,3,2026-10-17,22,quantile,0.15,2
2026-09-26,wk inc rsv hosp,3,2026-10-17,22,quantile,0.2,3
2026-09-26,wk inc rsv hosp,3,2026-10-17,22,quantile,0.25,4
2026-09-26,wk inc rsv hosp,3,2026-10-17,22,quantile,0.3,4
2026-09-26,wk inc rsv hosp,3,2026-10-17,22,quantile,0.35,5
2026-09-26,wk inc rsv hosp,3,2026-10-17,22,quantile,0.4,6
2026-09-26,wk inc rsv hosp,3,2026-10-17,22,quantile,0.45,6
2026-09-26,wk inc rsv hosp,3,2026-10-17,22,quantile,0.5,7
2026-09-26,wk inc rsv hosp,3,2026-10-17,22,quantile,0.55,8
2026-09-26,wk inc rsv hosp,3,2026-10-17,22,quantile,0.6,9
2026-09-26,wk inc rsv hosp,3,2026-10-17,22,quantile,0.65,11
2026-09-26,wk inc rsv hosp,3,2026-10-17,22,quantile,0.7,12
2026-09-26,wk inc rsv hosp,3,2026-10-17,22,quantile,0.75,14
2026-09-26,wk inc rsv hosp,3,2026-10-17,22,quantile,0.8,17
2026-09-26,wk inc rsv hosp,3,2026-10-17,22,quantile,0.85,20
2026-09-26,wk inc rsv hosp,3,2026-10-17,22,quantile,0.9,27
2026-09-26,wk inc rsv hosp,3,2026-10-17,22,quantile,0.95,39
2026-09-26,wk inc rsv hosp,3,2026-10-17,22,quantile,0.975,69
2026-09-26,wk inc rsv hosp,3,2026-10-17,22,quantile,0.99,105
2026-09-26,wk inc rsv hosp,3,2026-10-17,23,quantile,0.01,0
2026-09-26,wk inc rsv hosp,3,2026-10-17,23,quantile,0.025,0
2026-09-26,wk inc rsv hosp,3,2026-10-17,23,quantile,0.05,0
2026-09-26,wk inc rsv hosp,3,2026-10-17,23,quantile,0.1,0
2026-09-26,wk inc rsv hosp,3,2026-10-17,23,quantile,0.15,0
2026-09-26,wk inc rsv hosp,3,2026-10-17,23,quantile,0.2,0
2026-09-26,wk inc rsv hosp,3,2026-10-17,23,quantile,0.25,0
2026-09-26,wk inc rsv hosp,3,2026-10-17,23,quantile,0.3,0
2026-09-26,wk inc rsv hosp,3,2026-10-17,23,quantile,0.35,0
2026-09-26,wk inc rsv hosp,3,2026-10-17,23,quantile,0.4,0
2026-09-26,wk inc rsv hosp,3,2026-10-17,23,quantile,0.45,0
2026-09-26,wk inc rsv hosp,3,2026-10-17,23,quantile,0.5,0
2026-09-26,wk inc rsv hosp,3,2026-10-17,23,quantile,0.55,0
2026-09-26,wk inc rsv hosp,3,2026-10-17,23,quantile,0.6,0
2026-09-26,wk inc rsv hosp,3,2026-10-17,23,quantile,0.65,0
2026-09-26,wk inc rsv hosp,3,2026-10-17,23,quantile,0.7,0
2026-09-26,wk inc rsv hosp,3,2026-10-17,23,quantile,0.75,0
2026-09-26,wk inc rsv hosp,3,2026-10-17,23,quantile,0.8,0
2026-09-26,wk inc rsv hosp,3,2026-10-17,23,quantile,0.85,0
2026-09-26,wk inc rsv hosp,3,2026-10-17,23,quantile,0.9,0
2026-09-26,wk inc rsv hosp,3,2026-10-17,23,quantile,0.95,1
2026-09-26,wk inc rsv hosp,3,2026-10-17,23,quantile,0.975,3
2026-09-26,wk inc rsv hosp,3,2026-10-17,23,quantile,0.99,8
2026-09-26,wk inc rsv hosp,3,2026-10-17,24,quantile,0.01,0
2026-09-26,wk inc rsv hosp,3,2026-10-17,24,quantile,0.025,0
2026-09-26,wk inc rsv hosp,3,2026-10-17,24,quantile,0.05,1
2026-09-26,wk inc rsv hosp,3,2026-10-17,24,quantile,0.1,2
2026-09-26,wk inc rsv hosp,3,2026-10-17,24,quantile,0.15,2
2026-09-26,wk inc rsv hosp,3,2026-10-17,24,quantile,0.2,3
2026-09-26,wk inc rsv hosp,3,2026-10-17,24,quantile,0.25,4
2026-09-26,wk inc rsv hosp,3,2026-10-17,24,quantile,0.3,4
2026-09-26,wk inc rsv hosp,3,2026-10-17,24,quantile,0.35,5
2026-09-26,wk inc rsv hosp,3,2026-10-17,24,quantile,0.4,6
2026-09-26,wk inc rsv hosp,3,2026-10-17,24,quantile,0.45,7
2026-09-26,wk inc rsv hosp,3,2026-10-17,24,quantile,0.5,8
2026-09-26,wk inc rsv hosp,3,2026-10-17,24,quantile,0.55,9
2026-09-26,wk inc rsv hosp,3,2026-10-17,24,quantile,0.6,11
2026-09-26,wk inc rsv hosp,3,2026-10-17,24,quantile,0.65,13
2026-09-26,wk inc rsv hosp,3,2026-10-17,24,quantile,0.7,15
2026-09-26,wk inc rsv hosp,3,2026-10-17,24,quantile,0.75,19
2026-09-26,wk inc rsv hosp,3,2026-10-17,24,quantile,0.8,24
2026-09-26,wk inc rsv hosp,3,2026-10-17,24,quantile,0.85,30
2026-09-26,wk inc rsv hosp,3,2026-10-17,24,quantile,0.9,41
2026-09-26,wk inc rsv hosp,3,2026-10-17,24,quantile,0.95,73
2026-09-26,wk inc rsv hosp,3,2026-10-17,24,quantile,0.975,103
2026-09-26,wk inc rsv hosp,3,2026-10-17,24,quantile,0.99,176
2026-09-26,wk inc rsv hosp,3,2026-10-17,25,quantile,0.01,0
2026-09-26,wk inc rsv hosp,3,2026-10-17,25,quantile,0.025,0
2026-09-26,wk inc rsv hosp,3,2026-10-17,25,quantile,0.05,0
2026-09-26,wk inc rsv hosp,3,2026-10-17,25,quantile,0.1,1
2026-09-26,wk inc rsv hosp,3,2026-10-17,25,quantile,0.15,2
2026-09-26,wk inc rsv hosp,3,2026-10-17,25,quantile,0.2,2
2026-09-26,wk inc rsv hosp,3,2026-10-17,25,quantile,0.25,3
2026-09-26,wk inc rsv hosp,3,2026-10-17,25,quantile,0.3,4
2026-09-26,wk inc rsv hosp,3,2026-10-17,25,quantile,0.35,5
2026-09-26,wk inc rsv hosp,3,2026-10-17,25,quantile,0.4,6
2026-09-26,wk inc rsv hosp,3,2026-10-17,25,quantile,0.45,7
2026-09-26,wk inc rsv hosp,3,2026-10-17,25,quantile,0.5,8
2026-09-26,wk inc rsv hosp,3,2026-10-17,25,quantile,0.55,9
2026-09-26,wk inc rsv hosp,3,2026-10-17,25,quantile,0.6,11
2026-09-26,wk inc rsv hosp,3,2026-10-17,25,quantile,0.65,12
2026-09-26,wk inc rsv hosp,3,2026-10-17,25,quantile,0.7,15
2026-09-26,wk inc rsv hosp,3,2026-10-17,25,quantile,0.75,18
2026-09-26,wk inc rsv hosp,3,2026-10-17,25,quantile,0.8,22
2026-09-26,wk inc rsv hosp,3,2026-10-17,25,quantile,0.85,28
2026-09-26,wk inc rsv hosp,3,2026-10-17,25,quantile,0.9,37
2026-09-26,wk inc rsv hosp,3,2026-10-17,25,quantile,0.95,66
2026-09-26,wk inc rsv hosp,3,2026-10-17,25,quantile,0.975,108
2026-09-26,wk inc rsv hosp,3,2026-10-17,25,quantile,0.99,163
2026-09-26,wk inc rsv hosp,3,2026-10-17,26,quantile,0.01,0
2026-09-26,wk inc rsv hosp,3,2026-10-17,26,quantile,0.025,0
2026-09-26,wk inc rsv hosp,3,2026-10-17,26,quantile,0.05,0
2026-09-26,wk inc rsv hosp,3,2026-10-17,26,quantile,0.1,0
2026-09-26,wk inc rsv hosp,3,2026-10-17,26,quantile,0.15,0
2026-09-26,wk inc rsv hosp,3,2026-10-17,26,quantile,0.2,12
2026-09-26,wk inc rsv hosp,3,2026-10-17,26,quantile,0.25,22
2026-09-26,wk inc rsv hosp,3,2026-10-17,26,quantile,0.3,36
2026-09-26,wk inc rsv hosp,3,2026-10-17,26,quantile,0.35,47
2026-09-26,wk inc rsv hosp,3,2026-10-17,26,quantile,0.4,61
2026-09-26,wk inc rsv hosp,3,2026-10-17,26,quantile,0.45,79
2026-09-26,wk inc rsv hosp,3,2026-10-17,26,quantile,0.5,106
2026-09-26,wk inc rsv hosp,3,2026-10-17,26,quantile,0.55,133
2026-09-26,wk inc rsv hosp,3,2026-10-17,26,quantile,0.6,167
2026-09-26,wk inc rsv hosp,3,2026-10-17,26,quantile,0.65,215
2026-09-26,wk inc rsv hosp,3,2026-10-17,26,quantile,0.7,294
2026-09-26,wk inc rsv hosp,3,2026-10-17,26,quantile,0.75,419
2026-09-26,wk inc rsv hosp,3,2026-10-17,26,quantile,0.8,561
2026-09-26,wk inc rsv hosp,3,2026-10-17,26,quantile,0.85,847
2026-09-26,wk inc rsv hosp,3,2026-10-17,26,quantile,0.9,1234
2026-09-26,wk inc rsv hosp,3,2026-10-17,26,quantile,0.95,1945
2026-09-26,wk inc rsv hosp,3,2026-10-17,26,quantile,0.975,2351
2026-09-26,wk inc rsv hosp,3,2026-10-17,26,quantile,0.99,2844
2026-09-26,wk inc rsv hosp,3,2026-10-17,27,quantile,0.01,0
2026-09-26,wk inc rsv hosp,3,2026-10-17,27,quantile,0.025,0
2026-09-26,wk inc rsv hosp,3,2026-10-17,27,quantile,0.05,0
2026-09-26,wk inc rsv hosp,3,2026-10-17,27,quantile,0.1,0
2026-09-26,wk inc rsv hosp,3,2026-10-17,27,quantile,0.15,0
2026-09-26,wk inc rsv hosp,3,2026-10-17,27,quantile,0.2,0
2026-09-26,wk inc rsv hosp,3,2026-10-17,27,quantile,0.25,0
2026-09-26,wk inc rsv hosp,3,2026-10-17,27,quantile,0.3,0
2026-09-26,wk inc rsv hosp,3,2026-10-17,27,quantile,0.35,0
2026-09-26,wk inc rsv hosp,3,2026-10-17,27,quantile,0.4,0
2026-09-26,wk inc rsv hosp,3,2026-10-17,27,quantile,0.45,0
2026-09-26,wk inc rsv hosp,3,2026-10-17,27,quantile,0.5,0
2026-09-26,wk inc rsv hosp,3,2026-10-17,27,quantile,0.55,0
2026-09-26,wk inc rsv hosp,3,2026-10-17,27,quantile,0.6,0
2026-09-26,wk inc rsv hosp,3,2026-10-17,27,quantile,0.65,0
2026-09-26,wk inc rsv hosp,3,2026-10-17,27,quantile,0.7,0
2026-09-26,wk inc rsv hosp,3,2026-10-17,27,quantile,0.75,0
2026-09-26,wk inc rsv hosp,3,2026-10-17,27,quantile,0.8,0
2026-09-26,wk inc rsv hosp,3,2026-10-17,27,quantile,0.85,0
2026-09-26,wk inc rsv hosp,3,2026-10-17,27,quantile,0.9,0
2026-09-26,wk inc rsv hosp,3,2026-10-17,27,quantile,0.95,2
2026-09-26,wk inc rsv hosp,3,2026-10-17,27,quantile,0.975,6
2026-09-26,wk inc rsv hosp,3,2026-10-17,27,quantile,0.99,15
2026-09-26,wk inc rsv hosp,3,2026-10-17,28,quantile,0.01,0
2026-09-26,wk inc rsv hosp,3,2026-10-17,28,quantile,0.025,0
2026-09-26,wk inc rsv hosp,3,2026-10-17,28,quantile,0.05,0
2026-09-26,wk inc rsv hosp,3,2026-10-17,28,quantile,0.1,1
2026-09-26,wk inc rsv hosp,3,2026-10-17,28,quantile,0.15,2
2026-09-26,wk inc rsv hosp,3,2026-10-17,28,quantile,0.2,3
2026-09-26,wk inc rsv hosp,3,2026-10-17,28,quantile,0.25,4
2026-09-26,wk inc rsv hosp,3,2026-10-17,28,quantile,0.3,4
2026-09-26,wk inc rsv hosp,3,2026-10-17,28,quantile,0.35,5
2026-09-26,wk inc rsv hosp,3,2026-10-17,28,quantile,0.4,6
2026-09-26,wk inc rsv hosp,3,2026-10-17,28,quantile,0.45,7
2026-09-26,wk inc rsv hosp,3,2026-10-17,28,quantile,0.5,8
2026-09-26,wk inc rsv hosp,3,2026-10-17,28,quantile,0.55,10
2026-09-26,wk inc rsv hosp,3,2026-10-17,28,quantile,0.6,11
2026-09-26,wk inc rsv hosp,3,2026-10-17,28,quantile,0.65,13
2026-09-26,wk inc rsv hosp,3,2026-10-17,28,quantile,0.7,16
2026-09-26,wk inc rsv hosp,3,2026-10-17,28,quantile,0.75,18
2026-09-26,wk inc rsv hosp,3,2026-10-17,28,quantile,0.8,23
2026-09-26,wk inc rsv hosp,3,2026-10-17,28,quantile,0.85,29
2026-09-26,wk inc rsv hosp,3,2026-10-17,28,quantile,0.9,41
2026-09-26,wk inc rsv hosp,3,2026-10-17,28,quantile,0.95,75
2026-09-26,wk inc rsv hosp,3,2026-10-17,28,quantile,0.975,105
2026-09-26,wk inc rsv hosp,3,2026-10-17,28,quantile,0.99,170
2026-09-26,wk inc rsv hosp,3,2026-10-17,29,quantile,0.01,0
2026-09-26,wk inc rsv hosp,3,2026-10-17,29,quantile,0.025,0
2026-09-26,wk inc rsv hosp,3,2026-10-17,29,quantile,0.05,0
2026-09-26,wk inc rsv hosp,3,2026-10-17,29,quantile,0.1,0
2026-09-26,wk inc rsv hosp,3,2026-10-17,29,quantile,0.15,0
2026-09-26,wk inc rsv hosp,3,2026-10-17,29,quantile,0.2,0
2026-09-26,wk inc rsv hosp,3,2026-10-17,29,quantile,0.25,0
2026-09-26,wk inc rsv hosp,3,2026-10-17,29,quantile,0.3,1
2026-09-26,wk inc rsv hosp,3,2026-10-17,29,quantile,0.35,1
2026-09-26,wk inc rsv hosp,3,2026-10-17,29,quantile,0.4,2
2026-09-26,wk inc rsv hosp,3,2026-10-17,29,quantile,0.45,2
2026-09-26,wk inc rsv hosp,3,2026-10-17,29,quantile,0.5,3
2026-09-26,wk inc rsv hosp,3,2026-10-17,29,quantile,0.55,4
2026-09-26,wk inc rsv hosp,3,2026-10-17,29,quantile,0.6,5
2026-09-26,wk inc rsv hosp,3,2026-10-17,29,quantile,0.65,6
2026-09-26,wk inc rsv hosp,3,2026-10-17,29,quantile,0.7,7
2026-09-26,wk inc rsv hosp,3,2026-10-17,29,quantile,0.75,10
2026-09-26,wk inc rsv hosp,3,2026-10-17,29,quantile,0.8,13
2026-09-26,wk inc rsv hosp,3,2026-10-17,29,quantile,0.85,18
2026-09-26,wk inc rsv hosp,3,2026-10-17,29,quantile,0.9,27
2026-09-26,wk inc rsv hosp,3,2026-10-17,29,quantile,0.95,45
2026-09-26,wk inc rsv hosp,3,2026-10-17,29,quantile,0.975,74
2026-09-26,wk inc rsv hosp,3,2026-10-17,29,quantile,0.99,99
2026-09-26,wk inc rsv hosp,3,2026-10-17,30,quantile,0.01,0
2026-09-26,wk inc rsv hosp,3,2026-10-17,30,quantile,0.025,0
2026-09-26,wk inc rsv hosp,3,2026-10-17,30,quantile,0.05,0
2026-09-26,wk inc rsv hosp,3,2026-10-17,30,quantile,0.1,0
2026-09-26,wk inc rsv hosp,3,2026-10-17,30,quantile,0.15,0
2026-09-26,wk inc rsv hosp,3,2026-10-17,30,quantile,0.2,0
2026-09-26,wk inc rsv hosp,3,2026-10-17,30,quantile,0.25,0
2026-09-26,wk inc rsv hosp,3,2026-10-17,30,quantile,0.3,0
2026-09-26,wk inc rsv hosp,3,2026-10-17,30,quantile,0.35,0
2026-09-26,wk inc rsv hosp,3,2026-10-17,30,quantile,0.4,0
2026-09-26,wk inc rsv hosp,3,2026-10-17,30,quantile,0.45,0
2026-09-26,wk inc rsv hosp,3,2026-10-17,30,quantile,0.5,0
2026-09-26,wk inc rsv hosp,3,2026-10-17,30,quantile,0.55,0
2026-09-26,wk inc rsv hosp,3,2026-10-17,30,quantile,0.6,1
2026-09-26,wk inc rsv hosp,3,2026-10-17,30,quantile,0.65,1
2026-09-26,wk inc rsv hosp,3,2026-10-17,30,quantile,0.7,1
2026-09-26,wk inc rsv hosp,3,2026-10-17,30,quantile,0.75,2
2026-09-26,wk inc rsv hosp,3,2026-10-17,30,quantile,0.8,3
2026-09-26,wk inc rsv hosp,3,2026-10-17,30,quantile,0.85,4
2026-09-26,wk inc rsv hosp,3,2026-10-17,30,quantile,0.9,5
2026-09-26,wk inc rsv hosp,3,2026-10-17,30,quantile,0.95,9
2026-09-26,wk inc rsv hosp,3,2026-10-17,30,quantile,0.975,21
2026-09-26,wk inc rsv hosp,3,2026-10-17,30,quantile,0.99,44
2026-09-26,wk inc rsv hosp,3,2026-10-17,31,quantile,0.01,0
2026-09-26,wk inc rsv hosp,3,2026-10-17,31,quantile,0.025,0
2026-09-26,wk inc rsv hosp,3,2026-10-17,31,quantile,0.05,0
2026-09-26,wk inc rsv hosp,3,2026-10-17,31,quantile,0.1,0
2026-09-26,wk inc rsv hosp,3,2026-10-17,31,quantile,0.15,1
2026-09-26,wk inc rsv hosp,3,2026-10-17,31,quantile,0.2,1
2026-09-26,wk inc rsv hosp,3,2026-10-17,31,quantile,0.25,2
2026-09-26,wk inc rsv hosp,3,2026-10-17,31,quantile,0.3,2
2026-09-26,wk inc rsv hosp,3,2026-10-17,31,quantile,0.35,2
2026-09-26,wk inc rsv hosp,3,2026-10-17,31,quantile,0.4,3
2026-09-26,wk inc rsv hosp,3,2026-10-17,31,quantile,0.45,3
2026-09-26,wk inc rsv hosp,3,2026-10-17,31,quantile,0.5,4
2026-09-26,wk inc rsv hosp,3,2026-10-17,31,quantile,0.55,4
2026-09-26,wk inc rsv hosp,3,2026-10-17,31,quantile,0.6,5
2026-09-26,wk inc rsv hosp,3,2026-10-17,31,quantile,0.65,6
2026-09-26,wk inc rsv hosp,3,2026-10-17,31,quantile,0.7,7
2026-09-26,wk inc rsv hosp,3,2026-10-17,31,quantile,0.75,9
2026-09-26,wk inc rsv hosp,3,2026-10-17,31,quantile,0.8,10
2026-09-26,wk inc rsv hosp,3,2026-10-17,31,quantile,0.85,14
2026-09-26,wk inc rsv hosp,3,2026-10-17,31,quantile,0.9,19
2026-09-26,wk inc rsv hosp,3,2026-10-17,31,quantile,0.95,33
2026-09-26,wk inc rsv hosp,3,2026-10-17,31,quantile,0.975,49
2026-09-26,wk inc rsv hosp,3,2026-10-17,31,quantile,0.99,88
2026-09-26,wk inc rsv hosp,3,2026-10-17,32,quantile,0.01,0
2026-09-26,wk inc rsv hosp,3,2026-10-17,32,quantile,0.025,0
2026-09-26,wk inc rsv hosp,3,2026-10-17,32,quantile,0.05,0
2026-09-26,wk inc rsv hosp,3,2026-10-17,32,quantile,0.1,0
2026-09-26,wk inc rsv hosp,3,2026-10-17,32,quantile,0.15,0
2026-09-26,wk inc rsv hosp,3,2026-10-17,32,quantile,0.2,0
2026-09-26,wk inc rsv hosp,3,2026-10-17,32,quantile,0.25,0
2026-09-26,wk inc rsv hosp,3,2026-10-17,32,quantile,0.3,0
2026-09-26,wk inc rsv hosp,3,2026-10-17,32,quantile,0.35,0
2026-09-26,wk inc rsv hosp,3,2026-10-17,32,quantile,0.4,0
2026-09-26,wk inc rsv hosp,3,2026-10-17,32,quantile,0.45,0
2026-09-26,wk inc rsv hosp,3,2026-10-17,32,quantile,0.5,0
2026-09-26,wk inc rsv hosp,3,2026-10-17,32,quantile,0.55,1
2026-09-26,wk inc rsv hosp,3,2026-10-17,32,quantile,0.6,1
2026-09-26,wk inc rsv hosp,3,2026-10-17,32,quantile,0.65,2
2026-09-26,wk inc rsv hosp,3,2026-10-17,32,quantile,0.7,3
2026-09-26,wk inc rsv hosp,3,2026-10-17,32,quantile,0.75,3
2026-09-26,wk inc rsv hosp,3,2026-10-17,32,quantile,0.8,5
2026-09-26,wk inc rsv hosp,3,2026-10-17,32,quantile,0.85,7
2026-09-26,wk inc rsv hosp,3,2026-10-17,32,quantile,0.9,12
2026-09-26,wk inc rsv hosp,3,2026-10-17,32,quantile,0.95,24
2026-09-26,wk inc rsv hosp,3,2026-10-17,32,quantile,0.975,43
2026-09-26,wk inc rsv hosp,3,2026-10-17,32,quantile,0.99,75
2026-09-26,wk inc rsv hosp,3,2026-10-17,33,quantile,0.01,0
2026-09-26,wk inc rsv hosp,3,2026-10-17,33,quantile,0.025,0
2026-09-26,wk inc rsv hosp,3,2026-10-17,33,quantile,0.05,0
2026-09-26,wk inc rsv hosp,3,2026-10-17,33,quantile,0.1,0
2026-09-26,wk inc rsv hosp,3,2026-10-17,33,quantile,0.15,0
2026-09-26,wk inc rsv hosp,3,2026-10-17,33,quantile,0.2,0
2026-09-26,wk inc rsv hosp,3,2026-10-17,33,quantile,0.25,0
2026-09-26,wk inc rsv hosp,3,2026-10-17,33,quantile,0.3,0
2026-09-26,wk inc rsv hosp,3,2026-10-17,33,quantile,0.35,0
2026-09-26,wk inc rsv hosp,3,2026-10-17,33,quantile,0.4,0
2026-09-26,wk inc rsv hosp,3,2026-10-17,33,quantile,0.45,0
2026-09-26,wk inc rsv hosp,3,2026-10-17,33,quantile,0.5,0
2026-09-26,wk inc rsv hosp,3,2026-10-17,33,quantile,0.55,1
2026-09-26,wk inc rsv hosp,3,2026-10-17,33,quantile,0.6,1
2026-09-26,wk inc rsv hosp,3,2026-10-17,33,quantile,0.65,1
2026-09-26,wk inc rsv hosp,3,2026-10-17,33,quantile,0.7,2
2026-09-26,wk inc rsv hosp,3,2026-10-17,33,quantile,0.75,3
2026-09-26,wk inc rsv hosp,3,2026-10-17,33,quantile,0.8,3
2026-09-26,wk inc rsv hosp,3,2026-10-17,33,quantile,0.85,5
2026-09-26,wk inc rsv hosp,3,2026-10-17,33,quantile,0.9,7
2026-09-26,wk inc rsv hosp,3,2026-10-17,33,quantile,0.95,15
2026-09-26,wk inc rsv hosp,3,2026-10-17,33,quantile,0.975,35
2026-09-26,wk inc rsv hosp,3,2026-10-17,33,quantile,0.99,50
2026-09-26,wk inc rsv hosp,3,2026-10-17,34,quantile,0.01,0
2026-09-26,wk inc rsv hosp,3,2026-10-17,34,quantile,0.025,0
2026-09-26,wk inc rsv hosp,3,2026-10-17,34,quantile,0.05,0
2026-09-26,wk inc rsv hosp,3,2026-10-17,34,quantile,0.1,1
2026-09-26,wk inc rsv hosp,3,2026-10-17,34,quantile,0.15,2
2026-09-26,wk inc rsv hosp,3,2026-10-17,34,quantile,0.2,3
2026-09-26,wk inc rsv hosp,3,2026-10-17,34,quantile,0.25,4
2026-09-26,wk inc rsv hosp,3,2026-10-17,34,quantile,0.3,5
2026-09-26,wk inc rsv hosp,3,2026-10-17,34,quantile,0.35,6
2026-09-26,wk inc rsv hosp,3,2026-10-17,34,quantile,0.4,7
2026-09-26,wk inc rsv hosp,3,2026-10-17,34,quantile,0.45,8
2026-09-26,wk inc rsv hosp,3,2026-10-17,34,quantile,0.5,9
2026-09-26,wk inc rsv hosp,3,2026-10-17,34,quantile,0.55,11
2026-09-26,wk inc rsv hosp,3,2026-10-17,34,quantile,0.6,13
2026-09-26,wk inc rsv hosp,3,2026-10-17,34,quantile,0.65,15
2026-09-26,wk inc rsv hosp,3,2026-10-17,34,quantile,0.7,17
2026-09-26,wk inc rsv hosp,3,2026-10-17,34,quantile,0.75,21
2026-09-26,wk inc rsv hosp,3,2026-10-17,34,quantile,0.8,24
2026-09-26,wk inc rsv hosp,3,2026-10-17,34,quantile,0.85,30
2026-09-26,wk inc rsv hosp,3,2026-10-17,34,quantile,0.9,39
2026-09-26,wk inc rsv hosp,3,2026-10-17,34,quantile,0.95,60
2026-09-26,wk inc rsv hosp,3,2026-10-17,34,quantile,0.975,82
2026-09-26,wk inc rsv hosp,3,2026-10-17,34,quantile,0.99,106
2026-09-26,wk inc rsv hosp,3,2026-10-17,35,quantile,0.01,0
2026-09-26,wk inc rsv hosp,3,2026-10-17,35,quantile,0.025,0
2026-09-26,wk inc rsv hosp,3,2026-10-17,35,quantile,0.05,0
2026-09-26,wk inc rsv hosp,3,2026-10-17,35,quantile,0.1,0
2026-09-26,wk inc rsv hosp,3,2026-10-17,35,quantile,0.15,0
2026-09-26,wk inc rsv hosp,3,2026-10-17,35,quantile,0.2,0
2026-09-26,wk inc rsv hosp,3,2026-10-17,35,quantile,0.25,0
2026-09-26,wk inc rsv hosp,3,2026-10-17,35,quantile,0.3,0
2026-09-26,wk inc rsv hosp,3,2026-10-17,35,quantile,0.35,0
2026-09-26,wk inc rsv hosp,3,2026-10-17,35,quantile,0.4,0
2026-09-26,wk inc rsv hosp,3,2026-10-17,35,quantile,0.45,0
2026-09-26,wk inc rsv hosp,3,2026-10-17,35,quantile,0.5,0
2026-09-26,wk inc rsv hosp,3,2026-10-17,35,quantile,0.55,0
2026-09-26,wk inc rsv hosp,3,2026-10-17,35,quantile,0.6,0
2026-09-26,wk inc rsv hosp,3,2026-10-17,35,quantile,0.65,0
2026-09-26,wk inc rsv hosp,3,2026-10-17,35,quantile,0.7,0
2026-09-26,wk inc rsv hosp,3,2026-10-17,35,quantile,0.75,0
2026-09-26,wk inc rsv hosp,3,2026-10-17,35,quantile,0.8,0
2026-09-26,wk inc rsv hosp,3,2026-10-17,35,quantile,0.85,0
2026-09-26,wk inc rsv hosp,3,2026-10-17,35,quantile,0.9,0
2026-09-26,wk inc rsv hosp,3,2026-10-17,35,quantile,0.95,0
2026-09-26,wk inc rsv hosp,3,2026-10-17,35,quantile,0.975,1
2026-09-26,wk inc rsv hosp,3,2026-10-17,35,quantile,0.99,4
2026-09-26,wk inc rsv hosp,3,2026-10-17,36,quantile,0.01,6
2026-09-26,wk inc rsv hosp,3,2026-10-17,36,quantile,0.025,10
2026-09-26,wk inc rsv hosp,3,2026-10-17,36,quantile,0.05,12
2026-09-26,wk inc rsv hosp,3,2026-10-17,36,quantile,0.1,18
2026-09-26,wk inc rsv hosp,3,2026-10-17,36,quantile,0.15,22
2026-09-26,wk inc rsv hosp,3,2026-10-17,36,quantile,0.2,28
2026-09-26,wk inc rsv hosp,3,2026-10-17,36,quantile,0.25,33
2026-09-26,wk inc rsv hosp,3,2026-10-17,36,quantile,0.3,37
2026-09-26,wk inc rsv hosp,3,2026-10-17,36,quantile,0.35,42
2026-09-26,wk inc rsv hosp,3,2026-10-17,36,quantile,0.4,47
2026-09-26,wk inc rsv hosp,3,2026-10-17,36,quantile,0.45,52
2026-09-26,wk inc rsv hosp,3,2026-10-17,36,quantile,0.5,58
2026-09-26,wk inc rsv hosp,3,2026-10-17,36,quantile,0.55,66
2026-09-26,wk inc rsv hosp,3,2026-10-17,36,quantile,0.6,73
2026-09-26,wk inc rsv hosp,3,2026-10-17,36,quantile,0.65,83
2026-09-26,wk inc rsv hosp,3,2026-10-17,36,quantile,0.7,95
2026-09-26,wk inc rsv hosp,3,2026-10-17,36,quantile,0.75,111
2026-09-26,wk inc rsv hosp,3,2026-10-17,36,quantile,0.8,132
2026-09-26,wk inc rsv hosp,3,2026-10-17,36,quantile,0.85,161
2026-09-26,wk inc rsv hosp,3,2026-10-17,36,quantile,0.9,204
2026-09-26,wk inc rsv hosp,3,2026-10-17,36,quantile,0.95,301
2026-09-26,wk inc rsv hosp,3,2026-10-17,36,quantile,0.975,457
2026-09-26,wk inc rsv hosp,3,2026-10-17,36,quantile,0.99,707
2026-09-26,wk inc rsv hosp,3,2026-10-17,37,quantile,0.01,0
2026-09-26,wk inc rsv hosp,3,2026-10-17,37,quantile,0.025,0
2026-09-26,wk inc rsv hosp,3,2026-10-17,37,quantile,0.05,0
2026-09-26,wk inc rsv hosp,3,2026-10-17,37,quantile,0.1,0
2026-09-26,wk inc rsv hosp,3,2026-10-17,37,quantile,0.15,2
2026-09-26,wk inc rsv hosp,3,2026-10-17,37,quantile,0.2,3
2026-09-26,wk inc rsv hosp,3,2026-10-17,37,quantile,0.25,4
2026-09-26,wk inc rsv hosp,3,2026-10-17,37,quantile,0.3,5
2026-09-26,wk inc rsv hosp,3,2026-10-17,37,quantile,0.35,6
2026-09-26,wk inc rsv hosp,3,2026-10-17,37,quantile,0.4,8
2026-09-26,wk inc rsv hosp,3,2026-10-17,37,quantile,0.45,9
2026-09-26,wk inc rsv hosp,3,2026-10-17,37,quantile,0.5,11
2026-09-26,wk inc rsv hosp,3,2026-10-17,37,quantile,0.55,13
2026-09-26,wk inc rsv hosp,3,2026-10-17,37,quantile,0.6,16
2026-09-26,wk inc rsv hosp,3,2026-10-17,37,quantile,0.65,20
2026-09-26,wk inc rsv hosp,3,2026-10-17,37,quantile,0.7,23
2026-09-26,wk inc rsv hosp,3,2026-10-17,37,quantile,0.75,28
2026-09-26,wk inc rsv hosp,3,2026-10-17,37,quantile,0.8,34
2026-09-26,wk inc rsv hosp,3,2026-10-17,37,quantile,0.85,43
2026-09-26,wk inc rsv hosp,3,2026-10-17,37,quantile,0.9,60
2026-09-26,wk inc rsv hosp,3,2026-10-17,37,quantile,0.95,96
2026-09-26,wk inc rsv hosp,3,2026-10-17,37,quantile,0.975,152
2026-09-26,wk inc rsv hosp,3,2026-10-17,37,quantile,0.99,331
2026-09-26,wk inc rsv hosp,3,2026-10-17,38,quantile,0.01,0
2026-09-26,wk inc rsv hosp,3,2026-10-17,38,quantile,0.025,0
2026-09-26,wk inc rsv hosp,3,2026-10-17,38,quantile,0.05,0
2026-09-26,wk inc rsv hosp,3,2026-10-17,38,quantile,0.1,0
2026-09-26,wk inc rsv hosp,3,2026-10-17,38,quantile,0.15,0
2026-09-26,wk inc rsv hosp,3,2026-10-17,38,quantile,0.2,0
2026-09-26,wk inc rsv hosp,3,2026-10-17,38,quantile,0.25,0
2026-09-26,wk inc rsv hosp,3,2026-10-17,38,quantile,0.3,0
2026-09-26,wk inc rsv hosp,3,2026-10-17,38,quantile,0.35,0
2026-09-26,wk inc rsv hosp,3,2026-10-17,38,quantile,0.4,0
2026-09-26,wk inc rsv hosp,3,2026-10-17,38,quantile,0.45,0
2026-09-26,wk inc rsv hosp,3,2026-10-17,38,quantile,0.5,0
2026-09-26,wk inc rsv hosp,3,2026-10-17,38,quantile,0.55,0
2026-09-26,wk inc rsv hosp,3,2026-10-17,38,quantile,0.6,0
2026-09-26,wk inc rsv hosp,3,2026-10-17,38,quantile,0.65,0
2026-09-26,wk inc rsv hosp,3,2026-10-17,38,quantile,0.7,1
2026-09-26,wk inc rsv hosp,3,2026-10-17,38,quantile,0.75,1
2026-09-26,wk inc rsv hosp,3,2026-10-17,38,quantile,0.8,2
2026-09-26,wk inc rsv hosp,3,2026-10-17,38,quantile,0.85,4
2026-09-26,wk inc rsv hosp,3,2026-10-17,38,quantile,0.9,6
2026-09-26,wk inc rsv hosp,3,2026-10-17,38,quantile,0.95,11
2026-09-26,wk inc rsv hosp,3,2026-10-17,38,quantile,0.975,22
2026-09-26,wk inc rsv hosp,3,2026-10-17,38,quantile,0.99,44
2026-09-26,wk inc rsv hosp,3,2026-10-17,39,quantile,0.01,0
2026-09-26,wk inc rsv hosp,3,2026-10-17,39,quantile,0.025,0
2026-09-26,wk inc rsv hosp,3,2026-10-17,39,quantile,0.05,0
2026-09-26,wk inc rsv hosp,3,2026-10-17,39,quantile,0.1,1
2026-09-26,wk inc rsv hosp,3,2026-10-17,39,quantile,0.15,2
2026-09-26,wk inc rsv hosp,3,2026-10-17,39,quantile,0.2,2
2026-09-26,wk inc rsv hosp,3,2026-10-17,39,quantile,0.25,3
2026-09-26,wk inc rsv hosp,3,2026-10-17,39,quantile,0.3,3
2026-09-26,wk inc rsv hosp,3,2026-10-17,39,quantile,0.35,4
2026-09-26,wk inc rsv hosp,3,2026-10-17,39,quantile,0.4,5
2026-09-26,wk inc rsv hosp,3,2026-10-17,39,quantile,0.45,6
2026-09-26,wk inc rsv hosp,3,2026-10-17,39,quantile,0.5,7
2026-09-26,wk inc rsv hosp,3,2026-10-17,39,quantile,0.55,8
2026-09-26,wk inc rsv hosp,3,2026-10-17,39,quantile,0.6,9
2026-09-26,wk inc rsv hosp,3,2026-10-17,39,quantile,0.65,10
2026-09-26,wk inc rsv hosp,3,2026-10-17,39,quantile,0.7,12
2026-09-26,wk inc rsv hosp,3,2026-10-17,39,quantile,0.75,14
2026-09-26,wk inc rsv hosp,3,2026-10-17,39,quantile,0.8,17
2026-09-26,wk inc rsv hosp,3,2026-10-17,39,quantile,0.85,22
2026-09-26,wk inc rsv hosp,3,2026-10-17,39,quantile,0.9,31
2026-09-26,wk inc rsv hosp,3,2026-10-17,39,quantile,0.95,48
2026-09-26,wk inc rsv hosp,3,2026-10-17,39,quantile,0.975,67
2026-09-26,wk inc rsv hosp,3,2026-10-17,39,quantile,0.99,97
2026-09-26,wk inc rsv hosp,3,2026-10-17,40,quantile,0.01,0
2026-09-26,wk inc rsv hosp,3,2026-10-17,40,quantile,0.025,0
2026-09-26,wk inc rsv hosp,3,2026-10-17,40,quantile,0.05,0
2026-09-26,wk inc rsv hosp,3,2026-10-17,40,quantile,0.1,0
2026-09-26,wk inc rsv hosp,3,2026-10-17,40,quantile,0.15,0
2026-09-26,wk inc rsv hosp,3,2026-10-17,40,quantile,0.2,1
2026-09-26,wk inc rsv hosp,3,2026-10-17,40,quantile,0.25,1
2026-09-26,wk inc rsv hosp,3,2026-10-17,40,quantile,0.3,1
2026-09-26,wk inc rsv hosp,3,2026-10-17,40,quantile,0.35,1
2026-09-26,wk inc rsv hosp,3,2026-10-17,40,quantile,0.4,2
2026-09-26,wk inc rsv hosp,3,2026-10-17,40,quantile,0.45,2
2026-09-26,wk inc rsv hosp,3,2026-10-17,40,quantile,0.5,2
2026-09-26,wk inc rsv hosp,3,2026-10-17,40,quantile,0.55,3
2026-09-26,wk inc rsv hosp,3,2026-10-17,40,quantile,0.6,3
2026-09-26,wk inc rsv hosp,3,2026-10-17,40,quantile,0.65,4
2026-09-26,wk inc rsv hosp,3,2026-10-17,40,quantile,0.7,5
2026-09-26,wk inc rsv hosp,3,2026-10-17,40,quantile,0.75,6
2026-09-26,wk inc rsv hosp,3,2026-10-17,40,quantile,0.8,7
2026-09-26,wk inc rsv hosp,3,2026-10-17,40,quantile,0.85,10
2026-09-26,wk inc rsv hosp,3,2026-10-17,40,quantile,0.9,14
2026-09-26,wk inc rsv hosp,3,2026-10-17,40,quantile,0.95,27
2026-09-26,wk inc rsv hosp,3,2026-10-17,40,quantile,0.975,44
2026-09-26,wk inc rsv hosp,3,2026-10-17,40,quantile,0.99,110
2026-09-26,wk inc rsv hosp,3,2026-10-17,41,quantile,0.01,0
2026-09-26,wk inc rsv hosp,3,2026-10-17,41,quantile,0.025,0
2026-09-26,wk inc rsv hosp,3,2026-10-17,41,quantile,0.05,0
2026-09-26,wk inc rsv hosp,3,2026-10-17,41,quantile,0.1,0
2026-09-26,wk inc rsv hosp,3,2026-10-17,41,quantile,0.15,0
2026-09-26,wk inc rsv hosp,3,2026-10-17,41,quantile,0.2,0
2026-09-26,wk inc rsv hosp,3,2026-10-17,41,quantile,0.25,0
2026-09-26,wk inc rsv hosp,3,2026-10-17,41,quantile,0.3,1
2026-09-26,wk inc rsv hosp,3,2026-10-17,41,quantile,0.35,1
2026-09-26,wk inc rsv hosp,3,2026-10-17,41,quantile,0.4,1
2026-09-26,wk inc rsv hosp,3,2026-10-17,41,quantile,0.45,1
2026-09-26,wk inc rsv hosp,3,2026-10-17,41,quantile,0.5,2
2026-09-26,wk inc rsv hosp,3,2026-10-17,41,quantile,0.55,2
2026-09-26,wk inc rsv hosp,3,2026-10-17,41,quantile,0.6,3
2026-09-26,wk inc rsv hosp,3,2026-10-17,41,quantile,0.65,3
2026-09-26,wk inc rsv hosp,3,2026-10-17,41,quantile,0.7,4
2026-09-26,wk inc rsv hosp,3,2026-10-17,41,quantile,0.75,5
2026-09-26,wk inc rsv hosp,3,2026-10-17,41,quantile,0.8,7
2026-09-26,wk inc rsv hosp,3,2026-10-17,41,quantile,0.85,10
2026-09-26,wk inc rsv hosp,3,2026-10-17,41,quantile,0.9,15
2026-09-26,wk inc rsv hosp,3,2026-10-17,41,quantile,0.95,28
2026-09-26,wk inc rsv hosp,3,2026-10-17,41,quantile,0.975,51
2026-09-26,wk inc rsv hosp,3,2026-10-17,41,quantile,0.99,87
2026-09-26,wk inc rsv hosp,3,2026-10-17,42,quantile,0.01,4
2026-09-26,wk inc rsv hosp,3,2026-10-17,42,quantile,0.025,7
2026-09-26,wk inc rsv hosp,3,2026-10-17,42,quantile,0.05,10
2026-09-26,wk inc rsv hosp,3,2026-10-17,42,quantile,0.1,14
2026-09-26,wk inc rsv hosp,3,2026-10-17,42,quantile,0.15,17
2026-09-26,wk inc rsv hosp,3,2026-10-17,42,quantile,0.2,20
2026-09-26,wk inc rsv hosp,3,2026-10-17,42,quantile,0.25,24
2026-09-26,wk inc rsv hosp,3,2026-10-17,42,quantile,0.3,27
2026-09-26,wk inc rsv hosp,3,2026-10-17,42,quantile,0.35,31
2026-09-26,wk inc rsv hosp,3,2026-10-17,42,quantile,0.4,34
2026-09-26,wk inc rsv hosp,3,2026-10-17,42,quantile,0.45,38
2026-09-26,wk inc rsv hosp,3,2026-10-17,42,quantile,0.5,42
2026-09-26,wk inc rsv hosp,3,2026-10-17,42,quantile,0.55,47
2026-09-26,wk inc rsv hosp,3,2026-10-17,42,quantile,0.6,53
2026-09-26,wk inc rsv hosp,3,2026-10-17,42,quantile,0.65,61
2026-09-26,wk inc rsv hosp,3,2026-10-17,42,quantile,0.7,68
2026-09-26,wk inc rsv hosp,3,2026-10-17,42,quantile,0.75,77
2026-09-26,wk inc rsv hosp,3,2026-10-17,42,quantile,0.8,89
2026-09-26,wk inc rsv hosp,3,2026-10-17,42,quantile,0.85,103
2026-09-26,wk inc rsv hosp,3,2026-10-17,42,quantile,0.9,126
2026-09-26,wk inc rsv hosp,3,2026-10-17,42,quantile,0.95,181
2026-09-26,wk inc rsv hosp,3,2026-10-17,42,quantile,0.975,258
2026-09-26,wk inc rsv hosp,3,2026-10-17,42,quantile,0.99,342
2026-09-26,wk inc rsv hosp,3,2026-10-17,44,quantile,0.01,0
2026-09-26,wk inc rsv hosp,3,2026-10-17,44,quantile,0.025,0
2026-09-26,wk inc rsv hosp,3,2026-10-17,44,quantile,0.05,0
2026-09-26,wk inc rsv hosp,3,2026-10-17,44,quantile,0.1,0
2026-09-26,wk inc rsv hosp,3,2026-10-17,44,quantile,0.15,1
2026-09-26,wk inc rsv hosp,3,2026-10-17,44,quantile,0.2,1
2026-09-26,wk inc rsv hosp,3,2026-10-17,44,quantile,0.25,2
2026-09-26,wk inc rsv hosp,3,2026-10-17,44,quantile,0.3,2
2026-09-26,wk inc rsv hosp,3,2026-10-17,44,quantile,0.35,2
2026-09-26,wk inc rsv hosp,3,2026-10-17,44,quantile,0.4,3
2026-09-26,wk inc rsv hosp,3,2026-10-17,44,quantile,0.45,3
2026-09-26,wk inc rsv hosp,3,2026-10-17,44,quantile,0.5,3
2026-09-26,wk inc rsv hosp,3,2026-10-17,44,quantile,0.55,4
2026-09-26,wk inc rsv hosp,3,2026-10-17,44,quantile,0.6,5
2026-09-26,wk inc rsv hosp,3,2026-10-17,44,quantile,0.65,6
2026-09-26,wk inc rsv hosp,3,2026-10-17,44,quantile,0.7,6
2026-09-26,wk inc rsv hosp,3,2026-10-17,44,quantile,0.75,8
2026-09-26,wk inc rsv hosp,3,2026-10-17,44,quantile,0.8,9
2026-09-26,wk inc rsv hosp,3,2026-10-17,44,quantile,0.85,11
2026-09-26,wk inc rsv hosp,3,2026-10-17,44,quantile,0.9,16
2026-09-26,wk inc rsv hosp,3,2026-10-17,44,quantile,0.95,27
2026-09-26,wk inc rsv hosp,3,2026-10-17,44,quantile,0.975,38
2026-09-26,wk inc rsv hosp,3,2026-10-17,44,quantile,0.99,50
2026-09-26,wk inc rsv hosp,3,2026-10-17,45,quantile,0.01,0
2026-09-26,wk inc rsv hosp,3,2026-10-17,45,quantile,0.025,0
2026-09-26,wk inc rsv hosp,3,2026-10-17,45,quantile,0.05,0
2026-09-26,wk inc rsv hosp,3,2026-10-17,45,quantile,0.1,1
2026-09-26,wk inc rsv hosp,3,2026-10-17,45,quantile,0.15,3
2026-09-26,wk inc rsv hosp,3,2026-10-17,45,quantile,0.2,4
2026-09-26,wk inc rsv hosp,3,2026-10-17,45,quantile,0.25,4
2026-09-26,wk inc rsv hosp,3,2026-10-17,45,quantile,0.3,5
2026-09-26,wk inc rsv hosp,3,2026-10-17,45,quantile,0.35,7
2026-09-26,wk inc rsv hosp,3,2026-10-17,45,quantile,0.4,8
2026-09-26,wk inc rsv hosp,3,2026-10-17,45,quantile,0.45,9
2026-09-26,wk inc rsv hosp,3,2026-10-17,45,quantile,0.5,10
2026-09-26,wk inc rsv hosp,3,2026-10-17,45,quantile,0.55,12
2026-09-26,wk inc rsv hosp,3,2026-10-17,45,quantile,0.6,13
2026-09-26,wk inc rsv hosp,3,2026-10-17,45,quantile,0.65,15
2026-09-26,wk inc rsv hosp,3,2026-10-17,45,quantile,0.7,17
2026-09-26,wk inc rsv hosp,3,2026-10-17,45,quantile,0.75,20
2026-09-26,wk inc rsv hosp,3,2026-10-17,45,quantile,0.8,25
2026-09-26,wk inc rsv hosp,3,2026-10-17,45,quantile,0.85,29
2026-09-26,wk inc rsv hosp,3,2026-10-17,45,quantile,0.9,42
2026-09-26,wk inc rsv hosp,3,2026-10-17,45,quantile,0.95,69
2026-09-26,wk inc rsv hosp,3,2026-10-17,45,quantile,0.975,121
2026-09-26,wk inc rsv hosp,3,2026-10-17,45,quantile,0.99,179
2026-09-26,wk inc rsv hosp,3,2026-10-17,46,quantile,0.01,0
2026-09-26,wk inc rsv hosp,3,2026-10-17,46,quantile,0.025,0
2026-09-26,wk inc rsv hosp,3,2026-10-17,46,quantile,0.05,0
2026-09-26,wk inc rsv hosp,3,2026-10-17,46,quantile,0.1,0
2026-09-26,wk inc rsv hosp,3,2026-10-17,46,quantile,0.15,0
2026-09-26,wk inc rsv hosp,3,2026-10-17,46,quantile,0.2,0
2026-09-26,wk inc rsv hosp,3,2026-10-17,46,quantile,0.25,0
2026-09-26,wk inc rsv hosp,3,2026-10-17,46,quantile,0.3,0
2026-09-26,wk inc rsv hosp,3,2026-10-17,46,quantile,0.35,0
2026-09-26,wk inc rsv hosp,3,2026-10-17,46,quantile,0.4,1
2026-09-26,wk inc rsv hosp,3,2026-10-17,46,quantile,0.45,1
2026-09-26,wk inc rsv hosp,3,2026-10-17,46,quantile,0.5,1
2026-09-26,wk inc rsv hosp,3,2026-10-17,46,quantile,0.55,1
2026-09-26,wk inc rsv hosp,3,2026-10-17,46,quantile,0.6,1
2026-09-26,wk inc rsv hosp,3,2026-10-17,46,quantile,0.65,2
2026-09-26,wk inc rsv hosp,3,2026-10-17,46,quantile,0.7,2
2026-09-26,wk inc rsv hosp,3,2026-10-17,46,quantile,0.75,3
2026-09-26,wk inc rsv hosp,3,2026-10-17,46,quantile,0.8,3
2026-09-26,wk inc rsv hosp,3,2026-10-17,46,quantile,0.85,4
2026-09-26,wk inc rsv hosp,3,2026-10-17,46,quantile,0.9,6
2026-09-26,wk inc rsv hosp,3,2026-10-17,46,quantile,0.95,10
2026-09-26,wk inc rsv hosp,3,2026-10-17,46,quantile,0.975,17
2026-09-26,wk inc rsv hosp,3,2026-10-17,46,quantile,0.99,40
2026-09-26,wk inc rsv hosp,3,2026-10-17,47,quantile,0.01,0
2026-09-26,wk inc rsv hosp,3,2026-10-17,47,quantile,0.025,0
2026-09-26,wk inc rsv hosp,3,2026-10-17,47,quantile,0.05,0
2026-09-26,wk inc rsv hosp,3,2026-10-17,47,quantile,0.1,0
2026-09-26,wk inc rsv hosp,3,2026-10-17,47,quantile,0.15,1
2026-09-26,wk inc rsv hosp,3,2026-10-17,47,quantile,0.2,2
2026-09-26,wk inc rsv hosp,3,2026-10-17,47,quantile,0.25,3
2026-09-26,wk inc rsv hosp,3,2026-10-17,47,quantile,0.3,4
2026-09-26,wk inc rsv hosp,3,2026-10-17,47,quantile,0.35,5
2026-09-26,wk inc rsv hosp,3,2026-10-17,47,quantile,0.4,6
2026-09-26,wk inc rsv hosp,3,2026-10-17,47,quantile,0.45,7
2026-09-26,wk inc rsv hosp,3,2026-10-17,47,quantile,0.5,8
2026-09-26,wk inc rsv hosp,3,2026-10-17,47,quantile,0.55,9
2026-09-26,wk inc rsv hosp,3,2026-10-17,47,quantile,0.6,11
2026-09-26,wk inc rsv hosp,3,2026-10-17,47,quantile,0.65,14
2026-09-26,wk inc rsv hosp,3,2026-10-17,47,quantile,0.7,16
2026-09-26,wk inc rsv hosp,3,2026-10-17,47,quantile,0.75,20
2026-09-26,wk inc rsv hosp,3,2026-10-17,47,quantile,0.8,23
2026-09-26,wk inc rsv hosp,3,2026-10-17,47,quantile,0.85,32
2026-09-26,wk inc rsv hosp,3,2026-10-17,47,quantile,0.9,42
2026-09-26,wk inc rsv hosp,3,2026-10-17,47,quantile,0.95,76
2026-09-26,wk inc rsv hosp,3,2026-10-17,47,quantile,0.975,123
2026-09-26,wk inc rsv hosp,3,2026-10-17,47,quantile,0.99,179
2026-09-26,wk inc rsv hosp,3,2026-10-17,48,quantile,0.01,18
2026-09-26,wk inc rsv hosp,3,2026-10-17,48,quantile,0.025,21
2026-09-26,wk inc rsv hosp,3,2026-10-17,48,quantile,0.05,25
2026-09-26,wk inc rsv hosp,3,2026-10-17,48,quantile,0.1,33
2026-09-26,wk inc rsv hosp,3,2026-10-17,48,quantile,0.15,39
2026-09-26,wk inc rsv hosp,3,2026-10-17,48,quantile,0.2,46
2026-09-26,wk inc rsv hosp,3,2026-10-17,48,quantile,0.25,52
2026-09-26,wk inc rsv hosp,3,2026-10-17,48,quantile,0.3,56
2026-09-26,wk inc rsv hosp,3,2026-10-17,48,quantile,0.35,62
2026-09-26,wk inc rsv hosp,3,2026-10-17,48,quantile,0.4,70
2026-09-26,wk inc rsv hosp,3,2026-10-17,48,quantile,0.45,77
2026-09-26,wk inc rsv hosp,3,2026-10-17,48,quantile,0.5,86
2026-09-26,wk inc rsv hosp,3,2026-10-17,48,quantile,0.55,95
2026-09-26,wk inc rsv hosp,3,2026-10-17,48,quantile,0.6,107
2026-09-26,wk inc rsv hosp,3,2026-10-17,48,quantile,0.65,118
2026-09-26,wk inc rsv hosp,3,2026-10-17,48,quantile,0.7,133
2026-09-26,wk inc rsv hosp,3,2026-10-17,48,quantile,0.75,151
2026-09-26,wk inc rsv hosp,3,2026-10-17,48,quantile,0.8,174
2026-09-26,wk inc rsv hosp,3,2026-10-17,48,quantile,0.85,211
2026-09-26,wk inc rsv hosp,3,2026-10-17,48,quantile,0.9,266
2026-09-26,wk inc rsv hosp,3,2026-10-17,48,quantile,0.95,417
2026-09-26,wk inc rsv hosp,3,2026-10-17,48,quantile,0.975,542
2026-09-26,wk inc rsv hosp,3,2026-10-17,48,quantile,0.99,765
2026-09-26,wk inc rsv hosp,3,2026-10-17,49,quantile,0.01,0
2026-09-26,wk inc rsv hosp,3,2026-10-17,49,quantile,0.025,0
2026-09-26,wk inc rsv hosp,3,2026-10-17,49,quantile,0.05,0
2026-09-26,wk inc rsv hosp,3,2026-10-17,49,quantile,0.1,0
2026-09-26,wk inc rsv hosp,3,2026-10-17,49,quantile,0.15,0
2026-09-26,wk inc rsv hosp,3,2026-10-17,49,quantile,0.2,1
2026-09-26,wk inc rsv hosp,3,2026-10-17,49,quantile,0.25,1
2026-09-26,wk inc rsv hosp,3,2026-10-17,49,quantile,0.3,2
2026-09-26,wk inc rsv hosp,3,2026-10-17,49,quantile,0.35,2
2026-09-26,wk inc rsv hosp,3,2026-10-17,49,quantile,0.4,3
2026-09-26,wk inc rsv hosp,3,2026-10-17,49,quantile,0.45,4
2026-09-26,wk inc rsv hosp,3,2026-10-17,49,quantile,0.5,5
2026-09-26,wk inc rsv hosp,3,2026-10-17,49,quantile,0.55,6
2026-09-26,wk inc rsv hosp,3,2026-10-17,49,quantile,0.6,7
2026-09-26,wk inc rsv hosp,3,2026-10-17,49,quantile,0.65,9
2026-09-26,wk inc rsv hosp,3,2026-10-17,49,quantile,0.7,10
2026-09-26,wk inc rsv hosp,3,2026-10-17,49,quantile,0.75,13
2026-09-26,wk inc rsv hosp,3,2026-10-17,49,quantile,0.8,19
2026-09-26,wk inc rsv hosp,3,2026-10-17,49,quantile,0.85,25
2026-09-26,wk inc rsv hosp,3,2026-10-17,49,quantile,0.9,34
2026-09-26,wk inc rsv hosp,3,2026-10-17,49,quantile,0.95,64
2026-09-26,wk inc rsv hosp,3,2026-10-17,49,quantile,0.975,112
2026-09-26,wk inc rsv hosp,3,2026-10-17,49,quantile,0.99,189
2026-09-26,wk inc rsv hosp,3,2026-10-17,50,quantile,0.01,0
2026-09-26,wk inc rsv hosp,3,2026-10-17,50,quantile,0.025,0
2026-09-26,wk inc rsv hosp,3,2026-10-17,50,quantile,0.05,0
2026-09-26,wk inc rsv hosp,3,2026-10-17,50,quantile,0.1,0
2026-09-26,wk inc rsv hosp,3,2026-10-17,50,quantile,0.15,0
2026-09-26,wk inc rsv hosp,3,2026-10-17,50,quantile,0.2,0
2026-09-26,wk inc rsv hosp,3,2026-10-17,50,quantile,0.25,0
2026-09-26,wk inc rsv hosp,3,2026-10-17,50,quantile,0.3,0
2026-09-26,wk inc rsv hosp,3,2026-10-17,50,quantile,0.35,1
2026-09-26,wk inc rsv hosp,3,2026-10-17,50,quantile,0.4,1
2026-09-26,wk inc rsv hosp,3,2026-10-17,50,quantile,0.45,1
2026-09-26,wk inc rsv hosp,3,2026-10-17,50,quantile,0.5,2
2026-09-26,wk inc rsv hosp,3,2026-10-17,50,quantile,0.55,2
2026-09-26,wk inc rsv hosp,3,2026-10-17,50,quantile,0.6,3
2026-09-26,wk inc rsv hosp,3,2026-10-17,50,quantile,0.65,3
2026-09-26,wk inc rsv hosp,3,2026-10-17,50,quantile,0.7,4
2026-09-26,wk inc rsv hosp,3,2026-10-17,50,quantile,0.75,5
2026-09-26,wk inc rsv hosp,3,2026-10-17,50,quantile,0.8,7
2026-09-26,wk inc rsv hosp,3,2026-10-17,50,quantile,0.85,9
2026-09-26,wk inc rsv hosp,3,2026-10-17,50,quantile,0.9,13
2026-09-26,wk inc rsv hosp,3,2026-10-17,50,quantile,0.95,23
2026-09-26,wk inc rsv hosp,3,2026-10-17,50,quantile,0.975,39
2026-09-26,wk inc rsv hosp,3,2026-10-17,50,quantile,0.99,68
2026-09-26,wk inc rsv hosp,3,2026-10-17,51,quantile,0.01,0
2026-09-26,wk inc rsv hosp,3,2026-10-17,51,quantile,0.025,0
2026-09-26,wk inc rsv hosp,3,2026-10-17,51,quantile,0.05,0
2026-09-26,wk inc rsv hosp,3,2026-10-17,51,quantile,0.1,0
2026-09-26,wk inc rsv hosp,3,2026-10-17,51,quantile,0.15,1
2026-09-26,wk inc rsv hosp,3,2026-10-17,51,quantile,0.2,1
2026-09-26,wk inc rsv hosp,3,2026-10-17,51,quantile,0.25,2
2026-09-26,wk inc rsv hosp,3,2026-10-17,51,quantile,0.3,3
2026-09-26,wk inc rsv hosp,3,2026-10-17,51,quantile,0.35,4
2026-09-26,wk inc rsv hosp,3,2026-10-17,51,quantile,0.4,5
2026-09-26,wk inc rsv hosp,3,2026-10-17,51,quantile,0.45,6
2026-09-26,wk inc rsv hosp,3,2026-10-17,51,quantile,0.5,7
2026-09-26,wk inc rsv hosp,3,2026-10-17,51,quantile,0.55,8
2026-09-26,wk inc rsv hosp,3,2026-10-17,51,quantile,0.6,9
2026-09-26,wk inc rsv hosp,3,2026-10-17,51,quantile,0.65,11
2026-09-26,wk inc rsv hosp,3,2026-10-17,51,quantile,0.7,13
2026-09-26,wk inc rsv hosp,3,2026-10-17,51,quantile,0.75,15
2026-09-26,wk inc rsv hosp,3,2026-10-17,51,quantile,0.8,19
2026-09-26,wk inc rsv hosp,3,2026-10-17,51,quantile,0.85,25
2026-09-26,wk inc rsv hosp,3,2026-10-17,51,quantile,0.9,35
2026-09-26,wk inc rsv hosp,3,2026-10-17,51,quantile,0.95,47
2026-09-26,wk inc rsv hosp,3,2026-10-17,51,quantile,0.975,70
2026-09-26,wk inc rsv hosp,3,2026-10-17,51,quantile,0.99,106
2026-09-26,wk inc rsv hosp,3,2026-10-17,53,quantile,0.01,0
2026-09-26,wk inc rsv hosp,3,2026-10-17,53,quantile,0.025,0
2026-09-26,wk inc rsv hosp,3,2026-10-17,53,quantile,0.05,0
2026-09-26,wk inc rsv hosp,3,2026-10-17,53,quantile,0.1,0
2026-09-26,wk inc rsv hosp,3,2026-10-17,53,quantile,0.15,0
2026-09-26,wk inc rsv hosp,3,2026-10-17,53,quantile,0.2,1
2026-09-26,wk inc rsv hosp,3,2026-10-17,53,quantile,0.25,1
2026-09-26,wk inc rsv hosp,3,2026-10-17,53,quantile,0.3,1
2026-09-26,wk inc rsv hosp,3,2026-10-17,53,quantile,0.35,2
2026-09-26,wk inc rsv hosp,3,2026-10-17,53,quantile,0.4,2
2026-09-26,wk inc rsv hosp,3,2026-10-17,53,quantile,0.45,3
2026-09-26,wk inc rsv hosp,3,2026-10-17,53,quantile,0.5,4
2026-09-26,wk inc rsv hosp,3,2026-10-17,53,quantile,0.55,4
2026-09-26,wk inc rsv hosp,3,2026-10-17,53,quantile,0.6,5
2026-09-26,wk inc rsv hosp,3,2026-10-17,53,quantile,0.65,7
2026-09-26,wk inc rsv hosp,3,2026-10-17,53,quantile,0.7,8
2026-09-26,wk inc rsv hosp,3,2026-10-17,53,quantile,0.75,11
2026-09-26,wk inc rsv hosp,3,2026-10-17,53,quantile,0.8,14
2026-09-26,wk inc rsv hosp,3,2026-10-17,53,quantile,0.85,20
2026-09-26,wk inc rsv hosp,3,2026-10-17,53,quantile,0.9,29
2026-09-26,wk inc rsv hosp,3,2026-10-17,53,quantile,0.95,50
2026-09-26,wk inc rsv hosp,3,2026-10-17,53,quantile,0.975,81
2026-09-26,wk inc rsv hosp,3,2026-10-17,53,quantile,0.99,140
2026-09-26,wk inc rsv hosp,3,2026-10-17,54,quantile,0.01,0
2026-09-26,wk inc rsv hosp,3,2026-10-17,54,quantile,0.025,0
2026-09-26,wk inc rsv hosp,3,2026-10-17,54,quantile,0.05,0
2026-09-26,wk inc rsv hosp,3,2026-10-17,54,quantile,0.1,0
2026-09-26,wk inc rsv hosp,3,2026-10-17,54,quantile,0.15,0
2026-09-26,wk inc rsv hosp,3,2026-10-17,54,quantile,0.2,1
2026-09-26,wk inc rsv hosp,3,2026-10-17,54,quantile,0.25,1
2026-09-26,wk inc rsv hosp,3,2026-10-17,54,quantile,0.3,2
2026-09-26,wk inc rsv hosp,3,2026-10-17,54,quantile,0.35,2
2026-09-26,wk inc rsv hosp,3,2026-10-17,54,quantile,0.4,2
2026-09-26,wk inc rsv hosp,3,2026-10-17,54,quantile,0.45,3
2026-09-26,wk inc rsv hosp,3,2026-10-17,54,quantile,0.5,4
2026-09-26,wk inc rsv hosp,3,2026-10-17,54,quantile,0.55,5
2026-09-26,wk inc rsv hosp,3,2026-10-17,54,quantile,0.6,5
2026-09-26,wk inc rsv hosp,3,2026-10-17,54,quantile,0.65,6
2026-09-26,wk inc rsv hosp,3,2026-10-17,54,quantile,0.7,8
2026-09-26,wk inc rsv hosp,3,2026-10-17,54,quantile,0.75,9
2026-09-26,wk inc rsv hosp,3,2026-10-17,54,quantile,0.8,13
2026-09-26,wk inc rsv hosp,3,2026-10-17,54,quantile,0.85,17
2026-09-26,wk inc rsv hosp,3,2026-10-17,54,quantile,0.9,26
2026-09-26,wk inc rsv hosp,3,2026-10-17,54,quantile,0.95,43
2026-09-26,wk inc rsv hosp,3,2026-10-17,54,quantile,0.975,67
2026-09-26,wk inc rsv hosp,3,2026-10-17,54,quantile,0.99,123
2026-09-26,wk inc rsv hosp,3,2026-10-17,55,quantile,0.01,0
2026-09-26,wk inc rsv hosp,3,2026-10-17,55,quantile,0.025,0
2026-09-26,wk inc rsv hosp,3,2026-10-17,55,quantile,0.05,0
2026-09-26,wk inc rsv hosp,3,2026-10-17,55,quantile,0.1,0
2026-09-26,wk inc rsv hosp,3,2026-10-17,55,quantile,0.15,0
2026-09-26,wk inc rsv hosp,3,2026-10-17,55,quantile,0.2,0
2026-09-26,wk inc rsv hosp,3,2026-10-17,55,quantile,0.25,0
2026-09-26,wk inc rsv hosp,3,2026-10-17,55,quantile,0.3,0
2026-09-26,wk inc rsv hosp,3,2026-10-17,55,quantile,0.35,0
2026-09-26,wk inc rsv hosp,3,2026-10-17,55,quantile,0.4,0
2026-09-26,wk inc rsv hosp,3,2026-10-17,55,quantile,0.45,0
2026-09-26,wk inc rsv hosp,3,2026-10-17,55,quantile,0.5,0
2026-09-26,wk inc rsv hosp,3,2026-10-17,55,quantile,0.55,0
2026-09-26,wk inc rsv hosp,3,2026-10-17,55,quantile,0.6,1
2026-09-26,wk inc rsv hosp,3,2026-10-17,55,quantile,0.65,1
2026-09-26,wk inc rsv hosp,3,2026-10-17,55,quantile,0.7,2
2026-09-26,wk inc rsv hosp,3,2026-10-17,55,quantile,0.75,3
2026-09-26,wk inc rsv hosp,3,2026-10-17,55,quantile,0.8,5
2026-09-26,wk inc rsv hosp,3,2026-10-17,55,quantile,0.85,8
2026-09-26,wk inc rsv hosp,3,2026-10-17,55,quantile,0.9,12
2026-09-26,wk inc rsv hosp,3,2026-10-17,55,quantile,0.95,27
2026-09-26,wk inc rsv hosp,3,2026-10-17,55,quantile,0.975,49
2026-09-26,wk inc rsv hosp,3,2026-10-17,55,quantile,0.99,87
2026-09-26,wk inc rsv hosp,3,2026-10-17,56,quantile,0.01,0
2026-09-26,wk inc rsv hosp,3,2026-10-17,56,quantile,0.025,0
2026-09-26,wk inc rsv hosp,3,2026-10-17,56,quantile,0.05,0
2026-09-26,wk inc rsv hosp,3,2026-10-17,56,quantile,0.1,0
2026-09-26,wk inc rsv hosp,3,2026-10-17,56,quantile,0.15,0
2026-09-26,wk inc rsv hosp,3,2026-10-17,56,quantile,0.2,0
2026-09-26,wk inc rsv hosp,3,2026-10-17,56,quantile,0.25,0
2026-09-26,wk inc rsv hosp,3,2026-10-17,56,quantile,0.3,0
2026-09-26,wk inc rsv hosp,3,2026-10-17,56,quantile,0.35,0
2026-09-26,wk inc rsv hosp,3,2026-10-17,56,quantile,0.4,0
2026-09-26,wk inc rsv hosp,3,2026-10-17,56,quantile,0.45,0
2026-09-26,wk inc rsv hosp,3,2026-10-17,56,quantile,0.5,0
2026-09-26,wk inc rsv hosp,3,2026-10-17,56,quantile,0.55,0
2026-09-26,wk inc rsv hosp,3,2026-10-17,56,quantile,0.6,0
2026-09-26,wk inc rsv hosp,3,2026-10-17,56,quantile,0.65,0
2026-09-26,wk inc rsv hosp,3,2026-10-17,56,quantile,0.7,0
2026-09-26,wk inc rsv hosp,3,2026-10-17,56,quantile,0.75,0
2026-09-26,wk inc rsv hosp,3,2026-10-17,56,quantile,0.8,0
2026-09-26,wk inc rsv hosp,3,2026-10-17,56,quantile,0.85,0
2026-09-26,wk inc rsv hosp,3,2026-10-17,56,quantile,0.9,0
2026-09-26,wk inc rsv hosp,3,2026-10-17,56,quantile,0.95,1
2026-09-26,wk inc rsv hosp,3,2026-10-17,56,quantile,0.975,4
2026-09-26,wk inc rsv hosp,3,2026-10-17,56,quantile,0.99,9
2026-09-26,wk inc rsv hosp,3,2026-10-17,72,quantile,0.01,0
2026-09-26,wk inc rsv hosp,3,2026-10-17,72,quantile,0.025,0
2026-09-26,wk inc rsv hosp,3,2026-10-17,72,quantile,0.05,0
2026-09-26,wk inc rsv hosp,3,2026-10-17,72,quantile,0.1,0
2026-09-26,wk inc rsv hosp,3,2026-10-17,72,quantile,0.15,1
2026-09-26,wk inc rsv hosp,3,2026-10-17,72,quantile,0.2,2
2026-09-26,wk inc rsv hosp,3,2026-10-17,72,quantile,0.25,3
2026-09-26,wk inc rsv hosp,3,2026-10-17,72,quantile,0.3,4
2026-09-26,wk inc rsv hosp,3,2026-10-17,72,quantile,0.35,5
2026-09-26,wk inc rsv hosp,3,2026-10-17,72,quantile,0.4,6
2026-09-26,wk inc rsv hosp,3,2026-10-17,72,quantile,0.45,7
2026-09-26,wk inc rsv hosp,3,2026-10-17,72,quantile,0.5,8
2026-09-26,wk inc rsv hosp,3,2026-10-17,72,quantile,0.55,9
2026-09-26,wk inc rsv hosp,3,2026-10-17,72,quantile,0.6,11
2026-09-26,wk inc rsv hosp,3,2026-10-17,72,quantile,0.65,13
2026-09-26,wk inc rsv hosp,3,2026-10-17,72,quantile,0.7,16
2026-09-26,wk inc rsv hosp,3,2026-10-17,72,quantile,0.75,19
2026-09-26,wk inc rsv hosp,3,2026-10-17,72,quantile,0.8,24
2026-09-26,wk inc rsv hosp,3,2026-10-17,72,quantile,0.85,31
2026-09-26,wk inc rsv hosp,3,2026-10-17,72,quantile,0.9,43
2026-09-26,wk inc rsv hosp,3,2026-10-17,72,quantile,0.95,64
2026-09-26,wk inc rsv hosp,3,2026-10-17,72,quantile,0.975,99
2026-09-26,wk inc rsv hosp,3,2026-10-17,72,quantile,0.99,124
2026-09-26,wk inc rsv hosp,3,2026-10-17,US,quantile,0.01,625
2026-09-26,wk inc rsv hosp,3,2026-10-17,US,quantile,0.025,696
2026-09-26,wk inc rsv hosp,3,2026-10-17,US,quantile,0.05,769
2026-09-26,wk inc rsv hosp,3,2026-10-17,US,quantile,0.1,859
2026-09-26,wk inc rsv hosp,3,2026-10-17,US,quantile,0.15,912
2026-09-26,wk inc rsv hosp,3,2026-10-17,US,quantile,0.2,990
2026-09-26,wk inc rsv hosp,3,2026-10-17,US,quantile,0.25,1039
2026-09-26,wk inc rsv hosp,3,2026-10-17,US,quantile,0.3,1095
2026-09-26,wk inc rsv hosp,3,2026-10-17,US,quantile,0.35,1147
2026-09-26,wk inc rsv hosp,3,2026-10-17,US,quantile,0.4,1220
2026-09-26,wk inc rsv hosp,3,2026-10-17,US,quantile,0.45,1296
2026-09-26,wk inc rsv hosp,3,2026-10-17,US,quantile,0.5,1364
2026-09-26,wk inc rsv hosp,3,2026-10-17,US,quantile,0.55,1435
2026-09-26,wk inc rsv hosp,3,2026-10-17,US,quantile,0.6,1512
2026-09-26,wk inc rsv hosp,3,2026-10-17,US,quantile,0.65,1611
2026-09-26,wk inc rsv hosp,3,2026-10-17,US,quantile,0.7,1742
2026-09-26,wk inc rsv hosp,3,2026-10-17,US,quantile,0.75,1881
2026-09-26,wk inc rsv hosp,3,2026-10-17,US,quantile,0.8,2042
2026-09-26,wk inc rsv hosp,3,2026-10-17,US,quantile,0.85,2257
2026-09-26,wk inc rsv hosp,3,2026-10-17,US,quantile,0.9,2646
2026-09-26,wk inc rsv hosp,3,2026-10-17,US,quantile,0.95,3346
2026-09-26,wk inc rsv hosp,3,2026-10-17,US,quantile,0.975,3793
2026-09-26,wk inc rsv hosp,3,2026-10-17,US,quantile,0.99,4182
