reference_date,horizon,target,target_end_date,location,output_type,output_type_id,value
2026-09-26,-1,wk inc rsv hosp,2026-09-19,01,quantile,0.01,12
2026-09-26,-1,wk inc rsv hosp,2026-09-19,01,quantile,0.025,12
2026-09-26,-1,wk inc rsv hosp,2026-09-19,01,quantile,0.05,12
2026-09-26,-1,wk inc rsv hosp,2026-09-19,01,quantile,0.1,12
2026-09-26,-1,wk inc rsv hosp,2026-09-19,01,quantile,0.15,12
2026-09-26,-1,wk inc rsv hosp,2026-09-19,01,quantile,0.2,12
2026-09-26,-1,wk inc rsv hosp,2026-09-19,01,quantile,0.25,12
2026-09-26,-1,wk inc rsv hosp,2026-09-19,01,quantile,0.3,12
2026-09-26,-1,wk inc rsv hosp,2026-09-19,01,quantile,0.35,12
2026-09-26,-1,wk inc rsv hosp,2026-09-19,01,quantile,0.4,12
2026-09-26,-1,wk inc rsv hosp,2026-09-19,01,quantile,0.45,12
2026-09-26,-1,wk inc rsv hosp,2026-09-19,01,quantile,0.5,12
2026-09-26,-1,wk inc rsv hosp,2026-09-19,01,quantile,0.55,12
2026-09-26,-1,wk inc rsv hosp,2026-09-19,01,quantile,0.6,12
2026-09-26,-1,wk inc rsv hosp,2026-09-19,01,quantile,0.65,12
2026-09-26,-1,wk inc rsv hosp,2026-09-19,01,quantile,0.7,12
2026-09-26,-1,wk inc rsv hosp,2026-09-19,01,quantile,0.75,12
2026-09-26,-1,wk inc rsv hosp,2026-09-19,01,quantile,0.8,12
2026-09-26,-1,wk inc rsv hosp,2026-09-19,01,quantile,0.85,12
2026-09-26,-1,wk inc rsv hosp,2026-09-19,01,quantile,0.9,12
2026-09-26,-1,wk inc rsv hosp,2026-09-19,01,quantile,0.95,12
2026-09-26,-1,wk inc rsv hosp,2026-09-19,01,quantile,0.975,12
2026-09-26,-1,wk inc rsv hosp,2026-09-19,01,quantile,0.99,12
2026-09-26,-1,wk inc rsv hosp,2026-09-19,02,quantile,0.01,6
2026-09-26,-1,wk inc rsv hosp,2026-09-19,02,quantile,0.025,6
2026-09-26,-1,wk inc rsv hosp,2026-09-19,02,quantile,0.05,6
2026-09-26,-1,wk inc rsv hosp,2026-09-19,02,quantile,0.1,6
2026-09-26,-1,wk inc rsv hosp,2026-09-19,02,quantile,0.15,6
2026-09-26,-1,wk inc rsv hosp,2026-09-19,02,quantile,0.2,6
2026-09-26,-1,wk inc rsv hosp,2026-09-19,02,quantile,0.25,6
2026-09-26,-1,wk inc rsv hosp,2026-09-19,02,quantile,0.3,6
2026-09-26,-1,wk inc rsv hosp,2026-09-19,02,quantile,0.35,6
2026-09-26,-1,wk inc rsv hosp,2026-09-19,02,quantile,0.4,6
2026-09-26,-1,wk inc rsv hosp,2026-09-19,02,quantile,0.45,6
2026-09-26,-1,wk inc rsv hosp,2026-09-19,02,quantile,0.5,6
2026-09-26,-1,wk inc rsv hosp,2026-09-19,02,quantile,0.55,6
2026-09-26,-1,wk inc rsv hosp,2026-09-19,02,quantile,0.6,6
2026-09-26,-1,wk inc rsv hosp,2026-09-19,02,quantile,0.65,6
2026-09-26,-1,wk inc rsv hosp,2026-09-19,02,quantile,0.7,6
2026-09-26,-1,wk inc rsv hosp,2026-09-19,02,quantile,0.75,6
2026-09-26,-1,wk inc rsv hosp,2026-09-19,02,quantile,0.8,6
2026-09-26,-1,wk inc rsv hosp,2026-09-19,02,quantile,0.85,6
2026-09-26,-1,wk inc rsv hosp,2026-09-19,02,quantile,0.9,6
2026-09-26,-1,wk inc rsv hosp,2026-09-19,02,quantile,0.95,6
2026-09-26,-1,wk inc rsv hosp,2026-09-19,02,quantile,0.975,6
2026-09-26,-1,wk inc rsv hosp,2026-09-19,02,quantile,0.99,6
2026-09-26,-1,wk inc rsv hosp,2026-09-19,04,quantile,0.01,0
2026-09-26,-1,wk inc rsv hosp,2026-09-19,04,quantile,0.025,0
2026-09-26,-1,wk inc rsv hosp,2026-09-19,04,quantile,0.05,0
2026-09-26,-1,wk inc rsv hosp,2026-09-19,04,quantile,0.1,0
2026-09-26,-1,wk inc rsv hosp,2026-09-19,04,quantile,0.15,0
2026-09-26,-1,wk inc rsv hosp,2026-09-19,04,quantile,0.2,0
2026-09-26,-1,wk inc rsv hosp,2026-09-19,04,quantile,0.25,0
2026-09-26,-1,wk inc rsv hosp,2026-09-19,04,quantile,0.3,0
2026-09-26,-1,wk inc rsv hosp,2026-09-19,04,quantile,0.35,0
2026-09-26,-1,wk inc rsv hosp,2026-09-19,04,quantile,0.4,0
2026-09-26,-1,wk inc rsv hosp,2026-09-19,04,quantile,0.45,0
2026-09-26,-1,wk inc rsv hosp,2026-09-19,04,quantile,0.5,0
2026-09-26,-1,wk inc rsv hosp,2026-09-19,04,quantile,0.55,0
2026-09-26,-1,wk inc rsv hosp,2026-09-19,04,quantile,0.6,0
2026-09-26,-1,wk inc rsv hosp,2026-09-19,04,quantile,0.65,0
2026-09-26,-1,wk inc rsv hosp,2026-09-19,04,quantile,0.7,0
2026-09-26,-1,wk inc rsv hosp,2026-09-19,04,quantile,0.75,0
2026-09-26,-1,wk inc rsv hosp,2026-09-19,04,quantile,0.8,0
2026-09-26,-1,wk inc rsv hosp,2026-09-19,04,quantile,0.85,0
2026-09-26,-1,wk inc rsv hosp,2026-09-19,04,quantile,0.9,0
2026-09-26,-1,wk inc rsv hosp,2026-09-19,04,quantile,0.95,0
2026-09-26,-1,wk inc rsv hosp,2026-09-19,04,quantile,0.975,0
2026-09-26,-1,wk inc rsv hosp,2026-09-19,04,quantile,0.99,0
2026-09-26,-1,wk inc rsv hosp,2026-09-19,05,quantile,0.01,1
2026-09-26,-1,wk inc rsv hosp,2026-09-19,05,quantile,0.025,1
2026-09-26,-1,wk inc rsv hosp,2026-09-19,05,quantile,0.05,1
2026-09-26,-1,wk inc rsv hosp,2026-09-19,05,quantile,0.1,1
2026-09-26,-1,wk inc rsv hosp,2026-09-19,05,quantile,0.15,1
2026-09-26,-1,wk inc rsv hosp,2026-09-19,05,quantile,0.2,1
2026-09-26,-1,wk inc rsv hosp,2026-09-19,05,quantile,0.25,1
2026-09-26,-1,wk inc rsv hosp,2026-09-19,05,quantile,0.3,1
2026-09-26,-1,wk inc rsv hosp,2026-09-19,05,quantile,0.35,1
2026-09-26,-1,wk inc rsv hosp,2026-09-19,05,quantile,0.4,1
2026-09-26,-1,wk inc rsv hosp,2026-09-19,05,quantile,0.45,1
2026-09-26,-1,wk inc rsv hosp,2026-09-19,05,quantile,0.5,1
2026-09-26,-1,wk inc rsv hosp,2026-09-19,05,quantile,0.55,1
2026-09-26,-1,wk inc rsv hosp,2026-09-19,05,quantile,0.6,1
2026-09-26,-1,wk inc rsv hosp,2026-09-19,05,quantile,0.65,1
2026-09-26,-1,wk inc rsv hosp,2026-09-19,05,quantile,0.7,1
2026-09-26,-1,wk inc rsv hosp,2026-09-19,05,quantile,0.75,1
2026-09-26,-1,wk inc rsv hosp,2026-09-19,05,quantile,0.8,1
2026-09-26,-1,wk inc rsv hosp,2026-09-19,05,quantile,0.85,1
2026-09-26,-1,wk inc rsv hosp,2026-09-19,05,quantile,0.9,1
2026-09-26,-1,wk inc rsv hosp,2026-09-19,05,quantile,0.95,1
2026-09-26,-1,wk inc rsv hosp,2026-09-19,05,quantile,0.975,1
2026-09-26,-1,wk inc rsv hosp,2026-09-19,05,quantile,0.99,1
2026-09-26,-1,wk inc rsv hosp,2026-09-19,06,quantile,0.01,15
2026-09-26,-1,wk inc rsv hosp,2026-09-19,06,quantile,0.025,15
2026-09-26,-1,wk inc rsv hosp,2026-09-19,06,quantile,0.05,15
2026-09-26,-1,wk inc rsv hosp,2026-09-19,06,quantile,0.1,15
2026-09-26,-1,wk inc rsv hosp,2026-09-19,06,quantile,0.15,15
2026-09-26,-1,wk inc rsv hosp,2026-09-19,06,quantile,0.2,15
2026-09-26,-1,wk inc rsv hosp,2026-09-19,06,quantile,0.25,15
2026-09-26,-1,wk inc rsv hosp,2026-09-19,06,quantile,0.3,15
2026-09-26,-1,wk inc rsv hosp,2026-09-19,06,quantile,0.35,15
2026-09-26,-1,wk inc rsv hosp,2026-09-19,06,quantile,0.4,15
2026-09-26,-1,wk inc rsv hosp,2026-09-19,06,quantile,0.45,15
2026-09-26,-1,wk inc rsv hosp,2026-09-19,06,quantile,0.5,15
2026-09-26,-1,wk inc rsv hosp,2026-09-19,06,quantile,0.55,15
2026-09-26,-1,wk inc rsv hosp,2026-09-19,06,quantile,0.6,15
2026-09-26,-1,wk inc rsv hosp,2026-09-19,06,quantile,0.65,15
2026-09-26,-1,wk inc rsv hosp,2026-09-19,06,quantile,0.7,15
2026-09-26,-1,wk inc rsv hosp,2026-09-19,06,quantile,0.75,15
2026-09-26,-1,wk inc rsv hosp,2026-09-19,06,quantile,0.8,15
2026-09-26,-1,wk inc rsv hosp,2026-09-19,06,quantile,0.85,15
2026-09-26,-1,wk inc rsv hosp,2026-09-19,06,quantile,0.9,15
2026-09-26,-1,wk inc rsv hosp,2026-09-19,06,quantile,0.95,15
2026-09-26,-1,wk inc rsv hosp,2026-09-19,06,quantile,0.975,15
2026-09-26,-1,wk inc rsv hosp,2026-09-19,06,quantile,0.99,15
2026-09-26,-1,wk inc rsv hosp,2026-09-19,08,quantile,0.01,1
2026-09-26,-1,wk inc rsv hosp,2026-09-19,08,quantile,0.025,1
2026-09-26,-1,wk inc rsv hosp,2026-09-19,08,quantile,0.05,1
2026-09-26,-1,wk inc rsv hosp,2026-09-19,08,quantile,0.1,1
2026-09-26,-1,wk inc rsv hosp,2026-09-19,08,quantile,0.15,1
2026-09-26,-1,wk inc rsv hosp,2026-09-19,08,quantile,0.2,1
2026-09-26,-1,wk inc rsv hosp,2026-09-19,08,quantile,0.25,1
2026-09-26,-1,wk inc rsv hosp,2026-09-19,08,quantile,0.3,1
2026-09-26,-1,wk inc rsv hosp,2026-09-19,08,quantile,0.35,1
2026-09-26,-1,wk inc rsv hosp,2026-09-19,08,quantile,0.4,1
2026-09-26,-1,wk inc rsv hosp,2026-09-19,08,quantile,0.45,1
2026-09-26,-1,wk inc rsv hosp,2026-09-19,08,quantile,0.5,1
2026-09-26,-1,wk inc rsv hosp,2026-09-19,08,quantile,0.55,1
2026-09-26,-1,wk inc rsv hosp,2026-09-19,08,quantile,0.6,1
2026-09-26,-1,wk inc rsv hosp,2026-09-19,08,quantile,0.65,1
2026-09-26,-1,wk inc rsv hosp,2026-09-19,08,quantile,0.7,1
2026-09-26,-1,wk inc rsv hosp,2026-09-19,08,quantile,0.75,1
2026-09-26,-1,wk inc rsv hosp,2026-09-19,08,quantile,0.8,1
2026-09-26,-1,wk inc rsv hosp,2026-09-19,08,quantile,0.85,1
2026-09-26,-1,wk inc rsv hosp,2026-09-19,08,quantile,0.9,1
2026-09-26,-1,wk inc rsv hosp,2026-09-19,08,quantile,0.95,1
2026-09-26,-1,wk inc rsv hosp,2026-09-19,08,quantile,0.975,1
2026-09-26,-1,wk inc rsv hosp,2026-09-19,08,quantile,0.99,1
2026-09-26,-1,wk inc rsv hosp,2026-09-19,09,quantile,0.01,0
2026-09-26,-1,wk inc rsv hosp,2026-09-19,09,quantile,0.025,0
2026-09-26,-1,wk inc rsv hosp,2026-09-19,09,quantile,0.05,0
2026-09-26,-1,wk inc rsv hosp,2026-09-19,09,quantile,0.1,0
2026-09-26,-1,wk inc rsv hosp,2026-09-19,09,quantile,0.15,0
2026-09-26,-1,wk inc rsv hosp,2026-09-19,09,quantile,0.2,0
2026-09-26,-1,wk inc rsv hosp,2026-09-19,09,quantile,0.25,0
2026-09-26,-1,wk inc rsv hosp,2026-09-19,09,quantile,0.3,0
2026-09-26,-1,wk inc rsv hosp,2026-09-19,09,quantile,0.35,0
2026-09-26,-1,wk inc rsv hosp,2026-09-19,09,quantile,0.4,0
2026-09-26,-1,wk inc rsv hosp,2026-09-19,09,quantile,0.45,0
2026-09-26,-1,wk inc rsv hosp,2026-09-19,09,quantile,0.5,0
2026-09-26,-1,wk inc rsv hosp,2026-09-19,09,quantile,0.55,0
2026-09-26,-1,wk inc rsv hosp,2026-09-19,09,quantile,0.6,0
2026-09-26,-1,wk inc rsv hosp,2026-09-19,09,quantile,0.65,0
2026-09-26,-1,wk inc rsv hosp,2026-09-19,09,quantile,0.7,0
2026-09-26,-1,wk inc rsv hosp,2026-09-19,09,quantile,0.75,0
2026-09-26,-1,wk inc rsv hosp,2026-09-19,09,quantile,0.8,0
2026-09-26,-1,wk inc rsv hosp,2026-09-19,09,quantile,0.85,0
2026-09-26,-1,wk inc rsv hosp,2026-09-19,09,quantile,0.9,0
2026-09-26,-1,wk inc rsv hosp,2026-09-19,09,quantile,0.95,0
2026-09-26,-1,wk inc rsv hosp,2026-09-19,09,quantile,0.975,0
2026-09-26,-1,wk inc rsv hosp,2026-09-19,09,quantile,0.99,0
2026-09-26,-1,wk inc rsv hosp,2026-09-19,10,quantile,0.01,2
2026-09-26,-1,wk inc rsv hosp,2026-09-19,10,quantile,0.025,2
2026-09-26,-1,wk inc rsv hosp,2026-09-19,10,quantile,0.05,2
2026-09-26,-1,wk inc rsv hosp,2026-09-19,10,quantile,0.1,2
2026-09-26,-1,wk inc rsv hosp,2026-09-19,10,quantile,0.15,2
2026-09-26,-1,wk inc rsv hosp,2026-09-19,10,quantile,0.2,2
2026-09-26,-1,wk inc rsv hosp,2026-09-19,10,quantile,0.25,2
2026-09-26,-1,wk inc rsv hosp,2026-09-19,10,quantile,0.3,2
2026-09-26,-1,wk inc rsv hosp,2026-09-19,10,quantile,0.35,2
2026-09-26,-1,wk inc rsv hosp,2026-09-19,10,quantile,0.4,2
2026-09-26,-1,wk inc rsv hosp,2026-09-19,10,quantile,0.45,2
2026-09-26,-1,wk inc rsv hosp,2026-09-19,10,quantile,0.5,2
2026-09-26,-1,wk inc rsv hosp,2026-09-19,10,quantile,0.55,2
2026-09-26,-1,wk inc rsv hosp,2026-09-19,10,quantile,0.6,2
2026-09-26,-1,wk inc rsv hosp,2026-09-19,10,quantile,0.65,2
2026-09-26,-1,wk inc rsv hosp,2026-09-19,10,quantile,0.7,2
2026-09-26,-1,wk inc rsv hosp,2026-09-19,10,quantile,0.75,2
2026-09-26,-1,wk inc rsv hosp,2026-09-19,10,quantile,0.8,2
2026-09-26,-1,wk inc rsv hosp,2026-09-19,10,quantile,0.85,2
2026-09-26,-1,wk inc rsv hosp,2026-09-19,10,quantile,0.9,2
2026-09-26,-1,wk inc rsv hosp,2026-09-19,10,quantile,0.95,2
2026-09-26,-1,wk inc rsv hosp,2026-09-19,10,quantile,0.975,2
2026-09-26,-1,wk inc rsv hosp,2026-09-19,10,quantile,0.99,2
2026-09-26,-1,wk inc rsv hosp,2026-09-19,11,quantile,0.01,0
2026-09-26,-1,wk inc rsv hosp,2026-09-19,11,quantile,0.025,0
2026-09-26,-1,wk inc rsv hosp,2026-09-19,11,quantile,0.05,0
2026-09-26,-1,wk inc rsv hosp,2026-09-19,11,quantile,0.1,0
2026-09-26,-1,wk inc rsv hosp,2026-09-19,11,quantile,0.15,0
2026-09-26,-1,wk inc rsv hosp,2026-09-19,11,quantile,0.2,0
2026-09-26,-1,wk inc rsv hosp,2026-09-19,11,quantile,0.25,0
2026-09-26,-1,wk inc rsv hosp,2026-09-19,11,quantile,0.3,0
2026-09-26,-1,wk inc rsv hosp,2026-09-19,11,quantile,0.35,0
2026-09-26,-1,wk inc rsv hosp,2026-09-19,11,quantile,0.4,0
2026-09-26,-1,wk inc rsv hosp,2026-09-19,11,quantile,0.45,0
2026-09-26,-1,wk inc rsv hosp,2026-09-19,11,quantile,0.5,0
2026-09-26,-1,wk inc rsv hosp,2026-09-19,11,quantile,0.55,0
2026-09-26,-1,wk inc rsv hosp,2026-09-19,11,quantile,0.6,0
2026-09-26,-1,wk inc rsv hosp,2026-09-19,11,quantile,0.65,0
2026-09-26,-1,wk inc rsv hosp,2026-09-19,11,quantile,0.7,0
2026-09-26,-1,wk inc rsv hosp,2026-09-19,11,quantile,0.75,0
2026-09-26,-1,wk inc rsv hosp,2026-09-19,11,quantile,0.8,0
2026-09-26,-1,wk inc rsv hosp,2026-09-19,11,quantile,0.85,0
2026-09-26,-1,wk inc rsv hosp,2026-09-19,11,quantile,0.9,0
2026-09-26,-1,wk inc rsv hosp,2026-09-19,11,quantile,0.95,0
2026-09-26,-1,wk inc rsv hosp,2026-09-19,11,quantile,0.975,0
2026-09-26,-1,wk inc rsv hosp,2026-09-19,11,quantile,0.99,0
2026-09-26,-1,wk inc rsv hosp,2026-09-19,12,quantile,0.01,124
2026-09-26,-1,wk inc rsv hosp,2026-09-19,12,quantile,0.025,124
2026-09-26,-1,wk inc rsv hosp,2026-09-19,12,quantile,0.05,124
2026-09-26,-1,wk inc rsv hosp,2026-09-19,12,quantile,0.1,124
2026-09-26,-1,wk inc rsv hosp,2026-09-19,12,quantile,0.15,124
2026-09-26,-1,wk inc rsv hosp,2026-09-19,12,quantile,0.2,124
2026-09-26,-1,wk inc rsv hosp,2026-09-19,12,quantile,0.25,124
2026-09-26,-1,wk inc rsv hosp,2026-09-19,12,quantile,0.3,124
2026-09-26,-1,wk inc rsv hosp,2026-09-19,12,quantile,0.35,124
2026-09-26,-1,wk inc rsv hosp,2026-09-19,12,quantile,0.4,124
2026-09-26,-1,wk inc rsv hosp,2026-09-19,12,quantile,0.45,124
2026-09-26,-1,wk inc rsv hosp,2026-09-19,12,quantile,0.5,124
2026-09-26,-1,wk inc rsv hosp,2026-09-19,12,quantile,0.55,124
2026-09-26,-1,wk inc rsv hosp,2026-09-19,12,quantile,0.6,124
2026-09-26,-1,wk inc rsv hosp,2026-09-19,12,quantile,0.65,124
2026-09-26,-1,wk inc rsv hosp,2026-09-19,12,quantile,0.7,124
2026-09-26,-1,wk inc rsv hosp,2026-09-19,12,quantile,0.75,124
2026-09-26,-1,wk inc rsv hosp,2026-09-19,12,quantile,0.8,124
2026-09-26,-1,wk inc rsv hosp,2026-09-19,12,quantile,0.85,124
2026-09-26,-1,wk inc rsv hosp,2026-09-19,12,quantile,0.9,124
2026-09-26,-1,wk inc rsv hosp,2026-09-19,12,quantile,0.95,124
2026-09-26,-1,wk inc rsv hosp,2026-09-19,12,quantile,0.975,124
2026-09-26,-1,wk inc rsv hosp,2026-09-19,12,quantile,0.99,124
2026-09-26,-1,wk inc rsv hosp,2026-09-19,13,quantile,0.01,13
2026-09-26,-1,wk inc rsv hosp,2026-09-19,13,quantile,0.025,13
2026-09-26,-1,wk inc rsv hosp,2026-09-19,13,quantile,0.05,13
2026-09-26,-1,wk inc rsv hosp,2026-09-19,13,quantile,0.1,13
2026-09-26,-1,wk inc rsv hosp,2026-09-19,13,quantile,0.15,13
2026-09-26,-1,wk inc rsv hosp,2026-09-19,13,quantile,0.2,13
2026-09-26,-1,wk inc rsv hosp,2026-09-19,13,quantile,0.25,13
2026-09-26,-1,wk inc rsv hosp,2026-09-19,13,quantile,0.3,13
2026-09-26,-1,wk inc rsv hosp,2026-09-19,13,quantile,0.35,13
2026-09-26,-1,wk inc rsv hosp,2026-09-19,13,quantile,0.4,13
2026-09-26,-1,wk inc rsv hosp,2026-09-19,13,quantile,0.45,13
2026-09-26,-1,wk inc rsv hosp,2026-09-19,13,quantile,0.5,13
2026-09-26,-1,wk inc rsv hosp,2026-09-19,13,quantile,0.55,13
2026-09-26,-1,wk inc rsv hosp,2026-09-19,13,quantile,0.6,13
2026-09-26,-1,wk inc rsv hosp,2026-09-19,13,quantile,0.65,13
2026-09-26,-1,wk inc rsv hosp,2026-09-19,13,quantile,0.7,13
2026-09-26,-1,wk inc rsv hosp,2026-09-19,13,quantile,0.75,13
2026-09-26,-1,wk inc rsv hosp,2026-09-19,13,quantile,0.8,13
2026-09-26,-1,wk inc rsv hosp,2026-09-19,13,quantile,0.85,13
2026-09-26,-1,wk inc rsv hosp,2026-09-19,13,quantile,0.9,13
2026-09-26,-1,wk inc rsv hosp,2026-09-19,13,quantile,0.95,13
2026-09-26,-1,wk inc rsv hosp,2026-09-19,13,quantile,0.975,13
2026-09-26,-1,wk inc rsv hosp,2026-09-19,13,quantile,0.99,13
2026-09-26,-1,wk inc rsv hosp,2026-09-19,15,quantile,0.01,7
2026-09-26,-1,wk inc rsv hosp,2026-09-19,15,quantile,0.025,7
2026-09-26,-1,wk inc rsv hosp,2026-09-19,15,quantile,0.05,7
2026-09-26,-1,wk inc rsv hosp,2026-09-19,15,quantile,0.1,7
2026-09-26,-1,wk inc rsv hosp,2026-09-19,15,quantile,0.15,7
2026-09-26,-1,wk inc rsv hosp,2026-09-19,15,quantile,0.2,7
2026-09-26,-1,wk inc rsv hosp,2026-09-19,15,quantile,0.25,7
2026-09-26,-1,wk inc rsv hosp,2026-09-19,15,quantile,0.3,7
2026-09-26,-1,wk inc rsv hosp,2026-09-19,15,quantile,0.35,7
2026-09-26,-1,wk inc rsv hosp,2026-09-19,15,quantile,0.4,7
2026-09-26,-1,wk inc rsv hosp,2026-09-19,15,quantile,0.45,7
2026-09-26,-1,wk inc rsv hosp,2026-09-19,15,quantile,0.5,7
2026-09-26,-1,wk inc rsv hosp,2026-09-19,15,quantile,0.55,7
2026-09-26,-1,wk inc rsv hosp,2026-09-19,15,quantile,0.6,7
2026-09-26,-1,wk inc rsv hosp,2026-09-19,15,quantile,0.65,7
2026-09-26,-1,wk inc rsv hosp,2026-09-19,15,quantile,0.7,7
2026-09-26,-1,wk inc rsv hosp,2026-09-19,15,quantile,0.75,7
2026-09-26,-1,wk inc rsv hosp,2026-09-19,15,quantile,0.8,7
2026-09-26,-1,wk inc rsv hosp,2026-09-19,15,quantile,0.85,7
2026-09-26,-1,wk inc rsv hosp,2026-09-19,15,quantile,0.9,7
2026-09-26,-1,wk inc rsv hosp,2026-09-19,15,quantile,0.95,7
2026-09-26,-1,wk inc rsv hosp,2026-09-19,15,quantile,0.975,7
2026-09-26,-1,wk inc rsv hosp,2026-09-19,15,quantile,0.99,7
2026-09-26,-1,wk inc rsv hosp,2026-09-19,16,quantile,0.01,0
2026-09-26,-1,wk inc rsv hosp,2026-09-19,16,quantile,0.025,0
2026-09-26,-1,wk inc rsv hosp,2026-09-19,16,quantile,0.05,0
2026-09-26,-1,wk inc rsv hosp,2026-09-19,16,quantile,0.1,0
2026-09-26,-1,wk inc rsv hosp,2026-09-19,16,quantile,0.15,0
2026-09-26,-1,wk inc rsv hosp,2026-09-19,16,quantile,0.2,0
2026-09-26,-1,wk inc rsv hosp,2026-09-19,16,quantile,0.25,0
2026-09-26,-1,wk inc rsv hosp,2026-09-19,16,quantile,0.3,0
2026-09-26,-1,wk inc rsv hosp,2026-09-19,16,quantile,0.35,0
2026-09-26,-1,wk inc rsv hosp,2026-09-19,16,quantile,0.4,0
2026-09-26,-1,wk inc rsv hosp,2026-09-19,16,quantile,0.45,0
2026-09-26,-1,wk inc rsv hosp,2026-09-19,16,quantile,0.5,0
2026-09-26,-1,wk inc rsv hosp,2026-09-19,16,quantile,0.55,0
2026-09-26,-1,wk inc rsv hosp,2026-09-19,16,quantile,0.6,0
2026-09-26,-1,wk inc rsv hosp,2026-09-19,16,quantile,0.65,0
2026-09-26,-1,wk inc rsv hosp,2026-09-19,16,quantile,0.7,0
2026-09-26,-1,wk inc rsv hosp,2026-09-19,16,quantile,0.75,0
2026-09-26,-1,wk inc rsv hosp,2026-09-19,16,quantile,0.8,0
2026-09-26,-1,wk inc rsv hosp,2026-09-19,16,quantile,0.85,0
2026-09-26,-1,wk inc rsv hosp,2026-09-19,16,quantile,0.9,0
2026-09-26,-1,wk inc rsv hosp,2026-09-19,16,quantile,0.95,0
2026-09-26,-1,wk inc rsv hosp,2026-09-19,16,quantile,0.975,0
2026-09-26,-1,wk inc rsv hosp,2026-09-19,16,quantile,0.99,0
2026-09-26,-1,wk inc rsv hosp,2026-09-19,17,quantile,0.01,10
2026-09-26,-1,wk inc rsv hosp,2026-09-19,17,quantile,0.025,10
2026-09-26,-1,wk inc rsv hosp,2026-09-19,17,quantile,0.05,10
2026-09-26,-1,wk inc rsv hosp,2026-09-19,17,quantile,0.1,10
2026-09-26,-1,wk inc rsv hosp,2026-09-19,17,quantile,0.15,10
2026-09-26,-1,wk inc rsv hosp,2026-09-19,17,quantile,0.2,10
2026-09-26,-1,wk inc rsv hosp,2026-09-19,17,quantile,0.25,10
2026-09-26,-1,wk inc rsv hosp,2026-09-19,17,quantile,0.3,10
2026-09-26,-1,wk inc rsv hosp,2026-09-19,17,quantile,0.35,10
2026-09-26,-1,wk inc rsv hosp,2026-09-19,17,quantile,0.4,10
2026-09-26,-1,wk inc rsv hosp,2026-09-19,17,quantile,0.45,10
2026-09-26,-1,wk inc rsv hosp,2026-09-19,17,quantile,0.5,10
2026-09-26,-1,wk inc rsv hosp,2026-09-19,17,quantile,0.55,10
2026-09-26,-1,wk inc rsv hosp,2026-09-19,17,quantile,0.6,10
2026-09-26,-1,wk inc rsv hosp,2026-09-19,17,quantile,0.65,10
2026-09-26,-1,wk inc rsv hosp,2026-09-19,17,quantile,0.7,10
2026-09-26,-1,wk inc rsv hosp,2026-09-19,17,quantile,0.75,10
2026-09-26,-1,wk inc rsv hosp,2026-09-19,17,quantile,0.8,10
2026-09-26,-1,wk inc rsv hosp,2026-09-19,17,quantile,0.85,10
2026-09-26,-1,wk inc rsv hosp,2026-09-19,17,quantile,0.9,10
2026-09-26,-1,wk inc rsv hosp,2026-09-19,17,quantile,0.95,10
2026-09-26,-1,wk inc rsv hosp,2026-09-19,17,quantile,0.975,10
2026-09-26,-1,wk inc rsv hosp,2026-09-19,17,quantile,0.99,10
2026-09-26,-1,wk inc rsv hosp,2026-09-19,18,quantile,0.01,2
2026-09-26,-1,wk inc rsv hosp,2026-09-19,18,quantile,0.025,2
2026-09-26,-1,wk inc rsv hosp,2026-09-19,18,quantile,0.05,2
2026-09-26,-1,wk inc rsv hosp,2026-09-19,18,quantile,0.1,2
2026-09-26,-1,wk inc rsv hosp,2026-09-19,18,quantile,0.15,2
2026-09-26,-1,wk inc rsv hosp,2026-09-19,18,quantile,0.2,2
2026-09-26,-1,wk inc rsv hosp,2026-09-19,18,quantile,0.25,2
2026-09-26,-1,wk inc rsv hosp,2026-09-19,18,quantile,0.3,2
2026-09-26,-1,wk inc rsv hosp,2026-09-19,18,quantile,0.35,2
2026-09-26,-1,wk inc rsv hosp,2026-09-19,18,quantile,0.4,2
2026-09-26,-1,wk inc rsv hosp,2026-09-19,18,quantile,0.45,2
2026-09-26,-1,wk inc rsv hosp,2026-09-19,18,quantile,0.5,2
2026-09-26,-1,wk inc rsv hosp,2026-09-19,18,quantile,0.55,2
2026-09-26,-1,wk inc rsv hosp,2026-09-19,18,quantile,0.6,2
2026-09-26,-1,wk inc rsv hosp,2026-09-19,18,quantile,0.65,2
2026-09-26,-1,wk inc rsv hosp,2026-09-19,18,quantile,0.7,2
2026-09-26,-1,wk inc rsv hosp,2026-09-19,18,quantile,0.75,2
2026-09-26,-1,wk inc rsv hosp,2026-09-19,18,quantile,0.8,2
2026-09-26,-1,wk inc rsv hosp,2026-09-19,18,quantile,0.85,2
2026-09-26,-1,wk inc rsv hosp,2026-09-19,18,quantile,0.9,2
2026-09-26,-1,wk inc rsv hosp,2026-09-19,18,quantile,0.95,2
2026-09-26,-1,wk inc rsv hosp,2026-09-19,18,quantile,0.975,2
2026-09-26,-1,wk inc rsv hosp,2026-09-19,18,quantile,0.99,2
2026-09-26,-1,wk inc rsv hosp,2026-09-19,19,quantile,0.01,1
2026-09-26,-1,wk inc rsv hosp,2026-09-19,19,quantile,0.025,1
2026-09-26,-1,wk inc rsv hosp,2026-09-19,19,quantile,0.05,1
2026-09-26,-1,wk inc rsv hosp,2026-09-19,19,quantile,0.1,1
2026-09-26,-1,wk inc rsv hosp,2026-09-19,19,quantile,0.15,1
2026-09-26,-1,wk inc rsv hosp,2026-09-19,19,quantile,0.2,1
2026-09-26,-1,wk inc rsv hosp,2026-09-19,19,quantile,0.25,1
2026-09-26,-1,wk inc rsv hosp,2026-09-19,19,quantile,0.3,1
2026-09-26,-1,wk inc rsv hosp,2026-09-19,19,quantile,0.35,1
2026-09-26,-1,wk inc rsv hosp,2026-09-19,19,quantile,0.4,1
2026-09-26,-1,wk inc rsv hosp,2026-09-19,19,quantile,0.45,1
2026-09-26,-1,wk inc rsv hosp,2026-09-19,19,quantile,0.5,1
2026-09-26,-1,wk inc rsv hosp,2026-09-19,19,quantile,0.55,1
2026-09-26,-1,wk inc rsv hosp,2026-09-19,19,quantile,0.6,1
2026-09-26,-1,wk inc rsv hosp,2026-09-19,19,quantile,0.65,1
2026-09-26,-1,wk inc rsv hosp,2026-09-19,19,quantile,0.7,1
2026-09-26,-1,wk inc rsv hosp,2026-09-19,19,quantile,0.75,1
2026-09-26,-1,wk inc rsv hosp,2026-09-19,19,quantile,0.8,1
2026-09-26,-1,wk inc rsv hosp,2026-09-19,19,quantile,0.85,1
2026-09-26,-1,wk inc rsv hosp,2026-09-19,19,quantile,0.9,1
2026-09-26,-1,wk inc rsv hosp,2026-09-19,19,quantile,0.95,1
2026-09-26,-1,wk inc rsv hosp,2026-09-19,19,quantile,0.975,1
2026-09-26,-1,wk inc rsv hosp,2026-09-19,19,quantile,0.99,1
2026-09-26,-1,wk inc rsv hosp,2026-09-19,20,quantile,0.01,1
2026-09-26,-1,wk inc rsv hosp,2026-09-19,20,quantile,0.025,1
2026-09-26,-1,wk inc rsv hosp,2026-09-19,20,quantile,0.05,1
2026-09-26,-1,wk inc rsv hosp,2026-09-19,20,quantile,0.1,1
2026-09-26,-1,wk inc rsv hosp,2026-09-19,20,quantile,0.15,1
2026-09-26,-1,wk inc rsv hosp,2026-09-19,20,quantile,0.2,1
2026-09-26,-1,wk inc rsv hosp,2026-09-19,20,quantile,0.25,1
2026-09-26,-1,wk inc rsv hosp,2026-09-19,20,quantile,0.3,1
2026-09-26,-1,wk inc rsv hosp,2026-09-19,20,quantile,0.35,1
2026-09-26,-1,wk inc rsv hosp,2026-09-19,20,quantile,0.4,1
2026-09-26,-1,wk inc rsv hosp,2026-09-19,20,quantile,0.45,1
2026-09-26,-1,wk inc rsv hosp,2026-09-19,20,quantile,0.5,1
2026-09-26,-1,wk inc rsv hosp,2026-09-19,20,quantile,0.55,1
2026-09-26,-1,wk inc rsv hosp,2026-09-19,20,quantile,0.6,1
2026-09-26,-1,wk inc rsv hosp,2026-09-19,20,quantile,0.65,1
2026-09-26,-1,wk inc rsv hosp,2026-09-19,20,quantile,0.7,1
2026-09-26,-1,wk inc rsv hosp,2026-09-19,20,quantile,0.75,1
2026-09-26,-1,wk inc rsv hosp,2026-09-19,20,quantile,0.8,1
2026-09-26,-1,wk inc rsv hosp,2026-09-19,20,quantile,0.85,1
2026-09-26,-1,wk inc rsv hosp,2026-09-19,20,quantile,0.9,1
2026-09-26,-1,wk inc rsv hosp,2026-09-19,20,quantile,0.95,1
2026-09-26,-1,wk inc rsv hosp,2026-09-19,20,quantile,0.975,1
2026-09-26,-1,wk inc rsv hosp,2026-09-19,20,quantile,0.99,1
2026-09-26,-1,wk inc rsv hosp,2026-09-19,21,quantile,0.01,1
2026-09-26,-1,wk inc rsv hosp,2026-09-19,21,quantile,0.025,1
2026-09-26,-1,wk inc rsv hosp,2026-09-19,21,quantile,0.05,1
2026-09-26,-1,wk inc rsv hosp,2026-09-19,21,quantile,0.1,1
2026-09-26,-1,wk inc rsv hosp,2026-09-19,21,quantile,0.15,1
2026-09-26,-1,wk inc rsv hosp,2026-09-19,21,quantile,0.2,1
2026-09-26,-1,wk inc rsv hosp,2026-09-19,21,quantile,0.25,1
2026-09-26,-1,wk inc rsv hosp,2026-09-19,21,quantile,0.3,1
2026-09-26,-1,wk inc rsv hosp,2026-09-19,21,quantile,0.35,1
2026-09-26,-1,wk inc rsv hosp,2026-09-19,21,quantile,0.4,1
2026-09-26,-1,wk inc rsv hosp,2026-09-19,21,quantile,0.45,1
2026-09-26,-1,wk inc rsv hosp,2026-09-19,21,quantile,0.5,1
2026-09-26,-1,wk inc rsv hosp,2026-09-19,21,quantile,0.55,1
2026-09-26,-1,wk inc rsv hosp,2026-09-19,21,quantile,0.6,1
2026-09-26,-1,wk inc rsv hosp,2026-09-19,21,quantile,0.65,1
2026-09-26,-1,wk inc rsv hosp,2026-09-19,21,quantile,0.7,1
2026-09-26,-1,wk inc rsv hosp,2026-09-19,21,quantile,0.75,1
2026-09-26,-1,wk inc rsv hosp,2026-09-19,21,quantile,0.8,1
2026-09-26,-1,wk inc rsv hosp,2026-09-19,21,quantile,0.85,1
2026-09-26,-1,wk inc rsv hosp,2026-09-19,21,quantile,0.9,1
2026-09-26,-1,wk inc rsv hosp,2026-09-19,21,quantile,0.95,1
2026-09-26,-1,wk inc rsv hosp,2026-09-19,21,quantile,0.975,1
2026-09-26,-1,wk inc rsv hosp,2026-09-19,21,quantile,0.99,1
2026-09-26,-1,wk inc rsv hosp,2026-09-19,22,quantile,0.01,8
2026-09-26,-1,wk inc rsv hosp,2026-09-19,22,quantile,0.025,8
2026-09-26,-1,wk inc rsv hosp,2026-09-19,22,quantile,0.05,8
2026-09-26,-1,wk inc rsv hosp,2026-09-19,22,quantile,0.1,8
2026-09-26,-1,wk inc rsv hosp,2026-09-19,22,quantile,0.15,8
2026-09-26,-1,wk inc rsv hosp,2026-09-19,22,quantile,0.2,8
2026-09-26,-1,wk inc rsv hosp,2026-09-19,22,quantile,0.25,8
2026-09-26,-1,wk inc rsv hosp,2026-09-19,22,quantile,0.3,8
2026-09-26,-1,wk inc rsv hosp,2026-09-19,22,quantile,0.35,8
2026-09-26,-1,wk inc rsv hosp,2026-09-19,22,quantile,0.4,8
2026-09-26,-1,wk inc rsv hosp,2026-09-19,22,quantile,0.45,8
2026-09-26,-1,wk inc rsv hosp,2026-09-19,22,quantile,0.5,8
2026-09-26,-1,wk inc rsv hosp,2026-09-19,22,quantile,0.55,8
2026-09-26,-1,wk inc rsv hosp,2026-09-19,22,quantile,0.6,8
2026-09-26,-1,wk inc rsv hosp,2026-09-19,22,quantile,0.65,8
2026-09-26,-1,wk inc rsv hosp,2026-09-19,22,quantile,0.7,8
2026-09-26,-1,wk inc rsv hosp,2026-09-19,22,quantile,0.75,8
2026-09-26,-1,wk inc rsv hosp,2026-09-19,22,quantile,0.8,8
2026-09-26,-1,wk inc rsv hosp,2026-09-19,22,quantile,0.85,8
2026-09-26,-1,wk inc rsv hosp,2026-09-19,22,quantile,0.9,8
2026-09-26,-1,wk inc rsv hosp,2026-09-19,22,quantile,0.95,8
2026-09-26,-1,wk inc rsv hosp,2026-09-19,22,quantile,0.975,8
2026-09-26,-1,wk inc rsv hosp,2026-09-19,22,quantile,0.99,8
2026-09-26,-1,wk inc rsv hosp,2026-09-19,23,quantile,0.01,0
2026-09-26,-1,wk inc rsv hosp,2026-09-19,23,quantile,0.025,0
2026-09-26,-1,wk inc rsv hosp,2026-09-19,23,quantile,0.05,0
2026-09-26,-1,wk inc rsv hosp,2026-09-19,23,quantile,0.1,0
2026-09-26,-1,wk inc rsv hosp,2026-09-19,23,quantile,0.15,0
2026-09-26,-1,wk inc rsv hosp,2026-09-19,23,quantile,0.2,0
2026-09-26,-1,wk inc rsv hosp,2026-09-19,23,quantile,0.25,0
2026-09-26,-1,wk inc rsv hosp,2026-09-19,23,quantile,0.3,0
2026-09-26,-1,wk inc rsv hosp,2026-09-19,23,quantile,0.35,0
2026-09-26,-1,wk inc rsv hosp,2026-09-19,23,quantile,0.4,0
2026-09-26,-1,wk inc rsv hosp,2026-09-19,23,quantile,0.45,0
2026-09-26,-1,wk inc rsv hosp,2026-09-19,23,quantile,0.5,0
2026-09-26,-1,wk inc rsv hosp,2026-09-19,23,quantile,0.55,0
2026-09-26,-1,wk inc rsv hosp,2026-09-19,23,quantile,0.6,0
2026-09-26,-1,wk inc rsv hosp,2026-09-19,23,quantile,0.65,0
2026-09-26,-1,wk inc rsv hosp,2026-09-19,23,quantile,0.7,0
2026-09-26,-1,wk inc rsv hosp,2026-09-19,23,quantile,0.75,0
2026-09-26,-1,wk inc rsv hosp,2026-09-19,23,quantile,0.8,0
2026-09-26,-1,wk inc rsv hosp,2026-09-19,23,quantile,0.85,0
2026-09-26,-1,wk inc rsv hosp,2026-09-19,23,quantile,0.9,0
2026-09-26,-1,wk inc rsv hosp,2026-09-19,23,quantile,0.95,0
2026-09-26,-1,wk inc rsv hosp,2026-09-19,23,quantile,0.975,0
2026-09-26,-1,wk inc rsv hosp,2026-09-19,23,quantile,0.99,0
2026-09-26,-1,wk inc rsv hosp,2026-09-19,24,quantile,0.01,5
2026-09-26,-1,wk inc rsv hosp,2026-09-19,24,quantile,0.025,5
2026-09-26,-1,wk inc rsv hosp,2026-09-19,24,quantile,0.05,5
2026-09-26,-1,wk inc rsv hosp,2026-09-19,24,quantile,0.1,5
2026-09-26,-1,wk inc rsv hosp,2026-09-19,24,quantile,0.15,5
2026-09-26,-1,wk inc rsv hosp,2026-09-19,24,quantile,0.2,5
2026-09-26,-1,wk inc rsv hosp,2026-09-19,24,quantile,0.25,5
2026-09-26,-1,wk inc rsv hosp,2026-09-19,24,quantile,0.3,5
2026-09-26,-1,wk inc rsv hosp,2026-09-19,24,quantile,0.35,5
2026-09-26,-1,wk inc rsv hosp,2026-09-19,24,quantile,0.4,5
2026-09-26,-1,wk inc rsv hosp,2026-09-19,24,quantile,0.45,5
2026-09-26,-1,wk inc rsv hosp,2026-09-19,24,quantile,0.5,5
2026-09-26,-1,wk inc rsv hosp,2026-09-19,24,quantile,0.55,5
2026-09-26,-1,wk inc rsv hosp,2026-09-19,24,quantile,0.6,5
2026-09-26,-1,wk inc rsv hosp,2026-09-19,24,quantile,0.65,5
2026-09-26,-1,wk inc rsv hosp,2026-09-19,24,quantile,0.7,5
2026-09-26,-1,wk inc rsv hosp,2026-09-19,24,quantile,0.75,5
2026-09-26,-1,wk inc rsv hosp,2026-09-19,24,quantile,0.8,5
2026-09-26,-1,wk inc rsv hosp,2026-09-19,24,quantile,0.85,5
2026-09-26,-1,wk inc rsv hosp,2026-09-19,24,quantile,0.9,5
2026-09-26,-1,wk inc rsv hosp,2026-09-19,24,quantile,0.95,5
2026-09-26,-1,wk inc rsv hosp,2026-09-19,24,quantile,0.975,5
2026-09-26,-1,wk inc rsv hosp,2026-09-19,24,quantile,0.99,5
2026-09-26,-1,wk inc rsv hosp,2026-09-19,25,quantile,0.01,5
2026-09-26,-1,wk inc rsv hosp,2026-09-19,25,quantile,0.025,5
2026-09-26,-1,wk inc rsv hosp,2026-09-19,25,quantile,0.05,5
2026-09-26,-1,wk inc rsv hosp,2026-09-19,25,quantile,0.1,5
2026-09-26,-1,wk inc rsv hosp,2026-09-19,25,quantile,0.15,5
2026-09-26,-1,wk inc rsv hosp,2026-09-19,25,quantile,0.2,5
2026-09-26,-1,wk inc rsv hosp,2026-09-19,25,quantile,0.25,5
2026-09-26,-1,wk inc rsv hosp,2026-09-19,25,quantile,0.3,5
2026-09-26,-1,wk inc rsv hosp,2026-09-19,25,quantile,0.35,5
2026-09-26,-1,wk inc rsv hosp,2026-09-19,25,quantile,0.4,5
2026-09-26,-1,wk inc rsv hosp,2026-09-19,25,quantile,0.45,5
2026-09-26,-1,wk inc rsv hosp,2026-09-19,25,quantile,0.5,5
2026-09-26,-1,wk inc rsv hosp,2026-09-19,25,quantile,0.55,5
2026-09-26,-1,wk inc rsv hosp,2026-09-19,25,quantile,0.6,5
2026-09-26,-1,wk inc rsv hosp,2026-09-19,25,quantile,0.65,5
2026-09-26,-1,wk inc rsv hosp,2026-09-19,25,quantile,0.7,5
2026-09-26,-1,wk inc rsv hosp,2026-09-19,25,quantile,0.75,5
2026-09-26,-1,wk inc rsv hosp,2026-09-19,25,quantile,0.8,5
2026-09-26,-1,wk inc rsv hosp,2026-09-19,25,quantile,0.85,5
2026-09-26,-1,wk inc rsv hosp,2026-09-19,25,quantile,0.9,5
2026-09-26,-1,wk inc rsv hosp,2026-09-19,25,quantile,0.95,5
2026-09-26,-1,wk inc rsv hosp,2026-09-19,25,quantile,0.975,5
2026-09-26,-1,wk inc rsv hosp,2026-09-19,25,quantile,0.99,5
2026-09-26,-1,wk inc rsv hosp,2026-09-19,26,quantile,0.01,4
2026-09-26,-1,wk inc rsv hosp,2026-09-19,26,quantile,0.025,4
2026-09-26,-1,wk inc rsv hosp,2026-09-19,26,quantile,0.05,4
2026-09-26,-1,wk inc rsv hosp,2026-09-19,26,quantile,0.1,4
2026-09-26,-1,wk inc rsv hosp,2026-09-19,26,quantile,0.15,4
2026-09-26,-1,wk inc rsv hosp,2026-09-19,26,quantile,0.2,4
2026-09-26,-1,wk inc rsv hosp,2026-09-19,26,quantile,0.25,4
2026-09-26,-1,wk inc rsv hosp,2026-09-19,26,quantile,0.3,4
2026-09-26,-1,wk inc rsv hosp,2026-09-19,26,quantile,0.35,4
2026-09-26,-1,wk inc rsv hosp,2026-09-19,26,quantile,0.4,4
2026-09-26,-1,wk inc rsv hosp,2026-09-19,26,quantile,0.45,4
2026-09-26,-1,wk inc rsv hosp,2026-09-19,26,quantile,0.5,4
2026-09-26,-1,wk inc rsv hosp,2026-09-19,26,quantile,0.55,4
2026-09-26,-1,wk inc rsv hosp,2026-09-19,26,quantile,0.6,4
2026-09-26,-1,wk inc rsv hosp,2026-09-19,26,quantile,0.65,4
2026-09-26,-1,wk inc rsv hosp,2026-09-19,26,quantile,0.7,4
2026-09-26,-1,wk inc rsv hosp,2026-09-19,26,quantile,0.75,4
2026-09-26,-1,wk inc rsv hosp,2026-09-19,26,quantile,0.8,4
2026-09-26,-1,wk inc rsv hosp,2026-09-19,26,quantile,0.85,4
2026-09-26,-1,wk inc rsv hosp,2026-09-19,26,quantile,0.9,4
2026-09-26,-1,wk inc rsv hosp,2026-09-19,26,quantile,0.95,4
2026-09-26,-1,wk inc rsv hosp,2026-09-19,26,quantile,0.975,4
2026-09-26,-1,wk inc rsv hosp,2026-09-19,26,quantile,0.99,4
2026-09-26,-1,wk inc rsv hosp,2026-09-19,27,quantile,0.01,0
2026-09-26,-1,wk inc rsv hosp,2026-09-19,27,quantile,0.025,0
2026-09-26,-1,wk inc rsv hosp,2026-09-19,27,quantile,0.05,0
2026-09-26,-1,wk inc rsv hosp,2026-09-19,27,quantile,0.1,0
2026-09-26,-1,wk inc rsv hosp,2026-09-19,27,quantile,0.15,0
2026-09-26,-1,wk inc rsv hosp,2026-09-19,27,quantile,0.2,0
2026-09-26,-1,wk inc rsv hosp,2026-09-19,27,quantile,0.25,0
2026-09-26,-1,wk inc rsv hosp,2026-09-19,27,quantile,0.3,0
2026-09-26,-1,wk inc rsv hosp,2026-09-19,27,quantile,0.35,0
2026-09-26,-1,wk inc rsv hosp,2026-09-19,27,quantile,0.4,0
2026-09-26,-1,wk inc rsv hosp,2026-09-19,27,quantile,0.45,0
2026-09-26,-1,wk inc rsv hosp,2026-09-19,27,quantile,0.5,0
2026-09-26,-1,wk inc rsv hosp,2026-09-19,27,quantile,0.55,0
2026-09-26,-1,wk inc rsv hosp,2026-09-19,27,quantile,0.6,0
2026-09-26,-1,wk inc rsv hosp,2026-09-19,27,quantile,0.65,0
2026-09-26,-1,wk inc rsv hosp,2026-09-19,27,quantile,0.7,0
2026-09-26,-1,wk inc rsv hosp,2026-09-19,27,quantile,0.75,0
2026-09-26,-1,wk inc rsv hosp,2026-09-19,27,quantile,0.8,0
2026-09-26,-1,wk inc rsv hosp,2026-09-19,27,quantile,0.85,0
2026-09-26,-1,wk inc rsv hosp,2026-09-19,27,quantile,0.9,0
2026-09-26,-1,wk inc rsv hosp,2026-09-19,27,quantile,0.95,0
2026-09-26,-1,wk inc rsv hosp,2026-09-19,27,quantile,0.975,0
2026-09-26,-1,wk inc rsv hosp,2026-09-19,27,quantile,0.99,0
2026-09-26,-1,wk inc rsv hosp,2026-09-19,28,quantile,0.01,5
2026-09-26,-1,wk inc rsv hosp,2026-09-19,28,quantile,0.025,5
2026-09-26,-1,wk inc rsv hosp,2026-09-19,28,quantile,0.05,5
2026-09-26,-1,wk inc rsv hosp,2026-09-19,28,quantile,0.1,5
2026-09-26,-1,wk inc rsv hosp,2026-09-19,28,quantile,0.15,5
2026-09-26,-1,wk inc rsv hosp,2026-09-19,28,quantile,0.2,5
2026-09-26,-1,wk inc rsv hosp,2026-09-19,28,quantile,0.25,5
2026-09-26,-1,wk inc rsv hosp,2026-09-19,28,quantile,0.3,5
2026-09-26,-1,wk inc rsv hosp,2026-09-19,28,quantile,0.35,5
2026-09-26,-1,wk inc rsv hosp,2026-09-19,28,quantile,0.4,5
2026-09-26,-1,wk inc rsv hosp,2026-09-19,28,quantile,0.45,5
2026-09-26,-1,wk inc rsv hosp,2026-09-19,28,quantile,0.5,5
2026-09-26,-1,wk inc rsv hosp,2026-09-19,28,quantile,0.55,5
2026-09-26,-1,wk inc rsv hosp,2026-09-19,28,quantile,0.6,5
2026-09-26,-1,wk inc rsv hosp,2026-09-19,28,quantile,0.65,5
2026-09-26,-1,wk inc rsv hosp,2026-09-19,28,quantile,0.7,5
2026-09-26,-1,wk inc rsv hosp,2026-09-19,28,quantile,0.75,5
2026-09-26,-1,wk inc rsv hosp,2026-09-19,28,quantile,0.8,5
2026-09-26,-1,wk inc rsv hosp,2026-09-19,28,quantile,0.85,5
2026-09-26,-1,wk inc rsv hosp,2026-09-19,28,quantile,0.9,5
2026-09-26,-1,wk inc rsv hosp,2026-09-19,28,quantile,0.95,5
2026-09-26,-1,wk inc rsv hosp,2026-09-19,28,quantile,0.975,5
2026-09-26,-1,wk inc rsv hosp,2026-09-19,28,quantile,0.99,5
2026-09-26,-1,wk inc rsv hosp,2026-09-19,29,quantile,0.01,1
2026-09-26,-1,wk inc rsv hosp,2026-09-19,29,quantile,0.025,1
2026-09-26,-1,wk inc rsv hosp,2026-09-19,29,quantile,0.05,1
2026-09-26,-1,wk inc rsv hosp,2026-09-19,29,quantile,0.1,1
2026-09-26,-1,wk inc rsv hosp,2026-09-19,29,quantile,0.15,1
2026-09-26,-1,wk inc rsv hosp,2026-09-19,29,quantile,0.2,1
2026-09-26,-1,wk inc rsv hosp,2026-09-19,29,quantile,0.25,1
2026-09-26,-1,wk inc rsv hosp,2026-09-19,29,quantile,0.3,1
2026-09-26,-1,wk inc rsv hosp,2026-09-19,29,quantile,0.35,1
2026-09-26,-1,wk inc rsv hosp,2026-09-19,29,quantile,0.4,1
2026-09-26,-1,wk inc rsv hosp,2026-09-19,29,quantile,0.45,1
2026-09-26,-1,wk inc rsv hosp,2026-09-19,29,quantile,0.5,1
2026-09-26,-1,wk inc rsv hosp,2026-09-19,29,quantile,0.55,1
2026-09-26,-1,wk inc rsv hosp,2026-09-19,29,quantile,0.6,1
2026-09-26,-1,wk inc rsv hosp,2026-09-19,29,quantile,0.65,1
2026-09-26,-1,wk inc rsv hosp,2026-09-19,29,quantile,0.7,1
2026-09-26,-1,wk inc rsv hosp,2026-09-19,29,quantile,0.75,1
2026-09-26,-1,wk inc rsv hosp,2026-09-19,29,quantile,0.8,1
2026-09-26,-1,wk inc rsv hosp,2026-09-19,29,quantile,0.85,1
2026-09-26,-1,wk inc rsv hosp,2026-09-19,29,quantile,0.9,1
2026-09-26,-1,wk inc rsv hosp,2026-09-19,29,quantile,0.95,1
2026-09-26,-1,wk inc rsv hosp,2026-09-19,29,quantile,0.975,1
2026-09-26,-1,wk inc rsv hosp,2026-09-19,29,quantile,0.99,1
2026-09-26,-1,wk inc rsv hosp,2026-09-19,30,quantile,0.01,0
2026-09-26,-1,wk inc rsv hosp,2026-09-19,30,quantile,0.025,0
2026-09-26,-1,wk inc rsv hosp,2026-09-19,30,quantile,0.05,0
2026-09-26,-1,wk inc rsv hosp,2026-09-19,30,quantile,0.1,0
2026-09-26,-1,wk inc rsv hosp,2026-09-19,30,quantile,0.15,0
2026-09-26,-1,wk inc rsv hosp,2026-09-19,30,quantile,0.2,0
2026-09-26,-1,wk inc rsv hosp,2026-09-19,30,quantile,0.25,0
2026-09-26,-1,wk inc rsv hosp,2026-09-19,30,quantile,0.3,0
2026-09-26,-1,wk inc rsv hosp,2026-09-19,30,quantile,0.35,0
2026-09-26,-1,wk inc rsv hosp,2026-09-19,30,quantile,0.4,0
2026-09-26,-1,wk inc rsv hosp,2026-09-19,30,quantile,0.45,0
2026-09-26,-1,wk inc rsv hosp,2026-09-19,30,quantile,0.5,0
2026-09-26,-1,wk inc rsv hosp,2026-09-19,30,quantile,0.55,0
2026-09-26,-1,wk inc rsv hosp,2026-09-19,30,quantile,0.6,0
2026-09-26,-1,wk inc rsv hosp,2026-09-19,30,quantile,0.65,0
2026-09-26,-1,wk inc rsv hosp,2026-09-19,30,quantile,0.7,0
2026-09-26,-1,wk inc rsv hosp,2026-09-19,30,quantile,0.75,0
2026-09-26,-1,wk inc rsv hosp,2026-09-19,30,quantile,0.8,0
2026-09-26,-1,wk inc rsv hosp,2026-09-19,30,quantile,0.85,0
2026-09-26,-1,wk inc rsv hosp,2026-09-19,30,quantile,0.9,0
2026-09-26,-1,wk inc rsv hosp,2026-09-19,30,quantile,0.95,0
2026-09-26,-1,wk inc rsv hosp,2026-09-19,30,quantile,0.975,0
2026-09-26,-1,wk inc rsv hosp,2026-09-19,30,quantile,0.99,0
2026-09-26,-1,wk inc rsv hosp,2026-09-19,31,quantile,0.01,2
2026-09-26,-1,wk inc rsv hosp,2026-09-19,31,quantile,0.025,2
2026-09-26,-1,wk inc rsv hosp,2026-09-19,31,quantile,0.05,2
2026-09-26,-1,wk inc rsv hosp,2026-09-19,31,quantile,0.1,2
2026-09-26,-1,wk inc rsv hosp,2026-09-19,31,quantile,0.15,2
2026-09-26,-1,wk inc rsv hosp,2026-09-19,31,quantile,0.2,2
2026-09-26,-1,wk inc rsv hosp,2026-09-19,31,quantile,0.25,2
2026-09-26,-1,wk inc rsv hosp,2026-09-19,31,quantile,0.3,2
2026-09-26,-1,wk inc rsv hosp,2026-09-19,31,quantile,0.35,2
2026-09-26,-1,wk inc rsv hosp,2026-09-19,31,quantile,0.4,2
2026-09-26,-1,wk inc rsv hosp,2026-09-19,31,quantile,0.45,2
2026-09-26,-1,wk inc rsv hosp,2026-09-19,31,quantile,0.5,2
2026-09-26,-1,wk inc rsv hosp,2026-09-19,31,quantile,0.55,2
2026-09-26,-1,wk inc rsv hosp,2026-09-19,31,quantile,0.6,2
2026-09-26,-1,wk inc rsv hosp,2026-09-19,31,quantile,0.65,2
2026-09-26,-1,wk inc rsv hosp,2026-09-19,31,quantile,0.7,2
2026-09-26,-1,wk inc rsv hosp,2026-09-19,31,quantile,0.75,2
2026-09-26,-1,wk inc rsv hosp,2026-09-19,31,quantile,0.8,2
2026-09-26,-1,wk inc rsv hosp,2026-09-19,31,quantile,0.85,2
2026-09-26,-1,wk inc rsv hosp,2026-09-19,31,quantile,0.9,2
2026-09-26,-1,wk inc rsv hosp,2026-09-19,31,quantile,0.95,2
2026-09-26,-1,wk inc rsv hosp,2026-09-19,31,quantile,0.975,2
2026-09-26,-1,wk inc rsv hosp,2026-09-19,31,quantile,0.99,2
2026-09-26,-1,wk inc rsv hosp,2026-09-19,32,quantile,0.01,0
2026-09-26,-1,wk inc rsv hosp,2026-09-19,32,quantile,0.025,0
2026-09-26,-1,wk inc rsv hosp,2026-09-19,32,quantile,0.05,0
2026-09-26,-1,wk inc rsv hosp,2026-09-19,32,quantile,0.1,0
2026-09-26,-1,wk inc rsv hosp,2026-09-19,32,quantile,0.15,0
2026-09-26,-1,wk inc rsv hosp,2026-09-19,32,quantile,0.2,0
2026-09-26,-1,wk inc rsv hosp,2026-09-19,32,quantile,0.25,0
2026-09-26,-1,wk inc rsv hosp,2026-09-19,32,quantile,0.3,0
2026-09-26,-1,wk inc rsv hosp,2026-09-19,32,quantile,0.35,0
2026-09-26,-1,wk inc rsv hosp,2026-09-19,32,quantile,0.4,0
2026-09-26,-1,wk inc rsv hosp,2026-09-19,32,quantile,0.45,0
2026-09-26,-1,wk inc rsv hosp,2026-09-19,32,quantile,0.5,0
2026-09-26,-1,wk inc rsv hosp,2026-09-19,32,quantile,0.55,0
2026-09-26,-1,wk inc rsv hosp,2026-09-19,32,quantile,0.6,0
2026-09-26,-1,wk inc rsv hosp,2026-09-19,32,quantile,0.65,0
2026-09-26,-1,wk inc rsv hosp,2026-09-19,32,quantile,0.7,0
2026-09-26,-1,wk inc rsv hosp,2026-09-19,32,quantile,0.75,0
2026-09-26,-1,wk inc rsv hosp,2026-09-19,32,quantile,0.8,0
2026-09-26,-1,wk inc rsv hosp,2026-09-19,32,quantile,0.85,0
2026-09-26,-1,wk inc rsv hosp,2026-09-19,32,quantile,0.9,0
2026-09-26,-1,wk inc rsv hosp,2026-09-19,32,quantile,0.95,0
2026-09-26,-1,wk inc rsv hosp,2026-09-19,32,quantile,0.975,0
2026-09-26,-1,wk inc rsv hosp,2026-09-19,32,quantile,0.99,0
2026-09-26,-1,wk inc rsv hosp,2026-09-19,33,quantile,0.01,0
2026-09-26,-1,wk inc rsv hosp,2026-09-19,33,quantile,0.025,0
2026-09-26,-1,wk inc rsv hosp,2026-09-19,33,quantile,0.05,0
2026-09-26,-1,wk inc rsv hosp,2026-09-19,33,quantile,0.1,0
2026-09-26,-1,wk inc rsv hosp,2026-09-19,33,quantile,0.15,0
2026-09-26,-1,wk inc rsv hosp,2026-09-19,33,quantile,0.2,0
2026-09-26,-1,wk inc rsv hosp,2026-09-19,33,quantile,0.25,0
2026-09-26,-1,wk inc rsv hosp,2026-09-19,33,quantile,0.3,0
2026-09-26,-1,wk inc rsv hosp,2026-09-19,33,quantile,0.35,0
2026-09-26,-1,wk inc rsv hosp,2026-09-19,33,quantile,0.4,0
2026-09-26,-1,wk inc rsv hosp,2026-09-19,33,quantile,0.45,0
2026-09-26,-1,wk inc rsv hosp,2026-09-19,33,quantile,0.5,0
2026-09-26,-1,wk inc rsv hosp,2026-09-19,33,quantile,0.55,0
2026-09-26,-1,wk inc rsv hosp,2026-09-19,33,quantile,0.6,0
2026-09-26,-1,wk inc rsv hosp,2026-09-19,33,quantile,0.65,0
2026-09-26,-1,wk inc rsv hosp,2026-09-19,33,quantile,0.7,0
2026-09-26,-1,wk inc rsv hosp,2026-09-19,33,quantile,0.75,0
2026-09-26,-1,wk inc rsv hosp,2026-09-19,33,quantile,0.8,0
2026-09-26,-1,wk inc rsv hosp,2026-09-19,33,quantile,0.85,0
2026-09-26,-1,wk inc rsv hosp,2026-09-19,33,quantile,0.9,0
2026-09-26,-1,wk inc rsv hosp,2026-09-19,33,quantile,0.95,0
2026-09-26,-1,wk inc rsv hosp,2026-09-19,33,quantile,0.975,0
2026-09-26,-1,wk inc rsv hosp,2026-09-19,33,quantile,0.99,0
2026-09-26,-1,wk inc rsv hosp,2026-09-19,34,quantile,0.01,7
2026-09-26,-1,wk inc rsv hosp,2026-09-19,34,quantile,0.025,7
2026-09-26,-1,wk inc rsv hosp,2026-09-19,34,quantile,0.05,7
2026-09-26,-1,wk inc rsv hosp,2026-09-19,34,quantile,0.1,7
2026-09-26,-1,wk inc rsv hosp,2026-09-19,34,quantile,0.15,7
2026-09-26,-1,wk inc rsv hosp,2026-09-19,34,quantile,0.2,7
2026-09-26,-1,wk inc rsv hosp,2026-09-19,34,quantile,0.25,7
2026-09-26,-1,wk inc rsv hosp,2026-09-19,34,quantile,0.3,7
2026-09-26,-1,wk inc rsv hosp,2026-09-19,34,quantile,0.35,7
2026-09-26,-1,wk inc rsv hosp,2026-09-19,34,quantile,0.4,7
2026-09-26,-1,wk inc rsv hosp,2026-09-19,34,quantile,0.45,7
2026-09-26,-1,wk inc rsv hosp,2026-09-19,34,quantile,0.5,7
2026-09-26,-1,wk inc rsv hosp,2026-09-19,34,quantile,0.55,7
2026-09-26,-1,wk inc rsv hosp,2026-09-19,34,quantile,0.6,7
2026-09-26,-1,wk inc rsv hosp,2026-09-19,34,quantile,0.65,7
2026-09-26,-1,wk inc rsv hosp,2026-09-19,34,quantile,0.7,7
2026-09-26,-1,wk inc rsv hosp,2026-09-19,34,quantile,0.75,7
2026-09-26,-1,wk inc rsv hosp,2026-09-19,34,quantile,0.8,7
2026-09-26,-1,wk inc rsv hosp,2026-09-19,34,quantile,0.85,7
2026-09-26,-1,wk inc rsv hosp,2026-09-19,34,quantile,0.9,7
2026-09-26,-1,wk inc rsv hosp,2026-09-19,34,quantile,0.95,7
2026-09-26,-1,wk inc rsv hosp,2026-09-19,34,quantile,0.975,7
2026-09-26,-1,wk inc rsv hosp,2026-09-19,34,quantile,0.99,7
2026-09-26,-1,wk inc rsv hosp,2026-09-19,35,quantile,0.01,0
2026-09-26,-1,wk inc rsv hosp,2026-09-19,35,quantile,0.025,0
2026-09-26,-1,wk inc rsv hosp,2026-09-19,35,quantile,0.05,0
2026-09-26,-1,wk inc rsv hosp,2026-09-19,35,quantile,0.1,0
2026-09-26,-1,wk inc rsv hosp,2026-09-19,35,quantile,0.15,0
2026-09-26,-1,wk inc rsv hosp,2026-09-19,35,quantile,0.2,0
2026-09-26,-1,wk inc rsv hosp,2026-09-19,35,quantile,0.25,0
2026-09-26,-1,wk inc rsv hosp,2026-09-19,35,quantile,0.3,0
2026-09-26,-1,wk inc rsv hosp,2026-09-19,35,quantile,0.35,0
2026-09-26,-1,wk inc rsv hosp,2026-09-19,35,quantile,0.4,0
2026-09-26,-1,wk inc rsv hosp,2026-09-19,35,quantile,0.45,0
2026-09-26,-1,wk inc rsv hosp,2026-09-19,35,quantile,0.5,0
2026-09-26,-1,wk inc rsv hosp,2026-09-19,35,quantile,0.55,0
2026-09-26,-1,wk inc rsv hosp,2026-09-19,35,quantile,0.6,0
2026-09-26,-1,wk inc rsv hosp,2026-09-19,35,quantile,0.65,0
2026-09-26,-1,wk inc rsv hosp,2026-09-19,35,quantile,0.7,0
2026-09-26,-1,wk inc rsv hosp,2026-09-19,35,quantile,0.75,0
2026-09-26,-1,wk inc rsv hosp,2026-09-19,35,quantile,0.8,0
2026-09-26,-1,wk inc rsv hosp,2026-09-19,35,quantile,0.85,0
2026-09-26,-1,wk inc rsv hosp,2026-09-19,35,quantile,0.9,0
2026-09-26,-1,wk inc rsv hosp,2026-09-19,35,quantile,0.95,0
2026-09-26,-1,wk inc rsv hosp,2026-09-19,35,quantile,0.975,0
2026-09-26,-1,wk inc rsv hosp,2026-09-19,35,quantile,0.99,0
2026-09-26,-1,wk inc rsv hosp,2026-09-19,36,quantile,0.01,30
2026-09-26,-1,wk inc rsv hosp,2026-09-19,36,quantile,0.025,30
2026-09-26,-1,wk inc rsv hosp,2026-09-19,36,quantile,0.05,30
2026-09-26,-1,wk inc rsv hosp,2026-09-19,36,quantile,0.1,30
2026-09-26,-1,wk inc rsv hosp,2026-09-19,36,quantile,0.15,30
2026-09-26,-1,wk inc rsv hosp,2026-09-19,36,quantile,0.2,30
2026-09-26,-1,wk inc rsv hosp,2026-09-19,36,quantile,0.25,30
2026-09-26,-1,wk inc rsv hosp,2026-09-19,36,quantile,0.3,30
2026-09-26,-1,wk inc rsv hosp,2026-09-19,36,quantile,0.35,30
2026-09-26,-1,wk inc rsv hosp,2026-09-19,36,quantile,0.4,30
2026-09-26,-1,wk inc rsv hosp,2026-09-19,36,quantile,0.45,30
2026-09-26,-1,wk inc rsv hosp,2026-09-19,36,quantile,0.5,30
2026-09-26,-1,wk inc rsv hosp,2026-09-19,36,quantile,0.55,30
2026-09-26,-1,wk inc rsv hosp,2026-09-19,36,quantile,0.6,30
2026-09-26,-1,wk inc rsv hosp,2026-09-19,36,quantile,0.65,30
2026-09-26,-1,wk inc rsv hosp,2026-09-19,36,quantile,0.7,30
2026-09-26,-1,wk inc rsv hosp,2026-09-19,36,quantile,0.75,30
2026-09-26,-1,wk inc rsv hosp,2026-09-19,36,quantile,0.8,30
2026-09-26,-1,wk inc rsv hosp,2026-09-19,36,quantile,0.85,30
2026-09-26,-1,wk inc rsv hosp,2026-09-19,36,quantile,0.9,30
2026-09-26,-1,wk inc rsv hosp,2026-09-19,36,quantile,0.95,30
2026-09-26,-1,wk inc rsv hosp,2026-09-19,36,quantile,0.975,30
2026-09-26,-1,wk inc rsv hosp,2026-09-19,36,quantile,0.99,30
2026-09-26,-1,wk inc rsv hosp,2026-09-19,37,quantile,0.01,6
2026-09-26,-1,wk inc rsv hosp,2026-09-19,37,quantile,0.025,6
2026-09-26,-1,wk inc rsv hosp,2026-09-19,37,quantile,0.05,6
2026-09-26,-1,wk inc rsv hosp,2026-09-19,37,quantile,0.1,6
2026-09-26,-1,wk inc rsv hosp,2026-09-19,37,quantile,0.15,6
2026-09-26,-1,wk inc rsv hosp,2026-09-19,37,quantile,0.2,6
2026-09-26,-1,wk inc rsv hosp,2026-09-19,37,quantile,0.25,6
2026-09-26,-1,wk inc rsv hosp,2026-09-19,37,quantile,0.3,6
2026-09-26,-1,wk inc rsv hosp,2026-09-19,37,quantile,0.35,6
2026-09-26,-1,wk inc rsv hosp,2026-09-19,37,quantile,0.4,6
2026-09-26,-1,wk inc rsv hosp,2026-09-19,37,quantile,0.45,6
2026-09-26,-1,wk inc rsv hosp,2026-09-19,37,quantile,0.5,6
2026-09-26,-1,wk inc rsv hosp,2026-09-19,37,quantile,0.55,6
2026-09-26,-1,wk inc rsv hosp,2026-09-19,37,quantile,0.6,6
2026-09-26,-1,wk inc rsv hosp,2026-09-19,37,quantile,0.65,6
2026-09-26,-1,wk inc rsv hosp,2026-09-19,37,quantile,0.7,6
2026-09-26,-1,wk inc rsv hosp,2026-09-19,37,quantile,0.75,6
2026-09-26,-1,wk inc rsv hosp,2026-09-19,37,quantile,0.8,6
2026-09-26,-1,wk inc rsv hosp,2026-09-19,37,quantile,0.85,6
2026-09-26,-1,wk inc rsv hosp,2026-09-19,37,quantile,0.9,6
2026-09-26,-1,wk inc rsv hosp,2026-09-19,37,quantile,0.95,6
2026-09-26,-1,wk inc rsv hosp,2026-09-19,37,quantile,0.975,6
2026-09-26,-1,wk inc rsv hosp,2026-09-19,37,quantile,0.99,6
2026-09-26,-1,wk inc rsv hosp,2026-09-19,38,quantile,0.01,0
2026-09-26,-1,wk inc rsv hosp,2026-09-19,38,quantile,0.025,0
2026-09-26,-1,wk inc rsv hosp,2026-09-19,38,quantile,0.05,0
2026-09-26,-1,wk inc rsv hosp,2026-09-19,38,quantile,0.1,0
2026-09-26,-1,wk inc rsv hosp,2026-09-19,38,quantile,0.15,0
2026-09-26,-1,wk inc rsv hosp,2026-09-19,38,quantile,0.2,0
2026-09-26,-1,wk inc rsv hosp,2026-09-19,38,quantile,0.25,0
2026-09-26,-1,wk inc rsv hosp,2026-09-19,38,quantile,0.3,0
2026-09-26,-1,wk inc rsv hosp,2026-09-19,38,quantile,0.35,0
2026-09-26,-1,wk inc rsv hosp,2026-09-19,38,quantile,0.4,0
2026-09-26,-1,wk inc rsv hosp,2026-09-19,38,quantile,0.45,0
2026-09-26,-1,wk inc rsv hosp,2026-09-19,38,quantile,0.5,0
2026-09-26,-1,wk inc rsv hosp,2026-09-19,38,quantile,0.55,0
2026-09-26,-1,wk inc rsv hosp,2026-09-19,38,quantile,0.6,0
2026-09-26,-1,wk inc rsv hosp,2026-09-19,38,quantile,0.65,0
2026-09-26,-1,wk inc rsv hosp,2026-09-19,38,quantile,0.7,0
2026-09-26,-1,wk inc rsv hosp,2026-09-19,38,quantile,0.75,0
2026-09-26,-1,wk inc rsv hosp,2026-09-19,38,quantile,0.8,0
2026-09-26,-1,wk inc rsv hosp,2026-09-19,38,quantile,0.85,0
2026-09-26,-1,wk inc rsv hosp,2026-09-19,38,quantile,0.9,0
2026-09-26,-1,wk inc rsv hosp,2026-09-19,38,quantile,0.95,0
2026-09-26,-1,wk inc rsv hosp,2026-09-19,38,quantile,0.975,0
2026-09-26,-1,wk inc rsv hosp,2026-09-19,38,quantile,0.99,0
2026-09-26,-1,wk inc rsv hosp,2026-09-19,39,quantile,0.01,5
2026-09-26,-1,wk inc rsv hosp,2026-09-19,39,quantile,0.025,5
2026-09-26,-1,wk inc rsv hosp,2026-09-19,39,quantile,0.05,5
2026-09-26,-1,wk inc rsv hosp,2026-09-19,39,quantile,0.1,5
2026-09-26,-1,wk inc rsv hosp,2026-09-19,39,quantile,0.15,5
2026-09-26,-1,wk inc rsv hosp,2026-09-19,39,quantile,0.2,5
2026-09-26,-1,wk inc rsv hosp,2026-09-19,39,quantile,0.25,5
2026-09-26,-1,wk inc rsv hosp,2026-09-19,39,quantile,0.3,5
2026-09-26,-1,wk inc rsv hosp,2026-09-19,39,quantile,0.35,5
2026-09-26,-1,wk inc rsv hosp,2026-09-19,39,quantile,0.4,5
2026-09-26,-1,wk inc rsv hosp,2026-09-19,39,quantile,0.45,5
2026-09-26,-1,wk inc rsv hosp,2026-09-19,39,quantile,0.5,5
2026-09-26,-1,wk inc rsv hosp,2026-09-19,39,quantile,0.55,5
2026-09-26,-1,wk inc rsv hosp,2026-09-19,39,quantile,0.6,5
2026-09-26,-1,wk inc rsv hosp,2026-09-19,39,quantile,0.65,5
2026-09-26,-1,wk inc rsv hosp,2026-09-19,39,quantile,0.7,5
2026-09-26,-1,wk inc rsv hosp,2026-09-19,39,quantile,0.75,5
2026-09-26,-1,wk inc rsv hosp,2026-09-19,39,quantile,0.8,5
2026-09-26,-1,wk inc rsv hosp,2026-09-19,39,quantile,0.85,5
2026-09-26,-1,wk inc rsv hosp,2026-09-19,39,quantile,0.9,5
2026-09-26,-1,wk inc rsv hosp,2026-09-19,39,quantile,0.95,5
2026-09-26,-1,wk inc rsv hosp,2026-09-19,39,quantile,0.975,5
2026-09-26,-1,wk inc rsv hosp,2026-09-19,39,quantile,0.99,5
2026-09-26,-1,wk inc rsv hosp,2026-09-19,40,quantile,0.01,2
2026-09-26,-1,wk inc rsv hosp,2026-09-19,40,quantile,0.025,2
2026-09-26,-1,wk inc rsv hosp,2026-09-19,40,quantile,0.05,2
2026-09-26,-1,wk inc rsv hosp,2026-09-19,40,quantile,0.1,2
2026-09-26,-1,wk inc rsv hosp,2026-09-19,40,quantile,0.15,2
2026-09-26,-1,wk inc rsv hosp,2026-09-19,40,quantile,0.2,2
2026-09-26,-1,wk inc rsv hosp,2026-09-19,40,quantile,0.25,2
2026-09-26,-1,wk inc rsv hosp,2026-09-19,40,quantile,0.3,2
2026-09-26,-1,wk inc rsv hosp,2026-09-19,40,quantile,0.35,2
2026-09-26,-1,wk inc rsv hosp,2026-09-19,40,quantile,0.4,2
2026-09-26,-1,wk inc rsv hosp,2026-09-19,40,quantile,0.45,2
2026-09-26,-1,wk inc rsv hosp,2026-09-19,40,quantile,0.5,2
2026-09-26,-1,wk inc rsv hosp,2026-09-19,40,quantile,0.55,2
2026-09-26,-1,wk inc rsv hosp,2026-09-19,40,quantile,0.6,2
2026-09-26,-1,wk inc rsv hosp,2026-09-19,40,quantile,0.65,2
2026-09-26,-1,wk inc rsv hosp,2026-09-19,40,quantile,0.7,2
2026-09-26,-1,wk inc rsv hosp,2026-09-19,40,quantile,0.75,2
2026-09-26,-1,wk inc rsv hosp,2026-09-19,40,quantile,0.8,2
2026-09-26,-1,wk inc rsv hosp,2026-09-19,40,quantile,0.85,2
2026-09-26,-1,wk inc rsv hosp,2026-09-19,40,quantile,0.9,2
2026-09-26,-1,wk inc rsv hosp,2026-09-19,40,quantile,0.95,2
2026-09-26,-1,wk inc rsv hosp,2026-09-19,40,quantile,0.975,2
2026-09-26,-1,wk inc rsv hosp,2026-09-19,40,quantile,0.99,2
2026-09-26,-1,wk inc rsv hosp,2026-09-19,41,quantile,0.01,1
2026-09-26,-1,wk inc rsv hosp,2026-09-19,41,quantile,0.025,1
2026-09-26,-1,wk inc rsv hosp,2026-09-19,41,quantile,0.05,1
2026-09-26,-1,wk inc rsv hosp,2026-09-19,41,quantile,0.1,1
2026-09-26,-1,wk inc rsv hosp,2026-09-19,41,quantile,0.15,1
2026-09-26,-1,wk inc rsv hosp,2026-09-19,41,quantile,0.2,1
2026-09-26,-1,wk inc rsv hosp,2026-09-19,41,quantile,0.25,1
2026-09-26,-1,wk inc rsv hosp,2026-09-19,41,quantile,0.3,1
2026-09-26,-1,wk inc rsv hosp,2026-09-19,41,quantile,0.35,1
2026-09-26,-1,wk inc rsv hosp,2026-09-19,41,quantile,0.4,1
2026-09-26,-1,wk inc rsv hosp,2026-09-19,41,quantile,0.45,1
2026-09-26,-1,wk inc rsv hosp,2026-09-19,41,quantile,0.5,1
2026-09-26,-1,wk inc rsv hosp,2026-09-19,41,quantile,0.55,1
2026-09-26,-1,wk inc rsv hosp,2026-09-19,41,quantile,0.6,1
2026-09-26,-1,wk inc rsv hosp,2026-09-19,41,quantile,0.65,1
2026-09-26,-1,wk inc rsv hosp,2026-09-19,41,quantile,0.7,1
2026-09-26,-1,wk inc rsv hosp,2026-09-19,41,quantile,0.75,1
2026-09-26,-1,wk inc rsv hosp,2026-09-19,41,quantile,0.8,1
2026-09-26,-1,wk inc rsv hosp,2026-09-19,41,quantile,0.85,1
2026-09-26,-1,wk inc rsv hosp,2026-09-19,41,quantile,0.9,1
2026-09-26,-1,wk inc rsv hosp,2026-09-19,41,quantile,0.95,1
2026-09-26,-1,wk inc rsv hosp,2026-09-19,41,quantile,0.975,1
2026-09-26,-1,wk inc rsv hosp,2026-09-19,41,quantile,0.99,1
2026-09-26,-1,wk inc rsv hosp,2026-09-19,42,quantile,0.01,38
2026-09-26,-1,wk inc rsv hosp,2026-09-19,42,quantile,0.025,38
2026-09-26,-1,wk inc rsv hosp,2026-09-19,42,quantile,0.05,38
2026-09-26,-1,wk inc rsv hosp,2026-09-19,42,quantile,0.1,38
2026-09-26,-1,wk inc rsv hosp,2026-09-19,42,quantile,0.15,38
2026-09-26,-1,wk inc rsv hosp,2026-09-19,42,quantile,0.2,38
2026-09-26,-1,wk inc rsv hosp,2026-09-19,42,quantile,0.25,38
2026-09-26,-1,wk inc rsv hosp,2026-09-19,42,quantile,0.3,38
2026-09-26,-1,wk inc rsv hosp,2026-09-19,42,quantile,0.35,38
2026-09-26,-1,wk inc rsv hosp,2026-09-19,42,quantile,0.4,38
2026-09-26,-1,wk inc rsv hosp,2026-09-19,42,quantile,0.45,38
2026-09-26,-1,wk inc rsv hosp,2026-09-19,42,quantile,0.5,38
2026-09-26,-1,wk inc rsv hosp,2026-09-19,42,quantile,0.55,38
2026-09-26,-1,wk inc rsv hosp,2026-09-19,42,quantile,0.6,38
2026-09-26,-1,wk inc rsv hosp,2026-09-19,42,quantile,0.65,38
2026-09-26,-1,wk inc rsv hosp,2026-09-19,42,quantile,0.7,38
2026-09-26,-1,wk inc rsv hosp,2026-09-19,42,quantile,0.75,38
2026-09-26,-1,wk inc rsv hosp,2026-09-19,42,quantile,0.8,38
2026-09-26,-1,wk inc rsv hosp,2026-09-19,42,quantile,0.85,38
2026-09-26,-1,wk inc rsv hosp,2026-09-19,42,quantile,0.9,38
2026-09-26,-1,wk inc rsv hosp,2026-09-19,42,quantile,0.95,38
2026-09-26,-1,wk inc rsv hosp,2026-09-19,42,quantile,0.975,38
2026-09-26,-1,wk inc rsv hosp,2026-09-19,42,quantile,0.99,38
2026-09-26,-1,wk inc rsv hosp,2026-09-19,44,quantile,0.01,3
2026-09-26,-1,wk inc rsv hosp,2026-09-19,44,quantile,0.025,3
2026-09-26,-1,wk inc rsv hosp,2026-09-19,44,quantile,0.05,3
2026-09-26,-1,wk inc rsv hosp,2026-09-19,44,quantile,0.1,3
2026-09-26,-1,wk inc rsv hosp,2026-09-19,44,quantile,0.15,3
2026-09-26,-1,wk inc rsv hosp,2026-09-19,44,quantile,0.2,3
2026-09-26,-1,wk inc rsv hosp,2026-09-19,44,quantile,0.25,3
2026-09-26,-1,wk inc rsv hosp,2026-09-19,44,quantile,0.3,3
2026-09-26,-1,wk inc rsv hosp,2026-09-19,44,quantile,0.35,3
2026-09-26,-1,wk inc rsv hosp,2026-09-19,44,quantile,0.4,3
2026-09-26,-1,wk inc rsv hosp,2026-09-19,44,quantile,0.45,3
2026-09-26,-1,wk inc rsv hosp,2026-09-19,44,quantile,0.5,3
2026-09-26,-1,wk inc rsv hosp,2026-09-19,44,quantile,0.55,3
2026-09-26,-1,wk inc rsv hosp,2026-09-19,44,quantile,0.6,3
2026-09-26,-1,wk inc rsv hosp,2026-09-19,44,quantile,0.65,3
2026-09-26,-1,wk inc rsv hosp,2026-09-19,44,quantile,0.7,3
2026-09-26,-1,wk inc rsv hosp,2026-09-19,44,quantile,0.75,3
2026-09-26,-1,wk inc rsv hosp,2026-09-19,44,quantile,0.8,3
2026-09-26,-1,wk inc rsv hosp,2026-09-19,44,quantile,0.85,3
2026-09-26,-1,wk inc rsv hosp,2026-09-19,44,quantile,0.9,3
2026-09-26,-1,wk inc rsv hosp,2026-09-19,44,quantile,0.95,3
2026-09-26,-1,wk inc rsv hosp,2026-09-19,44,quantile,0.975,3
2026-09-26,-1,wk inc rsv hosp,2026-09-19,44,quantile,0.99,3
2026-09-26,-1,wk inc rsv hosp,2026-09-19,45,quantile,0.01,6
2026-09-26,-1,wk inc rsv hosp,2026-09-19,45,quantile,0.025,6
2026-09-26,-1,wk inc rsv hosp,2026-09-19,45,quantile,0.05,6
2026-09-26,-1,wk inc rsv hosp,2026-09-19,45,quantile,0.1,6
2026-09-26,-1,wk inc rsv hosp,2026-09-19,45,quantile,0.15,6
2026-09-26,-1,wk inc rsv hosp,2026-09-19,45,quantile,0.2,6
2026-09-26,-1,wk inc rsv hosp,2026-09-19,45,quantile,0.25,6
2026-09-26,-1,wk inc rsv hosp,2026-09-19,45,quantile,0.3,6
2026-09-26,-1,wk inc rsv hosp,2026-09-19,45,quantile,0.35,6
2026-09-26,-1,wk inc rsv hosp,2026-09-19,45,quantile,0.4,6
2026-09-26,-1,wk inc rsv hosp,2026-09-19,45,quantile,0.45,6
2026-09-26,-1,wk inc rsv hosp,2026-09-19,45,quantile,0.5,6
2026-09-26,-1,wk inc rsv hosp,2026-09-19,45,quantile,0.55,6
2026-09-26,-1,wk inc rsv hosp,2026-09-19,45,quantile,0.6,6
2026-09-26,-1,wk inc rsv hosp,2026-09-19,45,quantile,0.65,6
2026-09-26,-1,wk inc rsv hosp,2026-09-19,45,quantile,0.7,6
2026-09-26,-1,wk inc rsv hosp,2026-09-19,45,quantile,0.75,6
2026-09-26,-1,wk inc rsv hosp,2026-09-19,45,quantile,0.8,6
2026-09-26,-1,wk inc rsv hosp,2026-09-19,45,quantile,0.85,6
2026-09-26,-1,wk inc rsv hosp,2026-09-19,45,quantile,0.9,6
2026-09-26,-1,wk inc rsv hosp,2026-09-19,45,quantile,0.95,6
2026-09-26,-1,wk inc rsv hosp,2026-09-19,45,quantile,0.975,6
2026-09-26,-1,wk inc rsv hosp,2026-09-19,45,quantile,0.99,6
2026-09-26,-1,wk inc rsv hosp,2026-09-19,46,quantile,0.01,1
2026-09-26,-1,wk inc rsv hosp,2026-09-19,46,quantile,0.025,1
2026-09-26,-1,wk inc rsv hosp,2026-09-19,46,quantile,0.05,1
2026-09-26,-1,wk inc rsv hosp,2026-09-19,46,quantile,0.1,1
2026-09-26,-1,wk inc rsv hosp,2026-09-19,46,quantile,0.15,1
2026-09-26,-1,wk inc rsv hosp,2026-09-19,46,quantile,0.2,1
2026-09-26,-1,wk inc rsv hosp,2026-09-19,46,quantile,0.25,1
2026-09-26,-1,wk inc rsv hosp,2026-09-19,46,quantile,0.3,1
2026-09-26,-1,wk inc rsv hosp,2026-09-19,46,quantile,0.35,1
2026-09-26,-1,wk inc rsv hosp,2026-09-19,46,quantile,0.4,1
2026-09-26,-1,wk inc rsv hosp,2026-09-19,46,quantile,0.45,1
2026-09-26,-1,wk inc rsv hosp,2026-09-19,46,quantile,0.5,1
2026-09-26,-1,wk inc rsv hosp,2026-09-19,46,quantile,0.55,1
2026-09-26,-1,wk inc rsv hosp,2026-09-19,46,quantile,0.6,1
2026-09-26,-1,wk inc rsv hosp,2026-09-19,46,quantile,0.65,1
2026-09-26,-1,wk inc rsv hosp,2026-09-19,46,quantile,0.7,1
2026-09-26,-1,wk inc rsv hosp,2026-09-19,46,quantile,0.75,1
2026-09-26,-1,wk inc rsv hosp,2026-09-19,46,quantile,0.8,1
2026-09-26,-1,wk inc rsv hosp,2026-09-19,46,quantile,0.85,1
2026-09-26,-1,wk inc rsv hosp,2026-09-19,46,quantile,0.9,1
2026-09-26,-1,wk inc rsv hosp,2026-09-19,46,quantile,0.95,1
2026-09-26,-1,wk inc rsv hosp,2026-09-19,46,quantile,0.975,1
2026-09-26,-1,wk inc rsv hosp,2026-09-19,46,quantile,0.99,1
2026-09-26,-1,wk inc rsv hosp,2026-09-19,47,quantile,0.01,4
2026-09-26,-1,wk inc rsv hosp,2026-09-19,47,quantile,0.025,4
2026-09-26,-1,wk inc rsv hosp,2026-09-19,47,quantile,0.05,4
2026-09-26,-1,wk inc rsv hosp,2026-09-19,47,quantile,0.1,4
2026-09-26,-1,wk inc rsv hosp,2026-09-19,47,quantile,0.15,4
2026-09-26,-1,wk inc rsv hosp,2026-09-19,47,quantile,0.2,4
2026-09-26,-1,wk inc rsv hosp,2026-09-19,47,quantile,0.25,4
2026-09-26,-1,wk inc rsv hosp,2026-09-19,47,quantile,0.3,4
2026-09-26,-1,wk inc rsv hosp,2026-09-19,47,quantile,0.35,4
2026-09-26,-1,wk inc rsv hosp,2026-09-19,47,quantile,0.4,4
2026-09-26,-1,wk inc rsv hosp,2026-09-19,47,quantile,0.45,4
2026-09-26,-1,wk inc rsv hosp,2026-09-19,47,quantile,0.5,4
2026-09-26,-1,wk inc rsv hosp,2026-09-19,47,quantile,0.55,4
2026-09-26,-1,wk inc rsv hosp,2026-09-19,47,quantile,0.6,4
2026-09-26,-1,wk inc rsv hosp,2026-09-19,47,quantile,0.65,4
2026-09-26,-1,wk inc rsv hosp,2026-09-19,47,quantile,0.7,4
2026-09-26,-1,wk inc rsv hosp,2026-09-19,47,quantile,0.75,4
2026-09-26,-1,wk inc rsv hosp,2026-09-19,47,quantile,0.8,4
2026-09-26,-1,wk inc rsv hosp,2026-09-19,47,quantile,0.85,4
2026-09-26,-1,wk inc rsv hosp,2026-09-19,47,quantile,0.9,4
2026-09-26,-1,wk inc rsv hosp,2026-09-19,47,quantile,0.95,4
2026-09-26,-1,wk inc rsv hosp,2026-09-19,47,quantile,0.975,4
2026-09-26,-1,wk inc rsv hosp,2026-09-19,47,quantile,0.99,4
2026-09-26,-1,wk inc rsv hosp,2026-09-19,48,quantile,0.01,44
2026-09-26,-1,wk inc rsv hosp,2026-09-19,48,quantile,0.025,44
2026-09-26,-1,wk inc rsv hosp,2026-09-19,48,quantile,0.05,44
2026-09-26,-1,wk inc rsv hosp,2026-09-19,48,quantile,0.1,44
2026-09-26,-1,wk inc rsv hosp,2026-09-19,48,quantile,0.15,44
2026-09-26,-1,wk inc rsv hosp,2026-09-19,48,quantile,0.2,44
2026-09-26,-1,wk inc rsv hosp,2026-09-19,48,quantile,0.25,44
2026-09-26,-1,wk inc rsv hosp,2026-09-19,48,quantile,0.3,44
2026-09-26,-1,wk inc rsv hosp,2026-09-19,48,quantile,0.35,44
2026-09-26,-1,wk inc rsv hosp,2026-09-19,48,quantile,0.4,44
2026-09-26,-1,wk inc rsv hosp,2026-09-19,48,quantile,0.45,44
2026-09-26,-1,wk inc rsv hosp,2026-09-19,48,quantile,0.5,44
2026-09-26,-1,wk inc rsv hosp,2026-09-19,48,quantile,0.55,44
2026-09-26,-1,wk inc rsv hosp,2026-09-19,48,quantile,0.6,44
2026-09-26,-1,wk inc rsv hosp,2026-09-19,48,quantile,0.65,44
2026-09-26,-1,wk inc rsv hosp,2026-09-19,48,quantile,0.7,44
2026-09-26,-1,wk inc rsv hosp,2026-09-19,48,quantile,0.75,44
2026-09-26,-1,wk inc rsv hosp,2026-09-19,48,quantile,0.8,44
2026-09-26,-1,wk inc rsv hosp,2026-09-19,48,quantile,0.85,44
2026-09-26,-1,wk inc rsv hosp,2026-09-19,48,quantile,0.9,44
2026-09-26,-1,wk inc rsv hosp,2026-09-19,48,quantile,0.95,44
2026-09-26,-1,wk inc rsv hosp,2026-09-19,48,quantile,0.975,44
2026-09-26,-1,wk inc rsv hosp,2026-09-19,48,quantile,0.99,44
2026-09-26,-1,wk inc rsv hosp,2026-09-19,49,quantile,0.01,1
2026-09-26,-1,wk inc rsv hosp,2026-09-19,49,quantile,0.025,1
2026-09-26,-1,wk inc rsv hosp,2026-09-19,49,quantile,0.05,1
2026-09-26,-1,wk inc rsv hosp,2026-09-19,49,quantile,0.1,1
2026-09-26,-1,wk inc rsv hosp,2026-09-19,49,quantile,0.15,1
2026-09-26,-1,wk inc rsv hosp,2026-09-19,49,quantile,0.2,1
2026-09-26,-1,wk inc rsv hosp,2026-09-19,49,quantile,0.25,1
2026-09-26,-1,wk inc rsv hosp,2026-09-19,49,quantile,0.3,1
2026-09-26,-1,wk inc rsv hosp,2026-09-19,49,quantile,0.35,1
2026-09-26,-1,wk inc rsv hosp,2026-09-19,49,quantile,0.4,1
2026-09-26,-1,wk inc rsv hosp,2026-09-19,49,quantile,0.45,1
2026-09-26,-1,wk inc rsv hosp,2026-09-19,49,quantile,0.5,1
2026-09-26,-1,wk inc rsv hosp,2026-09-19,49,quantile,0.55,1
2026-09-26,-1,wk inc rsv hosp,2026-09-19,49,quantile,0.6,1
2026-09-26,-1,wk inc rsv hosp,2026-09-19,49,quantile,0.65,1
2026-09-26,-1,wk inc rsv hosp,2026-09-19,49,quantile,0.7,1
2026-09-26,-1,wk inc rsv hosp,2026-09-19,49,quantile,0.75,1
2026-09-26,-1,wk inc rsv hosp,2026-09-19,49,quantile,0.8,1
2026-09-26,-1,wk inc rsv hosp,2026-09-19,49,quantile,0.85,1
2026-09-26,-1,wk inc rsv hosp,2026-09-19,49,quantile,0.9,1
2026-09-26,-1,wk inc rsv hosp,2026-09-19,49,quantile,0.95,1
2026-09-26,-1,wk inc rsv hosp,2026-09-19,49,quantile,0.975,1
2026-09-26,-1,wk inc rsv hosp,2026-09-19,49,quantile,0.99,1
2026-09-26,-1,wk inc rsv hosp,2026-09-19,50,quantile,0.01,1
2026-09-26,-1,wk inc rsv hosp,2026-09-19,50,quantile,0.025,1
2026-09-26,-1,wk inc rsv hosp,2026-09-19,50,quantile,0.05,1
2026-09-26,-1,wk inc rsv hosp,2026-09-19,50,quantile,0.1,1
2026-09-26,-1,wk inc rsv hosp,2026-09-19,50,quantile,0.15,1
2026-09-26,-1,wk inc rsv hosp,2026-09-19,50,quantile,0.2,1
2026-09-26,-1,wk inc rsv hosp,2026-09-19,50,quantile,0.25,1
2026-09-26,-1,wk inc rsv hosp,2026-09-19,50,quantile,0.3,1
2026-09-26,-1,wk inc rsv hosp,2026-09-19,50,quantile,0.35,1
2026-09-26,-1,wk inc rsv hosp,2026-09-19,50,quantile,0.4,1
2026-09-26,-1,wk inc rsv hosp,2026-09-19,50,quantile,0.45,1
2026-09-26,-1,wk inc rsv hosp,2026-09-19,50,quantile,0.5,1
2026-09-26,-1,wk inc rsv hosp,2026-09-19,50,quantile,0.55,1
2026-09-26,-1,wk inc rsv hosp,2026-09-19,50,quantile,0.6,1
2026-09-26,-1,wk inc rsv hosp,2026-09-19,50,quantile,0.65,1
2026-09-26,-1,wk inc rsv hosp,2026-09-19,50,quantile,0.7,1
2026-09-26,-1,wk inc rsv hosp,2026-09-19,50,quantile,0.75,1
2026-09-26,-1,wk inc rsv hosp,2026-09-19,50,quantile,0.8,1
2026-09-26,-1,wk inc rsv hosp,2026-09-19,50,quantile,0.85,1
2026-09-26,-1,wk inc rsv hosp,2026-09-19,50,quantile,0.9,1
2026-09-26,-1,wk inc rsv hosp,2026-09-19,50,quantile,0.95,1
2026-09-26,-1,wk inc rsv hosp,2026-09-19,50,quantile,0.975,1
2026-09-26,-1,wk inc rsv hosp,2026-09-19,50,quantile,0.99,1
2026-09-26,-1,wk inc rsv hosp,2026-09-19,51,quantile,0.01,5
2026-09-26,-1,wk inc rsv hosp,2026-09-19,51,quantile,0.025,5
2026-09-26,-1,wk inc rsv hosp,2026-09-19,51,quantile,0.05,5
2026-09-26,-1,wk inc rsv hosp,2026-09-19,51,quantile,0.1,5
2026-09-26,-1,wk inc rsv hosp,2026-09-19,51,quantile,0.15,5
2026-09-26,-1,wk inc rsv hosp,2026-09-19,51,quantile,0.2,5
2026-09-26,-1,wk inc rsv hosp,2026-09-19,51,quantile,0.25,5
2026-09-26,-1,wk inc rsv hosp,2026-09-19,51,quantile,0.3,5
2026-09-26,-1,wk inc rsv hosp,2026-09-19,51,quantile,0.35,5
2026-09-26,-1,wk inc rsv hosp,2026-09-19,51,quantile,0.4,5
2026-09-26,-1,wk inc rsv hosp,2026-09-19,51,quantile,0.45,5
2026-09-26,-1,wk inc rsv hosp,2026-09-19,51,quantile,0.5,5
2026-09-26,-1,wk inc rsv hosp,2026-09-19,51,quantile,0.55,5
2026-09-26,-1,wk inc rsv hosp,2026-09-19,51,quantile,0.6,5
2026-09-26,-1,wk inc rsv hosp,2026-09-19,51,quantile,0.65,5
2026-09-26,-1,wk inc rsv hosp,2026-09-19,51,quantile,0.7,5
2026-09-26,-1,wk inc rsv hosp,2026-09-19,51,quantile,0.75,5
2026-09-26,-1,wk inc rsv hosp,2026-09-19,51,quantile,0.8,5
2026-09-26,-1,wk inc rsv hosp,2026-09-19,51,quantile,0.85,5
2026-09-26,-1,wk inc rsv hosp,2026-09-19,51,quantile,0.9,5
2026-09-26,-1,wk inc rsv hosp,2026-09-19,51,quantile,0.95,5
2026-09-26,-1,wk inc rsv hosp,2026-09-19,51,quantile,0.975,5
2026-09-26,-1,wk inc rsv hosp,2026-09-19,51,quantile,0.99,5
2026-09-26,-1,wk inc rsv hosp,2026-09-19,53,quantile,0.01,1
2026-09-26,-1,wk inc rsv hosp,2026-09-19,53,quantile,0.025,1
2026-09-26,-1,wk inc rsv hosp,2026-09-19,53,quantile,0.05,1
2026-09-26,-1,wk inc rsv hosp,2026-09-19,53,quantile,0.1,1
2026-09-26,-1,wk inc rsv hosp,2026-09-19,53,quantile,0.15,1
2026-09-26,-1,wk inc rsv hosp,2026-09-19,53,quantile,0.2,1
2026-09-26,-1,wk inc rsv hosp,2026-09-19,53,quantile,0.25,1
2026-09-26,-1,wk inc rsv hosp,2026-09-19,53,quantile,0.3,1
2026-09-26,-1,wk inc rsv hosp,2026-09-19,53,quantile,0.35,1
2026-09-26,-1,wk inc rsv hosp,2026-09-19,53,quantile,0.4,1
2026-09-26,-1,wk inc rsv hosp,2026-09-19,53,quantile,0.45,1
2026-09-26,-1,wk inc rsv hosp,2026-09-19,53,quantile,0.5,1
2026-09-26,-1,wk inc rsv hosp,2026-09-19,53,quantile,0.55,1
2026-09-26,-1,wk inc rsv hosp,2026-09-19,53,quantile,0.6,1
2026-09-26,-1,wk inc rsv hosp,2026-09-19,53,quantile,0.65,1
2026-09-26,-1,wk inc rsv hosp,2026-09-19,53,quantile,0.7,1
2026-09-26,-1,wk inc rsv hosp,2026-09-19,53,quantile,0.75,1
2026-09-26,-1,wk inc rsv hosp,2026-09-19,53,quantile,0.8,1
2026-09-26,-1,wk inc rsv hosp,2026-09-19,53,quantile,0.85,1
2026-09-26,-1,wk inc rsv hosp,2026-09-19,53,quantile,0.9,1
2026-09-26,-1,wk inc rsv hosp,2026-09-19,53,quantile,0.95,1
2026-09-26,-1,wk inc rsv hosp,2026-09-19,53,quantile,0.975,1
2026-09-26,-1,wk inc rsv hosp,2026-09-19,53,quantile,0.99,1
2026-09-26,-1,wk inc rsv hosp,2026-09-19,54,quantile,0.01,2
2026-09-26,-1,wk inc rsv hosp,2026-09-19,54,quantile,0.025,2
2026-09-26,-1,wk inc rsv hosp,2026-09-19,54,quantile,0.05,2
2026-09-26,-1,wk inc rsv hosp,2026-09-19,54,quantile,0.1,2
2026-09-26,-1,wk inc rsv hosp,2026-09-19,54,quantile,0.15,2
2026-09-26,-1,wk inc rsv hosp,2026-09-19,54,quantile,0.2,2
2026-09-26,-1,wk inc rsv hosp,2026-09-19,54,quantile,0.25,2
2026-09-26,-1,wk inc rsv hosp,2026-09-19,54,quantile,0.3,2
2026-09-26,-1,wk inc rsv hosp,2026-09-19,54,quantile,0.35,2
2026-09-26,-1,wk inc rsv hosp,2026-09-19,54,quantile,0.4,2
2026-09-26,-1,wk inc rsv hosp,2026-09-19,54,quantile,0.45,2
2026-09-26,-1,wk inc rsv hosp,2026-09-19,54,quantile,0.5,2
2026-09-26,-1,wk inc rsv hosp,2026-09-19,54,quantile,0.55,2
2026-09-26,-1,wk inc rsv hosp,2026-09-19,54,quantile,0.6,2
2026-09-26,-1,wk inc rsv hosp,2026-09-19,54,quantile,0.65,2
2026-09-26,-1,wk inc rsv hosp,2026-09-19,54,quantile,0.7,2
2026-09-26,-1,wk inc rsv hosp,2026-09-19,54,quantile,0.75,2
2026-09-26,-1,wk inc rsv hosp,2026-09-19,54,quantile,0.8,2
2026-09-26,-1,wk inc rsv hosp,2026-09-19,54,quantile,0.85,2
2026-09-26,-1,wk inc rsv hosp,2026-09-19,54,quantile,0.9,2
2026-09-26,-1,wk inc rsv hosp,2026-09-19,54,quantile,0.95,2
2026-09-26,-1,wk inc rsv hosp,2026-09-19,54,quantile,0.975,2
2026-09-26,-1,wk inc rsv hosp,2026-09-19,54,quantile,0.99,2
2026-09-26,-1,wk inc rsv hosp,2026-09-19,55,quantile,0.01,0
2026-09-26,-1,wk inc rsv hosp,2026-09-19,55,quantile,0.025,0
2026-09-26,-1,wk inc rsv hosp,2026-09-19,55,quantile,0.05,0
2026-09-26,-1,wk inc rsv hosp,2026-09-19,55,quantile,0.1,0
2026-09-26,-1,wk inc rsv hosp,2026-09-19,55,quantile,0.15,0
2026-09-26,-1,wk inc rsv hosp,2026-09-19,55,quantile,0.2,0
2026-09-26,-1,wk inc rsv hosp,2026-09-19,55,quantile,0.25,0
2026-09-26,-1,wk inc rsv hosp,2026-09-19,55,quantile,0.3,0
2026-09-26,-1,wk inc rsv hosp,2026-09-19,55,quantile,0.35,0
2026-09-26,-1,wk inc rsv hosp,2026-09-19,55,quantile,0.4,0
2026-09-26,-1,wk inc rsv hosp,2026-09-19,55,quantile,0.45,0
2026-09-26,-1,wk inc rsv hosp,2026-09-19,55,quantile,0.5,0
2026-09-26,-1,wk inc rsv hosp,2026-09-19,55,quantile,0.55,0
2026-09-26,-1,wk inc rsv hosp,2026-09-19,55,quantile,0.6,0
2026-09-26,-1,wk inc rsv hosp,2026-09-19,55,quantile,0.65,0
2026-09-26,-1,wk inc rsv hosp,2026-09-19,55,quantile,0.7,0
2026-09-26,-1,wk inc rsv hosp,2026-09-19,55,quantile,0.75,0
2026-09-26,-1,wk inc rsv hosp,2026-09-19,55,quantile,0.8,0
2026-09-26,-1,wk inc rsv hosp,2026-09-19,55,quantile,0.85,0
2026-09-26,-1,wk inc rsv hosp,2026-09-19,55,quantile,0.9,0
2026-09-26,-1,wk inc rsv hosp,2026-09-19,55,quantile,0.95,0
2026-09-26,-1,wk inc rsv hosp,2026-09-19,55,quantile,0.975,0
2026-09-26,-1,wk inc rsv hosp,2026-09-19,55,quantile,0.99,0
2026-09-26,-1,wk inc rsv hosp,2026-09-19,56,quantile,0.01,0
2026-09-26,-1,wk inc rsv hosp,2026-09-19,56,quantile,0.025,0
2026-09-26,-1,wk inc rsv hosp,2026-09-19,56,quantile,0.05,0
2026-09-26,-1,wk inc rsv hosp,2026-09-19,56,quantile,0.1,0
2026-09-26,-1,wk inc rsv hosp,2026-09-19,56,quantile,0.15,0
2026-09-26,-1,wk inc rsv hosp,2026-09-19,56,quantile,0.2,0
2026-09-26,-1,wk inc rsv hosp,2026-09-19,56,quantile,0.25,0
2026-09-26,-1,wk inc rsv hosp,2026-09-19,56,quantile,0.3,0
2026-09-26,-1,wk inc rsv hosp,2026-09-19,56,quantile,0.35,0
2026-09-26,-1,wk inc rsv hosp,2026-09-19,56,quantile,0.4,0
2026-09-26,-1,wk inc rsv hosp,2026-09-19,56,quantile,0.45,0
2026-09-26,-1,wk inc rsv hosp,2026-09-19,56,quantile,0.5,0
2026-09-26,-1,wk inc rsv hosp,2026-09-19,56,quantile,0.55,0
2026-09-26,-1,wk inc rsv hosp,2026-09-19,56,quantile,0.6,0
2026-09-26,-1,wk inc rsv hosp,2026-09-19,56,quantile,0.65,0
2026-09-26,-1,wk inc rsv hosp,2026-09-19,56,quantile,0.7,0
2026-09-26,-1,wk inc rsv hosp,2026-09-19,56,quantile,0.75,0
2026-09-26,-1,wk inc rsv hosp,2026-09-19,56,quantile,0.8,0
2026-09-26,-1,wk inc rsv hosp,2026-09-19,56,quantile,0.85,0
2026-09-26,-1,wk inc rsv hosp,2026-09-19,56,quantile,0.9,0
2026-09-26,-1,wk inc rsv hosp,2026-09-19,56,quantile,0.95,0
2026-09-26,-1,wk inc rsv hosp,2026-09-19,56,quantile,0.975,0
2026-09-26,-1,wk inc rsv hosp,2026-09-19,56,quantile,0.99,0
2026-09-26,-1,wk inc rsv hosp,2026-09-19,72,quantile,0.01,2
2026-09-26,-1,wk inc rsv hosp,2026-09-19,72,quantile,0.025,2
2026-09-26,-1,wk inc rsv hosp,2026-09-19,72,quantile,0.05,2
2026-09-26,-1,wk inc rsv hosp,2026-09-19,72,quantile,0.1,2
2026-09-26,-1,wk inc rsv hosp,2026-09-19,72,quantile,0.15,2
2026-09-26,-1,wk inc rsv hosp,2026-09-19,72,quantile,0.2,2
2026-09-26,-1,wk inc rsv hosp,2026-09-19,72,quantile,0.25,2
2026-09-26,-1,wk inc rsv hosp,2026-09-19,72,quantile,0.3,2
2026-09-26,-1,wk inc rsv hosp,2026-09-19,72,quantile,0.35,2
2026-09-26,-1,wk inc rsv hosp,2026-09-19,72,quantile,0.4,2
2026-09-26,-1,wk inc rsv hosp,2026-09-19,72,quantile,0.45,2
2026-09-26,-1,wk inc rsv hosp,2026-09-19,72,quantile,0.5,2
2026-09-26,-1,wk inc rsv hosp,2026-09-19,72,quantile,0.55,2
2026-09-26,-1,wk inc rsv hosp,2026-09-19,72,quantile,0.6,2
2026-09-26,-1,wk inc rsv hosp,2026-09-19,72,quantile,0.65,2
2026-09-26,-1,wk inc rsv hosp,2026-09-19,72,quantile,0.7,2
2026-09-26,-1,wk inc rsv hosp,2026-09-19,72,quantile,0.75,2
2026-09-26,-1,wk inc rsv hosp,2026-09-19,72,quantile,0.8,2
2026-09-26,-1,wk inc rsv hosp,2026-09-19,72,quantile,0.85,2
2026-09-26,-1,wk inc rsv hosp,2026-09-19,72,quantile,0.9,2
2026-09-26,-1,wk inc rsv hosp,2026-09-19,72,quantile,0.95,2
2026-09-26,-1,wk inc rsv hosp,2026-09-19,72,quantile,0.975,2
2026-09-26,-1,wk inc rsv hosp,2026-09-19,72,quantile,0.99,2
2026-09-26,-1,wk inc rsv hosp,2026-09-19,US,quantile,0.01,386
2026-09-26,-1,wk inc rsv hosp,2026-09-19,US,quantile,0.025,386
2026-09-26,-1,wk inc rsv hosp,2026-09-19,US,quantile,0.05,386
2026-09-26,-1,wk inc rsv hosp,2026-09-19,US,quantile,0.1,386
2026-09-26,-1,wk inc rsv hosp,2026-09-19,US,quantile,0.15,386
2026-09-26,-1,wk inc rsv hosp,2026-09-19,US,quantile,0.2,386
2026-09-26,-1,wk inc rsv hosp,2026-09-19,US,quantile,0.25,386
2026-09-26,-1,wk inc rsv hosp,2026-09-19,US,quantile,0.3,386
2026-09-26,-1,wk inc rsv hosp,2026-09-19,US,quantile,0.35,386
2026-09-26,-1,wk inc rsv hosp,2026-09-19,US,quantile,0.4,386
2026-09-26,-1,wk inc rsv hosp,2026-09-19,US,quantile,0.45,386
2026-09-26,-1,wk inc rsv hosp,2026-09-19,US,quantile,0.5,386
2026-09-26,-1,wk inc rsv hosp,2026-09-19,US,quantile,0.55,386
2026-09-26,-1,wk inc rsv hosp,2026-09-19,US,quantile,0.6,386
2026-09-26,-1,wk inc rsv hosp,2026-09-19,US,quantile,0.65,386
2026-09-26,-1,wk inc rsv hosp,2026-09-19,US,quantile,0.7,386
2026-09-26,-1,wk inc rsv hosp,2026-09-19,US,quantile,0.75,386
2026-09-26,-1,wk inc rsv hosp,2026-09-19,US,quantile,0.8,386
2026-09-26,-1,wk inc rsv hosp,2026-09-19,US,quantile,0.85,386
2026-09-26,-1,wk inc rsv hosp,2026-09-19,US,quantile,0.9,386
2026-09-26,-1,wk inc rsv hosp,2026-09-19,US,quantile,0.95,386
2026-09-26,-1,wk inc rsv hosp,2026-09-19,US,quantile,0.975,386
2026-09-26,-1,wk inc rsv hosp,2026-09-19,US,quantile,0.99,386
2026-09-26,0,wk inc rsv hosp,2026-09-26,01,quantile,0.01,0
2026-09-26,0,wk inc rsv hosp,2026-09-26,01,quantile,0.025,0
2026-09-26,0,wk inc rsv hosp,2026-09-26,01,quantile,0.05,0
2026-09-26,0,wk inc rsv hosp,2026-09-26,01,quantile,0.1,3
2026-09-26,0,wk inc rsv hosp,2026-09-26,01,quantile,0.15,6
2026-09-26,0,wk inc rsv hosp,2026-09-26,01,quantile,0.2,7
2026-09-26,0,wk inc rsv hosp,2026-09-26,01,quantile,0.25,8.749999999999993
2026-09-26,0,wk inc rsv hosp,2026-09-26,01,quantile,0.3,10
2026-09-26,0,wk inc rsv hosp,2026-09-26,01,quantile,0.35,11
2026-09-26,0,wk inc rsv hosp,2026-09-26,01,quantile,0.4,12
2026-09-26,0,wk inc rsv hosp,2026-09-26,01,quantile,0.45,12
2026-09-26,0,wk inc rsv hosp,2026-09-26,01,quantile,0.5,12
2026-09-26,0,wk inc rsv hosp,2026-09-26,01,quantile,0.55,12
2026-09-26,0,wk inc rsv hosp,2026-09-26,01,quantile,0.6,12
2026-09-26,0,wk inc rsv hosp,2026-09-26,01,quantile,0.65,13
2026-09-26,0,wk inc rsv hosp,2026-09-26,01,quantile,0.7,14
2026-09-26,0,wk inc rsv hosp,2026-09-26,01,quantile,0.75,15.250000000000007
2026-09-26,0,wk inc rsv hosp,2026-09-26,01,quantile,0.8,17
2026-09-26,0,wk inc rsv hosp,2026-09-26,01,quantile,0.85,18
2026-09-26,0,wk inc rsv hosp,2026-09-26,01,quantile,0.9,21
2026-09-26,0,wk inc rsv hosp,2026-09-26,01,quantile,0.95,29
2026-09-26,0,wk inc rsv hosp,2026-09-26,01,quantile,0.975,33.64999999999999
2026-09-26,0,wk inc rsv hosp,2026-09-26,01,quantile,0.99,50.960000000000015
2026-09-26,0,wk inc rsv hosp,2026-09-26,02,quantile,0.01,0
2026-09-26,0,wk inc rsv hosp,2026-09-26,02,quantile,0.025,0
2026-09-26,0,wk inc rsv hosp,2026-09-26,02,quantile,0.05,0
2026-09-26,0,wk inc rsv hosp,2026-09-26,02,quantile,0.1,1
2026-09-26,0,wk inc rsv hosp,2026-09-26,02,quantile,0.15,3
2026-09-26,0,wk inc rsv hosp,2026-09-26,02,quantile,0.2,4
2026-09-26,0,wk inc rsv hosp,2026-09-26,02,quantile,0.25,5
2026-09-26,0,wk inc rsv hosp,2026-09-26,02,quantile,0.3,5
2026-09-26,0,wk inc rsv hosp,2026-09-26,02,quantile,0.35,5
2026-09-26,0,wk inc rsv hosp,2026-09-26,02,quantile,0.4,6
2026-09-26,0,wk inc rsv hosp,2026-09-26,02,quantile,0.45,6
2026-09-26,0,wk inc rsv hosp,2026-09-26,02,quantile,0.5,6
2026-09-26,0,wk inc rsv hosp,2026-09-26,02,quantile,0.55,6
2026-09-26,0,wk inc rsv hosp,2026-09-26,02,quantile,0.6,6
2026-09-26,0,wk inc rsv hosp,2026-09-26,02,quantile,0.65,7
2026-09-26,0,wk inc rsv hosp,2026-09-26,02,quantile,0.7,7
2026-09-26,0,wk inc rsv hosp,2026-09-26,02,quantile,0.75,7
2026-09-26,0,wk inc rsv hosp,2026-09-26,02,quantile,0.8,8
2026-09-26,0,wk inc rsv hosp,2026-09-26,02,quantile,0.85,9
2026-09-26,0,wk inc rsv hosp,2026-09-26,02,quantile,0.9,11
2026-09-26,0,wk inc rsv hosp,2026-09-26,02,quantile,0.95,15
2026-09-26,0,wk inc rsv hosp,2026-09-26,02,quantile,0.975,18.324999999999985
2026-09-26,0,wk inc rsv hosp,2026-09-26,02,quantile,0.99,21.729999999999986
2026-09-26,0,wk inc rsv hosp,2026-09-26,04,quantile,0.01,0
2026-09-26,0,wk inc rsv hosp,2026-09-26,04,quantile,0.025,0
2026-09-26,0,wk inc rsv hosp,2026-09-26,04,quantile,0.05,0
2026-09-26,0,wk inc rsv hosp,2026-09-26,04,quantile,0.1,0
2026-09-26,0,wk inc rsv hosp,2026-09-26,04,quantile,0.15,0
2026-09-26,0,wk inc rsv hosp,2026-09-26,04,quantile,0.2,0
2026-09-26,0,wk inc rsv hosp,2026-09-26,04,quantile,0.25,0
2026-09-26,0,wk inc rsv hosp,2026-09-26,04,quantile,0.3,0
2026-09-26,0,wk inc rsv hosp,2026-09-26,04,quantile,0.35,0
2026-09-26,0,wk inc rsv hosp,2026-09-26,04,quantile,0.4,0
2026-09-26,0,wk inc rsv hosp,2026-09-26,04,quantile,0.45,0
2026-09-26,0,wk inc rsv hosp,2026-09-26,04,quantile,0.5,0
2026-09-26,0,wk inc rsv hosp,2026-09-26,04,quantile,0.55,0
2026-09-26,0,wk inc rsv hosp,2026-09-26,04,quantile,0.6,1
2026-09-26,0,wk inc rsv hosp,2026-09-26,04,quantile,0.65,1
2026-09-26,0,wk inc rsv hosp,2026-09-26,04,quantile,0.7,2
2026-09-26,0,wk inc rsv hosp,2026-09-26,04,quantile,0.75,3.75
2026-09-26,0,wk inc rsv hosp,2026-09-26,04,quantile,0.8,5
2026-09-26,0,wk inc rsv hosp,2026-09-26,04,quantile,0.85,8
2026-09-26,0,wk inc rsv hosp,2026-09-26,04,quantile,0.9,11
2026-09-26,0,wk inc rsv hosp,2026-09-26,04,quantile,0.95,27.75000000000003
2026-09-26,0,wk inc rsv hosp,2026-09-26,04,quantile,0.975,58.474999999999106
2026-09-26,0,wk inc rsv hosp,2026-09-26,04,quantile,0.99,87.48999999999971
2026-09-26,0,wk inc rsv hosp,2026-09-26,05,quantile,0.01,0
2026-09-26,0,wk inc rsv hosp,2026-09-26,05,quantile,0.025,0
2026-09-26,0,wk inc rsv hosp,2026-09-26,05,quantile,0.05,0
2026-09-26,0,wk inc rsv hosp,2026-09-26,05,quantile,0.1,0
2026-09-26,0,wk inc rsv hosp,2026-09-26,05,quantile,0.15,0
2026-09-26,0,wk inc rsv hosp,2026-09-26,05,quantile,0.2,0
2026-09-26,0,wk inc rsv hosp,2026-09-26,05,quantile,0.25,0
2026-09-26,0,wk inc rsv hosp,2026-09-26,05,quantile,0.3,0
2026-09-26,0,wk inc rsv hosp,2026-09-26,05,quantile,0.35,1
2026-09-26,0,wk inc rsv hosp,2026-09-26,05,quantile,0.4,1
2026-09-26,0,wk inc rsv hosp,2026-09-26,05,quantile,0.45,1
2026-09-26,0,wk inc rsv hosp,2026-09-26,05,quantile,0.5,1
2026-09-26,0,wk inc rsv hosp,2026-09-26,05,quantile,0.55,1
2026-09-26,0,wk inc rsv hosp,2026-09-26,05,quantile,0.6,1
2026-09-26,0,wk inc rsv hosp,2026-09-26,05,quantile,0.65,1
2026-09-26,0,wk inc rsv hosp,2026-09-26,05,quantile,0.7,2
2026-09-26,0,wk inc rsv hosp,2026-09-26,05,quantile,0.75,2
2026-09-26,0,wk inc rsv hosp,2026-09-26,05,quantile,0.8,3
2026-09-26,0,wk inc rsv hosp,2026-09-26,05,quantile,0.85,5
2026-09-26,0,wk inc rsv hosp,2026-09-26,05,quantile,0.9,7.900000000000034
2026-09-26,0,wk inc rsv hosp,2026-09-26,05,quantile,0.95,13.449999999999976
2026-09-26,0,wk inc rsv hosp,2026-09-26,05,quantile,0.975,19.724999999999962
2026-09-26,0,wk inc rsv hosp,2026-09-26,05,quantile,0.99,26
2026-09-26,0,wk inc rsv hosp,2026-09-26,06,quantile,0.01,0
2026-09-26,0,wk inc rsv hosp,2026-09-26,06,quantile,0.025,0
2026-09-26,0,wk inc rsv hosp,2026-09-26,06,quantile,0.05,0
2026-09-26,0,wk inc rsv hosp,2026-09-26,06,quantile,0.1,0
2026-09-26,0,wk inc rsv hosp,2026-09-26,06,quantile,0.15,0
2026-09-26,0,wk inc rsv hosp,2026-09-26,06,quantile,0.2,3
2026-09-26,0,wk inc rsv hosp,2026-09-26,06,quantile,0.25,7
2026-09-26,0,wk inc rsv hosp,2026-09-26,06,quantile,0.3,10
2026-09-26,0,wk inc rsv hosp,2026-09-26,06,quantile,0.35,12
2026-09-26,0,wk inc rsv hosp,2026-09-26,06,quantile,0.4,14
2026-09-26,0,wk inc rsv hosp,2026-09-26,06,quantile,0.45,15
2026-09-26,0,wk inc rsv hosp,2026-09-26,06,quantile,0.5,15
2026-09-26,0,wk inc rsv hosp,2026-09-26,06,quantile,0.55,15
2026-09-26,0,wk inc rsv hosp,2026-09-26,06,quantile,0.6,16
2026-09-26,0,wk inc rsv hosp,2026-09-26,06,quantile,0.65,18
2026-09-26,0,wk inc rsv hosp,2026-09-26,06,quantile,0.7,20
2026-09-26,0,wk inc rsv hosp,2026-09-26,06,quantile,0.75,23
2026-09-26,0,wk inc rsv hosp,2026-09-26,06,quantile,0.8,27
2026-09-26,0,wk inc rsv hosp,2026-09-26,06,quantile,0.85,37
2026-09-26,0,wk inc rsv hosp,2026-09-26,06,quantile,0.9,56
2026-09-26,0,wk inc rsv hosp,2026-09-26,06,quantile,0.95,78.70000000000002
2026-09-26,0,wk inc rsv hosp,2026-09-26,06,quantile,0.975,109.02499999999985
2026-09-26,0,wk inc rsv hosp,2026-09-26,06,quantile,0.99,146.13999999999993
2026-09-26,0,wk inc rsv hosp,2026-09-26,08,quantile,0.01,0
2026-09-26,0,wk inc rsv hosp,2026-09-26,08,quantile,0.025,0
2026-09-26,0,wk inc rsv hosp,2026-09-26,08,quantile,0.05,0
2026-09-26,0,wk inc rsv hosp,2026-09-26,08,quantile,0.1,0
2026-09-26,0,wk inc rsv hosp,2026-09-26,08,quantile,0.15,0
2026-09-26,0,wk inc rsv hosp,2026-09-26,08,quantile,0.2,0
2026-09-26,0,wk inc rsv hosp,2026-09-26,08,quantile,0.25,0
2026-09-26,0,wk inc rsv hosp,2026-09-26,08,quantile,0.3,0
2026-09-26,0,wk inc rsv hosp,2026-09-26,08,quantile,0.35,0.8499999999999803
2026-09-26,0,wk inc rsv hosp,2026-09-26,08,quantile,0.4,1
2026-09-26,0,wk inc rsv hosp,2026-09-26,08,quantile,0.45,1
2026-09-26,0,wk inc rsv hosp,2026-09-26,08,quantile,0.5,1
2026-09-26,0,wk inc rsv hosp,2026-09-26,08,quantile,0.55,1
2026-09-26,0,wk inc rsv hosp,2026-09-26,08,quantile,0.6,1
2026-09-26,0,wk inc rsv hosp,2026-09-26,08,quantile,0.65,1.1500000000000097
2026-09-26,0,wk inc rsv hosp,2026-09-26,08,quantile,0.7,2
2026-09-26,0,wk inc rsv hosp,2026-09-26,08,quantile,0.75,2
2026-09-26,0,wk inc rsv hosp,2026-09-26,08,quantile,0.8,3
2026-09-26,0,wk inc rsv hosp,2026-09-26,08,quantile,0.85,7.34999999999998
2026-09-26,0,wk inc rsv hosp,2026-09-26,08,quantile,0.9,17
2026-09-26,0,wk inc rsv hosp,2026-09-26,08,quantile,0.95,31.449999999999974
2026-09-26,0,wk inc rsv hosp,2026-09-26,08,quantile,0.975,43.72499999999996
2026-09-26,0,wk inc rsv hosp,2026-09-26,08,quantile,0.99,62.17999999999995
2026-09-26,0,wk inc rsv hosp,2026-09-26,09,quantile,0.01,0
2026-09-26,0,wk inc rsv hosp,2026-09-26,09,quantile,0.025,0
2026-09-26,0,wk inc rsv hosp,2026-09-26,09,quantile,0.05,0
2026-09-26,0,wk inc rsv hosp,2026-09-26,09,quantile,0.1,0
2026-09-26,0,wk inc rsv hosp,2026-09-26,09,quantile,0.15,0
2026-09-26,0,wk inc rsv hosp,2026-09-26,09,quantile,0.2,0
2026-09-26,0,wk inc rsv hosp,2026-09-26,09,quantile,0.25,0
2026-09-26,0,wk inc rsv hosp,2026-09-26,09,quantile,0.3,0
2026-09-26,0,wk inc rsv hosp,2026-09-26,09,quantile,0.35,0
2026-09-26,0,wk inc rsv hosp,2026-09-26,09,quantile,0.4,0
2026-09-26,0,wk inc rsv hosp,2026-09-26,09,quantile,0.45,0
2026-09-26,0,wk inc rsv hosp,2026-09-26,09,quantile,0.5,0
2026-09-26,0,wk inc rsv hosp,2026-09-26,09,quantile,0.55,0
2026-09-26,0,wk inc rsv hosp,2026-09-26,09,quantile,0.6,0
2026-09-26,0,wk inc rsv hosp,2026-09-26,09,quantile,0.65,0
2026-09-26,0,wk inc rsv hosp,2026-09-26,09,quantile,0.7,1
2026-09-26,0,wk inc rsv hosp,2026-09-26,09,quantile,0.75,2
2026-09-26,0,wk inc rsv hosp,2026-09-26,09,quantile,0.8,3
2026-09-26,0,wk inc rsv hosp,2026-09-26,09,quantile,0.85,5
2026-09-26,0,wk inc rsv hosp,2026-09-26,09,quantile,0.9,8
2026-09-26,0,wk inc rsv hosp,2026-09-26,09,quantile,0.95,15
2026-09-26,0,wk inc rsv hosp,2026-09-26,09,quantile,0.975,28.599999999999866
2026-09-26,0,wk inc rsv hosp,2026-09-26,09,quantile,0.99,45.38999999999985
2026-09-26,0,wk inc rsv hosp,2026-09-26,10,quantile,0.01,0
2026-09-26,0,wk inc rsv hosp,2026-09-26,10,quantile,0.025,0
2026-09-26,0,wk inc rsv hosp,2026-09-26,10,quantile,0.05,0
2026-09-26,0,wk inc rsv hosp,2026-09-26,10,quantile,0.1,0
2026-09-26,0,wk inc rsv hosp,2026-09-26,10,quantile,0.15,0
2026-09-26,0,wk inc rsv hosp,2026-09-26,10,quantile,0.2,0
2026-09-26,0,wk inc rsv hosp,2026-09-26,10,quantile,0.25,1
2026-09-26,0,wk inc rsv hosp,2026-09-26,10,quantile,0.3,1
2026-09-26,0,wk inc rsv hosp,2026-09-26,10,quantile,0.35,2
2026-09-26,0,wk inc rsv hosp,2026-09-26,10,quantile,0.4,2
2026-09-26,0,wk inc rsv hosp,2026-09-26,10,quantile,0.45,2
2026-09-26,0,wk inc rsv hosp,2026-09-26,10,quantile,0.5,2
2026-09-26,0,wk inc rsv hosp,2026-09-26,10,quantile,0.55,2
2026-09-26,0,wk inc rsv hosp,2026-09-26,10,quantile,0.6,2
2026-09-26,0,wk inc rsv hosp,2026-09-26,10,quantile,0.65,2
2026-09-26,0,wk inc rsv hosp,2026-09-26,10,quantile,0.7,3
2026-09-26,0,wk inc rsv hosp,2026-09-26,10,quantile,0.75,3
2026-09-26,0,wk inc rsv hosp,2026-09-26,10,quantile,0.8,4
2026-09-26,0,wk inc rsv hosp,2026-09-26,10,quantile,0.85,5
2026-09-26,0,wk inc rsv hosp,2026-09-26,10,quantile,0.9,7.900000000000034
2026-09-26,0,wk inc rsv hosp,2026-09-26,10,quantile,0.95,12.449999999999976
2026-09-26,0,wk inc rsv hosp,2026-09-26,10,quantile,0.975,19.724999999999962
2026-09-26,0,wk inc rsv hosp,2026-09-26,10,quantile,0.99,27.7199999999998
2026-09-26,0,wk inc rsv hosp,2026-09-26,11,quantile,0.01,0
2026-09-26,0,wk inc rsv hosp,2026-09-26,11,quantile,0.025,0
2026-09-26,0,wk inc rsv hosp,2026-09-26,11,quantile,0.05,0
2026-09-26,0,wk inc rsv hosp,2026-09-26,11,quantile,0.1,0
2026-09-26,0,wk inc rsv hosp,2026-09-26,11,quantile,0.15,0
2026-09-26,0,wk inc rsv hosp,2026-09-26,11,quantile,0.2,0
2026-09-26,0,wk inc rsv hosp,2026-09-26,11,quantile,0.25,0
2026-09-26,0,wk inc rsv hosp,2026-09-26,11,quantile,0.3,0
2026-09-26,0,wk inc rsv hosp,2026-09-26,11,quantile,0.35,0
2026-09-26,0,wk inc rsv hosp,2026-09-26,11,quantile,0.4,0
2026-09-26,0,wk inc rsv hosp,2026-09-26,11,quantile,0.45,0
2026-09-26,0,wk inc rsv hosp,2026-09-26,11,quantile,0.5,0
2026-09-26,0,wk inc rsv hosp,2026-09-26,11,quantile,0.55,0
2026-09-26,0,wk inc rsv hosp,2026-09-26,11,quantile,0.6,0
2026-09-26,0,wk inc rsv hosp,2026-09-26,11,quantile,0.65,0
2026-09-26,0,wk inc rsv hosp,2026-09-26,11,quantile,0.7,0
2026-09-26,0,wk inc rsv hosp,2026-09-26,11,quantile,0.75,1
2026-09-26,0,wk inc rsv hosp,2026-09-26,11,quantile,0.8,1
2026-09-26,0,wk inc rsv hosp,2026-09-26,11,quantile,0.85,2
2026-09-26,0,wk inc rsv hosp,2026-09-26,11,quantile,0.9,3
2026-09-26,0,wk inc rsv hosp,2026-09-26,11,quantile,0.95,5
2026-09-26,0,wk inc rsv hosp,2026-09-26,11,quantile,0.975,8.24999999999995
2026-09-26,0,wk inc rsv hosp,2026-09-26,11,quantile,0.99,14.549999999999917
2026-09-26,0,wk inc rsv hosp,2026-09-26,12,quantile,0.01,20.39000000000001
2026-09-26,0,wk inc rsv hosp,2026-09-26,12,quantile,0.025,40.82500000000001
2026-09-26,0,wk inc rsv hosp,2026-09-26,12,quantile,0.05,51.54999999999999
2026-09-26,0,wk inc rsv hosp,2026-09-26,12,quantile,0.1,86.10000000000001
2026-09-26,0,wk inc rsv hosp,2026-09-26,12,quantile,0.15,101.65
2026-09-26,0,wk inc rsv hosp,2026-09-26,12,quantile,0.2,110
2026-09-26,0,wk inc rsv hosp,2026-09-26,12,quantile,0.25,113
2026-09-26,0,wk inc rsv hosp,2026-09-26,12,quantile,0.3,119
2026-09-26,0,wk inc rsv hosp,2026-09-26,12,quantile,0.35,123
2026-09-26,0,wk inc rsv hosp,2026-09-26,12,quantile,0.4,124
2026-09-26,0,wk inc rsv hosp,2026-09-26,12,quantile,0.45,124
2026-09-26,0,wk inc rsv hosp,2026-09-26,12,quantile,0.5,124
2026-09-26,0,wk inc rsv hosp,2026-09-26,12,quantile,0.55,124
2026-09-26,0,wk inc rsv hosp,2026-09-26,12,quantile,0.6,124
2026-09-26,0,wk inc rsv hosp,2026-09-26,12,quantile,0.65,125
2026-09-26,0,wk inc rsv hosp,2026-09-26,12,quantile,0.7,129
2026-09-26,0,wk inc rsv hosp,2026-09-26,12,quantile,0.75,135
2026-09-26,0,wk inc rsv hosp,2026-09-26,12,quantile,0.8,138
2026-09-26,0,wk inc rsv hosp,2026-09-26,12,quantile,0.85,146.34999999999997
2026-09-26,0,wk inc rsv hosp,2026-09-26,12,quantile,0.9,161.90000000000003
2026-09-26,0,wk inc rsv hosp,2026-09-26,12,quantile,0.95,196.44999999999996
2026-09-26,0,wk inc rsv hosp,2026-09-26,12,quantile,0.975,207.17499999999987
2026-09-26,0,wk inc rsv hosp,2026-09-26,12,quantile,0.99,227.60999999999927
2026-09-26,0,wk inc rsv hosp,2026-09-26,13,quantile,0.01,0
2026-09-26,0,wk inc rsv hosp,2026-09-26,13,quantile,0.025,0
2026-09-26,0,wk inc rsv hosp,2026-09-26,13,quantile,0.05,0
2026-09-26,0,wk inc rsv hosp,2026-09-26,13,quantile,0.1,0.10000000000000495
2026-09-26,0,wk inc rsv hosp,2026-09-26,13,quantile,0.15,4.649999999999999
2026-09-26,0,wk inc rsv hosp,2026-09-26,13,quantile,0.2,8
2026-09-26,0,wk inc rsv hosp,2026-09-26,13,quantile,0.25,10
2026-09-26,0,wk inc rsv hosp,2026-09-26,13,quantile,0.3,11
2026-09-26,0,wk inc rsv hosp,2026-09-26,13,quantile,0.35,12
2026-09-26,0,wk inc rsv hosp,2026-09-26,13,quantile,0.4,13
2026-09-26,0,wk inc rsv hosp,2026-09-26,13,quantile,0.45,13
2026-09-26,0,wk inc rsv hosp,2026-09-26,13,quantile,0.5,13
2026-09-26,0,wk inc rsv hosp,2026-09-26,13,quantile,0.55,13
2026-09-26,0,wk inc rsv hosp,2026-09-26,13,quantile,0.6,13
2026-09-26,0,wk inc rsv hosp,2026-09-26,13,quantile,0.65,14
2026-09-26,0,wk inc rsv hosp,2026-09-26,13,quantile,0.7,15
2026-09-26,0,wk inc rsv hosp,2026-09-26,13,quantile,0.75,16
2026-09-26,0,wk inc rsv hosp,2026-09-26,13,quantile,0.8,18
2026-09-26,0,wk inc rsv hosp,2026-09-26,13,quantile,0.85,21.34999999999998
2026-09-26,0,wk inc rsv hosp,2026-09-26,13,quantile,0.9,25.900000000000034
2026-09-26,0,wk inc rsv hosp,2026-09-26,13,quantile,0.95,46
2026-09-26,0,wk inc rsv hosp,2026-09-26,13,quantile,0.975,67.72499999999995
2026-09-26,0,wk inc rsv hosp,2026-09-26,13,quantile,0.99,108.78999999999922
2026-09-26,0,wk inc rsv hosp,2026-09-26,15,quantile,0.01,0
2026-09-26,0,wk inc rsv hosp,2026-09-26,15,quantile,0.025,0
2026-09-26,0,wk inc rsv hosp,2026-09-26,15,quantile,0.05,0
2026-09-26,0,wk inc rsv hosp,2026-09-26,15,quantile,0.1,1
2026-09-26,0,wk inc rsv hosp,2026-09-26,15,quantile,0.15,3
2026-09-26,0,wk inc rsv hosp,2026-09-26,15,quantile,0.2,4
2026-09-26,0,wk inc rsv hosp,2026-09-26,15,quantile,0.25,5
2026-09-26,0,wk inc rsv hosp,2026-09-26,15,quantile,0.3,6
2026-09-26,0,wk inc rsv hosp,2026-09-26,15,quantile,0.35,6
2026-09-26,0,wk inc rsv hosp,2026-09-26,15,quantile,0.4,7
2026-09-26,0,wk inc rsv hosp,2026-09-26,15,quantile,0.45,7
2026-09-26,0,wk inc rsv hosp,2026-09-26,15,quantile,0.5,7
2026-09-26,0,wk inc rsv hosp,2026-09-26,15,quantile,0.55,7
2026-09-26,0,wk inc rsv hosp,2026-09-26,15,quantile,0.6,7
2026-09-26,0,wk inc rsv hosp,2026-09-26,15,quantile,0.65,8
2026-09-26,0,wk inc rsv hosp,2026-09-26,15,quantile,0.7,8
2026-09-26,0,wk inc rsv hosp,2026-09-26,15,quantile,0.75,9
2026-09-26,0,wk inc rsv hosp,2026-09-26,15,quantile,0.8,10
2026-09-26,0,wk inc rsv hosp,2026-09-26,15,quantile,0.85,11
2026-09-26,0,wk inc rsv hosp,2026-09-26,15,quantile,0.9,13
2026-09-26,0,wk inc rsv hosp,2026-09-26,15,quantile,0.95,15
2026-09-26,0,wk inc rsv hosp,2026-09-26,15,quantile,0.975,17.42499999999996
2026-09-26,0,wk inc rsv hosp,2026-09-26,15,quantile,0.99,22.369999999999976
2026-09-26,0,wk inc rsv hosp,2026-09-26,16,quantile,0.01,0
2026-09-26,0,wk inc rsv hosp,2026-09-26,16,quantile,0.025,0
2026-09-26,0,wk inc rsv hosp,2026-09-26,16,quantile,0.05,0
2026-09-26,0,wk inc rsv hosp,2026-09-26,16,quantile,0.1,0
2026-09-26,0,wk inc rsv hosp,2026-09-26,16,quantile,0.15,0
2026-09-26,0,wk inc rsv hosp,2026-09-26,16,quantile,0.2,0
2026-09-26,0,wk inc rsv hosp,2026-09-26,16,quantile,0.25,0
2026-09-26,0,wk inc rsv hosp,2026-09-26,16,quantile,0.3,0
2026-09-26,0,wk inc rsv hosp,2026-09-26,16,quantile,0.35,0
2026-09-26,0,wk inc rsv hosp,2026-09-26,16,quantile,0.4,0
2026-09-26,0,wk inc rsv hosp,2026-09-26,16,quantile,0.45,0
2026-09-26,0,wk inc rsv hosp,2026-09-26,16,quantile,0.5,0
2026-09-26,0,wk inc rsv hosp,2026-09-26,16,quantile,0.55,0
2026-09-26,0,wk inc rsv hosp,2026-09-26,16,quantile,0.6,0
2026-09-26,0,wk inc rsv hosp,2026-09-26,16,quantile,0.65,0
2026-09-26,0,wk inc rsv hosp,2026-09-26,16,quantile,0.7,1
2026-09-26,0,wk inc rsv hosp,2026-09-26,16,quantile,0.75,1
2026-09-26,0,wk inc rsv hosp,2026-09-26,16,quantile,0.8,2
2026-09-26,0,wk inc rsv hosp,2026-09-26,16,quantile,0.85,3
2026-09-26,0,wk inc rsv hosp,2026-09-26,16,quantile,0.9,6
2026-09-26,0,wk inc rsv hosp,2026-09-26,16,quantile,0.95,11.499999999999966
2026-09-26,0,wk inc rsv hosp,2026-09-26,16,quantile,0.975,16
2026-09-26,0,wk inc rsv hosp,2026-09-26,16,quantile,0.99,20.399999999999842
2026-09-26,0,wk inc rsv hosp,2026-09-26,17,quantile,0.01,0
2026-09-26,0,wk inc rsv hosp,2026-09-26,17,quantile,0.025,0
2026-09-26,0,wk inc rsv hosp,2026-09-26,17,quantile,0.05,0
2026-09-26,0,wk inc rsv hosp,2026-09-26,17,quantile,0.1,0
2026-09-26,0,wk inc rsv hosp,2026-09-26,17,quantile,0.15,0
2026-09-26,0,wk inc rsv hosp,2026-09-26,17,quantile,0.2,3.20000000000001
2026-09-26,0,wk inc rsv hosp,2026-09-26,17,quantile,0.25,6
2026-09-26,0,wk inc rsv hosp,2026-09-26,17,quantile,0.3,7
2026-09-26,0,wk inc rsv hosp,2026-09-26,17,quantile,0.35,8
2026-09-26,0,wk inc rsv hosp,2026-09-26,17,quantile,0.4,9
2026-09-26,0,wk inc rsv hosp,2026-09-26,17,quantile,0.45,10
2026-09-26,0,wk inc rsv hosp,2026-09-26,17,quantile,0.5,10
2026-09-26,0,wk inc rsv hosp,2026-09-26,17,quantile,0.55,10
2026-09-26,0,wk inc rsv hosp,2026-09-26,17,quantile,0.6,11
2026-09-26,0,wk inc rsv hosp,2026-09-26,17,quantile,0.65,12
2026-09-26,0,wk inc rsv hosp,2026-09-26,17,quantile,0.7,13
2026-09-26,0,wk inc rsv hosp,2026-09-26,17,quantile,0.75,14
2026-09-26,0,wk inc rsv hosp,2026-09-26,17,quantile,0.8,16.80000000000002
2026-09-26,0,wk inc rsv hosp,2026-09-26,17,quantile,0.85,26.04999999999994
2026-09-26,0,wk inc rsv hosp,2026-09-26,17,quantile,0.9,39.7000000000001
2026-09-26,0,wk inc rsv hosp,2026-09-26,17,quantile,0.95,66.14999999999982
2026-09-26,0,wk inc rsv hosp,2026-09-26,17,quantile,0.975,90.07499999999972
2026-09-26,0,wk inc rsv hosp,2026-09-26,17,quantile,0.99,125.7199999999998
2026-09-26,0,wk inc rsv hosp,2026-09-26,18,quantile,0.01,0
2026-09-26,0,wk inc rsv hosp,2026-09-26,18,quantile,0.025,0
2026-09-26,0,wk inc rsv hosp,2026-09-26,18,quantile,0.05,0
2026-09-26,0,wk inc rsv hosp,2026-09-26,18,quantile,0.1,0
2026-09-26,0,wk inc rsv hosp,2026-09-26,18,quantile,0.15,0
2026-09-26,0,wk inc rsv hosp,2026-09-26,18,quantile,0.2,0
2026-09-26,0,wk inc rsv hosp,2026-09-26,18,quantile,0.25,0
2026-09-26,0,wk inc rsv hosp,2026-09-26,18,quantile,0.3,0.29999999999999294
2026-09-26,0,wk inc rsv hosp,2026-09-26,18,quantile,0.35,1
2026-09-26,0,wk inc rsv hosp,2026-09-26,18,quantile,0.4,2
2026-09-26,0,wk inc rsv hosp,2026-09-26,18,quantile,0.45,2
2026-09-26,0,wk inc rsv hosp,2026-09-26,18,quantile,0.5,2
2026-09-26,0,wk inc rsv hosp,2026-09-26,18,quantile,0.55,2
2026-09-26,0,wk inc rsv hosp,2026-09-26,18,quantile,0.6,2
2026-09-26,0,wk inc rsv hosp,2026-09-26,18,quantile,0.65,3
2026-09-26,0,wk inc rsv hosp,2026-09-26,18,quantile,0.7,3.69999999999996
2026-09-26,0,wk inc rsv hosp,2026-09-26,18,quantile,0.75,4.250000000000007
2026-09-26,0,wk inc rsv hosp,2026-09-26,18,quantile,0.8,6
2026-09-26,0,wk inc rsv hosp,2026-09-26,18,quantile,0.85,10
2026-09-26,0,wk inc rsv hosp,2026-09-26,18,quantile,0.9,15
2026-09-26,0,wk inc rsv hosp,2026-09-26,18,quantile,0.95,31.799999999999898
2026-09-26,0,wk inc rsv hosp,2026-09-26,18,quantile,0.975,50.6249999999998
2026-09-26,0,wk inc rsv hosp,2026-09-26,18,quantile,0.99,72.88999999999947
2026-09-26,0,wk inc rsv hosp,2026-09-26,19,quantile,0.01,0
2026-09-26,0,wk inc rsv hosp,2026-09-26,19,quantile,0.025,0
2026-09-26,0,wk inc rsv hosp,2026-09-26,19,quantile,0.05,0
2026-09-26,0,wk inc rsv hosp,2026-09-26,19,quantile,0.1,0
2026-09-26,0,wk inc rsv hosp,2026-09-26,19,quantile,0.15,0
2026-09-26,0,wk inc rsv hosp,2026-09-26,19,quantile,0.2,0
2026-09-26,0,wk inc rsv hosp,2026-09-26,19,quantile,0.25,0
2026-09-26,0,wk inc rsv hosp,2026-09-26,19,quantile,0.3,0
2026-09-26,0,wk inc rsv hosp,2026-09-26,19,quantile,0.35,0
2026-09-26,0,wk inc rsv hosp,2026-09-26,19,quantile,0.4,1
2026-09-26,0,wk inc rsv hosp,2026-09-26,19,quantile,0.45,1
2026-09-26,0,wk inc rsv hosp,2026-09-26,19,quantile,0.5,1
2026-09-26,0,wk inc rsv hosp,2026-09-26,19,quantile,0.55,1
2026-09-26,0,wk inc rsv hosp,2026-09-26,19,quantile,0.6,1
2026-09-26,0,wk inc rsv hosp,2026-09-26,19,quantile,0.65,2
2026-09-26,0,wk inc rsv hosp,2026-09-26,19,quantile,0.7,2
2026-09-26,0,wk inc rsv hosp,2026-09-26,19,quantile,0.75,2
2026-09-26,0,wk inc rsv hosp,2026-09-26,19,quantile,0.8,3
2026-09-26,0,wk inc rsv hosp,2026-09-26,19,quantile,0.85,5
2026-09-26,0,wk inc rsv hosp,2026-09-26,19,quantile,0.9,11.800000000000068
2026-09-26,0,wk inc rsv hosp,2026-09-26,19,quantile,0.95,20.449999999999974
2026-09-26,0,wk inc rsv hosp,2026-09-26,19,quantile,0.975,29.724999999999962
2026-09-26,0,wk inc rsv hosp,2026-09-26,19,quantile,0.99,85.089999999999975
2026-09-26,0,wk inc rsv hosp,2026-09-26,20,quantile,0.01,0
2026-09-26,0,wk inc rsv hosp,2026-09-26,20,quantile,0.025,0
2026-09-26,0,wk inc rsv hosp,2026-09-26,20,quantile,0.05,0
2026-09-26,0,wk inc rsv hosp,2026-09-26,20,quantile,0.1,0
2026-09-26,0,wk inc rsv hosp,2026-09-26,20,quantile,0.15,0
2026-09-26,0,wk inc rsv hosp,2026-09-26,20,quantile,0.2,0
2026-09-26,0,wk inc rsv hosp,2026-09-26,20,quantile,0.25,0
2026-09-26,0,wk inc rsv hosp,2026-09-26,20,quantile,0.3,0
2026-09-26,0,wk inc rsv hosp,2026-09-26,20,quantile,0.35,0
2026-09-26,0,wk inc rsv hosp,2026-09-26,20,quantile,0.4,1
2026-09-26,0,wk inc rsv hosp,2026-09-26,20,quantile,0.45,1
2026-09-26,0,wk inc rsv hosp,2026-09-26,20,quantile,0.5,1
2026-09-26,0,wk inc rsv hosp,2026-09-26,20,quantile,0.55,1
2026-09-26,0,wk inc rsv hosp,2026-09-26,20,quantile,0.6,1
2026-09-26,0,wk inc rsv hosp,2026-09-26,20,quantile,0.65,2
2026-09-26,0,wk inc rsv hosp,2026-09-26,20,quantile,0.7,2
2026-09-26,0,wk inc rsv hosp,2026-09-26,20,quantile,0.75,3
2026-09-26,0,wk inc rsv hosp,2026-09-26,20,quantile,0.8,3
2026-09-26,0,wk inc rsv hosp,2026-09-26,20,quantile,0.85,6
2026-09-26,0,wk inc rsv hosp,2026-09-26,20,quantile,0.9,8
2026-09-26,0,wk inc rsv hosp,2026-09-26,20,quantile,0.95,15
2026-09-26,0,wk inc rsv hosp,2026-09-26,20,quantile,0.975,27.724999999999962
2026-09-26,0,wk inc rsv hosp,2026-09-26,20,quantile,0.99,35.3599999999999
2026-09-26,0,wk inc rsv hosp,2026-09-26,21,quantile,0.01,0
2026-09-26,0,wk inc rsv hosp,2026-09-26,21,quantile,0.025,0
2026-09-26,0,wk inc rsv hosp,2026-09-26,21,quantile,0.05,0
2026-09-26,0,wk inc rsv hosp,2026-09-26,21,quantile,0.1,0
2026-09-26,0,wk inc rsv hosp,2026-09-26,21,quantile,0.15,0
2026-09-26,0,wk inc rsv hosp,2026-09-26,21,quantile,0.2,0
2026-09-26,0,wk inc rsv hosp,2026-09-26,21,quantile,0.25,0
2026-09-26,0,wk inc rsv hosp,2026-09-26,21,quantile,0.3,0
2026-09-26,0,wk inc rsv hosp,2026-09-26,21,quantile,0.35,0
2026-09-26,0,wk inc rsv hosp,2026-09-26,21,quantile,0.4,1
2026-09-26,0,wk inc rsv hosp,2026-09-26,21,quantile,0.45,1
2026-09-26,0,wk inc rsv hosp,2026-09-26,21,quantile,0.5,1
2026-09-26,0,wk inc rsv hosp,2026-09-26,21,quantile,0.55,1
2026-09-26,0,wk inc rsv hosp,2026-09-26,21,quantile,0.6,1
2026-09-26,0,wk inc rsv hosp,2026-09-26,21,quantile,0.65,2
2026-09-26,0,wk inc rsv hosp,2026-09-26,21,quantile,0.7,2
2026-09-26,0,wk inc rsv hosp,2026-09-26,21,quantile,0.75,3
2026-09-26,0,wk inc rsv hosp,2026-09-26,21,quantile,0.8,5
2026-09-26,0,wk inc rsv hosp,2026-09-26,21,quantile,0.85,8
2026-09-26,0,wk inc rsv hosp,2026-09-26,21,quantile,0.9,14
2026-09-26,0,wk inc rsv hosp,2026-09-26,21,quantile,0.95,21.899999999999952
2026-09-26,0,wk inc rsv hosp,2026-09-26,21,quantile,0.975,35.89999999999984
2026-09-26,0,wk inc rsv hosp,2026-09-26,21,quantile,0.99,51.07999999999971
2026-09-26,0,wk inc rsv hosp,2026-09-26,22,quantile,0.01,0
2026-09-26,0,wk inc rsv hosp,2026-09-26,22,quantile,0.025,0
2026-09-26,0,wk inc rsv hosp,2026-09-26,22,quantile,0.05,0
2026-09-26,0,wk inc rsv hosp,2026-09-26,22,quantile,0.1,0
2026-09-26,0,wk inc rsv hosp,2026-09-26,22,quantile,0.15,0
2026-09-26,0,wk inc rsv hosp,2026-09-26,22,quantile,0.2,3.20000000000001
2026-09-26,0,wk inc rsv hosp,2026-09-26,22,quantile,0.25,5.75
2026-09-26,0,wk inc rsv hosp,2026-09-26,22,quantile,0.3,7
2026-09-26,0,wk inc rsv hosp,2026-09-26,22,quantile,0.35,7
2026-09-26,0,wk inc rsv hosp,2026-09-26,22,quantile,0.4,8
2026-09-26,0,wk inc rsv hosp,2026-09-26,22,quantile,0.45,8
2026-09-26,0,wk inc rsv hosp,2026-09-26,22,quantile,0.5,8
2026-09-26,0,wk inc rsv hosp,2026-09-26,22,quantile,0.55,8
2026-09-26,0,wk inc rsv hosp,2026-09-26,22,quantile,0.6,8
2026-09-26,0,wk inc rsv hosp,2026-09-26,22,quantile,0.65,9
2026-09-26,0,wk inc rsv hosp,2026-09-26,22,quantile,0.7,9
2026-09-26,0,wk inc rsv hosp,2026-09-26,22,quantile,0.75,10.250000000000007
2026-09-26,0,wk inc rsv hosp,2026-09-26,22,quantile,0.8,12.800000000000017
2026-09-26,0,wk inc rsv hosp,2026-09-26,22,quantile,0.85,16
2026-09-26,0,wk inc rsv hosp,2026-09-26,22,quantile,0.9,21
2026-09-26,0,wk inc rsv hosp,2026-09-26,22,quantile,0.95,30.449999999999974
2026-09-26,0,wk inc rsv hosp,2026-09-26,22,quantile,0.975,50.89999999999984
2026-09-26,0,wk inc rsv hosp,2026-09-26,22,quantile,0.99,78
2026-09-26,0,wk inc rsv hosp,2026-09-26,23,quantile,0.01,0
2026-09-26,0,wk inc rsv hosp,2026-09-26,23,quantile,0.025,0
2026-09-26,0,wk inc rsv hosp,2026-09-26,23,quantile,0.05,0
2026-09-26,0,wk inc rsv hosp,2026-09-26,23,quantile,0.1,0
2026-09-26,0,wk inc rsv hosp,2026-09-26,23,quantile,0.15,0
2026-09-26,0,wk inc rsv hosp,2026-09-26,23,quantile,0.2,0
2026-09-26,0,wk inc rsv hosp,2026-09-26,23,quantile,0.25,0
2026-09-26,0,wk inc rsv hosp,2026-09-26,23,quantile,0.3,0
2026-09-26,0,wk inc rsv hosp,2026-09-26,23,quantile,0.35,0
2026-09-26,0,wk inc rsv hosp,2026-09-26,23,quantile,0.4,0
2026-09-26,0,wk inc rsv hosp,2026-09-26,23,quantile,0.45,0
2026-09-26,0,wk inc rsv hosp,2026-09-26,23,quantile,0.5,0
2026-09-26,0,wk inc rsv hosp,2026-09-26,23,quantile,0.55,0
2026-09-26,0,wk inc rsv hosp,2026-09-26,23,quantile,0.6,0
2026-09-26,0,wk inc rsv hosp,2026-09-26,23,quantile,0.65,0
2026-09-26,0,wk inc rsv hosp,2026-09-26,23,quantile,0.7,1
2026-09-26,0,wk inc rsv hosp,2026-09-26,23,quantile,0.75,1
2026-09-26,0,wk inc rsv hosp,2026-09-26,23,quantile,0.8,1
2026-09-26,0,wk inc rsv hosp,2026-09-26,23,quantile,0.85,2.8499999999999774
2026-09-26,0,wk inc rsv hosp,2026-09-26,23,quantile,0.9,4
2026-09-26,0,wk inc rsv hosp,2026-09-26,23,quantile,0.95,6
2026-09-26,0,wk inc rsv hosp,2026-09-26,23,quantile,0.975,7
2026-09-26,0,wk inc rsv hosp,2026-09-26,23,quantile,0.99,9.389999999999993
2026-09-26,0,wk inc rsv hosp,2026-09-26,24,quantile,0.01,0
2026-09-26,0,wk inc rsv hosp,2026-09-26,24,quantile,0.025,0
2026-09-26,0,wk inc rsv hosp,2026-09-26,24,quantile,0.05,0
2026-09-26,0,wk inc rsv hosp,2026-09-26,24,quantile,0.1,0
2026-09-26,0,wk inc rsv hosp,2026-09-26,24,quantile,0.15,0
2026-09-26,0,wk inc rsv hosp,2026-09-26,24,quantile,0.2,0
2026-09-26,0,wk inc rsv hosp,2026-09-26,24,quantile,0.25,3
2026-09-26,0,wk inc rsv hosp,2026-09-26,24,quantile,0.3,3
2026-09-26,0,wk inc rsv hosp,2026-09-26,24,quantile,0.35,4
2026-09-26,0,wk inc rsv hosp,2026-09-26,24,quantile,0.4,5
2026-09-26,0,wk inc rsv hosp,2026-09-26,24,quantile,0.45,5
2026-09-26,0,wk inc rsv hosp,2026-09-26,24,quantile,0.5,5
2026-09-26,0,wk inc rsv hosp,2026-09-26,24,quantile,0.55,5
2026-09-26,0,wk inc rsv hosp,2026-09-26,24,quantile,0.6,5
2026-09-26,0,wk inc rsv hosp,2026-09-26,24,quantile,0.65,6
2026-09-26,0,wk inc rsv hosp,2026-09-26,24,quantile,0.7,7
2026-09-26,0,wk inc rsv hosp,2026-09-26,24,quantile,0.75,7
2026-09-26,0,wk inc rsv hosp,2026-09-26,24,quantile,0.8,10
2026-09-26,0,wk inc rsv hosp,2026-09-26,24,quantile,0.85,12
2026-09-26,0,wk inc rsv hosp,2026-09-26,24,quantile,0.9,17
2026-09-26,0,wk inc rsv hosp,2026-09-26,24,quantile,0.95,30
2026-09-26,0,wk inc rsv hosp,2026-09-26,24,quantile,0.975,50.09999999999992
2026-09-26,0,wk inc rsv hosp,2026-09-26,24,quantile,0.99,63.30999999999999
2026-09-26,0,wk inc rsv hosp,2026-09-26,25,quantile,0.01,0
2026-09-26,0,wk inc rsv hosp,2026-09-26,25,quantile,0.025,0
2026-09-26,0,wk inc rsv hosp,2026-09-26,25,quantile,0.05,0
2026-09-26,0,wk inc rsv hosp,2026-09-26,25,quantile,0.1,0
2026-09-26,0,wk inc rsv hosp,2026-09-26,25,quantile,0.15,0
2026-09-26,0,wk inc rsv hosp,2026-09-26,25,quantile,0.2,0
2026-09-26,0,wk inc rsv hosp,2026-09-26,25,quantile,0.25,0
2026-09-26,0,wk inc rsv hosp,2026-09-26,25,quantile,0.3,0
2026-09-26,0,wk inc rsv hosp,2026-09-26,25,quantile,0.35,1
2026-09-26,0,wk inc rsv hosp,2026-09-26,25,quantile,0.4,3
2026-09-26,0,wk inc rsv hosp,2026-09-26,25,quantile,0.45,4
2026-09-26,0,wk inc rsv hosp,2026-09-26,25,quantile,0.5,5
2026-09-26,0,wk inc rsv hosp,2026-09-26,25,quantile,0.55,6
2026-09-26,0,wk inc rsv hosp,2026-09-26,25,quantile,0.6,7
2026-09-26,0,wk inc rsv hosp,2026-09-26,25,quantile,0.65,9
2026-09-26,0,wk inc rsv hosp,2026-09-26,25,quantile,0.7,10
2026-09-26,0,wk inc rsv hosp,2026-09-26,25,quantile,0.75,12.749999999999993
2026-09-26,0,wk inc rsv hosp,2026-09-26,25,quantile,0.8,17.600000000000033
2026-09-26,0,wk inc rsv hosp,2026-09-26,25,quantile,0.85,24
2026-09-26,0,wk inc rsv hosp,2026-09-26,25,quantile,0.9,32.80000000000005
2026-09-26,0,wk inc rsv hosp,2026-09-26,25,quantile,0.95,62.19999999999969
2026-09-26,0,wk inc rsv hosp,2026-09-26,25,quantile,0.975,88.87499999999987
2026-09-26,0,wk inc rsv hosp,2026-09-26,25,quantile,0.99,107.8899999999997
2026-09-26,0,wk inc rsv hosp,2026-09-26,26,quantile,0.01,0
2026-09-26,0,wk inc rsv hosp,2026-09-26,26,quantile,0.025,0
2026-09-26,0,wk inc rsv hosp,2026-09-26,26,quantile,0.05,0
2026-09-26,0,wk inc rsv hosp,2026-09-26,26,quantile,0.1,0
2026-09-26,0,wk inc rsv hosp,2026-09-26,26,quantile,0.15,0
2026-09-26,0,wk inc rsv hosp,2026-09-26,26,quantile,0.2,0
2026-09-26,0,wk inc rsv hosp,2026-09-26,26,quantile,0.25,1
2026-09-26,0,wk inc rsv hosp,2026-09-26,26,quantile,0.3,3
2026-09-26,0,wk inc rsv hosp,2026-09-26,26,quantile,0.35,3
2026-09-26,0,wk inc rsv hosp,2026-09-26,26,quantile,0.4,4
2026-09-26,0,wk inc rsv hosp,2026-09-26,26,quantile,0.45,4
2026-09-26,0,wk inc rsv hosp,2026-09-26,26,quantile,0.5,4
2026-09-26,0,wk inc rsv hosp,2026-09-26,26,quantile,0.55,4
2026-09-26,0,wk inc rsv hosp,2026-09-26,26,quantile,0.6,4
2026-09-26,0,wk inc rsv hosp,2026-09-26,26,quantile,0.65,5
2026-09-26,0,wk inc rsv hosp,2026-09-26,26,quantile,0.7,5
2026-09-26,0,wk inc rsv hosp,2026-09-26,26,quantile,0.75,7
2026-09-26,0,wk inc rsv hosp,2026-09-26,26,quantile,0.8,10
2026-09-26,0,wk inc rsv hosp,2026-09-26,26,quantile,0.85,20.34999999999998
2026-09-26,0,wk inc rsv hosp,2026-09-26,26,quantile,0.9,35
2026-09-26,0,wk inc rsv hosp,2026-09-26,26,quantile,0.95,53.599999999999795
2026-09-26,0,wk inc rsv hosp,2026-09-26,26,quantile,0.975,79.07499999999972
2026-09-26,0,wk inc rsv hosp,2026-09-26,26,quantile,0.99,94.34999999999962
2026-09-26,0,wk inc rsv hosp,2026-09-26,27,quantile,0.01,0
2026-09-26,0,wk inc rsv hosp,2026-09-26,27,quantile,0.025,0
2026-09-26,0,wk inc rsv hosp,2026-09-26,27,quantile,0.05,0
2026-09-26,0,wk inc rsv hosp,2026-09-26,27,quantile,0.1,0
2026-09-26,0,wk inc rsv hosp,2026-09-26,27,quantile,0.15,0
2026-09-26,0,wk inc rsv hosp,2026-09-26,27,quantile,0.2,0
2026-09-26,0,wk inc rsv hosp,2026-09-26,27,quantile,0.25,0
2026-09-26,0,wk inc rsv hosp,2026-09-26,27,quantile,0.3,0
2026-09-26,0,wk inc rsv hosp,2026-09-26,27,quantile,0.35,0
2026-09-26,0,wk inc rsv hosp,2026-09-26,27,quantile,0.4,0
2026-09-26,0,wk inc rsv hosp,2026-09-26,27,quantile,0.45,0
2026-09-26,0,wk inc rsv hosp,2026-09-26,27,quantile,0.5,0
2026-09-26,0,wk inc rsv hosp,2026-09-26,27,quantile,0.55,0
2026-09-26,0,wk inc rsv hosp,2026-09-26,27,quantile,0.6,2
2026-09-26,0,wk inc rsv hosp,2026-09-26,27,quantile,0.65,2
2026-09-26,0,wk inc rsv hosp,2026-09-26,27,quantile,0.7,3.0999999999999703
2026-09-26,0,wk inc rsv hosp,2026-09-26,27,quantile,0.75,5.250000000000007
2026-09-26,0,wk inc rsv hosp,2026-09-26,27,quantile,0.8,8.800000000000013
2026-09-26,0,wk inc rsv hosp,2026-09-26,27,quantile,0.85,14
2026-09-26,0,wk inc rsv hosp,2026-09-26,27,quantile,0.9,19
2026-09-26,0,wk inc rsv hosp,2026-09-26,27,quantile,0.95,26
2026-09-26,0,wk inc rsv hosp,2026-09-26,27,quantile,0.975,37.624999999999964
2026-09-26,0,wk inc rsv hosp,2026-09-26,27,quantile,0.99,48.7899999999999
2026-09-26,0,wk inc rsv hosp,2026-09-26,28,quantile,0.01,0
2026-09-26,0,wk inc rsv hosp,2026-09-26,28,quantile,0.025,0
2026-09-26,0,wk inc rsv hosp,2026-09-26,28,quantile,0.05,0
2026-09-26,0,wk inc rsv hosp,2026-09-26,28,quantile,0.1,0
2026-09-26,0,wk inc rsv hosp,2026-09-26,28,quantile,0.15,0.6499999999999986
2026-09-26,0,wk inc rsv hosp,2026-09-26,28,quantile,0.2,3
2026-09-26,0,wk inc rsv hosp,2026-09-26,28,quantile,0.25,3
2026-09-26,0,wk inc rsv hosp,2026-09-26,28,quantile,0.3,4
2026-09-26,0,wk inc rsv hosp,2026-09-26,28,quantile,0.35,5
2026-09-26,0,wk inc rsv hosp,2026-09-26,28,quantile,0.4,5
2026-09-26,0,wk inc rsv hosp,2026-09-26,28,quantile,0.45,5
2026-09-26,0,wk inc rsv hosp,2026-09-26,28,quantile,0.5,5
2026-09-26,0,wk inc rsv hosp,2026-09-26,28,quantile,0.55,5
2026-09-26,0,wk inc rsv hosp,2026-09-26,28,quantile,0.6,5
2026-09-26,0,wk inc rsv hosp,2026-09-26,28,quantile,0.65,5
2026-09-26,0,wk inc rsv hosp,2026-09-26,28,quantile,0.7,6
2026-09-26,0,wk inc rsv hosp,2026-09-26,28,quantile,0.75,7
2026-09-26,0,wk inc rsv hosp,2026-09-26,28,quantile,0.8,7
2026-09-26,0,wk inc rsv hosp,2026-09-26,28,quantile,0.85,9.34999999999998
2026-09-26,0,wk inc rsv hosp,2026-09-26,28,quantile,0.9,12.900000000000034
2026-09-26,0,wk inc rsv hosp,2026-09-26,28,quantile,0.95,18.899999999999952
2026-09-26,0,wk inc rsv hosp,2026-09-26,28,quantile,0.975,23
2026-09-26,0,wk inc rsv hosp,2026-09-26,28,quantile,0.99,27.539999999999853
2026-09-26,0,wk inc rsv hosp,2026-09-26,29,quantile,0.01,0
2026-09-26,0,wk inc rsv hosp,2026-09-26,29,quantile,0.025,0
2026-09-26,0,wk inc rsv hosp,2026-09-26,29,quantile,0.05,0
2026-09-26,0,wk inc rsv hosp,2026-09-26,29,quantile,0.1,0
2026-09-26,0,wk inc rsv hosp,2026-09-26,29,quantile,0.15,0
2026-09-26,0,wk inc rsv hosp,2026-09-26,29,quantile,0.2,0
2026-09-26,0,wk inc rsv hosp,2026-09-26,29,quantile,0.25,0
2026-09-26,0,wk inc rsv hosp,2026-09-26,29,quantile,0.3,0
2026-09-26,0,wk inc rsv hosp,2026-09-26,29,quantile,0.35,0
2026-09-26,0,wk inc rsv hosp,2026-09-26,29,quantile,0.4,1
2026-09-26,0,wk inc rsv hosp,2026-09-26,29,quantile,0.45,1
2026-09-26,0,wk inc rsv hosp,2026-09-26,29,quantile,0.5,1
2026-09-26,0,wk inc rsv hosp,2026-09-26,29,quantile,0.55,1
2026-09-26,0,wk inc rsv hosp,2026-09-26,29,quantile,0.6,1
2026-09-26,0,wk inc rsv hosp,2026-09-26,29,quantile,0.65,2
2026-09-26,0,wk inc rsv hosp,2026-09-26,29,quantile,0.7,2
2026-09-26,0,wk inc rsv hosp,2026-09-26,29,quantile,0.75,3
2026-09-26,0,wk inc rsv hosp,2026-09-26,29,quantile,0.8,4
2026-09-26,0,wk inc rsv hosp,2026-09-26,29,quantile,0.85,8
2026-09-26,0,wk inc rsv hosp,2026-09-26,29,quantile,0.9,16
2026-09-26,0,wk inc rsv hosp,2026-09-26,29,quantile,0.95,28.349999999999923
2026-09-26,0,wk inc rsv hosp,2026-09-26,29,quantile,0.975,41
2026-09-26,0,wk inc rsv hosp,2026-09-26,29,quantile,0.99,64.26999999999992
2026-09-26,0,wk inc rsv hosp,2026-09-26,30,quantile,0.01,0
2026-09-26,0,wk inc rsv hosp,2026-09-26,30,quantile,0.025,0
2026-09-26,0,wk inc rsv hosp,2026-09-26,30,quantile,0.05,0
2026-09-26,0,wk inc rsv hosp,2026-09-26,30,quantile,0.1,0
2026-09-26,0,wk inc rsv hosp,2026-09-26,30,quantile,0.15,0
2026-09-26,0,wk inc rsv hosp,2026-09-26,30,quantile,0.2,0
2026-09-26,0,wk inc rsv hosp,2026-09-26,30,quantile,0.25,0
2026-09-26,0,wk inc rsv hosp,2026-09-26,30,quantile,0.3,0
2026-09-26,0,wk inc rsv hosp,2026-09-26,30,quantile,0.35,0
2026-09-26,0,wk inc rsv hosp,2026-09-26,30,quantile,0.4,0
2026-09-26,0,wk inc rsv hosp,2026-09-26,30,quantile,0.45,0
2026-09-26,0,wk inc rsv hosp,2026-09-26,30,quantile,0.5,0
2026-09-26,0,wk inc rsv hosp,2026-09-26,30,quantile,0.55,0
2026-09-26,0,wk inc rsv hosp,2026-09-26,30,quantile,0.6,0
2026-09-26,0,wk inc rsv hosp,2026-09-26,30,quantile,0.65,0
2026-09-26,0,wk inc rsv hosp,2026-09-26,30,quantile,0.7,0
2026-09-26,0,wk inc rsv hosp,2026-09-26,30,quantile,0.75,0
2026-09-26,0,wk inc rsv hosp,2026-09-26,30,quantile,0.8,1
2026-09-26,0,wk inc rsv hosp,2026-09-26,30,quantile,0.85,2
2026-09-26,0,wk inc rsv hosp,2026-09-26,30,quantile,0.9,4
2026-09-26,0,wk inc rsv hosp,2026-09-26,30,quantile,0.95,10
2026-09-26,0,wk inc rsv hosp,2026-09-26,30,quantile,0.975,14.324999999999974
2026-09-26,0,wk inc rsv hosp,2026-09-26,30,quantile,0.99,20.64999999999979
2026-09-26,0,wk inc rsv hosp,2026-09-26,31,quantile,0.01,0
2026-09-26,0,wk inc rsv hosp,2026-09-26,31,quantile,0.025,0
2026-09-26,0,wk inc rsv hosp,2026-09-26,31,quantile,0.05,0
2026-09-26,0,wk inc rsv hosp,2026-09-26,31,quantile,0.1,0
2026-09-26,0,wk inc rsv hosp,2026-09-26,31,quantile,0.15,0
2026-09-26,0,wk inc rsv hosp,2026-09-26,31,quantile,0.2,0
2026-09-26,0,wk inc rsv hosp,2026-09-26,31,quantile,0.25,1
2026-09-26,0,wk inc rsv hosp,2026-09-26,31,quantile,0.3,1
2026-09-26,0,wk inc rsv hosp,2026-09-26,31,quantile,0.35,2
2026-09-26,0,wk inc rsv hosp,2026-09-26,31,quantile,0.4,2
2026-09-26,0,wk inc rsv hosp,2026-09-26,31,quantile,0.45,2
2026-09-26,0,wk inc rsv hosp,2026-09-26,31,quantile,0.5,2
2026-09-26,0,wk inc rsv hosp,2026-09-26,31,quantile,0.55,2
2026-09-26,0,wk inc rsv hosp,2026-09-26,31,quantile,0.6,2
2026-09-26,0,wk inc rsv hosp,2026-09-26,31,quantile,0.65,2
2026-09-26,0,wk inc rsv hosp,2026-09-26,31,quantile,0.7,3
2026-09-26,0,wk inc rsv hosp,2026-09-26,31,quantile,0.75,3
2026-09-26,0,wk inc rsv hosp,2026-09-26,31,quantile,0.8,4
2026-09-26,0,wk inc rsv hosp,2026-09-26,31,quantile,0.85,4.34999999999998
2026-09-26,0,wk inc rsv hosp,2026-09-26,31,quantile,0.9,7
2026-09-26,0,wk inc rsv hosp,2026-09-26,31,quantile,0.95,12.449999999999976
2026-09-26,0,wk inc rsv hosp,2026-09-26,31,quantile,0.975,18.724999999999962
2026-09-26,0,wk inc rsv hosp,2026-09-26,31,quantile,0.99,25.629999999999825
2026-09-26,0,wk inc rsv hosp,2026-09-26,32,quantile,0.01,0
2026-09-26,0,wk inc rsv hosp,2026-09-26,32,quantile,0.025,0
2026-09-26,0,wk inc rsv hosp,2026-09-26,32,quantile,0.05,0
2026-09-26,0,wk inc rsv hosp,2026-09-26,32,quantile,0.1,0
2026-09-26,0,wk inc rsv hosp,2026-09-26,32,quantile,0.15,0
2026-09-26,0,wk inc rsv hosp,2026-09-26,32,quantile,0.2,0
2026-09-26,0,wk inc rsv hosp,2026-09-26,32,quantile,0.25,0
2026-09-26,0,wk inc rsv hosp,2026-09-26,32,quantile,0.3,0
2026-09-26,0,wk inc rsv hosp,2026-09-26,32,quantile,0.35,0
2026-09-26,0,wk inc rsv hosp,2026-09-26,32,quantile,0.4,0
2026-09-26,0,wk inc rsv hosp,2026-09-26,32,quantile,0.45,0
2026-09-26,0,wk inc rsv hosp,2026-09-26,32,quantile,0.5,0
2026-09-26,0,wk inc rsv hosp,2026-09-26,32,quantile,0.55,0
2026-09-26,0,wk inc rsv hosp,2026-09-26,32,quantile,0.6,0.7999999999999938
2026-09-26,0,wk inc rsv hosp,2026-09-26,32,quantile,0.65,1
2026-09-26,0,wk inc rsv hosp,2026-09-26,32,quantile,0.7,1
2026-09-26,0,wk inc rsv hosp,2026-09-26,32,quantile,0.75,2
2026-09-26,0,wk inc rsv hosp,2026-09-26,32,quantile,0.8,4
2026-09-26,0,wk inc rsv hosp,2026-09-26,32,quantile,0.85,7
2026-09-26,0,wk inc rsv hosp,2026-09-26,32,quantile,0.9,9
2026-09-26,0,wk inc rsv hosp,2026-09-26,32,quantile,0.95,17
2026-09-26,0,wk inc rsv hosp,2026-09-26,32,quantile,0.975,24.92499999999999
2026-09-26,0,wk inc rsv hosp,2026-09-26,32,quantile,0.99,33.969999999999985
2026-09-26,0,wk inc rsv hosp,2026-09-26,33,quantile,0.01,0
2026-09-26,0,wk inc rsv hosp,2026-09-26,33,quantile,0.025,0
2026-09-26,0,wk inc rsv hosp,2026-09-26,33,quantile,0.05,0
2026-09-26,0,wk inc rsv hosp,2026-09-26,33,quantile,0.1,0
2026-09-26,0,wk inc rsv hosp,2026-09-26,33,quantile,0.15,0
2026-09-26,0,wk inc rsv hosp,2026-09-26,33,quantile,0.2,0
2026-09-26,0,wk inc rsv hosp,2026-09-26,33,quantile,0.25,0
2026-09-26,0,wk inc rsv hosp,2026-09-26,33,quantile,0.3,0
2026-09-26,0,wk inc rsv hosp,2026-09-26,33,quantile,0.35,0
2026-09-26,0,wk inc rsv hosp,2026-09-26,33,quantile,0.4,0
2026-09-26,0,wk inc rsv hosp,2026-09-26,33,quantile,0.45,0
2026-09-26,0,wk inc rsv hosp,2026-09-26,33,quantile,0.5,0
2026-09-26,0,wk inc rsv hosp,2026-09-26,33,quantile,0.55,0
2026-09-26,0,wk inc rsv hosp,2026-09-26,33,quantile,0.6,0
2026-09-26,0,wk inc rsv hosp,2026-09-26,33,quantile,0.65,1
2026-09-26,0,wk inc rsv hosp,2026-09-26,33,quantile,0.7,1
2026-09-26,0,wk inc rsv hosp,2026-09-26,33,quantile,0.75,1
2026-09-26,0,wk inc rsv hosp,2026-09-26,33,quantile,0.8,2
2026-09-26,0,wk inc rsv hosp,2026-09-26,33,quantile,0.85,3
2026-09-26,0,wk inc rsv hosp,2026-09-26,33,quantile,0.9,5.300000000000006
2026-09-26,0,wk inc rsv hosp,2026-09-26,33,quantile,0.95,10
2026-09-26,0,wk inc rsv hosp,2026-09-26,33,quantile,0.975,13.824999999999976
2026-09-26,0,wk inc rsv hosp,2026-09-26,33,quantile,0.99,15
2026-09-26,0,wk inc rsv hosp,2026-09-26,34,quantile,0.01,0
2026-09-26,0,wk inc rsv hosp,2026-09-26,34,quantile,0.025,0
2026-09-26,0,wk inc rsv hosp,2026-09-26,34,quantile,0.05,0
2026-09-26,0,wk inc rsv hosp,2026-09-26,34,quantile,0.1,0
2026-09-26,0,wk inc rsv hosp,2026-09-26,34,quantile,0.15,0
2026-09-26,0,wk inc rsv hosp,2026-09-26,34,quantile,0.2,0
2026-09-26,0,wk inc rsv hosp,2026-09-26,34,quantile,0.25,0
2026-09-26,0,wk inc rsv hosp,2026-09-26,34,quantile,0.3,1.899999999999994
2026-09-26,0,wk inc rsv hosp,2026-09-26,34,quantile,0.35,3
2026-09-26,0,wk inc rsv hosp,2026-09-26,34,quantile,0.4,5
2026-09-26,0,wk inc rsv hosp,2026-09-26,34,quantile,0.45,6
2026-09-26,0,wk inc rsv hosp,2026-09-26,34,quantile,0.5,7
2026-09-26,0,wk inc rsv hosp,2026-09-26,34,quantile,0.55,8
2026-09-26,0,wk inc rsv hosp,2026-09-26,34,quantile,0.6,9
2026-09-26,0,wk inc rsv hosp,2026-09-26,34,quantile,0.65,11
2026-09-26,0,wk inc rsv hosp,2026-09-26,34,quantile,0.7,12.099999999999977
2026-09-26,0,wk inc rsv hosp,2026-09-26,34,quantile,0.75,14
2026-09-26,0,wk inc rsv hosp,2026-09-26,34,quantile,0.8,19
2026-09-26,0,wk inc rsv hosp,2026-09-26,34,quantile,0.85,27
2026-09-26,0,wk inc rsv hosp,2026-09-26,34,quantile,0.9,43.800000000000054
2026-09-26,0,wk inc rsv hosp,2026-09-26,34,quantile,0.95,63.049999999999926
2026-09-26,0,wk inc rsv hosp,2026-09-26,34,quantile,0.975,95.07499999999989
2026-09-26,0,wk inc rsv hosp,2026-09-26,34,quantile,0.99,122.47999999999996
2026-09-26,0,wk inc rsv hosp,2026-09-26,35,quantile,0.01,0
2026-09-26,0,wk inc rsv hosp,2026-09-26,35,quantile,0.025,0
2026-09-26,0,wk inc rsv hosp,2026-09-26,35,quantile,0.05,0
2026-09-26,0,wk inc rsv hosp,2026-09-26,35,quantile,0.1,0
2026-09-26,0,wk inc rsv hosp,2026-09-26,35,quantile,0.15,0
2026-09-26,0,wk inc rsv hosp,2026-09-26,35,quantile,0.2,0
2026-09-26,0,wk inc rsv hosp,2026-09-26,35,quantile,0.25,0
2026-09-26,0,wk inc rsv hosp,2026-09-26,35,quantile,0.3,0
2026-09-26,0,wk inc rsv hosp,2026-09-26,35,quantile,0.35,0
2026-09-26,0,wk inc rsv hosp,2026-09-26,35,quantile,0.4,0
2026-09-26,0,wk inc rsv hosp,2026-09-26,35,quantile,0.45,0
2026-09-26,0,wk inc rsv hosp,2026-09-26,35,quantile,0.5,0
2026-09-26,0,wk inc rsv hosp,2026-09-26,35,quantile,0.55,0
2026-09-26,0,wk inc rsv hosp,2026-09-26,35,quantile,0.6,0
2026-09-26,0,wk inc rsv hosp,2026-09-26,35,quantile,0.65,1
2026-09-26,0,wk inc rsv hosp,2026-09-26,35,quantile,0.7,1
2026-09-26,0,wk inc rsv hosp,2026-09-26,35,quantile,0.75,2
2026-09-26,0,wk inc rsv hosp,2026-09-26,35,quantile,0.8,3
2026-09-26,0,wk inc rsv hosp,2026-09-26,35,quantile,0.85,4
2026-09-26,0,wk inc rsv hosp,2026-09-26,35,quantile,0.9,7.500000000000009
2026-09-26,0,wk inc rsv hosp,2026-09-26,35,quantile,0.95,19.749999999999943
2026-09-26,0,wk inc rsv hosp,2026-09-26,35,quantile,0.975,27.87499999999998
2026-09-26,0,wk inc rsv hosp,2026-09-26,35,quantile,0.99,31.94999999999997
2026-09-26,0,wk inc rsv hosp,2026-09-26,36,quantile,0.01,0
2026-09-26,0,wk inc rsv hosp,2026-09-26,36,quantile,0.025,0
2026-09-26,0,wk inc rsv hosp,2026-09-26,36,quantile,0.05,0
2026-09-26,0,wk inc rsv hosp,2026-09-26,36,quantile,0.1,0
2026-09-26,0,wk inc rsv hosp,2026-09-26,36,quantile,0.15,3.299999999999997
2026-09-26,0,wk inc rsv hosp,2026-09-26,36,quantile,0.2,15.20000000000001
2026-09-26,0,wk inc rsv hosp,2026-09-26,36,quantile,0.25,21
2026-09-26,0,wk inc rsv hosp,2026-09-26,36,quantile,0.3,25.299999999999994
2026-09-26,0,wk inc rsv hosp,2026-09-26,36,quantile,0.35,27
2026-09-26,0,wk inc rsv hosp,2026-09-26,36,quantile,0.4,29
2026-09-26,0,wk inc rsv hosp,2026-09-26,36,quantile,0.45,30
2026-09-26,0,wk inc rsv hosp,2026-09-26,36,quantile,0.5,30
2026-09-26,0,wk inc rsv hosp,2026-09-26,36,quantile,0.55,30
2026-09-26,0,wk inc rsv hosp,2026-09-26,36,quantile,0.6,31
2026-09-26,0,wk inc rsv hosp,2026-09-26,36,quantile,0.65,33
2026-09-26,0,wk inc rsv hosp,2026-09-26,36,quantile,0.7,34.69999999999996
2026-09-26,0,wk inc rsv hosp,2026-09-26,36,quantile,0.75,39
2026-09-26,0,wk inc rsv hosp,2026-09-26,36,quantile,0.8,44.80000000000002
2026-09-26,0,wk inc rsv hosp,2026-09-26,36,quantile,0.85,56.69999999999996
2026-09-26,0,wk inc rsv hosp,2026-09-26,36,quantile,0.9,80.4000000000002
2026-09-26,0,wk inc rsv hosp,2026-09-26,36,quantile,0.95,121.89999999999995
2026-09-26,0,wk inc rsv hosp,2026-09-26,36,quantile,0.975,167.6249999999998
2026-09-26,0,wk inc rsv hosp,2026-09-26,36,quantile,0.99,204.4399999999996
2026-09-26,0,wk inc rsv hosp,2026-09-26,37,quantile,0.01,0
2026-09-26,0,wk inc rsv hosp,2026-09-26,37,quantile,0.025,0
2026-09-26,0,wk inc rsv hosp,2026-09-26,37,quantile,0.05,0
2026-09-26,0,wk inc rsv hosp,2026-09-26,37,quantile,0.1,0
2026-09-26,0,wk inc rsv hosp,2026-09-26,37,quantile,0.15,0
2026-09-26,0,wk inc rsv hosp,2026-09-26,37,quantile,0.2,0
2026-09-26,0,wk inc rsv hosp,2026-09-26,37,quantile,0.25,0
2026-09-26,0,wk inc rsv hosp,2026-09-26,37,quantile,0.3,0
2026-09-26,0,wk inc rsv hosp,2026-09-26,37,quantile,0.35,2
2026-09-26,0,wk inc rsv hosp,2026-09-26,37,quantile,0.4,4
2026-09-26,0,wk inc rsv hosp,2026-09-26,37,quantile,0.45,5
2026-09-26,0,wk inc rsv hosp,2026-09-26,37,quantile,0.5,6
2026-09-26,0,wk inc rsv hosp,2026-09-26,37,quantile,0.55,7
2026-09-26,0,wk inc rsv hosp,2026-09-26,37,quantile,0.6,8
2026-09-26,0,wk inc rsv hosp,2026-09-26,37,quantile,0.65,10
2026-09-26,0,wk inc rsv hosp,2026-09-26,37,quantile,0.7,13
2026-09-26,0,wk inc rsv hosp,2026-09-26,37,quantile,0.75,17.749999999999993
2026-09-26,0,wk inc rsv hosp,2026-09-26,37,quantile,0.8,22
2026-09-26,0,wk inc rsv hosp,2026-09-26,37,quantile,0.85,30.85
2026-09-26,0,wk inc rsv hosp,2026-09-26,37,quantile,0.9,42.90000000000003
2026-09-26,0,wk inc rsv hosp,2026-09-26,37,quantile,0.95,63.59999999999985
2026-09-26,0,wk inc rsv hosp,2026-09-26,37,quantile,0.975,109.3499999999994
2026-09-26,0,wk inc rsv hosp,2026-09-26,37,quantile,0.99,142.93999999999983
2026-09-26,0,wk inc rsv hosp,2026-09-26,38,quantile,0.01,0
2026-09-26,0,wk inc rsv hosp,2026-09-26,38,quantile,0.025,0
2026-09-26,0,wk inc rsv hosp,2026-09-26,38,quantile,0.05,0
2026-09-26,0,wk inc rsv hosp,2026-09-26,38,quantile,0.1,0
2026-09-26,0,wk inc rsv hosp,2026-09-26,38,quantile,0.15,0
2026-09-26,0,wk inc rsv hosp,2026-09-26,38,quantile,0.2,0
2026-09-26,0,wk inc rsv hosp,2026-09-26,38,quantile,0.25,0
2026-09-26,0,wk inc rsv hosp,2026-09-26,38,quantile,0.3,0
2026-09-26,0,wk inc rsv hosp,2026-09-26,38,quantile,0.35,0
2026-09-26,0,wk inc rsv hosp,2026-09-26,38,quantile,0.4,0
2026-09-26,0,wk inc rsv hosp,2026-09-26,38,quantile,0.45,0
2026-09-26,0,wk inc rsv hosp,2026-09-26,38,quantile,0.5,0
2026-09-26,0,wk inc rsv hosp,2026-09-26,38,quantile,0.55,0
2026-09-26,0,wk inc rsv hosp,2026-09-26,38,quantile,0.6,0
2026-09-26,0,wk inc rsv hosp,2026-09-26,38,quantile,0.65,0
2026-09-26,0,wk inc rsv hosp,2026-09-26,38,quantile,0.7,0
2026-09-26,0,wk inc rsv hosp,2026-09-26,38,quantile,0.75,1
2026-09-26,0,wk inc rsv hosp,2026-09-26,38,quantile,0.8,1
2026-09-26,0,wk inc rsv hosp,2026-09-26,38,quantile,0.85,2
2026-09-26,0,wk inc rsv hosp,2026-09-26,38,quantile,0.9,3.6999999999999886
2026-09-26,0,wk inc rsv hosp,2026-09-26,38,quantile,0.95,6
2026-09-26,0,wk inc rsv hosp,2026-09-26,38,quantile,0.975,8
2026-09-26,0,wk inc rsv hosp,2026-09-26,38,quantile,0.99,11.069999999999958
2026-09-26,0,wk inc rsv hosp,2026-09-26,39,quantile,0.01,0
2026-09-26,0,wk inc rsv hosp,2026-09-26,39,quantile,0.025,0
2026-09-26,0,wk inc rsv hosp,2026-09-26,39,quantile,0.05,0
2026-09-26,0,wk inc rsv hosp,2026-09-26,39,quantile,0.1,0
2026-09-26,0,wk inc rsv hosp,2026-09-26,39,quantile,0.15,0
2026-09-26,0,wk inc rsv hosp,2026-09-26,39,quantile,0.2,0
2026-09-26,0,wk inc rsv hosp,2026-09-26,39,quantile,0.25,0
2026-09-26,0,wk inc rsv hosp,2026-09-26,39,quantile,0.3,2
2026-09-26,0,wk inc rsv hosp,2026-09-26,39,quantile,0.35,3
2026-09-26,0,wk inc rsv hosp,2026-09-26,39,quantile,0.4,4
2026-09-26,0,wk inc rsv hosp,2026-09-26,39,quantile,0.45,5
2026-09-26,0,wk inc rsv hosp,2026-09-26,39,quantile,0.5,5
2026-09-26,0,wk inc rsv hosp,2026-09-26,39,quantile,0.55,5
2026-09-26,0,wk inc rsv hosp,2026-09-26,39,quantile,0.6,6
2026-09-26,0,wk inc rsv hosp,2026-09-26,39,quantile,0.65,7
2026-09-26,0,wk inc rsv hosp,2026-09-26,39,quantile,0.7,8
2026-09-26,0,wk inc rsv hosp,2026-09-26,39,quantile,0.75,10
2026-09-26,0,wk inc rsv hosp,2026-09-26,39,quantile,0.8,13
2026-09-26,0,wk inc rsv hosp,2026-09-26,39,quantile,0.85,20
2026-09-26,0,wk inc rsv hosp,2026-09-26,39,quantile,0.9,35.7000000000001
2026-09-26,0,wk inc rsv hosp,2026-09-26,39,quantile,0.95,62.89999999999995
2026-09-26,0,wk inc rsv hosp,2026-09-26,39,quantile,0.975,92.44999999999992
2026-09-26,0,wk inc rsv hosp,2026-09-26,39,quantile,0.99,176.70999999999952
2026-09-26,0,wk inc rsv hosp,2026-09-26,40,quantile,0.01,0
2026-09-26,0,wk inc rsv hosp,2026-09-26,40,quantile,0.025,0
2026-09-26,0,wk inc rsv hosp,2026-09-26,40,quantile,0.05,0
2026-09-26,0,wk inc rsv hosp,2026-09-26,40,quantile,0.1,0
2026-09-26,0,wk inc rsv hosp,2026-09-26,40,quantile,0.15,0
2026-09-26,0,wk inc rsv hosp,2026-09-26,40,quantile,0.2,0
2026-09-26,0,wk inc rsv hosp,2026-09-26,40,quantile,0.25,0
2026-09-26,0,wk inc rsv hosp,2026-09-26,40,quantile,0.3,1
2026-09-26,0,wk inc rsv hosp,2026-09-26,40,quantile,0.35,1
2026-09-26,0,wk inc rsv hosp,2026-09-26,40,quantile,0.4,2
2026-09-26,0,wk inc rsv hosp,2026-09-26,40,quantile,0.45,2
2026-09-26,0,wk inc rsv hosp,2026-09-26,40,quantile,0.5,2
2026-09-26,0,wk inc rsv hosp,2026-09-26,40,quantile,0.55,2
2026-09-26,0,wk inc rsv hosp,2026-09-26,40,quantile,0.6,2
2026-09-26,0,wk inc rsv hosp,2026-09-26,40,quantile,0.65,3
2026-09-26,0,wk inc rsv hosp,2026-09-26,40,quantile,0.7,3
2026-09-26,0,wk inc rsv hosp,2026-09-26,40,quantile,0.75,4
2026-09-26,0,wk inc rsv hosp,2026-09-26,40,quantile,0.8,6
2026-09-26,0,wk inc rsv hosp,2026-09-26,40,quantile,0.85,8
2026-09-26,0,wk inc rsv hosp,2026-09-26,40,quantile,0.9,13
2026-09-26,0,wk inc rsv hosp,2026-09-26,40,quantile,0.95,21
2026-09-26,0,wk inc rsv hosp,2026-09-26,40,quantile,0.975,30
2026-09-26,0,wk inc rsv hosp,2026-09-26,40,quantile,0.99,39.269999999999925
2026-09-26,0,wk inc rsv hosp,2026-09-26,41,quantile,0.01,0
2026-09-26,0,wk inc rsv hosp,2026-09-26,41,quantile,0.025,0
2026-09-26,0,wk inc rsv hosp,2026-09-26,41,quantile,0.05,0
2026-09-26,0,wk inc rsv hosp,2026-09-26,41,quantile,0.1,0
2026-09-26,0,wk inc rsv hosp,2026-09-26,41,quantile,0.15,0
2026-09-26,0,wk inc rsv hosp,2026-09-26,41,quantile,0.2,0
2026-09-26,0,wk inc rsv hosp,2026-09-26,41,quantile,0.25,0
2026-09-26,0,wk inc rsv hosp,2026-09-26,41,quantile,0.3,0
2026-09-26,0,wk inc rsv hosp,2026-09-26,41,quantile,0.35,0
2026-09-26,0,wk inc rsv hosp,2026-09-26,41,quantile,0.4,1
2026-09-26,0,wk inc rsv hosp,2026-09-26,41,quantile,0.45,1
2026-09-26,0,wk inc rsv hosp,2026-09-26,41,quantile,0.5,1
2026-09-26,0,wk inc rsv hosp,2026-09-26,41,quantile,0.55,1
2026-09-26,0,wk inc rsv hosp,2026-09-26,41,quantile,0.6,1
2026-09-26,0,wk inc rsv hosp,2026-09-26,41,quantile,0.65,2
2026-09-26,0,wk inc rsv hosp,2026-09-26,41,quantile,0.7,2
2026-09-26,0,wk inc rsv hosp,2026-09-26,41,quantile,0.75,3
2026-09-26,0,wk inc rsv hosp,2026-09-26,41,quantile,0.8,3
2026-09-26,0,wk inc rsv hosp,2026-09-26,41,quantile,0.85,5.149999999999993
2026-09-26,0,wk inc rsv hosp,2026-09-26,41,quantile,0.9,10.100000000000025
2026-09-26,0,wk inc rsv hosp,2026-09-26,41,quantile,0.95,19.299999999999837
2026-09-26,0,wk inc rsv hosp,2026-09-26,41,quantile,0.975,36.52499999999999
2026-09-26,0,wk inc rsv hosp,2026-09-26,41,quantile,0.99,49
2026-09-26,0,wk inc rsv hosp,2026-09-26,42,quantile,0.01,0
2026-09-26,0,wk inc rsv hosp,2026-09-26,42,quantile,0.025,0
2026-09-26,0,wk inc rsv hosp,2026-09-26,42,quantile,0.05,0
2026-09-26,0,wk inc rsv hosp,2026-09-26,42,quantile,0.1,0
2026-09-26,0,wk inc rsv hosp,2026-09-26,42,quantile,0.15,5.599999999999994
2026-09-26,0,wk inc rsv hosp,2026-09-26,42,quantile,0.2,19
2026-09-26,0,wk inc rsv hosp,2026-09-26,42,quantile,0.25,26
2026-09-26,0,wk inc rsv hosp,2026-09-26,42,quantile,0.3,30
2026-09-26,0,wk inc rsv hosp,2026-09-26,42,quantile,0.35,34
2026-09-26,0,wk inc rsv hosp,2026-09-26,42,quantile,0.4,36
2026-09-26,0,wk inc rsv hosp,2026-09-26,42,quantile,0.45,37
2026-09-26,0,wk inc rsv hosp,2026-09-26,42,quantile,0.5,38
2026-09-26,0,wk inc rsv hosp,2026-09-26,42,quantile,0.55,39
2026-09-26,0,wk inc rsv hosp,2026-09-26,42,quantile,0.6,40
2026-09-26,0,wk inc rsv hosp,2026-09-26,42,quantile,0.65,42
2026-09-26,0,wk inc rsv hosp,2026-09-26,42,quantile,0.7,46
2026-09-26,0,wk inc rsv hosp,2026-09-26,42,quantile,0.75,50
2026-09-26,0,wk inc rsv hosp,2026-09-26,42,quantile,0.8,57
2026-09-26,0,wk inc rsv hosp,2026-09-26,42,quantile,0.85,70.39999999999992
2026-09-26,0,wk inc rsv hosp,2026-09-26,42,quantile,0.9,99
2026-09-26,0,wk inc rsv hosp,2026-09-26,42,quantile,0.95,126.89999999999995
2026-09-26,0,wk inc rsv hosp,2026-09-26,42,quantile,0.975,148.34999999999974
2026-09-26,0,wk inc rsv hosp,2026-09-26,42,quantile,0.99,261.33999999999935
2026-09-26,0,wk inc rsv hosp,2026-09-26,44,quantile,0.01,0
2026-09-26,0,wk inc rsv hosp,2026-09-26,44,quantile,0.025,0
2026-09-26,0,wk inc rsv hosp,2026-09-26,44,quantile,0.05,0
2026-09-26,0,wk inc rsv hosp,2026-09-26,44,quantile,0.1,0
2026-09-26,0,wk inc rsv hosp,2026-09-26,44,quantile,0.15,0
2026-09-26,0,wk inc rsv hosp,2026-09-26,44,quantile,0.2,0
2026-09-26,0,wk inc rsv hosp,2026-09-26,44,quantile,0.25,1
2026-09-26,0,wk inc rsv hosp,2026-09-26,44,quantile,0.3,2
2026-09-26,0,wk inc rsv hosp,2026-09-26,44,quantile,0.35,2
2026-09-26,0,wk inc rsv hosp,2026-09-26,44,quantile,0.4,3
2026-09-26,0,wk inc rsv hosp,2026-09-26,44,quantile,0.45,3
2026-09-26,0,wk inc rsv hosp,2026-09-26,44,quantile,0.5,3
2026-09-26,0,wk inc rsv hosp,2026-09-26,44,quantile,0.55,3
2026-09-26,0,wk inc rsv hosp,2026-09-26,44,quantile,0.6,3
2026-09-26,0,wk inc rsv hosp,2026-09-26,44,quantile,0.65,4
2026-09-26,0,wk inc rsv hosp,2026-09-26,44,quantile,0.7,4
2026-09-26,0,wk inc rsv hosp,2026-09-26,44,quantile,0.75,5
2026-09-26,0,wk inc rsv hosp,2026-09-26,44,quantile,0.8,6
2026-09-26,0,wk inc rsv hosp,2026-09-26,44,quantile,0.85,7
2026-09-26,0,wk inc rsv hosp,2026-09-26,44,quantile,0.9,8.300000000000006
2026-09-26,0,wk inc rsv hosp,2026-09-26,44,quantile,0.95,13.649999999999979
2026-09-26,0,wk inc rsv hosp,2026-09-26,44,quantile,0.975,17
2026-09-26,0,wk inc rsv hosp,2026-09-26,44,quantile,0.99,20.52999999999997
2026-09-26,0,wk inc rsv hosp,2026-09-26,45,quantile,0.01,0
2026-09-26,0,wk inc rsv hosp,2026-09-26,45,quantile,0.025,0
2026-09-26,0,wk inc rsv hosp,2026-09-26,45,quantile,0.05,0
2026-09-26,0,wk inc rsv hosp,2026-09-26,45,quantile,0.1,0
2026-09-26,0,wk inc rsv hosp,2026-09-26,45,quantile,0.15,0
2026-09-26,0,wk inc rsv hosp,2026-09-26,45,quantile,0.2,0
2026-09-26,0,wk inc rsv hosp,2026-09-26,45,quantile,0.25,2
2026-09-26,0,wk inc rsv hosp,2026-09-26,45,quantile,0.3,4
2026-09-26,0,wk inc rsv hosp,2026-09-26,45,quantile,0.35,5
2026-09-26,0,wk inc rsv hosp,2026-09-26,45,quantile,0.4,6
2026-09-26,0,wk inc rsv hosp,2026-09-26,45,quantile,0.45,6
2026-09-26,0,wk inc rsv hosp,2026-09-26,45,quantile,0.5,6
2026-09-26,0,wk inc rsv hosp,2026-09-26,45,quantile,0.55,6
2026-09-26,0,wk inc rsv hosp,2026-09-26,45,quantile,0.6,6
2026-09-26,0,wk inc rsv hosp,2026-09-26,45,quantile,0.65,7
2026-09-26,0,wk inc rsv hosp,2026-09-26,45,quantile,0.7,8
2026-09-26,0,wk inc rsv hosp,2026-09-26,45,quantile,0.75,10
2026-09-26,0,wk inc rsv hosp,2026-09-26,45,quantile,0.8,12.200000000000015
2026-09-26,0,wk inc rsv hosp,2026-09-26,45,quantile,0.85,15.649999999999991
2026-09-26,0,wk inc rsv hosp,2026-09-26,45,quantile,0.9,24.10000000000002
2026-09-26,0,wk inc rsv hosp,2026-09-26,45,quantile,0.95,38.54999999999998
2026-09-26,0,wk inc rsv hosp,2026-09-26,45,quantile,0.975,46
2026-09-26,0,wk inc rsv hosp,2026-09-26,45,quantile,0.99,61.70999999999997
2026-09-26,0,wk inc rsv hosp,2026-09-26,46,quantile,0.01,0
2026-09-26,0,wk inc rsv hosp,2026-09-26,46,quantile,0.025,0
2026-09-26,0,wk inc rsv hosp,2026-09-26,46,quantile,0.05,0
2026-09-26,0,wk inc rsv hosp,2026-09-26,46,quantile,0.1,0
2026-09-26,0,wk inc rsv hosp,2026-09-26,46,quantile,0.15,0
2026-09-26,0,wk inc rsv hosp,2026-09-26,46,quantile,0.2,0
2026-09-26,0,wk inc rsv hosp,2026-09-26,46,quantile,0.25,0
2026-09-26,0,wk inc rsv hosp,2026-09-26,46,quantile,0.3,1
2026-09-26,0,wk inc rsv hosp,2026-09-26,46,quantile,0.35,1
2026-09-26,0,wk inc rsv hosp,2026-09-26,46,quantile,0.4,1
2026-09-26,0,wk inc rsv hosp,2026-09-26,46,quantile,0.45,1
2026-09-26,0,wk inc rsv hosp,2026-09-26,46,quantile,0.5,1
2026-09-26,0,wk inc rsv hosp,2026-09-26,46,quantile,0.55,1
2026-09-26,0,wk inc rsv hosp,2026-09-26,46,quantile,0.6,1
2026-09-26,0,wk inc rsv hosp,2026-09-26,46,quantile,0.65,1
2026-09-26,0,wk inc rsv hosp,2026-09-26,46,quantile,0.7,1
2026-09-26,0,wk inc rsv hosp,2026-09-26,46,quantile,0.75,2
2026-09-26,0,wk inc rsv hosp,2026-09-26,46,quantile,0.8,2
2026-09-26,0,wk inc rsv hosp,2026-09-26,46,quantile,0.85,3
2026-09-26,0,wk inc rsv hosp,2026-09-26,46,quantile,0.9,4.1000000000000165
2026-09-26,0,wk inc rsv hosp,2026-09-26,46,quantile,0.95,8
2026-09-26,0,wk inc rsv hosp,2026-09-26,46,quantile,0.975,11.024999999999975
2026-09-26,0,wk inc rsv hosp,2026-09-26,46,quantile,0.99,15
2026-09-26,0,wk inc rsv hosp,2026-09-26,47,quantile,0.01,0
2026-09-26,0,wk inc rsv hosp,2026-09-26,47,quantile,0.025,0
2026-09-26,0,wk inc rsv hosp,2026-09-26,47,quantile,0.05,0
2026-09-26,0,wk inc rsv hosp,2026-09-26,47,quantile,0.1,0
2026-09-26,0,wk inc rsv hosp,2026-09-26,47,quantile,0.15,0
2026-09-26,0,wk inc rsv hosp,2026-09-26,47,quantile,0.2,0
2026-09-26,0,wk inc rsv hosp,2026-09-26,47,quantile,0.25,0
2026-09-26,0,wk inc rsv hosp,2026-09-26,47,quantile,0.3,1
2026-09-26,0,wk inc rsv hosp,2026-09-26,47,quantile,0.35,2
2026-09-26,0,wk inc rsv hosp,2026-09-26,47,quantile,0.4,3
2026-09-26,0,wk inc rsv hosp,2026-09-26,47,quantile,0.45,4
2026-09-26,0,wk inc rsv hosp,2026-09-26,47,quantile,0.5,4
2026-09-26,0,wk inc rsv hosp,2026-09-26,47,quantile,0.55,4
2026-09-26,0,wk inc rsv hosp,2026-09-26,47,quantile,0.6,5
2026-09-26,0,wk inc rsv hosp,2026-09-26,47,quantile,0.65,6
2026-09-26,0,wk inc rsv hosp,2026-09-26,47,quantile,0.7,7
2026-09-26,0,wk inc rsv hosp,2026-09-26,47,quantile,0.75,9
2026-09-26,0,wk inc rsv hosp,2026-09-26,47,quantile,0.8,12.000328003280051
2026-09-26,0,wk inc rsv hosp,2026-09-26,47,quantile,0.85,18
2026-09-26,0,wk inc rsv hosp,2026-09-26,47,quantile,0.9,22
2026-09-26,0,wk inc rsv hosp,2026-09-26,47,quantile,0.95,39.749999999999986
2026-09-26,0,wk inc rsv hosp,2026-09-26,47,quantile,0.975,64.99999999999984
2026-09-26,0,wk inc rsv hosp,2026-09-26,47,quantile,0.99,74.94999999999996
2026-09-26,0,wk inc rsv hosp,2026-09-26,48,quantile,0.01,0
2026-09-26,0,wk inc rsv hosp,2026-09-26,48,quantile,0.025,0
2026-09-26,0,wk inc rsv hosp,2026-09-26,48,quantile,0.05,0
2026-09-26,0,wk inc rsv hosp,2026-09-26,48,quantile,0.1,0
2026-09-26,0,wk inc rsv hosp,2026-09-26,48,quantile,0.15,15
2026-09-26,0,wk inc rsv hosp,2026-09-26,48,quantile,0.2,28.20000000000001
2026-09-26,0,wk inc rsv hosp,2026-09-26,48,quantile,0.25,36
2026-09-26,0,wk inc rsv hosp,2026-09-26,48,quantile,0.3,40
2026-09-26,0,wk inc rsv hosp,2026-09-26,48,quantile,0.35,42
2026-09-26,0,wk inc rsv hosp,2026-09-26,48,quantile,0.4,44
2026-09-26,0,wk inc rsv hosp,2026-09-26,48,quantile,0.45,44
2026-09-26,0,wk inc rsv hosp,2026-09-26,48,quantile,0.5,44
2026-09-26,0,wk inc rsv hosp,2026-09-26,48,quantile,0.55,44
2026-09-26,0,wk inc rsv hosp,2026-09-26,48,quantile,0.6,44
2026-09-26,0,wk inc rsv hosp,2026-09-26,48,quantile,0.65,46
2026-09-26,0,wk inc rsv hosp,2026-09-26,48,quantile,0.7,48
2026-09-26,0,wk inc rsv hosp,2026-09-26,48,quantile,0.75,52
2026-09-26,0,wk inc rsv hosp,2026-09-26,48,quantile,0.8,59.80000000000002
2026-09-26,0,wk inc rsv hosp,2026-09-26,48,quantile,0.85,73
2026-09-26,0,wk inc rsv hosp,2026-09-26,48,quantile,0.9,97.90000000000003
2026-09-26,0,wk inc rsv hosp,2026-09-26,48,quantile,0.95,138.3999999999997
2026-09-26,0,wk inc rsv hosp,2026-09-26,48,quantile,0.975,185.17499999999987
2026-09-26,0,wk inc rsv hosp,2026-09-26,48,quantile,0.99,223.62999999999982
2026-09-26,0,wk inc rsv hosp,2026-09-26,49,quantile,0.01,0
2026-09-26,0,wk inc rsv hosp,2026-09-26,49,quantile,0.025,0
2026-09-26,0,wk inc rsv hosp,2026-09-26,49,quantile,0.05,0
2026-09-26,0,wk inc rsv hosp,2026-09-26,49,quantile,0.1,0
2026-09-26,0,wk inc rsv hosp,2026-09-26,49,quantile,0.15,0
2026-09-26,0,wk inc rsv hosp,2026-09-26,49,quantile,0.2,0
2026-09-26,0,wk inc rsv hosp,2026-09-26,49,quantile,0.25,0
2026-09-26,0,wk inc rsv hosp,2026-09-26,49,quantile,0.3,0
2026-09-26,0,wk inc rsv hosp,2026-09-26,49,quantile,0.35,0
2026-09-26,0,wk inc rsv hosp,2026-09-26,49,quantile,0.4,1
2026-09-26,0,wk inc rsv hosp,2026-09-26,49,quantile,0.45,1
2026-09-26,0,wk inc rsv hosp,2026-09-26,49,quantile,0.5,1
2026-09-26,0,wk inc rsv hosp,2026-09-26,49,quantile,0.55,1
2026-09-26,0,wk inc rsv hosp,2026-09-26,49,quantile,0.6,1
2026-09-26,0,wk inc rsv hosp,2026-09-26,49,quantile,0.65,2
2026-09-26,0,wk inc rsv hosp,2026-09-26,49,quantile,0.7,2
2026-09-26,0,wk inc rsv hosp,2026-09-26,49,quantile,0.75,3
2026-09-26,0,wk inc rsv hosp,2026-09-26,49,quantile,0.8,4
2026-09-26,0,wk inc rsv hosp,2026-09-26,49,quantile,0.85,6
2026-09-26,0,wk inc rsv hosp,2026-09-26,49,quantile,0.9,8
2026-09-26,0,wk inc rsv hosp,2026-09-26,49,quantile,0.95,13.549999999999981
2026-09-26,0,wk inc rsv hosp,2026-09-26,49,quantile,0.975,35.974999999999675
2026-09-26,0,wk inc rsv hosp,2026-09-26,49,quantile,0.99,52
2026-09-26,0,wk inc rsv hosp,2026-09-26,50,quantile,0.01,0
2026-09-26,0,wk inc rsv hosp,2026-09-26,50,quantile,0.025,0
2026-09-26,0,wk inc rsv hosp,2026-09-26,50,quantile,0.05,0
2026-09-26,0,wk inc rsv hosp,2026-09-26,50,quantile,0.1,0
2026-09-26,0,wk inc rsv hosp,2026-09-26,50,quantile,0.15,0
2026-09-26,0,wk inc rsv hosp,2026-09-26,50,quantile,0.2,0
2026-09-26,0,wk inc rsv hosp,2026-09-26,50,quantile,0.25,0
2026-09-26,0,wk inc rsv hosp,2026-09-26,50,quantile,0.3,0
2026-09-26,0,wk inc rsv hosp,2026-09-26,50,quantile,0.35,1
2026-09-26,0,wk inc rsv hosp,2026-09-26,50,quantile,0.4,1
2026-09-26,0,wk inc rsv hosp,2026-09-26,50,quantile,0.45,1
2026-09-26,0,wk inc rsv hosp,2026-09-26,50,quantile,0.5,1
2026-09-26,0,wk inc rsv hosp,2026-09-26,50,quantile,0.55,1
2026-09-26,0,wk inc rsv hosp,2026-09-26,50,quantile,0.6,1
2026-09-26,0,wk inc rsv hosp,2026-09-26,50,quantile,0.65,1
2026-09-26,0,wk inc rsv hosp,2026-09-26,50,quantile,0.7,2
2026-09-26,0,wk inc rsv hosp,2026-09-26,50,quantile,0.75,2
2026-09-26,0,wk inc rsv hosp,2026-09-26,50,quantile,0.8,2
2026-09-26,0,wk inc rsv hosp,2026-09-26,50,quantile,0.85,3
2026-09-26,0,wk inc rsv hosp,2026-09-26,50,quantile,0.9,4
2026-09-26,0,wk inc rsv hosp,2026-09-26,50,quantile,0.95,6
2026-09-26,0,wk inc rsv hosp,2026-09-26,50,quantile,0.975,9
2026-09-26,0,wk inc rsv hosp,2026-09-26,50,quantile,0.99,11.299999999999958
2026-09-26,0,wk inc rsv hosp,2026-09-26,51,quantile,0.01,0
2026-09-26,0,wk inc rsv hosp,2026-09-26,51,quantile,0.025,0
2026-09-26,0,wk inc rsv hosp,2026-09-26,51,quantile,0.05,0
2026-09-26,0,wk inc rsv hosp,2026-09-26,51,quantile,0.1,0
2026-09-26,0,wk inc rsv hosp,2026-09-26,51,quantile,0.15,0
2026-09-26,0,wk inc rsv hosp,2026-09-26,51,quantile,0.2,0.2000000000000099
2026-09-26,0,wk inc rsv hosp,2026-09-26,51,quantile,0.25,2
2026-09-26,0,wk inc rsv hosp,2026-09-26,51,quantile,0.3,4
2026-09-26,0,wk inc rsv hosp,2026-09-26,51,quantile,0.35,5
2026-09-26,0,wk inc rsv hosp,2026-09-26,51,quantile,0.4,5
2026-09-26,0,wk inc rsv hosp,2026-09-26,51,quantile,0.45,5
2026-09-26,0,wk inc rsv hosp,2026-09-26,51,quantile,0.5,5
2026-09-26,0,wk inc rsv hosp,2026-09-26,51,quantile,0.55,5
2026-09-26,0,wk inc rsv hosp,2026-09-26,51,quantile,0.6,5
2026-09-26,0,wk inc rsv hosp,2026-09-26,51,quantile,0.65,5
2026-09-26,0,wk inc rsv hosp,2026-09-26,51,quantile,0.7,6
2026-09-26,0,wk inc rsv hosp,2026-09-26,51,quantile,0.75,8
2026-09-26,0,wk inc rsv hosp,2026-09-26,51,quantile,0.8,9.800000000000017
2026-09-26,0,wk inc rsv hosp,2026-09-26,51,quantile,0.85,13
2026-09-26,0,wk inc rsv hosp,2026-09-26,51,quantile,0.9,19
2026-09-26,0,wk inc rsv hosp,2026-09-26,51,quantile,0.95,34.449999999999974
2026-09-26,0,wk inc rsv hosp,2026-09-26,51,quantile,0.975,42
2026-09-26,0,wk inc rsv hosp,2026-09-26,51,quantile,0.99,61.769999999998674
2026-09-26,0,wk inc rsv hosp,2026-09-26,53,quantile,0.01,0
2026-09-26,0,wk inc rsv hosp,2026-09-26,53,quantile,0.025,0
2026-09-26,0,wk inc rsv hosp,2026-09-26,53,quantile,0.05,0
2026-09-26,0,wk inc rsv hosp,2026-09-26,53,quantile,0.1,0
2026-09-26,0,wk inc rsv hosp,2026-09-26,53,quantile,0.15,0
2026-09-26,0,wk inc rsv hosp,2026-09-26,53,quantile,0.2,0
2026-09-26,0,wk inc rsv hosp,2026-09-26,53,quantile,0.25,0
2026-09-26,0,wk inc rsv hosp,2026-09-26,53,quantile,0.3,0
2026-09-26,0,wk inc rsv hosp,2026-09-26,53,quantile,0.35,0
2026-09-26,0,wk inc rsv hosp,2026-09-26,53,quantile,0.4,0
2026-09-26,0,wk inc rsv hosp,2026-09-26,53,quantile,0.45,1
2026-09-26,0,wk inc rsv hosp,2026-09-26,53,quantile,0.5,1
2026-09-26,0,wk inc rsv hosp,2026-09-26,53,quantile,0.55,1
2026-09-26,0,wk inc rsv hosp,2026-09-26,53,quantile,0.6,2
2026-09-26,0,wk inc rsv hosp,2026-09-26,53,quantile,0.65,2
2026-09-26,0,wk inc rsv hosp,2026-09-26,53,quantile,0.7,3
2026-09-26,0,wk inc rsv hosp,2026-09-26,53,quantile,0.75,4
2026-09-26,0,wk inc rsv hosp,2026-09-26,53,quantile,0.8,5
2026-09-26,0,wk inc rsv hosp,2026-09-26,53,quantile,0.85,7.249999999999999
2026-09-26,0,wk inc rsv hosp,2026-09-26,53,quantile,0.9,13.50000000000002
2026-09-26,0,wk inc rsv hosp,2026-09-26,53,quantile,0.95,22
2026-09-26,0,wk inc rsv hosp,2026-09-26,53,quantile,0.975,27.37499999999995
2026-09-26,0,wk inc rsv hosp,2026-09-26,53,quantile,0.99,31.749999999999805
2026-09-26,0,wk inc rsv hosp,2026-09-26,54,quantile,0.01,0
2026-09-26,0,wk inc rsv hosp,2026-09-26,54,quantile,0.025,0
2026-09-26,0,wk inc rsv hosp,2026-09-26,54,quantile,0.05,0
2026-09-26,0,wk inc rsv hosp,2026-09-26,54,quantile,0.1,0
2026-09-26,0,wk inc rsv hosp,2026-09-26,54,quantile,0.15,0
2026-09-26,0,wk inc rsv hosp,2026-09-26,54,quantile,0.2,0
2026-09-26,0,wk inc rsv hosp,2026-09-26,54,quantile,0.25,0
2026-09-26,0,wk inc rsv hosp,2026-09-26,54,quantile,0.3,0
2026-09-26,0,wk inc rsv hosp,2026-09-26,54,quantile,0.35,0.34999999999999115
2026-09-26,0,wk inc rsv hosp,2026-09-26,54,quantile,0.4,1
2026-09-26,0,wk inc rsv hosp,2026-09-26,54,quantile,0.45,2
2026-09-26,0,wk inc rsv hosp,2026-09-26,54,quantile,0.5,2
2026-09-26,0,wk inc rsv hosp,2026-09-26,54,quantile,0.55,2
2026-09-26,0,wk inc rsv hosp,2026-09-26,54,quantile,0.6,3
2026-09-26,0,wk inc rsv hosp,2026-09-26,54,quantile,0.65,3.6500000000000132
2026-09-26,0,wk inc rsv hosp,2026-09-26,54,quantile,0.7,5
2026-09-26,0,wk inc rsv hosp,2026-09-26,54,quantile,0.75,6
2026-09-26,0,wk inc rsv hosp,2026-09-26,54,quantile,0.8,7
2026-09-26,0,wk inc rsv hosp,2026-09-26,54,quantile,0.85,10.850000000000001
2026-09-26,0,wk inc rsv hosp,2026-09-26,54,quantile,0.9,14.900000000000023
2026-09-26,0,wk inc rsv hosp,2026-09-26,54,quantile,0.95,24
2026-09-26,0,wk inc rsv hosp,2026-09-26,54,quantile,0.975,33.84999999999986
2026-09-26,0,wk inc rsv hosp,2026-09-26,54,quantile,0.99,47.94999999999987
2026-09-26,0,wk inc rsv hosp,2026-09-26,55,quantile,0.01,0
2026-09-26,0,wk inc rsv hosp,2026-09-26,55,quantile,0.025,0
2026-09-26,0,wk inc rsv hosp,2026-09-26,55,quantile,0.05,0
2026-09-26,0,wk inc rsv hosp,2026-09-26,55,quantile,0.1,0
2026-09-26,0,wk inc rsv hosp,2026-09-26,55,quantile,0.15,0
2026-09-26,0,wk inc rsv hosp,2026-09-26,55,quantile,0.2,0
2026-09-26,0,wk inc rsv hosp,2026-09-26,55,quantile,0.25,0
2026-09-26,0,wk inc rsv hosp,2026-09-26,55,quantile,0.3,0
2026-09-26,0,wk inc rsv hosp,2026-09-26,55,quantile,0.35,0
2026-09-26,0,wk inc rsv hosp,2026-09-26,55,quantile,0.4,0
2026-09-26,0,wk inc rsv hosp,2026-09-26,55,quantile,0.45,0
2026-09-26,0,wk inc rsv hosp,2026-09-26,55,quantile,0.5,0
2026-09-26,0,wk inc rsv hosp,2026-09-26,55,quantile,0.55,0
2026-09-26,0,wk inc rsv hosp,2026-09-26,55,quantile,0.6,1
2026-09-26,0,wk inc rsv hosp,2026-09-26,55,quantile,0.65,2
2026-09-26,0,wk inc rsv hosp,2026-09-26,55,quantile,0.7,3
2026-09-26,0,wk inc rsv hosp,2026-09-26,55,quantile,0.75,5
2026-09-26,0,wk inc rsv hosp,2026-09-26,55,quantile,0.8,7
2026-09-26,0,wk inc rsv hosp,2026-09-26,55,quantile,0.85,10.44999999999998
2026-09-26,0,wk inc rsv hosp,2026-09-26,55,quantile,0.9,16.6
2026-09-26,0,wk inc rsv hosp,2026-09-26,55,quantile,0.95,33
2026-09-26,0,wk inc rsv hosp,2026-09-26,55,quantile,0.975,39
2026-09-26,0,wk inc rsv hosp,2026-09-26,55,quantile,0.99,40.829999999999984
2026-09-26,0,wk inc rsv hosp,2026-09-26,56,quantile,0.01,0
2026-09-26,0,wk inc rsv hosp,2026-09-26,56,quantile,0.025,0
2026-09-26,0,wk inc rsv hosp,2026-09-26,56,quantile,0.05,0
2026-09-26,0,wk inc rsv hosp,2026-09-26,56,quantile,0.1,0
2026-09-26,0,wk inc rsv hosp,2026-09-26,56,quantile,0.15,0
2026-09-26,0,wk inc rsv hosp,2026-09-26,56,quantile,0.2,0
2026-09-26,0,wk inc rsv hosp,2026-09-26,56,quantile,0.25,0
2026-09-26,0,wk inc rsv hosp,2026-09-26,56,quantile,0.3,0
2026-09-26,0,wk inc rsv hosp,2026-09-26,56,quantile,0.35,0
2026-09-26,0,wk inc rsv hosp,2026-09-26,56,quantile,0.4,0
2026-09-26,0,wk inc rsv hosp,2026-09-26,56,quantile,0.45,0
2026-09-26,0,wk inc rsv hosp,2026-09-26,56,quantile,0.5,0
2026-09-26,0,wk inc rsv hosp,2026-09-26,56,quantile,0.55,0
2026-09-26,0,wk inc rsv hosp,2026-09-26,56,quantile,0.6,0
2026-09-26,0,wk inc rsv hosp,2026-09-26,56,quantile,0.65,0
2026-09-26,0,wk inc rsv hosp,2026-09-26,56,quantile,0.7,0
2026-09-26,0,wk inc rsv hosp,2026-09-26,56,quantile,0.75,1
2026-09-26,0,wk inc rsv hosp,2026-09-26,56,quantile,0.8,1
2026-09-26,0,wk inc rsv hosp,2026-09-26,56,quantile,0.85,2
2026-09-26,0,wk inc rsv hosp,2026-09-26,56,quantile,0.9,3
2026-09-26,0,wk inc rsv hosp,2026-09-26,56,quantile,0.95,8
2026-09-26,0,wk inc rsv hosp,2026-09-26,56,quantile,0.975,11
2026-09-26,0,wk inc rsv hosp,2026-09-26,56,quantile,0.99,16.169999999999987
2026-09-26,0,wk inc rsv hosp,2026-09-26,72,quantile,0.01,0
2026-09-26,0,wk inc rsv hosp,2026-09-26,72,quantile,0.025,0
2026-09-26,0,wk inc rsv hosp,2026-09-26,72,quantile,0.05,0
2026-09-26,0,wk inc rsv hosp,2026-09-26,72,quantile,0.1,0
2026-09-26,0,wk inc rsv hosp,2026-09-26,72,quantile,0.15,0
2026-09-26,0,wk inc rsv hosp,2026-09-26,72,quantile,0.2,0
2026-09-26,0,wk inc rsv hosp,2026-09-26,72,quantile,0.25,0
2026-09-26,0,wk inc rsv hosp,2026-09-26,72,quantile,0.3,0
2026-09-26,0,wk inc rsv hosp,2026-09-26,72,quantile,0.35,1
2026-09-26,0,wk inc rsv hosp,2026-09-26,72,quantile,0.4,2
2026-09-26,0,wk inc rsv hosp,2026-09-26,72,quantile,0.45,2
2026-09-26,0,wk inc rsv hosp,2026-09-26,72,quantile,0.5,2
2026-09-26,0,wk inc rsv hosp,2026-09-26,72,quantile,0.55,2
2026-09-26,0,wk inc rsv hosp,2026-09-26,72,quantile,0.6,2
2026-09-26,0,wk inc rsv hosp,2026-09-26,72,quantile,0.65,3
2026-09-26,0,wk inc rsv hosp,2026-09-26,72,quantile,0.7,4
2026-09-26,0,wk inc rsv hosp,2026-09-26,72,quantile,0.75,5
2026-09-26,0,wk inc rsv hosp,2026-09-26,72,quantile,0.8,7
2026-09-26,0,wk inc rsv hosp,2026-09-26,72,quantile,0.85,11
2026-09-26,0,wk inc rsv hosp,2026-09-26,72,quantile,0.9,15.900000000000034
2026-09-26,0,wk inc rsv hosp,2026-09-26,72,quantile,0.95,37.89999999999995
2026-09-26,0,wk inc rsv hosp,2026-09-26,72,quantile,0.975,58.149999999999444
2026-09-26,0,wk inc rsv hosp,2026-09-26,72,quantile,0.99,93.53999999999985
2026-09-26,0,wk inc rsv hosp,2026-09-26,US,quantile,0.01,0
2026-09-26,0,wk inc rsv hosp,2026-09-26,US,quantile,0.025,0
2026-09-26,0,wk inc rsv hosp,2026-09-26,US,quantile,0.05,0
2026-09-26,0,wk inc rsv hosp,2026-09-26,US,quantile,0.1,0
2026-09-26,0,wk inc rsv hosp,2026-09-26,US,quantile,0.15,91.05000000000001
2026-09-26,0,wk inc rsv hosp,2026-09-26,US,quantile,0.2,253.80000000000004
2026-09-26,0,wk inc rsv hosp,2026-09-26,US,quantile,0.25,319.75
2026-09-26,0,wk inc rsv hosp,2026-09-26,US,quantile,0.3,357.2
2026-09-26,0,wk inc rsv hosp,2026-09-26,US,quantile,0.35,373.45
2026-09-26,0,wk inc rsv hosp,2026-09-26,US,quantile,0.4,380
2026-09-26,0,wk inc rsv hosp,2026-09-26,US,quantile,0.45,384
2026-09-26,0,wk inc rsv hosp,2026-09-26,US,quantile,0.5,386
2026-09-26,0,wk inc rsv hosp,2026-09-26,US,quantile,0.55,388
2026-09-26,0,wk inc rsv hosp,2026-09-26,US,quantile,0.6,392
2026-09-26,0,wk inc rsv hosp,2026-09-26,US,quantile,0.65,398.55
2026-09-26,0,wk inc rsv hosp,2026-09-26,US,quantile,0.7,414.7999999999999
2026-09-26,0,wk inc rsv hosp,2026-09-26,US,quantile,0.75,452.25
2026-09-26,0,wk inc rsv hosp,2026-09-26,US,quantile,0.8,518.2
2026-09-26,0,wk inc rsv hosp,2026-09-26,US,quantile,0.85,680.95
2026-09-26,0,wk inc rsv hosp,2026-09-26,US,quantile,0.9,915.5000000000009
2026-09-26,0,wk inc rsv hosp,2026-09-26,US,quantile,0.95,1375.5500000000002
2026-09-26,0,wk inc rsv hosp,2026-09-26,US,quantile,0.975,1761.2749999999944
2026-09-26,0,wk inc rsv hosp,2026-09-26,US,quantile,0.99,2365.569999999994
2026-09-26,1,wk inc rsv hosp,2026-10-03,01,quantile,0.01,0
2026-09-26,1,wk inc rsv hosp,2026-10-03,01,quantile,0.025,0
2026-09-26,1,wk inc rsv hosp,2026-10-03,01,quantile,0.05,0
2026-09-26,1,wk inc rsv hosp,2026-10-03,01,quantile,0.1,0
2026-09-26,1,wk inc rsv hosp,2026-10-03,01,quantile,0.15,2
2026-09-26,1,wk inc rsv hosp,2026-10-03,01,quantile,0.2,4
2026-09-26,1,wk inc rsv hosp,2026-10-03,01,quantile,0.25,6
2026-09-26,1,wk inc rsv hosp,2026-10-03,01,quantile,0.3,7
2026-09-26,1,wk inc rsv hosp,2026-10-03,01,quantile,0.35,9
2026-09-26,1,wk inc rsv hosp,2026-10-03,01,quantile,0.4,10
2026-09-26,1,wk inc rsv hosp,2026-10-03,01,quantile,0.45,11.536007860078605
2026-09-26,1,wk inc rsv hosp,2026-10-03,01,quantile,0.5,12
2026-09-26,1,wk inc rsv hosp,2026-10-03,01,quantile,0.55,13
2026-09-26,1,wk inc rsv hosp,2026-10-03,01,quantile,0.6,14
2026-09-26,1,wk inc rsv hosp,2026-10-03,01,quantile,0.65,15
2026-09-26,1,wk inc rsv hosp,2026-10-03,01,quantile,0.7,17
2026-09-26,1,wk inc rsv hosp,2026-10-03,01,quantile,0.75,18
2026-09-26,1,wk inc rsv hosp,2026-10-03,01,quantile,0.8,20
2026-09-26,1,wk inc rsv hosp,2026-10-03,01,quantile,0.85,23.29045690456904
2026-09-26,1,wk inc rsv hosp,2026-10-03,01,quantile,0.9,28.11486814868151
2026-09-26,1,wk inc rsv hosp,2026-10-03,01,quantile,0.95,35.639357393573896
2026-09-26,1,wk inc rsv hosp,2026-10-03,01,quantile,0.975,47.092588425884315
2026-09-26,1,wk inc rsv hosp,2026-10-03,01,quantile,0.99,62.286260762607405
2026-09-26,1,wk inc rsv hosp,2026-10-03,02,quantile,0.01,0
2026-09-26,1,wk inc rsv hosp,2026-10-03,02,quantile,0.025,0
2026-09-26,1,wk inc rsv hosp,2026-10-03,02,quantile,0.05,0
2026-09-26,1,wk inc rsv hosp,2026-10-03,02,quantile,0.1,0
2026-09-26,1,wk inc rsv hosp,2026-10-03,02,quantile,0.15,1
2026-09-26,1,wk inc rsv hosp,2026-10-03,02,quantile,0.2,2
2026-09-26,1,wk inc rsv hosp,2026-10-03,02,quantile,0.25,3
2026-09-26,1,wk inc rsv hosp,2026-10-03,02,quantile,0.3,4
2026-09-26,1,wk inc rsv hosp,2026-10-03,02,quantile,0.35,5
2026-09-26,1,wk inc rsv hosp,2026-10-03,02,quantile,0.4,5
2026-09-26,1,wk inc rsv hosp,2026-10-03,02,quantile,0.45,6
2026-09-26,1,wk inc rsv hosp,2026-10-03,02,quantile,0.5,6
2026-09-26,1,wk inc rsv hosp,2026-10-03,02,quantile,0.55,6.080331303313043
2026-09-26,1,wk inc rsv hosp,2026-10-03,02,quantile,0.6,7
2026-09-26,1,wk inc rsv hosp,2026-10-03,02,quantile,0.65,7.398348483484863
2026-09-26,1,wk inc rsv hosp,2026-10-03,02,quantile,0.7,8
2026-09-26,1,wk inc rsv hosp,2026-10-03,02,quantile,0.75,9
2026-09-26,1,wk inc rsv hosp,2026-10-03,02,quantile,0.8,10.308865088650897
2026-09-26,1,wk inc rsv hosp,2026-10-03,02,quantile,0.85,12.037233372333722
2026-09-26,1,wk inc rsv hosp,2026-10-03,02,quantile,0.9,15
2026-09-26,1,wk inc rsv hosp,2026-10-03,02,quantile,0.95,18.809388593885924
2026-09-26,1,wk inc rsv hosp,2026-10-03,02,quantile,0.975,21.715515905159027
2026-09-26,1,wk inc rsv hosp,2026-10-03,02,quantile,0.99,23.922888428884253
2026-09-26,1,wk inc rsv hosp,2026-10-03,04,quantile,0.01,0
2026-09-26,1,wk inc rsv hosp,2026-10-03,04,quantile,0.025,0
2026-09-26,1,wk inc rsv hosp,2026-10-03,04,quantile,0.05,0
2026-09-26,1,wk inc rsv hosp,2026-10-03,04,quantile,0.1,0
2026-09-26,1,wk inc rsv hosp,2026-10-03,04,quantile,0.15,0
2026-09-26,1,wk inc rsv hosp,2026-10-03,04,quantile,0.2,0
2026-09-26,1,wk inc rsv hosp,2026-10-03,04,quantile,0.25,0
2026-09-26,1,wk inc rsv hosp,2026-10-03,04,quantile,0.3,0
2026-09-26,1,wk inc rsv hosp,2026-10-03,04,quantile,0.35,0
2026-09-26,1,wk inc rsv hosp,2026-10-03,04,quantile,0.4,0
2026-09-26,1,wk inc rsv hosp,2026-10-03,04,quantile,0.45,0
2026-09-26,1,wk inc rsv hosp,2026-10-03,04,quantile,0.5,0
2026-09-26,1,wk inc rsv hosp,2026-10-03,04,quantile,0.55,1
2026-09-26,1,wk inc rsv hosp,2026-10-03,04,quantile,0.6,2.328545285452836
2026-09-26,1,wk inc rsv hosp,2026-10-03,04,quantile,0.65,4
2026-09-26,1,wk inc rsv hosp,2026-10-03,04,quantile,0.7,5.277756777567772
2026-09-26,1,wk inc rsv hosp,2026-10-03,04,quantile,0.75,8
2026-09-26,1,wk inc rsv hosp,2026-10-03,04,quantile,0.8,10.195913959139663
2026-09-26,1,wk inc rsv hosp,2026-10-03,04,quantile,0.85,15.381080310803107
2026-09-26,1,wk inc rsv hosp,2026-10-03,04,quantile,0.9,27.292742927429348
2026-09-26,1,wk inc rsv hosp,2026-10-03,04,quantile,0.95,56.71609016090142
2026-09-26,1,wk inc rsv hosp,2026-10-03,04,quantile,0.975,83.35142876428733
2026-09-26,1,wk inc rsv hosp,2026-10-03,04,quantile,0.99,98.50981549815498
2026-09-26,1,wk inc rsv hosp,2026-10-03,05,quantile,0.01,0
2026-09-26,1,wk inc rsv hosp,2026-10-03,05,quantile,0.025,0
2026-09-26,1,wk inc rsv hosp,2026-10-03,05,quantile,0.05,0
2026-09-26,1,wk inc rsv hosp,2026-10-03,05,quantile,0.1,0
2026-09-26,1,wk inc rsv hosp,2026-10-03,05,quantile,0.15,0
2026-09-26,1,wk inc rsv hosp,2026-10-03,05,quantile,0.2,0
2026-09-26,1,wk inc rsv hosp,2026-10-03,05,quantile,0.25,0
2026-09-26,1,wk inc rsv hosp,2026-10-03,05,quantile,0.3,0
2026-09-26,1,wk inc rsv hosp,2026-10-03,05,quantile,0.35,0
2026-09-26,1,wk inc rsv hosp,2026-10-03,05,quantile,0.4,1
2026-09-26,1,wk inc rsv hosp,2026-10-03,05,quantile,0.45,1
2026-09-26,1,wk inc rsv hosp,2026-10-03,05,quantile,0.5,1
2026-09-26,1,wk inc rsv hosp,2026-10-03,05,quantile,0.55,2
2026-09-26,1,wk inc rsv hosp,2026-10-03,05,quantile,0.6,2
2026-09-26,1,wk inc rsv hosp,2026-10-03,05,quantile,0.65,3
2026-09-26,1,wk inc rsv hosp,2026-10-03,05,quantile,0.7,4
2026-09-26,1,wk inc rsv hosp,2026-10-03,05,quantile,0.75,5
2026-09-26,1,wk inc rsv hosp,2026-10-03,05,quantile,0.8,7
2026-09-26,1,wk inc rsv hosp,2026-10-03,05,quantile,0.85,9
2026-09-26,1,wk inc rsv hosp,2026-10-03,05,quantile,0.9,13.16283562835629
2026-09-26,1,wk inc rsv hosp,2026-10-03,05,quantile,0.95,19.93455884558841
2026-09-26,1,wk inc rsv hosp,2026-10-03,05,quantile,0.975,25.295605706057067
2026-09-26,1,wk inc rsv hosp,2026-10-03,05,quantile,0.99,28
2026-09-26,1,wk inc rsv hosp,2026-10-03,06,quantile,0.01,0
2026-09-26,1,wk inc rsv hosp,2026-10-03,06,quantile,0.025,0
2026-09-26,1,wk inc rsv hosp,2026-10-03,06,quantile,0.05,0
2026-09-26,1,wk inc rsv hosp,2026-10-03,06,quantile,0.1,0
2026-09-26,1,wk inc rsv hosp,2026-10-03,06,quantile,0.15,0
2026-09-26,1,wk inc rsv hosp,2026-10-03,06,quantile,0.2,0
2026-09-26,1,wk inc rsv hosp,2026-10-03,06,quantile,0.25,1
2026-09-26,1,wk inc rsv hosp,2026-10-03,06,quantile,0.3,5
2026-09-26,1,wk inc rsv hosp,2026-10-03,06,quantile,0.35,8
2026-09-26,1,wk inc rsv hosp,2026-10-03,06,quantile,0.4,11
2026-09-26,1,wk inc rsv hosp,2026-10-03,06,quantile,0.45,14
2026-09-26,1,wk inc rsv hosp,2026-10-03,06,quantile,0.5,15
2026-09-26,1,wk inc rsv hosp,2026-10-03,06,quantile,0.55,18
2026-09-26,1,wk inc rsv hosp,2026-10-03,06,quantile,0.6,21
2026-09-26,1,wk inc rsv hosp,2026-10-03,06,quantile,0.65,24.44086390863912
2026-09-26,1,wk inc rsv hosp,2026-10-03,06,quantile,0.7,30.237563375633634
2026-09-26,1,wk inc rsv hosp,2026-10-03,06,quantile,0.75,39.03525535255349
2026-09-26,1,wk inc rsv hosp,2026-10-03,06,quantile,0.8,51.621950219502295
2026-09-26,1,wk inc rsv hosp,2026-10-03,06,quantile,0.85,63.60273902739014
2026-09-26,1,wk inc rsv hosp,2026-10-03,06,quantile,0.9,81.64263042630438
2026-09-26,1,wk inc rsv hosp,2026-10-03,06,quantile,0.95,114.39891598916009
2026-09-26,1,wk inc rsv hosp,2026-10-03,06,quantile,0.975,143.46352988529875
2026-09-26,1,wk inc rsv hosp,2026-10-03,06,quantile,0.99,167.14276002759996
2026-09-26,1,wk inc rsv hosp,2026-10-03,08,quantile,0.01,0
2026-09-26,1,wk inc rsv hosp,2026-10-03,08,quantile,0.025,0
2026-09-26,1,wk inc rsv hosp,2026-10-03,08,quantile,0.05,0
2026-09-26,1,wk inc rsv hosp,2026-10-03,08,quantile,0.1,0
2026-09-26,1,wk inc rsv hosp,2026-10-03,08,quantile,0.15,0
2026-09-26,1,wk inc rsv hosp,2026-10-03,08,quantile,0.2,0
2026-09-26,1,wk inc rsv hosp,2026-10-03,08,quantile,0.25,0
2026-09-26,1,wk inc rsv hosp,2026-10-03,08,quantile,0.3,0
2026-09-26,1,wk inc rsv hosp,2026-10-03,08,quantile,0.35,0
2026-09-26,1,wk inc rsv hosp,2026-10-03,08,quantile,0.4,1
2026-09-26,1,wk inc rsv hosp,2026-10-03,08,quantile,0.45,1
2026-09-26,1,wk inc rsv hosp,2026-10-03,08,quantile,0.5,1
2026-09-26,1,wk inc rsv hosp,2026-10-03,08,quantile,0.55,2
2026-09-26,1,wk inc rsv hosp,2026-10-03,08,quantile,0.6,2
2026-09-26,1,wk inc rsv hosp,2026-10-03,08,quantile,0.65,3
2026-09-26,1,wk inc rsv hosp,2026-10-03,08,quantile,0.7,4.49478594785945
2026-09-26,1,wk inc rsv hosp,2026-10-03,08,quantile,0.75,9
2026-09-26,1,wk inc rsv hosp,2026-10-03,08,quantile,0.8,14.284582845828442
2026-09-26,1,wk inc rsv hosp,2026-10-03,08,quantile,0.85,23.550822008220045
2026-09-26,1,wk inc rsv hosp,2026-10-03,08,quantile,0.9,31.175987759877657
2026-09-26,1,wk inc rsv hosp,2026-10-03,08,quantile,0.95,44.900423004229964
2026-09-26,1,wk inc rsv hosp,2026-10-03,08,quantile,0.975,61.48456709567076
2026-09-26,1,wk inc rsv hosp,2026-10-03,08,quantile,0.99,78.15754237542455
2026-09-26,1,wk inc rsv hosp,2026-10-03,09,quantile,0.01,0
2026-09-26,1,wk inc rsv hosp,2026-10-03,09,quantile,0.025,0
2026-09-26,1,wk inc rsv hosp,2026-10-03,09,quantile,0.05,0
2026-09-26,1,wk inc rsv hosp,2026-10-03,09,quantile,0.1,0
2026-09-26,1,wk inc rsv hosp,2026-10-03,09,quantile,0.15,0
2026-09-26,1,wk inc rsv hosp,2026-10-03,09,quantile,0.2,0
2026-09-26,1,wk inc rsv hosp,2026-10-03,09,quantile,0.25,0
2026-09-26,1,wk inc rsv hosp,2026-10-03,09,quantile,0.3,0
2026-09-26,1,wk inc rsv hosp,2026-10-03,09,quantile,0.35,0
2026-09-26,1,wk inc rsv hosp,2026-10-03,09,quantile,0.4,0
2026-09-26,1,wk inc rsv hosp,2026-10-03,09,quantile,0.45,0
2026-09-26,1,wk inc rsv hosp,2026-10-03,09,quantile,0.5,0
2026-09-26,1,wk inc rsv hosp,2026-10-03,09,quantile,0.55,0
2026-09-26,1,wk inc rsv hosp,2026-10-03,09,quantile,0.6,1
2026-09-26,1,wk inc rsv hosp,2026-10-03,09,quantile,0.65,2
2026-09-26,1,wk inc rsv hosp,2026-10-03,09,quantile,0.7,3
2026-09-26,1,wk inc rsv hosp,2026-10-03,09,quantile,0.75,5
2026-09-26,1,wk inc rsv hosp,2026-10-03,09,quantile,0.8,7
2026-09-26,1,wk inc rsv hosp,2026-10-03,09,quantile,0.85,9.853403034030343
2026-09-26,1,wk inc rsv hosp,2026-10-03,09,quantile,0.9,14.11008610086103
2026-09-26,1,wk inc rsv hosp,2026-10-03,09,quantile,0.95,27.07626076260749
2026-09-26,1,wk inc rsv hosp,2026-10-03,09,quantile,0.975,42.143798687986745
2026-09-26,1,wk inc rsv hosp,2026-10-03,09,quantile,0.99,47.443243132431306
2026-09-26,1,wk inc rsv hosp,2026-10-03,10,quantile,0.01,0
2026-09-26,1,wk inc rsv hosp,2026-10-03,10,quantile,0.025,0
2026-09-26,1,wk inc rsv hosp,2026-10-03,10,quantile,0.05,0
2026-09-26,1,wk inc rsv hosp,2026-10-03,10,quantile,0.1,0
2026-09-26,1,wk inc rsv hosp,2026-10-03,10,quantile,0.15,0
2026-09-26,1,wk inc rsv hosp,2026-10-03,10,quantile,0.2,0
2026-09-26,1,wk inc rsv hosp,2026-10-03,10,quantile,0.25,0
2026-09-26,1,wk inc rsv hosp,2026-10-03,10,quantile,0.3,1
2026-09-26,1,wk inc rsv hosp,2026-10-03,10,quantile,0.35,1
2026-09-26,1,wk inc rsv hosp,2026-10-03,10,quantile,0.4,2
2026-09-26,1,wk inc rsv hosp,2026-10-03,10,quantile,0.45,2
2026-09-26,1,wk inc rsv hosp,2026-10-03,10,quantile,0.5,2
2026-09-26,1,wk inc rsv hosp,2026-10-03,10,quantile,0.55,2
2026-09-26,1,wk inc rsv hosp,2026-10-03,10,quantile,0.6,3
2026-09-26,1,wk inc rsv hosp,2026-10-03,10,quantile,0.65,3
2026-09-26,1,wk inc rsv hosp,2026-10-03,10,quantile,0.7,4
2026-09-26,1,wk inc rsv hosp,2026-10-03,10,quantile,0.75,5
2026-09-26,1,wk inc rsv hosp,2026-10-03,10,quantile,0.8,6.751555515555189
2026-09-26,1,wk inc rsv hosp,2026-10-03,10,quantile,0.85,9
2026-09-26,1,wk inc rsv hosp,2026-10-03,10,quantile,0.9,12.019170191701903
2026-09-26,1,wk inc rsv hosp,2026-10-03,10,quantile,0.95,19.998546485464843
2026-09-26,1,wk inc rsv hosp,2026-10-03,10,quantile,0.975,26.82971454714547
2026-09-26,1,wk inc rsv hosp,2026-10-03,10,quantile,0.99,45.795523355233335
2026-09-26,1,wk inc rsv hosp,2026-10-03,11,quantile,0.01,0
2026-09-26,1,wk inc rsv hosp,2026-10-03,11,quantile,0.025,0
2026-09-26,1,wk inc rsv hosp,2026-10-03,11,quantile,0.05,0
2026-09-26,1,wk inc rsv hosp,2026-10-03,11,quantile,0.1,0
2026-09-26,1,wk inc rsv hosp,2026-10-03,11,quantile,0.15,0
2026-09-26,1,wk inc rsv hosp,2026-10-03,11,quantile,0.2,0
2026-09-26,1,wk inc rsv hosp,2026-10-03,11,quantile,0.25,0
2026-09-26,1,wk inc rsv hosp,2026-10-03,11,quantile,0.3,0
2026-09-26,1,wk inc rsv hosp,2026-10-03,11,quantile,0.35,0
2026-09-26,1,wk inc rsv hosp,2026-10-03,11,quantile,0.4,0
2026-09-26,1,wk inc rsv hosp,2026-10-03,11,quantile,0.45,0
2026-09-26,1,wk inc rsv hosp,2026-10-03,11,quantile,0.5,0
2026-09-26,1,wk inc rsv hosp,2026-10-03,11,quantile,0.55,0
2026-09-26,1,wk inc rsv hosp,2026-10-03,11,quantile,0.6,1
2026-09-26,1,wk inc rsv hosp,2026-10-03,11,quantile,0.65,1
2026-09-26,1,wk inc rsv hosp,2026-10-03,11,quantile,0.7,1
2026-09-26,1,wk inc rsv hosp,2026-10-03,11,quantile,0.75,2
2026-09-26,1,wk inc rsv hosp,2026-10-03,11,quantile,0.8,2.633594335943381
2026-09-26,1,wk inc rsv hosp,2026-10-03,11,quantile,0.85,3.0962909629096202
2026-09-26,1,wk inc rsv hosp,2026-10-03,11,quantile,0.9,5
2026-09-26,1,wk inc rsv hosp,2026-10-03,11,quantile,0.95,8.632811328113247
2026-09-26,1,wk inc rsv hosp,2026-10-03,11,quantile,0.975,13.285488854888555
2026-09-26,1,wk inc rsv hosp,2026-10-03,11,quantile,0.99,17.0712337123371
2026-09-26,1,wk inc rsv hosp,2026-10-03,12,quantile,0.01,0
2026-09-26,1,wk inc rsv hosp,2026-10-03,12,quantile,0.025,12.16231062310625
2026-09-26,1,wk inc rsv hosp,2026-10-03,12,quantile,0.05,35
2026-09-26,1,wk inc rsv hosp,2026-10-03,12,quantile,0.1,58.495286952869535
2026-09-26,1,wk inc rsv hosp,2026-10-03,12,quantile,0.15,79.7009855098551
2026-09-26,1,wk inc rsv hosp,2026-10-03,12,quantile,0.2,92
2026-09-26,1,wk inc rsv hosp,2026-10-03,12,quantile,0.25,101.98557735577356
2026-09-26,1,wk inc rsv hosp,2026-10-03,12,quantile,0.3,108.8030990309903
2026-09-26,1,wk inc rsv hosp,2026-10-03,12,quantile,0.35,113
2026-09-26,1,wk inc rsv hosp,2026-10-03,12,quantile,0.4,118.619926199262
2026-09-26,1,wk inc rsv hosp,2026-10-03,12,quantile,0.45,123
2026-09-26,1,wk inc rsv hosp,2026-10-03,12,quantile,0.5,124
2026-09-26,1,wk inc rsv hosp,2026-10-03,12,quantile,0.55,125
2026-09-26,1,wk inc rsv hosp,2026-10-03,12,quantile,0.6,129.0630966309663
2026-09-26,1,wk inc rsv hosp,2026-10-03,12,quantile,0.65,135
2026-09-26,1,wk inc rsv hosp,2026-10-03,12,quantile,0.7,139
2026-09-26,1,wk inc rsv hosp,2026-10-03,12,quantile,0.75,146
2026-09-26,1,wk inc rsv hosp,2026-10-03,12,quantile,0.8,156.1528095280953
2026-09-26,1,wk inc rsv hosp,2026-10-03,12,quantile,0.85,168.29282242822433
2026-09-26,1,wk inc rsv hosp,2026-10-03,12,quantile,0.9,189.39566495664957
2026-09-26,1,wk inc rsv hosp,2026-10-03,12,quantile,0.95,213.0847853478533
2026-09-26,1,wk inc rsv hosp,2026-10-03,12,quantile,0.975,237.91820043200414
2026-09-26,1,wk inc rsv hosp,2026-10-03,12,quantile,0.99,292.8174142741416
2026-09-26,1,wk inc rsv hosp,2026-10-03,13,quantile,0.01,0
2026-09-26,1,wk inc rsv hosp,2026-10-03,13,quantile,0.025,0
2026-09-26,1,wk inc rsv hosp,2026-10-03,13,quantile,0.05,0
2026-09-26,1,wk inc rsv hosp,2026-10-03,13,quantile,0.1,0
2026-09-26,1,wk inc rsv hosp,2026-10-03,13,quantile,0.15,0
2026-09-26,1,wk inc rsv hosp,2026-10-03,13,quantile,0.2,3
2026-09-26,1,wk inc rsv hosp,2026-10-03,13,quantile,0.25,5
2026-09-26,1,wk inc rsv hosp,2026-10-03,13,quantile,0.3,8
2026-09-26,1,wk inc rsv hosp,2026-10-03,13,quantile,0.35,10
2026-09-26,1,wk inc rsv hosp,2026-10-03,13,quantile,0.4,11
2026-09-26,1,wk inc rsv hosp,2026-10-03,13,quantile,0.45,12.183832838328385
2026-09-26,1,wk inc rsv hosp,2026-10-03,13,quantile,0.5,13
2026-09-26,1,wk inc rsv hosp,2026-10-03,13,quantile,0.55,14
2026-09-26,1,wk inc rsv hosp,2026-10-03,13,quantile,0.6,15
2026-09-26,1,wk inc rsv hosp,2026-10-03,13,quantile,0.65,16.374753247532485
2026-09-26,1,wk inc rsv hosp,2026-10-03,13,quantile,0.7,19
2026-09-26,1,wk inc rsv hosp,2026-10-03,13,quantile,0.75,21.70316953169533
2026-09-26,1,wk inc rsv hosp,2026-10-03,13,quantile,0.8,25
2026-09-26,1,wk inc rsv hosp,2026-10-03,13,quantile,0.85,34
2026-09-26,1,wk inc rsv hosp,2026-10-03,13,quantile,0.9,46
2026-09-26,1,wk inc rsv hosp,2026-10-03,13,quantile,0.95,69.19238442384419
2026-09-26,1,wk inc rsv hosp,2026-10-03,13,quantile,0.975,99.76335763357622
2026-09-26,1,wk inc rsv hosp,2026-10-03,13,quantile,0.99,153.01474034740394
2026-09-26,1,wk inc rsv hosp,2026-10-03,15,quantile,0.01,0
2026-09-26,1,wk inc rsv hosp,2026-10-03,15,quantile,0.025,0
2026-09-26,1,wk inc rsv hosp,2026-10-03,15,quantile,0.05,0
2026-09-26,1,wk inc rsv hosp,2026-10-03,15,quantile,0.1,0
2026-09-26,1,wk inc rsv hosp,2026-10-03,15,quantile,0.15,1
2026-09-26,1,wk inc rsv hosp,2026-10-03,15,quantile,0.2,2
2026-09-26,1,wk inc rsv hosp,2026-10-03,15,quantile,0.25,3.2896003960039595
2026-09-26,1,wk inc rsv hosp,2026-10-03,15,quantile,0.3,4
2026-09-26,1,wk inc rsv hosp,2026-10-03,15,quantile,0.35,5
2026-09-26,1,wk inc rsv hosp,2026-10-03,15,quantile,0.4,6
2026-09-26,1,wk inc rsv hosp,2026-10-03,15,quantile,0.45,6.881379313793145
2026-09-26,1,wk inc rsv hosp,2026-10-03,15,quantile,0.5,7
2026-09-26,1,wk inc rsv hosp,2026-10-03,15,quantile,0.55,7.548275482754844
2026-09-26,1,wk inc rsv hosp,2026-10-03,15,quantile,0.6,8
2026-09-26,1,wk inc rsv hosp,2026-10-03,15,quantile,0.65,9
2026-09-26,1,wk inc rsv hosp,2026-10-03,15,quantile,0.7,10
2026-09-26,1,wk inc rsv hosp,2026-10-03,15,quantile,0.75,11
2026-09-26,1,wk inc rsv hosp,2026-10-03,15,quantile,0.8,12
2026-09-26,1,wk inc rsv hosp,2026-10-03,15,quantile,0.85,13
2026-09-26,1,wk inc rsv hosp,2026-10-03,15,quantile,0.9,15
2026-09-26,1,wk inc rsv hosp,2026-10-03,15,quantile,0.95,18
2026-09-26,1,wk inc rsv hosp,2026-10-03,15,quantile,0.975,22
2026-09-26,1,wk inc rsv hosp,2026-10-03,15,quantile,0.99,28.24792637926346
2026-09-26,1,wk inc rsv hosp,2026-10-03,16,quantile,0.01,0
2026-09-26,1,wk inc rsv hosp,2026-10-03,16,quantile,0.025,0
2026-09-26,1,wk inc rsv hosp,2026-10-03,16,quantile,0.05,0
2026-09-26,1,wk inc rsv hosp,2026-10-03,16,quantile,0.1,0
2026-09-26,1,wk inc rsv hosp,2026-10-03,16,quantile,0.15,0
2026-09-26,1,wk inc rsv hosp,2026-10-03,16,quantile,0.2,0
2026-09-26,1,wk inc rsv hosp,2026-10-03,16,quantile,0.25,0
2026-09-26,1,wk inc rsv hosp,2026-10-03,16,quantile,0.3,0
2026-09-26,1,wk inc rsv hosp,2026-10-03,16,quantile,0.35,0
2026-09-26,1,wk inc rsv hosp,2026-10-03,16,quantile,0.4,0
2026-09-26,1,wk inc rsv hosp,2026-10-03,16,quantile,0.45,0
2026-09-26,1,wk inc rsv hosp,2026-10-03,16,quantile,0.5,0
2026-09-26,1,wk inc rsv hosp,2026-10-03,16,quantile,0.55,1
2026-09-26,1,wk inc rsv hosp,2026-10-03,16,quantile,0.6,1
2026-09-26,1,wk inc rsv hosp,2026-10-03,16,quantile,0.65,2
2026-09-26,1,wk inc rsv hosp,2026-10-03,16,quantile,0.7,3
2026-09-26,1,wk inc rsv hosp,2026-10-03,16,quantile,0.75,4
2026-09-26,1,wk inc rsv hosp,2026-10-03,16,quantile,0.8,5.881162811628123
2026-09-26,1,wk inc rsv hosp,2026-10-03,16,quantile,0.85,8.37324923249231
2026-09-26,1,wk inc rsv hosp,2026-10-03,16,quantile,0.9,11.425594255942551
2026-09-26,1,wk inc rsv hosp,2026-10-03,16,quantile,0.95,16.47057820578206
2026-09-26,1,wk inc rsv hosp,2026-10-03,16,quantile,0.975,20.97196821968218
2026-09-26,1,wk inc rsv hosp,2026-10-03,16,quantile,0.99,26.609647596475767
2026-09-26,1,wk inc rsv hosp,2026-10-03,17,quantile,0.01,0
2026-09-26,1,wk inc rsv hosp,2026-10-03,17,quantile,0.025,0
2026-09-26,1,wk inc rsv hosp,2026-10-03,17,quantile,0.05,0
2026-09-26,1,wk inc rsv hosp,2026-10-03,17,quantile,0.1,0
2026-09-26,1,wk inc rsv hosp,2026-10-03,17,quantile,0.15,0
2026-09-26,1,wk inc rsv hosp,2026-10-03,17,quantile,0.2,0
2026-09-26,1,wk inc rsv hosp,2026-10-03,17,quantile,0.25,1
2026-09-26,1,wk inc rsv hosp,2026-10-03,17,quantile,0.3,4
2026-09-26,1,wk inc rsv hosp,2026-10-03,17,quantile,0.35,6
2026-09-26,1,wk inc rsv hosp,2026-10-03,17,quantile,0.4,8
2026-09-26,1,wk inc rsv hosp,2026-10-03,17,quantile,0.45,9
2026-09-26,1,wk inc rsv hosp,2026-10-03,17,quantile,0.5,10
2026-09-26,1,wk inc rsv hosp,2026-10-03,17,quantile,0.55,12
2026-09-26,1,wk inc rsv hosp,2026-10-03,17,quantile,0.6,13.32759727597275
2026-09-26,1,wk inc rsv hosp,2026-10-03,17,quantile,0.65,15.854159541595426
2026-09-26,1,wk inc rsv hosp,2026-10-03,17,quantile,0.7,19.52674226742266
2026-09-26,1,wk inc rsv hosp,2026-10-03,17,quantile,0.75,26.99162991629919
2026-09-26,1,wk inc rsv hosp,2026-10-03,17,quantile,0.8,35.25355653556545
2026-09-26,1,wk inc rsv hosp,2026-10-03,17,quantile,0.85,46.377526775267704
2026-09-26,1,wk inc rsv hosp,2026-10-03,17,quantile,0.9,64.49165691656917
2026-09-26,1,wk inc rsv hosp,2026-10-03,17,quantile,0.95,93.5874658746585
2026-09-26,1,wk inc rsv hosp,2026-10-03,17,quantile,0.975,124.25751057510595
2026-09-26,1,wk inc rsv hosp,2026-10-03,17,quantile,0.99,181.1052302523018
2026-09-26,1,wk inc rsv hosp,2026-10-03,18,quantile,0.01,0
2026-09-26,1,wk inc rsv hosp,2026-10-03,18,quantile,0.025,0
2026-09-26,1,wk inc rsv hosp,2026-10-03,18,quantile,0.05,0
2026-09-26,1,wk inc rsv hosp,2026-10-03,18,quantile,0.1,0
2026-09-26,1,wk inc rsv hosp,2026-10-03,18,quantile,0.15,0
2026-09-26,1,wk inc rsv hosp,2026-10-03,18,quantile,0.2,0
2026-09-26,1,wk inc rsv hosp,2026-10-03,18,quantile,0.25,0
2026-09-26,1,wk inc rsv hosp,2026-10-03,18,quantile,0.3,0
2026-09-26,1,wk inc rsv hosp,2026-10-03,18,quantile,0.35,0.8163276632766254
2026-09-26,1,wk inc rsv hosp,2026-10-03,18,quantile,0.4,1
2026-09-26,1,wk inc rsv hosp,2026-10-03,18,quantile,0.45,2
2026-09-26,1,wk inc rsv hosp,2026-10-03,18,quantile,0.5,2
2026-09-26,1,wk inc rsv hosp,2026-10-03,18,quantile,0.55,3
2026-09-26,1,wk inc rsv hosp,2026-10-03,18,quantile,0.6,4
2026-09-26,1,wk inc rsv hosp,2026-10-03,18,quantile,0.65,6
2026-09-26,1,wk inc rsv hosp,2026-10-03,18,quantile,0.7,7.207221072210686
2026-09-26,1,wk inc rsv hosp,2026-10-03,18,quantile,0.75,10.482742327423274
2026-09-26,1,wk inc rsv hosp,2026-10-03,18,quantile,0.8,14
2026-09-26,1,wk inc rsv hosp,2026-10-03,18,quantile,0.85,18.908485584855846
2026-09-26,1,wk inc rsv hosp,2026-10-03,18,quantile,0.9,31.4630186301865
2026-09-26,1,wk inc rsv hosp,2026-10-03,18,quantile,0.95,51.47654726547257
2026-09-26,1,wk inc rsv hosp,2026-10-03,18,quantile,0.975,69.80219077190758
2026-09-26,1,wk inc rsv hosp,2026-10-03,18,quantile,0.99,104.50161041610424
2026-09-26,1,wk inc rsv hosp,2026-10-03,19,quantile,0.01,0
2026-09-26,1,wk inc rsv hosp,2026-10-03,19,quantile,0.025,0
2026-09-26,1,wk inc rsv hosp,2026-10-03,19,quantile,0.05,0
2026-09-26,1,wk inc rsv hosp,2026-10-03,19,quantile,0.1,0
2026-09-26,1,wk inc rsv hosp,2026-10-03,19,quantile,0.15,0
2026-09-26,1,wk inc rsv hosp,2026-10-03,19,quantile,0.2,0
2026-09-26,1,wk inc rsv hosp,2026-10-03,19,quantile,0.25,0
2026-09-26,1,wk inc rsv hosp,2026-10-03,19,quantile,0.3,0
2026-09-26,1,wk inc rsv hosp,2026-10-03,19,quantile,0.35,0
2026-09-26,1,wk inc rsv hosp,2026-10-03,19,quantile,0.4,1
2026-09-26,1,wk inc rsv hosp,2026-10-03,19,quantile,0.45,1
2026-09-26,1,wk inc rsv hosp,2026-10-03,19,quantile,0.5,1
2026-09-26,1,wk inc rsv hosp,2026-10-03,19,quantile,0.55,2
2026-09-26,1,wk inc rsv hosp,2026-10-03,19,quantile,0.6,2
2026-09-26,1,wk inc rsv hosp,2026-10-03,19,quantile,0.65,3
2026-09-26,1,wk inc rsv hosp,2026-10-03,19,quantile,0.7,4
2026-09-26,1,wk inc rsv hosp,2026-10-03,19,quantile,0.75,6
2026-09-26,1,wk inc rsv hosp,2026-10-03,19,quantile,0.8,9
2026-09-26,1,wk inc rsv hosp,2026-10-03,19,quantile,0.85,14.21013410134103
2026-09-26,1,wk inc rsv hosp,2026-10-03,19,quantile,0.9,20.19096690966909
2026-09-26,1,wk inc rsv hosp,2026-10-03,19,quantile,0.95,30.129974799747977
2026-09-26,1,wk inc rsv hosp,2026-10-03,19,quantile,0.975,58.84893873938675
2026-09-26,1,wk inc rsv hosp,2026-10-03,19,quantile,0.99,90.67157591575922
2026-09-26,1,wk inc rsv hosp,2026-10-03,20,quantile,0.01,0
2026-09-26,1,wk inc rsv hosp,2026-10-03,20,quantile,0.025,0
2026-09-26,1,wk inc rsv hosp,2026-10-03,20,quantile,0.05,0
2026-09-26,1,wk inc rsv hosp,2026-10-03,20,quantile,0.1,0
2026-09-26,1,wk inc rsv hosp,2026-10-03,20,quantile,0.15,0
2026-09-26,1,wk inc rsv hosp,2026-10-03,20,quantile,0.2,0
2026-09-26,1,wk inc rsv hosp,2026-10-03,20,quantile,0.25,0
2026-09-26,1,wk inc rsv hosp,2026-10-03,20,quantile,0.3,0
2026-09-26,1,wk inc rsv hosp,2026-10-03,20,quantile,0.35,0
2026-09-26,1,wk inc rsv hosp,2026-10-03,20,quantile,0.4,1
2026-09-26,1,wk inc rsv hosp,2026-10-03,20,quantile,0.45,1
2026-09-26,1,wk inc rsv hosp,2026-10-03,20,quantile,0.5,1
2026-09-26,1,wk inc rsv hosp,2026-10-03,20,quantile,0.55,2
2026-09-26,1,wk inc rsv hosp,2026-10-03,20,quantile,0.6,2
2026-09-26,1,wk inc rsv hosp,2026-10-03,20,quantile,0.65,3
2026-09-26,1,wk inc rsv hosp,2026-10-03,20,quantile,0.7,4
2026-09-26,1,wk inc rsv hosp,2026-10-03,20,quantile,0.75,6
2026-09-26,1,wk inc rsv hosp,2026-10-03,20,quantile,0.8,8
2026-09-26,1,wk inc rsv hosp,2026-10-03,20,quantile,0.85,10.649278492784934
2026-09-26,1,wk inc rsv hosp,2026-10-03,20,quantile,0.9,15
2026-09-26,1,wk inc rsv hosp,2026-10-03,20,quantile,0.95,27.963557135571357
2026-09-26,1,wk inc rsv hosp,2026-10-03,20,quantile,0.975,35.85750457504591
2026-09-26,1,wk inc rsv hosp,2026-10-03,20,quantile,0.99,45.44249032490329
2026-09-26,1,wk inc rsv hosp,2026-10-03,21,quantile,0.01,0
2026-09-26,1,wk inc rsv hosp,2026-10-03,21,quantile,0.025,0
2026-09-26,1,wk inc rsv hosp,2026-10-03,21,quantile,0.05,0
2026-09-26,1,wk inc rsv hosp,2026-10-03,21,quantile,0.1,0
2026-09-26,1,wk inc rsv hosp,2026-10-03,21,quantile,0.15,0
2026-09-26,1,wk inc rsv hosp,2026-10-03,21,quantile,0.2,0
2026-09-26,1,wk inc rsv hosp,2026-10-03,21,quantile,0.25,0
2026-09-26,1,wk inc rsv hosp,2026-10-03,21,quantile,0.3,0
2026-09-26,1,wk inc rsv hosp,2026-10-03,21,quantile,0.35,0
2026-09-26,1,wk inc rsv hosp,2026-10-03,21,quantile,0.4,0
2026-09-26,1,wk inc rsv hosp,2026-10-03,21,quantile,0.45,0
2026-09-26,1,wk inc rsv hosp,2026-10-03,21,quantile,0.5,1
2026-09-26,1,wk inc rsv hosp,2026-10-03,21,quantile,0.55,1
2026-09-26,1,wk inc rsv hosp,2026-10-03,21,quantile,0.6,2
2026-09-26,1,wk inc rsv hosp,2026-10-03,21,quantile,0.65,3
2026-09-26,1,wk inc rsv hosp,2026-10-03,21,quantile,0.7,5
2026-09-26,1,wk inc rsv hosp,2026-10-03,21,quantile,0.75,8
2026-09-26,1,wk inc rsv hosp,2026-10-03,21,quantile,0.8,11.823526235262369
2026-09-26,1,wk inc rsv hosp,2026-10-03,21,quantile,0.85,15.83920889208893
2026-09-26,1,wk inc rsv hosp,2026-10-03,21,quantile,0.9,21.81276812768132
2026-09-26,1,wk inc rsv hosp,2026-10-03,21,quantile,0.95,35
2026-09-26,1,wk inc rsv hosp,2026-10-03,21,quantile,0.975,47
2026-09-26,1,wk inc rsv hosp,2026-10-03,21,quantile,0.99,97.58525485254954
2026-09-26,1,wk inc rsv hosp,2026-10-03,22,quantile,0.01,0
2026-09-26,1,wk inc rsv hosp,2026-10-03,22,quantile,0.025,0
2026-09-26,1,wk inc rsv hosp,2026-10-03,22,quantile,0.05,0
2026-09-26,1,wk inc rsv hosp,2026-10-03,22,quantile,0.1,0
2026-09-26,1,wk inc rsv hosp,2026-10-03,22,quantile,0.15,0
2026-09-26,1,wk inc rsv hosp,2026-10-03,22,quantile,0.2,0
2026-09-26,1,wk inc rsv hosp,2026-10-03,22,quantile,0.25,2
2026-09-26,1,wk inc rsv hosp,2026-10-03,22,quantile,0.3,4
2026-09-26,1,wk inc rsv hosp,2026-10-03,22,quantile,0.35,6
2026-09-26,1,wk inc rsv hosp,2026-10-03,22,quantile,0.4,7
2026-09-26,1,wk inc rsv hosp,2026-10-03,22,quantile,0.45,8
2026-09-26,1,wk inc rsv hosp,2026-10-03,22,quantile,0.5,8
2026-09-26,1,wk inc rsv hosp,2026-10-03,22,quantile,0.55,9
2026-09-26,1,wk inc rsv hosp,2026-10-03,22,quantile,0.6,10
2026-09-26,1,wk inc rsv hosp,2026-10-03,22,quantile,0.65,11
2026-09-26,1,wk inc rsv hosp,2026-10-03,22,quantile,0.7,13.077970779707812
2026-09-26,1,wk inc rsv hosp,2026-10-03,22,quantile,0.75,16
2026-09-26,1,wk inc rsv hosp,2026-10-03,22,quantile,0.8,19.457114571145745
2026-09-26,1,wk inc rsv hosp,2026-10-03,22,quantile,0.85,25
2026-09-26,1,wk inc rsv hosp,2026-10-03,22,quantile,0.9,30.977340773407782
2026-09-26,1,wk inc rsv hosp,2026-10-03,22,quantile,0.95,51.34209042090424
2026-09-26,1,wk inc rsv hosp,2026-10-03,22,quantile,0.975,74
2026-09-26,1,wk inc rsv hosp,2026-10-03,22,quantile,0.99,85.68302703027013
2026-09-26,1,wk inc rsv hosp,2026-10-03,23,quantile,0.01,0
2026-09-26,1,wk inc rsv hosp,2026-10-03,23,quantile,0.025,0
2026-09-26,1,wk inc rsv hosp,2026-10-03,23,quantile,0.05,0
2026-09-26,1,wk inc rsv hosp,2026-10-03,23,quantile,0.1,0
2026-09-26,1,wk inc rsv hosp,2026-10-03,23,quantile,0.15,0
2026-09-26,1,wk inc rsv hosp,2026-10-03,23,quantile,0.2,0
2026-09-26,1,wk inc rsv hosp,2026-10-03,23,quantile,0.25,0
2026-09-26,1,wk inc rsv hosp,2026-10-03,23,quantile,0.3,0
2026-09-26,1,wk inc rsv hosp,2026-10-03,23,quantile,0.35,0
2026-09-26,1,wk inc rsv hosp,2026-10-03,23,quantile,0.4,0
2026-09-26,1,wk inc rsv hosp,2026-10-03,23,quantile,0.45,0
2026-09-26,1,wk inc rsv hosp,2026-10-03,23,quantile,0.5,0
2026-09-26,1,wk inc rsv hosp,2026-10-03,23,quantile,0.55,1
2026-09-26,1,wk inc rsv hosp,2026-10-03,23,quantile,0.6,1
2026-09-26,1,wk inc rsv hosp,2026-10-03,23,quantile,0.65,1
2026-09-26,1,wk inc rsv hosp,2026-10-03,23,quantile,0.7,2
2026-09-26,1,wk inc rsv hosp,2026-10-03,23,quantile,0.75,3
2026-09-26,1,wk inc rsv hosp,2026-10-03,23,quantile,0.8,3.930411304113048
2026-09-26,1,wk inc rsv hosp,2026-10-03,23,quantile,0.85,4.584407344073424
2026-09-26,1,wk inc rsv hosp,2026-10-03,23,quantile,0.9,6
2026-09-26,1,wk inc rsv hosp,2026-10-03,23,quantile,0.95,8
2026-09-26,1,wk inc rsv hosp,2026-10-03,23,quantile,0.975,10
2026-09-26,1,wk inc rsv hosp,2026-10-03,23,quantile,0.99,12
2026-09-26,1,wk inc rsv hosp,2026-10-03,24,quantile,0.01,0
2026-09-26,1,wk inc rsv hosp,2026-10-03,24,quantile,0.025,0
2026-09-26,1,wk inc rsv hosp,2026-10-03,24,quantile,0.05,0
2026-09-26,1,wk inc rsv hosp,2026-10-03,24,quantile,0.1,0
2026-09-26,1,wk inc rsv hosp,2026-10-03,24,quantile,0.15,0
2026-09-26,1,wk inc rsv hosp,2026-10-03,24,quantile,0.2,0
2026-09-26,1,wk inc rsv hosp,2026-10-03,24,quantile,0.25,0
2026-09-26,1,wk inc rsv hosp,2026-10-03,24,quantile,0.3,2
2026-09-26,1,wk inc rsv hosp,2026-10-03,24,quantile,0.35,3
2026-09-26,1,wk inc rsv hosp,2026-10-03,24,quantile,0.4,4
2026-09-26,1,wk inc rsv hosp,2026-10-03,24,quantile,0.45,5
2026-09-26,1,wk inc rsv hosp,2026-10-03,24,quantile,0.5,5
2026-09-26,1,wk inc rsv hosp,2026-10-03,24,quantile,0.55,6
2026-09-26,1,wk inc rsv hosp,2026-10-03,24,quantile,0.6,7
2026-09-26,1,wk inc rsv hosp,2026-10-03,24,quantile,0.65,8
2026-09-26,1,wk inc rsv hosp,2026-10-03,24,quantile,0.7,10
2026-09-26,1,wk inc rsv hosp,2026-10-03,24,quantile,0.75,12.03705037050372
2026-09-26,1,wk inc rsv hosp,2026-10-03,24,quantile,0.8,16
2026-09-26,1,wk inc rsv hosp,2026-10-03,24,quantile,0.85,21
2026-09-26,1,wk inc rsv hosp,2026-10-03,24,quantile,0.9,30
2026-09-26,1,wk inc rsv hosp,2026-10-03,24,quantile,0.95,50.75619406194059
2026-09-26,1,wk inc rsv hosp,2026-10-03,24,quantile,0.975,62.69974424744244
2026-09-26,1,wk inc rsv hosp,2026-10-03,24,quantile,0.99,82.71775537755398
2026-09-26,1,wk inc rsv hosp,2026-10-03,25,quantile,0.01,0
2026-09-26,1,wk inc rsv hosp,2026-10-03,25,quantile,0.025,0
2026-09-26,1,wk inc rsv hosp,2026-10-03,25,quantile,0.05,0
2026-09-26,1,wk inc rsv hosp,2026-10-03,25,quantile,0.1,0
2026-09-26,1,wk inc rsv hosp,2026-10-03,25,quantile,0.15,0
2026-09-26,1,wk inc rsv hosp,2026-10-03,25,quantile,0.2,0
2026-09-26,1,wk inc rsv hosp,2026-10-03,25,quantile,0.25,0
2026-09-26,1,wk inc rsv hosp,2026-10-03,25,quantile,0.3,0
2026-09-26,1,wk inc rsv hosp,2026-10-03,25,quantile,0.35,0
2026-09-26,1,wk inc rsv hosp,2026-10-03,25,quantile,0.4,1
2026-09-26,1,wk inc rsv hosp,2026-10-03,25,quantile,0.45,3
2026-09-26,1,wk inc rsv hosp,2026-10-03,25,quantile,0.5,5
2026-09-26,1,wk inc rsv hosp,2026-10-03,25,quantile,0.55,7
2026-09-26,1,wk inc rsv hosp,2026-10-03,25,quantile,0.6,10
2026-09-26,1,wk inc rsv hosp,2026-10-03,25,quantile,0.65,13
2026-09-26,1,wk inc rsv hosp,2026-10-03,25,quantile,0.7,17
2026-09-26,1,wk inc rsv hosp,2026-10-03,25,quantile,0.75,22
2026-09-26,1,wk inc rsv hosp,2026-10-03,25,quantile,0.8,28.28575285752857
2026-09-26,1,wk inc rsv hosp,2026-10-03,25,quantile,0.85,37
2026-09-26,1,wk inc rsv hosp,2026-10-03,25,quantile,0.9,56.25763357633578
2026-09-26,1,wk inc rsv hosp,2026-10-03,25,quantile,0.95,87.77661026610252
2026-09-26,1,wk inc rsv hosp,2026-10-03,25,quantile,0.975,110.0724094740946
2026-09-26,1,wk inc rsv hosp,2026-10-03,25,quantile,0.99,168.73909639096527
2026-09-26,1,wk inc rsv hosp,2026-10-03,26,quantile,0.01,0
2026-09-26,1,wk inc rsv hosp,2026-10-03,26,quantile,0.025,0
2026-09-26,1,wk inc rsv hosp,2026-10-03,26,quantile,0.05,0
2026-09-26,1,wk inc rsv hosp,2026-10-03,26,quantile,0.1,0
2026-09-26,1,wk inc rsv hosp,2026-10-03,26,quantile,0.15,0
2026-09-26,1,wk inc rsv hosp,2026-10-03,26,quantile,0.2,0
2026-09-26,1,wk inc rsv hosp,2026-10-03,26,quantile,0.25,0
2026-09-26,1,wk inc rsv hosp,2026-10-03,26,quantile,0.3,0
2026-09-26,1,wk inc rsv hosp,2026-10-03,26,quantile,0.35,2
2026-09-26,1,wk inc rsv hosp,2026-10-03,26,quantile,0.4,3
2026-09-26,1,wk inc rsv hosp,2026-10-03,26,quantile,0.45,4
2026-09-26,1,wk inc rsv hosp,2026-10-03,26,quantile,0.5,4
2026-09-26,1,wk inc rsv hosp,2026-10-03,26,quantile,0.55,5
2026-09-26,1,wk inc rsv hosp,2026-10-03,26,quantile,0.6,6
2026-09-26,1,wk inc rsv hosp,2026-10-03,26,quantile,0.65,9
2026-09-26,1,wk inc rsv hosp,2026-10-03,26,quantile,0.7,13.570245702457015
2026-09-26,1,wk inc rsv hosp,2026-10-03,26,quantile,0.75,20.54372543725438
2026-09-26,1,wk inc rsv hosp,2026-10-03,26,quantile,0.8,29.65662256622567
2026-09-26,1,wk inc rsv hosp,2026-10-03,26,quantile,0.85,40.37673476734764
2026-09-26,1,wk inc rsv hosp,2026-10-03,26,quantile,0.9,54.9461764617647
2026-09-26,1,wk inc rsv hosp,2026-10-03,26,quantile,0.95,80.43147481474809
2026-09-26,1,wk inc rsv hosp,2026-10-03,26,quantile,0.975,98.19507245072413
2026-09-26,1,wk inc rsv hosp,2026-10-03,26,quantile,0.99,142.15326403264024
2026-09-26,1,wk inc rsv hosp,2026-10-03,27,quantile,0.01,0
2026-09-26,1,wk inc rsv hosp,2026-10-03,27,quantile,0.025,0
2026-09-26,1,wk inc rsv hosp,2026-10-03,27,quantile,0.05,0
2026-09-26,1,wk inc rsv hosp,2026-10-03,27,quantile,0.1,0
2026-09-26,1,wk inc rsv hosp,2026-10-03,27,quantile,0.15,0
2026-09-26,1,wk inc rsv hosp,2026-10-03,27,quantile,0.2,0
2026-09-26,1,wk inc rsv hosp,2026-10-03,27,quantile,0.25,0
2026-09-26,1,wk inc rsv hosp,2026-10-03,27,quantile,0.3,0
2026-09-26,1,wk inc rsv hosp,2026-10-03,27,quantile,0.35,0
2026-09-26,1,wk inc rsv hosp,2026-10-03,27,quantile,0.4,0
2026-09-26,1,wk inc rsv hosp,2026-10-03,27,quantile,0.45,0
2026-09-26,1,wk inc rsv hosp,2026-10-03,27,quantile,0.5,0
2026-09-26,1,wk inc rsv hosp,2026-10-03,27,quantile,0.55,2
2026-09-26,1,wk inc rsv hosp,2026-10-03,27,quantile,0.6,3.934685346853464
2026-09-26,1,wk inc rsv hosp,2026-10-03,27,quantile,0.65,6
2026-09-26,1,wk inc rsv hosp,2026-10-03,27,quantile,0.7,9.951567515675155
2026-09-26,1,wk inc rsv hosp,2026-10-03,27,quantile,0.75,12.765755157551595
2026-09-26,1,wk inc rsv hosp,2026-10-03,27,quantile,0.8,16.346947469474692
2026-09-26,1,wk inc rsv hosp,2026-10-03,27,quantile,0.85,21.705891558915592
2026-09-26,1,wk inc rsv hosp,2026-10-03,27,quantile,0.9,26.85477554775548
2026-09-26,1,wk inc rsv hosp,2026-10-03,27,quantile,0.95,38.493110931109285
2026-09-26,1,wk inc rsv hosp,2026-10-03,27,quantile,0.975,50.313525135251304
2026-09-26,1,wk inc rsv hosp,2026-10-03,27,quantile,0.99,71.03068310683092
2026-09-26,1,wk inc rsv hosp,2026-10-03,28,quantile,0.01,0
2026-09-26,1,wk inc rsv hosp,2026-10-03,28,quantile,0.025,0
2026-09-26,1,wk inc rsv hosp,2026-10-03,28,quantile,0.05,0
2026-09-26,1,wk inc rsv hosp,2026-10-03,28,quantile,0.1,0
2026-09-26,1,wk inc rsv hosp,2026-10-03,28,quantile,0.15,0
2026-09-26,1,wk inc rsv hosp,2026-10-03,28,quantile,0.2,0
2026-09-26,1,wk inc rsv hosp,2026-10-03,28,quantile,0.25,1.06579065790657
2026-09-26,1,wk inc rsv hosp,2026-10-03,28,quantile,0.3,3
2026-09-26,1,wk inc rsv hosp,2026-10-03,28,quantile,0.35,3.407375573755715
2026-09-26,1,wk inc rsv hosp,2026-10-03,28,quantile,0.4,4
2026-09-26,1,wk inc rsv hosp,2026-10-03,28,quantile,0.45,5
2026-09-26,1,wk inc rsv hosp,2026-10-03,28,quantile,0.5,5
2026-09-26,1,wk inc rsv hosp,2026-10-03,28,quantile,0.55,5
2026-09-26,1,wk inc rsv hosp,2026-10-03,28,quantile,0.6,6
2026-09-26,1,wk inc rsv hosp,2026-10-03,28,quantile,0.65,7
2026-09-26,1,wk inc rsv hosp,2026-10-03,28,quantile,0.7,8
2026-09-26,1,wk inc rsv hosp,2026-10-03,28,quantile,0.75,9.22490474904749
2026-09-26,1,wk inc rsv hosp,2026-10-03,28,quantile,0.8,11.432928329283273
2026-09-26,1,wk inc rsv hosp,2026-10-03,28,quantile,0.85,14
2026-09-26,1,wk inc rsv hosp,2026-10-03,28,quantile,0.9,18
2026-09-26,1,wk inc rsv hosp,2026-10-03,28,quantile,0.95,23.59535595355952
2026-09-26,1,wk inc rsv hosp,2026-10-03,28,quantile,0.975,28.884270842708446
2026-09-26,1,wk inc rsv hosp,2026-10-03,28,quantile,0.99,35.919168391683975
2026-09-26,1,wk inc rsv hosp,2026-10-03,29,quantile,0.01,0
2026-09-26,1,wk inc rsv hosp,2026-10-03,29,quantile,0.025,0
2026-09-26,1,wk inc rsv hosp,2026-10-03,29,quantile,0.05,0
2026-09-26,1,wk inc rsv hosp,2026-10-03,29,quantile,0.1,0
2026-09-26,1,wk inc rsv hosp,2026-10-03,29,quantile,0.15,0
2026-09-26,1,wk inc rsv hosp,2026-10-03,29,quantile,0.2,0
2026-09-26,1,wk inc rsv hosp,2026-10-03,29,quantile,0.25,0
2026-09-26,1,wk inc rsv hosp,2026-10-03,29,quantile,0.3,0
2026-09-26,1,wk inc rsv hosp,2026-10-03,29,quantile,0.35,0
2026-09-26,1,wk inc rsv hosp,2026-10-03,29,quantile,0.4,1
2026-09-26,1,wk inc rsv hosp,2026-10-03,29,quantile,0.45,1
2026-09-26,1,wk inc rsv hosp,2026-10-03,29,quantile,0.5,1
2026-09-26,1,wk inc rsv hosp,2026-10-03,29,quantile,0.55,2
2026-09-26,1,wk inc rsv hosp,2026-10-03,29,quantile,0.6,3
2026-09-26,1,wk inc rsv hosp,2026-10-03,29,quantile,0.65,4
2026-09-26,1,wk inc rsv hosp,2026-10-03,29,quantile,0.7,6
2026-09-26,1,wk inc rsv hosp,2026-10-03,29,quantile,0.75,9
2026-09-26,1,wk inc rsv hosp,2026-10-03,29,quantile,0.8,14.44570245702463
2026-09-26,1,wk inc rsv hosp,2026-10-03,29,quantile,0.85,22.787767377673788
2026-09-26,1,wk inc rsv hosp,2026-10-03,29,quantile,0.9,29
2026-09-26,1,wk inc rsv hosp,2026-10-03,29,quantile,0.95,42.74885548855487
2026-09-26,1,wk inc rsv hosp,2026-10-03,29,quantile,0.975,61.82330423304178
2026-09-26,1,wk inc rsv hosp,2026-10-03,29,quantile,0.99,77.5556826568264
2026-09-26,1,wk inc rsv hosp,2026-10-03,30,quantile,0.01,0
2026-09-26,1,wk inc rsv hosp,2026-10-03,30,quantile,0.025,0
2026-09-26,1,wk inc rsv hosp,2026-10-03,30,quantile,0.05,0
2026-09-26,1,wk inc rsv hosp,2026-10-03,30,quantile,0.1,0
2026-09-26,1,wk inc rsv hosp,2026-10-03,30,quantile,0.15,0
2026-09-26,1,wk inc rsv hosp,2026-10-03,30,quantile,0.2,0
2026-09-26,1,wk inc rsv hosp,2026-10-03,30,quantile,0.25,0
2026-09-26,1,wk inc rsv hosp,2026-10-03,30,quantile,0.3,0
2026-09-26,1,wk inc rsv hosp,2026-10-03,30,quantile,0.35,0
2026-09-26,1,wk inc rsv hosp,2026-10-03,30,quantile,0.4,0
2026-09-26,1,wk inc rsv hosp,2026-10-03,30,quantile,0.45,0
2026-09-26,1,wk inc rsv hosp,2026-10-03,30,quantile,0.5,0
2026-09-26,1,wk inc rsv hosp,2026-10-03,30,quantile,0.55,0
2026-09-26,1,wk inc rsv hosp,2026-10-03,30,quantile,0.6,0
2026-09-26,1,wk inc rsv hosp,2026-10-03,30,quantile,0.65,1
2026-09-26,1,wk inc rsv hosp,2026-10-03,30,quantile,0.7,2
2026-09-26,1,wk inc rsv hosp,2026-10-03,30,quantile,0.75,2
2026-09-26,1,wk inc rsv hosp,2026-10-03,30,quantile,0.8,4
2026-09-26,1,wk inc rsv hosp,2026-10-03,30,quantile,0.85,7
2026-09-26,1,wk inc rsv hosp,2026-10-03,30,quantile,0.9,10
2026-09-26,1,wk inc rsv hosp,2026-10-03,30,quantile,0.95,14.849997999979983
2026-09-26,1,wk inc rsv hosp,2026-10-03,30,quantile,0.975,19.257485574855938
2026-09-26,1,wk inc rsv hosp,2026-10-03,30,quantile,0.99,28.568194281942663
2026-09-26,1,wk inc rsv hosp,2026-10-03,31,quantile,0.01,0
2026-09-26,1,wk inc rsv hosp,2026-10-03,31,quantile,0.025,0
2026-09-26,1,wk inc rsv hosp,2026-10-03,31,quantile,0.05,0
2026-09-26,1,wk inc rsv hosp,2026-10-03,31,quantile,0.1,0
2026-09-26,1,wk inc rsv hosp,2026-10-03,31,quantile,0.15,0
2026-09-26,1,wk inc rsv hosp,2026-10-03,31,quantile,0.2,0
2026-09-26,1,wk inc rsv hosp,2026-10-03,31,quantile,0.25,0
2026-09-26,1,wk inc rsv hosp,2026-10-03,31,quantile,0.3,1
2026-09-26,1,wk inc rsv hosp,2026-10-03,31,quantile,0.35,1
2026-09-26,1,wk inc rsv hosp,2026-10-03,31,quantile,0.4,1
2026-09-26,1,wk inc rsv hosp,2026-10-03,31,quantile,0.45,2
2026-09-26,1,wk inc rsv hosp,2026-10-03,31,quantile,0.5,2
2026-09-26,1,wk inc rsv hosp,2026-10-03,31,quantile,0.55,2
2026-09-26,1,wk inc rsv hosp,2026-10-03,31,quantile,0.6,3
2026-09-26,1,wk inc rsv hosp,2026-10-03,31,quantile,0.65,3
2026-09-26,1,wk inc rsv hosp,2026-10-03,31,quantile,0.7,4
2026-09-26,1,wk inc rsv hosp,2026-10-03,31,quantile,0.75,5
2026-09-26,1,wk inc rsv hosp,2026-10-03,31,quantile,0.8,7
2026-09-26,1,wk inc rsv hosp,2026-10-03,31,quantile,0.85,9
2026-09-26,1,wk inc rsv hosp,2026-10-03,31,quantile,0.9,13
2026-09-26,1,wk inc rsv hosp,2026-10-03,31,quantile,0.95,19.203087030870293
2026-09-26,1,wk inc rsv hosp,2026-10-03,31,quantile,0.975,26
2026-09-26,1,wk inc rsv hosp,2026-10-03,31,quantile,0.99,34.60140851408509
2026-09-26,1,wk inc rsv hosp,2026-10-03,32,quantile,0.01,0
2026-09-26,1,wk inc rsv hosp,2026-10-03,32,quantile,0.025,0
2026-09-26,1,wk inc rsv hosp,2026-10-03,32,quantile,0.05,0
2026-09-26,1,wk inc rsv hosp,2026-10-03,32,quantile,0.1,0
2026-09-26,1,wk inc rsv hosp,2026-10-03,32,quantile,0.15,0
2026-09-26,1,wk inc rsv hosp,2026-10-03,32,quantile,0.2,0
2026-09-26,1,wk inc rsv hosp,2026-10-03,32,quantile,0.25,0
2026-09-26,1,wk inc rsv hosp,2026-10-03,32,quantile,0.3,0
2026-09-26,1,wk inc rsv hosp,2026-10-03,32,quantile,0.35,0
2026-09-26,1,wk inc rsv hosp,2026-10-03,32,quantile,0.4,0
2026-09-26,1,wk inc rsv hosp,2026-10-03,32,quantile,0.45,0
2026-09-26,1,wk inc rsv hosp,2026-10-03,32,quantile,0.5,0
2026-09-26,1,wk inc rsv hosp,2026-10-03,32,quantile,0.55,0
2026-09-26,1,wk inc rsv hosp,2026-10-03,32,quantile,0.6,1
2026-09-26,1,wk inc rsv hosp,2026-10-03,32,quantile,0.65,3
2026-09-26,1,wk inc rsv hosp,2026-10-03,32,quantile,0.7,4
2026-09-26,1,wk inc rsv hosp,2026-10-03,32,quantile,0.75,6.6031985319853135
2026-09-26,1,wk inc rsv hosp,2026-10-03,32,quantile,0.8,8
2026-09-26,1,wk inc rsv hosp,2026-10-03,32,quantile,0.85,12
2026-09-26,1,wk inc rsv hosp,2026-10-03,32,quantile,0.9,17
2026-09-26,1,wk inc rsv hosp,2026-10-03,32,quantile,0.95,26.886220862208575
2026-09-26,1,wk inc rsv hosp,2026-10-03,32,quantile,0.975,34.52867578675785
2026-09-26,1,wk inc rsv hosp,2026-10-03,32,quantile,0.99,50.10776577765808
2026-09-26,1,wk inc rsv hosp,2026-10-03,33,quantile,0.01,0
2026-09-26,1,wk inc rsv hosp,2026-10-03,33,quantile,0.025,0
2026-09-26,1,wk inc rsv hosp,2026-10-03,33,quantile,0.05,0
2026-09-26,1,wk inc rsv hosp,2026-10-03,33,quantile,0.1,0
2026-09-26,1,wk inc rsv hosp,2026-10-03,33,quantile,0.15,0
2026-09-26,1,wk inc rsv hosp,2026-10-03,33,quantile,0.2,0
2026-09-26,1,wk inc rsv hosp,2026-10-03,33,quantile,0.25,0
2026-09-26,1,wk inc rsv hosp,2026-10-03,33,quantile,0.3,0
2026-09-26,1,wk inc rsv hosp,2026-10-03,33,quantile,0.35,0
2026-09-26,1,wk inc rsv hosp,2026-10-03,33,quantile,0.4,0
2026-09-26,1,wk inc rsv hosp,2026-10-03,33,quantile,0.45,0
2026-09-26,1,wk inc rsv hosp,2026-10-03,33,quantile,0.5,0
2026-09-26,1,wk inc rsv hosp,2026-10-03,33,quantile,0.55,0
2026-09-26,1,wk inc rsv hosp,2026-10-03,33,quantile,0.6,0
2026-09-26,1,wk inc rsv hosp,2026-10-03,33,quantile,0.65,1
2026-09-26,1,wk inc rsv hosp,2026-10-03,33,quantile,0.7,1.3981209812098108
2026-09-26,1,wk inc rsv hosp,2026-10-03,33,quantile,0.75,2
2026-09-26,1,wk inc rsv hosp,2026-10-03,33,quantile,0.8,4
2026-09-26,1,wk inc rsv hosp,2026-10-03,33,quantile,0.85,6.429382293822925
2026-09-26,1,wk inc rsv hosp,2026-10-03,33,quantile,0.9,9.025702257022562
2026-09-26,1,wk inc rsv hosp,2026-10-03,33,quantile,0.95,13
2026-09-26,1,wk inc rsv hosp,2026-10-03,33,quantile,0.975,15
2026-09-26,1,wk inc rsv hosp,2026-10-03,33,quantile,0.99,19.86308823088236
2026-09-26,1,wk inc rsv hosp,2026-10-03,34,quantile,0.01,0
2026-09-26,1,wk inc rsv hosp,2026-10-03,34,quantile,0.025,0
2026-09-26,1,wk inc rsv hosp,2026-10-03,34,quantile,0.05,0
2026-09-26,1,wk inc rsv hosp,2026-10-03,34,quantile,0.1,0
2026-09-26,1,wk inc rsv hosp,2026-10-03,34,quantile,0.15,0
2026-09-26,1,wk inc rsv hosp,2026-10-03,34,quantile,0.2,0
2026-09-26,1,wk inc rsv hosp,2026-10-03,34,quantile,0.25,0
2026-09-26,1,wk inc rsv hosp,2026-10-03,34,quantile,0.3,0
2026-09-26,1,wk inc rsv hosp,2026-10-03,34,quantile,0.35,0.7673926739267358
2026-09-26,1,wk inc rsv hosp,2026-10-03,34,quantile,0.4,2.767392673926736
2026-09-26,1,wk inc rsv hosp,2026-10-03,34,quantile,0.45,4.952067020670207
2026-09-26,1,wk inc rsv hosp,2026-10-03,34,quantile,0.5,7
2026-09-26,1,wk inc rsv hosp,2026-10-03,34,quantile,0.55,9.767392673926736
2026-09-26,1,wk inc rsv hosp,2026-10-03,34,quantile,0.6,12.767392673926736
2026-09-26,1,wk inc rsv hosp,2026-10-03,34,quantile,0.65,15.767392673926736
2026-09-26,1,wk inc rsv hosp,2026-10-03,34,quantile,0.7,20.767392673926736
2026-09-26,1,wk inc rsv hosp,2026-10-03,34,quantile,0.75,27.40609156091559
2026-09-26,1,wk inc rsv hosp,2026-10-03,34,quantile,0.8,36.84017340173408
2026-09-26,1,wk inc rsv hosp,2026-10-03,34,quantile,0.85,48.86150811508116
2026-09-26,1,wk inc rsv hosp,2026-10-03,34,quantile,0.9,64.31354213542139
2026-09-26,1,wk inc rsv hosp,2026-10-03,34,quantile,0.95,98.70333903339007
2026-09-26,1,wk inc rsv hosp,2026-10-03,34,quantile,0.975,121.04171766717661
2026-09-26,1,wk inc rsv hosp,2026-10-03,34,quantile,0.99,135.91107401074007
2026-09-26,1,wk inc rsv hosp,2026-10-03,35,quantile,0.01,0
2026-09-26,1,wk inc rsv hosp,2026-10-03,35,quantile,0.025,0
2026-09-26,1,wk inc rsv hosp,2026-10-03,35,quantile,0.05,0
2026-09-26,1,wk inc rsv hosp,2026-10-03,35,quantile,0.1,0
2026-09-26,1,wk inc rsv hosp,2026-10-03,35,quantile,0.15,0
2026-09-26,1,wk inc rsv hosp,2026-10-03,35,quantile,0.2,0
2026-09-26,1,wk inc rsv hosp,2026-10-03,35,quantile,0.25,0
2026-09-26,1,wk inc rsv hosp,2026-10-03,35,quantile,0.3,0
2026-09-26,1,wk inc rsv hosp,2026-10-03,35,quantile,0.35,0
2026-09-26,1,wk inc rsv hosp,2026-10-03,35,quantile,0.4,0
2026-09-26,1,wk inc rsv hosp,2026-10-03,35,quantile,0.45,0
2026-09-26,1,wk inc rsv hosp,2026-10-03,35,quantile,0.5,0
2026-09-26,1,wk inc rsv hosp,2026-10-03,35,quantile,0.55,0
2026-09-26,1,wk inc rsv hosp,2026-10-03,35,quantile,0.6,1
2026-09-26,1,wk inc rsv hosp,2026-10-03,35,quantile,0.65,2
2026-09-26,1,wk inc rsv hosp,2026-10-03,35,quantile,0.7,2
2026-09-26,1,wk inc rsv hosp,2026-10-03,35,quantile,0.75,4.094710947109462
2026-09-26,1,wk inc rsv hosp,2026-10-03,35,quantile,0.8,6
2026-09-26,1,wk inc rsv hosp,2026-10-03,35,quantile,0.85,12
2026-09-26,1,wk inc rsv hosp,2026-10-03,35,quantile,0.9,17.71090610906112
2026-09-26,1,wk inc rsv hosp,2026-10-03,35,quantile,0.95,27.43546535465353
2026-09-26,1,wk inc rsv hosp,2026-10-03,35,quantile,0.975,33.05432554325541
2026-09-26,1,wk inc rsv hosp,2026-10-03,35,quantile,0.99,50.44776137761371
2026-09-26,1,wk inc rsv hosp,2026-10-03,36,quantile,0.01,0
2026-09-26,1,wk inc rsv hosp,2026-10-03,36,quantile,0.025,0
2026-09-26,1,wk inc rsv hosp,2026-10-03,36,quantile,0.05,0
2026-09-26,1,wk inc rsv hosp,2026-10-03,36,quantile,0.1,0
2026-09-26,1,wk inc rsv hosp,2026-10-03,36,quantile,0.15,0
2026-09-26,1,wk inc rsv hosp,2026-10-03,36,quantile,0.2,1
2026-09-26,1,wk inc rsv hosp,2026-10-03,36,quantile,0.25,9.4056790567906
2026-09-26,1,wk inc rsv hosp,2026-10-03,36,quantile,0.3,16
2026-09-26,1,wk inc rsv hosp,2026-10-03,36,quantile,0.35,21
2026-09-26,1,wk inc rsv hosp,2026-10-03,36,quantile,0.4,25.644742447424477
2026-09-26,1,wk inc rsv hosp,2026-10-03,36,quantile,0.45,28.84362943629438
2026-09-26,1,wk inc rsv hosp,2026-10-03,36,quantile,0.5,30
2026-09-26,1,wk inc rsv hosp,2026-10-03,36,quantile,0.55,32.68991239912404
2026-09-26,1,wk inc rsv hosp,2026-10-03,36,quantile,0.6,36
2026-09-26,1,wk inc rsv hosp,2026-10-03,36,quantile,0.65,40.60028500285004
2026-09-26,1,wk inc rsv hosp,2026-10-03,36,quantile,0.7,46.0432184321842
2026-09-26,1,wk inc rsv hosp,2026-10-03,36,quantile,0.75,57.537957879578784
2026-09-26,1,wk inc rsv hosp,2026-10-03,36,quantile,0.8,71.96639966399668
2026-09-26,1,wk inc rsv hosp,2026-10-03,36,quantile,0.85,99.36338613386131
2026-09-26,1,wk inc rsv hosp,2026-10-03,36,quantile,0.9,121.36532265322656
2026-09-26,1,wk inc rsv hosp,2026-10-03,36,quantile,0.95,168.3232277322774
2026-09-26,1,wk inc rsv hosp,2026-10-03,36,quantile,0.975,204.56797542975443
2026-09-26,1,wk inc rsv hosp,2026-10-03,36,quantile,0.99,250.90035010350334
2026-09-26,1,wk inc rsv hosp,2026-10-03,37,quantile,0.01,0
2026-09-26,1,wk inc rsv hosp,2026-10-03,37,quantile,0.025,0
2026-09-26,1,wk inc rsv hosp,2026-10-03,37,quantile,0.05,0
2026-09-26,1,wk inc rsv hosp,2026-10-03,37,quantile,0.1,0
2026-09-26,1,wk inc rsv hosp,2026-10-03,37,quantile,0.15,0
2026-09-26,1,wk inc rsv hosp,2026-10-03,37,quantile,0.2,0
2026-09-26,1,wk inc rsv hosp,2026-10-03,37,quantile,0.25,0
2026-09-26,1,wk inc rsv hosp,2026-10-03,37,quantile,0.3,0
2026-09-26,1,wk inc rsv hosp,2026-10-03,37,quantile,0.35,0
2026-09-26,1,wk inc rsv hosp,2026-10-03,37,quantile,0.4,1.0380553805538142
2026-09-26,1,wk inc rsv hosp,2026-10-03,37,quantile,0.45,3.038055380553814
2026-09-26,1,wk inc rsv hosp,2026-10-03,37,quantile,0.5,6
2026-09-26,1,wk inc rsv hosp,2026-10-03,37,quantile,0.55,9.038055380553814
2026-09-26,1,wk inc rsv hosp,2026-10-03,37,quantile,0.6,12.809639096390983
2026-09-26,1,wk inc rsv hosp,2026-10-03,37,quantile,0.65,17.038055380553814
2026-09-26,1,wk inc rsv hosp,2026-10-03,37,quantile,0.7,22.553898538985397
2026-09-26,1,wk inc rsv hosp,2026-10-03,37,quantile,0.75,28.341073410734126
2026-09-26,1,wk inc rsv hosp,2026-10-03,37,quantile,0.8,35.41639516395165
2026-09-26,1,wk inc rsv hosp,2026-10-03,37,quantile,0.85,44.82343323433229
2026-09-26,1,wk inc rsv hosp,2026-10-03,37,quantile,0.9,63.481078810788134
2026-09-26,1,wk inc rsv hosp,2026-10-03,37,quantile,0.95,106.72466774667735
2026-09-26,1,wk inc rsv hosp,2026-10-03,37,quantile,0.975,141.53139981399798
2026-09-26,1,wk inc rsv hosp,2026-10-03,37,quantile,0.99,195.13794497944954
2026-09-26,1,wk inc rsv hosp,2026-10-03,38,quantile,0.01,0
2026-09-26,1,wk inc rsv hosp,2026-10-03,38,quantile,0.025,0
2026-09-26,1,wk inc rsv hosp,2026-10-03,38,quantile,0.05,0
2026-09-26,1,wk inc rsv hosp,2026-10-03,38,quantile,0.1,0
2026-09-26,1,wk inc rsv hosp,2026-10-03,38,quantile,0.15,0
2026-09-26,1,wk inc rsv hosp,2026-10-03,38,quantile,0.2,0
2026-09-26,1,wk inc rsv hosp,2026-10-03,38,quantile,0.25,0
2026-09-26,1,wk inc rsv hosp,2026-10-03,38,quantile,0.3,0
2026-09-26,1,wk inc rsv hosp,2026-10-03,38,quantile,0.35,0
2026-09-26,1,wk inc rsv hosp,2026-10-03,38,quantile,0.4,0
2026-09-26,1,wk inc rsv hosp,2026-10-03,38,quantile,0.45,0
2026-09-26,1,wk inc rsv hosp,2026-10-03,38,quantile,0.5,0
2026-09-26,1,wk inc rsv hosp,2026-10-03,38,quantile,0.55,0
2026-09-26,1,wk inc rsv hosp,2026-10-03,38,quantile,0.6,1
2026-09-26,1,wk inc rsv hosp,2026-10-03,38,quantile,0.65,1
2026-09-26,1,wk inc rsv hosp,2026-10-03,38,quantile,0.7,1
2026-09-26,1,wk inc rsv hosp,2026-10-03,38,quantile,0.75,2
2026-09-26,1,wk inc rsv hosp,2026-10-03,38,quantile,0.8,3
2026-09-26,1,wk inc rsv hosp,2026-10-03,38,quantile,0.85,4
2026-09-26,1,wk inc rsv hosp,2026-10-03,38,quantile,0.9,6
2026-09-26,1,wk inc rsv hosp,2026-10-03,38,quantile,0.95,8.701765017650114
2026-09-26,1,wk inc rsv hosp,2026-10-03,38,quantile,0.975,11.333746587465832
2026-09-26,1,wk inc rsv hosp,2026-10-03,38,quantile,0.99,16.200725707257035
2026-09-26,1,wk inc rsv hosp,2026-10-03,39,quantile,0.01,0
2026-09-26,1,wk inc rsv hosp,2026-10-03,39,quantile,0.025,0
2026-09-26,1,wk inc rsv hosp,2026-10-03,39,quantile,0.05,0
2026-09-26,1,wk inc rsv hosp,2026-10-03,39,quantile,0.1,0
2026-09-26,1,wk inc rsv hosp,2026-10-03,39,quantile,0.15,0
2026-09-26,1,wk inc rsv hosp,2026-10-03,39,quantile,0.2,0
2026-09-26,1,wk inc rsv hosp,2026-10-03,39,quantile,0.25,0
2026-09-26,1,wk inc rsv hosp,2026-10-03,39,quantile,0.3,0
2026-09-26,1,wk inc rsv hosp,2026-10-03,39,quantile,0.35,1
2026-09-26,1,wk inc rsv hosp,2026-10-03,39,quantile,0.4,2
2026-09-26,1,wk inc rsv hosp,2026-10-03,39,quantile,0.45,4
2026-09-26,1,wk inc rsv hosp,2026-10-03,39,quantile,0.5,5
2026-09-26,1,wk inc rsv hosp,2026-10-03,39,quantile,0.55,6
2026-09-26,1,wk inc rsv hosp,2026-10-03,39,quantile,0.6,8
2026-09-26,1,wk inc rsv hosp,2026-10-03,39,quantile,0.65,11
2026-09-26,1,wk inc rsv hosp,2026-10-03,39,quantile,0.7,14.556592565925662
2026-09-26,1,wk inc rsv hosp,2026-10-03,39,quantile,0.75,20.175359253592546
2026-09-26,1,wk inc rsv hosp,2026-10-03,39,quantile,0.8,28.995535955359603
2026-09-26,1,wk inc rsv hosp,2026-10-03,39,quantile,0.85,43.89440494404944
2026-09-26,1,wk inc rsv hosp,2026-10-03,39,quantile,0.9,60.49231992319925
2026-09-26,1,wk inc rsv hosp,2026-10-03,39,quantile,0.95,93.9226922269224
2026-09-26,1,wk inc rsv hosp,2026-10-03,39,quantile,0.975,147.59947499474978
2026-09-26,1,wk inc rsv hosp,2026-10-03,39,quantile,0.99,197.45646086460854
2026-09-26,1,wk inc rsv hosp,2026-10-03,40,quantile,0.01,0
2026-09-26,1,wk inc rsv hosp,2026-10-03,40,quantile,0.025,0
2026-09-26,1,wk inc rsv hosp,2026-10-03,40,quantile,0.05,0
2026-09-26,1,wk inc rsv hosp,2026-10-03,40,quantile,0.1,0
2026-09-26,1,wk inc rsv hosp,2026-10-03,40,quantile,0.15,0
2026-09-26,1,wk inc rsv hosp,2026-10-03,40,quantile,0.2,0
2026-09-26,1,wk inc rsv hosp,2026-10-03,40,quantile,0.25,0
2026-09-26,1,wk inc rsv hosp,2026-10-03,40,quantile,0.3,0
2026-09-26,1,wk inc rsv hosp,2026-10-03,40,quantile,0.35,1
2026-09-26,1,wk inc rsv hosp,2026-10-03,40,quantile,0.4,1
2026-09-26,1,wk inc rsv hosp,2026-10-03,40,quantile,0.45,2
2026-09-26,1,wk inc rsv hosp,2026-10-03,40,quantile,0.5,2
2026-09-26,1,wk inc rsv hosp,2026-10-03,40,quantile,0.55,3
2026-09-26,1,wk inc rsv hosp,2026-10-03,40,quantile,0.6,4
2026-09-26,1,wk inc rsv hosp,2026-10-03,40,quantile,0.65,5
2026-09-26,1,wk inc rsv hosp,2026-10-03,40,quantile,0.7,7
2026-09-26,1,wk inc rsv hosp,2026-10-03,40,quantile,0.75,9
2026-09-26,1,wk inc rsv hosp,2026-10-03,40,quantile,0.8,12.121831218312185
2026-09-26,1,wk inc rsv hosp,2026-10-03,40,quantile,0.85,17
2026-09-26,1,wk inc rsv hosp,2026-10-03,40,quantile,0.9,21.009303093030965
2026-09-26,1,wk inc rsv hosp,2026-10-03,40,quantile,0.95,30.799857498574937
2026-09-26,1,wk inc rsv hosp,2026-10-03,40,quantile,0.975,39.07827153271536
2026-09-26,1,wk inc rsv hosp,2026-10-03,40,quantile,0.99,48.59293402934019
2026-09-26,1,wk inc rsv hosp,2026-10-03,41,quantile,0.01,0
2026-09-26,1,wk inc rsv hosp,2026-10-03,41,quantile,0.025,0
2026-09-26,1,wk inc rsv hosp,2026-10-03,41,quantile,0.05,0
2026-09-26,1,wk inc rsv hosp,2026-10-03,41,quantile,0.1,0
2026-09-26,1,wk inc rsv hosp,2026-10-03,41,quantile,0.15,0
2026-09-26,1,wk inc rsv hosp,2026-10-03,41,quantile,0.2,0
2026-09-26,1,wk inc rsv hosp,2026-10-03,41,quantile,0.25,0
2026-09-26,1,wk inc rsv hosp,2026-10-03,41,quantile,0.3,0
2026-09-26,1,wk inc rsv hosp,2026-10-03,41,quantile,0.35,0
2026-09-26,1,wk inc rsv hosp,2026-10-03,41,quantile,0.4,1
2026-09-26,1,wk inc rsv hosp,2026-10-03,41,quantile,0.45,1
2026-09-26,1,wk inc rsv hosp,2026-10-03,41,quantile,0.5,1
2026-09-26,1,wk inc rsv hosp,2026-10-03,41,quantile,0.55,2
2026-09-26,1,wk inc rsv hosp,2026-10-03,41,quantile,0.6,2
2026-09-26,1,wk inc rsv hosp,2026-10-03,41,quantile,0.65,3
2026-09-26,1,wk inc rsv hosp,2026-10-03,41,quantile,0.7,4
2026-09-26,1,wk inc rsv hosp,2026-10-03,41,quantile,0.75,6.532310323103246
2026-09-26,1,wk inc rsv hosp,2026-10-03,41,quantile,0.8,9.1904379043791
2026-09-26,1,wk inc rsv hosp,2026-10-03,41,quantile,0.85,14
2026-09-26,1,wk inc rsv hosp,2026-10-03,41,quantile,0.9,20.282737827378273
2026-09-26,1,wk inc rsv hosp,2026-10-03,41,quantile,0.95,36.638271882718755
2026-09-26,1,wk inc rsv hosp,2026-10-03,41,quantile,0.975,48
2026-09-26,1,wk inc rsv hosp,2026-10-03,41,quantile,0.99,57.48061640616408
2026-09-26,1,wk inc rsv hosp,2026-10-03,42,quantile,0.01,0
2026-09-26,1,wk inc rsv hosp,2026-10-03,42,quantile,0.025,0
2026-09-26,1,wk inc rsv hosp,2026-10-03,42,quantile,0.05,0
2026-09-26,1,wk inc rsv hosp,2026-10-03,42,quantile,0.1,0
2026-09-26,1,wk inc rsv hosp,2026-10-03,42,quantile,0.15,0
2026-09-26,1,wk inc rsv hosp,2026-10-03,42,quantile,0.2,1.2070770707706941
2026-09-26,1,wk inc rsv hosp,2026-10-03,42,quantile,0.25,10.207077070770694
2026-09-26,1,wk inc rsv hosp,2026-10-03,42,quantile,0.3,18.3872228722287
2026-09-26,1,wk inc rsv hosp,2026-10-03,42,quantile,0.35,25.207077070770694
2026-09-26,1,wk inc rsv hosp,2026-10-03,42,quantile,0.4,30.207077070770694
2026-09-26,1,wk inc rsv hosp,2026-10-03,42,quantile,0.45,35.09671496714967
2026-09-26,1,wk inc rsv hosp,2026-10-03,42,quantile,0.5,38
2026-09-26,1,wk inc rsv hosp,2026-10-03,42,quantile,0.55,41.207077070770694
2026-09-26,1,wk inc rsv hosp,2026-10-03,42,quantile,0.6,46.207077070770694
2026-09-26,1,wk inc rsv hosp,2026-10-03,42,quantile,0.65,52.207077070770694
2026-09-26,1,wk inc rsv hosp,2026-10-03,42,quantile,0.7,59.712249122491166
2026-09-26,1,wk inc rsv hosp,2026-10-03,42,quantile,0.75,71.29386043860434
2026-09-26,1,wk inc rsv hosp,2026-10-03,42,quantile,0.8,88.93380433804337
2026-09-26,1,wk inc rsv hosp,2026-10-03,42,quantile,0.85,104.3380868808688
2026-09-26,1,wk inc rsv hosp,2026-10-03,42,quantile,0.9,125.1411934119341
2026-09-26,1,wk inc rsv hosp,2026-10-03,42,quantile,0.95,160.69363993639902
2026-09-26,1,wk inc rsv hosp,2026-10-03,42,quantile,0.975,236.7712297122968
2026-09-26,1,wk inc rsv hosp,2026-10-03,42,quantile,0.99,330.7079968799687
2026-09-26,1,wk inc rsv hosp,2026-10-03,44,quantile,0.01,0
2026-09-26,1,wk inc rsv hosp,2026-10-03,44,quantile,0.025,0
2026-09-26,1,wk inc rsv hosp,2026-10-03,44,quantile,0.05,0
2026-09-26,1,wk inc rsv hosp,2026-10-03,44,quantile,0.1,0
2026-09-26,1,wk inc rsv hosp,2026-10-03,44,quantile,0.15,0
2026-09-26,1,wk inc rsv hosp,2026-10-03,44,quantile,0.2,0
2026-09-26,1,wk inc rsv hosp,2026-10-03,44,quantile,0.25,0
2026-09-26,1,wk inc rsv hosp,2026-10-03,44,quantile,0.3,1
2026-09-26,1,wk inc rsv hosp,2026-10-03,44,quantile,0.35,2
2026-09-26,1,wk inc rsv hosp,2026-10-03,44,quantile,0.4,2
2026-09-26,1,wk inc rsv hosp,2026-10-03,44,quantile,0.45,3
2026-09-26,1,wk inc rsv hosp,2026-10-03,44,quantile,0.5,3
2026-09-26,1,wk inc rsv hosp,2026-10-03,44,quantile,0.55,4
2026-09-26,1,wk inc rsv hosp,2026-10-03,44,quantile,0.6,4
2026-09-26,1,wk inc rsv hosp,2026-10-03,44,quantile,0.65,5
2026-09-26,1,wk inc rsv hosp,2026-10-03,44,quantile,0.7,6
2026-09-26,1,wk inc rsv hosp,2026-10-03,44,quantile,0.75,7
2026-09-26,1,wk inc rsv hosp,2026-10-03,44,quantile,0.8,8
2026-09-26,1,wk inc rsv hosp,2026-10-03,44,quantile,0.85,10
2026-09-26,1,wk inc rsv hosp,2026-10-03,44,quantile,0.9,13
2026-09-26,1,wk inc rsv hosp,2026-10-03,44,quantile,0.95,17.64124991249909
2026-09-26,1,wk inc rsv hosp,2026-10-03,44,quantile,0.975,21.567955679556604
2026-09-26,1,wk inc rsv hosp,2026-10-03,44,quantile,0.99,30.343343533435256
2026-09-26,1,wk inc rsv hosp,2026-10-03,45,quantile,0.01,0
2026-09-26,1,wk inc rsv hosp,2026-10-03,45,quantile,0.025,0
2026-09-26,1,wk inc rsv hosp,2026-10-03,45,quantile,0.05,0
2026-09-26,1,wk inc rsv hosp,2026-10-03,45,quantile,0.1,0
2026-09-26,1,wk inc rsv hosp,2026-10-03,45,quantile,0.15,0
2026-09-26,1,wk inc rsv hosp,2026-10-03,45,quantile,0.2,0
2026-09-26,1,wk inc rsv hosp,2026-10-03,45,quantile,0.25,0
2026-09-26,1,wk inc rsv hosp,2026-10-03,45,quantile,0.3,1
2026-09-26,1,wk inc rsv hosp,2026-10-03,45,quantile,0.35,3
2026-09-26,1,wk inc rsv hosp,2026-10-03,45,quantile,0.4,4
2026-09-26,1,wk inc rsv hosp,2026-10-03,45,quantile,0.45,5.968225182251823
2026-09-26,1,wk inc rsv hosp,2026-10-03,45,quantile,0.5,6
2026-09-26,1,wk inc rsv hosp,2026-10-03,45,quantile,0.55,7.312713627136281
2026-09-26,1,wk inc rsv hosp,2026-10-03,45,quantile,0.6,9
2026-09-26,1,wk inc rsv hosp,2026-10-03,45,quantile,0.65,11
2026-09-26,1,wk inc rsv hosp,2026-10-03,45,quantile,0.7,13.245293452934526
2026-09-26,1,wk inc rsv hosp,2026-10-03,45,quantile,0.75,16.857071070710695
2026-09-26,1,wk inc rsv hosp,2026-10-03,45,quantile,0.8,21.68409284092844
2026-09-26,1,wk inc rsv hosp,2026-10-03,45,quantile,0.85,29.41511865118651
2026-09-26,1,wk inc rsv hosp,2026-10-03,45,quantile,0.9,37.76440764407644
2026-09-26,1,wk inc rsv hosp,2026-10-03,45,quantile,0.95,49.968381683816695
2026-09-26,1,wk inc rsv hosp,2026-10-03,45,quantile,0.975,64.0353363533633
2026-09-26,1,wk inc rsv hosp,2026-10-03,45,quantile,0.99,104.0966056660559
2026-09-26,1,wk inc rsv hosp,2026-10-03,46,quantile,0.01,0
2026-09-26,1,wk inc rsv hosp,2026-10-03,46,quantile,0.025,0
2026-09-26,1,wk inc rsv hosp,2026-10-03,46,quantile,0.05,0
2026-09-26,1,wk inc rsv hosp,2026-10-03,46,quantile,0.1,0
2026-09-26,1,wk inc rsv hosp,2026-10-03,46,quantile,0.15,0
2026-09-26,1,wk inc rsv hosp,2026-10-03,46,quantile,0.2,0
2026-09-26,1,wk inc rsv hosp,2026-10-03,46,quantile,0.25,0
2026-09-26,1,wk inc rsv hosp,2026-10-03,46,quantile,0.3,0
2026-09-26,1,wk inc rsv hosp,2026-10-03,46,quantile,0.35,1
2026-09-26,1,wk inc rsv hosp,2026-10-03,46,quantile,0.4,1
2026-09-26,1,wk inc rsv hosp,2026-10-03,46,quantile,0.45,1
2026-09-26,1,wk inc rsv hosp,2026-10-03,46,quantile,0.5,1
2026-09-26,1,wk inc rsv hosp,2026-10-03,46,quantile,0.55,1
2026-09-26,1,wk inc rsv hosp,2026-10-03,46,quantile,0.6,1
2026-09-26,1,wk inc rsv hosp,2026-10-03,46,quantile,0.65,2
2026-09-26,1,wk inc rsv hosp,2026-10-03,46,quantile,0.7,2
2026-09-26,1,wk inc rsv hosp,2026-10-03,46,quantile,0.75,3
2026-09-26,1,wk inc rsv hosp,2026-10-03,46,quantile,0.8,4
2026-09-26,1,wk inc rsv hosp,2026-10-03,46,quantile,0.85,5
2026-09-26,1,wk inc rsv hosp,2026-10-03,46,quantile,0.9,8
2026-09-26,1,wk inc rsv hosp,2026-10-03,46,quantile,0.95,11.384983349833476
2026-09-26,1,wk inc rsv hosp,2026-10-03,46,quantile,0.975,14.494986949869437
2026-09-26,1,wk inc rsv hosp,2026-10-03,46,quantile,0.99,17.09604266042657
2026-09-26,1,wk inc rsv hosp,2026-10-03,47,quantile,0.01,0
2026-09-26,1,wk inc rsv hosp,2026-10-03,47,quantile,0.025,0
2026-09-26,1,wk inc rsv hosp,2026-10-03,47,quantile,0.05,0
2026-09-26,1,wk inc rsv hosp,2026-10-03,47,quantile,0.1,0
2026-09-26,1,wk inc rsv hosp,2026-10-03,47,quantile,0.15,0
2026-09-26,1,wk inc rsv hosp,2026-10-03,47,quantile,0.2,0
2026-09-26,1,wk inc rsv hosp,2026-10-03,47,quantile,0.25,0
2026-09-26,1,wk inc rsv hosp,2026-10-03,47,quantile,0.3,0
2026-09-26,1,wk inc rsv hosp,2026-10-03,47,quantile,0.35,0
2026-09-26,1,wk inc rsv hosp,2026-10-03,47,quantile,0.4,1.5547355473554774
2026-09-26,1,wk inc rsv hosp,2026-10-03,47,quantile,0.45,3
2026-09-26,1,wk inc rsv hosp,2026-10-03,47,quantile,0.5,4
2026-09-26,1,wk inc rsv hosp,2026-10-03,47,quantile,0.55,5.8750922509225125
2026-09-26,1,wk inc rsv hosp,2026-10-03,47,quantile,0.6,7.171135711357081
2026-09-26,1,wk inc rsv hosp,2026-10-03,47,quantile,0.65,10
2026-09-26,1,wk inc rsv hosp,2026-10-03,47,quantile,0.7,13
2026-09-26,1,wk inc rsv hosp,2026-10-03,47,quantile,0.75,16.878638786387874
2026-09-26,1,wk inc rsv hosp,2026-10-03,47,quantile,0.8,21
2026-09-26,1,wk inc rsv hosp,2026-10-03,47,quantile,0.85,29.429397293972947
2026-09-26,1,wk inc rsv hosp,2026-10-03,47,quantile,0.9,39.62140221402218
2026-09-26,1,wk inc rsv hosp,2026-10-03,47,quantile,0.95,64.88897088970883
2026-09-26,1,wk inc rsv hosp,2026-10-03,47,quantile,0.975,79.41745592455928
2026-09-26,1,wk inc rsv hosp,2026-10-03,47,quantile,0.99,116.05047560475576
2026-09-26,1,wk inc rsv hosp,2026-10-03,48,quantile,0.01,0
2026-09-26,1,wk inc rsv hosp,2026-10-03,48,quantile,0.025,0
2026-09-26,1,wk inc rsv hosp,2026-10-03,48,quantile,0.05,0
2026-09-26,1,wk inc rsv hosp,2026-10-03,48,quantile,0.1,0
2026-09-26,1,wk inc rsv hosp,2026-10-03,48,quantile,0.15,0
2026-09-26,1,wk inc rsv hosp,2026-10-03,48,quantile,0.2,9
2026-09-26,1,wk inc rsv hosp,2026-10-03,48,quantile,0.25,18.609748597485964
2026-09-26,1,wk inc rsv hosp,2026-10-03,48,quantile,0.3,28.598730987309875
2026-09-26,1,wk inc rsv hosp,2026-10-03,48,quantile,0.35,35.00117001170011
2026-09-26,1,wk inc rsv hosp,2026-10-03,48,quantile,0.4,40
2026-09-26,1,wk inc rsv hosp,2026-10-03,48,quantile,0.45,43
2026-09-26,1,wk inc rsv hosp,2026-10-03,48,quantile,0.5,44
2026-09-26,1,wk inc rsv hosp,2026-10-03,48,quantile,0.55,46
2026-09-26,1,wk inc rsv hosp,2026-10-03,48,quantile,0.6,49
2026-09-26,1,wk inc rsv hosp,2026-10-03,48,quantile,0.65,53
2026-09-26,1,wk inc rsv hosp,2026-10-03,48,quantile,0.7,61.81654216542164
2026-09-26,1,wk inc rsv hosp,2026-10-03,48,quantile,0.75,72.79035040350404
2026-09-26,1,wk inc rsv hosp,2026-10-03,48,quantile,0.8,86.8381723817239
2026-09-26,1,wk inc rsv hosp,2026-10-03,48,quantile,0.85,107
2026-09-26,1,wk inc rsv hosp,2026-10-03,48,quantile,0.9,134.55757657576578
2026-09-26,1,wk inc rsv hosp,2026-10-03,48,quantile,0.95,185.32362973629722
2026-09-26,1,wk inc rsv hosp,2026-10-03,48,quantile,0.975,220.15480454804506
2026-09-26,1,wk inc rsv hosp,2026-10-03,48,quantile,0.99,271.47613626136103
2026-09-26,1,wk inc rsv hosp,2026-10-03,49,quantile,0.01,0
2026-09-26,1,wk inc rsv hosp,2026-10-03,49,quantile,0.025,0
2026-09-26,1,wk inc rsv hosp,2026-10-03,49,quantile,0.05,0
2026-09-26,1,wk inc rsv hosp,2026-10-03,49,quantile,0.1,0
2026-09-26,1,wk inc rsv hosp,2026-10-03,49,quantile,0.15,0
2026-09-26,1,wk inc rsv hosp,2026-10-03,49,quantile,0.2,0
2026-09-26,1,wk inc rsv hosp,2026-10-03,49,quantile,0.25,0
2026-09-26,1,wk inc rsv hosp,2026-10-03,49,quantile,0.3,0
2026-09-26,1,wk inc rsv hosp,2026-10-03,49,quantile,0.35,0
2026-09-26,1,wk inc rsv hosp,2026-10-03,49,quantile,0.4,0.45312453124529384
2026-09-26,1,wk inc rsv hosp,2026-10-03,49,quantile,0.45,0.45312453124529384
2026-09-26,1,wk inc rsv hosp,2026-10-03,49,quantile,0.5,1
2026-09-26,1,wk inc rsv hosp,2026-10-03,49,quantile,0.55,1.4531245312452938
2026-09-26,1,wk inc rsv hosp,2026-10-03,49,quantile,0.6,2.453124531245294
2026-09-26,1,wk inc rsv hosp,2026-10-03,49,quantile,0.65,3.453124531245294
2026-09-26,1,wk inc rsv hosp,2026-10-03,49,quantile,0.7,4.453124531245294
2026-09-26,1,wk inc rsv hosp,2026-10-03,49,quantile,0.75,5.453124531245294
2026-09-26,1,wk inc rsv hosp,2026-10-03,49,quantile,0.8,7.453124531245294
2026-09-26,1,wk inc rsv hosp,2026-10-03,49,quantile,0.85,10.143201932019274
2026-09-26,1,wk inc rsv hosp,2026-10-03,49,quantile,0.9,14.410521105211009
2026-09-26,1,wk inc rsv hosp,2026-10-03,49,quantile,0.95,35.19090690906886
2026-09-26,1,wk inc rsv hosp,2026-10-03,49,quantile,0.975,50.453124531245294
2026-09-26,1,wk inc rsv hosp,2026-10-03,49,quantile,0.99,56.31881948819467
2026-09-26,1,wk inc rsv hosp,2026-10-03,50,quantile,0.01,0
2026-09-26,1,wk inc rsv hosp,2026-10-03,50,quantile,0.025,0
2026-09-26,1,wk inc rsv hosp,2026-10-03,50,quantile,0.05,0
2026-09-26,1,wk inc rsv hosp,2026-10-03,50,quantile,0.1,0
2026-09-26,1,wk inc rsv hosp,2026-10-03,50,quantile,0.15,0
2026-09-26,1,wk inc rsv hosp,2026-10-03,50,quantile,0.2,0
2026-09-26,1,wk inc rsv hosp,2026-10-03,50,quantile,0.25,0
2026-09-26,1,wk inc rsv hosp,2026-10-03,50,quantile,0.3,0
2026-09-26,1,wk inc rsv hosp,2026-10-03,50,quantile,0.35,0
2026-09-26,1,wk inc rsv hosp,2026-10-03,50,quantile,0.4,1
2026-09-26,1,wk inc rsv hosp,2026-10-03,50,quantile,0.45,1
2026-09-26,1,wk inc rsv hosp,2026-10-03,50,quantile,0.5,1
2026-09-26,1,wk inc rsv hosp,2026-10-03,50,quantile,0.55,1
2026-09-26,1,wk inc rsv hosp,2026-10-03,50,quantile,0.6,2
2026-09-26,1,wk inc rsv hosp,2026-10-03,50,quantile,0.65,2
2026-09-26,1,wk inc rsv hosp,2026-10-03,50,quantile,0.7,3
2026-09-26,1,wk inc rsv hosp,2026-10-03,50,quantile,0.75,3
2026-09-26,1,wk inc rsv hosp,2026-10-03,50,quantile,0.8,4
2026-09-26,1,wk inc rsv hosp,2026-10-03,50,quantile,0.85,5
2026-09-26,1,wk inc rsv hosp,2026-10-03,50,quantile,0.9,6.000065000650012
2026-09-26,1,wk inc rsv hosp,2026-10-03,50,quantile,0.95,9
2026-09-26,1,wk inc rsv hosp,2026-10-03,50,quantile,0.975,11
2026-09-26,1,wk inc rsv hosp,2026-10-03,50,quantile,0.99,13
2026-09-26,1,wk inc rsv hosp,2026-10-03,51,quantile,0.01,0
2026-09-26,1,wk inc rsv hosp,2026-10-03,51,quantile,0.025,0
2026-09-26,1,wk inc rsv hosp,2026-10-03,51,quantile,0.05,0
2026-09-26,1,wk inc rsv hosp,2026-10-03,51,quantile,0.1,0
2026-09-26,1,wk inc rsv hosp,2026-10-03,51,quantile,0.15,0
2026-09-26,1,wk inc rsv hosp,2026-10-03,51,quantile,0.2,0
2026-09-26,1,wk inc rsv hosp,2026-10-03,51,quantile,0.25,0
2026-09-26,1,wk inc rsv hosp,2026-10-03,51,quantile,0.3,1
2026-09-26,1,wk inc rsv hosp,2026-10-03,51,quantile,0.35,3
2026-09-26,1,wk inc rsv hosp,2026-10-03,51,quantile,0.4,4
2026-09-26,1,wk inc rsv hosp,2026-10-03,51,quantile,0.45,5
2026-09-26,1,wk inc rsv hosp,2026-10-03,51,quantile,0.5,5
2026-09-26,1,wk inc rsv hosp,2026-10-03,51,quantile,0.55,5
2026-09-26,1,wk inc rsv hosp,2026-10-03,51,quantile,0.6,7
2026-09-26,1,wk inc rsv hosp,2026-10-03,51,quantile,0.65,8
2026-09-26,1,wk inc rsv hosp,2026-10-03,51,quantile,0.7,11
2026-09-26,1,wk inc rsv hosp,2026-10-03,51,quantile,0.75,13.255565055650564
2026-09-26,1,wk inc rsv hosp,2026-10-03,51,quantile,0.8,18
2026-09-26,1,wk inc rsv hosp,2026-10-03,51,quantile,0.85,26
2026-09-26,1,wk inc rsv hosp,2026-10-03,51,quantile,0.9,33.713746137461385
2026-09-26,1,wk inc rsv hosp,2026-10-03,51,quantile,0.95,45
2026-09-26,1,wk inc rsv hosp,2026-10-03,51,quantile,0.975,60.226142261421614
2026-09-26,1,wk inc rsv hosp,2026-10-03,51,quantile,0.99,122.36836858368528
2026-09-26,1,wk inc rsv hosp,2026-10-03,53,quantile,0.01,0
2026-09-26,1,wk inc rsv hosp,2026-10-03,53,quantile,0.025,0
2026-09-26,1,wk inc rsv hosp,2026-10-03,53,quantile,0.05,0
2026-09-26,1,wk inc rsv hosp,2026-10-03,53,quantile,0.1,0
2026-09-26,1,wk inc rsv hosp,2026-10-03,53,quantile,0.15,0
2026-09-26,1,wk inc rsv hosp,2026-10-03,53,quantile,0.2,0
2026-09-26,1,wk inc rsv hosp,2026-10-03,53,quantile,0.25,0
2026-09-26,1,wk inc rsv hosp,2026-10-03,53,quantile,0.3,0
2026-09-26,1,wk inc rsv hosp,2026-10-03,53,quantile,0.35,0
2026-09-26,1,wk inc rsv hosp,2026-10-03,53,quantile,0.4,0
2026-09-26,1,wk inc rsv hosp,2026-10-03,53,quantile,0.45,0
2026-09-26,1,wk inc rsv hosp,2026-10-03,53,quantile,0.5,1
2026-09-26,1,wk inc rsv hosp,2026-10-03,53,quantile,0.55,2
2026-09-26,1,wk inc rsv hosp,2026-10-03,53,quantile,0.6,3
2026-09-26,1,wk inc rsv hosp,2026-10-03,53,quantile,0.65,4
2026-09-26,1,wk inc rsv hosp,2026-10-03,53,quantile,0.7,5
2026-09-26,1,wk inc rsv hosp,2026-10-03,53,quantile,0.75,8
2026-09-26,1,wk inc rsv hosp,2026-10-03,53,quantile,0.8,11.108587085870841
2026-09-26,1,wk inc rsv hosp,2026-10-03,53,quantile,0.85,15
2026-09-26,1,wk inc rsv hosp,2026-10-03,53,quantile,0.9,21
2026-09-26,1,wk inc rsv hosp,2026-10-03,53,quantile,0.95,27.567113171131673
2026-09-26,1,wk inc rsv hosp,2026-10-03,53,quantile,0.975,34.339935149351405
2026-09-26,1,wk inc rsv hosp,2026-10-03,53,quantile,0.99,51.014828848288346
2026-09-26,1,wk inc rsv hosp,2026-10-03,54,quantile,0.01,0
2026-09-26,1,wk inc rsv hosp,2026-10-03,54,quantile,0.025,0
2026-09-26,1,wk inc rsv hosp,2026-10-03,54,quantile,0.05,0
2026-09-26,1,wk inc rsv hosp,2026-10-03,54,quantile,0.1,0
2026-09-26,1,wk inc rsv hosp,2026-10-03,54,quantile,0.15,0
2026-09-26,1,wk inc rsv hosp,2026-10-03,54,quantile,0.2,0
2026-09-26,1,wk inc rsv hosp,2026-10-03,54,quantile,0.25,0
2026-09-26,1,wk inc rsv hosp,2026-10-03,54,quantile,0.3,0
2026-09-26,1,wk inc rsv hosp,2026-10-03,54,quantile,0.35,0
2026-09-26,1,wk inc rsv hosp,2026-10-03,54,quantile,0.4,0
2026-09-26,1,wk inc rsv hosp,2026-10-03,54,quantile,0.45,1
2026-09-26,1,wk inc rsv hosp,2026-10-03,54,quantile,0.5,2
2026-09-26,1,wk inc rsv hosp,2026-10-03,54,quantile,0.55,3
2026-09-26,1,wk inc rsv hosp,2026-10-03,54,quantile,0.6,4
2026-09-26,1,wk inc rsv hosp,2026-10-03,54,quantile,0.65,6
2026-09-26,1,wk inc rsv hosp,2026-10-03,54,quantile,0.7,7.8015570155701655
2026-09-26,1,wk inc rsv hosp,2026-10-03,54,quantile,0.75,10
2026-09-26,1,wk inc rsv hosp,2026-10-03,54,quantile,0.8,13
2026-09-26,1,wk inc rsv hosp,2026-10-03,54,quantile,0.85,17.67355473554735
2026-09-26,1,wk inc rsv hosp,2026-10-03,54,quantile,0.9,23.57020070200702
2026-09-26,1,wk inc rsv hosp,2026-10-03,54,quantile,0.95,33.170569705697
2026-09-26,1,wk inc rsv hosp,2026-10-03,54,quantile,0.975,45.054451294512894
2026-09-26,1,wk inc rsv hosp,2026-10-03,54,quantile,0.99,50.22165481654791
2026-09-26,1,wk inc rsv hosp,2026-10-03,55,quantile,0.01,0
2026-09-26,1,wk inc rsv hosp,2026-10-03,55,quantile,0.025,0
2026-09-26,1,wk inc rsv hosp,2026-10-03,55,quantile,0.05,0
2026-09-26,1,wk inc rsv hosp,2026-10-03,55,quantile,0.1,0
2026-09-26,1,wk inc rsv hosp,2026-10-03,55,quantile,0.15,0
2026-09-26,1,wk inc rsv hosp,2026-10-03,55,quantile,0.2,0
2026-09-26,1,wk inc rsv hosp,2026-10-03,55,quantile,0.25,0
2026-09-26,1,wk inc rsv hosp,2026-10-03,55,quantile,0.3,0
2026-09-26,1,wk inc rsv hosp,2026-10-03,55,quantile,0.35,0
2026-09-26,1,wk inc rsv hosp,2026-10-03,55,quantile,0.4,0
2026-09-26,1,wk inc rsv hosp,2026-10-03,55,quantile,0.45,0
2026-09-26,1,wk inc rsv hosp,2026-10-03,55,quantile,0.5,0
2026-09-26,1,wk inc rsv hosp,2026-10-03,55,quantile,0.55,1
2026-09-26,1,wk inc rsv hosp,2026-10-03,55,quantile,0.6,3
2026-09-26,1,wk inc rsv hosp,2026-10-03,55,quantile,0.65,4.899532995329964
2026-09-26,1,wk inc rsv hosp,2026-10-03,55,quantile,0.7,7
2026-09-26,1,wk inc rsv hosp,2026-10-03,55,quantile,0.75,9.44258442584426
2026-09-26,1,wk inc rsv hosp,2026-10-03,55,quantile,0.8,13.506101061010634
2026-09-26,1,wk inc rsv hosp,2026-10-03,55,quantile,0.85,20.14375943759437
2026-09-26,1,wk inc rsv hosp,2026-10-03,55,quantile,0.9,30.333512335123373
2026-09-26,1,wk inc rsv hosp,2026-10-03,55,quantile,0.95,38
2026-09-26,1,wk inc rsv hosp,2026-10-03,55,quantile,0.975,47.14721372213719
2026-09-26,1,wk inc rsv hosp,2026-10-03,55,quantile,0.99,65.09491324913249
2026-09-26,1,wk inc rsv hosp,2026-10-03,56,quantile,0.01,0
2026-09-26,1,wk inc rsv hosp,2026-10-03,56,quantile,0.025,0
2026-09-26,1,wk inc rsv hosp,2026-10-03,56,quantile,0.05,0
2026-09-26,1,wk inc rsv hosp,2026-10-03,56,quantile,0.1,0
2026-09-26,1,wk inc rsv hosp,2026-10-03,56,quantile,0.15,0
2026-09-26,1,wk inc rsv hosp,2026-10-03,56,quantile,0.2,0
2026-09-26,1,wk inc rsv hosp,2026-10-03,56,quantile,0.25,0
2026-09-26,1,wk inc rsv hosp,2026-10-03,56,quantile,0.3,0
2026-09-26,1,wk inc rsv hosp,2026-10-03,56,quantile,0.35,0
2026-09-26,1,wk inc rsv hosp,2026-10-03,56,quantile,0.4,0
2026-09-26,1,wk inc rsv hosp,2026-10-03,56,quantile,0.45,0
2026-09-26,1,wk inc rsv hosp,2026-10-03,56,quantile,0.5,0
2026-09-26,1,wk inc rsv hosp,2026-10-03,56,quantile,0.55,0
2026-09-26,1,wk inc rsv hosp,2026-10-03,56,quantile,0.6,1
2026-09-26,1,wk inc rsv hosp,2026-10-03,56,quantile,0.65,1
2026-09-26,1,wk inc rsv hosp,2026-10-03,56,quantile,0.7,1.5735557355573633
2026-09-26,1,wk inc rsv hosp,2026-10-03,56,quantile,0.75,2
2026-09-26,1,wk inc rsv hosp,2026-10-03,56,quantile,0.8,3
2026-09-26,1,wk inc rsv hosp,2026-10-03,56,quantile,0.85,5
2026-09-26,1,wk inc rsv hosp,2026-10-03,56,quantile,0.9,8
2026-09-26,1,wk inc rsv hosp,2026-10-03,56,quantile,0.95,11.679634796347969
2026-09-26,1,wk inc rsv hosp,2026-10-03,56,quantile,0.975,15.487536375363659
2026-09-26,1,wk inc rsv hosp,2026-10-03,56,quantile,0.99,18.838078380783937
2026-09-26,1,wk inc rsv hosp,2026-10-03,72,quantile,0.01,0
2026-09-26,1,wk inc rsv hosp,2026-10-03,72,quantile,0.025,0
2026-09-26,1,wk inc rsv hosp,2026-10-03,72,quantile,0.05,0
2026-09-26,1,wk inc rsv hosp,2026-10-03,72,quantile,0.1,0
2026-09-26,1,wk inc rsv hosp,2026-10-03,72,quantile,0.15,0
2026-09-26,1,wk inc rsv hosp,2026-10-03,72,quantile,0.2,0
2026-09-26,1,wk inc rsv hosp,2026-10-03,72,quantile,0.25,0
2026-09-26,1,wk inc rsv hosp,2026-10-03,72,quantile,0.3,0
2026-09-26,1,wk inc rsv hosp,2026-10-03,72,quantile,0.35,0
2026-09-26,1,wk inc rsv hosp,2026-10-03,72,quantile,0.4,1
2026-09-26,1,wk inc rsv hosp,2026-10-03,72,quantile,0.45,2
2026-09-26,1,wk inc rsv hosp,2026-10-03,72,quantile,0.5,2
2026-09-26,1,wk inc rsv hosp,2026-10-03,72,quantile,0.55,3
2026-09-26,1,wk inc rsv hosp,2026-10-03,72,quantile,0.6,5
2026-09-26,1,wk inc rsv hosp,2026-10-03,72,quantile,0.65,6
2026-09-26,1,wk inc rsv hosp,2026-10-03,72,quantile,0.7,8.375543755437517
2026-09-26,1,wk inc rsv hosp,2026-10-03,72,quantile,0.75,11.630298802988037
2026-09-26,1,wk inc rsv hosp,2026-10-03,72,quantile,0.8,15
2026-09-26,1,wk inc rsv hosp,2026-10-03,72,quantile,0.85,21.276455764557596
2026-09-26,1,wk inc rsv hosp,2026-10-03,72,quantile,0.9,37
2026-09-26,1,wk inc rsv hosp,2026-10-03,72,quantile,0.95,59
2026-09-26,1,wk inc rsv hosp,2026-10-03,72,quantile,0.975,86.23107956079537
2026-09-26,1,wk inc rsv hosp,2026-10-03,72,quantile,0.99,139.81875528755248
2026-09-26,1,wk inc rsv hosp,2026-10-03,US,quantile,0.01,0
2026-09-26,1,wk inc rsv hosp,2026-10-03,US,quantile,0.025,0
2026-09-26,1,wk inc rsv hosp,2026-10-03,US,quantile,0.05,0
2026-09-26,1,wk inc rsv hosp,2026-10-03,US,quantile,0.1,0
2026-09-26,1,wk inc rsv hosp,2026-10-03,US,quantile,0.15,0
2026-09-26,1,wk inc rsv hosp,2026-10-03,US,quantile,0.2,28.57012870128706
2026-09-26,1,wk inc rsv hosp,2026-10-03,US,quantile,0.25,153.07433824338247
2026-09-26,1,wk inc rsv hosp,2026-10-03,US,quantile,0.3,250.7141471414713
2026-09-26,1,wk inc rsv hosp,2026-10-03,US,quantile,0.35,310.79643996439967
2026-09-26,1,wk inc rsv hosp,2026-10-03,US,quantile,0.4,354.28547585475866
2026-09-26,1,wk inc rsv hosp,2026-10-03,US,quantile,0.45,375.6039070390704
2026-09-26,1,wk inc rsv hosp,2026-10-03,US,quantile,0.5,386
2026-09-26,1,wk inc rsv hosp,2026-10-03,US,quantile,0.55,399.5729727297273
2026-09-26,1,wk inc rsv hosp,2026-10-03,US,quantile,0.6,425.4559215592156
2026-09-26,1,wk inc rsv hosp,2026-10-03,US,quantile,0.65,477.67496974969765
2026-09-26,1,wk inc rsv hosp,2026-10-03,US,quantile,0.7,546.5302653026529
2026-09-26,1,wk inc rsv hosp,2026-10-03,US,quantile,0.75,678.6112886128857
2026-09-26,1,wk inc rsv hosp,2026-10-03,US,quantile,0.8,827.5913369133704
2026-09-26,1,wk inc rsv hosp,2026-10-03,US,quantile,0.85,1020.4783277832773
2026-09-26,1,wk inc rsv hosp,2026-10-03,US,quantile,0.9,1305.935926359268
2026-09-26,1,wk inc rsv hosp,2026-10-03,US,quantile,0.95,1817.3771272712734
2026-09-26,1,wk inc rsv hosp,2026-10-03,US,quantile,0.975,2336.856102061023
2026-09-26,1,wk inc rsv hosp,2026-10-03,US,quantile,0.99,3403.669670596717
2026-09-26,2,wk inc rsv hosp,2026-10-10,01,quantile,0.01,0
2026-09-26,2,wk inc rsv hosp,2026-10-10,01,quantile,0.025,0
2026-09-26,2,wk inc rsv hosp,2026-10-10,01,quantile,0.05,0
2026-09-26,2,wk inc rsv hosp,2026-10-10,01,quantile,0.1,0
2026-09-26,2,wk inc rsv hosp,2026-10-10,01,quantile,0.15,0
2026-09-26,2,wk inc rsv hosp,2026-10-10,01,quantile,0.2,1.5077130771307723
2026-09-26,2,wk inc rsv hosp,2026-10-10,01,quantile,0.25,4
2026-09-26,2,wk inc rsv hosp,2026-10-10,01,quantile,0.3,6
2026-09-26,2,wk inc rsv hosp,2026-10-10,01,quantile,0.35,7.70618156181559
2026-09-26,2,wk inc rsv hosp,2026-10-10,01,quantile,0.4,9
2026-09-26,2,wk inc rsv hosp,2026-10-10,01,quantile,0.45,11
2026-09-26,2,wk inc rsv hosp,2026-10-10,01,quantile,0.5,12
2026-09-26,2,wk inc rsv hosp,2026-10-10,01,quantile,0.55,13.739052890528905
2026-09-26,2,wk inc rsv hosp,2026-10-10,01,quantile,0.6,15
2026-09-26,2,wk inc rsv hosp,2026-10-10,01,quantile,0.65,17
2026-09-26,2,wk inc rsv hosp,2026-10-10,01,quantile,0.7,18.95546755467555
2026-09-26,2,wk inc rsv hosp,2026-10-10,01,quantile,0.75,21
2026-09-26,2,wk inc rsv hosp,2026-10-10,01,quantile,0.8,24
2026-09-26,2,wk inc rsv hosp,2026-10-10,01,quantile,0.85,27.708971589715905
2026-09-26,2,wk inc rsv hosp,2026-10-10,01,quantile,0.9,32.69460294602948
2026-09-26,2,wk inc rsv hosp,2026-10-10,01,quantile,0.95,43
2026-09-26,2,wk inc rsv hosp,2026-10-10,01,quantile,0.975,55.86739267392672
2026-09-26,2,wk inc rsv hosp,2026-10-10,01,quantile,0.99,66.66901389013888
2026-09-26,2,wk inc rsv hosp,2026-10-10,02,quantile,0.01,0
2026-09-26,2,wk inc rsv hosp,2026-10-10,02,quantile,0.025,0
2026-09-26,2,wk inc rsv hosp,2026-10-10,02,quantile,0.05,0
2026-09-26,2,wk inc rsv hosp,2026-10-10,02,quantile,0.1,0
2026-09-26,2,wk inc rsv hosp,2026-10-10,02,quantile,0.15,0
2026-09-26,2,wk inc rsv hosp,2026-10-10,02,quantile,0.2,0.4824848248482543
2026-09-26,2,wk inc rsv hosp,2026-10-10,02,quantile,0.25,2
2026-09-26,2,wk inc rsv hosp,2026-10-10,02,quantile,0.3,3
2026-09-26,2,wk inc rsv hosp,2026-10-10,02,quantile,0.35,4
2026-09-26,2,wk inc rsv hosp,2026-10-10,02,quantile,0.4,5
2026-09-26,2,wk inc rsv hosp,2026-10-10,02,quantile,0.45,5
2026-09-26,2,wk inc rsv hosp,2026-10-10,02,quantile,0.5,6
2026-09-26,2,wk inc rsv hosp,2026-10-10,02,quantile,0.55,7
2026-09-26,2,wk inc rsv hosp,2026-10-10,02,quantile,0.6,7.610654106541055
2026-09-26,2,wk inc rsv hosp,2026-10-10,02,quantile,0.65,8
2026-09-26,2,wk inc rsv hosp,2026-10-10,02,quantile,0.7,9.127141271412711
2026-09-26,2,wk inc rsv hosp,2026-10-10,02,quantile,0.75,11
2026-09-26,2,wk inc rsv hosp,2026-10-10,02,quantile,0.8,12.119551195511992
2026-09-26,2,wk inc rsv hosp,2026-10-10,02,quantile,0.85,14.151655016550155
2026-09-26,2,wk inc rsv hosp,2026-10-10,02,quantile,0.9,17
2026-09-26,2,wk inc rsv hosp,2026-10-10,02,quantile,0.95,21
2026-09-26,2,wk inc rsv hosp,2026-10-10,02,quantile,0.975,23.885210102100995
2026-09-26,2,wk inc rsv hosp,2026-10-10,02,quantile,0.99,27.982318823188248
2026-09-26,2,wk inc rsv hosp,2026-10-10,04,quantile,0.01,0
2026-09-26,2,wk inc rsv hosp,2026-10-10,04,quantile,0.025,0
2026-09-26,2,wk inc rsv hosp,2026-10-10,04,quantile,0.05,0
2026-09-26,2,wk inc rsv hosp,2026-10-10,04,quantile,0.1,0
2026-09-26,2,wk inc rsv hosp,2026-10-10,04,quantile,0.15,0
2026-09-26,2,wk inc rsv hosp,2026-10-10,04,quantile,0.2,0
2026-09-26,2,wk inc rsv hosp,2026-10-10,04,quantile,0.25,0
2026-09-26,2,wk inc rsv hosp,2026-10-10,04,quantile,0.3,0
2026-09-26,2,wk inc rsv hosp,2026-10-10,04,quantile,0.35,0
2026-09-26,2,wk inc rsv hosp,2026-10-10,04,quantile,0.4,0
2026-09-26,2,wk inc rsv hosp,2026-10-10,04,quantile,0.45,0
2026-09-26,2,wk inc rsv hosp,2026-10-10,04,quantile,0.5,0
2026-09-26,2,wk inc rsv hosp,2026-10-10,04,quantile,0.55,2
2026-09-26,2,wk inc rsv hosp,2026-10-10,04,quantile,0.6,3
2026-09-26,2,wk inc rsv hosp,2026-10-10,04,quantile,0.65,5.109937099371001
2026-09-26,2,wk inc rsv hosp,2026-10-10,04,quantile,0.7,8
2026-09-26,2,wk inc rsv hosp,2026-10-10,04,quantile,0.75,11
2026-09-26,2,wk inc rsv hosp,2026-10-10,04,quantile,0.8,16
2026-09-26,2,wk inc rsv hosp,2026-10-10,04,quantile,0.85,25
2026-09-26,2,wk inc rsv hosp,2026-10-10,04,quantile,0.9,41.15724357243578
2026-09-26,2,wk inc rsv hosp,2026-10-10,04,quantile,0.95,74.21249162491631
2026-09-26,2,wk inc rsv hosp,2026-10-10,04,quantile,0.975,92.33154106541062
2026-09-26,2,wk inc rsv hosp,2026-10-10,04,quantile,0.99,112.53202532025284
2026-09-26,2,wk inc rsv hosp,2026-10-10,05,quantile,0.01,0
2026-09-26,2,wk inc rsv hosp,2026-10-10,05,quantile,0.025,0
2026-09-26,2,wk inc rsv hosp,2026-10-10,05,quantile,0.05,0
2026-09-26,2,wk inc rsv hosp,2026-10-10,05,quantile,0.1,0
2026-09-26,2,wk inc rsv hosp,2026-10-10,05,quantile,0.15,0
2026-09-26,2,wk inc rsv hosp,2026-10-10,05,quantile,0.2,0
2026-09-26,2,wk inc rsv hosp,2026-10-10,05,quantile,0.25,0
2026-09-26,2,wk inc rsv hosp,2026-10-10,05,quantile,0.3,0
2026-09-26,2,wk inc rsv hosp,2026-10-10,05,quantile,0.35,0
2026-09-26,2,wk inc rsv hosp,2026-10-10,05,quantile,0.4,0
2026-09-26,2,wk inc rsv hosp,2026-10-10,05,quantile,0.45,0
2026-09-26,2,wk inc rsv hosp,2026-10-10,05,quantile,0.5,1
2026-09-26,2,wk inc rsv hosp,2026-10-10,05,quantile,0.55,1
2026-09-26,2,wk inc rsv hosp,2026-10-10,05,quantile,0.6,2
2026-09-26,2,wk inc rsv hosp,2026-10-10,05,quantile,0.65,3.0860093600936165
2026-09-26,2,wk inc rsv hosp,2026-10-10,05,quantile,0.7,5
2026-09-26,2,wk inc rsv hosp,2026-10-10,05,quantile,0.75,6.095355953559533
2026-09-26,2,wk inc rsv hosp,2026-10-10,05,quantile,0.8,8.388257882578872
2026-09-26,2,wk inc rsv hosp,2026-10-10,05,quantile,0.85,11.50157201572014
2026-09-26,2,wk inc rsv hosp,2026-10-10,05,quantile,0.9,15.875039750397518
2026-09-26,2,wk inc rsv hosp,2026-10-10,05,quantile,0.95,22.87955329553294
2026-09-26,2,wk inc rsv hosp,2026-10-10,05,quantile,0.975,26.69538295382953
2026-09-26,2,wk inc rsv hosp,2026-10-10,05,quantile,0.99,32
2026-09-26,2,wk inc rsv hosp,2026-10-10,06,quantile,0.01,0
2026-09-26,2,wk inc rsv hosp,2026-10-10,06,quantile,0.025,0
2026-09-26,2,wk inc rsv hosp,2026-10-10,06,quantile,0.05,0
2026-09-26,2,wk inc rsv hosp,2026-10-10,06,quantile,0.1,0
2026-09-26,2,wk inc rsv hosp,2026-10-10,06,quantile,0.15,0
2026-09-26,2,wk inc rsv hosp,2026-10-10,06,quantile,0.2,0
2026-09-26,2,wk inc rsv hosp,2026-10-10,06,quantile,0.25,0
2026-09-26,2,wk inc rsv hosp,2026-10-10,06,quantile,0.3,0
2026-09-26,2,wk inc rsv hosp,2026-10-10,06,quantile,0.35,3
2026-09-26,2,wk inc rsv hosp,2026-10-10,06,quantile,0.4,7
2026-09-26,2,wk inc rsv hosp,2026-10-10,06,quantile,0.45,11
2026-09-26,2,wk inc rsv hosp,2026-10-10,06,quantile,0.5,15
2026-09-26,2,wk inc rsv hosp,2026-10-10,06,quantile,0.55,19
2026-09-26,2,wk inc rsv hosp,2026-10-10,06,quantile,0.6,24
2026-09-26,2,wk inc rsv hosp,2026-10-10,06,quantile,0.65,31.355768557685607
2026-09-26,2,wk inc rsv hosp,2026-10-10,06,quantile,0.7,40.585030850308485
2026-09-26,2,wk inc rsv hosp,2026-10-10,06,quantile,0.75,51.467532175321715
2026-09-26,2,wk inc rsv hosp,2026-10-10,06,quantile,0.8,63
2026-09-26,2,wk inc rsv hosp,2026-10-10,06,quantile,0.85,78.09746397463965
2026-09-26,2,wk inc rsv hosp,2026-10-10,06,quantile,0.9,101.3579055790558
2026-09-26,2,wk inc rsv hosp,2026-10-10,06,quantile,0.95,133.94613896138938
2026-09-26,2,wk inc rsv hosp,2026-10-10,06,quantile,0.975,158.92928429284268
2026-09-26,2,wk inc rsv hosp,2026-10-10,06,quantile,0.99,194.68902309023258
2026-09-26,2,wk inc rsv hosp,2026-10-10,08,quantile,0.01,0
2026-09-26,2,wk inc rsv hosp,2026-10-10,08,quantile,0.025,0
2026-09-26,2,wk inc rsv hosp,2026-10-10,08,quantile,0.05,0
2026-09-26,2,wk inc rsv hosp,2026-10-10,08,quantile,0.1,0
2026-09-26,2,wk inc rsv hosp,2026-10-10,08,quantile,0.15,0
2026-09-26,2,wk inc rsv hosp,2026-10-10,08,quantile,0.2,0
2026-09-26,2,wk inc rsv hosp,2026-10-10,08,quantile,0.25,0
2026-09-26,2,wk inc rsv hosp,2026-10-10,08,quantile,0.3,0
2026-09-26,2,wk inc rsv hosp,2026-10-10,08,quantile,0.35,0
2026-09-26,2,wk inc rsv hosp,2026-10-10,08,quantile,0.4,0
2026-09-26,2,wk inc rsv hosp,2026-10-10,08,quantile,0.45,0
2026-09-26,2,wk inc rsv hosp,2026-10-10,08,quantile,0.5,1
2026-09-26,2,wk inc rsv hosp,2026-10-10,08,quantile,0.55,1.1796342963429822
2026-09-26,2,wk inc rsv hosp,2026-10-10,08,quantile,0.6,3
2026-09-26,2,wk inc rsv hosp,2026-10-10,08,quantile,0.65,5.553780037800388
2026-09-26,2,wk inc rsv hosp,2026-10-10,08,quantile,0.7,10
2026-09-26,2,wk inc rsv hosp,2026-10-10,08,quantile,0.75,15.37957879578795
2026-09-26,2,wk inc rsv hosp,2026-10-10,08,quantile,0.8,23
2026-09-26,2,wk inc rsv hosp,2026-10-10,08,quantile,0.85,29.821834218342193
2026-09-26,2,wk inc rsv hosp,2026-10-10,08,quantile,0.9,38.272927729277235
2026-09-26,2,wk inc rsv hosp,2026-10-10,08,quantile,0.95,55.96954369543672
2026-09-26,2,wk inc rsv hosp,2026-10-10,08,quantile,0.975,69.73364383643799
2026-09-26,2,wk inc rsv hosp,2026-10-10,08,quantile,0.99,90.24391953919528
2026-09-26,2,wk inc rsv hosp,2026-10-10,09,quantile,0.01,0
2026-09-26,2,wk inc rsv hosp,2026-10-10,09,quantile,0.025,0
2026-09-26,2,wk inc rsv hosp,2026-10-10,09,quantile,0.05,0
2026-09-26,2,wk inc rsv hosp,2026-10-10,09,quantile,0.1,0
2026-09-26,2,wk inc rsv hosp,2026-10-10,09,quantile,0.15,0
2026-09-26,2,wk inc rsv hosp,2026-10-10,09,quantile,0.2,0
2026-09-26,2,wk inc rsv hosp,2026-10-10,09,quantile,0.25,0
2026-09-26,2,wk inc rsv hosp,2026-10-10,09,quantile,0.3,0
2026-09-26,2,wk inc rsv hosp,2026-10-10,09,quantile,0.35,0
2026-09-26,2,wk inc rsv hosp,2026-10-10,09,quantile,0.4,0
2026-09-26,2,wk inc rsv hosp,2026-10-10,09,quantile,0.45,0
2026-09-26,2,wk inc rsv hosp,2026-10-10,09,quantile,0.5,0
2026-09-26,2,wk inc rsv hosp,2026-10-10,09,quantile,0.55,1
2026-09-26,2,wk inc rsv hosp,2026-10-10,09,quantile,0.6,2
2026-09-26,2,wk inc rsv hosp,2026-10-10,09,quantile,0.65,4
2026-09-26,2,wk inc rsv hosp,2026-10-10,09,quantile,0.7,5.636121361213599
2026-09-26,2,wk inc rsv hosp,2026-10-10,09,quantile,0.75,7.165744157441594
2026-09-26,2,wk inc rsv hosp,2026-10-10,09,quantile,0.8,10
2026-09-26,2,wk inc rsv hosp,2026-10-10,09,quantile,0.85,14
2026-09-26,2,wk inc rsv hosp,2026-10-10,09,quantile,0.9,19.368470684706853
2026-09-26,2,wk inc rsv hosp,2026-10-10,09,quantile,0.95,37.175666256662524
2026-09-26,2,wk inc rsv hosp,2026-10-10,09,quantile,0.975,46.45694956949567
2026-09-26,2,wk inc rsv hosp,2026-10-10,09,quantile,0.99,52.233759737597296
2026-09-26,2,wk inc rsv hosp,2026-10-10,10,quantile,0.01,0
2026-09-26,2,wk inc rsv hosp,2026-10-10,10,quantile,0.025,0
2026-09-26,2,wk inc rsv hosp,2026-10-10,10,quantile,0.05,0
2026-09-26,2,wk inc rsv hosp,2026-10-10,10,quantile,0.1,0
2026-09-26,2,wk inc rsv hosp,2026-10-10,10,quantile,0.15,0
2026-09-26,2,wk inc rsv hosp,2026-10-10,10,quantile,0.2,0
2026-09-26,2,wk inc rsv hosp,2026-10-10,10,quantile,0.25,0
2026-09-26,2,wk inc rsv hosp,2026-10-10,10,quantile,0.3,0
2026-09-26,2,wk inc rsv hosp,2026-10-10,10,quantile,0.35,0.7915354153541514
2026-09-26,2,wk inc rsv hosp,2026-10-10,10,quantile,0.4,1
2026-09-26,2,wk inc rsv hosp,2026-10-10,10,quantile,0.45,2
2026-09-26,2,wk inc rsv hosp,2026-10-10,10,quantile,0.5,2
2026-09-26,2,wk inc rsv hosp,2026-10-10,10,quantile,0.55,3
2026-09-26,2,wk inc rsv hosp,2026-10-10,10,quantile,0.6,3.7268232682326663
2026-09-26,2,wk inc rsv hosp,2026-10-10,10,quantile,0.65,4
2026-09-26,2,wk inc rsv hosp,2026-10-10,10,quantile,0.7,5.650001500014988
2026-09-26,2,wk inc rsv hosp,2026-10-10,10,quantile,0.75,7
2026-09-26,2,wk inc rsv hosp,2026-10-10,10,quantile,0.8,9
2026-09-26,2,wk inc rsv hosp,2026-10-10,10,quantile,0.85,12
2026-09-26,2,wk inc rsv hosp,2026-10-10,10,quantile,0.9,15.909615096151004
2026-09-26,2,wk inc rsv hosp,2026-10-10,10,quantile,0.95,24.841490414904122
2026-09-26,2,wk inc rsv hosp,2026-10-10,10,quantile,0.975,34.30733057330599
2026-09-26,2,wk inc rsv hosp,2026-10-10,10,quantile,0.99,56.50351273512691
2026-09-26,2,wk inc rsv hosp,2026-10-10,11,quantile,0.01,0
2026-09-26,2,wk inc rsv hosp,2026-10-10,11,quantile,0.025,0
2026-09-26,2,wk inc rsv hosp,2026-10-10,11,quantile,0.05,0
2026-09-26,2,wk inc rsv hosp,2026-10-10,11,quantile,0.1,0
2026-09-26,2,wk inc rsv hosp,2026-10-10,11,quantile,0.15,0
2026-09-26,2,wk inc rsv hosp,2026-10-10,11,quantile,0.2,0
2026-09-26,2,wk inc rsv hosp,2026-10-10,11,quantile,0.25,0
2026-09-26,2,wk inc rsv hosp,2026-10-10,11,quantile,0.3,0
2026-09-26,2,wk inc rsv hosp,2026-10-10,11,quantile,0.35,0
2026-09-26,2,wk inc rsv hosp,2026-10-10,11,quantile,0.4,0
2026-09-26,2,wk inc rsv hosp,2026-10-10,11,quantile,0.45,0
2026-09-26,2,wk inc rsv hosp,2026-10-10,11,quantile,0.5,0
2026-09-26,2,wk inc rsv hosp,2026-10-10,11,quantile,0.55,1
2026-09-26,2,wk inc rsv hosp,2026-10-10,11,quantile,0.6,1
2026-09-26,2,wk inc rsv hosp,2026-10-10,11,quantile,0.65,2
2026-09-26,2,wk inc rsv hosp,2026-10-10,11,quantile,0.7,2
2026-09-26,2,wk inc rsv hosp,2026-10-10,11,quantile,0.75,3
2026-09-26,2,wk inc rsv hosp,2026-10-10,11,quantile,0.8,4
2026-09-26,2,wk inc rsv hosp,2026-10-10,11,quantile,0.85,5
2026-09-26,2,wk inc rsv hosp,2026-10-10,11,quantile,0.9,7
2026-09-26,2,wk inc rsv hosp,2026-10-10,11,quantile,0.95,11.262707627076248
2026-09-26,2,wk inc rsv hosp,2026-10-10,11,quantile,0.975,15.61586615866156
2026-09-26,2,wk inc rsv hosp,2026-10-10,11,quantile,0.99,18.174413244132417
2026-09-26,2,wk inc rsv hosp,2026-10-10,12,quantile,0.01,0
2026-09-26,2,wk inc rsv hosp,2026-10-10,12,quantile,0.025,0
2026-09-26,2,wk inc rsv hosp,2026-10-10,12,quantile,0.05,17.098811988119873
2026-09-26,2,wk inc rsv hosp,2026-10-10,12,quantile,0.1,44.90181201812019
2026-09-26,2,wk inc rsv hosp,2026-10-10,12,quantile,0.15,62.94280442804427
2026-09-26,2,wk inc rsv hosp,2026-10-10,12,quantile,0.2,78.8148921489215
2026-09-26,2,wk inc rsv hosp,2026-10-10,12,quantile,0.25,90.47765727657278
2026-09-26,2,wk inc rsv hosp,2026-10-10,12,quantile,0.3,100.18957789577895
2026-09-26,2,wk inc rsv hosp,2026-10-10,12,quantile,0.35,107.7652101521015
2026-09-26,2,wk inc rsv hosp,2026-10-10,12,quantile,0.4,113.48190081900822
2026-09-26,2,wk inc rsv hosp,2026-10-10,12,quantile,0.45,119.8737737377374
2026-09-26,2,wk inc rsv hosp,2026-10-10,12,quantile,0.5,124
2026-09-26,2,wk inc rsv hosp,2026-10-10,12,quantile,0.55,128
2026-09-26,2,wk inc rsv hosp,2026-10-10,12,quantile,0.6,134.1252332523325
2026-09-26,2,wk inc rsv hosp,2026-10-10,12,quantile,0.65,140.06713917139177
2026-09-26,2,wk inc rsv hosp,2026-10-10,12,quantile,0.7,147.66955869558691
2026-09-26,2,wk inc rsv hosp,2026-10-10,12,quantile,0.75,157.5910359103591
2026-09-26,2,wk inc rsv hosp,2026-10-10,12,quantile,0.8,169.15250352503526
2026-09-26,2,wk inc rsv hosp,2026-10-10,12,quantile,0.85,185.3275222752227
2026-09-26,2,wk inc rsv hosp,2026-10-10,12,quantile,0.9,203.34257042570428
2026-09-26,2,wk inc rsv hosp,2026-10-10,12,quantile,0.95,232.93726037260376
2026-09-26,2,wk inc rsv hosp,2026-10-10,12,quantile,0.975,270.2723217232166
2026-09-26,2,wk inc rsv hosp,2026-10-10,12,quantile,0.99,324.6637866378664
2026-09-26,2,wk inc rsv hosp,2026-10-10,13,quantile,0.01,0
2026-09-26,2,wk inc rsv hosp,2026-10-10,13,quantile,0.025,0
2026-09-26,2,wk inc rsv hosp,2026-10-10,13,quantile,0.05,0
2026-09-26,2,wk inc rsv hosp,2026-10-10,13,quantile,0.1,0
2026-09-26,2,wk inc rsv hosp,2026-10-10,13,quantile,0.15,0
2026-09-26,2,wk inc rsv hosp,2026-10-10,13,quantile,0.2,0
2026-09-26,2,wk inc rsv hosp,2026-10-10,13,quantile,0.25,2
2026-09-26,2,wk inc rsv hosp,2026-10-10,13,quantile,0.3,5
2026-09-26,2,wk inc rsv hosp,2026-10-10,13,quantile,0.35,8
2026-09-26,2,wk inc rsv hosp,2026-10-10,13,quantile,0.4,10
2026-09-26,2,wk inc rsv hosp,2026-10-10,13,quantile,0.45,12
2026-09-26,2,wk inc rsv hosp,2026-10-10,13,quantile,0.5,13
2026-09-26,2,wk inc rsv hosp,2026-10-10,13,quantile,0.55,15
2026-09-26,2,wk inc rsv hosp,2026-10-10,13,quantile,0.6,17
2026-09-26,2,wk inc rsv hosp,2026-10-10,13,quantile,0.65,19.940386403864064
2026-09-26,2,wk inc rsv hosp,2026-10-10,13,quantile,0.7,22.909348093480947
2026-09-26,2,wk inc rsv hosp,2026-10-10,13,quantile,0.75,27
2026-09-26,2,wk inc rsv hosp,2026-10-10,13,quantile,0.8,34.891518915188954
2026-09-26,2,wk inc rsv hosp,2026-10-10,13,quantile,0.85,45
2026-09-26,2,wk inc rsv hosp,2026-10-10,13,quantile,0.9,59
2026-09-26,2,wk inc rsv hosp,2026-10-10,13,quantile,0.95,88.17486724867194
2026-09-26,2,wk inc rsv hosp,2026-10-10,13,quantile,0.975,125.8150774007741
2026-09-26,2,wk inc rsv hosp,2026-10-10,13,quantile,0.99,168.78855788557848
2026-09-26,2,wk inc rsv hosp,2026-10-10,15,quantile,0.01,0
2026-09-26,2,wk inc rsv hosp,2026-10-10,15,quantile,0.025,0
2026-09-26,2,wk inc rsv hosp,2026-10-10,15,quantile,0.05,0
2026-09-26,2,wk inc rsv hosp,2026-10-10,15,quantile,0.1,0
2026-09-26,2,wk inc rsv hosp,2026-10-10,15,quantile,0.15,0
2026-09-26,2,wk inc rsv hosp,2026-10-10,15,quantile,0.2,1
2026-09-26,2,wk inc rsv hosp,2026-10-10,15,quantile,0.25,2
2026-09-26,2,wk inc rsv hosp,2026-10-10,15,quantile,0.3,3.339133391333908
2026-09-26,2,wk inc rsv hosp,2026-10-10,15,quantile,0.35,4.29870048700486
2026-09-26,2,wk inc rsv hosp,2026-10-10,15,quantile,0.4,5
2026-09-26,2,wk inc rsv hosp,2026-10-10,15,quantile,0.45,6
2026-09-26,2,wk inc rsv hosp,2026-10-10,15,quantile,0.5,7
2026-09-26,2,wk inc rsv hosp,2026-10-10,15,quantile,0.55,8
2026-09-26,2,wk inc rsv hosp,2026-10-10,15,quantile,0.6,9
2026-09-26,2,wk inc rsv hosp,2026-10-10,15,quantile,0.65,10
2026-09-26,2,wk inc rsv hosp,2026-10-10,15,quantile,0.7,11
2026-09-26,2,wk inc rsv hosp,2026-10-10,15,quantile,0.75,12
2026-09-26,2,wk inc rsv hosp,2026-10-10,15,quantile,0.8,13
2026-09-26,2,wk inc rsv hosp,2026-10-10,15,quantile,0.85,15
2026-09-26,2,wk inc rsv hosp,2026-10-10,15,quantile,0.9,17
2026-09-26,2,wk inc rsv hosp,2026-10-10,15,quantile,0.95,21
2026-09-26,2,wk inc rsv hosp,2026-10-10,15,quantile,0.975,25.585707357073588
2026-09-26,2,wk inc rsv hosp,2026-10-10,15,quantile,0.99,32.17496954969494
2026-09-26,2,wk inc rsv hosp,2026-10-10,16,quantile,0.01,0
2026-09-26,2,wk inc rsv hosp,2026-10-10,16,quantile,0.025,0
2026-09-26,2,wk inc rsv hosp,2026-10-10,16,quantile,0.05,0
2026-09-26,2,wk inc rsv hosp,2026-10-10,16,quantile,0.1,0
2026-09-26,2,wk inc rsv hosp,2026-10-10,16,quantile,0.15,0
2026-09-26,2,wk inc rsv hosp,2026-10-10,16,quantile,0.2,0
2026-09-26,2,wk inc rsv hosp,2026-10-10,16,quantile,0.25,0
2026-09-26,2,wk inc rsv hosp,2026-10-10,16,quantile,0.3,0
2026-09-26,2,wk inc rsv hosp,2026-10-10,16,quantile,0.35,0
2026-09-26,2,wk inc rsv hosp,2026-10-10,16,quantile,0.4,0
2026-09-26,2,wk inc rsv hosp,2026-10-10,16,quantile,0.45,0
2026-09-26,2,wk inc rsv hosp,2026-10-10,16,quantile,0.5,0
2026-09-26,2,wk inc rsv hosp,2026-10-10,16,quantile,0.55,0.03854638546385952
2026-09-26,2,wk inc rsv hosp,2026-10-10,16,quantile,0.6,1
2026-09-26,2,wk inc rsv hosp,2026-10-10,16,quantile,0.65,2
2026-09-26,2,wk inc rsv hosp,2026-10-10,16,quantile,0.7,3.8714607146071294
2026-09-26,2,wk inc rsv hosp,2026-10-10,16,quantile,0.75,5
2026-09-26,2,wk inc rsv hosp,2026-10-10,16,quantile,0.8,7.5528715287152774
2026-09-26,2,wk inc rsv hosp,2026-10-10,16,quantile,0.85,10
2026-09-26,2,wk inc rsv hosp,2026-10-10,16,quantile,0.9,13.852435524355244
2026-09-26,2,wk inc rsv hosp,2026-10-10,16,quantile,0.95,18.601326013260113
2026-09-26,2,wk inc rsv hosp,2026-10-10,16,quantile,0.975,23.79730922309219
2026-09-26,2,wk inc rsv hosp,2026-10-10,16,quantile,0.99,29.923489334893258
2026-09-26,2,wk inc rsv hosp,2026-10-10,17,quantile,0.01,0
2026-09-26,2,wk inc rsv hosp,2026-10-10,17,quantile,0.025,0
2026-09-26,2,wk inc rsv hosp,2026-10-10,17,quantile,0.05,0
2026-09-26,2,wk inc rsv hosp,2026-10-10,17,quantile,0.1,0
2026-09-26,2,wk inc rsv hosp,2026-10-10,17,quantile,0.15,0
2026-09-26,2,wk inc rsv hosp,2026-10-10,17,quantile,0.2,0
2026-09-26,2,wk inc rsv hosp,2026-10-10,17,quantile,0.25,0
2026-09-26,2,wk inc rsv hosp,2026-10-10,17,quantile,0.3,0
2026-09-26,2,wk inc rsv hosp,2026-10-10,17,quantile,0.35,2.5914664146641417
2026-09-26,2,wk inc rsv hosp,2026-10-10,17,quantile,0.4,5
2026-09-26,2,wk inc rsv hosp,2026-10-10,17,quantile,0.45,8
2026-09-26,2,wk inc rsv hosp,2026-10-10,17,quantile,0.5,10
2026-09-26,2,wk inc rsv hosp,2026-10-10,17,quantile,0.55,13
2026-09-26,2,wk inc rsv hosp,2026-10-10,17,quantile,0.6,16
2026-09-26,2,wk inc rsv hosp,2026-10-10,17,quantile,0.65,21
2026-09-26,2,wk inc rsv hosp,2026-10-10,17,quantile,0.7,28.372348723487235
2026-09-26,2,wk inc rsv hosp,2026-10-10,17,quantile,0.75,36.54665046650468
2026-09-26,2,wk inc rsv hosp,2026-10-10,17,quantile,0.8,46.58759787597874
2026-09-26,2,wk inc rsv hosp,2026-10-10,17,quantile,0.85,60.98976239762392
2026-09-26,2,wk inc rsv hosp,2026-10-10,17,quantile,0.9,80.41428314283145
2026-09-26,2,wk inc rsv hosp,2026-10-10,17,quantile,0.95,115.53217232172285
2026-09-26,2,wk inc rsv hosp,2026-10-10,17,quantile,0.975,148.70910134101362
2026-09-26,2,wk inc rsv hosp,2026-10-10,17,quantile,0.99,205.63519485194874
2026-09-26,2,wk inc rsv hosp,2026-10-10,18,quantile,0.01,0
2026-09-26,2,wk inc rsv hosp,2026-10-10,18,quantile,0.025,0
2026-09-26,2,wk inc rsv hosp,2026-10-10,18,quantile,0.05,0
2026-09-26,2,wk inc rsv hosp,2026-10-10,18,quantile,0.1,0
2026-09-26,2,wk inc rsv hosp,2026-10-10,18,quantile,0.15,0
2026-09-26,2,wk inc rsv hosp,2026-10-10,18,quantile,0.2,0
2026-09-26,2,wk inc rsv hosp,2026-10-10,18,quantile,0.25,0
2026-09-26,2,wk inc rsv hosp,2026-10-10,18,quantile,0.3,0
2026-09-26,2,wk inc rsv hosp,2026-10-10,18,quantile,0.35,0
2026-09-26,2,wk inc rsv hosp,2026-10-10,18,quantile,0.4,0
2026-09-26,2,wk inc rsv hosp,2026-10-10,18,quantile,0.45,1
2026-09-26,2,wk inc rsv hosp,2026-10-10,18,quantile,0.5,2
2026-09-26,2,wk inc rsv hosp,2026-10-10,18,quantile,0.55,3
2026-09-26,2,wk inc rsv hosp,2026-10-10,18,quantile,0.6,5
2026-09-26,2,wk inc rsv hosp,2026-10-10,18,quantile,0.65,7.885545855458549
2026-09-26,2,wk inc rsv hosp,2026-10-10,18,quantile,0.7,11
2026-09-26,2,wk inc rsv hosp,2026-10-10,18,quantile,0.75,14
2026-09-26,2,wk inc rsv hosp,2026-10-10,18,quantile,0.8,19.196351963519614
2026-09-26,2,wk inc rsv hosp,2026-10-10,18,quantile,0.85,28.900312003120106
2026-09-26,2,wk inc rsv hosp,2026-10-10,18,quantile,0.9,40.69906999069995
2026-09-26,2,wk inc rsv hosp,2026-10-10,18,quantile,0.95,62.67498124981232
2026-09-26,2,wk inc rsv hosp,2026-10-10,18,quantile,0.975,87.67901779017753
2026-09-26,2,wk inc rsv hosp,2026-10-10,18,quantile,0.99,110.33587075870742
2026-09-26,2,wk inc rsv hosp,2026-10-10,19,quantile,0.01,0
2026-09-26,2,wk inc rsv hosp,2026-10-10,19,quantile,0.025,0
2026-09-26,2,wk inc rsv hosp,2026-10-10,19,quantile,0.05,0
2026-09-26,2,wk inc rsv hosp,2026-10-10,19,quantile,0.1,0
2026-09-26,2,wk inc rsv hosp,2026-10-10,19,quantile,0.15,0
2026-09-26,2,wk inc rsv hosp,2026-10-10,19,quantile,0.2,0
2026-09-26,2,wk inc rsv hosp,2026-10-10,19,quantile,0.25,0
2026-09-26,2,wk inc rsv hosp,2026-10-10,19,quantile,0.3,0
2026-09-26,2,wk inc rsv hosp,2026-10-10,19,quantile,0.35,0
2026-09-26,2,wk inc rsv hosp,2026-10-10,19,quantile,0.4,0
2026-09-26,2,wk inc rsv hosp,2026-10-10,19,quantile,0.45,0
2026-09-26,2,wk inc rsv hosp,2026-10-10,19,quantile,0.5,1
2026-09-26,2,wk inc rsv hosp,2026-10-10,19,quantile,0.55,1
2026-09-26,2,wk inc rsv hosp,2026-10-10,19,quantile,0.6,2
2026-09-26,2,wk inc rsv hosp,2026-10-10,19,quantile,0.65,4
2026-09-26,2,wk inc rsv hosp,2026-10-10,19,quantile,0.7,6
2026-09-26,2,wk inc rsv hosp,2026-10-10,19,quantile,0.75,9.554210542105409
2026-09-26,2,wk inc rsv hosp,2026-10-10,19,quantile,0.8,14
2026-09-26,2,wk inc rsv hosp,2026-10-10,19,quantile,0.85,18.46824018240184
2026-09-26,2,wk inc rsv hosp,2026-10-10,19,quantile,0.9,26.251612516125164
2026-09-26,2,wk inc rsv hosp,2026-10-10,19,quantile,0.95,41.33723487234871
2026-09-26,2,wk inc rsv hosp,2026-10-10,19,quantile,0.975,83.70398703987041
2026-09-26,2,wk inc rsv hosp,2026-10-10,19,quantile,0.99,97.5928257282564
2026-09-26,2,wk inc rsv hosp,2026-10-10,20,quantile,0.01,0
2026-09-26,2,wk inc rsv hosp,2026-10-10,20,quantile,0.025,0
2026-09-26,2,wk inc rsv hosp,2026-10-10,20,quantile,0.05,0
2026-09-26,2,wk inc rsv hosp,2026-10-10,20,quantile,0.1,0
2026-09-26,2,wk inc rsv hosp,2026-10-10,20,quantile,0.15,0
2026-09-26,2,wk inc rsv hosp,2026-10-10,20,quantile,0.2,0
2026-09-26,2,wk inc rsv hosp,2026-10-10,20,quantile,0.25,0
2026-09-26,2,wk inc rsv hosp,2026-10-10,20,quantile,0.3,0
2026-09-26,2,wk inc rsv hosp,2026-10-10,20,quantile,0.35,0
2026-09-26,2,wk inc rsv hosp,2026-10-10,20,quantile,0.4,0
2026-09-26,2,wk inc rsv hosp,2026-10-10,20,quantile,0.45,0
2026-09-26,2,wk inc rsv hosp,2026-10-10,20,quantile,0.5,1
2026-09-26,2,wk inc rsv hosp,2026-10-10,20,quantile,0.55,1.5668691686916918
2026-09-26,2,wk inc rsv hosp,2026-10-10,20,quantile,0.6,2.593585935859321
2026-09-26,2,wk inc rsv hosp,2026-10-10,20,quantile,0.65,4
2026-09-26,2,wk inc rsv hosp,2026-10-10,20,quantile,0.7,5.423433234332327
2026-09-26,2,wk inc rsv hosp,2026-10-10,20,quantile,0.75,7.277202772027692
2026-09-26,2,wk inc rsv hosp,2026-10-10,20,quantile,0.8,10
2026-09-26,2,wk inc rsv hosp,2026-10-10,20,quantile,0.85,14
2026-09-26,2,wk inc rsv hosp,2026-10-10,20,quantile,0.9,20.98485284852853
2026-09-26,2,wk inc rsv hosp,2026-10-10,20,quantile,0.95,33
2026-09-26,2,wk inc rsv hosp,2026-10-10,20,quantile,0.975,40.52181246812438
2026-09-26,2,wk inc rsv hosp,2026-10-10,20,quantile,0.99,47.66537035370354
2026-09-26,2,wk inc rsv hosp,2026-10-10,21,quantile,0.01,0
2026-09-26,2,wk inc rsv hosp,2026-10-10,21,quantile,0.025,0
2026-09-26,2,wk inc rsv hosp,2026-10-10,21,quantile,0.05,0
2026-09-26,2,wk inc rsv hosp,2026-10-10,21,quantile,0.1,0
2026-09-26,2,wk inc rsv hosp,2026-10-10,21,quantile,0.15,0
2026-09-26,2,wk inc rsv hosp,2026-10-10,21,quantile,0.2,0
2026-09-26,2,wk inc rsv hosp,2026-10-10,21,quantile,0.25,0
2026-09-26,2,wk inc rsv hosp,2026-10-10,21,quantile,0.3,0
2026-09-26,2,wk inc rsv hosp,2026-10-10,21,quantile,0.35,0
2026-09-26,2,wk inc rsv hosp,2026-10-10,21,quantile,0.4,0
2026-09-26,2,wk inc rsv hosp,2026-10-10,21,quantile,0.45,0
2026-09-26,2,wk inc rsv hosp,2026-10-10,21,quantile,0.5,1
2026-09-26,2,wk inc rsv hosp,2026-10-10,21,quantile,0.55,2
2026-09-26,2,wk inc rsv hosp,2026-10-10,21,quantile,0.6,4
2026-09-26,2,wk inc rsv hosp,2026-10-10,21,quantile,0.65,6
2026-09-26,2,wk inc rsv hosp,2026-10-10,21,quantile,0.7,9
2026-09-26,2,wk inc rsv hosp,2026-10-10,21,quantile,0.75,12.411919119191175
2026-09-26,2,wk inc rsv hosp,2026-10-10,21,quantile,0.8,16.025626256262566
2026-09-26,2,wk inc rsv hosp,2026-10-10,21,quantile,0.85,21.348318483184837
2026-09-26,2,wk inc rsv hosp,2026-10-10,21,quantile,0.9,29
2026-09-26,2,wk inc rsv hosp,2026-10-10,21,quantile,0.95,42
2026-09-26,2,wk inc rsv hosp,2026-10-10,21,quantile,0.975,61.3606268562684
2026-09-26,2,wk inc rsv hosp,2026-10-10,21,quantile,0.99,120.8072333723323
2026-09-26,2,wk inc rsv hosp,2026-10-10,22,quantile,0.01,0
2026-09-26,2,wk inc rsv hosp,2026-10-10,22,quantile,0.025,0
2026-09-26,2,wk inc rsv hosp,2026-10-10,22,quantile,0.05,0
2026-09-26,2,wk inc rsv hosp,2026-10-10,22,quantile,0.1,0
2026-09-26,2,wk inc rsv hosp,2026-10-10,22,quantile,0.15,0
2026-09-26,2,wk inc rsv hosp,2026-10-10,22,quantile,0.2,0
2026-09-26,2,wk inc rsv hosp,2026-10-10,22,quantile,0.25,0
2026-09-26,2,wk inc rsv hosp,2026-10-10,22,quantile,0.3,1.4680616806167843
2026-09-26,2,wk inc rsv hosp,2026-10-10,22,quantile,0.35,4
2026-09-26,2,wk inc rsv hosp,2026-10-10,22,quantile,0.4,6
2026-09-26,2,wk inc rsv hosp,2026-10-10,22,quantile,0.45,7
2026-09-26,2,wk inc rsv hosp,2026-10-10,22,quantile,0.5,8
2026-09-26,2,wk inc rsv hosp,2026-10-10,22,quantile,0.55,10
2026-09-26,2,wk inc rsv hosp,2026-10-10,22,quantile,0.6,12
2026-09-26,2,wk inc rsv hosp,2026-10-10,22,quantile,0.65,14
2026-09-26,2,wk inc rsv hosp,2026-10-10,22,quantile,0.7,16.820235202352034
2026-09-26,2,wk inc rsv hosp,2026-10-10,22,quantile,0.75,20.29367293672937
2026-09-26,2,wk inc rsv hosp,2026-10-10,22,quantile,0.8,25.00975009750097
2026-09-26,2,wk inc rsv hosp,2026-10-10,22,quantile,0.85,30.649014490144886
2026-09-26,2,wk inc rsv hosp,2026-10-10,22,quantile,0.9,41.11825218252186
2026-09-26,2,wk inc rsv hosp,2026-10-10,22,quantile,0.95,65.08174931749278
2026-09-26,2,wk inc rsv hosp,2026-10-10,22,quantile,0.975,80.38461959619562
2026-09-26,2,wk inc rsv hosp,2026-10-10,22,quantile,0.99,92.21562325623255
2026-09-26,2,wk inc rsv hosp,2026-10-10,23,quantile,0.01,0
2026-09-26,2,wk inc rsv hosp,2026-10-10,23,quantile,0.025,0
2026-09-26,2,wk inc rsv hosp,2026-10-10,23,quantile,0.05,0
2026-09-26,2,wk inc rsv hosp,2026-10-10,23,quantile,0.1,0
2026-09-26,2,wk inc rsv hosp,2026-10-10,23,quantile,0.15,0
2026-09-26,2,wk inc rsv hosp,2026-10-10,23,quantile,0.2,0
2026-09-26,2,wk inc rsv hosp,2026-10-10,23,quantile,0.25,0
2026-09-26,2,wk inc rsv hosp,2026-10-10,23,quantile,0.3,0
2026-09-26,2,wk inc rsv hosp,2026-10-10,23,quantile,0.35,0
2026-09-26,2,wk inc rsv hosp,2026-10-10,23,quantile,0.4,0
2026-09-26,2,wk inc rsv hosp,2026-10-10,23,quantile,0.45,0
2026-09-26,2,wk inc rsv hosp,2026-10-10,23,quantile,0.5,0
2026-09-26,2,wk inc rsv hosp,2026-10-10,23,quantile,0.55,0
2026-09-26,2,wk inc rsv hosp,2026-10-10,23,quantile,0.6,0.1015930159301541
2026-09-26,2,wk inc rsv hosp,2026-10-10,23,quantile,0.65,1
2026-09-26,2,wk inc rsv hosp,2026-10-10,23,quantile,0.7,2
2026-09-26,2,wk inc rsv hosp,2026-10-10,23,quantile,0.75,3
2026-09-26,2,wk inc rsv hosp,2026-10-10,23,quantile,0.8,4
2026-09-26,2,wk inc rsv hosp,2026-10-10,23,quantile,0.85,5
2026-09-26,2,wk inc rsv hosp,2026-10-10,23,quantile,0.9,6
2026-09-26,2,wk inc rsv hosp,2026-10-10,23,quantile,0.95,8.708419584195834
2026-09-26,2,wk inc rsv hosp,2026-10-10,23,quantile,0.975,10.749716497165007
2026-09-26,2,wk inc rsv hosp,2026-10-10,23,quantile,0.99,13.470569705696928
2026-09-26,2,wk inc rsv hosp,2026-10-10,24,quantile,0.01,0
2026-09-26,2,wk inc rsv hosp,2026-10-10,24,quantile,0.025,0
2026-09-26,2,wk inc rsv hosp,2026-10-10,24,quantile,0.05,0
2026-09-26,2,wk inc rsv hosp,2026-10-10,24,quantile,0.1,0
2026-09-26,2,wk inc rsv hosp,2026-10-10,24,quantile,0.15,0
2026-09-26,2,wk inc rsv hosp,2026-10-10,24,quantile,0.2,0
2026-09-26,2,wk inc rsv hosp,2026-10-10,24,quantile,0.25,0
2026-09-26,2,wk inc rsv hosp,2026-10-10,24,quantile,0.3,0
2026-09-26,2,wk inc rsv hosp,2026-10-10,24,quantile,0.35,0.393833438334367
2026-09-26,2,wk inc rsv hosp,2026-10-10,24,quantile,0.4,2
2026-09-26,2,wk inc rsv hosp,2026-10-10,24,quantile,0.45,3
2026-09-26,2,wk inc rsv hosp,2026-10-10,24,quantile,0.5,5
2026-09-26,2,wk inc rsv hosp,2026-10-10,24,quantile,0.55,6
2026-09-26,2,wk inc rsv hosp,2026-10-10,24,quantile,0.6,8
2026-09-26,2,wk inc rsv hosp,2026-10-10,24,quantile,0.65,10
2026-09-26,2,wk inc rsv hosp,2026-10-10,24,quantile,0.7,12.631324313243109
2026-09-26,2,wk inc rsv hosp,2026-10-10,24,quantile,0.75,16
2026-09-26,2,wk inc rsv hosp,2026-10-10,24,quantile,0.8,21
2026-09-26,2,wk inc rsv hosp,2026-10-10,24,quantile,0.85,28.02822878228782
2026-09-26,2,wk inc rsv hosp,2026-10-10,24,quantile,0.9,40.622445224452186
2026-09-26,2,wk inc rsv hosp,2026-10-10,24,quantile,0.95,58.18665986659869
2026-09-26,2,wk inc rsv hosp,2026-10-10,24,quantile,0.975,72.02154221542204
2026-09-26,2,wk inc rsv hosp,2026-10-10,24,quantile,0.99,94.21367793677871
2026-09-26,2,wk inc rsv hosp,2026-10-10,25,quantile,0.01,0
2026-09-26,2,wk inc rsv hosp,2026-10-10,25,quantile,0.025,0
2026-09-26,2,wk inc rsv hosp,2026-10-10,25,quantile,0.05,0
2026-09-26,2,wk inc rsv hosp,2026-10-10,25,quantile,0.1,0
2026-09-26,2,wk inc rsv hosp,2026-10-10,25,quantile,0.15,0
2026-09-26,2,wk inc rsv hosp,2026-10-10,25,quantile,0.2,0
2026-09-26,2,wk inc rsv hosp,2026-10-10,25,quantile,0.25,0
2026-09-26,2,wk inc rsv hosp,2026-10-10,25,quantile,0.3,0
2026-09-26,2,wk inc rsv hosp,2026-10-10,25,quantile,0.35,0
2026-09-26,2,wk inc rsv hosp,2026-10-10,25,quantile,0.4,0
2026-09-26,2,wk inc rsv hosp,2026-10-10,25,quantile,0.45,1.8443884438844336
2026-09-26,2,wk inc rsv hosp,2026-10-10,25,quantile,0.5,5
2026-09-26,2,wk inc rsv hosp,2026-10-10,25,quantile,0.55,8.844388443884434
2026-09-26,2,wk inc rsv hosp,2026-10-10,25,quantile,0.6,12.844388443884434
2026-09-26,2,wk inc rsv hosp,2026-10-10,25,quantile,0.65,17.42620226202261
2026-09-26,2,wk inc rsv hosp,2026-10-10,25,quantile,0.7,22.844388443884434
2026-09-26,2,wk inc rsv hosp,2026-10-10,25,quantile,0.75,29.696396963969626
2026-09-26,2,wk inc rsv hosp,2026-10-10,25,quantile,0.8,37.85824258242603
2026-09-26,2,wk inc rsv hosp,2026-10-10,25,quantile,0.85,51.738553385533834
2026-09-26,2,wk inc rsv hosp,2026-10-10,25,quantile,0.9,71.84438844388444
2026-09-26,2,wk inc rsv hosp,2026-10-10,25,quantile,0.95,101.57250772507707
2026-09-26,2,wk inc rsv hosp,2026-10-10,25,quantile,0.975,137.7505655056552
2026-09-26,2,wk inc rsv hosp,2026-10-10,25,quantile,0.99,202.8581987819876
2026-09-26,2,wk inc rsv hosp,2026-10-10,26,quantile,0.01,0
2026-09-26,2,wk inc rsv hosp,2026-10-10,26,quantile,0.025,0
2026-09-26,2,wk inc rsv hosp,2026-10-10,26,quantile,0.05,0
2026-09-26,2,wk inc rsv hosp,2026-10-10,26,quantile,0.1,0
2026-09-26,2,wk inc rsv hosp,2026-10-10,26,quantile,0.15,0
2026-09-26,2,wk inc rsv hosp,2026-10-10,26,quantile,0.2,0
2026-09-26,2,wk inc rsv hosp,2026-10-10,26,quantile,0.25,0
2026-09-26,2,wk inc rsv hosp,2026-10-10,26,quantile,0.3,0
2026-09-26,2,wk inc rsv hosp,2026-10-10,26,quantile,0.35,0
2026-09-26,2,wk inc rsv hosp,2026-10-10,26,quantile,0.4,1
2026-09-26,2,wk inc rsv hosp,2026-10-10,26,quantile,0.45,3
2026-09-26,2,wk inc rsv hosp,2026-10-10,26,quantile,0.5,4
2026-09-26,2,wk inc rsv hosp,2026-10-10,26,quantile,0.55,6
2026-09-26,2,wk inc rsv hosp,2026-10-10,26,quantile,0.6,9.686832868328693
2026-09-26,2,wk inc rsv hosp,2026-10-10,26,quantile,0.65,15.829698796987973
2026-09-26,2,wk inc rsv hosp,2026-10-10,26,quantile,0.7,21.063651636516287
2026-09-26,2,wk inc rsv hosp,2026-10-10,26,quantile,0.75,31.05853058530603
2026-09-26,2,wk inc rsv hosp,2026-10-10,26,quantile,0.8,39.84716647166472
2026-09-26,2,wk inc rsv hosp,2026-10-10,26,quantile,0.85,50.79315993159941
2026-09-26,2,wk inc rsv hosp,2026-10-10,26,quantile,0.9,68.25655656556567
2026-09-26,2,wk inc rsv hosp,2026-10-10,26,quantile,0.95,93.24605046050452
2026-09-26,2,wk inc rsv hosp,2026-10-10,26,quantile,0.975,123
2026-09-26,2,wk inc rsv hosp,2026-10-10,26,quantile,0.99,168.87018240182186
2026-09-26,2,wk inc rsv hosp,2026-10-10,27,quantile,0.01,0
2026-09-26,2,wk inc rsv hosp,2026-10-10,27,quantile,0.025,0
2026-09-26,2,wk inc rsv hosp,2026-10-10,27,quantile,0.05,0
2026-09-26,2,wk inc rsv hosp,2026-10-10,27,quantile,0.1,0
2026-09-26,2,wk inc rsv hosp,2026-10-10,27,quantile,0.15,0
2026-09-26,2,wk inc rsv hosp,2026-10-10,27,quantile,0.2,0
2026-09-26,2,wk inc rsv hosp,2026-10-10,27,quantile,0.25,0
2026-09-26,2,wk inc rsv hosp,2026-10-10,27,quantile,0.3,0
2026-09-26,2,wk inc rsv hosp,2026-10-10,27,quantile,0.35,0
2026-09-26,2,wk inc rsv hosp,2026-10-10,27,quantile,0.4,0
2026-09-26,2,wk inc rsv hosp,2026-10-10,27,quantile,0.45,0
2026-09-26,2,wk inc rsv hosp,2026-10-10,27,quantile,0.5,1.7000170001324477e-4
2026-09-26,2,wk inc rsv hosp,2026-10-10,27,quantile,0.55,2.1451014510145114
2026-09-26,2,wk inc rsv hosp,2026-10-10,27,quantile,0.6,5.145101451014511
2026-09-26,2,wk inc rsv hosp,2026-10-10,27,quantile,0.65,8.186510865108659
2026-09-26,2,wk inc rsv hosp,2026-10-10,27,quantile,0.7,11.757213572135718
2026-09-26,2,wk inc rsv hosp,2026-10-10,27,quantile,0.75,15.473519735197364
2026-09-26,2,wk inc rsv hosp,2026-10-10,27,quantile,0.8,20.14510145101451
2026-09-26,2,wk inc rsv hosp,2026-10-10,27,quantile,0.85,25.486725367253662
2026-09-26,2,wk inc rsv hosp,2026-10-10,27,quantile,0.9,33.61413114131141
2026-09-26,2,wk inc rsv hosp,2026-10-10,27,quantile,0.95,46.762472624726485
2026-09-26,2,wk inc rsv hosp,2026-10-10,27,quantile,0.975,61.49933574335758
2026-09-26,2,wk inc rsv hosp,2026-10-10,27,quantile,0.99,77.04820528205289
2026-09-26,2,wk inc rsv hosp,2026-10-10,28,quantile,0.01,0
2026-09-26,2,wk inc rsv hosp,2026-10-10,28,quantile,0.025,0
2026-09-26,2,wk inc rsv hosp,2026-10-10,28,quantile,0.05,0
2026-09-26,2,wk inc rsv hosp,2026-10-10,28,quantile,0.1,0
2026-09-26,2,wk inc rsv hosp,2026-10-10,28,quantile,0.15,0
2026-09-26,2,wk inc rsv hosp,2026-10-10,28,quantile,0.2,0
2026-09-26,2,wk inc rsv hosp,2026-10-10,28,quantile,0.25,0
2026-09-26,2,wk inc rsv hosp,2026-10-10,28,quantile,0.3,1
2026-09-26,2,wk inc rsv hosp,2026-10-10,28,quantile,0.35,2.6799957999579958
2026-09-26,2,wk inc rsv hosp,2026-10-10,28,quantile,0.4,4
2026-09-26,2,wk inc rsv hosp,2026-10-10,28,quantile,0.45,4.514689646896482
2026-09-26,2,wk inc rsv hosp,2026-10-10,28,quantile,0.5,5
2026-09-26,2,wk inc rsv hosp,2026-10-10,28,quantile,0.55,6
2026-09-26,2,wk inc rsv hosp,2026-10-10,28,quantile,0.6,7
2026-09-26,2,wk inc rsv hosp,2026-10-10,28,quantile,0.65,8
2026-09-26,2,wk inc rsv hosp,2026-10-10,28,quantile,0.7,10
2026-09-26,2,wk inc rsv hosp,2026-10-10,28,quantile,0.75,12
2026-09-26,2,wk inc rsv hosp,2026-10-10,28,quantile,0.8,14.000894008940083
2026-09-26,2,wk inc rsv hosp,2026-10-10,28,quantile,0.85,17.494314943149423
2026-09-26,2,wk inc rsv hosp,2026-10-10,28,quantile,0.9,21.50318903189029
2026-09-26,2,wk inc rsv hosp,2026-10-10,28,quantile,0.95,27.39871448714486
2026-09-26,2,wk inc rsv hosp,2026-10-10,28,quantile,0.975,33.725509255092426
2026-09-26,2,wk inc rsv hosp,2026-10-10,28,quantile,0.99,39.495339753397445
2026-09-26,2,wk inc rsv hosp,2026-10-10,29,quantile,0.01,0
2026-09-26,2,wk inc rsv hosp,2026-10-10,29,quantile,0.025,0
2026-09-26,2,wk inc rsv hosp,2026-10-10,29,quantile,0.05,0
2026-09-26,2,wk inc rsv hosp,2026-10-10,29,quantile,0.1,0
2026-09-26,2,wk inc rsv hosp,2026-10-10,29,quantile,0.15,0
2026-09-26,2,wk inc rsv hosp,2026-10-10,29,quantile,0.2,0
2026-09-26,2,wk inc rsv hosp,2026-10-10,29,quantile,0.25,0
2026-09-26,2,wk inc rsv hosp,2026-10-10,29,quantile,0.3,0
2026-09-26,2,wk inc rsv hosp,2026-10-10,29,quantile,0.35,0
2026-09-26,2,wk inc rsv hosp,2026-10-10,29,quantile,0.4,0
2026-09-26,2,wk inc rsv hosp,2026-10-10,29,quantile,0.45,0
2026-09-26,2,wk inc rsv hosp,2026-10-10,29,quantile,0.5,1
2026-09-26,2,wk inc rsv hosp,2026-10-10,29,quantile,0.55,2
2026-09-26,2,wk inc rsv hosp,2026-10-10,29,quantile,0.6,4
2026-09-26,2,wk inc rsv hosp,2026-10-10,29,quantile,0.65,6.040710407104076
2026-09-26,2,wk inc rsv hosp,2026-10-10,29,quantile,0.7,9.935421354213513
2026-09-26,2,wk inc rsv hosp,2026-10-10,29,quantile,0.75,14.803580535805338
2026-09-26,2,wk inc rsv hosp,2026-10-10,29,quantile,0.8,21.236906369063703
2026-09-26,2,wk inc rsv hosp,2026-10-10,29,quantile,0.85,27
2026-09-26,2,wk inc rsv hosp,2026-10-10,29,quantile,0.9,37.67661476614776
2026-09-26,2,wk inc rsv hosp,2026-10-10,29,quantile,0.95,54.09463744637438
2026-09-26,2,wk inc rsv hosp,2026-10-10,29,quantile,0.975,69.30350703507031
2026-09-26,2,wk inc rsv hosp,2026-10-10,29,quantile,0.99,84.87571685716846
2026-09-26,2,wk inc rsv hosp,2026-10-10,30,quantile,0.01,0
2026-09-26,2,wk inc rsv hosp,2026-10-10,30,quantile,0.025,0
2026-09-26,2,wk inc rsv hosp,2026-10-10,30,quantile,0.05,0
2026-09-26,2,wk inc rsv hosp,2026-10-10,30,quantile,0.1,0
2026-09-26,2,wk inc rsv hosp,2026-10-10,30,quantile,0.15,0
2026-09-26,2,wk inc rsv hosp,2026-10-10,30,quantile,0.2,0
2026-09-26,2,wk inc rsv hosp,2026-10-10,30,quantile,0.25,0
2026-09-26,2,wk inc rsv hosp,2026-10-10,30,quantile,0.3,0
2026-09-26,2,wk inc rsv hosp,2026-10-10,30,quantile,0.35,0
2026-09-26,2,wk inc rsv hosp,2026-10-10,30,quantile,0.4,0
2026-09-26,2,wk inc rsv hosp,2026-10-10,30,quantile,0.45,0
2026-09-26,2,wk inc rsv hosp,2026-10-10,30,quantile,0.5,0
2026-09-26,2,wk inc rsv hosp,2026-10-10,30,quantile,0.55,1
2026-09-26,2,wk inc rsv hosp,2026-10-10,30,quantile,0.6,1
2026-09-26,2,wk inc rsv hosp,2026-10-10,30,quantile,0.65,2
2026-09-26,2,wk inc rsv hosp,2026-10-10,30,quantile,0.7,3
2026-09-26,2,wk inc rsv hosp,2026-10-10,30,quantile,0.75,4
2026-09-26,2,wk inc rsv hosp,2026-10-10,30,quantile,0.8,7
2026-09-26,2,wk inc rsv hosp,2026-10-10,30,quantile,0.85,9.205946059460606
2026-09-26,2,wk inc rsv hosp,2026-10-10,30,quantile,0.9,12.658496584965865
2026-09-26,2,wk inc rsv hosp,2026-10-10,30,quantile,0.95,17
2026-09-26,2,wk inc rsv hosp,2026-10-10,30,quantile,0.975,23.458222332223265
2026-09-26,2,wk inc rsv hosp,2026-10-10,30,quantile,0.99,33
2026-09-26,2,wk inc rsv hosp,2026-10-10,31,quantile,0.01,0
2026-09-26,2,wk inc rsv hosp,2026-10-10,31,quantile,0.025,0
2026-09-26,2,wk inc rsv hosp,2026-10-10,31,quantile,0.05,0
2026-09-26,2,wk inc rsv hosp,2026-10-10,31,quantile,0.1,0
2026-09-26,2,wk inc rsv hosp,2026-10-10,31,quantile,0.15,0
2026-09-26,2,wk inc rsv hosp,2026-10-10,31,quantile,0.2,0
2026-09-26,2,wk inc rsv hosp,2026-10-10,31,quantile,0.25,0
2026-09-26,2,wk inc rsv hosp,2026-10-10,31,quantile,0.3,0
2026-09-26,2,wk inc rsv hosp,2026-10-10,31,quantile,0.35,0.9745417454174456
2026-09-26,2,wk inc rsv hosp,2026-10-10,31,quantile,0.4,1
2026-09-26,2,wk inc rsv hosp,2026-10-10,31,quantile,0.45,2
2026-09-26,2,wk inc rsv hosp,2026-10-10,31,quantile,0.5,2
2026-09-26,2,wk inc rsv hosp,2026-10-10,31,quantile,0.55,3
2026-09-26,2,wk inc rsv hosp,2026-10-10,31,quantile,0.6,4
2026-09-26,2,wk inc rsv hosp,2026-10-10,31,quantile,0.65,4.278959289592901
2026-09-26,2,wk inc rsv hosp,2026-10-10,31,quantile,0.7,6
2026-09-26,2,wk inc rsv hosp,2026-10-10,31,quantile,0.75,7
2026-09-26,2,wk inc rsv hosp,2026-10-10,31,quantile,0.8,9.22937029370295
2026-09-26,2,wk inc rsv hosp,2026-10-10,31,quantile,0.85,12.118892688926906
2026-09-26,2,wk inc rsv hosp,2026-10-10,31,quantile,0.9,16.584852848528502
2026-09-26,2,wk inc rsv hosp,2026-10-10,31,quantile,0.95,24
2026-09-26,2,wk inc rsv hosp,2026-10-10,31,quantile,0.975,31.038182881828796
2026-09-26,2,wk inc rsv hosp,2026-10-10,31,quantile,0.99,36.83421564215638
2026-09-26,2,wk inc rsv hosp,2026-10-10,32,quantile,0.01,0
2026-09-26,2,wk inc rsv hosp,2026-10-10,32,quantile,0.025,0
2026-09-26,2,wk inc rsv hosp,2026-10-10,32,quantile,0.05,0
2026-09-26,2,wk inc rsv hosp,2026-10-10,32,quantile,0.1,0
2026-09-26,2,wk inc rsv hosp,2026-10-10,32,quantile,0.15,0
2026-09-26,2,wk inc rsv hosp,2026-10-10,32,quantile,0.2,0
2026-09-26,2,wk inc rsv hosp,2026-10-10,32,quantile,0.25,0
2026-09-26,2,wk inc rsv hosp,2026-10-10,32,quantile,0.3,0
2026-09-26,2,wk inc rsv hosp,2026-10-10,32,quantile,0.35,0
2026-09-26,2,wk inc rsv hosp,2026-10-10,32,quantile,0.4,0
2026-09-26,2,wk inc rsv hosp,2026-10-10,32,quantile,0.45,0
2026-09-26,2,wk inc rsv hosp,2026-10-10,32,quantile,0.5,7.500075000876905e-5
2026-09-26,2,wk inc rsv hosp,2026-10-10,32,quantile,0.55,1.6516265162651536
2026-09-26,2,wk inc rsv hosp,2026-10-10,32,quantile,0.6,2.6516265162651536
2026-09-26,2,wk inc rsv hosp,2026-10-10,32,quantile,0.65,4.6516265162651536
2026-09-26,2,wk inc rsv hosp,2026-10-10,32,quantile,0.7,6.6516265162651536
2026-09-26,2,wk inc rsv hosp,2026-10-10,32,quantile,0.75,8.651626516265154
2026-09-26,2,wk inc rsv hosp,2026-10-10,32,quantile,0.8,12.267072670726725
2026-09-26,2,wk inc rsv hosp,2026-10-10,32,quantile,0.85,16.604338543385417
2026-09-26,2,wk inc rsv hosp,2026-10-10,32,quantile,0.9,22.687999879998813
2026-09-26,2,wk inc rsv hosp,2026-10-10,32,quantile,0.95,32.59933399333992
2026-09-26,2,wk inc rsv hosp,2026-10-10,32,quantile,0.975,44.09982574825732
2026-09-26,2,wk inc rsv hosp,2026-10-10,32,quantile,0.99,54.82237832378318
2026-09-26,2,wk inc rsv hosp,2026-10-10,33,quantile,0.01,0
2026-09-26,2,wk inc rsv hosp,2026-10-10,33,quantile,0.025,0
2026-09-26,2,wk inc rsv hosp,2026-10-10,33,quantile,0.05,0
2026-09-26,2,wk inc rsv hosp,2026-10-10,33,quantile,0.1,0
2026-09-26,2,wk inc rsv hosp,2026-10-10,33,quantile,0.15,0
2026-09-26,2,wk inc rsv hosp,2026-10-10,33,quantile,0.2,0
2026-09-26,2,wk inc rsv hosp,2026-10-10,33,quantile,0.25,0
2026-09-26,2,wk inc rsv hosp,2026-10-10,33,quantile,0.3,0
2026-09-26,2,wk inc rsv hosp,2026-10-10,33,quantile,0.35,0
2026-09-26,2,wk inc rsv hosp,2026-10-10,33,quantile,0.4,0
2026-09-26,2,wk inc rsv hosp,2026-10-10,33,quantile,0.45,0
2026-09-26,2,wk inc rsv hosp,2026-10-10,33,quantile,0.5,0
2026-09-26,2,wk inc rsv hosp,2026-10-10,33,quantile,0.55,0.590050400504023
2026-09-26,2,wk inc rsv hosp,2026-10-10,33,quantile,0.6,1
2026-09-26,2,wk inc rsv hosp,2026-10-10,33,quantile,0.65,2
2026-09-26,2,wk inc rsv hosp,2026-10-10,33,quantile,0.7,3
2026-09-26,2,wk inc rsv hosp,2026-10-10,33,quantile,0.75,4.310185601856021
2026-09-26,2,wk inc rsv hosp,2026-10-10,33,quantile,0.8,6.6519165191651854
2026-09-26,2,wk inc rsv hosp,2026-10-10,33,quantile,0.85,9
2026-09-26,2,wk inc rsv hosp,2026-10-10,33,quantile,0.9,11.254101541015435
2026-09-26,2,wk inc rsv hosp,2026-10-10,33,quantile,0.95,15
2026-09-26,2,wk inc rsv hosp,2026-10-10,33,quantile,0.975,18.990966159661532
2026-09-26,2,wk inc rsv hosp,2026-10-10,33,quantile,0.99,23.14529865298648
2026-09-26,2,wk inc rsv hosp,2026-10-10,34,quantile,0.01,0
2026-09-26,2,wk inc rsv hosp,2026-10-10,34,quantile,0.025,0
2026-09-26,2,wk inc rsv hosp,2026-10-10,34,quantile,0.05,0
2026-09-26,2,wk inc rsv hosp,2026-10-10,34,quantile,0.1,0
2026-09-26,2,wk inc rsv hosp,2026-10-10,34,quantile,0.15,0
2026-09-26,2,wk inc rsv hosp,2026-10-10,34,quantile,0.2,0
2026-09-26,2,wk inc rsv hosp,2026-10-10,34,quantile,0.25,0
2026-09-26,2,wk inc rsv hosp,2026-10-10,34,quantile,0.3,0
2026-09-26,2,wk inc rsv hosp,2026-10-10,34,quantile,0.35,0
2026-09-26,2,wk inc rsv hosp,2026-10-10,34,quantile,0.4,0
2026-09-26,2,wk inc rsv hosp,2026-10-10,34,quantile,0.45,3.4985914859148552
2026-09-26,2,wk inc rsv hosp,2026-10-10,34,quantile,0.5,7
2026-09-26,2,wk inc rsv hosp,2026-10-10,34,quantile,0.55,11
2026-09-26,2,wk inc rsv hosp,2026-10-10,34,quantile,0.6,15.699942999429991
2026-09-26,2,wk inc rsv hosp,2026-10-10,34,quantile,0.65,21.2868118681187
2026-09-26,2,wk inc rsv hosp,2026-10-10,34,quantile,0.7,28.702790027900278
2026-09-26,2,wk inc rsv hosp,2026-10-10,34,quantile,0.75,37.777780277802805
2026-09-26,2,wk inc rsv hosp,2026-10-10,34,quantile,0.8,48.315411154111615
2026-09-26,2,wk inc rsv hosp,2026-10-10,34,quantile,0.85,61.563501635016294
2026-09-26,2,wk inc rsv hosp,2026-10-10,34,quantile,0.9,82.68371883718837
2026-09-26,2,wk inc rsv hosp,2026-10-10,34,quantile,0.95,113.840155401554
2026-09-26,2,wk inc rsv hosp,2026-10-10,34,quantile,0.975,132.7505685056851
2026-09-26,2,wk inc rsv hosp,2026-10-10,34,quantile,0.99,160.59382833828343
2026-09-26,2,wk inc rsv hosp,2026-10-10,35,quantile,0.01,0
2026-09-26,2,wk inc rsv hosp,2026-10-10,35,quantile,0.025,0
2026-09-26,2,wk inc rsv hosp,2026-10-10,35,quantile,0.05,0
2026-09-26,2,wk inc rsv hosp,2026-10-10,35,quantile,0.1,0
2026-09-26,2,wk inc rsv hosp,2026-10-10,35,quantile,0.15,0
2026-09-26,2,wk inc rsv hosp,2026-10-10,35,quantile,0.2,0
2026-09-26,2,wk inc rsv hosp,2026-10-10,35,quantile,0.25,0
2026-09-26,2,wk inc rsv hosp,2026-10-10,35,quantile,0.3,0
2026-09-26,2,wk inc rsv hosp,2026-10-10,35,quantile,0.35,0
2026-09-26,2,wk inc rsv hosp,2026-10-10,35,quantile,0.4,0
2026-09-26,2,wk inc rsv hosp,2026-10-10,35,quantile,0.45,0
2026-09-26,2,wk inc rsv hosp,2026-10-10,35,quantile,0.5,0
2026-09-26,2,wk inc rsv hosp,2026-10-10,35,quantile,0.55,1
2026-09-26,2,wk inc rsv hosp,2026-10-10,35,quantile,0.6,2
2026-09-26,2,wk inc rsv hosp,2026-10-10,35,quantile,0.65,3
2026-09-26,2,wk inc rsv hosp,2026-10-10,35,quantile,0.7,5
2026-09-26,2,wk inc rsv hosp,2026-10-10,35,quantile,0.75,7.56560065600657
2026-09-26,2,wk inc rsv hosp,2026-10-10,35,quantile,0.8,12
2026-09-26,2,wk inc rsv hosp,2026-10-10,35,quantile,0.85,16.50149651496515
2026-09-26,2,wk inc rsv hosp,2026-10-10,35,quantile,0.9,24.632267322673208
2026-09-26,2,wk inc rsv hosp,2026-10-10,35,quantile,0.95,31.759737597375935
2026-09-26,2,wk inc rsv hosp,2026-10-10,35,quantile,0.975,42.81920869208722
2026-09-26,2,wk inc rsv hosp,2026-10-10,35,quantile,0.99,59.0530422304226
2026-09-26,2,wk inc rsv hosp,2026-10-10,36,quantile,0.01,0
2026-09-26,2,wk inc rsv hosp,2026-10-10,36,quantile,0.025,0
2026-09-26,2,wk inc rsv hosp,2026-10-10,36,quantile,0.05,0
2026-09-26,2,wk inc rsv hosp,2026-10-10,36,quantile,0.1,0
2026-09-26,2,wk inc rsv hosp,2026-10-10,36,quantile,0.15,0
2026-09-26,2,wk inc rsv hosp,2026-10-10,36,quantile,0.2,0
2026-09-26,2,wk inc rsv hosp,2026-10-10,36,quantile,0.25,0
2026-09-26,2,wk inc rsv hosp,2026-10-10,36,quantile,0.3,6.579020790207897
2026-09-26,2,wk inc rsv hosp,2026-10-10,36,quantile,0.35,14.135713857138562
2026-09-26,2,wk inc rsv hosp,2026-10-10,36,quantile,0.4,20.527021270212703
2026-09-26,2,wk inc rsv hosp,2026-10-10,36,quantile,0.45,26
2026-09-26,2,wk inc rsv hosp,2026-10-10,36,quantile,0.5,30
2026-09-26,2,wk inc rsv hosp,2026-10-10,36,quantile,0.55,35
2026-09-26,2,wk inc rsv hosp,2026-10-10,36,quantile,0.6,40.937323373233724
2026-09-26,2,wk inc rsv hosp,2026-10-10,36,quantile,0.65,48.598499984999876
2026-09-26,2,wk inc rsv hosp,2026-10-10,36,quantile,0.7,60.30736207362074
2026-09-26,2,wk inc rsv hosp,2026-10-10,36,quantile,0.75,75.12745627456289
2026-09-26,2,wk inc rsv hosp,2026-10-10,36,quantile,0.8,96.33772537725378
2026-09-26,2,wk inc rsv hosp,2026-10-10,36,quantile,0.85,116.54288692886934
2026-09-26,2,wk inc rsv hosp,2026-10-10,36,quantile,0.9,144.8091890918911
2026-09-26,2,wk inc rsv hosp,2026-10-10,36,quantile,0.95,194.11213362133594
2026-09-26,2,wk inc rsv hosp,2026-10-10,36,quantile,0.975,233.36151036510364
2026-09-26,2,wk inc rsv hosp,2026-10-10,36,quantile,0.99,297.52165331653356
2026-09-26,2,wk inc rsv hosp,2026-10-10,37,quantile,0.01,0
2026-09-26,2,wk inc rsv hosp,2026-10-10,37,quantile,0.025,0
2026-09-26,2,wk inc rsv hosp,2026-10-10,37,quantile,0.05,0
2026-09-26,2,wk inc rsv hosp,2026-10-10,37,quantile,0.1,0
2026-09-26,2,wk inc rsv hosp,2026-10-10,37,quantile,0.15,0
2026-09-26,2,wk inc rsv hosp,2026-10-10,37,quantile,0.2,0
2026-09-26,2,wk inc rsv hosp,2026-10-10,37,quantile,0.25,0
2026-09-26,2,wk inc rsv hosp,2026-10-10,37,quantile,0.3,0
2026-09-26,2,wk inc rsv hosp,2026-10-10,37,quantile,0.35,0
2026-09-26,2,wk inc rsv hosp,2026-10-10,37,quantile,0.4,0
2026-09-26,2,wk inc rsv hosp,2026-10-10,37,quantile,0.45,1.425107251072506
2026-09-26,2,wk inc rsv hosp,2026-10-10,37,quantile,0.5,6
2026-09-26,2,wk inc rsv hosp,2026-10-10,37,quantile,0.55,10.790221402214012
2026-09-26,2,wk inc rsv hosp,2026-10-10,37,quantile,0.6,16
2026-09-26,2,wk inc rsv hosp,2026-10-10,37,quantile,0.65,22
2026-09-26,2,wk inc rsv hosp,2026-10-10,37,quantile,0.7,28.561827618276165
2026-09-26,2,wk inc rsv hosp,2026-10-10,37,quantile,0.75,36.1342213422134
2026-09-26,2,wk inc rsv hosp,2026-10-10,37,quantile,0.8,46
2026-09-26,2,wk inc rsv hosp,2026-10-10,37,quantile,0.85,60.83027480274798
2026-09-26,2,wk inc rsv hosp,2026-10-10,37,quantile,0.9,84.02095520955211
2026-09-26,2,wk inc rsv hosp,2026-10-10,37,quantile,0.95,129.71038160381505
2026-09-26,2,wk inc rsv hosp,2026-10-10,37,quantile,0.975,171.6484654846544
2026-09-26,2,wk inc rsv hosp,2026-10-10,37,quantile,0.99,209.2341022410208
2026-09-26,2,wk inc rsv hosp,2026-10-10,38,quantile,0.01,0
2026-09-26,2,wk inc rsv hosp,2026-10-10,38,quantile,0.025,0
2026-09-26,2,wk inc rsv hosp,2026-10-10,38,quantile,0.05,0
2026-09-26,2,wk inc rsv hosp,2026-10-10,38,quantile,0.1,0
2026-09-26,2,wk inc rsv hosp,2026-10-10,38,quantile,0.15,0
2026-09-26,2,wk inc rsv hosp,2026-10-10,38,quantile,0.2,0
2026-09-26,2,wk inc rsv hosp,2026-10-10,38,quantile,0.25,0
2026-09-26,2,wk inc rsv hosp,2026-10-10,38,quantile,0.3,0
2026-09-26,2,wk inc rsv hosp,2026-10-10,38,quantile,0.35,0
2026-09-26,2,wk inc rsv hosp,2026-10-10,38,quantile,0.4,0
2026-09-26,2,wk inc rsv hosp,2026-10-10,38,quantile,0.45,0
2026-09-26,2,wk inc rsv hosp,2026-10-10,38,quantile,0.5,0
2026-09-26,2,wk inc rsv hosp,2026-10-10,38,quantile,0.55,1
2026-09-26,2,wk inc rsv hosp,2026-10-10,38,quantile,0.6,1
2026-09-26,2,wk inc rsv hosp,2026-10-10,38,quantile,0.65,2
2026-09-26,2,wk inc rsv hosp,2026-10-10,38,quantile,0.7,2
2026-09-26,2,wk inc rsv hosp,2026-10-10,38,quantile,0.75,3
2026-09-26,2,wk inc rsv hosp,2026-10-10,38,quantile,0.8,4.2591825918258905
2026-09-26,2,wk inc rsv hosp,2026-10-10,38,quantile,0.85,6
2026-09-26,2,wk inc rsv hosp,2026-10-10,38,quantile,0.9,8
2026-09-26,2,wk inc rsv hosp,2026-10-10,38,quantile,0.95,11
2026-09-26,2,wk inc rsv hosp,2026-10-10,38,quantile,0.975,14
2026-09-26,2,wk inc rsv hosp,2026-10-10,38,quantile,0.99,18
2026-09-26,2,wk inc rsv hosp,2026-10-10,39,quantile,0.01,0
2026-09-26,2,wk inc rsv hosp,2026-10-10,39,quantile,0.025,0
2026-09-26,2,wk inc rsv hosp,2026-10-10,39,quantile,0.05,0
2026-09-26,2,wk inc rsv hosp,2026-10-10,39,quantile,0.1,0
2026-09-26,2,wk inc rsv hosp,2026-10-10,39,quantile,0.15,0
2026-09-26,2,wk inc rsv hosp,2026-10-10,39,quantile,0.2,0
2026-09-26,2,wk inc rsv hosp,2026-10-10,39,quantile,0.25,0
2026-09-26,2,wk inc rsv hosp,2026-10-10,39,quantile,0.3,0
2026-09-26,2,wk inc rsv hosp,2026-10-10,39,quantile,0.35,0
2026-09-26,2,wk inc rsv hosp,2026-10-10,39,quantile,0.4,0
2026-09-26,2,wk inc rsv hosp,2026-10-10,39,quantile,0.45,2.7178201782017894
2026-09-26,2,wk inc rsv hosp,2026-10-10,39,quantile,0.5,5
2026-09-26,2,wk inc rsv hosp,2026-10-10,39,quantile,0.55,7.675951759517602
2026-09-26,2,wk inc rsv hosp,2026-10-10,39,quantile,0.6,11
2026-09-26,2,wk inc rsv hosp,2026-10-10,39,quantile,0.65,16
2026-09-26,2,wk inc rsv hosp,2026-10-10,39,quantile,0.7,22
2026-09-26,2,wk inc rsv hosp,2026-10-10,39,quantile,0.75,31
2026-09-26,2,wk inc rsv hosp,2026-10-10,39,quantile,0.8,43.154021540215524
2026-09-26,2,wk inc rsv hosp,2026-10-10,39,quantile,0.85,57.25089700897007
2026-09-26,2,wk inc rsv hosp,2026-10-10,39,quantile,0.9,77.38621186211878
2026-09-26,2,wk inc rsv hosp,2026-10-10,39,quantile,0.95,119.12845678456755
2026-09-26,2,wk inc rsv hosp,2026-10-10,39,quantile,0.975,180.85233927339243
2026-09-26,2,wk inc rsv hosp,2026-10-10,39,quantile,0.99,211.317656076561
2026-09-26,2,wk inc rsv hosp,2026-10-10,40,quantile,0.01,0
2026-09-26,2,wk inc rsv hosp,2026-10-10,40,quantile,0.025,0
2026-09-26,2,wk inc rsv hosp,2026-10-10,40,quantile,0.05,0
2026-09-26,2,wk inc rsv hosp,2026-10-10,40,quantile,0.1,0
2026-09-26,2,wk inc rsv hosp,2026-10-10,40,quantile,0.15,0
2026-09-26,2,wk inc rsv hosp,2026-10-10,40,quantile,0.2,0
2026-09-26,2,wk inc rsv hosp,2026-10-10,40,quantile,0.25,0
2026-09-26,2,wk inc rsv hosp,2026-10-10,40,quantile,0.3,0
2026-09-26,2,wk inc rsv hosp,2026-10-10,40,quantile,0.35,0
2026-09-26,2,wk inc rsv hosp,2026-10-10,40,quantile,0.4,0
2026-09-26,2,wk inc rsv hosp,2026-10-10,40,quantile,0.45,1
2026-09-26,2,wk inc rsv hosp,2026-10-10,40,quantile,0.5,2
2026-09-26,2,wk inc rsv hosp,2026-10-10,40,quantile,0.55,3
2026-09-26,2,wk inc rsv hosp,2026-10-10,40,quantile,0.6,4.7611736117361145
2026-09-26,2,wk inc rsv hosp,2026-10-10,40,quantile,0.65,6.664127141271409
2026-09-26,2,wk inc rsv hosp,2026-10-10,40,quantile,0.7,9
2026-09-26,2,wk inc rsv hosp,2026-10-10,40,quantile,0.75,12.093053430534322
2026-09-26,2,wk inc rsv hosp,2026-10-10,40,quantile,0.8,16
2026-09-26,2,wk inc rsv hosp,2026-10-10,40,quantile,0.85,20
2026-09-26,2,wk inc rsv hosp,2026-10-10,40,quantile,0.9,26
2026-09-26,2,wk inc rsv hosp,2026-10-10,40,quantile,0.95,35.62239672396728
2026-09-26,2,wk inc rsv hosp,2026-10-10,40,quantile,0.975,44.46996219962197
2026-09-26,2,wk inc rsv hosp,2026-10-10,40,quantile,0.99,54.02141481414806
2026-09-26,2,wk inc rsv hosp,2026-10-10,41,quantile,0.01,0
2026-09-26,2,wk inc rsv hosp,2026-10-10,41,quantile,0.025,0
2026-09-26,2,wk inc rsv hosp,2026-10-10,41,quantile,0.05,0
2026-09-26,2,wk inc rsv hosp,2026-10-10,41,quantile,0.1,0
2026-09-26,2,wk inc rsv hosp,2026-10-10,41,quantile,0.15,0
2026-09-26,2,wk inc rsv hosp,2026-10-10,41,quantile,0.2,0
2026-09-26,2,wk inc rsv hosp,2026-10-10,41,quantile,0.25,0
2026-09-26,2,wk inc rsv hosp,2026-10-10,41,quantile,0.3,0
2026-09-26,2,wk inc rsv hosp,2026-10-10,41,quantile,0.35,0
2026-09-26,2,wk inc rsv hosp,2026-10-10,41,quantile,0.4,0
2026-09-26,2,wk inc rsv hosp,2026-10-10,41,quantile,0.45,0
2026-09-26,2,wk inc rsv hosp,2026-10-10,41,quantile,0.5,1
2026-09-26,2,wk inc rsv hosp,2026-10-10,41,quantile,0.55,1.9022390223901449
2026-09-26,2,wk inc rsv hosp,2026-10-10,41,quantile,0.6,3
2026-09-26,2,wk inc rsv hosp,2026-10-10,41,quantile,0.65,4
2026-09-26,2,wk inc rsv hosp,2026-10-10,41,quantile,0.7,6.402121021210211
2026-09-26,2,wk inc rsv hosp,2026-10-10,41,quantile,0.75,9.111203612036135
2026-09-26,2,wk inc rsv hosp,2026-10-10,41,quantile,0.8,13.596637966379696
2026-09-26,2,wk inc rsv hosp,2026-10-10,41,quantile,0.85,18.673840738407378
2026-09-26,2,wk inc rsv hosp,2026-10-10,41,quantile,0.9,28.288730887309065
2026-09-26,2,wk inc rsv hosp,2026-10-10,41,quantile,0.95,42.45722407224069
2026-09-26,2,wk inc rsv hosp,2026-10-10,41,quantile,0.975,52.59878098780964
2026-09-26,2,wk inc rsv hosp,2026-10-10,41,quantile,0.99,63.548771087710925
2026-09-26,2,wk inc rsv hosp,2026-10-10,42,quantile,0.01,0
2026-09-26,2,wk inc rsv hosp,2026-10-10,42,quantile,0.025,0
2026-09-26,2,wk inc rsv hosp,2026-10-10,42,quantile,0.05,0
2026-09-26,2,wk inc rsv hosp,2026-10-10,42,quantile,0.1,0
2026-09-26,2,wk inc rsv hosp,2026-10-10,42,quantile,0.15,0
2026-09-26,2,wk inc rsv hosp,2026-10-10,42,quantile,0.2,0
2026-09-26,2,wk inc rsv hosp,2026-10-10,42,quantile,0.25,0
2026-09-26,2,wk inc rsv hosp,2026-10-10,42,quantile,0.3,8.053823538235376
2026-09-26,2,wk inc rsv hosp,2026-10-10,42,quantile,0.35,17.07008070080701
2026-09-26,2,wk inc rsv hosp,2026-10-10,42,quantile,0.4,25.07008070080701
2026-09-26,2,wk inc rsv hosp,2026-10-10,42,quantile,0.45,31.860338103381046
2026-09-26,2,wk inc rsv hosp,2026-10-10,42,quantile,0.5,38
2026-09-26,2,wk inc rsv hosp,2026-10-10,42,quantile,0.55,44.19544745447451
2026-09-26,2,wk inc rsv hosp,2026-10-10,42,quantile,0.6,52.07008070080701
2026-09-26,2,wk inc rsv hosp,2026-10-10,42,quantile,0.65,61.15545555455556
2026-09-26,2,wk inc rsv hosp,2026-10-10,42,quantile,0.7,73.18058680586795
2026-09-26,2,wk inc rsv hosp,2026-10-10,42,quantile,0.75,88.29477544775446
2026-09-26,2,wk inc rsv hosp,2026-10-10,42,quantile,0.8,103.91730717307178
2026-09-26,2,wk inc rsv hosp,2026-10-10,42,quantile,0.85,122.20239252392523
2026-09-26,2,wk inc rsv hosp,2026-10-10,42,quantile,0.9,147.86614766147673
2026-09-26,2,wk inc rsv hosp,2026-10-10,42,quantile,0.95,208.140627906279
2026-09-26,2,wk inc rsv hosp,2026-10-10,42,quantile,0.975,282.48323583235816
2026-09-26,2,wk inc rsv hosp,2026-10-10,42,quantile,0.99,380.84678216782385
2026-09-26,2,wk inc rsv hosp,2026-10-10,44,quantile,0.01,0
2026-09-26,2,wk inc rsv hosp,2026-10-10,44,quantile,0.025,0
2026-09-26,2,wk inc rsv hosp,2026-10-10,44,quantile,0.05,0
2026-09-26,2,wk inc rsv hosp,2026-10-10,44,quantile,0.1,0
2026-09-26,2,wk inc rsv hosp,2026-10-10,44,quantile,0.15,0
2026-09-26,2,wk inc rsv hosp,2026-10-10,44,quantile,0.2,0
2026-09-26,2,wk inc rsv hosp,2026-10-10,44,quantile,0.25,0
2026-09-26,2,wk inc rsv hosp,2026-10-10,44,quantile,0.3,0
2026-09-26,2,wk inc rsv hosp,2026-10-10,44,quantile,0.35,1
2026-09-26,2,wk inc rsv hosp,2026-10-10,44,quantile,0.4,2
2026-09-26,2,wk inc rsv hosp,2026-10-10,44,quantile,0.45,3
2026-09-26,2,wk inc rsv hosp,2026-10-10,44,quantile,0.5,3
2026-09-26,2,wk inc rsv hosp,2026-10-10,44,quantile,0.55,4
2026-09-26,2,wk inc rsv hosp,2026-10-10,44,quantile,0.6,5
2026-09-26,2,wk inc rsv hosp,2026-10-10,44,quantile,0.65,6
2026-09-26,2,wk inc rsv hosp,2026-10-10,44,quantile,0.7,7
2026-09-26,2,wk inc rsv hosp,2026-10-10,44,quantile,0.75,8.107488574885748
2026-09-26,2,wk inc rsv hosp,2026-10-10,44,quantile,0.8,10
2026-09-26,2,wk inc rsv hosp,2026-10-10,44,quantile,0.85,12.504145041450414
2026-09-26,2,wk inc rsv hosp,2026-10-10,44,quantile,0.9,16
2026-09-26,2,wk inc rsv hosp,2026-10-10,44,quantile,0.95,20.790323403234027
2026-09-26,2,wk inc rsv hosp,2026-10-10,44,quantile,0.975,26.317811928119234
2026-09-26,2,wk inc rsv hosp,2026-10-10,44,quantile,0.99,33.794650046500415
2026-09-26,2,wk inc rsv hosp,2026-10-10,45,quantile,0.01,0
2026-09-26,2,wk inc rsv hosp,2026-10-10,45,quantile,0.025,0
2026-09-26,2,wk inc rsv hosp,2026-10-10,45,quantile,0.05,0
2026-09-26,2,wk inc rsv hosp,2026-10-10,45,quantile,0.1,0
2026-09-26,2,wk inc rsv hosp,2026-10-10,45,quantile,0.15,0
2026-09-26,2,wk inc rsv hosp,2026-10-10,45,quantile,0.2,0
2026-09-26,2,wk inc rsv hosp,2026-10-10,45,quantile,0.25,0
2026-09-26,2,wk inc rsv hosp,2026-10-10,45,quantile,0.3,0
2026-09-26,2,wk inc rsv hosp,2026-10-10,45,quantile,0.35,0
2026-09-26,2,wk inc rsv hosp,2026-10-10,45,quantile,0.4,2.035320353203544
2026-09-26,2,wk inc rsv hosp,2026-10-10,45,quantile,0.45,4
2026-09-26,2,wk inc rsv hosp,2026-10-10,45,quantile,0.5,6
2026-09-26,2,wk inc rsv hosp,2026-10-10,45,quantile,0.55,8
2026-09-26,2,wk inc rsv hosp,2026-10-10,45,quantile,0.6,10.408878088780861
2026-09-26,2,wk inc rsv hosp,2026-10-10,45,quantile,0.65,13.378816288162875
2026-09-26,2,wk inc rsv hosp,2026-10-10,45,quantile,0.7,17.040426404264032
2026-09-26,2,wk inc rsv hosp,2026-10-10,45,quantile,0.75,22.156984069840696
2026-09-26,2,wk inc rsv hosp,2026-10-10,45,quantile,0.8,28.43261032610327
2026-09-26,2,wk inc rsv hosp,2026-10-10,45,quantile,0.85,35.414852148521476
2026-09-26,2,wk inc rsv hosp,2026-10-10,45,quantile,0.9,44
2026-09-26,2,wk inc rsv hosp,2026-10-10,45,quantile,0.95,60.36423614236143
2026-09-26,2,wk inc rsv hosp,2026-10-10,45,quantile,0.975,82.5546622966226
2026-09-26,2,wk inc rsv hosp,2026-10-10,45,quantile,0.99,120.29318643186387
2026-09-26,2,wk inc rsv hosp,2026-10-10,46,quantile,0.01,0
2026-09-26,2,wk inc rsv hosp,2026-10-10,46,quantile,0.025,0
2026-09-26,2,wk inc rsv hosp,2026-10-10,46,quantile,0.05,0
2026-09-26,2,wk inc rsv hosp,2026-10-10,46,quantile,0.1,0
2026-09-26,2,wk inc rsv hosp,2026-10-10,46,quantile,0.15,0
2026-09-26,2,wk inc rsv hosp,2026-10-10,46,quantile,0.2,0
2026-09-26,2,wk inc rsv hosp,2026-10-10,46,quantile,0.25,0
2026-09-26,2,wk inc rsv hosp,2026-10-10,46,quantile,0.3,0
2026-09-26,2,wk inc rsv hosp,2026-10-10,46,quantile,0.35,0
2026-09-26,2,wk inc rsv hosp,2026-10-10,46,quantile,0.4,1
2026-09-26,2,wk inc rsv hosp,2026-10-10,46,quantile,0.45,1
2026-09-26,2,wk inc rsv hosp,2026-10-10,46,quantile,0.5,1
2026-09-26,2,wk inc rsv hosp,2026-10-10,46,quantile,0.55,1
2026-09-26,2,wk inc rsv hosp,2026-10-10,46,quantile,0.6,2
2026-09-26,2,wk inc rsv hosp,2026-10-10,46,quantile,0.65,2.7010575105750965
2026-09-26,2,wk inc rsv hosp,2026-10-10,46,quantile,0.7,3
2026-09-26,2,wk inc rsv hosp,2026-10-10,46,quantile,0.75,4
2026-09-26,2,wk inc rsv hosp,2026-10-10,46,quantile,0.8,5.717091170911688
2026-09-26,2,wk inc rsv hosp,2026-10-10,46,quantile,0.85,7.682148321483226
2026-09-26,2,wk inc rsv hosp,2026-10-10,46,quantile,0.9,10
2026-09-26,2,wk inc rsv hosp,2026-10-10,46,quantile,0.95,13.469116191161895
2026-09-26,2,wk inc rsv hosp,2026-10-10,46,quantile,0.975,16.087291872918687
2026-09-26,2,wk inc rsv hosp,2026-10-10,46,quantile,0.99,19.11835208352089
2026-09-26,2,wk inc rsv hosp,2026-10-10,47,quantile,0.01,0
2026-09-26,2,wk inc rsv hosp,2026-10-10,47,quantile,0.025,0
2026-09-26,2,wk inc rsv hosp,2026-10-10,47,quantile,0.05,0
2026-09-26,2,wk inc rsv hosp,2026-10-10,47,quantile,0.1,0
2026-09-26,2,wk inc rsv hosp,2026-10-10,47,quantile,0.15,0
2026-09-26,2,wk inc rsv hosp,2026-10-10,47,quantile,0.2,0
2026-09-26,2,wk inc rsv hosp,2026-10-10,47,quantile,0.25,0
2026-09-26,2,wk inc rsv hosp,2026-10-10,47,quantile,0.3,0
2026-09-26,2,wk inc rsv hosp,2026-10-10,47,quantile,0.35,0
2026-09-26,2,wk inc rsv hosp,2026-10-10,47,quantile,0.4,0
2026-09-26,2,wk inc rsv hosp,2026-10-10,47,quantile,0.45,2
2026-09-26,2,wk inc rsv hosp,2026-10-10,47,quantile,0.5,4
2026-09-26,2,wk inc rsv hosp,2026-10-10,47,quantile,0.55,7
2026-09-26,2,wk inc rsv hosp,2026-10-10,47,quantile,0.6,10
2026-09-26,2,wk inc rsv hosp,2026-10-10,47,quantile,0.65,13.17152521525216
2026-09-26,2,wk inc rsv hosp,2026-10-10,47,quantile,0.7,17.010496104961035
2026-09-26,2,wk inc rsv hosp,2026-10-10,47,quantile,0.75,22.106806068060656
2026-09-26,2,wk inc rsv hosp,2026-10-10,47,quantile,0.8,29.279294792947926
2026-09-26,2,wk inc rsv hosp,2026-10-10,47,quantile,0.85,38.12576875768758
2026-09-26,2,wk inc rsv hosp,2026-10-10,47,quantile,0.9,52.40266502665034
2026-09-26,2,wk inc rsv hosp,2026-10-10,47,quantile,0.95,74.0739237392369
2026-09-26,2,wk inc rsv hosp,2026-10-10,47,quantile,0.975,98.69716072160726
2026-09-26,2,wk inc rsv hosp,2026-10-10,47,quantile,0.99,133.70469864698717
2026-09-26,2,wk inc rsv hosp,2026-10-10,48,quantile,0.01,0
2026-09-26,2,wk inc rsv hosp,2026-10-10,48,quantile,0.025,0
2026-09-26,2,wk inc rsv hosp,2026-10-10,48,quantile,0.05,0
2026-09-26,2,wk inc rsv hosp,2026-10-10,48,quantile,0.1,0
2026-09-26,2,wk inc rsv hosp,2026-10-10,48,quantile,0.15,0
2026-09-26,2,wk inc rsv hosp,2026-10-10,48,quantile,0.2,0
2026-09-26,2,wk inc rsv hosp,2026-10-10,48,quantile,0.25,6.607581075810753
2026-09-26,2,wk inc rsv hosp,2026-10-10,48,quantile,0.3,16.92224522245222
2026-09-26,2,wk inc rsv hosp,2026-10-10,48,quantile,0.35,27.170037200371997
2026-09-26,2,wk inc rsv hosp,2026-10-10,48,quantile,0.4,34.94286142861432
2026-09-26,2,wk inc rsv hosp,2026-10-10,48,quantile,0.45,40.58827588275883
2026-09-26,2,wk inc rsv hosp,2026-10-10,48,quantile,0.5,44
2026-09-26,2,wk inc rsv hosp,2026-10-10,48,quantile,0.55,48.619363693636956
2026-09-26,2,wk inc rsv hosp,2026-10-10,48,quantile,0.6,54.90873308733088
2026-09-26,2,wk inc rsv hosp,2026-10-10,48,quantile,0.65,64.32838328383292
2026-09-26,2,wk inc rsv hosp,2026-10-10,48,quantile,0.7,74.58827588275884
2026-09-26,2,wk inc rsv hosp,2026-10-10,48,quantile,0.75,89.63960639606395
2026-09-26,2,wk inc rsv hosp,2026-10-10,48,quantile,0.8,106.71111511115122
2026-09-26,2,wk inc rsv hosp,2026-10-10,48,quantile,0.85,128.22205922059217
2026-09-26,2,wk inc rsv hosp,2026-10-10,48,quantile,0.9,164.31796117961196
2026-09-26,2,wk inc rsv hosp,2026-10-10,48,quantile,0.95,208.7047325473254
2026-09-26,2,wk inc rsv hosp,2026-10-10,48,quantile,0.975,254.33241307413041
2026-09-26,2,wk inc rsv hosp,2026-10-10,48,quantile,0.99,337.6790567905719
2026-09-26,2,wk inc rsv hosp,2026-10-10,49,quantile,0.01,0
2026-09-26,2,wk inc rsv hosp,2026-10-10,49,quantile,0.025,0
2026-09-26,2,wk inc rsv hosp,2026-10-10,49,quantile,0.05,0
2026-09-26,2,wk inc rsv hosp,2026-10-10,49,quantile,0.1,0
2026-09-26,2,wk inc rsv hosp,2026-10-10,49,quantile,0.15,0
2026-09-26,2,wk inc rsv hosp,2026-10-10,49,quantile,0.2,0
2026-09-26,2,wk inc rsv hosp,2026-10-10,49,quantile,0.25,0
2026-09-26,2,wk inc rsv hosp,2026-10-10,49,quantile,0.3,0
2026-09-26,2,wk inc rsv hosp,2026-10-10,49,quantile,0.35,0
2026-09-26,2,wk inc rsv hosp,2026-10-10,49,quantile,0.4,0
2026-09-26,2,wk inc rsv hosp,2026-10-10,49,quantile,0.45,0
2026-09-26,2,wk inc rsv hosp,2026-10-10,49,quantile,0.5,1
2026-09-26,2,wk inc rsv hosp,2026-10-10,49,quantile,0.55,2
2026-09-26,2,wk inc rsv hosp,2026-10-10,49,quantile,0.6,3
2026-09-26,2,wk inc rsv hosp,2026-10-10,49,quantile,0.65,4
2026-09-26,2,wk inc rsv hosp,2026-10-10,49,quantile,0.7,6
2026-09-26,2,wk inc rsv hosp,2026-10-10,49,quantile,0.75,7.961614616146164
2026-09-26,2,wk inc rsv hosp,2026-10-10,49,quantile,0.8,10
2026-09-26,2,wk inc rsv hosp,2026-10-10,49,quantile,0.85,14
2026-09-26,2,wk inc rsv hosp,2026-10-10,49,quantile,0.9,24.383691836918366
2026-09-26,2,wk inc rsv hosp,2026-10-10,49,quantile,0.95,44.85271202712023
2026-09-26,2,wk inc rsv hosp,2026-10-10,49,quantile,0.975,53.110730357303524
2026-09-26,2,wk inc rsv hosp,2026-10-10,49,quantile,0.99,61.5897902979029
2026-09-26,2,wk inc rsv hosp,2026-10-10,50,quantile,0.01,0
2026-09-26,2,wk inc rsv hosp,2026-10-10,50,quantile,0.025,0
2026-09-26,2,wk inc rsv hosp,2026-10-10,50,quantile,0.05,0
2026-09-26,2,wk inc rsv hosp,2026-10-10,50,quantile,0.1,0
2026-09-26,2,wk inc rsv hosp,2026-10-10,50,quantile,0.15,0
2026-09-26,2,wk inc rsv hosp,2026-10-10,50,quantile,0.2,0
2026-09-26,2,wk inc rsv hosp,2026-10-10,50,quantile,0.25,0
2026-09-26,2,wk inc rsv hosp,2026-10-10,50,quantile,0.3,0
2026-09-26,2,wk inc rsv hosp,2026-10-10,50,quantile,0.35,0
2026-09-26,2,wk inc rsv hosp,2026-10-10,50,quantile,0.4,0.48954489544896795
2026-09-26,2,wk inc rsv hosp,2026-10-10,50,quantile,0.45,1
2026-09-26,2,wk inc rsv hosp,2026-10-10,50,quantile,0.5,1
2026-09-26,2,wk inc rsv hosp,2026-10-10,50,quantile,0.55,2
2026-09-26,2,wk inc rsv hosp,2026-10-10,50,quantile,0.6,2
2026-09-26,2,wk inc rsv hosp,2026-10-10,50,quantile,0.65,3
2026-09-26,2,wk inc rsv hosp,2026-10-10,50,quantile,0.7,3
2026-09-26,2,wk inc rsv hosp,2026-10-10,50,quantile,0.75,4
2026-09-26,2,wk inc rsv hosp,2026-10-10,50,quantile,0.8,5
2026-09-26,2,wk inc rsv hosp,2026-10-10,50,quantile,0.85,6
2026-09-26,2,wk inc rsv hosp,2026-10-10,50,quantile,0.9,8
2026-09-26,2,wk inc rsv hosp,2026-10-10,50,quantile,0.95,10.406225562255615
2026-09-26,2,wk inc rsv hosp,2026-10-10,50,quantile,0.975,12.831120311203094
2026-09-26,2,wk inc rsv hosp,2026-10-10,50,quantile,0.99,15.11334583345831
2026-09-26,2,wk inc rsv hosp,2026-10-10,51,quantile,0.01,0
2026-09-26,2,wk inc rsv hosp,2026-10-10,51,quantile,0.025,0
2026-09-26,2,wk inc rsv hosp,2026-10-10,51,quantile,0.05,0
2026-09-26,2,wk inc rsv hosp,2026-10-10,51,quantile,0.1,0
2026-09-26,2,wk inc rsv hosp,2026-10-10,51,quantile,0.15,0
2026-09-26,2,wk inc rsv hosp,2026-10-10,51,quantile,0.2,0
2026-09-26,2,wk inc rsv hosp,2026-10-10,51,quantile,0.25,0
2026-09-26,2,wk inc rsv hosp,2026-10-10,51,quantile,0.3,0
2026-09-26,2,wk inc rsv hosp,2026-10-10,51,quantile,0.35,1
2026-09-26,2,wk inc rsv hosp,2026-10-10,51,quantile,0.4,3
2026-09-26,2,wk inc rsv hosp,2026-10-10,51,quantile,0.45,5
2026-09-26,2,wk inc rsv hosp,2026-10-10,51,quantile,0.5,5
2026-09-26,2,wk inc rsv hosp,2026-10-10,51,quantile,0.55,7
2026-09-26,2,wk inc rsv hosp,2026-10-10,51,quantile,0.6,9
2026-09-26,2,wk inc rsv hosp,2026-10-10,51,quantile,0.65,11.788886388863897
2026-09-26,2,wk inc rsv hosp,2026-10-10,51,quantile,0.7,15
2026-09-26,2,wk inc rsv hosp,2026-10-10,51,quantile,0.75,19
2026-09-26,2,wk inc rsv hosp,2026-10-10,51,quantile,0.8,26
2026-09-26,2,wk inc rsv hosp,2026-10-10,51,quantile,0.85,32.460168601685986
2026-09-26,2,wk inc rsv hosp,2026-10-10,51,quantile,0.9,40.328362283622845
2026-09-26,2,wk inc rsv hosp,2026-10-10,51,quantile,0.95,55.57508325083227
2026-09-26,2,wk inc rsv hosp,2026-10-10,51,quantile,0.975,89.53257507575026
2026-09-26,2,wk inc rsv hosp,2026-10-10,51,quantile,0.99,134.233206132061
2026-09-26,2,wk inc rsv hosp,2026-10-10,53,quantile,0.01,0
2026-09-26,2,wk inc rsv hosp,2026-10-10,53,quantile,0.025,0
2026-09-26,2,wk inc rsv hosp,2026-10-10,53,quantile,0.05,0
2026-09-26,2,wk inc rsv hosp,2026-10-10,53,quantile,0.1,0
2026-09-26,2,wk inc rsv hosp,2026-10-10,53,quantile,0.15,0
2026-09-26,2,wk inc rsv hosp,2026-10-10,53,quantile,0.2,0
2026-09-26,2,wk inc rsv hosp,2026-10-10,53,quantile,0.25,0
2026-09-26,2,wk inc rsv hosp,2026-10-10,53,quantile,0.3,0
2026-09-26,2,wk inc rsv hosp,2026-10-10,53,quantile,0.35,0
2026-09-26,2,wk inc rsv hosp,2026-10-10,53,quantile,0.4,0
2026-09-26,2,wk inc rsv hosp,2026-10-10,53,quantile,0.45,0
2026-09-26,2,wk inc rsv hosp,2026-10-10,53,quantile,0.5,1
2026-09-26,2,wk inc rsv hosp,2026-10-10,53,quantile,0.55,2.5772657726577286
2026-09-26,2,wk inc rsv hosp,2026-10-10,53,quantile,0.6,3.5772657726577286
2026-09-26,2,wk inc rsv hosp,2026-10-10,53,quantile,0.65,5.577265772657729
2026-09-26,2,wk inc rsv hosp,2026-10-10,53,quantile,0.7,8.577265772657729
2026-09-26,2,wk inc rsv hosp,2026-10-10,53,quantile,0.75,11.577265772657729
2026-09-26,2,wk inc rsv hosp,2026-10-10,53,quantile,0.8,15.085536855368584
2026-09-26,2,wk inc rsv hosp,2026-10-10,53,quantile,0.85,19.57726577265773
2026-09-26,2,wk inc rsv hosp,2026-10-10,53,quantile,0.9,24.925521255212566
2026-09-26,2,wk inc rsv hosp,2026-10-10,53,quantile,0.95,32.90520155201548
2026-09-26,2,wk inc rsv hosp,2026-10-10,53,quantile,0.975,44.2340090900902
2026-09-26,2,wk inc rsv hosp,2026-10-10,53,quantile,0.99,60.16446564465585
2026-09-26,2,wk inc rsv hosp,2026-10-10,54,quantile,0.01,0
2026-09-26,2,wk inc rsv hosp,2026-10-10,54,quantile,0.025,0
2026-09-26,2,wk inc rsv hosp,2026-10-10,54,quantile,0.05,0
2026-09-26,2,wk inc rsv hosp,2026-10-10,54,quantile,0.1,0
2026-09-26,2,wk inc rsv hosp,2026-10-10,54,quantile,0.15,0
2026-09-26,2,wk inc rsv hosp,2026-10-10,54,quantile,0.2,0
2026-09-26,2,wk inc rsv hosp,2026-10-10,54,quantile,0.25,0
2026-09-26,2,wk inc rsv hosp,2026-10-10,54,quantile,0.3,0
2026-09-26,2,wk inc rsv hosp,2026-10-10,54,quantile,0.35,0
2026-09-26,2,wk inc rsv hosp,2026-10-10,54,quantile,0.4,0
2026-09-26,2,wk inc rsv hosp,2026-10-10,54,quantile,0.45,0.01747517475174476
2026-09-26,2,wk inc rsv hosp,2026-10-10,54,quantile,0.5,2
2026-09-26,2,wk inc rsv hosp,2026-10-10,54,quantile,0.55,3.0174751747517448
2026-09-26,2,wk inc rsv hosp,2026-10-10,54,quantile,0.6,5.017475174751745
2026-09-26,2,wk inc rsv hosp,2026-10-10,54,quantile,0.65,7.252755527555261
2026-09-26,2,wk inc rsv hosp,2026-10-10,54,quantile,0.7,10.017475174751745
2026-09-26,2,wk inc rsv hosp,2026-10-10,54,quantile,0.75,13.017475174751745
2026-09-26,2,wk inc rsv hosp,2026-10-10,54,quantile,0.8,17.017475174751745
2026-09-26,2,wk inc rsv hosp,2026-10-10,54,quantile,0.85,22.017475174751745
2026-09-26,2,wk inc rsv hosp,2026-10-10,54,quantile,0.9,28.479368793687833
2026-09-26,2,wk inc rsv hosp,2026-10-10,54,quantile,0.95,40.46592865928659
2026-09-26,2,wk inc rsv hosp,2026-10-10,54,quantile,0.975,48.340924909249104
2026-09-26,2,wk inc rsv hosp,2026-10-10,54,quantile,0.99,58.02772927729269
2026-09-26,2,wk inc rsv hosp,2026-10-10,55,quantile,0.01,0
2026-09-26,2,wk inc rsv hosp,2026-10-10,55,quantile,0.025,0
2026-09-26,2,wk inc rsv hosp,2026-10-10,55,quantile,0.05,0
2026-09-26,2,wk inc rsv hosp,2026-10-10,55,quantile,0.1,0
2026-09-26,2,wk inc rsv hosp,2026-10-10,55,quantile,0.15,0
2026-09-26,2,wk inc rsv hosp,2026-10-10,55,quantile,0.2,0
2026-09-26,2,wk inc rsv hosp,2026-10-10,55,quantile,0.25,0
2026-09-26,2,wk inc rsv hosp,2026-10-10,55,quantile,0.3,0
2026-09-26,2,wk inc rsv hosp,2026-10-10,55,quantile,0.35,0
2026-09-26,2,wk inc rsv hosp,2026-10-10,55,quantile,0.4,0
2026-09-26,2,wk inc rsv hosp,2026-10-10,55,quantile,0.45,0
2026-09-26,2,wk inc rsv hosp,2026-10-10,55,quantile,0.5,0
2026-09-26,2,wk inc rsv hosp,2026-10-10,55,quantile,0.55,2
2026-09-26,2,wk inc rsv hosp,2026-10-10,55,quantile,0.6,4.117927179271782
2026-09-26,2,wk inc rsv hosp,2026-10-10,55,quantile,0.65,7
2026-09-26,2,wk inc rsv hosp,2026-10-10,55,quantile,0.7,10
2026-09-26,2,wk inc rsv hosp,2026-10-10,55,quantile,0.75,14.264752647526455
2026-09-26,2,wk inc rsv hosp,2026-10-10,55,quantile,0.8,20
2026-09-26,2,wk inc rsv hosp,2026-10-10,55,quantile,0.85,27
2026-09-26,2,wk inc rsv hosp,2026-10-10,55,quantile,0.9,34.875449754497545
2026-09-26,2,wk inc rsv hosp,2026-10-10,55,quantile,0.95,45.401033010330124
2026-09-26,2,wk inc rsv hosp,2026-10-10,55,quantile,0.975,59.01768742687429
2026-09-26,2,wk inc rsv hosp,2026-10-10,55,quantile,0.99,72.03781037810369
2026-09-26,2,wk inc rsv hosp,2026-10-10,56,quantile,0.01,0
2026-09-26,2,wk inc rsv hosp,2026-10-10,56,quantile,0.025,0
2026-09-26,2,wk inc rsv hosp,2026-10-10,56,quantile,0.05,0
2026-09-26,2,wk inc rsv hosp,2026-10-10,56,quantile,0.1,0
2026-09-26,2,wk inc rsv hosp,2026-10-10,56,quantile,0.15,0
2026-09-26,2,wk inc rsv hosp,2026-10-10,56,quantile,0.2,0
2026-09-26,2,wk inc rsv hosp,2026-10-10,56,quantile,0.25,0
2026-09-26,2,wk inc rsv hosp,2026-10-10,56,quantile,0.3,0
2026-09-26,2,wk inc rsv hosp,2026-10-10,56,quantile,0.35,0
2026-09-26,2,wk inc rsv hosp,2026-10-10,56,quantile,0.4,0
2026-09-26,2,wk inc rsv hosp,2026-10-10,56,quantile,0.45,0
2026-09-26,2,wk inc rsv hosp,2026-10-10,56,quantile,0.5,0
2026-09-26,2,wk inc rsv hosp,2026-10-10,56,quantile,0.55,1
2026-09-26,2,wk inc rsv hosp,2026-10-10,56,quantile,0.6,1
2026-09-26,2,wk inc rsv hosp,2026-10-10,56,quantile,0.65,2
2026-09-26,2,wk inc rsv hosp,2026-10-10,56,quantile,0.7,2.6812468124681175
2026-09-26,2,wk inc rsv hosp,2026-10-10,56,quantile,0.75,3.7976404764047373
2026-09-26,2,wk inc rsv hosp,2026-10-10,56,quantile,0.8,5.098478984789839
2026-09-26,2,wk inc rsv hosp,2026-10-10,56,quantile,0.85,7.897138971389722
2026-09-26,2,wk inc rsv hosp,2026-10-10,56,quantile,0.9,10
2026-09-26,2,wk inc rsv hosp,2026-10-10,56,quantile,0.95,14.013830138301387
2026-09-26,2,wk inc rsv hosp,2026-10-10,56,quantile,0.975,17.72707477074766
2026-09-26,2,wk inc rsv hosp,2026-10-10,56,quantile,0.99,21.900342403423995
2026-09-26,2,wk inc rsv hosp,2026-10-10,72,quantile,0.01,0
2026-09-26,2,wk inc rsv hosp,2026-10-10,72,quantile,0.025,0
2026-09-26,2,wk inc rsv hosp,2026-10-10,72,quantile,0.05,0
2026-09-26,2,wk inc rsv hosp,2026-10-10,72,quantile,0.1,0
2026-09-26,2,wk inc rsv hosp,2026-10-10,72,quantile,0.15,0
2026-09-26,2,wk inc rsv hosp,2026-10-10,72,quantile,0.2,0
2026-09-26,2,wk inc rsv hosp,2026-10-10,72,quantile,0.25,0
2026-09-26,2,wk inc rsv hosp,2026-10-10,72,quantile,0.3,0
2026-09-26,2,wk inc rsv hosp,2026-10-10,72,quantile,0.35,0
2026-09-26,2,wk inc rsv hosp,2026-10-10,72,quantile,0.4,0
2026-09-26,2,wk inc rsv hosp,2026-10-10,72,quantile,0.45,1
2026-09-26,2,wk inc rsv hosp,2026-10-10,72,quantile,0.5,2
2026-09-26,2,wk inc rsv hosp,2026-10-10,72,quantile,0.55,4
2026-09-26,2,wk inc rsv hosp,2026-10-10,72,quantile,0.6,6
2026-09-26,2,wk inc rsv hosp,2026-10-10,72,quantile,0.65,9
2026-09-26,2,wk inc rsv hosp,2026-10-10,72,quantile,0.7,12
2026-09-26,2,wk inc rsv hosp,2026-10-10,72,quantile,0.75,16
2026-09-26,2,wk inc rsv hosp,2026-10-10,72,quantile,0.8,21.973257732577423
2026-09-26,2,wk inc rsv hosp,2026-10-10,72,quantile,0.85,33.40253052530526
2026-09-26,2,wk inc rsv hosp,2026-10-10,72,quantile,0.9,44.82301323013228
2026-09-26,2,wk inc rsv hosp,2026-10-10,72,quantile,0.95,73.7385698856991
2026-09-26,2,wk inc rsv hosp,2026-10-10,72,quantile,0.975,103.08420484205001
2026-09-26,2,wk inc rsv hosp,2026-10-10,72,quantile,0.99,174.7116146161431
2026-09-26,2,wk inc rsv hosp,2026-10-10,US,quantile,0.01,0
2026-09-26,2,wk inc rsv hosp,2026-10-10,US,quantile,0.025,0
2026-09-26,2,wk inc rsv hosp,2026-10-10,US,quantile,0.05,0
2026-09-26,2,wk inc rsv hosp,2026-10-10,US,quantile,0.1,0
2026-09-26,2,wk inc rsv hosp,2026-10-10,US,quantile,0.15,0
2026-09-26,2,wk inc rsv hosp,2026-10-10,US,quantile,0.2,0
2026-09-26,2,wk inc rsv hosp,2026-10-10,US,quantile,0.25,17.681959319593272
2026-09-26,2,wk inc rsv hosp,2026-10-10,US,quantile,0.3,129.44925749257493
2026-09-26,2,wk inc rsv hosp,2026-10-10,US,quantile,0.35,233.5590210902109
2026-09-26,2,wk inc rsv hosp,2026-10-10,US,quantile,0.4,304.52976429764306
2026-09-26,2,wk inc rsv hosp,2026-10-10,US,quantile,0.45,356.47005970059706
2026-09-26,2,wk inc rsv hosp,2026-10-10,US,quantile,0.5,386
2026-09-26,2,wk inc rsv hosp,2026-10-10,US,quantile,0.55,425.5959979599795
2026-09-26,2,wk inc rsv hosp,2026-10-10,US,quantile,0.6,490.29628796287966
2026-09-26,2,wk inc rsv hosp,2026-10-10,US,quantile,0.65,578.3901504015039
2026-09-26,2,wk inc rsv hosp,2026-10-10,US,quantile,0.7,706.6394023940243
2026-09-26,2,wk inc rsv hosp,2026-10-10,US,quantile,0.75,854.5311353113536
2026-09-26,2,wk inc rsv hosp,2026-10-10,US,quantile,0.8,1027.2687856878565
2026-09-26,2,wk inc rsv hosp,2026-10-10,US,quantile,0.85,1244.6800468004672
2026-09-26,2,wk inc rsv hosp,2026-10-10,US,quantile,0.9,1584.4650806508066
2026-09-26,2,wk inc rsv hosp,2026-10-10,US,quantile,0.95,2168.2875408754085
2026-09-26,2,wk inc rsv hosp,2026-10-10,US,quantile,0.975,2864.966127411268
2026-09-26,2,wk inc rsv hosp,2026-10-10,US,quantile,0.99,3736.1544992449944
2026-09-26,3,wk inc rsv hosp,2026-10-17,01,quantile,0.01,0
2026-09-26,3,wk inc rsv hosp,2026-10-17,01,quantile,0.025,0
2026-09-26,3,wk inc rsv hosp,2026-10-17,01,quantile,0.05,0
2026-09-26,3,wk inc rsv hosp,2026-10-17,01,quantile,0.1,0
2026-09-26,3,wk inc rsv hosp,2026-10-17,01,quantile,0.15,0
2026-09-26,3,wk inc rsv hosp,2026-10-17,01,quantile,0.2,0
2026-09-26,3,wk inc rsv hosp,2026-10-17,01,quantile,0.25,2
2026-09-26,3,wk inc rsv hosp,2026-10-17,01,quantile,0.3,4.135613356133564
2026-09-26,3,wk inc rsv hosp,2026-10-17,01,quantile,0.35,6.54078840788407
2026-09-26,3,wk inc rsv hosp,2026-10-17,01,quantile,0.4,8.533735337353395
2026-09-26,3,wk inc rsv hosp,2026-10-17,01,quantile,0.45,10.380093300932995
2026-09-26,3,wk inc rsv hosp,2026-10-17,01,quantile,0.5,12
2026-09-26,3,wk inc rsv hosp,2026-10-17,01,quantile,0.55,14
2026-09-26,3,wk inc rsv hosp,2026-10-17,01,quantile,0.6,16
2026-09-26,3,wk inc rsv hosp,2026-10-17,01,quantile,0.65,18
2026-09-26,3,wk inc rsv hosp,2026-10-17,01,quantile,0.7,20.529988299882987
2026-09-26,3,wk inc rsv hosp,2026-10-17,01,quantile,0.75,23.071685716857175
2026-09-26,3,wk inc rsv hosp,2026-10-17,01,quantile,0.8,26.656094560945633
2026-09-26,3,wk inc rsv hosp,2026-10-17,01,quantile,0.85,30.93382083820839
2026-09-26,3,wk inc rsv hosp,2026-10-17,01,quantile,0.9,36.92259022590227
2026-09-26,3,wk inc rsv hosp,2026-10-17,01,quantile,0.95,48.856864068640625
2026-09-26,3,wk inc rsv hosp,2026-10-17,01,quantile,0.975,60.96037335373346
2026-09-26,3,wk inc rsv hosp,2026-10-17,01,quantile,0.99,71.7751795517954
2026-09-26,3,wk inc rsv hosp,2026-10-17,02,quantile,0.01,0
2026-09-26,3,wk inc rsv hosp,2026-10-17,02,quantile,0.025,0
2026-09-26,3,wk inc rsv hosp,2026-10-17,02,quantile,0.05,0
2026-09-26,3,wk inc rsv hosp,2026-10-17,02,quantile,0.1,0
2026-09-26,3,wk inc rsv hosp,2026-10-17,02,quantile,0.15,0
2026-09-26,3,wk inc rsv hosp,2026-10-17,02,quantile,0.2,0
2026-09-26,3,wk inc rsv hosp,2026-10-17,02,quantile,0.25,1
2026-09-26,3,wk inc rsv hosp,2026-10-17,02,quantile,0.3,2
2026-09-26,3,wk inc rsv hosp,2026-10-17,02,quantile,0.35,3
2026-09-26,3,wk inc rsv hosp,2026-10-17,02,quantile,0.4,4
2026-09-26,3,wk inc rsv hosp,2026-10-17,02,quantile,0.45,5
2026-09-26,3,wk inc rsv hosp,2026-10-17,02,quantile,0.5,6
2026-09-26,3,wk inc rsv hosp,2026-10-17,02,quantile,0.55,7
2026-09-26,3,wk inc rsv hosp,2026-10-17,02,quantile,0.6,8
2026-09-26,3,wk inc rsv hosp,2026-10-17,02,quantile,0.65,9
2026-09-26,3,wk inc rsv hosp,2026-10-17,02,quantile,0.7,10.280534805348058
2026-09-26,3,wk inc rsv hosp,2026-10-17,02,quantile,0.75,12
2026-09-26,3,wk inc rsv hosp,2026-10-17,02,quantile,0.8,14
2026-09-26,3,wk inc rsv hosp,2026-10-17,02,quantile,0.85,16
2026-09-26,3,wk inc rsv hosp,2026-10-17,02,quantile,0.9,18.888183881838803
2026-09-26,3,wk inc rsv hosp,2026-10-17,02,quantile,0.95,22.849868998689985
2026-09-26,3,wk inc rsv hosp,2026-10-17,02,quantile,0.975,26.294022940229382
2026-09-26,3,wk inc rsv hosp,2026-10-17,02,quantile,0.99,31
2026-09-26,3,wk inc rsv hosp,2026-10-17,04,quantile,0.01,0
2026-09-26,3,wk inc rsv hosp,2026-10-17,04,quantile,0.025,0
2026-09-26,3,wk inc rsv hosp,2026-10-17,04,quantile,0.05,0
2026-09-26,3,wk inc rsv hosp,2026-10-17,04,quantile,0.1,0
2026-09-26,3,wk inc rsv hosp,2026-10-17,04,quantile,0.15,0
2026-09-26,3,wk inc rsv hosp,2026-10-17,04,quantile,0.2,0
2026-09-26,3,wk inc rsv hosp,2026-10-17,04,quantile,0.25,0
2026-09-26,3,wk inc rsv hosp,2026-10-17,04,quantile,0.3,0
2026-09-26,3,wk inc rsv hosp,2026-10-17,04,quantile,0.35,0
2026-09-26,3,wk inc rsv hosp,2026-10-17,04,quantile,0.4,0
2026-09-26,3,wk inc rsv hosp,2026-10-17,04,quantile,0.45,0
2026-09-26,3,wk inc rsv hosp,2026-10-17,04,quantile,0.5,0
2026-09-26,3,wk inc rsv hosp,2026-10-17,04,quantile,0.55,2
2026-09-26,3,wk inc rsv hosp,2026-10-17,04,quantile,0.6,4
2026-09-26,3,wk inc rsv hosp,2026-10-17,04,quantile,0.65,7
2026-09-26,3,wk inc rsv hosp,2026-10-17,04,quantile,0.7,10
2026-09-26,3,wk inc rsv hosp,2026-10-17,04,quantile,0.75,15
2026-09-26,3,wk inc rsv hosp,2026-10-17,04,quantile,0.8,22
2026-09-26,3,wk inc rsv hosp,2026-10-17,04,quantile,0.85,33.95065450654495
2026-09-26,3,wk inc rsv hosp,2026-10-17,04,quantile,0.9,51.66698466984675
2026-09-26,3,wk inc rsv hosp,2026-10-17,04,quantile,0.95,81.94096490964903
2026-09-26,3,wk inc rsv hosp,2026-10-17,04,quantile,0.975,99.21300138001372
2026-09-26,3,wk inc rsv hosp,2026-10-17,04,quantile,0.99,123.6819968199681
2026-09-26,3,wk inc rsv hosp,2026-10-17,05,quantile,0.01,0
2026-09-26,3,wk inc rsv hosp,2026-10-17,05,quantile,0.025,0
2026-09-26,3,wk inc rsv hosp,2026-10-17,05,quantile,0.05,0
2026-09-26,3,wk inc rsv hosp,2026-10-17,05,quantile,0.1,0
2026-09-26,3,wk inc rsv hosp,2026-10-17,05,quantile,0.15,0
2026-09-26,3,wk inc rsv hosp,2026-10-17,05,quantile,0.2,0
2026-09-26,3,wk inc rsv hosp,2026-10-17,05,quantile,0.25,0
2026-09-26,3,wk inc rsv hosp,2026-10-17,05,quantile,0.3,0
2026-09-26,3,wk inc rsv hosp,2026-10-17,05,quantile,0.35,0
2026-09-26,3,wk inc rsv hosp,2026-10-17,05,quantile,0.4,0
2026-09-26,3,wk inc rsv hosp,2026-10-17,05,quantile,0.45,0
2026-09-26,3,wk inc rsv hosp,2026-10-17,05,quantile,0.5,1
2026-09-26,3,wk inc rsv hosp,2026-10-17,05,quantile,0.55,2
2026-09-26,3,wk inc rsv hosp,2026-10-17,05,quantile,0.6,3
2026-09-26,3,wk inc rsv hosp,2026-10-17,05,quantile,0.65,4.653097530975332
2026-09-26,3,wk inc rsv hosp,2026-10-17,05,quantile,0.7,6
2026-09-26,3,wk inc rsv hosp,2026-10-17,05,quantile,0.75,8
2026-09-26,3,wk inc rsv hosp,2026-10-17,05,quantile,0.8,10.862118621186223
2026-09-26,3,wk inc rsv hosp,2026-10-17,05,quantile,0.85,14
2026-09-26,3,wk inc rsv hosp,2026-10-17,05,quantile,0.9,18.646866468664683
2026-09-26,3,wk inc rsv hosp,2026-10-17,05,quantile,0.95,25
2026-09-26,3,wk inc rsv hosp,2026-10-17,05,quantile,0.975,29.823417484174808
2026-09-26,3,wk inc rsv hosp,2026-10-17,05,quantile,0.99,36.74767227672272
2026-09-26,3,wk inc rsv hosp,2026-10-17,06,quantile,0.01,0
2026-09-26,3,wk inc rsv hosp,2026-10-17,06,quantile,0.025,0
2026-09-26,3,wk inc rsv hosp,2026-10-17,06,quantile,0.05,0
2026-09-26,3,wk inc rsv hosp,2026-10-17,06,quantile,0.1,0
2026-09-26,3,wk inc rsv hosp,2026-10-17,06,quantile,0.15,0
2026-09-26,3,wk inc rsv hosp,2026-10-17,06,quantile,0.2,0
2026-09-26,3,wk inc rsv hosp,2026-10-17,06,quantile,0.25,0
2026-09-26,3,wk inc rsv hosp,2026-10-17,06,quantile,0.3,0
2026-09-26,3,wk inc rsv hosp,2026-10-17,06,quantile,0.35,0
2026-09-26,3,wk inc rsv hosp,2026-10-17,06,quantile,0.4,4
2026-09-26,3,wk inc rsv hosp,2026-10-17,06,quantile,0.45,9.674862748627486
2026-09-26,3,wk inc rsv hosp,2026-10-17,06,quantile,0.5,15
2026-09-26,3,wk inc rsv hosp,2026-10-17,06,quantile,0.55,21
2026-09-26,3,wk inc rsv hosp,2026-10-17,06,quantile,0.6,28.604052040520394
2026-09-26,3,wk inc rsv hosp,2026-10-17,06,quantile,0.65,37.65367303673042
2026-09-26,3,wk inc rsv hosp,2026-10-17,06,quantile,0.7,48.390779907798965
2026-09-26,3,wk inc rsv hosp,2026-10-17,06,quantile,0.75,59.471574715747124
2026-09-26,3,wk inc rsv hosp,2026-10-17,06,quantile,0.8,73.07516475164766
2026-09-26,3,wk inc rsv hosp,2026-10-17,06,quantile,0.85,91.01810068100679
2026-09-26,3,wk inc rsv hosp,2026-10-17,06,quantile,0.9,113.72920229202286
2026-09-26,3,wk inc rsv hosp,2026-10-17,06,quantile,0.95,148.0233912339121
2026-09-26,3,wk inc rsv hosp,2026-10-17,06,quantile,0.975,180.1159131591316
2026-09-26,3,wk inc rsv hosp,2026-10-17,06,quantile,0.99,217.03457064570637
2026-09-26,3,wk inc rsv hosp,2026-10-17,08,quantile,0.01,0
2026-09-26,3,wk inc rsv hosp,2026-10-17,08,quantile,0.025,0
2026-09-26,3,wk inc rsv hosp,2026-10-17,08,quantile,0.05,0
2026-09-26,3,wk inc rsv hosp,2026-10-17,08,quantile,0.1,0
2026-09-26,3,wk inc rsv hosp,2026-10-17,08,quantile,0.15,0
2026-09-26,3,wk inc rsv hosp,2026-10-17,08,quantile,0.2,0
2026-09-26,3,wk inc rsv hosp,2026-10-17,08,quantile,0.25,0
2026-09-26,3,wk inc rsv hosp,2026-10-17,08,quantile,0.3,0
2026-09-26,3,wk inc rsv hosp,2026-10-17,08,quantile,0.35,0
2026-09-26,3,wk inc rsv hosp,2026-10-17,08,quantile,0.4,0
2026-09-26,3,wk inc rsv hosp,2026-10-17,08,quantile,0.45,0
2026-09-26,3,wk inc rsv hosp,2026-10-17,08,quantile,0.5,1
2026-09-26,3,wk inc rsv hosp,2026-10-17,08,quantile,0.55,2.887167371673723
2026-09-26,3,wk inc rsv hosp,2026-10-17,08,quantile,0.6,5.349371493714939
2026-09-26,3,wk inc rsv hosp,2026-10-17,08,quantile,0.65,10
2026-09-26,3,wk inc rsv hosp,2026-10-17,08,quantile,0.7,15
2026-09-26,3,wk inc rsv hosp,2026-10-17,08,quantile,0.75,21.5950709507095
2026-09-26,3,wk inc rsv hosp,2026-10-17,08,quantile,0.8,28
2026-09-26,3,wk inc rsv hosp,2026-10-17,08,quantile,0.85,34
2026-09-26,3,wk inc rsv hosp,2026-10-17,08,quantile,0.9,44.61942519425196
2026-09-26,3,wk inc rsv hosp,2026-10-17,08,quantile,0.95,62.470572705727164
2026-09-26,3,wk inc rsv hosp,2026-10-17,08,quantile,0.975,79.35273977739743
2026-09-26,3,wk inc rsv hosp,2026-10-17,08,quantile,0.99,100.3165508655082
2026-09-26,3,wk inc rsv hosp,2026-10-17,09,quantile,0.01,0
2026-09-26,3,wk inc rsv hosp,2026-10-17,09,quantile,0.025,0
2026-09-26,3,wk inc rsv hosp,2026-10-17,09,quantile,0.05,0
2026-09-26,3,wk inc rsv hosp,2026-10-17,09,quantile,0.1,0
2026-09-26,3,wk inc rsv hosp,2026-10-17,09,quantile,0.15,0
2026-09-26,3,wk inc rsv hosp,2026-10-17,09,quantile,0.2,0
2026-09-26,3,wk inc rsv hosp,2026-10-17,09,quantile,0.25,0
2026-09-26,3,wk inc rsv hosp,2026-10-17,09,quantile,0.3,0
2026-09-26,3,wk inc rsv hosp,2026-10-17,09,quantile,0.35,0
2026-09-26,3,wk inc rsv hosp,2026-10-17,09,quantile,0.4,0
2026-09-26,3,wk inc rsv hosp,2026-10-17,09,quantile,0.45,0
2026-09-26,3,wk inc rsv hosp,2026-10-17,09,quantile,0.5,1.0250102501885294e-4
2026-09-26,3,wk inc rsv hosp,2026-10-17,09,quantile,0.55,1.6603116031160283
2026-09-26,3,wk inc rsv hosp,2026-10-17,09,quantile,0.6,2.8673636736367327
2026-09-26,3,wk inc rsv hosp,2026-10-17,09,quantile,0.65,4.660311603116028
2026-09-26,3,wk inc rsv hosp,2026-10-17,09,quantile,0.7,6.660311603116028
2026-09-26,3,wk inc rsv hosp,2026-10-17,09,quantile,0.75,9.660311603116028
2026-09-26,3,wk inc rsv hosp,2026-10-17,09,quantile,0.8,12.660311603116028
2026-09-26,3,wk inc rsv hosp,2026-10-17,09,quantile,0.85,17.01984419844198
2026-09-26,3,wk inc rsv hosp,2026-10-17,09,quantile,0.9,25.66031160311603
2026-09-26,3,wk inc rsv hosp,2026-10-17,09,quantile,0.95,41.1290692906928
2026-09-26,3,wk inc rsv hosp,2026-10-17,09,quantile,0.975,48.66031160311603
2026-09-26,3,wk inc rsv hosp,2026-10-17,09,quantile,0.99,58.44682246822462
2026-09-26,3,wk inc rsv hosp,2026-10-17,10,quantile,0.01,0
2026-09-26,3,wk inc rsv hosp,2026-10-17,10,quantile,0.025,0
2026-09-26,3,wk inc rsv hosp,2026-10-17,10,quantile,0.05,0
2026-09-26,3,wk inc rsv hosp,2026-10-17,10,quantile,0.1,0
2026-09-26,3,wk inc rsv hosp,2026-10-17,10,quantile,0.15,0
2026-09-26,3,wk inc rsv hosp,2026-10-17,10,quantile,0.2,0
2026-09-26,3,wk inc rsv hosp,2026-10-17,10,quantile,0.25,0
2026-09-26,3,wk inc rsv hosp,2026-10-17,10,quantile,0.3,0
2026-09-26,3,wk inc rsv hosp,2026-10-17,10,quantile,0.35,0
2026-09-26,3,wk inc rsv hosp,2026-10-17,10,quantile,0.4,1
2026-09-26,3,wk inc rsv hosp,2026-10-17,10,quantile,0.45,2
2026-09-26,3,wk inc rsv hosp,2026-10-17,10,quantile,0.5,2
2026-09-26,3,wk inc rsv hosp,2026-10-17,10,quantile,0.55,3
2026-09-26,3,wk inc rsv hosp,2026-10-17,10,quantile,0.6,4
2026-09-26,3,wk inc rsv hosp,2026-10-17,10,quantile,0.65,5.325537755377546
2026-09-26,3,wk inc rsv hosp,2026-10-17,10,quantile,0.7,7
2026-09-26,3,wk inc rsv hosp,2026-10-17,10,quantile,0.75,9
2026-09-26,3,wk inc rsv hosp,2026-10-17,10,quantile,0.8,11
2026-09-26,3,wk inc rsv hosp,2026-10-17,10,quantile,0.85,14.041349413494109
2026-09-26,3,wk inc rsv hosp,2026-10-17,10,quantile,0.9,19.527996279962796
2026-09-26,3,wk inc rsv hosp,2026-10-17,10,quantile,0.95,28.49855998559972
2026-09-26,3,wk inc rsv hosp,2026-10-17,10,quantile,0.975,41.91161011610104
2026-09-26,3,wk inc rsv hosp,2026-10-17,10,quantile,0.99,65.23493624936282
2026-09-26,3,wk inc rsv hosp,2026-10-17,11,quantile,0.01,0
2026-09-26,3,wk inc rsv hosp,2026-10-17,11,quantile,0.025,0
2026-09-26,3,wk inc rsv hosp,2026-10-17,11,quantile,0.05,0
2026-09-26,3,wk inc rsv hosp,2026-10-17,11,quantile,0.1,0
2026-09-26,3,wk inc rsv hosp,2026-10-17,11,quantile,0.15,0
2026-09-26,3,wk inc rsv hosp,2026-10-17,11,quantile,0.2,0
2026-09-26,3,wk inc rsv hosp,2026-10-17,11,quantile,0.25,0
2026-09-26,3,wk inc rsv hosp,2026-10-17,11,quantile,0.3,0
2026-09-26,3,wk inc rsv hosp,2026-10-17,11,quantile,0.35,0
2026-09-26,3,wk inc rsv hosp,2026-10-17,11,quantile,0.4,0
2026-09-26,3,wk inc rsv hosp,2026-10-17,11,quantile,0.45,0
2026-09-26,3,wk inc rsv hosp,2026-10-17,11,quantile,0.5,0
2026-09-26,3,wk inc rsv hosp,2026-10-17,11,quantile,0.55,0.08368083680836946
2026-09-26,3,wk inc rsv hosp,2026-10-17,11,quantile,0.6,0.6014740147401553
2026-09-26,3,wk inc rsv hosp,2026-10-17,11,quantile,0.65,1.0836808368083695
2026-09-26,3,wk inc rsv hosp,2026-10-17,11,quantile,0.7,2.0836808368083695
2026-09-26,3,wk inc rsv hosp,2026-10-17,11,quantile,0.75,2.9041740417404185
2026-09-26,3,wk inc rsv hosp,2026-10-17,11,quantile,0.8,3.985837858378588
2026-09-26,3,wk inc rsv hosp,2026-10-17,11,quantile,0.85,5.0836808368083695
2026-09-26,3,wk inc rsv hosp,2026-10-17,11,quantile,0.9,7.712765127651285
2026-09-26,3,wk inc rsv hosp,2026-10-17,11,quantile,0.95,12.36972719727193
2026-09-26,3,wk inc rsv hosp,2026-10-17,11,quantile,0.975,15.907911079110782
2026-09-26,3,wk inc rsv hosp,2026-10-17,11,quantile,0.99,19.036874868748708
2026-09-26,3,wk inc rsv hosp,2026-10-17,12,quantile,0.01,0
2026-09-26,3,wk inc rsv hosp,2026-10-17,12,quantile,0.025,0
2026-09-26,3,wk inc rsv hosp,2026-10-17,12,quantile,0.05,0
2026-09-26,3,wk inc rsv hosp,2026-10-17,12,quantile,0.1,31.649707497074985
2026-09-26,3,wk inc rsv hosp,2026-10-17,12,quantile,0.15,51.64603246032459
2026-09-26,3,wk inc rsv hosp,2026-10-17,12,quantile,0.2,68.33664536645367
2026-09-26,3,wk inc rsv hosp,2026-10-17,12,quantile,0.25,82
2026-09-26,3,wk inc rsv hosp,2026-10-17,12,quantile,0.3,93.0511895118951
2026-09-26,3,wk inc rsv hosp,2026-10-17,12,quantile,0.35,102.47503825038244
2026-09-26,3,wk inc rsv hosp,2026-10-17,12,quantile,0.4,110.68476284762858
2026-09-26,3,wk inc rsv hosp,2026-10-17,12,quantile,0.45,117.4330213302133
2026-09-26,3,wk inc rsv hosp,2026-10-17,12,quantile,0.5,124
2026-09-26,3,wk inc rsv hosp,2026-10-17,12,quantile,0.55,130.46320313203134
2026-09-26,3,wk inc rsv hosp,2026-10-17,12,quantile,0.6,137.33051930519304
2026-09-26,3,wk inc rsv hosp,2026-10-17,12,quantile,0.65,145.72242522425225
2026-09-26,3,wk inc rsv hosp,2026-10-17,12,quantile,0.7,155.2296942969429
2026-09-26,3,wk inc rsv hosp,2026-10-17,12,quantile,0.75,166.2960054600546
2026-09-26,3,wk inc rsv hosp,2026-10-17,12,quantile,0.8,180.22121021210216
2026-09-26,3,wk inc rsv hosp,2026-10-17,12,quantile,0.85,196.61348663486632
2026-09-26,3,wk inc rsv hosp,2026-10-17,12,quantile,0.9,216.27565175651748
2026-09-26,3,wk inc rsv hosp,2026-10-17,12,quantile,0.95,252.89186091860904
2026-09-26,3,wk inc rsv hosp,2026-10-17,12,quantile,0.975,292.42168121681175
2026-09-26,3,wk inc rsv hosp,2026-10-17,12,quantile,0.99,348.8935208352114
2026-09-26,3,wk inc rsv hosp,2026-10-17,13,quantile,0.01,0
2026-09-26,3,wk inc rsv hosp,2026-10-17,13,quantile,0.025,0
2026-09-26,3,wk inc rsv hosp,2026-10-17,13,quantile,0.05,0
2026-09-26,3,wk inc rsv hosp,2026-10-17,13,quantile,0.1,0
2026-09-26,3,wk inc rsv hosp,2026-10-17,13,quantile,0.15,0
2026-09-26,3,wk inc rsv hosp,2026-10-17,13,quantile,0.2,0
2026-09-26,3,wk inc rsv hosp,2026-10-17,13,quantile,0.25,0
2026-09-26,3,wk inc rsv hosp,2026-10-17,13,quantile,0.3,1.8126601266012825
2026-09-26,3,wk inc rsv hosp,2026-10-17,13,quantile,0.35,5.2614526145261635
2026-09-26,3,wk inc rsv hosp,2026-10-17,13,quantile,0.4,8.261452614526164
2026-09-26,3,wk inc rsv hosp,2026-10-17,13,quantile,0.45,10.53530135301353
2026-09-26,3,wk inc rsv hosp,2026-10-17,13,quantile,0.5,13
2026-09-26,3,wk inc rsv hosp,2026-10-17,13,quantile,0.55,15.261452614526164
2026-09-26,3,wk inc rsv hosp,2026-10-17,13,quantile,0.6,18.261452614526164
2026-09-26,3,wk inc rsv hosp,2026-10-17,13,quantile,0.65,21.67623826238265
2026-09-26,3,wk inc rsv hosp,2026-10-17,13,quantile,0.7,26.261452614526164
2026-09-26,3,wk inc rsv hosp,2026-10-17,13,quantile,0.75,32.69030690306907
2026-09-26,3,wk inc rsv hosp,2026-10-17,13,quantile,0.8,41.65409054090544
2026-09-26,3,wk inc rsv hosp,2026-10-17,13,quantile,0.85,52.71407464074636
2026-09-26,3,wk inc rsv hosp,2026-10-17,13,quantile,0.9,68.84136741367413
2026-09-26,3,wk inc rsv hosp,2026-10-17,13,quantile,0.95,102.09922299223021
2026-09-26,3,wk inc rsv hosp,2026-10-17,13,quantile,0.975,142.9262937629372
2026-09-26,3,wk inc rsv hosp,2026-10-17,13,quantile,0.99,178.73336693366934
2026-09-26,3,wk inc rsv hosp,2026-10-17,15,quantile,0.01,0
2026-09-26,3,wk inc rsv hosp,2026-10-17,15,quantile,0.025,0
2026-09-26,3,wk inc rsv hosp,2026-10-17,15,quantile,0.05,0
2026-09-26,3,wk inc rsv hosp,2026-10-17,15,quantile,0.1,0
2026-09-26,3,wk inc rsv hosp,2026-10-17,15,quantile,0.15,0
2026-09-26,3,wk inc rsv hosp,2026-10-17,15,quantile,0.2,0
2026-09-26,3,wk inc rsv hosp,2026-10-17,15,quantile,0.25,1.1147611476114752
2026-09-26,3,wk inc rsv hosp,2026-10-17,15,quantile,0.3,3
2026-09-26,3,wk inc rsv hosp,2026-10-17,15,quantile,0.35,4
2026-09-26,3,wk inc rsv hosp,2026-10-17,15,quantile,0.4,5
2026-09-26,3,wk inc rsv hosp,2026-10-17,15,quantile,0.45,6
2026-09-26,3,wk inc rsv hosp,2026-10-17,15,quantile,0.5,7
2026-09-26,3,wk inc rsv hosp,2026-10-17,15,quantile,0.55,8
2026-09-26,3,wk inc rsv hosp,2026-10-17,15,quantile,0.6,9
2026-09-26,3,wk inc rsv hosp,2026-10-17,15,quantile,0.65,10
2026-09-26,3,wk inc rsv hosp,2026-10-17,15,quantile,0.7,11.745236452364505
2026-09-26,3,wk inc rsv hosp,2026-10-17,15,quantile,0.75,13
2026-09-26,3,wk inc rsv hosp,2026-10-17,15,quantile,0.8,14.66031460314602
2026-09-26,3,wk inc rsv hosp,2026-10-17,15,quantile,0.85,16.375219252192508
2026-09-26,3,wk inc rsv hosp,2026-10-17,15,quantile,0.9,19
2026-09-26,3,wk inc rsv hosp,2026-10-17,15,quantile,0.95,23.74706597065981
2026-09-26,3,wk inc rsv hosp,2026-10-17,15,quantile,0.975,28.59883448834485
2026-09-26,3,wk inc rsv hosp,2026-10-17,15,quantile,0.99,34.99542615426154
2026-09-26,3,wk inc rsv hosp,2026-10-17,16,quantile,0.01,0
2026-09-26,3,wk inc rsv hosp,2026-10-17,16,quantile,0.025,0
2026-09-26,3,wk inc rsv hosp,2026-10-17,16,quantile,0.05,0
2026-09-26,3,wk inc rsv hosp,2026-10-17,16,quantile,0.1,0
2026-09-26,3,wk inc rsv hosp,2026-10-17,16,quantile,0.15,0
2026-09-26,3,wk inc rsv hosp,2026-10-17,16,quantile,0.2,0
2026-09-26,3,wk inc rsv hosp,2026-10-17,16,quantile,0.25,0
2026-09-26,3,wk inc rsv hosp,2026-10-17,16,quantile,0.3,0
2026-09-26,3,wk inc rsv hosp,2026-10-17,16,quantile,0.35,0
2026-09-26,3,wk inc rsv hosp,2026-10-17,16,quantile,0.4,0
2026-09-26,3,wk inc rsv hosp,2026-10-17,16,quantile,0.45,0
2026-09-26,3,wk inc rsv hosp,2026-10-17,16,quantile,0.5,0
2026-09-26,3,wk inc rsv hosp,2026-10-17,16,quantile,0.55,1
2026-09-26,3,wk inc rsv hosp,2026-10-17,16,quantile,0.6,2
2026-09-26,3,wk inc rsv hosp,2026-10-17,16,quantile,0.65,3.3633651336513353
2026-09-26,3,wk inc rsv hosp,2026-10-17,16,quantile,0.7,5
2026-09-26,3,wk inc rsv hosp,2026-10-17,16,quantile,0.75,7
2026-09-26,3,wk inc rsv hosp,2026-10-17,16,quantile,0.8,9.106785067850677
2026-09-26,3,wk inc rsv hosp,2026-10-17,16,quantile,0.85,12.094365943659428
2026-09-26,3,wk inc rsv hosp,2026-10-17,16,quantile,0.9,16
2026-09-26,3,wk inc rsv hosp,2026-10-17,16,quantile,0.95,21.61815668156662
2026-09-26,3,wk inc rsv hosp,2026-10-17,16,quantile,0.975,27
2026-09-26,3,wk inc rsv hosp,2026-10-17,16,quantile,0.99,33.32546775467735
2026-09-26,3,wk inc rsv hosp,2026-10-17,17,quantile,0.01,0
2026-09-26,3,wk inc rsv hosp,2026-10-17,17,quantile,0.025,0
2026-09-26,3,wk inc rsv hosp,2026-10-17,17,quantile,0.05,0
2026-09-26,3,wk inc rsv hosp,2026-10-17,17,quantile,0.1,0
2026-09-26,3,wk inc rsv hosp,2026-10-17,17,quantile,0.15,0
2026-09-26,3,wk inc rsv hosp,2026-10-17,17,quantile,0.2,0
2026-09-26,3,wk inc rsv hosp,2026-10-17,17,quantile,0.25,0
2026-09-26,3,wk inc rsv hosp,2026-10-17,17,quantile,0.3,0
2026-09-26,3,wk inc rsv hosp,2026-10-17,17,quantile,0.35,0
2026-09-26,3,wk inc rsv hosp,2026-10-17,17,quantile,0.4,2.9115171151711516
2026-09-26,3,wk inc rsv hosp,2026-10-17,17,quantile,0.45,6.299803498034988
2026-09-26,3,wk inc rsv hosp,2026-10-17,17,quantile,0.5,10
2026-09-26,3,wk inc rsv hosp,2026-10-17,17,quantile,0.55,14
2026-09-26,3,wk inc rsv hosp,2026-10-17,17,quantile,0.6,19.293204932049296
2026-09-26,3,wk inc rsv hosp,2026-10-17,17,quantile,0.65,26.57118621186215
2026-09-26,3,wk inc rsv hosp,2026-10-17,17,quantile,0.7,34.56815168151677
2026-09-26,3,wk inc rsv hosp,2026-10-17,17,quantile,0.75,43.86134611346117
2026-09-26,3,wk inc rsv hosp,2026-10-17,17,quantile,0.8,55.95358353583538
2026-09-26,3,wk inc rsv hosp,2026-10-17,17,quantile,0.85,71.82140071400711
2026-09-26,3,wk inc rsv hosp,2026-10-17,17,quantile,0.9,93.13318333183335
2026-09-26,3,wk inc rsv hosp,2026-10-17,17,quantile,0.95,129.3182356823568
2026-09-26,3,wk inc rsv hosp,2026-10-17,17,quantile,0.975,172.2243257432574
2026-09-26,3,wk inc rsv hosp,2026-10-17,17,quantile,0.99,214.69161521615212
2026-09-26,3,wk inc rsv hosp,2026-10-17,18,quantile,0.01,0
2026-09-26,3,wk inc rsv hosp,2026-10-17,18,quantile,0.025,0
2026-09-26,3,wk inc rsv hosp,2026-10-17,18,quantile,0.05,0
2026-09-26,3,wk inc rsv hosp,2026-10-17,18,quantile,0.1,0
2026-09-26,3,wk inc rsv hosp,2026-10-17,18,quantile,0.15,0
2026-09-26,3,wk inc rsv hosp,2026-10-17,18,quantile,0.2,0
2026-09-26,3,wk inc rsv hosp,2026-10-17,18,quantile,0.25,0
2026-09-26,3,wk inc rsv hosp,2026-10-17,18,quantile,0.3,0
2026-09-26,3,wk inc rsv hosp,2026-10-17,18,quantile,0.35,0
2026-09-26,3,wk inc rsv hosp,2026-10-17,18,quantile,0.4,0
2026-09-26,3,wk inc rsv hosp,2026-10-17,18,quantile,0.45,0.20539705397054675
2026-09-26,3,wk inc rsv hosp,2026-10-17,18,quantile,0.5,2
2026-09-26,3,wk inc rsv hosp,2026-10-17,18,quantile,0.55,4.205397053970547
2026-09-26,3,wk inc rsv hosp,2026-10-17,18,quantile,0.6,6.205397053970547
2026-09-26,3,wk inc rsv hosp,2026-10-17,18,quantile,0.65,9.565082650826552
2026-09-26,3,wk inc rsv hosp,2026-10-17,18,quantile,0.7,13.205397053970547
2026-09-26,3,wk inc rsv hosp,2026-10-17,18,quantile,0.75,18.205397053970547
2026-09-26,3,wk inc rsv hosp,2026-10-17,18,quantile,0.8,25.55459454594562
2026-09-26,3,wk inc rsv hosp,2026-10-17,18,quantile,0.85,35.123284732847345
2026-09-26,3,wk inc rsv hosp,2026-10-17,18,quantile,0.9,48.974034740347506
2026-09-26,3,wk inc rsv hosp,2026-10-17,18,quantile,0.95,71.69017040170318
2026-09-26,3,wk inc rsv hosp,2026-10-17,18,quantile,0.975,97.53396633966354
2026-09-26,3,wk inc rsv hosp,2026-10-17,18,quantile,0.99,115.99775597756009
2026-09-26,3,wk inc rsv hosp,2026-10-17,19,quantile,0.01,0
2026-09-26,3,wk inc rsv hosp,2026-10-17,19,quantile,0.025,0
2026-09-26,3,wk inc rsv hosp,2026-10-17,19,quantile,0.05,0
2026-09-26,3,wk inc rsv hosp,2026-10-17,19,quantile,0.1,0
2026-09-26,3,wk inc rsv hosp,2026-10-17,19,quantile,0.15,0
2026-09-26,3,wk inc rsv hosp,2026-10-17,19,quantile,0.2,0
2026-09-26,3,wk inc rsv hosp,2026-10-17,19,quantile,0.25,0
2026-09-26,3,wk inc rsv hosp,2026-10-17,19,quantile,0.3,0
2026-09-26,3,wk inc rsv hosp,2026-10-17,19,quantile,0.35,0
2026-09-26,3,wk inc rsv hosp,2026-10-17,19,quantile,0.4,0
2026-09-26,3,wk inc rsv hosp,2026-10-17,19,quantile,0.45,0
2026-09-26,3,wk inc rsv hosp,2026-10-17,19,quantile,0.5,1
2026-09-26,3,wk inc rsv hosp,2026-10-17,19,quantile,0.55,2
2026-09-26,3,wk inc rsv hosp,2026-10-17,19,quantile,0.6,4
2026-09-26,3,wk inc rsv hosp,2026-10-17,19,quantile,0.65,6
2026-09-26,3,wk inc rsv hosp,2026-10-17,19,quantile,0.7,9
2026-09-26,3,wk inc rsv hosp,2026-10-17,19,quantile,0.75,13
2026-09-26,3,wk inc rsv hosp,2026-10-17,19,quantile,0.8,17.160729607296062
2026-09-26,3,wk inc rsv hosp,2026-10-17,19,quantile,0.85,23.485994359943568
2026-09-26,3,wk inc rsv hosp,2026-10-17,19,quantile,0.9,30.747598475984688
2026-09-26,3,wk inc rsv hosp,2026-10-17,19,quantile,0.95,57.94266942669416
2026-09-26,3,wk inc rsv hosp,2026-10-17,19,quantile,0.975,87.66369588695865
2026-09-26,3,wk inc rsv hosp,2026-10-17,19,quantile,0.99,103.44395073950744
2026-09-26,3,wk inc rsv hosp,2026-10-17,20,quantile,0.01,0
2026-09-26,3,wk inc rsv hosp,2026-10-17,20,quantile,0.025,0
2026-09-26,3,wk inc rsv hosp,2026-10-17,20,quantile,0.05,0
2026-09-26,3,wk inc rsv hosp,2026-10-17,20,quantile,0.1,0
2026-09-26,3,wk inc rsv hosp,2026-10-17,20,quantile,0.15,0
2026-09-26,3,wk inc rsv hosp,2026-10-17,20,quantile,0.2,0
2026-09-26,3,wk inc rsv hosp,2026-10-17,20,quantile,0.25,0
2026-09-26,3,wk inc rsv hosp,2026-10-17,20,quantile,0.3,0
2026-09-26,3,wk inc rsv hosp,2026-10-17,20,quantile,0.35,0
2026-09-26,3,wk inc rsv hosp,2026-10-17,20,quantile,0.4,0
2026-09-26,3,wk inc rsv hosp,2026-10-17,20,quantile,0.45,0
2026-09-26,3,wk inc rsv hosp,2026-10-17,20,quantile,0.5,1
2026-09-26,3,wk inc rsv hosp,2026-10-17,20,quantile,0.55,2
2026-09-26,3,wk inc rsv hosp,2026-10-17,20,quantile,0.6,3.9577115771157887
2026-09-26,3,wk inc rsv hosp,2026-10-17,20,quantile,0.65,5
2026-09-26,3,wk inc rsv hosp,2026-10-17,20,quantile,0.7,7
2026-09-26,3,wk inc rsv hosp,2026-10-17,20,quantile,0.75,10
2026-09-26,3,wk inc rsv hosp,2026-10-17,20,quantile,0.8,13
2026-09-26,3,wk inc rsv hosp,2026-10-17,20,quantile,0.85,18
2026-09-26,3,wk inc rsv hosp,2026-10-17,20,quantile,0.9,25.954504545045445
2026-09-26,3,wk inc rsv hosp,2026-10-17,20,quantile,0.95,36.255388053880445
2026-09-26,3,wk inc rsv hosp,2026-10-17,20,quantile,0.975,44.67668976689768
2026-09-26,3,wk inc rsv hosp,2026-10-17,20,quantile,0.99,53.409078390783854
2026-09-26,3,wk inc rsv hosp,2026-10-17,21,quantile,0.01,0
2026-09-26,3,wk inc rsv hosp,2026-10-17,21,quantile,0.025,0
2026-09-26,3,wk inc rsv hosp,2026-10-17,21,quantile,0.05,0
2026-09-26,3,wk inc rsv hosp,2026-10-17,21,quantile,0.1,0
2026-09-26,3,wk inc rsv hosp,2026-10-17,21,quantile,0.15,0
2026-09-26,3,wk inc rsv hosp,2026-10-17,21,quantile,0.2,0
2026-09-26,3,wk inc rsv hosp,2026-10-17,21,quantile,0.25,0
2026-09-26,3,wk inc rsv hosp,2026-10-17,21,quantile,0.3,0
2026-09-26,3,wk inc rsv hosp,2026-10-17,21,quantile,0.35,0
2026-09-26,3,wk inc rsv hosp,2026-10-17,21,quantile,0.4,0
2026-09-26,3,wk inc rsv hosp,2026-10-17,21,quantile,0.45,0
2026-09-26,3,wk inc rsv hosp,2026-10-17,21,quantile,0.5,1
2026-09-26,3,wk inc rsv hosp,2026-10-17,21,quantile,0.55,2.438614886148847
2026-09-26,3,wk inc rsv hosp,2026-10-17,21,quantile,0.6,5
2026-09-26,3,wk inc rsv hosp,2026-10-17,21,quantile,0.65,7.856190561905635
2026-09-26,3,wk inc rsv hosp,2026-10-17,21,quantile,0.7,11
2026-09-26,3,wk inc rsv hosp,2026-10-17,21,quantile,0.75,14.770557705577062
2026-09-26,3,wk inc rsv hosp,2026-10-17,21,quantile,0.8,19.16384963849643
2026-09-26,3,wk inc rsv hosp,2026-10-17,21,quantile,0.85,25.180597305973052
2026-09-26,3,wk inc rsv hosp,2026-10-17,21,quantile,0.9,34
2026-09-26,3,wk inc rsv hosp,2026-10-17,21,quantile,0.95,49.9656706567063
2026-09-26,3,wk inc rsv hosp,2026-10-17,21,quantile,0.975,78.67115246152261
2026-09-26,3,wk inc rsv hosp,2026-10-17,21,quantile,0.99,124.72117721177207
2026-09-26,3,wk inc rsv hosp,2026-10-17,22,quantile,0.01,0
2026-09-26,3,wk inc rsv hosp,2026-10-17,22,quantile,0.025,0
2026-09-26,3,wk inc rsv hosp,2026-10-17,22,quantile,0.05,0
2026-09-26,3,wk inc rsv hosp,2026-10-17,22,quantile,0.1,0
2026-09-26,3,wk inc rsv hosp,2026-10-17,22,quantile,0.15,0
2026-09-26,3,wk inc rsv hosp,2026-10-17,22,quantile,0.2,0
2026-09-26,3,wk inc rsv hosp,2026-10-17,22,quantile,0.25,0
2026-09-26,3,wk inc rsv hosp,2026-10-17,22,quantile,0.3,0
2026-09-26,3,wk inc rsv hosp,2026-10-17,22,quantile,0.35,1
2026-09-26,3,wk inc rsv hosp,2026-10-17,22,quantile,0.4,3.9430474304743397
2026-09-26,3,wk inc rsv hosp,2026-10-17,22,quantile,0.45,6
2026-09-26,3,wk inc rsv hosp,2026-10-17,22,quantile,0.5,8
2026-09-26,3,wk inc rsv hosp,2026-10-17,22,quantile,0.55,10
2026-09-26,3,wk inc rsv hosp,2026-10-17,22,quantile,0.6,12.301083010830098
2026-09-26,3,wk inc rsv hosp,2026-10-17,22,quantile,0.65,15.167194671946746
2026-09-26,3,wk inc rsv hosp,2026-10-17,22,quantile,0.7,19
2026-09-26,3,wk inc rsv hosp,2026-10-17,22,quantile,0.75,23.224177241772402
2026-09-26,3,wk inc rsv hosp,2026-10-17,22,quantile,0.8,28.489526895268828
2026-09-26,3,wk inc rsv hosp,2026-10-17,22,quantile,0.85,36
2026-09-26,3,wk inc rsv hosp,2026-10-17,22,quantile,0.9,49.08336183361834
2026-09-26,3,wk inc rsv hosp,2026-10-17,22,quantile,0.95,71.77302373023717
2026-09-26,3,wk inc rsv hosp,2026-10-17,22,quantile,0.975,85.64512420124198
2026-09-26,3,wk inc rsv hosp,2026-10-17,22,quantile,0.99,100.41648036480373
2026-09-26,3,wk inc rsv hosp,2026-10-17,23,quantile,0.01,0
2026-09-26,3,wk inc rsv hosp,2026-10-17,23,quantile,0.025,0
2026-09-26,3,wk inc rsv hosp,2026-10-17,23,quantile,0.05,0
2026-09-26,3,wk inc rsv hosp,2026-10-17,23,quantile,0.1,0
2026-09-26,3,wk inc rsv hosp,2026-10-17,23,quantile,0.15,0
2026-09-26,3,wk inc rsv hosp,2026-10-17,23,quantile,0.2,0
2026-09-26,3,wk inc rsv hosp,2026-10-17,23,quantile,0.25,0
2026-09-26,3,wk inc rsv hosp,2026-10-17,23,quantile,0.3,0
2026-09-26,3,wk inc rsv hosp,2026-10-17,23,quantile,0.35,0
2026-09-26,3,wk inc rsv hosp,2026-10-17,23,quantile,0.4,0
2026-09-26,3,wk inc rsv hosp,2026-10-17,23,quantile,0.45,0
2026-09-26,3,wk inc rsv hosp,2026-10-17,23,quantile,0.5,0
2026-09-26,3,wk inc rsv hosp,2026-10-17,23,quantile,0.55,0
2026-09-26,3,wk inc rsv hosp,2026-10-17,23,quantile,0.6,1
2026-09-26,3,wk inc rsv hosp,2026-10-17,23,quantile,0.65,2
2026-09-26,3,wk inc rsv hosp,2026-10-17,23,quantile,0.7,2.794959949599448
2026-09-26,3,wk inc rsv hosp,2026-10-17,23,quantile,0.75,3.4608046080460753
2026-09-26,3,wk inc rsv hosp,2026-10-17,23,quantile,0.8,4.812780127801254
2026-09-26,3,wk inc rsv hosp,2026-10-17,23,quantile,0.85,6
2026-09-26,3,wk inc rsv hosp,2026-10-17,23,quantile,0.9,7.218198181981837
2026-09-26,3,wk inc rsv hosp,2026-10-17,23,quantile,0.95,10
2026-09-26,3,wk inc rsv hosp,2026-10-17,23,quantile,0.975,12.410838358383563
2026-09-26,3,wk inc rsv hosp,2026-10-17,23,quantile,0.99,15.384215642156366
2026-09-26,3,wk inc rsv hosp,2026-10-17,24,quantile,0.01,0
2026-09-26,3,wk inc rsv hosp,2026-10-17,24,quantile,0.025,0
2026-09-26,3,wk inc rsv hosp,2026-10-17,24,quantile,0.05,0
2026-09-26,3,wk inc rsv hosp,2026-10-17,24,quantile,0.1,0
2026-09-26,3,wk inc rsv hosp,2026-10-17,24,quantile,0.15,0
2026-09-26,3,wk inc rsv hosp,2026-10-17,24,quantile,0.2,0
2026-09-26,3,wk inc rsv hosp,2026-10-17,24,quantile,0.25,0
2026-09-26,3,wk inc rsv hosp,2026-10-17,24,quantile,0.3,0
2026-09-26,3,wk inc rsv hosp,2026-10-17,24,quantile,0.35,0
2026-09-26,3,wk inc rsv hosp,2026-10-17,24,quantile,0.4,1
2026-09-26,3,wk inc rsv hosp,2026-10-17,24,quantile,0.45,3
2026-09-26,3,wk inc rsv hosp,2026-10-17,24,quantile,0.5,5
2026-09-26,3,wk inc rsv hosp,2026-10-17,24,quantile,0.55,7
2026-09-26,3,wk inc rsv hosp,2026-10-17,24,quantile,0.6,9.322425224252253
2026-09-26,3,wk inc rsv hosp,2026-10-17,24,quantile,0.65,12.02011570115701
2026-09-26,3,wk inc rsv hosp,2026-10-17,24,quantile,0.7,15.940547405474035
2026-09-26,3,wk inc rsv hosp,2026-10-17,24,quantile,0.75,20.11073610736117
2026-09-26,3,wk inc rsv hosp,2026-10-17,24,quantile,0.8,26.352249522495274
2026-09-26,3,wk inc rsv hosp,2026-10-17,24,quantile,0.85,35.3027890278903
2026-09-26,3,wk inc rsv hosp,2026-10-17,24,quantile,0.9,48.2881288812889
2026-09-26,3,wk inc rsv hosp,2026-10-17,24,quantile,0.95,64.70496004960025
2026-09-26,3,wk inc rsv hosp,2026-10-17,24,quantile,0.975,82.19306768067658
2026-09-26,3,wk inc rsv hosp,2026-10-17,24,quantile,0.99,103.81570295702866
2026-09-26,3,wk inc rsv hosp,2026-10-17,25,quantile,0.01,0
2026-09-26,3,wk inc rsv hosp,2026-10-17,25,quantile,0.025,0
2026-09-26,3,wk inc rsv hosp,2026-10-17,25,quantile,0.05,0
2026-09-26,3,wk inc rsv hosp,2026-10-17,25,quantile,0.1,0
2026-09-26,3,wk inc rsv hosp,2026-10-17,25,quantile,0.15,0
2026-09-26,3,wk inc rsv hosp,2026-10-17,25,quantile,0.2,0
2026-09-26,3,wk inc rsv hosp,2026-10-17,25,quantile,0.25,0
2026-09-26,3,wk inc rsv hosp,2026-10-17,25,quantile,0.3,0
2026-09-26,3,wk inc rsv hosp,2026-10-17,25,quantile,0.35,0
2026-09-26,3,wk inc rsv hosp,2026-10-17,25,quantile,0.4,0
2026-09-26,3,wk inc rsv hosp,2026-10-17,25,quantile,0.45,0.6627186271862743
2026-09-26,3,wk inc rsv hosp,2026-10-17,25,quantile,0.5,5
2026-09-26,3,wk inc rsv hosp,2026-10-17,25,quantile,0.55,9.790177901779014
2026-09-26,3,wk inc rsv hosp,2026-10-17,25,quantile,0.6,15.106237062370607
2026-09-26,3,wk inc rsv hosp,2026-10-17,25,quantile,0.65,21.0139231392314
2026-09-26,3,wk inc rsv hosp,2026-10-17,25,quantile,0.7,27.790177901779014
2026-09-26,3,wk inc rsv hosp,2026-10-17,25,quantile,0.75,36.15258152581531
2026-09-26,3,wk inc rsv hosp,2026-10-17,25,quantile,0.8,47.51161311613106
2026-09-26,3,wk inc rsv hosp,2026-10-17,25,quantile,0.85,62.672297722977184
2026-09-26,3,wk inc rsv hosp,2026-10-17,25,quantile,0.9,84.49798997989983
2026-09-26,3,wk inc rsv hosp,2026-10-17,25,quantile,0.95,117.69514445144455
2026-09-26,3,wk inc rsv hosp,2026-10-17,25,quantile,0.975,160.86050010500074
2026-09-26,3,wk inc rsv hosp,2026-10-17,25,quantile,0.99,220.4667896678982
2026-09-26,3,wk inc rsv hosp,2026-10-17,26,quantile,0.01,0
2026-09-26,3,wk inc rsv hosp,2026-10-17,26,quantile,0.025,0
2026-09-26,3,wk inc rsv hosp,2026-10-17,26,quantile,0.05,0
2026-09-26,3,wk inc rsv hosp,2026-10-17,26,quantile,0.1,0
2026-09-26,3,wk inc rsv hosp,2026-10-17,26,quantile,0.15,0
2026-09-26,3,wk inc rsv hosp,2026-10-17,26,quantile,0.2,0
2026-09-26,3,wk inc rsv hosp,2026-10-17,26,quantile,0.25,0
2026-09-26,3,wk inc rsv hosp,2026-10-17,26,quantile,0.3,0
2026-09-26,3,wk inc rsv hosp,2026-10-17,26,quantile,0.35,0
2026-09-26,3,wk inc rsv hosp,2026-10-17,26,quantile,0.4,0
2026-09-26,3,wk inc rsv hosp,2026-10-17,26,quantile,0.45,1.2212372123721282
2026-09-26,3,wk inc rsv hosp,2026-10-17,26,quantile,0.5,4
2026-09-26,3,wk inc rsv hosp,2026-10-17,26,quantile,0.55,8
2026-09-26,3,wk inc rsv hosp,2026-10-17,26,quantile,0.6,13.839360393603933
2026-09-26,3,wk inc rsv hosp,2026-10-17,26,quantile,0.65,20
2026-09-26,3,wk inc rsv hosp,2026-10-17,26,quantile,0.7,28.239519395193945
2026-09-26,3,wk inc rsv hosp,2026-10-17,26,quantile,0.75,37.25059250592503
2026-09-26,3,wk inc rsv hosp,2026-10-17,26,quantile,0.8,46.59011790117907
2026-09-26,3,wk inc rsv hosp,2026-10-17,26,quantile,0.85,61.52257372573725
2026-09-26,3,wk inc rsv hosp,2026-10-17,26,quantile,0.9,78.92499624996252
2026-09-26,3,wk inc rsv hosp,2026-10-17,26,quantile,0.95,107
2026-09-26,3,wk inc rsv hosp,2026-10-17,26,quantile,0.975,140.5858001080009
2026-09-26,3,wk inc rsv hosp,2026-10-17,26,quantile,0.99,189.64273212732118
2026-09-26,3,wk inc rsv hosp,2026-10-17,27,quantile,0.01,0
2026-09-26,3,wk inc rsv hosp,2026-10-17,27,quantile,0.025,0
2026-09-26,3,wk inc rsv hosp,2026-10-17,27,quantile,0.05,0
2026-09-26,3,wk inc rsv hosp,2026-10-17,27,quantile,0.1,0
2026-09-26,3,wk inc rsv hosp,2026-10-17,27,quantile,0.15,0
2026-09-26,3,wk inc rsv hosp,2026-10-17,27,quantile,0.2,0
2026-09-26,3,wk inc rsv hosp,2026-10-17,27,quantile,0.25,0
2026-09-26,3,wk inc rsv hosp,2026-10-17,27,quantile,0.3,0
2026-09-26,3,wk inc rsv hosp,2026-10-17,27,quantile,0.35,0
2026-09-26,3,wk inc rsv hosp,2026-10-17,27,quantile,0.4,0
2026-09-26,3,wk inc rsv hosp,2026-10-17,27,quantile,0.45,0
2026-09-26,3,wk inc rsv hosp,2026-10-17,27,quantile,0.5,8.750087500786208e-5
2026-09-26,3,wk inc rsv hosp,2026-10-17,27,quantile,0.55,3.387405874058765
2026-09-26,3,wk inc rsv hosp,2026-10-17,27,quantile,0.6,6.919054190541907
2026-09-26,3,wk inc rsv hosp,2026-10-17,27,quantile,0.65,10.822712727127263
2026-09-26,3,wk inc rsv hosp,2026-10-17,27,quantile,0.7,14.919054190541907
2026-09-26,3,wk inc rsv hosp,2026-10-17,27,quantile,0.75,19.38224882248823
2026-09-26,3,wk inc rsv hosp,2026-10-17,27,quantile,0.8,24.661895618956216
2026-09-26,3,wk inc rsv hosp,2026-10-17,27,quantile,0.85,30.919054190541907
2026-09-26,3,wk inc rsv hosp,2026-10-17,27,quantile,0.9,39.85445054450545
2026-09-26,3,wk inc rsv hosp,2026-10-17,27,quantile,0.95,55.15743807438074
2026-09-26,3,wk inc rsv hosp,2026-10-17,27,quantile,0.975,70.1726074760748
2026-09-26,3,wk inc rsv hosp,2026-10-17,27,quantile,0.99,86.70550985509789
2026-09-26,3,wk inc rsv hosp,2026-10-17,28,quantile,0.01,0
2026-09-26,3,wk inc rsv hosp,2026-10-17,28,quantile,0.025,0
2026-09-26,3,wk inc rsv hosp,2026-10-17,28,quantile,0.05,0
2026-09-26,3,wk inc rsv hosp,2026-10-17,28,quantile,0.1,0
2026-09-26,3,wk inc rsv hosp,2026-10-17,28,quantile,0.15,0
2026-09-26,3,wk inc rsv hosp,2026-10-17,28,quantile,0.2,0
2026-09-26,3,wk inc rsv hosp,2026-10-17,28,quantile,0.25,0
2026-09-26,3,wk inc rsv hosp,2026-10-17,28,quantile,0.3,0
2026-09-26,3,wk inc rsv hosp,2026-10-17,28,quantile,0.35,1.864265142651416
2026-09-26,3,wk inc rsv hosp,2026-10-17,28,quantile,0.4,3
2026-09-26,3,wk inc rsv hosp,2026-10-17,28,quantile,0.45,4
2026-09-26,3,wk inc rsv hosp,2026-10-17,28,quantile,0.5,5
2026-09-26,3,wk inc rsv hosp,2026-10-17,28,quantile,0.55,6.742085920859199
2026-09-26,3,wk inc rsv hosp,2026-10-17,28,quantile,0.6,8
2026-09-26,3,wk inc rsv hosp,2026-10-17,28,quantile,0.65,9.770034200341996
2026-09-26,3,wk inc rsv hosp,2026-10-17,28,quantile,0.7,11.631140311403119
2026-09-26,3,wk inc rsv hosp,2026-10-17,28,quantile,0.75,14
2026-09-26,3,wk inc rsv hosp,2026-10-17,28,quantile,0.8,16.49222692226924
2026-09-26,3,wk inc rsv hosp,2026-10-17,28,quantile,0.85,20
2026-09-26,3,wk inc rsv hosp,2026-10-17,28,quantile,0.9,24
2026-09-26,3,wk inc rsv hosp,2026-10-17,28,quantile,0.95,30.971331713317145
2026-09-26,3,wk inc rsv hosp,2026-10-17,28,quantile,0.975,36.94948024480248
2026-09-26,3,wk inc rsv hosp,2026-10-17,28,quantile,0.99,43.58278192781914
2026-09-26,3,wk inc rsv hosp,2026-10-17,29,quantile,0.01,0
2026-09-26,3,wk inc rsv hosp,2026-10-17,29,quantile,0.025,0
2026-09-26,3,wk inc rsv hosp,2026-10-17,29,quantile,0.05,0
2026-09-26,3,wk inc rsv hosp,2026-10-17,29,quantile,0.1,0
2026-09-26,3,wk inc rsv hosp,2026-10-17,29,quantile,0.15,0
2026-09-26,3,wk inc rsv hosp,2026-10-17,29,quantile,0.2,0
2026-09-26,3,wk inc rsv hosp,2026-10-17,29,quantile,0.25,0
2026-09-26,3,wk inc rsv hosp,2026-10-17,29,quantile,0.3,0
2026-09-26,3,wk inc rsv hosp,2026-10-17,29,quantile,0.35,0
2026-09-26,3,wk inc rsv hosp,2026-10-17,29,quantile,0.4,0
2026-09-26,3,wk inc rsv hosp,2026-10-17,29,quantile,0.45,0
2026-09-26,3,wk inc rsv hosp,2026-10-17,29,quantile,0.5,1
2026-09-26,3,wk inc rsv hosp,2026-10-17,29,quantile,0.55,2.7740542405424025
2026-09-26,3,wk inc rsv hosp,2026-10-17,29,quantile,0.6,5
2026-09-26,3,wk inc rsv hosp,2026-10-17,29,quantile,0.65,8.743519935199352
2026-09-26,3,wk inc rsv hosp,2026-10-17,29,quantile,0.7,13
2026-09-26,3,wk inc rsv hosp,2026-10-17,29,quantile,0.75,19
2026-09-26,3,wk inc rsv hosp,2026-10-17,29,quantile,0.8,24.69939699396995
2026-09-26,3,wk inc rsv hosp,2026-10-17,29,quantile,0.85,32.4877433774337
2026-09-26,3,wk inc rsv hosp,2026-10-17,29,quantile,0.9,42.377847778477786
2026-09-26,3,wk inc rsv hosp,2026-10-17,29,quantile,0.95,61.43564785647854
2026-09-26,3,wk inc rsv hosp,2026-10-17,29,quantile,0.975,76.63144706447059
2026-09-26,3,wk inc rsv hosp,2026-10-17,29,quantile,0.99,93.05875618756191
2026-09-26,3,wk inc rsv hosp,2026-10-17,30,quantile,0.01,0
2026-09-26,3,wk inc rsv hosp,2026-10-17,30,quantile,0.025,0
2026-09-26,3,wk inc rsv hosp,2026-10-17,30,quantile,0.05,0
2026-09-26,3,wk inc rsv hosp,2026-10-17,30,quantile,0.1,0
2026-09-26,3,wk inc rsv hosp,2026-10-17,30,quantile,0.15,0
2026-09-26,3,wk inc rsv hosp,2026-10-17,30,quantile,0.2,0
2026-09-26,3,wk inc rsv hosp,2026-10-17,30,quantile,0.25,0
2026-09-26,3,wk inc rsv hosp,2026-10-17,30,quantile,0.3,0
2026-09-26,3,wk inc rsv hosp,2026-10-17,30,quantile,0.35,0
2026-09-26,3,wk inc rsv hosp,2026-10-17,30,quantile,0.4,0
2026-09-26,3,wk inc rsv hosp,2026-10-17,30,quantile,0.45,0
2026-09-26,3,wk inc rsv hosp,2026-10-17,30,quantile,0.5,0
2026-09-26,3,wk inc rsv hosp,2026-10-17,30,quantile,0.55,1
2026-09-26,3,wk inc rsv hosp,2026-10-17,30,quantile,0.6,2
2026-09-26,3,wk inc rsv hosp,2026-10-17,30,quantile,0.65,3
2026-09-26,3,wk inc rsv hosp,2026-10-17,30,quantile,0.7,4
2026-09-26,3,wk inc rsv hosp,2026-10-17,30,quantile,0.75,6.1924919249192385
2026-09-26,3,wk inc rsv hosp,2026-10-17,30,quantile,0.8,8.34635946359461
2026-09-26,3,wk inc rsv hosp,2026-10-17,30,quantile,0.85,11
2026-09-26,3,wk inc rsv hosp,2026-10-17,30,quantile,0.9,14.77320573205732
2026-09-26,3,wk inc rsv hosp,2026-10-17,30,quantile,0.95,20.679135291352917
2026-09-26,3,wk inc rsv hosp,2026-10-17,30,quantile,0.975,27.528807788077838
2026-09-26,3,wk inc rsv hosp,2026-10-17,30,quantile,0.99,34
2026-09-26,3,wk inc rsv hosp,2026-10-17,31,quantile,0.01,0
2026-09-26,3,wk inc rsv hosp,2026-10-17,31,quantile,0.025,0
2026-09-26,3,wk inc rsv hosp,2026-10-17,31,quantile,0.05,0
2026-09-26,3,wk inc rsv hosp,2026-10-17,31,quantile,0.1,0
2026-09-26,3,wk inc rsv hosp,2026-10-17,31,quantile,0.15,0
2026-09-26,3,wk inc rsv hosp,2026-10-17,31,quantile,0.2,0
2026-09-26,3,wk inc rsv hosp,2026-10-17,31,quantile,0.25,0
2026-09-26,3,wk inc rsv hosp,2026-10-17,31,quantile,0.3,0
2026-09-26,3,wk inc rsv hosp,2026-10-17,31,quantile,0.35,0
2026-09-26,3,wk inc rsv hosp,2026-10-17,31,quantile,0.4,0.7447874478744865
2026-09-26,3,wk inc rsv hosp,2026-10-17,31,quantile,0.45,1.7447874478744865
2026-09-26,3,wk inc rsv hosp,2026-10-17,31,quantile,0.5,2
2026-09-26,3,wk inc rsv hosp,2026-10-17,31,quantile,0.55,2.7447874478744865
2026-09-26,3,wk inc rsv hosp,2026-10-17,31,quantile,0.6,3.7447874478744865
2026-09-26,3,wk inc rsv hosp,2026-10-17,31,quantile,0.65,5.484020340203421
2026-09-26,3,wk inc rsv hosp,2026-10-17,31,quantile,0.7,6.7447874478744865
2026-09-26,3,wk inc rsv hosp,2026-10-17,31,quantile,0.75,8.744787447874486
2026-09-26,3,wk inc rsv hosp,2026-10-17,31,quantile,0.8,11.460600606006087
2026-09-26,3,wk inc rsv hosp,2026-10-17,31,quantile,0.85,14.744787447874486
2026-09-26,3,wk inc rsv hosp,2026-10-17,31,quantile,0.9,19.07248072480723
2026-09-26,3,wk inc rsv hosp,2026-10-17,31,quantile,0.95,26.744787447874486
2026-09-26,3,wk inc rsv hosp,2026-10-17,31,quantile,0.975,33.818918189181986
2026-09-26,3,wk inc rsv hosp,2026-10-17,31,quantile,0.99,40.00243182431822
2026-09-26,3,wk inc rsv hosp,2026-10-17,32,quantile,0.01,0
2026-09-26,3,wk inc rsv hosp,2026-10-17,32,quantile,0.025,0
2026-09-26,3,wk inc rsv hosp,2026-10-17,32,quantile,0.05,0
2026-09-26,3,wk inc rsv hosp,2026-10-17,32,quantile,0.1,0
2026-09-26,3,wk inc rsv hosp,2026-10-17,32,quantile,0.15,0
2026-09-26,3,wk inc rsv hosp,2026-10-17,32,quantile,0.2,0
2026-09-26,3,wk inc rsv hosp,2026-10-17,32,quantile,0.25,0
2026-09-26,3,wk inc rsv hosp,2026-10-17,32,quantile,0.3,0
2026-09-26,3,wk inc rsv hosp,2026-10-17,32,quantile,0.35,0
2026-09-26,3,wk inc rsv hosp,2026-10-17,32,quantile,0.4,0
2026-09-26,3,wk inc rsv hosp,2026-10-17,32,quantile,0.45,0
2026-09-26,3,wk inc rsv hosp,2026-10-17,32,quantile,0.5,0
2026-09-26,3,wk inc rsv hosp,2026-10-17,32,quantile,0.55,1.944589445894458
2026-09-26,3,wk inc rsv hosp,2026-10-17,32,quantile,0.6,3.728217282172808
2026-09-26,3,wk inc rsv hosp,2026-10-17,32,quantile,0.65,5.9790727907279155
2026-09-26,3,wk inc rsv hosp,2026-10-17,32,quantile,0.7,8
2026-09-26,3,wk inc rsv hosp,2026-10-17,32,quantile,0.75,11
2026-09-26,3,wk inc rsv hosp,2026-10-17,32,quantile,0.8,14.899962999630018
2026-09-26,3,wk inc rsv hosp,2026-10-17,32,quantile,0.85,19.997320473204734
2026-09-26,3,wk inc rsv hosp,2026-10-17,32,quantile,0.9,26.670315703157055
2026-09-26,3,wk inc rsv hosp,2026-10-17,32,quantile,0.95,37.67224622246197
2026-09-26,3,wk inc rsv hosp,2026-10-17,32,quantile,0.975,48.745700207002145
2026-09-26,3,wk inc rsv hosp,2026-10-17,32,quantile,0.99,59.56163511635111
2026-09-26,3,wk inc rsv hosp,2026-10-17,33,quantile,0.01,0
2026-09-26,3,wk inc rsv hosp,2026-10-17,33,quantile,0.025,0
2026-09-26,3,wk inc rsv hosp,2026-10-17,33,quantile,0.05,0
2026-09-26,3,wk inc rsv hosp,2026-10-17,33,quantile,0.1,0
2026-09-26,3,wk inc rsv hosp,2026-10-17,33,quantile,0.15,0
2026-09-26,3,wk inc rsv hosp,2026-10-17,33,quantile,0.2,0
2026-09-26,3,wk inc rsv hosp,2026-10-17,33,quantile,0.25,0
2026-09-26,3,wk inc rsv hosp,2026-10-17,33,quantile,0.3,0
2026-09-26,3,wk inc rsv hosp,2026-10-17,33,quantile,0.35,0
2026-09-26,3,wk inc rsv hosp,2026-10-17,33,quantile,0.4,0
2026-09-26,3,wk inc rsv hosp,2026-10-17,33,quantile,0.45,0
2026-09-26,3,wk inc rsv hosp,2026-10-17,33,quantile,0.5,0
2026-09-26,3,wk inc rsv hosp,2026-10-17,33,quantile,0.55,1
2026-09-26,3,wk inc rsv hosp,2026-10-17,33,quantile,0.6,2
2026-09-26,3,wk inc rsv hosp,2026-10-17,33,quantile,0.65,3
2026-09-26,3,wk inc rsv hosp,2026-10-17,33,quantile,0.7,4
2026-09-26,3,wk inc rsv hosp,2026-10-17,33,quantile,0.75,6
2026-09-26,3,wk inc rsv hosp,2026-10-17,33,quantile,0.8,8
2026-09-26,3,wk inc rsv hosp,2026-10-17,33,quantile,0.85,10.418494184941839
2026-09-26,3,wk inc rsv hosp,2026-10-17,33,quantile,0.9,13
2026-09-26,3,wk inc rsv hosp,2026-10-17,33,quantile,0.95,17.390345403454045
2026-09-26,3,wk inc rsv hosp,2026-10-17,33,quantile,0.975,21.739606146061508
2026-09-26,3,wk inc rsv hosp,2026-10-17,33,quantile,0.99,26.31682586825867
2026-09-26,3,wk inc rsv hosp,2026-10-17,34,quantile,0.01,0
2026-09-26,3,wk inc rsv hosp,2026-10-17,34,quantile,0.025,0
2026-09-26,3,wk inc rsv hosp,2026-10-17,34,quantile,0.05,0
2026-09-26,3,wk inc rsv hosp,2026-10-17,34,quantile,0.1,0
2026-09-26,3,wk inc rsv hosp,2026-10-17,34,quantile,0.15,0
2026-09-26,3,wk inc rsv hosp,2026-10-17,34,quantile,0.2,0
2026-09-26,3,wk inc rsv hosp,2026-10-17,34,quantile,0.25,0
2026-09-26,3,wk inc rsv hosp,2026-10-17,34,quantile,0.3,0
2026-09-26,3,wk inc rsv hosp,2026-10-17,34,quantile,0.35,0
2026-09-26,3,wk inc rsv hosp,2026-10-17,34,quantile,0.4,0
2026-09-26,3,wk inc rsv hosp,2026-10-17,34,quantile,0.45,1.937299372993735
2026-09-26,3,wk inc rsv hosp,2026-10-17,34,quantile,0.5,7
2026-09-26,3,wk inc rsv hosp,2026-10-17,34,quantile,0.55,12.855011550115531
2026-09-26,3,wk inc rsv hosp,2026-10-17,34,quantile,0.6,19.012930129301274
2026-09-26,3,wk inc rsv hosp,2026-10-17,34,quantile,0.65,26.697691476914784
2026-09-26,3,wk inc rsv hosp,2026-10-17,34,quantile,0.7,35.67613476134759
2026-09-26,3,wk inc rsv hosp,2026-10-17,34,quantile,0.75,45.68263432634326
2026-09-26,3,wk inc rsv hosp,2026-10-17,34,quantile,0.8,57.52929529295298
2026-09-26,3,wk inc rsv hosp,2026-10-17,34,quantile,0.85,73.54900399003992
2026-09-26,3,wk inc rsv hosp,2026-10-17,34,quantile,0.9,95.31506315063159
2026-09-26,3,wk inc rsv hosp,2026-10-17,34,quantile,0.95,124.24654546545474
2026-09-26,3,wk inc rsv hosp,2026-10-17,34,quantile,0.975,148.49075615756146
2026-09-26,3,wk inc rsv hosp,2026-10-17,34,quantile,0.99,182.13002190021845
2026-09-26,3,wk inc rsv hosp,2026-10-17,35,quantile,0.01,0
2026-09-26,3,wk inc rsv hosp,2026-10-17,35,quantile,0.025,0
2026-09-26,3,wk inc rsv hosp,2026-10-17,35,quantile,0.05,0
2026-09-26,3,wk inc rsv hosp,2026-10-17,35,quantile,0.1,0
2026-09-26,3,wk inc rsv hosp,2026-10-17,35,quantile,0.15,0
2026-09-26,3,wk inc rsv hosp,2026-10-17,35,quantile,0.2,0
2026-09-26,3,wk inc rsv hosp,2026-10-17,35,quantile,0.25,0
2026-09-26,3,wk inc rsv hosp,2026-10-17,35,quantile,0.3,0
2026-09-26,3,wk inc rsv hosp,2026-10-17,35,quantile,0.35,0
2026-09-26,3,wk inc rsv hosp,2026-10-17,35,quantile,0.4,0
2026-09-26,3,wk inc rsv hosp,2026-10-17,35,quantile,0.45,0
2026-09-26,3,wk inc rsv hosp,2026-10-17,35,quantile,0.5,4.100041000372201e-4
2026-09-26,3,wk inc rsv hosp,2026-10-17,35,quantile,0.55,1.4952849528495253
2026-09-26,3,wk inc rsv hosp,2026-10-17,35,quantile,0.6,2.4952849528495253
2026-09-26,3,wk inc rsv hosp,2026-10-17,35,quantile,0.65,4.495284952849525
2026-09-26,3,wk inc rsv hosp,2026-10-17,35,quantile,0.7,7.194628946289424
2026-09-26,3,wk inc rsv hosp,2026-10-17,35,quantile,0.75,10.590098400984063
2026-09-26,3,wk inc rsv hosp,2026-10-17,35,quantile,0.8,14.693808938089447
2026-09-26,3,wk inc rsv hosp,2026-10-17,35,quantile,0.85,20.751373513735107
2026-09-26,3,wk inc rsv hosp,2026-10-17,35,quantile,0.9,27.25715457154573
2026-09-26,3,wk inc rsv hosp,2026-10-17,35,quantile,0.95,36.83456334563341
2026-09-26,3,wk inc rsv hosp,2026-10-17,35,quantile,0.975,49.426035260352535
2026-09-26,3,wk inc rsv hosp,2026-10-17,35,quantile,0.99,65.09047560475548
2026-09-26,3,wk inc rsv hosp,2026-10-17,36,quantile,0.01,0
2026-09-26,3,wk inc rsv hosp,2026-10-17,36,quantile,0.025,0
2026-09-26,3,wk inc rsv hosp,2026-10-17,36,quantile,0.05,0
2026-09-26,3,wk inc rsv hosp,2026-10-17,36,quantile,0.1,0
2026-09-26,3,wk inc rsv hosp,2026-10-17,36,quantile,0.15,0
2026-09-26,3,wk inc rsv hosp,2026-10-17,36,quantile,0.2,0
2026-09-26,3,wk inc rsv hosp,2026-10-17,36,quantile,0.25,0
2026-09-26,3,wk inc rsv hosp,2026-10-17,36,quantile,0.3,0
2026-09-26,3,wk inc rsv hosp,2026-10-17,36,quantile,0.35,7.0693096930968835
2026-09-26,3,wk inc rsv hosp,2026-10-17,36,quantile,0.4,15.556310563105619
2026-09-26,3,wk inc rsv hosp,2026-10-17,36,quantile,0.45,23.529332793327924
2026-09-26,3,wk inc rsv hosp,2026-10-17,36,quantile,0.5,30
2026-09-26,3,wk inc rsv hosp,2026-10-17,36,quantile,0.55,37.394970449704495
2026-09-26,3,wk inc rsv hosp,2026-10-17,36,quantile,0.6,45.88867188671885
2026-09-26,3,wk inc rsv hosp,2026-10-17,36,quantile,0.65,57.24505295052958
2026-09-26,3,wk inc rsv hosp,2026-10-17,36,quantile,0.7,71.5502985029849
2026-09-26,3,wk inc rsv hosp,2026-10-17,36,quantile,0.75,89.3728362283622
2026-09-26,3,wk inc rsv hosp,2026-10-17,36,quantile,0.8,109.01456514565142
2026-09-26,3,wk inc rsv hosp,2026-10-17,36,quantile,0.85,131.43981639816386
2026-09-26,3,wk inc rsv hosp,2026-10-17,36,quantile,0.9,165.81918519185191
2026-09-26,3,wk inc rsv hosp,2026-10-17,36,quantile,0.95,214.22835778357745
2026-09-26,3,wk inc rsv hosp,2026-10-17,36,quantile,0.975,263.50009825098243
2026-09-26,3,wk inc rsv hosp,2026-10-17,36,quantile,0.99,326.66564905649483
2026-09-26,3,wk inc rsv hosp,2026-10-17,37,quantile,0.01,0
2026-09-26,3,wk inc rsv hosp,2026-10-17,37,quantile,0.025,0
2026-09-26,3,wk inc rsv hosp,2026-10-17,37,quantile,0.05,0
2026-09-26,3,wk inc rsv hosp,2026-10-17,37,quantile,0.1,0
2026-09-26,3,wk inc rsv hosp,2026-10-17,37,quantile,0.15,0
2026-09-26,3,wk inc rsv hosp,2026-10-17,37,quantile,0.2,0
2026-09-26,3,wk inc rsv hosp,2026-10-17,37,quantile,0.25,0
2026-09-26,3,wk inc rsv hosp,2026-10-17,37,quantile,0.3,0
2026-09-26,3,wk inc rsv hosp,2026-10-17,37,quantile,0.35,0
2026-09-26,3,wk inc rsv hosp,2026-10-17,37,quantile,0.4,0
2026-09-26,3,wk inc rsv hosp,2026-10-17,37,quantile,0.45,0.05986109861098957
2026-09-26,3,wk inc rsv hosp,2026-10-17,37,quantile,0.5,6
2026-09-26,3,wk inc rsv hosp,2026-10-17,37,quantile,0.55,12.316867668676707
2026-09-26,3,wk inc rsv hosp,2026-10-17,37,quantile,0.6,18.986748867488682
2026-09-26,3,wk inc rsv hosp,2026-10-17,37,quantile,0.65,26.32927579275794
2026-09-26,3,wk inc rsv hosp,2026-10-17,37,quantile,0.7,34.49863198631985
2026-09-26,3,wk inc rsv hosp,2026-10-17,37,quantile,0.75,44.22314973149732
2026-09-26,3,wk inc rsv hosp,2026-10-17,37,quantile,0.8,57.05579755797562
2026-09-26,3,wk inc rsv hosp,2026-10-17,37,quantile,0.85,74.92028620286204
2026-09-26,3,wk inc rsv hosp,2026-10-17,37,quantile,0.9,102.1746377463775
2026-09-26,3,wk inc rsv hosp,2026-10-17,37,quantile,0.95,148.15055050550566
2026-09-26,3,wk inc rsv hosp,2026-10-17,37,quantile,0.975,188.76000210002098
2026-09-26,3,wk inc rsv hosp,2026-10-17,37,quantile,0.99,228.82183361833577
2026-09-26,3,wk inc rsv hosp,2026-10-17,38,quantile,0.01,0
2026-09-26,3,wk inc rsv hosp,2026-10-17,38,quantile,0.025,0
2026-09-26,3,wk inc rsv hosp,2026-10-17,38,quantile,0.05,0
2026-09-26,3,wk inc rsv hosp,2026-10-17,38,quantile,0.1,0
2026-09-26,3,wk inc rsv hosp,2026-10-17,38,quantile,0.15,0
2026-09-26,3,wk inc rsv hosp,2026-10-17,38,quantile,0.2,0
2026-09-26,3,wk inc rsv hosp,2026-10-17,38,quantile,0.25,0
2026-09-26,3,wk inc rsv hosp,2026-10-17,38,quantile,0.3,0
2026-09-26,3,wk inc rsv hosp,2026-10-17,38,quantile,0.35,0
2026-09-26,3,wk inc rsv hosp,2026-10-17,38,quantile,0.4,0
2026-09-26,3,wk inc rsv hosp,2026-10-17,38,quantile,0.45,0
2026-09-26,3,wk inc rsv hosp,2026-10-17,38,quantile,0.5,1.0000100001406054e-5
2026-09-26,3,wk inc rsv hosp,2026-10-17,38,quantile,0.55,0.7854878548785464
2026-09-26,3,wk inc rsv hosp,2026-10-17,38,quantile,0.6,1.597365973659727
2026-09-26,3,wk inc rsv hosp,2026-10-17,38,quantile,0.65,1.7854878548785464
2026-09-26,3,wk inc rsv hosp,2026-10-17,38,quantile,0.7,2.7854878548785464
2026-09-26,3,wk inc rsv hosp,2026-10-17,38,quantile,0.75,3.7854878548785464
2026-09-26,3,wk inc rsv hosp,2026-10-17,38,quantile,0.8,5.194305943059432
2026-09-26,3,wk inc rsv hosp,2026-10-17,38,quantile,0.85,6.7854878548785464
2026-09-26,3,wk inc rsv hosp,2026-10-17,38,quantile,0.9,8.785487854878546
2026-09-26,3,wk inc rsv hosp,2026-10-17,38,quantile,0.95,12.059330093300915
2026-09-26,3,wk inc rsv hosp,2026-10-17,38,quantile,0.975,15.785487854878546
2026-09-26,3,wk inc rsv hosp,2026-10-17,38,quantile,0.99,19.138132081320755
2026-09-26,3,wk inc rsv hosp,2026-10-17,39,quantile,0.01,0
2026-09-26,3,wk inc rsv hosp,2026-10-17,39,quantile,0.025,0
2026-09-26,3,wk inc rsv hosp,2026-10-17,39,quantile,0.05,0
2026-09-26,3,wk inc rsv hosp,2026-10-17,39,quantile,0.1,0
2026-09-26,3,wk inc rsv hosp,2026-10-17,39,quantile,0.15,0
2026-09-26,3,wk inc rsv hosp,2026-10-17,39,quantile,0.2,0
2026-09-26,3,wk inc rsv hosp,2026-10-17,39,quantile,0.25,0
2026-09-26,3,wk inc rsv hosp,2026-10-17,39,quantile,0.3,0
2026-09-26,3,wk inc rsv hosp,2026-10-17,39,quantile,0.35,0
2026-09-26,3,wk inc rsv hosp,2026-10-17,39,quantile,0.4,0
2026-09-26,3,wk inc rsv hosp,2026-10-17,39,quantile,0.45,1
2026-09-26,3,wk inc rsv hosp,2026-10-17,39,quantile,0.5,5
2026-09-26,3,wk inc rsv hosp,2026-10-17,39,quantile,0.55,9
2026-09-26,3,wk inc rsv hosp,2026-10-17,39,quantile,0.6,14.216554165541666
2026-09-26,3,wk inc rsv hosp,2026-10-17,39,quantile,0.65,20.792562925629255
2026-09-26,3,wk inc rsv hosp,2026-10-17,39,quantile,0.7,29
2026-09-26,3,wk inc rsv hosp,2026-10-17,39,quantile,0.75,40
2026-09-26,3,wk inc rsv hosp,2026-10-17,39,quantile,0.8,52.46437464374638
2026-09-26,3,wk inc rsv hosp,2026-10-17,39,quantile,0.85,68.38477784777848
2026-09-26,3,wk inc rsv hosp,2026-10-17,39,quantile,0.9,93.05173851738519
2026-09-26,3,wk inc rsv hosp,2026-10-17,39,quantile,0.95,146.21215762157541
2026-09-26,3,wk inc rsv hosp,2026-10-17,39,quantile,0.975,193.11711967119768
2026-09-26,3,wk inc rsv hosp,2026-10-17,39,quantile,0.99,227.2548537485371
2026-09-26,3,wk inc rsv hosp,2026-10-17,40,quantile,0.01,0
2026-09-26,3,wk inc rsv hosp,2026-10-17,40,quantile,0.025,0
2026-09-26,3,wk inc rsv hosp,2026-10-17,40,quantile,0.05,0
2026-09-26,3,wk inc rsv hosp,2026-10-17,40,quantile,0.1,0
2026-09-26,3,wk inc rsv hosp,2026-10-17,40,quantile,0.15,0
2026-09-26,3,wk inc rsv hosp,2026-10-17,40,quantile,0.2,0
2026-09-26,3,wk inc rsv hosp,2026-10-17,40,quantile,0.25,0
2026-09-26,3,wk inc rsv hosp,2026-10-17,40,quantile,0.3,0
2026-09-26,3,wk inc rsv hosp,2026-10-17,40,quantile,0.35,0
2026-09-26,3,wk inc rsv hosp,2026-10-17,40,quantile,0.4,0
2026-09-26,3,wk inc rsv hosp,2026-10-17,40,quantile,0.45,1
2026-09-26,3,wk inc rsv hosp,2026-10-17,40,quantile,0.5,2
2026-09-26,3,wk inc rsv hosp,2026-10-17,40,quantile,0.55,4
2026-09-26,3,wk inc rsv hosp,2026-10-17,40,quantile,0.6,6.01999819998198
2026-09-26,3,wk inc rsv hosp,2026-10-17,40,quantile,0.65,9
2026-09-26,3,wk inc rsv hosp,2026-10-17,40,quantile,0.7,12
2026-09-26,3,wk inc rsv hosp,2026-10-17,40,quantile,0.75,15.214007140071402
2026-09-26,3,wk inc rsv hosp,2026-10-17,40,quantile,0.8,19
2026-09-26,3,wk inc rsv hosp,2026-10-17,40,quantile,0.85,23.615634656346522
2026-09-26,3,wk inc rsv hosp,2026-10-17,40,quantile,0.9,30.079359793597938
2026-09-26,3,wk inc rsv hosp,2026-10-17,40,quantile,0.95,40.65169501695008
2026-09-26,3,wk inc rsv hosp,2026-10-17,40,quantile,0.975,49.517779677796774
2026-09-26,3,wk inc rsv hosp,2026-10-17,40,quantile,0.99,60.399905499055016
2026-09-26,3,wk inc rsv hosp,2026-10-17,41,quantile,0.01,0
2026-09-26,3,wk inc rsv hosp,2026-10-17,41,quantile,0.025,0
2026-09-26,3,wk inc rsv hosp,2026-10-17,41,quantile,0.05,0
2026-09-26,3,wk inc rsv hosp,2026-10-17,41,quantile,0.1,0
2026-09-26,3,wk inc rsv hosp,2026-10-17,41,quantile,0.15,0
2026-09-26,3,wk inc rsv hosp,2026-10-17,41,quantile,0.2,0
2026-09-26,3,wk inc rsv hosp,2026-10-17,41,quantile,0.25,0
2026-09-26,3,wk inc rsv hosp,2026-10-17,41,quantile,0.3,0
2026-09-26,3,wk inc rsv hosp,2026-10-17,41,quantile,0.35,0
2026-09-26,3,wk inc rsv hosp,2026-10-17,41,quantile,0.4,0
2026-09-26,3,wk inc rsv hosp,2026-10-17,41,quantile,0.45,0
2026-09-26,3,wk inc rsv hosp,2026-10-17,41,quantile,0.5,1
2026-09-26,3,wk inc rsv hosp,2026-10-17,41,quantile,0.55,2.07838128381284
2026-09-26,3,wk inc rsv hosp,2026-10-17,41,quantile,0.6,4
2026-09-26,3,wk inc rsv hosp,2026-10-17,41,quantile,0.65,6.179866298662998
2026-09-26,3,wk inc rsv hosp,2026-10-17,41,quantile,0.7,9
2026-09-26,3,wk inc rsv hosp,2026-10-17,41,quantile,0.75,13
2026-09-26,3,wk inc rsv hosp,2026-10-17,41,quantile,0.8,17.326305263052724
2026-09-26,3,wk inc rsv hosp,2026-10-17,41,quantile,0.85,24.685976359763593
2026-09-26,3,wk inc rsv hosp,2026-10-17,41,quantile,0.9,34.760923609236244
2026-09-26,3,wk inc rsv hosp,2026-10-17,41,quantile,0.95,48
2026-09-26,3,wk inc rsv hosp,2026-10-17,41,quantile,0.975,58
2026-09-26,3,wk inc rsv hosp,2026-10-17,41,quantile,0.99,70.60589055890532
2026-09-26,3,wk inc rsv hosp,2026-10-17,42,quantile,0.01,0
2026-09-26,3,wk inc rsv hosp,2026-10-17,42,quantile,0.025,0
2026-09-26,3,wk inc rsv hosp,2026-10-17,42,quantile,0.05,0
2026-09-26,3,wk inc rsv hosp,2026-10-17,42,quantile,0.1,0
2026-09-26,3,wk inc rsv hosp,2026-10-17,42,quantile,0.15,0
2026-09-26,3,wk inc rsv hosp,2026-10-17,42,quantile,0.2,0
2026-09-26,3,wk inc rsv hosp,2026-10-17,42,quantile,0.25,0
2026-09-26,3,wk inc rsv hosp,2026-10-17,42,quantile,0.3,0
2026-09-26,3,wk inc rsv hosp,2026-10-17,42,quantile,0.35,9.759684096840944
2026-09-26,3,wk inc rsv hosp,2026-10-17,42,quantile,0.4,20
2026-09-26,3,wk inc rsv hosp,2026-10-17,42,quantile,0.45,29.16750217502176
2026-09-26,3,wk inc rsv hosp,2026-10-17,42,quantile,0.5,38
2026-09-26,3,wk inc rsv hosp,2026-10-17,42,quantile,0.55,47
2026-09-26,3,wk inc rsv hosp,2026-10-17,42,quantile,0.6,57.37567575675756
2026-09-26,3,wk inc rsv hosp,2026-10-17,42,quantile,0.65,69.6848978489785
2026-09-26,3,wk inc rsv hosp,2026-10-17,42,quantile,0.7,83.88946989469895
2026-09-26,3,wk inc rsv hosp,2026-10-17,42,quantile,0.75,99.4861473614736
2026-09-26,3,wk inc rsv hosp,2026-10-17,42,quantile,0.8,116.58444184441856
2026-09-26,3,wk inc rsv hosp,2026-10-17,42,quantile,0.85,138.41670416704156
2026-09-26,3,wk inc rsv hosp,2026-10-17,42,quantile,0.9,170.45905859058584
2026-09-26,3,wk inc rsv hosp,2026-10-17,42,quantile,0.95,240.5036270362711
2026-09-26,3,wk inc rsv hosp,2026-10-17,42,quantile,0.975,319.4883666336679
2026-09-26,3,wk inc rsv hosp,2026-10-17,42,quantile,0.99,415.7250946509436
2026-09-26,3,wk inc rsv hosp,2026-10-17,44,quantile,0.01,0
2026-09-26,3,wk inc rsv hosp,2026-10-17,44,quantile,0.025,0
2026-09-26,3,wk inc rsv hosp,2026-10-17,44,quantile,0.05,0
2026-09-26,3,wk inc rsv hosp,2026-10-17,44,quantile,0.1,0
2026-09-26,3,wk inc rsv hosp,2026-10-17,44,quantile,0.15,0
2026-09-26,3,wk inc rsv hosp,2026-10-17,44,quantile,0.2,0
2026-09-26,3,wk inc rsv hosp,2026-10-17,44,quantile,0.25,0
2026-09-26,3,wk inc rsv hosp,2026-10-17,44,quantile,0.3,0
2026-09-26,3,wk inc rsv hosp,2026-10-17,44,quantile,0.35,0
2026-09-26,3,wk inc rsv hosp,2026-10-17,44,quantile,0.4,0.8923219232192345
2026-09-26,3,wk inc rsv hosp,2026-10-17,44,quantile,0.45,1.9827498274982738
2026-09-26,3,wk inc rsv hosp,2026-10-17,44,quantile,0.5,3
2026-09-26,3,wk inc rsv hosp,2026-10-17,44,quantile,0.55,4.1765212652126635
2026-09-26,3,wk inc rsv hosp,2026-10-17,44,quantile,0.6,5.661471614716128
2026-09-26,3,wk inc rsv hosp,2026-10-17,44,quantile,0.65,6.792372923729232
2026-09-26,3,wk inc rsv hosp,2026-10-17,44,quantile,0.7,7.792372923729232
2026-09-26,3,wk inc rsv hosp,2026-10-17,44,quantile,0.75,9.792372923729232
2026-09-26,3,wk inc rsv hosp,2026-10-17,44,quantile,0.8,11.792372923729232
2026-09-26,3,wk inc rsv hosp,2026-10-17,44,quantile,0.85,14.410978609786094
2026-09-26,3,wk inc rsv hosp,2026-10-17,44,quantile,0.9,17.792372923729232
2026-09-26,3,wk inc rsv hosp,2026-10-17,44,quantile,0.95,23.653898038980362
2026-09-26,3,wk inc rsv hosp,2026-10-17,44,quantile,0.975,29.792372923729232
2026-09-26,3,wk inc rsv hosp,2026-10-17,44,quantile,0.99,36.30839088390884
2026-09-26,3,wk inc rsv hosp,2026-10-17,45,quantile,0.01,0
2026-09-26,3,wk inc rsv hosp,2026-10-17,45,quantile,0.025,0
2026-09-26,3,wk inc rsv hosp,2026-10-17,45,quantile,0.05,0
2026-09-26,3,wk inc rsv hosp,2026-10-17,45,quantile,0.1,0
2026-09-26,3,wk inc rsv hosp,2026-10-17,45,quantile,0.15,0
2026-09-26,3,wk inc rsv hosp,2026-10-17,45,quantile,0.2,0
2026-09-26,3,wk inc rsv hosp,2026-10-17,45,quantile,0.25,0
2026-09-26,3,wk inc rsv hosp,2026-10-17,45,quantile,0.3,0
2026-09-26,3,wk inc rsv hosp,2026-10-17,45,quantile,0.35,0
2026-09-26,3,wk inc rsv hosp,2026-10-17,45,quantile,0.4,0.30672806728065893
2026-09-26,3,wk inc rsv hosp,2026-10-17,45,quantile,0.45,3.306728067280659
2026-09-26,3,wk inc rsv hosp,2026-10-17,45,quantile,0.5,6
2026-09-26,3,wk inc rsv hosp,2026-10-17,45,quantile,0.55,8.805063550635495
2026-09-26,3,wk inc rsv hosp,2026-10-17,45,quantile,0.6,12.26308163081628
2026-09-26,3,wk inc rsv hosp,2026-10-17,45,quantile,0.65,16.030533305333023
2026-09-26,3,wk inc rsv hosp,2026-10-17,45,quantile,0.7,20.601824018240173
2026-09-26,3,wk inc rsv hosp,2026-10-17,45,quantile,0.75,26.30672806728066
2026-09-26,3,wk inc rsv hosp,2026-10-17,45,quantile,0.8,32.73632836328361
2026-09-26,3,wk inc rsv hosp,2026-10-17,45,quantile,0.85,40.338088880888805
2026-09-26,3,wk inc rsv hosp,2026-10-17,45,quantile,0.9,50.715567155671565
2026-09-26,3,wk inc rsv hosp,2026-10-17,45,quantile,0.95,70.4968189681888
2026-09-26,3,wk inc rsv hosp,2026-10-17,45,quantile,0.975,95.44903249032434
2026-09-26,3,wk inc rsv hosp,2026-10-17,45,quantile,0.99,129.10231292312892
2026-09-26,3,wk inc rsv hosp,2026-10-17,46,quantile,0.01,0
2026-09-26,3,wk inc rsv hosp,2026-10-17,46,quantile,0.025,0
2026-09-26,3,wk inc rsv hosp,2026-10-17,46,quantile,0.05,0
2026-09-26,3,wk inc rsv hosp,2026-10-17,46,quantile,0.1,0
2026-09-26,3,wk inc rsv hosp,2026-10-17,46,quantile,0.15,0
2026-09-26,3,wk inc rsv hosp,2026-10-17,46,quantile,0.2,0
2026-09-26,3,wk inc rsv hosp,2026-10-17,46,quantile,0.25,0
2026-09-26,3,wk inc rsv hosp,2026-10-17,46,quantile,0.3,0
2026-09-26,3,wk inc rsv hosp,2026-10-17,46,quantile,0.35,0
2026-09-26,3,wk inc rsv hosp,2026-10-17,46,quantile,0.4,0
2026-09-26,3,wk inc rsv hosp,2026-10-17,46,quantile,0.45,1
2026-09-26,3,wk inc rsv hosp,2026-10-17,46,quantile,0.5,1
2026-09-26,3,wk inc rsv hosp,2026-10-17,46,quantile,0.55,2
2026-09-26,3,wk inc rsv hosp,2026-10-17,46,quantile,0.6,2.0489604896048945
2026-09-26,3,wk inc rsv hosp,2026-10-17,46,quantile,0.65,3
2026-09-26,3,wk inc rsv hosp,2026-10-17,46,quantile,0.7,4
2026-09-26,3,wk inc rsv hosp,2026-10-17,46,quantile,0.75,5.053640536405339
2026-09-26,3,wk inc rsv hosp,2026-10-17,46,quantile,0.8,7
2026-09-26,3,wk inc rsv hosp,2026-10-17,46,quantile,0.85,9
2026-09-26,3,wk inc rsv hosp,2026-10-17,46,quantile,0.9,11.30288002880027
2026-09-26,3,wk inc rsv hosp,2026-10-17,46,quantile,0.95,15
2026-09-26,3,wk inc rsv hosp,2026-10-17,46,quantile,0.975,17.98023805238052
2026-09-26,3,wk inc rsv hosp,2026-10-17,46,quantile,0.99,21.88417784177835
2026-09-26,3,wk inc rsv hosp,2026-10-17,47,quantile,0.01,0
2026-09-26,3,wk inc rsv hosp,2026-10-17,47,quantile,0.025,0
2026-09-26,3,wk inc rsv hosp,2026-10-17,47,quantile,0.05,0
2026-09-26,3,wk inc rsv hosp,2026-10-17,47,quantile,0.1,0
2026-09-26,3,wk inc rsv hosp,2026-10-17,47,quantile,0.15,0
2026-09-26,3,wk inc rsv hosp,2026-10-17,47,quantile,0.2,0
2026-09-26,3,wk inc rsv hosp,2026-10-17,47,quantile,0.25,0
2026-09-26,3,wk inc rsv hosp,2026-10-17,47,quantile,0.3,0
2026-09-26,3,wk inc rsv hosp,2026-10-17,47,quantile,0.35,0
2026-09-26,3,wk inc rsv hosp,2026-10-17,47,quantile,0.4,0
2026-09-26,3,wk inc rsv hosp,2026-10-17,47,quantile,0.45,0.6400164001640125
2026-09-26,3,wk inc rsv hosp,2026-10-17,47,quantile,0.5,4
2026-09-26,3,wk inc rsv hosp,2026-10-17,47,quantile,0.55,7.410188601886016
2026-09-26,3,wk inc rsv hosp,2026-10-17,47,quantile,0.6,11.35489954899549
2026-09-26,3,wk inc rsv hosp,2026-10-17,47,quantile,0.65,15.798831488314875
2026-09-26,3,wk inc rsv hosp,2026-10-17,47,quantile,0.7,21
2026-09-26,3,wk inc rsv hosp,2026-10-17,47,quantile,0.75,27.46627716277164
2026-09-26,3,wk inc rsv hosp,2026-10-17,47,quantile,0.8,35.21451414514144
2026-09-26,3,wk inc rsv hosp,2026-10-17,47,quantile,0.85,45.93581385813856
2026-09-26,3,wk inc rsv hosp,2026-10-17,47,quantile,0.9,61.44686346863475
2026-09-26,3,wk inc rsv hosp,2026-10-17,47,quantile,0.95,84.93577285772855
2026-09-26,3,wk inc rsv hosp,2026-10-17,47,quantile,0.975,112.34384993849932
2026-09-26,3,wk inc rsv hosp,2026-10-17,47,quantile,0.99,146.84174251742627
2026-09-26,3,wk inc rsv hosp,2026-10-17,48,quantile,0.01,0
2026-09-26,3,wk inc rsv hosp,2026-10-17,48,quantile,0.025,0
2026-09-26,3,wk inc rsv hosp,2026-10-17,48,quantile,0.05,0
2026-09-26,3,wk inc rsv hosp,2026-10-17,48,quantile,0.1,0
2026-09-26,3,wk inc rsv hosp,2026-10-17,48,quantile,0.15,0
2026-09-26,3,wk inc rsv hosp,2026-10-17,48,quantile,0.2,0
2026-09-26,3,wk inc rsv hosp,2026-10-17,48,quantile,0.25,0
2026-09-26,3,wk inc rsv hosp,2026-10-17,48,quantile,0.3,7.7352023520235065
2026-09-26,3,wk inc rsv hosp,2026-10-17,48,quantile,0.35,18.768034680346776
2026-09-26,3,wk inc rsv hosp,2026-10-17,48,quantile,0.4,29.69369993699939
2026-09-26,3,wk inc rsv hosp,2026-10-17,48,quantile,0.45,37.73520235202351
2026-09-26,3,wk inc rsv hosp,2026-10-17,48,quantile,0.5,44
2026-09-26,3,wk inc rsv hosp,2026-10-17,48,quantile,0.55,51.69750997509972
2026-09-26,3,wk inc rsv hosp,2026-10-17,48,quantile,0.6,61.14325443254431
2026-09-26,3,wk inc rsv hosp,2026-10-17,48,quantile,0.65,72.4866978669787
2026-09-26,3,wk inc rsv hosp,2026-10-17,48,quantile,0.7,86.27085170851696
2026-09-26,3,wk inc rsv hosp,2026-10-17,48,quantile,0.75,103.17807428074278
2026-09-26,3,wk inc rsv hosp,2026-10-17,48,quantile,0.8,121.60563105631061
2026-09-26,3,wk inc rsv hosp,2026-10-17,48,quantile,0.85,148.4557795577956
2026-09-26,3,wk inc rsv hosp,2026-10-17,48,quantile,0.9,182.73619236192354
2026-09-26,3,wk inc rsv hosp,2026-10-17,48,quantile,0.95,231.715448654486
2026-09-26,3,wk inc rsv hosp,2026-10-17,48,quantile,0.975,286.91828068280626
2026-09-26,3,wk inc rsv hosp,2026-10-17,48,quantile,0.99,384.31268082680833
2026-09-26,3,wk inc rsv hosp,2026-10-17,49,quantile,0.01,0
2026-09-26,3,wk inc rsv hosp,2026-10-17,49,quantile,0.025,0
2026-09-26,3,wk inc rsv hosp,2026-10-17,49,quantile,0.05,0
2026-09-26,3,wk inc rsv hosp,2026-10-17,49,quantile,0.1,0
2026-09-26,3,wk inc rsv hosp,2026-10-17,49,quantile,0.15,0
2026-09-26,3,wk inc rsv hosp,2026-10-17,49,quantile,0.2,0
2026-09-26,3,wk inc rsv hosp,2026-10-17,49,quantile,0.25,0
2026-09-26,3,wk inc rsv hosp,2026-10-17,49,quantile,0.3,0
2026-09-26,3,wk inc rsv hosp,2026-10-17,49,quantile,0.35,0
2026-09-26,3,wk inc rsv hosp,2026-10-17,49,quantile,0.4,0
2026-09-26,3,wk inc rsv hosp,2026-10-17,49,quantile,0.45,0
2026-09-26,3,wk inc rsv hosp,2026-10-17,49,quantile,0.5,1
2026-09-26,3,wk inc rsv hosp,2026-10-17,49,quantile,0.55,2.6484534845347656
2026-09-26,3,wk inc rsv hosp,2026-10-17,49,quantile,0.6,4
2026-09-26,3,wk inc rsv hosp,2026-10-17,49,quantile,0.65,5.927669276692782
2026-09-26,3,wk inc rsv hosp,2026-10-17,49,quantile,0.7,7.737167371673708
2026-09-26,3,wk inc rsv hosp,2026-10-17,49,quantile,0.75,10
2026-09-26,3,wk inc rsv hosp,2026-10-17,49,quantile,0.8,13.205226052260555
2026-09-26,3,wk inc rsv hosp,2026-10-17,49,quantile,0.85,19.40983559835594
2026-09-26,3,wk inc rsv hosp,2026-10-17,49,quantile,0.9,31.998100981009866
2026-09-26,3,wk inc rsv hosp,2026-10-17,49,quantile,0.95,49.01363063630636
2026-09-26,3,wk inc rsv hosp,2026-10-17,49,quantile,0.975,57
2026-09-26,3,wk inc rsv hosp,2026-10-17,49,quantile,0.99,67.85182581825813
2026-09-26,3,wk inc rsv hosp,2026-10-17,50,quantile,0.01,0
2026-09-26,3,wk inc rsv hosp,2026-10-17,50,quantile,0.025,0
2026-09-26,3,wk inc rsv hosp,2026-10-17,50,quantile,0.05,0
2026-09-26,3,wk inc rsv hosp,2026-10-17,50,quantile,0.1,0
2026-09-26,3,wk inc rsv hosp,2026-10-17,50,quantile,0.15,0
2026-09-26,3,wk inc rsv hosp,2026-10-17,50,quantile,0.2,0
2026-09-26,3,wk inc rsv hosp,2026-10-17,50,quantile,0.25,0
2026-09-26,3,wk inc rsv hosp,2026-10-17,50,quantile,0.3,0
2026-09-26,3,wk inc rsv hosp,2026-10-17,50,quantile,0.35,0
2026-09-26,3,wk inc rsv hosp,2026-10-17,50,quantile,0.4,0
2026-09-26,3,wk inc rsv hosp,2026-10-17,50,quantile,0.45,1
2026-09-26,3,wk inc rsv hosp,2026-10-17,50,quantile,0.5,1
2026-09-26,3,wk inc rsv hosp,2026-10-17,50,quantile,0.55,2
2026-09-26,3,wk inc rsv hosp,2026-10-17,50,quantile,0.6,2.690076900769004
2026-09-26,3,wk inc rsv hosp,2026-10-17,50,quantile,0.65,3
2026-09-26,3,wk inc rsv hosp,2026-10-17,50,quantile,0.7,4
2026-09-26,3,wk inc rsv hosp,2026-10-17,50,quantile,0.75,5
2026-09-26,3,wk inc rsv hosp,2026-10-17,50,quantile,0.8,6
2026-09-26,3,wk inc rsv hosp,2026-10-17,50,quantile,0.85,7
2026-09-26,3,wk inc rsv hosp,2026-10-17,50,quantile,0.9,9
2026-09-26,3,wk inc rsv hosp,2026-10-17,50,quantile,0.95,12
2026-09-26,3,wk inc rsv hosp,2026-10-17,50,quantile,0.975,14
2026-09-26,3,wk inc rsv hosp,2026-10-17,50,quantile,0.99,17
2026-09-26,3,wk inc rsv hosp,2026-10-17,51,quantile,0.01,0
2026-09-26,3,wk inc rsv hosp,2026-10-17,51,quantile,0.025,0
2026-09-26,3,wk inc rsv hosp,2026-10-17,51,quantile,0.05,0
2026-09-26,3,wk inc rsv hosp,2026-10-17,51,quantile,0.1,0
2026-09-26,3,wk inc rsv hosp,2026-10-17,51,quantile,0.15,0
2026-09-26,3,wk inc rsv hosp,2026-10-17,51,quantile,0.2,0
2026-09-26,3,wk inc rsv hosp,2026-10-17,51,quantile,0.25,0
2026-09-26,3,wk inc rsv hosp,2026-10-17,51,quantile,0.3,0
2026-09-26,3,wk inc rsv hosp,2026-10-17,51,quantile,0.35,0
2026-09-26,3,wk inc rsv hosp,2026-10-17,51,quantile,0.4,1
2026-09-26,3,wk inc rsv hosp,2026-10-17,51,quantile,0.45,3.07353223532236
2026-09-26,3,wk inc rsv hosp,2026-10-17,51,quantile,0.5,5
2026-09-26,3,wk inc rsv hosp,2026-10-17,51,quantile,0.55,7.099969999699999
2026-09-26,3,wk inc rsv hosp,2026-10-17,51,quantile,0.6,10
2026-09-26,3,wk inc rsv hosp,2026-10-17,51,quantile,0.65,13.541071910719133
2026-09-26,3,wk inc rsv hosp,2026-10-17,51,quantile,0.7,17.927423274232737
2026-09-26,3,wk inc rsv hosp,2026-10-17,51,quantile,0.75,23.17989679896793
2026-09-26,3,wk inc rsv hosp,2026-10-17,51,quantile,0.8,29.46462664626648
2026-09-26,3,wk inc rsv hosp,2026-10-17,51,quantile,0.85,36.09832598325985
2026-09-26,3,wk inc rsv hosp,2026-10-17,51,quantile,0.9,46
2026-09-26,3,wk inc rsv hosp,2026-10-17,51,quantile,0.95,67.22964929649292
2026-09-26,3,wk inc rsv hosp,2026-10-17,51,quantile,0.975,108.8799177991761
2026-09-26,3,wk inc rsv hosp,2026-10-17,51,quantile,0.99,141.6102466024655
2026-09-26,3,wk inc rsv hosp,2026-10-17,53,quantile,0.01,0
2026-09-26,3,wk inc rsv hosp,2026-10-17,53,quantile,0.025,0
2026-09-26,3,wk inc rsv hosp,2026-10-17,53,quantile,0.05,0
2026-09-26,3,wk inc rsv hosp,2026-10-17,53,quantile,0.1,0
2026-09-26,3,wk inc rsv hosp,2026-10-17,53,quantile,0.15,0
2026-09-26,3,wk inc rsv hosp,2026-10-17,53,quantile,0.2,0
2026-09-26,3,wk inc rsv hosp,2026-10-17,53,quantile,0.25,0
2026-09-26,3,wk inc rsv hosp,2026-10-17,53,quantile,0.3,0
2026-09-26,3,wk inc rsv hosp,2026-10-17,53,quantile,0.35,0
2026-09-26,3,wk inc rsv hosp,2026-10-17,53,quantile,0.4,0
2026-09-26,3,wk inc rsv hosp,2026-10-17,53,quantile,0.45,0
2026-09-26,3,wk inc rsv hosp,2026-10-17,53,quantile,0.5,1
2026-09-26,3,wk inc rsv hosp,2026-10-17,53,quantile,0.55,3
2026-09-26,3,wk inc rsv hosp,2026-10-17,53,quantile,0.6,5
2026-09-26,3,wk inc rsv hosp,2026-10-17,53,quantile,0.65,7.270125701257021
2026-09-26,3,wk inc rsv hosp,2026-10-17,53,quantile,0.7,10.28847888478882
2026-09-26,3,wk inc rsv hosp,2026-10-17,53,quantile,0.75,13.985052350523496
2026-09-26,3,wk inc rsv hosp,2026-10-17,53,quantile,0.8,17.95053350533507
2026-09-26,3,wk inc rsv hosp,2026-10-17,53,quantile,0.85,22.387278872788713
2026-09-26,3,wk inc rsv hosp,2026-10-17,53,quantile,0.9,28
2026-09-26,3,wk inc rsv hosp,2026-10-17,53,quantile,0.95,38.75644106441058
2026-09-26,3,wk inc rsv hosp,2026-10-17,53,quantile,0.975,50.605834308342715
2026-09-26,3,wk inc rsv hosp,2026-10-17,53,quantile,0.99,66.40709357093614
2026-09-26,3,wk inc rsv hosp,2026-10-17,54,quantile,0.01,0
2026-09-26,3,wk inc rsv hosp,2026-10-17,54,quantile,0.025,0
2026-09-26,3,wk inc rsv hosp,2026-10-17,54,quantile,0.05,0
2026-09-26,3,wk inc rsv hosp,2026-10-17,54,quantile,0.1,0
2026-09-26,3,wk inc rsv hosp,2026-10-17,54,quantile,0.15,0
2026-09-26,3,wk inc rsv hosp,2026-10-17,54,quantile,0.2,0
2026-09-26,3,wk inc rsv hosp,2026-10-17,54,quantile,0.25,0
2026-09-26,3,wk inc rsv hosp,2026-10-17,54,quantile,0.3,0
2026-09-26,3,wk inc rsv hosp,2026-10-17,54,quantile,0.35,0
2026-09-26,3,wk inc rsv hosp,2026-10-17,54,quantile,0.4,0
2026-09-26,3,wk inc rsv hosp,2026-10-17,54,quantile,0.45,0
2026-09-26,3,wk inc rsv hosp,2026-10-17,54,quantile,0.5,2
2026-09-26,3,wk inc rsv hosp,2026-10-17,54,quantile,0.55,4.258359583595847
2026-09-26,3,wk inc rsv hosp,2026-10-17,54,quantile,0.6,7
2026-09-26,3,wk inc rsv hosp,2026-10-17,54,quantile,0.65,9.572347223472217
2026-09-26,3,wk inc rsv hosp,2026-10-17,54,quantile,0.7,12.748333483334816
2026-09-26,3,wk inc rsv hosp,2026-10-17,54,quantile,0.75,16.524277742777407
2026-09-26,3,wk inc rsv hosp,2026-10-17,54,quantile,0.8,20.94401944019442
2026-09-26,3,wk inc rsv hosp,2026-10-17,54,quantile,0.85,26.102253022530213
2026-09-26,3,wk inc rsv hosp,2026-10-17,54,quantile,0.9,33.61122011220112
2026-09-26,3,wk inc rsv hosp,2026-10-17,54,quantile,0.95,45.06575315753154
2026-09-26,3,wk inc rsv hosp,2026-10-17,54,quantile,0.975,54.180988059880576
2026-09-26,3,wk inc rsv hosp,2026-10-17,54,quantile,0.99,66.31735757357572
2026-09-26,3,wk inc rsv hosp,2026-10-17,55,quantile,0.01,0
2026-09-26,3,wk inc rsv hosp,2026-10-17,55,quantile,0.025,0
2026-09-26,3,wk inc rsv hosp,2026-10-17,55,quantile,0.05,0
2026-09-26,3,wk inc rsv hosp,2026-10-17,55,quantile,0.1,0
2026-09-26,3,wk inc rsv hosp,2026-10-17,55,quantile,0.15,0
2026-09-26,3,wk inc rsv hosp,2026-10-17,55,quantile,0.2,0
2026-09-26,3,wk inc rsv hosp,2026-10-17,55,quantile,0.25,0
2026-09-26,3,wk inc rsv hosp,2026-10-17,55,quantile,0.3,0
2026-09-26,3,wk inc rsv hosp,2026-10-17,55,quantile,0.35,0
2026-09-26,3,wk inc rsv hosp,2026-10-17,55,quantile,0.4,0
2026-09-26,3,wk inc rsv hosp,2026-10-17,55,quantile,0.45,0
2026-09-26,3,wk inc rsv hosp,2026-10-17,55,quantile,0.5,4.500045000099817e-5
2026-09-26,3,wk inc rsv hosp,2026-10-17,55,quantile,0.55,2.5299277992780054
2026-09-26,3,wk inc rsv hosp,2026-10-17,55,quantile,0.6,5.73096330963312
2026-09-26,3,wk inc rsv hosp,2026-10-17,55,quantile,0.65,9.457924579245798
2026-09-26,3,wk inc rsv hosp,2026-10-17,55,quantile,0.7,13.457924579245798
2026-09-26,3,wk inc rsv hosp,2026-10-17,55,quantile,0.75,18.457924579245798
2026-09-26,3,wk inc rsv hosp,2026-10-17,55,quantile,0.8,24.457924579245798
2026-09-26,3,wk inc rsv hosp,2026-10-17,55,quantile,0.85,31.365361653616578
2026-09-26,3,wk inc rsv hosp,2026-10-17,55,quantile,0.9,39.14182741827418
2026-09-26,3,wk inc rsv hosp,2026-10-17,55,quantile,0.95,52.717060670606614
2026-09-26,3,wk inc rsv hosp,2026-10-17,55,quantile,0.975,66.4578173281734
2026-09-26,3,wk inc rsv hosp,2026-10-17,55,quantile,0.99,80.13111941119395
2026-09-26,3,wk inc rsv hosp,2026-10-17,56,quantile,0.01,0
2026-09-26,3,wk inc rsv hosp,2026-10-17,56,quantile,0.025,0
2026-09-26,3,wk inc rsv hosp,2026-10-17,56,quantile,0.05,0
2026-09-26,3,wk inc rsv hosp,2026-10-17,56,quantile,0.1,0
2026-09-26,3,wk inc rsv hosp,2026-10-17,56,quantile,0.15,0
2026-09-26,3,wk inc rsv hosp,2026-10-17,56,quantile,0.2,0
2026-09-26,3,wk inc rsv hosp,2026-10-17,56,quantile,0.25,0
2026-09-26,3,wk inc rsv hosp,2026-10-17,56,quantile,0.3,0
2026-09-26,3,wk inc rsv hosp,2026-10-17,56,quantile,0.35,0
2026-09-26,3,wk inc rsv hosp,2026-10-17,56,quantile,0.4,0
2026-09-26,3,wk inc rsv hosp,2026-10-17,56,quantile,0.45,0
2026-09-26,3,wk inc rsv hosp,2026-10-17,56,quantile,0.5,1.1750117501119206e-4
2026-09-26,3,wk inc rsv hosp,2026-10-17,56,quantile,0.55,0.7775527755277576
2026-09-26,3,wk inc rsv hosp,2026-10-17,56,quantile,0.6,1.7775527755277576
2026-09-26,3,wk inc rsv hosp,2026-10-17,56,quantile,0.65,2.489956399564021
2026-09-26,3,wk inc rsv hosp,2026-10-17,56,quantile,0.7,3.5495074950749452
2026-09-26,3,wk inc rsv hosp,2026-10-17,56,quantile,0.75,4.777552775527758
2026-09-26,3,wk inc rsv hosp,2026-10-17,56,quantile,0.8,6.777552775527758
2026-09-26,3,wk inc rsv hosp,2026-10-17,56,quantile,0.85,8.777552775527758
2026-09-26,3,wk inc rsv hosp,2026-10-17,56,quantile,0.9,11.718462184621862
2026-09-26,3,wk inc rsv hosp,2026-10-17,56,quantile,0.95,15.945388453884528
2026-09-26,3,wk inc rsv hosp,2026-10-17,56,quantile,0.975,19.63538235382352
2026-09-26,3,wk inc rsv hosp,2026-10-17,56,quantile,0.99,23.99548645486455
2026-09-26,3,wk inc rsv hosp,2026-10-17,72,quantile,0.01,0
2026-09-26,3,wk inc rsv hosp,2026-10-17,72,quantile,0.025,0
2026-09-26,3,wk inc rsv hosp,2026-10-17,72,quantile,0.05,0
2026-09-26,3,wk inc rsv hosp,2026-10-17,72,quantile,0.1,0
2026-09-26,3,wk inc rsv hosp,2026-10-17,72,quantile,0.15,0
2026-09-26,3,wk inc rsv hosp,2026-10-17,72,quantile,0.2,0
2026-09-26,3,wk inc rsv hosp,2026-10-17,72,quantile,0.25,0
2026-09-26,3,wk inc rsv hosp,2026-10-17,72,quantile,0.3,0
2026-09-26,3,wk inc rsv hosp,2026-10-17,72,quantile,0.35,0
2026-09-26,3,wk inc rsv hosp,2026-10-17,72,quantile,0.4,0
2026-09-26,3,wk inc rsv hosp,2026-10-17,72,quantile,0.45,0
2026-09-26,3,wk inc rsv hosp,2026-10-17,72,quantile,0.5,2
2026-09-26,3,wk inc rsv hosp,2026-10-17,72,quantile,0.55,4.07690126901268
2026-09-26,3,wk inc rsv hosp,2026-10-17,72,quantile,0.6,7.200222002220007
2026-09-26,3,wk inc rsv hosp,2026-10-17,72,quantile,0.65,10.965114151141506
2026-09-26,3,wk inc rsv hosp,2026-10-17,72,quantile,0.7,15
2026-09-26,3,wk inc rsv hosp,2026-10-17,72,quantile,0.75,20.582545825458283
2026-09-26,3,wk inc rsv hosp,2026-10-17,72,quantile,0.8,29.19177991779926
2026-09-26,3,wk inc rsv hosp,2026-10-17,72,quantile,0.85,39
2026-09-26,3,wk inc rsv hosp,2026-10-17,72,quantile,0.9,55.72723127231281
2026-09-26,3,wk inc rsv hosp,2026-10-17,72,quantile,0.95,86.65575555755537
2026-09-26,3,wk inc rsv hosp,2026-10-17,72,quantile,0.975,124.86485464854574
2026-09-26,3,wk inc rsv hosp,2026-10-17,72,quantile,0.99,196.958045180451
2026-09-26,3,wk inc rsv hosp,2026-10-17,US,quantile,0.01,0
2026-09-26,3,wk inc rsv hosp,2026-10-17,US,quantile,0.025,0
2026-09-26,3,wk inc rsv hosp,2026-10-17,US,quantile,0.05,0
2026-09-26,3,wk inc rsv hosp,2026-10-17,US,quantile,0.1,0
2026-09-26,3,wk inc rsv hosp,2026-10-17,US,quantile,0.15,0
2026-09-26,3,wk inc rsv hosp,2026-10-17,US,quantile,0.2,0
2026-09-26,3,wk inc rsv hosp,2026-10-17,US,quantile,0.25,0
2026-09-26,3,wk inc rsv hosp,2026-10-17,US,quantile,0.3,27.238802388023906
2026-09-26,3,wk inc rsv hosp,2026-10-17,US,quantile,0.35,148.26989469894693
2026-09-26,3,wk inc rsv hosp,2026-10-17,US,quantile,0.4,250.79950299503002
2026-09-26,3,wk inc rsv hosp,2026-10-17,US,quantile,0.45,330.04362593625945
2026-09-26,3,wk inc rsv hosp,2026-10-17,US,quantile,0.5,386
2026-09-26,3,wk inc rsv hosp,2026-10-17,US,quantile,0.55,456.61609966099684
2026-09-26,3,wk inc rsv hosp,2026-10-17,US,quantile,0.6,551.8369513695136
2026-09-26,3,wk inc rsv hosp,2026-10-17,US,quantile,0.65,678.3581935819362
2026-09-26,3,wk inc rsv hosp,2026-10-17,US,quantile,0.7,819.0242752427521
2026-09-26,3,wk inc rsv hosp,2026-10-17,US,quantile,0.75,985.3507885078852
2026-09-26,3,wk inc rsv hosp,2026-10-17,US,quantile,0.8,1176.1470384703848
2026-09-26,3,wk inc rsv hosp,2026-10-17,US,quantile,0.85,1453.699171991723
2026-09-26,3,wk inc rsv hosp,2026-10-17,US,quantile,0.9,1811.3221572215718
2026-09-26,3,wk inc rsv hosp,2026-10-17,US,quantile,0.95,2460.33652636526
2026-09-26,3,wk inc rsv hosp,2026-10-17,US,quantile,0.975,3233.0619761197586
2026-09-26,3,wk inc rsv hosp,2026-10-17,US,quantile,0.99,3990.302574125725
2026-09-26,-1,wk inc rsv prop ed visits,2026-09-19,01,quantile,0.01,6e-4
2026-09-26,-1,wk inc rsv prop ed visits,2026-09-19,01,quantile,0.025,6e-4
2026-09-26,-1,wk inc rsv prop ed visits,2026-09-19,01,quantile,0.05,6e-4
2026-09-26,-1,wk inc rsv prop ed visits,2026-09-19,01,quantile,0.1,6e-4
2026-09-26,-1,wk inc rsv prop ed visits,2026-09-19,01,quantile,0.15,6e-4
2026-09-26,-1,wk inc rsv prop ed visits,2026-09-19,01,quantile,0.2,6e-4
2026-09-26,-1,wk inc rsv prop ed visits,2026-09-19,01,quantile,0.25,6e-4
2026-09-26,-1,wk inc rsv prop ed visits,2026-09-19,01,quantile,0.3,6e-4
2026-09-26,-1,wk inc rsv prop ed visits,2026-09-19,01,quantile,0.35,6e-4
2026-09-26,-1,wk inc rsv prop ed visits,2026-09-19,01,quantile,0.4,6e-4
2026-09-26,-1,wk inc rsv prop ed visits,2026-09-19,01,quantile,0.45,6e-4
2026-09-26,-1,wk inc rsv prop ed visits,2026-09-19,01,quantile,0.5,6e-4
2026-09-26,-1,wk inc rsv prop ed visits,2026-09-19,01,quantile,0.55,6e-4
2026-09-26,-1,wk inc rsv prop ed visits,2026-09-19,01,quantile,0.6,6e-4
2026-09-26,-1,wk inc rsv prop ed visits,2026-09-19,01,quantile,0.65,6e-4
2026-09-26,-1,wk inc rsv prop ed visits,2026-09-19,01,quantile,0.7,6e-4
2026-09-26,-1,wk inc rsv prop ed visits,2026-09-19,01,quantile,0.75,6e-4
2026-09-26,-1,wk inc rsv prop ed visits,2026-09-19,01,quantile,0.8,6e-4
2026-09-26,-1,wk inc rsv prop ed visits,2026-09-19,01,quantile,0.85,6e-4
2026-09-26,-1,wk inc rsv prop ed visits,2026-09-19,01,quantile,0.9,6e-4
2026-09-26,-1,wk inc rsv prop ed visits,2026-09-19,01,quantile,0.95,6e-4
2026-09-26,-1,wk inc rsv prop ed visits,2026-09-19,01,quantile,0.975,6e-4
2026-09-26,-1,wk inc rsv prop ed visits,2026-09-19,01,quantile,0.99,6e-4
2026-09-26,-1,wk inc rsv prop ed visits,2026-09-19,02,quantile,0.01,0
2026-09-26,-1,wk inc rsv prop ed visits,2026-09-19,02,quantile,0.025,0
2026-09-26,-1,wk inc rsv prop ed visits,2026-09-19,02,quantile,0.05,0
2026-09-26,-1,wk inc rsv prop ed visits,2026-09-19,02,quantile,0.1,0
2026-09-26,-1,wk inc rsv prop ed visits,2026-09-19,02,quantile,0.15,0
2026-09-26,-1,wk inc rsv prop ed visits,2026-09-19,02,quantile,0.2,0
2026-09-26,-1,wk inc rsv prop ed visits,2026-09-19,02,quantile,0.25,0
2026-09-26,-1,wk inc rsv prop ed visits,2026-09-19,02,quantile,0.3,0
2026-09-26,-1,wk inc rsv prop ed visits,2026-09-19,02,quantile,0.35,0
2026-09-26,-1,wk inc rsv prop ed visits,2026-09-19,02,quantile,0.4,0
2026-09-26,-1,wk inc rsv prop ed visits,2026-09-19,02,quantile,0.45,0
2026-09-26,-1,wk inc rsv prop ed visits,2026-09-19,02,quantile,0.5,0
2026-09-26,-1,wk inc rsv prop ed visits,2026-09-19,02,quantile,0.55,0
2026-09-26,-1,wk inc rsv prop ed visits,2026-09-19,02,quantile,0.6,0
2026-09-26,-1,wk inc rsv prop ed visits,2026-09-19,02,quantile,0.65,0
2026-09-26,-1,wk inc rsv prop ed visits,2026-09-19,02,quantile,0.7,0
2026-09-26,-1,wk inc rsv prop ed visits,2026-09-19,02,quantile,0.75,0
2026-09-26,-1,wk inc rsv prop ed visits,2026-09-19,02,quantile,0.8,0
2026-09-26,-1,wk inc rsv prop ed visits,2026-09-19,02,quantile,0.85,0
2026-09-26,-1,wk inc rsv prop ed visits,2026-09-19,02,quantile,0.9,0
2026-09-26,-1,wk inc rsv prop ed visits,2026-09-19,02,quantile,0.95,0
2026-09-26,-1,wk inc rsv prop ed visits,2026-09-19,02,quantile,0.975,0
2026-09-26,-1,wk inc rsv prop ed visits,2026-09-19,02,quantile,0.99,0
2026-09-26,-1,wk inc rsv prop ed visits,2026-09-19,04,quantile,0.01,1e-4
2026-09-26,-1,wk inc rsv prop ed visits,2026-09-19,04,quantile,0.025,1e-4
2026-09-26,-1,wk inc rsv prop ed visits,2026-09-19,04,quantile,0.05,1e-4
2026-09-26,-1,wk inc rsv prop ed visits,2026-09-19,04,quantile,0.1,1e-4
2026-09-26,-1,wk inc rsv prop ed visits,2026-09-19,04,quantile,0.15,1e-4
2026-09-26,-1,wk inc rsv prop ed visits,2026-09-19,04,quantile,0.2,1e-4
2026-09-26,-1,wk inc rsv prop ed visits,2026-09-19,04,quantile,0.25,1e-4
2026-09-26,-1,wk inc rsv prop ed visits,2026-09-19,04,quantile,0.3,1e-4
2026-09-26,-1,wk inc rsv prop ed visits,2026-09-19,04,quantile,0.35,1e-4
2026-09-26,-1,wk inc rsv prop ed visits,2026-09-19,04,quantile,0.4,1e-4
2026-09-26,-1,wk inc rsv prop ed visits,2026-09-19,04,quantile,0.45,1e-4
2026-09-26,-1,wk inc rsv prop ed visits,2026-09-19,04,quantile,0.5,1e-4
2026-09-26,-1,wk inc rsv prop ed visits,2026-09-19,04,quantile,0.55,1e-4
2026-09-26,-1,wk inc rsv prop ed visits,2026-09-19,04,quantile,0.6,1e-4
2026-09-26,-1,wk inc rsv prop ed visits,2026-09-19,04,quantile,0.65,1e-4
2026-09-26,-1,wk inc rsv prop ed visits,2026-09-19,04,quantile,0.7,1e-4
2026-09-26,-1,wk inc rsv prop ed visits,2026-09-19,04,quantile,0.75,1e-4
2026-09-26,-1,wk inc rsv prop ed visits,2026-09-19,04,quantile,0.8,1e-4
2026-09-26,-1,wk inc rsv prop ed visits,2026-09-19,04,quantile,0.85,1e-4
2026-09-26,-1,wk inc rsv prop ed visits,2026-09-19,04,quantile,0.9,1e-4
2026-09-26,-1,wk inc rsv prop ed visits,2026-09-19,04,quantile,0.95,1e-4
2026-09-26,-1,wk inc rsv prop ed visits,2026-09-19,04,quantile,0.975,1e-4
2026-09-26,-1,wk inc rsv prop ed visits,2026-09-19,04,quantile,0.99,1e-4
2026-09-26,-1,wk inc rsv prop ed visits,2026-09-19,05,quantile,0.01,4e-4
2026-09-26,-1,wk inc rsv prop ed visits,2026-09-19,05,quantile,0.025,4e-4
2026-09-26,-1,wk inc rsv prop ed visits,2026-09-19,05,quantile,0.05,4e-4
2026-09-26,-1,wk inc rsv prop ed visits,2026-09-19,05,quantile,0.1,4e-4
2026-09-26,-1,wk inc rsv prop ed visits,2026-09-19,05,quantile,0.15,4e-4
2026-09-26,-1,wk inc rsv prop ed visits,2026-09-19,05,quantile,0.2,4e-4
2026-09-26,-1,wk inc rsv prop ed visits,2026-09-19,05,quantile,0.25,4e-4
2026-09-26,-1,wk inc rsv prop ed visits,2026-09-19,05,quantile,0.3,4e-4
2026-09-26,-1,wk inc rsv prop ed visits,2026-09-19,05,quantile,0.35,4e-4
2026-09-26,-1,wk inc rsv prop ed visits,2026-09-19,05,quantile,0.4,4e-4
2026-09-26,-1,wk inc rsv prop ed visits,2026-09-19,05,quantile,0.45,4e-4
2026-09-26,-1,wk inc rsv prop ed visits,2026-09-19,05,quantile,0.5,4e-4
2026-09-26,-1,wk inc rsv prop ed visits,2026-09-19,05,quantile,0.55,4e-4
2026-09-26,-1,wk inc rsv prop ed visits,2026-09-19,05,quantile,0.6,4e-4
2026-09-26,-1,wk inc rsv prop ed visits,2026-09-19,05,quantile,0.65,4e-4
2026-09-26,-1,wk inc rsv prop ed visits,2026-09-19,05,quantile,0.7,4e-4
2026-09-26,-1,wk inc rsv prop ed visits,2026-09-19,05,quantile,0.75,4e-4
2026-09-26,-1,wk inc rsv prop ed visits,2026-09-19,05,quantile,0.8,4e-4
2026-09-26,-1,wk inc rsv prop ed visits,2026-09-19,05,quantile,0.85,4e-4
2026-09-26,-1,wk inc rsv prop ed visits,2026-09-19,05,quantile,0.9,4e-4
2026-09-26,-1,wk inc rsv prop ed visits,2026-09-19,05,quantile,0.95,4e-4
2026-09-26,-1,wk inc rsv prop ed visits,2026-09-19,05,quantile,0.975,4e-4
2026-09-26,-1,wk inc rsv prop ed visits,2026-09-19,05,quantile,0.99,4e-4
2026-09-26,-1,wk inc rsv prop ed visits,2026-09-19,06,quantile,0.01,2e-4
2026-09-26,-1,wk inc rsv prop ed visits,2026-09-19,06,quantile,0.025,2e-4
2026-09-26,-1,wk inc rsv prop ed visits,2026-09-19,06,quantile,0.05,2e-4
2026-09-26,-1,wk inc rsv prop ed visits,2026-09-19,06,quantile,0.1,2e-4
2026-09-26,-1,wk inc rsv prop ed visits,2026-09-19,06,quantile,0.15,2e-4
2026-09-26,-1,wk inc rsv prop ed visits,2026-09-19,06,quantile,0.2,2e-4
2026-09-26,-1,wk inc rsv prop ed visits,2026-09-19,06,quantile,0.25,2e-4
2026-09-26,-1,wk inc rsv prop ed visits,2026-09-19,06,quantile,0.3,2e-4
2026-09-26,-1,wk inc rsv prop ed visits,2026-09-19,06,quantile,0.35,2e-4
2026-09-26,-1,wk inc rsv prop ed visits,2026-09-19,06,quantile,0.4,2e-4
2026-09-26,-1,wk inc rsv prop ed visits,2026-09-19,06,quantile,0.45,2e-4
2026-09-26,-1,wk inc rsv prop ed visits,2026-09-19,06,quantile,0.5,2e-4
2026-09-26,-1,wk inc rsv prop ed visits,2026-09-19,06,quantile,0.55,2e-4
2026-09-26,-1,wk inc rsv prop ed visits,2026-09-19,06,quantile,0.6,2e-4
2026-09-26,-1,wk inc rsv prop ed visits,2026-09-19,06,quantile,0.65,2e-4
2026-09-26,-1,wk inc rsv prop ed visits,2026-09-19,06,quantile,0.7,2e-4
2026-09-26,-1,wk inc rsv prop ed visits,2026-09-19,06,quantile,0.75,2e-4
2026-09-26,-1,wk inc rsv prop ed visits,2026-09-19,06,quantile,0.8,2e-4
2026-09-26,-1,wk inc rsv prop ed visits,2026-09-19,06,quantile,0.85,2e-4
2026-09-26,-1,wk inc rsv prop ed visits,2026-09-19,06,quantile,0.9,2e-4
2026-09-26,-1,wk inc rsv prop ed visits,2026-09-19,06,quantile,0.95,2e-4
2026-09-26,-1,wk inc rsv prop ed visits,2026-09-19,06,quantile,0.975,2e-4
2026-09-26,-1,wk inc rsv prop ed visits,2026-09-19,06,quantile,0.99,2e-4
2026-09-26,-1,wk inc rsv prop ed visits,2026-09-19,08,quantile,0.01,1e-4
2026-09-26,-1,wk inc rsv prop ed visits,2026-09-19,08,quantile,0.025,1e-4
2026-09-26,-1,wk inc rsv prop ed visits,2026-09-19,08,quantile,0.05,1e-4
2026-09-26,-1,wk inc rsv prop ed visits,2026-09-19,08,quantile,0.1,1e-4
2026-09-26,-1,wk inc rsv prop ed visits,2026-09-19,08,quantile,0.15,1e-4
2026-09-26,-1,wk inc rsv prop ed visits,2026-09-19,08,quantile,0.2,1e-4
2026-09-26,-1,wk inc rsv prop ed visits,2026-09-19,08,quantile,0.25,1e-4
2026-09-26,-1,wk inc rsv prop ed visits,2026-09-19,08,quantile,0.3,1e-4
2026-09-26,-1,wk inc rsv prop ed visits,2026-09-19,08,quantile,0.35,1e-4
2026-09-26,-1,wk inc rsv prop ed visits,2026-09-19,08,quantile,0.4,1e-4
2026-09-26,-1,wk inc rsv prop ed visits,2026-09-19,08,quantile,0.45,1e-4
2026-09-26,-1,wk inc rsv prop ed visits,2026-09-19,08,quantile,0.5,1e-4
2026-09-26,-1,wk inc rsv prop ed visits,2026-09-19,08,quantile,0.55,1e-4
2026-09-26,-1,wk inc rsv prop ed visits,2026-09-19,08,quantile,0.6,1e-4
2026-09-26,-1,wk inc rsv prop ed visits,2026-09-19,08,quantile,0.65,1e-4
2026-09-26,-1,wk inc rsv prop ed visits,2026-09-19,08,quantile,0.7,1e-4
2026-09-26,-1,wk inc rsv prop ed visits,2026-09-19,08,quantile,0.75,1e-4
2026-09-26,-1,wk inc rsv prop ed visits,2026-09-19,08,quantile,0.8,1e-4
2026-09-26,-1,wk inc rsv prop ed visits,2026-09-19,08,quantile,0.85,1e-4
2026-09-26,-1,wk inc rsv prop ed visits,2026-09-19,08,quantile,0.9,1e-4
2026-09-26,-1,wk inc rsv prop ed visits,2026-09-19,08,quantile,0.95,1e-4
2026-09-26,-1,wk inc rsv prop ed visits,2026-09-19,08,quantile,0.975,1e-4
2026-09-26,-1,wk inc rsv prop ed visits,2026-09-19,08,quantile,0.99,1e-4
2026-09-26,-1,wk inc rsv prop ed visits,2026-09-19,09,quantile,0.01,0
2026-09-26,-1,wk inc rsv prop ed visits,2026-09-19,09,quantile,0.025,0
2026-09-26,-1,wk inc rsv prop ed visits,2026-09-19,09,quantile,0.05,0
2026-09-26,-1,wk inc rsv prop ed visits,2026-09-19,09,quantile,0.1,0
2026-09-26,-1,wk inc rsv prop ed visits,2026-09-19,09,quantile,0.15,0
2026-09-26,-1,wk inc rsv prop ed visits,2026-09-19,09,quantile,0.2,0
2026-09-26,-1,wk inc rsv prop ed visits,2026-09-19,09,quantile,0.25,0
2026-09-26,-1,wk inc rsv prop ed visits,2026-09-19,09,quantile,0.3,0
2026-09-26,-1,wk inc rsv prop ed visits,2026-09-19,09,quantile,0.35,0
2026-09-26,-1,wk inc rsv prop ed visits,2026-09-19,09,quantile,0.4,0
2026-09-26,-1,wk inc rsv prop ed visits,2026-09-19,09,quantile,0.45,0
2026-09-26,-1,wk inc rsv prop ed visits,2026-09-19,09,quantile,0.5,0
2026-09-26,-1,wk inc rsv prop ed visits,2026-09-19,09,quantile,0.55,0
2026-09-26,-1,wk inc rsv prop ed visits,2026-09-19,09,quantile,0.6,0
2026-09-26,-1,wk inc rsv prop ed visits,2026-09-19,09,quantile,0.65,0
2026-09-26,-1,wk inc rsv prop ed visits,2026-09-19,09,quantile,0.7,0
2026-09-26,-1,wk inc rsv prop ed visits,2026-09-19,09,quantile,0.75,0
2026-09-26,-1,wk inc rsv prop ed visits,2026-09-19,09,quantile,0.8,0
2026-09-26,-1,wk inc rsv prop ed visits,2026-09-19,09,quantile,0.85,0
2026-09-26,-1,wk inc rsv prop ed visits,2026-09-19,09,quantile,0.9,0
2026-09-26,-1,wk inc rsv prop ed visits,2026-09-19,09,quantile,0.95,0
2026-09-26,-1,wk inc rsv prop ed visits,2026-09-19,09,quantile,0.975,0
2026-09-26,-1,wk inc rsv prop ed visits,2026-09-19,09,quantile,0.99,0
2026-09-26,-1,wk inc rsv prop ed visits,2026-09-19,10,quantile,0.01,6e-4
2026-09-26,-1,wk inc rsv prop ed visits,2026-09-19,10,quantile,0.025,6e-4
2026-09-26,-1,wk inc rsv prop ed visits,2026-09-19,10,quantile,0.05,6e-4
2026-09-26,-1,wk inc rsv prop ed visits,2026-09-19,10,quantile,0.1,6e-4
2026-09-26,-1,wk inc rsv prop ed visits,2026-09-19,10,quantile,0.15,6e-4
2026-09-26,-1,wk inc rsv prop ed visits,2026-09-19,10,quantile,0.2,6e-4
2026-09-26,-1,wk inc rsv prop ed visits,2026-09-19,10,quantile,0.25,6e-4
2026-09-26,-1,wk inc rsv prop ed visits,2026-09-19,10,quantile,0.3,6e-4
2026-09-26,-1,wk inc rsv prop ed visits,2026-09-19,10,quantile,0.35,6e-4
2026-09-26,-1,wk inc rsv prop ed visits,2026-09-19,10,quantile,0.4,6e-4
2026-09-26,-1,wk inc rsv prop ed visits,2026-09-19,10,quantile,0.45,6e-4
2026-09-26,-1,wk inc rsv prop ed visits,2026-09-19,10,quantile,0.5,6e-4
2026-09-26,-1,wk inc rsv prop ed visits,2026-09-19,10,quantile,0.55,6e-4
2026-09-26,-1,wk inc rsv prop ed visits,2026-09-19,10,quantile,0.6,6e-4
2026-09-26,-1,wk inc rsv prop ed visits,2026-09-19,10,quantile,0.65,6e-4
2026-09-26,-1,wk inc rsv prop ed visits,2026-09-19,10,quantile,0.7,6e-4
2026-09-26,-1,wk inc rsv prop ed visits,2026-09-19,10,quantile,0.75,6e-4
2026-09-26,-1,wk inc rsv prop ed visits,2026-09-19,10,quantile,0.8,6e-4
2026-09-26,-1,wk inc rsv prop ed visits,2026-09-19,10,quantile,0.85,6e-4
2026-09-26,-1,wk inc rsv prop ed visits,2026-09-19,10,quantile,0.9,6e-4
2026-09-26,-1,wk inc rsv prop ed visits,2026-09-19,10,quantile,0.95,6e-4
2026-09-26,-1,wk inc rsv prop ed visits,2026-09-19,10,quantile,0.975,6e-4
2026-09-26,-1,wk inc rsv prop ed visits,2026-09-19,10,quantile,0.99,6e-4
2026-09-26,-1,wk inc rsv prop ed visits,2026-09-19,11,quantile,0.01,0
2026-09-26,-1,wk inc rsv prop ed visits,2026-09-19,11,quantile,0.025,0
2026-09-26,-1,wk inc rsv prop ed visits,2026-09-19,11,quantile,0.05,0
2026-09-26,-1,wk inc rsv prop ed visits,2026-09-19,11,quantile,0.1,0
2026-09-26,-1,wk inc rsv prop ed visits,2026-09-19,11,quantile,0.15,0
2026-09-26,-1,wk inc rsv prop ed visits,2026-09-19,11,quantile,0.2,0
2026-09-26,-1,wk inc rsv prop ed visits,2026-09-19,11,quantile,0.25,0
2026-09-26,-1,wk inc rsv prop ed visits,2026-09-19,11,quantile,0.3,0
2026-09-26,-1,wk inc rsv prop ed visits,2026-09-19,11,quantile,0.35,0
2026-09-26,-1,wk inc rsv prop ed visits,2026-09-19,11,quantile,0.4,0
2026-09-26,-1,wk inc rsv prop ed visits,2026-09-19,11,quantile,0.45,0
2026-09-26,-1,wk inc rsv prop ed visits,2026-09-19,11,quantile,0.5,0
2026-09-26,-1,wk inc rsv prop ed visits,2026-09-19,11,quantile,0.55,0
2026-09-26,-1,wk inc rsv prop ed visits,2026-09-19,11,quantile,0.6,0
2026-09-26,-1,wk inc rsv prop ed visits,2026-09-19,11,quantile,0.65,0
2026-09-26,-1,wk inc rsv prop ed visits,2026-09-19,11,quantile,0.7,0
2026-09-26,-1,wk inc rsv prop ed visits,2026-09-19,11,quantile,0.75,0
2026-09-26,-1,wk inc rsv prop ed visits,2026-09-19,11,quantile,0.8,0
2026-09-26,-1,wk inc rsv prop ed visits,2026-09-19,11,quantile,0.85,0
2026-09-26,-1,wk inc rsv prop ed visits,2026-09-19,11,quantile,0.9,0
2026-09-26,-1,wk inc rsv prop ed visits,2026-09-19,11,quantile,0.95,0
2026-09-26,-1,wk inc rsv prop ed visits,2026-09-19,11,quantile,0.975,0
2026-09-26,-1,wk inc rsv prop ed visits,2026-09-19,11,quantile,0.99,0
2026-09-26,-1,wk inc rsv prop ed visits,2026-09-19,12,quantile,0.01,0.0013
2026-09-26,-1,wk inc rsv prop ed visits,2026-09-19,12,quantile,0.025,0.0013
2026-09-26,-1,wk inc rsv prop ed visits,2026-09-19,12,quantile,0.05,0.0013
2026-09-26,-1,wk inc rsv prop ed visits,2026-09-19,12,quantile,0.1,0.0013
2026-09-26,-1,wk inc rsv prop ed visits,2026-09-19,12,quantile,0.15,0.0013
2026-09-26,-1,wk inc rsv prop ed visits,2026-09-19,12,quantile,0.2,0.0013
2026-09-26,-1,wk inc rsv prop ed visits,2026-09-19,12,quantile,0.25,0.0013
2026-09-26,-1,wk inc rsv prop ed visits,2026-09-19,12,quantile,0.3,0.0013
2026-09-26,-1,wk inc rsv prop ed visits,2026-09-19,12,quantile,0.35,0.0013
2026-09-26,-1,wk inc rsv prop ed visits,2026-09-19,12,quantile,0.4,0.0013
2026-09-26,-1,wk inc rsv prop ed visits,2026-09-19,12,quantile,0.45,0.0013
2026-09-26,-1,wk inc rsv prop ed visits,2026-09-19,12,quantile,0.5,0.0013
2026-09-26,-1,wk inc rsv prop ed visits,2026-09-19,12,quantile,0.55,0.0013
2026-09-26,-1,wk inc rsv prop ed visits,2026-09-19,12,quantile,0.6,0.0013
2026-09-26,-1,wk inc rsv prop ed visits,2026-09-19,12,quantile,0.65,0.0013
2026-09-26,-1,wk inc rsv prop ed visits,2026-09-19,12,quantile,0.7,0.0013
2026-09-26,-1,wk inc rsv prop ed visits,2026-09-19,12,quantile,0.75,0.0013
2026-09-26,-1,wk inc rsv prop ed visits,2026-09-19,12,quantile,0.8,0.0013
2026-09-26,-1,wk inc rsv prop ed visits,2026-09-19,12,quantile,0.85,0.0013
2026-09-26,-1,wk inc rsv prop ed visits,2026-09-19,12,quantile,0.9,0.0013
2026-09-26,-1,wk inc rsv prop ed visits,2026-09-19,12,quantile,0.95,0.0013
2026-09-26,-1,wk inc rsv prop ed visits,2026-09-19,12,quantile,0.975,0.0013
2026-09-26,-1,wk inc rsv prop ed visits,2026-09-19,12,quantile,0.99,0.0013
2026-09-26,-1,wk inc rsv prop ed visits,2026-09-19,13,quantile,0.01,5e-4
2026-09-26,-1,wk inc rsv prop ed visits,2026-09-19,13,quantile,0.025,5e-4
2026-09-26,-1,wk inc rsv prop ed visits,2026-09-19,13,quantile,0.05,5e-4
2026-09-26,-1,wk inc rsv prop ed visits,2026-09-19,13,quantile,0.1,5e-4
2026-09-26,-1,wk inc rsv prop ed visits,2026-09-19,13,quantile,0.15,5e-4
2026-09-26,-1,wk inc rsv prop ed visits,2026-09-19,13,quantile,0.2,5e-4
2026-09-26,-1,wk inc rsv prop ed visits,2026-09-19,13,quantile,0.25,5e-4
2026-09-26,-1,wk inc rsv prop ed visits,2026-09-19,13,quantile,0.3,5e-4
2026-09-26,-1,wk inc rsv prop ed visits,2026-09-19,13,quantile,0.35,5e-4
2026-09-26,-1,wk inc rsv prop ed visits,2026-09-19,13,quantile,0.4,5e-4
2026-09-26,-1,wk inc rsv prop ed visits,2026-09-19,13,quantile,0.45,5e-4
2026-09-26,-1,wk inc rsv prop ed visits,2026-09-19,13,quantile,0.5,5e-4
2026-09-26,-1,wk inc rsv prop ed visits,2026-09-19,13,quantile,0.55,5e-4
2026-09-26,-1,wk inc rsv prop ed visits,2026-09-19,13,quantile,0.6,5e-4
2026-09-26,-1,wk inc rsv prop ed visits,2026-09-19,13,quantile,0.65,5e-4
2026-09-26,-1,wk inc rsv prop ed visits,2026-09-19,13,quantile,0.7,5e-4
2026-09-26,-1,wk inc rsv prop ed visits,2026-09-19,13,quantile,0.75,5e-4
2026-09-26,-1,wk inc rsv prop ed visits,2026-09-19,13,quantile,0.8,5e-4
2026-09-26,-1,wk inc rsv prop ed visits,2026-09-19,13,quantile,0.85,5e-4
2026-09-26,-1,wk inc rsv prop ed visits,2026-09-19,13,quantile,0.9,5e-4
2026-09-26,-1,wk inc rsv prop ed visits,2026-09-19,13,quantile,0.95,5e-4
2026-09-26,-1,wk inc rsv prop ed visits,2026-09-19,13,quantile,0.975,5e-4
2026-09-26,-1,wk inc rsv prop ed visits,2026-09-19,13,quantile,0.99,5e-4
2026-09-26,-1,wk inc rsv prop ed visits,2026-09-19,15,quantile,0.01,0.002
2026-09-26,-1,wk inc rsv prop ed visits,2026-09-19,15,quantile,0.025,0.002
2026-09-26,-1,wk inc rsv prop ed visits,2026-09-19,15,quantile,0.05,0.002
2026-09-26,-1,wk inc rsv prop ed visits,2026-09-19,15,quantile,0.1,0.002
2026-09-26,-1,wk inc rsv prop ed visits,2026-09-19,15,quantile,0.15,0.002
2026-09-26,-1,wk inc rsv prop ed visits,2026-09-19,15,quantile,0.2,0.002
2026-09-26,-1,wk inc rsv prop ed visits,2026-09-19,15,quantile,0.25,0.002
2026-09-26,-1,wk inc rsv prop ed visits,2026-09-19,15,quantile,0.3,0.002
2026-09-26,-1,wk inc rsv prop ed visits,2026-09-19,15,quantile,0.35,0.002
2026-09-26,-1,wk inc rsv prop ed visits,2026-09-19,15,quantile,0.4,0.002
2026-09-26,-1,wk inc rsv prop ed visits,2026-09-19,15,quantile,0.45,0.002
2026-09-26,-1,wk inc rsv prop ed visits,2026-09-19,15,quantile,0.5,0.002
2026-09-26,-1,wk inc rsv prop ed visits,2026-09-19,15,quantile,0.55,0.002
2026-09-26,-1,wk inc rsv prop ed visits,2026-09-19,15,quantile,0.6,0.002
2026-09-26,-1,wk inc rsv prop ed visits,2026-09-19,15,quantile,0.65,0.002
2026-09-26,-1,wk inc rsv prop ed visits,2026-09-19,15,quantile,0.7,0.002
2026-09-26,-1,wk inc rsv prop ed visits,2026-09-19,15,quantile,0.75,0.002
2026-09-26,-1,wk inc rsv prop ed visits,2026-09-19,15,quantile,0.8,0.002
2026-09-26,-1,wk inc rsv prop ed visits,2026-09-19,15,quantile,0.85,0.002
2026-09-26,-1,wk inc rsv prop ed visits,2026-09-19,15,quantile,0.9,0.002
2026-09-26,-1,wk inc rsv prop ed visits,2026-09-19,15,quantile,0.95,0.002
2026-09-26,-1,wk inc rsv prop ed visits,2026-09-19,15,quantile,0.975,0.002
2026-09-26,-1,wk inc rsv prop ed visits,2026-09-19,15,quantile,0.99,0.002
2026-09-26,-1,wk inc rsv prop ed visits,2026-09-19,16,quantile,0.01,1e-4
2026-09-26,-1,wk inc rsv prop ed visits,2026-09-19,16,quantile,0.025,1e-4
2026-09-26,-1,wk inc rsv prop ed visits,2026-09-19,16,quantile,0.05,1e-4
2026-09-26,-1,wk inc rsv prop ed visits,2026-09-19,16,quantile,0.1,1e-4
2026-09-26,-1,wk inc rsv prop ed visits,2026-09-19,16,quantile,0.15,1e-4
2026-09-26,-1,wk inc rsv prop ed visits,2026-09-19,16,quantile,0.2,1e-4
2026-09-26,-1,wk inc rsv prop ed visits,2026-09-19,16,quantile,0.25,1e-4
2026-09-26,-1,wk inc rsv prop ed visits,2026-09-19,16,quantile,0.3,1e-4
2026-09-26,-1,wk inc rsv prop ed visits,2026-09-19,16,quantile,0.35,1e-4
2026-09-26,-1,wk inc rsv prop ed visits,2026-09-19,16,quantile,0.4,1e-4
2026-09-26,-1,wk inc rsv prop ed visits,2026-09-19,16,quantile,0.45,1e-4
2026-09-26,-1,wk inc rsv prop ed visits,2026-09-19,16,quantile,0.5,1e-4
2026-09-26,-1,wk inc rsv prop ed visits,2026-09-19,16,quantile,0.55,1e-4
2026-09-26,-1,wk inc rsv prop ed visits,2026-09-19,16,quantile,0.6,1e-4
2026-09-26,-1,wk inc rsv prop ed visits,2026-09-19,16,quantile,0.65,1e-4
2026-09-26,-1,wk inc rsv prop ed visits,2026-09-19,16,quantile,0.7,1e-4
2026-09-26,-1,wk inc rsv prop ed visits,2026-09-19,16,quantile,0.75,1e-4
2026-09-26,-1,wk inc rsv prop ed visits,2026-09-19,16,quantile,0.8,1e-4
2026-09-26,-1,wk inc rsv prop ed visits,2026-09-19,16,quantile,0.85,1e-4
2026-09-26,-1,wk inc rsv prop ed visits,2026-09-19,16,quantile,0.9,1e-4
2026-09-26,-1,wk inc rsv prop ed visits,2026-09-19,16,quantile,0.95,1e-4
2026-09-26,-1,wk inc rsv prop ed visits,2026-09-19,16,quantile,0.975,1e-4
2026-09-26,-1,wk inc rsv prop ed visits,2026-09-19,16,quantile,0.99,1e-4
2026-09-26,-1,wk inc rsv prop ed visits,2026-09-19,17,quantile,0.01,2e-4
2026-09-26,-1,wk inc rsv prop ed visits,2026-09-19,17,quantile,0.025,2e-4
2026-09-26,-1,wk inc rsv prop ed visits,2026-09-19,17,quantile,0.05,2e-4
2026-09-26,-1,wk inc rsv prop ed visits,2026-09-19,17,quantile,0.1,2e-4
2026-09-26,-1,wk inc rsv prop ed visits,2026-09-19,17,quantile,0.15,2e-4
2026-09-26,-1,wk inc rsv prop ed visits,2026-09-19,17,quantile,0.2,2e-4
2026-09-26,-1,wk inc rsv prop ed visits,2026-09-19,17,quantile,0.25,2e-4
2026-09-26,-1,wk inc rsv prop ed visits,2026-09-19,17,quantile,0.3,2e-4
2026-09-26,-1,wk inc rsv prop ed visits,2026-09-19,17,quantile,0.35,2e-4
2026-09-26,-1,wk inc rsv prop ed visits,2026-09-19,17,quantile,0.4,2e-4
2026-09-26,-1,wk inc rsv prop ed visits,2026-09-19,17,quantile,0.45,2e-4
2026-09-26,-1,wk inc rsv prop ed visits,2026-09-19,17,quantile,0.5,2e-4
2026-09-26,-1,wk inc rsv prop ed visits,2026-09-19,17,quantile,0.55,2e-4
2026-09-26,-1,wk inc rsv prop ed visits,2026-09-19,17,quantile,0.6,2e-4
2026-09-26,-1,wk inc rsv prop ed visits,2026-09-19,17,quantile,0.65,2e-4
2026-09-26,-1,wk inc rsv prop ed visits,2026-09-19,17,quantile,0.7,2e-4
2026-09-26,-1,wk inc rsv prop ed visits,2026-09-19,17,quantile,0.75,2e-4
2026-09-26,-1,wk inc rsv prop ed visits,2026-09-19,17,quantile,0.8,2e-4
2026-09-26,-1,wk inc rsv prop ed visits,2026-09-19,17,quantile,0.85,2e-4
2026-09-26,-1,wk inc rsv prop ed visits,2026-09-19,17,quantile,0.9,2e-4
2026-09-26,-1,wk inc rsv prop ed visits,2026-09-19,17,quantile,0.95,2e-4
2026-09-26,-1,wk inc rsv prop ed visits,2026-09-19,17,quantile,0.975,2e-4
2026-09-26,-1,wk inc rsv prop ed visits,2026-09-19,17,quantile,0.99,2e-4
2026-09-26,-1,wk inc rsv prop ed visits,2026-09-19,18,quantile,0.01,2e-4
2026-09-26,-1,wk inc rsv prop ed visits,2026-09-19,18,quantile,0.025,2e-4
2026-09-26,-1,wk inc rsv prop ed visits,2026-09-19,18,quantile,0.05,2e-4
2026-09-26,-1,wk inc rsv prop ed visits,2026-09-19,18,quantile,0.1,2e-4
2026-09-26,-1,wk inc rsv prop ed visits,2026-09-19,18,quantile,0.15,2e-4
2026-09-26,-1,wk inc rsv prop ed visits,2026-09-19,18,quantile,0.2,2e-4
2026-09-26,-1,wk inc rsv prop ed visits,2026-09-19,18,quantile,0.25,2e-4
2026-09-26,-1,wk inc rsv prop ed visits,2026-09-19,18,quantile,0.3,2e-4
2026-09-26,-1,wk inc rsv prop ed visits,2026-09-19,18,quantile,0.35,2e-4
2026-09-26,-1,wk inc rsv prop ed visits,2026-09-19,18,quantile,0.4,2e-4
2026-09-26,-1,wk inc rsv prop ed visits,2026-09-19,18,quantile,0.45,2e-4
2026-09-26,-1,wk inc rsv prop ed visits,2026-09-19,18,quantile,0.5,2e-4
2026-09-26,-1,wk inc rsv prop ed visits,2026-09-19,18,quantile,0.55,2e-4
2026-09-26,-1,wk inc rsv prop ed visits,2026-09-19,18,quantile,0.6,2e-4
2026-09-26,-1,wk inc rsv prop ed visits,2026-09-19,18,quantile,0.65,2e-4
2026-09-26,-1,wk inc rsv prop ed visits,2026-09-19,18,quantile,0.7,2e-4
2026-09-26,-1,wk inc rsv prop ed visits,2026-09-19,18,quantile,0.75,2e-4
2026-09-26,-1,wk inc rsv prop ed visits,2026-09-19,18,quantile,0.8,2e-4
2026-09-26,-1,wk inc rsv prop ed visits,2026-09-19,18,quantile,0.85,2e-4
2026-09-26,-1,wk inc rsv prop ed visits,2026-09-19,18,quantile,0.9,2e-4
2026-09-26,-1,wk inc rsv prop ed visits,2026-09-19,18,quantile,0.95,2e-4
2026-09-26,-1,wk inc rsv prop ed visits,2026-09-19,18,quantile,0.975,2e-4
2026-09-26,-1,wk inc rsv prop ed visits,2026-09-19,18,quantile,0.99,2e-4
2026-09-26,-1,wk inc rsv prop ed visits,2026-09-19,20,quantile,0.01,2e-4
2026-09-26,-1,wk inc rsv prop ed visits,2026-09-19,20,quantile,0.025,2e-4
2026-09-26,-1,wk inc rsv prop ed visits,2026-09-19,20,quantile,0.05,2e-4
2026-09-26,-1,wk inc rsv prop ed visits,2026-09-19,20,quantile,0.1,2e-4
2026-09-26,-1,wk inc rsv prop ed visits,2026-09-19,20,quantile,0.15,2e-4
2026-09-26,-1,wk inc rsv prop ed visits,2026-09-19,20,quantile,0.2,2e-4
2026-09-26,-1,wk inc rsv prop ed visits,2026-09-19,20,quantile,0.25,2e-4
2026-09-26,-1,wk inc rsv prop ed visits,2026-09-19,20,quantile,0.3,2e-4
2026-09-26,-1,wk inc rsv prop ed visits,2026-09-19,20,quantile,0.35,2e-4
2026-09-26,-1,wk inc rsv prop ed visits,2026-09-19,20,quantile,0.4,2e-4
2026-09-26,-1,wk inc rsv prop ed visits,2026-09-19,20,quantile,0.45,2e-4
2026-09-26,-1,wk inc rsv prop ed visits,2026-09-19,20,quantile,0.5,2e-4
2026-09-26,-1,wk inc rsv prop ed visits,2026-09-19,20,quantile,0.55,2e-4
2026-09-26,-1,wk inc rsv prop ed visits,2026-09-19,20,quantile,0.6,2e-4
2026-09-26,-1,wk inc rsv prop ed visits,2026-09-19,20,quantile,0.65,2e-4
2026-09-26,-1,wk inc rsv prop ed visits,2026-09-19,20,quantile,0.7,2e-4
2026-09-26,-1,wk inc rsv prop ed visits,2026-09-19,20,quantile,0.75,2e-4
2026-09-26,-1,wk inc rsv prop ed visits,2026-09-19,20,quantile,0.8,2e-4
2026-09-26,-1,wk inc rsv prop ed visits,2026-09-19,20,quantile,0.85,2e-4
2026-09-26,-1,wk inc rsv prop ed visits,2026-09-19,20,quantile,0.9,2e-4
2026-09-26,-1,wk inc rsv prop ed visits,2026-09-19,20,quantile,0.95,2e-4
2026-09-26,-1,wk inc rsv prop ed visits,2026-09-19,20,quantile,0.975,2e-4
2026-09-26,-1,wk inc rsv prop ed visits,2026-09-19,20,quantile,0.99,2e-4
2026-09-26,-1,wk inc rsv prop ed visits,2026-09-19,21,quantile,0.01,2e-4
2026-09-26,-1,wk inc rsv prop ed visits,2026-09-19,21,quantile,0.025,2e-4
2026-09-26,-1,wk inc rsv prop ed visits,2026-09-19,21,quantile,0.05,2e-4
2026-09-26,-1,wk inc rsv prop ed visits,2026-09-19,21,quantile,0.1,2e-4
2026-09-26,-1,wk inc rsv prop ed visits,2026-09-19,21,quantile,0.15,2e-4
2026-09-26,-1,wk inc rsv prop ed visits,2026-09-19,21,quantile,0.2,2e-4
2026-09-26,-1,wk inc rsv prop ed visits,2026-09-19,21,quantile,0.25,2e-4
2026-09-26,-1,wk inc rsv prop ed visits,2026-09-19,21,quantile,0.3,2e-4
2026-09-26,-1,wk inc rsv prop ed visits,2026-09-19,21,quantile,0.35,2e-4
2026-09-26,-1,wk inc rsv prop ed visits,2026-09-19,21,quantile,0.4,2e-4
2026-09-26,-1,wk inc rsv prop ed visits,2026-09-19,21,quantile,0.45,2e-4
2026-09-26,-1,wk inc rsv prop ed visits,2026-09-19,21,quantile,0.5,2e-4
2026-09-26,-1,wk inc rsv prop ed visits,2026-09-19,21,quantile,0.55,2e-4
2026-09-26,-1,wk inc rsv prop ed visits,2026-09-19,21,quantile,0.6,2e-4
2026-09-26,-1,wk inc rsv prop ed visits,2026-09-19,21,quantile,0.65,2e-4
2026-09-26,-1,wk inc rsv prop ed visits,2026-09-19,21,quantile,0.7,2e-4
2026-09-26,-1,wk inc rsv prop ed visits,2026-09-19,21,quantile,0.75,2e-4
2026-09-26,-1,wk inc rsv prop ed visits,2026-09-19,21,quantile,0.8,2e-4
2026-09-26,-1,wk inc rsv prop ed visits,2026-09-19,21,quantile,0.85,2e-4
2026-09-26,-1,wk inc rsv prop ed visits,2026-09-19,21,quantile,0.9,2e-4
2026-09-26,-1,wk inc rsv prop ed visits,2026-09-19,21,quantile,0.95,2e-4
2026-09-26,-1,wk inc rsv prop ed visits,2026-09-19,21,quantile,0.975,2e-4
2026-09-26,-1,wk inc rsv prop ed visits,2026-09-19,21,quantile,0.99,2e-4
2026-09-26,-1,wk inc rsv prop ed visits,2026-09-19,22,quantile,0.01,4e-4
2026-09-26,-1,wk inc rsv prop ed visits,2026-09-19,22,quantile,0.025,4e-4
2026-09-26,-1,wk inc rsv prop ed visits,2026-09-19,22,quantile,0.05,4e-4
2026-09-26,-1,wk inc rsv prop ed visits,2026-09-19,22,quantile,0.1,4e-4
2026-09-26,-1,wk inc rsv prop ed visits,2026-09-19,22,quantile,0.15,4e-4
2026-09-26,-1,wk inc rsv prop ed visits,2026-09-19,22,quantile,0.2,4e-4
2026-09-26,-1,wk inc rsv prop ed visits,2026-09-19,22,quantile,0.25,4e-4
2026-09-26,-1,wk inc rsv prop ed visits,2026-09-19,22,quantile,0.3,4e-4
2026-09-26,-1,wk inc rsv prop ed visits,2026-09-19,22,quantile,0.35,4e-4
2026-09-26,-1,wk inc rsv prop ed visits,2026-09-19,22,quantile,0.4,4e-4
2026-09-26,-1,wk inc rsv prop ed visits,2026-09-19,22,quantile,0.45,4e-4
2026-09-26,-1,wk inc rsv prop ed visits,2026-09-19,22,quantile,0.5,4e-4
2026-09-26,-1,wk inc rsv prop ed visits,2026-09-19,22,quantile,0.55,4e-4
2026-09-26,-1,wk inc rsv prop ed visits,2026-09-19,22,quantile,0.6,4e-4
2026-09-26,-1,wk inc rsv prop ed visits,2026-09-19,22,quantile,0.65,4e-4
2026-09-26,-1,wk inc rsv prop ed visits,2026-09-19,22,quantile,0.7,4e-4
2026-09-26,-1,wk inc rsv prop ed visits,2026-09-19,22,quantile,0.75,4e-4
2026-09-26,-1,wk inc rsv prop ed visits,2026-09-19,22,quantile,0.8,4e-4
2026-09-26,-1,wk inc rsv prop ed visits,2026-09-19,22,quantile,0.85,4e-4
2026-09-26,-1,wk inc rsv prop ed visits,2026-09-19,22,quantile,0.9,4e-4
2026-09-26,-1,wk inc rsv prop ed visits,2026-09-19,22,quantile,0.95,4e-4
2026-09-26,-1,wk inc rsv prop ed visits,2026-09-19,22,quantile,0.975,4e-4
2026-09-26,-1,wk inc rsv prop ed visits,2026-09-19,22,quantile,0.99,4e-4
2026-09-26,-1,wk inc rsv prop ed visits,2026-09-19,23,quantile,0.01,0
2026-09-26,-1,wk inc rsv prop ed visits,2026-09-19,23,quantile,0.025,0
2026-09-26,-1,wk inc rsv prop ed visits,2026-09-19,23,quantile,0.05,0
2026-09-26,-1,wk inc rsv prop ed visits,2026-09-19,23,quantile,0.1,0
2026-09-26,-1,wk inc rsv prop ed visits,2026-09-19,23,quantile,0.15,0
2026-09-26,-1,wk inc rsv prop ed visits,2026-09-19,23,quantile,0.2,0
2026-09-26,-1,wk inc rsv prop ed visits,2026-09-19,23,quantile,0.25,0
2026-09-26,-1,wk inc rsv prop ed visits,2026-09-19,23,quantile,0.3,0
2026-09-26,-1,wk inc rsv prop ed visits,2026-09-19,23,quantile,0.35,0
2026-09-26,-1,wk inc rsv prop ed visits,2026-09-19,23,quantile,0.4,0
2026-09-26,-1,wk inc rsv prop ed visits,2026-09-19,23,quantile,0.45,0
2026-09-26,-1,wk inc rsv prop ed visits,2026-09-19,23,quantile,0.5,0
2026-09-26,-1,wk inc rsv prop ed visits,2026-09-19,23,quantile,0.55,0
2026-09-26,-1,wk inc rsv prop ed visits,2026-09-19,23,quantile,0.6,0
2026-09-26,-1,wk inc rsv prop ed visits,2026-09-19,23,quantile,0.65,0
2026-09-26,-1,wk inc rsv prop ed visits,2026-09-19,23,quantile,0.7,0
2026-09-26,-1,wk inc rsv prop ed visits,2026-09-19,23,quantile,0.75,0
2026-09-26,-1,wk inc rsv prop ed visits,2026-09-19,23,quantile,0.8,0
2026-09-26,-1,wk inc rsv prop ed visits,2026-09-19,23,quantile,0.85,0
2026-09-26,-1,wk inc rsv prop ed visits,2026-09-19,23,quantile,0.9,0
2026-09-26,-1,wk inc rsv prop ed visits,2026-09-19,23,quantile,0.95,0
2026-09-26,-1,wk inc rsv prop ed visits,2026-09-19,23,quantile,0.975,0
2026-09-26,-1,wk inc rsv prop ed visits,2026-09-19,23,quantile,0.99,0
2026-09-26,-1,wk inc rsv prop ed visits,2026-09-19,24,quantile,0.01,0
2026-09-26,-1,wk inc rsv prop ed visits,2026-09-19,24,quantile,0.025,0
2026-09-26,-1,wk inc rsv prop ed visits,2026-09-19,24,quantile,0.05,0
2026-09-26,-1,wk inc rsv prop ed visits,2026-09-19,24,quantile,0.1,0
2026-09-26,-1,wk inc rsv prop ed visits,2026-09-19,24,quantile,0.15,0
2026-09-26,-1,wk inc rsv prop ed visits,2026-09-19,24,quantile,0.2,0
2026-09-26,-1,wk inc rsv prop ed visits,2026-09-19,24,quantile,0.25,0
2026-09-26,-1,wk inc rsv prop ed visits,2026-09-19,24,quantile,0.3,0
2026-09-26,-1,wk inc rsv prop ed visits,2026-09-19,24,quantile,0.35,0
2026-09-26,-1,wk inc rsv prop ed visits,2026-09-19,24,quantile,0.4,0
2026-09-26,-1,wk inc rsv prop ed visits,2026-09-19,24,quantile,0.45,0
2026-09-26,-1,wk inc rsv prop ed visits,2026-09-19,24,quantile,0.5,0
2026-09-26,-1,wk inc rsv prop ed visits,2026-09-19,24,quantile,0.55,0
2026-09-26,-1,wk inc rsv prop ed visits,2026-09-19,24,quantile,0.6,0
2026-09-26,-1,wk inc rsv prop ed visits,2026-09-19,24,quantile,0.65,0
2026-09-26,-1,wk inc rsv prop ed visits,2026-09-19,24,quantile,0.7,0
2026-09-26,-1,wk inc rsv prop ed visits,2026-09-19,24,quantile,0.75,0
2026-09-26,-1,wk inc rsv prop ed visits,2026-09-19,24,quantile,0.8,0
2026-09-26,-1,wk inc rsv prop ed visits,2026-09-19,24,quantile,0.85,0
2026-09-26,-1,wk inc rsv prop ed visits,2026-09-19,24,quantile,0.9,0
2026-09-26,-1,wk inc rsv prop ed visits,2026-09-19,24,quantile,0.95,0
2026-09-26,-1,wk inc rsv prop ed visits,2026-09-19,24,quantile,0.975,0
2026-09-26,-1,wk inc rsv prop ed visits,2026-09-19,24,quantile,0.99,0
2026-09-26,-1,wk inc rsv prop ed visits,2026-09-19,25,quantile,0.01,1e-4
2026-09-26,-1,wk inc rsv prop ed visits,2026-09-19,25,quantile,0.025,1e-4
2026-09-26,-1,wk inc rsv prop ed visits,2026-09-19,25,quantile,0.05,1e-4
2026-09-26,-1,wk inc rsv prop ed visits,2026-09-19,25,quantile,0.1,1e-4
2026-09-26,-1,wk inc rsv prop ed visits,2026-09-19,25,quantile,0.15,1e-4
2026-09-26,-1,wk inc rsv prop ed visits,2026-09-19,25,quantile,0.2,1e-4
2026-09-26,-1,wk inc rsv prop ed visits,2026-09-19,25,quantile,0.25,1e-4
2026-09-26,-1,wk inc rsv prop ed visits,2026-09-19,25,quantile,0.3,1e-4
2026-09-26,-1,wk inc rsv prop ed visits,2026-09-19,25,quantile,0.35,1e-4
2026-09-26,-1,wk inc rsv prop ed visits,2026-09-19,25,quantile,0.4,1e-4
2026-09-26,-1,wk inc rsv prop ed visits,2026-09-19,25,quantile,0.45,1e-4
2026-09-26,-1,wk inc rsv prop ed visits,2026-09-19,25,quantile,0.5,1e-4
2026-09-26,-1,wk inc rsv prop ed visits,2026-09-19,25,quantile,0.55,1e-4
2026-09-26,-1,wk inc rsv prop ed visits,2026-09-19,25,quantile,0.6,1e-4
2026-09-26,-1,wk inc rsv prop ed visits,2026-09-19,25,quantile,0.65,1e-4
2026-09-26,-1,wk inc rsv prop ed visits,2026-09-19,25,quantile,0.7,1e-4
2026-09-26,-1,wk inc rsv prop ed visits,2026-09-19,25,quantile,0.75,1e-4
2026-09-26,-1,wk inc rsv prop ed visits,2026-09-19,25,quantile,0.8,1e-4
2026-09-26,-1,wk inc rsv prop ed visits,2026-09-19,25,quantile,0.85,1e-4
2026-09-26,-1,wk inc rsv prop ed visits,2026-09-19,25,quantile,0.9,1e-4
2026-09-26,-1,wk inc rsv prop ed visits,2026-09-19,25,quantile,0.95,1e-4
2026-09-26,-1,wk inc rsv prop ed visits,2026-09-19,25,quantile,0.975,1e-4
2026-09-26,-1,wk inc rsv prop ed visits,2026-09-19,25,quantile,0.99,1e-4
2026-09-26,-1,wk inc rsv prop ed visits,2026-09-19,26,quantile,0.01,2e-4
2026-09-26,-1,wk inc rsv prop ed visits,2026-09-19,26,quantile,0.025,2e-4
2026-09-26,-1,wk inc rsv prop ed visits,2026-09-19,26,quantile,0.05,2e-4
2026-09-26,-1,wk inc rsv prop ed visits,2026-09-19,26,quantile,0.1,2e-4
2026-09-26,-1,wk inc rsv prop ed visits,2026-09-19,26,quantile,0.15,2e-4
2026-09-26,-1,wk inc rsv prop ed visits,2026-09-19,26,quantile,0.2,2e-4
2026-09-26,-1,wk inc rsv prop ed visits,2026-09-19,26,quantile,0.25,2e-4
2026-09-26,-1,wk inc rsv prop ed visits,2026-09-19,26,quantile,0.3,2e-4
2026-09-26,-1,wk inc rsv prop ed visits,2026-09-19,26,quantile,0.35,2e-4
2026-09-26,-1,wk inc rsv prop ed visits,2026-09-19,26,quantile,0.4,2e-4
2026-09-26,-1,wk inc rsv prop ed visits,2026-09-19,26,quantile,0.45,2e-4
2026-09-26,-1,wk inc rsv prop ed visits,2026-09-19,26,quantile,0.5,2e-4
2026-09-26,-1,wk inc rsv prop ed visits,2026-09-19,26,quantile,0.55,2e-4
2026-09-26,-1,wk inc rsv prop ed visits,2026-09-19,26,quantile,0.6,2e-4
2026-09-26,-1,wk inc rsv prop ed visits,2026-09-19,26,quantile,0.65,2e-4
2026-09-26,-1,wk inc rsv prop ed visits,2026-09-19,26,quantile,0.7,2e-4
2026-09-26,-1,wk inc rsv prop ed visits,2026-09-19,26,quantile,0.75,2e-4
2026-09-26,-1,wk inc rsv prop ed visits,2026-09-19,26,quantile,0.8,2e-4
2026-09-26,-1,wk inc rsv prop ed visits,2026-09-19,26,quantile,0.85,2e-4
2026-09-26,-1,wk inc rsv prop ed visits,2026-09-19,26,quantile,0.9,2e-4
2026-09-26,-1,wk inc rsv prop ed visits,2026-09-19,26,quantile,0.95,2e-4
2026-09-26,-1,wk inc rsv prop ed visits,2026-09-19,26,quantile,0.975,2e-4
2026-09-26,-1,wk inc rsv prop ed visits,2026-09-19,26,quantile,0.99,2e-4
2026-09-26,-1,wk inc rsv prop ed visits,2026-09-19,27,quantile,0.01,1e-4
2026-09-26,-1,wk inc rsv prop ed visits,2026-09-19,27,quantile,0.025,1e-4
2026-09-26,-1,wk inc rsv prop ed visits,2026-09-19,27,quantile,0.05,1e-4
2026-09-26,-1,wk inc rsv prop ed visits,2026-09-19,27,quantile,0.1,1e-4
2026-09-26,-1,wk inc rsv prop ed visits,2026-09-19,27,quantile,0.15,1e-4
2026-09-26,-1,wk inc rsv prop ed visits,2026-09-19,27,quantile,0.2,1e-4
2026-09-26,-1,wk inc rsv prop ed visits,2026-09-19,27,quantile,0.25,1e-4
2026-09-26,-1,wk inc rsv prop ed visits,2026-09-19,27,quantile,0.3,1e-4
2026-09-26,-1,wk inc rsv prop ed visits,2026-09-19,27,quantile,0.35,1e-4
2026-09-26,-1,wk inc rsv prop ed visits,2026-09-19,27,quantile,0.4,1e-4
2026-09-26,-1,wk inc rsv prop ed visits,2026-09-19,27,quantile,0.45,1e-4
2026-09-26,-1,wk inc rsv prop ed visits,2026-09-19,27,quantile,0.5,1e-4
2026-09-26,-1,wk inc rsv prop ed visits,2026-09-19,27,quantile,0.55,1e-4
2026-09-26,-1,wk inc rsv prop ed visits,2026-09-19,27,quantile,0.6,1e-4
2026-09-26,-1,wk inc rsv prop ed visits,2026-09-19,27,quantile,0.65,1e-4
2026-09-26,-1,wk inc rsv prop ed visits,2026-09-19,27,quantile,0.7,1e-4
2026-09-26,-1,wk inc rsv prop ed visits,2026-09-19,27,quantile,0.75,1e-4
2026-09-26,-1,wk inc rsv prop ed visits,2026-09-19,27,quantile,0.8,1e-4
2026-09-26,-1,wk inc rsv prop ed visits,2026-09-19,27,quantile,0.85,1e-4
2026-09-26,-1,wk inc rsv prop ed visits,2026-09-19,27,quantile,0.9,1e-4
2026-09-26,-1,wk inc rsv prop ed visits,2026-09-19,27,quantile,0.95,1e-4
2026-09-26,-1,wk inc rsv prop ed visits,2026-09-19,27,quantile,0.975,1e-4
2026-09-26,-1,wk inc rsv prop ed visits,2026-09-19,27,quantile,0.99,1e-4
2026-09-26,-1,wk inc rsv prop ed visits,2026-09-19,28,quantile,0.01,5e-4
2026-09-26,-1,wk inc rsv prop ed visits,2026-09-19,28,quantile,0.025,5e-4
2026-09-26,-1,wk inc rsv prop ed visits,2026-09-19,28,quantile,0.05,5e-4
2026-09-26,-1,wk inc rsv prop ed visits,2026-09-19,28,quantile,0.1,5e-4
2026-09-26,-1,wk inc rsv prop ed visits,2026-09-19,28,quantile,0.15,5e-4
2026-09-26,-1,wk inc rsv prop ed visits,2026-09-19,28,quantile,0.2,5e-4
2026-09-26,-1,wk inc rsv prop ed visits,2026-09-19,28,quantile,0.25,5e-4
2026-09-26,-1,wk inc rsv prop ed visits,2026-09-19,28,quantile,0.3,5e-4
2026-09-26,-1,wk inc rsv prop ed visits,2026-09-19,28,quantile,0.35,5e-4
2026-09-26,-1,wk inc rsv prop ed visits,2026-09-19,28,quantile,0.4,5e-4
2026-09-26,-1,wk inc rsv prop ed visits,2026-09-19,28,quantile,0.45,5e-4
2026-09-26,-1,wk inc rsv prop ed visits,2026-09-19,28,quantile,0.5,5e-4
2026-09-26,-1,wk inc rsv prop ed visits,2026-09-19,28,quantile,0.55,5e-4
2026-09-26,-1,wk inc rsv prop ed visits,2026-09-19,28,quantile,0.6,5e-4
2026-09-26,-1,wk inc rsv prop ed visits,2026-09-19,28,quantile,0.65,5e-4
2026-09-26,-1,wk inc rsv prop ed visits,2026-09-19,28,quantile,0.7,5e-4
2026-09-26,-1,wk inc rsv prop ed visits,2026-09-19,28,quantile,0.75,5e-4
2026-09-26,-1,wk inc rsv prop ed visits,2026-09-19,28,quantile,0.8,5e-4
2026-09-26,-1,wk inc rsv prop ed visits,2026-09-19,28,quantile,0.85,5e-4
2026-09-26,-1,wk inc rsv prop ed visits,2026-09-19,28,quantile,0.9,5e-4
2026-09-26,-1,wk inc rsv prop ed visits,2026-09-19,28,quantile,0.95,5e-4
2026-09-26,-1,wk inc rsv prop ed visits,2026-09-19,28,quantile,0.975,5e-4
2026-09-26,-1,wk inc rsv prop ed visits,2026-09-19,28,quantile,0.99,5e-4
2026-09-26,-1,wk inc rsv prop ed visits,2026-09-19,29,quantile,0.01,0
2026-09-26,-1,wk inc rsv prop ed visits,2026-09-19,29,quantile,0.025,0
2026-09-26,-1,wk inc rsv prop ed visits,2026-09-19,29,quantile,0.05,0
2026-09-26,-1,wk inc rsv prop ed visits,2026-09-19,29,quantile,0.1,0
2026-09-26,-1,wk inc rsv prop ed visits,2026-09-19,29,quantile,0.15,0
2026-09-26,-1,wk inc rsv prop ed visits,2026-09-19,29,quantile,0.2,0
2026-09-26,-1,wk inc rsv prop ed visits,2026-09-19,29,quantile,0.25,0
2026-09-26,-1,wk inc rsv prop ed visits,2026-09-19,29,quantile,0.3,0
2026-09-26,-1,wk inc rsv prop ed visits,2026-09-19,29,quantile,0.35,0
2026-09-26,-1,wk inc rsv prop ed visits,2026-09-19,29,quantile,0.4,0
2026-09-26,-1,wk inc rsv prop ed visits,2026-09-19,29,quantile,0.45,0
2026-09-26,-1,wk inc rsv prop ed visits,2026-09-19,29,quantile,0.5,0
2026-09-26,-1,wk inc rsv prop ed visits,2026-09-19,29,quantile,0.55,0
2026-09-26,-1,wk inc rsv prop ed visits,2026-09-19,29,quantile,0.6,0
2026-09-26,-1,wk inc rsv prop ed visits,2026-09-19,29,quantile,0.65,0
2026-09-26,-1,wk inc rsv prop ed visits,2026-09-19,29,quantile,0.7,0
2026-09-26,-1,wk inc rsv prop ed visits,2026-09-19,29,quantile,0.75,0
2026-09-26,-1,wk inc rsv prop ed visits,2026-09-19,29,quantile,0.8,0
2026-09-26,-1,wk inc rsv prop ed visits,2026-09-19,29,quantile,0.85,0
2026-09-26,-1,wk inc rsv prop ed visits,2026-09-19,29,quantile,0.9,0
2026-09-26,-1,wk inc rsv prop ed visits,2026-09-19,29,quantile,0.95,0
2026-09-26,-1,wk inc rsv prop ed visits,2026-09-19,29,quantile,0.975,0
2026-09-26,-1,wk inc rsv prop ed visits,2026-09-19,29,quantile,0.99,0
2026-09-26,-1,wk inc rsv prop ed visits,2026-09-19,30,quantile,0.01,0
2026-09-26,-1,wk inc rsv prop ed visits,2026-09-19,30,quantile,0.025,0
2026-09-26,-1,wk inc rsv prop ed visits,2026-09-19,30,quantile,0.05,0
2026-09-26,-1,wk inc rsv prop ed visits,2026-09-19,30,quantile,0.1,0
2026-09-26,-1,wk inc rsv prop ed visits,2026-09-19,30,quantile,0.15,0
2026-09-26,-1,wk inc rsv prop ed visits,2026-09-19,30,quantile,0.2,0
2026-09-26,-1,wk inc rsv prop ed visits,2026-09-19,30,quantile,0.25,0
2026-09-26,-1,wk inc rsv prop ed visits,2026-09-19,30,quantile,0.3,0
2026-09-26,-1,wk inc rsv prop ed visits,2026-09-19,30,quantile,0.35,0
2026-09-26,-1,wk inc rsv prop ed visits,2026-09-19,30,quantile,0.4,0
2026-09-26,-1,wk inc rsv prop ed visits,2026-09-19,30,quantile,0.45,0
2026-09-26,-1,wk inc rsv prop ed visits,2026-09-19,30,quantile,0.5,0
2026-09-26,-1,wk inc rsv prop ed visits,2026-09-19,30,quantile,0.55,0
2026-09-26,-1,wk inc rsv prop ed visits,2026-09-19,30,quantile,0.6,0
2026-09-26,-1,wk inc rsv prop ed visits,2026-09-19,30,quantile,0.65,0
2026-09-26,-1,wk inc rsv prop ed visits,2026-09-19,30,quantile,0.7,0
2026-09-26,-1,wk inc rsv prop ed visits,2026-09-19,30,quantile,0.75,0
2026-09-26,-1,wk inc rsv prop ed visits,2026-09-19,30,quantile,0.8,0
2026-09-26,-1,wk inc rsv prop ed visits,2026-09-19,30,quantile,0.85,0
2026-09-26,-1,wk inc rsv prop ed visits,2026-09-19,30,quantile,0.9,0
2026-09-26,-1,wk inc rsv prop ed visits,2026-09-19,30,quantile,0.95,0
2026-09-26,-1,wk inc rsv prop ed visits,2026-09-19,30,quantile,0.975,0
2026-09-26,-1,wk inc rsv prop ed visits,2026-09-19,30,quantile,0.99,0
2026-09-26,-1,wk inc rsv prop ed visits,2026-09-19,31,quantile,0.01,1e-4
2026-09-26,-1,wk inc rsv prop ed visits,2026-09-19,31,quantile,0.025,1e-4
2026-09-26,-1,wk inc rsv prop ed visits,2026-09-19,31,quantile,0.05,1e-4
2026-09-26,-1,wk inc rsv prop ed visits,2026-09-19,31,quantile,0.1,1e-4
2026-09-26,-1,wk inc rsv prop ed visits,2026-09-19,31,quantile,0.15,1e-4
2026-09-26,-1,wk inc rsv prop ed visits,2026-09-19,31,quantile,0.2,1e-4
2026-09-26,-1,wk inc rsv prop ed visits,2026-09-19,31,quantile,0.25,1e-4
2026-09-26,-1,wk inc rsv prop ed visits,2026-09-19,31,quantile,0.3,1e-4
2026-09-26,-1,wk inc rsv prop ed visits,2026-09-19,31,quantile,0.35,1e-4
2026-09-26,-1,wk inc rsv prop ed visits,2026-09-19,31,quantile,0.4,1e-4
2026-09-26,-1,wk inc rsv prop ed visits,2026-09-19,31,quantile,0.45,1e-4
2026-09-26,-1,wk inc rsv prop ed visits,2026-09-19,31,quantile,0.5,1e-4
2026-09-26,-1,wk inc rsv prop ed visits,2026-09-19,31,quantile,0.55,1e-4
2026-09-26,-1,wk inc rsv prop ed visits,2026-09-19,31,quantile,0.6,1e-4
2026-09-26,-1,wk inc rsv prop ed visits,2026-09-19,31,quantile,0.65,1e-4
2026-09-26,-1,wk inc rsv prop ed visits,2026-09-19,31,quantile,0.7,1e-4
2026-09-26,-1,wk inc rsv prop ed visits,2026-09-19,31,quantile,0.75,1e-4
2026-09-26,-1,wk inc rsv prop ed visits,2026-09-19,31,quantile,0.8,1e-4
2026-09-26,-1,wk inc rsv prop ed visits,2026-09-19,31,quantile,0.85,1e-4
2026-09-26,-1,wk inc rsv prop ed visits,2026-09-19,31,quantile,0.9,1e-4
2026-09-26,-1,wk inc rsv prop ed visits,2026-09-19,31,quantile,0.95,1e-4
2026-09-26,-1,wk inc rsv prop ed visits,2026-09-19,31,quantile,0.975,1e-4
2026-09-26,-1,wk inc rsv prop ed visits,2026-09-19,31,quantile,0.99,1e-4
2026-09-26,-1,wk inc rsv prop ed visits,2026-09-19,32,quantile,0.01,0
2026-09-26,-1,wk inc rsv prop ed visits,2026-09-19,32,quantile,0.025,0
2026-09-26,-1,wk inc rsv prop ed visits,2026-09-19,32,quantile,0.05,0
2026-09-26,-1,wk inc rsv prop ed visits,2026-09-19,32,quantile,0.1,0
2026-09-26,-1,wk inc rsv prop ed visits,2026-09-19,32,quantile,0.15,0
2026-09-26,-1,wk inc rsv prop ed visits,2026-09-19,32,quantile,0.2,0
2026-09-26,-1,wk inc rsv prop ed visits,2026-09-19,32,quantile,0.25,0
2026-09-26,-1,wk inc rsv prop ed visits,2026-09-19,32,quantile,0.3,0
2026-09-26,-1,wk inc rsv prop ed visits,2026-09-19,32,quantile,0.35,0
2026-09-26,-1,wk inc rsv prop ed visits,2026-09-19,32,quantile,0.4,0
2026-09-26,-1,wk inc rsv prop ed visits,2026-09-19,32,quantile,0.45,0
2026-09-26,-1,wk inc rsv prop ed visits,2026-09-19,32,quantile,0.5,0
2026-09-26,-1,wk inc rsv prop ed visits,2026-09-19,32,quantile,0.55,0
2026-09-26,-1,wk inc rsv prop ed visits,2026-09-19,32,quantile,0.6,0
2026-09-26,-1,wk inc rsv prop ed visits,2026-09-19,32,quantile,0.65,0
2026-09-26,-1,wk inc rsv prop ed visits,2026-09-19,32,quantile,0.7,0
2026-09-26,-1,wk inc rsv prop ed visits,2026-09-19,32,quantile,0.75,0
2026-09-26,-1,wk inc rsv prop ed visits,2026-09-19,32,quantile,0.8,0
2026-09-26,-1,wk inc rsv prop ed visits,2026-09-19,32,quantile,0.85,0
2026-09-26,-1,wk inc rsv prop ed visits,2026-09-19,32,quantile,0.9,0
2026-09-26,-1,wk inc rsv prop ed visits,2026-09-19,32,quantile,0.95,0
2026-09-26,-1,wk inc rsv prop ed visits,2026-09-19,32,quantile,0.975,0
2026-09-26,-1,wk inc rsv prop ed visits,2026-09-19,32,quantile,0.99,0
2026-09-26,-1,wk inc rsv prop ed visits,2026-09-19,33,quantile,0.01,0
2026-09-26,-1,wk inc rsv prop ed visits,2026-09-19,33,quantile,0.025,0
2026-09-26,-1,wk inc rsv prop ed visits,2026-09-19,33,quantile,0.05,0
2026-09-26,-1,wk inc rsv prop ed visits,2026-09-19,33,quantile,0.1,0
2026-09-26,-1,wk inc rsv prop ed visits,2026-09-19,33,quantile,0.15,0
2026-09-26,-1,wk inc rsv prop ed visits,2026-09-19,33,quantile,0.2,0
2026-09-26,-1,wk inc rsv prop ed visits,2026-09-19,33,quantile,0.25,0
2026-09-26,-1,wk inc rsv prop ed visits,2026-09-19,33,quantile,0.3,0
2026-09-26,-1,wk inc rsv prop ed visits,2026-09-19,33,quantile,0.35,0
2026-09-26,-1,wk inc rsv prop ed visits,2026-09-19,33,quantile,0.4,0
2026-09-26,-1,wk inc rsv prop ed visits,2026-09-19,33,quantile,0.45,0
2026-09-26,-1,wk inc rsv prop ed visits,2026-09-19,33,quantile,0.5,0
2026-09-26,-1,wk inc rsv prop ed visits,2026-09-19,33,quantile,0.55,0
2026-09-26,-1,wk inc rsv prop ed visits,2026-09-19,33,quantile,0.6,0
2026-09-26,-1,wk inc rsv prop ed visits,2026-09-19,33,quantile,0.65,0
2026-09-26,-1,wk inc rsv prop ed visits,2026-09-19,33,quantile,0.7,0
2026-09-26,-1,wk inc rsv prop ed visits,2026-09-19,33,quantile,0.75,0
2026-09-26,-1,wk inc rsv prop ed visits,2026-09-19,33,quantile,0.8,0
2026-09-26,-1,wk inc rsv prop ed visits,2026-09-19,33,quantile,0.85,0
2026-09-26,-1,wk inc rsv prop ed visits,2026-09-19,33,quantile,0.9,0
2026-09-26,-1,wk inc rsv prop ed visits,2026-09-19,33,quantile,0.95,0
2026-09-26,-1,wk inc rsv prop ed visits,2026-09-19,33,quantile,0.975,0
2026-09-26,-1,wk inc rsv prop ed visits,2026-09-19,33,quantile,0.99,0
2026-09-26,-1,wk inc rsv prop ed visits,2026-09-19,34,quantile,0.01,4e-4
2026-09-26,-1,wk inc rsv prop ed visits,2026-09-19,34,quantile,0.025,4e-4
2026-09-26,-1,wk inc rsv prop ed visits,2026-09-19,34,quantile,0.05,4e-4
2026-09-26,-1,wk inc rsv prop ed visits,2026-09-19,34,quantile,0.1,4e-4
2026-09-26,-1,wk inc rsv prop ed visits,2026-09-19,34,quantile,0.15,4e-4
2026-09-26,-1,wk inc rsv prop ed visits,2026-09-19,34,quantile,0.2,4e-4
2026-09-26,-1,wk inc rsv prop ed visits,2026-09-19,34,quantile,0.25,4e-4
2026-09-26,-1,wk inc rsv prop ed visits,2026-09-19,34,quantile,0.3,4e-4
2026-09-26,-1,wk inc rsv prop ed visits,2026-09-19,34,quantile,0.35,4e-4
2026-09-26,-1,wk inc rsv prop ed visits,2026-09-19,34,quantile,0.4,4e-4
2026-09-26,-1,wk inc rsv prop ed visits,2026-09-19,34,quantile,0.45,4e-4
2026-09-26,-1,wk inc rsv prop ed visits,2026-09-19,34,quantile,0.5,4e-4
2026-09-26,-1,wk inc rsv prop ed visits,2026-09-19,34,quantile,0.55,4e-4
2026-09-26,-1,wk inc rsv prop ed visits,2026-09-19,34,quantile,0.6,4e-4
2026-09-26,-1,wk inc rsv prop ed visits,2026-09-19,34,quantile,0.65,4e-4
2026-09-26,-1,wk inc rsv prop ed visits,2026-09-19,34,quantile,0.7,4e-4
2026-09-26,-1,wk inc rsv prop ed visits,2026-09-19,34,quantile,0.75,4e-4
2026-09-26,-1,wk inc rsv prop ed visits,2026-09-19,34,quantile,0.8,4e-4
2026-09-26,-1,wk inc rsv prop ed visits,2026-09-19,34,quantile,0.85,4e-4
2026-09-26,-1,wk inc rsv prop ed visits,2026-09-19,34,quantile,0.9,4e-4
2026-09-26,-1,wk inc rsv prop ed visits,2026-09-19,34,quantile,0.95,4e-4
2026-09-26,-1,wk inc rsv prop ed visits,2026-09-19,34,quantile,0.975,4e-4
2026-09-26,-1,wk inc rsv prop ed visits,2026-09-19,34,quantile,0.99,4e-4
2026-09-26,-1,wk inc rsv prop ed visits,2026-09-19,35,quantile,0.01,1e-4
2026-09-26,-1,wk inc rsv prop ed visits,2026-09-19,35,quantile,0.025,1e-4
2026-09-26,-1,wk inc rsv prop ed visits,2026-09-19,35,quantile,0.05,1e-4
2026-09-26,-1,wk inc rsv prop ed visits,2026-09-19,35,quantile,0.1,1e-4
2026-09-26,-1,wk inc rsv prop ed visits,2026-09-19,35,quantile,0.15,1e-4
2026-09-26,-1,wk inc rsv prop ed visits,2026-09-19,35,quantile,0.2,1e-4
2026-09-26,-1,wk inc rsv prop ed visits,2026-09-19,35,quantile,0.25,1e-4
2026-09-26,-1,wk inc rsv prop ed visits,2026-09-19,35,quantile,0.3,1e-4
2026-09-26,-1,wk inc rsv prop ed visits,2026-09-19,35,quantile,0.35,1e-4
2026-09-26,-1,wk inc rsv prop ed visits,2026-09-19,35,quantile,0.4,1e-4
2026-09-26,-1,wk inc rsv prop ed visits,2026-09-19,35,quantile,0.45,1e-4
2026-09-26,-1,wk inc rsv prop ed visits,2026-09-19,35,quantile,0.5,1e-4
2026-09-26,-1,wk inc rsv prop ed visits,2026-09-19,35,quantile,0.55,1e-4
2026-09-26,-1,wk inc rsv prop ed visits,2026-09-19,35,quantile,0.6,1e-4
2026-09-26,-1,wk inc rsv prop ed visits,2026-09-19,35,quantile,0.65,1e-4
2026-09-26,-1,wk inc rsv prop ed visits,2026-09-19,35,quantile,0.7,1e-4
2026-09-26,-1,wk inc rsv prop ed visits,2026-09-19,35,quantile,0.75,1e-4
2026-09-26,-1,wk inc rsv prop ed visits,2026-09-19,35,quantile,0.8,1e-4
2026-09-26,-1,wk inc rsv prop ed visits,2026-09-19,35,quantile,0.85,1e-4
2026-09-26,-1,wk inc rsv prop ed visits,2026-09-19,35,quantile,0.9,1e-4
2026-09-26,-1,wk inc rsv prop ed visits,2026-09-19,35,quantile,0.95,1e-4
2026-09-26,-1,wk inc rsv prop ed visits,2026-09-19,35,quantile,0.975,1e-4
2026-09-26,-1,wk inc rsv prop ed visits,2026-09-19,35,quantile,0.99,1e-4
2026-09-26,-1,wk inc rsv prop ed visits,2026-09-19,36,quantile,0.01,1e-4
2026-09-26,-1,wk inc rsv prop ed visits,2026-09-19,36,quantile,0.025,1e-4
2026-09-26,-1,wk inc rsv prop ed visits,2026-09-19,36,quantile,0.05,1e-4
2026-09-26,-1,wk inc rsv prop ed visits,2026-09-19,36,quantile,0.1,1e-4
2026-09-26,-1,wk inc rsv prop ed visits,2026-09-19,36,quantile,0.15,1e-4
2026-09-26,-1,wk inc rsv prop ed visits,2026-09-19,36,quantile,0.2,1e-4
2026-09-26,-1,wk inc rsv prop ed visits,2026-09-19,36,quantile,0.25,1e-4
2026-09-26,-1,wk inc rsv prop ed visits,2026-09-19,36,quantile,0.3,1e-4
2026-09-26,-1,wk inc rsv prop ed visits,2026-09-19,36,quantile,0.35,1e-4
2026-09-26,-1,wk inc rsv prop ed visits,2026-09-19,36,quantile,0.4,1e-4
2026-09-26,-1,wk inc rsv prop ed visits,2026-09-19,36,quantile,0.45,1e-4
2026-09-26,-1,wk inc rsv prop ed visits,2026-09-19,36,quantile,0.5,1e-4
2026-09-26,-1,wk inc rsv prop ed visits,2026-09-19,36,quantile,0.55,1e-4
2026-09-26,-1,wk inc rsv prop ed visits,2026-09-19,36,quantile,0.6,1e-4
2026-09-26,-1,wk inc rsv prop ed visits,2026-09-19,36,quantile,0.65,1e-4
2026-09-26,-1,wk inc rsv prop ed visits,2026-09-19,36,quantile,0.7,1e-4
2026-09-26,-1,wk inc rsv prop ed visits,2026-09-19,36,quantile,0.75,1e-4
2026-09-26,-1,wk inc rsv prop ed visits,2026-09-19,36,quantile,0.8,1e-4
2026-09-26,-1,wk inc rsv prop ed visits,2026-09-19,36,quantile,0.85,1e-4
2026-09-26,-1,wk inc rsv prop ed visits,2026-09-19,36,quantile,0.9,1e-4
2026-09-26,-1,wk inc rsv prop ed visits,2026-09-19,36,quantile,0.95,1e-4
2026-09-26,-1,wk inc rsv prop ed visits,2026-09-19,36,quantile,0.975,1e-4
2026-09-26,-1,wk inc rsv prop ed visits,2026-09-19,36,quantile,0.99,1e-4
2026-09-26,-1,wk inc rsv prop ed visits,2026-09-19,37,quantile,0.01,3e-4
2026-09-26,-1,wk inc rsv prop ed visits,2026-09-19,37,quantile,0.025,3e-4
2026-09-26,-1,wk inc rsv prop ed visits,2026-09-19,37,quantile,0.05,3e-4
2026-09-26,-1,wk inc rsv prop ed visits,2026-09-19,37,quantile,0.1,3e-4
2026-09-26,-1,wk inc rsv prop ed visits,2026-09-19,37,quantile,0.15,3e-4
2026-09-26,-1,wk inc rsv prop ed visits,2026-09-19,37,quantile,0.2,3e-4
2026-09-26,-1,wk inc rsv prop ed visits,2026-09-19,37,quantile,0.25,3e-4
2026-09-26,-1,wk inc rsv prop ed visits,2026-09-19,37,quantile,0.3,3e-4
2026-09-26,-1,wk inc rsv prop ed visits,2026-09-19,37,quantile,0.35,3e-4
2026-09-26,-1,wk inc rsv prop ed visits,2026-09-19,37,quantile,0.4,3e-4
2026-09-26,-1,wk inc rsv prop ed visits,2026-09-19,37,quantile,0.45,3e-4
2026-09-26,-1,wk inc rsv prop ed visits,2026-09-19,37,quantile,0.5,3e-4
2026-09-26,-1,wk inc rsv prop ed visits,2026-09-19,37,quantile,0.55,3e-4
2026-09-26,-1,wk inc rsv prop ed visits,2026-09-19,37,quantile,0.6,3e-4
2026-09-26,-1,wk inc rsv prop ed visits,2026-09-19,37,quantile,0.65,3e-4
2026-09-26,-1,wk inc rsv prop ed visits,2026-09-19,37,quantile,0.7,3e-4
2026-09-26,-1,wk inc rsv prop ed visits,2026-09-19,37,quantile,0.75,3e-4
2026-09-26,-1,wk inc rsv prop ed visits,2026-09-19,37,quantile,0.8,3e-4
2026-09-26,-1,wk inc rsv prop ed visits,2026-09-19,37,quantile,0.85,3e-4
2026-09-26,-1,wk inc rsv prop ed visits,2026-09-19,37,quantile,0.9,3e-4
2026-09-26,-1,wk inc rsv prop ed visits,2026-09-19,37,quantile,0.95,3e-4
2026-09-26,-1,wk inc rsv prop ed visits,2026-09-19,37,quantile,0.975,3e-4
2026-09-26,-1,wk inc rsv prop ed visits,2026-09-19,37,quantile,0.99,3e-4
2026-09-26,-1,wk inc rsv prop ed visits,2026-09-19,38,quantile,0.01,1e-4
2026-09-26,-1,wk inc rsv prop ed visits,2026-09-19,38,quantile,0.025,1e-4
2026-09-26,-1,wk inc rsv prop ed visits,2026-09-19,38,quantile,0.05,1e-4
2026-09-26,-1,wk inc rsv prop ed visits,2026-09-19,38,quantile,0.1,1e-4
2026-09-26,-1,wk inc rsv prop ed visits,2026-09-19,38,quantile,0.15,1e-4
2026-09-26,-1,wk inc rsv prop ed visits,2026-09-19,38,quantile,0.2,1e-4
2026-09-26,-1,wk inc rsv prop ed visits,2026-09-19,38,quantile,0.25,1e-4
2026-09-26,-1,wk inc rsv prop ed visits,2026-09-19,38,quantile,0.3,1e-4
2026-09-26,-1,wk inc rsv prop ed visits,2026-09-19,38,quantile,0.35,1e-4
2026-09-26,-1,wk inc rsv prop ed visits,2026-09-19,38,quantile,0.4,1e-4
2026-09-26,-1,wk inc rsv prop ed visits,2026-09-19,38,quantile,0.45,1e-4
2026-09-26,-1,wk inc rsv prop ed visits,2026-09-19,38,quantile,0.5,1e-4
2026-09-26,-1,wk inc rsv prop ed visits,2026-09-19,38,quantile,0.55,1e-4
2026-09-26,-1,wk inc rsv prop ed visits,2026-09-19,38,quantile,0.6,1e-4
2026-09-26,-1,wk inc rsv prop ed visits,2026-09-19,38,quantile,0.65,1e-4
2026-09-26,-1,wk inc rsv prop ed visits,2026-09-19,38,quantile,0.7,1e-4
2026-09-26,-1,wk inc rsv prop ed visits,2026-09-19,38,quantile,0.75,1e-4
2026-09-26,-1,wk inc rsv prop ed visits,2026-09-19,38,quantile,0.8,1e-4
2026-09-26,-1,wk inc rsv prop ed visits,2026-09-19,38,quantile,0.85,1e-4
2026-09-26,-1,wk inc rsv prop ed visits,2026-09-19,38,quantile,0.9,1e-4
2026-09-26,-1,wk inc rsv prop ed visits,2026-09-19,38,quantile,0.95,1e-4
2026-09-26,-1,wk inc rsv prop ed visits,2026-09-19,38,quantile,0.975,1e-4
2026-09-26,-1,wk inc rsv prop ed visits,2026-09-19,38,quantile,0.99,1e-4
2026-09-26,-1,wk inc rsv prop ed visits,2026-09-19,39,quantile,0.01,1e-4
2026-09-26,-1,wk inc rsv prop ed visits,2026-09-19,39,quantile,0.025,1e-4
2026-09-26,-1,wk inc rsv prop ed visits,2026-09-19,39,quantile,0.05,1e-4
2026-09-26,-1,wk inc rsv prop ed visits,2026-09-19,39,quantile,0.1,1e-4
2026-09-26,-1,wk inc rsv prop ed visits,2026-09-19,39,quantile,0.15,1e-4
2026-09-26,-1,wk inc rsv prop ed visits,2026-09-19,39,quantile,0.2,1e-4
2026-09-26,-1,wk inc rsv prop ed visits,2026-09-19,39,quantile,0.25,1e-4
2026-09-26,-1,wk inc rsv prop ed visits,2026-09-19,39,quantile,0.3,1e-4
2026-09-26,-1,wk inc rsv prop ed visits,2026-09-19,39,quantile,0.35,1e-4
2026-09-26,-1,wk inc rsv prop ed visits,2026-09-19,39,quantile,0.4,1e-4
2026-09-26,-1,wk inc rsv prop ed visits,2026-09-19,39,quantile,0.45,1e-4
2026-09-26,-1,wk inc rsv prop ed visits,2026-09-19,39,quantile,0.5,1e-4
2026-09-26,-1,wk inc rsv prop ed visits,2026-09-19,39,quantile,0.55,1e-4
2026-09-26,-1,wk inc rsv prop ed visits,2026-09-19,39,quantile,0.6,1e-4
2026-09-26,-1,wk inc rsv prop ed visits,2026-09-19,39,quantile,0.65,1e-4
2026-09-26,-1,wk inc rsv prop ed visits,2026-09-19,39,quantile,0.7,1e-4
2026-09-26,-1,wk inc rsv prop ed visits,2026-09-19,39,quantile,0.75,1e-4
2026-09-26,-1,wk inc rsv prop ed visits,2026-09-19,39,quantile,0.8,1e-4
2026-09-26,-1,wk inc rsv prop ed visits,2026-09-19,39,quantile,0.85,1e-4
2026-09-26,-1,wk inc rsv prop ed visits,2026-09-19,39,quantile,0.9,1e-4
2026-09-26,-1,wk inc rsv prop ed visits,2026-09-19,39,quantile,0.95,1e-4
2026-09-26,-1,wk inc rsv prop ed visits,2026-09-19,39,quantile,0.975,1e-4
2026-09-26,-1,wk inc rsv prop ed visits,2026-09-19,39,quantile,0.99,1e-4
2026-09-26,-1,wk inc rsv prop ed visits,2026-09-19,40,quantile,0.01,2e-4
2026-09-26,-1,wk inc rsv prop ed visits,2026-09-19,40,quantile,0.025,2e-4
2026-09-26,-1,wk inc rsv prop ed visits,2026-09-19,40,quantile,0.05,2e-4
2026-09-26,-1,wk inc rsv prop ed visits,2026-09-19,40,quantile,0.1,2e-4
2026-09-26,-1,wk inc rsv prop ed visits,2026-09-19,40,quantile,0.15,2e-4
2026-09-26,-1,wk inc rsv prop ed visits,2026-09-19,40,quantile,0.2,2e-4
2026-09-26,-1,wk inc rsv prop ed visits,2026-09-19,40,quantile,0.25,2e-4
2026-09-26,-1,wk inc rsv prop ed visits,2026-09-19,40,quantile,0.3,2e-4
2026-09-26,-1,wk inc rsv prop ed visits,2026-09-19,40,quantile,0.35,2e-4
2026-09-26,-1,wk inc rsv prop ed visits,2026-09-19,40,quantile,0.4,2e-4
2026-09-26,-1,wk inc rsv prop ed visits,2026-09-19,40,quantile,0.45,2e-4
2026-09-26,-1,wk inc rsv prop ed visits,2026-09-19,40,quantile,0.5,2e-4
2026-09-26,-1,wk inc rsv prop ed visits,2026-09-19,40,quantile,0.55,2e-4
2026-09-26,-1,wk inc rsv prop ed visits,2026-09-19,40,quantile,0.6,2e-4
2026-09-26,-1,wk inc rsv prop ed visits,2026-09-19,40,quantile,0.65,2e-4
2026-09-26,-1,wk inc rsv prop ed visits,2026-09-19,40,quantile,0.7,2e-4
2026-09-26,-1,wk inc rsv prop ed visits,2026-09-19,40,quantile,0.75,2e-4
2026-09-26,-1,wk inc rsv prop ed visits,2026-09-19,40,quantile,0.8,2e-4
2026-09-26,-1,wk inc rsv prop ed visits,2026-09-19,40,quantile,0.85,2e-4
2026-09-26,-1,wk inc rsv prop ed visits,2026-09-19,40,quantile,0.9,2e-4
2026-09-26,-1,wk inc rsv prop ed visits,2026-09-19,40,quantile,0.95,2e-4
2026-09-26,-1,wk inc rsv prop ed visits,2026-09-19,40,quantile,0.975,2e-4
2026-09-26,-1,wk inc rsv prop ed visits,2026-09-19,40,quantile,0.99,2e-4
2026-09-26,-1,wk inc rsv prop ed visits,2026-09-19,41,quantile,0.01,2e-4
2026-09-26,-1,wk inc rsv prop ed visits,2026-09-19,41,quantile,0.025,2e-4
2026-09-26,-1,wk inc rsv prop ed visits,2026-09-19,41,quantile,0.05,2e-4
2026-09-26,-1,wk inc rsv prop ed visits,2026-09-19,41,quantile,0.1,2e-4
2026-09-26,-1,wk inc rsv prop ed visits,2026-09-19,41,quantile,0.15,2e-4
2026-09-26,-1,wk inc rsv prop ed visits,2026-09-19,41,quantile,0.2,2e-4
2026-09-26,-1,wk inc rsv prop ed visits,2026-09-19,41,quantile,0.25,2e-4
2026-09-26,-1,wk inc rsv prop ed visits,2026-09-19,41,quantile,0.3,2e-4
2026-09-26,-1,wk inc rsv prop ed visits,2026-09-19,41,quantile,0.35,2e-4
2026-09-26,-1,wk inc rsv prop ed visits,2026-09-19,41,quantile,0.4,2e-4
2026-09-26,-1,wk inc rsv prop ed visits,2026-09-19,41,quantile,0.45,2e-4
2026-09-26,-1,wk inc rsv prop ed visits,2026-09-19,41,quantile,0.5,2e-4
2026-09-26,-1,wk inc rsv prop ed visits,2026-09-19,41,quantile,0.55,2e-4
2026-09-26,-1,wk inc rsv prop ed visits,2026-09-19,41,quantile,0.6,2e-4
2026-09-26,-1,wk inc rsv prop ed visits,2026-09-19,41,quantile,0.65,2e-4
2026-09-26,-1,wk inc rsv prop ed visits,2026-09-19,41,quantile,0.7,2e-4
2026-09-26,-1,wk inc rsv prop ed visits,2026-09-19,41,quantile,0.75,2e-4
2026-09-26,-1,wk inc rsv prop ed visits,2026-09-19,41,quantile,0.8,2e-4
2026-09-26,-1,wk inc rsv prop ed visits,2026-09-19,41,quantile,0.85,2e-4
2026-09-26,-1,wk inc rsv prop ed visits,2026-09-19,41,quantile,0.9,2e-4
2026-09-26,-1,wk inc rsv prop ed visits,2026-09-19,41,quantile,0.95,2e-4
2026-09-26,-1,wk inc rsv prop ed visits,2026-09-19,41,quantile,0.975,2e-4
2026-09-26,-1,wk inc rsv prop ed visits,2026-09-19,41,quantile,0.99,2e-4
2026-09-26,-1,wk inc rsv prop ed visits,2026-09-19,42,quantile,0.01,1e-4
2026-09-26,-1,wk inc rsv prop ed visits,2026-09-19,42,quantile,0.025,1e-4
2026-09-26,-1,wk inc rsv prop ed visits,2026-09-19,42,quantile,0.05,1e-4
2026-09-26,-1,wk inc rsv prop ed visits,2026-09-19,42,quantile,0.1,1e-4
2026-09-26,-1,wk inc rsv prop ed visits,2026-09-19,42,quantile,0.15,1e-4
2026-09-26,-1,wk inc rsv prop ed visits,2026-09-19,42,quantile,0.2,1e-4
2026-09-26,-1,wk inc rsv prop ed visits,2026-09-19,42,quantile,0.25,1e-4
2026-09-26,-1,wk inc rsv prop ed visits,2026-09-19,42,quantile,0.3,1e-4
2026-09-26,-1,wk inc rsv prop ed visits,2026-09-19,42,quantile,0.35,1e-4
2026-09-26,-1,wk inc rsv prop ed visits,2026-09-19,42,quantile,0.4,1e-4
2026-09-26,-1,wk inc rsv prop ed visits,2026-09-19,42,quantile,0.45,1e-4
2026-09-26,-1,wk inc rsv prop ed visits,2026-09-19,42,quantile,0.5,1e-4
2026-09-26,-1,wk inc rsv prop ed visits,2026-09-19,42,quantile,0.55,1e-4
2026-09-26,-1,wk inc rsv prop ed visits,2026-09-19,42,quantile,0.6,1e-4
2026-09-26,-1,wk inc rsv prop ed visits,2026-09-19,42,quantile,0.65,1e-4
2026-09-26,-1,wk inc rsv prop ed visits,2026-09-19,42,quantile,0.7,1e-4
2026-09-26,-1,wk inc rsv prop ed visits,2026-09-19,42,quantile,0.75,1e-4
2026-09-26,-1,wk inc rsv prop ed visits,2026-09-19,42,quantile,0.8,1e-4
2026-09-26,-1,wk inc rsv prop ed visits,2026-09-19,42,quantile,0.85,1e-4
2026-09-26,-1,wk inc rsv prop ed visits,2026-09-19,42,quantile,0.9,1e-4
2026-09-26,-1,wk inc rsv prop ed visits,2026-09-19,42,quantile,0.95,1e-4
2026-09-26,-1,wk inc rsv prop ed visits,2026-09-19,42,quantile,0.975,1e-4
2026-09-26,-1,wk inc rsv prop ed visits,2026-09-19,42,quantile,0.99,1e-4
2026-09-26,-1,wk inc rsv prop ed visits,2026-09-19,44,quantile,0.01,2e-4
2026-09-26,-1,wk inc rsv prop ed visits,2026-09-19,44,quantile,0.025,2e-4
2026-09-26,-1,wk inc rsv prop ed visits,2026-09-19,44,quantile,0.05,2e-4
2026-09-26,-1,wk inc rsv prop ed visits,2026-09-19,44,quantile,0.1,2e-4
2026-09-26,-1,wk inc rsv prop ed visits,2026-09-19,44,quantile,0.15,2e-4
2026-09-26,-1,wk inc rsv prop ed visits,2026-09-19,44,quantile,0.2,2e-4
2026-09-26,-1,wk inc rsv prop ed visits,2026-09-19,44,quantile,0.25,2e-4
2026-09-26,-1,wk inc rsv prop ed visits,2026-09-19,44,quantile,0.3,2e-4
2026-09-26,-1,wk inc rsv prop ed visits,2026-09-19,44,quantile,0.35,2e-4
2026-09-26,-1,wk inc rsv prop ed visits,2026-09-19,44,quantile,0.4,2e-4
2026-09-26,-1,wk inc rsv prop ed visits,2026-09-19,44,quantile,0.45,2e-4
2026-09-26,-1,wk inc rsv prop ed visits,2026-09-19,44,quantile,0.5,2e-4
2026-09-26,-1,wk inc rsv prop ed visits,2026-09-19,44,quantile,0.55,2e-4
2026-09-26,-1,wk inc rsv prop ed visits,2026-09-19,44,quantile,0.6,2e-4
2026-09-26,-1,wk inc rsv prop ed visits,2026-09-19,44,quantile,0.65,2e-4
2026-09-26,-1,wk inc rsv prop ed visits,2026-09-19,44,quantile,0.7,2e-4
2026-09-26,-1,wk inc rsv prop ed visits,2026-09-19,44,quantile,0.75,2e-4
2026-09-26,-1,wk inc rsv prop ed visits,2026-09-19,44,quantile,0.8,2e-4
2026-09-26,-1,wk inc rsv prop ed visits,2026-09-19,44,quantile,0.85,2e-4
2026-09-26,-1,wk inc rsv prop ed visits,2026-09-19,44,quantile,0.9,2e-4
2026-09-26,-1,wk inc rsv prop ed visits,2026-09-19,44,quantile,0.95,2e-4
2026-09-26,-1,wk inc rsv prop ed visits,2026-09-19,44,quantile,0.975,2e-4
2026-09-26,-1,wk inc rsv prop ed visits,2026-09-19,44,quantile,0.99,2e-4
2026-09-26,-1,wk inc rsv prop ed visits,2026-09-19,45,quantile,0.01,4e-4
2026-09-26,-1,wk inc rsv prop ed visits,2026-09-19,45,quantile,0.025,4e-4
2026-09-26,-1,wk inc rsv prop ed visits,2026-09-19,45,quantile,0.05,4e-4
2026-09-26,-1,wk inc rsv prop ed visits,2026-09-19,45,quantile,0.1,4e-4
2026-09-26,-1,wk inc rsv prop ed visits,2026-09-19,45,quantile,0.15,4e-4
2026-09-26,-1,wk inc rsv prop ed visits,2026-09-19,45,quantile,0.2,4e-4
2026-09-26,-1,wk inc rsv prop ed visits,2026-09-19,45,quantile,0.25,4e-4
2026-09-26,-1,wk inc rsv prop ed visits,2026-09-19,45,quantile,0.3,4e-4
2026-09-26,-1,wk inc rsv prop ed visits,2026-09-19,45,quantile,0.35,4e-4
2026-09-26,-1,wk inc rsv prop ed visits,2026-09-19,45,quantile,0.4,4e-4
2026-09-26,-1,wk inc rsv prop ed visits,2026-09-19,45,quantile,0.45,4e-4
2026-09-26,-1,wk inc rsv prop ed visits,2026-09-19,45,quantile,0.5,4e-4
2026-09-26,-1,wk inc rsv prop ed visits,2026-09-19,45,quantile,0.55,4e-4
2026-09-26,-1,wk inc rsv prop ed visits,2026-09-19,45,quantile,0.6,4e-4
2026-09-26,-1,wk inc rsv prop ed visits,2026-09-19,45,quantile,0.65,4e-4
2026-09-26,-1,wk inc rsv prop ed visits,2026-09-19,45,quantile,0.7,4e-4
2026-09-26,-1,wk inc rsv prop ed visits,2026-09-19,45,quantile,0.75,4e-4
2026-09-26,-1,wk inc rsv prop ed visits,2026-09-19,45,quantile,0.8,4e-4
2026-09-26,-1,wk inc rsv prop ed visits,2026-09-19,45,quantile,0.85,4e-4
2026-09-26,-1,wk inc rsv prop ed visits,2026-09-19,45,quantile,0.9,4e-4
2026-09-26,-1,wk inc rsv prop ed visits,2026-09-19,45,quantile,0.95,4e-4
2026-09-26,-1,wk inc rsv prop ed visits,2026-09-19,45,quantile,0.975,4e-4
2026-09-26,-1,wk inc rsv prop ed visits,2026-09-19,45,quantile,0.99,4e-4
2026-09-26,-1,wk inc rsv prop ed visits,2026-09-19,46,quantile,0.01,0
2026-09-26,-1,wk inc rsv prop ed visits,2026-09-19,46,quantile,0.025,0
2026-09-26,-1,wk inc rsv prop ed visits,2026-09-19,46,quantile,0.05,0
2026-09-26,-1,wk inc rsv prop ed visits,2026-09-19,46,quantile,0.1,0
2026-09-26,-1,wk inc rsv prop ed visits,2026-09-19,46,quantile,0.15,0
2026-09-26,-1,wk inc rsv prop ed visits,2026-09-19,46,quantile,0.2,0
2026-09-26,-1,wk inc rsv prop ed visits,2026-09-19,46,quantile,0.25,0
2026-09-26,-1,wk inc rsv prop ed visits,2026-09-19,46,quantile,0.3,0
2026-09-26,-1,wk inc rsv prop ed visits,2026-09-19,46,quantile,0.35,0
2026-09-26,-1,wk inc rsv prop ed visits,2026-09-19,46,quantile,0.4,0
2026-09-26,-1,wk inc rsv prop ed visits,2026-09-19,46,quantile,0.45,0
2026-09-26,-1,wk inc rsv prop ed visits,2026-09-19,46,quantile,0.5,0
2026-09-26,-1,wk inc rsv prop ed visits,2026-09-19,46,quantile,0.55,0
2026-09-26,-1,wk inc rsv prop ed visits,2026-09-19,46,quantile,0.6,0
2026-09-26,-1,wk inc rsv prop ed visits,2026-09-19,46,quantile,0.65,0
2026-09-26,-1,wk inc rsv prop ed visits,2026-09-19,46,quantile,0.7,0
2026-09-26,-1,wk inc rsv prop ed visits,2026-09-19,46,quantile,0.75,0
2026-09-26,-1,wk inc rsv prop ed visits,2026-09-19,46,quantile,0.8,0
2026-09-26,-1,wk inc rsv prop ed visits,2026-09-19,46,quantile,0.85,0
2026-09-26,-1,wk inc rsv prop ed visits,2026-09-19,46,quantile,0.9,0
2026-09-26,-1,wk inc rsv prop ed visits,2026-09-19,46,quantile,0.95,0
2026-09-26,-1,wk inc rsv prop ed visits,2026-09-19,46,quantile,0.975,0
2026-09-26,-1,wk inc rsv prop ed visits,2026-09-19,46,quantile,0.99,0
2026-09-26,-1,wk inc rsv prop ed visits,2026-09-19,47,quantile,0.01,4e-4
2026-09-26,-1,wk inc rsv prop ed visits,2026-09-19,47,quantile,0.025,4e-4
2026-09-26,-1,wk inc rsv prop ed visits,2026-09-19,47,quantile,0.05,4e-4
2026-09-26,-1,wk inc rsv prop ed visits,2026-09-19,47,quantile,0.1,4e-4
2026-09-26,-1,wk inc rsv prop ed visits,2026-09-19,47,quantile,0.15,4e-4
2026-09-26,-1,wk inc rsv prop ed visits,2026-09-19,47,quantile,0.2,4e-4
2026-09-26,-1,wk inc rsv prop ed visits,2026-09-19,47,quantile,0.25,4e-4
2026-09-26,-1,wk inc rsv prop ed visits,2026-09-19,47,quantile,0.3,4e-4
2026-09-26,-1,wk inc rsv prop ed visits,2026-09-19,47,quantile,0.35,4e-4
2026-09-26,-1,wk inc rsv prop ed visits,2026-09-19,47,quantile,0.4,4e-4
2026-09-26,-1,wk inc rsv prop ed visits,2026-09-19,47,quantile,0.45,4e-4
2026-09-26,-1,wk inc rsv prop ed visits,2026-09-19,47,quantile,0.5,4e-4
2026-09-26,-1,wk inc rsv prop ed visits,2026-09-19,47,quantile,0.55,4e-4
2026-09-26,-1,wk inc rsv prop ed visits,2026-09-19,47,quantile,0.6,4e-4
2026-09-26,-1,wk inc rsv prop ed visits,2026-09-19,47,quantile,0.65,4e-4
2026-09-26,-1,wk inc rsv prop ed visits,2026-09-19,47,quantile,0.7,4e-4
2026-09-26,-1,wk inc rsv prop ed visits,2026-09-19,47,quantile,0.75,4e-4
2026-09-26,-1,wk inc rsv prop ed visits,2026-09-19,47,quantile,0.8,4e-4
2026-09-26,-1,wk inc rsv prop ed visits,2026-09-19,47,quantile,0.85,4e-4
2026-09-26,-1,wk inc rsv prop ed visits,2026-09-19,47,quantile,0.9,4e-4
2026-09-26,-1,wk inc rsv prop ed visits,2026-09-19,47,quantile,0.95,4e-4
2026-09-26,-1,wk inc rsv prop ed visits,2026-09-19,47,quantile,0.975,4e-4
2026-09-26,-1,wk inc rsv prop ed visits,2026-09-19,47,quantile,0.99,4e-4
2026-09-26,-1,wk inc rsv prop ed visits,2026-09-19,48,quantile,0.01,6e-4
2026-09-26,-1,wk inc rsv prop ed visits,2026-09-19,48,quantile,0.025,6e-4
2026-09-26,-1,wk inc rsv prop ed visits,2026-09-19,48,quantile,0.05,6e-4
2026-09-26,-1,wk inc rsv prop ed visits,2026-09-19,48,quantile,0.1,6e-4
2026-09-26,-1,wk inc rsv prop ed visits,2026-09-19,48,quantile,0.15,6e-4
2026-09-26,-1,wk inc rsv prop ed visits,2026-09-19,48,quantile,0.2,6e-4
2026-09-26,-1,wk inc rsv prop ed visits,2026-09-19,48,quantile,0.25,6e-4
2026-09-26,-1,wk inc rsv prop ed visits,2026-09-19,48,quantile,0.3,6e-4
2026-09-26,-1,wk inc rsv prop ed visits,2026-09-19,48,quantile,0.35,6e-4
2026-09-26,-1,wk inc rsv prop ed visits,2026-09-19,48,quantile,0.4,6e-4
2026-09-26,-1,wk inc rsv prop ed visits,2026-09-19,48,quantile,0.45,6e-4
2026-09-26,-1,wk inc rsv prop ed visits,2026-09-19,48,quantile,0.5,6e-4
2026-09-26,-1,wk inc rsv prop ed visits,2026-09-19,48,quantile,0.55,6e-4
2026-09-26,-1,wk inc rsv prop ed visits,2026-09-19,48,quantile,0.6,6e-4
2026-09-26,-1,wk inc rsv prop ed visits,2026-09-19,48,quantile,0.65,6e-4
2026-09-26,-1,wk inc rsv prop ed visits,2026-09-19,48,quantile,0.7,6e-4
2026-09-26,-1,wk inc rsv prop ed visits,2026-09-19,48,quantile,0.75,6e-4
2026-09-26,-1,wk inc rsv prop ed visits,2026-09-19,48,quantile,0.8,6e-4
2026-09-26,-1,wk inc rsv prop ed visits,2026-09-19,48,quantile,0.85,6e-4
2026-09-26,-1,wk inc rsv prop ed visits,2026-09-19,48,quantile,0.9,6e-4
2026-09-26,-1,wk inc rsv prop ed visits,2026-09-19,48,quantile,0.95,6e-4
2026-09-26,-1,wk inc rsv prop ed visits,2026-09-19,48,quantile,0.975,6e-4
2026-09-26,-1,wk inc rsv prop ed visits,2026-09-19,48,quantile,0.99,6e-4
2026-09-26,-1,wk inc rsv prop ed visits,2026-09-19,49,quantile,0.01,0
2026-09-26,-1,wk inc rsv prop ed visits,2026-09-19,49,quantile,0.025,0
2026-09-26,-1,wk inc rsv prop ed visits,2026-09-19,49,quantile,0.05,0
2026-09-26,-1,wk inc rsv prop ed visits,2026-09-19,49,quantile,0.1,0
2026-09-26,-1,wk inc rsv prop ed visits,2026-09-19,49,quantile,0.15,0
2026-09-26,-1,wk inc rsv prop ed visits,2026-09-19,49,quantile,0.2,0
2026-09-26,-1,wk inc rsv prop ed visits,2026-09-19,49,quantile,0.25,0
2026-09-26,-1,wk inc rsv prop ed visits,2026-09-19,49,quantile,0.3,0
2026-09-26,-1,wk inc rsv prop ed visits,2026-09-19,49,quantile,0.35,0
2026-09-26,-1,wk inc rsv prop ed visits,2026-09-19,49,quantile,0.4,0
2026-09-26,-1,wk inc rsv prop ed visits,2026-09-19,49,quantile,0.45,0
2026-09-26,-1,wk inc rsv prop ed visits,2026-09-19,49,quantile,0.5,0
2026-09-26,-1,wk inc rsv prop ed visits,2026-09-19,49,quantile,0.55,0
2026-09-26,-1,wk inc rsv prop ed visits,2026-09-19,49,quantile,0.6,0
2026-09-26,-1,wk inc rsv prop ed visits,2026-09-19,49,quantile,0.65,0
2026-09-26,-1,wk inc rsv prop ed visits,2026-09-19,49,quantile,0.7,0
2026-09-26,-1,wk inc rsv prop ed visits,2026-09-19,49,quantile,0.75,0
2026-09-26,-1,wk inc rsv prop ed visits,2026-09-19,49,quantile,0.8,0
2026-09-26,-1,wk inc rsv prop ed visits,2026-09-19,49,quantile,0.85,0
2026-09-26,-1,wk inc rsv prop ed visits,2026-09-19,49,quantile,0.9,0
2026-09-26,-1,wk inc rsv prop ed visits,2026-09-19,49,quantile,0.95,0
2026-09-26,-1,wk inc rsv prop ed visits,2026-09-19,49,quantile,0.975,0
2026-09-26,-1,wk inc rsv prop ed visits,2026-09-19,49,quantile,0.99,0
2026-09-26,-1,wk inc rsv prop ed visits,2026-09-19,50,quantile,0.01,0
2026-09-26,-1,wk inc rsv prop ed visits,2026-09-19,50,quantile,0.025,0
2026-09-26,-1,wk inc rsv prop ed visits,2026-09-19,50,quantile,0.05,0
2026-09-26,-1,wk inc rsv prop ed visits,2026-09-19,50,quantile,0.1,0
2026-09-26,-1,wk inc rsv prop ed visits,2026-09-19,50,quantile,0.15,0
2026-09-26,-1,wk inc rsv prop ed visits,2026-09-19,50,quantile,0.2,0
2026-09-26,-1,wk inc rsv prop ed visits,2026-09-19,50,quantile,0.25,0
2026-09-26,-1,wk inc rsv prop ed visits,2026-09-19,50,quantile,0.3,0
2026-09-26,-1,wk inc rsv prop ed visits,2026-09-19,50,quantile,0.35,0
2026-09-26,-1,wk inc rsv prop ed visits,2026-09-19,50,quantile,0.4,0
2026-09-26,-1,wk inc rsv prop ed visits,2026-09-19,50,quantile,0.45,0
2026-09-26,-1,wk inc rsv prop ed visits,2026-09-19,50,quantile,0.5,0
2026-09-26,-1,wk inc rsv prop ed visits,2026-09-19,50,quantile,0.55,0
2026-09-26,-1,wk inc rsv prop ed visits,2026-09-19,50,quantile,0.6,0
2026-09-26,-1,wk inc rsv prop ed visits,2026-09-19,50,quantile,0.65,0
2026-09-26,-1,wk inc rsv prop ed visits,2026-09-19,50,quantile,0.7,0
2026-09-26,-1,wk inc rsv prop ed visits,2026-09-19,50,quantile,0.75,0
2026-09-26,-1,wk inc rsv prop ed visits,2026-09-19,50,quantile,0.8,0
2026-09-26,-1,wk inc rsv prop ed visits,2026-09-19,50,quantile,0.85,0
2026-09-26,-1,wk inc rsv prop ed visits,2026-09-19,50,quantile,0.9,0
2026-09-26,-1,wk inc rsv prop ed visits,2026-09-19,50,quantile,0.95,0
2026-09-26,-1,wk inc rsv prop ed visits,2026-09-19,50,quantile,0.975,0
2026-09-26,-1,wk inc rsv prop ed visits,2026-09-19,50,quantile,0.99,0
2026-09-26,-1,wk inc rsv prop ed visits,2026-09-19,51,quantile,0.01,2e-4
2026-09-26,-1,wk inc rsv prop ed visits,2026-09-19,51,quantile,0.025,2e-4
2026-09-26,-1,wk inc rsv prop ed visits,2026-09-19,51,quantile,0.05,2e-4
2026-09-26,-1,wk inc rsv prop ed visits,2026-09-19,51,quantile,0.1,2e-4
2026-09-26,-1,wk inc rsv prop ed visits,2026-09-19,51,quantile,0.15,2e-4
2026-09-26,-1,wk inc rsv prop ed visits,2026-09-19,51,quantile,0.2,2e-4
2026-09-26,-1,wk inc rsv prop ed visits,2026-09-19,51,quantile,0.25,2e-4
2026-09-26,-1,wk inc rsv prop ed visits,2026-09-19,51,quantile,0.3,2e-4
2026-09-26,-1,wk inc rsv prop ed visits,2026-09-19,51,quantile,0.35,2e-4
2026-09-26,-1,wk inc rsv prop ed visits,2026-09-19,51,quantile,0.4,2e-4
2026-09-26,-1,wk inc rsv prop ed visits,2026-09-19,51,quantile,0.45,2e-4
2026-09-26,-1,wk inc rsv prop ed visits,2026-09-19,51,quantile,0.5,2e-4
2026-09-26,-1,wk inc rsv prop ed visits,2026-09-19,51,quantile,0.55,2e-4
2026-09-26,-1,wk inc rsv prop ed visits,2026-09-19,51,quantile,0.6,2e-4
2026-09-26,-1,wk inc rsv prop ed visits,2026-09-19,51,quantile,0.65,2e-4
2026-09-26,-1,wk inc rsv prop ed visits,2026-09-19,51,quantile,0.7,2e-4
2026-09-26,-1,wk inc rsv prop ed visits,2026-09-19,51,quantile,0.75,2e-4
2026-09-26,-1,wk inc rsv prop ed visits,2026-09-19,51,quantile,0.8,2e-4
2026-09-26,-1,wk inc rsv prop ed visits,2026-09-19,51,quantile,0.85,2e-4
2026-09-26,-1,wk inc rsv prop ed visits,2026-09-19,51,quantile,0.9,2e-4
2026-09-26,-1,wk inc rsv prop ed visits,2026-09-19,51,quantile,0.95,2e-4
2026-09-26,-1,wk inc rsv prop ed visits,2026-09-19,51,quantile,0.975,2e-4
2026-09-26,-1,wk inc rsv prop ed visits,2026-09-19,51,quantile,0.99,2e-4
2026-09-26,-1,wk inc rsv prop ed visits,2026-09-19,53,quantile,0.01,1e-4
2026-09-26,-1,wk inc rsv prop ed visits,2026-09-19,53,quantile,0.025,1e-4
2026-09-26,-1,wk inc rsv prop ed visits,2026-09-19,53,quantile,0.05,1e-4
2026-09-26,-1,wk inc rsv prop ed visits,2026-09-19,53,quantile,0.1,1e-4
2026-09-26,-1,wk inc rsv prop ed visits,2026-09-19,53,quantile,0.15,1e-4
2026-09-26,-1,wk inc rsv prop ed visits,2026-09-19,53,quantile,0.2,1e-4
2026-09-26,-1,wk inc rsv prop ed visits,2026-09-19,53,quantile,0.25,1e-4
2026-09-26,-1,wk inc rsv prop ed visits,2026-09-19,53,quantile,0.3,1e-4
2026-09-26,-1,wk inc rsv prop ed visits,2026-09-19,53,quantile,0.35,1e-4
2026-09-26,-1,wk inc rsv prop ed visits,2026-09-19,53,quantile,0.4,1e-4
2026-09-26,-1,wk inc rsv prop ed visits,2026-09-19,53,quantile,0.45,1e-4
2026-09-26,-1,wk inc rsv prop ed visits,2026-09-19,53,quantile,0.5,1e-4
2026-09-26,-1,wk inc rsv prop ed visits,2026-09-19,53,quantile,0.55,1e-4
2026-09-26,-1,wk inc rsv prop ed visits,2026-09-19,53,quantile,0.6,1e-4
2026-09-26,-1,wk inc rsv prop ed visits,2026-09-19,53,quantile,0.65,1e-4
2026-09-26,-1,wk inc rsv prop ed visits,2026-09-19,53,quantile,0.7,1e-4
2026-09-26,-1,wk inc rsv prop ed visits,2026-09-19,53,quantile,0.75,1e-4
2026-09-26,-1,wk inc rsv prop ed visits,2026-09-19,53,quantile,0.8,1e-4
2026-09-26,-1,wk inc rsv prop ed visits,2026-09-19,53,quantile,0.85,1e-4
2026-09-26,-1,wk inc rsv prop ed visits,2026-09-19,53,quantile,0.9,1e-4
2026-09-26,-1,wk inc rsv prop ed visits,2026-09-19,53,quantile,0.95,1e-4
2026-09-26,-1,wk inc rsv prop ed visits,2026-09-19,53,quantile,0.975,1e-4
2026-09-26,-1,wk inc rsv prop ed visits,2026-09-19,53,quantile,0.99,1e-4
2026-09-26,-1,wk inc rsv prop ed visits,2026-09-19,54,quantile,0.01,2e-4
2026-09-26,-1,wk inc rsv prop ed visits,2026-09-19,54,quantile,0.025,2e-4
2026-09-26,-1,wk inc rsv prop ed visits,2026-09-19,54,quantile,0.05,2e-4
2026-09-26,-1,wk inc rsv prop ed visits,2026-09-19,54,quantile,0.1,2e-4
2026-09-26,-1,wk inc rsv prop ed visits,2026-09-19,54,quantile,0.15,2e-4
2026-09-26,-1,wk inc rsv prop ed visits,2026-09-19,54,quantile,0.2,2e-4
2026-09-26,-1,wk inc rsv prop ed visits,2026-09-19,54,quantile,0.25,2e-4
2026-09-26,-1,wk inc rsv prop ed visits,2026-09-19,54,quantile,0.3,2e-4
2026-09-26,-1,wk inc rsv prop ed visits,2026-09-19,54,quantile,0.35,2e-4
2026-09-26,-1,wk inc rsv prop ed visits,2026-09-19,54,quantile,0.4,2e-4
2026-09-26,-1,wk inc rsv prop ed visits,2026-09-19,54,quantile,0.45,2e-4
2026-09-26,-1,wk inc rsv prop ed visits,2026-09-19,54,quantile,0.5,2e-4
2026-09-26,-1,wk inc rsv prop ed visits,2026-09-19,54,quantile,0.55,2e-4
2026-09-26,-1,wk inc rsv prop ed visits,2026-09-19,54,quantile,0.6,2e-4
2026-09-26,-1,wk inc rsv prop ed visits,2026-09-19,54,quantile,0.65,2e-4
2026-09-26,-1,wk inc rsv prop ed visits,2026-09-19,54,quantile,0.7,2e-4
2026-09-26,-1,wk inc rsv prop ed visits,2026-09-19,54,quantile,0.75,2e-4
2026-09-26,-1,wk inc rsv prop ed visits,2026-09-19,54,quantile,0.8,2e-4
2026-09-26,-1,wk inc rsv prop ed visits,2026-09-19,54,quantile,0.85,2e-4
2026-09-26,-1,wk inc rsv prop ed visits,2026-09-19,54,quantile,0.9,2e-4
2026-09-26,-1,wk inc rsv prop ed visits,2026-09-19,54,quantile,0.95,2e-4
2026-09-26,-1,wk inc rsv prop ed visits,2026-09-19,54,quantile,0.975,2e-4
2026-09-26,-1,wk inc rsv prop ed visits,2026-09-19,54,quantile,0.99,2e-4
2026-09-26,-1,wk inc rsv prop ed visits,2026-09-19,55,quantile,0.01,1e-4
2026-09-26,-1,wk inc rsv prop ed visits,2026-09-19,55,quantile,0.025,1e-4
2026-09-26,-1,wk inc rsv prop ed visits,2026-09-19,55,quantile,0.05,1e-4
2026-09-26,-1,wk inc rsv prop ed visits,2026-09-19,55,quantile,0.1,1e-4
2026-09-26,-1,wk inc rsv prop ed visits,2026-09-19,55,quantile,0.15,1e-4
2026-09-26,-1,wk inc rsv prop ed visits,2026-09-19,55,quantile,0.2,1e-4
2026-09-26,-1,wk inc rsv prop ed visits,2026-09-19,55,quantile,0.25,1e-4
2026-09-26,-1,wk inc rsv prop ed visits,2026-09-19,55,quantile,0.3,1e-4
2026-09-26,-1,wk inc rsv prop ed visits,2026-09-19,55,quantile,0.35,1e-4
2026-09-26,-1,wk inc rsv prop ed visits,2026-09-19,55,quantile,0.4,1e-4
2026-09-26,-1,wk inc rsv prop ed visits,2026-09-19,55,quantile,0.45,1e-4
2026-09-26,-1,wk inc rsv prop ed visits,2026-09-19,55,quantile,0.5,1e-4
2026-09-26,-1,wk inc rsv prop ed visits,2026-09-19,55,quantile,0.55,1e-4
2026-09-26,-1,wk inc rsv prop ed visits,2026-09-19,55,quantile,0.6,1e-4
2026-09-26,-1,wk inc rsv prop ed visits,2026-09-19,55,quantile,0.65,1e-4
2026-09-26,-1,wk inc rsv prop ed visits,2026-09-19,55,quantile,0.7,1e-4
2026-09-26,-1,wk inc rsv prop ed visits,2026-09-19,55,quantile,0.75,1e-4
2026-09-26,-1,wk inc rsv prop ed visits,2026-09-19,55,quantile,0.8,1e-4
2026-09-26,-1,wk inc rsv prop ed visits,2026-09-19,55,quantile,0.85,1e-4
2026-09-26,-1,wk inc rsv prop ed visits,2026-09-19,55,quantile,0.9,1e-4
2026-09-26,-1,wk inc rsv prop ed visits,2026-09-19,55,quantile,0.95,1e-4
2026-09-26,-1,wk inc rsv prop ed visits,2026-09-19,55,quantile,0.975,1e-4
2026-09-26,-1,wk inc rsv prop ed visits,2026-09-19,55,quantile,0.99,1e-4
2026-09-26,-1,wk inc rsv prop ed visits,2026-09-19,56,quantile,0.01,0.0012
2026-09-26,-1,wk inc rsv prop ed visits,2026-09-19,56,quantile,0.025,0.0012
2026-09-26,-1,wk inc rsv prop ed visits,2026-09-19,56,quantile,0.05,0.0012
2026-09-26,-1,wk inc rsv prop ed visits,2026-09-19,56,quantile,0.1,0.0012
2026-09-26,-1,wk inc rsv prop ed visits,2026-09-19,56,quantile,0.15,0.0012
2026-09-26,-1,wk inc rsv prop ed visits,2026-09-19,56,quantile,0.2,0.0012
2026-09-26,-1,wk inc rsv prop ed visits,2026-09-19,56,quantile,0.25,0.0012
2026-09-26,-1,wk inc rsv prop ed visits,2026-09-19,56,quantile,0.3,0.0012
2026-09-26,-1,wk inc rsv prop ed visits,2026-09-19,56,quantile,0.35,0.0012
2026-09-26,-1,wk inc rsv prop ed visits,2026-09-19,56,quantile,0.4,0.0012
2026-09-26,-1,wk inc rsv prop ed visits,2026-09-19,56,quantile,0.45,0.0012
2026-09-26,-1,wk inc rsv prop ed visits,2026-09-19,56,quantile,0.5,0.0012
2026-09-26,-1,wk inc rsv prop ed visits,2026-09-19,56,quantile,0.55,0.0012
2026-09-26,-1,wk inc rsv prop ed visits,2026-09-19,56,quantile,0.6,0.0012
2026-09-26,-1,wk inc rsv prop ed visits,2026-09-19,56,quantile,0.65,0.0012
2026-09-26,-1,wk inc rsv prop ed visits,2026-09-19,56,quantile,0.7,0.0012
2026-09-26,-1,wk inc rsv prop ed visits,2026-09-19,56,quantile,0.75,0.0012
2026-09-26,-1,wk inc rsv prop ed visits,2026-09-19,56,quantile,0.8,0.0012
2026-09-26,-1,wk inc rsv prop ed visits,2026-09-19,56,quantile,0.85,0.0012
2026-09-26,-1,wk inc rsv prop ed visits,2026-09-19,56,quantile,0.9,0.0012
2026-09-26,-1,wk inc rsv prop ed visits,2026-09-19,56,quantile,0.95,0.0012
2026-09-26,-1,wk inc rsv prop ed visits,2026-09-19,56,quantile,0.975,0.0012
2026-09-26,-1,wk inc rsv prop ed visits,2026-09-19,56,quantile,0.99,0.0012
2026-09-26,-1,wk inc rsv prop ed visits,2026-09-19,US,quantile,0.01,3e-4
2026-09-26,-1,wk inc rsv prop ed visits,2026-09-19,US,quantile,0.025,3e-4
2026-09-26,-1,wk inc rsv prop ed visits,2026-09-19,US,quantile,0.05,3e-4
2026-09-26,-1,wk inc rsv prop ed visits,2026-09-19,US,quantile,0.1,3e-4
2026-09-26,-1,wk inc rsv prop ed visits,2026-09-19,US,quantile,0.15,3e-4
2026-09-26,-1,wk inc rsv prop ed visits,2026-09-19,US,quantile,0.2,3e-4
2026-09-26,-1,wk inc rsv prop ed visits,2026-09-19,US,quantile,0.25,3e-4
2026-09-26,-1,wk inc rsv prop ed visits,2026-09-19,US,quantile,0.3,3e-4
2026-09-26,-1,wk inc rsv prop ed visits,2026-09-19,US,quantile,0.35,3e-4
2026-09-26,-1,wk inc rsv prop ed visits,2026-09-19,US,quantile,0.4,3e-4
2026-09-26,-1,wk inc rsv prop ed visits,2026-09-19,US,quantile,0.45,3e-4
2026-09-26,-1,wk inc rsv prop ed visits,2026-09-19,US,quantile,0.5,3e-4
2026-09-26,-1,wk inc rsv prop ed visits,2026-09-19,US,quantile,0.55,3e-4
2026-09-26,-1,wk inc rsv prop ed visits,2026-09-19,US,quantile,0.6,3e-4
2026-09-26,-1,wk inc rsv prop ed visits,2026-09-19,US,quantile,0.65,3e-4
2026-09-26,-1,wk inc rsv prop ed visits,2026-09-19,US,quantile,0.7,3e-4
2026-09-26,-1,wk inc rsv prop ed visits,2026-09-19,US,quantile,0.75,3e-4
2026-09-26,-1,wk inc rsv prop ed visits,2026-09-19,US,quantile,0.8,3e-4
2026-09-26,-1,wk inc rsv prop ed visits,2026-09-19,US,quantile,0.85,3e-4
2026-09-26,-1,wk inc rsv prop ed visits,2026-09-19,US,quantile,0.9,3e-4
2026-09-26,-1,wk inc rsv prop ed visits,2026-09-19,US,quantile,0.95,3e-4
2026-09-26,-1,wk inc rsv prop ed visits,2026-09-19,US,quantile,0.975,3e-4
2026-09-26,-1,wk inc rsv prop ed visits,2026-09-19,US,quantile,0.99,3e-4
2026-09-26,0,wk inc rsv prop ed visits,2026-09-26,01,quantile,0.01,0
2026-09-26,0,wk inc rsv prop ed visits,2026-09-26,01,quantile,0.025,0
2026-09-26,0,wk inc rsv prop ed visits,2026-09-26,01,quantile,0.05,0
2026-09-26,0,wk inc rsv prop ed visits,2026-09-26,01,quantile,0.1,0
2026-09-26,0,wk inc rsv prop ed visits,2026-09-26,01,quantile,0.15,1.9999999999999987e-4
2026-09-26,0,wk inc rsv prop ed visits,2026-09-26,01,quantile,0.2,3.0000000000000003e-4
2026-09-26,0,wk inc rsv prop ed visits,2026-09-26,01,quantile,0.25,3.9999999999999996e-4
2026-09-26,0,wk inc rsv prop ed visits,2026-09-26,01,quantile,0.3,4.899999999999982e-4
2026-09-26,0,wk inc rsv prop ed visits,2026-09-26,01,quantile,0.35,4.999999999999999e-4
2026-09-26,0,wk inc rsv prop ed visits,2026-09-26,01,quantile,0.4,5e-4
2026-09-26,0,wk inc rsv prop ed visits,2026-09-26,01,quantile,0.45,6e-4
2026-09-26,0,wk inc rsv prop ed visits,2026-09-26,01,quantile,0.5,6e-4
2026-09-26,0,wk inc rsv prop ed visits,2026-09-26,01,quantile,0.55,6e-4
2026-09-26,0,wk inc rsv prop ed visits,2026-09-26,01,quantile,0.6,6.999999999999999e-4
2026-09-26,0,wk inc rsv prop ed visits,2026-09-26,01,quantile,0.65,7e-4
2026-09-26,0,wk inc rsv prop ed visits,2026-09-26,01,quantile,0.7,7.099999999999942e-4
2026-09-26,0,wk inc rsv prop ed visits,2026-09-26,01,quantile,0.75,7.999999999999999e-4
2026-09-26,0,wk inc rsv prop ed visits,2026-09-26,01,quantile,0.8,8.999999999999999e-4
2026-09-26,0,wk inc rsv prop ed visits,2026-09-26,01,quantile,0.85,0.001
2026-09-26,0,wk inc rsv prop ed visits,2026-09-26,01,quantile,0.9,0.0013
2026-09-26,0,wk inc rsv prop ed visits,2026-09-26,01,quantile,0.95,0.0019999999999999996
2026-09-26,0,wk inc rsv prop ed visits,2026-09-26,01,quantile,0.975,0.0026000000000000025
2026-09-26,0,wk inc rsv prop ed visits,2026-09-26,01,quantile,0.99,0.003300000000000001
2026-09-26,0,wk inc rsv prop ed visits,2026-09-26,02,quantile,0.01,0
2026-09-26,0,wk inc rsv prop ed visits,2026-09-26,02,quantile,0.025,0
2026-09-26,0,wk inc rsv prop ed visits,2026-09-26,02,quantile,0.05,0
2026-09-26,0,wk inc rsv prop ed visits,2026-09-26,02,quantile,0.1,0
2026-09-26,0,wk inc rsv prop ed visits,2026-09-26,02,quantile,0.15,0
2026-09-26,0,wk inc rsv prop ed visits,2026-09-26,02,quantile,0.2,0
2026-09-26,0,wk inc rsv prop ed visits,2026-09-26,02,quantile,0.25,0
2026-09-26,0,wk inc rsv prop ed visits,2026-09-26,02,quantile,0.3,0
2026-09-26,0,wk inc rsv prop ed visits,2026-09-26,02,quantile,0.35,0
2026-09-26,0,wk inc rsv prop ed visits,2026-09-26,02,quantile,0.4,0
2026-09-26,0,wk inc rsv prop ed visits,2026-09-26,02,quantile,0.45,0
2026-09-26,0,wk inc rsv prop ed visits,2026-09-26,02,quantile,0.5,0
2026-09-26,0,wk inc rsv prop ed visits,2026-09-26,02,quantile,0.55,1.500000000000135e-5
2026-09-26,0,wk inc rsv prop ed visits,2026-09-26,02,quantile,0.6,1.0000000000000005e-4
2026-09-26,0,wk inc rsv prop ed visits,2026-09-26,02,quantile,0.65,3e-4
2026-09-26,0,wk inc rsv prop ed visits,2026-09-26,02,quantile,0.7,3.9999999999999996e-4
2026-09-26,0,wk inc rsv prop ed visits,2026-09-26,02,quantile,0.75,5.000000000000004e-4
2026-09-26,0,wk inc rsv prop ed visits,2026-09-26,02,quantile,0.8,7.999999999999999e-4
2026-09-26,0,wk inc rsv prop ed visits,2026-09-26,02,quantile,0.85,0.001099999999999997
2026-09-26,0,wk inc rsv prop ed visits,2026-09-26,02,quantile,0.9,0.0021000000000000003
2026-09-26,0,wk inc rsv prop ed visits,2026-09-26,02,quantile,0.95,0.003300000000000001
2026-09-26,0,wk inc rsv prop ed visits,2026-09-26,02,quantile,0.975,0.0042000000000000015
2026-09-26,0,wk inc rsv prop ed visits,2026-09-26,02,quantile,0.99,0.005495999999999954
2026-09-26,0,wk inc rsv prop ed visits,2026-09-26,04,quantile,0.01,0
2026-09-26,0,wk inc rsv prop ed visits,2026-09-26,04,quantile,0.025,0
2026-09-26,0,wk inc rsv prop ed visits,2026-09-26,04,quantile,0.05,0
2026-09-26,0,wk inc rsv prop ed visits,2026-09-26,04,quantile,0.1,0
2026-09-26,0,wk inc rsv prop ed visits,2026-09-26,04,quantile,0.15,0
2026-09-26,0,wk inc rsv prop ed visits,2026-09-26,04,quantile,0.2,0
2026-09-26,0,wk inc rsv prop ed visits,2026-09-26,04,quantile,0.25,0
2026-09-26,0,wk inc rsv prop ed visits,2026-09-26,04,quantile,0.3,4.0657581468206416e-20
2026-09-26,0,wk inc rsv prop ed visits,2026-09-26,04,quantile,0.35,1e-4
2026-09-26,0,wk inc rsv prop ed visits,2026-09-26,04,quantile,0.4,1e-4
2026-09-26,0,wk inc rsv prop ed visits,2026-09-26,04,quantile,0.45,1e-4
2026-09-26,0,wk inc rsv prop ed visits,2026-09-26,04,quantile,0.5,1e-4
2026-09-26,0,wk inc rsv prop ed visits,2026-09-26,04,quantile,0.55,1e-4
2026-09-26,0,wk inc rsv prop ed visits,2026-09-26,04,quantile,0.6,1e-4
2026-09-26,0,wk inc rsv prop ed visits,2026-09-26,04,quantile,0.65,1e-4
2026-09-26,0,wk inc rsv prop ed visits,2026-09-26,04,quantile,0.7,1.9999999999999998e-4
2026-09-26,0,wk inc rsv prop ed visits,2026-09-26,04,quantile,0.75,2e-4
2026-09-26,0,wk inc rsv prop ed visits,2026-09-26,04,quantile,0.8,3e-4
2026-09-26,0,wk inc rsv prop ed visits,2026-09-26,04,quantile,0.85,4e-4
2026-09-26,0,wk inc rsv prop ed visits,2026-09-26,04,quantile,0.9,6.000000000000001e-4
2026-09-26,0,wk inc rsv prop ed visits,2026-09-26,04,quantile,0.95,0.0011000000000000003
2026-09-26,0,wk inc rsv prop ed visits,2026-09-26,04,quantile,0.975,0.0015999999999999992
2026-09-26,0,wk inc rsv prop ed visits,2026-09-26,04,quantile,0.99,0.002373999999999988
2026-09-26,0,wk inc rsv prop ed visits,2026-09-26,05,quantile,0.01,0
2026-09-26,0,wk inc rsv prop ed visits,2026-09-26,05,quantile,0.025,0
2026-09-26,0,wk inc rsv prop ed visits,2026-09-26,05,quantile,0.05,0
2026-09-26,0,wk inc rsv prop ed visits,2026-09-26,05,quantile,0.1,0
2026-09-26,0,wk inc rsv prop ed visits,2026-09-26,05,quantile,0.15,0
2026-09-26,0,wk inc rsv prop ed visits,2026-09-26,05,quantile,0.2,1.0842021724855044e-19
2026-09-26,0,wk inc rsv prop ed visits,2026-09-26,05,quantile,0.25,1.9999999999999993e-4
2026-09-26,0,wk inc rsv prop ed visits,2026-09-26,05,quantile,0.3,2e-4
2026-09-26,0,wk inc rsv prop ed visits,2026-09-26,05,quantile,0.35,3e-4
2026-09-26,0,wk inc rsv prop ed visits,2026-09-26,05,quantile,0.4,3.0000000000000003e-4
2026-09-26,0,wk inc rsv prop ed visits,2026-09-26,05,quantile,0.45,3.000000000000036e-4
2026-09-26,0,wk inc rsv prop ed visits,2026-09-26,05,quantile,0.5,4e-4
2026-09-26,0,wk inc rsv prop ed visits,2026-09-26,05,quantile,0.55,4.999999999999964e-4
2026-09-26,0,wk inc rsv prop ed visits,2026-09-26,05,quantile,0.6,5e-4
2026-09-26,0,wk inc rsv prop ed visits,2026-09-26,05,quantile,0.65,5e-4
2026-09-26,0,wk inc rsv prop ed visits,2026-09-26,05,quantile,0.7,6.000000000000001e-4
2026-09-26,0,wk inc rsv prop ed visits,2026-09-26,05,quantile,0.75,6.000000000000001e-4
2026-09-26,0,wk inc rsv prop ed visits,2026-09-26,05,quantile,0.8,7.999999999999999e-4
2026-09-26,0,wk inc rsv prop ed visits,2026-09-26,05,quantile,0.85,0.0010999999999999996
2026-09-26,0,wk inc rsv prop ed visits,2026-09-26,05,quantile,0.9,0.0015999999999999996
2026-09-26,0,wk inc rsv prop ed visits,2026-09-26,05,quantile,0.95,0.0028999999999999994
2026-09-26,0,wk inc rsv prop ed visits,2026-09-26,05,quantile,0.975,0.0037349999999999888
2026-09-26,0,wk inc rsv prop ed visits,2026-09-26,05,quantile,0.99,0.005769999999999942
2026-09-26,0,wk inc rsv prop ed visits,2026-09-26,06,quantile,0.01,0
2026-09-26,0,wk inc rsv prop ed visits,2026-09-26,06,quantile,0.025,0
2026-09-26,0,wk inc rsv prop ed visits,2026-09-26,06,quantile,0.05,0
2026-09-26,0,wk inc rsv prop ed visits,2026-09-26,06,quantile,0.1,0
2026-09-26,0,wk inc rsv prop ed visits,2026-09-26,06,quantile,0.15,0
2026-09-26,0,wk inc rsv prop ed visits,2026-09-26,06,quantile,0.2,2.710505431213761e-20
2026-09-26,0,wk inc rsv prop ed visits,2026-09-26,06,quantile,0.25,1e-4
2026-09-26,0,wk inc rsv prop ed visits,2026-09-26,06,quantile,0.3,1.0000000000000005e-4
2026-09-26,0,wk inc rsv prop ed visits,2026-09-26,06,quantile,0.35,2e-4
2026-09-26,0,wk inc rsv prop ed visits,2026-09-26,06,quantile,0.4,2e-4
2026-09-26,0,wk inc rsv prop ed visits,2026-09-26,06,quantile,0.45,2e-4
2026-09-26,0,wk inc rsv prop ed visits,2026-09-26,06,quantile,0.5,2e-4
2026-09-26,0,wk inc rsv prop ed visits,2026-09-26,06,quantile,0.55,2e-4
2026-09-26,0,wk inc rsv prop ed visits,2026-09-26,06,quantile,0.6,2e-4
2026-09-26,0,wk inc rsv prop ed visits,2026-09-26,06,quantile,0.65,2e-4
2026-09-26,0,wk inc rsv prop ed visits,2026-09-26,06,quantile,0.7,3e-4
2026-09-26,0,wk inc rsv prop ed visits,2026-09-26,06,quantile,0.75,3.0000000000000003e-4
2026-09-26,0,wk inc rsv prop ed visits,2026-09-26,06,quantile,0.8,3.9999999999999996e-4
2026-09-26,0,wk inc rsv prop ed visits,2026-09-26,06,quantile,0.85,5.050000000000006e-4
2026-09-26,0,wk inc rsv prop ed visits,2026-09-26,06,quantile,0.9,7.999999999999998e-4
2026-09-26,0,wk inc rsv prop ed visits,2026-09-26,06,quantile,0.95,0.0011349999999999997
2026-09-26,0,wk inc rsv prop ed visits,2026-09-26,06,quantile,0.975,0.0017000000000000001
2026-09-26,0,wk inc rsv prop ed visits,2026-09-26,06,quantile,0.99,0.00233499999999997
2026-09-26,0,wk inc rsv prop ed visits,2026-09-26,08,quantile,0.01,0
2026-09-26,0,wk inc rsv prop ed visits,2026-09-26,08,quantile,0.025,0
2026-09-26,0,wk inc rsv prop ed visits,2026-09-26,08,quantile,0.05,0
2026-09-26,0,wk inc rsv prop ed visits,2026-09-26,08,quantile,0.1,0
2026-09-26,0,wk inc rsv prop ed visits,2026-09-26,08,quantile,0.15,0
2026-09-26,0,wk inc rsv prop ed visits,2026-09-26,08,quantile,0.2,0
2026-09-26,0,wk inc rsv prop ed visits,2026-09-26,08,quantile,0.25,0
2026-09-26,0,wk inc rsv prop ed visits,2026-09-26,08,quantile,0.3,0
2026-09-26,0,wk inc rsv prop ed visits,2026-09-26,08,quantile,0.35,4.0657581468206416e-20
2026-09-26,0,wk inc rsv prop ed visits,2026-09-26,08,quantile,0.4,1e-4
2026-09-26,0,wk inc rsv prop ed visits,2026-09-26,08,quantile,0.45,1e-4
2026-09-26,0,wk inc rsv prop ed visits,2026-09-26,08,quantile,0.5,1e-4
2026-09-26,0,wk inc rsv prop ed visits,2026-09-26,08,quantile,0.55,1e-4
2026-09-26,0,wk inc rsv prop ed visits,2026-09-26,08,quantile,0.6,1e-4
2026-09-26,0,wk inc rsv prop ed visits,2026-09-26,08,quantile,0.65,1.9999999999999998e-4
2026-09-26,0,wk inc rsv prop ed visits,2026-09-26,08,quantile,0.7,2e-4
2026-09-26,0,wk inc rsv prop ed visits,2026-09-26,08,quantile,0.75,3.0000000000000003e-4
2026-09-26,0,wk inc rsv prop ed visits,2026-09-26,08,quantile,0.8,3.9999999999999964e-4
2026-09-26,0,wk inc rsv prop ed visits,2026-09-26,08,quantile,0.85,5.000000000000002e-4
2026-09-26,0,wk inc rsv prop ed visits,2026-09-26,08,quantile,0.9,8.999999999999993e-4
2026-09-26,0,wk inc rsv prop ed visits,2026-09-26,08,quantile,0.95,0.0019000000000000002
2026-09-26,0,wk inc rsv prop ed visits,2026-09-26,08,quantile,0.975,0.002367499999999993
2026-09-26,0,wk inc rsv prop ed visits,2026-09-26,08,quantile,0.99,0.00463499999999997
2026-09-26,0,wk inc rsv prop ed visits,2026-09-26,09,quantile,0.01,0
2026-09-26,0,wk inc rsv prop ed visits,2026-09-26,09,quantile,0.025,0
2026-09-26,0,wk inc rsv prop ed visits,2026-09-26,09,quantile,0.05,0
2026-09-26,0,wk inc rsv prop ed visits,2026-09-26,09,quantile,0.1,0
2026-09-26,0,wk inc rsv prop ed visits,2026-09-26,09,quantile,0.15,0
2026-09-26,0,wk inc rsv prop ed visits,2026-09-26,09,quantile,0.2,0
2026-09-26,0,wk inc rsv prop ed visits,2026-09-26,09,quantile,0.25,0
2026-09-26,0,wk inc rsv prop ed visits,2026-09-26,09,quantile,0.3,0
2026-09-26,0,wk inc rsv prop ed visits,2026-09-26,09,quantile,0.35,0
2026-09-26,0,wk inc rsv prop ed visits,2026-09-26,09,quantile,0.4,0
2026-09-26,0,wk inc rsv prop ed visits,2026-09-26,09,quantile,0.45,0
2026-09-26,0,wk inc rsv prop ed visits,2026-09-26,09,quantile,0.5,0
2026-09-26,0,wk inc rsv prop ed visits,2026-09-26,09,quantile,0.55,0
2026-09-26,0,wk inc rsv prop ed visits,2026-09-26,09,quantile,0.6,0
2026-09-26,0,wk inc rsv prop ed visits,2026-09-26,09,quantile,0.65,1e-4
2026-09-26,0,wk inc rsv prop ed visits,2026-09-26,09,quantile,0.7,1e-4
2026-09-26,0,wk inc rsv prop ed visits,2026-09-26,09,quantile,0.75,1.7499999999999978e-4
2026-09-26,0,wk inc rsv prop ed visits,2026-09-26,09,quantile,0.8,2.0000000000000004e-4
2026-09-26,0,wk inc rsv prop ed visits,2026-09-26,09,quantile,0.85,3.9999999999999975e-4
2026-09-26,0,wk inc rsv prop ed visits,2026-09-26,09,quantile,0.9,6.000000000000001e-4
2026-09-26,0,wk inc rsv prop ed visits,2026-09-26,09,quantile,0.95,0.0010350000000000001
2026-09-26,0,wk inc rsv prop ed visits,2026-09-26,09,quantile,0.975,0.0016000000000000003
2026-09-26,0,wk inc rsv prop ed visits,2026-09-26,09,quantile,0.99,0.0021999999999999997
2026-09-26,0,wk inc rsv prop ed visits,2026-09-26,10,quantile,0.01,0
2026-09-26,0,wk inc rsv prop ed visits,2026-09-26,10,quantile,0.025,0
2026-09-26,0,wk inc rsv prop ed visits,2026-09-26,10,quantile,0.05,0
2026-09-26,0,wk inc rsv prop ed visits,2026-09-26,10,quantile,0.1,0
2026-09-26,0,wk inc rsv prop ed visits,2026-09-26,10,quantile,0.15,0
2026-09-26,0,wk inc rsv prop ed visits,2026-09-26,10,quantile,0.2,9.999999999999972e-5
2026-09-26,0,wk inc rsv prop ed visits,2026-09-26,10,quantile,0.25,2.999999999999999e-4
2026-09-26,0,wk inc rsv prop ed visits,2026-09-26,10,quantile,0.3,3.9999999999999986e-4
2026-09-26,0,wk inc rsv prop ed visits,2026-09-26,10,quantile,0.35,3.9999999999999996e-4
2026-09-26,0,wk inc rsv prop ed visits,2026-09-26,10,quantile,0.4,4.999999999999999e-4
2026-09-26,0,wk inc rsv prop ed visits,2026-09-26,10,quantile,0.45,5e-4
2026-09-26,0,wk inc rsv prop ed visits,2026-09-26,10,quantile,0.5,6e-4
2026-09-26,0,wk inc rsv prop ed visits,2026-09-26,10,quantile,0.55,6.999999999999999e-4
2026-09-26,0,wk inc rsv prop ed visits,2026-09-26,10,quantile,0.6,7e-4
2026-09-26,0,wk inc rsv prop ed visits,2026-09-26,10,quantile,0.65,7.999999999999999e-4
2026-09-26,0,wk inc rsv prop ed visits,2026-09-26,10,quantile,0.7,8e-4
2026-09-26,0,wk inc rsv prop ed visits,2026-09-26,10,quantile,0.75,9e-4
2026-09-26,0,wk inc rsv prop ed visits,2026-09-26,10,quantile,0.8,0.0011000000000000003
2026-09-26,0,wk inc rsv prop ed visits,2026-09-26,10,quantile,0.85,0.0014999999999999996
2026-09-26,0,wk inc rsv prop ed visits,2026-09-26,10,quantile,0.9,0.0019999999999999996
2026-09-26,0,wk inc rsv prop ed visits,2026-09-26,10,quantile,0.95,0.0032049999999999986
2026-09-26,0,wk inc rsv prop ed visits,2026-09-26,10,quantile,0.975,0.004767499999999995
2026-09-26,0,wk inc rsv prop ed visits,2026-09-26,10,quantile,0.99,0.0069
2026-09-26,0,wk inc rsv prop ed visits,2026-09-26,11,quantile,0.01,0
2026-09-26,0,wk inc rsv prop ed visits,2026-09-26,11,quantile,0.025,0
2026-09-26,0,wk inc rsv prop ed visits,2026-09-26,11,quantile,0.05,0
2026-09-26,0,wk inc rsv prop ed visits,2026-09-26,11,quantile,0.1,0
2026-09-26,0,wk inc rsv prop ed visits,2026-09-26,11,quantile,0.15,0
2026-09-26,0,wk inc rsv prop ed visits,2026-09-26,11,quantile,0.2,0
2026-09-26,0,wk inc rsv prop ed visits,2026-09-26,11,quantile,0.25,0
2026-09-26,0,wk inc rsv prop ed visits,2026-09-26,11,quantile,0.3,0
2026-09-26,0,wk inc rsv prop ed visits,2026-09-26,11,quantile,0.35,0
2026-09-26,0,wk inc rsv prop ed visits,2026-09-26,11,quantile,0.4,0
2026-09-26,0,wk inc rsv prop ed visits,2026-09-26,11,quantile,0.45,0
2026-09-26,0,wk inc rsv prop ed visits,2026-09-26,11,quantile,0.5,0
2026-09-26,0,wk inc rsv prop ed visits,2026-09-26,11,quantile,0.55,9.999999999999994e-5
2026-09-26,0,wk inc rsv prop ed visits,2026-09-26,11,quantile,0.6,1.0000000000000005e-4
2026-09-26,0,wk inc rsv prop ed visits,2026-09-26,11,quantile,0.65,1.9999999999999998e-4
2026-09-26,0,wk inc rsv prop ed visits,2026-09-26,11,quantile,0.7,3e-4
2026-09-26,0,wk inc rsv prop ed visits,2026-09-26,11,quantile,0.75,4e-4
2026-09-26,0,wk inc rsv prop ed visits,2026-09-26,11,quantile,0.8,5e-4
2026-09-26,0,wk inc rsv prop ed visits,2026-09-26,11,quantile,0.85,7.05e-4
2026-09-26,0,wk inc rsv prop ed visits,2026-09-26,11,quantile,0.9,0.0010999999999999998
2026-09-26,0,wk inc rsv prop ed visits,2026-09-26,11,quantile,0.95,0.0019349999999999984
2026-09-26,0,wk inc rsv prop ed visits,2026-09-26,11,quantile,0.975,0.0029674999999999953
2026-09-26,0,wk inc rsv prop ed visits,2026-09-26,11,quantile,0.99,0.0037869999999999952
2026-09-26,0,wk inc rsv prop ed visits,2026-09-26,12,quantile,0.01,1.3000000000000723e-5
2026-09-26,0,wk inc rsv prop ed visits,2026-09-26,12,quantile,0.025,3.9999999999999953e-4
2026-09-26,0,wk inc rsv prop ed visits,2026-09-26,12,quantile,0.05,5.999999999999998e-4
2026-09-26,0,wk inc rsv prop ed visits,2026-09-26,12,quantile,0.1,8.99999999999999e-4
2026-09-26,0,wk inc rsv prop ed visits,2026-09-26,12,quantile,0.15,0.001
2026-09-26,0,wk inc rsv prop ed visits,2026-09-26,12,quantile,0.2,0.0010999999999999998
2026-09-26,0,wk inc rsv prop ed visits,2026-09-26,12,quantile,0.25,0.0011000000000000003
2026-09-26,0,wk inc rsv prop ed visits,2026-09-26,12,quantile,0.3,0.0012
2026-09-26,0,wk inc rsv prop ed visits,2026-09-26,12,quantile,0.35,0.0012000000000000001
2026-09-26,0,wk inc rsv prop ed visits,2026-09-26,12,quantile,0.4,0.0013
2026-09-26,0,wk inc rsv prop ed visits,2026-09-26,12,quantile,0.45,0.0013
2026-09-26,0,wk inc rsv prop ed visits,2026-09-26,12,quantile,0.5,0.0013
2026-09-26,0,wk inc rsv prop ed visits,2026-09-26,12,quantile,0.55,0.0013
2026-09-26,0,wk inc rsv prop ed visits,2026-09-26,12,quantile,0.6,0.0013
2026-09-26,0,wk inc rsv prop ed visits,2026-09-26,12,quantile,0.65,0.0013999999999999998
2026-09-26,0,wk inc rsv prop ed visits,2026-09-26,12,quantile,0.7,0.0014
2026-09-26,0,wk inc rsv prop ed visits,2026-09-26,12,quantile,0.75,0.0014999999999999996
2026-09-26,0,wk inc rsv prop ed visits,2026-09-26,12,quantile,0.8,0.0015
2026-09-26,0,wk inc rsv prop ed visits,2026-09-26,12,quantile,0.85,0.0015999999999999999
2026-09-26,0,wk inc rsv prop ed visits,2026-09-26,12,quantile,0.9,0.001700000000000001
2026-09-26,0,wk inc rsv prop ed visits,2026-09-26,12,quantile,0.95,0.002
2026-09-26,0,wk inc rsv prop ed visits,2026-09-26,12,quantile,0.975,0.0022000000000000006
2026-09-26,0,wk inc rsv prop ed visits,2026-09-26,12,quantile,0.99,0.0025869999999999934
2026-09-26,0,wk inc rsv prop ed visits,2026-09-26,13,quantile,0.01,0
2026-09-26,0,wk inc rsv prop ed visits,2026-09-26,13,quantile,0.025,0
2026-09-26,0,wk inc rsv prop ed visits,2026-09-26,13,quantile,0.05,0
2026-09-26,0,wk inc rsv prop ed visits,2026-09-26,13,quantile,0.1,0
2026-09-26,0,wk inc rsv prop ed visits,2026-09-26,13,quantile,0.15,1.9999999999999998e-4
2026-09-26,0,wk inc rsv prop ed visits,2026-09-26,13,quantile,0.2,3.0000000000000003e-4
2026-09-26,0,wk inc rsv prop ed visits,2026-09-26,13,quantile,0.25,3.9999999999999996e-4
2026-09-26,0,wk inc rsv prop ed visits,2026-09-26,13,quantile,0.3,4e-4
2026-09-26,0,wk inc rsv prop ed visits,2026-09-26,13,quantile,0.35,4.000000000000001e-4
2026-09-26,0,wk inc rsv prop ed visits,2026-09-26,13,quantile,0.4,5e-4
2026-09-26,0,wk inc rsv prop ed visits,2026-09-26,13,quantile,0.45,5e-4
2026-09-26,0,wk inc rsv prop ed visits,2026-09-26,13,quantile,0.5,5e-4
2026-09-26,0,wk inc rsv prop ed visits,2026-09-26,13,quantile,0.55,5e-4
2026-09-26,0,wk inc rsv prop ed visits,2026-09-26,13,quantile,0.6,5e-4
2026-09-26,0,wk inc rsv prop ed visits,2026-09-26,13,quantile,0.65,6e-4
2026-09-26,0,wk inc rsv prop ed visits,2026-09-26,13,quantile,0.7,6.000000000000001e-4
2026-09-26,0,wk inc rsv prop ed visits,2026-09-26,13,quantile,0.75,6.000000000000001e-4
2026-09-26,0,wk inc rsv prop ed visits,2026-09-26,13,quantile,0.8,7e-4
2026-09-26,0,wk inc rsv prop ed visits,2026-09-26,13,quantile,0.85,8e-4
2026-09-26,0,wk inc rsv prop ed visits,2026-09-26,13,quantile,0.9,0.0010700000000000006
2026-09-26,0,wk inc rsv prop ed visits,2026-09-26,13,quantile,0.95,0.0014349999999999996
2026-09-26,0,wk inc rsv prop ed visits,2026-09-26,13,quantile,0.975,0.0017674999999999941
2026-09-26,0,wk inc rsv prop ed visits,2026-09-26,13,quantile,0.99,0.001986999999999994
2026-09-26,0,wk inc rsv prop ed visits,2026-09-26,15,quantile,0.01,0
2026-09-26,0,wk inc rsv prop ed visits,2026-09-26,15,quantile,0.025,0
2026-09-26,0,wk inc rsv prop ed visits,2026-09-26,15,quantile,0.05,5.65e-4
2026-09-26,0,wk inc rsv prop ed visits,2026-09-26,15,quantile,0.1,0.0011000000000000003
2026-09-26,0,wk inc rsv prop ed visits,2026-09-26,15,quantile,0.15,0.0013
2026-09-26,0,wk inc rsv prop ed visits,2026-09-26,15,quantile,0.2,0.0015
2026-09-26,0,wk inc rsv prop ed visits,2026-09-26,15,quantile,0.25,0.0017
2026-09-26,0,wk inc rsv prop ed visits,2026-09-26,15,quantile,0.3,0.0017000000000000001
2026-09-26,0,wk inc rsv prop ed visits,2026-09-26,15,quantile,0.35,0.0018000000000000002
2026-09-26,0,wk inc rsv prop ed visits,2026-09-26,15,quantile,0.4,0.0019
2026-09-26,0,wk inc rsv prop ed visits,2026-09-26,15,quantile,0.45,0.0019000000000000002
2026-09-26,0,wk inc rsv prop ed visits,2026-09-26,15,quantile,0.5,0.002
2026-09-26,0,wk inc rsv prop ed visits,2026-09-26,15,quantile,0.55,0.0021
2026-09-26,0,wk inc rsv prop ed visits,2026-09-26,15,quantile,0.6,0.0021000000000000003
2026-09-26,0,wk inc rsv prop ed visits,2026-09-26,15,quantile,0.65,0.0022
2026-09-26,0,wk inc rsv prop ed visits,2026-09-26,15,quantile,0.7,0.0023
2026-09-26,0,wk inc rsv prop ed visits,2026-09-26,15,quantile,0.75,0.0023
2026-09-26,0,wk inc rsv prop ed visits,2026-09-26,15,quantile,0.8,0.0025
2026-09-26,0,wk inc rsv prop ed visits,2026-09-26,15,quantile,0.85,0.0027
2026-09-26,0,wk inc rsv prop ed visits,2026-09-26,15,quantile,0.9,0.0029
2026-09-26,0,wk inc rsv prop ed visits,2026-09-26,15,quantile,0.95,0.0034349999999999997
2026-09-26,0,wk inc rsv prop ed visits,2026-09-26,15,quantile,0.975,0.004067499999999995
2026-09-26,0,wk inc rsv prop ed visits,2026-09-26,15,quantile,0.99,0.004860999999999983
2026-09-26,0,wk inc rsv prop ed visits,2026-09-26,16,quantile,0.01,0
2026-09-26,0,wk inc rsv prop ed visits,2026-09-26,16,quantile,0.025,0
2026-09-26,0,wk inc rsv prop ed visits,2026-09-26,16,quantile,0.05,0
2026-09-26,0,wk inc rsv prop ed visits,2026-09-26,16,quantile,0.1,0
2026-09-26,0,wk inc rsv prop ed visits,2026-09-26,16,quantile,0.15,0
2026-09-26,0,wk inc rsv prop ed visits,2026-09-26,16,quantile,0.2,0
2026-09-26,0,wk inc rsv prop ed visits,2026-09-26,16,quantile,0.25,0
2026-09-26,0,wk inc rsv prop ed visits,2026-09-26,16,quantile,0.3,0
2026-09-26,0,wk inc rsv prop ed visits,2026-09-26,16,quantile,0.35,0
2026-09-26,0,wk inc rsv prop ed visits,2026-09-26,16,quantile,0.4,0
2026-09-26,0,wk inc rsv prop ed visits,2026-09-26,16,quantile,0.45,4.0657581468206416e-20
2026-09-26,0,wk inc rsv prop ed visits,2026-09-26,16,quantile,0.5,1e-4
2026-09-26,0,wk inc rsv prop ed visits,2026-09-26,16,quantile,0.55,1.9999999999999998e-4
2026-09-26,0,wk inc rsv prop ed visits,2026-09-26,16,quantile,0.6,2e-4
2026-09-26,0,wk inc rsv prop ed visits,2026-09-26,16,quantile,0.65,2.000000000000001e-4
2026-09-26,0,wk inc rsv prop ed visits,2026-09-26,16,quantile,0.7,3.0000000000000003e-4
2026-09-26,0,wk inc rsv prop ed visits,2026-09-26,16,quantile,0.75,4e-4
2026-09-26,0,wk inc rsv prop ed visits,2026-09-26,16,quantile,0.8,5.000000000000001e-4
2026-09-26,0,wk inc rsv prop ed visits,2026-09-26,16,quantile,0.85,9e-4
2026-09-26,0,wk inc rsv prop ed visits,2026-09-26,16,quantile,0.9,0.0013700000000000008
2026-09-26,0,wk inc rsv prop ed visits,2026-09-26,16,quantile,0.95,0.0025
2026-09-26,0,wk inc rsv prop ed visits,2026-09-26,16,quantile,0.975,0.0030674999999999956
2026-09-26,0,wk inc rsv prop ed visits,2026-09-26,16,quantile,0.99,0.005360999999999982
2026-09-26,0,wk inc rsv prop ed visits,2026-09-26,17,quantile,0.01,0
2026-09-26,0,wk inc rsv prop ed visits,2026-09-26,17,quantile,0.025,0
2026-09-26,0,wk inc rsv prop ed visits,2026-09-26,17,quantile,0.05,0
2026-09-26,0,wk inc rsv prop ed visits,2026-09-26,17,quantile,0.1,0
2026-09-26,0,wk inc rsv prop ed visits,2026-09-26,17,quantile,0.15,0
2026-09-26,0,wk inc rsv prop ed visits,2026-09-26,17,quantile,0.2,0
2026-09-26,0,wk inc rsv prop ed visits,2026-09-26,17,quantile,0.25,4.0657581468206416e-19
2026-09-26,0,wk inc rsv prop ed visits,2026-09-26,17,quantile,0.3,1e-4
2026-09-26,0,wk inc rsv prop ed visits,2026-09-26,17,quantile,0.35,1.0000000000000005e-4
2026-09-26,0,wk inc rsv prop ed visits,2026-09-26,17,quantile,0.4,2e-4
2026-09-26,0,wk inc rsv prop ed visits,2026-09-26,17,quantile,0.45,2e-4
2026-09-26,0,wk inc rsv prop ed visits,2026-09-26,17,quantile,0.5,2e-4
2026-09-26,0,wk inc rsv prop ed visits,2026-09-26,17,quantile,0.55,2e-4
2026-09-26,0,wk inc rsv prop ed visits,2026-09-26,17,quantile,0.6,2e-4
2026-09-26,0,wk inc rsv prop ed visits,2026-09-26,17,quantile,0.65,3e-4
2026-09-26,0,wk inc rsv prop ed visits,2026-09-26,17,quantile,0.7,3.0000000000000003e-4
2026-09-26,0,wk inc rsv prop ed visits,2026-09-26,17,quantile,0.75,3.9999999999999964e-4
2026-09-26,0,wk inc rsv prop ed visits,2026-09-26,17,quantile,0.8,4.999999999999999e-4
2026-09-26,0,wk inc rsv prop ed visits,2026-09-26,17,quantile,0.85,7e-4
2026-09-26,0,wk inc rsv prop ed visits,2026-09-26,17,quantile,0.9,0.0011000000000000014
2026-09-26,0,wk inc rsv prop ed visits,2026-09-26,17,quantile,0.95,0.0021000000000000003
2026-09-26,0,wk inc rsv prop ed visits,2026-09-26,17,quantile,0.975,0.0027349999999999883
2026-09-26,0,wk inc rsv prop ed visits,2026-09-26,17,quantile,0.99,0.0032869999999999944
2026-09-26,0,wk inc rsv prop ed visits,2026-09-26,18,quantile,0.01,0
2026-09-26,0,wk inc rsv prop ed visits,2026-09-26,18,quantile,0.025,0
2026-09-26,0,wk inc rsv prop ed visits,2026-09-26,18,quantile,0.05,0
2026-09-26,0,wk inc rsv prop ed visits,2026-09-26,18,quantile,0.1,0
2026-09-26,0,wk inc rsv prop ed visits,2026-09-26,18,quantile,0.15,0
2026-09-26,0,wk inc rsv prop ed visits,2026-09-26,18,quantile,0.2,0
2026-09-26,0,wk inc rsv prop ed visits,2026-09-26,18,quantile,0.25,2.5000000000000845e-5
2026-09-26,0,wk inc rsv prop ed visits,2026-09-26,18,quantile,0.3,1e-4
2026-09-26,0,wk inc rsv prop ed visits,2026-09-26,18,quantile,0.35,1.0000000000000002e-4
2026-09-26,0,wk inc rsv prop ed visits,2026-09-26,18,quantile,0.4,2e-4
2026-09-26,0,wk inc rsv prop ed visits,2026-09-26,18,quantile,0.45,2e-4
2026-09-26,0,wk inc rsv prop ed visits,2026-09-26,18,quantile,0.5,2e-4
2026-09-26,0,wk inc rsv prop ed visits,2026-09-26,18,quantile,0.55,2e-4
2026-09-26,0,wk inc rsv prop ed visits,2026-09-26,18,quantile,0.6,2e-4
2026-09-26,0,wk inc rsv prop ed visits,2026-09-26,18,quantile,0.65,3.0000000000000003e-4
2026-09-26,0,wk inc rsv prop ed visits,2026-09-26,18,quantile,0.7,3.0000000000000003e-4
2026-09-26,0,wk inc rsv prop ed visits,2026-09-26,18,quantile,0.75,3.749999999999992e-4
2026-09-26,0,wk inc rsv prop ed visits,2026-09-26,18,quantile,0.8,4.400000000000061e-4
2026-09-26,0,wk inc rsv prop ed visits,2026-09-26,18,quantile,0.85,6.000000000000002e-4
2026-09-26,0,wk inc rsv prop ed visits,2026-09-26,18,quantile,0.9,8.999999999999999e-4
2026-09-26,0,wk inc rsv prop ed visits,2026-09-26,18,quantile,0.95,0.0015000000000000002
2026-09-26,0,wk inc rsv prop ed visits,2026-09-26,18,quantile,0.975,0.0021000000000000007
2026-09-26,0,wk inc rsv prop ed visits,2026-09-26,18,quantile,0.99,0.003160999999999982
2026-09-26,0,wk inc rsv prop ed visits,2026-09-26,19,quantile,0.01,0
2026-09-26,0,wk inc rsv prop ed visits,2026-09-26,19,quantile,0.025,0
2026-09-26,0,wk inc rsv prop ed visits,2026-09-26,19,quantile,0.05,0
2026-09-26,0,wk inc rsv prop ed visits,2026-09-26,19,quantile,0.1,0
2026-09-26,0,wk inc rsv prop ed visits,2026-09-26,19,quantile,0.15,0
2026-09-26,0,wk inc rsv prop ed visits,2026-09-26,19,quantile,0.2,0
2026-09-26,0,wk inc rsv prop ed visits,2026-09-26,19,quantile,0.25,0
2026-09-26,0,wk inc rsv prop ed visits,2026-09-26,19,quantile,0.3,0
2026-09-26,0,wk inc rsv prop ed visits,2026-09-26,19,quantile,0.35,0
2026-09-26,0,wk inc rsv prop ed visits,2026-09-26,19,quantile,0.4,0
2026-09-26,0,wk inc rsv prop ed visits,2026-09-26,19,quantile,0.45,0
2026-09-26,0,wk inc rsv prop ed visits,2026-09-26,19,quantile,0.5,0
2026-09-26,0,wk inc rsv prop ed visits,2026-09-26,19,quantile,0.55,0
2026-09-26,0,wk inc rsv prop ed visits,2026-09-26,19,quantile,0.6,1e-4
2026-09-26,0,wk inc rsv prop ed visits,2026-09-26,19,quantile,0.65,1.0000000000000005e-4
2026-09-26,0,wk inc rsv prop ed visits,2026-09-26,19,quantile,0.7,2e-4
2026-09-26,0,wk inc rsv prop ed visits,2026-09-26,19,quantile,0.75,3.000000000000001e-4
2026-09-26,0,wk inc rsv prop ed visits,2026-09-26,19,quantile,0.8,5.999999999999998e-4
2026-09-26,0,wk inc rsv prop ed visits,2026-09-26,19,quantile,0.85,9.000000000000011e-4
2026-09-26,0,wk inc rsv prop ed visits,2026-09-26,19,quantile,0.9,0.0014
2026-09-26,0,wk inc rsv prop ed visits,2026-09-26,19,quantile,0.95,0.0023
2026-09-26,0,wk inc rsv prop ed visits,2026-09-26,19,quantile,0.975,0.003609999999999992
2026-09-26,0,wk inc rsv prop ed visits,2026-09-26,19,quantile,0.99,0.0046329999999999896
2026-09-26,0,wk inc rsv prop ed visits,2026-09-26,20,quantile,0.01,0
2026-09-26,0,wk inc rsv prop ed visits,2026-09-26,20,quantile,0.025,0
2026-09-26,0,wk inc rsv prop ed visits,2026-09-26,20,quantile,0.05,0
2026-09-26,0,wk inc rsv prop ed visits,2026-09-26,20,quantile,0.1,0
2026-09-26,0,wk inc rsv prop ed visits,2026-09-26,20,quantile,0.15,0
2026-09-26,0,wk inc rsv prop ed visits,2026-09-26,20,quantile,0.2,0
2026-09-26,0,wk inc rsv prop ed visits,2026-09-26,20,quantile,0.25,0
2026-09-26,0,wk inc rsv prop ed visits,2026-09-26,20,quantile,0.3,9.999999999999995e-5
2026-09-26,0,wk inc rsv prop ed visits,2026-09-26,20,quantile,0.35,1e-4
2026-09-26,0,wk inc rsv prop ed visits,2026-09-26,20,quantile,0.4,1.0000000000000005e-4
2026-09-26,0,wk inc rsv prop ed visits,2026-09-26,20,quantile,0.45,2e-4
2026-09-26,0,wk inc rsv prop ed visits,2026-09-26,20,quantile,0.5,2e-4
2026-09-26,0,wk inc rsv prop ed visits,2026-09-26,20,quantile,0.55,2e-4
2026-09-26,0,wk inc rsv prop ed visits,2026-09-26,20,quantile,0.6,3e-4
2026-09-26,0,wk inc rsv prop ed visits,2026-09-26,20,quantile,0.65,3.0000000000000003e-4
2026-09-26,0,wk inc rsv prop ed visits,2026-09-26,20,quantile,0.7,3.000000000000001e-4
2026-09-26,0,wk inc rsv prop ed visits,2026-09-26,20,quantile,0.75,4e-4
2026-09-26,0,wk inc rsv prop ed visits,2026-09-26,20,quantile,0.8,5e-4
2026-09-26,0,wk inc rsv prop ed visits,2026-09-26,20,quantile,0.85,7e-4
2026-09-26,0,wk inc rsv prop ed visits,2026-09-26,20,quantile,0.9,0.0010999999999999998
2026-09-26,0,wk inc rsv prop ed visits,2026-09-26,20,quantile,0.95,0.0016349999999999995
2026-09-26,0,wk inc rsv prop ed visits,2026-09-26,20,quantile,0.975,0.002300000000000001
2026-09-26,0,wk inc rsv prop ed visits,2026-09-26,20,quantile,0.99,0.003586999999999993
2026-09-26,0,wk inc rsv prop ed visits,2026-09-26,21,quantile,0.01,0
2026-09-26,0,wk inc rsv prop ed visits,2026-09-26,21,quantile,0.025,0
2026-09-26,0,wk inc rsv prop ed visits,2026-09-26,21,quantile,0.05,0
2026-09-26,0,wk inc rsv prop ed visits,2026-09-26,21,quantile,0.1,0
2026-09-26,0,wk inc rsv prop ed visits,2026-09-26,21,quantile,0.15,0
2026-09-26,0,wk inc rsv prop ed visits,2026-09-26,21,quantile,0.2,0
2026-09-26,0,wk inc rsv prop ed visits,2026-09-26,21,quantile,0.25,0
2026-09-26,0,wk inc rsv prop ed visits,2026-09-26,21,quantile,0.3,1.3552527156068805e-19
2026-09-26,0,wk inc rsv prop ed visits,2026-09-26,21,quantile,0.35,9.999999999999999e-5
2026-09-26,0,wk inc rsv prop ed visits,2026-09-26,21,quantile,0.4,1.0000000000000005e-4
2026-09-26,0,wk inc rsv prop ed visits,2026-09-26,21,quantile,0.45,2e-4
2026-09-26,0,wk inc rsv prop ed visits,2026-09-26,21,quantile,0.5,2e-4
2026-09-26,0,wk inc rsv prop ed visits,2026-09-26,21,quantile,0.55,2e-4
2026-09-26,0,wk inc rsv prop ed visits,2026-09-26,21,quantile,0.6,3e-4
2026-09-26,0,wk inc rsv prop ed visits,2026-09-26,21,quantile,0.65,3.0000000000000003e-4
2026-09-26,0,wk inc rsv prop ed visits,2026-09-26,21,quantile,0.7,3.9999999999999986e-4
2026-09-26,0,wk inc rsv prop ed visits,2026-09-26,21,quantile,0.75,4.000000000000001e-4
2026-09-26,0,wk inc rsv prop ed visits,2026-09-26,21,quantile,0.8,5.999999999999998e-4
2026-09-26,0,wk inc rsv prop ed visits,2026-09-26,21,quantile,0.85,7.050000000000002e-4
2026-09-26,0,wk inc rsv prop ed visits,2026-09-26,21,quantile,0.9,0.0012000000000000001
2026-09-26,0,wk inc rsv prop ed visits,2026-09-26,21,quantile,0.95,0.002
2026-09-26,0,wk inc rsv prop ed visits,2026-09-26,21,quantile,0.975,0.0028674999999999955
2026-09-26,0,wk inc rsv prop ed visits,2026-09-26,21,quantile,0.99,0.0038739999999999873
2026-09-26,0,wk inc rsv prop ed visits,2026-09-26,22,quantile,0.01,0
2026-09-26,0,wk inc rsv prop ed visits,2026-09-26,22,quantile,0.025,0
2026-09-26,0,wk inc rsv prop ed visits,2026-09-26,22,quantile,0.05,0
2026-09-26,0,wk inc rsv prop ed visits,2026-09-26,22,quantile,0.1,0
2026-09-26,0,wk inc rsv prop ed visits,2026-09-26,22,quantile,0.15,2.710505431213761e-19
2026-09-26,0,wk inc rsv prop ed visits,2026-09-26,22,quantile,0.2,1.000000000000001e-4
2026-09-26,0,wk inc rsv prop ed visits,2026-09-26,22,quantile,0.25,2e-4
2026-09-26,0,wk inc rsv prop ed visits,2026-09-26,22,quantile,0.3,3e-4
2026-09-26,0,wk inc rsv prop ed visits,2026-09-26,22,quantile,0.35,3.0000000000000003e-4
2026-09-26,0,wk inc rsv prop ed visits,2026-09-26,22,quantile,0.4,4e-4
2026-09-26,0,wk inc rsv prop ed visits,2026-09-26,22,quantile,0.45,4e-4
2026-09-26,0,wk inc rsv prop ed visits,2026-09-26,22,quantile,0.5,4e-4
2026-09-26,0,wk inc rsv prop ed visits,2026-09-26,22,quantile,0.55,4e-4
2026-09-26,0,wk inc rsv prop ed visits,2026-09-26,22,quantile,0.6,4e-4
2026-09-26,0,wk inc rsv prop ed visits,2026-09-26,22,quantile,0.65,5e-4
2026-09-26,0,wk inc rsv prop ed visits,2026-09-26,22,quantile,0.7,5e-4
2026-09-26,0,wk inc rsv prop ed visits,2026-09-26,22,quantile,0.75,6.000000000000001e-4
2026-09-26,0,wk inc rsv prop ed visits,2026-09-26,22,quantile,0.8,6.999999999999999e-4
2026-09-26,0,wk inc rsv prop ed visits,2026-09-26,22,quantile,0.85,7.999999999999997e-4
2026-09-26,0,wk inc rsv prop ed visits,2026-09-26,22,quantile,0.9,0.0011999999999999995
2026-09-26,0,wk inc rsv prop ed visits,2026-09-26,22,quantile,0.95,0.0018000000000000002
2026-09-26,0,wk inc rsv prop ed visits,2026-09-26,22,quantile,0.975,0.00263499999999999
2026-09-26,0,wk inc rsv prop ed visits,2026-09-26,22,quantile,0.99,0.0030739999999999878
2026-09-26,0,wk inc rsv prop ed visits,2026-09-26,23,quantile,0.01,0
2026-09-26,0,wk inc rsv prop ed visits,2026-09-26,23,quantile,0.025,0
2026-09-26,0,wk inc rsv prop ed visits,2026-09-26,23,quantile,0.05,0
2026-09-26,0,wk inc rsv prop ed visits,2026-09-26,23,quantile,0.1,0
2026-09-26,0,wk inc rsv prop ed visits,2026-09-26,23,quantile,0.15,0
2026-09-26,0,wk inc rsv prop ed visits,2026-09-26,23,quantile,0.2,0
2026-09-26,0,wk inc rsv prop ed visits,2026-09-26,23,quantile,0.25,0
2026-09-26,0,wk inc rsv prop ed visits,2026-09-26,23,quantile,0.3,0
2026-09-26,0,wk inc rsv prop ed visits,2026-09-26,23,quantile,0.35,0
2026-09-26,0,wk inc rsv prop ed visits,2026-09-26,23,quantile,0.4,0
2026-09-26,0,wk inc rsv prop ed visits,2026-09-26,23,quantile,0.45,0
2026-09-26,0,wk inc rsv prop ed visits,2026-09-26,23,quantile,0.5,0
2026-09-26,0,wk inc rsv prop ed visits,2026-09-26,23,quantile,0.55,0
2026-09-26,0,wk inc rsv prop ed visits,2026-09-26,23,quantile,0.6,0
2026-09-26,0,wk inc rsv prop ed visits,2026-09-26,23,quantile,0.65,1e-4
2026-09-26,0,wk inc rsv prop ed visits,2026-09-26,23,quantile,0.7,1e-4
2026-09-26,0,wk inc rsv prop ed visits,2026-09-26,23,quantile,0.75,1.9999999999999944e-4
2026-09-26,0,wk inc rsv prop ed visits,2026-09-26,23,quantile,0.8,2.4000000000000526e-4
2026-09-26,0,wk inc rsv prop ed visits,2026-09-26,23,quantile,0.85,4e-4
2026-09-26,0,wk inc rsv prop ed visits,2026-09-26,23,quantile,0.9,7.000000000000001e-4
2026-09-26,0,wk inc rsv prop ed visits,2026-09-26,23,quantile,0.95,0.001534999999999999
2026-09-26,0,wk inc rsv prop ed visits,2026-09-26,23,quantile,0.975,0.002
2026-09-26,0,wk inc rsv prop ed visits,2026-09-26,23,quantile,0.99,0.0034000000000000002
2026-09-26,0,wk inc rsv prop ed visits,2026-09-26,24,quantile,0.01,0
2026-09-26,0,wk inc rsv prop ed visits,2026-09-26,24,quantile,0.025,0
2026-09-26,0,wk inc rsv prop ed visits,2026-09-26,24,quantile,0.05,0
2026-09-26,0,wk inc rsv prop ed visits,2026-09-26,24,quantile,0.1,0
2026-09-26,0,wk inc rsv prop ed visits,2026-09-26,24,quantile,0.15,0
2026-09-26,0,wk inc rsv prop ed visits,2026-09-26,24,quantile,0.2,0
2026-09-26,0,wk inc rsv prop ed visits,2026-09-26,24,quantile,0.25,0
2026-09-26,0,wk inc rsv prop ed visits,2026-09-26,24,quantile,0.3,0
2026-09-26,0,wk inc rsv prop ed visits,2026-09-26,24,quantile,0.35,0
2026-09-26,0,wk inc rsv prop ed visits,2026-09-26,24,quantile,0.4,0
2026-09-26,0,wk inc rsv prop ed visits,2026-09-26,24,quantile,0.45,0
2026-09-26,0,wk inc rsv prop ed visits,2026-09-26,24,quantile,0.5,0
2026-09-26,0,wk inc rsv prop ed visits,2026-09-26,24,quantile,0.55,0
2026-09-26,0,wk inc rsv prop ed visits,2026-09-26,24,quantile,0.6,9.999999999999996e-5
2026-09-26,0,wk inc rsv prop ed visits,2026-09-26,24,quantile,0.65,1e-4
2026-09-26,0,wk inc rsv prop ed visits,2026-09-26,24,quantile,0.7,1.0000000000000017e-4
2026-09-26,0,wk inc rsv prop ed visits,2026-09-26,24,quantile,0.75,2e-4
2026-09-26,0,wk inc rsv prop ed visits,2026-09-26,24,quantile,0.8,3.0000000000000003e-4
2026-09-26,0,wk inc rsv prop ed visits,2026-09-26,24,quantile,0.85,5.999999999999998e-4
2026-09-26,0,wk inc rsv prop ed visits,2026-09-26,24,quantile,0.9,9.700000000000004e-4
2026-09-26,0,wk inc rsv prop ed visits,2026-09-26,24,quantile,0.95,0.0018699999999999984
2026-09-26,0,wk inc rsv prop ed visits,2026-09-26,24,quantile,0.975,0.002834999999999989
2026-09-26,0,wk inc rsv prop ed visits,2026-09-26,24,quantile,0.99,0.0034000000000000002
2026-09-26,0,wk inc rsv prop ed visits,2026-09-26,25,quantile,0.01,0
2026-09-26,0,wk inc rsv prop ed visits,2026-09-26,25,quantile,0.025,0
2026-09-26,0,wk inc rsv prop ed visits,2026-09-26,25,quantile,0.05,0
2026-09-26,0,wk inc rsv prop ed visits,2026-09-26,25,quantile,0.1,0
2026-09-26,0,wk inc rsv prop ed visits,2026-09-26,25,quantile,0.15,0
2026-09-26,0,wk inc rsv prop ed visits,2026-09-26,25,quantile,0.2,0
2026-09-26,0,wk inc rsv prop ed visits,2026-09-26,25,quantile,0.25,0
2026-09-26,0,wk inc rsv prop ed visits,2026-09-26,25,quantile,0.3,0
2026-09-26,0,wk inc rsv prop ed visits,2026-09-26,25,quantile,0.35,2.710505431213761e-20
2026-09-26,0,wk inc rsv prop ed visits,2026-09-26,25,quantile,0.4,1e-4
2026-09-26,0,wk inc rsv prop ed visits,2026-09-26,25,quantile,0.45,1e-4
2026-09-26,0,wk inc rsv prop ed visits,2026-09-26,25,quantile,0.5,1e-4
2026-09-26,0,wk inc rsv prop ed visits,2026-09-26,25,quantile,0.55,1e-4
2026-09-26,0,wk inc rsv prop ed visits,2026-09-26,25,quantile,0.6,1e-4
2026-09-26,0,wk inc rsv prop ed visits,2026-09-26,25,quantile,0.65,1.9999999999999998e-4
2026-09-26,0,wk inc rsv prop ed visits,2026-09-26,25,quantile,0.7,2e-4
2026-09-26,0,wk inc rsv prop ed visits,2026-09-26,25,quantile,0.75,3e-4
2026-09-26,0,wk inc rsv prop ed visits,2026-09-26,25,quantile,0.8,4e-4
2026-09-26,0,wk inc rsv prop ed visits,2026-09-26,25,quantile,0.85,7.999999999999993e-4
2026-09-26,0,wk inc rsv prop ed visits,2026-09-26,25,quantile,0.9,0.0011700000000000007
2026-09-26,0,wk inc rsv prop ed visits,2026-09-26,25,quantile,0.95,0.002335
2026-09-26,0,wk inc rsv prop ed visits,2026-09-26,25,quantile,0.975,0.003267499999999994
2026-09-26,0,wk inc rsv prop ed visits,2026-09-26,25,quantile,0.99,0.003773999999999987
2026-09-26,0,wk inc rsv prop ed visits,2026-09-26,26,quantile,0.01,0
2026-09-26,0,wk inc rsv prop ed visits,2026-09-26,26,quantile,0.025,0
2026-09-26,0,wk inc rsv prop ed visits,2026-09-26,26,quantile,0.05,0
2026-09-26,0,wk inc rsv prop ed visits,2026-09-26,26,quantile,0.1,0
2026-09-26,0,wk inc rsv prop ed visits,2026-09-26,26,quantile,0.15,0
2026-09-26,0,wk inc rsv prop ed visits,2026-09-26,26,quantile,0.2,0
2026-09-26,0,wk inc rsv prop ed visits,2026-09-26,26,quantile,0.25,9.999999999999996e-5
2026-09-26,0,wk inc rsv prop ed visits,2026-09-26,26,quantile,0.3,1e-4
2026-09-26,0,wk inc rsv prop ed visits,2026-09-26,26,quantile,0.35,1.0000000000000002e-4
2026-09-26,0,wk inc rsv prop ed visits,2026-09-26,26,quantile,0.4,2e-4
2026-09-26,0,wk inc rsv prop ed visits,2026-09-26,26,quantile,0.45,2e-4
2026-09-26,0,wk inc rsv prop ed visits,2026-09-26,26,quantile,0.5,2e-4
2026-09-26,0,wk inc rsv prop ed visits,2026-09-26,26,quantile,0.55,2e-4
2026-09-26,0,wk inc rsv prop ed visits,2026-09-26,26,quantile,0.6,2e-4
2026-09-26,0,wk inc rsv prop ed visits,2026-09-26,26,quantile,0.65,3.0000000000000003e-4
2026-09-26,0,wk inc rsv prop ed visits,2026-09-26,26,quantile,0.7,3.0000000000000003e-4
2026-09-26,0,wk inc rsv prop ed visits,2026-09-26,26,quantile,0.75,3.0000000000000003e-4
2026-09-26,0,wk inc rsv prop ed visits,2026-09-26,26,quantile,0.8,4.999999999999999e-4
2026-09-26,0,wk inc rsv prop ed visits,2026-09-26,26,quantile,0.85,6.999999999999996e-4
2026-09-26,0,wk inc rsv prop ed visits,2026-09-26,26,quantile,0.9,0.0012
2026-09-26,0,wk inc rsv prop ed visits,2026-09-26,26,quantile,0.95,0.0019000000000000006
2026-09-26,0,wk inc rsv prop ed visits,2026-09-26,26,quantile,0.975,0.002867499999999995
2026-09-26,0,wk inc rsv prop ed visits,2026-09-26,26,quantile,0.99,0.0036869999999999937
2026-09-26,0,wk inc rsv prop ed visits,2026-09-26,27,quantile,0.01,0
2026-09-26,0,wk inc rsv prop ed visits,2026-09-26,27,quantile,0.025,0
2026-09-26,0,wk inc rsv prop ed visits,2026-09-26,27,quantile,0.05,0
2026-09-26,0,wk inc rsv prop ed visits,2026-09-26,27,quantile,0.1,0
2026-09-26,0,wk inc rsv prop ed visits,2026-09-26,27,quantile,0.15,0
2026-09-26,0,wk inc rsv prop ed visits,2026-09-26,27,quantile,0.2,0
2026-09-26,0,wk inc rsv prop ed visits,2026-09-26,27,quantile,0.25,0
2026-09-26,0,wk inc rsv prop ed visits,2026-09-26,27,quantile,0.3,0
2026-09-26,0,wk inc rsv prop ed visits,2026-09-26,27,quantile,0.35,0
2026-09-26,0,wk inc rsv prop ed visits,2026-09-26,27,quantile,0.4,1.7618285302889447e-19
2026-09-26,0,wk inc rsv prop ed visits,2026-09-26,27,quantile,0.45,1e-4
2026-09-26,0,wk inc rsv prop ed visits,2026-09-26,27,quantile,0.5,1e-4
2026-09-26,0,wk inc rsv prop ed visits,2026-09-26,27,quantile,0.55,1e-4
2026-09-26,0,wk inc rsv prop ed visits,2026-09-26,27,quantile,0.6,1.9999999999999982e-4
2026-09-26,0,wk inc rsv prop ed visits,2026-09-26,27,quantile,0.65,2e-4
2026-09-26,0,wk inc rsv prop ed visits,2026-09-26,27,quantile,0.7,2.0999999999999497e-4
2026-09-26,0,wk inc rsv prop ed visits,2026-09-26,27,quantile,0.75,3.7500000000000006e-4
2026-09-26,0,wk inc rsv prop ed visits,2026-09-26,27,quantile,0.8,5.999999999999992e-4
2026-09-26,0,wk inc rsv prop ed visits,2026-09-26,27,quantile,0.85,7.999999999999993e-4
2026-09-26,0,wk inc rsv prop ed visits,2026-09-26,27,quantile,0.9,0.0012000000000000003
2026-09-26,0,wk inc rsv prop ed visits,2026-09-26,27,quantile,0.95,0.0018999999999999996
2026-09-26,0,wk inc rsv prop ed visits,2026-09-26,27,quantile,0.975,0.002734999999999987
2026-09-26,0,wk inc rsv prop ed visits,2026-09-26,27,quantile,0.99,0.0037609999999999827
2026-09-26,0,wk inc rsv prop ed visits,2026-09-26,28,quantile,0.01,0
2026-09-26,0,wk inc rsv prop ed visits,2026-09-26,28,quantile,0.025,0
2026-09-26,0,wk inc rsv prop ed visits,2026-09-26,28,quantile,0.05,0
2026-09-26,0,wk inc rsv prop ed visits,2026-09-26,28,quantile,0.1,0
2026-09-26,0,wk inc rsv prop ed visits,2026-09-26,28,quantile,0.15,2.168404344971009e-19
2026-09-26,0,wk inc rsv prop ed visits,2026-09-26,28,quantile,0.2,1.9999999999999998e-4
2026-09-26,0,wk inc rsv prop ed visits,2026-09-26,28,quantile,0.25,3e-4
2026-09-26,0,wk inc rsv prop ed visits,2026-09-26,28,quantile,0.3,3.9999999999999975e-4
2026-09-26,0,wk inc rsv prop ed visits,2026-09-26,28,quantile,0.35,4e-4
2026-09-26,0,wk inc rsv prop ed visits,2026-09-26,28,quantile,0.4,4.000000000000001e-4
2026-09-26,0,wk inc rsv prop ed visits,2026-09-26,28,quantile,0.45,5e-4
2026-09-26,0,wk inc rsv prop ed visits,2026-09-26,28,quantile,0.5,5e-4
2026-09-26,0,wk inc rsv prop ed visits,2026-09-26,28,quantile,0.55,5e-4
2026-09-26,0,wk inc rsv prop ed visits,2026-09-26,28,quantile,0.6,6e-4
2026-09-26,0,wk inc rsv prop ed visits,2026-09-26,28,quantile,0.65,6.000000000000001e-4
2026-09-26,0,wk inc rsv prop ed visits,2026-09-26,28,quantile,0.7,6.000000000000003e-4
2026-09-26,0,wk inc rsv prop ed visits,2026-09-26,28,quantile,0.75,7.000000000000001e-4
2026-09-26,0,wk inc rsv prop ed visits,2026-09-26,28,quantile,0.8,8e-4
2026-09-26,0,wk inc rsv prop ed visits,2026-09-26,28,quantile,0.85,9.999999999999998e-4
2026-09-26,0,wk inc rsv prop ed visits,2026-09-26,28,quantile,0.9,0.0012700000000000007
2026-09-26,0,wk inc rsv prop ed visits,2026-09-26,28,quantile,0.95,0.0018999999999999985
2026-09-26,0,wk inc rsv prop ed visits,2026-09-26,28,quantile,0.975,0.0027
2026-09-26,0,wk inc rsv prop ed visits,2026-09-26,28,quantile,0.99,0.0032739999999999887
2026-09-26,0,wk inc rsv prop ed visits,2026-09-26,29,quantile,0.01,0
2026-09-26,0,wk inc rsv prop ed visits,2026-09-26,29,quantile,0.025,0
2026-09-26,0,wk inc rsv prop ed visits,2026-09-26,29,quantile,0.05,0
2026-09-26,0,wk inc rsv prop ed visits,2026-09-26,29,quantile,0.1,0
2026-09-26,0,wk inc rsv prop ed visits,2026-09-26,29,quantile,0.15,0
2026-09-26,0,wk inc rsv prop ed visits,2026-09-26,29,quantile,0.2,0
2026-09-26,0,wk inc rsv prop ed visits,2026-09-26,29,quantile,0.25,0
2026-09-26,0,wk inc rsv prop ed visits,2026-09-26,29,quantile,0.3,0
2026-09-26,0,wk inc rsv prop ed visits,2026-09-26,29,quantile,0.35,0
2026-09-26,0,wk inc rsv prop ed visits,2026-09-26,29,quantile,0.4,0
2026-09-26,0,wk inc rsv prop ed visits,2026-09-26,29,quantile,0.45,0
2026-09-26,0,wk inc rsv prop ed visits,2026-09-26,29,quantile,0.5,0
2026-09-26,0,wk inc rsv prop ed visits,2026-09-26,29,quantile,0.55,0
2026-09-26,0,wk inc rsv prop ed visits,2026-09-26,29,quantile,0.6,0
2026-09-26,0,wk inc rsv prop ed visits,2026-09-26,29,quantile,0.65,0
2026-09-26,0,wk inc rsv prop ed visits,2026-09-26,29,quantile,0.7,9.999999999999996e-5
2026-09-26,0,wk inc rsv prop ed visits,2026-09-26,29,quantile,0.75,1e-4
2026-09-26,0,wk inc rsv prop ed visits,2026-09-26,29,quantile,0.8,1.4000000000000595e-4
2026-09-26,0,wk inc rsv prop ed visits,2026-09-26,29,quantile,0.85,2.000000000000001e-4
2026-09-26,0,wk inc rsv prop ed visits,2026-09-26,29,quantile,0.9,4.7000000000000064e-4
2026-09-26,0,wk inc rsv prop ed visits,2026-09-26,29,quantile,0.95,0.0011000000000000003
2026-09-26,0,wk inc rsv prop ed visits,2026-09-26,29,quantile,0.975,0.0018999999999999996
2026-09-26,0,wk inc rsv prop ed visits,2026-09-26,29,quantile,0.99,0.0025000000000000005
2026-09-26,0,wk inc rsv prop ed visits,2026-09-26,30,quantile,0.01,0
2026-09-26,0,wk inc rsv prop ed visits,2026-09-26,30,quantile,0.025,0
2026-09-26,0,wk inc rsv prop ed visits,2026-09-26,30,quantile,0.05,0
2026-09-26,0,wk inc rsv prop ed visits,2026-09-26,30,quantile,0.1,0
2026-09-26,0,wk inc rsv prop ed visits,2026-09-26,30,quantile,0.15,0
2026-09-26,0,wk inc rsv prop ed visits,2026-09-26,30,quantile,0.2,0
2026-09-26,0,wk inc rsv prop ed visits,2026-09-26,30,quantile,0.25,0
2026-09-26,0,wk inc rsv prop ed visits,2026-09-26,30,quantile,0.3,0
2026-09-26,0,wk inc rsv prop ed visits,2026-09-26,30,quantile,0.35,0
2026-09-26,0,wk inc rsv prop ed visits,2026-09-26,30,quantile,0.4,0
2026-09-26,0,wk inc rsv prop ed visits,2026-09-26,30,quantile,0.45,0
2026-09-26,0,wk inc rsv prop ed visits,2026-09-26,30,quantile,0.5,0
2026-09-26,0,wk inc rsv prop ed visits,2026-09-26,30,quantile,0.55,0
2026-09-26,0,wk inc rsv prop ed visits,2026-09-26,30,quantile,0.6,9.999999999999994e-5
2026-09-26,0,wk inc rsv prop ed visits,2026-09-26,30,quantile,0.65,1e-4
2026-09-26,0,wk inc rsv prop ed visits,2026-09-26,30,quantile,0.7,2e-4
2026-09-26,0,wk inc rsv prop ed visits,2026-09-26,30,quantile,0.75,2.000000000000001e-4
2026-09-26,0,wk inc rsv prop ed visits,2026-09-26,30,quantile,0.8,3.9999999999999986e-4
2026-09-26,0,wk inc rsv prop ed visits,2026-09-26,30,quantile,0.85,7.000000000000001e-4
2026-09-26,0,wk inc rsv prop ed visits,2026-09-26,30,quantile,0.9,0.0010700000000000002
2026-09-26,0,wk inc rsv prop ed visits,2026-09-26,30,quantile,0.95,0.0024350000000000005
2026-09-26,0,wk inc rsv prop ed visits,2026-09-26,30,quantile,0.975,0.0033
2026-09-26,0,wk inc rsv prop ed visits,2026-09-26,30,quantile,0.99,0.004300000000000002
2026-09-26,0,wk inc rsv prop ed visits,2026-09-26,31,quantile,0.01,0
2026-09-26,0,wk inc rsv prop ed visits,2026-09-26,31,quantile,0.025,0
2026-09-26,0,wk inc rsv prop ed visits,2026-09-26,31,quantile,0.05,0
2026-09-26,0,wk inc rsv prop ed visits,2026-09-26,31,quantile,0.1,0
2026-09-26,0,wk inc rsv prop ed visits,2026-09-26,31,quantile,0.15,0
2026-09-26,0,wk inc rsv prop ed visits,2026-09-26,31,quantile,0.2,0
2026-09-26,0,wk inc rsv prop ed visits,2026-09-26,31,quantile,0.25,0
2026-09-26,0,wk inc rsv prop ed visits,2026-09-26,31,quantile,0.3,0
2026-09-26,0,wk inc rsv prop ed visits,2026-09-26,31,quantile,0.35,0
2026-09-26,0,wk inc rsv prop ed visits,2026-09-26,31,quantile,0.4,1e-4
2026-09-26,0,wk inc rsv prop ed visits,2026-09-26,31,quantile,0.45,1e-4
2026-09-26,0,wk inc rsv prop ed visits,2026-09-26,31,quantile,0.5,1e-4
2026-09-26,0,wk inc rsv prop ed visits,2026-09-26,31,quantile,0.55,1e-4
2026-09-26,0,wk inc rsv prop ed visits,2026-09-26,31,quantile,0.6,1e-4
2026-09-26,0,wk inc rsv prop ed visits,2026-09-26,31,quantile,0.65,2e-4
2026-09-26,0,wk inc rsv prop ed visits,2026-09-26,31,quantile,0.7,2e-4
2026-09-26,0,wk inc rsv prop ed visits,2026-09-26,31,quantile,0.75,3e-4
2026-09-26,0,wk inc rsv prop ed visits,2026-09-26,31,quantile,0.8,3.999999999999999e-4
2026-09-26,0,wk inc rsv prop ed visits,2026-09-26,31,quantile,0.85,6.000000000000001e-4
2026-09-26,0,wk inc rsv prop ed visits,2026-09-26,31,quantile,0.9,0.0010700000000000006
2026-09-26,0,wk inc rsv prop ed visits,2026-09-26,31,quantile,0.95,0.0017000000000000003
2026-09-26,0,wk inc rsv prop ed visits,2026-09-26,31,quantile,0.975,0.002334999999999988
2026-09-26,0,wk inc rsv prop ed visits,2026-09-26,31,quantile,0.99,0.0029869999999999944
2026-09-26,0,wk inc rsv prop ed visits,2026-09-26,32,quantile,0.01,0
2026-09-26,0,wk inc rsv prop ed visits,2026-09-26,32,quantile,0.025,0
2026-09-26,0,wk inc rsv prop ed visits,2026-09-26,32,quantile,0.05,0
2026-09-26,0,wk inc rsv prop ed visits,2026-09-26,32,quantile,0.1,0
2026-09-26,0,wk inc rsv prop ed visits,2026-09-26,32,quantile,0.15,0
2026-09-26,0,wk inc rsv prop ed visits,2026-09-26,32,quantile,0.2,0
2026-09-26,0,wk inc rsv prop ed visits,2026-09-26,32,quantile,0.25,0
2026-09-26,0,wk inc rsv prop ed visits,2026-09-26,32,quantile,0.3,0
2026-09-26,0,wk inc rsv prop ed visits,2026-09-26,32,quantile,0.35,0
2026-09-26,0,wk inc rsv prop ed visits,2026-09-26,32,quantile,0.4,0
2026-09-26,0,wk inc rsv prop ed visits,2026-09-26,32,quantile,0.45,0
2026-09-26,0,wk inc rsv prop ed visits,2026-09-26,32,quantile,0.5,0
2026-09-26,0,wk inc rsv prop ed visits,2026-09-26,32,quantile,0.55,0
2026-09-26,0,wk inc rsv prop ed visits,2026-09-26,32,quantile,0.6,0
2026-09-26,0,wk inc rsv prop ed visits,2026-09-26,32,quantile,0.65,1e-4
2026-09-26,0,wk inc rsv prop ed visits,2026-09-26,32,quantile,0.7,1e-4
2026-09-26,0,wk inc rsv prop ed visits,2026-09-26,32,quantile,0.75,2e-4
2026-09-26,0,wk inc rsv prop ed visits,2026-09-26,32,quantile,0.8,3.0000000000000003e-4
2026-09-26,0,wk inc rsv prop ed visits,2026-09-26,32,quantile,0.85,5e-4
2026-09-26,0,wk inc rsv prop ed visits,2026-09-26,32,quantile,0.9,7.999999999999999e-4
2026-09-26,0,wk inc rsv prop ed visits,2026-09-26,32,quantile,0.95,0.0015999999999999999
2026-09-26,0,wk inc rsv prop ed visits,2026-09-26,32,quantile,0.975,0.0023024999999999825
2026-09-26,0,wk inc rsv prop ed visits,2026-09-26,32,quantile,0.99,0.0028000000000000013
2026-09-26,0,wk inc rsv prop ed visits,2026-09-26,33,quantile,0.01,0
2026-09-26,0,wk inc rsv prop ed visits,2026-09-26,33,quantile,0.025,0
2026-09-26,0,wk inc rsv prop ed visits,2026-09-26,33,quantile,0.05,0
2026-09-26,0,wk inc rsv prop ed visits,2026-09-26,33,quantile,0.1,0
2026-09-26,0,wk inc rsv prop ed visits,2026-09-26,33,quantile,0.15,0
2026-09-26,0,wk inc rsv prop ed visits,2026-09-26,33,quantile,0.2,0
2026-09-26,0,wk inc rsv prop ed visits,2026-09-26,33,quantile,0.25,0
2026-09-26,0,wk inc rsv prop ed visits,2026-09-26,33,quantile,0.3,0
2026-09-26,0,wk inc rsv prop ed visits,2026-09-26,33,quantile,0.35,0
2026-09-26,0,wk inc rsv prop ed visits,2026-09-26,33,quantile,0.4,0
2026-09-26,0,wk inc rsv prop ed visits,2026-09-26,33,quantile,0.45,0
2026-09-26,0,wk inc rsv prop ed visits,2026-09-26,33,quantile,0.5,0
2026-09-26,0,wk inc rsv prop ed visits,2026-09-26,33,quantile,0.55,0
2026-09-26,0,wk inc rsv prop ed visits,2026-09-26,33,quantile,0.6,9.999999999999996e-5
2026-09-26,0,wk inc rsv prop ed visits,2026-09-26,33,quantile,0.65,1e-4
2026-09-26,0,wk inc rsv prop ed visits,2026-09-26,33,quantile,0.7,2e-4
2026-09-26,0,wk inc rsv prop ed visits,2026-09-26,33,quantile,0.75,3e-4
2026-09-26,0,wk inc rsv prop ed visits,2026-09-26,33,quantile,0.8,5e-4
2026-09-26,0,wk inc rsv prop ed visits,2026-09-26,33,quantile,0.85,7.999999999999995e-4
2026-09-26,0,wk inc rsv prop ed visits,2026-09-26,33,quantile,0.9,0.0011700000000000007
2026-09-26,0,wk inc rsv prop ed visits,2026-09-26,33,quantile,0.95,0.0021999999999999997
2026-09-26,0,wk inc rsv prop ed visits,2026-09-26,33,quantile,0.975,0.0036674999999999945
2026-09-26,0,wk inc rsv prop ed visits,2026-09-26,33,quantile,0.99,0.0047
2026-09-26,0,wk inc rsv prop ed visits,2026-09-26,34,quantile,0.01,0
2026-09-26,0,wk inc rsv prop ed visits,2026-09-26,34,quantile,0.025,0
2026-09-26,0,wk inc rsv prop ed visits,2026-09-26,34,quantile,0.05,0
2026-09-26,0,wk inc rsv prop ed visits,2026-09-26,34,quantile,0.1,0
2026-09-26,0,wk inc rsv prop ed visits,2026-09-26,34,quantile,0.15,2.710505431213761e-19
2026-09-26,0,wk inc rsv prop ed visits,2026-09-26,34,quantile,0.2,1.9999999999999977e-4
2026-09-26,0,wk inc rsv prop ed visits,2026-09-26,34,quantile,0.25,2.9999999999999976e-4
2026-09-26,0,wk inc rsv prop ed visits,2026-09-26,34,quantile,0.3,3.0000000000000003e-4
2026-09-26,0,wk inc rsv prop ed visits,2026-09-26,34,quantile,0.35,3.0000000000000003e-4
2026-09-26,0,wk inc rsv prop ed visits,2026-09-26,34,quantile,0.4,4e-4
2026-09-26,0,wk inc rsv prop ed visits,2026-09-26,34,quantile,0.45,4e-4
2026-09-26,0,wk inc rsv prop ed visits,2026-09-26,34,quantile,0.5,4e-4
2026-09-26,0,wk inc rsv prop ed visits,2026-09-26,34,quantile,0.55,4e-4
2026-09-26,0,wk inc rsv prop ed visits,2026-09-26,34,quantile,0.6,4e-4
2026-09-26,0,wk inc rsv prop ed visits,2026-09-26,34,quantile,0.65,5e-4
2026-09-26,0,wk inc rsv prop ed visits,2026-09-26,34,quantile,0.7,5e-4
2026-09-26,0,wk inc rsv prop ed visits,2026-09-26,34,quantile,0.75,5.000000000000002e-4
2026-09-26,0,wk inc rsv prop ed visits,2026-09-26,34,quantile,0.8,6.000000000000003e-4
2026-09-26,0,wk inc rsv prop ed visits,2026-09-26,34,quantile,0.85,7.999999999999997e-4
2026-09-26,0,wk inc rsv prop ed visits,2026-09-26,34,quantile,0.9,0.0011
2026-09-26,0,wk inc rsv prop ed visits,2026-09-26,34,quantile,0.95,0.0015999999999999996
2026-09-26,0,wk inc rsv prop ed visits,2026-09-26,34,quantile,0.975,0.002167499999999994
2026-09-26,0,wk inc rsv prop ed visits,2026-09-26,34,quantile,0.99,0.0027869999999999948
2026-09-26,0,wk inc rsv prop ed visits,2026-09-26,35,quantile,0.01,0
2026-09-26,0,wk inc rsv prop ed visits,2026-09-26,35,quantile,0.025,0
2026-09-26,0,wk inc rsv prop ed visits,2026-09-26,35,quantile,0.05,0
2026-09-26,0,wk inc rsv prop ed visits,2026-09-26,35,quantile,0.1,0
2026-09-26,0,wk inc rsv prop ed visits,2026-09-26,35,quantile,0.15,0
2026-09-26,0,wk inc rsv prop ed visits,2026-09-26,35,quantile,0.2,0
2026-09-26,0,wk inc rsv prop ed visits,2026-09-26,35,quantile,0.25,0
2026-09-26,0,wk inc rsv prop ed visits,2026-09-26,35,quantile,0.3,0
2026-09-26,0,wk inc rsv prop ed visits,2026-09-26,35,quantile,0.35,0
2026-09-26,0,wk inc rsv prop ed visits,2026-09-26,35,quantile,0.4,0
2026-09-26,0,wk inc rsv prop ed visits,2026-09-26,35,quantile,0.45,1e-4
2026-09-26,0,wk inc rsv prop ed visits,2026-09-26,35,quantile,0.5,1e-4
2026-09-26,0,wk inc rsv prop ed visits,2026-09-26,35,quantile,0.55,1e-4
2026-09-26,0,wk inc rsv prop ed visits,2026-09-26,35,quantile,0.6,2e-4
2026-09-26,0,wk inc rsv prop ed visits,2026-09-26,35,quantile,0.65,2e-4
2026-09-26,0,wk inc rsv prop ed visits,2026-09-26,35,quantile,0.7,2.099999999999942e-4
2026-09-26,0,wk inc rsv prop ed visits,2026-09-26,35,quantile,0.75,3.000000000000001e-4
2026-09-26,0,wk inc rsv prop ed visits,2026-09-26,35,quantile,0.8,5.000000000000006e-4
2026-09-26,0,wk inc rsv prop ed visits,2026-09-26,35,quantile,0.85,8.999999999999988e-4
2026-09-26,0,wk inc rsv prop ed visits,2026-09-26,35,quantile,0.9,0.0014700000000000002
2026-09-26,0,wk inc rsv prop ed visits,2026-09-26,35,quantile,0.95,0.003039999999999998
2026-09-26,0,wk inc rsv prop ed visits,2026-09-26,35,quantile,0.975,0.004302499999999983
2026-09-26,0,wk inc rsv prop ed visits,2026-09-26,35,quantile,0.99,0.007156999999999932
2026-09-26,0,wk inc rsv prop ed visits,2026-09-26,36,quantile,0.01,0
2026-09-26,0,wk inc rsv prop ed visits,2026-09-26,36,quantile,0.025,0
2026-09-26,0,wk inc rsv prop ed visits,2026-09-26,36,quantile,0.05,0
2026-09-26,0,wk inc rsv prop ed visits,2026-09-26,36,quantile,0.1,0
2026-09-26,0,wk inc rsv prop ed visits,2026-09-26,36,quantile,0.15,0
2026-09-26,0,wk inc rsv prop ed visits,2026-09-26,36,quantile,0.2,0
2026-09-26,0,wk inc rsv prop ed visits,2026-09-26,36,quantile,0.25,0
2026-09-26,0,wk inc rsv prop ed visits,2026-09-26,36,quantile,0.3,4.0657581468206416e-20
2026-09-26,0,wk inc rsv prop ed visits,2026-09-26,36,quantile,0.35,1e-4
2026-09-26,0,wk inc rsv prop ed visits,2026-09-26,36,quantile,0.4,1e-4
2026-09-26,0,wk inc rsv prop ed visits,2026-09-26,36,quantile,0.45,1e-4
2026-09-26,0,wk inc rsv prop ed visits,2026-09-26,36,quantile,0.5,1e-4
2026-09-26,0,wk inc rsv prop ed visits,2026-09-26,36,quantile,0.55,1e-4
2026-09-26,0,wk inc rsv prop ed visits,2026-09-26,36,quantile,0.6,1e-4
2026-09-26,0,wk inc rsv prop ed visits,2026-09-26,36,quantile,0.65,1e-4
2026-09-26,0,wk inc rsv prop ed visits,2026-09-26,36,quantile,0.7,1.9999999999999998e-4
2026-09-26,0,wk inc rsv prop ed visits,2026-09-26,36,quantile,0.75,2e-4
2026-09-26,0,wk inc rsv prop ed visits,2026-09-26,36,quantile,0.8,3.000000000000001e-4
2026-09-26,0,wk inc rsv prop ed visits,2026-09-26,36,quantile,0.85,4.999999999999994e-4
2026-09-26,0,wk inc rsv prop ed visits,2026-09-26,36,quantile,0.9,6.000000000000005e-4
2026-09-26,0,wk inc rsv prop ed visits,2026-09-26,36,quantile,0.95,0.0011000000000000003
2026-09-26,0,wk inc rsv prop ed visits,2026-09-26,36,quantile,0.975,0.0015349999999999893
2026-09-26,0,wk inc rsv prop ed visits,2026-09-26,36,quantile,0.99,0.002160999999999983
2026-09-26,0,wk inc rsv prop ed visits,2026-09-26,37,quantile,0.01,0
2026-09-26,0,wk inc rsv prop ed visits,2026-09-26,37,quantile,0.025,0
2026-09-26,0,wk inc rsv prop ed visits,2026-09-26,37,quantile,0.05,0
2026-09-26,0,wk inc rsv prop ed visits,2026-09-26,37,quantile,0.1,0
2026-09-26,0,wk inc rsv prop ed visits,2026-09-26,37,quantile,0.15,0
2026-09-26,0,wk inc rsv prop ed visits,2026-09-26,37,quantile,0.2,0
2026-09-26,0,wk inc rsv prop ed visits,2026-09-26,37,quantile,0.25,1.0000000000000005e-4
2026-09-26,0,wk inc rsv prop ed visits,2026-09-26,37,quantile,0.3,1.9999999999999993e-4
2026-09-26,0,wk inc rsv prop ed visits,2026-09-26,37,quantile,0.35,2e-4
2026-09-26,0,wk inc rsv prop ed visits,2026-09-26,37,quantile,0.4,3e-4
2026-09-26,0,wk inc rsv prop ed visits,2026-09-26,37,quantile,0.45,3e-4
2026-09-26,0,wk inc rsv prop ed visits,2026-09-26,37,quantile,0.5,3e-4
2026-09-26,0,wk inc rsv prop ed visits,2026-09-26,37,quantile,0.55,3e-4
2026-09-26,0,wk inc rsv prop ed visits,2026-09-26,37,quantile,0.6,3e-4
2026-09-26,0,wk inc rsv prop ed visits,2026-09-26,37,quantile,0.65,3.9999999999999996e-4
2026-09-26,0,wk inc rsv prop ed visits,2026-09-26,37,quantile,0.7,4e-4
2026-09-26,0,wk inc rsv prop ed visits,2026-09-26,37,quantile,0.75,4.999999999999999e-4
2026-09-26,0,wk inc rsv prop ed visits,2026-09-26,37,quantile,0.8,6e-4
2026-09-26,0,wk inc rsv prop ed visits,2026-09-26,37,quantile,0.85,8.999999999999998e-4
2026-09-26,0,wk inc rsv prop ed visits,2026-09-26,37,quantile,0.9,0.0012000000000000001
2026-09-26,0,wk inc rsv prop ed visits,2026-09-26,37,quantile,0.95,0.0019349999999999992
2026-09-26,0,wk inc rsv prop ed visits,2026-09-26,37,quantile,0.975,0.0026674999999999937
2026-09-26,0,wk inc rsv prop ed visits,2026-09-26,37,quantile,0.99,0.0036349999999999733
2026-09-26,0,wk inc rsv prop ed visits,2026-09-26,38,quantile,0.01,0
2026-09-26,0,wk inc rsv prop ed visits,2026-09-26,38,quantile,0.025,0
2026-09-26,0,wk inc rsv prop ed visits,2026-09-26,38,quantile,0.05,0
2026-09-26,0,wk inc rsv prop ed visits,2026-09-26,38,quantile,0.1,0
2026-09-26,0,wk inc rsv prop ed visits,2026-09-26,38,quantile,0.15,0
2026-09-26,0,wk inc rsv prop ed visits,2026-09-26,38,quantile,0.2,0
2026-09-26,0,wk inc rsv prop ed visits,2026-09-26,38,quantile,0.25,0
2026-09-26,0,wk inc rsv prop ed visits,2026-09-26,38,quantile,0.3,0
2026-09-26,0,wk inc rsv prop ed visits,2026-09-26,38,quantile,0.35,0
2026-09-26,0,wk inc rsv prop ed visits,2026-09-26,38,quantile,0.4,1e-4
2026-09-26,0,wk inc rsv prop ed visits,2026-09-26,38,quantile,0.45,1e-4
2026-09-26,0,wk inc rsv prop ed visits,2026-09-26,38,quantile,0.5,1e-4
2026-09-26,0,wk inc rsv prop ed visits,2026-09-26,38,quantile,0.55,1e-4
2026-09-26,0,wk inc rsv prop ed visits,2026-09-26,38,quantile,0.6,1e-4
2026-09-26,0,wk inc rsv prop ed visits,2026-09-26,38,quantile,0.65,2e-4
2026-09-26,0,wk inc rsv prop ed visits,2026-09-26,38,quantile,0.7,3.0000000000000003e-4
2026-09-26,0,wk inc rsv prop ed visits,2026-09-26,38,quantile,0.75,3.9999999999999996e-4
2026-09-26,0,wk inc rsv prop ed visits,2026-09-26,38,quantile,0.8,5e-4
2026-09-26,0,wk inc rsv prop ed visits,2026-09-26,38,quantile,0.85,7.999999999999999e-4
2026-09-26,0,wk inc rsv prop ed visits,2026-09-26,38,quantile,0.9,0.0013000000000000004
2026-09-26,0,wk inc rsv prop ed visits,2026-09-26,38,quantile,0.95,0.002069999999999998
2026-09-26,0,wk inc rsv prop ed visits,2026-09-26,38,quantile,0.975,0.0039024999999999832
2026-09-26,0,wk inc rsv prop ed visits,2026-09-26,38,quantile,0.99,0.006286999999999993
2026-09-26,0,wk inc rsv prop ed visits,2026-09-26,39,quantile,0.01,0
2026-09-26,0,wk inc rsv prop ed visits,2026-09-26,39,quantile,0.025,0
2026-09-26,0,wk inc rsv prop ed visits,2026-09-26,39,quantile,0.05,0
2026-09-26,0,wk inc rsv prop ed visits,2026-09-26,39,quantile,0.1,0
2026-09-26,0,wk inc rsv prop ed visits,2026-09-26,39,quantile,0.15,0
2026-09-26,0,wk inc rsv prop ed visits,2026-09-26,39,quantile,0.2,0
2026-09-26,0,wk inc rsv prop ed visits,2026-09-26,39,quantile,0.25,0
2026-09-26,0,wk inc rsv prop ed visits,2026-09-26,39,quantile,0.3,0
2026-09-26,0,wk inc rsv prop ed visits,2026-09-26,39,quantile,0.35,4.0657581468206416e-20
2026-09-26,0,wk inc rsv prop ed visits,2026-09-26,39,quantile,0.4,1e-4
2026-09-26,0,wk inc rsv prop ed visits,2026-09-26,39,quantile,0.45,1e-4
2026-09-26,0,wk inc rsv prop ed visits,2026-09-26,39,quantile,0.5,1e-4
2026-09-26,0,wk inc rsv prop ed visits,2026-09-26,39,quantile,0.55,1e-4
2026-09-26,0,wk inc rsv prop ed visits,2026-09-26,39,quantile,0.6,1e-4
2026-09-26,0,wk inc rsv prop ed visits,2026-09-26,39,quantile,0.65,1.9999999999999998e-4
2026-09-26,0,wk inc rsv prop ed visits,2026-09-26,39,quantile,0.7,2e-4
2026-09-26,0,wk inc rsv prop ed visits,2026-09-26,39,quantile,0.75,2e-4
2026-09-26,0,wk inc rsv prop ed visits,2026-09-26,39,quantile,0.8,3.000000000000001e-4
2026-09-26,0,wk inc rsv prop ed visits,2026-09-26,39,quantile,0.85,4.999999999999999e-4
2026-09-26,0,wk inc rsv prop ed visits,2026-09-26,39,quantile,0.9,6.700000000000007e-4
2026-09-26,0,wk inc rsv prop ed visits,2026-09-26,39,quantile,0.95,0.0011349999999999995
2026-09-26,0,wk inc rsv prop ed visits,2026-09-26,39,quantile,0.975,0.0018674999999999955
2026-09-26,0,wk inc rsv prop ed visits,2026-09-26,39,quantile,0.99,0.0025609999999999813
2026-09-26,0,wk inc rsv prop ed visits,2026-09-26,40,quantile,0.01,0
2026-09-26,0,wk inc rsv prop ed visits,2026-09-26,40,quantile,0.025,0
2026-09-26,0,wk inc rsv prop ed visits,2026-09-26,40,quantile,0.05,0
2026-09-26,0,wk inc rsv prop ed visits,2026-09-26,40,quantile,0.1,0
2026-09-26,0,wk inc rsv prop ed visits,2026-09-26,40,quantile,0.15,0
2026-09-26,0,wk inc rsv prop ed visits,2026-09-26,40,quantile,0.2,0
2026-09-26,0,wk inc rsv prop ed visits,2026-09-26,40,quantile,0.25,0
2026-09-26,0,wk inc rsv prop ed visits,2026-09-26,40,quantile,0.3,2.710505431213761e-20
2026-09-26,0,wk inc rsv prop ed visits,2026-09-26,40,quantile,0.35,1e-4
2026-09-26,0,wk inc rsv prop ed visits,2026-09-26,40,quantile,0.4,1e-4
2026-09-26,0,wk inc rsv prop ed visits,2026-09-26,40,quantile,0.45,2e-4
2026-09-26,0,wk inc rsv prop ed visits,2026-09-26,40,quantile,0.5,2e-4
2026-09-26,0,wk inc rsv prop ed visits,2026-09-26,40,quantile,0.55,2e-4
2026-09-26,0,wk inc rsv prop ed visits,2026-09-26,40,quantile,0.6,3.0000000000000003e-4
2026-09-26,0,wk inc rsv prop ed visits,2026-09-26,40,quantile,0.65,3.0000000000000003e-4
2026-09-26,0,wk inc rsv prop ed visits,2026-09-26,40,quantile,0.7,3.9999999999999996e-4
2026-09-26,0,wk inc rsv prop ed visits,2026-09-26,40,quantile,0.75,5e-4
2026-09-26,0,wk inc rsv prop ed visits,2026-09-26,40,quantile,0.8,6e-4
2026-09-26,0,wk inc rsv prop ed visits,2026-09-26,40,quantile,0.85,7.999999999999998e-4
2026-09-26,0,wk inc rsv prop ed visits,2026-09-26,40,quantile,0.9,0.0014
2026-09-26,0,wk inc rsv prop ed visits,2026-09-26,40,quantile,0.95,0.0021000000000000007
2026-09-26,0,wk inc rsv prop ed visits,2026-09-26,40,quantile,0.975,0.0027674999999999935
2026-09-26,0,wk inc rsv prop ed visits,2026-09-26,40,quantile,0.99,0.0038739999999999877
2026-09-26,0,wk inc rsv prop ed visits,2026-09-26,41,quantile,0.01,0
2026-09-26,0,wk inc rsv prop ed visits,2026-09-26,41,quantile,0.025,0
2026-09-26,0,wk inc rsv prop ed visits,2026-09-26,41,quantile,0.05,0
2026-09-26,0,wk inc rsv prop ed visits,2026-09-26,41,quantile,0.1,0
2026-09-26,0,wk inc rsv prop ed visits,2026-09-26,41,quantile,0.15,0
2026-09-26,0,wk inc rsv prop ed visits,2026-09-26,41,quantile,0.2,0
2026-09-26,0,wk inc rsv prop ed visits,2026-09-26,41,quantile,0.25,2.710505431213761e-20
2026-09-26,0,wk inc rsv prop ed visits,2026-09-26,41,quantile,0.3,1e-4
2026-09-26,0,wk inc rsv prop ed visits,2026-09-26,41,quantile,0.35,1e-4
2026-09-26,0,wk inc rsv prop ed visits,2026-09-26,41,quantile,0.4,2e-4
2026-09-26,0,wk inc rsv prop ed visits,2026-09-26,41,quantile,0.45,2e-4
2026-09-26,0,wk inc rsv prop ed visits,2026-09-26,41,quantile,0.5,2e-4
2026-09-26,0,wk inc rsv prop ed visits,2026-09-26,41,quantile,0.55,2e-4
2026-09-26,0,wk inc rsv prop ed visits,2026-09-26,41,quantile,0.6,2e-4
2026-09-26,0,wk inc rsv prop ed visits,2026-09-26,41,quantile,0.65,3.0000000000000003e-4
2026-09-26,0,wk inc rsv prop ed visits,2026-09-26,41,quantile,0.7,3.0000000000000003e-4
2026-09-26,0,wk inc rsv prop ed visits,2026-09-26,41,quantile,0.75,3.9999999999999996e-4
2026-09-26,0,wk inc rsv prop ed visits,2026-09-26,41,quantile,0.8,4.999999999999999e-4
2026-09-26,0,wk inc rsv prop ed visits,2026-09-26,41,quantile,0.85,7.050000000000002e-4
2026-09-26,0,wk inc rsv prop ed visits,2026-09-26,41,quantile,0.9,0.0011
2026-09-26,0,wk inc rsv prop ed visits,2026-09-26,41,quantile,0.95,0.0017
2026-09-26,0,wk inc rsv prop ed visits,2026-09-26,41,quantile,0.975,0.0026674999999999945
2026-09-26,0,wk inc rsv prop ed visits,2026-09-26,41,quantile,0.99,0.0031869999999999937
2026-09-26,0,wk inc rsv prop ed visits,2026-09-26,42,quantile,0.01,0
2026-09-26,0,wk inc rsv prop ed visits,2026-09-26,42,quantile,0.025,0
2026-09-26,0,wk inc rsv prop ed visits,2026-09-26,42,quantile,0.05,0
2026-09-26,0,wk inc rsv prop ed visits,2026-09-26,42,quantile,0.1,0
2026-09-26,0,wk inc rsv prop ed visits,2026-09-26,42,quantile,0.15,0
2026-09-26,0,wk inc rsv prop ed visits,2026-09-26,42,quantile,0.2,0
2026-09-26,0,wk inc rsv prop ed visits,2026-09-26,42,quantile,0.25,0
2026-09-26,0,wk inc rsv prop ed visits,2026-09-26,42,quantile,0.3,0
2026-09-26,0,wk inc rsv prop ed visits,2026-09-26,42,quantile,0.35,5.4999999999997305e-5
2026-09-26,0,wk inc rsv prop ed visits,2026-09-26,42,quantile,0.4,1e-4
2026-09-26,0,wk inc rsv prop ed visits,2026-09-26,42,quantile,0.45,1e-4
2026-09-26,0,wk inc rsv prop ed visits,2026-09-26,42,quantile,0.5,1e-4
2026-09-26,0,wk inc rsv prop ed visits,2026-09-26,42,quantile,0.55,1e-4
2026-09-26,0,wk inc rsv prop ed visits,2026-09-26,42,quantile,0.6,1e-4
2026-09-26,0,wk inc rsv prop ed visits,2026-09-26,42,quantile,0.65,1.4499999999999987e-4
2026-09-26,0,wk inc rsv prop ed visits,2026-09-26,42,quantile,0.7,2e-4
2026-09-26,0,wk inc rsv prop ed visits,2026-09-26,42,quantile,0.75,2e-4
2026-09-26,0,wk inc rsv prop ed visits,2026-09-26,42,quantile,0.8,3.000000000000001e-4
2026-09-26,0,wk inc rsv prop ed visits,2026-09-26,42,quantile,0.85,5e-4
2026-09-26,0,wk inc rsv prop ed visits,2026-09-26,42,quantile,0.9,8e-4
2026-09-26,0,wk inc rsv prop ed visits,2026-09-26,42,quantile,0.95,0.0012349999999999993
2026-09-26,0,wk inc rsv prop ed visits,2026-09-26,42,quantile,0.975,0.002167499999999994
2026-09-26,0,wk inc rsv prop ed visits,2026-09-26,42,quantile,0.99,0.002886999999999994
2026-09-26,0,wk inc rsv prop ed visits,2026-09-26,44,quantile,0.01,0
2026-09-26,0,wk inc rsv prop ed visits,2026-09-26,44,quantile,0.025,0
2026-09-26,0,wk inc rsv prop ed visits,2026-09-26,44,quantile,0.05,0
2026-09-26,0,wk inc rsv prop ed visits,2026-09-26,44,quantile,0.1,0
2026-09-26,0,wk inc rsv prop ed visits,2026-09-26,44,quantile,0.15,0
2026-09-26,0,wk inc rsv prop ed visits,2026-09-26,44,quantile,0.2,0
2026-09-26,0,wk inc rsv prop ed visits,2026-09-26,44,quantile,0.25,0
2026-09-26,0,wk inc rsv prop ed visits,2026-09-26,44,quantile,0.3,3.2526065174565133e-19
2026-09-26,0,wk inc rsv prop ed visits,2026-09-26,44,quantile,0.35,1e-4
2026-09-26,0,wk inc rsv prop ed visits,2026-09-26,44,quantile,0.4,1.0000000000000002e-4
2026-09-26,0,wk inc rsv prop ed visits,2026-09-26,44,quantile,0.45,2e-4
2026-09-26,0,wk inc rsv prop ed visits,2026-09-26,44,quantile,0.5,2e-4
2026-09-26,0,wk inc rsv prop ed visits,2026-09-26,44,quantile,0.55,2e-4
2026-09-26,0,wk inc rsv prop ed visits,2026-09-26,44,quantile,0.6,3.0000000000000003e-4
2026-09-26,0,wk inc rsv prop ed visits,2026-09-26,44,quantile,0.65,3.0000000000000003e-4
2026-09-26,0,wk inc rsv prop ed visits,2026-09-26,44,quantile,0.7,3.999999999999997e-4
2026-09-26,0,wk inc rsv prop ed visits,2026-09-26,44,quantile,0.75,4e-4
2026-09-26,0,wk inc rsv prop ed visits,2026-09-26,44,quantile,0.8,5e-4
2026-09-26,0,wk inc rsv prop ed visits,2026-09-26,44,quantile,0.85,7.050000000000002e-4
2026-09-26,0,wk inc rsv prop ed visits,2026-09-26,44,quantile,0.9,0.0011999999999999997
2026-09-26,0,wk inc rsv prop ed visits,2026-09-26,44,quantile,0.95,0.0021000000000000007
2026-09-26,0,wk inc rsv prop ed visits,2026-09-26,44,quantile,0.975,0.002967499999999995
2026-09-26,0,wk inc rsv prop ed visits,2026-09-26,44,quantile,0.99,0.0035869999999999947
2026-09-26,0,wk inc rsv prop ed visits,2026-09-26,45,quantile,0.01,0
2026-09-26,0,wk inc rsv prop ed visits,2026-09-26,45,quantile,0.025,0
2026-09-26,0,wk inc rsv prop ed visits,2026-09-26,45,quantile,0.05,0
2026-09-26,0,wk inc rsv prop ed visits,2026-09-26,45,quantile,0.1,0
2026-09-26,0,wk inc rsv prop ed visits,2026-09-26,45,quantile,0.15,0
2026-09-26,0,wk inc rsv prop ed visits,2026-09-26,45,quantile,0.2,9.999999999999999e-5
2026-09-26,0,wk inc rsv prop ed visits,2026-09-26,45,quantile,0.25,1.9999999999999998e-4
2026-09-26,0,wk inc rsv prop ed visits,2026-09-26,45,quantile,0.3,3e-4
2026-09-26,0,wk inc rsv prop ed visits,2026-09-26,45,quantile,0.35,3.0000000000000003e-4
2026-09-26,0,wk inc rsv prop ed visits,2026-09-26,45,quantile,0.4,3.0000000000000003e-4
2026-09-26,0,wk inc rsv prop ed visits,2026-09-26,45,quantile,0.45,4e-4
2026-09-26,0,wk inc rsv prop ed visits,2026-09-26,45,quantile,0.5,4e-4
2026-09-26,0,wk inc rsv prop ed visits,2026-09-26,45,quantile,0.55,4e-4
2026-09-26,0,wk inc rsv prop ed visits,2026-09-26,45,quantile,0.6,5e-4
2026-09-26,0,wk inc rsv prop ed visits,2026-09-26,45,quantile,0.65,5e-4
2026-09-26,0,wk inc rsv prop ed visits,2026-09-26,45,quantile,0.7,5e-4
2026-09-26,0,wk inc rsv prop ed visits,2026-09-26,45,quantile,0.75,6.000000000000001e-4
2026-09-26,0,wk inc rsv prop ed visits,2026-09-26,45,quantile,0.8,7.000000000000001e-4
2026-09-26,0,wk inc rsv prop ed visits,2026-09-26,45,quantile,0.85,8.000000000000001e-4
2026-09-26,0,wk inc rsv prop ed visits,2026-09-26,45,quantile,0.9,0.0011000000000000005
2026-09-26,0,wk inc rsv prop ed visits,2026-09-26,45,quantile,0.95,0.0016349999999999989
2026-09-26,0,wk inc rsv prop ed visits,2026-09-26,45,quantile,0.975,0.0023349999999999886
2026-09-26,0,wk inc rsv prop ed visits,2026-09-26,45,quantile,0.99,0.0027869999999999943
2026-09-26,0,wk inc rsv prop ed visits,2026-09-26,46,quantile,0.01,0
2026-09-26,0,wk inc rsv prop ed visits,2026-09-26,46,quantile,0.025,0
2026-09-26,0,wk inc rsv prop ed visits,2026-09-26,46,quantile,0.05,0
2026-09-26,0,wk inc rsv prop ed visits,2026-09-26,46,quantile,0.1,0
2026-09-26,0,wk inc rsv prop ed visits,2026-09-26,46,quantile,0.15,0
2026-09-26,0,wk inc rsv prop ed visits,2026-09-26,46,quantile,0.2,0
2026-09-26,0,wk inc rsv prop ed visits,2026-09-26,46,quantile,0.25,0
2026-09-26,0,wk inc rsv prop ed visits,2026-09-26,46,quantile,0.3,0
2026-09-26,0,wk inc rsv prop ed visits,2026-09-26,46,quantile,0.35,0
2026-09-26,0,wk inc rsv prop ed visits,2026-09-26,46,quantile,0.4,0
2026-09-26,0,wk inc rsv prop ed visits,2026-09-26,46,quantile,0.45,0
2026-09-26,0,wk inc rsv prop ed visits,2026-09-26,46,quantile,0.5,0
2026-09-26,0,wk inc rsv prop ed visits,2026-09-26,46,quantile,0.55,0
2026-09-26,0,wk inc rsv prop ed visits,2026-09-26,46,quantile,0.6,0
2026-09-26,0,wk inc rsv prop ed visits,2026-09-26,46,quantile,0.65,1.9999999999999898e-4
2026-09-26,0,wk inc rsv prop ed visits,2026-09-26,46,quantile,0.7,2e-4
2026-09-26,0,wk inc rsv prop ed visits,2026-09-26,46,quantile,0.75,3.000000000000003e-4
2026-09-26,0,wk inc rsv prop ed visits,2026-09-26,46,quantile,0.8,5e-4
2026-09-26,0,wk inc rsv prop ed visits,2026-09-26,46,quantile,0.85,8.050000000000002e-4
2026-09-26,0,wk inc rsv prop ed visits,2026-09-26,46,quantile,0.9,0.0014000000000000002
2026-09-26,0,wk inc rsv prop ed visits,2026-09-26,46,quantile,0.95,0.00247
2026-09-26,0,wk inc rsv prop ed visits,2026-09-26,46,quantile,0.975,0.003200000000000001
2026-09-26,0,wk inc rsv prop ed visits,2026-09-26,46,quantile,0.99,0.004060999999999985
2026-09-26,0,wk inc rsv prop ed visits,2026-09-26,47,quantile,0.01,0
2026-09-26,0,wk inc rsv prop ed visits,2026-09-26,47,quantile,0.025,0
2026-09-26,0,wk inc rsv prop ed visits,2026-09-26,47,quantile,0.05,0
2026-09-26,0,wk inc rsv prop ed visits,2026-09-26,47,quantile,0.1,0
2026-09-26,0,wk inc rsv prop ed visits,2026-09-26,47,quantile,0.15,0
2026-09-26,0,wk inc rsv prop ed visits,2026-09-26,47,quantile,0.2,9.999999999999999e-5
2026-09-26,0,wk inc rsv prop ed visits,2026-09-26,47,quantile,0.25,2.0000000000000004e-4
2026-09-26,0,wk inc rsv prop ed visits,2026-09-26,47,quantile,0.3,3e-4
2026-09-26,0,wk inc rsv prop ed visits,2026-09-26,47,quantile,0.35,3.0000000000000003e-4
2026-09-26,0,wk inc rsv prop ed visits,2026-09-26,47,quantile,0.4,3.000000000000001e-4
2026-09-26,0,wk inc rsv prop ed visits,2026-09-26,47,quantile,0.45,4e-4
2026-09-26,0,wk inc rsv prop ed visits,2026-09-26,47,quantile,0.5,4e-4
2026-09-26,0,wk inc rsv prop ed visits,2026-09-26,47,quantile,0.55,4e-4
2026-09-26,0,wk inc rsv prop ed visits,2026-09-26,47,quantile,0.6,4.999999999999999e-4
2026-09-26,0,wk inc rsv prop ed visits,2026-09-26,47,quantile,0.65,5e-4
2026-09-26,0,wk inc rsv prop ed visits,2026-09-26,47,quantile,0.7,5.000000000000001e-4
2026-09-26,0,wk inc rsv prop ed visits,2026-09-26,47,quantile,0.75,6.000000000000001e-4
2026-09-26,0,wk inc rsv prop ed visits,2026-09-26,47,quantile,0.8,7.000000000000001e-4
2026-09-26,0,wk inc rsv prop ed visits,2026-09-26,47,quantile,0.85,9.000000000000004e-4
2026-09-26,0,wk inc rsv prop ed visits,2026-09-26,47,quantile,0.9,0.0011999999999999995
2026-09-26,0,wk inc rsv prop ed visits,2026-09-26,47,quantile,0.95,0.0020000000000000005
2026-09-26,0,wk inc rsv prop ed visits,2026-09-26,47,quantile,0.975,0.0024
2026-09-26,0,wk inc rsv prop ed visits,2026-09-26,47,quantile,0.99,0.0029739999999999875
2026-09-26,0,wk inc rsv prop ed visits,2026-09-26,48,quantile,0.01,0
2026-09-26,0,wk inc rsv prop ed visits,2026-09-26,48,quantile,0.025,0
2026-09-26,0,wk inc rsv prop ed visits,2026-09-26,48,quantile,0.05,0
2026-09-26,0,wk inc rsv prop ed visits,2026-09-26,48,quantile,0.1,0
2026-09-26,0,wk inc rsv prop ed visits,2026-09-26,48,quantile,0.15,9.999999999999994e-5
2026-09-26,0,wk inc rsv prop ed visits,2026-09-26,48,quantile,0.2,3.9999999999999975e-4
2026-09-26,0,wk inc rsv prop ed visits,2026-09-26,48,quantile,0.25,4.999999999999997e-4
2026-09-26,0,wk inc rsv prop ed visits,2026-09-26,48,quantile,0.3,4.999999999999999e-4
2026-09-26,0,wk inc rsv prop ed visits,2026-09-26,48,quantile,0.35,5e-4
2026-09-26,0,wk inc rsv prop ed visits,2026-09-26,48,quantile,0.4,5.000000000000002e-4
2026-09-26,0,wk inc rsv prop ed visits,2026-09-26,48,quantile,0.45,6e-4
2026-09-26,0,wk inc rsv prop ed visits,2026-09-26,48,quantile,0.5,6e-4
2026-09-26,0,wk inc rsv prop ed visits,2026-09-26,48,quantile,0.55,6e-4
2026-09-26,0,wk inc rsv prop ed visits,2026-09-26,48,quantile,0.6,6.999999999999997e-4
2026-09-26,0,wk inc rsv prop ed visits,2026-09-26,48,quantile,0.65,6.999999999999999e-4
2026-09-26,0,wk inc rsv prop ed visits,2026-09-26,48,quantile,0.7,7e-4
2026-09-26,0,wk inc rsv prop ed visits,2026-09-26,48,quantile,0.75,7.000000000000002e-4
2026-09-26,0,wk inc rsv prop ed visits,2026-09-26,48,quantile,0.8,8.000000000000001e-4
2026-09-26,0,wk inc rsv prop ed visits,2026-09-26,48,quantile,0.85,0.0010999999999999998
2026-09-26,0,wk inc rsv prop ed visits,2026-09-26,48,quantile,0.9,0.00147
2026-09-26,0,wk inc rsv prop ed visits,2026-09-26,48,quantile,0.95,0.0021000000000000003
2026-09-26,0,wk inc rsv prop ed visits,2026-09-26,48,quantile,0.975,0.002667499999999994
2026-09-26,0,wk inc rsv prop ed visits,2026-09-26,48,quantile,0.99,0.0033
2026-09-26,0,wk inc rsv prop ed visits,2026-09-26,49,quantile,0.01,0
2026-09-26,0,wk inc rsv prop ed visits,2026-09-26,49,quantile,0.025,0
2026-09-26,0,wk inc rsv prop ed visits,2026-09-26,49,quantile,0.05,0
2026-09-26,0,wk inc rsv prop ed visits,2026-09-26,49,quantile,0.1,0
2026-09-26,0,wk inc rsv prop ed visits,2026-09-26,49,quantile,0.15,0
2026-09-26,0,wk inc rsv prop ed visits,2026-09-26,49,quantile,0.2,0
2026-09-26,0,wk inc rsv prop ed visits,2026-09-26,49,quantile,0.25,0
2026-09-26,0,wk inc rsv prop ed visits,2026-09-26,49,quantile,0.3,0
2026-09-26,0,wk inc rsv prop ed visits,2026-09-26,49,quantile,0.35,0
2026-09-26,0,wk inc rsv prop ed visits,2026-09-26,49,quantile,0.4,0
2026-09-26,0,wk inc rsv prop ed visits,2026-09-26,49,quantile,0.45,0
2026-09-26,0,wk inc rsv prop ed visits,2026-09-26,49,quantile,0.5,0
2026-09-26,0,wk inc rsv prop ed visits,2026-09-26,49,quantile,0.55,0
2026-09-26,0,wk inc rsv prop ed visits,2026-09-26,49,quantile,0.6,7.99999999999986e-5
2026-09-26,0,wk inc rsv prop ed visits,2026-09-26,49,quantile,0.65,1e-4
2026-09-26,0,wk inc rsv prop ed visits,2026-09-26,49,quantile,0.7,1e-4
2026-09-26,0,wk inc rsv prop ed visits,2026-09-26,49,quantile,0.75,2e-4
2026-09-26,0,wk inc rsv prop ed visits,2026-09-26,49,quantile,0.8,3.000000000000001e-4
2026-09-26,0,wk inc rsv prop ed visits,2026-09-26,49,quantile,0.85,6.000000000000001e-4
2026-09-26,0,wk inc rsv prop ed visits,2026-09-26,49,quantile,0.9,0.0011999999999999997
2026-09-26,0,wk inc rsv prop ed visits,2026-09-26,49,quantile,0.95,0.002435
2026-09-26,0,wk inc rsv prop ed visits,2026-09-26,49,quantile,0.975,0.0035349999999999887
2026-09-26,0,wk inc rsv prop ed visits,2026-09-26,49,quantile,0.99,0.005656999999999936
2026-09-26,0,wk inc rsv prop ed visits,2026-09-26,50,quantile,0.01,0
2026-09-26,0,wk inc rsv prop ed visits,2026-09-26,50,quantile,0.025,0
2026-09-26,0,wk inc rsv prop ed visits,2026-09-26,50,quantile,0.05,0
2026-09-26,0,wk inc rsv prop ed visits,2026-09-26,50,quantile,0.1,0
2026-09-26,0,wk inc rsv prop ed visits,2026-09-26,50,quantile,0.15,0
2026-09-26,0,wk inc rsv prop ed visits,2026-09-26,50,quantile,0.2,0
2026-09-26,0,wk inc rsv prop ed visits,2026-09-26,50,quantile,0.25,0
2026-09-26,0,wk inc rsv prop ed visits,2026-09-26,50,quantile,0.3,0
2026-09-26,0,wk inc rsv prop ed visits,2026-09-26,50,quantile,0.35,0
2026-09-26,0,wk inc rsv prop ed visits,2026-09-26,50,quantile,0.4,0
2026-09-26,0,wk inc rsv prop ed visits,2026-09-26,50,quantile,0.45,0
2026-09-26,0,wk inc rsv prop ed visits,2026-09-26,50,quantile,0.5,0
2026-09-26,0,wk inc rsv prop ed visits,2026-09-26,50,quantile,0.55,0
2026-09-26,0,wk inc rsv prop ed visits,2026-09-26,50,quantile,0.6,9.999999999999999e-5
2026-09-26,0,wk inc rsv prop ed visits,2026-09-26,50,quantile,0.65,2e-4
2026-09-26,0,wk inc rsv prop ed visits,2026-09-26,50,quantile,0.7,3e-4
2026-09-26,0,wk inc rsv prop ed visits,2026-09-26,50,quantile,0.75,4e-4
2026-09-26,0,wk inc rsv prop ed visits,2026-09-26,50,quantile,0.8,5.400000000000062e-4
2026-09-26,0,wk inc rsv prop ed visits,2026-09-26,50,quantile,0.85,8.999999999999998e-4
2026-09-26,0,wk inc rsv prop ed visits,2026-09-26,50,quantile,0.9,0.0014000000000000002
2026-09-26,0,wk inc rsv prop ed visits,2026-09-26,50,quantile,0.95,0.0028000000000000004
2026-09-26,0,wk inc rsv prop ed visits,2026-09-26,50,quantile,0.975,0.0039024999999999815
2026-09-26,0,wk inc rsv prop ed visits,2026-09-26,50,quantile,0.99,0.0052
2026-09-26,0,wk inc rsv prop ed visits,2026-09-26,51,quantile,0.01,0
2026-09-26,0,wk inc rsv prop ed visits,2026-09-26,51,quantile,0.025,0
2026-09-26,0,wk inc rsv prop ed visits,2026-09-26,51,quantile,0.05,0
2026-09-26,0,wk inc rsv prop ed visits,2026-09-26,51,quantile,0.1,0
2026-09-26,0,wk inc rsv prop ed visits,2026-09-26,51,quantile,0.15,0
2026-09-26,0,wk inc rsv prop ed visits,2026-09-26,51,quantile,0.2,0
2026-09-26,0,wk inc rsv prop ed visits,2026-09-26,51,quantile,0.25,1.3552527156068805e-19
2026-09-26,0,wk inc rsv prop ed visits,2026-09-26,51,quantile,0.3,1e-4
2026-09-26,0,wk inc rsv prop ed visits,2026-09-26,51,quantile,0.35,1.0000000000000005e-4
2026-09-26,0,wk inc rsv prop ed visits,2026-09-26,51,quantile,0.4,2e-4
2026-09-26,0,wk inc rsv prop ed visits,2026-09-26,51,quantile,0.45,2e-4
2026-09-26,0,wk inc rsv prop ed visits,2026-09-26,51,quantile,0.5,2e-4
2026-09-26,0,wk inc rsv prop ed visits,2026-09-26,51,quantile,0.55,2e-4
2026-09-26,0,wk inc rsv prop ed visits,2026-09-26,51,quantile,0.6,2e-4
2026-09-26,0,wk inc rsv prop ed visits,2026-09-26,51,quantile,0.65,3e-4
2026-09-26,0,wk inc rsv prop ed visits,2026-09-26,51,quantile,0.7,3.0000000000000003e-4
2026-09-26,0,wk inc rsv prop ed visits,2026-09-26,51,quantile,0.75,3.9999999999999986e-4
2026-09-26,0,wk inc rsv prop ed visits,2026-09-26,51,quantile,0.8,4.000000000000001e-4
2026-09-26,0,wk inc rsv prop ed visits,2026-09-26,51,quantile,0.85,6e-4
2026-09-26,0,wk inc rsv prop ed visits,2026-09-26,51,quantile,0.9,9.000000000000001e-4
2026-09-26,0,wk inc rsv prop ed visits,2026-09-26,51,quantile,0.95,0.0013000000000000002
2026-09-26,0,wk inc rsv prop ed visits,2026-09-26,51,quantile,0.975,0.0016674999999999945
2026-09-26,0,wk inc rsv prop ed visits,2026-09-26,51,quantile,0.99,0.002260999999999982
2026-09-26,0,wk inc rsv prop ed visits,2026-09-26,53,quantile,0.01,0
2026-09-26,0,wk inc rsv prop ed visits,2026-09-26,53,quantile,0.025,0
2026-09-26,0,wk inc rsv prop ed visits,2026-09-26,53,quantile,0.05,0
2026-09-26,0,wk inc rsv prop ed visits,2026-09-26,53,quantile,0.1,0
2026-09-26,0,wk inc rsv prop ed visits,2026-09-26,53,quantile,0.15,0
2026-09-26,0,wk inc rsv prop ed visits,2026-09-26,53,quantile,0.2,0
2026-09-26,0,wk inc rsv prop ed visits,2026-09-26,53,quantile,0.25,0
2026-09-26,0,wk inc rsv prop ed visits,2026-09-26,53,quantile,0.3,0
2026-09-26,0,wk inc rsv prop ed visits,2026-09-26,53,quantile,0.35,0
2026-09-26,0,wk inc rsv prop ed visits,2026-09-26,53,quantile,0.4,1e-4
2026-09-26,0,wk inc rsv prop ed visits,2026-09-26,53,quantile,0.45,1e-4
2026-09-26,0,wk inc rsv prop ed visits,2026-09-26,53,quantile,0.5,1e-4
2026-09-26,0,wk inc rsv prop ed visits,2026-09-26,53,quantile,0.55,1e-4
2026-09-26,0,wk inc rsv prop ed visits,2026-09-26,53,quantile,0.6,1e-4
2026-09-26,0,wk inc rsv prop ed visits,2026-09-26,53,quantile,0.65,2e-4
2026-09-26,0,wk inc rsv prop ed visits,2026-09-26,53,quantile,0.7,2e-4
2026-09-26,0,wk inc rsv prop ed visits,2026-09-26,53,quantile,0.75,2.9999999999999987e-4
2026-09-26,0,wk inc rsv prop ed visits,2026-09-26,53,quantile,0.8,4.000000000000001e-4
2026-09-26,0,wk inc rsv prop ed visits,2026-09-26,53,quantile,0.85,6.000000000000007e-4
2026-09-26,0,wk inc rsv prop ed visits,2026-09-26,53,quantile,0.9,0.0011699999999999996
2026-09-26,0,wk inc rsv prop ed visits,2026-09-26,53,quantile,0.95,0.0016
2026-09-26,0,wk inc rsv prop ed visits,2026-09-26,53,quantile,0.975,0.0028000000000000004
2026-09-26,0,wk inc rsv prop ed visits,2026-09-26,53,quantile,0.99,0.004400000000000002
2026-09-26,0,wk inc rsv prop ed visits,2026-09-26,54,quantile,0.01,0
2026-09-26,0,wk inc rsv prop ed visits,2026-09-26,54,quantile,0.025,0
2026-09-26,0,wk inc rsv prop ed visits,2026-09-26,54,quantile,0.05,0
2026-09-26,0,wk inc rsv prop ed visits,2026-09-26,54,quantile,0.1,0
2026-09-26,0,wk inc rsv prop ed visits,2026-09-26,54,quantile,0.15,0
2026-09-26,0,wk inc rsv prop ed visits,2026-09-26,54,quantile,0.2,0
2026-09-26,0,wk inc rsv prop ed visits,2026-09-26,54,quantile,0.25,0
2026-09-26,0,wk inc rsv prop ed visits,2026-09-26,54,quantile,0.3,0
2026-09-26,0,wk inc rsv prop ed visits,2026-09-26,54,quantile,0.35,1e-4
2026-09-26,0,wk inc rsv prop ed visits,2026-09-26,54,quantile,0.4,1.0000000000000005e-4
2026-09-26,0,wk inc rsv prop ed visits,2026-09-26,54,quantile,0.45,2e-4
2026-09-26,0,wk inc rsv prop ed visits,2026-09-26,54,quantile,0.5,2e-4
2026-09-26,0,wk inc rsv prop ed visits,2026-09-26,54,quantile,0.55,2e-4
2026-09-26,0,wk inc rsv prop ed visits,2026-09-26,54,quantile,0.6,3e-4
2026-09-26,0,wk inc rsv prop ed visits,2026-09-26,54,quantile,0.65,3.0000000000000003e-4
2026-09-26,0,wk inc rsv prop ed visits,2026-09-26,54,quantile,0.7,4e-4
2026-09-26,0,wk inc rsv prop ed visits,2026-09-26,54,quantile,0.75,5e-4
2026-09-26,0,wk inc rsv prop ed visits,2026-09-26,54,quantile,0.8,7e-4
2026-09-26,0,wk inc rsv prop ed visits,2026-09-26,54,quantile,0.85,0.0012999999999999995
2026-09-26,0,wk inc rsv prop ed visits,2026-09-26,54,quantile,0.9,0.002170000000000001
2026-09-26,0,wk inc rsv prop ed visits,2026-09-26,54,quantile,0.95,0.0033
2026-09-26,0,wk inc rsv prop ed visits,2026-09-26,54,quantile,0.975,0.004667499999999993
2026-09-26,0,wk inc rsv prop ed visits,2026-09-26,54,quantile,0.99,0.006947999999999975
2026-09-26,0,wk inc rsv prop ed visits,2026-09-26,55,quantile,0.01,0
2026-09-26,0,wk inc rsv prop ed visits,2026-09-26,55,quantile,0.025,0
2026-09-26,0,wk inc rsv prop ed visits,2026-09-26,55,quantile,0.05,0
2026-09-26,0,wk inc rsv prop ed visits,2026-09-26,55,quantile,0.1,0
2026-09-26,0,wk inc rsv prop ed visits,2026-09-26,55,quantile,0.15,0
2026-09-26,0,wk inc rsv prop ed visits,2026-09-26,55,quantile,0.2,0
2026-09-26,0,wk inc rsv prop ed visits,2026-09-26,55,quantile,0.25,0
2026-09-26,0,wk inc rsv prop ed visits,2026-09-26,55,quantile,0.3,0
2026-09-26,0,wk inc rsv prop ed visits,2026-09-26,55,quantile,0.35,1.3552527156068805e-20
2026-09-26,0,wk inc rsv prop ed visits,2026-09-26,55,quantile,0.4,1e-4
2026-09-26,0,wk inc rsv prop ed visits,2026-09-26,55,quantile,0.45,1e-4
2026-09-26,0,wk inc rsv prop ed visits,2026-09-26,55,quantile,0.5,1e-4
2026-09-26,0,wk inc rsv prop ed visits,2026-09-26,55,quantile,0.55,1e-4
2026-09-26,0,wk inc rsv prop ed visits,2026-09-26,55,quantile,0.6,1e-4
2026-09-26,0,wk inc rsv prop ed visits,2026-09-26,55,quantile,0.65,1.9999999999999998e-4
2026-09-26,0,wk inc rsv prop ed visits,2026-09-26,55,quantile,0.7,2e-4
2026-09-26,0,wk inc rsv prop ed visits,2026-09-26,55,quantile,0.75,2.0000000000000004e-4
2026-09-26,0,wk inc rsv prop ed visits,2026-09-26,55,quantile,0.8,4e-4
2026-09-26,0,wk inc rsv prop ed visits,2026-09-26,55,quantile,0.85,6.999999999999999e-4
2026-09-26,0,wk inc rsv prop ed visits,2026-09-26,55,quantile,0.9,9.700000000000006e-4
2026-09-26,0,wk inc rsv prop ed visits,2026-09-26,55,quantile,0.95,0.0017349999999999998
2026-09-26,0,wk inc rsv prop ed visits,2026-09-26,55,quantile,0.975,0.0023674999999999937
2026-09-26,0,wk inc rsv prop ed visits,2026-09-26,55,quantile,0.99,0.002800000000000001
2026-09-26,0,wk inc rsv prop ed visits,2026-09-26,56,quantile,0.01,0
2026-09-26,0,wk inc rsv prop ed visits,2026-09-26,56,quantile,0.025,0
2026-09-26,0,wk inc rsv prop ed visits,2026-09-26,56,quantile,0.05,0
2026-09-26,0,wk inc rsv prop ed visits,2026-09-26,56,quantile,0.1,0
2026-09-26,0,wk inc rsv prop ed visits,2026-09-26,56,quantile,0.15,0
2026-09-26,0,wk inc rsv prop ed visits,2026-09-26,56,quantile,0.2,5.999999999999992e-4
2026-09-26,0,wk inc rsv prop ed visits,2026-09-26,56,quantile,0.25,8.000000000000006e-4
2026-09-26,0,wk inc rsv prop ed visits,2026-09-26,56,quantile,0.3,9e-4
2026-09-26,0,wk inc rsv prop ed visits,2026-09-26,56,quantile,0.35,0.001
2026-09-26,0,wk inc rsv prop ed visits,2026-09-26,56,quantile,0.4,0.0012
2026-09-26,0,wk inc rsv prop ed visits,2026-09-26,56,quantile,0.45,0.0012
2026-09-26,0,wk inc rsv prop ed visits,2026-09-26,56,quantile,0.5,0.0012
2026-09-26,0,wk inc rsv prop ed visits,2026-09-26,56,quantile,0.55,0.0012
2026-09-26,0,wk inc rsv prop ed visits,2026-09-26,56,quantile,0.6,0.0012
2026-09-26,0,wk inc rsv prop ed visits,2026-09-26,56,quantile,0.65,0.0013999999999999998
2026-09-26,0,wk inc rsv prop ed visits,2026-09-26,56,quantile,0.7,0.0014999999999999998
2026-09-26,0,wk inc rsv prop ed visits,2026-09-26,56,quantile,0.75,0.0015999999999999992
2026-09-26,0,wk inc rsv prop ed visits,2026-09-26,56,quantile,0.8,0.0018000000000000006
2026-09-26,0,wk inc rsv prop ed visits,2026-09-26,56,quantile,0.85,0.0024
2026-09-26,0,wk inc rsv prop ed visits,2026-09-26,56,quantile,0.9,0.0031000000000000003
2026-09-26,0,wk inc rsv prop ed visits,2026-09-26,56,quantile,0.95,0.004435000000000001
2026-09-26,0,wk inc rsv prop ed visits,2026-09-26,56,quantile,0.975,0.0061
2026-09-26,0,wk inc rsv prop ed visits,2026-09-26,56,quantile,0.99,0.008273999999999988
2026-09-26,0,wk inc rsv prop ed visits,2026-09-26,US,quantile,0.01,0
2026-09-26,0,wk inc rsv prop ed visits,2026-09-26,US,quantile,0.025,0
2026-09-26,0,wk inc rsv prop ed visits,2026-09-26,US,quantile,0.05,0
2026-09-26,0,wk inc rsv prop ed visits,2026-09-26,US,quantile,0.1,0
2026-09-26,0,wk inc rsv prop ed visits,2026-09-26,US,quantile,0.15,0
2026-09-26,0,wk inc rsv prop ed visits,2026-09-26,US,quantile,0.2,5.421010862427522e-20
2026-09-26,0,wk inc rsv prop ed visits,2026-09-26,US,quantile,0.25,1.000000000000001e-4
2026-09-26,0,wk inc rsv prop ed visits,2026-09-26,US,quantile,0.3,1.9999999999999998e-4
2026-09-26,0,wk inc rsv prop ed visits,2026-09-26,US,quantile,0.35,2.0000000000000004e-4
2026-09-26,0,wk inc rsv prop ed visits,2026-09-26,US,quantile,0.4,3e-4
2026-09-26,0,wk inc rsv prop ed visits,2026-09-26,US,quantile,0.45,3e-4
2026-09-26,0,wk inc rsv prop ed visits,2026-09-26,US,quantile,0.5,3e-4
2026-09-26,0,wk inc rsv prop ed visits,2026-09-26,US,quantile,0.55,3e-4
2026-09-26,0,wk inc rsv prop ed visits,2026-09-26,US,quantile,0.6,3e-4
2026-09-26,0,wk inc rsv prop ed visits,2026-09-26,US,quantile,0.65,3.999999999999999e-4
2026-09-26,0,wk inc rsv prop ed visits,2026-09-26,US,quantile,0.7,3.9999999999999996e-4
2026-09-26,0,wk inc rsv prop ed visits,2026-09-26,US,quantile,0.75,4.999999999999998e-4
2026-09-26,0,wk inc rsv prop ed visits,2026-09-26,US,quantile,0.8,5.999999999999998e-4
2026-09-26,0,wk inc rsv prop ed visits,2026-09-26,US,quantile,0.85,6.999999999999997e-4
2026-09-26,0,wk inc rsv prop ed visits,2026-09-26,US,quantile,0.9,8.999999999999998e-4
2026-09-26,0,wk inc rsv prop ed visits,2026-09-26,US,quantile,0.95,0.0012999999999999997
2026-09-26,0,wk inc rsv prop ed visits,2026-09-26,US,quantile,0.975,0.0017674999999999941
2026-09-26,0,wk inc rsv prop ed visits,2026-09-26,US,quantile,0.99,0.002086999999999994
2026-09-26,1,wk inc rsv prop ed visits,2026-10-03,01,quantile,0.01,0
2026-09-26,1,wk inc rsv prop ed visits,2026-10-03,01,quantile,0.025,0
2026-09-26,1,wk inc rsv prop ed visits,2026-10-03,01,quantile,0.05,0
2026-09-26,1,wk inc rsv prop ed visits,2026-10-03,01,quantile,0.1,0
2026-09-26,1,wk inc rsv prop ed visits,2026-10-03,01,quantile,0.15,0
2026-09-26,1,wk inc rsv prop ed visits,2026-10-03,01,quantile,0.2,1.0000000000000005e-4
2026-09-26,1,wk inc rsv prop ed visits,2026-10-03,01,quantile,0.25,2.0000000000000004e-4
2026-09-26,1,wk inc rsv prop ed visits,2026-10-03,01,quantile,0.3,3.0000000000000003e-4
2026-09-26,1,wk inc rsv prop ed visits,2026-10-03,01,quantile,0.35,3.9999999999999996e-4
2026-09-26,1,wk inc rsv prop ed visits,2026-10-03,01,quantile,0.4,4.999999999999999e-4
2026-09-26,1,wk inc rsv prop ed visits,2026-10-03,01,quantile,0.45,5.000000000000002e-4
2026-09-26,1,wk inc rsv prop ed visits,2026-10-03,01,quantile,0.5,6e-4
2026-09-26,1,wk inc rsv prop ed visits,2026-10-03,01,quantile,0.55,6.999999999999999e-4
2026-09-26,1,wk inc rsv prop ed visits,2026-10-03,01,quantile,0.6,7.000000000000003e-4
2026-09-26,1,wk inc rsv prop ed visits,2026-10-03,01,quantile,0.65,8e-4
2026-09-26,1,wk inc rsv prop ed visits,2026-10-03,01,quantile,0.7,9e-4
2026-09-26,1,wk inc rsv prop ed visits,2026-10-03,01,quantile,0.75,0.0010000000000000005
2026-09-26,1,wk inc rsv prop ed visits,2026-10-03,01,quantile,0.8,0.0012000000000000001
2026-09-26,1,wk inc rsv prop ed visits,2026-10-03,01,quantile,0.85,0.0015
2026-09-26,1,wk inc rsv prop ed visits,2026-10-03,01,quantile,0.9,0.00199851768517685
2026-09-26,1,wk inc rsv prop ed visits,2026-10-03,01,quantile,0.95,0.0027000000000000006
2026-09-26,1,wk inc rsv prop ed visits,2026-10-03,01,quantile,0.975,0.003351970794707942
2026-09-26,1,wk inc rsv prop ed visits,2026-10-03,01,quantile,0.99,0.004016687426874261
2026-09-26,1,wk inc rsv prop ed visits,2026-10-03,02,quantile,0.01,0
2026-09-26,1,wk inc rsv prop ed visits,2026-10-03,02,quantile,0.025,0
2026-09-26,1,wk inc rsv prop ed visits,2026-10-03,02,quantile,0.05,0
2026-09-26,1,wk inc rsv prop ed visits,2026-10-03,02,quantile,0.1,0
2026-09-26,1,wk inc rsv prop ed visits,2026-10-03,02,quantile,0.15,0
2026-09-26,1,wk inc rsv prop ed visits,2026-10-03,02,quantile,0.2,0
2026-09-26,1,wk inc rsv prop ed visits,2026-10-03,02,quantile,0.25,0
2026-09-26,1,wk inc rsv prop ed visits,2026-10-03,02,quantile,0.3,0
2026-09-26,1,wk inc rsv prop ed visits,2026-10-03,02,quantile,0.35,0
2026-09-26,1,wk inc rsv prop ed visits,2026-10-03,02,quantile,0.4,0
2026-09-26,1,wk inc rsv prop ed visits,2026-10-03,02,quantile,0.45,0
2026-09-26,1,wk inc rsv prop ed visits,2026-10-03,02,quantile,0.5,0
2026-09-26,1,wk inc rsv prop ed visits,2026-10-03,02,quantile,0.55,1.0000000000000005e-4
2026-09-26,1,wk inc rsv prop ed visits,2026-10-03,02,quantile,0.6,2.9999999999999987e-4
2026-09-26,1,wk inc rsv prop ed visits,2026-10-03,02,quantile,0.65,4.717008170081749e-4
2026-09-26,1,wk inc rsv prop ed visits,2026-10-03,02,quantile,0.7,6.642591425914233e-4
2026-09-26,1,wk inc rsv prop ed visits,2026-10-03,02,quantile,0.75,0.0010000000000000018
2026-09-26,1,wk inc rsv prop ed visits,2026-10-03,02,quantile,0.8,0.0016000000000000014
2026-09-26,1,wk inc rsv prop ed visits,2026-10-03,02,quantile,0.85,0.0023
2026-09-26,1,wk inc rsv prop ed visits,2026-10-03,02,quantile,0.9,0.003056187461874621
2026-09-26,1,wk inc rsv prop ed visits,2026-10-03,02,quantile,0.95,0.0041538068380683685
2026-09-26,1,wk inc rsv prop ed visits,2026-10-03,02,quantile,0.975,0.005307246047460472
2026-09-26,1,wk inc rsv prop ed visits,2026-10-03,02,quantile,0.99,0.006327062460624617
2026-09-26,1,wk inc rsv prop ed visits,2026-10-03,04,quantile,0.01,0
2026-09-26,1,wk inc rsv prop ed visits,2026-10-03,04,quantile,0.025,0
2026-09-26,1,wk inc rsv prop ed visits,2026-10-03,04,quantile,0.05,0
2026-09-26,1,wk inc rsv prop ed visits,2026-10-03,04,quantile,0.1,0
2026-09-26,1,wk inc rsv prop ed visits,2026-10-03,04,quantile,0.15,0
2026-09-26,1,wk inc rsv prop ed visits,2026-10-03,04,quantile,0.2,0
2026-09-26,1,wk inc rsv prop ed visits,2026-10-03,04,quantile,0.25,0
2026-09-26,1,wk inc rsv prop ed visits,2026-10-03,04,quantile,0.3,0
2026-09-26,1,wk inc rsv prop ed visits,2026-10-03,04,quantile,0.35,4.0657581468206416e-20
2026-09-26,1,wk inc rsv prop ed visits,2026-10-03,04,quantile,0.4,9.999999999999996e-5
2026-09-26,1,wk inc rsv prop ed visits,2026-10-03,04,quantile,0.45,1e-4
2026-09-26,1,wk inc rsv prop ed visits,2026-10-03,04,quantile,0.5,1e-4
2026-09-26,1,wk inc rsv prop ed visits,2026-10-03,04,quantile,0.55,1.9999999999999982e-4
2026-09-26,1,wk inc rsv prop ed visits,2026-10-03,04,quantile,0.6,2e-4
2026-09-26,1,wk inc rsv prop ed visits,2026-10-03,04,quantile,0.65,2.9999999999999987e-4
2026-09-26,1,wk inc rsv prop ed visits,2026-10-03,04,quantile,0.7,3.0000000000000024e-4
2026-09-26,1,wk inc rsv prop ed visits,2026-10-03,04,quantile,0.75,4.117228672286715e-4
2026-09-26,1,wk inc rsv prop ed visits,2026-10-03,04,quantile,0.8,6e-4
2026-09-26,1,wk inc rsv prop ed visits,2026-10-03,04,quantile,0.85,8.000000000000004e-4
2026-09-26,1,wk inc rsv prop ed visits,2026-10-03,04,quantile,0.9,0.0011434869348693564
2026-09-26,1,wk inc rsv prop ed visits,2026-10-03,04,quantile,0.95,0.001679434444344437
2026-09-26,1,wk inc rsv prop ed visits,2026-10-03,04,quantile,0.975,0.0022897388973889747
2026-09-26,1,wk inc rsv prop ed visits,2026-10-03,04,quantile,0.99,0.003110965099650988
2026-09-26,1,wk inc rsv prop ed visits,2026-10-03,05,quantile,0.01,0
2026-09-26,1,wk inc rsv prop ed visits,2026-10-03,05,quantile,0.025,0
2026-09-26,1,wk inc rsv prop ed visits,2026-10-03,05,quantile,0.05,0
2026-09-26,1,wk inc rsv prop ed visits,2026-10-03,05,quantile,0.1,0
2026-09-26,1,wk inc rsv prop ed visits,2026-10-03,05,quantile,0.15,0
2026-09-26,1,wk inc rsv prop ed visits,2026-10-03,05,quantile,0.2,0
2026-09-26,1,wk inc rsv prop ed visits,2026-10-03,05,quantile,0.25,0
2026-09-26,1,wk inc rsv prop ed visits,2026-10-03,05,quantile,0.3,9.999999999999995e-5
2026-09-26,1,wk inc rsv prop ed visits,2026-10-03,05,quantile,0.35,1.9999999999999993e-4
2026-09-26,1,wk inc rsv prop ed visits,2026-10-03,05,quantile,0.4,2.9999999999999987e-4
2026-09-26,1,wk inc rsv prop ed visits,2026-10-03,05,quantile,0.45,3.393791937919391e-4
2026-09-26,1,wk inc rsv prop ed visits,2026-10-03,05,quantile,0.5,4e-4
2026-09-26,1,wk inc rsv prop ed visits,2026-10-03,05,quantile,0.55,5e-4
2026-09-26,1,wk inc rsv prop ed visits,2026-10-03,05,quantile,0.6,6.000000000000001e-4
2026-09-26,1,wk inc rsv prop ed visits,2026-10-03,05,quantile,0.65,7.000000000000001e-4
2026-09-26,1,wk inc rsv prop ed visits,2026-10-03,05,quantile,0.7,9e-4
2026-09-26,1,wk inc rsv prop ed visits,2026-10-03,05,quantile,0.75,0.0011000000000000007
2026-09-26,1,wk inc rsv prop ed visits,2026-10-03,05,quantile,0.8,0.0014999999999999996
2026-09-26,1,wk inc rsv prop ed visits,2026-10-03,05,quantile,0.85,0.0019978548285482824
2026-09-26,1,wk inc rsv prop ed visits,2026-10-03,05,quantile,0.9,0.0028033900339003368
2026-09-26,1,wk inc rsv prop ed visits,2026-10-03,05,quantile,0.95,0.003974518795187935
2026-09-26,1,wk inc rsv prop ed visits,2026-10-03,05,quantile,0.975,0.005292662251622526
2026-09-26,1,wk inc rsv prop ed visits,2026-10-03,05,quantile,0.99,0.0063
2026-09-26,1,wk inc rsv prop ed visits,2026-10-03,06,quantile,0.01,0
2026-09-26,1,wk inc rsv prop ed visits,2026-10-03,06,quantile,0.025,0
2026-09-26,1,wk inc rsv prop ed visits,2026-10-03,06,quantile,0.05,0
2026-09-26,1,wk inc rsv prop ed visits,2026-10-03,06,quantile,0.1,0
2026-09-26,1,wk inc rsv prop ed visits,2026-10-03,06,quantile,0.15,0
2026-09-26,1,wk inc rsv prop ed visits,2026-10-03,06,quantile,0.2,0
2026-09-26,1,wk inc rsv prop ed visits,2026-10-03,06,quantile,0.25,0
2026-09-26,1,wk inc rsv prop ed visits,2026-10-03,06,quantile,0.3,9.999999999999982e-5
2026-09-26,1,wk inc rsv prop ed visits,2026-10-03,06,quantile,0.35,1e-4
2026-09-26,1,wk inc rsv prop ed visits,2026-10-03,06,quantile,0.4,1.0000000000000026e-4
2026-09-26,1,wk inc rsv prop ed visits,2026-10-03,06,quantile,0.45,2e-4
2026-09-26,1,wk inc rsv prop ed visits,2026-10-03,06,quantile,0.5,2e-4
2026-09-26,1,wk inc rsv prop ed visits,2026-10-03,06,quantile,0.55,2.000000000000003e-4
2026-09-26,1,wk inc rsv prop ed visits,2026-10-03,06,quantile,0.6,3.0000000000000003e-4
2026-09-26,1,wk inc rsv prop ed visits,2026-10-03,06,quantile,0.65,3.0000000000000046e-4
2026-09-26,1,wk inc rsv prop ed visits,2026-10-03,06,quantile,0.7,4.0000000000000024e-4
2026-09-26,1,wk inc rsv prop ed visits,2026-10-03,06,quantile,0.75,5.999999999999995e-4
2026-09-26,1,wk inc rsv prop ed visits,2026-10-03,06,quantile,0.8,7.000000000000001e-4
2026-09-26,1,wk inc rsv prop ed visits,2026-10-03,06,quantile,0.85,9.000000000000001e-4
2026-09-26,1,wk inc rsv prop ed visits,2026-10-03,06,quantile,0.9,0.0011714982149821523
2026-09-26,1,wk inc rsv prop ed visits,2026-10-03,06,quantile,0.95,0.0017000000000000001
2026-09-26,1,wk inc rsv prop ed visits,2026-10-03,06,quantile,0.975,0.0021536090610906108
2026-09-26,1,wk inc rsv prop ed visits,2026-10-03,06,quantile,0.99,0.002683154201542015
2026-09-26,1,wk inc rsv prop ed visits,2026-10-03,08,quantile,0.01,0
2026-09-26,1,wk inc rsv prop ed visits,2026-10-03,08,quantile,0.025,0
2026-09-26,1,wk inc rsv prop ed visits,2026-10-03,08,quantile,0.05,0
2026-09-26,1,wk inc rsv prop ed visits,2026-10-03,08,quantile,0.1,0
2026-09-26,1,wk inc rsv prop ed visits,2026-10-03,08,quantile,0.15,0
2026-09-26,1,wk inc rsv prop ed visits,2026-10-03,08,quantile,0.2,0
2026-09-26,1,wk inc rsv prop ed visits,2026-10-03,08,quantile,0.25,0
2026-09-26,1,wk inc rsv prop ed visits,2026-10-03,08,quantile,0.3,0
2026-09-26,1,wk inc rsv prop ed visits,2026-10-03,08,quantile,0.35,0
2026-09-26,1,wk inc rsv prop ed visits,2026-10-03,08,quantile,0.4,9.999999999999992e-5
2026-09-26,1,wk inc rsv prop ed visits,2026-10-03,08,quantile,0.45,9.999999999999996e-5
2026-09-26,1,wk inc rsv prop ed visits,2026-10-03,08,quantile,0.5,1e-4
2026-09-26,1,wk inc rsv prop ed visits,2026-10-03,08,quantile,0.55,1.9999999999999998e-4
2026-09-26,1,wk inc rsv prop ed visits,2026-10-03,08,quantile,0.6,2.829242292422923e-4
2026-09-26,1,wk inc rsv prop ed visits,2026-10-03,08,quantile,0.65,3.000000000000001e-4
2026-09-26,1,wk inc rsv prop ed visits,2026-10-03,08,quantile,0.7,4.000000000000004e-4
2026-09-26,1,wk inc rsv prop ed visits,2026-10-03,08,quantile,0.75,5.999999999999998e-4
2026-09-26,1,wk inc rsv prop ed visits,2026-10-03,08,quantile,0.8,7.999999999999999e-4
2026-09-26,1,wk inc rsv prop ed visits,2026-10-03,08,quantile,0.85,0.001286489764897651
2026-09-26,1,wk inc rsv prop ed visits,2026-10-03,08,quantile,0.9,0.0018551699516995148
2026-09-26,1,wk inc rsv prop ed visits,2026-10-03,08,quantile,0.95,0.0026000000000000003
2026-09-26,1,wk inc rsv prop ed visits,2026-10-03,08,quantile,0.975,0.004194265792657931
2026-09-26,1,wk inc rsv prop ed visits,2026-10-03,08,quantile,0.99,0.0054000144201441945
2026-09-26,1,wk inc rsv prop ed visits,2026-10-03,09,quantile,0.01,0
2026-09-26,1,wk inc rsv prop ed visits,2026-10-03,09,quantile,0.025,0
2026-09-26,1,wk inc rsv prop ed visits,2026-10-03,09,quantile,0.05,0
2026-09-26,1,wk inc rsv prop ed visits,2026-10-03,09,quantile,0.1,0
2026-09-26,1,wk inc rsv prop ed visits,2026-10-03,09,quantile,0.15,0
2026-09-26,1,wk inc rsv prop ed visits,2026-10-03,09,quantile,0.2,0
2026-09-26,1,wk inc rsv prop ed visits,2026-10-03,09,quantile,0.25,0
2026-09-26,1,wk inc rsv prop ed visits,2026-10-03,09,quantile,0.3,0
2026-09-26,1,wk inc rsv prop ed visits,2026-10-03,09,quantile,0.35,0
2026-09-26,1,wk inc rsv prop ed visits,2026-10-03,09,quantile,0.4,0
2026-09-26,1,wk inc rsv prop ed visits,2026-10-03,09,quantile,0.45,0
2026-09-26,1,wk inc rsv prop ed visits,2026-10-03,09,quantile,0.5,0
2026-09-26,1,wk inc rsv prop ed visits,2026-10-03,09,quantile,0.55,0
2026-09-26,1,wk inc rsv prop ed visits,2026-10-03,09,quantile,0.6,9.999999999999992e-5
2026-09-26,1,wk inc rsv prop ed visits,2026-10-03,09,quantile,0.65,1.0000000000000003e-4
2026-09-26,1,wk inc rsv prop ed visits,2026-10-03,09,quantile,0.7,2.0000000000000004e-4
2026-09-26,1,wk inc rsv prop ed visits,2026-10-03,09,quantile,0.75,3.000000000000001e-4
2026-09-26,1,wk inc rsv prop ed visits,2026-10-03,09,quantile,0.8,4.999999999999998e-4
2026-09-26,1,wk inc rsv prop ed visits,2026-10-03,09,quantile,0.85,6.999999999999999e-4
2026-09-26,1,wk inc rsv prop ed visits,2026-10-03,09,quantile,0.9,0.0010000000000000007
2026-09-26,1,wk inc rsv prop ed visits,2026-10-03,09,quantile,0.95,0.0015999999999999996
2026-09-26,1,wk inc rsv prop ed visits,2026-10-03,09,quantile,0.975,0.002110293352933523
2026-09-26,1,wk inc rsv prop ed visits,2026-10-03,09,quantile,0.99,0.0025579801098011006
2026-09-26,1,wk inc rsv prop ed visits,2026-10-03,10,quantile,0.01,0
2026-09-26,1,wk inc rsv prop ed visits,2026-10-03,10,quantile,0.025,0
2026-09-26,1,wk inc rsv prop ed visits,2026-10-03,10,quantile,0.05,0
2026-09-26,1,wk inc rsv prop ed visits,2026-10-03,10,quantile,0.1,0
2026-09-26,1,wk inc rsv prop ed visits,2026-10-03,10,quantile,0.15,0
2026-09-26,1,wk inc rsv prop ed visits,2026-10-03,10,quantile,0.2,0
2026-09-26,1,wk inc rsv prop ed visits,2026-10-03,10,quantile,0.25,9.99999999999994e-5
2026-09-26,1,wk inc rsv prop ed visits,2026-10-03,10,quantile,0.3,1.9999999999999985e-4
2026-09-26,1,wk inc rsv prop ed visits,2026-10-03,10,quantile,0.35,2.9999999999999987e-4
2026-09-26,1,wk inc rsv prop ed visits,2026-10-03,10,quantile,0.4,3.9999999999999986e-4
2026-09-26,1,wk inc rsv prop ed visits,2026-10-03,10,quantile,0.45,4.999999999999999e-4
2026-09-26,1,wk inc rsv prop ed visits,2026-10-03,10,quantile,0.5,6e-4
2026-09-26,1,wk inc rsv prop ed visits,2026-10-03,10,quantile,0.55,7.000000000000001e-4
2026-09-26,1,wk inc rsv prop ed visits,2026-10-03,10,quantile,0.6,8.999999999999998e-4
2026-09-26,1,wk inc rsv prop ed visits,2026-10-03,10,quantile,0.65,0.001
2026-09-26,1,wk inc rsv prop ed visits,2026-10-03,10,quantile,0.7,0.0012000000000000001
2026-09-26,1,wk inc rsv prop ed visits,2026-10-03,10,quantile,0.75,0.0014999999999999996
2026-09-26,1,wk inc rsv prop ed visits,2026-10-03,10,quantile,0.8,0.0018796361963619593
2026-09-26,1,wk inc rsv prop ed visits,2026-10-03,10,quantile,0.85,0.0024000000000000007
2026-09-26,1,wk inc rsv prop ed visits,2026-10-03,10,quantile,0.9,0.0033999999999999994
2026-09-26,1,wk inc rsv prop ed visits,2026-10-03,10,quantile,0.95,0.004943096130961302
2026-09-26,1,wk inc rsv prop ed visits,2026-10-03,10,quantile,0.975,0.00672807260572607
2026-09-26,1,wk inc rsv prop ed visits,2026-10-03,10,quantile,0.99,0.008026380283802887
2026-09-26,1,wk inc rsv prop ed visits,2026-10-03,11,quantile,0.01,0
2026-09-26,1,wk inc rsv prop ed visits,2026-10-03,11,quantile,0.025,0
2026-09-26,1,wk inc rsv prop ed visits,2026-10-03,11,quantile,0.05,0
2026-09-26,1,wk inc rsv prop ed visits,2026-10-03,11,quantile,0.1,0
2026-09-26,1,wk inc rsv prop ed visits,2026-10-03,11,quantile,0.15,0
2026-09-26,1,wk inc rsv prop ed visits,2026-10-03,11,quantile,0.2,0
2026-09-26,1,wk inc rsv prop ed visits,2026-10-03,11,quantile,0.25,0
2026-09-26,1,wk inc rsv prop ed visits,2026-10-03,11,quantile,0.3,0
2026-09-26,1,wk inc rsv prop ed visits,2026-10-03,11,quantile,0.35,0
2026-09-26,1,wk inc rsv prop ed visits,2026-10-03,11,quantile,0.4,0
2026-09-26,1,wk inc rsv prop ed visits,2026-10-03,11,quantile,0.45,0
2026-09-26,1,wk inc rsv prop ed visits,2026-10-03,11,quantile,0.5,0
2026-09-26,1,wk inc rsv prop ed visits,2026-10-03,11,quantile,0.55,1.0000000000000002e-4
2026-09-26,1,wk inc rsv prop ed visits,2026-10-03,11,quantile,0.6,2e-4
2026-09-26,1,wk inc rsv prop ed visits,2026-10-03,11,quantile,0.65,3.0000000000000003e-4
2026-09-26,1,wk inc rsv prop ed visits,2026-10-03,11,quantile,0.7,4.999999999999995e-4
2026-09-26,1,wk inc rsv prop ed visits,2026-10-03,11,quantile,0.75,6.32677326773266e-4
2026-09-26,1,wk inc rsv prop ed visits,2026-10-03,11,quantile,0.8,8.999999999999999e-4
2026-09-26,1,wk inc rsv prop ed visits,2026-10-03,11,quantile,0.85,0.0012189451394513924
2026-09-26,1,wk inc rsv prop ed visits,2026-10-03,11,quantile,0.9,0.0018
2026-09-26,1,wk inc rsv prop ed visits,2026-10-03,11,quantile,0.95,0.002980329453294527
2026-09-26,1,wk inc rsv prop ed visits,2026-10-03,11,quantile,0.975,0.0037326576515765153
2026-09-26,1,wk inc rsv prop ed visits,2026-10-03,11,quantile,0.99,0.004829016390163894
2026-09-26,1,wk inc rsv prop ed visits,2026-10-03,12,quantile,0.01,0
2026-09-26,1,wk inc rsv prop ed visits,2026-10-03,12,quantile,0.025,2.0743557435574243e-5
2026-09-26,1,wk inc rsv prop ed visits,2026-10-03,12,quantile,0.05,3.0000000000000035e-4
2026-09-26,1,wk inc rsv prop ed visits,2026-10-03,12,quantile,0.1,5.999999999999998e-4
2026-09-26,1,wk inc rsv prop ed visits,2026-10-03,12,quantile,0.15,7.999999999999992e-4
2026-09-26,1,wk inc rsv prop ed visits,2026-10-03,12,quantile,0.2,9e-4
2026-09-26,1,wk inc rsv prop ed visits,2026-10-03,12,quantile,0.25,0.001
2026-09-26,1,wk inc rsv prop ed visits,2026-10-03,12,quantile,0.3,0.0010999999999999998
2026-09-26,1,wk inc rsv prop ed visits,2026-10-03,12,quantile,0.35,0.001111890468904688
2026-09-26,1,wk inc rsv prop ed visits,2026-10-03,12,quantile,0.4,0.0012
2026-09-26,1,wk inc rsv prop ed visits,2026-10-03,12,quantile,0.45,0.0012999999999999995
2026-09-26,1,wk inc rsv prop ed visits,2026-10-03,12,quantile,0.5,0.0013
2026-09-26,1,wk inc rsv prop ed visits,2026-10-03,12,quantile,0.55,0.0013000000000000004
2026-09-26,1,wk inc rsv prop ed visits,2026-10-03,12,quantile,0.6,0.0014
2026-09-26,1,wk inc rsv prop ed visits,2026-10-03,12,quantile,0.65,0.001459787397873976
2026-09-26,1,wk inc rsv prop ed visits,2026-10-03,12,quantile,0.7,0.0015
2026-09-26,1,wk inc rsv prop ed visits,2026-10-03,12,quantile,0.75,0.0015999999999999999
2026-09-26,1,wk inc rsv prop ed visits,2026-10-03,12,quantile,0.8,0.0017
2026-09-26,1,wk inc rsv prop ed visits,2026-10-03,12,quantile,0.85,0.0018000000000000006
2026-09-26,1,wk inc rsv prop ed visits,2026-10-03,12,quantile,0.9,0.002
2026-09-26,1,wk inc rsv prop ed visits,2026-10-03,12,quantile,0.95,0.0022999999999999995
2026-09-26,1,wk inc rsv prop ed visits,2026-10-03,12,quantile,0.975,0.0025999999999999994
2026-09-26,1,wk inc rsv prop ed visits,2026-10-03,12,quantile,0.99,0.002935942889428892
2026-09-26,1,wk inc rsv prop ed visits,2026-10-03,13,quantile,0.01,0
2026-09-26,1,wk inc rsv prop ed visits,2026-10-03,13,quantile,0.025,0
2026-09-26,1,wk inc rsv prop ed visits,2026-10-03,13,quantile,0.05,0
2026-09-26,1,wk inc rsv prop ed visits,2026-10-03,13,quantile,0.1,0
2026-09-26,1,wk inc rsv prop ed visits,2026-10-03,13,quantile,0.15,0
2026-09-26,1,wk inc rsv prop ed visits,2026-10-03,13,quantile,0.2,1.0000000000000005e-4
2026-09-26,1,wk inc rsv prop ed visits,2026-10-03,13,quantile,0.25,2.000000000000001e-4
2026-09-26,1,wk inc rsv prop ed visits,2026-10-03,13,quantile,0.3,3.0000000000000003e-4
2026-09-26,1,wk inc rsv prop ed visits,2026-10-03,13,quantile,0.35,3.999999999999999e-4
2026-09-26,1,wk inc rsv prop ed visits,2026-10-03,13,quantile,0.4,4.000000000000001e-4
2026-09-26,1,wk inc rsv prop ed visits,2026-10-03,13,quantile,0.45,4.999999999999999e-4
2026-09-26,1,wk inc rsv prop ed visits,2026-10-03,13,quantile,0.5,5e-4
2026-09-26,1,wk inc rsv prop ed visits,2026-10-03,13,quantile,0.55,5.000000000000003e-4
2026-09-26,1,wk inc rsv prop ed visits,2026-10-03,13,quantile,0.6,6.000000000000001e-4
2026-09-26,1,wk inc rsv prop ed visits,2026-10-03,13,quantile,0.65,6.000000000000006e-4
2026-09-26,1,wk inc rsv prop ed visits,2026-10-03,13,quantile,0.7,7.000000000000001e-4
2026-09-26,1,wk inc rsv prop ed visits,2026-10-03,13,quantile,0.75,8.000000000000001e-4
2026-09-26,1,wk inc rsv prop ed visits,2026-10-03,13,quantile,0.8,9.999999999999996e-4
2026-09-26,1,wk inc rsv prop ed visits,2026-10-03,13,quantile,0.85,0.0011377363773637746
2026-09-26,1,wk inc rsv prop ed visits,2026-10-03,13,quantile,0.9,0.0014000000000000002
2026-09-26,1,wk inc rsv prop ed visits,2026-10-03,13,quantile,0.95,0.0017596886468864588
2026-09-26,1,wk inc rsv prop ed visits,2026-10-03,13,quantile,0.975,0.002015520830208297
2026-09-26,1,wk inc rsv prop ed visits,2026-10-03,13,quantile,0.99,0.0024547362773627555
2026-09-26,1,wk inc rsv prop ed visits,2026-10-03,15,quantile,0.01,0
2026-09-26,1,wk inc rsv prop ed visits,2026-10-03,15,quantile,0.025,0
2026-09-26,1,wk inc rsv prop ed visits,2026-10-03,15,quantile,0.05,0
2026-09-26,1,wk inc rsv prop ed visits,2026-10-03,15,quantile,0.1,5.000000000000007e-4
2026-09-26,1,wk inc rsv prop ed visits,2026-10-03,15,quantile,0.15,9.000000000000002e-4
2026-09-26,1,wk inc rsv prop ed visits,2026-10-03,15,quantile,0.2,0.0011999999999999992
2026-09-26,1,wk inc rsv prop ed visits,2026-10-03,15,quantile,0.25,0.001399999999999999
2026-09-26,1,wk inc rsv prop ed visits,2026-10-03,15,quantile,0.3,0.0015
2026-09-26,1,wk inc rsv prop ed visits,2026-10-03,15,quantile,0.35,0.0016999999999999993
2026-09-26,1,wk inc rsv prop ed visits,2026-10-03,15,quantile,0.4,0.0018
2026-09-26,1,wk inc rsv prop ed visits,2026-10-03,15,quantile,0.45,0.0019
2026-09-26,1,wk inc rsv prop ed visits,2026-10-03,15,quantile,0.5,0.002
2026-09-26,1,wk inc rsv prop ed visits,2026-10-03,15,quantile,0.55,0.0021000000000000003
2026-09-26,1,wk inc rsv prop ed visits,2026-10-03,15,quantile,0.6,0.0022
2026-09-26,1,wk inc rsv prop ed visits,2026-10-03,15,quantile,0.65,0.002300000000000001
2026-09-26,1,wk inc rsv prop ed visits,2026-10-03,15,quantile,0.7,0.0025
2026-09-26,1,wk inc rsv prop ed visits,2026-10-03,15,quantile,0.75,0.0026302885528855287
2026-09-26,1,wk inc rsv prop ed visits,2026-10-03,15,quantile,0.8,0.002822200422004218
2026-09-26,1,wk inc rsv prop ed visits,2026-10-03,15,quantile,0.85,0.0031
2026-09-26,1,wk inc rsv prop ed visits,2026-10-03,15,quantile,0.9,0.0035
2026-09-26,1,wk inc rsv prop ed visits,2026-10-03,15,quantile,0.95,0.004194294092940927
2026-09-26,1,wk inc rsv prop ed visits,2026-10-03,15,quantile,0.975,0.0048743174181741815
2026-09-26,1,wk inc rsv prop ed visits,2026-10-03,15,quantile,0.99,0.006133450914509104
2026-09-26,1,wk inc rsv prop ed visits,2026-10-03,16,quantile,0.01,0
2026-09-26,1,wk inc rsv prop ed visits,2026-10-03,16,quantile,0.025,0
2026-09-26,1,wk inc rsv prop ed visits,2026-10-03,16,quantile,0.05,0
2026-09-26,1,wk inc rsv prop ed visits,2026-10-03,16,quantile,0.1,0
2026-09-26,1,wk inc rsv prop ed visits,2026-10-03,16,quantile,0.15,0
2026-09-26,1,wk inc rsv prop ed visits,2026-10-03,16,quantile,0.2,0
2026-09-26,1,wk inc rsv prop ed visits,2026-10-03,16,quantile,0.25,0
2026-09-26,1,wk inc rsv prop ed visits,2026-10-03,16,quantile,0.3,0
2026-09-26,1,wk inc rsv prop ed visits,2026-10-03,16,quantile,0.35,0
2026-09-26,1,wk inc rsv prop ed visits,2026-10-03,16,quantile,0.4,0
2026-09-26,1,wk inc rsv prop ed visits,2026-10-03,16,quantile,0.45,4.0657581468206416e-20
2026-09-26,1,wk inc rsv prop ed visits,2026-10-03,16,quantile,0.5,1e-4
2026-09-26,1,wk inc rsv prop ed visits,2026-10-03,16,quantile,0.55,1.9999999999999998e-4
2026-09-26,1,wk inc rsv prop ed visits,2026-10-03,16,quantile,0.6,3e-4
2026-09-26,1,wk inc rsv prop ed visits,2026-10-03,16,quantile,0.65,4e-4
2026-09-26,1,wk inc rsv prop ed visits,2026-10-03,16,quantile,0.7,6.000000000000001e-4
2026-09-26,1,wk inc rsv prop ed visits,2026-10-03,16,quantile,0.75,8.000000000000004e-4
2026-09-26,1,wk inc rsv prop ed visits,2026-10-03,16,quantile,0.8,0.0011821880218802197
2026-09-26,1,wk inc rsv prop ed visits,2026-10-03,16,quantile,0.85,0.0015999999999999999
2026-09-26,1,wk inc rsv prop ed visits,2026-10-03,16,quantile,0.9,0.002339472694726948
2026-09-26,1,wk inc rsv prop ed visits,2026-10-03,16,quantile,0.95,0.0032999999999999987
2026-09-26,1,wk inc rsv prop ed visits,2026-10-03,16,quantile,0.975,0.005028438734387339
2026-09-26,1,wk inc rsv prop ed visits,2026-10-03,16,quantile,0.99,0.006812472204722026
2026-09-26,1,wk inc rsv prop ed visits,2026-10-03,17,quantile,0.01,0
2026-09-26,1,wk inc rsv prop ed visits,2026-10-03,17,quantile,0.025,0
2026-09-26,1,wk inc rsv prop ed visits,2026-10-03,17,quantile,0.05,0
2026-09-26,1,wk inc rsv prop ed visits,2026-10-03,17,quantile,0.1,0
2026-09-26,1,wk inc rsv prop ed visits,2026-10-03,17,quantile,0.15,0
2026-09-26,1,wk inc rsv prop ed visits,2026-10-03,17,quantile,0.2,0
2026-09-26,1,wk inc rsv prop ed visits,2026-10-03,17,quantile,0.25,0
2026-09-26,1,wk inc rsv prop ed visits,2026-10-03,17,quantile,0.3,2.710505431213761e-20
2026-09-26,1,wk inc rsv prop ed visits,2026-10-03,17,quantile,0.35,1e-4
2026-09-26,1,wk inc rsv prop ed visits,2026-10-03,17,quantile,0.4,1.0000000000000005e-4
2026-09-26,1,wk inc rsv prop ed visits,2026-10-03,17,quantile,0.45,2e-4
2026-09-26,1,wk inc rsv prop ed visits,2026-10-03,17,quantile,0.5,2e-4
2026-09-26,1,wk inc rsv prop ed visits,2026-10-03,17,quantile,0.55,3e-4
2026-09-26,1,wk inc rsv prop ed visits,2026-10-03,17,quantile,0.6,3.0000000000000014e-4
2026-09-26,1,wk inc rsv prop ed visits,2026-10-03,17,quantile,0.65,4.000000000000001e-4
2026-09-26,1,wk inc rsv prop ed visits,2026-10-03,17,quantile,0.7,5.999999999999988e-4
2026-09-26,1,wk inc rsv prop ed visits,2026-10-03,17,quantile,0.75,7.999999999999986e-4
2026-09-26,1,wk inc rsv prop ed visits,2026-10-03,17,quantile,0.8,0.0010000000000000018
2026-09-26,1,wk inc rsv prop ed visits,2026-10-03,17,quantile,0.85,0.0013999999999999998
2026-09-26,1,wk inc rsv prop ed visits,2026-10-03,17,quantile,0.9,0.0020414328143281454
2026-09-26,1,wk inc rsv prop ed visits,2026-10-03,17,quantile,0.95,0.002828475084750833
2026-09-26,1,wk inc rsv prop ed visits,2026-10-03,17,quantile,0.975,0.003434443294432934
2026-09-26,1,wk inc rsv prop ed visits,2026-10-03,17,quantile,0.99,0.004451902379023786
2026-09-26,1,wk inc rsv prop ed visits,2026-10-03,18,quantile,0.01,0
2026-09-26,1,wk inc rsv prop ed visits,2026-10-03,18,quantile,0.025,0
2026-09-26,1,wk inc rsv prop ed visits,2026-10-03,18,quantile,0.05,0
2026-09-26,1,wk inc rsv prop ed visits,2026-10-03,18,quantile,0.1,0
2026-09-26,1,wk inc rsv prop ed visits,2026-10-03,18,quantile,0.15,0
2026-09-26,1,wk inc rsv prop ed visits,2026-10-03,18,quantile,0.2,0
2026-09-26,1,wk inc rsv prop ed visits,2026-10-03,18,quantile,0.25,0
2026-09-26,1,wk inc rsv prop ed visits,2026-10-03,18,quantile,0.3,8.131516293641283e-20
2026-09-26,1,wk inc rsv prop ed visits,2026-10-03,18,quantile,0.35,1e-4
2026-09-26,1,wk inc rsv prop ed visits,2026-10-03,18,quantile,0.4,1.0000000000000005e-4
2026-09-26,1,wk inc rsv prop ed visits,2026-10-03,18,quantile,0.45,2e-4
2026-09-26,1,wk inc rsv prop ed visits,2026-10-03,18,quantile,0.5,2e-4
2026-09-26,1,wk inc rsv prop ed visits,2026-10-03,18,quantile,0.55,3e-4
2026-09-26,1,wk inc rsv prop ed visits,2026-10-03,18,quantile,0.6,3.0000000000000003e-4
2026-09-26,1,wk inc rsv prop ed visits,2026-10-03,18,quantile,0.65,4e-4
2026-09-26,1,wk inc rsv prop ed visits,2026-10-03,18,quantile,0.7,5e-4
2026-09-26,1,wk inc rsv prop ed visits,2026-10-03,18,quantile,0.75,6.000000000000007e-4
2026-09-26,1,wk inc rsv prop ed visits,2026-10-03,18,quantile,0.8,8e-4
2026-09-26,1,wk inc rsv prop ed visits,2026-10-03,18,quantile,0.85,0.0010188820888208901
2026-09-26,1,wk inc rsv prop ed visits,2026-10-03,18,quantile,0.9,0.0014916203162031647
2026-09-26,1,wk inc rsv prop ed visits,2026-10-03,18,quantile,0.95,0.002185745557455567
2026-09-26,1,wk inc rsv prop ed visits,2026-10-03,18,quantile,0.975,0.002937065670656695
2026-09-26,1,wk inc rsv prop ed visits,2026-10-03,18,quantile,0.99,0.0034999999999999983
2026-09-26,1,wk inc rsv prop ed visits,2026-10-03,19,quantile,0.01,0
2026-09-26,1,wk inc rsv prop ed visits,2026-10-03,19,quantile,0.025,0
2026-09-26,1,wk inc rsv prop ed visits,2026-10-03,19,quantile,0.05,0
2026-09-26,1,wk inc rsv prop ed visits,2026-10-03,19,quantile,0.1,0
2026-09-26,1,wk inc rsv prop ed visits,2026-10-03,19,quantile,0.15,0
2026-09-26,1,wk inc rsv prop ed visits,2026-10-03,19,quantile,0.2,0
2026-09-26,1,wk inc rsv prop ed visits,2026-10-03,19,quantile,0.25,0
2026-09-26,1,wk inc rsv prop ed visits,2026-10-03,19,quantile,0.3,0
2026-09-26,1,wk inc rsv prop ed visits,2026-10-03,19,quantile,0.35,0
2026-09-26,1,wk inc rsv prop ed visits,2026-10-03,19,quantile,0.4,0
2026-09-26,1,wk inc rsv prop ed visits,2026-10-03,19,quantile,0.45,0
2026-09-26,1,wk inc rsv prop ed visits,2026-10-03,19,quantile,0.5,0
2026-09-26,1,wk inc rsv prop ed visits,2026-10-03,19,quantile,0.55,1.2468324983583301e-18
2026-09-26,1,wk inc rsv prop ed visits,2026-10-03,19,quantile,0.6,1.2710587105871262e-4
2026-09-26,1,wk inc rsv prop ed visits,2026-10-03,19,quantile,0.65,3.0000000000000133e-4
2026-09-26,1,wk inc rsv prop ed visits,2026-10-03,19,quantile,0.7,5.091330913309172e-4
2026-09-26,1,wk inc rsv prop ed visits,2026-10-03,19,quantile,0.75,8.000000000000027e-4
2026-09-26,1,wk inc rsv prop ed visits,2026-10-03,19,quantile,0.8,0.0011115759157591604
2026-09-26,1,wk inc rsv prop ed visits,2026-10-03,19,quantile,0.85,0.0016000000000000025
2026-09-26,1,wk inc rsv prop ed visits,2026-10-03,19,quantile,0.9,0.0022704253042530468
2026-09-26,1,wk inc rsv prop ed visits,2026-10-03,19,quantile,0.95,0.0036288481384813965
2026-09-26,1,wk inc rsv prop ed visits,2026-10-03,19,quantile,0.975,0.00459284650346502
2026-09-26,1,wk inc rsv prop ed visits,2026-10-03,19,quantile,0.99,0.007160318123181167
2026-09-26,1,wk inc rsv prop ed visits,2026-10-03,20,quantile,0.01,0
2026-09-26,1,wk inc rsv prop ed visits,2026-10-03,20,quantile,0.025,0
2026-09-26,1,wk inc rsv prop ed visits,2026-10-03,20,quantile,0.05,0
2026-09-26,1,wk inc rsv prop ed visits,2026-10-03,20,quantile,0.1,0
2026-09-26,1,wk inc rsv prop ed visits,2026-10-03,20,quantile,0.15,0
2026-09-26,1,wk inc rsv prop ed visits,2026-10-03,20,quantile,0.2,0
2026-09-26,1,wk inc rsv prop ed visits,2026-10-03,20,quantile,0.25,0
2026-09-26,1,wk inc rsv prop ed visits,2026-10-03,20,quantile,0.3,0
2026-09-26,1,wk inc rsv prop ed visits,2026-10-03,20,quantile,0.35,9.999999999999991e-5
2026-09-26,1,wk inc rsv prop ed visits,2026-10-03,20,quantile,0.4,9.999999999999996e-5
2026-09-26,1,wk inc rsv prop ed visits,2026-10-03,20,quantile,0.45,1.9999999999999996e-4
2026-09-26,1,wk inc rsv prop ed visits,2026-10-03,20,quantile,0.5,2e-4
2026-09-26,1,wk inc rsv prop ed visits,2026-10-03,20,quantile,0.55,3e-4
2026-09-26,1,wk inc rsv prop ed visits,2026-10-03,20,quantile,0.6,3.999999999999999e-4
2026-09-26,1,wk inc rsv prop ed visits,2026-10-03,20,quantile,0.65,4.999999999999998e-4
2026-09-26,1,wk inc rsv prop ed visits,2026-10-03,20,quantile,0.7,5.999999999999998e-4
2026-09-26,1,wk inc rsv prop ed visits,2026-10-03,20,quantile,0.75,7.505515055150563e-4
2026-09-26,1,wk inc rsv prop ed visits,2026-10-03,20,quantile,0.8,0.001
2026-09-26,1,wk inc rsv prop ed visits,2026-10-03,20,quantile,0.85,0.0013000000000000004
2026-09-26,1,wk inc rsv prop ed visits,2026-10-03,20,quantile,0.9,0.0016999999999999993
2026-09-26,1,wk inc rsv prop ed visits,2026-10-03,20,quantile,0.95,0.0024982205322053187
2026-09-26,1,wk inc rsv prop ed visits,2026-10-03,20,quantile,0.975,0.0034788128881288755
2026-09-26,1,wk inc rsv prop ed visits,2026-10-03,20,quantile,0.99,0.004248234212342136
2026-09-26,1,wk inc rsv prop ed visits,2026-10-03,21,quantile,0.01,0
2026-09-26,1,wk inc rsv prop ed visits,2026-10-03,21,quantile,0.025,0
2026-09-26,1,wk inc rsv prop ed visits,2026-10-03,21,quantile,0.05,0
2026-09-26,1,wk inc rsv prop ed visits,2026-10-03,21,quantile,0.1,0
2026-09-26,1,wk inc rsv prop ed visits,2026-10-03,21,quantile,0.15,0
2026-09-26,1,wk inc rsv prop ed visits,2026-10-03,21,quantile,0.2,0
2026-09-26,1,wk inc rsv prop ed visits,2026-10-03,21,quantile,0.25,0
2026-09-26,1,wk inc rsv prop ed visits,2026-10-03,21,quantile,0.3,0
2026-09-26,1,wk inc rsv prop ed visits,2026-10-03,21,quantile,0.35,9.999999999999975e-5
2026-09-26,1,wk inc rsv prop ed visits,2026-10-03,21,quantile,0.4,9.999999999999986e-5
2026-09-26,1,wk inc rsv prop ed visits,2026-10-03,21,quantile,0.45,1.999999999999998e-4
2026-09-26,1,wk inc rsv prop ed visits,2026-10-03,21,quantile,0.5,2e-4
2026-09-26,1,wk inc rsv prop ed visits,2026-10-03,21,quantile,0.55,2.999999999999998e-4
2026-09-26,1,wk inc rsv prop ed visits,2026-10-03,21,quantile,0.6,3.9999999999999986e-4
2026-09-26,1,wk inc rsv prop ed visits,2026-10-03,21,quantile,0.65,4.999999999999998e-4
2026-09-26,1,wk inc rsv prop ed visits,2026-10-03,21,quantile,0.7,5.999999999999998e-4
2026-09-26,1,wk inc rsv prop ed visits,2026-10-03,21,quantile,0.75,7.999999999999998e-4
2026-09-26,1,wk inc rsv prop ed visits,2026-10-03,21,quantile,0.8,0.0010999999999999996
2026-09-26,1,wk inc rsv prop ed visits,2026-10-03,21,quantile,0.85,0.0013999999999999996
2026-09-26,1,wk inc rsv prop ed visits,2026-10-03,21,quantile,0.9,0.0019999999999999987
2026-09-26,1,wk inc rsv prop ed visits,2026-10-03,21,quantile,0.95,0.0029051935019350186
2026-09-26,1,wk inc rsv prop ed visits,2026-10-03,21,quantile,0.975,0.0037906889068890655
2026-09-26,1,wk inc rsv prop ed visits,2026-10-03,21,quantile,0.99,0.004565992859928591
2026-09-26,1,wk inc rsv prop ed visits,2026-10-03,22,quantile,0.01,0
2026-09-26,1,wk inc rsv prop ed visits,2026-10-03,22,quantile,0.025,0
2026-09-26,1,wk inc rsv prop ed visits,2026-10-03,22,quantile,0.05,0
2026-09-26,1,wk inc rsv prop ed visits,2026-10-03,22,quantile,0.1,0
2026-09-26,1,wk inc rsv prop ed visits,2026-10-03,22,quantile,0.15,0
2026-09-26,1,wk inc rsv prop ed visits,2026-10-03,22,quantile,0.2,0
2026-09-26,1,wk inc rsv prop ed visits,2026-10-03,22,quantile,0.25,9.999999999999999e-5
2026-09-26,1,wk inc rsv prop ed visits,2026-10-03,22,quantile,0.3,1.9999999999999987e-4
2026-09-26,1,wk inc rsv prop ed visits,2026-10-03,22,quantile,0.35,2.0000000000000012e-4
2026-09-26,1,wk inc rsv prop ed visits,2026-10-03,22,quantile,0.4,3.0000000000000003e-4
2026-09-26,1,wk inc rsv prop ed visits,2026-10-03,22,quantile,0.45,3.9999999999999986e-4
2026-09-26,1,wk inc rsv prop ed visits,2026-10-03,22,quantile,0.5,4e-4
2026-09-26,1,wk inc rsv prop ed visits,2026-10-03,22,quantile,0.55,5e-4
2026-09-26,1,wk inc rsv prop ed visits,2026-10-03,22,quantile,0.6,5.000000000000002e-4
2026-09-26,1,wk inc rsv prop ed visits,2026-10-03,22,quantile,0.65,6.000000000000001e-4
2026-09-26,1,wk inc rsv prop ed visits,2026-10-03,22,quantile,0.7,7e-4
2026-09-26,1,wk inc rsv prop ed visits,2026-10-03,22,quantile,0.75,8.000000000000001e-4
2026-09-26,1,wk inc rsv prop ed visits,2026-10-03,22,quantile,0.8,0.0010000000000000002
2026-09-26,1,wk inc rsv prop ed visits,2026-10-03,22,quantile,0.85,0.0013
2026-09-26,1,wk inc rsv prop ed visits,2026-10-03,22,quantile,0.9,0.0017478407784077856
2026-09-26,1,wk inc rsv prop ed visits,2026-10-03,22,quantile,0.95,0.002587085670856703
2026-09-26,1,wk inc rsv prop ed visits,2026-10-03,22,quantile,0.975,0.00312232764827648
2026-09-26,1,wk inc rsv prop ed visits,2026-10-03,22,quantile,0.99,0.0037844767047670435
2026-09-26,1,wk inc rsv prop ed visits,2026-10-03,23,quantile,0.01,0
2026-09-26,1,wk inc rsv prop ed visits,2026-10-03,23,quantile,0.025,0
2026-09-26,1,wk inc rsv prop ed visits,2026-10-03,23,quantile,0.05,0
2026-09-26,1,wk inc rsv prop ed visits,2026-10-03,23,quantile,0.1,0
2026-09-26,1,wk inc rsv prop ed visits,2026-10-03,23,quantile,0.15,0
2026-09-26,1,wk inc rsv prop ed visits,2026-10-03,23,quantile,0.2,0
2026-09-26,1,wk inc rsv prop ed visits,2026-10-03,23,quantile,0.25,0
2026-09-26,1,wk inc rsv prop ed visits,2026-10-03,23,quantile,0.3,0
2026-09-26,1,wk inc rsv prop ed visits,2026-10-03,23,quantile,0.35,0
2026-09-26,1,wk inc rsv prop ed visits,2026-10-03,23,quantile,0.4,0
2026-09-26,1,wk inc rsv prop ed visits,2026-10-03,23,quantile,0.45,0
2026-09-26,1,wk inc rsv prop ed visits,2026-10-03,23,quantile,0.5,0
2026-09-26,1,wk inc rsv prop ed visits,2026-10-03,23,quantile,0.55,0
2026-09-26,1,wk inc rsv prop ed visits,2026-10-03,23,quantile,0.6,9.999999999999992e-5
2026-09-26,1,wk inc rsv prop ed visits,2026-10-03,23,quantile,0.65,1.0000000000000009e-4
2026-09-26,1,wk inc rsv prop ed visits,2026-10-03,23,quantile,0.7,2.0000000000000025e-4
2026-09-26,1,wk inc rsv prop ed visits,2026-10-03,23,quantile,0.75,3.786940369403686e-4
2026-09-26,1,wk inc rsv prop ed visits,2026-10-03,23,quantile,0.8,5.000000000000004e-4
2026-09-26,1,wk inc rsv prop ed visits,2026-10-03,23,quantile,0.85,8.624473744737429e-4
2026-09-26,1,wk inc rsv prop ed visits,2026-10-03,23,quantile,0.9,0.001410622706227063
2026-09-26,1,wk inc rsv prop ed visits,2026-10-03,23,quantile,0.95,0.0020183409334093225
2026-09-26,1,wk inc rsv prop ed visits,2026-10-03,23,quantile,0.975,0.0032999999999999995
2026-09-26,1,wk inc rsv prop ed visits,2026-10-03,23,quantile,0.99,0.00487260537605373
2026-09-26,1,wk inc rsv prop ed visits,2026-10-03,24,quantile,0.01,0
2026-09-26,1,wk inc rsv prop ed visits,2026-10-03,24,quantile,0.025,0
2026-09-26,1,wk inc rsv prop ed visits,2026-10-03,24,quantile,0.05,0
2026-09-26,1,wk inc rsv prop ed visits,2026-10-03,24,quantile,0.1,0
2026-09-26,1,wk inc rsv prop ed visits,2026-10-03,24,quantile,0.15,0
2026-09-26,1,wk inc rsv prop ed visits,2026-10-03,24,quantile,0.2,0
2026-09-26,1,wk inc rsv prop ed visits,2026-10-03,24,quantile,0.25,0
2026-09-26,1,wk inc rsv prop ed visits,2026-10-03,24,quantile,0.3,0
2026-09-26,1,wk inc rsv prop ed visits,2026-10-03,24,quantile,0.35,0
2026-09-26,1,wk inc rsv prop ed visits,2026-10-03,24,quantile,0.4,0
2026-09-26,1,wk inc rsv prop ed visits,2026-10-03,24,quantile,0.45,0
2026-09-26,1,wk inc rsv prop ed visits,2026-10-03,24,quantile,0.5,0
2026-09-26,1,wk inc rsv prop ed visits,2026-10-03,24,quantile,0.55,9.999999999999987e-5
2026-09-26,1,wk inc rsv prop ed visits,2026-10-03,24,quantile,0.6,1.0000000000000003e-4
2026-09-26,1,wk inc rsv prop ed visits,2026-10-03,24,quantile,0.65,2.0000000000000004e-4
2026-09-26,1,wk inc rsv prop ed visits,2026-10-03,24,quantile,0.7,3.000000000000002e-4
2026-09-26,1,wk inc rsv prop ed visits,2026-10-03,24,quantile,0.75,5.000000000000002e-4
2026-09-26,1,wk inc rsv prop ed visits,2026-10-03,24,quantile,0.8,7.626976269762685e-4
2026-09-26,1,wk inc rsv prop ed visits,2026-10-03,24,quantile,0.85,0.0011999999999999995
2026-09-26,1,wk inc rsv prop ed visits,2026-10-03,24,quantile,0.9,0.001789071790717904
2026-09-26,1,wk inc rsv prop ed visits,2026-10-03,24,quantile,0.95,0.0028209997099970944
2026-09-26,1,wk inc rsv prop ed visits,2026-10-03,24,quantile,0.975,0.0033786008860088555
2026-09-26,1,wk inc rsv prop ed visits,2026-10-03,24,quantile,0.99,0.004332746417464169
2026-09-26,1,wk inc rsv prop ed visits,2026-10-03,25,quantile,0.01,0
2026-09-26,1,wk inc rsv prop ed visits,2026-10-03,25,quantile,0.025,0
2026-09-26,1,wk inc rsv prop ed visits,2026-10-03,25,quantile,0.05,0
2026-09-26,1,wk inc rsv prop ed visits,2026-10-03,25,quantile,0.1,0
2026-09-26,1,wk inc rsv prop ed visits,2026-10-03,25,quantile,0.15,0
2026-09-26,1,wk inc rsv prop ed visits,2026-10-03,25,quantile,0.2,0
2026-09-26,1,wk inc rsv prop ed visits,2026-10-03,25,quantile,0.25,0
2026-09-26,1,wk inc rsv prop ed visits,2026-10-03,25,quantile,0.3,0
2026-09-26,1,wk inc rsv prop ed visits,2026-10-03,25,quantile,0.35,0
2026-09-26,1,wk inc rsv prop ed visits,2026-10-03,25,quantile,0.4,9.999999999999979e-5
2026-09-26,1,wk inc rsv prop ed visits,2026-10-03,25,quantile,0.45,9.999999999999986e-5
2026-09-26,1,wk inc rsv prop ed visits,2026-10-03,25,quantile,0.5,1e-4
2026-09-26,1,wk inc rsv prop ed visits,2026-10-03,25,quantile,0.55,1.9999999999999987e-4
2026-09-26,1,wk inc rsv prop ed visits,2026-10-03,25,quantile,0.6,2.9999999999999976e-4
2026-09-26,1,wk inc rsv prop ed visits,2026-10-03,25,quantile,0.65,3.999999999999996e-4
2026-09-26,1,wk inc rsv prop ed visits,2026-10-03,25,quantile,0.7,5e-4
2026-09-26,1,wk inc rsv prop ed visits,2026-10-03,25,quantile,0.75,7.999999999999997e-4
2026-09-26,1,wk inc rsv prop ed visits,2026-10-03,25,quantile,0.8,0.001099999999999999
2026-09-26,1,wk inc rsv prop ed visits,2026-10-03,25,quantile,0.85,0.0015
2026-09-26,1,wk inc rsv prop ed visits,2026-10-03,25,quantile,0.9,0.0023
2026-09-26,1,wk inc rsv prop ed visits,2026-10-03,25,quantile,0.95,0.003309629746297458
2026-09-26,1,wk inc rsv prop ed visits,2026-10-03,25,quantile,0.975,0.0038000000000000004
2026-09-26,1,wk inc rsv prop ed visits,2026-10-03,25,quantile,0.99,0.004864239282392854
2026-09-26,1,wk inc rsv prop ed visits,2026-10-03,26,quantile,0.01,0
2026-09-26,1,wk inc rsv prop ed visits,2026-10-03,26,quantile,0.025,0
2026-09-26,1,wk inc rsv prop ed visits,2026-10-03,26,quantile,0.05,0
2026-09-26,1,wk inc rsv prop ed visits,2026-10-03,26,quantile,0.1,0
2026-09-26,1,wk inc rsv prop ed visits,2026-10-03,26,quantile,0.15,0
2026-09-26,1,wk inc rsv prop ed visits,2026-10-03,26,quantile,0.2,0
2026-09-26,1,wk inc rsv prop ed visits,2026-10-03,26,quantile,0.25,0
2026-09-26,1,wk inc rsv prop ed visits,2026-10-03,26,quantile,0.3,2.710505431213761e-20
2026-09-26,1,wk inc rsv prop ed visits,2026-10-03,26,quantile,0.35,1e-4
2026-09-26,1,wk inc rsv prop ed visits,2026-10-03,26,quantile,0.4,1.0000000000000005e-4
2026-09-26,1,wk inc rsv prop ed visits,2026-10-03,26,quantile,0.45,2e-4
2026-09-26,1,wk inc rsv prop ed visits,2026-10-03,26,quantile,0.5,2e-4
2026-09-26,1,wk inc rsv prop ed visits,2026-10-03,26,quantile,0.55,3e-4
2026-09-26,1,wk inc rsv prop ed visits,2026-10-03,26,quantile,0.6,3.0000000000000003e-4
2026-09-26,1,wk inc rsv prop ed visits,2026-10-03,26,quantile,0.65,4.000000000000001e-4
2026-09-26,1,wk inc rsv prop ed visits,2026-10-03,26,quantile,0.7,5.999999999999988e-4
2026-09-26,1,wk inc rsv prop ed visits,2026-10-03,26,quantile,0.75,7.428074280742806e-4
2026-09-26,1,wk inc rsv prop ed visits,2026-10-03,26,quantile,0.8,0.0010365363653636558
2026-09-26,1,wk inc rsv prop ed visits,2026-10-03,26,quantile,0.85,0.0013732129821298223
2026-09-26,1,wk inc rsv prop ed visits,2026-10-03,26,quantile,0.9,0.0018999999999999996
2026-09-26,1,wk inc rsv prop ed visits,2026-10-03,26,quantile,0.95,0.0029143308433084293
2026-09-26,1,wk inc rsv prop ed visits,2026-10-03,26,quantile,0.975,0.003698561360613604
2026-09-26,1,wk inc rsv prop ed visits,2026-10-03,26,quantile,0.99,0.0048
2026-09-26,1,wk inc rsv prop ed visits,2026-10-03,27,quantile,0.01,0
2026-09-26,1,wk inc rsv prop ed visits,2026-10-03,27,quantile,0.025,0
2026-09-26,1,wk inc rsv prop ed visits,2026-10-03,27,quantile,0.05,0
2026-09-26,1,wk inc rsv prop ed visits,2026-10-03,27,quantile,0.1,0
2026-09-26,1,wk inc rsv prop ed visits,2026-10-03,27,quantile,0.15,0
2026-09-26,1,wk inc rsv prop ed visits,2026-10-03,27,quantile,0.2,0
2026-09-26,1,wk inc rsv prop ed visits,2026-10-03,27,quantile,0.25,0
2026-09-26,1,wk inc rsv prop ed visits,2026-10-03,27,quantile,0.3,0
2026-09-26,1,wk inc rsv prop ed visits,2026-10-03,27,quantile,0.35,0
2026-09-26,1,wk inc rsv prop ed visits,2026-10-03,27,quantile,0.4,0
2026-09-26,1,wk inc rsv prop ed visits,2026-10-03,27,quantile,0.45,2.710505431213761e-20
2026-09-26,1,wk inc rsv prop ed visits,2026-10-03,27,quantile,0.5,1e-4
2026-09-26,1,wk inc rsv prop ed visits,2026-10-03,27,quantile,0.55,1.0000000000000006e-4
2026-09-26,1,wk inc rsv prop ed visits,2026-10-03,27,quantile,0.6,2.0000000000000044e-4
2026-09-26,1,wk inc rsv prop ed visits,2026-10-03,27,quantile,0.65,3.999999999999999e-4
2026-09-26,1,wk inc rsv prop ed visits,2026-10-03,27,quantile,0.7,5.232596325963206e-4
2026-09-26,1,wk inc rsv prop ed visits,2026-10-03,27,quantile,0.75,7.656491564915639e-4
2026-09-26,1,wk inc rsv prop ed visits,2026-10-03,27,quantile,0.8,0.001000000000000001
2026-09-26,1,wk inc rsv prop ed visits,2026-10-03,27,quantile,0.85,0.0014000000000000013
2026-09-26,1,wk inc rsv prop ed visits,2026-10-03,27,quantile,0.9,0.0018000000000000004
2026-09-26,1,wk inc rsv prop ed visits,2026-10-03,27,quantile,0.95,0.0027769210692106874
2026-09-26,1,wk inc rsv prop ed visits,2026-10-03,27,quantile,0.975,0.0036568176681766847
2026-09-26,1,wk inc rsv prop ed visits,2026-10-03,27,quantile,0.99,0.0049527810578105826
2026-09-26,1,wk inc rsv prop ed visits,2026-10-03,28,quantile,0.01,0
2026-09-26,1,wk inc rsv prop ed visits,2026-10-03,28,quantile,0.025,0
2026-09-26,1,wk inc rsv prop ed visits,2026-10-03,28,quantile,0.05,0
2026-09-26,1,wk inc rsv prop ed visits,2026-10-03,28,quantile,0.1,0
2026-09-26,1,wk inc rsv prop ed visits,2026-10-03,28,quantile,0.15,0
2026-09-26,1,wk inc rsv prop ed visits,2026-10-03,28,quantile,0.2,0
2026-09-26,1,wk inc rsv prop ed visits,2026-10-03,28,quantile,0.25,1.0000000000000007e-4
2026-09-26,1,wk inc rsv prop ed visits,2026-10-03,28,quantile,0.3,2.000000000000001e-4
2026-09-26,1,wk inc rsv prop ed visits,2026-10-03,28,quantile,0.35,3.0000000000000003e-4
2026-09-26,1,wk inc rsv prop ed visits,2026-10-03,28,quantile,0.4,3.9999999999999996e-4
2026-09-26,1,wk inc rsv prop ed visits,2026-10-03,28,quantile,0.45,4.5287287872879047e-4
2026-09-26,1,wk inc rsv prop ed visits,2026-10-03,28,quantile,0.5,5e-4
2026-09-26,1,wk inc rsv prop ed visits,2026-10-03,28,quantile,0.55,6e-4
2026-09-26,1,wk inc rsv prop ed visits,2026-10-03,28,quantile,0.6,6.114219142191378e-4
2026-09-26,1,wk inc rsv prop ed visits,2026-10-03,28,quantile,0.65,7.000000000000001e-4
2026-09-26,1,wk inc rsv prop ed visits,2026-10-03,28,quantile,0.7,8.000000000000001e-4
2026-09-26,1,wk inc rsv prop ed visits,2026-10-03,28,quantile,0.75,0.001
2026-09-26,1,wk inc rsv prop ed visits,2026-10-03,28,quantile,0.8,0.0012
2026-09-26,1,wk inc rsv prop ed visits,2026-10-03,28,quantile,0.85,0.0014999999999999998
2026-09-26,1,wk inc rsv prop ed visits,2026-10-03,28,quantile,0.9,0.0018999999999999998
2026-09-26,1,wk inc rsv prop ed visits,2026-10-03,28,quantile,0.95,0.0026441962919629075
2026-09-26,1,wk inc rsv prop ed visits,2026-10-03,28,quantile,0.975,0.003180361878618786
2026-09-26,1,wk inc rsv prop ed visits,2026-10-03,28,quantile,0.99,0.003683692826928265
2026-09-26,1,wk inc rsv prop ed visits,2026-10-03,29,quantile,0.01,0
2026-09-26,1,wk inc rsv prop ed visits,2026-10-03,29,quantile,0.025,0
2026-09-26,1,wk inc rsv prop ed visits,2026-10-03,29,quantile,0.05,0
2026-09-26,1,wk inc rsv prop ed visits,2026-10-03,29,quantile,0.1,0
2026-09-26,1,wk inc rsv prop ed visits,2026-10-03,29,quantile,0.15,0
2026-09-26,1,wk inc rsv prop ed visits,2026-10-03,29,quantile,0.2,0
2026-09-26,1,wk inc rsv prop ed visits,2026-10-03,29,quantile,0.25,0
2026-09-26,1,wk inc rsv prop ed visits,2026-10-03,29,quantile,0.3,0
2026-09-26,1,wk inc rsv prop ed visits,2026-10-03,29,quantile,0.35,0
2026-09-26,1,wk inc rsv prop ed visits,2026-10-03,29,quantile,0.4,0
2026-09-26,1,wk inc rsv prop ed visits,2026-10-03,29,quantile,0.45,0
2026-09-26,1,wk inc rsv prop ed visits,2026-10-03,29,quantile,0.5,0
2026-09-26,1,wk inc rsv prop ed visits,2026-10-03,29,quantile,0.55,9.999999999999996e-5
2026-09-26,1,wk inc rsv prop ed visits,2026-10-03,29,quantile,0.6,1e-4
2026-09-26,1,wk inc rsv prop ed visits,2026-10-03,29,quantile,0.65,1.0000000000000013e-4
2026-09-26,1,wk inc rsv prop ed visits,2026-10-03,29,quantile,0.7,2e-4
2026-09-26,1,wk inc rsv prop ed visits,2026-10-03,29,quantile,0.75,2.999999999999999e-4
2026-09-26,1,wk inc rsv prop ed visits,2026-10-03,29,quantile,0.8,4.000000000000001e-4
2026-09-26,1,wk inc rsv prop ed visits,2026-10-03,29,quantile,0.85,6.210944609446082e-4
2026-09-26,1,wk inc rsv prop ed visits,2026-10-03,29,quantile,0.9,0.0011000000000000003
2026-09-26,1,wk inc rsv prop ed visits,2026-10-03,29,quantile,0.95,0.0018999999999999998
2026-09-26,1,wk inc rsv prop ed visits,2026-10-03,29,quantile,0.975,0.0025000000000000005
2026-09-26,1,wk inc rsv prop ed visits,2026-10-03,29,quantile,0.99,0.0035373816538164823
2026-09-26,1,wk inc rsv prop ed visits,2026-10-03,30,quantile,0.01,0
2026-09-26,1,wk inc rsv prop ed visits,2026-10-03,30,quantile,0.025,0
2026-09-26,1,wk inc rsv prop ed visits,2026-10-03,30,quantile,0.05,0
2026-09-26,1,wk inc rsv prop ed visits,2026-10-03,30,quantile,0.1,0
2026-09-26,1,wk inc rsv prop ed visits,2026-10-03,30,quantile,0.15,0
2026-09-26,1,wk inc rsv prop ed visits,2026-10-03,30,quantile,0.2,0
2026-09-26,1,wk inc rsv prop ed visits,2026-10-03,30,quantile,0.25,0
2026-09-26,1,wk inc rsv prop ed visits,2026-10-03,30,quantile,0.3,0
2026-09-26,1,wk inc rsv prop ed visits,2026-10-03,30,quantile,0.35,0
2026-09-26,1,wk inc rsv prop ed visits,2026-10-03,30,quantile,0.4,0
2026-09-26,1,wk inc rsv prop ed visits,2026-10-03,30,quantile,0.45,0
2026-09-26,1,wk inc rsv prop ed visits,2026-10-03,30,quantile,0.5,0
2026-09-26,1,wk inc rsv prop ed visits,2026-10-03,30,quantile,0.55,1e-4
2026-09-26,1,wk inc rsv prop ed visits,2026-10-03,30,quantile,0.6,1.7815398153981092e-4
2026-09-26,1,wk inc rsv prop ed visits,2026-10-03,30,quantile,0.65,2.9999999999999976e-4
2026-09-26,1,wk inc rsv prop ed visits,2026-10-03,30,quantile,0.7,4.364617646176425e-4
2026-09-26,1,wk inc rsv prop ed visits,2026-10-03,30,quantile,0.75,6.999999999999999e-4
2026-09-26,1,wk inc rsv prop ed visits,2026-10-03,30,quantile,0.8,9e-4
2026-09-26,1,wk inc rsv prop ed visits,2026-10-03,30,quantile,0.85,0.0014999999999999985
2026-09-26,1,wk inc rsv prop ed visits,2026-10-03,30,quantile,0.9,0.0023275558755587555
2026-09-26,1,wk inc rsv prop ed visits,2026-10-03,30,quantile,0.95,0.0034568339183391862
2026-09-26,1,wk inc rsv prop ed visits,2026-10-03,30,quantile,0.975,0.004269473844738461
2026-09-26,1,wk inc rsv prop ed visits,2026-10-03,30,quantile,0.99,0.005399999999999999
2026-09-26,1,wk inc rsv prop ed visits,2026-10-03,31,quantile,0.01,0
2026-09-26,1,wk inc rsv prop ed visits,2026-10-03,31,quantile,0.025,0
2026-09-26,1,wk inc rsv prop ed visits,2026-10-03,31,quantile,0.05,0
2026-09-26,1,wk inc rsv prop ed visits,2026-10-03,31,quantile,0.1,0
2026-09-26,1,wk inc rsv prop ed visits,2026-10-03,31,quantile,0.15,0
2026-09-26,1,wk inc rsv prop ed visits,2026-10-03,31,quantile,0.2,0
2026-09-26,1,wk inc rsv prop ed visits,2026-10-03,31,quantile,0.25,0
2026-09-26,1,wk inc rsv prop ed visits,2026-10-03,31,quantile,0.3,0
2026-09-26,1,wk inc rsv prop ed visits,2026-10-03,31,quantile,0.35,0
2026-09-26,1,wk inc rsv prop ed visits,2026-10-03,31,quantile,0.4,9.99999999999997e-5
2026-09-26,1,wk inc rsv prop ed visits,2026-10-03,31,quantile,0.45,9.999999999999975e-5
2026-09-26,1,wk inc rsv prop ed visits,2026-10-03,31,quantile,0.5,1e-4
2026-09-26,1,wk inc rsv prop ed visits,2026-10-03,31,quantile,0.55,1.9999999999999977e-4
2026-09-26,1,wk inc rsv prop ed visits,2026-10-03,31,quantile,0.6,2.9999999999999965e-4
2026-09-26,1,wk inc rsv prop ed visits,2026-10-03,31,quantile,0.65,3.0000000000000003e-4
2026-09-26,1,wk inc rsv prop ed visits,2026-10-03,31,quantile,0.7,4.999999999999996e-4
2026-09-26,1,wk inc rsv prop ed visits,2026-10-03,31,quantile,0.75,6.256792567925701e-4
2026-09-26,1,wk inc rsv prop ed visits,2026-10-03,31,quantile,0.8,8.999999999999999e-4
2026-09-26,1,wk inc rsv prop ed visits,2026-10-03,31,quantile,0.85,0.0012285873358733566
2026-09-26,1,wk inc rsv prop ed visits,2026-10-03,31,quantile,0.9,0.0016999999999999995
2026-09-26,1,wk inc rsv prop ed visits,2026-10-03,31,quantile,0.95,0.0023999999999999994
2026-09-26,1,wk inc rsv prop ed visits,2026-10-03,31,quantile,0.975,0.0029936585365853683
2026-09-26,1,wk inc rsv prop ed visits,2026-10-03,31,quantile,0.99,0.0038
2026-09-26,1,wk inc rsv prop ed visits,2026-10-03,32,quantile,0.01,0
2026-09-26,1,wk inc rsv prop ed visits,2026-10-03,32,quantile,0.025,0
2026-09-26,1,wk inc rsv prop ed visits,2026-10-03,32,quantile,0.05,0
2026-09-26,1,wk inc rsv prop ed visits,2026-10-03,32,quantile,0.1,0
2026-09-26,1,wk inc rsv prop ed visits,2026-10-03,32,quantile,0.15,0
2026-09-26,1,wk inc rsv prop ed visits,2026-10-03,32,quantile,0.2,0
2026-09-26,1,wk inc rsv prop ed visits,2026-10-03,32,quantile,0.25,0
2026-09-26,1,wk inc rsv prop ed visits,2026-10-03,32,quantile,0.3,0
2026-09-26,1,wk inc rsv prop ed visits,2026-10-03,32,quantile,0.35,0
2026-09-26,1,wk inc rsv prop ed visits,2026-10-03,32,quantile,0.4,0
2026-09-26,1,wk inc rsv prop ed visits,2026-10-03,32,quantile,0.45,0
2026-09-26,1,wk inc rsv prop ed visits,2026-10-03,32,quantile,0.5,0
2026-09-26,1,wk inc rsv prop ed visits,2026-10-03,32,quantile,0.55,0
2026-09-26,1,wk inc rsv prop ed visits,2026-10-03,32,quantile,0.6,1e-4
2026-09-26,1,wk inc rsv prop ed visits,2026-10-03,32,quantile,0.65,2.0000000000000004e-4
2026-09-26,1,wk inc rsv prop ed visits,2026-10-03,32,quantile,0.7,3.000000000000002e-4
2026-09-26,1,wk inc rsv prop ed visits,2026-10-03,32,quantile,0.75,4.999999999999998e-4
2026-09-26,1,wk inc rsv prop ed visits,2026-10-03,32,quantile,0.8,6.999999999999998e-4
2026-09-26,1,wk inc rsv prop ed visits,2026-10-03,32,quantile,0.85,9.999999999999998e-4
2026-09-26,1,wk inc rsv prop ed visits,2026-10-03,32,quantile,0.9,0.0014999999999999998
2026-09-26,1,wk inc rsv prop ed visits,2026-10-03,32,quantile,0.95,0.0022978729787297932
2026-09-26,1,wk inc rsv prop ed visits,2026-10-03,32,quantile,0.975,0.002771666516665166
2026-09-26,1,wk inc rsv prop ed visits,2026-10-03,32,quantile,0.99,0.003362401984019844
2026-09-26,1,wk inc rsv prop ed visits,2026-10-03,33,quantile,0.01,0
2026-09-26,1,wk inc rsv prop ed visits,2026-10-03,33,quantile,0.025,0
2026-09-26,1,wk inc rsv prop ed visits,2026-10-03,33,quantile,0.05,0
2026-09-26,1,wk inc rsv prop ed visits,2026-10-03,33,quantile,0.1,0
2026-09-26,1,wk inc rsv prop ed visits,2026-10-03,33,quantile,0.15,0
2026-09-26,1,wk inc rsv prop ed visits,2026-10-03,33,quantile,0.2,0
2026-09-26,1,wk inc rsv prop ed visits,2026-10-03,33,quantile,0.25,0
2026-09-26,1,wk inc rsv prop ed visits,2026-10-03,33,quantile,0.3,0
2026-09-26,1,wk inc rsv prop ed visits,2026-10-03,33,quantile,0.35,0
2026-09-26,1,wk inc rsv prop ed visits,2026-10-03,33,quantile,0.4,0
2026-09-26,1,wk inc rsv prop ed visits,2026-10-03,33,quantile,0.45,0
2026-09-26,1,wk inc rsv prop ed visits,2026-10-03,33,quantile,0.5,0
2026-09-26,1,wk inc rsv prop ed visits,2026-10-03,33,quantile,0.55,9.999999999999999e-5
2026-09-26,1,wk inc rsv prop ed visits,2026-10-03,33,quantile,0.6,1.9999999999999996e-4
2026-09-26,1,wk inc rsv prop ed visits,2026-10-03,33,quantile,0.65,3.886935869358723e-4
2026-09-26,1,wk inc rsv prop ed visits,2026-10-03,33,quantile,0.7,5.000000000000004e-4
2026-09-26,1,wk inc rsv prop ed visits,2026-10-03,33,quantile,0.75,7.999999999999993e-4
2026-09-26,1,wk inc rsv prop ed visits,2026-10-03,33,quantile,0.8,0.0010000000000000002
2026-09-26,1,wk inc rsv prop ed visits,2026-10-03,33,quantile,0.85,0.0015
2026-09-26,1,wk inc rsv prop ed visits,2026-10-03,33,quantile,0.9,0.0021635882358823563
2026-09-26,1,wk inc rsv prop ed visits,2026-10-03,33,quantile,0.95,0.0036039363893639043
2026-09-26,1,wk inc rsv prop ed visits,2026-10-03,33,quantile,0.975,0.004599999999999999
2026-09-26,1,wk inc rsv prop ed visits,2026-10-03,33,quantile,0.99,0.005400006780067797
2026-09-26,1,wk inc rsv prop ed visits,2026-10-03,34,quantile,0.01,0
2026-09-26,1,wk inc rsv prop ed visits,2026-10-03,34,quantile,0.025,0
2026-09-26,1,wk inc rsv prop ed visits,2026-10-03,34,quantile,0.05,0
2026-09-26,1,wk inc rsv prop ed visits,2026-10-03,34,quantile,0.1,0
2026-09-26,1,wk inc rsv prop ed visits,2026-10-03,34,quantile,0.15,0
2026-09-26,1,wk inc rsv prop ed visits,2026-10-03,34,quantile,0.2,0
2026-09-26,1,wk inc rsv prop ed visits,2026-10-03,34,quantile,0.25,1e-4
2026-09-26,1,wk inc rsv prop ed visits,2026-10-03,34,quantile,0.3,1.9999999999999998e-4
2026-09-26,1,wk inc rsv prop ed visits,2026-10-03,34,quantile,0.35,2.999999999999998e-4
2026-09-26,1,wk inc rsv prop ed visits,2026-10-03,34,quantile,0.4,3.0000000000000003e-4
2026-09-26,1,wk inc rsv prop ed visits,2026-10-03,34,quantile,0.45,3.9999999999999996e-4
2026-09-26,1,wk inc rsv prop ed visits,2026-10-03,34,quantile,0.5,4e-4
2026-09-26,1,wk inc rsv prop ed visits,2026-10-03,34,quantile,0.55,4.999999999999999e-4
2026-09-26,1,wk inc rsv prop ed visits,2026-10-03,34,quantile,0.6,5e-4
2026-09-26,1,wk inc rsv prop ed visits,2026-10-03,34,quantile,0.65,6.000000000000001e-4
2026-09-26,1,wk inc rsv prop ed visits,2026-10-03,34,quantile,0.7,6.999999999999999e-4
2026-09-26,1,wk inc rsv prop ed visits,2026-10-03,34,quantile,0.75,8e-4
2026-09-26,1,wk inc rsv prop ed visits,2026-10-03,34,quantile,0.8,0.001
2026-09-26,1,wk inc rsv prop ed visits,2026-10-03,34,quantile,0.85,0.0012999999999999995
2026-09-26,1,wk inc rsv prop ed visits,2026-10-03,34,quantile,0.9,0.0015999999999999996
2026-09-26,1,wk inc rsv prop ed visits,2026-10-03,34,quantile,0.95,0.002199999999999999
2026-09-26,1,wk inc rsv prop ed visits,2026-10-03,34,quantile,0.975,0.002734966624666243
2026-09-26,1,wk inc rsv prop ed visits,2026-10-03,34,quantile,0.99,0.0031999999999999997
2026-09-26,1,wk inc rsv prop ed visits,2026-10-03,35,quantile,0.01,0
2026-09-26,1,wk inc rsv prop ed visits,2026-10-03,35,quantile,0.025,0
2026-09-26,1,wk inc rsv prop ed visits,2026-10-03,35,quantile,0.05,0
2026-09-26,1,wk inc rsv prop ed visits,2026-10-03,35,quantile,0.1,0
2026-09-26,1,wk inc rsv prop ed visits,2026-10-03,35,quantile,0.15,0
2026-09-26,1,wk inc rsv prop ed visits,2026-10-03,35,quantile,0.2,0
2026-09-26,1,wk inc rsv prop ed visits,2026-10-03,35,quantile,0.25,0
2026-09-26,1,wk inc rsv prop ed visits,2026-10-03,35,quantile,0.3,0
2026-09-26,1,wk inc rsv prop ed visits,2026-10-03,35,quantile,0.35,0
2026-09-26,1,wk inc rsv prop ed visits,2026-10-03,35,quantile,0.4,0
2026-09-26,1,wk inc rsv prop ed visits,2026-10-03,35,quantile,0.45,2.710505431213761e-20
2026-09-26,1,wk inc rsv prop ed visits,2026-10-03,35,quantile,0.5,1e-4
2026-09-26,1,wk inc rsv prop ed visits,2026-10-03,35,quantile,0.55,1.0000000000000006e-4
2026-09-26,1,wk inc rsv prop ed visits,2026-10-03,35,quantile,0.6,2.000000000000001e-4
2026-09-26,1,wk inc rsv prop ed visits,2026-10-03,35,quantile,0.65,3.999999999999999e-4
2026-09-26,1,wk inc rsv prop ed visits,2026-10-03,35,quantile,0.7,6.000000000000001e-4
2026-09-26,1,wk inc rsv prop ed visits,2026-10-03,35,quantile,0.75,8.00000000000001e-4
2026-09-26,1,wk inc rsv prop ed visits,2026-10-03,35,quantile,0.8,0.0012223320233202334
2026-09-26,1,wk inc rsv prop ed visits,2026-10-03,35,quantile,0.85,0.0019999999999999996
2026-09-26,1,wk inc rsv prop ed visits,2026-10-03,35,quantile,0.9,0.0028999999999999994
2026-09-26,1,wk inc rsv prop ed visits,2026-10-03,35,quantile,0.95,0.0043
2026-09-26,1,wk inc rsv prop ed visits,2026-10-03,35,quantile,0.975,0.006400000000000002
2026-09-26,1,wk inc rsv prop ed visits,2026-10-03,35,quantile,0.99,0.00913894077940779
2026-09-26,1,wk inc rsv prop ed visits,2026-10-03,36,quantile,0.01,0
2026-09-26,1,wk inc rsv prop ed visits,2026-10-03,36,quantile,0.025,0
2026-09-26,1,wk inc rsv prop ed visits,2026-10-03,36,quantile,0.05,0
2026-09-26,1,wk inc rsv prop ed visits,2026-10-03,36,quantile,0.1,0
2026-09-26,1,wk inc rsv prop ed visits,2026-10-03,36,quantile,0.15,0
2026-09-26,1,wk inc rsv prop ed visits,2026-10-03,36,quantile,0.2,0
2026-09-26,1,wk inc rsv prop ed visits,2026-10-03,36,quantile,0.25,0
2026-09-26,1,wk inc rsv prop ed visits,2026-10-03,36,quantile,0.3,0
2026-09-26,1,wk inc rsv prop ed visits,2026-10-03,36,quantile,0.35,1.3552527156068805e-20
2026-09-26,1,wk inc rsv prop ed visits,2026-10-03,36,quantile,0.4,1e-4
2026-09-26,1,wk inc rsv prop ed visits,2026-10-03,36,quantile,0.45,1e-4
2026-09-26,1,wk inc rsv prop ed visits,2026-10-03,36,quantile,0.5,1e-4
2026-09-26,1,wk inc rsv prop ed visits,2026-10-03,36,quantile,0.55,1.9999999999999977e-4
2026-09-26,1,wk inc rsv prop ed visits,2026-10-03,36,quantile,0.6,2e-4
2026-09-26,1,wk inc rsv prop ed visits,2026-10-03,36,quantile,0.65,2.999999999999999e-4
2026-09-26,1,wk inc rsv prop ed visits,2026-10-03,36,quantile,0.7,3.9999999999999975e-4
2026-09-26,1,wk inc rsv prop ed visits,2026-10-03,36,quantile,0.75,4.999999999999999e-4
2026-09-26,1,wk inc rsv prop ed visits,2026-10-03,36,quantile,0.8,6.000000000000001e-4
2026-09-26,1,wk inc rsv prop ed visits,2026-10-03,36,quantile,0.85,8e-4
2026-09-26,1,wk inc rsv prop ed visits,2026-10-03,36,quantile,0.9,0.0010961717617176162
2026-09-26,1,wk inc rsv prop ed visits,2026-10-03,36,quantile,0.95,0.0016142670926709186
2026-09-26,1,wk inc rsv prop ed visits,2026-10-03,36,quantile,0.975,0.0021000000000000003
2026-09-26,1,wk inc rsv prop ed visits,2026-10-03,36,quantile,0.99,0.0027431183211832086
2026-09-26,1,wk inc rsv prop ed visits,2026-10-03,37,quantile,0.01,0
2026-09-26,1,wk inc rsv prop ed visits,2026-10-03,37,quantile,0.025,0
2026-09-26,1,wk inc rsv prop ed visits,2026-10-03,37,quantile,0.05,0
2026-09-26,1,wk inc rsv prop ed visits,2026-10-03,37,quantile,0.1,0
2026-09-26,1,wk inc rsv prop ed visits,2026-10-03,37,quantile,0.15,0
2026-09-26,1,wk inc rsv prop ed visits,2026-10-03,37,quantile,0.2,0
2026-09-26,1,wk inc rsv prop ed visits,2026-10-03,37,quantile,0.25,0
2026-09-26,1,wk inc rsv prop ed visits,2026-10-03,37,quantile,0.3,9.999999999999994e-5
2026-09-26,1,wk inc rsv prop ed visits,2026-10-03,37,quantile,0.35,1.5274002740027156e-4
2026-09-26,1,wk inc rsv prop ed visits,2026-10-03,37,quantile,0.4,2e-4
2026-09-26,1,wk inc rsv prop ed visits,2026-10-03,37,quantile,0.45,2.999999999999999e-4
2026-09-26,1,wk inc rsv prop ed visits,2026-10-03,37,quantile,0.5,3e-4
2026-09-26,1,wk inc rsv prop ed visits,2026-10-03,37,quantile,0.55,3.9999999999999996e-4
2026-09-26,1,wk inc rsv prop ed visits,2026-10-03,37,quantile,0.6,4.000000000000002e-4
2026-09-26,1,wk inc rsv prop ed visits,2026-10-03,37,quantile,0.65,5e-4
2026-09-26,1,wk inc rsv prop ed visits,2026-10-03,37,quantile,0.7,6.999999999999992e-4
2026-09-26,1,wk inc rsv prop ed visits,2026-10-03,37,quantile,0.75,8.999999999999998e-4
2026-09-26,1,wk inc rsv prop ed visits,2026-10-03,37,quantile,0.8,0.0011000000000000003
2026-09-26,1,wk inc rsv prop ed visits,2026-10-03,37,quantile,0.85,0.0014000000000000002
2026-09-26,1,wk inc rsv prop ed visits,2026-10-03,37,quantile,0.9,0.001900000000000001
2026-09-26,1,wk inc rsv prop ed visits,2026-10-03,37,quantile,0.95,0.002699999999999999
2026-09-26,1,wk inc rsv prop ed visits,2026-10-03,37,quantile,0.975,0.0034999804998050023
2026-09-26,1,wk inc rsv prop ed visits,2026-10-03,37,quantile,0.99,0.004913800618006191
2026-09-26,1,wk inc rsv prop ed visits,2026-10-03,38,quantile,0.01,0
2026-09-26,1,wk inc rsv prop ed visits,2026-10-03,38,quantile,0.025,0
2026-09-26,1,wk inc rsv prop ed visits,2026-10-03,38,quantile,0.05,0
2026-09-26,1,wk inc rsv prop ed visits,2026-10-03,38,quantile,0.1,0
2026-09-26,1,wk inc rsv prop ed visits,2026-10-03,38,quantile,0.15,0
2026-09-26,1,wk inc rsv prop ed visits,2026-10-03,38,quantile,0.2,0
2026-09-26,1,wk inc rsv prop ed visits,2026-10-03,38,quantile,0.25,0
2026-09-26,1,wk inc rsv prop ed visits,2026-10-03,38,quantile,0.3,0
2026-09-26,1,wk inc rsv prop ed visits,2026-10-03,38,quantile,0.35,0
2026-09-26,1,wk inc rsv prop ed visits,2026-10-03,38,quantile,0.4,0
2026-09-26,1,wk inc rsv prop ed visits,2026-10-03,38,quantile,0.45,2.710505431213761e-20
2026-09-26,1,wk inc rsv prop ed visits,2026-10-03,38,quantile,0.5,1e-4
2026-09-26,1,wk inc rsv prop ed visits,2026-10-03,38,quantile,0.55,1.9999999999999993e-4
2026-09-26,1,wk inc rsv prop ed visits,2026-10-03,38,quantile,0.6,2.0000000000000015e-4
2026-09-26,1,wk inc rsv prop ed visits,2026-10-03,38,quantile,0.65,3.259312593125941e-4
2026-09-26,1,wk inc rsv prop ed visits,2026-10-03,38,quantile,0.7,5.000000000000001e-4
2026-09-26,1,wk inc rsv prop ed visits,2026-10-03,38,quantile,0.75,7.459387093870913e-4
2026-09-26,1,wk inc rsv prop ed visits,2026-10-03,38,quantile,0.8,0.0010999999999999998
2026-09-26,1,wk inc rsv prop ed visits,2026-10-03,38,quantile,0.85,0.0014999999999999998
2026-09-26,1,wk inc rsv prop ed visits,2026-10-03,38,quantile,0.9,0.0020853694536945265
2026-09-26,1,wk inc rsv prop ed visits,2026-10-03,38,quantile,0.95,0.0038603606036060317
2026-09-26,1,wk inc rsv prop ed visits,2026-10-03,38,quantile,0.975,0.0059907805328052776
2026-09-26,1,wk inc rsv prop ed visits,2026-10-03,38,quantile,0.99,0.00739076573765737
2026-09-26,1,wk inc rsv prop ed visits,2026-10-03,39,quantile,0.01,0
2026-09-26,1,wk inc rsv prop ed visits,2026-10-03,39,quantile,0.025,0
2026-09-26,1,wk inc rsv prop ed visits,2026-10-03,39,quantile,0.05,0
2026-09-26,1,wk inc rsv prop ed visits,2026-10-03,39,quantile,0.1,0
2026-09-26,1,wk inc rsv prop ed visits,2026-10-03,39,quantile,0.15,0
2026-09-26,1,wk inc rsv prop ed visits,2026-10-03,39,quantile,0.2,0
2026-09-26,1,wk inc rsv prop ed visits,2026-10-03,39,quantile,0.25,0
2026-09-26,1,wk inc rsv prop ed visits,2026-10-03,39,quantile,0.3,0
2026-09-26,1,wk inc rsv prop ed visits,2026-10-03,39,quantile,0.35,0
2026-09-26,1,wk inc rsv prop ed visits,2026-10-03,39,quantile,0.4,9.999999999999998e-5
2026-09-26,1,wk inc rsv prop ed visits,2026-10-03,39,quantile,0.45,1e-4
2026-09-26,1,wk inc rsv prop ed visits,2026-10-03,39,quantile,0.5,1e-4
2026-09-26,1,wk inc rsv prop ed visits,2026-10-03,39,quantile,0.55,1.9999999999999998e-4
2026-09-26,1,wk inc rsv prop ed visits,2026-10-03,39,quantile,0.6,2e-4
2026-09-26,1,wk inc rsv prop ed visits,2026-10-03,39,quantile,0.65,3e-4
2026-09-26,1,wk inc rsv prop ed visits,2026-10-03,39,quantile,0.7,3.999999999999999e-4
2026-09-26,1,wk inc rsv prop ed visits,2026-10-03,39,quantile,0.75,5e-4
2026-09-26,1,wk inc rsv prop ed visits,2026-10-03,39,quantile,0.8,6.042782427824328e-4
2026-09-26,1,wk inc rsv prop ed visits,2026-10-03,39,quantile,0.85,9e-4
2026-09-26,1,wk inc rsv prop ed visits,2026-10-03,39,quantile,0.9,0.0011999999999999997
2026-09-26,1,wk inc rsv prop ed visits,2026-10-03,39,quantile,0.95,0.0019593912439124436
2026-09-26,1,wk inc rsv prop ed visits,2026-10-03,39,quantile,0.975,0.0025000106001059996
2026-09-26,1,wk inc rsv prop ed visits,2026-10-03,39,quantile,0.99,0.0031840029700297007
2026-09-26,1,wk inc rsv prop ed visits,2026-10-03,40,quantile,0.01,0
2026-09-26,1,wk inc rsv prop ed visits,2026-10-03,40,quantile,0.025,0
2026-09-26,1,wk inc rsv prop ed visits,2026-10-03,40,quantile,0.05,0
2026-09-26,1,wk inc rsv prop ed visits,2026-10-03,40,quantile,0.1,0
2026-09-26,1,wk inc rsv prop ed visits,2026-10-03,40,quantile,0.15,0
2026-09-26,1,wk inc rsv prop ed visits,2026-10-03,40,quantile,0.2,0
2026-09-26,1,wk inc rsv prop ed visits,2026-10-03,40,quantile,0.25,0
2026-09-26,1,wk inc rsv prop ed visits,2026-10-03,40,quantile,0.3,0
2026-09-26,1,wk inc rsv prop ed visits,2026-10-03,40,quantile,0.35,2.710505431213761e-20
2026-09-26,1,wk inc rsv prop ed visits,2026-10-03,40,quantile,0.4,1.6263032587282567e-19
2026-09-26,1,wk inc rsv prop ed visits,2026-10-03,40,quantile,0.45,1.0000000000000015e-4
2026-09-26,1,wk inc rsv prop ed visits,2026-10-03,40,quantile,0.5,2e-4
2026-09-26,1,wk inc rsv prop ed visits,2026-10-03,40,quantile,0.55,2.0000000000000023e-4
2026-09-26,1,wk inc rsv prop ed visits,2026-10-03,40,quantile,0.6,3.0000000000000024e-4
2026-09-26,1,wk inc rsv prop ed visits,2026-10-03,40,quantile,0.65,4.000000000000003e-4
2026-09-26,1,wk inc rsv prop ed visits,2026-10-03,40,quantile,0.7,6.000000000000001e-4
2026-09-26,1,wk inc rsv prop ed visits,2026-10-03,40,quantile,0.75,8.000000000000001e-4
2026-09-26,1,wk inc rsv prop ed visits,2026-10-03,40,quantile,0.8,0.001100000000000001
2026-09-26,1,wk inc rsv prop ed visits,2026-10-03,40,quantile,0.85,0.001560780857808575
2026-09-26,1,wk inc rsv prop ed visits,2026-10-03,40,quantile,0.9,0.002003380133801338
2026-09-26,1,wk inc rsv prop ed visits,2026-10-03,40,quantile,0.95,0.0028564409144091383
2026-09-26,1,wk inc rsv prop ed visits,2026-10-03,40,quantile,0.975,0.003804926374263754
2026-09-26,1,wk inc rsv prop ed visits,2026-10-03,40,quantile,0.99,0.004601971079710807
2026-09-26,1,wk inc rsv prop ed visits,2026-10-03,41,quantile,0.01,0
2026-09-26,1,wk inc rsv prop ed visits,2026-10-03,41,quantile,0.025,0
2026-09-26,1,wk inc rsv prop ed visits,2026-10-03,41,quantile,0.05,0
2026-09-26,1,wk inc rsv prop ed visits,2026-10-03,41,quantile,0.1,0
2026-09-26,1,wk inc rsv prop ed visits,2026-10-03,41,quantile,0.15,0
2026-09-26,1,wk inc rsv prop ed visits,2026-10-03,41,quantile,0.2,0
2026-09-26,1,wk inc rsv prop ed visits,2026-10-03,41,quantile,0.25,0
2026-09-26,1,wk inc rsv prop ed visits,2026-10-03,41,quantile,0.3,0
2026-09-26,1,wk inc rsv prop ed visits,2026-10-03,41,quantile,0.35,9.999999999999998e-5
2026-09-26,1,wk inc rsv prop ed visits,2026-10-03,41,quantile,0.4,9.999999999999999e-5
2026-09-26,1,wk inc rsv prop ed visits,2026-10-03,41,quantile,0.45,1.9999999999999998e-4
2026-09-26,1,wk inc rsv prop ed visits,2026-10-03,41,quantile,0.5,2e-4
2026-09-26,1,wk inc rsv prop ed visits,2026-10-03,41,quantile,0.55,3.0000000000000003e-4
2026-09-26,1,wk inc rsv prop ed visits,2026-10-03,41,quantile,0.6,3.0000000000000035e-4
2026-09-26,1,wk inc rsv prop ed visits,2026-10-03,41,quantile,0.65,4.000000000000001e-4
2026-09-26,1,wk inc rsv prop ed visits,2026-10-03,41,quantile,0.7,5.641454414544056e-4
2026-09-26,1,wk inc rsv prop ed visits,2026-10-03,41,quantile,0.75,7.876663766637675e-4
2026-09-26,1,wk inc rsv prop ed visits,2026-10-03,41,quantile,0.8,0.001
2026-09-26,1,wk inc rsv prop ed visits,2026-10-03,41,quantile,0.85,0.0013549751997519966
2026-09-26,1,wk inc rsv prop ed visits,2026-10-03,41,quantile,0.9,0.0017000000000000012
2026-09-26,1,wk inc rsv prop ed visits,2026-10-03,41,quantile,0.95,0.002734112491124908
2026-09-26,1,wk inc rsv prop ed visits,2026-10-03,41,quantile,0.975,0.0032274715997159943
2026-09-26,1,wk inc rsv prop ed visits,2026-10-03,41,quantile,0.99,0.003899999999999999
2026-09-26,1,wk inc rsv prop ed visits,2026-10-03,42,quantile,0.01,0
2026-09-26,1,wk inc rsv prop ed visits,2026-10-03,42,quantile,0.025,0
2026-09-26,1,wk inc rsv prop ed visits,2026-10-03,42,quantile,0.05,0
2026-09-26,1,wk inc rsv prop ed visits,2026-10-03,42,quantile,0.1,0
2026-09-26,1,wk inc rsv prop ed visits,2026-10-03,42,quantile,0.15,0
2026-09-26,1,wk inc rsv prop ed visits,2026-10-03,42,quantile,0.2,0
2026-09-26,1,wk inc rsv prop ed visits,2026-10-03,42,quantile,0.25,0
2026-09-26,1,wk inc rsv prop ed visits,2026-10-03,42,quantile,0.3,0
2026-09-26,1,wk inc rsv prop ed visits,2026-10-03,42,quantile,0.35,0
2026-09-26,1,wk inc rsv prop ed visits,2026-10-03,42,quantile,0.4,9.999999999999998e-5
2026-09-26,1,wk inc rsv prop ed visits,2026-10-03,42,quantile,0.45,1e-4
2026-09-26,1,wk inc rsv prop ed visits,2026-10-03,42,quantile,0.5,1e-4
2026-09-26,1,wk inc rsv prop ed visits,2026-10-03,42,quantile,0.55,1.9999999999999993e-4
2026-09-26,1,wk inc rsv prop ed visits,2026-10-03,42,quantile,0.6,2e-4
2026-09-26,1,wk inc rsv prop ed visits,2026-10-03,42,quantile,0.65,2.999999999999999e-4
2026-09-26,1,wk inc rsv prop ed visits,2026-10-03,42,quantile,0.7,3.999999999999999e-4
2026-09-26,1,wk inc rsv prop ed visits,2026-10-03,42,quantile,0.75,5.228059780597795e-4
2026-09-26,1,wk inc rsv prop ed visits,2026-10-03,42,quantile,0.8,7.000000000000003e-4
2026-09-26,1,wk inc rsv prop ed visits,2026-10-03,42,quantile,0.85,9.053995539955377e-4
2026-09-26,1,wk inc rsv prop ed visits,2026-10-03,42,quantile,0.9,0.0013
2026-09-26,1,wk inc rsv prop ed visits,2026-10-03,42,quantile,0.95,0.0022381711317113187
2026-09-26,1,wk inc rsv prop ed visits,2026-10-03,42,quantile,0.975,0.0028349586745867452
2026-09-26,1,wk inc rsv prop ed visits,2026-10-03,42,quantile,0.99,0.0033
2026-09-26,1,wk inc rsv prop ed visits,2026-10-03,44,quantile,0.01,0
2026-09-26,1,wk inc rsv prop ed visits,2026-10-03,44,quantile,0.025,0
2026-09-26,1,wk inc rsv prop ed visits,2026-10-03,44,quantile,0.05,0
2026-09-26,1,wk inc rsv prop ed visits,2026-10-03,44,quantile,0.1,0
2026-09-26,1,wk inc rsv prop ed visits,2026-10-03,44,quantile,0.15,0
2026-09-26,1,wk inc rsv prop ed visits,2026-10-03,44,quantile,0.2,0
2026-09-26,1,wk inc rsv prop ed visits,2026-10-03,44,quantile,0.25,0
2026-09-26,1,wk inc rsv prop ed visits,2026-10-03,44,quantile,0.3,0
2026-09-26,1,wk inc rsv prop ed visits,2026-10-03,44,quantile,0.35,9.999999999999988e-5
2026-09-26,1,wk inc rsv prop ed visits,2026-10-03,44,quantile,0.4,9.999999999999994e-5
2026-09-26,1,wk inc rsv prop ed visits,2026-10-03,44,quantile,0.45,1.9999999999999993e-4
2026-09-26,1,wk inc rsv prop ed visits,2026-10-03,44,quantile,0.5,2e-4
2026-09-26,1,wk inc rsv prop ed visits,2026-10-03,44,quantile,0.55,2.999999999999999e-4
2026-09-26,1,wk inc rsv prop ed visits,2026-10-03,44,quantile,0.6,3.9999999999999986e-4
2026-09-26,1,wk inc rsv prop ed visits,2026-10-03,44,quantile,0.65,4.999999999999998e-4
2026-09-26,1,wk inc rsv prop ed visits,2026-10-03,44,quantile,0.7,6e-4
2026-09-26,1,wk inc rsv prop ed visits,2026-10-03,44,quantile,0.75,7.999999999999997e-4
2026-09-26,1,wk inc rsv prop ed visits,2026-10-03,44,quantile,0.8,0.0010431730317303164
2026-09-26,1,wk inc rsv prop ed visits,2026-10-03,44,quantile,0.85,0.0015
2026-09-26,1,wk inc rsv prop ed visits,2026-10-03,44,quantile,0.9,0.0021000000000000003
2026-09-26,1,wk inc rsv prop ed visits,2026-10-03,44,quantile,0.95,0.0030000000000000005
2026-09-26,1,wk inc rsv prop ed visits,2026-10-03,44,quantile,0.975,0.00364327710777107
2026-09-26,1,wk inc rsv prop ed visits,2026-10-03,44,quantile,0.99,0.004175639666396662
2026-09-26,1,wk inc rsv prop ed visits,2026-10-03,45,quantile,0.01,0
2026-09-26,1,wk inc rsv prop ed visits,2026-10-03,45,quantile,0.025,0
2026-09-26,1,wk inc rsv prop ed visits,2026-10-03,45,quantile,0.05,0
2026-09-26,1,wk inc rsv prop ed visits,2026-10-03,45,quantile,0.1,0
2026-09-26,1,wk inc rsv prop ed visits,2026-10-03,45,quantile,0.15,0
2026-09-26,1,wk inc rsv prop ed visits,2026-10-03,45,quantile,0.2,0
2026-09-26,1,wk inc rsv prop ed visits,2026-10-03,45,quantile,0.25,9.999999999999988e-5
2026-09-26,1,wk inc rsv prop ed visits,2026-10-03,45,quantile,0.3,1.0000000000000059e-4
2026-09-26,1,wk inc rsv prop ed visits,2026-10-03,45,quantile,0.35,2.0000000000000006e-4
2026-09-26,1,wk inc rsv prop ed visits,2026-10-03,45,quantile,0.4,3.0000000000000003e-4
2026-09-26,1,wk inc rsv prop ed visits,2026-10-03,45,quantile,0.45,3.9999999999999937e-4
2026-09-26,1,wk inc rsv prop ed visits,2026-10-03,45,quantile,0.5,4e-4
2026-09-26,1,wk inc rsv prop ed visits,2026-10-03,45,quantile,0.55,5e-4
2026-09-26,1,wk inc rsv prop ed visits,2026-10-03,45,quantile,0.6,5.034998349983508e-4
2026-09-26,1,wk inc rsv prop ed visits,2026-10-03,45,quantile,0.65,6.000000000000001e-4
2026-09-26,1,wk inc rsv prop ed visits,2026-10-03,45,quantile,0.7,7.000000000000001e-4
2026-09-26,1,wk inc rsv prop ed visits,2026-10-03,45,quantile,0.75,8.914634146341457e-4
2026-09-26,1,wk inc rsv prop ed visits,2026-10-03,45,quantile,0.8,0.0010000000000000007
2026-09-26,1,wk inc rsv prop ed visits,2026-10-03,45,quantile,0.85,0.0013
2026-09-26,1,wk inc rsv prop ed visits,2026-10-03,45,quantile,0.9,0.0016661333613336125
2026-09-26,1,wk inc rsv prop ed visits,2026-10-03,45,quantile,0.95,0.0023474423244232347
2026-09-26,1,wk inc rsv prop ed visits,2026-10-03,45,quantile,0.975,0.0028043963689636893
2026-09-26,1,wk inc rsv prop ed visits,2026-10-03,45,quantile,0.99,0.0035631007710077113
2026-09-26,1,wk inc rsv prop ed visits,2026-10-03,46,quantile,0.01,0
2026-09-26,1,wk inc rsv prop ed visits,2026-10-03,46,quantile,0.025,0
2026-09-26,1,wk inc rsv prop ed visits,2026-10-03,46,quantile,0.05,0
2026-09-26,1,wk inc rsv prop ed visits,2026-10-03,46,quantile,0.1,0
2026-09-26,1,wk inc rsv prop ed visits,2026-10-03,46,quantile,0.15,0
2026-09-26,1,wk inc rsv prop ed visits,2026-10-03,46,quantile,0.2,0
2026-09-26,1,wk inc rsv prop ed visits,2026-10-03,46,quantile,0.25,0
2026-09-26,1,wk inc rsv prop ed visits,2026-10-03,46,quantile,0.3,0
2026-09-26,1,wk inc rsv prop ed visits,2026-10-03,46,quantile,0.35,0
2026-09-26,1,wk inc rsv prop ed visits,2026-10-03,46,quantile,0.4,0
2026-09-26,1,wk inc rsv prop ed visits,2026-10-03,46,quantile,0.45,0
2026-09-26,1,wk inc rsv prop ed visits,2026-10-03,46,quantile,0.5,0
2026-09-26,1,wk inc rsv prop ed visits,2026-10-03,46,quantile,0.55,3.7947076036992655e-19
2026-09-26,1,wk inc rsv prop ed visits,2026-10-03,46,quantile,0.6,1.7813758137581438e-4
2026-09-26,1,wk inc rsv prop ed visits,2026-10-03,46,quantile,0.65,3.0000000000000014e-4
2026-09-26,1,wk inc rsv prop ed visits,2026-10-03,46,quantile,0.7,5.000000000000001e-4
2026-09-26,1,wk inc rsv prop ed visits,2026-10-03,46,quantile,0.75,8.000000000000001e-4
2026-09-26,1,wk inc rsv prop ed visits,2026-10-03,46,quantile,0.8,0.0011227754277542894
2026-09-26,1,wk inc rsv prop ed visits,2026-10-03,46,quantile,0.85,0.0015999999999999994
2026-09-26,1,wk inc rsv prop ed visits,2026-10-03,46,quantile,0.9,0.002309941899418994
2026-09-26,1,wk inc rsv prop ed visits,2026-10-03,46,quantile,0.95,0.0033
2026-09-26,1,wk inc rsv prop ed visits,2026-10-03,46,quantile,0.975,0.00398776887768878
2026-09-26,1,wk inc rsv prop ed visits,2026-10-03,46,quantile,0.99,0.0047
2026-09-26,1,wk inc rsv prop ed visits,2026-10-03,47,quantile,0.01,0
2026-09-26,1,wk inc rsv prop ed visits,2026-10-03,47,quantile,0.025,0
2026-09-26,1,wk inc rsv prop ed visits,2026-10-03,47,quantile,0.05,0
2026-09-26,1,wk inc rsv prop ed visits,2026-10-03,47,quantile,0.1,0
2026-09-26,1,wk inc rsv prop ed visits,2026-10-03,47,quantile,0.15,0
2026-09-26,1,wk inc rsv prop ed visits,2026-10-03,47,quantile,0.2,0
2026-09-26,1,wk inc rsv prop ed visits,2026-10-03,47,quantile,0.25,9.917649176491759e-5
2026-09-26,1,wk inc rsv prop ed visits,2026-10-03,47,quantile,0.3,1.0000000000000026e-4
2026-09-26,1,wk inc rsv prop ed visits,2026-10-03,47,quantile,0.35,2.000000000000001e-4
2026-09-26,1,wk inc rsv prop ed visits,2026-10-03,47,quantile,0.4,3e-4
2026-09-26,1,wk inc rsv prop ed visits,2026-10-03,47,quantile,0.45,3.9999999999999986e-4
2026-09-26,1,wk inc rsv prop ed visits,2026-10-03,47,quantile,0.5,4e-4
2026-09-26,1,wk inc rsv prop ed visits,2026-10-03,47,quantile,0.55,5e-4
2026-09-26,1,wk inc rsv prop ed visits,2026-10-03,47,quantile,0.6,5.364877648776425e-4
2026-09-26,1,wk inc rsv prop ed visits,2026-10-03,47,quantile,0.65,6.000000000000003e-4
2026-09-26,1,wk inc rsv prop ed visits,2026-10-03,47,quantile,0.7,7.579240792407861e-4
2026-09-26,1,wk inc rsv prop ed visits,2026-10-03,47,quantile,0.75,9.000000000000002e-4
2026-09-26,1,wk inc rsv prop ed visits,2026-10-03,47,quantile,0.8,0.0011000000000000007
2026-09-26,1,wk inc rsv prop ed visits,2026-10-03,47,quantile,0.85,0.0014999999999999996
2026-09-26,1,wk inc rsv prop ed visits,2026-10-03,47,quantile,0.9,0.0019299059990599895
2026-09-26,1,wk inc rsv prop ed visits,2026-10-03,47,quantile,0.95,0.0024999999999999996
2026-09-26,1,wk inc rsv prop ed visits,2026-10-03,47,quantile,0.975,0.0030523618236182413
2026-09-26,1,wk inc rsv prop ed visits,2026-10-03,47,quantile,0.99,0.003734198741987404
2026-09-26,1,wk inc rsv prop ed visits,2026-10-03,48,quantile,0.01,0
2026-09-26,1,wk inc rsv prop ed visits,2026-10-03,48,quantile,0.025,0
2026-09-26,1,wk inc rsv prop ed visits,2026-10-03,48,quantile,0.05,0
2026-09-26,1,wk inc rsv prop ed visits,2026-10-03,48,quantile,0.1,0
2026-09-26,1,wk inc rsv prop ed visits,2026-10-03,48,quantile,0.15,0
2026-09-26,1,wk inc rsv prop ed visits,2026-10-03,48,quantile,0.2,9.999999999999958e-5
2026-09-26,1,wk inc rsv prop ed visits,2026-10-03,48,quantile,0.25,1.9999999999999993e-4
2026-09-26,1,wk inc rsv prop ed visits,2026-10-03,48,quantile,0.3,3.0000000000000095e-4
2026-09-26,1,wk inc rsv prop ed visits,2026-10-03,48,quantile,0.35,4.000000000000001e-4
2026-09-26,1,wk inc rsv prop ed visits,2026-10-03,48,quantile,0.4,4.999999999999999e-4
2026-09-26,1,wk inc rsv prop ed visits,2026-10-03,48,quantile,0.45,5.999999999999996e-4
2026-09-26,1,wk inc rsv prop ed visits,2026-10-03,48,quantile,0.5,6e-4
2026-09-26,1,wk inc rsv prop ed visits,2026-10-03,48,quantile,0.55,6.999999999999998e-4
2026-09-26,1,wk inc rsv prop ed visits,2026-10-03,48,quantile,0.6,7e-4
2026-09-26,1,wk inc rsv prop ed visits,2026-10-03,48,quantile,0.65,7.999999999999999e-4
2026-09-26,1,wk inc rsv prop ed visits,2026-10-03,48,quantile,0.7,9e-4
2026-09-26,1,wk inc rsv prop ed visits,2026-10-03,48,quantile,0.75,0.0010999999999999998
2026-09-26,1,wk inc rsv prop ed visits,2026-10-03,48,quantile,0.8,0.0013000000000000002
2026-09-26,1,wk inc rsv prop ed visits,2026-10-03,48,quantile,0.85,0.001602640676406762
2026-09-26,1,wk inc rsv prop ed visits,2026-10-03,48,quantile,0.9,0.002053892738927387
2026-09-26,1,wk inc rsv prop ed visits,2026-10-03,48,quantile,0.95,0.002700000000000001
2026-09-26,1,wk inc rsv prop ed visits,2026-10-03,48,quantile,0.975,0.0033
2026-09-26,1,wk inc rsv prop ed visits,2026-10-03,48,quantile,0.99,0.003880499414994142
2026-09-26,1,wk inc rsv prop ed visits,2026-10-03,49,quantile,0.01,0
2026-09-26,1,wk inc rsv prop ed visits,2026-10-03,49,quantile,0.025,0
2026-09-26,1,wk inc rsv prop ed visits,2026-10-03,49,quantile,0.05,0
2026-09-26,1,wk inc rsv prop ed visits,2026-10-03,49,quantile,0.1,0
2026-09-26,1,wk inc rsv prop ed visits,2026-10-03,49,quantile,0.15,0
2026-09-26,1,wk inc rsv prop ed visits,2026-10-03,49,quantile,0.2,0
2026-09-26,1,wk inc rsv prop ed visits,2026-10-03,49,quantile,0.25,0
2026-09-26,1,wk inc rsv prop ed visits,2026-10-03,49,quantile,0.3,0
2026-09-26,1,wk inc rsv prop ed visits,2026-10-03,49,quantile,0.35,0
2026-09-26,1,wk inc rsv prop ed visits,2026-10-03,49,quantile,0.4,0
2026-09-26,1,wk inc rsv prop ed visits,2026-10-03,49,quantile,0.45,0
2026-09-26,1,wk inc rsv prop ed visits,2026-10-03,49,quantile,0.5,0
2026-09-26,1,wk inc rsv prop ed visits,2026-10-03,49,quantile,0.55,1.4907779871675686e-19
2026-09-26,1,wk inc rsv prop ed visits,2026-10-03,49,quantile,0.6,1e-4
2026-09-26,1,wk inc rsv prop ed visits,2026-10-03,49,quantile,0.65,2.0000000000000004e-4
2026-09-26,1,wk inc rsv prop ed visits,2026-10-03,49,quantile,0.7,3.999999999999998e-4
2026-09-26,1,wk inc rsv prop ed visits,2026-10-03,49,quantile,0.75,6.000000000000006e-4
2026-09-26,1,wk inc rsv prop ed visits,2026-10-03,49,quantile,0.8,9.999999999999976e-4
2026-09-26,1,wk inc rsv prop ed visits,2026-10-03,49,quantile,0.85,0.0014999999999999996
2026-09-26,1,wk inc rsv prop ed visits,2026-10-03,49,quantile,0.9,0.0022824456244562503
2026-09-26,1,wk inc rsv prop ed visits,2026-10-03,49,quantile,0.95,0.0035000000000000005
2026-09-26,1,wk inc rsv prop ed visits,2026-10-03,49,quantile,0.975,0.004920720957209552
2026-09-26,1,wk inc rsv prop ed visits,2026-10-03,49,quantile,0.99,0.0067871106611066155
2026-09-26,1,wk inc rsv prop ed visits,2026-10-03,50,quantile,0.01,0
2026-09-26,1,wk inc rsv prop ed visits,2026-10-03,50,quantile,0.025,0
2026-09-26,1,wk inc rsv prop ed visits,2026-10-03,50,quantile,0.05,0
2026-09-26,1,wk inc rsv prop ed visits,2026-10-03,50,quantile,0.1,0
2026-09-26,1,wk inc rsv prop ed visits,2026-10-03,50,quantile,0.15,0
2026-09-26,1,wk inc rsv prop ed visits,2026-10-03,50,quantile,0.2,0
2026-09-26,1,wk inc rsv prop ed visits,2026-10-03,50,quantile,0.25,0
2026-09-26,1,wk inc rsv prop ed visits,2026-10-03,50,quantile,0.3,0
2026-09-26,1,wk inc rsv prop ed visits,2026-10-03,50,quantile,0.35,0
2026-09-26,1,wk inc rsv prop ed visits,2026-10-03,50,quantile,0.4,0
2026-09-26,1,wk inc rsv prop ed visits,2026-10-03,50,quantile,0.45,0
2026-09-26,1,wk inc rsv prop ed visits,2026-10-03,50,quantile,0.5,0
2026-09-26,1,wk inc rsv prop ed visits,2026-10-03,50,quantile,0.55,9.999999999999996e-5
2026-09-26,1,wk inc rsv prop ed visits,2026-10-03,50,quantile,0.6,2e-4
2026-09-26,1,wk inc rsv prop ed visits,2026-10-03,50,quantile,0.65,3.000000000000008e-4
2026-09-26,1,wk inc rsv prop ed visits,2026-10-03,50,quantile,0.7,5.999999999999997e-4
2026-09-26,1,wk inc rsv prop ed visits,2026-10-03,50,quantile,0.75,8e-4
2026-09-26,1,wk inc rsv prop ed visits,2026-10-03,50,quantile,0.8,0.0011986091860918615
2026-09-26,1,wk inc rsv prop ed visits,2026-10-03,50,quantile,0.85,0.0016000000000000003
2026-09-26,1,wk inc rsv prop ed visits,2026-10-03,50,quantile,0.9,0.0026000000000000003
2026-09-26,1,wk inc rsv prop ed visits,2026-10-03,50,quantile,0.95,0.004000000000000001
2026-09-26,1,wk inc rsv prop ed visits,2026-10-03,50,quantile,0.975,0.005129113266132673
2026-09-26,1,wk inc rsv prop ed visits,2026-10-03,50,quantile,0.99,0.006589899288992898
2026-09-26,1,wk inc rsv prop ed visits,2026-10-03,51,quantile,0.01,0
2026-09-26,1,wk inc rsv prop ed visits,2026-10-03,51,quantile,0.025,0
2026-09-26,1,wk inc rsv prop ed visits,2026-10-03,51,quantile,0.05,0
2026-09-26,1,wk inc rsv prop ed visits,2026-10-03,51,quantile,0.1,0
2026-09-26,1,wk inc rsv prop ed visits,2026-10-03,51,quantile,0.15,0
2026-09-26,1,wk inc rsv prop ed visits,2026-10-03,51,quantile,0.2,0
2026-09-26,1,wk inc rsv prop ed visits,2026-10-03,51,quantile,0.25,0
2026-09-26,1,wk inc rsv prop ed visits,2026-10-03,51,quantile,0.3,5.421010862427522e-20
2026-09-26,1,wk inc rsv prop ed visits,2026-10-03,51,quantile,0.35,9.999999999999998e-5
2026-09-26,1,wk inc rsv prop ed visits,2026-10-03,51,quantile,0.4,1.0000000000000005e-4
2026-09-26,1,wk inc rsv prop ed visits,2026-10-03,51,quantile,0.45,2e-4
2026-09-26,1,wk inc rsv prop ed visits,2026-10-03,51,quantile,0.5,2e-4
2026-09-26,1,wk inc rsv prop ed visits,2026-10-03,51,quantile,0.55,3e-4
2026-09-26,1,wk inc rsv prop ed visits,2026-10-03,51,quantile,0.6,3.0000000000000003e-4
2026-09-26,1,wk inc rsv prop ed visits,2026-10-03,51,quantile,0.65,4e-4
2026-09-26,1,wk inc rsv prop ed visits,2026-10-03,51,quantile,0.7,5e-4
2026-09-26,1,wk inc rsv prop ed visits,2026-10-03,51,quantile,0.75,6.000000000000002e-4
2026-09-26,1,wk inc rsv prop ed visits,2026-10-03,51,quantile,0.8,8e-4
2026-09-26,1,wk inc rsv prop ed visits,2026-10-03,51,quantile,0.85,0.0010000000000000002
2026-09-26,1,wk inc rsv prop ed visits,2026-10-03,51,quantile,0.9,0.0013
2026-09-26,1,wk inc rsv prop ed visits,2026-10-03,51,quantile,0.95,0.0017738564385643856
2026-09-26,1,wk inc rsv prop ed visits,2026-10-03,51,quantile,0.975,0.0022602682526825205
2026-09-26,1,wk inc rsv prop ed visits,2026-10-03,51,quantile,0.99,0.002747658606586065
2026-09-26,1,wk inc rsv prop ed visits,2026-10-03,53,quantile,0.01,0
2026-09-26,1,wk inc rsv prop ed visits,2026-10-03,53,quantile,0.025,0
2026-09-26,1,wk inc rsv prop ed visits,2026-10-03,53,quantile,0.05,0
2026-09-26,1,wk inc rsv prop ed visits,2026-10-03,53,quantile,0.1,0
2026-09-26,1,wk inc rsv prop ed visits,2026-10-03,53,quantile,0.15,0
2026-09-26,1,wk inc rsv prop ed visits,2026-10-03,53,quantile,0.2,0
2026-09-26,1,wk inc rsv prop ed visits,2026-10-03,53,quantile,0.25,0
2026-09-26,1,wk inc rsv prop ed visits,2026-10-03,53,quantile,0.3,0
2026-09-26,1,wk inc rsv prop ed visits,2026-10-03,53,quantile,0.35,0
2026-09-26,1,wk inc rsv prop ed visits,2026-10-03,53,quantile,0.4,9.999999999999982e-5
2026-09-26,1,wk inc rsv prop ed visits,2026-10-03,53,quantile,0.45,9.999999999999986e-5
2026-09-26,1,wk inc rsv prop ed visits,2026-10-03,53,quantile,0.5,1e-4
2026-09-26,1,wk inc rsv prop ed visits,2026-10-03,53,quantile,0.55,1.9999999999999987e-4
2026-09-26,1,wk inc rsv prop ed visits,2026-10-03,53,quantile,0.6,2.999999999999997e-4
2026-09-26,1,wk inc rsv prop ed visits,2026-10-03,53,quantile,0.65,3.999999999999997e-4
2026-09-26,1,wk inc rsv prop ed visits,2026-10-03,53,quantile,0.7,5.000000000000001e-4
2026-09-26,1,wk inc rsv prop ed visits,2026-10-03,53,quantile,0.75,6.999999999999999e-4
2026-09-26,1,wk inc rsv prop ed visits,2026-10-03,53,quantile,0.8,9.999999999999996e-4
2026-09-26,1,wk inc rsv prop ed visits,2026-10-03,53,quantile,0.85,0.0012999999999999995
2026-09-26,1,wk inc rsv prop ed visits,2026-10-03,53,quantile,0.9,0.0016999999999999995
2026-09-26,1,wk inc rsv prop ed visits,2026-10-03,53,quantile,0.95,0.0028999999999999994
2026-09-26,1,wk inc rsv prop ed visits,2026-10-03,53,quantile,0.975,0.004271168036680327
2026-09-26,1,wk inc rsv prop ed visits,2026-10-03,53,quantile,0.99,0.00549771366713669
2026-09-26,1,wk inc rsv prop ed visits,2026-10-03,54,quantile,0.01,0
2026-09-26,1,wk inc rsv prop ed visits,2026-10-03,54,quantile,0.025,0
2026-09-26,1,wk inc rsv prop ed visits,2026-10-03,54,quantile,0.05,0
2026-09-26,1,wk inc rsv prop ed visits,2026-10-03,54,quantile,0.1,0
2026-09-26,1,wk inc rsv prop ed visits,2026-10-03,54,quantile,0.15,0
2026-09-26,1,wk inc rsv prop ed visits,2026-10-03,54,quantile,0.2,0
2026-09-26,1,wk inc rsv prop ed visits,2026-10-03,54,quantile,0.25,0
2026-09-26,1,wk inc rsv prop ed visits,2026-10-03,54,quantile,0.3,0
2026-09-26,1,wk inc rsv prop ed visits,2026-10-03,54,quantile,0.35,0
2026-09-26,1,wk inc rsv prop ed visits,2026-10-03,54,quantile,0.4,5.421010862427522e-20
2026-09-26,1,wk inc rsv prop ed visits,2026-10-03,54,quantile,0.45,1.0000000000000005e-4
2026-09-26,1,wk inc rsv prop ed visits,2026-10-03,54,quantile,0.5,2e-4
2026-09-26,1,wk inc rsv prop ed visits,2026-10-03,54,quantile,0.55,3.0000000000000003e-4
2026-09-26,1,wk inc rsv prop ed visits,2026-10-03,54,quantile,0.6,4.000000000000001e-4
2026-09-26,1,wk inc rsv prop ed visits,2026-10-03,54,quantile,0.65,6e-4
2026-09-26,1,wk inc rsv prop ed visits,2026-10-03,54,quantile,0.7,8.766725667256627e-4
2026-09-26,1,wk inc rsv prop ed visits,2026-10-03,54,quantile,0.75,0.0012675651756517588
2026-09-26,1,wk inc rsv prop ed visits,2026-10-03,54,quantile,0.8,0.0018140887408874106
2026-09-26,1,wk inc rsv prop ed visits,2026-10-03,54,quantile,0.85,0.0025
2026-09-26,1,wk inc rsv prop ed visits,2026-10-03,54,quantile,0.9,0.003228656386563864
2026-09-26,1,wk inc rsv prop ed visits,2026-10-03,54,quantile,0.95,0.004748030030300301
2026-09-26,1,wk inc rsv prop ed visits,2026-10-03,54,quantile,0.975,0.0066365343653436455
2026-09-26,1,wk inc rsv prop ed visits,2026-10-03,54,quantile,0.99,0.007949670626706264
2026-09-26,1,wk inc rsv prop ed visits,2026-10-03,55,quantile,0.01,0
2026-09-26,1,wk inc rsv prop ed visits,2026-10-03,55,quantile,0.025,0
2026-09-26,1,wk inc rsv prop ed visits,2026-10-03,55,quantile,0.05,0
2026-09-26,1,wk inc rsv prop ed visits,2026-10-03,55,quantile,0.1,0
2026-09-26,1,wk inc rsv prop ed visits,2026-10-03,55,quantile,0.15,0
2026-09-26,1,wk inc rsv prop ed visits,2026-10-03,55,quantile,0.2,0
2026-09-26,1,wk inc rsv prop ed visits,2026-10-03,55,quantile,0.25,0
2026-09-26,1,wk inc rsv prop ed visits,2026-10-03,55,quantile,0.3,0
2026-09-26,1,wk inc rsv prop ed visits,2026-10-03,55,quantile,0.35,0
2026-09-26,1,wk inc rsv prop ed visits,2026-10-03,55,quantile,0.4,9.999999999999996e-5
2026-09-26,1,wk inc rsv prop ed visits,2026-10-03,55,quantile,0.45,1e-4
2026-09-26,1,wk inc rsv prop ed visits,2026-10-03,55,quantile,0.5,1e-4
2026-09-26,1,wk inc rsv prop ed visits,2026-10-03,55,quantile,0.55,2e-4
2026-09-26,1,wk inc rsv prop ed visits,2026-10-03,55,quantile,0.6,2.3700737007370046e-4
2026-09-26,1,wk inc rsv prop ed visits,2026-10-03,55,quantile,0.65,3.9999999999999975e-4
2026-09-26,1,wk inc rsv prop ed visits,2026-10-03,55,quantile,0.7,5.000000000000002e-4
2026-09-26,1,wk inc rsv prop ed visits,2026-10-03,55,quantile,0.75,7.000000000000001e-4
2026-09-26,1,wk inc rsv prop ed visits,2026-10-03,55,quantile,0.8,9.000000000000004e-4
2026-09-26,1,wk inc rsv prop ed visits,2026-10-03,55,quantile,0.85,0.0012000000000000014
2026-09-26,1,wk inc rsv prop ed visits,2026-10-03,55,quantile,0.9,0.0017000000000000008
2026-09-26,1,wk inc rsv prop ed visits,2026-10-03,55,quantile,0.95,0.00243771837718377
2026-09-26,1,wk inc rsv prop ed visits,2026-10-03,55,quantile,0.975,0.0028662926629266284
2026-09-26,1,wk inc rsv prop ed visits,2026-10-03,55,quantile,0.99,0.0034376410064100612
2026-09-26,1,wk inc rsv prop ed visits,2026-10-03,56,quantile,0.01,0
2026-09-26,1,wk inc rsv prop ed visits,2026-10-03,56,quantile,0.025,0
2026-09-26,1,wk inc rsv prop ed visits,2026-10-03,56,quantile,0.05,0
2026-09-26,1,wk inc rsv prop ed visits,2026-10-03,56,quantile,0.1,0
2026-09-26,1,wk inc rsv prop ed visits,2026-10-03,56,quantile,0.15,0
2026-09-26,1,wk inc rsv prop ed visits,2026-10-03,56,quantile,0.2,0
2026-09-26,1,wk inc rsv prop ed visits,2026-10-03,56,quantile,0.25,3e-4
2026-09-26,1,wk inc rsv prop ed visits,2026-10-03,56,quantile,0.3,5.999999999999998e-4
2026-09-26,1,wk inc rsv prop ed visits,2026-10-03,56,quantile,0.35,8.000000000000006e-4
2026-09-26,1,wk inc rsv prop ed visits,2026-10-03,56,quantile,0.4,9.000000000000003e-4
2026-09-26,1,wk inc rsv prop ed visits,2026-10-03,56,quantile,0.45,0.0012
2026-09-26,1,wk inc rsv prop ed visits,2026-10-03,56,quantile,0.5,0.0012
2026-09-26,1,wk inc rsv prop ed visits,2026-10-03,56,quantile,0.55,0.0013
2026-09-26,1,wk inc rsv prop ed visits,2026-10-03,56,quantile,0.6,0.0014999999999999998
2026-09-26,1,wk inc rsv prop ed visits,2026-10-03,56,quantile,0.65,0.0016999999999999997
2026-09-26,1,wk inc rsv prop ed visits,2026-10-03,56,quantile,0.7,0.0019230460304603013
2026-09-26,1,wk inc rsv prop ed visits,2026-10-03,56,quantile,0.75,0.002334933849338491
2026-09-26,1,wk inc rsv prop ed visits,2026-10-03,56,quantile,0.8,0.0028250268502685093
2026-09-26,1,wk inc rsv prop ed visits,2026-10-03,56,quantile,0.85,0.0034999999999999996
2026-09-26,1,wk inc rsv prop ed visits,2026-10-03,56,quantile,0.9,0.004425562855628564
2026-09-26,1,wk inc rsv prop ed visits,2026-10-03,56,quantile,0.95,0.00614846973469734
2026-09-26,1,wk inc rsv prop ed visits,2026-10-03,56,quantile,0.975,0.00797239669896698
2026-09-26,1,wk inc rsv prop ed visits,2026-10-03,56,quantile,0.99,0.009931698306983037
2026-09-26,1,wk inc rsv prop ed visits,2026-10-03,US,quantile,0.01,0
2026-09-26,1,wk inc rsv prop ed visits,2026-10-03,US,quantile,0.025,0
2026-09-26,1,wk inc rsv prop ed visits,2026-10-03,US,quantile,0.05,0
2026-09-26,1,wk inc rsv prop ed visits,2026-10-03,US,quantile,0.1,0
2026-09-26,1,wk inc rsv prop ed visits,2026-10-03,US,quantile,0.15,0
2026-09-26,1,wk inc rsv prop ed visits,2026-10-03,US,quantile,0.2,0
2026-09-26,1,wk inc rsv prop ed visits,2026-10-03,US,quantile,0.25,0
2026-09-26,1,wk inc rsv prop ed visits,2026-10-03,US,quantile,0.3,9.999999999999988e-5
2026-09-26,1,wk inc rsv prop ed visits,2026-10-03,US,quantile,0.35,1.9999999999999968e-4
2026-09-26,1,wk inc rsv prop ed visits,2026-10-03,US,quantile,0.4,2.0000000000000004e-4
2026-09-26,1,wk inc rsv prop ed visits,2026-10-03,US,quantile,0.45,3e-4
2026-09-26,1,wk inc rsv prop ed visits,2026-10-03,US,quantile,0.5,3e-4
2026-09-26,1,wk inc rsv prop ed visits,2026-10-03,US,quantile,0.55,3.999999999999998e-4
2026-09-26,1,wk inc rsv prop ed visits,2026-10-03,US,quantile,0.6,4e-4
2026-09-26,1,wk inc rsv prop ed visits,2026-10-03,US,quantile,0.65,5e-4
2026-09-26,1,wk inc rsv prop ed visits,2026-10-03,US,quantile,0.7,5.999999999999998e-4
2026-09-26,1,wk inc rsv prop ed visits,2026-10-03,US,quantile,0.75,7e-4
2026-09-26,1,wk inc rsv prop ed visits,2026-10-03,US,quantile,0.8,8.837202372023715e-4
2026-09-26,1,wk inc rsv prop ed visits,2026-10-03,US,quantile,0.85,0.0010000000000000013
2026-09-26,1,wk inc rsv prop ed visits,2026-10-03,US,quantile,0.9,0.0013
2026-09-26,1,wk inc rsv prop ed visits,2026-10-03,US,quantile,0.95,0.0017991450914509144
2026-09-26,1,wk inc rsv prop ed visits,2026-10-03,US,quantile,0.975,0.0021000000000000003
2026-09-26,1,wk inc rsv prop ed visits,2026-10-03,US,quantile,0.99,0.002680818478184794
2026-09-26,2,wk inc rsv prop ed visits,2026-10-10,01,quantile,0.01,0
2026-09-26,2,wk inc rsv prop ed visits,2026-10-10,01,quantile,0.025,0
2026-09-26,2,wk inc rsv prop ed visits,2026-10-10,01,quantile,0.05,0
2026-09-26,2,wk inc rsv prop ed visits,2026-10-10,01,quantile,0.1,0
2026-09-26,2,wk inc rsv prop ed visits,2026-10-10,01,quantile,0.15,0
2026-09-26,2,wk inc rsv prop ed visits,2026-10-10,01,quantile,0.2,0
2026-09-26,2,wk inc rsv prop ed visits,2026-10-10,01,quantile,0.25,9.999999999999912e-5
2026-09-26,2,wk inc rsv prop ed visits,2026-10-10,01,quantile,0.3,1.9999999999999982e-4
2026-09-26,2,wk inc rsv prop ed visits,2026-10-10,01,quantile,0.35,2.999999999999999e-4
2026-09-26,2,wk inc rsv prop ed visits,2026-10-10,01,quantile,0.4,3.9999999999999996e-4
2026-09-26,2,wk inc rsv prop ed visits,2026-10-10,01,quantile,0.45,4.999999999999999e-4
2026-09-26,2,wk inc rsv prop ed visits,2026-10-10,01,quantile,0.5,6e-4
2026-09-26,2,wk inc rsv prop ed visits,2026-10-10,01,quantile,0.55,7e-4
2026-09-26,2,wk inc rsv prop ed visits,2026-10-10,01,quantile,0.6,8e-4
2026-09-26,2,wk inc rsv prop ed visits,2026-10-10,01,quantile,0.65,9.391875418754187e-4
2026-09-26,2,wk inc rsv prop ed visits,2026-10-10,01,quantile,0.7,0.0010999999999999998
2026-09-26,2,wk inc rsv prop ed visits,2026-10-10,01,quantile,0.75,0.0012999999999999995
2026-09-26,2,wk inc rsv prop ed visits,2026-10-10,01,quantile,0.8,0.0015221360213602143
2026-09-26,2,wk inc rsv prop ed visits,2026-10-10,01,quantile,0.85,0.0018999999999999993
2026-09-26,2,wk inc rsv prop ed visits,2026-10-10,01,quantile,0.9,0.0023829346293462927
2026-09-26,2,wk inc rsv prop ed visits,2026-10-10,01,quantile,0.95,0.003149910299102984
2026-09-26,2,wk inc rsv prop ed visits,2026-10-10,01,quantile,0.975,0.0037953709537095312
2026-09-26,2,wk inc rsv prop ed visits,2026-10-10,01,quantile,0.99,0.004474575935759336
2026-09-26,2,wk inc rsv prop ed visits,2026-10-10,02,quantile,0.01,0
2026-09-26,2,wk inc rsv prop ed visits,2026-10-10,02,quantile,0.025,0
2026-09-26,2,wk inc rsv prop ed visits,2026-10-10,02,quantile,0.05,0
2026-09-26,2,wk inc rsv prop ed visits,2026-10-10,02,quantile,0.1,0
2026-09-26,2,wk inc rsv prop ed visits,2026-10-10,02,quantile,0.15,0
2026-09-26,2,wk inc rsv prop ed visits,2026-10-10,02,quantile,0.2,0
2026-09-26,2,wk inc rsv prop ed visits,2026-10-10,02,quantile,0.25,0
2026-09-26,2,wk inc rsv prop ed visits,2026-10-10,02,quantile,0.3,0
2026-09-26,2,wk inc rsv prop ed visits,2026-10-10,02,quantile,0.35,0
2026-09-26,2,wk inc rsv prop ed visits,2026-10-10,02,quantile,0.4,0
2026-09-26,2,wk inc rsv prop ed visits,2026-10-10,02,quantile,0.45,0
2026-09-26,2,wk inc rsv prop ed visits,2026-10-10,02,quantile,0.5,2.2500225002581404e-8
2026-09-26,2,wk inc rsv prop ed visits,2026-10-10,02,quantile,0.55,2.1007610076100714e-4
2026-09-26,2,wk inc rsv prop ed visits,2026-10-10,02,quantile,0.6,4.1007610076100766e-4
2026-09-26,2,wk inc rsv prop ed visits,2026-10-10,02,quantile,0.65,7.100761007610095e-4
2026-09-26,2,wk inc rsv prop ed visits,2026-10-10,02,quantile,0.7,0.0011100761007610093
2026-09-26,2,wk inc rsv prop ed visits,2026-10-10,02,quantile,0.75,0.0016292070420704185
2026-09-26,2,wk inc rsv prop ed visits,2026-10-10,02,quantile,0.8,0.0022100761007610085
2026-09-26,2,wk inc rsv prop ed visits,2026-10-10,02,quantile,0.85,0.0029100761007610073
2026-09-26,2,wk inc rsv prop ed visits,2026-10-10,02,quantile,0.9,0.003710076100761007
2026-09-26,2,wk inc rsv prop ed visits,2026-10-10,02,quantile,0.95,0.005003315933159329
2026-09-26,2,wk inc rsv prop ed visits,2026-10-10,02,quantile,0.975,0.006114394018940156
2026-09-26,2,wk inc rsv prop ed visits,2026-10-10,02,quantile,0.99,0.0074407621676216736
2026-09-26,2,wk inc rsv prop ed visits,2026-10-10,04,quantile,0.01,0
2026-09-26,2,wk inc rsv prop ed visits,2026-10-10,04,quantile,0.025,0
2026-09-26,2,wk inc rsv prop ed visits,2026-10-10,04,quantile,0.05,0
2026-09-26,2,wk inc rsv prop ed visits,2026-10-10,04,quantile,0.1,0
2026-09-26,2,wk inc rsv prop ed visits,2026-10-10,04,quantile,0.15,0
2026-09-26,2,wk inc rsv prop ed visits,2026-10-10,04,quantile,0.2,0
2026-09-26,2,wk inc rsv prop ed visits,2026-10-10,04,quantile,0.25,0
2026-09-26,2,wk inc rsv prop ed visits,2026-10-10,04,quantile,0.3,0
2026-09-26,2,wk inc rsv prop ed visits,2026-10-10,04,quantile,0.35,0
2026-09-26,2,wk inc rsv prop ed visits,2026-10-10,04,quantile,0.4,0
2026-09-26,2,wk inc rsv prop ed visits,2026-10-10,04,quantile,0.45,9.999999999999908e-5
2026-09-26,2,wk inc rsv prop ed visits,2026-10-10,04,quantile,0.5,1e-4
2026-09-26,2,wk inc rsv prop ed visits,2026-10-10,04,quantile,0.55,1.999999999999991e-4
2026-09-26,2,wk inc rsv prop ed visits,2026-10-10,04,quantile,0.6,2.99999999999999e-4
2026-09-26,2,wk inc rsv prop ed visits,2026-10-10,04,quantile,0.65,3.99999999999999e-4
2026-09-26,2,wk inc rsv prop ed visits,2026-10-10,04,quantile,0.7,4.999999999999991e-4
2026-09-26,2,wk inc rsv prop ed visits,2026-10-10,04,quantile,0.75,6.000000000000001e-4
2026-09-26,2,wk inc rsv prop ed visits,2026-10-10,04,quantile,0.8,8.509001090010946e-4
2026-09-26,2,wk inc rsv prop ed visits,2026-10-10,04,quantile,0.85,0.0010999999999999992
2026-09-26,2,wk inc rsv prop ed visits,2026-10-10,04,quantile,0.9,0.0014999999999999979
2026-09-26,2,wk inc rsv prop ed visits,2026-10-10,04,quantile,0.95,0.0020943632936329336
2026-09-26,2,wk inc rsv prop ed visits,2026-10-10,04,quantile,0.975,0.0027783615836158367
2026-09-26,2,wk inc rsv prop ed visits,2026-10-10,04,quantile,0.99,0.0034822723627236205
2026-09-26,2,wk inc rsv prop ed visits,2026-10-10,05,quantile,0.01,0
2026-09-26,2,wk inc rsv prop ed visits,2026-10-10,05,quantile,0.025,0
2026-09-26,2,wk inc rsv prop ed visits,2026-10-10,05,quantile,0.05,0
2026-09-26,2,wk inc rsv prop ed visits,2026-10-10,05,quantile,0.1,0
2026-09-26,2,wk inc rsv prop ed visits,2026-10-10,05,quantile,0.15,0
2026-09-26,2,wk inc rsv prop ed visits,2026-10-10,05,quantile,0.2,0
2026-09-26,2,wk inc rsv prop ed visits,2026-10-10,05,quantile,0.25,0
2026-09-26,2,wk inc rsv prop ed visits,2026-10-10,05,quantile,0.3,0
2026-09-26,2,wk inc rsv prop ed visits,2026-10-10,05,quantile,0.35,9.486769009248164e-20
2026-09-26,2,wk inc rsv prop ed visits,2026-10-10,05,quantile,0.4,1.0000000000000021e-4
2026-09-26,2,wk inc rsv prop ed visits,2026-10-10,05,quantile,0.45,2.2219142191421602e-4
2026-09-26,2,wk inc rsv prop ed visits,2026-10-10,05,quantile,0.5,4e-4
2026-09-26,2,wk inc rsv prop ed visits,2026-10-10,05,quantile,0.55,5.000000000000002e-4
2026-09-26,2,wk inc rsv prop ed visits,2026-10-10,05,quantile,0.6,6.999999999999997e-4
2026-09-26,2,wk inc rsv prop ed visits,2026-10-10,05,quantile,0.65,8.999999999999995e-4
2026-09-26,2,wk inc rsv prop ed visits,2026-10-10,05,quantile,0.7,0.001100000000000001
2026-09-26,2,wk inc rsv prop ed visits,2026-10-10,05,quantile,0.75,0.001493029930299301
2026-09-26,2,wk inc rsv prop ed visits,2026-10-10,05,quantile,0.8,0.0019291922919229241
2026-09-26,2,wk inc rsv prop ed visits,2026-10-10,05,quantile,0.85,0.0025999489994900033
2026-09-26,2,wk inc rsv prop ed visits,2026-10-10,05,quantile,0.9,0.003350643206432065
2026-09-26,2,wk inc rsv prop ed visits,2026-10-10,05,quantile,0.95,0.004701186011860118
2026-09-26,2,wk inc rsv prop ed visits,2026-10-10,05,quantile,0.975,0.00592748477484775
2026-09-26,2,wk inc rsv prop ed visits,2026-10-10,05,quantile,0.99,0.006928560995609952
2026-09-26,2,wk inc rsv prop ed visits,2026-10-10,06,quantile,0.01,0
2026-09-26,2,wk inc rsv prop ed visits,2026-10-10,06,quantile,0.025,0
2026-09-26,2,wk inc rsv prop ed visits,2026-10-10,06,quantile,0.05,0
2026-09-26,2,wk inc rsv prop ed visits,2026-10-10,06,quantile,0.1,0
2026-09-26,2,wk inc rsv prop ed visits,2026-10-10,06,quantile,0.15,0
2026-09-26,2,wk inc rsv prop ed visits,2026-10-10,06,quantile,0.2,0
2026-09-26,2,wk inc rsv prop ed visits,2026-10-10,06,quantile,0.25,0
2026-09-26,2,wk inc rsv prop ed visits,2026-10-10,06,quantile,0.3,0
2026-09-26,2,wk inc rsv prop ed visits,2026-10-10,06,quantile,0.35,6.626416264162326e-5
2026-09-26,2,wk inc rsv prop ed visits,2026-10-10,06,quantile,0.4,9.999999999999995e-5
2026-09-26,2,wk inc rsv prop ed visits,2026-10-10,06,quantile,0.45,1.999999999999999e-4
2026-09-26,2,wk inc rsv prop ed visits,2026-10-10,06,quantile,0.5,2e-4
2026-09-26,2,wk inc rsv prop ed visits,2026-10-10,06,quantile,0.55,2.999999999999999e-4
2026-09-26,2,wk inc rsv prop ed visits,2026-10-10,06,quantile,0.6,3.9999999999999975e-4
2026-09-26,2,wk inc rsv prop ed visits,2026-10-10,06,quantile,0.65,4.999999999999997e-4
2026-09-26,2,wk inc rsv prop ed visits,2026-10-10,06,quantile,0.7,6e-4
2026-09-26,2,wk inc rsv prop ed visits,2026-10-10,06,quantile,0.75,7.458962089620876e-4
2026-09-26,2,wk inc rsv prop ed visits,2026-10-10,06,quantile,0.8,9e-4
2026-09-26,2,wk inc rsv prop ed visits,2026-10-10,06,quantile,0.85,0.001101950469504692
2026-09-26,2,wk inc rsv prop ed visits,2026-10-10,06,quantile,0.9,0.0014999999999999998
2026-09-26,2,wk inc rsv prop ed visits,2026-10-10,06,quantile,0.95,0.001999999999999999
2026-09-26,2,wk inc rsv prop ed visits,2026-10-10,06,quantile,0.975,0.0024999999999999988
2026-09-26,2,wk inc rsv prop ed visits,2026-10-10,06,quantile,0.99,0.00312563068630686
2026-09-26,2,wk inc rsv prop ed visits,2026-10-10,08,quantile,0.01,0
2026-09-26,2,wk inc rsv prop ed visits,2026-10-10,08,quantile,0.025,0
2026-09-26,2,wk inc rsv prop ed visits,2026-10-10,08,quantile,0.05,0
2026-09-26,2,wk inc rsv prop ed visits,2026-10-10,08,quantile,0.1,0
2026-09-26,2,wk inc rsv prop ed visits,2026-10-10,08,quantile,0.15,0
2026-09-26,2,wk inc rsv prop ed visits,2026-10-10,08,quantile,0.2,0
2026-09-26,2,wk inc rsv prop ed visits,2026-10-10,08,quantile,0.25,0
2026-09-26,2,wk inc rsv prop ed visits,2026-10-10,08,quantile,0.3,0
2026-09-26,2,wk inc rsv prop ed visits,2026-10-10,08,quantile,0.35,0
2026-09-26,2,wk inc rsv prop ed visits,2026-10-10,08,quantile,0.4,0
2026-09-26,2,wk inc rsv prop ed visits,2026-10-10,08,quantile,0.45,2.710505431213761e-20
2026-09-26,2,wk inc rsv prop ed visits,2026-10-10,08,quantile,0.5,1e-4
2026-09-26,2,wk inc rsv prop ed visits,2026-10-10,08,quantile,0.55,1.9999999999999977e-4
2026-09-26,2,wk inc rsv prop ed visits,2026-10-10,08,quantile,0.6,2.999999999999998e-4
2026-09-26,2,wk inc rsv prop ed visits,2026-10-10,08,quantile,0.65,4e-4
2026-09-26,2,wk inc rsv prop ed visits,2026-10-10,08,quantile,0.7,5.999999999999993e-4
2026-09-26,2,wk inc rsv prop ed visits,2026-10-10,08,quantile,0.75,8.000000000000003e-4
2026-09-26,2,wk inc rsv prop ed visits,2026-10-10,08,quantile,0.8,0.0012
2026-09-26,2,wk inc rsv prop ed visits,2026-10-10,08,quantile,0.85,0.0016800958509585085
2026-09-26,2,wk inc rsv prop ed visits,2026-10-10,08,quantile,0.9,0.0021999999999999997
2026-09-26,2,wk inc rsv prop ed visits,2026-10-10,08,quantile,0.95,0.0033929769297693026
2026-09-26,2,wk inc rsv prop ed visits,2026-10-10,08,quantile,0.975,0.0047450090750907415
2026-09-26,2,wk inc rsv prop ed visits,2026-10-10,08,quantile,0.99,0.006116838948389461
2026-09-26,2,wk inc rsv prop ed visits,2026-10-10,09,quantile,0.01,0
2026-09-26,2,wk inc rsv prop ed visits,2026-10-10,09,quantile,0.025,0
2026-09-26,2,wk inc rsv prop ed visits,2026-10-10,09,quantile,0.05,0
2026-09-26,2,wk inc rsv prop ed visits,2026-10-10,09,quantile,0.1,0
2026-09-26,2,wk inc rsv prop ed visits,2026-10-10,09,quantile,0.15,0
2026-09-26,2,wk inc rsv prop ed visits,2026-10-10,09,quantile,0.2,0
2026-09-26,2,wk inc rsv prop ed visits,2026-10-10,09,quantile,0.25,0
2026-09-26,2,wk inc rsv prop ed visits,2026-10-10,09,quantile,0.3,0
2026-09-26,2,wk inc rsv prop ed visits,2026-10-10,09,quantile,0.35,0
2026-09-26,2,wk inc rsv prop ed visits,2026-10-10,09,quantile,0.4,0
2026-09-26,2,wk inc rsv prop ed visits,2026-10-10,09,quantile,0.45,0
2026-09-26,2,wk inc rsv prop ed visits,2026-10-10,09,quantile,0.5,0
2026-09-26,2,wk inc rsv prop ed visits,2026-10-10,09,quantile,0.55,9.999999999999998e-5
2026-09-26,2,wk inc rsv prop ed visits,2026-10-10,09,quantile,0.6,1.9999999999999955e-4
2026-09-26,2,wk inc rsv prop ed visits,2026-10-10,09,quantile,0.65,2.6886093860938905e-4
2026-09-26,2,wk inc rsv prop ed visits,2026-10-10,09,quantile,0.7,3.999999999999998e-4
2026-09-26,2,wk inc rsv prop ed visits,2026-10-10,09,quantile,0.75,5.000000000000003e-4
2026-09-26,2,wk inc rsv prop ed visits,2026-10-10,09,quantile,0.8,7.000000000000003e-4
2026-09-26,2,wk inc rsv prop ed visits,2026-10-10,09,quantile,0.85,9.999999999999998e-4
2026-09-26,2,wk inc rsv prop ed visits,2026-10-10,09,quantile,0.9,0.0013873732737327373
2026-09-26,2,wk inc rsv prop ed visits,2026-10-10,09,quantile,0.95,0.002
2026-09-26,2,wk inc rsv prop ed visits,2026-10-10,09,quantile,0.975,0.002445749782497821
2026-09-26,2,wk inc rsv prop ed visits,2026-10-10,09,quantile,0.99,0.0029377969679696787
2026-09-26,2,wk inc rsv prop ed visits,2026-10-10,10,quantile,0.01,0
2026-09-26,2,wk inc rsv prop ed visits,2026-10-10,10,quantile,0.025,0
2026-09-26,2,wk inc rsv prop ed visits,2026-10-10,10,quantile,0.05,0
2026-09-26,2,wk inc rsv prop ed visits,2026-10-10,10,quantile,0.1,0
2026-09-26,2,wk inc rsv prop ed visits,2026-10-10,10,quantile,0.15,0
2026-09-26,2,wk inc rsv prop ed visits,2026-10-10,10,quantile,0.2,0
2026-09-26,2,wk inc rsv prop ed visits,2026-10-10,10,quantile,0.25,0
2026-09-26,2,wk inc rsv prop ed visits,2026-10-10,10,quantile,0.3,0
2026-09-26,2,wk inc rsv prop ed visits,2026-10-10,10,quantile,0.35,9.999999999999983e-5
2026-09-26,2,wk inc rsv prop ed visits,2026-10-10,10,quantile,0.4,2.111137111371127e-4
2026-09-26,2,wk inc rsv prop ed visits,2026-10-10,10,quantile,0.45,4.000000000000001e-4
2026-09-26,2,wk inc rsv prop ed visits,2026-10-10,10,quantile,0.5,6e-4
2026-09-26,2,wk inc rsv prop ed visits,2026-10-10,10,quantile,0.55,7.773098730987303e-4
2026-09-26,2,wk inc rsv prop ed visits,2026-10-10,10,quantile,0.6,9.766707667076637e-4
2026-09-26,2,wk inc rsv prop ed visits,2026-10-10,10,quantile,0.65,0.0012000000000000001
2026-09-26,2,wk inc rsv prop ed visits,2026-10-10,10,quantile,0.7,0.0015
2026-09-26,2,wk inc rsv prop ed visits,2026-10-10,10,quantile,0.75,0.0018999999999999998
2026-09-26,2,wk inc rsv prop ed visits,2026-10-10,10,quantile,0.8,0.0024000000000000002
2026-09-26,2,wk inc rsv prop ed visits,2026-10-10,10,quantile,0.85,0.0031788669386693916
2026-09-26,2,wk inc rsv prop ed visits,2026-10-10,10,quantile,0.9,0.004285283852838525
2026-09-26,2,wk inc rsv prop ed visits,2026-10-10,10,quantile,0.95,0.005999018590185918
2026-09-26,2,wk inc rsv prop ed visits,2026-10-10,10,quantile,0.975,0.007411474439744399
2026-09-26,2,wk inc rsv prop ed visits,2026-10-10,10,quantile,0.99,0.008922651656516534
2026-09-26,2,wk inc rsv prop ed visits,2026-10-10,11,quantile,0.01,0
2026-09-26,2,wk inc rsv prop ed visits,2026-10-10,11,quantile,0.025,0
2026-09-26,2,wk inc rsv prop ed visits,2026-10-10,11,quantile,0.05,0
2026-09-26,2,wk inc rsv prop ed visits,2026-10-10,11,quantile,0.1,0
2026-09-26,2,wk inc rsv prop ed visits,2026-10-10,11,quantile,0.15,0
2026-09-26,2,wk inc rsv prop ed visits,2026-10-10,11,quantile,0.2,0
2026-09-26,2,wk inc rsv prop ed visits,2026-10-10,11,quantile,0.25,0
2026-09-26,2,wk inc rsv prop ed visits,2026-10-10,11,quantile,0.3,0
2026-09-26,2,wk inc rsv prop ed visits,2026-10-10,11,quantile,0.35,0
2026-09-26,2,wk inc rsv prop ed visits,2026-10-10,11,quantile,0.4,0
2026-09-26,2,wk inc rsv prop ed visits,2026-10-10,11,quantile,0.45,0
2026-09-26,2,wk inc rsv prop ed visits,2026-10-10,11,quantile,0.5,0
2026-09-26,2,wk inc rsv prop ed visits,2026-10-10,11,quantile,0.55,1.0000000000000097e-4
2026-09-26,2,wk inc rsv prop ed visits,2026-10-10,11,quantile,0.6,3.000000000000008e-4
2026-09-26,2,wk inc rsv prop ed visits,2026-10-10,11,quantile,0.65,4.3987304873049644e-4
2026-09-26,2,wk inc rsv prop ed visits,2026-10-10,11,quantile,0.7,6.836866368663707e-4
2026-09-26,2,wk inc rsv prop ed visits,2026-10-10,11,quantile,0.75,9.000000000000011e-4
2026-09-26,2,wk inc rsv prop ed visits,2026-10-10,11,quantile,0.8,0.0012301491014910164
2026-09-26,2,wk inc rsv prop ed visits,2026-10-10,11,quantile,0.85,0.001700000000000001
2026-09-26,2,wk inc rsv prop ed visits,2026-10-10,11,quantile,0.9,0.002400000000000001
2026-09-26,2,wk inc rsv prop ed visits,2026-10-10,11,quantile,0.95,0.003480332103321027
2026-09-26,2,wk inc rsv prop ed visits,2026-10-10,11,quantile,0.975,0.004400000000000002
2026-09-26,2,wk inc rsv prop ed visits,2026-10-10,11,quantile,0.99,0.005611899878998785
2026-09-26,2,wk inc rsv prop ed visits,2026-10-10,12,quantile,0.01,0
2026-09-26,2,wk inc rsv prop ed visits,2026-10-10,12,quantile,0.025,0
2026-09-26,2,wk inc rsv prop ed visits,2026-10-10,12,quantile,0.05,1.0000000000000005e-4
2026-09-26,2,wk inc rsv prop ed visits,2026-10-10,12,quantile,0.1,4.000000000000003e-4
2026-09-26,2,wk inc rsv prop ed visits,2026-10-10,12,quantile,0.15,6.000000000000002e-4
2026-09-26,2,wk inc rsv prop ed visits,2026-10-10,12,quantile,0.2,7.999999999999993e-4
2026-09-26,2,wk inc rsv prop ed visits,2026-10-10,12,quantile,0.25,8.999999999999998e-4
2026-09-26,2,wk inc rsv prop ed visits,2026-10-10,12,quantile,0.3,0.001
2026-09-26,2,wk inc rsv prop ed visits,2026-10-10,12,quantile,0.35,0.0010999999999999998
2026-09-26,2,wk inc rsv prop ed visits,2026-10-10,12,quantile,0.4,0.0011999999999999995
2026-09-26,2,wk inc rsv prop ed visits,2026-10-10,12,quantile,0.45,0.0012000000000000001
2026-09-26,2,wk inc rsv prop ed visits,2026-10-10,12,quantile,0.5,0.0013
2026-09-26,2,wk inc rsv prop ed visits,2026-10-10,12,quantile,0.55,0.0013999999999999996
2026-09-26,2,wk inc rsv prop ed visits,2026-10-10,12,quantile,0.6,0.0014000000000000004
2026-09-26,2,wk inc rsv prop ed visits,2026-10-10,12,quantile,0.65,0.0015
2026-09-26,2,wk inc rsv prop ed visits,2026-10-10,12,quantile,0.7,0.0015999999999999999
2026-09-26,2,wk inc rsv prop ed visits,2026-10-10,12,quantile,0.75,0.0017000000000000001
2026-09-26,2,wk inc rsv prop ed visits,2026-10-10,12,quantile,0.8,0.0018000000000000004
2026-09-26,2,wk inc rsv prop ed visits,2026-10-10,12,quantile,0.85,0.0019999999999999996
2026-09-26,2,wk inc rsv prop ed visits,2026-10-10,12,quantile,0.9,0.0021999999999999997
2026-09-26,2,wk inc rsv prop ed visits,2026-10-10,12,quantile,0.95,0.0025016227162271633
2026-09-26,2,wk inc rsv prop ed visits,2026-10-10,12,quantile,0.975,0.002818959889598895
2026-09-26,2,wk inc rsv prop ed visits,2026-10-10,12,quantile,0.99,0.0031999999999999993
2026-09-26,2,wk inc rsv prop ed visits,2026-10-10,13,quantile,0.01,0
2026-09-26,2,wk inc rsv prop ed visits,2026-10-10,13,quantile,0.025,0
2026-09-26,2,wk inc rsv prop ed visits,2026-10-10,13,quantile,0.05,0
2026-09-26,2,wk inc rsv prop ed visits,2026-10-10,13,quantile,0.1,0
2026-09-26,2,wk inc rsv prop ed visits,2026-10-10,13,quantile,0.15,0
2026-09-26,2,wk inc rsv prop ed visits,2026-10-10,13,quantile,0.2,0
2026-09-26,2,wk inc rsv prop ed visits,2026-10-10,13,quantile,0.25,9.999999999999999e-5
2026-09-26,2,wk inc rsv prop ed visits,2026-10-10,13,quantile,0.3,2.0000000000000004e-4
2026-09-26,2,wk inc rsv prop ed visits,2026-10-10,13,quantile,0.35,3.0000000000000003e-4
2026-09-26,2,wk inc rsv prop ed visits,2026-10-10,13,quantile,0.4,3.9999999999999996e-4
2026-09-26,2,wk inc rsv prop ed visits,2026-10-10,13,quantile,0.45,4.2145836458364397e-4
2026-09-26,2,wk inc rsv prop ed visits,2026-10-10,13,quantile,0.5,5e-4
2026-09-26,2,wk inc rsv prop ed visits,2026-10-10,13,quantile,0.55,6e-4
2026-09-26,2,wk inc rsv prop ed visits,2026-10-10,13,quantile,0.6,6.930437304373011e-4
2026-09-26,2,wk inc rsv prop ed visits,2026-10-10,13,quantile,0.65,7.000000000000005e-4
2026-09-26,2,wk inc rsv prop ed visits,2026-10-10,13,quantile,0.7,8.467002670026692e-4
2026-09-26,2,wk inc rsv prop ed visits,2026-10-10,13,quantile,0.75,0.001
2026-09-26,2,wk inc rsv prop ed visits,2026-10-10,13,quantile,0.8,0.0011279372793728014
2026-09-26,2,wk inc rsv prop ed visits,2026-10-10,13,quantile,0.85,0.001358809988099882
2026-09-26,2,wk inc rsv prop ed visits,2026-10-10,13,quantile,0.9,0.0016
2026-09-26,2,wk inc rsv prop ed visits,2026-10-10,13,quantile,0.95,0.002
2026-09-26,2,wk inc rsv prop ed visits,2026-10-10,13,quantile,0.975,0.0023469848698486973
2026-09-26,2,wk inc rsv prop ed visits,2026-10-10,13,quantile,0.99,0.0027861168811688037
2026-09-26,2,wk inc rsv prop ed visits,2026-10-10,15,quantile,0.01,0
2026-09-26,2,wk inc rsv prop ed visits,2026-10-10,15,quantile,0.025,0
2026-09-26,2,wk inc rsv prop ed visits,2026-10-10,15,quantile,0.05,0
2026-09-26,2,wk inc rsv prop ed visits,2026-10-10,15,quantile,0.1,1.2405514055140605e-4
2026-09-26,2,wk inc rsv prop ed visits,2026-10-10,15,quantile,0.15,5.999999999999995e-4
2026-09-26,2,wk inc rsv prop ed visits,2026-10-10,15,quantile,0.2,9e-4
2026-09-26,2,wk inc rsv prop ed visits,2026-10-10,15,quantile,0.25,0.0011097410974109738
2026-09-26,2,wk inc rsv prop ed visits,2026-10-10,15,quantile,0.3,0.0013469056690566907
2026-09-26,2,wk inc rsv prop ed visits,2026-10-10,15,quantile,0.35,0.0015000000000000005
2026-09-26,2,wk inc rsv prop ed visits,2026-10-10,15,quantile,0.4,0.0017000000000000001
2026-09-26,2,wk inc rsv prop ed visits,2026-10-10,15,quantile,0.45,0.0018541777417774182
2026-09-26,2,wk inc rsv prop ed visits,2026-10-10,15,quantile,0.5,0.002
2026-09-26,2,wk inc rsv prop ed visits,2026-10-10,15,quantile,0.55,0.0021808177081770823
2026-09-26,2,wk inc rsv prop ed visits,2026-10-10,15,quantile,0.6,0.0023
2026-09-26,2,wk inc rsv prop ed visits,2026-10-10,15,quantile,0.65,0.0024999999999999996
2026-09-26,2,wk inc rsv prop ed visits,2026-10-10,15,quantile,0.7,0.0026999999999999993
2026-09-26,2,wk inc rsv prop ed visits,2026-10-10,15,quantile,0.75,0.0029
2026-09-26,2,wk inc rsv prop ed visits,2026-10-10,15,quantile,0.8,0.003108960089600896
2026-09-26,2,wk inc rsv prop ed visits,2026-10-10,15,quantile,0.85,0.0034692967929679276
2026-09-26,2,wk inc rsv prop ed visits,2026-10-10,15,quantile,0.9,0.0039000000000000007
2026-09-26,2,wk inc rsv prop ed visits,2026-10-10,15,quantile,0.95,0.0047
2026-09-26,2,wk inc rsv prop ed visits,2026-10-10,15,quantile,0.975,0.005556006660066595
2026-09-26,2,wk inc rsv prop ed visits,2026-10-10,15,quantile,0.99,0.006961168921689229
2026-09-26,2,wk inc rsv prop ed visits,2026-10-10,16,quantile,0.01,0
2026-09-26,2,wk inc rsv prop ed visits,2026-10-10,16,quantile,0.025,0
2026-09-26,2,wk inc rsv prop ed visits,2026-10-10,16,quantile,0.05,0
2026-09-26,2,wk inc rsv prop ed visits,2026-10-10,16,quantile,0.1,0
2026-09-26,2,wk inc rsv prop ed visits,2026-10-10,16,quantile,0.15,0
2026-09-26,2,wk inc rsv prop ed visits,2026-10-10,16,quantile,0.2,0
2026-09-26,2,wk inc rsv prop ed visits,2026-10-10,16,quantile,0.25,0
2026-09-26,2,wk inc rsv prop ed visits,2026-10-10,16,quantile,0.3,0
2026-09-26,2,wk inc rsv prop ed visits,2026-10-10,16,quantile,0.35,0
2026-09-26,2,wk inc rsv prop ed visits,2026-10-10,16,quantile,0.4,0
2026-09-26,2,wk inc rsv prop ed visits,2026-10-10,16,quantile,0.45,0
2026-09-26,2,wk inc rsv prop ed visits,2026-10-10,16,quantile,0.5,9.999999999999999e-5
2026-09-26,2,wk inc rsv prop ed visits,2026-10-10,16,quantile,0.55,2.000000000000001e-4
2026-09-26,2,wk inc rsv prop ed visits,2026-10-10,16,quantile,0.6,4e-4
2026-09-26,2,wk inc rsv prop ed visits,2026-10-10,16,quantile,0.65,6.000000000000001e-4
2026-09-26,2,wk inc rsv prop ed visits,2026-10-10,16,quantile,0.7,8.55052250522499e-4
2026-09-26,2,wk inc rsv prop ed visits,2026-10-10,16,quantile,0.75,0.0011831808318083176
2026-09-26,2,wk inc rsv prop ed visits,2026-10-10,16,quantile,0.8,0.0015999559995599967
2026-09-26,2,wk inc rsv prop ed visits,2026-10-10,16,quantile,0.85,0.002131155311553111
2026-09-26,2,wk inc rsv prop ed visits,2026-10-10,16,quantile,0.9,0.0028000000000000004
2026-09-26,2,wk inc rsv prop ed visits,2026-10-10,16,quantile,0.95,0.0042427319773197655
2026-09-26,2,wk inc rsv prop ed visits,2026-10-10,16,quantile,0.975,0.005804795997959965
2026-09-26,2,wk inc rsv prop ed visits,2026-10-10,16,quantile,0.99,0.007661921779217791
2026-09-26,2,wk inc rsv prop ed visits,2026-10-10,17,quantile,0.01,0
2026-09-26,2,wk inc rsv prop ed visits,2026-10-10,17,quantile,0.025,0
2026-09-26,2,wk inc rsv prop ed visits,2026-10-10,17,quantile,0.05,0
2026-09-26,2,wk inc rsv prop ed visits,2026-10-10,17,quantile,0.1,0
2026-09-26,2,wk inc rsv prop ed visits,2026-10-10,17,quantile,0.15,0
2026-09-26,2,wk inc rsv prop ed visits,2026-10-10,17,quantile,0.2,0
2026-09-26,2,wk inc rsv prop ed visits,2026-10-10,17,quantile,0.25,0
2026-09-26,2,wk inc rsv prop ed visits,2026-10-10,17,quantile,0.3,0
2026-09-26,2,wk inc rsv prop ed visits,2026-10-10,17,quantile,0.35,0
2026-09-26,2,wk inc rsv prop ed visits,2026-10-10,17,quantile,0.4,3.6591823321385775e-19
2026-09-26,2,wk inc rsv prop ed visits,2026-10-10,17,quantile,0.45,1.0000000000000034e-4
2026-09-26,2,wk inc rsv prop ed visits,2026-10-10,17,quantile,0.5,2e-4
2026-09-26,2,wk inc rsv prop ed visits,2026-10-10,17,quantile,0.55,2.985377853778555e-4
2026-09-26,2,wk inc rsv prop ed visits,2026-10-10,17,quantile,0.6,4.000000000000003e-4
2026-09-26,2,wk inc rsv prop ed visits,2026-10-10,17,quantile,0.65,5.000000000000015e-4
2026-09-26,2,wk inc rsv prop ed visits,2026-10-10,17,quantile,0.7,7.456763567635597e-4
2026-09-26,2,wk inc rsv prop ed visits,2026-10-10,17,quantile,0.75,0.0010000000000000007
2026-09-26,2,wk inc rsv prop ed visits,2026-10-10,17,quantile,0.8,0.0013000000000000008
2026-09-26,2,wk inc rsv prop ed visits,2026-10-10,17,quantile,0.85,0.0018000000000000013
2026-09-26,2,wk inc rsv prop ed visits,2026-10-10,17,quantile,0.9,0.002339786597865976
2026-09-26,2,wk inc rsv prop ed visits,2026-10-10,17,quantile,0.95,0.0031999999999999993
2026-09-26,2,wk inc rsv prop ed visits,2026-10-10,17,quantile,0.975,0.004071536490364892
2026-09-26,2,wk inc rsv prop ed visits,2026-10-10,17,quantile,0.99,0.005125345373453724
2026-09-26,2,wk inc rsv prop ed visits,2026-10-10,18,quantile,0.01,0
2026-09-26,2,wk inc rsv prop ed visits,2026-10-10,18,quantile,0.025,0
2026-09-26,2,wk inc rsv prop ed visits,2026-10-10,18,quantile,0.05,0
2026-09-26,2,wk inc rsv prop ed visits,2026-10-10,18,quantile,0.1,0
2026-09-26,2,wk inc rsv prop ed visits,2026-10-10,18,quantile,0.15,0
2026-09-26,2,wk inc rsv prop ed visits,2026-10-10,18,quantile,0.2,0
2026-09-26,2,wk inc rsv prop ed visits,2026-10-10,18,quantile,0.25,0
2026-09-26,2,wk inc rsv prop ed visits,2026-10-10,18,quantile,0.3,0
2026-09-26,2,wk inc rsv prop ed visits,2026-10-10,18,quantile,0.35,0
2026-09-26,2,wk inc rsv prop ed visits,2026-10-10,18,quantile,0.4,4.267742677426709e-5
2026-09-26,2,wk inc rsv prop ed visits,2026-10-10,18,quantile,0.45,1.4267742677426707e-4
2026-09-26,2,wk inc rsv prop ed visits,2026-10-10,18,quantile,0.5,2e-4
2026-09-26,2,wk inc rsv prop ed visits,2026-10-10,18,quantile,0.55,2.4267742677426733e-4
2026-09-26,2,wk inc rsv prop ed visits,2026-10-10,18,quantile,0.6,3.426774267742673e-4
2026-09-26,2,wk inc rsv prop ed visits,2026-10-10,18,quantile,0.65,4.69563445634459e-4
2026-09-26,2,wk inc rsv prop ed visits,2026-10-10,18,quantile,0.7,6.42677426774267e-4
2026-09-26,2,wk inc rsv prop ed visits,2026-10-10,18,quantile,0.75,8.426774267742663e-4
2026-09-26,2,wk inc rsv prop ed visits,2026-10-10,18,quantile,0.8,0.0010426774267742669
2026-09-26,2,wk inc rsv prop ed visits,2026-10-10,18,quantile,0.85,0.0013426774267742672
2026-09-26,2,wk inc rsv prop ed visits,2026-10-10,18,quantile,0.9,0.001834209842098419
2026-09-26,2,wk inc rsv prop ed visits,2026-10-10,18,quantile,0.95,0.002572366673666732
2026-09-26,2,wk inc rsv prop ed visits,2026-10-10,18,quantile,0.975,0.0032273566485664855
2026-09-26,2,wk inc rsv prop ed visits,2026-10-10,18,quantile,0.99,0.003842677426774267
2026-09-26,2,wk inc rsv prop ed visits,2026-10-10,19,quantile,0.01,0
2026-09-26,2,wk inc rsv prop ed visits,2026-10-10,19,quantile,0.025,0
2026-09-26,2,wk inc rsv prop ed visits,2026-10-10,19,quantile,0.05,0
2026-09-26,2,wk inc rsv prop ed visits,2026-10-10,19,quantile,0.1,0
2026-09-26,2,wk inc rsv prop ed visits,2026-10-10,19,quantile,0.15,0
2026-09-26,2,wk inc rsv prop ed visits,2026-10-10,19,quantile,0.2,0
2026-09-26,2,wk inc rsv prop ed visits,2026-10-10,19,quantile,0.25,0
2026-09-26,2,wk inc rsv prop ed visits,2026-10-10,19,quantile,0.3,0
2026-09-26,2,wk inc rsv prop ed visits,2026-10-10,19,quantile,0.35,0
2026-09-26,2,wk inc rsv prop ed visits,2026-10-10,19,quantile,0.4,0
2026-09-26,2,wk inc rsv prop ed visits,2026-10-10,19,quantile,0.45,0
2026-09-26,2,wk inc rsv prop ed visits,2026-10-10,19,quantile,0.5,0
2026-09-26,2,wk inc rsv prop ed visits,2026-10-10,19,quantile,0.55,1.999999999999999e-4
2026-09-26,2,wk inc rsv prop ed visits,2026-10-10,19,quantile,0.6,3.9999999999999986e-4
2026-09-26,2,wk inc rsv prop ed visits,2026-10-10,19,quantile,0.65,6.392166921669254e-4
2026-09-26,2,wk inc rsv prop ed visits,2026-10-10,19,quantile,0.7,9.000000000000011e-4
2026-09-26,2,wk inc rsv prop ed visits,2026-10-10,19,quantile,0.75,0.0012878411284112851
2026-09-26,2,wk inc rsv prop ed visits,2026-10-10,19,quantile,0.8,0.0017
2026-09-26,2,wk inc rsv prop ed visits,2026-10-10,19,quantile,0.85,0.0022232094820948214
2026-09-26,2,wk inc rsv prop ed visits,2026-10-10,19,quantile,0.9,0.0030017771177711923
2026-09-26,2,wk inc rsv prop ed visits,2026-10-10,19,quantile,0.95,0.004411205412054116
2026-09-26,2,wk inc rsv prop ed visits,2026-10-10,19,quantile,0.975,0.0058000000000000005
2026-09-26,2,wk inc rsv prop ed visits,2026-10-10,19,quantile,0.99,0.00951873479734803
2026-09-26,2,wk inc rsv prop ed visits,2026-10-10,20,quantile,0.01,0
2026-09-26,2,wk inc rsv prop ed visits,2026-10-10,20,quantile,0.025,0
2026-09-26,2,wk inc rsv prop ed visits,2026-10-10,20,quantile,0.05,0
2026-09-26,2,wk inc rsv prop ed visits,2026-10-10,20,quantile,0.1,0
2026-09-26,2,wk inc rsv prop ed visits,2026-10-10,20,quantile,0.15,0
2026-09-26,2,wk inc rsv prop ed visits,2026-10-10,20,quantile,0.2,0
2026-09-26,2,wk inc rsv prop ed visits,2026-10-10,20,quantile,0.25,0
2026-09-26,2,wk inc rsv prop ed visits,2026-10-10,20,quantile,0.3,0
2026-09-26,2,wk inc rsv prop ed visits,2026-10-10,20,quantile,0.35,0
2026-09-26,2,wk inc rsv prop ed visits,2026-10-10,20,quantile,0.4,9.486769009248164e-20
2026-09-26,2,wk inc rsv prop ed visits,2026-10-10,20,quantile,0.45,1.0000000000000007e-4
2026-09-26,2,wk inc rsv prop ed visits,2026-10-10,20,quantile,0.5,2e-4
2026-09-26,2,wk inc rsv prop ed visits,2026-10-10,20,quantile,0.55,3.0000000000000003e-4
2026-09-26,2,wk inc rsv prop ed visits,2026-10-10,20,quantile,0.6,4.000000000000001e-4
2026-09-26,2,wk inc rsv prop ed visits,2026-10-10,20,quantile,0.65,5.180250802508052e-4
2026-09-26,2,wk inc rsv prop ed visits,2026-10-10,20,quantile,0.7,7.000000000000004e-4
2026-09-26,2,wk inc rsv prop ed visits,2026-10-10,20,quantile,0.75,9.963677136771393e-4
2026-09-26,2,wk inc rsv prop ed visits,2026-10-10,20,quantile,0.8,0.0012183911839118377
2026-09-26,2,wk inc rsv prop ed visits,2026-10-10,20,quantile,0.85,0.0015594140941409403
2026-09-26,2,wk inc rsv prop ed visits,2026-10-10,20,quantile,0.9,0.002000000000000001
2026-09-26,2,wk inc rsv prop ed visits,2026-10-10,20,quantile,0.95,0.003037202022020213
2026-09-26,2,wk inc rsv prop ed visits,2026-10-10,20,quantile,0.975,0.003862114921149214
2026-09-26,2,wk inc rsv prop ed visits,2026-10-10,20,quantile,0.99,0.004684606056060563
2026-09-26,2,wk inc rsv prop ed visits,2026-10-10,21,quantile,0.01,0
2026-09-26,2,wk inc rsv prop ed visits,2026-10-10,21,quantile,0.025,0
2026-09-26,2,wk inc rsv prop ed visits,2026-10-10,21,quantile,0.05,0
2026-09-26,2,wk inc rsv prop ed visits,2026-10-10,21,quantile,0.1,0
2026-09-26,2,wk inc rsv prop ed visits,2026-10-10,21,quantile,0.15,0
2026-09-26,2,wk inc rsv prop ed visits,2026-10-10,21,quantile,0.2,0
2026-09-26,2,wk inc rsv prop ed visits,2026-10-10,21,quantile,0.25,0
2026-09-26,2,wk inc rsv prop ed visits,2026-10-10,21,quantile,0.3,0
2026-09-26,2,wk inc rsv prop ed visits,2026-10-10,21,quantile,0.35,0
2026-09-26,2,wk inc rsv prop ed visits,2026-10-10,21,quantile,0.4,0
2026-09-26,2,wk inc rsv prop ed visits,2026-10-10,21,quantile,0.45,1.0000000000000002e-4
2026-09-26,2,wk inc rsv prop ed visits,2026-10-10,21,quantile,0.5,2e-4
2026-09-26,2,wk inc rsv prop ed visits,2026-10-10,21,quantile,0.55,3.0000000000000003e-4
2026-09-26,2,wk inc rsv prop ed visits,2026-10-10,21,quantile,0.6,4.000000000000003e-4
2026-09-26,2,wk inc rsv prop ed visits,2026-10-10,21,quantile,0.65,6e-4
2026-09-26,2,wk inc rsv prop ed visits,2026-10-10,21,quantile,0.7,7.999999999999999e-4
2026-09-26,2,wk inc rsv prop ed visits,2026-10-10,21,quantile,0.75,0.0010161544115441141
2026-09-26,2,wk inc rsv prop ed visits,2026-10-10,21,quantile,0.8,0.001327867478674792
2026-09-26,2,wk inc rsv prop ed visits,2026-10-10,21,quantile,0.85,0.0017999999999999997
2026-09-26,2,wk inc rsv prop ed visits,2026-10-10,21,quantile,0.9,0.0024279288792887982
2026-09-26,2,wk inc rsv prop ed visits,2026-10-10,21,quantile,0.95,0.003431867968679683
2026-09-26,2,wk inc rsv prop ed visits,2026-10-10,21,quantile,0.975,0.004199999999999999
2026-09-26,2,wk inc rsv prop ed visits,2026-10-10,21,quantile,0.99,0.00524432535325352
2026-09-26,2,wk inc rsv prop ed visits,2026-10-10,22,quantile,0.01,0
2026-09-26,2,wk inc rsv prop ed visits,2026-10-10,22,quantile,0.025,0
2026-09-26,2,wk inc rsv prop ed visits,2026-10-10,22,quantile,0.05,0
2026-09-26,2,wk inc rsv prop ed visits,2026-10-10,22,quantile,0.1,0
2026-09-26,2,wk inc rsv prop ed visits,2026-10-10,22,quantile,0.15,0
2026-09-26,2,wk inc rsv prop ed visits,2026-10-10,22,quantile,0.2,0
2026-09-26,2,wk inc rsv prop ed visits,2026-10-10,22,quantile,0.25,0
2026-09-26,2,wk inc rsv prop ed visits,2026-10-10,22,quantile,0.3,9.999999999999934e-5
2026-09-26,2,wk inc rsv prop ed visits,2026-10-10,22,quantile,0.35,1.999999999999996e-4
2026-09-26,2,wk inc rsv prop ed visits,2026-10-10,22,quantile,0.4,2.999999999999991e-4
2026-09-26,2,wk inc rsv prop ed visits,2026-10-10,22,quantile,0.45,3.0000000000000073e-4
2026-09-26,2,wk inc rsv prop ed visits,2026-10-10,22,quantile,0.5,4e-4
2026-09-26,2,wk inc rsv prop ed visits,2026-10-10,22,quantile,0.55,5e-4
2026-09-26,2,wk inc rsv prop ed visits,2026-10-10,22,quantile,0.6,5.999999999999998e-4
2026-09-26,2,wk inc rsv prop ed visits,2026-10-10,22,quantile,0.65,7.000000000000003e-4
2026-09-26,2,wk inc rsv prop ed visits,2026-10-10,22,quantile,0.7,8.999999999999998e-4
2026-09-26,2,wk inc rsv prop ed visits,2026-10-10,22,quantile,0.75,0.0010999999999999996
2026-09-26,2,wk inc rsv prop ed visits,2026-10-10,22,quantile,0.8,0.0013127765277652732
2026-09-26,2,wk inc rsv prop ed visits,2026-10-10,22,quantile,0.85,0.0016999999999999995
2026-09-26,2,wk inc rsv prop ed visits,2026-10-10,22,quantile,0.9,0.0021999999999999997
2026-09-26,2,wk inc rsv prop ed visits,2026-10-10,22,quantile,0.95,0.0029629488794887934
2026-09-26,2,wk inc rsv prop ed visits,2026-10-10,22,quantile,0.975,0.0036000000000000008
2026-09-26,2,wk inc rsv prop ed visits,2026-10-10,22,quantile,0.99,0.004370487364873642
2026-09-26,2,wk inc rsv prop ed visits,2026-10-10,23,quantile,0.01,0
2026-09-26,2,wk inc rsv prop ed visits,2026-10-10,23,quantile,0.025,0
2026-09-26,2,wk inc rsv prop ed visits,2026-10-10,23,quantile,0.05,0
2026-09-26,2,wk inc rsv prop ed visits,2026-10-10,23,quantile,0.1,0
2026-09-26,2,wk inc rsv prop ed visits,2026-10-10,23,quantile,0.15,0
2026-09-26,2,wk inc rsv prop ed visits,2026-10-10,23,quantile,0.2,0
2026-09-26,2,wk inc rsv prop ed visits,2026-10-10,23,quantile,0.25,0
2026-09-26,2,wk inc rsv prop ed visits,2026-10-10,23,quantile,0.3,0
2026-09-26,2,wk inc rsv prop ed visits,2026-10-10,23,quantile,0.35,0
2026-09-26,2,wk inc rsv prop ed visits,2026-10-10,23,quantile,0.4,0
2026-09-26,2,wk inc rsv prop ed visits,2026-10-10,23,quantile,0.45,0
2026-09-26,2,wk inc rsv prop ed visits,2026-10-10,23,quantile,0.5,0
2026-09-26,2,wk inc rsv prop ed visits,2026-10-10,23,quantile,0.55,9.999999999999998e-5
2026-09-26,2,wk inc rsv prop ed visits,2026-10-10,23,quantile,0.6,1.9999999999999993e-4
2026-09-26,2,wk inc rsv prop ed visits,2026-10-10,23,quantile,0.65,3e-4
2026-09-26,2,wk inc rsv prop ed visits,2026-10-10,23,quantile,0.7,4.0000000000000034e-4
2026-09-26,2,wk inc rsv prop ed visits,2026-10-10,23,quantile,0.75,6.000000000000002e-4
2026-09-26,2,wk inc rsv prop ed visits,2026-10-10,23,quantile,0.8,9.02179221792223e-4
2026-09-26,2,wk inc rsv prop ed visits,2026-10-10,23,quantile,0.85,0.0013504379543795443
2026-09-26,2,wk inc rsv prop ed visits,2026-10-10,23,quantile,0.9,0.0017999999999999995
2026-09-26,2,wk inc rsv prop ed visits,2026-10-10,23,quantile,0.95,0.0028773703737037352
2026-09-26,2,wk inc rsv prop ed visits,2026-10-10,23,quantile,0.975,0.003847795202952031
2026-09-26,2,wk inc rsv prop ed visits,2026-10-10,23,quantile,0.99,0.005253597545975466
2026-09-26,2,wk inc rsv prop ed visits,2026-10-10,24,quantile,0.01,0
2026-09-26,2,wk inc rsv prop ed visits,2026-10-10,24,quantile,0.025,0
2026-09-26,2,wk inc rsv prop ed visits,2026-10-10,24,quantile,0.05,0
2026-09-26,2,wk inc rsv prop ed visits,2026-10-10,24,quantile,0.1,0
2026-09-26,2,wk inc rsv prop ed visits,2026-10-10,24,quantile,0.15,0
2026-09-26,2,wk inc rsv prop ed visits,2026-10-10,24,quantile,0.2,0
2026-09-26,2,wk inc rsv prop ed visits,2026-10-10,24,quantile,0.25,0
2026-09-26,2,wk inc rsv prop ed visits,2026-10-10,24,quantile,0.3,0
2026-09-26,2,wk inc rsv prop ed visits,2026-10-10,24,quantile,0.35,0
2026-09-26,2,wk inc rsv prop ed visits,2026-10-10,24,quantile,0.4,0
2026-09-26,2,wk inc rsv prop ed visits,2026-10-10,24,quantile,0.45,0
2026-09-26,2,wk inc rsv prop ed visits,2026-10-10,24,quantile,0.5,7.55007550080585e-8
2026-09-26,2,wk inc rsv prop ed visits,2026-10-10,24,quantile,0.55,8.927589275892764e-5
2026-09-26,2,wk inc rsv prop ed visits,2026-10-10,24,quantile,0.6,2.69987499874998e-4
2026-09-26,2,wk inc rsv prop ed visits,2026-10-10,24,quantile,0.65,3.892758927589275e-4
2026-09-26,2,wk inc rsv prop ed visits,2026-10-10,24,quantile,0.7,5.892758927589275e-4
2026-09-26,2,wk inc rsv prop ed visits,2026-10-10,24,quantile,0.75,8.89275892758927e-4
2026-09-26,2,wk inc rsv prop ed visits,2026-10-10,24,quantile,0.8,0.00121779237792378
2026-09-26,2,wk inc rsv prop ed visits,2026-10-10,24,quantile,0.85,0.0016892758927589276
2026-09-26,2,wk inc rsv prop ed visits,2026-10-10,24,quantile,0.9,0.0023892758927589277
2026-09-26,2,wk inc rsv prop ed visits,2026-10-10,24,quantile,0.95,0.003253335683356831
2026-09-26,2,wk inc rsv prop ed visits,2026-10-10,24,quantile,0.975,0.003989275892758927
2026-09-26,2,wk inc rsv prop ed visits,2026-10-10,24,quantile,0.99,0.005134960739607398
2026-09-26,2,wk inc rsv prop ed visits,2026-10-10,25,quantile,0.01,0
2026-09-26,2,wk inc rsv prop ed visits,2026-10-10,25,quantile,0.025,0
2026-09-26,2,wk inc rsv prop ed visits,2026-10-10,25,quantile,0.05,0
2026-09-26,2,wk inc rsv prop ed visits,2026-10-10,25,quantile,0.1,0
2026-09-26,2,wk inc rsv prop ed visits,2026-10-10,25,quantile,0.15,0
2026-09-26,2,wk inc rsv prop ed visits,2026-10-10,25,quantile,0.2,0
2026-09-26,2,wk inc rsv prop ed visits,2026-10-10,25,quantile,0.25,0
2026-09-26,2,wk inc rsv prop ed visits,2026-10-10,25,quantile,0.3,0
2026-09-26,2,wk inc rsv prop ed visits,2026-10-10,25,quantile,0.35,0
2026-09-26,2,wk inc rsv prop ed visits,2026-10-10,25,quantile,0.4,0
2026-09-26,2,wk inc rsv prop ed visits,2026-10-10,25,quantile,0.45,0
2026-09-26,2,wk inc rsv prop ed visits,2026-10-10,25,quantile,0.5,1e-4
2026-09-26,2,wk inc rsv prop ed visits,2026-10-10,25,quantile,0.55,2.0000000000000004e-4
2026-09-26,2,wk inc rsv prop ed visits,2026-10-10,25,quantile,0.6,3.0000000000000014e-4
2026-09-26,2,wk inc rsv prop ed visits,2026-10-10,25,quantile,0.65,5.000000000000003e-4
2026-09-26,2,wk inc rsv prop ed visits,2026-10-10,25,quantile,0.7,7.999999999999993e-4
2026-09-26,2,wk inc rsv prop ed visits,2026-10-10,25,quantile,0.75,0.0010999999999999985
2026-09-26,2,wk inc rsv prop ed visits,2026-10-10,25,quantile,0.8,0.0014722667226672271
2026-09-26,2,wk inc rsv prop ed visits,2026-10-10,25,quantile,0.85,0.00203808428084281
2026-09-26,2,wk inc rsv prop ed visits,2026-10-10,25,quantile,0.9,0.0026999999999999997
2026-09-26,2,wk inc rsv prop ed visits,2026-10-10,25,quantile,0.95,0.0036000000000000003
2026-09-26,2,wk inc rsv prop ed visits,2026-10-10,25,quantile,0.975,0.004467130071300708
2026-09-26,2,wk inc rsv prop ed visits,2026-10-10,25,quantile,0.99,0.005699999999999999
2026-09-26,2,wk inc rsv prop ed visits,2026-10-10,26,quantile,0.01,0
2026-09-26,2,wk inc rsv prop ed visits,2026-10-10,26,quantile,0.025,0
2026-09-26,2,wk inc rsv prop ed visits,2026-10-10,26,quantile,0.05,0
2026-09-26,2,wk inc rsv prop ed visits,2026-10-10,26,quantile,0.1,0
2026-09-26,2,wk inc rsv prop ed visits,2026-10-10,26,quantile,0.15,0
2026-09-26,2,wk inc rsv prop ed visits,2026-10-10,26,quantile,0.2,0
2026-09-26,2,wk inc rsv prop ed visits,2026-10-10,26,quantile,0.25,0
2026-09-26,2,wk inc rsv prop ed visits,2026-10-10,26,quantile,0.3,0
2026-09-26,2,wk inc rsv prop ed visits,2026-10-10,26,quantile,0.35,0
2026-09-26,2,wk inc rsv prop ed visits,2026-10-10,26,quantile,0.4,1.0106601066011038e-5
2026-09-26,2,wk inc rsv prop ed visits,2026-10-10,26,quantile,0.45,1.1010660106601102e-4
2026-09-26,2,wk inc rsv prop ed visits,2026-10-10,26,quantile,0.5,2e-4
2026-09-26,2,wk inc rsv prop ed visits,2026-10-10,26,quantile,0.55,2.260114601146031e-4
2026-09-26,2,wk inc rsv prop ed visits,2026-10-10,26,quantile,0.6,4.101066010660106e-4
2026-09-26,2,wk inc rsv prop ed visits,2026-10-10,26,quantile,0.65,5.101066010660112e-4
2026-09-26,2,wk inc rsv prop ed visits,2026-10-10,26,quantile,0.7,7.101066010660118e-4
2026-09-26,2,wk inc rsv prop ed visits,2026-10-10,26,quantile,0.75,0.0010101066010660112
2026-09-26,2,wk inc rsv prop ed visits,2026-10-10,26,quantile,0.8,0.0013101066010660113
2026-09-26,2,wk inc rsv prop ed visits,2026-10-10,26,quantile,0.85,0.0017195642956429568
2026-09-26,2,wk inc rsv prop ed visits,2026-10-10,26,quantile,0.9,0.002410106601066011
2026-09-26,2,wk inc rsv prop ed visits,2026-10-10,26,quantile,0.95,0.0034101066010660108
2026-09-26,2,wk inc rsv prop ed visits,2026-10-10,26,quantile,0.975,0.004369657946579454
2026-09-26,2,wk inc rsv prop ed visits,2026-10-10,26,quantile,0.99,0.0052951669316693185
2026-09-26,2,wk inc rsv prop ed visits,2026-10-10,27,quantile,0.01,0
2026-09-26,2,wk inc rsv prop ed visits,2026-10-10,27,quantile,0.025,0
2026-09-26,2,wk inc rsv prop ed visits,2026-10-10,27,quantile,0.05,0
2026-09-26,2,wk inc rsv prop ed visits,2026-10-10,27,quantile,0.1,0
2026-09-26,2,wk inc rsv prop ed visits,2026-10-10,27,quantile,0.15,0
2026-09-26,2,wk inc rsv prop ed visits,2026-10-10,27,quantile,0.2,0
2026-09-26,2,wk inc rsv prop ed visits,2026-10-10,27,quantile,0.25,0
2026-09-26,2,wk inc rsv prop ed visits,2026-10-10,27,quantile,0.3,0
2026-09-26,2,wk inc rsv prop ed visits,2026-10-10,27,quantile,0.35,0
2026-09-26,2,wk inc rsv prop ed visits,2026-10-10,27,quantile,0.4,0
2026-09-26,2,wk inc rsv prop ed visits,2026-10-10,27,quantile,0.45,0
2026-09-26,2,wk inc rsv prop ed visits,2026-10-10,27,quantile,0.5,1e-4
2026-09-26,2,wk inc rsv prop ed visits,2026-10-10,27,quantile,0.55,2.999999999999992e-4
2026-09-26,2,wk inc rsv prop ed visits,2026-10-10,27,quantile,0.6,4.0000000000000013e-4
2026-09-26,2,wk inc rsv prop ed visits,2026-10-10,27,quantile,0.65,6e-4
2026-09-26,2,wk inc rsv prop ed visits,2026-10-10,27,quantile,0.7,8.235052350523476e-4
2026-09-26,2,wk inc rsv prop ed visits,2026-10-10,27,quantile,0.75,0.0011
2026-09-26,2,wk inc rsv prop ed visits,2026-10-10,27,quantile,0.8,0.0014483406834068383
2026-09-26,2,wk inc rsv prop ed visits,2026-10-10,27,quantile,0.85,0.0018000000000000002
2026-09-26,2,wk inc rsv prop ed visits,2026-10-10,27,quantile,0.9,0.0024
2026-09-26,2,wk inc rsv prop ed visits,2026-10-10,27,quantile,0.95,0.0034152004520045234
2026-09-26,2,wk inc rsv prop ed visits,2026-10-10,27,quantile,0.975,0.0044314552395523996
2026-09-26,2,wk inc rsv prop ed visits,2026-10-10,27,quantile,0.99,0.005836932609326058
2026-09-26,2,wk inc rsv prop ed visits,2026-10-10,28,quantile,0.01,0
2026-09-26,2,wk inc rsv prop ed visits,2026-10-10,28,quantile,0.025,0
2026-09-26,2,wk inc rsv prop ed visits,2026-10-10,28,quantile,0.05,0
2026-09-26,2,wk inc rsv prop ed visits,2026-10-10,28,quantile,0.1,0
2026-09-26,2,wk inc rsv prop ed visits,2026-10-10,28,quantile,0.15,0
2026-09-26,2,wk inc rsv prop ed visits,2026-10-10,28,quantile,0.2,0
2026-09-26,2,wk inc rsv prop ed visits,2026-10-10,28,quantile,0.25,0
2026-09-26,2,wk inc rsv prop ed visits,2026-10-10,28,quantile,0.3,9.999999999999982e-5
2026-09-26,2,wk inc rsv prop ed visits,2026-10-10,28,quantile,0.35,1.9999999999999987e-4
2026-09-26,2,wk inc rsv prop ed visits,2026-10-10,28,quantile,0.4,2.999999999999999e-4
2026-09-26,2,wk inc rsv prop ed visits,2026-10-10,28,quantile,0.45,4e-4
2026-09-26,2,wk inc rsv prop ed visits,2026-10-10,28,quantile,0.5,5e-4
2026-09-26,2,wk inc rsv prop ed visits,2026-10-10,28,quantile,0.55,6.000000000000001e-4
2026-09-26,2,wk inc rsv prop ed visits,2026-10-10,28,quantile,0.6,7.183741837418374e-4
2026-09-26,2,wk inc rsv prop ed visits,2026-10-10,28,quantile,0.65,8.999999999999997e-4
2026-09-26,2,wk inc rsv prop ed visits,2026-10-10,28,quantile,0.7,0.0010000000000000002
2026-09-26,2,wk inc rsv prop ed visits,2026-10-10,28,quantile,0.75,0.0012000000000000008
2026-09-26,2,wk inc rsv prop ed visits,2026-10-10,28,quantile,0.8,0.0014999999999999998
2026-09-26,2,wk inc rsv prop ed visits,2026-10-10,28,quantile,0.85,0.0018185590855908534
2026-09-26,2,wk inc rsv prop ed visits,2026-10-10,28,quantile,0.9,0.0023
2026-09-26,2,wk inc rsv prop ed visits,2026-10-10,28,quantile,0.95,0.00300227632276322
2026-09-26,2,wk inc rsv prop ed visits,2026-10-10,28,quantile,0.975,0.0035609026840268372
2026-09-26,2,wk inc rsv prop ed visits,2026-10-10,28,quantile,0.99,0.004218841718417184
2026-09-26,2,wk inc rsv prop ed visits,2026-10-10,29,quantile,0.01,0
2026-09-26,2,wk inc rsv prop ed visits,2026-10-10,29,quantile,0.025,0
2026-09-26,2,wk inc rsv prop ed visits,2026-10-10,29,quantile,0.05,0
2026-09-26,2,wk inc rsv prop ed visits,2026-10-10,29,quantile,0.1,0
2026-09-26,2,wk inc rsv prop ed visits,2026-10-10,29,quantile,0.15,0
2026-09-26,2,wk inc rsv prop ed visits,2026-10-10,29,quantile,0.2,0
2026-09-26,2,wk inc rsv prop ed visits,2026-10-10,29,quantile,0.25,0
2026-09-26,2,wk inc rsv prop ed visits,2026-10-10,29,quantile,0.3,0
2026-09-26,2,wk inc rsv prop ed visits,2026-10-10,29,quantile,0.35,0
2026-09-26,2,wk inc rsv prop ed visits,2026-10-10,29,quantile,0.4,0
2026-09-26,2,wk inc rsv prop ed visits,2026-10-10,29,quantile,0.45,0
2026-09-26,2,wk inc rsv prop ed visits,2026-10-10,29,quantile,0.5,0
2026-09-26,2,wk inc rsv prop ed visits,2026-10-10,29,quantile,0.55,4.0657581468206416e-20
2026-09-26,2,wk inc rsv prop ed visits,2026-10-10,29,quantile,0.6,9.999999999999994e-5
2026-09-26,2,wk inc rsv prop ed visits,2026-10-10,29,quantile,0.65,1.0000000000000018e-4
2026-09-26,2,wk inc rsv prop ed visits,2026-10-10,29,quantile,0.7,2.000000000000004e-4
2026-09-26,2,wk inc rsv prop ed visits,2026-10-10,29,quantile,0.75,3.9999999999999996e-4
2026-09-26,2,wk inc rsv prop ed visits,2026-10-10,29,quantile,0.8,6e-4
2026-09-26,2,wk inc rsv prop ed visits,2026-10-10,29,quantile,0.85,9.850064500645025e-4
2026-09-26,2,wk inc rsv prop ed visits,2026-10-10,29,quantile,0.9,0.0014000000000000006
2026-09-26,2,wk inc rsv prop ed visits,2026-10-10,29,quantile,0.95,0.002228542435424349
2026-09-26,2,wk inc rsv prop ed visits,2026-10-10,29,quantile,0.975,0.002898552410524104
2026-09-26,2,wk inc rsv prop ed visits,2026-10-10,29,quantile,0.99,0.004079888588885877
2026-09-26,2,wk inc rsv prop ed visits,2026-10-10,30,quantile,0.01,0
2026-09-26,2,wk inc rsv prop ed visits,2026-10-10,30,quantile,0.025,0
2026-09-26,2,wk inc rsv prop ed visits,2026-10-10,30,quantile,0.05,0
2026-09-26,2,wk inc rsv prop ed visits,2026-10-10,30,quantile,0.1,0
2026-09-26,2,wk inc rsv prop ed visits,2026-10-10,30,quantile,0.15,0
2026-09-26,2,wk inc rsv prop ed visits,2026-10-10,30,quantile,0.2,0
2026-09-26,2,wk inc rsv prop ed visits,2026-10-10,30,quantile,0.25,0
2026-09-26,2,wk inc rsv prop ed visits,2026-10-10,30,quantile,0.3,0
2026-09-26,2,wk inc rsv prop ed visits,2026-10-10,30,quantile,0.35,0
2026-09-26,2,wk inc rsv prop ed visits,2026-10-10,30,quantile,0.4,0
2026-09-26,2,wk inc rsv prop ed visits,2026-10-10,30,quantile,0.45,0
2026-09-26,2,wk inc rsv prop ed visits,2026-10-10,30,quantile,0.5,0
2026-09-26,2,wk inc rsv prop ed visits,2026-10-10,30,quantile,0.55,1.000000000000001e-4
2026-09-26,2,wk inc rsv prop ed visits,2026-10-10,30,quantile,0.6,2.1381593815938092e-4
2026-09-26,2,wk inc rsv prop ed visits,2026-10-10,30,quantile,0.65,4.520661206612066e-4
2026-09-26,2,wk inc rsv prop ed visits,2026-10-10,30,quantile,0.7,6.999999999999997e-4
2026-09-26,2,wk inc rsv prop ed visits,2026-10-10,30,quantile,0.75,9.326823268232681e-4
2026-09-26,2,wk inc rsv prop ed visits,2026-10-10,30,quantile,0.8,0.0014434006340063395
2026-09-26,2,wk inc rsv prop ed visits,2026-10-10,30,quantile,0.85,0.0021000000000000003
2026-09-26,2,wk inc rsv prop ed visits,2026-10-10,30,quantile,0.9,0.0028495736957369565
2026-09-26,2,wk inc rsv prop ed visits,2026-10-10,30,quantile,0.95,0.004032338273382722
2026-09-26,2,wk inc rsv prop ed visits,2026-10-10,30,quantile,0.975,0.005021024935249322
2026-09-26,2,wk inc rsv prop ed visits,2026-10-10,30,quantile,0.99,0.006250847838478379
2026-09-26,2,wk inc rsv prop ed visits,2026-10-10,31,quantile,0.01,0
2026-09-26,2,wk inc rsv prop ed visits,2026-10-10,31,quantile,0.025,0
2026-09-26,2,wk inc rsv prop ed visits,2026-10-10,31,quantile,0.05,0
2026-09-26,2,wk inc rsv prop ed visits,2026-10-10,31,quantile,0.1,0
2026-09-26,2,wk inc rsv prop ed visits,2026-10-10,31,quantile,0.15,0
2026-09-26,2,wk inc rsv prop ed visits,2026-10-10,31,quantile,0.2,0
2026-09-26,2,wk inc rsv prop ed visits,2026-10-10,31,quantile,0.25,0
2026-09-26,2,wk inc rsv prop ed visits,2026-10-10,31,quantile,0.3,0
2026-09-26,2,wk inc rsv prop ed visits,2026-10-10,31,quantile,0.35,0
2026-09-26,2,wk inc rsv prop ed visits,2026-10-10,31,quantile,0.4,0
2026-09-26,2,wk inc rsv prop ed visits,2026-10-10,31,quantile,0.45,2.710505431213761e-20
2026-09-26,2,wk inc rsv prop ed visits,2026-10-10,31,quantile,0.5,1e-4
2026-09-26,2,wk inc rsv prop ed visits,2026-10-10,31,quantile,0.55,1.9999999999999998e-4
2026-09-26,2,wk inc rsv prop ed visits,2026-10-10,31,quantile,0.6,3e-4
2026-09-26,2,wk inc rsv prop ed visits,2026-10-10,31,quantile,0.65,4.0000000000000045e-4
2026-09-26,2,wk inc rsv prop ed visits,2026-10-10,31,quantile,0.7,6.000000000000004e-4
2026-09-26,2,wk inc rsv prop ed visits,2026-10-10,31,quantile,0.75,8.999999999999999e-4
2026-09-26,2,wk inc rsv prop ed visits,2026-10-10,31,quantile,0.8,0.0011999999999999995
2026-09-26,2,wk inc rsv prop ed visits,2026-10-10,31,quantile,0.85,0.0015158633086330838
2026-09-26,2,wk inc rsv prop ed visits,2026-10-10,31,quantile,0.9,0.0019999999999999996
2026-09-26,2,wk inc rsv prop ed visits,2026-10-10,31,quantile,0.95,0.0027878240782407853
2026-09-26,2,wk inc rsv prop ed visits,2026-10-10,31,quantile,0.975,0.0034397730727307287
2026-09-26,2,wk inc rsv prop ed visits,2026-10-10,31,quantile,0.99,0.0044
2026-09-26,2,wk inc rsv prop ed visits,2026-10-10,32,quantile,0.01,0
2026-09-26,2,wk inc rsv prop ed visits,2026-10-10,32,quantile,0.025,0
2026-09-26,2,wk inc rsv prop ed visits,2026-10-10,32,quantile,0.05,0
2026-09-26,2,wk inc rsv prop ed visits,2026-10-10,32,quantile,0.1,0
2026-09-26,2,wk inc rsv prop ed visits,2026-10-10,32,quantile,0.15,0
2026-09-26,2,wk inc rsv prop ed visits,2026-10-10,32,quantile,0.2,0
2026-09-26,2,wk inc rsv prop ed visits,2026-10-10,32,quantile,0.25,0
2026-09-26,2,wk inc rsv prop ed visits,2026-10-10,32,quantile,0.3,0
2026-09-26,2,wk inc rsv prop ed visits,2026-10-10,32,quantile,0.35,0
2026-09-26,2,wk inc rsv prop ed visits,2026-10-10,32,quantile,0.4,0
2026-09-26,2,wk inc rsv prop ed visits,2026-10-10,32,quantile,0.45,0
2026-09-26,2,wk inc rsv prop ed visits,2026-10-10,32,quantile,0.5,0
2026-09-26,2,wk inc rsv prop ed visits,2026-10-10,32,quantile,0.55,9.999999999999999e-5
2026-09-26,2,wk inc rsv prop ed visits,2026-10-10,32,quantile,0.6,2.000000000000003e-4
2026-09-26,2,wk inc rsv prop ed visits,2026-10-10,32,quantile,0.65,3.9999999999999986e-4
2026-09-26,2,wk inc rsv prop ed visits,2026-10-10,32,quantile,0.7,5.501643016430132e-4
2026-09-26,2,wk inc rsv prop ed visits,2026-10-10,32,quantile,0.75,0.00077940729407293915
2026-09-26,2,wk inc rsv prop ed visits,2026-10-10,32,quantile,0.8,0.0010000000000000002
2026-09-26,2,wk inc rsv prop ed visits,2026-10-10,32,quantile,0.85,0.0014000000000000002
2026-09-26,2,wk inc rsv prop ed visits,2026-10-10,32,quantile,0.9,0.0019
2026-09-26,2,wk inc rsv prop ed visits,2026-10-10,32,quantile,0.95,0.0026652333023330166
2026-09-26,2,wk inc rsv prop ed visits,2026-10-10,32,quantile,0.975,0.0032000000000000006
2026-09-26,2,wk inc rsv prop ed visits,2026-10-10,32,quantile,0.99,0.003914903879038785
2026-09-26,2,wk inc rsv prop ed visits,2026-10-10,33,quantile,0.01,0
2026-09-26,2,wk inc rsv prop ed visits,2026-10-10,33,quantile,0.025,0
2026-09-26,2,wk inc rsv prop ed visits,2026-10-10,33,quantile,0.05,0
2026-09-26,2,wk inc rsv prop ed visits,2026-10-10,33,quantile,0.1,0
2026-09-26,2,wk inc rsv prop ed visits,2026-10-10,33,quantile,0.15,0
2026-09-26,2,wk inc rsv prop ed visits,2026-10-10,33,quantile,0.2,0
2026-09-26,2,wk inc rsv prop ed visits,2026-10-10,33,quantile,0.25,0
2026-09-26,2,wk inc rsv prop ed visits,2026-10-10,33,quantile,0.3,0
2026-09-26,2,wk inc rsv prop ed visits,2026-10-10,33,quantile,0.35,0
2026-09-26,2,wk inc rsv prop ed visits,2026-10-10,33,quantile,0.4,0
2026-09-26,2,wk inc rsv prop ed visits,2026-10-10,33,quantile,0.45,0
2026-09-26,2,wk inc rsv prop ed visits,2026-10-10,33,quantile,0.5,0
2026-09-26,2,wk inc rsv prop ed visits,2026-10-10,33,quantile,0.55,1.194973949739515e-4
2026-09-26,2,wk inc rsv prop ed visits,2026-10-10,33,quantile,0.6,3.0000000000000003e-4
2026-09-26,2,wk inc rsv prop ed visits,2026-10-10,33,quantile,0.65,5.000000000000001e-4
2026-09-26,2,wk inc rsv prop ed visits,2026-10-10,33,quantile,0.7,7.999999999999992e-4
2026-09-26,2,wk inc rsv prop ed visits,2026-10-10,33,quantile,0.75,0.0010995912459124608
2026-09-26,2,wk inc rsv prop ed visits,2026-10-10,33,quantile,0.8,0.0014999999999999996
2026-09-26,2,wk inc rsv prop ed visits,2026-10-10,33,quantile,0.85,0.002006102411024108
2026-09-26,2,wk inc rsv prop ed visits,2026-10-10,33,quantile,0.9,0.002873059430594306
2026-09-26,2,wk inc rsv prop ed visits,2026-10-10,33,quantile,0.95,0.004180791307913062
2026-09-26,2,wk inc rsv prop ed visits,2026-10-10,33,quantile,0.975,0.005056405114051128
2026-09-26,2,wk inc rsv prop ed visits,2026-10-10,33,quantile,0.99,0.00605748517485173
2026-09-26,2,wk inc rsv prop ed visits,2026-10-10,34,quantile,0.01,0
2026-09-26,2,wk inc rsv prop ed visits,2026-10-10,34,quantile,0.025,0
2026-09-26,2,wk inc rsv prop ed visits,2026-10-10,34,quantile,0.05,0
2026-09-26,2,wk inc rsv prop ed visits,2026-10-10,34,quantile,0.1,0
2026-09-26,2,wk inc rsv prop ed visits,2026-10-10,34,quantile,0.15,0
2026-09-26,2,wk inc rsv prop ed visits,2026-10-10,34,quantile,0.2,0
2026-09-26,2,wk inc rsv prop ed visits,2026-10-10,34,quantile,0.25,0
2026-09-26,2,wk inc rsv prop ed visits,2026-10-10,34,quantile,0.3,9.999999999999988e-5
2026-09-26,2,wk inc rsv prop ed visits,2026-10-10,34,quantile,0.35,1.999999999999999e-4
2026-09-26,2,wk inc rsv prop ed visits,2026-10-10,34,quantile,0.4,2.9999999999999987e-4
2026-09-26,2,wk inc rsv prop ed visits,2026-10-10,34,quantile,0.45,3.7069705697056864e-4
2026-09-26,2,wk inc rsv prop ed visits,2026-10-10,34,quantile,0.5,4e-4
2026-09-26,2,wk inc rsv prop ed visits,2026-10-10,34,quantile,0.55,5e-4
2026-09-26,2,wk inc rsv prop ed visits,2026-10-10,34,quantile,0.6,6.000000000000001e-4
2026-09-26,2,wk inc rsv prop ed visits,2026-10-10,34,quantile,0.65,7.000000000000001e-4
2026-09-26,2,wk inc rsv prop ed visits,2026-10-10,34,quantile,0.7,8.735619356193532e-4
2026-09-26,2,wk inc rsv prop ed visits,2026-10-10,34,quantile,0.75,0.0010334298342983426
2026-09-26,2,wk inc rsv prop ed visits,2026-10-10,34,quantile,0.8,0.0012999999999999995
2026-09-26,2,wk inc rsv prop ed visits,2026-10-10,34,quantile,0.85,0.001558410934109338
2026-09-26,2,wk inc rsv prop ed visits,2026-10-10,34,quantile,0.9,0.0019067994679946834
2026-09-26,2,wk inc rsv prop ed visits,2026-10-10,34,quantile,0.95,0.002581420664206643
2026-09-26,2,wk inc rsv prop ed visits,2026-10-10,34,quantile,0.975,0.0030999999999999995
2026-09-26,2,wk inc rsv prop ed visits,2026-10-10,34,quantile,0.99,0.0036291816518165126
2026-09-26,2,wk inc rsv prop ed visits,2026-10-10,35,quantile,0.01,0
2026-09-26,2,wk inc rsv prop ed visits,2026-10-10,35,quantile,0.025,0
2026-09-26,2,wk inc rsv prop ed visits,2026-10-10,35,quantile,0.05,0
2026-09-26,2,wk inc rsv prop ed visits,2026-10-10,35,quantile,0.1,0
2026-09-26,2,wk inc rsv prop ed visits,2026-10-10,35,quantile,0.15,0
2026-09-26,2,wk inc rsv prop ed visits,2026-10-10,35,quantile,0.2,0
2026-09-26,2,wk inc rsv prop ed visits,2026-10-10,35,quantile,0.25,0
2026-09-26,2,wk inc rsv prop ed visits,2026-10-10,35,quantile,0.3,0
2026-09-26,2,wk inc rsv prop ed visits,2026-10-10,35,quantile,0.35,0
2026-09-26,2,wk inc rsv prop ed visits,2026-10-10,35,quantile,0.4,0
2026-09-26,2,wk inc rsv prop ed visits,2026-10-10,35,quantile,0.45,0
2026-09-26,2,wk inc rsv prop ed visits,2026-10-10,35,quantile,0.5,1e-4
2026-09-26,2,wk inc rsv prop ed visits,2026-10-10,35,quantile,0.55,2.9999999999999987e-4
2026-09-26,2,wk inc rsv prop ed visits,2026-10-10,35,quantile,0.6,4.81367613676133e-4
2026-09-26,2,wk inc rsv prop ed visits,2026-10-10,35,quantile,0.65,7e-4
2026-09-26,2,wk inc rsv prop ed visits,2026-10-10,35,quantile,0.7,9.999999999999998e-4
2026-09-26,2,wk inc rsv prop ed visits,2026-10-10,35,quantile,0.75,0.0014000000000000009
2026-09-26,2,wk inc rsv prop ed visits,2026-10-10,35,quantile,0.8,0.002
2026-09-26,2,wk inc rsv prop ed visits,2026-10-10,35,quantile,0.85,0.0027105898058980508
2026-09-26,2,wk inc rsv prop ed visits,2026-10-10,35,quantile,0.9,0.003800000000000001
2026-09-26,2,wk inc rsv prop ed visits,2026-10-10,35,quantile,0.95,0.0056599095490954794
2026-09-26,2,wk inc rsv prop ed visits,2026-10-10,35,quantile,0.975,0.007963141231412259
2026-09-26,2,wk inc rsv prop ed visits,2026-10-10,35,quantile,0.99,0.009500976729767274
2026-09-26,2,wk inc rsv prop ed visits,2026-10-10,36,quantile,0.01,0
2026-09-26,2,wk inc rsv prop ed visits,2026-10-10,36,quantile,0.025,0
2026-09-26,2,wk inc rsv prop ed visits,2026-10-10,36,quantile,0.05,0
2026-09-26,2,wk inc rsv prop ed visits,2026-10-10,36,quantile,0.1,0
2026-09-26,2,wk inc rsv prop ed visits,2026-10-10,36,quantile,0.15,0
2026-09-26,2,wk inc rsv prop ed visits,2026-10-10,36,quantile,0.2,0
2026-09-26,2,wk inc rsv prop ed visits,2026-10-10,36,quantile,0.25,0
2026-09-26,2,wk inc rsv prop ed visits,2026-10-10,36,quantile,0.3,0
2026-09-26,2,wk inc rsv prop ed visits,2026-10-10,36,quantile,0.35,0
2026-09-26,2,wk inc rsv prop ed visits,2026-10-10,36,quantile,0.4,0
2026-09-26,2,wk inc rsv prop ed visits,2026-10-10,36,quantile,0.45,9.999999999999931e-5
2026-09-26,2,wk inc rsv prop ed visits,2026-10-10,36,quantile,0.5,1e-4
2026-09-26,2,wk inc rsv prop ed visits,2026-10-10,36,quantile,0.55,1.9999999999999933e-4
2026-09-26,2,wk inc rsv prop ed visits,2026-10-10,36,quantile,0.6,2.999999999999993e-4
2026-09-26,2,wk inc rsv prop ed visits,2026-10-10,36,quantile,0.65,3.999999999999993e-4
2026-09-26,2,wk inc rsv prop ed visits,2026-10-10,36,quantile,0.7,4.999999999999996e-4
2026-09-26,2,wk inc rsv prop ed visits,2026-10-10,36,quantile,0.75,6.707317073170707e-4
2026-09-26,2,wk inc rsv prop ed visits,2026-10-10,36,quantile,0.8,7.999999999999996e-4
2026-09-26,2,wk inc rsv prop ed visits,2026-10-10,36,quantile,0.85,0.0010217387173871702
2026-09-26,2,wk inc rsv prop ed visits,2026-10-10,36,quantile,0.9,0.0013858197581975876
2026-09-26,2,wk inc rsv prop ed visits,2026-10-10,36,quantile,0.95,0.001956170761707614
2026-09-26,2,wk inc rsv prop ed visits,2026-10-10,36,quantile,0.975,0.002536505790057898
2026-09-26,2,wk inc rsv prop ed visits,2026-10-10,36,quantile,0.99,0.0029793668436684222
2026-09-26,2,wk inc rsv prop ed visits,2026-10-10,37,quantile,0.01,0
2026-09-26,2,wk inc rsv prop ed visits,2026-10-10,37,quantile,0.025,0
2026-09-26,2,wk inc rsv prop ed visits,2026-10-10,37,quantile,0.05,0
2026-09-26,2,wk inc rsv prop ed visits,2026-10-10,37,quantile,0.1,0
2026-09-26,2,wk inc rsv prop ed visits,2026-10-10,37,quantile,0.15,0
2026-09-26,2,wk inc rsv prop ed visits,2026-10-10,37,quantile,0.2,0
2026-09-26,2,wk inc rsv prop ed visits,2026-10-10,37,quantile,0.25,0
2026-09-26,2,wk inc rsv prop ed visits,2026-10-10,37,quantile,0.3,0
2026-09-26,2,wk inc rsv prop ed visits,2026-10-10,37,quantile,0.35,6.398413984139736e-5
2026-09-26,2,wk inc rsv prop ed visits,2026-10-10,37,quantile,0.4,1.6398413984139735e-4
2026-09-26,2,wk inc rsv prop ed visits,2026-10-10,37,quantile,0.45,2.639841398413971e-4
2026-09-26,2,wk inc rsv prop ed visits,2026-10-10,37,quantile,0.5,3e-4
2026-09-26,2,wk inc rsv prop ed visits,2026-10-10,37,quantile,0.55,3.911535115351145e-4
2026-09-26,2,wk inc rsv prop ed visits,2026-10-10,37,quantile,0.6,5.639841398413972e-4
2026-09-26,2,wk inc rsv prop ed visits,2026-10-10,37,quantile,0.65,6.639841398413976e-4
2026-09-26,2,wk inc rsv prop ed visits,2026-10-10,37,quantile,0.7,8.657295572955694e-4
2026-09-26,2,wk inc rsv prop ed visits,2026-10-10,37,quantile,0.75,0.0011639841398413972
2026-09-26,2,wk inc rsv prop ed visits,2026-10-10,37,quantile,0.8,0.0014211771117711152
2026-09-26,2,wk inc rsv prop ed visits,2026-10-10,37,quantile,0.85,0.0018086270862708587
2026-09-26,2,wk inc rsv prop ed visits,2026-10-10,37,quantile,0.9,0.0023617261172611714
2026-09-26,2,wk inc rsv prop ed visits,2026-10-10,37,quantile,0.95,0.003198126281262812
2026-09-26,2,wk inc rsv prop ed visits,2026-10-10,37,quantile,0.975,0.004363251807518074
2026-09-26,2,wk inc rsv prop ed visits,2026-10-10,37,quantile,0.99,0.005272976709767096
2026-09-26,2,wk inc rsv prop ed visits,2026-10-10,38,quantile,0.01,0
2026-09-26,2,wk inc rsv prop ed visits,2026-10-10,38,quantile,0.025,0
2026-09-26,2,wk inc rsv prop ed visits,2026-10-10,38,quantile,0.05,0
2026-09-26,2,wk inc rsv prop ed visits,2026-10-10,38,quantile,0.1,0
2026-09-26,2,wk inc rsv prop ed visits,2026-10-10,38,quantile,0.15,0
2026-09-26,2,wk inc rsv prop ed visits,2026-10-10,38,quantile,0.2,0
2026-09-26,2,wk inc rsv prop ed visits,2026-10-10,38,quantile,0.25,0
2026-09-26,2,wk inc rsv prop ed visits,2026-10-10,38,quantile,0.3,0
2026-09-26,2,wk inc rsv prop ed visits,2026-10-10,38,quantile,0.35,0
2026-09-26,2,wk inc rsv prop ed visits,2026-10-10,38,quantile,0.4,0
2026-09-26,2,wk inc rsv prop ed visits,2026-10-10,38,quantile,0.45,0
2026-09-26,2,wk inc rsv prop ed visits,2026-10-10,38,quantile,0.5,1e-4
2026-09-26,2,wk inc rsv prop ed visits,2026-10-10,38,quantile,0.55,2.9999999999999867e-4
2026-09-26,2,wk inc rsv prop ed visits,2026-10-10,38,quantile,0.6,3.9999999999999926e-4
2026-09-26,2,wk inc rsv prop ed visits,2026-10-10,38,quantile,0.65,5.999999999999994e-4
2026-09-26,2,wk inc rsv prop ed visits,2026-10-10,38,quantile,0.7,8.566481664816616e-4
2026-09-26,2,wk inc rsv prop ed visits,2026-10-10,38,quantile,0.75,0.0011999999999999988
2026-09-26,2,wk inc rsv prop ed visits,2026-10-10,38,quantile,0.8,0.0015270508705087073
2026-09-26,2,wk inc rsv prop ed visits,2026-10-10,38,quantile,0.85,0.002023461134611346
2026-09-26,2,wk inc rsv prop ed visits,2026-10-10,38,quantile,0.9,0.002999999999999997
2026-09-26,2,wk inc rsv prop ed visits,2026-10-10,38,quantile,0.95,0.004966952219522188
2026-09-26,2,wk inc rsv prop ed visits,2026-10-10,38,quantile,0.975,0.006653443284432847
2026-09-26,2,wk inc rsv prop ed visits,2026-10-10,38,quantile,0.99,0.008363224952249488
2026-09-26,2,wk inc rsv prop ed visits,2026-10-10,39,quantile,0.01,0
2026-09-26,2,wk inc rsv prop ed visits,2026-10-10,39,quantile,0.025,0
2026-09-26,2,wk inc rsv prop ed visits,2026-10-10,39,quantile,0.05,0
2026-09-26,2,wk inc rsv prop ed visits,2026-10-10,39,quantile,0.1,0
2026-09-26,2,wk inc rsv prop ed visits,2026-10-10,39,quantile,0.15,0
2026-09-26,2,wk inc rsv prop ed visits,2026-10-10,39,quantile,0.2,0
2026-09-26,2,wk inc rsv prop ed visits,2026-10-10,39,quantile,0.25,0
2026-09-26,2,wk inc rsv prop ed visits,2026-10-10,39,quantile,0.3,0
2026-09-26,2,wk inc rsv prop ed visits,2026-10-10,39,quantile,0.35,0
2026-09-26,2,wk inc rsv prop ed visits,2026-10-10,39,quantile,0.4,0
2026-09-26,2,wk inc rsv prop ed visits,2026-10-10,39,quantile,0.45,4.567545675460003e-6
2026-09-26,2,wk inc rsv prop ed visits,2026-10-10,39,quantile,0.5,1e-4
2026-09-26,2,wk inc rsv prop ed visits,2026-10-10,39,quantile,0.55,1.0456754567546003e-4
2026-09-26,2,wk inc rsv prop ed visits,2026-10-10,39,quantile,0.6,2.0456754567546e-4
2026-09-26,2,wk inc rsv prop ed visits,2026-10-10,39,quantile,0.65,3.045675456754601e-4
2026-09-26,2,wk inc rsv prop ed visits,2026-10-10,39,quantile,0.7,4.045675456754611e-4
2026-09-26,2,wk inc rsv prop ed visits,2026-10-10,39,quantile,0.75,6.045675456754601e-4
2026-09-26,2,wk inc rsv prop ed visits,2026-10-10,39,quantile,0.8,8.045675456754602e-4
2026-09-26,2,wk inc rsv prop ed visits,2026-10-10,39,quantile,0.85,0.0011045675456754598
2026-09-26,2,wk inc rsv prop ed visits,2026-10-10,39,quantile,0.9,0.0015813743137431397
2026-09-26,2,wk inc rsv prop ed visits,2026-10-10,39,quantile,0.95,0.0022045675456754603
2026-09-26,2,wk inc rsv prop ed visits,2026-10-10,39,quantile,0.975,0.0028107288322883157
2026-09-26,2,wk inc rsv prop ed visits,2026-10-10,39,quantile,0.99,0.0035547712477124816
2026-09-26,2,wk inc rsv prop ed visits,2026-10-10,40,quantile,0.01,0
2026-09-26,2,wk inc rsv prop ed visits,2026-10-10,40,quantile,0.025,0
2026-09-26,2,wk inc rsv prop ed visits,2026-10-10,40,quantile,0.05,0
2026-09-26,2,wk inc rsv prop ed visits,2026-10-10,40,quantile,0.1,0
2026-09-26,2,wk inc rsv prop ed visits,2026-10-10,40,quantile,0.15,0
2026-09-26,2,wk inc rsv prop ed visits,2026-10-10,40,quantile,0.2,0
2026-09-26,2,wk inc rsv prop ed visits,2026-10-10,40,quantile,0.25,0
2026-09-26,2,wk inc rsv prop ed visits,2026-10-10,40,quantile,0.3,0
2026-09-26,2,wk inc rsv prop ed visits,2026-10-10,40,quantile,0.35,0
2026-09-26,2,wk inc rsv prop ed visits,2026-10-10,40,quantile,0.4,0
2026-09-26,2,wk inc rsv prop ed visits,2026-10-10,40,quantile,0.45,9.999999999999999e-5
2026-09-26,2,wk inc rsv prop ed visits,2026-10-10,40,quantile,0.5,2e-4
2026-09-26,2,wk inc rsv prop ed visits,2026-10-10,40,quantile,0.55,3.0000000000000014e-4
2026-09-26,2,wk inc rsv prop ed visits,2026-10-10,40,quantile,0.6,4.999999999999998e-4
2026-09-26,2,wk inc rsv prop ed visits,2026-10-10,40,quantile,0.65,6.672000720007191e-4
2026-09-26,2,wk inc rsv prop ed visits,2026-10-10,40,quantile,0.7,9e-4
2026-09-26,2,wk inc rsv prop ed visits,2026-10-10,40,quantile,0.75,0.0012000000000000001
2026-09-26,2,wk inc rsv prop ed visits,2026-10-10,40,quantile,0.8,0.0015999999999999992
2026-09-26,2,wk inc rsv prop ed visits,2026-10-10,40,quantile,0.85,0.0019899591495914945
2026-09-26,2,wk inc rsv prop ed visits,2026-10-10,40,quantile,0.9,0.002500000000000001
2026-09-26,2,wk inc rsv prop ed visits,2026-10-10,40,quantile,0.95,0.003539381243812435
2026-09-26,2,wk inc rsv prop ed visits,2026-10-10,40,quantile,0.975,0.004369134666346664
2026-09-26,2,wk inc rsv prop ed visits,2026-10-10,40,quantile,0.99,0.0051874969249692355
2026-09-26,2,wk inc rsv prop ed visits,2026-10-10,41,quantile,0.01,0
2026-09-26,2,wk inc rsv prop ed visits,2026-10-10,41,quantile,0.025,0
2026-09-26,2,wk inc rsv prop ed visits,2026-10-10,41,quantile,0.05,0
2026-09-26,2,wk inc rsv prop ed visits,2026-10-10,41,quantile,0.1,0
2026-09-26,2,wk inc rsv prop ed visits,2026-10-10,41,quantile,0.15,0
2026-09-26,2,wk inc rsv prop ed visits,2026-10-10,41,quantile,0.2,0
2026-09-26,2,wk inc rsv prop ed visits,2026-10-10,41,quantile,0.25,0
2026-09-26,2,wk inc rsv prop ed visits,2026-10-10,41,quantile,0.3,0
2026-09-26,2,wk inc rsv prop ed visits,2026-10-10,41,quantile,0.35,0
2026-09-26,2,wk inc rsv prop ed visits,2026-10-10,41,quantile,0.4,2.0328790734103208e-19
2026-09-26,2,wk inc rsv prop ed visits,2026-10-10,41,quantile,0.45,1.0000000000000018e-4
2026-09-26,2,wk inc rsv prop ed visits,2026-10-10,41,quantile,0.5,2e-4
2026-09-26,2,wk inc rsv prop ed visits,2026-10-10,41,quantile,0.55,2.8636526365263826e-4
2026-09-26,2,wk inc rsv prop ed visits,2026-10-10,41,quantile,0.6,3.9999999999999996e-4
2026-09-26,2,wk inc rsv prop ed visits,2026-10-10,41,quantile,0.65,5.000000000000002e-4
2026-09-26,2,wk inc rsv prop ed visits,2026-10-10,41,quantile,0.7,7.000000000000004e-4
2026-09-26,2,wk inc rsv prop ed visits,2026-10-10,41,quantile,0.75,9.999999999999996e-4
2026-09-26,2,wk inc rsv prop ed visits,2026-10-10,41,quantile,0.8,0.0012918599185991876
2026-09-26,2,wk inc rsv prop ed visits,2026-10-10,41,quantile,0.85,0.0016000000000000003
2026-09-26,2,wk inc rsv prop ed visits,2026-10-10,41,quantile,0.9,0.0022214385143851404
2026-09-26,2,wk inc rsv prop ed visits,2026-10-10,41,quantile,0.95,0.0030169065190651873
2026-09-26,2,wk inc rsv prop ed visits,2026-10-10,41,quantile,0.975,0.0036824140991409946
2026-09-26,2,wk inc rsv prop ed visits,2026-10-10,41,quantile,0.99,0.004499999999999999
2026-09-26,2,wk inc rsv prop ed visits,2026-10-10,42,quantile,0.01,0
2026-09-26,2,wk inc rsv prop ed visits,2026-10-10,42,quantile,0.025,0
2026-09-26,2,wk inc rsv prop ed visits,2026-10-10,42,quantile,0.05,0
2026-09-26,2,wk inc rsv prop ed visits,2026-10-10,42,quantile,0.1,0
2026-09-26,2,wk inc rsv prop ed visits,2026-10-10,42,quantile,0.15,0
2026-09-26,2,wk inc rsv prop ed visits,2026-10-10,42,quantile,0.2,0
2026-09-26,2,wk inc rsv prop ed visits,2026-10-10,42,quantile,0.25,0
2026-09-26,2,wk inc rsv prop ed visits,2026-10-10,42,quantile,0.3,0
2026-09-26,2,wk inc rsv prop ed visits,2026-10-10,42,quantile,0.35,0
2026-09-26,2,wk inc rsv prop ed visits,2026-10-10,42,quantile,0.4,0
2026-09-26,2,wk inc rsv prop ed visits,2026-10-10,42,quantile,0.45,5.500205002050319e-5
2026-09-26,2,wk inc rsv prop ed visits,2026-10-10,42,quantile,0.5,1e-4
2026-09-26,2,wk inc rsv prop ed visits,2026-10-10,42,quantile,0.55,1.550020500205032e-4
2026-09-26,2,wk inc rsv prop ed visits,2026-10-10,42,quantile,0.6,2.550020500205032e-4
2026-09-26,2,wk inc rsv prop ed visits,2026-10-10,42,quantile,0.65,3.550020500205037e-4
2026-09-26,2,wk inc rsv prop ed visits,2026-10-10,42,quantile,0.7,5.550020500205032e-4
2026-09-26,2,wk inc rsv prop ed visits,2026-10-10,42,quantile,0.75,7.550020500205029e-4
2026-09-26,2,wk inc rsv prop ed visits,2026-10-10,42,quantile,0.8,9.550020500205028e-4
2026-09-26,2,wk inc rsv prop ed visits,2026-10-10,42,quantile,0.85,0.0012405120051200535
2026-09-26,2,wk inc rsv prop ed visits,2026-10-10,42,quantile,0.9,0.001755002050020504
2026-09-26,2,wk inc rsv prop ed visits,2026-10-10,42,quantile,0.95,0.002606976669766701
2026-09-26,2,wk inc rsv prop ed visits,2026-10-10,42,quantile,0.975,0.0031320871458714625
2026-09-26,2,wk inc rsv prop ed visits,2026-10-10,42,quantile,0.99,0.0036662928029280307
2026-09-26,2,wk inc rsv prop ed visits,2026-10-10,44,quantile,0.01,0
2026-09-26,2,wk inc rsv prop ed visits,2026-10-10,44,quantile,0.025,0
2026-09-26,2,wk inc rsv prop ed visits,2026-10-10,44,quantile,0.05,0
2026-09-26,2,wk inc rsv prop ed visits,2026-10-10,44,quantile,0.1,0
2026-09-26,2,wk inc rsv prop ed visits,2026-10-10,44,quantile,0.15,0
2026-09-26,2,wk inc rsv prop ed visits,2026-10-10,44,quantile,0.2,0
2026-09-26,2,wk inc rsv prop ed visits,2026-10-10,44,quantile,0.25,0
2026-09-26,2,wk inc rsv prop ed visits,2026-10-10,44,quantile,0.3,0
2026-09-26,2,wk inc rsv prop ed visits,2026-10-10,44,quantile,0.35,0
2026-09-26,2,wk inc rsv prop ed visits,2026-10-10,44,quantile,0.4,4.0657581468206416e-20
2026-09-26,2,wk inc rsv prop ed visits,2026-10-10,44,quantile,0.45,1.0000000000000002e-4
2026-09-26,2,wk inc rsv prop ed visits,2026-10-10,44,quantile,0.5,2e-4
2026-09-26,2,wk inc rsv prop ed visits,2026-10-10,44,quantile,0.55,3.0000000000000003e-4
2026-09-26,2,wk inc rsv prop ed visits,2026-10-10,44,quantile,0.6,4.000000000000001e-4
2026-09-26,2,wk inc rsv prop ed visits,2026-10-10,44,quantile,0.65,5.999999999999997e-4
2026-09-26,2,wk inc rsv prop ed visits,2026-10-10,44,quantile,0.7,7.999999999999997e-4
2026-09-26,2,wk inc rsv prop ed visits,2026-10-10,44,quantile,0.75,0.001042205672056721
2026-09-26,2,wk inc rsv prop ed visits,2026-10-10,44,quantile,0.8,0.0014000000000000004
2026-09-26,2,wk inc rsv prop ed visits,2026-10-10,44,quantile,0.85,0.0019000000000000004
2026-09-26,2,wk inc rsv prop ed visits,2026-10-10,44,quantile,0.9,0.002561570215702157
2026-09-26,2,wk inc rsv prop ed visits,2026-10-10,44,quantile,0.95,0.003374249642496425
2026-09-26,2,wk inc rsv prop ed visits,2026-10-10,44,quantile,0.975,0.003989582270822715
2026-09-26,2,wk inc rsv prop ed visits,2026-10-10,44,quantile,0.99,0.0048306528365283374
2026-09-26,2,wk inc rsv prop ed visits,2026-10-10,45,quantile,0.01,0
2026-09-26,2,wk inc rsv prop ed visits,2026-10-10,45,quantile,0.025,0
2026-09-26,2,wk inc rsv prop ed visits,2026-10-10,45,quantile,0.05,0
2026-09-26,2,wk inc rsv prop ed visits,2026-10-10,45,quantile,0.1,0
2026-09-26,2,wk inc rsv prop ed visits,2026-10-10,45,quantile,0.15,0
2026-09-26,2,wk inc rsv prop ed visits,2026-10-10,45,quantile,0.2,0
2026-09-26,2,wk inc rsv prop ed visits,2026-10-10,45,quantile,0.25,0
2026-09-26,2,wk inc rsv prop ed visits,2026-10-10,45,quantile,0.3,1.0842021724855044e-19
2026-09-26,2,wk inc rsv prop ed visits,2026-10-10,45,quantile,0.35,1.3321393213932122e-4
2026-09-26,2,wk inc rsv prop ed visits,2026-10-10,45,quantile,0.4,2.269910699107015e-4
2026-09-26,2,wk inc rsv prop ed visits,2026-10-10,45,quantile,0.45,3.0000000000000046e-4
2026-09-26,2,wk inc rsv prop ed visits,2026-10-10,45,quantile,0.5,4e-4
2026-09-26,2,wk inc rsv prop ed visits,2026-10-10,45,quantile,0.55,4.999999999999999e-4
2026-09-26,2,wk inc rsv prop ed visits,2026-10-10,45,quantile,0.6,6.000000000000004e-4
2026-09-26,2,wk inc rsv prop ed visits,2026-10-10,45,quantile,0.65,7.99999999999999e-4
2026-09-26,2,wk inc rsv prop ed visits,2026-10-10,45,quantile,0.7,8.999999999999998e-4
2026-09-26,2,wk inc rsv prop ed visits,2026-10-10,45,quantile,0.75,0.0010999999999999994
2026-09-26,2,wk inc rsv prop ed visits,2026-10-10,45,quantile,0.8,0.0013
2026-09-26,2,wk inc rsv prop ed visits,2026-10-10,45,quantile,0.85,0.0015999999999999999
2026-09-26,2,wk inc rsv prop ed visits,2026-10-10,45,quantile,0.9,0.0020717462174621747
2026-09-26,2,wk inc rsv prop ed visits,2026-10-10,45,quantile,0.95,0.0027
2026-09-26,2,wk inc rsv prop ed visits,2026-10-10,45,quantile,0.975,0.0033000000000000004
2026-09-26,2,wk inc rsv prop ed visits,2026-10-10,45,quantile,0.99,0.0040999999999999995
2026-09-26,2,wk inc rsv prop ed visits,2026-10-10,46,quantile,0.01,0
2026-09-26,2,wk inc rsv prop ed visits,2026-10-10,46,quantile,0.025,0
2026-09-26,2,wk inc rsv prop ed visits,2026-10-10,46,quantile,0.05,0
2026-09-26,2,wk inc rsv prop ed visits,2026-10-10,46,quantile,0.1,0
2026-09-26,2,wk inc rsv prop ed visits,2026-10-10,46,quantile,0.15,0
2026-09-26,2,wk inc rsv prop ed visits,2026-10-10,46,quantile,0.2,0
2026-09-26,2,wk inc rsv prop ed visits,2026-10-10,46,quantile,0.25,0
2026-09-26,2,wk inc rsv prop ed visits,2026-10-10,46,quantile,0.3,0
2026-09-26,2,wk inc rsv prop ed visits,2026-10-10,46,quantile,0.35,0
2026-09-26,2,wk inc rsv prop ed visits,2026-10-10,46,quantile,0.4,0
2026-09-26,2,wk inc rsv prop ed visits,2026-10-10,46,quantile,0.45,0
2026-09-26,2,wk inc rsv prop ed visits,2026-10-10,46,quantile,0.5,0
2026-09-26,2,wk inc rsv prop ed visits,2026-10-10,46,quantile,0.55,1.9999999999999998e-4
2026-09-26,2,wk inc rsv prop ed visits,2026-10-10,46,quantile,0.6,3.999999999999998e-4
2026-09-26,2,wk inc rsv prop ed visits,2026-10-10,46,quantile,0.65,6.000000000000001e-4
2026-09-26,2,wk inc rsv prop ed visits,2026-10-10,46,quantile,0.7,9.000000000000002e-4
2026-09-26,2,wk inc rsv prop ed visits,2026-10-10,46,quantile,0.75,0.0012662759127591255
2026-09-26,2,wk inc rsv prop ed visits,2026-10-10,46,quantile,0.8,0.0016958843588435889
2026-09-26,2,wk inc rsv prop ed visits,2026-10-10,46,quantile,0.85,0.0022084793347933477
2026-09-26,2,wk inc rsv prop ed visits,2026-10-10,46,quantile,0.9,0.0029224589245892504
2026-09-26,2,wk inc rsv prop ed visits,2026-10-10,46,quantile,0.95,0.0038999999999999994
2026-09-26,2,wk inc rsv prop ed visits,2026-10-10,46,quantile,0.975,0.0047
2026-09-26,2,wk inc rsv prop ed visits,2026-10-10,46,quantile,0.99,0.0057656032460324524
2026-09-26,2,wk inc rsv prop ed visits,2026-10-10,47,quantile,0.01,0
2026-09-26,2,wk inc rsv prop ed visits,2026-10-10,47,quantile,0.025,0
2026-09-26,2,wk inc rsv prop ed visits,2026-10-10,47,quantile,0.05,0
2026-09-26,2,wk inc rsv prop ed visits,2026-10-10,47,quantile,0.1,0
2026-09-26,2,wk inc rsv prop ed visits,2026-10-10,47,quantile,0.15,0
2026-09-26,2,wk inc rsv prop ed visits,2026-10-10,47,quantile,0.2,0
2026-09-26,2,wk inc rsv prop ed visits,2026-10-10,47,quantile,0.25,0
2026-09-26,2,wk inc rsv prop ed visits,2026-10-10,47,quantile,0.3,0
2026-09-26,2,wk inc rsv prop ed visits,2026-10-10,47,quantile,0.35,9.999999999999972e-5
2026-09-26,2,wk inc rsv prop ed visits,2026-10-10,47,quantile,0.4,2.1021710217102168e-4
2026-09-26,2,wk inc rsv prop ed visits,2026-10-10,47,quantile,0.45,3.126173761737616e-4
2026-09-26,2,wk inc rsv prop ed visits,2026-10-10,47,quantile,0.5,4e-4
2026-09-26,2,wk inc rsv prop ed visits,2026-10-10,47,quantile,0.55,5.049925999260022e-4
2026-09-26,2,wk inc rsv prop ed visits,2026-10-10,47,quantile,0.6,6.999999999999986e-4
2026-09-26,2,wk inc rsv prop ed visits,2026-10-10,47,quantile,0.65,7.999999999999995e-4
2026-09-26,2,wk inc rsv prop ed visits,2026-10-10,47,quantile,0.7,9.99999999999999e-4
2026-09-26,2,wk inc rsv prop ed visits,2026-10-10,47,quantile,0.75,0.0011999999999999992
2026-09-26,2,wk inc rsv prop ed visits,2026-10-10,47,quantile,0.8,0.0014999999999999992
2026-09-26,2,wk inc rsv prop ed visits,2026-10-10,47,quantile,0.85,0.001877242322423221
2026-09-26,2,wk inc rsv prop ed visits,2026-10-10,47,quantile,0.9,0.002293649536495369
2026-09-26,2,wk inc rsv prop ed visits,2026-10-10,47,quantile,0.95,0.0029000000000000002
2026-09-26,2,wk inc rsv prop ed visits,2026-10-10,47,quantile,0.975,0.003574045615456148
2026-09-26,2,wk inc rsv prop ed visits,2026-10-10,47,quantile,0.99,0.004298937659376583
2026-09-26,2,wk inc rsv prop ed visits,2026-10-10,48,quantile,0.01,0
2026-09-26,2,wk inc rsv prop ed visits,2026-10-10,48,quantile,0.025,0
2026-09-26,2,wk inc rsv prop ed visits,2026-10-10,48,quantile,0.05,0
2026-09-26,2,wk inc rsv prop ed visits,2026-10-10,48,quantile,0.1,0
2026-09-26,2,wk inc rsv prop ed visits,2026-10-10,48,quantile,0.15,0
2026-09-26,2,wk inc rsv prop ed visits,2026-10-10,48,quantile,0.2,0
2026-09-26,2,wk inc rsv prop ed visits,2026-10-10,48,quantile,0.25,0
2026-09-26,2,wk inc rsv prop ed visits,2026-10-10,48,quantile,0.3,1.9999999999999966e-4
2026-09-26,2,wk inc rsv prop ed visits,2026-10-10,48,quantile,0.35,3.0000000000000003e-4
2026-09-26,2,wk inc rsv prop ed visits,2026-10-10,48,quantile,0.4,4.0000000000000056e-4
2026-09-26,2,wk inc rsv prop ed visits,2026-10-10,48,quantile,0.45,5.000000000000001e-4
2026-09-26,2,wk inc rsv prop ed visits,2026-10-10,48,quantile,0.5,6e-4
2026-09-26,2,wk inc rsv prop ed visits,2026-10-10,48,quantile,0.55,6.999999999999999e-4
2026-09-26,2,wk inc rsv prop ed visits,2026-10-10,48,quantile,0.6,7.999999999999999e-4
2026-09-26,2,wk inc rsv prop ed visits,2026-10-10,48,quantile,0.65,9.999999999999992e-4
2026-09-26,2,wk inc rsv prop ed visits,2026-10-10,48,quantile,0.7,0.001137355773557736
2026-09-26,2,wk inc rsv prop ed visits,2026-10-10,48,quantile,0.75,0.0013999999999999976
2026-09-26,2,wk inc rsv prop ed visits,2026-10-10,48,quantile,0.8,0.0016339421394213913
2026-09-26,2,wk inc rsv prop ed visits,2026-10-10,48,quantile,0.85,0.001999999999999999
2026-09-26,2,wk inc rsv prop ed visits,2026-10-10,48,quantile,0.9,0.0024000000000000007
2026-09-26,2,wk inc rsv prop ed visits,2026-10-10,48,quantile,0.95,0.003138430234302345
2026-09-26,2,wk inc rsv prop ed visits,2026-10-10,48,quantile,0.975,0.003717062745627447
2026-09-26,2,wk inc rsv prop ed visits,2026-10-10,48,quantile,0.99,0.004420090060900604
2026-09-26,2,wk inc rsv prop ed visits,2026-10-10,49,quantile,0.01,0
2026-09-26,2,wk inc rsv prop ed visits,2026-10-10,49,quantile,0.025,0
2026-09-26,2,wk inc rsv prop ed visits,2026-10-10,49,quantile,0.05,0
2026-09-26,2,wk inc rsv prop ed visits,2026-10-10,49,quantile,0.1,0
2026-09-26,2,wk inc rsv prop ed visits,2026-10-10,49,quantile,0.15,0
2026-09-26,2,wk inc rsv prop ed visits,2026-10-10,49,quantile,0.2,0
2026-09-26,2,wk inc rsv prop ed visits,2026-10-10,49,quantile,0.25,0
2026-09-26,2,wk inc rsv prop ed visits,2026-10-10,49,quantile,0.3,0
2026-09-26,2,wk inc rsv prop ed visits,2026-10-10,49,quantile,0.35,0
2026-09-26,2,wk inc rsv prop ed visits,2026-10-10,49,quantile,0.4,0
2026-09-26,2,wk inc rsv prop ed visits,2026-10-10,49,quantile,0.45,0
2026-09-26,2,wk inc rsv prop ed visits,2026-10-10,49,quantile,0.5,0
2026-09-26,2,wk inc rsv prop ed visits,2026-10-10,49,quantile,0.55,9.999999999999999e-5
2026-09-26,2,wk inc rsv prop ed visits,2026-10-10,49,quantile,0.6,2.9999999999999965e-4
2026-09-26,2,wk inc rsv prop ed visits,2026-10-10,49,quantile,0.65,4.999999999999996e-4
2026-09-26,2,wk inc rsv prop ed visits,2026-10-10,49,quantile,0.7,7.067881678816803e-4
2026-09-26,2,wk inc rsv prop ed visits,2026-10-10,49,quantile,0.75,0.0010999999999999994
2026-09-26,2,wk inc rsv prop ed visits,2026-10-10,49,quantile,0.8,0.0015340141401414043
2026-09-26,2,wk inc rsv prop ed visits,2026-10-10,49,quantile,0.85,0.0021000000000000007
2026-09-26,2,wk inc rsv prop ed visits,2026-10-10,49,quantile,0.9,0.0029564758647586506
2026-09-26,2,wk inc rsv prop ed visits,2026-10-10,49,quantile,0.95,0.004349189091890915
2026-09-26,2,wk inc rsv prop ed visits,2026-10-10,49,quantile,0.975,0.006
2026-09-26,2,wk inc rsv prop ed visits,2026-10-10,49,quantile,0.99,0.007646045640456326
2026-09-26,2,wk inc rsv prop ed visits,2026-10-10,50,quantile,0.01,0
2026-09-26,2,wk inc rsv prop ed visits,2026-10-10,50,quantile,0.025,0
2026-09-26,2,wk inc rsv prop ed visits,2026-10-10,50,quantile,0.05,0
2026-09-26,2,wk inc rsv prop ed visits,2026-10-10,50,quantile,0.1,0
2026-09-26,2,wk inc rsv prop ed visits,2026-10-10,50,quantile,0.15,0
2026-09-26,2,wk inc rsv prop ed visits,2026-10-10,50,quantile,0.2,0
2026-09-26,2,wk inc rsv prop ed visits,2026-10-10,50,quantile,0.25,0
2026-09-26,2,wk inc rsv prop ed visits,2026-10-10,50,quantile,0.3,0
2026-09-26,2,wk inc rsv prop ed visits,2026-10-10,50,quantile,0.35,0
2026-09-26,2,wk inc rsv prop ed visits,2026-10-10,50,quantile,0.4,0
2026-09-26,2,wk inc rsv prop ed visits,2026-10-10,50,quantile,0.45,0
2026-09-26,2,wk inc rsv prop ed visits,2026-10-10,50,quantile,0.5,1.500014999825149e-9
2026-09-26,2,wk inc rsv prop ed visits,2026-10-10,50,quantile,0.55,1.0452304523045331e-4
2026-09-26,2,wk inc rsv prop ed visits,2026-10-10,50,quantile,0.6,3.045230452304535e-4
2026-09-26,2,wk inc rsv prop ed visits,2026-10-10,50,quantile,0.65,6.045230452304527e-4
2026-09-26,2,wk inc rsv prop ed visits,2026-10-10,50,quantile,0.7,9.034768347683424e-4
2026-09-26,2,wk inc rsv prop ed visits,2026-10-10,50,quantile,0.75,0.0012045230452304534
2026-09-26,2,wk inc rsv prop ed visits,2026-10-10,50,quantile,0.8,0.0016975599755997648
2026-09-26,2,wk inc rsv prop ed visits,2026-10-10,50,quantile,0.85,0.0024045230452304526
2026-09-26,2,wk inc rsv prop ed visits,2026-10-10,50,quantile,0.9,0.0032747285472854728
2026-09-26,2,wk inc rsv prop ed visits,2026-10-10,50,quantile,0.95,0.004750897408974086
2026-09-26,2,wk inc rsv prop ed visits,2026-10-10,50,quantile,0.975,0.006002756652566517
2026-09-26,2,wk inc rsv prop ed visits,2026-10-10,50,quantile,0.99,0.007644538525385237
2026-09-26,2,wk inc rsv prop ed visits,2026-10-10,51,quantile,0.01,0
2026-09-26,2,wk inc rsv prop ed visits,2026-10-10,51,quantile,0.025,0
2026-09-26,2,wk inc rsv prop ed visits,2026-10-10,51,quantile,0.05,0
2026-09-26,2,wk inc rsv prop ed visits,2026-10-10,51,quantile,0.1,0
2026-09-26,2,wk inc rsv prop ed visits,2026-10-10,51,quantile,0.15,0
2026-09-26,2,wk inc rsv prop ed visits,2026-10-10,51,quantile,0.2,0
2026-09-26,2,wk inc rsv prop ed visits,2026-10-10,51,quantile,0.25,0
2026-09-26,2,wk inc rsv prop ed visits,2026-10-10,51,quantile,0.3,0
2026-09-26,2,wk inc rsv prop ed visits,2026-10-10,51,quantile,0.35,0
2026-09-26,2,wk inc rsv prop ed visits,2026-10-10,51,quantile,0.4,9.99999999999983e-5
2026-09-26,2,wk inc rsv prop ed visits,2026-10-10,51,quantile,0.45,1.9999999999999822e-4
2026-09-26,2,wk inc rsv prop ed visits,2026-10-10,51,quantile,0.5,2e-4
2026-09-26,2,wk inc rsv prop ed visits,2026-10-10,51,quantile,0.55,2.999999999999984e-4
2026-09-26,2,wk inc rsv prop ed visits,2026-10-10,51,quantile,0.6,3.9999999999999834e-4
2026-09-26,2,wk inc rsv prop ed visits,2026-10-10,51,quantile,0.65,4.999999999999985e-4
2026-09-26,2,wk inc rsv prop ed visits,2026-10-10,51,quantile,0.7,6.999999999999976e-4
2026-09-26,2,wk inc rsv prop ed visits,2026-10-10,51,quantile,0.75,7.999999999999986e-4
2026-09-26,2,wk inc rsv prop ed visits,2026-10-10,51,quantile,0.8,9.999999999999985e-4
2026-09-26,2,wk inc rsv prop ed visits,2026-10-10,51,quantile,0.85,0.0012677293272932704
2026-09-26,2,wk inc rsv prop ed visits,2026-10-10,51,quantile,0.9,0.0015999999999999981
2026-09-26,2,wk inc rsv prop ed visits,2026-10-10,51,quantile,0.95,0.002104684346843463
2026-09-26,2,wk inc rsv prop ed visits,2026-10-10,51,quantile,0.975,0.0025999999999999994
2026-09-26,2,wk inc rsv prop ed visits,2026-10-10,51,quantile,0.99,0.003174046130461291
2026-09-26,2,wk inc rsv prop ed visits,2026-10-10,53,quantile,0.01,0
2026-09-26,2,wk inc rsv prop ed visits,2026-10-10,53,quantile,0.025,0
2026-09-26,2,wk inc rsv prop ed visits,2026-10-10,53,quantile,0.05,0
2026-09-26,2,wk inc rsv prop ed visits,2026-10-10,53,quantile,0.1,0
2026-09-26,2,wk inc rsv prop ed visits,2026-10-10,53,quantile,0.15,0
2026-09-26,2,wk inc rsv prop ed visits,2026-10-10,53,quantile,0.2,0
2026-09-26,2,wk inc rsv prop ed visits,2026-10-10,53,quantile,0.25,0
2026-09-26,2,wk inc rsv prop ed visits,2026-10-10,53,quantile,0.3,0
2026-09-26,2,wk inc rsv prop ed visits,2026-10-10,53,quantile,0.35,0
2026-09-26,2,wk inc rsv prop ed visits,2026-10-10,53,quantile,0.4,0
2026-09-26,2,wk inc rsv prop ed visits,2026-10-10,53,quantile,0.45,0
2026-09-26,2,wk inc rsv prop ed visits,2026-10-10,53,quantile,0.5,1e-4
2026-09-26,2,wk inc rsv prop ed visits,2026-10-10,53,quantile,0.55,1.9999999999999998e-4
2026-09-26,2,wk inc rsv prop ed visits,2026-10-10,53,quantile,0.6,3.000000000000002e-4
2026-09-26,2,wk inc rsv prop ed visits,2026-10-10,53,quantile,0.65,4.999999999999998e-4
2026-09-26,2,wk inc rsv prop ed visits,2026-10-10,53,quantile,0.7,6.999999999999999e-4
2026-09-26,2,wk inc rsv prop ed visits,2026-10-10,53,quantile,0.75,9.50225002250024e-4
2026-09-26,2,wk inc rsv prop ed visits,2026-10-10,53,quantile,0.8,0.0012000000000000005
2026-09-26,2,wk inc rsv prop ed visits,2026-10-10,53,quantile,0.85,0.001599999999999999
2026-09-26,2,wk inc rsv prop ed visits,2026-10-10,53,quantile,0.9,0.002300000000000003
2026-09-26,2,wk inc rsv prop ed visits,2026-10-10,53,quantile,0.95,0.0034966316163161587
2026-09-26,2,wk inc rsv prop ed visits,2026-10-10,53,quantile,0.975,0.004724546245462452
2026-09-26,2,wk inc rsv prop ed visits,2026-10-10,53,quantile,0.99,0.005799999999999998
2026-09-26,2,wk inc rsv prop ed visits,2026-10-10,54,quantile,0.01,0
2026-09-26,2,wk inc rsv prop ed visits,2026-10-10,54,quantile,0.025,0
2026-09-26,2,wk inc rsv prop ed visits,2026-10-10,54,quantile,0.05,0
2026-09-26,2,wk inc rsv prop ed visits,2026-10-10,54,quantile,0.1,0
2026-09-26,2,wk inc rsv prop ed visits,2026-10-10,54,quantile,0.15,0
2026-09-26,2,wk inc rsv prop ed visits,2026-10-10,54,quantile,0.2,0
2026-09-26,2,wk inc rsv prop ed visits,2026-10-10,54,quantile,0.25,0
2026-09-26,2,wk inc rsv prop ed visits,2026-10-10,54,quantile,0.3,0
2026-09-26,2,wk inc rsv prop ed visits,2026-10-10,54,quantile,0.35,0
2026-09-26,2,wk inc rsv prop ed visits,2026-10-10,54,quantile,0.4,0
2026-09-26,2,wk inc rsv prop ed visits,2026-10-10,54,quantile,0.45,2.222614453595284e-18
2026-09-26,2,wk inc rsv prop ed visits,2026-10-10,54,quantile,0.5,2.0000000000000004e-4
2026-09-26,2,wk inc rsv prop ed visits,2026-10-10,54,quantile,0.55,3.0000000000000263e-4
2026-09-26,2,wk inc rsv prop ed visits,2026-10-10,54,quantile,0.6,6.000000000000019e-4
2026-09-26,2,wk inc rsv prop ed visits,2026-10-10,54,quantile,0.65,9.000000000000023e-4
2026-09-26,2,wk inc rsv prop ed visits,2026-10-10,54,quantile,0.7,0.0013000000000000025
2026-09-26,2,wk inc rsv prop ed visits,2026-10-10,54,quantile,0.75,0.0018405554055540571
2026-09-26,2,wk inc rsv prop ed visits,2026-10-10,54,quantile,0.8,0.002400000000000003
2026-09-26,2,wk inc rsv prop ed visits,2026-10-10,54,quantile,0.85,0.003084072490724909
2026-09-26,2,wk inc rsv prop ed visits,2026-10-10,54,quantile,0.9,0.004100000000000001
2026-09-26,2,wk inc rsv prop ed visits,2026-10-10,54,quantile,0.95,0.005998318083180847
2026-09-26,2,wk inc rsv prop ed visits,2026-10-10,54,quantile,0.975,0.007512127071270707
2026-09-26,2,wk inc rsv prop ed visits,2026-10-10,54,quantile,0.99,0.009680406164061604
2026-09-26,2,wk inc rsv prop ed visits,2026-10-10,55,quantile,0.01,0
2026-09-26,2,wk inc rsv prop ed visits,2026-10-10,55,quantile,0.025,0
2026-09-26,2,wk inc rsv prop ed visits,2026-10-10,55,quantile,0.05,0
2026-09-26,2,wk inc rsv prop ed visits,2026-10-10,55,quantile,0.1,0
2026-09-26,2,wk inc rsv prop ed visits,2026-10-10,55,quantile,0.15,0
2026-09-26,2,wk inc rsv prop ed visits,2026-10-10,55,quantile,0.2,0
2026-09-26,2,wk inc rsv prop ed visits,2026-10-10,55,quantile,0.25,0
2026-09-26,2,wk inc rsv prop ed visits,2026-10-10,55,quantile,0.3,0
2026-09-26,2,wk inc rsv prop ed visits,2026-10-10,55,quantile,0.35,0
2026-09-26,2,wk inc rsv prop ed visits,2026-10-10,55,quantile,0.4,0
2026-09-26,2,wk inc rsv prop ed visits,2026-10-10,55,quantile,0.45,2.710505431213761e-20
2026-09-26,2,wk inc rsv prop ed visits,2026-10-10,55,quantile,0.5,1e-4
2026-09-26,2,wk inc rsv prop ed visits,2026-10-10,55,quantile,0.55,1.9999999999999998e-4
2026-09-26,2,wk inc rsv prop ed visits,2026-10-10,55,quantile,0.6,3.0000000000000014e-4
2026-09-26,2,wk inc rsv prop ed visits,2026-10-10,55,quantile,0.65,5e-4
2026-09-26,2,wk inc rsv prop ed visits,2026-10-10,55,quantile,0.7,6.999999999999999e-4
2026-09-26,2,wk inc rsv prop ed visits,2026-10-10,55,quantile,0.75,9.000000000000001e-4
2026-09-26,2,wk inc rsv prop ed visits,2026-10-10,55,quantile,0.8,0.0011999999999999995
2026-09-26,2,wk inc rsv prop ed visits,2026-10-10,55,quantile,0.85,0.0015739077390773905
2026-09-26,2,wk inc rsv prop ed visits,2026-10-10,55,quantile,0.9,0.0020000000000000013
2026-09-26,2,wk inc rsv prop ed visits,2026-10-10,55,quantile,0.95,0.0027
2026-09-26,2,wk inc rsv prop ed visits,2026-10-10,55,quantile,0.975,0.0032198091980919765
2026-09-26,2,wk inc rsv prop ed visits,2026-10-10,55,quantile,0.99,0.003931455774557745
2026-09-26,2,wk inc rsv prop ed visits,2026-10-10,56,quantile,0.01,0
2026-09-26,2,wk inc rsv prop ed visits,2026-10-10,56,quantile,0.025,0
2026-09-26,2,wk inc rsv prop ed visits,2026-10-10,56,quantile,0.05,0
2026-09-26,2,wk inc rsv prop ed visits,2026-10-10,56,quantile,0.1,0
2026-09-26,2,wk inc rsv prop ed visits,2026-10-10,56,quantile,0.15,0
2026-09-26,2,wk inc rsv prop ed visits,2026-10-10,56,quantile,0.2,0
2026-09-26,2,wk inc rsv prop ed visits,2026-10-10,56,quantile,0.25,0
2026-09-26,2,wk inc rsv prop ed visits,2026-10-10,56,quantile,0.3,2.999999999999991e-4
2026-09-26,2,wk inc rsv prop ed visits,2026-10-10,56,quantile,0.35,5.999999999999996e-4
2026-09-26,2,wk inc rsv prop ed visits,2026-10-10,56,quantile,0.4,8.720611206112054e-4
2026-09-26,2,wk inc rsv prop ed visits,2026-10-10,56,quantile,0.45,0.0010709415594155947
2026-09-26,2,wk inc rsv prop ed visits,2026-10-10,56,quantile,0.5,0.0012
2026-09-26,2,wk inc rsv prop ed visits,2026-10-10,56,quantile,0.55,0.0014999999999999996
2026-09-26,2,wk inc rsv prop ed visits,2026-10-10,56,quantile,0.6,0.0017461398613986103
2026-09-26,2,wk inc rsv prop ed visits,2026-10-10,56,quantile,0.65,0.0020808064580645803
2026-09-26,2,wk inc rsv prop ed visits,2026-10-10,56,quantile,0.7,0.0024945802458024545
2026-09-26,2,wk inc rsv prop ed visits,2026-10-10,56,quantile,0.75,0.0029371221212212127
2026-09-26,2,wk inc rsv prop ed visits,2026-10-10,56,quantile,0.8,0.00350927489274893
2026-09-26,2,wk inc rsv prop ed visits,2026-10-10,56,quantile,0.85,0.0043
2026-09-26,2,wk inc rsv prop ed visits,2026-10-10,56,quantile,0.9,0.005458624886248871
2026-09-26,2,wk inc rsv prop ed visits,2026-10-10,56,quantile,0.95,0.007300000000000002
2026-09-26,2,wk inc rsv prop ed visits,2026-10-10,56,quantile,0.975,0.008943592760927604
2026-09-26,2,wk inc rsv prop ed visits,2026-10-10,56,quantile,0.99,0.01132108130081296
2026-09-26,2,wk inc rsv prop ed visits,2026-10-10,US,quantile,0.01,0
2026-09-26,2,wk inc rsv prop ed visits,2026-10-10,US,quantile,0.025,0
2026-09-26,2,wk inc rsv prop ed visits,2026-10-10,US,quantile,0.05,0
2026-09-26,2,wk inc rsv prop ed visits,2026-10-10,US,quantile,0.1,0
2026-09-26,2,wk inc rsv prop ed visits,2026-10-10,US,quantile,0.15,0
2026-09-26,2,wk inc rsv prop ed visits,2026-10-10,US,quantile,0.2,0
2026-09-26,2,wk inc rsv prop ed visits,2026-10-10,US,quantile,0.25,0
2026-09-26,2,wk inc rsv prop ed visits,2026-10-10,US,quantile,0.3,0
2026-09-26,2,wk inc rsv prop ed visits,2026-10-10,US,quantile,0.35,9.999999999999972e-5
2026-09-26,2,wk inc rsv prop ed visits,2026-10-10,US,quantile,0.4,1.9999999999999966e-4
2026-09-26,2,wk inc rsv prop ed visits,2026-10-10,US,quantile,0.45,2.999999999999993e-4
2026-09-26,2,wk inc rsv prop ed visits,2026-10-10,US,quantile,0.5,3e-4
2026-09-26,2,wk inc rsv prop ed visits,2026-10-10,US,quantile,0.55,3.999999999999998e-4
2026-09-26,2,wk inc rsv prop ed visits,2026-10-10,US,quantile,0.6,4.999999999999998e-4
2026-09-26,2,wk inc rsv prop ed visits,2026-10-10,US,quantile,0.65,5.999999999999998e-4
2026-09-26,2,wk inc rsv prop ed visits,2026-10-10,US,quantile,0.7,7.000000000000008e-4
2026-09-26,2,wk inc rsv prop ed visits,2026-10-10,US,quantile,0.75,8.999999999999995e-4
2026-09-26,2,wk inc rsv prop ed visits,2026-10-10,US,quantile,0.8,0.00108893388933889
2026-09-26,2,wk inc rsv prop ed visits,2026-10-10,US,quantile,0.85,0.0012999999999999993
2026-09-26,2,wk inc rsv prop ed visits,2026-10-10,US,quantile,0.9,0.0015999999999999992
2026-09-26,2,wk inc rsv prop ed visits,2026-10-10,US,quantile,0.95,0.0020326966269662654
2026-09-26,2,wk inc rsv prop ed visits,2026-10-10,US,quantile,0.975,0.002497321248212479
2026-09-26,2,wk inc rsv prop ed visits,2026-10-10,US,quantile,0.99,0.003
2026-09-26,3,wk inc rsv prop ed visits,2026-10-17,01,quantile,0.01,0
2026-09-26,3,wk inc rsv prop ed visits,2026-10-17,01,quantile,0.025,0
2026-09-26,3,wk inc rsv prop ed visits,2026-10-17,01,quantile,0.05,0
2026-09-26,3,wk inc rsv prop ed visits,2026-10-17,01,quantile,0.1,0
2026-09-26,3,wk inc rsv prop ed visits,2026-10-17,01,quantile,0.15,0
2026-09-26,3,wk inc rsv prop ed visits,2026-10-17,01,quantile,0.2,0
2026-09-26,3,wk inc rsv prop ed visits,2026-10-17,01,quantile,0.25,0
2026-09-26,3,wk inc rsv prop ed visits,2026-10-17,01,quantile,0.3,9.999999999999902e-5
2026-09-26,3,wk inc rsv prop ed visits,2026-10-17,01,quantile,0.35,1.999999999999996e-4
2026-09-26,3,wk inc rsv prop ed visits,2026-10-17,01,quantile,0.4,3.999999999999991e-4
2026-09-26,3,wk inc rsv prop ed visits,2026-10-17,01,quantile,0.45,4.999999999999994e-4
2026-09-26,3,wk inc rsv prop ed visits,2026-10-17,01,quantile,0.5,6e-4
2026-09-26,3,wk inc rsv prop ed visits,2026-10-17,01,quantile,0.55,7.99999999999999e-4
2026-09-26,3,wk inc rsv prop ed visits,2026-10-17,01,quantile,0.6,8.999999999999993e-4
2026-09-26,3,wk inc rsv prop ed visits,2026-10-17,01,quantile,0.65,0.0010999999999999988
2026-09-26,3,wk inc rsv prop ed visits,2026-10-17,01,quantile,0.7,0.0012727470274702737
2026-09-26,3,wk inc rsv prop ed visits,2026-10-17,01,quantile,0.75,0.0014999999999999992
2026-09-26,3,wk inc rsv prop ed visits,2026-10-17,01,quantile,0.8,0.001799999999999999
2026-09-26,3,wk inc rsv prop ed visits,2026-10-17,01,quantile,0.85,0.002199999999999997
2026-09-26,3,wk inc rsv prop ed visits,2026-10-17,01,quantile,0.9,0.0026999999999999993
2026-09-26,3,wk inc rsv prop ed visits,2026-10-17,01,quantile,0.95,0.0034918191181911797
2026-09-26,3,wk inc rsv prop ed visits,2026-10-17,01,quantile,0.975,0.004149055140551405
2026-09-26,3,wk inc rsv prop ed visits,2026-10-17,01,quantile,0.99,0.004941510355103549
2026-09-26,3,wk inc rsv prop ed visits,2026-10-17,02,quantile,0.01,0
2026-09-26,3,wk inc rsv prop ed visits,2026-10-17,02,quantile,0.025,0
2026-09-26,3,wk inc rsv prop ed visits,2026-10-17,02,quantile,0.05,0
2026-09-26,3,wk inc rsv prop ed visits,2026-10-17,02,quantile,0.1,0
2026-09-26,3,wk inc rsv prop ed visits,2026-10-17,02,quantile,0.15,0
2026-09-26,3,wk inc rsv prop ed visits,2026-10-17,02,quantile,0.2,0
2026-09-26,3,wk inc rsv prop ed visits,2026-10-17,02,quantile,0.25,0
2026-09-26,3,wk inc rsv prop ed visits,2026-10-17,02,quantile,0.3,0
2026-09-26,3,wk inc rsv prop ed visits,2026-10-17,02,quantile,0.35,0
2026-09-26,3,wk inc rsv prop ed visits,2026-10-17,02,quantile,0.4,0
2026-09-26,3,wk inc rsv prop ed visits,2026-10-17,02,quantile,0.45,0
2026-09-26,3,wk inc rsv prop ed visits,2026-10-17,02,quantile,0.5,0
2026-09-26,3,wk inc rsv prop ed visits,2026-10-17,02,quantile,0.55,3.0083725837258513e-4
2026-09-26,3,wk inc rsv prop ed visits,2026-10-17,02,quantile,0.6,6.999999999999993e-4
2026-09-26,3,wk inc rsv prop ed visits,2026-10-17,02,quantile,0.65,0.0010999999999999994
2026-09-26,3,wk inc rsv prop ed visits,2026-10-17,02,quantile,0.7,0.0015703571035710386
2026-09-26,3,wk inc rsv prop ed visits,2026-10-17,02,quantile,0.75,0.0021
2026-09-26,3,wk inc rsv prop ed visits,2026-10-17,02,quantile,0.8,0.002700047800478008
2026-09-26,3,wk inc rsv prop ed visits,2026-10-17,02,quantile,0.85,0.0034081397313973196
2026-09-26,3,wk inc rsv prop ed visits,2026-10-17,02,quantile,0.9,0.004300000000000002
2026-09-26,3,wk inc rsv prop ed visits,2026-10-17,02,quantile,0.95,0.005742793727937271
2026-09-26,3,wk inc rsv prop ed visits,2026-10-17,02,quantile,0.975,0.006981397363973643
2026-09-26,3,wk inc rsv prop ed visits,2026-10-17,02,quantile,0.99,0.008579605766057641
2026-09-26,3,wk inc rsv prop ed visits,2026-10-17,04,quantile,0.01,0
2026-09-26,3,wk inc rsv prop ed visits,2026-10-17,04,quantile,0.025,0
2026-09-26,3,wk inc rsv prop ed visits,2026-10-17,04,quantile,0.05,0
2026-09-26,3,wk inc rsv prop ed visits,2026-10-17,04,quantile,0.1,0
2026-09-26,3,wk inc rsv prop ed visits,2026-10-17,04,quantile,0.15,0
2026-09-26,3,wk inc rsv prop ed visits,2026-10-17,04,quantile,0.2,0
2026-09-26,3,wk inc rsv prop ed visits,2026-10-17,04,quantile,0.25,0
2026-09-26,3,wk inc rsv prop ed visits,2026-10-17,04,quantile,0.3,0
2026-09-26,3,wk inc rsv prop ed visits,2026-10-17,04,quantile,0.35,0
2026-09-26,3,wk inc rsv prop ed visits,2026-10-17,04,quantile,0.4,0
2026-09-26,3,wk inc rsv prop ed visits,2026-10-17,04,quantile,0.45,1.3552527156068805e-19
2026-09-26,3,wk inc rsv prop ed visits,2026-10-17,04,quantile,0.5,1e-4
2026-09-26,3,wk inc rsv prop ed visits,2026-10-17,04,quantile,0.55,1.9999999999999928e-4
2026-09-26,3,wk inc rsv prop ed visits,2026-10-17,04,quantile,0.6,2.9999999999999965e-4
2026-09-26,3,wk inc rsv prop ed visits,2026-10-17,04,quantile,0.65,4e-4
2026-09-26,3,wk inc rsv prop ed visits,2026-10-17,04,quantile,0.7,5.000000000000004e-4
2026-09-26,3,wk inc rsv prop ed visits,2026-10-17,04,quantile,0.75,7.000000000000003e-4
2026-09-26,3,wk inc rsv prop ed visits,2026-10-17,04,quantile,0.8,9.139505395053959e-4
2026-09-26,3,wk inc rsv prop ed visits,2026-10-17,04,quantile,0.85,0.0012018915189151902
2026-09-26,3,wk inc rsv prop ed visits,2026-10-17,04,quantile,0.9,0.0016000000000000003
2026-09-26,3,wk inc rsv prop ed visits,2026-10-17,04,quantile,0.95,0.0023058067080670755
2026-09-26,3,wk inc rsv prop ed visits,2026-10-17,04,quantile,0.975,0.0029939863148631452
2026-09-26,3,wk inc rsv prop ed visits,2026-10-17,04,quantile,0.99,0.0036619219592195877
2026-09-26,3,wk inc rsv prop ed visits,2026-10-17,05,quantile,0.01,0
2026-09-26,3,wk inc rsv prop ed visits,2026-10-17,05,quantile,0.025,0
2026-09-26,3,wk inc rsv prop ed visits,2026-10-17,05,quantile,0.05,0
2026-09-26,3,wk inc rsv prop ed visits,2026-10-17,05,quantile,0.1,0
2026-09-26,3,wk inc rsv prop ed visits,2026-10-17,05,quantile,0.15,0
2026-09-26,3,wk inc rsv prop ed visits,2026-10-17,05,quantile,0.2,0
2026-09-26,3,wk inc rsv prop ed visits,2026-10-17,05,quantile,0.25,0
2026-09-26,3,wk inc rsv prop ed visits,2026-10-17,05,quantile,0.3,0
2026-09-26,3,wk inc rsv prop ed visits,2026-10-17,05,quantile,0.35,0
2026-09-26,3,wk inc rsv prop ed visits,2026-10-17,05,quantile,0.4,5.0190701907018936e-5
2026-09-26,3,wk inc rsv prop ed visits,2026-10-17,05,quantile,0.45,2.000000000000003e-4
2026-09-26,3,wk inc rsv prop ed visits,2026-10-17,05,quantile,0.5,4e-4
2026-09-26,3,wk inc rsv prop ed visits,2026-10-17,05,quantile,0.55,6.000000000000001e-4
2026-09-26,3,wk inc rsv prop ed visits,2026-10-17,05,quantile,0.6,8.121563215632153e-4
2026-09-26,3,wk inc rsv prop ed visits,2026-10-17,05,quantile,0.65,0.0011
2026-09-26,3,wk inc rsv prop ed visits,2026-10-17,05,quantile,0.7,0.0014440918409184052
2026-09-26,3,wk inc rsv prop ed visits,2026-10-17,05,quantile,0.75,0.0018848843488434885
2026-09-26,3,wk inc rsv prop ed visits,2026-10-17,05,quantile,0.8,0.0024000000000000002
2026-09-26,3,wk inc rsv prop ed visits,2026-10-17,05,quantile,0.85,0.003042184171841712
2026-09-26,3,wk inc rsv prop ed visits,2026-10-17,05,quantile,0.9,0.0039000000000000003
2026-09-26,3,wk inc rsv prop ed visits,2026-10-17,05,quantile,0.95,0.0053809333093330905
2026-09-26,3,wk inc rsv prop ed visits,2026-10-17,05,quantile,0.975,0.006412926454264535
2026-09-26,3,wk inc rsv prop ed visits,2026-10-17,05,quantile,0.99,0.007850152951529452
2026-09-26,3,wk inc rsv prop ed visits,2026-10-17,06,quantile,0.01,0
2026-09-26,3,wk inc rsv prop ed visits,2026-10-17,06,quantile,0.025,0
2026-09-26,3,wk inc rsv prop ed visits,2026-10-17,06,quantile,0.05,0
2026-09-26,3,wk inc rsv prop ed visits,2026-10-17,06,quantile,0.1,0
2026-09-26,3,wk inc rsv prop ed visits,2026-10-17,06,quantile,0.15,0
2026-09-26,3,wk inc rsv prop ed visits,2026-10-17,06,quantile,0.2,0
2026-09-26,3,wk inc rsv prop ed visits,2026-10-17,06,quantile,0.25,0
2026-09-26,3,wk inc rsv prop ed visits,2026-10-17,06,quantile,0.3,0
2026-09-26,3,wk inc rsv prop ed visits,2026-10-17,06,quantile,0.35,0
2026-09-26,3,wk inc rsv prop ed visits,2026-10-17,06,quantile,0.4,4.311293112930863e-5
2026-09-26,3,wk inc rsv prop ed visits,2026-10-17,06,quantile,0.45,1.4311293112930848e-4
2026-09-26,3,wk inc rsv prop ed visits,2026-10-17,06,quantile,0.5,2e-4
2026-09-26,3,wk inc rsv prop ed visits,2026-10-17,06,quantile,0.55,2.4311293112930902e-4
2026-09-26,3,wk inc rsv prop ed visits,2026-10-17,06,quantile,0.6,3.74014840148397e-4
2026-09-26,3,wk inc rsv prop ed visits,2026-10-17,06,quantile,0.65,5.431129311293084e-4
2026-09-26,3,wk inc rsv prop ed visits,2026-10-17,06,quantile,0.7,6.431129311293089e-4
2026-09-26,3,wk inc rsv prop ed visits,2026-10-17,06,quantile,0.75,8.431129311293085e-4
2026-09-26,3,wk inc rsv prop ed visits,2026-10-17,06,quantile,0.8,0.0010431129311293085
2026-09-26,3,wk inc rsv prop ed visits,2026-10-17,06,quantile,0.85,0.0012889923899238936
2026-09-26,3,wk inc rsv prop ed visits,2026-10-17,06,quantile,0.9,0.0016431129311293088
2026-09-26,3,wk inc rsv prop ed visits,2026-10-17,06,quantile,0.95,0.002243112931129307
2026-09-26,3,wk inc rsv prop ed visits,2026-10-17,06,quantile,0.975,0.0027431129311293076
2026-09-26,3,wk inc rsv prop ed visits,2026-10-17,06,quantile,0.99,0.0033533445134451482
2026-09-26,3,wk inc rsv prop ed visits,2026-10-17,08,quantile,0.01,0
2026-09-26,3,wk inc rsv prop ed visits,2026-10-17,08,quantile,0.025,0
2026-09-26,3,wk inc rsv prop ed visits,2026-10-17,08,quantile,0.05,0
2026-09-26,3,wk inc rsv prop ed visits,2026-10-17,08,quantile,0.1,0
2026-09-26,3,wk inc rsv prop ed visits,2026-10-17,08,quantile,0.15,0
2026-09-26,3,wk inc rsv prop ed visits,2026-10-17,08,quantile,0.2,0
2026-09-26,3,wk inc rsv prop ed visits,2026-10-17,08,quantile,0.25,0
2026-09-26,3,wk inc rsv prop ed visits,2026-10-17,08,quantile,0.3,0
2026-09-26,3,wk inc rsv prop ed visits,2026-10-17,08,quantile,0.35,0
2026-09-26,3,wk inc rsv prop ed visits,2026-10-17,08,quantile,0.4,0
2026-09-26,3,wk inc rsv prop ed visits,2026-10-17,08,quantile,0.45,0
2026-09-26,3,wk inc rsv prop ed visits,2026-10-17,08,quantile,0.5,1e-4
2026-09-26,3,wk inc rsv prop ed visits,2026-10-17,08,quantile,0.55,2.0000000000000047e-4
2026-09-26,3,wk inc rsv prop ed visits,2026-10-17,08,quantile,0.6,3.9999999999999986e-4
2026-09-26,3,wk inc rsv prop ed visits,2026-10-17,08,quantile,0.65,5.999999999999988e-4
2026-09-26,3,wk inc rsv prop ed visits,2026-10-17,08,quantile,0.7,8.000000000000001e-4
2026-09-26,3,wk inc rsv prop ed visits,2026-10-17,08,quantile,0.75,0.0011311358113581147
2026-09-26,3,wk inc rsv prop ed visits,2026-10-17,08,quantile,0.8,0.0015424482244822454
2026-09-26,3,wk inc rsv prop ed visits,2026-10-17,08,quantile,0.85,0.002
2026-09-26,3,wk inc rsv prop ed visits,2026-10-17,08,quantile,0.9,0.002600000000000001
2026-09-26,3,wk inc rsv prop ed visits,2026-10-17,08,quantile,0.95,0.004099999999999997
2026-09-26,3,wk inc rsv prop ed visits,2026-10-17,08,quantile,0.975,0.005249023590235914
2026-09-26,3,wk inc rsv prop ed visits,2026-10-17,08,quantile,0.99,0.006697907019070222
2026-09-26,3,wk inc rsv prop ed visits,2026-10-17,09,quantile,0.01,0
2026-09-26,3,wk inc rsv prop ed visits,2026-10-17,09,quantile,0.025,0
2026-09-26,3,wk inc rsv prop ed visits,2026-10-17,09,quantile,0.05,0
2026-09-26,3,wk inc rsv prop ed visits,2026-10-17,09,quantile,0.1,0
2026-09-26,3,wk inc rsv prop ed visits,2026-10-17,09,quantile,0.15,0
2026-09-26,3,wk inc rsv prop ed visits,2026-10-17,09,quantile,0.2,0
2026-09-26,3,wk inc rsv prop ed visits,2026-10-17,09,quantile,0.25,0
2026-09-26,3,wk inc rsv prop ed visits,2026-10-17,09,quantile,0.3,0
2026-09-26,3,wk inc rsv prop ed visits,2026-10-17,09,quantile,0.35,0
2026-09-26,3,wk inc rsv prop ed visits,2026-10-17,09,quantile,0.4,0
2026-09-26,3,wk inc rsv prop ed visits,2026-10-17,09,quantile,0.45,0
2026-09-26,3,wk inc rsv prop ed visits,2026-10-17,09,quantile,0.5,0
2026-09-26,3,wk inc rsv prop ed visits,2026-10-17,09,quantile,0.55,9.999999999999999e-5
2026-09-26,3,wk inc rsv prop ed visits,2026-10-17,09,quantile,0.6,2.0000000000000025e-4
2026-09-26,3,wk inc rsv prop ed visits,2026-10-17,09,quantile,0.65,3.999999999999995e-4
2026-09-26,3,wk inc rsv prop ed visits,2026-10-17,09,quantile,0.7,5e-4
2026-09-26,3,wk inc rsv prop ed visits,2026-10-17,09,quantile,0.75,6.999999999999999e-4
2026-09-26,3,wk inc rsv prop ed visits,2026-10-17,09,quantile,0.8,9.000000000000008e-4
2026-09-26,3,wk inc rsv prop ed visits,2026-10-17,09,quantile,0.85,0.0012000000000000012
2026-09-26,3,wk inc rsv prop ed visits,2026-10-17,09,quantile,0.9,0.0016282036820368221
2026-09-26,3,wk inc rsv prop ed visits,2026-10-17,09,quantile,0.95,0.0022365590155901545
2026-09-26,3,wk inc rsv prop ed visits,2026-10-17,09,quantile,0.975,0.0027314720397203997
2026-09-26,3,wk inc rsv prop ed visits,2026-10-17,09,quantile,0.99,0.003376979359793591
2026-09-26,3,wk inc rsv prop ed visits,2026-10-17,10,quantile,0.01,0
2026-09-26,3,wk inc rsv prop ed visits,2026-10-17,10,quantile,0.025,0
2026-09-26,3,wk inc rsv prop ed visits,2026-10-17,10,quantile,0.05,0
2026-09-26,3,wk inc rsv prop ed visits,2026-10-17,10,quantile,0.1,0
2026-09-26,3,wk inc rsv prop ed visits,2026-10-17,10,quantile,0.15,0
2026-09-26,3,wk inc rsv prop ed visits,2026-10-17,10,quantile,0.2,0
2026-09-26,3,wk inc rsv prop ed visits,2026-10-17,10,quantile,0.25,0
2026-09-26,3,wk inc rsv prop ed visits,2026-10-17,10,quantile,0.3,0
2026-09-26,3,wk inc rsv prop ed visits,2026-10-17,10,quantile,0.35,0
2026-09-26,3,wk inc rsv prop ed visits,2026-10-17,10,quantile,0.4,1.9379253792538203e-4
2026-09-26,3,wk inc rsv prop ed visits,2026-10-17,10,quantile,0.45,3.9999999999999964e-4
2026-09-26,3,wk inc rsv prop ed visits,2026-10-17,10,quantile,0.5,6e-4
2026-09-26,3,wk inc rsv prop ed visits,2026-10-17,10,quantile,0.55,8.999999999999993e-4
2026-09-26,3,wk inc rsv prop ed visits,2026-10-17,10,quantile,0.6,0.001144241842418424
2026-09-26,3,wk inc rsv prop ed visits,2026-10-17,10,quantile,0.65,0.0014975938759387575
2026-09-26,3,wk inc rsv prop ed visits,2026-10-17,10,quantile,0.7,0.0018647334473344713
2026-09-26,3,wk inc rsv prop ed visits,2026-10-17,10,quantile,0.75,0.0023309105591055503
2026-09-26,3,wk inc rsv prop ed visits,2026-10-17,10,quantile,0.8,0.0029730473304733092
2026-09-26,3,wk inc rsv prop ed visits,2026-10-17,10,quantile,0.85,0.003810655106551061
2026-09-26,3,wk inc rsv prop ed visits,2026-10-17,10,quantile,0.9,0.004921695516955168
2026-09-26,3,wk inc rsv prop ed visits,2026-10-17,10,quantile,0.95,0.006739406644066438
2026-09-26,3,wk inc rsv prop ed visits,2026-10-17,10,quantile,0.975,0.008144677021770219
2026-09-26,3,wk inc rsv prop ed visits,2026-10-17,10,quantile,0.99,0.009938290662906605
2026-09-26,3,wk inc rsv prop ed visits,2026-10-17,11,quantile,0.01,0
2026-09-26,3,wk inc rsv prop ed visits,2026-10-17,11,quantile,0.025,0
2026-09-26,3,wk inc rsv prop ed visits,2026-10-17,11,quantile,0.05,0
2026-09-26,3,wk inc rsv prop ed visits,2026-10-17,11,quantile,0.1,0
2026-09-26,3,wk inc rsv prop ed visits,2026-10-17,11,quantile,0.15,0
2026-09-26,3,wk inc rsv prop ed visits,2026-10-17,11,quantile,0.2,0
2026-09-26,3,wk inc rsv prop ed visits,2026-10-17,11,quantile,0.25,0
2026-09-26,3,wk inc rsv prop ed visits,2026-10-17,11,quantile,0.3,0
2026-09-26,3,wk inc rsv prop ed visits,2026-10-17,11,quantile,0.35,0
2026-09-26,3,wk inc rsv prop ed visits,2026-10-17,11,quantile,0.4,0
2026-09-26,3,wk inc rsv prop ed visits,2026-10-17,11,quantile,0.45,0
2026-09-26,3,wk inc rsv prop ed visits,2026-10-17,11,quantile,0.5,0
2026-09-26,3,wk inc rsv prop ed visits,2026-10-17,11,quantile,0.55,2.0000000000000004e-4
2026-09-26,3,wk inc rsv prop ed visits,2026-10-17,11,quantile,0.6,4.0000000000000013e-4
2026-09-26,3,wk inc rsv prop ed visits,2026-10-17,11,quantile,0.65,6.041375913759172e-4
2026-09-26,3,wk inc rsv prop ed visits,2026-10-17,11,quantile,0.7,9e-4
2026-09-26,3,wk inc rsv prop ed visits,2026-10-17,11,quantile,0.75,0.0012000000000000001
2026-09-26,3,wk inc rsv prop ed visits,2026-10-17,11,quantile,0.8,0.0016000000000000003
2026-09-26,3,wk inc rsv prop ed visits,2026-10-17,11,quantile,0.85,0.0021458852088520825
2026-09-26,3,wk inc rsv prop ed visits,2026-10-17,11,quantile,0.9,0.002896167361673619
2026-09-26,3,wk inc rsv prop ed visits,2026-10-17,11,quantile,0.95,0.0039999999999999975
2026-09-26,3,wk inc rsv prop ed visits,2026-10-17,11,quantile,0.975,0.005058087405874053
2026-09-26,3,wk inc rsv prop ed visits,2026-10-17,11,quantile,0.99,0.006335122491224913
2026-09-26,3,wk inc rsv prop ed visits,2026-10-17,12,quantile,0.01,0
2026-09-26,3,wk inc rsv prop ed visits,2026-10-17,12,quantile,0.025,0
2026-09-26,3,wk inc rsv prop ed visits,2026-10-17,12,quantile,0.05,0
2026-09-26,3,wk inc rsv prop ed visits,2026-10-17,12,quantile,0.1,2.762353623536214e-4
2026-09-26,3,wk inc rsv prop ed visits,2026-10-17,12,quantile,0.15,4.999999999999998e-4
2026-09-26,3,wk inc rsv prop ed visits,2026-10-17,12,quantile,0.2,6.924361243612422e-4
2026-09-26,3,wk inc rsv prop ed visits,2026-10-17,12,quantile,0.25,7.999999999999999e-4
2026-09-26,3,wk inc rsv prop ed visits,2026-10-17,12,quantile,0.3,9.000000000000002e-4
2026-09-26,3,wk inc rsv prop ed visits,2026-10-17,12,quantile,0.35,0.0010000000000000005
2026-09-26,3,wk inc rsv prop ed visits,2026-10-17,12,quantile,0.4,0.0011000000000000003
2026-09-26,3,wk inc rsv prop ed visits,2026-10-17,12,quantile,0.45,0.0012000000000000001
2026-09-26,3,wk inc rsv prop ed visits,2026-10-17,12,quantile,0.5,0.0013
2026-09-26,3,wk inc rsv prop ed visits,2026-10-17,12,quantile,0.55,0.0013999999999999998
2026-09-26,3,wk inc rsv prop ed visits,2026-10-17,12,quantile,0.6,0.0014999999999999996
2026-09-26,3,wk inc rsv prop ed visits,2026-10-17,12,quantile,0.65,0.0015999999999999996
2026-09-26,3,wk inc rsv prop ed visits,2026-10-17,12,quantile,0.7,0.0016999999999999997
2026-09-26,3,wk inc rsv prop ed visits,2026-10-17,12,quantile,0.75,0.0018
2026-09-26,3,wk inc rsv prop ed visits,2026-10-17,12,quantile,0.8,0.0019142893428934337
2026-09-26,3,wk inc rsv prop ed visits,2026-10-17,12,quantile,0.85,0.0021000000000000003
2026-09-26,3,wk inc rsv prop ed visits,2026-10-17,12,quantile,0.9,0.00232671846718467
2026-09-26,3,wk inc rsv prop ed visits,2026-10-17,12,quantile,0.95,0.0027
2026-09-26,3,wk inc rsv prop ed visits,2026-10-17,12,quantile,0.975,0.0030347609726097224
2026-09-26,3,wk inc rsv prop ed visits,2026-10-17,12,quantile,0.99,0.003445390463904639
2026-09-26,3,wk inc rsv prop ed visits,2026-10-17,13,quantile,0.01,0
2026-09-26,3,wk inc rsv prop ed visits,2026-10-17,13,quantile,0.025,0
2026-09-26,3,wk inc rsv prop ed visits,2026-10-17,13,quantile,0.05,0
2026-09-26,3,wk inc rsv prop ed visits,2026-10-17,13,quantile,0.1,0
2026-09-26,3,wk inc rsv prop ed visits,2026-10-17,13,quantile,0.15,0
2026-09-26,3,wk inc rsv prop ed visits,2026-10-17,13,quantile,0.2,0
2026-09-26,3,wk inc rsv prop ed visits,2026-10-17,13,quantile,0.25,0
2026-09-26,3,wk inc rsv prop ed visits,2026-10-17,13,quantile,0.3,1.0000000000000005e-4
2026-09-26,3,wk inc rsv prop ed visits,2026-10-17,13,quantile,0.35,2.0000000000000036e-4
2026-09-26,3,wk inc rsv prop ed visits,2026-10-17,13,quantile,0.4,3.000000000000008e-4
2026-09-26,3,wk inc rsv prop ed visits,2026-10-17,13,quantile,0.45,4.000000000000002e-4
2026-09-26,3,wk inc rsv prop ed visits,2026-10-17,13,quantile,0.5,5e-4
2026-09-26,3,wk inc rsv prop ed visits,2026-10-17,13,quantile,0.55,6e-4
2026-09-26,3,wk inc rsv prop ed visits,2026-10-17,13,quantile,0.6,7e-4
2026-09-26,3,wk inc rsv prop ed visits,2026-10-17,13,quantile,0.65,8.000000000000001e-4
2026-09-26,3,wk inc rsv prop ed visits,2026-10-17,13,quantile,0.7,9.738971389713851e-4
2026-09-26,3,wk inc rsv prop ed visits,2026-10-17,13,quantile,0.75,0.0010999999999999998
2026-09-26,3,wk inc rsv prop ed visits,2026-10-17,13,quantile,0.8,0.0013
2026-09-26,3,wk inc rsv prop ed visits,2026-10-17,13,quantile,0.85,0.0015
2026-09-26,3,wk inc rsv prop ed visits,2026-10-17,13,quantile,0.9,0.0017999999999999995
2026-09-26,3,wk inc rsv prop ed visits,2026-10-17,13,quantile,0.95,0.0021999999999999997
2026-09-26,3,wk inc rsv prop ed visits,2026-10-17,13,quantile,0.975,0.0025999999999999994
2026-09-26,3,wk inc rsv prop ed visits,2026-10-17,13,quantile,0.99,0.0030636260062600613
2026-09-26,3,wk inc rsv prop ed visits,2026-10-17,15,quantile,0.01,0
2026-09-26,3,wk inc rsv prop ed visits,2026-10-17,15,quantile,0.025,0
2026-09-26,3,wk inc rsv prop ed visits,2026-10-17,15,quantile,0.05,0
2026-09-26,3,wk inc rsv prop ed visits,2026-10-17,15,quantile,0.1,0
2026-09-26,3,wk inc rsv prop ed visits,2026-10-17,15,quantile,0.15,2.9999999999999976e-4
2026-09-26,3,wk inc rsv prop ed visits,2026-10-17,15,quantile,0.2,6.485852858528603e-4
2026-09-26,3,wk inc rsv prop ed visits,2026-10-17,15,quantile,0.25,9.439641896418929e-4
2026-09-26,3,wk inc rsv prop ed visits,2026-10-17,15,quantile,0.3,0.0012
2026-09-26,3,wk inc rsv prop ed visits,2026-10-17,15,quantile,0.35,0.0014000000000000002
2026-09-26,3,wk inc rsv prop ed visits,2026-10-17,15,quantile,0.4,0.0016000000000000005
2026-09-26,3,wk inc rsv prop ed visits,2026-10-17,15,quantile,0.45,0.0018000000000000004
2026-09-26,3,wk inc rsv prop ed visits,2026-10-17,15,quantile,0.5,0.002
2026-09-26,3,wk inc rsv prop ed visits,2026-10-17,15,quantile,0.55,0.0022
2026-09-26,3,wk inc rsv prop ed visits,2026-10-17,15,quantile,0.6,0.0024
2026-09-26,3,wk inc rsv prop ed visits,2026-10-17,15,quantile,0.65,0.0026
2026-09-26,3,wk inc rsv prop ed visits,2026-10-17,15,quantile,0.7,0.0028000000000000004
2026-09-26,3,wk inc rsv prop ed visits,2026-10-17,15,quantile,0.75,0.0030999999999999995
2026-09-26,3,wk inc rsv prop ed visits,2026-10-17,15,quantile,0.8,0.0033999999999999994
2026-09-26,3,wk inc rsv prop ed visits,2026-10-17,15,quantile,0.85,0.0037578110781107802
2026-09-26,3,wk inc rsv prop ed visits,2026-10-17,15,quantile,0.9,0.004271554715547158
2026-09-26,3,wk inc rsv prop ed visits,2026-10-17,15,quantile,0.95,0.005176378513785128
2026-09-26,3,wk inc rsv prop ed visits,2026-10-17,15,quantile,0.975,0.006158954889548898
2026-09-26,3,wk inc rsv prop ed visits,2026-10-17,15,quantile,0.99,0.0074837501575015395
2026-09-26,3,wk inc rsv prop ed visits,2026-10-17,16,quantile,0.01,0
2026-09-26,3,wk inc rsv prop ed visits,2026-10-17,16,quantile,0.025,0
2026-09-26,3,wk inc rsv prop ed visits,2026-10-17,16,quantile,0.05,0
2026-09-26,3,wk inc rsv prop ed visits,2026-10-17,16,quantile,0.1,0
2026-09-26,3,wk inc rsv prop ed visits,2026-10-17,16,quantile,0.15,0
2026-09-26,3,wk inc rsv prop ed visits,2026-10-17,16,quantile,0.2,0
2026-09-26,3,wk inc rsv prop ed visits,2026-10-17,16,quantile,0.25,0
2026-09-26,3,wk inc rsv prop ed visits,2026-10-17,16,quantile,0.3,0
2026-09-26,3,wk inc rsv prop ed visits,2026-10-17,16,quantile,0.35,0
2026-09-26,3,wk inc rsv prop ed visits,2026-10-17,16,quantile,0.4,0
2026-09-26,3,wk inc rsv prop ed visits,2026-10-17,16,quantile,0.45,0
2026-09-26,3,wk inc rsv prop ed visits,2026-10-17,16,quantile,0.5,9.999999999999999e-5
2026-09-26,3,wk inc rsv prop ed visits,2026-10-17,16,quantile,0.55,3.0000000000000003e-4
2026-09-26,3,wk inc rsv prop ed visits,2026-10-17,16,quantile,0.6,5.587877878778769e-4
2026-09-26,3,wk inc rsv prop ed visits,2026-10-17,16,quantile,0.65,8.000000000000001e-4
2026-09-26,3,wk inc rsv prop ed visits,2026-10-17,16,quantile,0.7,0.0011098746987469863
2026-09-26,3,wk inc rsv prop ed visits,2026-10-17,16,quantile,0.75,0.0015000000000000002
2026-09-26,3,wk inc rsv prop ed visits,2026-10-17,16,quantile,0.8,0.0019999999999999996
2026-09-26,3,wk inc rsv prop ed visits,2026-10-17,16,quantile,0.85,0.002583885488854886
2026-09-26,3,wk inc rsv prop ed visits,2026-10-17,16,quantile,0.9,0.0034
2026-09-26,3,wk inc rsv prop ed visits,2026-10-17,16,quantile,0.95,0.005062485324853226
2026-09-26,3,wk inc rsv prop ed visits,2026-10-17,16,quantile,0.975,0.006647713052130509
2026-09-26,3,wk inc rsv prop ed visits,2026-10-17,16,quantile,0.99,0.008577595285952791
2026-09-26,3,wk inc rsv prop ed visits,2026-10-17,17,quantile,0.01,0
2026-09-26,3,wk inc rsv prop ed visits,2026-10-17,17,quantile,0.025,0
2026-09-26,3,wk inc rsv prop ed visits,2026-10-17,17,quantile,0.05,0
2026-09-26,3,wk inc rsv prop ed visits,2026-10-17,17,quantile,0.1,0
2026-09-26,3,wk inc rsv prop ed visits,2026-10-17,17,quantile,0.15,0
2026-09-26,3,wk inc rsv prop ed visits,2026-10-17,17,quantile,0.2,0
2026-09-26,3,wk inc rsv prop ed visits,2026-10-17,17,quantile,0.25,0
2026-09-26,3,wk inc rsv prop ed visits,2026-10-17,17,quantile,0.3,0
2026-09-26,3,wk inc rsv prop ed visits,2026-10-17,17,quantile,0.35,0
2026-09-26,3,wk inc rsv prop ed visits,2026-10-17,17,quantile,0.4,0
2026-09-26,3,wk inc rsv prop ed visits,2026-10-17,17,quantile,0.45,9.999999999999986e-5
2026-09-26,3,wk inc rsv prop ed visits,2026-10-17,17,quantile,0.5,2e-4
2026-09-26,3,wk inc rsv prop ed visits,2026-10-17,17,quantile,0.55,3.000000000000012e-4
2026-09-26,3,wk inc rsv prop ed visits,2026-10-17,17,quantile,0.6,5.000000000000001e-4
2026-09-26,3,wk inc rsv prop ed visits,2026-10-17,17,quantile,0.65,7.000000000000005e-4
2026-09-26,3,wk inc rsv prop ed visits,2026-10-17,17,quantile,0.7,9.999999999999996e-4
2026-09-26,3,wk inc rsv prop ed visits,2026-10-17,17,quantile,0.75,0.0012999849998499998
2026-09-26,3,wk inc rsv prop ed visits,2026-10-17,17,quantile,0.8,0.001685638256382565
2026-09-26,3,wk inc rsv prop ed visits,2026-10-17,17,quantile,0.85,0.0021388135881358823
2026-09-26,3,wk inc rsv prop ed visits,2026-10-17,17,quantile,0.9,0.002748288182881829
2026-09-26,3,wk inc rsv prop ed visits,2026-10-17,17,quantile,0.95,0.003654093040930403
2026-09-26,3,wk inc rsv prop ed visits,2026-10-17,17,quantile,0.975,0.0045606723817238175
2026-09-26,3,wk inc rsv prop ed visits,2026-10-17,17,quantile,0.99,0.005728163831638273
2026-09-26,3,wk inc rsv prop ed visits,2026-10-17,18,quantile,0.01,0
2026-09-26,3,wk inc rsv prop ed visits,2026-10-17,18,quantile,0.025,0
2026-09-26,3,wk inc rsv prop ed visits,2026-10-17,18,quantile,0.05,0
2026-09-26,3,wk inc rsv prop ed visits,2026-10-17,18,quantile,0.1,0
2026-09-26,3,wk inc rsv prop ed visits,2026-10-17,18,quantile,0.15,0
2026-09-26,3,wk inc rsv prop ed visits,2026-10-17,18,quantile,0.2,0
2026-09-26,3,wk inc rsv prop ed visits,2026-10-17,18,quantile,0.25,0
2026-09-26,3,wk inc rsv prop ed visits,2026-10-17,18,quantile,0.3,0
2026-09-26,3,wk inc rsv prop ed visits,2026-10-17,18,quantile,0.35,0
2026-09-26,3,wk inc rsv prop ed visits,2026-10-17,18,quantile,0.4,0
2026-09-26,3,wk inc rsv prop ed visits,2026-10-17,18,quantile,0.45,9.999999999999994e-5
2026-09-26,3,wk inc rsv prop ed visits,2026-10-17,18,quantile,0.5,2e-4
2026-09-26,3,wk inc rsv prop ed visits,2026-10-17,18,quantile,0.55,3.0000000000000003e-4
2026-09-26,3,wk inc rsv prop ed visits,2026-10-17,18,quantile,0.6,4.000000000000002e-4
2026-09-26,3,wk inc rsv prop ed visits,2026-10-17,18,quantile,0.65,5.999999999999996e-4
2026-09-26,3,wk inc rsv prop ed visits,2026-10-17,18,quantile,0.7,7.430776307763044e-4
2026-09-26,3,wk inc rsv prop ed visits,2026-10-17,18,quantile,0.75,9.717029670296678e-4
2026-09-26,3,wk inc rsv prop ed visits,2026-10-17,18,quantile,0.8,0.001200000000000001
2026-09-26,3,wk inc rsv prop ed visits,2026-10-17,18,quantile,0.85,0.0015999999999999999
2026-09-26,3,wk inc rsv prop ed visits,2026-10-17,18,quantile,0.9,0.0020993852938529433
2026-09-26,3,wk inc rsv prop ed visits,2026-10-17,18,quantile,0.95,0.0028999999999999994
2026-09-26,3,wk inc rsv prop ed visits,2026-10-17,18,quantile,0.975,0.0035089229642296556
2026-09-26,3,wk inc rsv prop ed visits,2026-10-17,18,quantile,0.99,0.004239194341943417
2026-09-26,3,wk inc rsv prop ed visits,2026-10-17,19,quantile,0.01,0
2026-09-26,3,wk inc rsv prop ed visits,2026-10-17,19,quantile,0.025,0
2026-09-26,3,wk inc rsv prop ed visits,2026-10-17,19,quantile,0.05,0
2026-09-26,3,wk inc rsv prop ed visits,2026-10-17,19,quantile,0.1,0
2026-09-26,3,wk inc rsv prop ed visits,2026-10-17,19,quantile,0.15,0
2026-09-26,3,wk inc rsv prop ed visits,2026-10-17,19,quantile,0.2,0
2026-09-26,3,wk inc rsv prop ed visits,2026-10-17,19,quantile,0.25,0
2026-09-26,3,wk inc rsv prop ed visits,2026-10-17,19,quantile,0.3,0
2026-09-26,3,wk inc rsv prop ed visits,2026-10-17,19,quantile,0.35,0
2026-09-26,3,wk inc rsv prop ed visits,2026-10-17,19,quantile,0.4,0
2026-09-26,3,wk inc rsv prop ed visits,2026-10-17,19,quantile,0.45,0
2026-09-26,3,wk inc rsv prop ed visits,2026-10-17,19,quantile,0.5,0
2026-09-26,3,wk inc rsv prop ed visits,2026-10-17,19,quantile,0.55,2.000000000000003e-4
2026-09-26,3,wk inc rsv prop ed visits,2026-10-17,19,quantile,0.6,5e-4
2026-09-26,3,wk inc rsv prop ed visits,2026-10-17,19,quantile,0.65,7.999999999999999e-4
2026-09-26,3,wk inc rsv prop ed visits,2026-10-17,19,quantile,0.7,0.0011013069130691288
2026-09-26,3,wk inc rsv prop ed visits,2026-10-17,19,quantile,0.75,0.0015135453854538553
2026-09-26,3,wk inc rsv prop ed visits,2026-10-17,19,quantile,0.8,0.002
2026-09-26,3,wk inc rsv prop ed visits,2026-10-17,19,quantile,0.85,0.0026208407584075903
2026-09-26,3,wk inc rsv prop ed visits,2026-10-17,19,quantile,0.9,0.0035929687296873064
2026-09-26,3,wk inc rsv prop ed visits,2026-10-17,19,quantile,0.95,0.005032569375693752
2026-09-26,3,wk inc rsv prop ed visits,2026-10-17,19,quantile,0.975,0.0069299168491684885
2026-09-26,3,wk inc rsv prop ed visits,2026-10-17,19,quantile,0.99,0.010361171371713681
2026-09-26,3,wk inc rsv prop ed visits,2026-10-17,20,quantile,0.01,0
2026-09-26,3,wk inc rsv prop ed visits,2026-10-17,20,quantile,0.025,0
2026-09-26,3,wk inc rsv prop ed visits,2026-10-17,20,quantile,0.05,0
2026-09-26,3,wk inc rsv prop ed visits,2026-10-17,20,quantile,0.1,0
2026-09-26,3,wk inc rsv prop ed visits,2026-10-17,20,quantile,0.15,0
2026-09-26,3,wk inc rsv prop ed visits,2026-10-17,20,quantile,0.2,0
2026-09-26,3,wk inc rsv prop ed visits,2026-10-17,20,quantile,0.25,0
2026-09-26,3,wk inc rsv prop ed visits,2026-10-17,20,quantile,0.3,0
2026-09-26,3,wk inc rsv prop ed visits,2026-10-17,20,quantile,0.35,0
2026-09-26,3,wk inc rsv prop ed visits,2026-10-17,20,quantile,0.4,0
2026-09-26,3,wk inc rsv prop ed visits,2026-10-17,20,quantile,0.45,9.999999999999986e-5
2026-09-26,3,wk inc rsv prop ed visits,2026-10-17,20,quantile,0.5,2e-4
2026-09-26,3,wk inc rsv prop ed visits,2026-10-17,20,quantile,0.55,3.4042750427504297e-4
2026-09-26,3,wk inc rsv prop ed visits,2026-10-17,20,quantile,0.6,5e-4
2026-09-26,3,wk inc rsv prop ed visits,2026-10-17,20,quantile,0.65,6.999999999999999e-4
2026-09-26,3,wk inc rsv prop ed visits,2026-10-17,20,quantile,0.7,9.000000000000004e-4
2026-09-26,3,wk inc rsv prop ed visits,2026-10-17,20,quantile,0.75,0.0011999999999999997
2026-09-26,3,wk inc rsv prop ed visits,2026-10-17,20,quantile,0.8,0.0014999999999999994
2026-09-26,3,wk inc rsv prop ed visits,2026-10-17,20,quantile,0.85,0.0018444040440404373
2026-09-26,3,wk inc rsv prop ed visits,2026-10-17,20,quantile,0.9,0.002459156191561918
2026-09-26,3,wk inc rsv prop ed visits,2026-10-17,20,quantile,0.95,0.003462521025210255
2026-09-26,3,wk inc rsv prop ed visits,2026-10-17,20,quantile,0.975,0.004284589670896707
2026-09-26,3,wk inc rsv prop ed visits,2026-10-17,20,quantile,0.99,0.005211681576815731
2026-09-26,3,wk inc rsv prop ed visits,2026-10-17,21,quantile,0.01,0
2026-09-26,3,wk inc rsv prop ed visits,2026-10-17,21,quantile,0.025,0
2026-09-26,3,wk inc rsv prop ed visits,2026-10-17,21,quantile,0.05,0
2026-09-26,3,wk inc rsv prop ed visits,2026-10-17,21,quantile,0.1,0
2026-09-26,3,wk inc rsv prop ed visits,2026-10-17,21,quantile,0.15,0
2026-09-26,3,wk inc rsv prop ed visits,2026-10-17,21,quantile,0.2,0
2026-09-26,3,wk inc rsv prop ed visits,2026-10-17,21,quantile,0.25,0
2026-09-26,3,wk inc rsv prop ed visits,2026-10-17,21,quantile,0.3,0
2026-09-26,3,wk inc rsv prop ed visits,2026-10-17,21,quantile,0.35,0
2026-09-26,3,wk inc rsv prop ed visits,2026-10-17,21,quantile,0.4,0
2026-09-26,3,wk inc rsv prop ed visits,2026-10-17,21,quantile,0.45,9.999999999999972e-5
2026-09-26,3,wk inc rsv prop ed visits,2026-10-17,21,quantile,0.5,2e-4
2026-09-26,3,wk inc rsv prop ed visits,2026-10-17,21,quantile,0.55,3.9999999999999964e-4
2026-09-26,3,wk inc rsv prop ed visits,2026-10-17,21,quantile,0.6,5.546587465874654e-4
2026-09-26,3,wk inc rsv prop ed visits,2026-10-17,21,quantile,0.65,7.695275452754511e-4
2026-09-26,3,wk inc rsv prop ed visits,2026-10-17,21,quantile,0.7,0.001
2026-09-26,3,wk inc rsv prop ed visits,2026-10-17,21,quantile,0.75,0.0013
2026-09-26,3,wk inc rsv prop ed visits,2026-10-17,21,quantile,0.8,0.0016999999999999997
2026-09-26,3,wk inc rsv prop ed visits,2026-10-17,21,quantile,0.85,0.0021999999999999997
2026-09-26,3,wk inc rsv prop ed visits,2026-10-17,21,quantile,0.9,0.0028490971909719155
2026-09-26,3,wk inc rsv prop ed visits,2026-10-17,21,quantile,0.95,0.003835279902799024
2026-09-26,3,wk inc rsv prop ed visits,2026-10-17,21,quantile,0.975,0.0047134735597356
2026-09-26,3,wk inc rsv prop ed visits,2026-10-17,21,quantile,0.99,0.005825671976719749
2026-09-26,3,wk inc rsv prop ed visits,2026-10-17,22,quantile,0.01,0
2026-09-26,3,wk inc rsv prop ed visits,2026-10-17,22,quantile,0.025,0
2026-09-26,3,wk inc rsv prop ed visits,2026-10-17,22,quantile,0.05,0
2026-09-26,3,wk inc rsv prop ed visits,2026-10-17,22,quantile,0.1,0
2026-09-26,3,wk inc rsv prop ed visits,2026-10-17,22,quantile,0.15,0
2026-09-26,3,wk inc rsv prop ed visits,2026-10-17,22,quantile,0.2,0
2026-09-26,3,wk inc rsv prop ed visits,2026-10-17,22,quantile,0.25,0
2026-09-26,3,wk inc rsv prop ed visits,2026-10-17,22,quantile,0.3,0
2026-09-26,3,wk inc rsv prop ed visits,2026-10-17,22,quantile,0.35,3.8293382933830215e-5
2026-09-26,3,wk inc rsv prop ed visits,2026-10-17,22,quantile,0.4,1.3829338293383037e-4
2026-09-26,3,wk inc rsv prop ed visits,2026-10-17,22,quantile,0.45,2.3829338293383063e-4
2026-09-26,3,wk inc rsv prop ed visits,2026-10-17,22,quantile,0.5,4.000000000000001e-4
2026-09-26,3,wk inc rsv prop ed visits,2026-10-17,22,quantile,0.55,5.382933829338301e-4
2026-09-26,3,wk inc rsv prop ed visits,2026-10-17,22,quantile,0.6,6.382933829338303e-4
2026-09-26,3,wk inc rsv prop ed visits,2026-10-17,22,quantile,0.65,8.382933829338298e-4
2026-09-26,3,wk inc rsv prop ed visits,2026-10-17,22,quantile,0.7,0.0010300601006010047
2026-09-26,3,wk inc rsv prop ed visits,2026-10-17,22,quantile,0.75,0.0012382933829338302
2026-09-26,3,wk inc rsv prop ed visits,2026-10-17,22,quantile,0.8,0.00153829338293383
2026-09-26,3,wk inc rsv prop ed visits,2026-10-17,22,quantile,0.85,0.0019382933829338298
2026-09-26,3,wk inc rsv prop ed visits,2026-10-17,22,quantile,0.9,0.00245727577275773
2026-09-26,3,wk inc rsv prop ed visits,2026-10-17,22,quantile,0.95,0.0032382933829338306
2026-09-26,3,wk inc rsv prop ed visits,2026-10-17,22,quantile,0.975,0.003935641756417577
2026-09-26,3,wk inc rsv prop ed visits,2026-10-17,22,quantile,0.99,0.004768670876708766
2026-09-26,3,wk inc rsv prop ed visits,2026-10-17,23,quantile,0.01,0
2026-09-26,3,wk inc rsv prop ed visits,2026-10-17,23,quantile,0.025,0
2026-09-26,3,wk inc rsv prop ed visits,2026-10-17,23,quantile,0.05,0
2026-09-26,3,wk inc rsv prop ed visits,2026-10-17,23,quantile,0.1,0
2026-09-26,3,wk inc rsv prop ed visits,2026-10-17,23,quantile,0.15,0
2026-09-26,3,wk inc rsv prop ed visits,2026-10-17,23,quantile,0.2,0
2026-09-26,3,wk inc rsv prop ed visits,2026-10-17,23,quantile,0.25,0
2026-09-26,3,wk inc rsv prop ed visits,2026-10-17,23,quantile,0.3,0
2026-09-26,3,wk inc rsv prop ed visits,2026-10-17,23,quantile,0.35,0
2026-09-26,3,wk inc rsv prop ed visits,2026-10-17,23,quantile,0.4,0
2026-09-26,3,wk inc rsv prop ed visits,2026-10-17,23,quantile,0.45,0
2026-09-26,3,wk inc rsv prop ed visits,2026-10-17,23,quantile,0.5,0
2026-09-26,3,wk inc rsv prop ed visits,2026-10-17,23,quantile,0.55,1.3908919089190944e-4
2026-09-26,3,wk inc rsv prop ed visits,2026-10-17,23,quantile,0.6,2.9999999999999927e-4
2026-09-26,3,wk inc rsv prop ed visits,2026-10-17,23,quantile,0.65,3.9999999999999975e-4
2026-09-26,3,wk inc rsv prop ed visits,2026-10-17,23,quantile,0.7,5.999999999999996e-4
2026-09-26,3,wk inc rsv prop ed visits,2026-10-17,23,quantile,0.75,8.999999999999992e-4
2026-09-26,3,wk inc rsv prop ed visits,2026-10-17,23,quantile,0.8,0.0012327615276152737
2026-09-26,3,wk inc rsv prop ed visits,2026-10-17,23,quantile,0.85,0.0015999999999999999
2026-09-26,3,wk inc rsv prop ed visits,2026-10-17,23,quantile,0.9,0.0021579375793757947
2026-09-26,3,wk inc rsv prop ed visits,2026-10-17,23,quantile,0.95,0.003349494194941944
2026-09-26,3,wk inc rsv prop ed visits,2026-10-17,23,quantile,0.975,0.004577856778567782
2026-09-26,3,wk inc rsv prop ed visits,2026-10-17,23,quantile,0.99,0.005565330423304214
2026-09-26,3,wk inc rsv prop ed visits,2026-10-17,24,quantile,0.01,0
2026-09-26,3,wk inc rsv prop ed visits,2026-10-17,24,quantile,0.025,0
2026-09-26,3,wk inc rsv prop ed visits,2026-10-17,24,quantile,0.05,0
2026-09-26,3,wk inc rsv prop ed visits,2026-10-17,24,quantile,0.1,0
2026-09-26,3,wk inc rsv prop ed visits,2026-10-17,24,quantile,0.15,0
2026-09-26,3,wk inc rsv prop ed visits,2026-10-17,24,quantile,0.2,0
2026-09-26,3,wk inc rsv prop ed visits,2026-10-17,24,quantile,0.25,0
2026-09-26,3,wk inc rsv prop ed visits,2026-10-17,24,quantile,0.3,0
2026-09-26,3,wk inc rsv prop ed visits,2026-10-17,24,quantile,0.35,0
2026-09-26,3,wk inc rsv prop ed visits,2026-10-17,24,quantile,0.4,0
2026-09-26,3,wk inc rsv prop ed visits,2026-10-17,24,quantile,0.45,0
2026-09-26,3,wk inc rsv prop ed visits,2026-10-17,24,quantile,0.5,0
2026-09-26,3,wk inc rsv prop ed visits,2026-10-17,24,quantile,0.55,1.0000000000000015e-4
2026-09-26,3,wk inc rsv prop ed visits,2026-10-17,24,quantile,0.6,3.0000000000000003e-4
2026-09-26,3,wk inc rsv prop ed visits,2026-10-17,24,quantile,0.65,5.000000000000001e-4
2026-09-26,3,wk inc rsv prop ed visits,2026-10-17,24,quantile,0.7,7.596395963959641e-4
2026-09-26,3,wk inc rsv prop ed visits,2026-10-17,24,quantile,0.75,0.0010999999999999994
2026-09-26,3,wk inc rsv prop ed visits,2026-10-17,24,quantile,0.8,0.0014999999999999996
2026-09-26,3,wk inc rsv prop ed visits,2026-10-17,24,quantile,0.85,0.0020221271712717133
2026-09-26,3,wk inc rsv prop ed visits,2026-10-17,24,quantile,0.9,0.002700000000000001
2026-09-26,3,wk inc rsv prop ed visits,2026-10-17,24,quantile,0.95,0.0035919892698927196
2026-09-26,3,wk inc rsv prop ed visits,2026-10-17,24,quantile,0.975,0.004511162211622149
2026-09-26,3,wk inc rsv prop ed visits,2026-10-17,24,quantile,0.99,0.005643232062320606
2026-09-26,3,wk inc rsv prop ed visits,2026-10-17,25,quantile,0.01,0
2026-09-26,3,wk inc rsv prop ed visits,2026-10-17,25,quantile,0.025,0
2026-09-26,3,wk inc rsv prop ed visits,2026-10-17,25,quantile,0.05,0
2026-09-26,3,wk inc rsv prop ed visits,2026-10-17,25,quantile,0.1,0
2026-09-26,3,wk inc rsv prop ed visits,2026-10-17,25,quantile,0.15,0
2026-09-26,3,wk inc rsv prop ed visits,2026-10-17,25,quantile,0.2,0
2026-09-26,3,wk inc rsv prop ed visits,2026-10-17,25,quantile,0.25,0
2026-09-26,3,wk inc rsv prop ed visits,2026-10-17,25,quantile,0.3,0
2026-09-26,3,wk inc rsv prop ed visits,2026-10-17,25,quantile,0.35,0
2026-09-26,3,wk inc rsv prop ed visits,2026-10-17,25,quantile,0.4,0
2026-09-26,3,wk inc rsv prop ed visits,2026-10-17,25,quantile,0.45,0
2026-09-26,3,wk inc rsv prop ed visits,2026-10-17,25,quantile,0.5,1e-4
2026-09-26,3,wk inc rsv prop ed visits,2026-10-17,25,quantile,0.55,2.999999999999998e-4
2026-09-26,3,wk inc rsv prop ed visits,2026-10-17,25,quantile,0.6,4.999999999999999e-4
2026-09-26,3,wk inc rsv prop ed visits,2026-10-17,25,quantile,0.65,7.537995379953805e-4
2026-09-26,3,wk inc rsv prop ed visits,2026-10-17,25,quantile,0.7,0.0010409830098300963
2026-09-26,3,wk inc rsv prop ed visits,2026-10-17,25,quantile,0.75,0.0014000000000000002
2026-09-26,3,wk inc rsv prop ed visits,2026-10-17,25,quantile,0.8,0.0018852882528825315
2026-09-26,3,wk inc rsv prop ed visits,2026-10-17,25,quantile,0.85,0.0024177889778897767
2026-09-26,3,wk inc rsv prop ed visits,2026-10-17,25,quantile,0.9,0.003151267312673131
2026-09-26,3,wk inc rsv prop ed visits,2026-10-17,25,quantile,0.95,0.004099999999999999
2026-09-26,3,wk inc rsv prop ed visits,2026-10-17,25,quantile,0.975,0.005160627831278311
2026-09-26,3,wk inc rsv prop ed visits,2026-10-17,25,quantile,0.99,0.0063999999999999994
2026-09-26,3,wk inc rsv prop ed visits,2026-10-17,26,quantile,0.01,0
2026-09-26,3,wk inc rsv prop ed visits,2026-10-17,26,quantile,0.025,0
2026-09-26,3,wk inc rsv prop ed visits,2026-10-17,26,quantile,0.05,0
2026-09-26,3,wk inc rsv prop ed visits,2026-10-17,26,quantile,0.1,0
2026-09-26,3,wk inc rsv prop ed visits,2026-10-17,26,quantile,0.15,0
2026-09-26,3,wk inc rsv prop ed visits,2026-10-17,26,quantile,0.2,0
2026-09-26,3,wk inc rsv prop ed visits,2026-10-17,26,quantile,0.25,0
2026-09-26,3,wk inc rsv prop ed visits,2026-10-17,26,quantile,0.3,0
2026-09-26,3,wk inc rsv prop ed visits,2026-10-17,26,quantile,0.35,0
2026-09-26,3,wk inc rsv prop ed visits,2026-10-17,26,quantile,0.4,0
2026-09-26,3,wk inc rsv prop ed visits,2026-10-17,26,quantile,0.45,9.999999999999991e-5
2026-09-26,3,wk inc rsv prop ed visits,2026-10-17,26,quantile,0.5,2e-4
2026-09-26,3,wk inc rsv prop ed visits,2026-10-17,26,quantile,0.55,3.0000000000000024e-4
2026-09-26,3,wk inc rsv prop ed visits,2026-10-17,26,quantile,0.6,5.000000000000001e-4
2026-09-26,3,wk inc rsv prop ed visits,2026-10-17,26,quantile,0.65,7.000000000000001e-4
2026-09-26,3,wk inc rsv prop ed visits,2026-10-17,26,quantile,0.7,9.999999999999983e-4
2026-09-26,3,wk inc rsv prop ed visits,2026-10-17,26,quantile,0.75,0.0012650889008890076
2026-09-26,3,wk inc rsv prop ed visits,2026-10-17,26,quantile,0.8,0.001617963579635796
2026-09-26,3,wk inc rsv prop ed visits,2026-10-17,26,quantile,0.85,0.002143780987809876
2026-09-26,3,wk inc rsv prop ed visits,2026-10-17,26,quantile,0.9,0.0028000000000000013
2026-09-26,3,wk inc rsv prop ed visits,2026-10-17,26,quantile,0.95,0.00385844798447983
2026-09-26,3,wk inc rsv prop ed visits,2026-10-17,26,quantile,0.975,0.004797005195051944
2026-09-26,3,wk inc rsv prop ed visits,2026-10-17,26,quantile,0.99,0.005813444874448736
2026-09-26,3,wk inc rsv prop ed visits,2026-10-17,27,quantile,0.01,0
2026-09-26,3,wk inc rsv prop ed visits,2026-10-17,27,quantile,0.025,0
2026-09-26,3,wk inc rsv prop ed visits,2026-10-17,27,quantile,0.05,0
2026-09-26,3,wk inc rsv prop ed visits,2026-10-17,27,quantile,0.1,0
2026-09-26,3,wk inc rsv prop ed visits,2026-10-17,27,quantile,0.15,0
2026-09-26,3,wk inc rsv prop ed visits,2026-10-17,27,quantile,0.2,0
2026-09-26,3,wk inc rsv prop ed visits,2026-10-17,27,quantile,0.25,0
2026-09-26,3,wk inc rsv prop ed visits,2026-10-17,27,quantile,0.3,0
2026-09-26,3,wk inc rsv prop ed visits,2026-10-17,27,quantile,0.35,0
2026-09-26,3,wk inc rsv prop ed visits,2026-10-17,27,quantile,0.4,0
2026-09-26,3,wk inc rsv prop ed visits,2026-10-17,27,quantile,0.45,0
2026-09-26,3,wk inc rsv prop ed visits,2026-10-17,27,quantile,0.5,9.999999999999999e-5
2026-09-26,3,wk inc rsv prop ed visits,2026-10-17,27,quantile,0.55,2.999999999999982e-4
2026-09-26,3,wk inc rsv prop ed visits,2026-10-17,27,quantile,0.6,4.999999999999996e-4
2026-09-26,3,wk inc rsv prop ed visits,2026-10-17,27,quantile,0.65,7.000000000000003e-4
2026-09-26,3,wk inc rsv prop ed visits,2026-10-17,27,quantile,0.7,9.999999999999998e-4
2026-09-26,3,wk inc rsv prop ed visits,2026-10-17,27,quantile,0.75,0.0013000000000000002
2026-09-26,3,wk inc rsv prop ed visits,2026-10-17,27,quantile,0.8,0.0016498350983509763
2026-09-26,3,wk inc rsv prop ed visits,2026-10-17,27,quantile,0.85,0.0021000000000000003
2026-09-26,3,wk inc rsv prop ed visits,2026-10-17,27,quantile,0.9,0.0027838624386243896
2026-09-26,3,wk inc rsv prop ed visits,2026-10-17,27,quantile,0.95,0.003881683966839668
2026-09-26,3,wk inc rsv prop ed visits,2026-10-17,27,quantile,0.975,0.004999999999999998
2026-09-26,3,wk inc rsv prop ed visits,2026-10-17,27,quantile,0.99,0.006363292152921525
2026-09-26,3,wk inc rsv prop ed visits,2026-10-17,28,quantile,0.01,0
2026-09-26,3,wk inc rsv prop ed visits,2026-10-17,28,quantile,0.025,0
2026-09-26,3,wk inc rsv prop ed visits,2026-10-17,28,quantile,0.05,0
2026-09-26,3,wk inc rsv prop ed visits,2026-10-17,28,quantile,0.1,0
2026-09-26,3,wk inc rsv prop ed visits,2026-10-17,28,quantile,0.15,0
2026-09-26,3,wk inc rsv prop ed visits,2026-10-17,28,quantile,0.2,0
2026-09-26,3,wk inc rsv prop ed visits,2026-10-17,28,quantile,0.25,0
2026-09-26,3,wk inc rsv prop ed visits,2026-10-17,28,quantile,0.3,0
2026-09-26,3,wk inc rsv prop ed visits,2026-10-17,28,quantile,0.35,5.002095020950099e-5
2026-09-26,3,wk inc rsv prop ed visits,2026-10-17,28,quantile,0.4,2.4982499824998186e-4
2026-09-26,3,wk inc rsv prop ed visits,2026-10-17,28,quantile,0.45,3.49824998249982e-4
2026-09-26,3,wk inc rsv prop ed visits,2026-10-17,28,quantile,0.5,5e-4
2026-09-26,3,wk inc rsv prop ed visits,2026-10-17,28,quantile,0.55,6.498249982499818e-4
2026-09-26,3,wk inc rsv prop ed visits,2026-10-17,28,quantile,0.6,7.498249982499825e-4
2026-09-26,3,wk inc rsv prop ed visits,2026-10-17,28,quantile,0.65,9.49824998249982e-4
2026-09-26,3,wk inc rsv prop ed visits,2026-10-17,28,quantile,0.7,0.001149824998249982
2026-09-26,3,wk inc rsv prop ed visits,2026-10-17,28,quantile,0.75,0.0014068133181331804
2026-09-26,3,wk inc rsv prop ed visits,2026-10-17,28,quantile,0.8,0.0016863379633796373
2026-09-26,3,wk inc rsv prop ed visits,2026-10-17,28,quantile,0.85,0.0020498249982499827
2026-09-26,3,wk inc rsv prop ed visits,2026-10-17,28,quantile,0.9,0.0025563853638536365
2026-09-26,3,wk inc rsv prop ed visits,2026-10-17,28,quantile,0.95,0.003274788097880977
2026-09-26,3,wk inc rsv prop ed visits,2026-10-17,28,quantile,0.975,0.003853889788897896
2026-09-26,3,wk inc rsv prop ed visits,2026-10-17,28,quantile,0.99,0.004698543835438358
2026-09-26,3,wk inc rsv prop ed visits,2026-10-17,29,quantile,0.01,0
2026-09-26,3,wk inc rsv prop ed visits,2026-10-17,29,quantile,0.025,0
2026-09-26,3,wk inc rsv prop ed visits,2026-10-17,29,quantile,0.05,0
2026-09-26,3,wk inc rsv prop ed visits,2026-10-17,29,quantile,0.1,0
2026-09-26,3,wk inc rsv prop ed visits,2026-10-17,29,quantile,0.15,0
2026-09-26,3,wk inc rsv prop ed visits,2026-10-17,29,quantile,0.2,0
2026-09-26,3,wk inc rsv prop ed visits,2026-10-17,29,quantile,0.25,0
2026-09-26,3,wk inc rsv prop ed visits,2026-10-17,29,quantile,0.3,0
2026-09-26,3,wk inc rsv prop ed visits,2026-10-17,29,quantile,0.35,0
2026-09-26,3,wk inc rsv prop ed visits,2026-10-17,29,quantile,0.4,0
2026-09-26,3,wk inc rsv prop ed visits,2026-10-17,29,quantile,0.45,0
2026-09-26,3,wk inc rsv prop ed visits,2026-10-17,29,quantile,0.5,0
2026-09-26,3,wk inc rsv prop ed visits,2026-10-17,29,quantile,0.55,4.794297942979239e-5
2026-09-26,3,wk inc rsv prop ed visits,2026-10-17,29,quantile,0.6,1.0000000000000015e-4
2026-09-26,3,wk inc rsv prop ed visits,2026-10-17,29,quantile,0.65,2.0000000000000058e-4
2026-09-26,3,wk inc rsv prop ed visits,2026-10-17,29,quantile,0.7,3.999999999999999e-4
2026-09-26,3,wk inc rsv prop ed visits,2026-10-17,29,quantile,0.75,5.999999999999998e-4
2026-09-26,3,wk inc rsv prop ed visits,2026-10-17,29,quantile,0.8,8.93181531815319e-4
2026-09-26,3,wk inc rsv prop ed visits,2026-10-17,29,quantile,0.85,0.001201298062980629
2026-09-26,3,wk inc rsv prop ed visits,2026-10-17,29,quantile,0.9,0.0017999999999999989
2026-09-26,3,wk inc rsv prop ed visits,2026-10-17,29,quantile,0.95,0.002509006990069896
2026-09-26,3,wk inc rsv prop ed visits,2026-10-17,29,quantile,0.975,0.0033414814148141655
2026-09-26,3,wk inc rsv prop ed visits,2026-10-17,29,quantile,0.99,0.00451694977949779
2026-09-26,3,wk inc rsv prop ed visits,2026-10-17,30,quantile,0.01,0
2026-09-26,3,wk inc rsv prop ed visits,2026-10-17,30,quantile,0.025,0
2026-09-26,3,wk inc rsv prop ed visits,2026-10-17,30,quantile,0.05,0
2026-09-26,3,wk inc rsv prop ed visits,2026-10-17,30,quantile,0.1,0
2026-09-26,3,wk inc rsv prop ed visits,2026-10-17,30,quantile,0.15,0
2026-09-26,3,wk inc rsv prop ed visits,2026-10-17,30,quantile,0.2,0
2026-09-26,3,wk inc rsv prop ed visits,2026-10-17,30,quantile,0.25,0
2026-09-26,3,wk inc rsv prop ed visits,2026-10-17,30,quantile,0.3,0
2026-09-26,3,wk inc rsv prop ed visits,2026-10-17,30,quantile,0.35,0
2026-09-26,3,wk inc rsv prop ed visits,2026-10-17,30,quantile,0.4,0
2026-09-26,3,wk inc rsv prop ed visits,2026-10-17,30,quantile,0.45,0
2026-09-26,3,wk inc rsv prop ed visits,2026-10-17,30,quantile,0.5,0
2026-09-26,3,wk inc rsv prop ed visits,2026-10-17,30,quantile,0.55,1.9999999999999993e-4
2026-09-26,3,wk inc rsv prop ed visits,2026-10-17,30,quantile,0.6,4e-4
2026-09-26,3,wk inc rsv prop ed visits,2026-10-17,30,quantile,0.65,6.67461024610247e-4
2026-09-26,3,wk inc rsv prop ed visits,2026-10-17,30,quantile,0.7,9.653855538555324e-4
2026-09-26,3,wk inc rsv prop ed visits,2026-10-17,30,quantile,0.75,0.001399999999999998
2026-09-26,3,wk inc rsv prop ed visits,2026-10-17,30,quantile,0.8,0.001900000000000001
2026-09-26,3,wk inc rsv prop ed visits,2026-10-17,30,quantile,0.85,0.0025545917959179593
2026-09-26,3,wk inc rsv prop ed visits,2026-10-17,30,quantile,0.9,0.0033840086400864014
2026-09-26,3,wk inc rsv prop ed visits,2026-10-17,30,quantile,0.95,0.0045834708347083685
2026-09-26,3,wk inc rsv prop ed visits,2026-10-17,30,quantile,0.975,0.005677298872988726
2026-09-26,3,wk inc rsv prop ed visits,2026-10-17,30,quantile,0.99,0.006977106031060317
2026-09-26,3,wk inc rsv prop ed visits,2026-10-17,31,quantile,0.01,0
2026-09-26,3,wk inc rsv prop ed visits,2026-10-17,31,quantile,0.025,0
2026-09-26,3,wk inc rsv prop ed visits,2026-10-17,31,quantile,0.05,0
2026-09-26,3,wk inc rsv prop ed visits,2026-10-17,31,quantile,0.1,0
2026-09-26,3,wk inc rsv prop ed visits,2026-10-17,31,quantile,0.15,0
2026-09-26,3,wk inc rsv prop ed visits,2026-10-17,31,quantile,0.2,0
2026-09-26,3,wk inc rsv prop ed visits,2026-10-17,31,quantile,0.25,0
2026-09-26,3,wk inc rsv prop ed visits,2026-10-17,31,quantile,0.3,0
2026-09-26,3,wk inc rsv prop ed visits,2026-10-17,31,quantile,0.35,0
2026-09-26,3,wk inc rsv prop ed visits,2026-10-17,31,quantile,0.4,0
2026-09-26,3,wk inc rsv prop ed visits,2026-10-17,31,quantile,0.45,0
2026-09-26,3,wk inc rsv prop ed visits,2026-10-17,31,quantile,0.5,1e-4
2026-09-26,3,wk inc rsv prop ed visits,2026-10-17,31,quantile,0.55,2.67306423064233e-4
2026-09-26,3,wk inc rsv prop ed visits,2026-10-17,31,quantile,0.6,3.9999999999999996e-4
2026-09-26,3,wk inc rsv prop ed visits,2026-10-17,31,quantile,0.65,6.000000000000001e-4
2026-09-26,3,wk inc rsv prop ed visits,2026-10-17,31,quantile,0.7,8.153908539085393e-4
2026-09-26,3,wk inc rsv prop ed visits,2026-10-17,31,quantile,0.75,0.0011000000000000003
2026-09-26,3,wk inc rsv prop ed visits,2026-10-17,31,quantile,0.8,0.0014315273152731545
2026-09-26,3,wk inc rsv prop ed visits,2026-10-17,31,quantile,0.85,0.0018000000000000006
2026-09-26,3,wk inc rsv prop ed visits,2026-10-17,31,quantile,0.9,0.0023360165601656
2026-09-26,3,wk inc rsv prop ed visits,2026-10-17,31,quantile,0.95,0.003137710977109773
2026-09-26,3,wk inc rsv prop ed visits,2026-10-17,31,quantile,0.975,0.003951929169291689
2026-09-26,3,wk inc rsv prop ed visits,2026-10-17,31,quantile,0.99,0.004955676546765459
2026-09-26,3,wk inc rsv prop ed visits,2026-10-17,32,quantile,0.01,0
2026-09-26,3,wk inc rsv prop ed visits,2026-10-17,32,quantile,0.025,0
2026-09-26,3,wk inc rsv prop ed visits,2026-10-17,32,quantile,0.05,0
2026-09-26,3,wk inc rsv prop ed visits,2026-10-17,32,quantile,0.1,0
2026-09-26,3,wk inc rsv prop ed visits,2026-10-17,32,quantile,0.15,0
2026-09-26,3,wk inc rsv prop ed visits,2026-10-17,32,quantile,0.2,0
2026-09-26,3,wk inc rsv prop ed visits,2026-10-17,32,quantile,0.25,0
2026-09-26,3,wk inc rsv prop ed visits,2026-10-17,32,quantile,0.3,0
2026-09-26,3,wk inc rsv prop ed visits,2026-10-17,32,quantile,0.35,0
2026-09-26,3,wk inc rsv prop ed visits,2026-10-17,32,quantile,0.4,0
2026-09-26,3,wk inc rsv prop ed visits,2026-10-17,32,quantile,0.45,0
2026-09-26,3,wk inc rsv prop ed visits,2026-10-17,32,quantile,0.5,0
2026-09-26,3,wk inc rsv prop ed visits,2026-10-17,32,quantile,0.55,1.0000000000000037e-4
2026-09-26,3,wk inc rsv prop ed visits,2026-10-17,32,quantile,0.6,2.5401974019740074e-4
2026-09-26,3,wk inc rsv prop ed visits,2026-10-17,32,quantile,0.65,4.000000000000006e-4
2026-09-26,3,wk inc rsv prop ed visits,2026-10-17,32,quantile,0.7,6.000291002910038e-4
2026-09-26,3,wk inc rsv prop ed visits,2026-10-17,32,quantile,0.75,9.000000000000002e-4
2026-09-26,3,wk inc rsv prop ed visits,2026-10-17,32,quantile,0.8,0.0012000000000000005
2026-09-26,3,wk inc rsv prop ed visits,2026-10-17,32,quantile,0.85,0.0016023493734937317
2026-09-26,3,wk inc rsv prop ed visits,2026-10-17,32,quantile,0.9,0.0021663184631846295
2026-09-26,3,wk inc rsv prop ed visits,2026-10-17,32,quantile,0.95,0.00288318243182431
2026-09-26,3,wk inc rsv prop ed visits,2026-10-17,32,quantile,0.975,0.003562643076430755
2026-09-26,3,wk inc rsv prop ed visits,2026-10-17,32,quantile,0.99,0.00438625025250253
2026-09-26,3,wk inc rsv prop ed visits,2026-10-17,33,quantile,0.01,0
2026-09-26,3,wk inc rsv prop ed visits,2026-10-17,33,quantile,0.025,0
2026-09-26,3,wk inc rsv prop ed visits,2026-10-17,33,quantile,0.05,0
2026-09-26,3,wk inc rsv prop ed visits,2026-10-17,33,quantile,0.1,0
2026-09-26,3,wk inc rsv prop ed visits,2026-10-17,33,quantile,0.15,0
2026-09-26,3,wk inc rsv prop ed visits,2026-10-17,33,quantile,0.2,0
2026-09-26,3,wk inc rsv prop ed visits,2026-10-17,33,quantile,0.25,0
2026-09-26,3,wk inc rsv prop ed visits,2026-10-17,33,quantile,0.3,0
2026-09-26,3,wk inc rsv prop ed visits,2026-10-17,33,quantile,0.35,0
2026-09-26,3,wk inc rsv prop ed visits,2026-10-17,33,quantile,0.4,0
2026-09-26,3,wk inc rsv prop ed visits,2026-10-17,33,quantile,0.45,0
2026-09-26,3,wk inc rsv prop ed visits,2026-10-17,33,quantile,0.5,1.7200172001648802e-7
2026-09-26,3,wk inc rsv prop ed visits,2026-10-17,33,quantile,0.55,1.9225447254472052e-4
2026-09-26,3,wk inc rsv prop ed visits,2026-10-17,33,quantile,0.6,4.080890808908079e-4
2026-09-26,3,wk inc rsv prop ed visits,2026-10-17,33,quantile,0.65,6.404808048080489e-4
2026-09-26,3,wk inc rsv prop ed visits,2026-10-17,33,quantile,0.7,9.547605476054755e-4
2026-09-26,3,wk inc rsv prop ed visits,2026-10-17,33,quantile,0.75,0.0013426744267442609
2026-09-26,3,wk inc rsv prop ed visits,2026-10-17,33,quantile,0.8,0.0018080890808908083
2026-09-26,3,wk inc rsv prop ed visits,2026-10-17,33,quantile,0.85,0.0024424425744257417
2026-09-26,3,wk inc rsv prop ed visits,2026-10-17,33,quantile,0.9,0.003326867568675698
2026-09-26,3,wk inc rsv prop ed visits,2026-10-17,33,quantile,0.95,0.0045864180141801155
2026-09-26,3,wk inc rsv prop ed visits,2026-10-17,33,quantile,0.975,0.005564952849528495
2026-09-26,3,wk inc rsv prop ed visits,2026-10-17,33,quantile,0.99,0.006865870868708672
2026-09-26,3,wk inc rsv prop ed visits,2026-10-17,34,quantile,0.01,0
2026-09-26,3,wk inc rsv prop ed visits,2026-10-17,34,quantile,0.025,0
2026-09-26,3,wk inc rsv prop ed visits,2026-10-17,34,quantile,0.05,0
2026-09-26,3,wk inc rsv prop ed visits,2026-10-17,34,quantile,0.1,0
2026-09-26,3,wk inc rsv prop ed visits,2026-10-17,34,quantile,0.15,0
2026-09-26,3,wk inc rsv prop ed visits,2026-10-17,34,quantile,0.2,0
2026-09-26,3,wk inc rsv prop ed visits,2026-10-17,34,quantile,0.25,0
2026-09-26,3,wk inc rsv prop ed visits,2026-10-17,34,quantile,0.3,0
2026-09-26,3,wk inc rsv prop ed visits,2026-10-17,34,quantile,0.35,9.381893818938066e-5
2026-09-26,3,wk inc rsv prop ed visits,2026-10-17,34,quantile,0.4,1.9381893818938074e-4
2026-09-26,3,wk inc rsv prop ed visits,2026-10-17,34,quantile,0.45,2.9381893818938105e-4
2026-09-26,3,wk inc rsv prop ed visits,2026-10-17,34,quantile,0.5,3.9999999999999996e-4
2026-09-26,3,wk inc rsv prop ed visits,2026-10-17,34,quantile,0.55,5.791121911219151e-4
2026-09-26,3,wk inc rsv prop ed visits,2026-10-17,34,quantile,0.6,6.938189381893805e-4
2026-09-26,3,wk inc rsv prop ed visits,2026-10-17,34,quantile,0.65,7.938189381893814e-4
2026-09-26,3,wk inc rsv prop ed visits,2026-10-17,34,quantile,0.7,9.938189381893808e-4
2026-09-26,3,wk inc rsv prop ed visits,2026-10-17,34,quantile,0.75,0.0011938189381893811
2026-09-26,3,wk inc rsv prop ed visits,2026-10-17,34,quantile,0.8,0.0014938189381893802
2026-09-26,3,wk inc rsv prop ed visits,2026-10-17,34,quantile,0.85,0.0017938189381893801
2026-09-26,3,wk inc rsv prop ed visits,2026-10-17,34,quantile,0.9,0.0021938189381893814
2026-09-26,3,wk inc rsv prop ed visits,2026-10-17,34,quantile,0.95,0.002865330153301531
2026-09-26,3,wk inc rsv prop ed visits,2026-10-17,34,quantile,0.975,0.0033938189381893806
2026-09-26,3,wk inc rsv prop ed visits,2026-10-17,34,quantile,0.99,0.004093818938189381
2026-09-26,3,wk inc rsv prop ed visits,2026-10-17,35,quantile,0.01,0
2026-09-26,3,wk inc rsv prop ed visits,2026-10-17,35,quantile,0.025,0
2026-09-26,3,wk inc rsv prop ed visits,2026-10-17,35,quantile,0.05,0
2026-09-26,3,wk inc rsv prop ed visits,2026-10-17,35,quantile,0.1,0
2026-09-26,3,wk inc rsv prop ed visits,2026-10-17,35,quantile,0.15,0
2026-09-26,3,wk inc rsv prop ed visits,2026-10-17,35,quantile,0.2,0
2026-09-26,3,wk inc rsv prop ed visits,2026-10-17,35,quantile,0.25,0
2026-09-26,3,wk inc rsv prop ed visits,2026-10-17,35,quantile,0.3,0
2026-09-26,3,wk inc rsv prop ed visits,2026-10-17,35,quantile,0.35,0
2026-09-26,3,wk inc rsv prop ed visits,2026-10-17,35,quantile,0.4,0
2026-09-26,3,wk inc rsv prop ed visits,2026-10-17,35,quantile,0.45,0
2026-09-26,3,wk inc rsv prop ed visits,2026-10-17,35,quantile,0.5,9.999999999999999e-5
2026-09-26,3,wk inc rsv prop ed visits,2026-10-17,35,quantile,0.55,3.0000000000000003e-4
2026-09-26,3,wk inc rsv prop ed visits,2026-10-17,35,quantile,0.6,5.994475944759434e-4
2026-09-26,3,wk inc rsv prop ed visits,2026-10-17,35,quantile,0.65,8.999999999999999e-4
2026-09-26,3,wk inc rsv prop ed visits,2026-10-17,35,quantile,0.7,0.0013
2026-09-26,3,wk inc rsv prop ed visits,2026-10-17,35,quantile,0.75,0.0018107451074510727
2026-09-26,3,wk inc rsv prop ed visits,2026-10-17,35,quantile,0.8,0.002442499424994251
2026-09-26,3,wk inc rsv prop ed visits,2026-10-17,35,quantile,0.85,0.003312381273812735
2026-09-26,3,wk inc rsv prop ed visits,2026-10-17,35,quantile,0.9,0.004361179011790117
2026-09-26,3,wk inc rsv prop ed visits,2026-10-17,35,quantile,0.95,0.006594579795797958
2026-09-26,3,wk inc rsv prop ed visits,2026-10-17,35,quantile,0.975,0.008718853363533624
2026-09-26,3,wk inc rsv prop ed visits,2026-10-17,35,quantile,0.99,0.010279824058240572
2026-09-26,3,wk inc rsv prop ed visits,2026-10-17,36,quantile,0.01,0
2026-09-26,3,wk inc rsv prop ed visits,2026-10-17,36,quantile,0.025,0
2026-09-26,3,wk inc rsv prop ed visits,2026-10-17,36,quantile,0.05,0
2026-09-26,3,wk inc rsv prop ed visits,2026-10-17,36,quantile,0.1,0
2026-09-26,3,wk inc rsv prop ed visits,2026-10-17,36,quantile,0.15,0
2026-09-26,3,wk inc rsv prop ed visits,2026-10-17,36,quantile,0.2,0
2026-09-26,3,wk inc rsv prop ed visits,2026-10-17,36,quantile,0.25,0
2026-09-26,3,wk inc rsv prop ed visits,2026-10-17,36,quantile,0.3,0
2026-09-26,3,wk inc rsv prop ed visits,2026-10-17,36,quantile,0.35,0
2026-09-26,3,wk inc rsv prop ed visits,2026-10-17,36,quantile,0.4,0
2026-09-26,3,wk inc rsv prop ed visits,2026-10-17,36,quantile,0.45,8.131516293641283e-20
2026-09-26,3,wk inc rsv prop ed visits,2026-10-17,36,quantile,0.5,1e-4
2026-09-26,3,wk inc rsv prop ed visits,2026-10-17,36,quantile,0.55,1.9999999999999987e-4
2026-09-26,3,wk inc rsv prop ed visits,2026-10-17,36,quantile,0.6,3e-4
2026-09-26,3,wk inc rsv prop ed visits,2026-10-17,36,quantile,0.65,4.000000000000001e-4
2026-09-26,3,wk inc rsv prop ed visits,2026-10-17,36,quantile,0.7,5.000000000000011e-4
2026-09-26,3,wk inc rsv prop ed visits,2026-10-17,36,quantile,0.75,7.000000000000001e-4
2026-09-26,3,wk inc rsv prop ed visits,2026-10-17,36,quantile,0.8,9.000000000000001e-4
2026-09-26,3,wk inc rsv prop ed visits,2026-10-17,36,quantile,0.85,0.001135645856458562
2026-09-26,3,wk inc rsv prop ed visits,2026-10-17,36,quantile,0.9,0.0015194726947269496
2026-09-26,3,wk inc rsv prop ed visits,2026-10-17,36,quantile,0.95,0.0021422029720297164
2026-09-26,3,wk inc rsv prop ed visits,2026-10-17,36,quantile,0.975,0.002664534695346953
2026-09-26,3,wk inc rsv prop ed visits,2026-10-17,36,quantile,0.99,0.0032405403254032483
2026-09-26,3,wk inc rsv prop ed visits,2026-10-17,37,quantile,0.01,0
2026-09-26,3,wk inc rsv prop ed visits,2026-10-17,37,quantile,0.025,0
2026-09-26,3,wk inc rsv prop ed visits,2026-10-17,37,quantile,0.05,0
2026-09-26,3,wk inc rsv prop ed visits,2026-10-17,37,quantile,0.1,0
2026-09-26,3,wk inc rsv prop ed visits,2026-10-17,37,quantile,0.15,0
2026-09-26,3,wk inc rsv prop ed visits,2026-10-17,37,quantile,0.2,0
2026-09-26,3,wk inc rsv prop ed visits,2026-10-17,37,quantile,0.25,0
2026-09-26,3,wk inc rsv prop ed visits,2026-10-17,37,quantile,0.3,0
2026-09-26,3,wk inc rsv prop ed visits,2026-10-17,37,quantile,0.35,0
2026-09-26,3,wk inc rsv prop ed visits,2026-10-17,37,quantile,0.4,1.6263032587282567e-19
2026-09-26,3,wk inc rsv prop ed visits,2026-10-17,37,quantile,0.45,1.4926704267042678e-4
2026-09-26,3,wk inc rsv prop ed visits,2026-10-17,37,quantile,0.5,3e-4
2026-09-26,3,wk inc rsv prop ed visits,2026-10-17,37,quantile,0.55,4.0000000000000024e-4
2026-09-26,3,wk inc rsv prop ed visits,2026-10-17,37,quantile,0.6,6.000000000000001e-4
2026-09-26,3,wk inc rsv prop ed visits,2026-10-17,37,quantile,0.65,7.999999999999999e-4
2026-09-26,3,wk inc rsv prop ed visits,2026-10-17,37,quantile,0.7,0.0010054339543395477
2026-09-26,3,wk inc rsv prop ed visits,2026-10-17,37,quantile,0.75,0.0013000000000000002
2026-09-26,3,wk inc rsv prop ed visits,2026-10-17,37,quantile,0.8,0.0016281826818268217
2026-09-26,3,wk inc rsv prop ed visits,2026-10-17,37,quantile,0.85,0.0020965163151631574
2026-09-26,3,wk inc rsv prop ed visits,2026-10-17,37,quantile,0.9,0.002655822758227583
2026-09-26,3,wk inc rsv prop ed visits,2026-10-17,37,quantile,0.95,0.0036876307263072655
2026-09-26,3,wk inc rsv prop ed visits,2026-10-17,37,quantile,0.975,0.0047208951839518305
2026-09-26,3,wk inc rsv prop ed visits,2026-10-17,37,quantile,0.99,0.005699955669556689
2026-09-26,3,wk inc rsv prop ed visits,2026-10-17,38,quantile,0.01,0
2026-09-26,3,wk inc rsv prop ed visits,2026-10-17,38,quantile,0.025,0
2026-09-26,3,wk inc rsv prop ed visits,2026-10-17,38,quantile,0.05,0
2026-09-26,3,wk inc rsv prop ed visits,2026-10-17,38,quantile,0.1,0
2026-09-26,3,wk inc rsv prop ed visits,2026-10-17,38,quantile,0.15,0
2026-09-26,3,wk inc rsv prop ed visits,2026-10-17,38,quantile,0.2,0
2026-09-26,3,wk inc rsv prop ed visits,2026-10-17,38,quantile,0.25,0
2026-09-26,3,wk inc rsv prop ed visits,2026-10-17,38,quantile,0.3,0
2026-09-26,3,wk inc rsv prop ed visits,2026-10-17,38,quantile,0.35,0
2026-09-26,3,wk inc rsv prop ed visits,2026-10-17,38,quantile,0.4,0
2026-09-26,3,wk inc rsv prop ed visits,2026-10-17,38,quantile,0.45,0
2026-09-26,3,wk inc rsv prop ed visits,2026-10-17,38,quantile,0.5,9.999999999999999e-5
2026-09-26,3,wk inc rsv prop ed visits,2026-10-17,38,quantile,0.55,2.9999999999999916e-4
2026-09-26,3,wk inc rsv prop ed visits,2026-10-17,38,quantile,0.6,4.999999999999997e-4
2026-09-26,3,wk inc rsv prop ed visits,2026-10-17,38,quantile,0.65,7.000000000000011e-4
2026-09-26,3,wk inc rsv prop ed visits,2026-10-17,38,quantile,0.7,0.0010228366283662831
2026-09-26,3,wk inc rsv prop ed visits,2026-10-17,38,quantile,0.75,0.0013999999999999998
2026-09-26,3,wk inc rsv prop ed visits,2026-10-17,38,quantile,0.8,0.0018450990509905109
2026-09-26,3,wk inc rsv prop ed visits,2026-10-17,38,quantile,0.85,0.0025112741627416253
2026-09-26,3,wk inc rsv prop ed visits,2026-10-17,38,quantile,0.9,0.0036692541925419262
2026-09-26,3,wk inc rsv prop ed visits,2026-10-17,38,quantile,0.95,0.005760162901629014
2026-09-26,3,wk inc rsv prop ed visits,2026-10-17,38,quantile,0.975,0.0072728616036160315
2026-09-26,3,wk inc rsv prop ed visits,2026-10-17,38,quantile,0.99,0.009083281662816616
2026-09-26,3,wk inc rsv prop ed visits,2026-10-17,39,quantile,0.01,0
2026-09-26,3,wk inc rsv prop ed visits,2026-10-17,39,quantile,0.025,0
2026-09-26,3,wk inc rsv prop ed visits,2026-10-17,39,quantile,0.05,0
2026-09-26,3,wk inc rsv prop ed visits,2026-10-17,39,quantile,0.1,0
2026-09-26,3,wk inc rsv prop ed visits,2026-10-17,39,quantile,0.15,0
2026-09-26,3,wk inc rsv prop ed visits,2026-10-17,39,quantile,0.2,0
2026-09-26,3,wk inc rsv prop ed visits,2026-10-17,39,quantile,0.25,0
2026-09-26,3,wk inc rsv prop ed visits,2026-10-17,39,quantile,0.3,0
2026-09-26,3,wk inc rsv prop ed visits,2026-10-17,39,quantile,0.35,0
2026-09-26,3,wk inc rsv prop ed visits,2026-10-17,39,quantile,0.4,0
2026-09-26,3,wk inc rsv prop ed visits,2026-10-17,39,quantile,0.45,2.710505431213761e-20
2026-09-26,3,wk inc rsv prop ed visits,2026-10-17,39,quantile,0.5,1e-4
2026-09-26,3,wk inc rsv prop ed visits,2026-10-17,39,quantile,0.55,1.9999999999999993e-4
2026-09-26,3,wk inc rsv prop ed visits,2026-10-17,39,quantile,0.6,3.0000000000000003e-4
2026-09-26,3,wk inc rsv prop ed visits,2026-10-17,39,quantile,0.65,4.0000000000000024e-4
2026-09-26,3,wk inc rsv prop ed visits,2026-10-17,39,quantile,0.7,6e-4
2026-09-26,3,wk inc rsv prop ed visits,2026-10-17,39,quantile,0.75,7.999999999999998e-4
2026-09-26,3,wk inc rsv prop ed visits,2026-10-17,39,quantile,0.8,0.0010000000000000002
2026-09-26,3,wk inc rsv prop ed visits,2026-10-17,39,quantile,0.85,0.001385874158741591
2026-09-26,3,wk inc rsv prop ed visits,2026-10-17,39,quantile,0.9,0.0018264945649456503
2026-09-26,3,wk inc rsv prop ed visits,2026-10-17,39,quantile,0.95,0.0025257758577585726
2026-09-26,3,wk inc rsv prop ed visits,2026-10-17,39,quantile,0.975,0.003177196346963472
2026-09-26,3,wk inc rsv prop ed visits,2026-10-17,39,quantile,0.99,0.003860753427534277
2026-09-26,3,wk inc rsv prop ed visits,2026-10-17,40,quantile,0.01,0
2026-09-26,3,wk inc rsv prop ed visits,2026-10-17,40,quantile,0.025,0
2026-09-26,3,wk inc rsv prop ed visits,2026-10-17,40,quantile,0.05,0
2026-09-26,3,wk inc rsv prop ed visits,2026-10-17,40,quantile,0.1,0
2026-09-26,3,wk inc rsv prop ed visits,2026-10-17,40,quantile,0.15,0
2026-09-26,3,wk inc rsv prop ed visits,2026-10-17,40,quantile,0.2,0
2026-09-26,3,wk inc rsv prop ed visits,2026-10-17,40,quantile,0.25,0
2026-09-26,3,wk inc rsv prop ed visits,2026-10-17,40,quantile,0.3,0
2026-09-26,3,wk inc rsv prop ed visits,2026-10-17,40,quantile,0.35,0
2026-09-26,3,wk inc rsv prop ed visits,2026-10-17,40,quantile,0.4,0
2026-09-26,3,wk inc rsv prop ed visits,2026-10-17,40,quantile,0.45,6.893668936689288e-5
2026-09-26,3,wk inc rsv prop ed visits,2026-10-17,40,quantile,0.5,2e-4
2026-09-26,3,wk inc rsv prop ed visits,2026-10-17,40,quantile,0.55,3.6893668936689315e-4
2026-09-26,3,wk inc rsv prop ed visits,2026-10-17,40,quantile,0.6,5.689366893668937e-4
2026-09-26,3,wk inc rsv prop ed visits,2026-10-17,40,quantile,0.65,8.689366893668916e-4
2026-09-26,3,wk inc rsv prop ed visits,2026-10-17,40,quantile,0.7,0.0011374122741227375
2026-09-26,3,wk inc rsv prop ed visits,2026-10-17,40,quantile,0.75,0.001468936689366893
2026-09-26,3,wk inc rsv prop ed visits,2026-10-17,40,quantile,0.8,0.0018477178771787823
2026-09-26,3,wk inc rsv prop ed visits,2026-10-17,40,quantile,0.85,0.0022689366893668935
2026-09-26,3,wk inc rsv prop ed visits,2026-10-17,40,quantile,0.9,0.0029235356353563514
2026-09-26,3,wk inc rsv prop ed visits,2026-10-17,40,quantile,0.95,0.003982233472334721
2026-09-26,3,wk inc rsv prop ed visits,2026-10-17,40,quantile,0.975,0.0047735924609246
2026-09-26,3,wk inc rsv prop ed visits,2026-10-17,40,quantile,0.99,0.005878578605786053
2026-09-26,3,wk inc rsv prop ed visits,2026-10-17,41,quantile,0.01,0
2026-09-26,3,wk inc rsv prop ed visits,2026-10-17,41,quantile,0.025,0
2026-09-26,3,wk inc rsv prop ed visits,2026-10-17,41,quantile,0.05,0
2026-09-26,3,wk inc rsv prop ed visits,2026-10-17,41,quantile,0.1,0
2026-09-26,3,wk inc rsv prop ed visits,2026-10-17,41,quantile,0.15,0
2026-09-26,3,wk inc rsv prop ed visits,2026-10-17,41,quantile,0.2,0
2026-09-26,3,wk inc rsv prop ed visits,2026-10-17,41,quantile,0.25,0
2026-09-26,3,wk inc rsv prop ed visits,2026-10-17,41,quantile,0.3,0
2026-09-26,3,wk inc rsv prop ed visits,2026-10-17,41,quantile,0.35,0
2026-09-26,3,wk inc rsv prop ed visits,2026-10-17,41,quantile,0.4,0
2026-09-26,3,wk inc rsv prop ed visits,2026-10-17,41,quantile,0.45,9.999999999999988e-5
2026-09-26,3,wk inc rsv prop ed visits,2026-10-17,41,quantile,0.5,2e-4
2026-09-26,3,wk inc rsv prop ed visits,2026-10-17,41,quantile,0.55,3.0000000000000014e-4
2026-09-26,3,wk inc rsv prop ed visits,2026-10-17,41,quantile,0.6,4.999999999999999e-4
2026-09-26,3,wk inc rsv prop ed visits,2026-10-17,41,quantile,0.65,6.999999999999999e-4
2026-09-26,3,wk inc rsv prop ed visits,2026-10-17,41,quantile,0.7,9.33670736707365e-4
2026-09-26,3,wk inc rsv prop ed visits,2026-10-17,41,quantile,0.75,0.0012000000000000003
2026-09-26,3,wk inc rsv prop ed visits,2026-10-17,41,quantile,0.8,0.0015020488204882069
2026-09-26,3,wk inc rsv prop ed visits,2026-10-17,41,quantile,0.85,0.001986668866688662
2026-09-26,3,wk inc rsv prop ed visits,2026-10-17,41,quantile,0.9,0.002597581875818754
2026-09-26,3,wk inc rsv prop ed visits,2026-10-17,41,quantile,0.95,0.003399999999999999
2026-09-26,3,wk inc rsv prop ed visits,2026-10-17,41,quantile,0.975,0.004121772792727916
2026-09-26,3,wk inc rsv prop ed visits,2026-10-17,41,quantile,0.99,0.005049499794997953
2026-09-26,3,wk inc rsv prop ed visits,2026-10-17,42,quantile,0.01,0
2026-09-26,3,wk inc rsv prop ed visits,2026-10-17,42,quantile,0.025,0
2026-09-26,3,wk inc rsv prop ed visits,2026-10-17,42,quantile,0.05,0
2026-09-26,3,wk inc rsv prop ed visits,2026-10-17,42,quantile,0.1,0
2026-09-26,3,wk inc rsv prop ed visits,2026-10-17,42,quantile,0.15,0
2026-09-26,3,wk inc rsv prop ed visits,2026-10-17,42,quantile,0.2,0
2026-09-26,3,wk inc rsv prop ed visits,2026-10-17,42,quantile,0.25,0
2026-09-26,3,wk inc rsv prop ed visits,2026-10-17,42,quantile,0.3,0
2026-09-26,3,wk inc rsv prop ed visits,2026-10-17,42,quantile,0.35,0
2026-09-26,3,wk inc rsv prop ed visits,2026-10-17,42,quantile,0.4,0
2026-09-26,3,wk inc rsv prop ed visits,2026-10-17,42,quantile,0.45,2.710505431213761e-20
2026-09-26,3,wk inc rsv prop ed visits,2026-10-17,42,quantile,0.5,1e-4
2026-09-26,3,wk inc rsv prop ed visits,2026-10-17,42,quantile,0.55,1.9999999999999993e-4
2026-09-26,3,wk inc rsv prop ed visits,2026-10-17,42,quantile,0.6,3.000000000000001e-4
2026-09-26,3,wk inc rsv prop ed visits,2026-10-17,42,quantile,0.65,4.999999999999999e-4
2026-09-26,3,wk inc rsv prop ed visits,2026-10-17,42,quantile,0.7,6.722475224752244e-4
2026-09-26,3,wk inc rsv prop ed visits,2026-10-17,42,quantile,0.75,8.746422464224634e-4
2026-09-26,3,wk inc rsv prop ed visits,2026-10-17,42,quantile,0.8,0.0011000000000000005
2026-09-26,3,wk inc rsv prop ed visits,2026-10-17,42,quantile,0.85,0.0015000000000000002
2026-09-26,3,wk inc rsv prop ed visits,2026-10-17,42,quantile,0.9,0.00206607356073561
2026-09-26,3,wk inc rsv prop ed visits,2026-10-17,42,quantile,0.95,0.0028028786287862873
2026-09-26,3,wk inc rsv prop ed visits,2026-10-17,42,quantile,0.975,0.0033816084660846534
2026-09-26,3,wk inc rsv prop ed visits,2026-10-17,42,quantile,0.99,0.004108177581775811
2026-09-26,3,wk inc rsv prop ed visits,2026-10-17,44,quantile,0.01,0
2026-09-26,3,wk inc rsv prop ed visits,2026-10-17,44,quantile,0.025,0
2026-09-26,3,wk inc rsv prop ed visits,2026-10-17,44,quantile,0.05,0
2026-09-26,3,wk inc rsv prop ed visits,2026-10-17,44,quantile,0.1,0
2026-09-26,3,wk inc rsv prop ed visits,2026-10-17,44,quantile,0.15,0
2026-09-26,3,wk inc rsv prop ed visits,2026-10-17,44,quantile,0.2,0
2026-09-26,3,wk inc rsv prop ed visits,2026-10-17,44,quantile,0.25,0
2026-09-26,3,wk inc rsv prop ed visits,2026-10-17,44,quantile,0.3,0
2026-09-26,3,wk inc rsv prop ed visits,2026-10-17,44,quantile,0.35,0
2026-09-26,3,wk inc rsv prop ed visits,2026-10-17,44,quantile,0.4,0
2026-09-26,3,wk inc rsv prop ed visits,2026-10-17,44,quantile,0.45,9.999999999999986e-5
2026-09-26,3,wk inc rsv prop ed visits,2026-10-17,44,quantile,0.5,2e-4
2026-09-26,3,wk inc rsv prop ed visits,2026-10-17,44,quantile,0.55,3.9999999999999975e-4
2026-09-26,3,wk inc rsv prop ed visits,2026-10-17,44,quantile,0.6,5.238488384883862e-4
2026-09-26,3,wk inc rsv prop ed visits,2026-10-17,44,quantile,0.65,7.680732307323095e-4
2026-09-26,3,wk inc rsv prop ed visits,2026-10-17,44,quantile,0.7,0.0010000000000000002
2026-09-26,3,wk inc rsv prop ed visits,2026-10-17,44,quantile,0.75,0.001372547725477252
2026-09-26,3,wk inc rsv prop ed visits,2026-10-17,44,quantile,0.8,0.001791309513095135
2026-09-26,3,wk inc rsv prop ed visits,2026-10-17,44,quantile,0.85,0.002294366793667935
2026-09-26,3,wk inc rsv prop ed visits,2026-10-17,44,quantile,0.9,0.0029000000000000007
2026-09-26,3,wk inc rsv prop ed visits,2026-10-17,44,quantile,0.95,0.0037553661036610346
2026-09-26,3,wk inc rsv prop ed visits,2026-10-17,44,quantile,0.975,0.004500418154181536
2026-09-26,3,wk inc rsv prop ed visits,2026-10-17,44,quantile,0.99,0.005596757227572271
2026-09-26,3,wk inc rsv prop ed visits,2026-10-17,45,quantile,0.01,0
2026-09-26,3,wk inc rsv prop ed visits,2026-10-17,45,quantile,0.025,0
2026-09-26,3,wk inc rsv prop ed visits,2026-10-17,45,quantile,0.05,0
2026-09-26,3,wk inc rsv prop ed visits,2026-10-17,45,quantile,0.1,0
2026-09-26,3,wk inc rsv prop ed visits,2026-10-17,45,quantile,0.15,0
2026-09-26,3,wk inc rsv prop ed visits,2026-10-17,45,quantile,0.2,0
2026-09-26,3,wk inc rsv prop ed visits,2026-10-17,45,quantile,0.25,0
2026-09-26,3,wk inc rsv prop ed visits,2026-10-17,45,quantile,0.3,0
2026-09-26,3,wk inc rsv prop ed visits,2026-10-17,45,quantile,0.35,5.493604936049112e-5
2026-09-26,3,wk inc rsv prop ed visits,2026-10-17,45,quantile,0.4,1.5493604936049152e-4
2026-09-26,3,wk inc rsv prop ed visits,2026-10-17,45,quantile,0.45,2.549360493604917e-4
2026-09-26,3,wk inc rsv prop ed visits,2026-10-17,45,quantile,0.5,4e-4
2026-09-26,3,wk inc rsv prop ed visits,2026-10-17,45,quantile,0.55,5.549360493604914e-4
2026-09-26,3,wk inc rsv prop ed visits,2026-10-17,45,quantile,0.6,6.549360493604917e-4
2026-09-26,3,wk inc rsv prop ed visits,2026-10-17,45,quantile,0.65,8.549360493604913e-4
2026-09-26,3,wk inc rsv prop ed visits,2026-10-17,45,quantile,0.7,0.0010279853798537929
2026-09-26,3,wk inc rsv prop ed visits,2026-10-17,45,quantile,0.75,0.001254936049360491
2026-09-26,3,wk inc rsv prop ed visits,2026-10-17,45,quantile,0.8,0.0014729988299883032
2026-09-26,3,wk inc rsv prop ed visits,2026-10-17,45,quantile,0.85,0.0018549360493604911
2026-09-26,3,wk inc rsv prop ed visits,2026-10-17,45,quantile,0.9,0.002293272432724333
2026-09-26,3,wk inc rsv prop ed visits,2026-10-17,45,quantile,0.95,0.00298664666646666
2026-09-26,3,wk inc rsv prop ed visits,2026-10-17,45,quantile,0.975,0.003659847448474487
2026-09-26,3,wk inc rsv prop ed visits,2026-10-17,45,quantile,0.99,0.004494102041020406
2026-09-26,3,wk inc rsv prop ed visits,2026-10-17,46,quantile,0.01,0
2026-09-26,3,wk inc rsv prop ed visits,2026-10-17,46,quantile,0.025,0
2026-09-26,3,wk inc rsv prop ed visits,2026-10-17,46,quantile,0.05,0
2026-09-26,3,wk inc rsv prop ed visits,2026-10-17,46,quantile,0.1,0
2026-09-26,3,wk inc rsv prop ed visits,2026-10-17,46,quantile,0.15,0
2026-09-26,3,wk inc rsv prop ed visits,2026-10-17,46,quantile,0.2,0
2026-09-26,3,wk inc rsv prop ed visits,2026-10-17,46,quantile,0.25,0
2026-09-26,3,wk inc rsv prop ed visits,2026-10-17,46,quantile,0.3,0
2026-09-26,3,wk inc rsv prop ed visits,2026-10-17,46,quantile,0.35,0
2026-09-26,3,wk inc rsv prop ed visits,2026-10-17,46,quantile,0.4,0
2026-09-26,3,wk inc rsv prop ed visits,2026-10-17,46,quantile,0.45,0
2026-09-26,3,wk inc rsv prop ed visits,2026-10-17,46,quantile,0.5,0
2026-09-26,3,wk inc rsv prop ed visits,2026-10-17,46,quantile,0.55,2.000000000000001e-4
2026-09-26,3,wk inc rsv prop ed visits,2026-10-17,46,quantile,0.6,4.97356373563734e-4
2026-09-26,3,wk inc rsv prop ed visits,2026-10-17,46,quantile,0.65,7.614780147801512e-4
2026-09-26,3,wk inc rsv prop ed visits,2026-10-17,46,quantile,0.7,0.0011000000000000003
2026-09-26,3,wk inc rsv prop ed visits,2026-10-17,46,quantile,0.75,0.0015000000000000002
2026-09-26,3,wk inc rsv prop ed visits,2026-10-17,46,quantile,0.8,0.001998823388233883
2026-09-26,3,wk inc rsv prop ed visits,2026-10-17,46,quantile,0.85,0.0025921176211762095
2026-09-26,3,wk inc rsv prop ed visits,2026-10-17,46,quantile,0.9,0.00329538595385954
2026-09-26,3,wk inc rsv prop ed visits,2026-10-17,46,quantile,0.95,0.004300000000000002
2026-09-26,3,wk inc rsv prop ed visits,2026-10-17,46,quantile,0.975,0.005265373703737037
2026-09-26,3,wk inc rsv prop ed visits,2026-10-17,46,quantile,0.99,0.006467547865478626
2026-09-26,3,wk inc rsv prop ed visits,2026-10-17,47,quantile,0.01,0
2026-09-26,3,wk inc rsv prop ed visits,2026-10-17,47,quantile,0.025,0
2026-09-26,3,wk inc rsv prop ed visits,2026-10-17,47,quantile,0.05,0
2026-09-26,3,wk inc rsv prop ed visits,2026-10-17,47,quantile,0.1,0
2026-09-26,3,wk inc rsv prop ed visits,2026-10-17,47,quantile,0.15,0
2026-09-26,3,wk inc rsv prop ed visits,2026-10-17,47,quantile,0.2,0
2026-09-26,3,wk inc rsv prop ed visits,2026-10-17,47,quantile,0.25,0
2026-09-26,3,wk inc rsv prop ed visits,2026-10-17,47,quantile,0.3,0
2026-09-26,3,wk inc rsv prop ed visits,2026-10-17,47,quantile,0.35,0
2026-09-26,3,wk inc rsv prop ed visits,2026-10-17,47,quantile,0.4,1.0000000000000064e-4
2026-09-26,3,wk inc rsv prop ed visits,2026-10-17,47,quantile,0.45,2.000000000000009e-4
2026-09-26,3,wk inc rsv prop ed visits,2026-10-17,47,quantile,0.5,4e-4
2026-09-26,3,wk inc rsv prop ed visits,2026-10-17,47,quantile,0.55,5.000000000000007e-4
2026-09-26,3,wk inc rsv prop ed visits,2026-10-17,47,quantile,0.6,6.999999999999999e-4
2026-09-26,3,wk inc rsv prop ed visits,2026-10-17,47,quantile,0.65,8.41154611546116e-4
2026-09-26,3,wk inc rsv prop ed visits,2026-10-17,47,quantile,0.7,0.001083247032470323
2026-09-26,3,wk inc rsv prop ed visits,2026-10-17,47,quantile,0.75,0.0013000000000000023
2026-09-26,3,wk inc rsv prop ed visits,2026-10-17,47,quantile,0.8,0.0016373005730057329
2026-09-26,3,wk inc rsv prop ed visits,2026-10-17,47,quantile,0.85,0.002000000000000001
2026-09-26,3,wk inc rsv prop ed visits,2026-10-17,47,quantile,0.9,0.002458320083200833
2026-09-26,3,wk inc rsv prop ed visits,2026-10-17,47,quantile,0.95,0.0032000000000000015
2026-09-26,3,wk inc rsv prop ed visits,2026-10-17,47,quantile,0.975,0.00388490242402425
2026-09-26,3,wk inc rsv prop ed visits,2026-10-17,47,quantile,0.99,0.004701251982519812
2026-09-26,3,wk inc rsv prop ed visits,2026-10-17,48,quantile,0.01,0
2026-09-26,3,wk inc rsv prop ed visits,2026-10-17,48,quantile,0.025,0
2026-09-26,3,wk inc rsv prop ed visits,2026-10-17,48,quantile,0.05,0
2026-09-26,3,wk inc rsv prop ed visits,2026-10-17,48,quantile,0.1,0
2026-09-26,3,wk inc rsv prop ed visits,2026-10-17,48,quantile,0.15,0
2026-09-26,3,wk inc rsv prop ed visits,2026-10-17,48,quantile,0.2,0
2026-09-26,3,wk inc rsv prop ed visits,2026-10-17,48,quantile,0.25,0
2026-09-26,3,wk inc rsv prop ed visits,2026-10-17,48,quantile,0.3,4.713457134570909e-5
2026-09-26,3,wk inc rsv prop ed visits,2026-10-17,48,quantile,0.35,1.9999999999999944e-4
2026-09-26,3,wk inc rsv prop ed visits,2026-10-17,48,quantile,0.4,3.99999999999999e-4
2026-09-26,3,wk inc rsv prop ed visits,2026-10-17,48,quantile,0.45,4.999999999999993e-4
2026-09-26,3,wk inc rsv prop ed visits,2026-10-17,48,quantile,0.5,6e-4
2026-09-26,3,wk inc rsv prop ed visits,2026-10-17,48,quantile,0.55,7.999999999999988e-4
2026-09-26,3,wk inc rsv prop ed visits,2026-10-17,48,quantile,0.6,8.999999999999995e-4
2026-09-26,3,wk inc rsv prop ed visits,2026-10-17,48,quantile,0.65,0.0010999999999999994
2026-09-26,3,wk inc rsv prop ed visits,2026-10-17,48,quantile,0.7,0.0013
2026-09-26,3,wk inc rsv prop ed visits,2026-10-17,48,quantile,0.75,0.0015999999999999986
2026-09-26,3,wk inc rsv prop ed visits,2026-10-17,48,quantile,0.8,0.0018999999999999985
2026-09-26,3,wk inc rsv prop ed visits,2026-10-17,48,quantile,0.85,0.002225655856558562
2026-09-26,3,wk inc rsv prop ed visits,2026-10-17,48,quantile,0.9,0.0027051514515145174
2026-09-26,3,wk inc rsv prop ed visits,2026-10-17,48,quantile,0.95,0.0034909239092390802
2026-09-26,3,wk inc rsv prop ed visits,2026-10-17,48,quantile,0.975,0.004120259577595775
2026-09-26,3,wk inc rsv prop ed visits,2026-10-17,48,quantile,0.99,0.004931871358713567
2026-09-26,3,wk inc rsv prop ed visits,2026-10-17,49,quantile,0.01,0
2026-09-26,3,wk inc rsv prop ed visits,2026-10-17,49,quantile,0.025,0
2026-09-26,3,wk inc rsv prop ed visits,2026-10-17,49,quantile,0.05,0
2026-09-26,3,wk inc rsv prop ed visits,2026-10-17,49,quantile,0.1,0
2026-09-26,3,wk inc rsv prop ed visits,2026-10-17,49,quantile,0.15,0
2026-09-26,3,wk inc rsv prop ed visits,2026-10-17,49,quantile,0.2,0
2026-09-26,3,wk inc rsv prop ed visits,2026-10-17,49,quantile,0.25,0
2026-09-26,3,wk inc rsv prop ed visits,2026-10-17,49,quantile,0.3,0
2026-09-26,3,wk inc rsv prop ed visits,2026-10-17,49,quantile,0.35,0
2026-09-26,3,wk inc rsv prop ed visits,2026-10-17,49,quantile,0.4,0
2026-09-26,3,wk inc rsv prop ed visits,2026-10-17,49,quantile,0.45,0
2026-09-26,3,wk inc rsv prop ed visits,2026-10-17,49,quantile,0.5,0
2026-09-26,3,wk inc rsv prop ed visits,2026-10-17,49,quantile,0.55,1.0994769947699512e-4
2026-09-26,3,wk inc rsv prop ed visits,2026-10-17,49,quantile,0.6,3.703873038730372e-4
2026-09-26,3,wk inc rsv prop ed visits,2026-10-17,49,quantile,0.65,6.000000000000008e-4
2026-09-26,3,wk inc rsv prop ed visits,2026-10-17,49,quantile,0.7,9.798124981249792e-4
2026-09-26,3,wk inc rsv prop ed visits,2026-10-17,49,quantile,0.75,0.0013999999999999998
2026-09-26,3,wk inc rsv prop ed visits,2026-10-17,49,quantile,0.8,0.0018999999999999993
2026-09-26,3,wk inc rsv prop ed visits,2026-10-17,49,quantile,0.85,0.0025147266972669743
2026-09-26,3,wk inc rsv prop ed visits,2026-10-17,49,quantile,0.9,0.0034439159391593944
2026-09-26,3,wk inc rsv prop ed visits,2026-10-17,49,quantile,0.95,0.005100000000000001
2026-09-26,3,wk inc rsv prop ed visits,2026-10-17,49,quantile,0.975,0.006626905469054687
2026-09-26,3,wk inc rsv prop ed visits,2026-10-17,49,quantile,0.99,0.008571118401183917
2026-09-26,3,wk inc rsv prop ed visits,2026-10-17,50,quantile,0.01,0
2026-09-26,3,wk inc rsv prop ed visits,2026-10-17,50,quantile,0.025,0
2026-09-26,3,wk inc rsv prop ed visits,2026-10-17,50,quantile,0.05,0
2026-09-26,3,wk inc rsv prop ed visits,2026-10-17,50,quantile,0.1,0
2026-09-26,3,wk inc rsv prop ed visits,2026-10-17,50,quantile,0.15,0
2026-09-26,3,wk inc rsv prop ed visits,2026-10-17,50,quantile,0.2,0
2026-09-26,3,wk inc rsv prop ed visits,2026-10-17,50,quantile,0.25,0
2026-09-26,3,wk inc rsv prop ed visits,2026-10-17,50,quantile,0.3,0
2026-09-26,3,wk inc rsv prop ed visits,2026-10-17,50,quantile,0.35,0
2026-09-26,3,wk inc rsv prop ed visits,2026-10-17,50,quantile,0.4,0
2026-09-26,3,wk inc rsv prop ed visits,2026-10-17,50,quantile,0.45,0
2026-09-26,3,wk inc rsv prop ed visits,2026-10-17,50,quantile,0.5,0
2026-09-26,3,wk inc rsv prop ed visits,2026-10-17,50,quantile,0.55,2.6829983299832966e-4
2026-09-26,3,wk inc rsv prop ed visits,2026-10-17,50,quantile,0.6,5.000000000000002e-4
2026-09-26,3,wk inc rsv prop ed visits,2026-10-17,50,quantile,0.65,8.22545625456255e-4
2026-09-26,3,wk inc rsv prop ed visits,2026-10-17,50,quantile,0.7,0.0011999999999999997
2026-09-26,3,wk inc rsv prop ed visits,2026-10-17,50,quantile,0.75,0.0016293122931229326
2026-09-26,3,wk inc rsv prop ed visits,2026-10-17,50,quantile,0.8,0.0022000000000000006
2026-09-26,3,wk inc rsv prop ed visits,2026-10-17,50,quantile,0.85,0.0029248221982219806
2026-09-26,3,wk inc rsv prop ed visits,2026-10-17,50,quantile,0.9,0.0039000000000000007
2026-09-26,3,wk inc rsv prop ed visits,2026-10-17,50,quantile,0.95,0.0054
2026-09-26,3,wk inc rsv prop ed visits,2026-10-17,50,quantile,0.975,0.006800000000000001
2026-09-26,3,wk inc rsv prop ed visits,2026-10-17,50,quantile,0.99,0.00868758251582514
2026-09-26,3,wk inc rsv prop ed visits,2026-10-17,51,quantile,0.01,0
2026-09-26,3,wk inc rsv prop ed visits,2026-10-17,51,quantile,0.025,0
2026-09-26,3,wk inc rsv prop ed visits,2026-10-17,51,quantile,0.05,0
2026-09-26,3,wk inc rsv prop ed visits,2026-10-17,51,quantile,0.1,0
2026-09-26,3,wk inc rsv prop ed visits,2026-10-17,51,quantile,0.15,0
2026-09-26,3,wk inc rsv prop ed visits,2026-10-17,51,quantile,0.2,0
2026-09-26,3,wk inc rsv prop ed visits,2026-10-17,51,quantile,0.25,0
2026-09-26,3,wk inc rsv prop ed visits,2026-10-17,51,quantile,0.3,0
2026-09-26,3,wk inc rsv prop ed visits,2026-10-17,51,quantile,0.35,0
2026-09-26,3,wk inc rsv prop ed visits,2026-10-17,51,quantile,0.4,0
2026-09-26,3,wk inc rsv prop ed visits,2026-10-17,51,quantile,0.45,9.999999999999996e-5
2026-09-26,3,wk inc rsv prop ed visits,2026-10-17,51,quantile,0.5,2e-4
2026-09-26,3,wk inc rsv prop ed visits,2026-10-17,51,quantile,0.55,3.0000000000000014e-4
2026-09-26,3,wk inc rsv prop ed visits,2026-10-17,51,quantile,0.6,4.000000000000002e-4
2026-09-26,3,wk inc rsv prop ed visits,2026-10-17,51,quantile,0.65,5.000000000000012e-4
2026-09-26,3,wk inc rsv prop ed visits,2026-10-17,51,quantile,0.7,7.000000000000002e-4
2026-09-26,3,wk inc rsv prop ed visits,2026-10-17,51,quantile,0.75,9e-4
2026-09-26,3,wk inc rsv prop ed visits,2026-10-17,51,quantile,0.8,0.0011000000000000003
2026-09-26,3,wk inc rsv prop ed visits,2026-10-17,51,quantile,0.85,0.001365183301833022
2026-09-26,3,wk inc rsv prop ed visits,2026-10-17,51,quantile,0.9,0.0017000000000000006
2026-09-26,3,wk inc rsv prop ed visits,2026-10-17,51,quantile,0.95,0.0022999999999999995
2026-09-26,3,wk inc rsv prop ed visits,2026-10-17,51,quantile,0.975,0.0028000000000000013
2026-09-26,3,wk inc rsv prop ed visits,2026-10-17,51,quantile,0.99,0.0034488702387023857
2026-09-26,3,wk inc rsv prop ed visits,2026-10-17,53,quantile,0.01,0
2026-09-26,3,wk inc rsv prop ed visits,2026-10-17,53,quantile,0.025,0
2026-09-26,3,wk inc rsv prop ed visits,2026-10-17,53,quantile,0.05,0
2026-09-26,3,wk inc rsv prop ed visits,2026-10-17,53,quantile,0.1,0
2026-09-26,3,wk inc rsv prop ed visits,2026-10-17,53,quantile,0.15,0
2026-09-26,3,wk inc rsv prop ed visits,2026-10-17,53,quantile,0.2,0
2026-09-26,3,wk inc rsv prop ed visits,2026-10-17,53,quantile,0.25,0
2026-09-26,3,wk inc rsv prop ed visits,2026-10-17,53,quantile,0.3,0
2026-09-26,3,wk inc rsv prop ed visits,2026-10-17,53,quantile,0.35,0
2026-09-26,3,wk inc rsv prop ed visits,2026-10-17,53,quantile,0.4,0
2026-09-26,3,wk inc rsv prop ed visits,2026-10-17,53,quantile,0.45,0
2026-09-26,3,wk inc rsv prop ed visits,2026-10-17,53,quantile,0.5,1e-4
2026-09-26,3,wk inc rsv prop ed visits,2026-10-17,53,quantile,0.55,2.9999999999999954e-4
2026-09-26,3,wk inc rsv prop ed visits,2026-10-17,53,quantile,0.6,4.3590175901759057e-4
2026-09-26,3,wk inc rsv prop ed visits,2026-10-17,53,quantile,0.65,6.824623746237496e-4
2026-09-26,3,wk inc rsv prop ed visits,2026-10-17,53,quantile,0.7,8.999999999999999e-4
2026-09-26,3,wk inc rsv prop ed visits,2026-10-17,53,quantile,0.75,0.0011999999999999992
2026-09-26,3,wk inc rsv prop ed visits,2026-10-17,53,quantile,0.8,0.0015
2026-09-26,3,wk inc rsv prop ed visits,2026-10-17,53,quantile,0.85,0.0020000000000000013
2026-09-26,3,wk inc rsv prop ed visits,2026-10-17,53,quantile,0.9,0.002799999999999999
2026-09-26,3,wk inc rsv prop ed visits,2026-10-17,53,quantile,0.95,0.004125258552585533
2026-09-26,3,wk inc rsv prop ed visits,2026-10-17,53,quantile,0.975,0.005284630471304716
2026-09-26,3,wk inc rsv prop ed visits,2026-10-17,53,quantile,0.99,0.006371260572605691
2026-09-26,3,wk inc rsv prop ed visits,2026-10-17,54,quantile,0.01,0
2026-09-26,3,wk inc rsv prop ed visits,2026-10-17,54,quantile,0.025,0
2026-09-26,3,wk inc rsv prop ed visits,2026-10-17,54,quantile,0.05,0
2026-09-26,3,wk inc rsv prop ed visits,2026-10-17,54,quantile,0.1,0
2026-09-26,3,wk inc rsv prop ed visits,2026-10-17,54,quantile,0.15,0
2026-09-26,3,wk inc rsv prop ed visits,2026-10-17,54,quantile,0.2,0
2026-09-26,3,wk inc rsv prop ed visits,2026-10-17,54,quantile,0.25,0
2026-09-26,3,wk inc rsv prop ed visits,2026-10-17,54,quantile,0.3,0
2026-09-26,3,wk inc rsv prop ed visits,2026-10-17,54,quantile,0.35,0
2026-09-26,3,wk inc rsv prop ed visits,2026-10-17,54,quantile,0.4,0
2026-09-26,3,wk inc rsv prop ed visits,2026-10-17,54,quantile,0.45,0
2026-09-26,3,wk inc rsv prop ed visits,2026-10-17,54,quantile,0.5,2e-4
2026-09-26,3,wk inc rsv prop ed visits,2026-10-17,54,quantile,0.55,4.999999999999998e-4
2026-09-26,3,wk inc rsv prop ed visits,2026-10-17,54,quantile,0.6,8.185843858438541e-4
2026-09-26,3,wk inc rsv prop ed visits,2026-10-17,54,quantile,0.65,0.0012579904299043028
2026-09-26,3,wk inc rsv prop ed visits,2026-10-17,54,quantile,0.7,0.0017577931779317775
2026-09-26,3,wk inc rsv prop ed visits,2026-10-17,54,quantile,0.75,0.002300000000000001
2026-09-26,3,wk inc rsv prop ed visits,2026-10-17,54,quantile,0.8,0.002906031860318605
2026-09-26,3,wk inc rsv prop ed visits,2026-10-17,54,quantile,0.85,0.0036935108851088544
2026-09-26,3,wk inc rsv prop ed visits,2026-10-17,54,quantile,0.9,0.004866305563055635
2026-09-26,3,wk inc rsv prop ed visits,2026-10-17,54,quantile,0.95,0.006825960509605122
2026-09-26,3,wk inc rsv prop ed visits,2026-10-17,54,quantile,0.975,0.00846341963419634
2026-09-26,3,wk inc rsv prop ed visits,2026-10-17,54,quantile,0.99,0.010985317523175223
2026-09-26,3,wk inc rsv prop ed visits,2026-10-17,55,quantile,0.01,0
2026-09-26,3,wk inc rsv prop ed visits,2026-10-17,55,quantile,0.025,0
2026-09-26,3,wk inc rsv prop ed visits,2026-10-17,55,quantile,0.05,0
2026-09-26,3,wk inc rsv prop ed visits,2026-10-17,55,quantile,0.1,0
2026-09-26,3,wk inc rsv prop ed visits,2026-10-17,55,quantile,0.15,0
2026-09-26,3,wk inc rsv prop ed visits,2026-10-17,55,quantile,0.2,0
2026-09-26,3,wk inc rsv prop ed visits,2026-10-17,55,quantile,0.25,0
2026-09-26,3,wk inc rsv prop ed visits,2026-10-17,55,quantile,0.3,0
2026-09-26,3,wk inc rsv prop ed visits,2026-10-17,55,quantile,0.35,0
2026-09-26,3,wk inc rsv prop ed visits,2026-10-17,55,quantile,0.4,0
2026-09-26,3,wk inc rsv prop ed visits,2026-10-17,55,quantile,0.45,0
2026-09-26,3,wk inc rsv prop ed visits,2026-10-17,55,quantile,0.5,1e-4
2026-09-26,3,wk inc rsv prop ed visits,2026-10-17,55,quantile,0.55,2.999999999999998e-4
2026-09-26,3,wk inc rsv prop ed visits,2026-10-17,55,quantile,0.6,4.369203692036932e-4
2026-09-26,3,wk inc rsv prop ed visits,2026-10-17,55,quantile,0.65,6.118745687456877e-4
2026-09-26,3,wk inc rsv prop ed visits,2026-10-17,55,quantile,0.7,8.610452104521027e-4
2026-09-26,3,wk inc rsv prop ed visits,2026-10-17,55,quantile,0.75,0.0011000000000000014
2026-09-26,3,wk inc rsv prop ed visits,2026-10-17,55,quantile,0.8,0.0014545689456894563
2026-09-26,3,wk inc rsv prop ed visits,2026-10-17,55,quantile,0.85,0.001821458364583646
2026-09-26,3,wk inc rsv prop ed visits,2026-10-17,55,quantile,0.9,0.0023321853218532212
2026-09-26,3,wk inc rsv prop ed visits,2026-10-17,55,quantile,0.95,0.003013436084360843
2026-09-26,3,wk inc rsv prop ed visits,2026-10-17,55,quantile,0.975,0.0036790084150841516
2026-09-26,3,wk inc rsv prop ed visits,2026-10-17,55,quantile,0.99,0.004477225952259518
2026-09-26,3,wk inc rsv prop ed visits,2026-10-17,56,quantile,0.01,0
2026-09-26,3,wk inc rsv prop ed visits,2026-10-17,56,quantile,0.025,0
2026-09-26,3,wk inc rsv prop ed visits,2026-10-17,56,quantile,0.05,0
2026-09-26,3,wk inc rsv prop ed visits,2026-10-17,56,quantile,0.1,0
2026-09-26,3,wk inc rsv prop ed visits,2026-10-17,56,quantile,0.15,0
2026-09-26,3,wk inc rsv prop ed visits,2026-10-17,56,quantile,0.2,0
2026-09-26,3,wk inc rsv prop ed visits,2026-10-17,56,quantile,0.25,0
2026-09-26,3,wk inc rsv prop ed visits,2026-10-17,56,quantile,0.3,0
2026-09-26,3,wk inc rsv prop ed visits,2026-10-17,56,quantile,0.35,2.2185971859718952e-4
2026-09-26,3,wk inc rsv prop ed visits,2026-10-17,56,quantile,0.4,6e-4
2026-09-26,3,wk inc rsv prop ed visits,2026-10-17,56,quantile,0.45,9e-4
2026-09-26,3,wk inc rsv prop ed visits,2026-10-17,56,quantile,0.5,0.0012
2026-09-26,3,wk inc rsv prop ed visits,2026-10-17,56,quantile,0.55,0.0015
2026-09-26,3,wk inc rsv prop ed visits,2026-10-17,56,quantile,0.6,0.00187820158201582
2026-09-26,3,wk inc rsv prop ed visits,2026-10-17,56,quantile,0.65,0.0022999999999999995
2026-09-26,3,wk inc rsv prop ed visits,2026-10-17,56,quantile,0.7,0.002771128211282107
2026-09-26,3,wk inc rsv prop ed visits,2026-10-17,56,quantile,0.75,0.0033122491224912226
2026-09-26,3,wk inc rsv prop ed visits,2026-10-17,56,quantile,0.8,0.004
2026-09-26,3,wk inc rsv prop ed visits,2026-10-17,56,quantile,0.85,0.0049
2026-09-26,3,wk inc rsv prop ed visits,2026-10-17,56,quantile,0.9,0.0061086096860968634
2026-09-26,3,wk inc rsv prop ed visits,2026-10-17,56,quantile,0.95,0.008089069840698395
2026-09-26,3,wk inc rsv prop ed visits,2026-10-17,56,quantile,0.975,0.009954233567335675
2026-09-26,3,wk inc rsv prop ed visits,2026-10-17,56,quantile,0.99,0.012350247002470132
2026-09-26,3,wk inc rsv prop ed visits,2026-10-17,US,quantile,0.01,0
2026-09-26,3,wk inc rsv prop ed visits,2026-10-17,US,quantile,0.025,0
2026-09-26,3,wk inc rsv prop ed visits,2026-10-17,US,quantile,0.05,0
2026-09-26,3,wk inc rsv prop ed visits,2026-10-17,US,quantile,0.1,0
2026-09-26,3,wk inc rsv prop ed visits,2026-10-17,US,quantile,0.15,0
2026-09-26,3,wk inc rsv prop ed visits,2026-10-17,US,quantile,0.2,0
2026-09-26,3,wk inc rsv prop ed visits,2026-10-17,US,quantile,0.25,0
2026-09-26,3,wk inc rsv prop ed visits,2026-10-17,US,quantile,0.3,0
2026-09-26,3,wk inc rsv prop ed visits,2026-10-17,US,quantile,0.35,0
2026-09-26,3,wk inc rsv prop ed visits,2026-10-17,US,quantile,0.4,3.565885658856739e-5
2026-09-26,3,wk inc rsv prop ed visits,2026-10-17,US,quantile,0.45,1.7887278872788704e-4
2026-09-26,3,wk inc rsv prop ed visits,2026-10-17,US,quantile,0.5,2.999999999999999e-4
2026-09-26,3,wk inc rsv prop ed visits,2026-10-17,US,quantile,0.55,4.356588565885651e-4
2026-09-26,3,wk inc rsv prop ed visits,2026-10-17,US,quantile,0.6,5.35658856588566e-4
2026-09-26,3,wk inc rsv prop ed visits,2026-10-17,US,quantile,0.65,6.356588565885662e-4
2026-09-26,3,wk inc rsv prop ed visits,2026-10-17,US,quantile,0.7,8.063720637206356e-4
2026-09-26,3,wk inc rsv prop ed visits,2026-10-17,US,quantile,0.75,9.356588565885666e-4
2026-09-26,3,wk inc rsv prop ed visits,2026-10-17,US,quantile,0.8,0.001135658856588567
2026-09-26,3,wk inc rsv prop ed visits,2026-10-17,US,quantile,0.85,0.0014335043850438487
2026-09-26,3,wk inc rsv prop ed visits,2026-10-17,US,quantile,0.9,0.0017356588565885659
2026-09-26,3,wk inc rsv prop ed visits,2026-10-17,US,quantile,0.95,0.002235658856588566
2026-09-26,3,wk inc rsv prop ed visits,2026-10-17,US,quantile,0.975,0.0027356588565885646
2026-09-26,3,wk inc rsv prop ed visits,2026-10-17,US,quantile,0.99,0.0032811763517635157
