reference_date,horizon,target,target_end_date,location,output_type,output_type_id,value
2026-10-10,-1,wk inc rsv hosp,2026-10-03,01,quantile,0.01,11
2026-10-10,-1,wk inc rsv hosp,2026-10-03,01,quantile,0.025,11
2026-10-10,-1,wk inc rsv hosp,2026-10-03,01,quantile,0.05,11
2026-10-10,-1,wk inc rsv hosp,2026-10-03,01,quantile,0.1,11
2026-10-10,-1,wk inc rsv hosp,2026-10-03,01,quantile,0.15,11
2026-10-10,-1,wk inc rsv hosp,2026-10-03,01,quantile,0.2,11
2026-10-10,-1,wk inc rsv hosp,2026-10-03,01,quantile,0.25,11
2026-10-10,-1,wk inc rsv hosp,2026-10-03,01,quantile,0.3,11
2026-10-10,-1,wk inc rsv hosp,2026-10-03,01,quantile,0.35,11
2026-10-10,-1,wk inc rsv hosp,2026-10-03,01,quantile,0.4,11
2026-10-10,-1,wk inc rsv hosp,2026-10-03,01,quantile,0.45,11
2026-10-10,-1,wk inc rsv hosp,2026-10-03,01,quantile,0.5,11
2026-10-10,-1,wk inc rsv hosp,2026-10-03,01,quantile,0.55,11
2026-10-10,-1,wk inc rsv hosp,2026-10-03,01,quantile,0.6,11
2026-10-10,-1,wk inc rsv hosp,2026-10-03,01,quantile,0.65,11
2026-10-10,-1,wk inc rsv hosp,2026-10-03,01,quantile,0.7,11
2026-10-10,-1,wk inc rsv hosp,2026-10-03,01,quantile,0.75,11
2026-10-10,-1,wk inc rsv hosp,2026-10-03,01,quantile,0.8,11
2026-10-10,-1,wk inc rsv hosp,2026-10-03,01,quantile,0.85,11
2026-10-10,-1,wk inc rsv hosp,2026-10-03,01,quantile,0.9,11
2026-10-10,-1,wk inc rsv hosp,2026-10-03,01,quantile,0.95,11
2026-10-10,-1,wk inc rsv hosp,2026-10-03,01,quantile,0.975,11
2026-10-10,-1,wk inc rsv hosp,2026-10-03,01,quantile,0.99,11
2026-10-10,-1,wk inc rsv hosp,2026-10-03,02,quantile,0.01,3
2026-10-10,-1,wk inc rsv hosp,2026-10-03,02,quantile,0.025,3
2026-10-10,-1,wk inc rsv hosp,2026-10-03,02,quantile,0.05,3
2026-10-10,-1,wk inc rsv hosp,2026-10-03,02,quantile,0.1,3
2026-10-10,-1,wk inc rsv hosp,2026-10-03,02,quantile,0.15,3
2026-10-10,-1,wk inc rsv hosp,2026-10-03,02,quantile,0.2,3
2026-10-10,-1,wk inc rsv hosp,2026-10-03,02,quantile,0.25,3
2026-10-10,-1,wk inc rsv hosp,2026-10-03,02,quantile,0.3,3
2026-10-10,-1,wk inc rsv hosp,2026-10-03,02,quantile,0.35,3
2026-10-10,-1,wk inc rsv hosp,2026-10-03,02,quantile,0.4,3
2026-10-10,-1,wk inc rsv hosp,2026-10-03,02,quantile,0.45,3
2026-10-10,-1,wk inc rsv hosp,2026-10-03,02,quantile,0.5,3
2026-10-10,-1,wk inc rsv hosp,2026-10-03,02,quantile,0.55,3
2026-10-10,-1,wk inc rsv hosp,2026-10-03,02,quantile,0.6,3
2026-10-10,-1,wk inc rsv hosp,2026-10-03,02,quantile,0.65,3
2026-10-10,-1,wk inc rsv hosp,2026-10-03,02,quantile,0.7,3
2026-10-10,-1,wk inc rsv hosp,2026-10-03,02,quantile,0.75,3
2026-10-10,-1,wk inc rsv hosp,2026-10-03,02,quantile,0.8,3
2026-10-10,-1,wk inc rsv hosp,2026-10-03,02,quantile,0.85,3
2026-10-10,-1,wk inc rsv hosp,2026-10-03,02,quantile,0.9,3
2026-10-10,-1,wk inc rsv hosp,2026-10-03,02,quantile,0.95,3
2026-10-10,-1,wk inc rsv hosp,2026-10-03,02,quantile,0.975,3
2026-10-10,-1,wk inc rsv hosp,2026-10-03,02,quantile,0.99,3
2026-10-10,-1,wk inc rsv hosp,2026-10-03,04,quantile,0.01,2
2026-10-10,-1,wk inc rsv hosp,2026-10-03,04,quantile,0.025,2
2026-10-10,-1,wk inc rsv hosp,2026-10-03,04,quantile,0.05,2
2026-10-10,-1,wk inc rsv hosp,2026-10-03,04,quantile,0.1,2
2026-10-10,-1,wk inc rsv hosp,2026-10-03,04,quantile,0.15,2
2026-10-10,-1,wk inc rsv hosp,2026-10-03,04,quantile,0.2,2
2026-10-10,-1,wk inc rsv hosp,2026-10-03,04,quantile,0.25,2
2026-10-10,-1,wk inc rsv hosp,2026-10-03,04,quantile,0.3,2
2026-10-10,-1,wk inc rsv hosp,2026-10-03,04,quantile,0.35,2
2026-10-10,-1,wk inc rsv hosp,2026-10-03,04,quantile,0.4,2
2026-10-10,-1,wk inc rsv hosp,2026-10-03,04,quantile,0.45,2
2026-10-10,-1,wk inc rsv hosp,2026-10-03,04,quantile,0.5,2
2026-10-10,-1,wk inc rsv hosp,2026-10-03,04,quantile,0.55,2
2026-10-10,-1,wk inc rsv hosp,2026-10-03,04,quantile,0.6,2
2026-10-10,-1,wk inc rsv hosp,2026-10-03,04,quantile,0.65,2
2026-10-10,-1,wk inc rsv hosp,2026-10-03,04,quantile,0.7,2
2026-10-10,-1,wk inc rsv hosp,2026-10-03,04,quantile,0.75,2
2026-10-10,-1,wk inc rsv hosp,2026-10-03,04,quantile,0.8,2
2026-10-10,-1,wk inc rsv hosp,2026-10-03,04,quantile,0.85,2
2026-10-10,-1,wk inc rsv hosp,2026-10-03,04,quantile,0.9,2
2026-10-10,-1,wk inc rsv hosp,2026-10-03,04,quantile,0.95,2
2026-10-10,-1,wk inc rsv hosp,2026-10-03,04,quantile,0.975,2
2026-10-10,-1,wk inc rsv hosp,2026-10-03,04,quantile,0.99,2
2026-10-10,-1,wk inc rsv hosp,2026-10-03,05,quantile,0.01,1
2026-10-10,-1,wk inc rsv hosp,2026-10-03,05,quantile,0.025,1
2026-10-10,-1,wk inc rsv hosp,2026-10-03,05,quantile,0.05,1
2026-10-10,-1,wk inc rsv hosp,2026-10-03,05,quantile,0.1,1
2026-10-10,-1,wk inc rsv hosp,2026-10-03,05,quantile,0.15,1
2026-10-10,-1,wk inc rsv hosp,2026-10-03,05,quantile,0.2,1
2026-10-10,-1,wk inc rsv hosp,2026-10-03,05,quantile,0.25,1
2026-10-10,-1,wk inc rsv hosp,2026-10-03,05,quantile,0.3,1
2026-10-10,-1,wk inc rsv hosp,2026-10-03,05,quantile,0.35,1
2026-10-10,-1,wk inc rsv hosp,2026-10-03,05,quantile,0.4,1
2026-10-10,-1,wk inc rsv hosp,2026-10-03,05,quantile,0.45,1
2026-10-10,-1,wk inc rsv hosp,2026-10-03,05,quantile,0.5,1
2026-10-10,-1,wk inc rsv hosp,2026-10-03,05,quantile,0.55,1
2026-10-10,-1,wk inc rsv hosp,2026-10-03,05,quantile,0.6,1
2026-10-10,-1,wk inc rsv hosp,2026-10-03,05,quantile,0.65,1
2026-10-10,-1,wk inc rsv hosp,2026-10-03,05,quantile,0.7,1
2026-10-10,-1,wk inc rsv hosp,2026-10-03,05,quantile,0.75,1
2026-10-10,-1,wk inc rsv hosp,2026-10-03,05,quantile,0.8,1
2026-10-10,-1,wk inc rsv hosp,2026-10-03,05,quantile,0.85,1
2026-10-10,-1,wk inc rsv hosp,2026-10-03,05,quantile,0.9,1
2026-10-10,-1,wk inc rsv hosp,2026-10-03,05,quantile,0.95,1
2026-10-10,-1,wk inc rsv hosp,2026-10-03,05,quantile,0.975,1
2026-10-10,-1,wk inc rsv hosp,2026-10-03,05,quantile,0.99,1
2026-10-10,-1,wk inc rsv hosp,2026-10-03,06,quantile,0.01,26
2026-10-10,-1,wk inc rsv hosp,2026-10-03,06,quantile,0.025,26
2026-10-10,-1,wk inc rsv hosp,2026-10-03,06,quantile,0.05,26
2026-10-10,-1,wk inc rsv hosp,2026-10-03,06,quantile,0.1,26
2026-10-10,-1,wk inc rsv hosp,2026-10-03,06,quantile,0.15,26
2026-10-10,-1,wk inc rsv hosp,2026-10-03,06,quantile,0.2,26
2026-10-10,-1,wk inc rsv hosp,2026-10-03,06,quantile,0.25,26
2026-10-10,-1,wk inc rsv hosp,2026-10-03,06,quantile,0.3,26
2026-10-10,-1,wk inc rsv hosp,2026-10-03,06,quantile,0.35,26
2026-10-10,-1,wk inc rsv hosp,2026-10-03,06,quantile,0.4,26
2026-10-10,-1,wk inc rsv hosp,2026-10-03,06,quantile,0.45,26
2026-10-10,-1,wk inc rsv hosp,2026-10-03,06,quantile,0.5,26
2026-10-10,-1,wk inc rsv hosp,2026-10-03,06,quantile,0.55,26
2026-10-10,-1,wk inc rsv hosp,2026-10-03,06,quantile,0.6,26
2026-10-10,-1,wk inc rsv hosp,2026-10-03,06,quantile,0.65,26
2026-10-10,-1,wk inc rsv hosp,2026-10-03,06,quantile,0.7,26
2026-10-10,-1,wk inc rsv hosp,2026-10-03,06,quantile,0.75,26
2026-10-10,-1,wk inc rsv hosp,2026-10-03,06,quantile,0.8,26
2026-10-10,-1,wk inc rsv hosp,2026-10-03,06,quantile,0.85,26
2026-10-10,-1,wk inc rsv hosp,2026-10-03,06,quantile,0.9,26
2026-10-10,-1,wk inc rsv hosp,2026-10-03,06,quantile,0.95,26
2026-10-10,-1,wk inc rsv hosp,2026-10-03,06,quantile,0.975,26
2026-10-10,-1,wk inc rsv hosp,2026-10-03,06,quantile,0.99,26
2026-10-10,-1,wk inc rsv hosp,2026-10-03,08,quantile,0.01,2
2026-10-10,-1,wk inc rsv hosp,2026-10-03,08,quantile,0.025,2
2026-10-10,-1,wk inc rsv hosp,2026-10-03,08,quantile,0.05,2
2026-10-10,-1,wk inc rsv hosp,2026-10-03,08,quantile,0.1,2
2026-10-10,-1,wk inc rsv hosp,2026-10-03,08,quantile,0.15,2
2026-10-10,-1,wk inc rsv hosp,2026-10-03,08,quantile,0.2,2
2026-10-10,-1,wk inc rsv hosp,2026-10-03,08,quantile,0.25,2
2026-10-10,-1,wk inc rsv hosp,2026-10-03,08,quantile,0.3,2
2026-10-10,-1,wk inc rsv hosp,2026-10-03,08,quantile,0.35,2
2026-10-10,-1,wk inc rsv hosp,2026-10-03,08,quantile,0.4,2
2026-10-10,-1,wk inc rsv hosp,2026-10-03,08,quantile,0.45,2
2026-10-10,-1,wk inc rsv hosp,2026-10-03,08,quantile,0.5,2
2026-10-10,-1,wk inc rsv hosp,2026-10-03,08,quantile,0.55,2
2026-10-10,-1,wk inc rsv hosp,2026-10-03,08,quantile,0.6,2
2026-10-10,-1,wk inc rsv hosp,2026-10-03,08,quantile,0.65,2
2026-10-10,-1,wk inc rsv hosp,2026-10-03,08,quantile,0.7,2
2026-10-10,-1,wk inc rsv hosp,2026-10-03,08,quantile,0.75,2
2026-10-10,-1,wk inc rsv hosp,2026-10-03,08,quantile,0.8,2
2026-10-10,-1,wk inc rsv hosp,2026-10-03,08,quantile,0.85,2
2026-10-10,-1,wk inc rsv hosp,2026-10-03,08,quantile,0.9,2
2026-10-10,-1,wk inc rsv hosp,2026-10-03,08,quantile,0.95,2
2026-10-10,-1,wk inc rsv hosp,2026-10-03,08,quantile,0.975,2
2026-10-10,-1,wk inc rsv hosp,2026-10-03,08,quantile,0.99,2
2026-10-10,-1,wk inc rsv hosp,2026-10-03,09,quantile,0.01,1
2026-10-10,-1,wk inc rsv hosp,2026-10-03,09,quantile,0.025,1
2026-10-10,-1,wk inc rsv hosp,2026-10-03,09,quantile,0.05,1
2026-10-10,-1,wk inc rsv hosp,2026-10-03,09,quantile,0.1,1
2026-10-10,-1,wk inc rsv hosp,2026-10-03,09,quantile,0.15,1
2026-10-10,-1,wk inc rsv hosp,2026-10-03,09,quantile,0.2,1
2026-10-10,-1,wk inc rsv hosp,2026-10-03,09,quantile,0.25,1
2026-10-10,-1,wk inc rsv hosp,2026-10-03,09,quantile,0.3,1
2026-10-10,-1,wk inc rsv hosp,2026-10-03,09,quantile,0.35,1
2026-10-10,-1,wk inc rsv hosp,2026-10-03,09,quantile,0.4,1
2026-10-10,-1,wk inc rsv hosp,2026-10-03,09,quantile,0.45,1
2026-10-10,-1,wk inc rsv hosp,2026-10-03,09,quantile,0.5,1
2026-10-10,-1,wk inc rsv hosp,2026-10-03,09,quantile,0.55,1
2026-10-10,-1,wk inc rsv hosp,2026-10-03,09,quantile,0.6,1
2026-10-10,-1,wk inc rsv hosp,2026-10-03,09,quantile,0.65,1
2026-10-10,-1,wk inc rsv hosp,2026-10-03,09,quantile,0.7,1
2026-10-10,-1,wk inc rsv hosp,2026-10-03,09,quantile,0.75,1
2026-10-10,-1,wk inc rsv hosp,2026-10-03,09,quantile,0.8,1
2026-10-10,-1,wk inc rsv hosp,2026-10-03,09,quantile,0.85,1
2026-10-10,-1,wk inc rsv hosp,2026-10-03,09,quantile,0.9,1
2026-10-10,-1,wk inc rsv hosp,2026-10-03,09,quantile,0.95,1
2026-10-10,-1,wk inc rsv hosp,2026-10-03,09,quantile,0.975,1
2026-10-10,-1,wk inc rsv hosp,2026-10-03,09,quantile,0.99,1
2026-10-10,-1,wk inc rsv hosp,2026-10-03,10,quantile,0.01,8
2026-10-10,-1,wk inc rsv hosp,2026-10-03,10,quantile,0.025,8
2026-10-10,-1,wk inc rsv hosp,2026-10-03,10,quantile,0.05,8
2026-10-10,-1,wk inc rsv hosp,2026-10-03,10,quantile,0.1,8
2026-10-10,-1,wk inc rsv hosp,2026-10-03,10,quantile,0.15,8
2026-10-10,-1,wk inc rsv hosp,2026-10-03,10,quantile,0.2,8
2026-10-10,-1,wk inc rsv hosp,2026-10-03,10,quantile,0.25,8
2026-10-10,-1,wk inc rsv hosp,2026-10-03,10,quantile,0.3,8
2026-10-10,-1,wk inc rsv hosp,2026-10-03,10,quantile,0.35,8
2026-10-10,-1,wk inc rsv hosp,2026-10-03,10,quantile,0.4,8
2026-10-10,-1,wk inc rsv hosp,2026-10-03,10,quantile,0.45,8
2026-10-10,-1,wk inc rsv hosp,2026-10-03,10,quantile,0.5,8
2026-10-10,-1,wk inc rsv hosp,2026-10-03,10,quantile,0.55,8
2026-10-10,-1,wk inc rsv hosp,2026-10-03,10,quantile,0.6,8
2026-10-10,-1,wk inc rsv hosp,2026-10-03,10,quantile,0.65,8
2026-10-10,-1,wk inc rsv hosp,2026-10-03,10,quantile,0.7,8
2026-10-10,-1,wk inc rsv hosp,2026-10-03,10,quantile,0.75,8
2026-10-10,-1,wk inc rsv hosp,2026-10-03,10,quantile,0.8,8
2026-10-10,-1,wk inc rsv hosp,2026-10-03,10,quantile,0.85,8
2026-10-10,-1,wk inc rsv hosp,2026-10-03,10,quantile,0.9,8
2026-10-10,-1,wk inc rsv hosp,2026-10-03,10,quantile,0.95,8
2026-10-10,-1,wk inc rsv hosp,2026-10-03,10,quantile,0.975,8
2026-10-10,-1,wk inc rsv hosp,2026-10-03,10,quantile,0.99,8
2026-10-10,-1,wk inc rsv hosp,2026-10-03,11,quantile,0.01,0
2026-10-10,-1,wk inc rsv hosp,2026-10-03,11,quantile,0.025,0
2026-10-10,-1,wk inc rsv hosp,2026-10-03,11,quantile,0.05,0
2026-10-10,-1,wk inc rsv hosp,2026-10-03,11,quantile,0.1,0
2026-10-10,-1,wk inc rsv hosp,2026-10-03,11,quantile,0.15,0
2026-10-10,-1,wk inc rsv hosp,2026-10-03,11,quantile,0.2,0
2026-10-10,-1,wk inc rsv hosp,2026-10-03,11,quantile,0.25,0
2026-10-10,-1,wk inc rsv hosp,2026-10-03,11,quantile,0.3,0
2026-10-10,-1,wk inc rsv hosp,2026-10-03,11,quantile,0.35,0
2026-10-10,-1,wk inc rsv hosp,2026-10-03,11,quantile,0.4,0
2026-10-10,-1,wk inc rsv hosp,2026-10-03,11,quantile,0.45,0
2026-10-10,-1,wk inc rsv hosp,2026-10-03,11,quantile,0.5,0
2026-10-10,-1,wk inc rsv hosp,2026-10-03,11,quantile,0.55,0
2026-10-10,-1,wk inc rsv hosp,2026-10-03,11,quantile,0.6,0
2026-10-10,-1,wk inc rsv hosp,2026-10-03,11,quantile,0.65,0
2026-10-10,-1,wk inc rsv hosp,2026-10-03,11,quantile,0.7,0
2026-10-10,-1,wk inc rsv hosp,2026-10-03,11,quantile,0.75,0
2026-10-10,-1,wk inc rsv hosp,2026-10-03,11,quantile,0.8,0
2026-10-10,-1,wk inc rsv hosp,2026-10-03,11,quantile,0.85,0
2026-10-10,-1,wk inc rsv hosp,2026-10-03,11,quantile,0.9,0
2026-10-10,-1,wk inc rsv hosp,2026-10-03,11,quantile,0.95,0
2026-10-10,-1,wk inc rsv hosp,2026-10-03,11,quantile,0.975,0
2026-10-10,-1,wk inc rsv hosp,2026-10-03,11,quantile,0.99,0
2026-10-10,-1,wk inc rsv hosp,2026-10-03,12,quantile,0.01,163
2026-10-10,-1,wk inc rsv hosp,2026-10-03,12,quantile,0.025,163
2026-10-10,-1,wk inc rsv hosp,2026-10-03,12,quantile,0.05,163
2026-10-10,-1,wk inc rsv hosp,2026-10-03,12,quantile,0.1,163
2026-10-10,-1,wk inc rsv hosp,2026-10-03,12,quantile,0.15,163
2026-10-10,-1,wk inc rsv hosp,2026-10-03,12,quantile,0.2,163
2026-10-10,-1,wk inc rsv hosp,2026-10-03,12,quantile,0.25,163
2026-10-10,-1,wk inc rsv hosp,2026-10-03,12,quantile,0.3,163
2026-10-10,-1,wk inc rsv hosp,2026-10-03,12,quantile,0.35,163
2026-10-10,-1,wk inc rsv hosp,2026-10-03,12,quantile,0.4,163
2026-10-10,-1,wk inc rsv hosp,2026-10-03,12,quantile,0.45,163
2026-10-10,-1,wk inc rsv hosp,2026-10-03,12,quantile,0.5,163
2026-10-10,-1,wk inc rsv hosp,2026-10-03,12,quantile,0.55,163
2026-10-10,-1,wk inc rsv hosp,2026-10-03,12,quantile,0.6,163
2026-10-10,-1,wk inc rsv hosp,2026-10-03,12,quantile,0.65,163
2026-10-10,-1,wk inc rsv hosp,2026-10-03,12,quantile,0.7,163
2026-10-10,-1,wk inc rsv hosp,2026-10-03,12,quantile,0.75,163
2026-10-10,-1,wk inc rsv hosp,2026-10-03,12,quantile,0.8,163
2026-10-10,-1,wk inc rsv hosp,2026-10-03,12,quantile,0.85,163
2026-10-10,-1,wk inc rsv hosp,2026-10-03,12,quantile,0.9,163
2026-10-10,-1,wk inc rsv hosp,2026-10-03,12,quantile,0.95,163
2026-10-10,-1,wk inc rsv hosp,2026-10-03,12,quantile,0.975,163
2026-10-10,-1,wk inc rsv hosp,2026-10-03,12,quantile,0.99,163
2026-10-10,-1,wk inc rsv hosp,2026-10-03,13,quantile,0.01,27
2026-10-10,-1,wk inc rsv hosp,2026-10-03,13,quantile,0.025,27
2026-10-10,-1,wk inc rsv hosp,2026-10-03,13,quantile,0.05,27
2026-10-10,-1,wk inc rsv hosp,2026-10-03,13,quantile,0.1,27
2026-10-10,-1,wk inc rsv hosp,2026-10-03,13,quantile,0.15,27
2026-10-10,-1,wk inc rsv hosp,2026-10-03,13,quantile,0.2,27
2026-10-10,-1,wk inc rsv hosp,2026-10-03,13,quantile,0.25,27
2026-10-10,-1,wk inc rsv hosp,2026-10-03,13,quantile,0.3,27
2026-10-10,-1,wk inc rsv hosp,2026-10-03,13,quantile,0.35,27
2026-10-10,-1,wk inc rsv hosp,2026-10-03,13,quantile,0.4,27
2026-10-10,-1,wk inc rsv hosp,2026-10-03,13,quantile,0.45,27
2026-10-10,-1,wk inc rsv hosp,2026-10-03,13,quantile,0.5,27
2026-10-10,-1,wk inc rsv hosp,2026-10-03,13,quantile,0.55,27
2026-10-10,-1,wk inc rsv hosp,2026-10-03,13,quantile,0.6,27
2026-10-10,-1,wk inc rsv hosp,2026-10-03,13,quantile,0.65,27
2026-10-10,-1,wk inc rsv hosp,2026-10-03,13,quantile,0.7,27
2026-10-10,-1,wk inc rsv hosp,2026-10-03,13,quantile,0.75,27
2026-10-10,-1,wk inc rsv hosp,2026-10-03,13,quantile,0.8,27
2026-10-10,-1,wk inc rsv hosp,2026-10-03,13,quantile,0.85,27
2026-10-10,-1,wk inc rsv hosp,2026-10-03,13,quantile,0.9,27
2026-10-10,-1,wk inc rsv hosp,2026-10-03,13,quantile,0.95,27
2026-10-10,-1,wk inc rsv hosp,2026-10-03,13,quantile,0.975,27
2026-10-10,-1,wk inc rsv hosp,2026-10-03,13,quantile,0.99,27
2026-10-10,-1,wk inc rsv hosp,2026-10-03,15,quantile,0.01,7
2026-10-10,-1,wk inc rsv hosp,2026-10-03,15,quantile,0.025,7
2026-10-10,-1,wk inc rsv hosp,2026-10-03,15,quantile,0.05,7
2026-10-10,-1,wk inc rsv hosp,2026-10-03,15,quantile,0.1,7
2026-10-10,-1,wk inc rsv hosp,2026-10-03,15,quantile,0.15,7
2026-10-10,-1,wk inc rsv hosp,2026-10-03,15,quantile,0.2,7
2026-10-10,-1,wk inc rsv hosp,2026-10-03,15,quantile,0.25,7
2026-10-10,-1,wk inc rsv hosp,2026-10-03,15,quantile,0.3,7
2026-10-10,-1,wk inc rsv hosp,2026-10-03,15,quantile,0.35,7
2026-10-10,-1,wk inc rsv hosp,2026-10-03,15,quantile,0.4,7
2026-10-10,-1,wk inc rsv hosp,2026-10-03,15,quantile,0.45,7
2026-10-10,-1,wk inc rsv hosp,2026-10-03,15,quantile,0.5,7
2026-10-10,-1,wk inc rsv hosp,2026-10-03,15,quantile,0.55,7
2026-10-10,-1,wk inc rsv hosp,2026-10-03,15,quantile,0.6,7
2026-10-10,-1,wk inc rsv hosp,2026-10-03,15,quantile,0.65,7
2026-10-10,-1,wk inc rsv hosp,2026-10-03,15,quantile,0.7,7
2026-10-10,-1,wk inc rsv hosp,2026-10-03,15,quantile,0.75,7
2026-10-10,-1,wk inc rsv hosp,2026-10-03,15,quantile,0.8,7
2026-10-10,-1,wk inc rsv hosp,2026-10-03,15,quantile,0.85,7
2026-10-10,-1,wk inc rsv hosp,2026-10-03,15,quantile,0.9,7
2026-10-10,-1,wk inc rsv hosp,2026-10-03,15,quantile,0.95,7
2026-10-10,-1,wk inc rsv hosp,2026-10-03,15,quantile,0.975,7
2026-10-10,-1,wk inc rsv hosp,2026-10-03,15,quantile,0.99,7
2026-10-10,-1,wk inc rsv hosp,2026-10-03,16,quantile,0.01,1
2026-10-10,-1,wk inc rsv hosp,2026-10-03,16,quantile,0.025,1
2026-10-10,-1,wk inc rsv hosp,2026-10-03,16,quantile,0.05,1
2026-10-10,-1,wk inc rsv hosp,2026-10-03,16,quantile,0.1,1
2026-10-10,-1,wk inc rsv hosp,2026-10-03,16,quantile,0.15,1
2026-10-10,-1,wk inc rsv hosp,2026-10-03,16,quantile,0.2,1
2026-10-10,-1,wk inc rsv hosp,2026-10-03,16,quantile,0.25,1
2026-10-10,-1,wk inc rsv hosp,2026-10-03,16,quantile,0.3,1
2026-10-10,-1,wk inc rsv hosp,2026-10-03,16,quantile,0.35,1
2026-10-10,-1,wk inc rsv hosp,2026-10-03,16,quantile,0.4,1
2026-10-10,-1,wk inc rsv hosp,2026-10-03,16,quantile,0.45,1
2026-10-10,-1,wk inc rsv hosp,2026-10-03,16,quantile,0.5,1
2026-10-10,-1,wk inc rsv hosp,2026-10-03,16,quantile,0.55,1
2026-10-10,-1,wk inc rsv hosp,2026-10-03,16,quantile,0.6,1
2026-10-10,-1,wk inc rsv hosp,2026-10-03,16,quantile,0.65,1
2026-10-10,-1,wk inc rsv hosp,2026-10-03,16,quantile,0.7,1
2026-10-10,-1,wk inc rsv hosp,2026-10-03,16,quantile,0.75,1
2026-10-10,-1,wk inc rsv hosp,2026-10-03,16,quantile,0.8,1
2026-10-10,-1,wk inc rsv hosp,2026-10-03,16,quantile,0.85,1
2026-10-10,-1,wk inc rsv hosp,2026-10-03,16,quantile,0.9,1
2026-10-10,-1,wk inc rsv hosp,2026-10-03,16,quantile,0.95,1
2026-10-10,-1,wk inc rsv hosp,2026-10-03,16,quantile,0.975,1
2026-10-10,-1,wk inc rsv hosp,2026-10-03,16,quantile,0.99,1
2026-10-10,-1,wk inc rsv hosp,2026-10-03,17,quantile,0.01,8
2026-10-10,-1,wk inc rsv hosp,2026-10-03,17,quantile,0.025,8
2026-10-10,-1,wk inc rsv hosp,2026-10-03,17,quantile,0.05,8
2026-10-10,-1,wk inc rsv hosp,2026-10-03,17,quantile,0.1,8
2026-10-10,-1,wk inc rsv hosp,2026-10-03,17,quantile,0.15,8
2026-10-10,-1,wk inc rsv hosp,2026-10-03,17,quantile,0.2,8
2026-10-10,-1,wk inc rsv hosp,2026-10-03,17,quantile,0.25,8
2026-10-10,-1,wk inc rsv hosp,2026-10-03,17,quantile,0.3,8
2026-10-10,-1,wk inc rsv hosp,2026-10-03,17,quantile,0.35,8
2026-10-10,-1,wk inc rsv hosp,2026-10-03,17,quantile,0.4,8
2026-10-10,-1,wk inc rsv hosp,2026-10-03,17,quantile,0.45,8
2026-10-10,-1,wk inc rsv hosp,2026-10-03,17,quantile,0.5,8
2026-10-10,-1,wk inc rsv hosp,2026-10-03,17,quantile,0.55,8
2026-10-10,-1,wk inc rsv hosp,2026-10-03,17,quantile,0.6,8
2026-10-10,-1,wk inc rsv hosp,2026-10-03,17,quantile,0.65,8
2026-10-10,-1,wk inc rsv hosp,2026-10-03,17,quantile,0.7,8
2026-10-10,-1,wk inc rsv hosp,2026-10-03,17,quantile,0.75,8
2026-10-10,-1,wk inc rsv hosp,2026-10-03,17,quantile,0.8,8
2026-10-10,-1,wk inc rsv hosp,2026-10-03,17,quantile,0.85,8
2026-10-10,-1,wk inc rsv hosp,2026-10-03,17,quantile,0.9,8
2026-10-10,-1,wk inc rsv hosp,2026-10-03,17,quantile,0.95,8
2026-10-10,-1,wk inc rsv hosp,2026-10-03,17,quantile,0.975,8
2026-10-10,-1,wk inc rsv hosp,2026-10-03,17,quantile,0.99,8
2026-10-10,-1,wk inc rsv hosp,2026-10-03,18,quantile,0.01,2
2026-10-10,-1,wk inc rsv hosp,2026-10-03,18,quantile,0.025,2
2026-10-10,-1,wk inc rsv hosp,2026-10-03,18,quantile,0.05,2
2026-10-10,-1,wk inc rsv hosp,2026-10-03,18,quantile,0.1,2
2026-10-10,-1,wk inc rsv hosp,2026-10-03,18,quantile,0.15,2
2026-10-10,-1,wk inc rsv hosp,2026-10-03,18,quantile,0.2,2
2026-10-10,-1,wk inc rsv hosp,2026-10-03,18,quantile,0.25,2
2026-10-10,-1,wk inc rsv hosp,2026-10-03,18,quantile,0.3,2
2026-10-10,-1,wk inc rsv hosp,2026-10-03,18,quantile,0.35,2
2026-10-10,-1,wk inc rsv hosp,2026-10-03,18,quantile,0.4,2
2026-10-10,-1,wk inc rsv hosp,2026-10-03,18,quantile,0.45,2
2026-10-10,-1,wk inc rsv hosp,2026-10-03,18,quantile,0.5,2
2026-10-10,-1,wk inc rsv hosp,2026-10-03,18,quantile,0.55,2
2026-10-10,-1,wk inc rsv hosp,2026-10-03,18,quantile,0.6,2
2026-10-10,-1,wk inc rsv hosp,2026-10-03,18,quantile,0.65,2
2026-10-10,-1,wk inc rsv hosp,2026-10-03,18,quantile,0.7,2
2026-10-10,-1,wk inc rsv hosp,2026-10-03,18,quantile,0.75,2
2026-10-10,-1,wk inc rsv hosp,2026-10-03,18,quantile,0.8,2
2026-10-10,-1,wk inc rsv hosp,2026-10-03,18,quantile,0.85,2
2026-10-10,-1,wk inc rsv hosp,2026-10-03,18,quantile,0.9,2
2026-10-10,-1,wk inc rsv hosp,2026-10-03,18,quantile,0.95,2
2026-10-10,-1,wk inc rsv hosp,2026-10-03,18,quantile,0.975,2
2026-10-10,-1,wk inc rsv hosp,2026-10-03,18,quantile,0.99,2
2026-10-10,-1,wk inc rsv hosp,2026-10-03,19,quantile,0.01,0
2026-10-10,-1,wk inc rsv hosp,2026-10-03,19,quantile,0.025,0
2026-10-10,-1,wk inc rsv hosp,2026-10-03,19,quantile,0.05,0
2026-10-10,-1,wk inc rsv hosp,2026-10-03,19,quantile,0.1,0
2026-10-10,-1,wk inc rsv hosp,2026-10-03,19,quantile,0.15,0
2026-10-10,-1,wk inc rsv hosp,2026-10-03,19,quantile,0.2,0
2026-10-10,-1,wk inc rsv hosp,2026-10-03,19,quantile,0.25,0
2026-10-10,-1,wk inc rsv hosp,2026-10-03,19,quantile,0.3,0
2026-10-10,-1,wk inc rsv hosp,2026-10-03,19,quantile,0.35,0
2026-10-10,-1,wk inc rsv hosp,2026-10-03,19,quantile,0.4,0
2026-10-10,-1,wk inc rsv hosp,2026-10-03,19,quantile,0.45,0
2026-10-10,-1,wk inc rsv hosp,2026-10-03,19,quantile,0.5,0
2026-10-10,-1,wk inc rsv hosp,2026-10-03,19,quantile,0.55,0
2026-10-10,-1,wk inc rsv hosp,2026-10-03,19,quantile,0.6,0
2026-10-10,-1,wk inc rsv hosp,2026-10-03,19,quantile,0.65,0
2026-10-10,-1,wk inc rsv hosp,2026-10-03,19,quantile,0.7,0
2026-10-10,-1,wk inc rsv hosp,2026-10-03,19,quantile,0.75,0
2026-10-10,-1,wk inc rsv hosp,2026-10-03,19,quantile,0.8,0
2026-10-10,-1,wk inc rsv hosp,2026-10-03,19,quantile,0.85,0
2026-10-10,-1,wk inc rsv hosp,2026-10-03,19,quantile,0.9,0
2026-10-10,-1,wk inc rsv hosp,2026-10-03,19,quantile,0.95,0
2026-10-10,-1,wk inc rsv hosp,2026-10-03,19,quantile,0.975,0
2026-10-10,-1,wk inc rsv hosp,2026-10-03,19,quantile,0.99,0
2026-10-10,-1,wk inc rsv hosp,2026-10-03,20,quantile,0.01,0
2026-10-10,-1,wk inc rsv hosp,2026-10-03,20,quantile,0.025,0
2026-10-10,-1,wk inc rsv hosp,2026-10-03,20,quantile,0.05,0
2026-10-10,-1,wk inc rsv hosp,2026-10-03,20,quantile,0.1,0
2026-10-10,-1,wk inc rsv hosp,2026-10-03,20,quantile,0.15,0
2026-10-10,-1,wk inc rsv hosp,2026-10-03,20,quantile,0.2,0
2026-10-10,-1,wk inc rsv hosp,2026-10-03,20,quantile,0.25,0
2026-10-10,-1,wk inc rsv hosp,2026-10-03,20,quantile,0.3,0
2026-10-10,-1,wk inc rsv hosp,2026-10-03,20,quantile,0.35,0
2026-10-10,-1,wk inc rsv hosp,2026-10-03,20,quantile,0.4,0
2026-10-10,-1,wk inc rsv hosp,2026-10-03,20,quantile,0.45,0
2026-10-10,-1,wk inc rsv hosp,2026-10-03,20,quantile,0.5,0
2026-10-10,-1,wk inc rsv hosp,2026-10-03,20,quantile,0.55,0
2026-10-10,-1,wk inc rsv hosp,2026-10-03,20,quantile,0.6,0
2026-10-10,-1,wk inc rsv hosp,2026-10-03,20,quantile,0.65,0
2026-10-10,-1,wk inc rsv hosp,2026-10-03,20,quantile,0.7,0
2026-10-10,-1,wk inc rsv hosp,2026-10-03,20,quantile,0.75,0
2026-10-10,-1,wk inc rsv hosp,2026-10-03,20,quantile,0.8,0
2026-10-10,-1,wk inc rsv hosp,2026-10-03,20,quantile,0.85,0
2026-10-10,-1,wk inc rsv hosp,2026-10-03,20,quantile,0.9,0
2026-10-10,-1,wk inc rsv hosp,2026-10-03,20,quantile,0.95,0
2026-10-10,-1,wk inc rsv hosp,2026-10-03,20,quantile,0.975,0
2026-10-10,-1,wk inc rsv hosp,2026-10-03,20,quantile,0.99,0
2026-10-10,-1,wk inc rsv hosp,2026-10-03,21,quantile,0.01,9
2026-10-10,-1,wk inc rsv hosp,2026-10-03,21,quantile,0.025,9
2026-10-10,-1,wk inc rsv hosp,2026-10-03,21,quantile,0.05,9
2026-10-10,-1,wk inc rsv hosp,2026-10-03,21,quantile,0.1,9
2026-10-10,-1,wk inc rsv hosp,2026-10-03,21,quantile,0.15,9
2026-10-10,-1,wk inc rsv hosp,2026-10-03,21,quantile,0.2,9
2026-10-10,-1,wk inc rsv hosp,2026-10-03,21,quantile,0.25,9
2026-10-10,-1,wk inc rsv hosp,2026-10-03,21,quantile,0.3,9
2026-10-10,-1,wk inc rsv hosp,2026-10-03,21,quantile,0.35,9
2026-10-10,-1,wk inc rsv hosp,2026-10-03,21,quantile,0.4,9
2026-10-10,-1,wk inc rsv hosp,2026-10-03,21,quantile,0.45,9
2026-10-10,-1,wk inc rsv hosp,2026-10-03,21,quantile,0.5,9
2026-10-10,-1,wk inc rsv hosp,2026-10-03,21,quantile,0.55,9
2026-10-10,-1,wk inc rsv hosp,2026-10-03,21,quantile,0.6,9
2026-10-10,-1,wk inc rsv hosp,2026-10-03,21,quantile,0.65,9
2026-10-10,-1,wk inc rsv hosp,2026-10-03,21,quantile,0.7,9
2026-10-10,-1,wk inc rsv hosp,2026-10-03,21,quantile,0.75,9
2026-10-10,-1,wk inc rsv hosp,2026-10-03,21,quantile,0.8,9
2026-10-10,-1,wk inc rsv hosp,2026-10-03,21,quantile,0.85,9
2026-10-10,-1,wk inc rsv hosp,2026-10-03,21,quantile,0.9,9
2026-10-10,-1,wk inc rsv hosp,2026-10-03,21,quantile,0.95,9
2026-10-10,-1,wk inc rsv hosp,2026-10-03,21,quantile,0.975,9
2026-10-10,-1,wk inc rsv hosp,2026-10-03,21,quantile,0.99,9
2026-10-10,-1,wk inc rsv hosp,2026-10-03,22,quantile,0.01,10
2026-10-10,-1,wk inc rsv hosp,2026-10-03,22,quantile,0.025,10
2026-10-10,-1,wk inc rsv hosp,2026-10-03,22,quantile,0.05,10
2026-10-10,-1,wk inc rsv hosp,2026-10-03,22,quantile,0.1,10
2026-10-10,-1,wk inc rsv hosp,2026-10-03,22,quantile,0.15,10
2026-10-10,-1,wk inc rsv hosp,2026-10-03,22,quantile,0.2,10
2026-10-10,-1,wk inc rsv hosp,2026-10-03,22,quantile,0.25,10
2026-10-10,-1,wk inc rsv hosp,2026-10-03,22,quantile,0.3,10
2026-10-10,-1,wk inc rsv hosp,2026-10-03,22,quantile,0.35,10
2026-10-10,-1,wk inc rsv hosp,2026-10-03,22,quantile,0.4,10
2026-10-10,-1,wk inc rsv hosp,2026-10-03,22,quantile,0.45,10
2026-10-10,-1,wk inc rsv hosp,2026-10-03,22,quantile,0.5,10
2026-10-10,-1,wk inc rsv hosp,2026-10-03,22,quantile,0.55,10
2026-10-10,-1,wk inc rsv hosp,2026-10-03,22,quantile,0.6,10
2026-10-10,-1,wk inc rsv hosp,2026-10-03,22,quantile,0.65,10
2026-10-10,-1,wk inc rsv hosp,2026-10-03,22,quantile,0.7,10
2026-10-10,-1,wk inc rsv hosp,2026-10-03,22,quantile,0.75,10
2026-10-10,-1,wk inc rsv hosp,2026-10-03,22,quantile,0.8,10
2026-10-10,-1,wk inc rsv hosp,2026-10-03,22,quantile,0.85,10
2026-10-10,-1,wk inc rsv hosp,2026-10-03,22,quantile,0.9,10
2026-10-10,-1,wk inc rsv hosp,2026-10-03,22,quantile,0.95,10
2026-10-10,-1,wk inc rsv hosp,2026-10-03,22,quantile,0.975,10
2026-10-10,-1,wk inc rsv hosp,2026-10-03,22,quantile,0.99,10
2026-10-10,-1,wk inc rsv hosp,2026-10-03,23,quantile,0.01,0
2026-10-10,-1,wk inc rsv hosp,2026-10-03,23,quantile,0.025,0
2026-10-10,-1,wk inc rsv hosp,2026-10-03,23,quantile,0.05,0
2026-10-10,-1,wk inc rsv hosp,2026-10-03,23,quantile,0.1,0
2026-10-10,-1,wk inc rsv hosp,2026-10-03,23,quantile,0.15,0
2026-10-10,-1,wk inc rsv hosp,2026-10-03,23,quantile,0.2,0
2026-10-10,-1,wk inc rsv hosp,2026-10-03,23,quantile,0.25,0
2026-10-10,-1,wk inc rsv hosp,2026-10-03,23,quantile,0.3,0
2026-10-10,-1,wk inc rsv hosp,2026-10-03,23,quantile,0.35,0
2026-10-10,-1,wk inc rsv hosp,2026-10-03,23,quantile,0.4,0
2026-10-10,-1,wk inc rsv hosp,2026-10-03,23,quantile,0.45,0
2026-10-10,-1,wk inc rsv hosp,2026-10-03,23,quantile,0.5,0
2026-10-10,-1,wk inc rsv hosp,2026-10-03,23,quantile,0.55,0
2026-10-10,-1,wk inc rsv hosp,2026-10-03,23,quantile,0.6,0
2026-10-10,-1,wk inc rsv hosp,2026-10-03,23,quantile,0.65,0
2026-10-10,-1,wk inc rsv hosp,2026-10-03,23,quantile,0.7,0
2026-10-10,-1,wk inc rsv hosp,2026-10-03,23,quantile,0.75,0
2026-10-10,-1,wk inc rsv hosp,2026-10-03,23,quantile,0.8,0
2026-10-10,-1,wk inc rsv hosp,2026-10-03,23,quantile,0.85,0
2026-10-10,-1,wk inc rsv hosp,2026-10-03,23,quantile,0.9,0
2026-10-10,-1,wk inc rsv hosp,2026-10-03,23,quantile,0.95,0
2026-10-10,-1,wk inc rsv hosp,2026-10-03,23,quantile,0.975,0
2026-10-10,-1,wk inc rsv hosp,2026-10-03,23,quantile,0.99,0
2026-10-10,-1,wk inc rsv hosp,2026-10-03,24,quantile,0.01,2
2026-10-10,-1,wk inc rsv hosp,2026-10-03,24,quantile,0.025,2
2026-10-10,-1,wk inc rsv hosp,2026-10-03,24,quantile,0.05,2
2026-10-10,-1,wk inc rsv hosp,2026-10-03,24,quantile,0.1,2
2026-10-10,-1,wk inc rsv hosp,2026-10-03,24,quantile,0.15,2
2026-10-10,-1,wk inc rsv hosp,2026-10-03,24,quantile,0.2,2
2026-10-10,-1,wk inc rsv hosp,2026-10-03,24,quantile,0.25,2
2026-10-10,-1,wk inc rsv hosp,2026-10-03,24,quantile,0.3,2
2026-10-10,-1,wk inc rsv hosp,2026-10-03,24,quantile,0.35,2
2026-10-10,-1,wk inc rsv hosp,2026-10-03,24,quantile,0.4,2
2026-10-10,-1,wk inc rsv hosp,2026-10-03,24,quantile,0.45,2
2026-10-10,-1,wk inc rsv hosp,2026-10-03,24,quantile,0.5,2
2026-10-10,-1,wk inc rsv hosp,2026-10-03,24,quantile,0.55,2
2026-10-10,-1,wk inc rsv hosp,2026-10-03,24,quantile,0.6,2
2026-10-10,-1,wk inc rsv hosp,2026-10-03,24,quantile,0.65,2
2026-10-10,-1,wk inc rsv hosp,2026-10-03,24,quantile,0.7,2
2026-10-10,-1,wk inc rsv hosp,2026-10-03,24,quantile,0.75,2
2026-10-10,-1,wk inc rsv hosp,2026-10-03,24,quantile,0.8,2
2026-10-10,-1,wk inc rsv hosp,2026-10-03,24,quantile,0.85,2
2026-10-10,-1,wk inc rsv hosp,2026-10-03,24,quantile,0.9,2
2026-10-10,-1,wk inc rsv hosp,2026-10-03,24,quantile,0.95,2
2026-10-10,-1,wk inc rsv hosp,2026-10-03,24,quantile,0.975,2
2026-10-10,-1,wk inc rsv hosp,2026-10-03,24,quantile,0.99,2
2026-10-10,-1,wk inc rsv hosp,2026-10-03,25,quantile,0.01,2
2026-10-10,-1,wk inc rsv hosp,2026-10-03,25,quantile,0.025,2
2026-10-10,-1,wk inc rsv hosp,2026-10-03,25,quantile,0.05,2
2026-10-10,-1,wk inc rsv hosp,2026-10-03,25,quantile,0.1,2
2026-10-10,-1,wk inc rsv hosp,2026-10-03,25,quantile,0.15,2
2026-10-10,-1,wk inc rsv hosp,2026-10-03,25,quantile,0.2,2
2026-10-10,-1,wk inc rsv hosp,2026-10-03,25,quantile,0.25,2
2026-10-10,-1,wk inc rsv hosp,2026-10-03,25,quantile,0.3,2
2026-10-10,-1,wk inc rsv hosp,2026-10-03,25,quantile,0.35,2
2026-10-10,-1,wk inc rsv hosp,2026-10-03,25,quantile,0.4,2
2026-10-10,-1,wk inc rsv hosp,2026-10-03,25,quantile,0.45,2
2026-10-10,-1,wk inc rsv hosp,2026-10-03,25,quantile,0.5,2
2026-10-10,-1,wk inc rsv hosp,2026-10-03,25,quantile,0.55,2
2026-10-10,-1,wk inc rsv hosp,2026-10-03,25,quantile,0.6,2
2026-10-10,-1,wk inc rsv hosp,2026-10-03,25,quantile,0.65,2
2026-10-10,-1,wk inc rsv hosp,2026-10-03,25,quantile,0.7,2
2026-10-10,-1,wk inc rsv hosp,2026-10-03,25,quantile,0.75,2
2026-10-10,-1,wk inc rsv hosp,2026-10-03,25,quantile,0.8,2
2026-10-10,-1,wk inc rsv hosp,2026-10-03,25,quantile,0.85,2
2026-10-10,-1,wk inc rsv hosp,2026-10-03,25,quantile,0.9,2
2026-10-10,-1,wk inc rsv hosp,2026-10-03,25,quantile,0.95,2
2026-10-10,-1,wk inc rsv hosp,2026-10-03,25,quantile,0.975,2
2026-10-10,-1,wk inc rsv hosp,2026-10-03,25,quantile,0.99,2
2026-10-10,-1,wk inc rsv hosp,2026-10-03,26,quantile,0.01,6
2026-10-10,-1,wk inc rsv hosp,2026-10-03,26,quantile,0.025,6
2026-10-10,-1,wk inc rsv hosp,2026-10-03,26,quantile,0.05,6
2026-10-10,-1,wk inc rsv hosp,2026-10-03,26,quantile,0.1,6
2026-10-10,-1,wk inc rsv hosp,2026-10-03,26,quantile,0.15,6
2026-10-10,-1,wk inc rsv hosp,2026-10-03,26,quantile,0.2,6
2026-10-10,-1,wk inc rsv hosp,2026-10-03,26,quantile,0.25,6
2026-10-10,-1,wk inc rsv hosp,2026-10-03,26,quantile,0.3,6
2026-10-10,-1,wk inc rsv hosp,2026-10-03,26,quantile,0.35,6
2026-10-10,-1,wk inc rsv hosp,2026-10-03,26,quantile,0.4,6
2026-10-10,-1,wk inc rsv hosp,2026-10-03,26,quantile,0.45,6
2026-10-10,-1,wk inc rsv hosp,2026-10-03,26,quantile,0.5,6
2026-10-10,-1,wk inc rsv hosp,2026-10-03,26,quantile,0.55,6
2026-10-10,-1,wk inc rsv hosp,2026-10-03,26,quantile,0.6,6
2026-10-10,-1,wk inc rsv hosp,2026-10-03,26,quantile,0.65,6
2026-10-10,-1,wk inc rsv hosp,2026-10-03,26,quantile,0.7,6
2026-10-10,-1,wk inc rsv hosp,2026-10-03,26,quantile,0.75,6
2026-10-10,-1,wk inc rsv hosp,2026-10-03,26,quantile,0.8,6
2026-10-10,-1,wk inc rsv hosp,2026-10-03,26,quantile,0.85,6
2026-10-10,-1,wk inc rsv hosp,2026-10-03,26,quantile,0.9,6
2026-10-10,-1,wk inc rsv hosp,2026-10-03,26,quantile,0.95,6
2026-10-10,-1,wk inc rsv hosp,2026-10-03,26,quantile,0.975,6
2026-10-10,-1,wk inc rsv hosp,2026-10-03,26,quantile,0.99,6
2026-10-10,-1,wk inc rsv hosp,2026-10-03,27,quantile,0.01,1
2026-10-10,-1,wk inc rsv hosp,2026-10-03,27,quantile,0.025,1
2026-10-10,-1,wk inc rsv hosp,2026-10-03,27,quantile,0.05,1
2026-10-10,-1,wk inc rsv hosp,2026-10-03,27,quantile,0.1,1
2026-10-10,-1,wk inc rsv hosp,2026-10-03,27,quantile,0.15,1
2026-10-10,-1,wk inc rsv hosp,2026-10-03,27,quantile,0.2,1
2026-10-10,-1,wk inc rsv hosp,2026-10-03,27,quantile,0.25,1
2026-10-10,-1,wk inc rsv hosp,2026-10-03,27,quantile,0.3,1
2026-10-10,-1,wk inc rsv hosp,2026-10-03,27,quantile,0.35,1
2026-10-10,-1,wk inc rsv hosp,2026-10-03,27,quantile,0.4,1
2026-10-10,-1,wk inc rsv hosp,2026-10-03,27,quantile,0.45,1
2026-10-10,-1,wk inc rsv hosp,2026-10-03,27,quantile,0.5,1
2026-10-10,-1,wk inc rsv hosp,2026-10-03,27,quantile,0.55,1
2026-10-10,-1,wk inc rsv hosp,2026-10-03,27,quantile,0.6,1
2026-10-10,-1,wk inc rsv hosp,2026-10-03,27,quantile,0.65,1
2026-10-10,-1,wk inc rsv hosp,2026-10-03,27,quantile,0.7,1
2026-10-10,-1,wk inc rsv hosp,2026-10-03,27,quantile,0.75,1
2026-10-10,-1,wk inc rsv hosp,2026-10-03,27,quantile,0.8,1
2026-10-10,-1,wk inc rsv hosp,2026-10-03,27,quantile,0.85,1
2026-10-10,-1,wk inc rsv hosp,2026-10-03,27,quantile,0.9,1
2026-10-10,-1,wk inc rsv hosp,2026-10-03,27,quantile,0.95,1
2026-10-10,-1,wk inc rsv hosp,2026-10-03,27,quantile,0.975,1
2026-10-10,-1,wk inc rsv hosp,2026-10-03,27,quantile,0.99,1
2026-10-10,-1,wk inc rsv hosp,2026-10-03,28,quantile,0.01,4
2026-10-10,-1,wk inc rsv hosp,2026-10-03,28,quantile,0.025,4
2026-10-10,-1,wk inc rsv hosp,2026-10-03,28,quantile,0.05,4
2026-10-10,-1,wk inc rsv hosp,2026-10-03,28,quantile,0.1,4
2026-10-10,-1,wk inc rsv hosp,2026-10-03,28,quantile,0.15,4
2026-10-10,-1,wk inc rsv hosp,2026-10-03,28,quantile,0.2,4
2026-10-10,-1,wk inc rsv hosp,2026-10-03,28,quantile,0.25,4
2026-10-10,-1,wk inc rsv hosp,2026-10-03,28,quantile,0.3,4
2026-10-10,-1,wk inc rsv hosp,2026-10-03,28,quantile,0.35,4
2026-10-10,-1,wk inc rsv hosp,2026-10-03,28,quantile,0.4,4
2026-10-10,-1,wk inc rsv hosp,2026-10-03,28,quantile,0.45,4
2026-10-10,-1,wk inc rsv hosp,2026-10-03,28,quantile,0.5,4
2026-10-10,-1,wk inc rsv hosp,2026-10-03,28,quantile,0.55,4
2026-10-10,-1,wk inc rsv hosp,2026-10-03,28,quantile,0.6,4
2026-10-10,-1,wk inc rsv hosp,2026-10-03,28,quantile,0.65,4
2026-10-10,-1,wk inc rsv hosp,2026-10-03,28,quantile,0.7,4
2026-10-10,-1,wk inc rsv hosp,2026-10-03,28,quantile,0.75,4
2026-10-10,-1,wk inc rsv hosp,2026-10-03,28,quantile,0.8,4
2026-10-10,-1,wk inc rsv hosp,2026-10-03,28,quantile,0.85,4
2026-10-10,-1,wk inc rsv hosp,2026-10-03,28,quantile,0.9,4
2026-10-10,-1,wk inc rsv hosp,2026-10-03,28,quantile,0.95,4
2026-10-10,-1,wk inc rsv hosp,2026-10-03,28,quantile,0.975,4
2026-10-10,-1,wk inc rsv hosp,2026-10-03,28,quantile,0.99,4
2026-10-10,-1,wk inc rsv hosp,2026-10-03,29,quantile,0.01,8
2026-10-10,-1,wk inc rsv hosp,2026-10-03,29,quantile,0.025,8
2026-10-10,-1,wk inc rsv hosp,2026-10-03,29,quantile,0.05,8
2026-10-10,-1,wk inc rsv hosp,2026-10-03,29,quantile,0.1,8
2026-10-10,-1,wk inc rsv hosp,2026-10-03,29,quantile,0.15,8
2026-10-10,-1,wk inc rsv hosp,2026-10-03,29,quantile,0.2,8
2026-10-10,-1,wk inc rsv hosp,2026-10-03,29,quantile,0.25,8
2026-10-10,-1,wk inc rsv hosp,2026-10-03,29,quantile,0.3,8
2026-10-10,-1,wk inc rsv hosp,2026-10-03,29,quantile,0.35,8
2026-10-10,-1,wk inc rsv hosp,2026-10-03,29,quantile,0.4,8
2026-10-10,-1,wk inc rsv hosp,2026-10-03,29,quantile,0.45,8
2026-10-10,-1,wk inc rsv hosp,2026-10-03,29,quantile,0.5,8
2026-10-10,-1,wk inc rsv hosp,2026-10-03,29,quantile,0.55,8
2026-10-10,-1,wk inc rsv hosp,2026-10-03,29,quantile,0.6,8
2026-10-10,-1,wk inc rsv hosp,2026-10-03,29,quantile,0.65,8
2026-10-10,-1,wk inc rsv hosp,2026-10-03,29,quantile,0.7,8
2026-10-10,-1,wk inc rsv hosp,2026-10-03,29,quantile,0.75,8
2026-10-10,-1,wk inc rsv hosp,2026-10-03,29,quantile,0.8,8
2026-10-10,-1,wk inc rsv hosp,2026-10-03,29,quantile,0.85,8
2026-10-10,-1,wk inc rsv hosp,2026-10-03,29,quantile,0.9,8
2026-10-10,-1,wk inc rsv hosp,2026-10-03,29,quantile,0.95,8
2026-10-10,-1,wk inc rsv hosp,2026-10-03,29,quantile,0.975,8
2026-10-10,-1,wk inc rsv hosp,2026-10-03,29,quantile,0.99,8
2026-10-10,-1,wk inc rsv hosp,2026-10-03,30,quantile,0.01,0
2026-10-10,-1,wk inc rsv hosp,2026-10-03,30,quantile,0.025,0
2026-10-10,-1,wk inc rsv hosp,2026-10-03,30,quantile,0.05,0
2026-10-10,-1,wk inc rsv hosp,2026-10-03,30,quantile,0.1,0
2026-10-10,-1,wk inc rsv hosp,2026-10-03,30,quantile,0.15,0
2026-10-10,-1,wk inc rsv hosp,2026-10-03,30,quantile,0.2,0
2026-10-10,-1,wk inc rsv hosp,2026-10-03,30,quantile,0.25,0
2026-10-10,-1,wk inc rsv hosp,2026-10-03,30,quantile,0.3,0
2026-10-10,-1,wk inc rsv hosp,2026-10-03,30,quantile,0.35,0
2026-10-10,-1,wk inc rsv hosp,2026-10-03,30,quantile,0.4,0
2026-10-10,-1,wk inc rsv hosp,2026-10-03,30,quantile,0.45,0
2026-10-10,-1,wk inc rsv hosp,2026-10-03,30,quantile,0.5,0
2026-10-10,-1,wk inc rsv hosp,2026-10-03,30,quantile,0.55,0
2026-10-10,-1,wk inc rsv hosp,2026-10-03,30,quantile,0.6,0
2026-10-10,-1,wk inc rsv hosp,2026-10-03,30,quantile,0.65,0
2026-10-10,-1,wk inc rsv hosp,2026-10-03,30,quantile,0.7,0
2026-10-10,-1,wk inc rsv hosp,2026-10-03,30,quantile,0.75,0
2026-10-10,-1,wk inc rsv hosp,2026-10-03,30,quantile,0.8,0
2026-10-10,-1,wk inc rsv hosp,2026-10-03,30,quantile,0.85,0
2026-10-10,-1,wk inc rsv hosp,2026-10-03,30,quantile,0.9,0
2026-10-10,-1,wk inc rsv hosp,2026-10-03,30,quantile,0.95,0
2026-10-10,-1,wk inc rsv hosp,2026-10-03,30,quantile,0.975,0
2026-10-10,-1,wk inc rsv hosp,2026-10-03,30,quantile,0.99,0
2026-10-10,-1,wk inc rsv hosp,2026-10-03,31,quantile,0.01,0
2026-10-10,-1,wk inc rsv hosp,2026-10-03,31,quantile,0.025,0
2026-10-10,-1,wk inc rsv hosp,2026-10-03,31,quantile,0.05,0
2026-10-10,-1,wk inc rsv hosp,2026-10-03,31,quantile,0.1,0
2026-10-10,-1,wk inc rsv hosp,2026-10-03,31,quantile,0.15,0
2026-10-10,-1,wk inc rsv hosp,2026-10-03,31,quantile,0.2,0
2026-10-10,-1,wk inc rsv hosp,2026-10-03,31,quantile,0.25,0
2026-10-10,-1,wk inc rsv hosp,2026-10-03,31,quantile,0.3,0
2026-10-10,-1,wk inc rsv hosp,2026-10-03,31,quantile,0.35,0
2026-10-10,-1,wk inc rsv hosp,2026-10-03,31,quantile,0.4,0
2026-10-10,-1,wk inc rsv hosp,2026-10-03,31,quantile,0.45,0
2026-10-10,-1,wk inc rsv hosp,2026-10-03,31,quantile,0.5,0
2026-10-10,-1,wk inc rsv hosp,2026-10-03,31,quantile,0.55,0
2026-10-10,-1,wk inc rsv hosp,2026-10-03,31,quantile,0.6,0
2026-10-10,-1,wk inc rsv hosp,2026-10-03,31,quantile,0.65,0
2026-10-10,-1,wk inc rsv hosp,2026-10-03,31,quantile,0.7,0
2026-10-10,-1,wk inc rsv hosp,2026-10-03,31,quantile,0.75,0
2026-10-10,-1,wk inc rsv hosp,2026-10-03,31,quantile,0.8,0
2026-10-10,-1,wk inc rsv hosp,2026-10-03,31,quantile,0.85,0
2026-10-10,-1,wk inc rsv hosp,2026-10-03,31,quantile,0.9,0
2026-10-10,-1,wk inc rsv hosp,2026-10-03,31,quantile,0.95,0
2026-10-10,-1,wk inc rsv hosp,2026-10-03,31,quantile,0.975,0
2026-10-10,-1,wk inc rsv hosp,2026-10-03,31,quantile,0.99,0
2026-10-10,-1,wk inc rsv hosp,2026-10-03,32,quantile,0.01,0
2026-10-10,-1,wk inc rsv hosp,2026-10-03,32,quantile,0.025,0
2026-10-10,-1,wk inc rsv hosp,2026-10-03,32,quantile,0.05,0
2026-10-10,-1,wk inc rsv hosp,2026-10-03,32,quantile,0.1,0
2026-10-10,-1,wk inc rsv hosp,2026-10-03,32,quantile,0.15,0
2026-10-10,-1,wk inc rsv hosp,2026-10-03,32,quantile,0.2,0
2026-10-10,-1,wk inc rsv hosp,2026-10-03,32,quantile,0.25,0
2026-10-10,-1,wk inc rsv hosp,2026-10-03,32,quantile,0.3,0
2026-10-10,-1,wk inc rsv hosp,2026-10-03,32,quantile,0.35,0
2026-10-10,-1,wk inc rsv hosp,2026-10-03,32,quantile,0.4,0
2026-10-10,-1,wk inc rsv hosp,2026-10-03,32,quantile,0.45,0
2026-10-10,-1,wk inc rsv hosp,2026-10-03,32,quantile,0.5,0
2026-10-10,-1,wk inc rsv hosp,2026-10-03,32,quantile,0.55,0
2026-10-10,-1,wk inc rsv hosp,2026-10-03,32,quantile,0.6,0
2026-10-10,-1,wk inc rsv hosp,2026-10-03,32,quantile,0.65,0
2026-10-10,-1,wk inc rsv hosp,2026-10-03,32,quantile,0.7,0
2026-10-10,-1,wk inc rsv hosp,2026-10-03,32,quantile,0.75,0
2026-10-10,-1,wk inc rsv hosp,2026-10-03,32,quantile,0.8,0
2026-10-10,-1,wk inc rsv hosp,2026-10-03,32,quantile,0.85,0
2026-10-10,-1,wk inc rsv hosp,2026-10-03,32,quantile,0.9,0
2026-10-10,-1,wk inc rsv hosp,2026-10-03,32,quantile,0.95,0
2026-10-10,-1,wk inc rsv hosp,2026-10-03,32,quantile,0.975,0
2026-10-10,-1,wk inc rsv hosp,2026-10-03,32,quantile,0.99,0
2026-10-10,-1,wk inc rsv hosp,2026-10-03,33,quantile,0.01,1
2026-10-10,-1,wk inc rsv hosp,2026-10-03,33,quantile,0.025,1
2026-10-10,-1,wk inc rsv hosp,2026-10-03,33,quantile,0.05,1
2026-10-10,-1,wk inc rsv hosp,2026-10-03,33,quantile,0.1,1
2026-10-10,-1,wk inc rsv hosp,2026-10-03,33,quantile,0.15,1
2026-10-10,-1,wk inc rsv hosp,2026-10-03,33,quantile,0.2,1
2026-10-10,-1,wk inc rsv hosp,2026-10-03,33,quantile,0.25,1
2026-10-10,-1,wk inc rsv hosp,2026-10-03,33,quantile,0.3,1
2026-10-10,-1,wk inc rsv hosp,2026-10-03,33,quantile,0.35,1
2026-10-10,-1,wk inc rsv hosp,2026-10-03,33,quantile,0.4,1
2026-10-10,-1,wk inc rsv hosp,2026-10-03,33,quantile,0.45,1
2026-10-10,-1,wk inc rsv hosp,2026-10-03,33,quantile,0.5,1
2026-10-10,-1,wk inc rsv hosp,2026-10-03,33,quantile,0.55,1
2026-10-10,-1,wk inc rsv hosp,2026-10-03,33,quantile,0.6,1
2026-10-10,-1,wk inc rsv hosp,2026-10-03,33,quantile,0.65,1
2026-10-10,-1,wk inc rsv hosp,2026-10-03,33,quantile,0.7,1
2026-10-10,-1,wk inc rsv hosp,2026-10-03,33,quantile,0.75,1
2026-10-10,-1,wk inc rsv hosp,2026-10-03,33,quantile,0.8,1
2026-10-10,-1,wk inc rsv hosp,2026-10-03,33,quantile,0.85,1
2026-10-10,-1,wk inc rsv hosp,2026-10-03,33,quantile,0.9,1
2026-10-10,-1,wk inc rsv hosp,2026-10-03,33,quantile,0.95,1
2026-10-10,-1,wk inc rsv hosp,2026-10-03,33,quantile,0.975,1
2026-10-10,-1,wk inc rsv hosp,2026-10-03,33,quantile,0.99,1
2026-10-10,-1,wk inc rsv hosp,2026-10-03,34,quantile,0.01,13
2026-10-10,-1,wk inc rsv hosp,2026-10-03,34,quantile,0.025,13
2026-10-10,-1,wk inc rsv hosp,2026-10-03,34,quantile,0.05,13
2026-10-10,-1,wk inc rsv hosp,2026-10-03,34,quantile,0.1,13
2026-10-10,-1,wk inc rsv hosp,2026-10-03,34,quantile,0.15,13
2026-10-10,-1,wk inc rsv hosp,2026-10-03,34,quantile,0.2,13
2026-10-10,-1,wk inc rsv hosp,2026-10-03,34,quantile,0.25,13
2026-10-10,-1,wk inc rsv hosp,2026-10-03,34,quantile,0.3,13
2026-10-10,-1,wk inc rsv hosp,2026-10-03,34,quantile,0.35,13
2026-10-10,-1,wk inc rsv hosp,2026-10-03,34,quantile,0.4,13
2026-10-10,-1,wk inc rsv hosp,2026-10-03,34,quantile,0.45,13
2026-10-10,-1,wk inc rsv hosp,2026-10-03,34,quantile,0.5,13
2026-10-10,-1,wk inc rsv hosp,2026-10-03,34,quantile,0.55,13
2026-10-10,-1,wk inc rsv hosp,2026-10-03,34,quantile,0.6,13
2026-10-10,-1,wk inc rsv hosp,2026-10-03,34,quantile,0.65,13
2026-10-10,-1,wk inc rsv hosp,2026-10-03,34,quantile,0.7,13
2026-10-10,-1,wk inc rsv hosp,2026-10-03,34,quantile,0.75,13
2026-10-10,-1,wk inc rsv hosp,2026-10-03,34,quantile,0.8,13
2026-10-10,-1,wk inc rsv hosp,2026-10-03,34,quantile,0.85,13
2026-10-10,-1,wk inc rsv hosp,2026-10-03,34,quantile,0.9,13
2026-10-10,-1,wk inc rsv hosp,2026-10-03,34,quantile,0.95,13
2026-10-10,-1,wk inc rsv hosp,2026-10-03,34,quantile,0.975,13
2026-10-10,-1,wk inc rsv hosp,2026-10-03,34,quantile,0.99,13
2026-10-10,-1,wk inc rsv hosp,2026-10-03,35,quantile,0.01,2
2026-10-10,-1,wk inc rsv hosp,2026-10-03,35,quantile,0.025,2
2026-10-10,-1,wk inc rsv hosp,2026-10-03,35,quantile,0.05,2
2026-10-10,-1,wk inc rsv hosp,2026-10-03,35,quantile,0.1,2
2026-10-10,-1,wk inc rsv hosp,2026-10-03,35,quantile,0.15,2
2026-10-10,-1,wk inc rsv hosp,2026-10-03,35,quantile,0.2,2
2026-10-10,-1,wk inc rsv hosp,2026-10-03,35,quantile,0.25,2
2026-10-10,-1,wk inc rsv hosp,2026-10-03,35,quantile,0.3,2
2026-10-10,-1,wk inc rsv hosp,2026-10-03,35,quantile,0.35,2
2026-10-10,-1,wk inc rsv hosp,2026-10-03,35,quantile,0.4,2
2026-10-10,-1,wk inc rsv hosp,2026-10-03,35,quantile,0.45,2
2026-10-10,-1,wk inc rsv hosp,2026-10-03,35,quantile,0.5,2
2026-10-10,-1,wk inc rsv hosp,2026-10-03,35,quantile,0.55,2
2026-10-10,-1,wk inc rsv hosp,2026-10-03,35,quantile,0.6,2
2026-10-10,-1,wk inc rsv hosp,2026-10-03,35,quantile,0.65,2
2026-10-10,-1,wk inc rsv hosp,2026-10-03,35,quantile,0.7,2
2026-10-10,-1,wk inc rsv hosp,2026-10-03,35,quantile,0.75,2
2026-10-10,-1,wk inc rsv hosp,2026-10-03,35,quantile,0.8,2
2026-10-10,-1,wk inc rsv hosp,2026-10-03,35,quantile,0.85,2
2026-10-10,-1,wk inc rsv hosp,2026-10-03,35,quantile,0.9,2
2026-10-10,-1,wk inc rsv hosp,2026-10-03,35,quantile,0.95,2
2026-10-10,-1,wk inc rsv hosp,2026-10-03,35,quantile,0.975,2
2026-10-10,-1,wk inc rsv hosp,2026-10-03,35,quantile,0.99,2
2026-10-10,-1,wk inc rsv hosp,2026-10-03,36,quantile,0.01,32
2026-10-10,-1,wk inc rsv hosp,2026-10-03,36,quantile,0.025,32
2026-10-10,-1,wk inc rsv hosp,2026-10-03,36,quantile,0.05,32
2026-10-10,-1,wk inc rsv hosp,2026-10-03,36,quantile,0.1,32
2026-10-10,-1,wk inc rsv hosp,2026-10-03,36,quantile,0.15,32
2026-10-10,-1,wk inc rsv hosp,2026-10-03,36,quantile,0.2,32
2026-10-10,-1,wk inc rsv hosp,2026-10-03,36,quantile,0.25,32
2026-10-10,-1,wk inc rsv hosp,2026-10-03,36,quantile,0.3,32
2026-10-10,-1,wk inc rsv hosp,2026-10-03,36,quantile,0.35,32
2026-10-10,-1,wk inc rsv hosp,2026-10-03,36,quantile,0.4,32
2026-10-10,-1,wk inc rsv hosp,2026-10-03,36,quantile,0.45,32
2026-10-10,-1,wk inc rsv hosp,2026-10-03,36,quantile,0.5,32
2026-10-10,-1,wk inc rsv hosp,2026-10-03,36,quantile,0.55,32
2026-10-10,-1,wk inc rsv hosp,2026-10-03,36,quantile,0.6,32
2026-10-10,-1,wk inc rsv hosp,2026-10-03,36,quantile,0.65,32
2026-10-10,-1,wk inc rsv hosp,2026-10-03,36,quantile,0.7,32
2026-10-10,-1,wk inc rsv hosp,2026-10-03,36,quantile,0.75,32
2026-10-10,-1,wk inc rsv hosp,2026-10-03,36,quantile,0.8,32
2026-10-10,-1,wk inc rsv hosp,2026-10-03,36,quantile,0.85,32
2026-10-10,-1,wk inc rsv hosp,2026-10-03,36,quantile,0.9,32
2026-10-10,-1,wk inc rsv hosp,2026-10-03,36,quantile,0.95,32
2026-10-10,-1,wk inc rsv hosp,2026-10-03,36,quantile,0.975,32
2026-10-10,-1,wk inc rsv hosp,2026-10-03,36,quantile,0.99,32
2026-10-10,-1,wk inc rsv hosp,2026-10-03,37,quantile,0.01,20
2026-10-10,-1,wk inc rsv hosp,2026-10-03,37,quantile,0.025,20
2026-10-10,-1,wk inc rsv hosp,2026-10-03,37,quantile,0.05,20
2026-10-10,-1,wk inc rsv hosp,2026-10-03,37,quantile,0.1,20
2026-10-10,-1,wk inc rsv hosp,2026-10-03,37,quantile,0.15,20
2026-10-10,-1,wk inc rsv hosp,2026-10-03,37,quantile,0.2,20
2026-10-10,-1,wk inc rsv hosp,2026-10-03,37,quantile,0.25,20
2026-10-10,-1,wk inc rsv hosp,2026-10-03,37,quantile,0.3,20
2026-10-10,-1,wk inc rsv hosp,2026-10-03,37,quantile,0.35,20
2026-10-10,-1,wk inc rsv hosp,2026-10-03,37,quantile,0.4,20
2026-10-10,-1,wk inc rsv hosp,2026-10-03,37,quantile,0.45,20
2026-10-10,-1,wk inc rsv hosp,2026-10-03,37,quantile,0.5,20
2026-10-10,-1,wk inc rsv hosp,2026-10-03,37,quantile,0.55,20
2026-10-10,-1,wk inc rsv hosp,2026-10-03,37,quantile,0.6,20
2026-10-10,-1,wk inc rsv hosp,2026-10-03,37,quantile,0.65,20
2026-10-10,-1,wk inc rsv hosp,2026-10-03,37,quantile,0.7,20
2026-10-10,-1,wk inc rsv hosp,2026-10-03,37,quantile,0.75,20
2026-10-10,-1,wk inc rsv hosp,2026-10-03,37,quantile,0.8,20
2026-10-10,-1,wk inc rsv hosp,2026-10-03,37,quantile,0.85,20
2026-10-10,-1,wk inc rsv hosp,2026-10-03,37,quantile,0.9,20
2026-10-10,-1,wk inc rsv hosp,2026-10-03,37,quantile,0.95,20
2026-10-10,-1,wk inc rsv hosp,2026-10-03,37,quantile,0.975,20
2026-10-10,-1,wk inc rsv hosp,2026-10-03,37,quantile,0.99,20
2026-10-10,-1,wk inc rsv hosp,2026-10-03,38,quantile,0.01,0
2026-10-10,-1,wk inc rsv hosp,2026-10-03,38,quantile,0.025,0
2026-10-10,-1,wk inc rsv hosp,2026-10-03,38,quantile,0.05,0
2026-10-10,-1,wk inc rsv hosp,2026-10-03,38,quantile,0.1,0
2026-10-10,-1,wk inc rsv hosp,2026-10-03,38,quantile,0.15,0
2026-10-10,-1,wk inc rsv hosp,2026-10-03,38,quantile,0.2,0
2026-10-10,-1,wk inc rsv hosp,2026-10-03,38,quantile,0.25,0
2026-10-10,-1,wk inc rsv hosp,2026-10-03,38,quantile,0.3,0
2026-10-10,-1,wk inc rsv hosp,2026-10-03,38,quantile,0.35,0
2026-10-10,-1,wk inc rsv hosp,2026-10-03,38,quantile,0.4,0
2026-10-10,-1,wk inc rsv hosp,2026-10-03,38,quantile,0.45,0
2026-10-10,-1,wk inc rsv hosp,2026-10-03,38,quantile,0.5,0
2026-10-10,-1,wk inc rsv hosp,2026-10-03,38,quantile,0.55,0
2026-10-10,-1,wk inc rsv hosp,2026-10-03,38,quantile,0.6,0
2026-10-10,-1,wk inc rsv hosp,2026-10-03,38,quantile,0.65,0
2026-10-10,-1,wk inc rsv hosp,2026-10-03,38,quantile,0.7,0
2026-10-10,-1,wk inc rsv hosp,2026-10-03,38,quantile,0.75,0
2026-10-10,-1,wk inc rsv hosp,2026-10-03,38,quantile,0.8,0
2026-10-10,-1,wk inc rsv hosp,2026-10-03,38,quantile,0.85,0
2026-10-10,-1,wk inc rsv hosp,2026-10-03,38,quantile,0.9,0
2026-10-10,-1,wk inc rsv hosp,2026-10-03,38,quantile,0.95,0
2026-10-10,-1,wk inc rsv hosp,2026-10-03,38,quantile,0.975,0
2026-10-10,-1,wk inc rsv hosp,2026-10-03,38,quantile,0.99,0
2026-10-10,-1,wk inc rsv hosp,2026-10-03,39,quantile,0.01,9
2026-10-10,-1,wk inc rsv hosp,2026-10-03,39,quantile,0.025,9
2026-10-10,-1,wk inc rsv hosp,2026-10-03,39,quantile,0.05,9
2026-10-10,-1,wk inc rsv hosp,2026-10-03,39,quantile,0.1,9
2026-10-10,-1,wk inc rsv hosp,2026-10-03,39,quantile,0.15,9
2026-10-10,-1,wk inc rsv hosp,2026-10-03,39,quantile,0.2,9
2026-10-10,-1,wk inc rsv hosp,2026-10-03,39,quantile,0.25,9
2026-10-10,-1,wk inc rsv hosp,2026-10-03,39,quantile,0.3,9
2026-10-10,-1,wk inc rsv hosp,2026-10-03,39,quantile,0.35,9
2026-10-10,-1,wk inc rsv hosp,2026-10-03,39,quantile,0.4,9
2026-10-10,-1,wk inc rsv hosp,2026-10-03,39,quantile,0.45,9
2026-10-10,-1,wk inc rsv hosp,2026-10-03,39,quantile,0.5,9
2026-10-10,-1,wk inc rsv hosp,2026-10-03,39,quantile,0.55,9
2026-10-10,-1,wk inc rsv hosp,2026-10-03,39,quantile,0.6,9
2026-10-10,-1,wk inc rsv hosp,2026-10-03,39,quantile,0.65,9
2026-10-10,-1,wk inc rsv hosp,2026-10-03,39,quantile,0.7,9
2026-10-10,-1,wk inc rsv hosp,2026-10-03,39,quantile,0.75,9
2026-10-10,-1,wk inc rsv hosp,2026-10-03,39,quantile,0.8,9
2026-10-10,-1,wk inc rsv hosp,2026-10-03,39,quantile,0.85,9
2026-10-10,-1,wk inc rsv hosp,2026-10-03,39,quantile,0.9,9
2026-10-10,-1,wk inc rsv hosp,2026-10-03,39,quantile,0.95,9
2026-10-10,-1,wk inc rsv hosp,2026-10-03,39,quantile,0.975,9
2026-10-10,-1,wk inc rsv hosp,2026-10-03,39,quantile,0.99,9
2026-10-10,-1,wk inc rsv hosp,2026-10-03,40,quantile,0.01,0
2026-10-10,-1,wk inc rsv hosp,2026-10-03,40,quantile,0.025,0
2026-10-10,-1,wk inc rsv hosp,2026-10-03,40,quantile,0.05,0
2026-10-10,-1,wk inc rsv hosp,2026-10-03,40,quantile,0.1,0
2026-10-10,-1,wk inc rsv hosp,2026-10-03,40,quantile,0.15,0
2026-10-10,-1,wk inc rsv hosp,2026-10-03,40,quantile,0.2,0
2026-10-10,-1,wk inc rsv hosp,2026-10-03,40,quantile,0.25,0
2026-10-10,-1,wk inc rsv hosp,2026-10-03,40,quantile,0.3,0
2026-10-10,-1,wk inc rsv hosp,2026-10-03,40,quantile,0.35,0
2026-10-10,-1,wk inc rsv hosp,2026-10-03,40,quantile,0.4,0
2026-10-10,-1,wk inc rsv hosp,2026-10-03,40,quantile,0.45,0
2026-10-10,-1,wk inc rsv hosp,2026-10-03,40,quantile,0.5,0
2026-10-10,-1,wk inc rsv hosp,2026-10-03,40,quantile,0.55,0
2026-10-10,-1,wk inc rsv hosp,2026-10-03,40,quantile,0.6,0
2026-10-10,-1,wk inc rsv hosp,2026-10-03,40,quantile,0.65,0
2026-10-10,-1,wk inc rsv hosp,2026-10-03,40,quantile,0.7,0
2026-10-10,-1,wk inc rsv hosp,2026-10-03,40,quantile,0.75,0
2026-10-10,-1,wk inc rsv hosp,2026-10-03,40,quantile,0.8,0
2026-10-10,-1,wk inc rsv hosp,2026-10-03,40,quantile,0.85,0
2026-10-10,-1,wk inc rsv hosp,2026-10-03,40,quantile,0.9,0
2026-10-10,-1,wk inc rsv hosp,2026-10-03,40,quantile,0.95,0
2026-10-10,-1,wk inc rsv hosp,2026-10-03,40,quantile,0.975,0
2026-10-10,-1,wk inc rsv hosp,2026-10-03,40,quantile,0.99,0
2026-10-10,-1,wk inc rsv hosp,2026-10-03,41,quantile,0.01,1
2026-10-10,-1,wk inc rsv hosp,2026-10-03,41,quantile,0.025,1
2026-10-10,-1,wk inc rsv hosp,2026-10-03,41,quantile,0.05,1
2026-10-10,-1,wk inc rsv hosp,2026-10-03,41,quantile,0.1,1
2026-10-10,-1,wk inc rsv hosp,2026-10-03,41,quantile,0.15,1
2026-10-10,-1,wk inc rsv hosp,2026-10-03,41,quantile,0.2,1
2026-10-10,-1,wk inc rsv hosp,2026-10-03,41,quantile,0.25,1
2026-10-10,-1,wk inc rsv hosp,2026-10-03,41,quantile,0.3,1
2026-10-10,-1,wk inc rsv hosp,2026-10-03,41,quantile,0.35,1
2026-10-10,-1,wk inc rsv hosp,2026-10-03,41,quantile,0.4,1
2026-10-10,-1,wk inc rsv hosp,2026-10-03,41,quantile,0.45,1
2026-10-10,-1,wk inc rsv hosp,2026-10-03,41,quantile,0.5,1
2026-10-10,-1,wk inc rsv hosp,2026-10-03,41,quantile,0.55,1
2026-10-10,-1,wk inc rsv hosp,2026-10-03,41,quantile,0.6,1
2026-10-10,-1,wk inc rsv hosp,2026-10-03,41,quantile,0.65,1
2026-10-10,-1,wk inc rsv hosp,2026-10-03,41,quantile,0.7,1
2026-10-10,-1,wk inc rsv hosp,2026-10-03,41,quantile,0.75,1
2026-10-10,-1,wk inc rsv hosp,2026-10-03,41,quantile,0.8,1
2026-10-10,-1,wk inc rsv hosp,2026-10-03,41,quantile,0.85,1
2026-10-10,-1,wk inc rsv hosp,2026-10-03,41,quantile,0.9,1
2026-10-10,-1,wk inc rsv hosp,2026-10-03,41,quantile,0.95,1
2026-10-10,-1,wk inc rsv hosp,2026-10-03,41,quantile,0.975,1
2026-10-10,-1,wk inc rsv hosp,2026-10-03,41,quantile,0.99,1
2026-10-10,-1,wk inc rsv hosp,2026-10-03,42,quantile,0.01,39
2026-10-10,-1,wk inc rsv hosp,2026-10-03,42,quantile,0.025,39
2026-10-10,-1,wk inc rsv hosp,2026-10-03,42,quantile,0.05,39
2026-10-10,-1,wk inc rsv hosp,2026-10-03,42,quantile,0.1,39
2026-10-10,-1,wk inc rsv hosp,2026-10-03,42,quantile,0.15,39
2026-10-10,-1,wk inc rsv hosp,2026-10-03,42,quantile,0.2,39
2026-10-10,-1,wk inc rsv hosp,2026-10-03,42,quantile,0.25,39
2026-10-10,-1,wk inc rsv hosp,2026-10-03,42,quantile,0.3,39
2026-10-10,-1,wk inc rsv hosp,2026-10-03,42,quantile,0.35,39
2026-10-10,-1,wk inc rsv hosp,2026-10-03,42,quantile,0.4,39
2026-10-10,-1,wk inc rsv hosp,2026-10-03,42,quantile,0.45,39
2026-10-10,-1,wk inc rsv hosp,2026-10-03,42,quantile,0.5,39
2026-10-10,-1,wk inc rsv hosp,2026-10-03,42,quantile,0.55,39
2026-10-10,-1,wk inc rsv hosp,2026-10-03,42,quantile,0.6,39
2026-10-10,-1,wk inc rsv hosp,2026-10-03,42,quantile,0.65,39
2026-10-10,-1,wk inc rsv hosp,2026-10-03,42,quantile,0.7,39
2026-10-10,-1,wk inc rsv hosp,2026-10-03,42,quantile,0.75,39
2026-10-10,-1,wk inc rsv hosp,2026-10-03,42,quantile,0.8,39
2026-10-10,-1,wk inc rsv hosp,2026-10-03,42,quantile,0.85,39
2026-10-10,-1,wk inc rsv hosp,2026-10-03,42,quantile,0.9,39
2026-10-10,-1,wk inc rsv hosp,2026-10-03,42,quantile,0.95,39
2026-10-10,-1,wk inc rsv hosp,2026-10-03,42,quantile,0.975,39
2026-10-10,-1,wk inc rsv hosp,2026-10-03,42,quantile,0.99,39
2026-10-10,-1,wk inc rsv hosp,2026-10-03,44,quantile,0.01,1
2026-10-10,-1,wk inc rsv hosp,2026-10-03,44,quantile,0.025,1
2026-10-10,-1,wk inc rsv hosp,2026-10-03,44,quantile,0.05,1
2026-10-10,-1,wk inc rsv hosp,2026-10-03,44,quantile,0.1,1
2026-10-10,-1,wk inc rsv hosp,2026-10-03,44,quantile,0.15,1
2026-10-10,-1,wk inc rsv hosp,2026-10-03,44,quantile,0.2,1
2026-10-10,-1,wk inc rsv hosp,2026-10-03,44,quantile,0.25,1
2026-10-10,-1,wk inc rsv hosp,2026-10-03,44,quantile,0.3,1
2026-10-10,-1,wk inc rsv hosp,2026-10-03,44,quantile,0.35,1
2026-10-10,-1,wk inc rsv hosp,2026-10-03,44,quantile,0.4,1
2026-10-10,-1,wk inc rsv hosp,2026-10-03,44,quantile,0.45,1
2026-10-10,-1,wk inc rsv hosp,2026-10-03,44,quantile,0.5,1
2026-10-10,-1,wk inc rsv hosp,2026-10-03,44,quantile,0.55,1
2026-10-10,-1,wk inc rsv hosp,2026-10-03,44,quantile,0.6,1
2026-10-10,-1,wk inc rsv hosp,2026-10-03,44,quantile,0.65,1
2026-10-10,-1,wk inc rsv hosp,2026-10-03,44,quantile,0.7,1
2026-10-10,-1,wk inc rsv hosp,2026-10-03,44,quantile,0.75,1
2026-10-10,-1,wk inc rsv hosp,2026-10-03,44,quantile,0.8,1
2026-10-10,-1,wk inc rsv hosp,2026-10-03,44,quantile,0.85,1
2026-10-10,-1,wk inc rsv hosp,2026-10-03,44,quantile,0.9,1
2026-10-10,-1,wk inc rsv hosp,2026-10-03,44,quantile,0.95,1
2026-10-10,-1,wk inc rsv hosp,2026-10-03,44,quantile,0.975,1
2026-10-10,-1,wk inc rsv hosp,2026-10-03,44,quantile,0.99,1
2026-10-10,-1,wk inc rsv hosp,2026-10-03,45,quantile,0.01,8
2026-10-10,-1,wk inc rsv hosp,2026-10-03,45,quantile,0.025,8
2026-10-10,-1,wk inc rsv hosp,2026-10-03,45,quantile,0.05,8
2026-10-10,-1,wk inc rsv hosp,2026-10-03,45,quantile,0.1,8
2026-10-10,-1,wk inc rsv hosp,2026-10-03,45,quantile,0.15,8
2026-10-10,-1,wk inc rsv hosp,2026-10-03,45,quantile,0.2,8
2026-10-10,-1,wk inc rsv hosp,2026-10-03,45,quantile,0.25,8
2026-10-10,-1,wk inc rsv hosp,2026-10-03,45,quantile,0.3,8
2026-10-10,-1,wk inc rsv hosp,2026-10-03,45,quantile,0.35,8
2026-10-10,-1,wk inc rsv hosp,2026-10-03,45,quantile,0.4,8
2026-10-10,-1,wk inc rsv hosp,2026-10-03,45,quantile,0.45,8
2026-10-10,-1,wk inc rsv hosp,2026-10-03,45,quantile,0.5,8
2026-10-10,-1,wk inc rsv hosp,2026-10-03,45,quantile,0.55,8
2026-10-10,-1,wk inc rsv hosp,2026-10-03,45,quantile,0.6,8
2026-10-10,-1,wk inc rsv hosp,2026-10-03,45,quantile,0.65,8
2026-10-10,-1,wk inc rsv hosp,2026-10-03,45,quantile,0.7,8
2026-10-10,-1,wk inc rsv hosp,2026-10-03,45,quantile,0.75,8
2026-10-10,-1,wk inc rsv hosp,2026-10-03,45,quantile,0.8,8
2026-10-10,-1,wk inc rsv hosp,2026-10-03,45,quantile,0.85,8
2026-10-10,-1,wk inc rsv hosp,2026-10-03,45,quantile,0.9,8
2026-10-10,-1,wk inc rsv hosp,2026-10-03,45,quantile,0.95,8
2026-10-10,-1,wk inc rsv hosp,2026-10-03,45,quantile,0.975,8
2026-10-10,-1,wk inc rsv hosp,2026-10-03,45,quantile,0.99,8
2026-10-10,-1,wk inc rsv hosp,2026-10-03,46,quantile,0.01,2
2026-10-10,-1,wk inc rsv hosp,2026-10-03,46,quantile,0.025,2
2026-10-10,-1,wk inc rsv hosp,2026-10-03,46,quantile,0.05,2
2026-10-10,-1,wk inc rsv hosp,2026-10-03,46,quantile,0.1,2
2026-10-10,-1,wk inc rsv hosp,2026-10-03,46,quantile,0.15,2
2026-10-10,-1,wk inc rsv hosp,2026-10-03,46,quantile,0.2,2
2026-10-10,-1,wk inc rsv hosp,2026-10-03,46,quantile,0.25,2
2026-10-10,-1,wk inc rsv hosp,2026-10-03,46,quantile,0.3,2
2026-10-10,-1,wk inc rsv hosp,2026-10-03,46,quantile,0.35,2
2026-10-10,-1,wk inc rsv hosp,2026-10-03,46,quantile,0.4,2
2026-10-10,-1,wk inc rsv hosp,2026-10-03,46,quantile,0.45,2
2026-10-10,-1,wk inc rsv hosp,2026-10-03,46,quantile,0.5,2
2026-10-10,-1,wk inc rsv hosp,2026-10-03,46,quantile,0.55,2
2026-10-10,-1,wk inc rsv hosp,2026-10-03,46,quantile,0.6,2
2026-10-10,-1,wk inc rsv hosp,2026-10-03,46,quantile,0.65,2
2026-10-10,-1,wk inc rsv hosp,2026-10-03,46,quantile,0.7,2
2026-10-10,-1,wk inc rsv hosp,2026-10-03,46,quantile,0.75,2
2026-10-10,-1,wk inc rsv hosp,2026-10-03,46,quantile,0.8,2
2026-10-10,-1,wk inc rsv hosp,2026-10-03,46,quantile,0.85,2
2026-10-10,-1,wk inc rsv hosp,2026-10-03,46,quantile,0.9,2
2026-10-10,-1,wk inc rsv hosp,2026-10-03,46,quantile,0.95,2
2026-10-10,-1,wk inc rsv hosp,2026-10-03,46,quantile,0.975,2
2026-10-10,-1,wk inc rsv hosp,2026-10-03,46,quantile,0.99,2
2026-10-10,-1,wk inc rsv hosp,2026-10-03,47,quantile,0.01,10
2026-10-10,-1,wk inc rsv hosp,2026-10-03,47,quantile,0.025,10
2026-10-10,-1,wk inc rsv hosp,2026-10-03,47,quantile,0.05,10
2026-10-10,-1,wk inc rsv hosp,2026-10-03,47,quantile,0.1,10
2026-10-10,-1,wk inc rsv hosp,2026-10-03,47,quantile,0.15,10
2026-10-10,-1,wk inc rsv hosp,2026-10-03,47,quantile,0.2,10
2026-10-10,-1,wk inc rsv hosp,2026-10-03,47,quantile,0.25,10
2026-10-10,-1,wk inc rsv hosp,2026-10-03,47,quantile,0.3,10
2026-10-10,-1,wk inc rsv hosp,2026-10-03,47,quantile,0.35,10
2026-10-10,-1,wk inc rsv hosp,2026-10-03,47,quantile,0.4,10
2026-10-10,-1,wk inc rsv hosp,2026-10-03,47,quantile,0.45,10
2026-10-10,-1,wk inc rsv hosp,2026-10-03,47,quantile,0.5,10
2026-10-10,-1,wk inc rsv hosp,2026-10-03,47,quantile,0.55,10
2026-10-10,-1,wk inc rsv hosp,2026-10-03,47,quantile,0.6,10
2026-10-10,-1,wk inc rsv hosp,2026-10-03,47,quantile,0.65,10
2026-10-10,-1,wk inc rsv hosp,2026-10-03,47,quantile,0.7,10
2026-10-10,-1,wk inc rsv hosp,2026-10-03,47,quantile,0.75,10
2026-10-10,-1,wk inc rsv hosp,2026-10-03,47,quantile,0.8,10
2026-10-10,-1,wk inc rsv hosp,2026-10-03,47,quantile,0.85,10
2026-10-10,-1,wk inc rsv hosp,2026-10-03,47,quantile,0.9,10
2026-10-10,-1,wk inc rsv hosp,2026-10-03,47,quantile,0.95,10
2026-10-10,-1,wk inc rsv hosp,2026-10-03,47,quantile,0.975,10
2026-10-10,-1,wk inc rsv hosp,2026-10-03,47,quantile,0.99,10
2026-10-10,-1,wk inc rsv hosp,2026-10-03,48,quantile,0.01,68
2026-10-10,-1,wk inc rsv hosp,2026-10-03,48,quantile,0.025,68
2026-10-10,-1,wk inc rsv hosp,2026-10-03,48,quantile,0.05,68
2026-10-10,-1,wk inc rsv hosp,2026-10-03,48,quantile,0.1,68
2026-10-10,-1,wk inc rsv hosp,2026-10-03,48,quantile,0.15,68
2026-10-10,-1,wk inc rsv hosp,2026-10-03,48,quantile,0.2,68
2026-10-10,-1,wk inc rsv hosp,2026-10-03,48,quantile,0.25,68
2026-10-10,-1,wk inc rsv hosp,2026-10-03,48,quantile,0.3,68
2026-10-10,-1,wk inc rsv hosp,2026-10-03,48,quantile,0.35,68
2026-10-10,-1,wk inc rsv hosp,2026-10-03,48,quantile,0.4,68
2026-10-10,-1,wk inc rsv hosp,2026-10-03,48,quantile,0.45,68
2026-10-10,-1,wk inc rsv hosp,2026-10-03,48,quantile,0.5,68
2026-10-10,-1,wk inc rsv hosp,2026-10-03,48,quantile,0.55,68
2026-10-10,-1,wk inc rsv hosp,2026-10-03,48,quantile,0.6,68
2026-10-10,-1,wk inc rsv hosp,2026-10-03,48,quantile,0.65,68
2026-10-10,-1,wk inc rsv hosp,2026-10-03,48,quantile,0.7,68
2026-10-10,-1,wk inc rsv hosp,2026-10-03,48,quantile,0.75,68
2026-10-10,-1,wk inc rsv hosp,2026-10-03,48,quantile,0.8,68
2026-10-10,-1,wk inc rsv hosp,2026-10-03,48,quantile,0.85,68
2026-10-10,-1,wk inc rsv hosp,2026-10-03,48,quantile,0.9,68
2026-10-10,-1,wk inc rsv hosp,2026-10-03,48,quantile,0.95,68
2026-10-10,-1,wk inc rsv hosp,2026-10-03,48,quantile,0.975,68
2026-10-10,-1,wk inc rsv hosp,2026-10-03,48,quantile,0.99,68
2026-10-10,-1,wk inc rsv hosp,2026-10-03,49,quantile,0.01,0
2026-10-10,-1,wk inc rsv hosp,2026-10-03,49,quantile,0.025,0
2026-10-10,-1,wk inc rsv hosp,2026-10-03,49,quantile,0.05,0
2026-10-10,-1,wk inc rsv hosp,2026-10-03,49,quantile,0.1,0
2026-10-10,-1,wk inc rsv hosp,2026-10-03,49,quantile,0.15,0
2026-10-10,-1,wk inc rsv hosp,2026-10-03,49,quantile,0.2,0
2026-10-10,-1,wk inc rsv hosp,2026-10-03,49,quantile,0.25,0
2026-10-10,-1,wk inc rsv hosp,2026-10-03,49,quantile,0.3,0
2026-10-10,-1,wk inc rsv hosp,2026-10-03,49,quantile,0.35,0
2026-10-10,-1,wk inc rsv hosp,2026-10-03,49,quantile,0.4,0
2026-10-10,-1,wk inc rsv hosp,2026-10-03,49,quantile,0.45,0
2026-10-10,-1,wk inc rsv hosp,2026-10-03,49,quantile,0.5,0
2026-10-10,-1,wk inc rsv hosp,2026-10-03,49,quantile,0.55,0
2026-10-10,-1,wk inc rsv hosp,2026-10-03,49,quantile,0.6,0
2026-10-10,-1,wk inc rsv hosp,2026-10-03,49,quantile,0.65,0
2026-10-10,-1,wk inc rsv hosp,2026-10-03,49,quantile,0.7,0
2026-10-10,-1,wk inc rsv hosp,2026-10-03,49,quantile,0.75,0
2026-10-10,-1,wk inc rsv hosp,2026-10-03,49,quantile,0.8,0
2026-10-10,-1,wk inc rsv hosp,2026-10-03,49,quantile,0.85,0
2026-10-10,-1,wk inc rsv hosp,2026-10-03,49,quantile,0.9,0
2026-10-10,-1,wk inc rsv hosp,2026-10-03,49,quantile,0.95,0
2026-10-10,-1,wk inc rsv hosp,2026-10-03,49,quantile,0.975,0
2026-10-10,-1,wk inc rsv hosp,2026-10-03,49,quantile,0.99,0
2026-10-10,-1,wk inc rsv hosp,2026-10-03,50,quantile,0.01,0
2026-10-10,-1,wk inc rsv hosp,2026-10-03,50,quantile,0.025,0
2026-10-10,-1,wk inc rsv hosp,2026-10-03,50,quantile,0.05,0
2026-10-10,-1,wk inc rsv hosp,2026-10-03,50,quantile,0.1,0
2026-10-10,-1,wk inc rsv hosp,2026-10-03,50,quantile,0.15,0
2026-10-10,-1,wk inc rsv hosp,2026-10-03,50,quantile,0.2,0
2026-10-10,-1,wk inc rsv hosp,2026-10-03,50,quantile,0.25,0
2026-10-10,-1,wk inc rsv hosp,2026-10-03,50,quantile,0.3,0
2026-10-10,-1,wk inc rsv hosp,2026-10-03,50,quantile,0.35,0
2026-10-10,-1,wk inc rsv hosp,2026-10-03,50,quantile,0.4,0
2026-10-10,-1,wk inc rsv hosp,2026-10-03,50,quantile,0.45,0
2026-10-10,-1,wk inc rsv hosp,2026-10-03,50,quantile,0.5,0
2026-10-10,-1,wk inc rsv hosp,2026-10-03,50,quantile,0.55,0
2026-10-10,-1,wk inc rsv hosp,2026-10-03,50,quantile,0.6,0
2026-10-10,-1,wk inc rsv hosp,2026-10-03,50,quantile,0.65,0
2026-10-10,-1,wk inc rsv hosp,2026-10-03,50,quantile,0.7,0
2026-10-10,-1,wk inc rsv hosp,2026-10-03,50,quantile,0.75,0
2026-10-10,-1,wk inc rsv hosp,2026-10-03,50,quantile,0.8,0
2026-10-10,-1,wk inc rsv hosp,2026-10-03,50,quantile,0.85,0
2026-10-10,-1,wk inc rsv hosp,2026-10-03,50,quantile,0.9,0
2026-10-10,-1,wk inc rsv hosp,2026-10-03,50,quantile,0.95,0
2026-10-10,-1,wk inc rsv hosp,2026-10-03,50,quantile,0.975,0
2026-10-10,-1,wk inc rsv hosp,2026-10-03,50,quantile,0.99,0
2026-10-10,-1,wk inc rsv hosp,2026-10-03,51,quantile,0.01,5
2026-10-10,-1,wk inc rsv hosp,2026-10-03,51,quantile,0.025,5
2026-10-10,-1,wk inc rsv hosp,2026-10-03,51,quantile,0.05,5
2026-10-10,-1,wk inc rsv hosp,2026-10-03,51,quantile,0.1,5
2026-10-10,-1,wk inc rsv hosp,2026-10-03,51,quantile,0.15,5
2026-10-10,-1,wk inc rsv hosp,2026-10-03,51,quantile,0.2,5
2026-10-10,-1,wk inc rsv hosp,2026-10-03,51,quantile,0.25,5
2026-10-10,-1,wk inc rsv hosp,2026-10-03,51,quantile,0.3,5
2026-10-10,-1,wk inc rsv hosp,2026-10-03,51,quantile,0.35,5
2026-10-10,-1,wk inc rsv hosp,2026-10-03,51,quantile,0.4,5
2026-10-10,-1,wk inc rsv hosp,2026-10-03,51,quantile,0.45,5
2026-10-10,-1,wk inc rsv hosp,2026-10-03,51,quantile,0.5,5
2026-10-10,-1,wk inc rsv hosp,2026-10-03,51,quantile,0.55,5
2026-10-10,-1,wk inc rsv hosp,2026-10-03,51,quantile,0.6,5
2026-10-10,-1,wk inc rsv hosp,2026-10-03,51,quantile,0.65,5
2026-10-10,-1,wk inc rsv hosp,2026-10-03,51,quantile,0.7,5
2026-10-10,-1,wk inc rsv hosp,2026-10-03,51,quantile,0.75,5
2026-10-10,-1,wk inc rsv hosp,2026-10-03,51,quantile,0.8,5
2026-10-10,-1,wk inc rsv hosp,2026-10-03,51,quantile,0.85,5
2026-10-10,-1,wk inc rsv hosp,2026-10-03,51,quantile,0.9,5
2026-10-10,-1,wk inc rsv hosp,2026-10-03,51,quantile,0.95,5
2026-10-10,-1,wk inc rsv hosp,2026-10-03,51,quantile,0.975,5
2026-10-10,-1,wk inc rsv hosp,2026-10-03,51,quantile,0.99,5
2026-10-10,-1,wk inc rsv hosp,2026-10-03,53,quantile,0.01,3
2026-10-10,-1,wk inc rsv hosp,2026-10-03,53,quantile,0.025,3
2026-10-10,-1,wk inc rsv hosp,2026-10-03,53,quantile,0.05,3
2026-10-10,-1,wk inc rsv hosp,2026-10-03,53,quantile,0.1,3
2026-10-10,-1,wk inc rsv hosp,2026-10-03,53,quantile,0.15,3
2026-10-10,-1,wk inc rsv hosp,2026-10-03,53,quantile,0.2,3
2026-10-10,-1,wk inc rsv hosp,2026-10-03,53,quantile,0.25,3
2026-10-10,-1,wk inc rsv hosp,2026-10-03,53,quantile,0.3,3
2026-10-10,-1,wk inc rsv hosp,2026-10-03,53,quantile,0.35,3
2026-10-10,-1,wk inc rsv hosp,2026-10-03,53,quantile,0.4,3
2026-10-10,-1,wk inc rsv hosp,2026-10-03,53,quantile,0.45,3
2026-10-10,-1,wk inc rsv hosp,2026-10-03,53,quantile,0.5,3
2026-10-10,-1,wk inc rsv hosp,2026-10-03,53,quantile,0.55,3
2026-10-10,-1,wk inc rsv hosp,2026-10-03,53,quantile,0.6,3
2026-10-10,-1,wk inc rsv hosp,2026-10-03,53,quantile,0.65,3
2026-10-10,-1,wk inc rsv hosp,2026-10-03,53,quantile,0.7,3
2026-10-10,-1,wk inc rsv hosp,2026-10-03,53,quantile,0.75,3
2026-10-10,-1,wk inc rsv hosp,2026-10-03,53,quantile,0.8,3
2026-10-10,-1,wk inc rsv hosp,2026-10-03,53,quantile,0.85,3
2026-10-10,-1,wk inc rsv hosp,2026-10-03,53,quantile,0.9,3
2026-10-10,-1,wk inc rsv hosp,2026-10-03,53,quantile,0.95,3
2026-10-10,-1,wk inc rsv hosp,2026-10-03,53,quantile,0.975,3
2026-10-10,-1,wk inc rsv hosp,2026-10-03,53,quantile,0.99,3
2026-10-10,-1,wk inc rsv hosp,2026-10-03,54,quantile,0.01,1
2026-10-10,-1,wk inc rsv hosp,2026-10-03,54,quantile,0.025,1
2026-10-10,-1,wk inc rsv hosp,2026-10-03,54,quantile,0.05,1
2026-10-10,-1,wk inc rsv hosp,2026-10-03,54,quantile,0.1,1
2026-10-10,-1,wk inc rsv hosp,2026-10-03,54,quantile,0.15,1
2026-10-10,-1,wk inc rsv hosp,2026-10-03,54,quantile,0.2,1
2026-10-10,-1,wk inc rsv hosp,2026-10-03,54,quantile,0.25,1
2026-10-10,-1,wk inc rsv hosp,2026-10-03,54,quantile,0.3,1
2026-10-10,-1,wk inc rsv hosp,2026-10-03,54,quantile,0.35,1
2026-10-10,-1,wk inc rsv hosp,2026-10-03,54,quantile,0.4,1
2026-10-10,-1,wk inc rsv hosp,2026-10-03,54,quantile,0.45,1
2026-10-10,-1,wk inc rsv hosp,2026-10-03,54,quantile,0.5,1
2026-10-10,-1,wk inc rsv hosp,2026-10-03,54,quantile,0.55,1
2026-10-10,-1,wk inc rsv hosp,2026-10-03,54,quantile,0.6,1
2026-10-10,-1,wk inc rsv hosp,2026-10-03,54,quantile,0.65,1
2026-10-10,-1,wk inc rsv hosp,2026-10-03,54,quantile,0.7,1
2026-10-10,-1,wk inc rsv hosp,2026-10-03,54,quantile,0.75,1
2026-10-10,-1,wk inc rsv hosp,2026-10-03,54,quantile,0.8,1
2026-10-10,-1,wk inc rsv hosp,2026-10-03,54,quantile,0.85,1
2026-10-10,-1,wk inc rsv hosp,2026-10-03,54,quantile,0.9,1
2026-10-10,-1,wk inc rsv hosp,2026-10-03,54,quantile,0.95,1
2026-10-10,-1,wk inc rsv hosp,2026-10-03,54,quantile,0.975,1
2026-10-10,-1,wk inc rsv hosp,2026-10-03,54,quantile,0.99,1
2026-10-10,-1,wk inc rsv hosp,2026-10-03,55,quantile,0.01,4
2026-10-10,-1,wk inc rsv hosp,2026-10-03,55,quantile,0.025,4
2026-10-10,-1,wk inc rsv hosp,2026-10-03,55,quantile,0.05,4
2026-10-10,-1,wk inc rsv hosp,2026-10-03,55,quantile,0.1,4
2026-10-10,-1,wk inc rsv hosp,2026-10-03,55,quantile,0.15,4
2026-10-10,-1,wk inc rsv hosp,2026-10-03,55,quantile,0.2,4
2026-10-10,-1,wk inc rsv hosp,2026-10-03,55,quantile,0.25,4
2026-10-10,-1,wk inc rsv hosp,2026-10-03,55,quantile,0.3,4
2026-10-10,-1,wk inc rsv hosp,2026-10-03,55,quantile,0.35,4
2026-10-10,-1,wk inc rsv hosp,2026-10-03,55,quantile,0.4,4
2026-10-10,-1,wk inc rsv hosp,2026-10-03,55,quantile,0.45,4
2026-10-10,-1,wk inc rsv hosp,2026-10-03,55,quantile,0.5,4
2026-10-10,-1,wk inc rsv hosp,2026-10-03,55,quantile,0.55,4
2026-10-10,-1,wk inc rsv hosp,2026-10-03,55,quantile,0.6,4
2026-10-10,-1,wk inc rsv hosp,2026-10-03,55,quantile,0.65,4
2026-10-10,-1,wk inc rsv hosp,2026-10-03,55,quantile,0.7,4
2026-10-10,-1,wk inc rsv hosp,2026-10-03,55,quantile,0.75,4
2026-10-10,-1,wk inc rsv hosp,2026-10-03,55,quantile,0.8,4
2026-10-10,-1,wk inc rsv hosp,2026-10-03,55,quantile,0.85,4
2026-10-10,-1,wk inc rsv hosp,2026-10-03,55,quantile,0.9,4
2026-10-10,-1,wk inc rsv hosp,2026-10-03,55,quantile,0.95,4
2026-10-10,-1,wk inc rsv hosp,2026-10-03,55,quantile,0.975,4
2026-10-10,-1,wk inc rsv hosp,2026-10-03,55,quantile,0.99,4
2026-10-10,-1,wk inc rsv hosp,2026-10-03,56,quantile,0.01,0
2026-10-10,-1,wk inc rsv hosp,2026-10-03,56,quantile,0.025,0
2026-10-10,-1,wk inc rsv hosp,2026-10-03,56,quantile,0.05,0
2026-10-10,-1,wk inc rsv hosp,2026-10-03,56,quantile,0.1,0
2026-10-10,-1,wk inc rsv hosp,2026-10-03,56,quantile,0.15,0
2026-10-10,-1,wk inc rsv hosp,2026-10-03,56,quantile,0.2,0
2026-10-10,-1,wk inc rsv hosp,2026-10-03,56,quantile,0.25,0
2026-10-10,-1,wk inc rsv hosp,2026-10-03,56,quantile,0.3,0
2026-10-10,-1,wk inc rsv hosp,2026-10-03,56,quantile,0.35,0
2026-10-10,-1,wk inc rsv hosp,2026-10-03,56,quantile,0.4,0
2026-10-10,-1,wk inc rsv hosp,2026-10-03,56,quantile,0.45,0
2026-10-10,-1,wk inc rsv hosp,2026-10-03,56,quantile,0.5,0
2026-10-10,-1,wk inc rsv hosp,2026-10-03,56,quantile,0.55,0
2026-10-10,-1,wk inc rsv hosp,2026-10-03,56,quantile,0.6,0
2026-10-10,-1,wk inc rsv hosp,2026-10-03,56,quantile,0.65,0
2026-10-10,-1,wk inc rsv hosp,2026-10-03,56,quantile,0.7,0
2026-10-10,-1,wk inc rsv hosp,2026-10-03,56,quantile,0.75,0
2026-10-10,-1,wk inc rsv hosp,2026-10-03,56,quantile,0.8,0
2026-10-10,-1,wk inc rsv hosp,2026-10-03,56,quantile,0.85,0
2026-10-10,-1,wk inc rsv hosp,2026-10-03,56,quantile,0.9,0
2026-10-10,-1,wk inc rsv hosp,2026-10-03,56,quantile,0.95,0
2026-10-10,-1,wk inc rsv hosp,2026-10-03,56,quantile,0.975,0
2026-10-10,-1,wk inc rsv hosp,2026-10-03,56,quantile,0.99,0
2026-10-10,-1,wk inc rsv hosp,2026-10-03,72,quantile,0.01,8
2026-10-10,-1,wk inc rsv hosp,2026-10-03,72,quantile,0.025,8
2026-10-10,-1,wk inc rsv hosp,2026-10-03,72,quantile,0.05,8
2026-10-10,-1,wk inc rsv hosp,2026-10-03,72,quantile,0.1,8
2026-10-10,-1,wk inc rsv hosp,2026-10-03,72,quantile,0.15,8
2026-10-10,-1,wk inc rsv hosp,2026-10-03,72,quantile,0.2,8
2026-10-10,-1,wk inc rsv hosp,2026-10-03,72,quantile,0.25,8
2026-10-10,-1,wk inc rsv hosp,2026-10-03,72,quantile,0.3,8
2026-10-10,-1,wk inc rsv hosp,2026-10-03,72,quantile,0.35,8
2026-10-10,-1,wk inc rsv hosp,2026-10-03,72,quantile,0.4,8
2026-10-10,-1,wk inc rsv hosp,2026-10-03,72,quantile,0.45,8
2026-10-10,-1,wk inc rsv hosp,2026-10-03,72,quantile,0.5,8
2026-10-10,-1,wk inc rsv hosp,2026-10-03,72,quantile,0.55,8
2026-10-10,-1,wk inc rsv hosp,2026-10-03,72,quantile,0.6,8
2026-10-10,-1,wk inc rsv hosp,2026-10-03,72,quantile,0.65,8
2026-10-10,-1,wk inc rsv hosp,2026-10-03,72,quantile,0.7,8
2026-10-10,-1,wk inc rsv hosp,2026-10-03,72,quantile,0.75,8
2026-10-10,-1,wk inc rsv hosp,2026-10-03,72,quantile,0.8,8
2026-10-10,-1,wk inc rsv hosp,2026-10-03,72,quantile,0.85,8
2026-10-10,-1,wk inc rsv hosp,2026-10-03,72,quantile,0.9,8
2026-10-10,-1,wk inc rsv hosp,2026-10-03,72,quantile,0.95,8
2026-10-10,-1,wk inc rsv hosp,2026-10-03,72,quantile,0.975,8
2026-10-10,-1,wk inc rsv hosp,2026-10-03,72,quantile,0.99,8
2026-10-10,-1,wk inc rsv hosp,2026-10-03,US,quantile,0.01,531
2026-10-10,-1,wk inc rsv hosp,2026-10-03,US,quantile,0.025,531
2026-10-10,-1,wk inc rsv hosp,2026-10-03,US,quantile,0.05,531
2026-10-10,-1,wk inc rsv hosp,2026-10-03,US,quantile,0.1,531
2026-10-10,-1,wk inc rsv hosp,2026-10-03,US,quantile,0.15,531
2026-10-10,-1,wk inc rsv hosp,2026-10-03,US,quantile,0.2,531
2026-10-10,-1,wk inc rsv hosp,2026-10-03,US,quantile,0.25,531
2026-10-10,-1,wk inc rsv hosp,2026-10-03,US,quantile,0.3,531
2026-10-10,-1,wk inc rsv hosp,2026-10-03,US,quantile,0.35,531
2026-10-10,-1,wk inc rsv hosp,2026-10-03,US,quantile,0.4,531
2026-10-10,-1,wk inc rsv hosp,2026-10-03,US,quantile,0.45,531
2026-10-10,-1,wk inc rsv hosp,2026-10-03,US,quantile,0.5,531
2026-10-10,-1,wk inc rsv hosp,2026-10-03,US,quantile,0.55,531
2026-10-10,-1,wk inc rsv hosp,2026-10-03,US,quantile,0.6,531
2026-10-10,-1,wk inc rsv hosp,2026-10-03,US,quantile,0.65,531
2026-10-10,-1,wk inc rsv hosp,2026-10-03,US,quantile,0.7,531
2026-10-10,-1,wk inc rsv hosp,2026-10-03,US,quantile,0.75,531
2026-10-10,-1,wk inc rsv hosp,2026-10-03,US,quantile,0.8,531
2026-10-10,-1,wk inc rsv hosp,2026-10-03,US,quantile,0.85,531
2026-10-10,-1,wk inc rsv hosp,2026-10-03,US,quantile,0.9,531
2026-10-10,-1,wk inc rsv hosp,2026-10-03,US,quantile,0.95,531
2026-10-10,-1,wk inc rsv hosp,2026-10-03,US,quantile,0.975,531
2026-10-10,-1,wk inc rsv hosp,2026-10-03,US,quantile,0.99,531
2026-10-10,0,wk inc rsv hosp,2026-10-10,01,quantile,0.01,0
2026-10-10,0,wk inc rsv hosp,2026-10-10,01,quantile,0.025,0
2026-10-10,0,wk inc rsv hosp,2026-10-10,01,quantile,0.05,0
2026-10-10,0,wk inc rsv hosp,2026-10-10,01,quantile,0.1,2
2026-10-10,0,wk inc rsv hosp,2026-10-10,01,quantile,0.15,4.649999999999996
2026-10-10,0,wk inc rsv hosp,2026-10-10,01,quantile,0.2,6
2026-10-10,0,wk inc rsv hosp,2026-10-10,01,quantile,0.25,7
2026-10-10,0,wk inc rsv hosp,2026-10-10,01,quantile,0.3,9
2026-10-10,0,wk inc rsv hosp,2026-10-10,01,quantile,0.35,10
2026-10-10,0,wk inc rsv hosp,2026-10-10,01,quantile,0.4,11
2026-10-10,0,wk inc rsv hosp,2026-10-10,01,quantile,0.45,11
2026-10-10,0,wk inc rsv hosp,2026-10-10,01,quantile,0.5,11
2026-10-10,0,wk inc rsv hosp,2026-10-10,01,quantile,0.55,11
2026-10-10,0,wk inc rsv hosp,2026-10-10,01,quantile,0.6,11
2026-10-10,0,wk inc rsv hosp,2026-10-10,01,quantile,0.65,12
2026-10-10,0,wk inc rsv hosp,2026-10-10,01,quantile,0.7,13
2026-10-10,0,wk inc rsv hosp,2026-10-10,01,quantile,0.75,15
2026-10-10,0,wk inc rsv hosp,2026-10-10,01,quantile,0.8,16
2026-10-10,0,wk inc rsv hosp,2026-10-10,01,quantile,0.85,17.34999999999998
2026-10-10,0,wk inc rsv hosp,2026-10-10,01,quantile,0.9,20
2026-10-10,0,wk inc rsv hosp,2026-10-10,01,quantile,0.95,28
2026-10-10,0,wk inc rsv hosp,2026-10-10,01,quantile,0.975,32.44999999999994
2026-10-10,0,wk inc rsv hosp,2026-10-10,01,quantile,0.99,49.47999999999962
2026-10-10,0,wk inc rsv hosp,2026-10-10,02,quantile,0.01,0
2026-10-10,0,wk inc rsv hosp,2026-10-10,02,quantile,0.025,0
2026-10-10,0,wk inc rsv hosp,2026-10-10,02,quantile,0.05,0
2026-10-10,0,wk inc rsv hosp,2026-10-10,02,quantile,0.1,0
2026-10-10,0,wk inc rsv hosp,2026-10-10,02,quantile,0.15,0
2026-10-10,0,wk inc rsv hosp,2026-10-10,02,quantile,0.2,1
2026-10-10,0,wk inc rsv hosp,2026-10-10,02,quantile,0.25,2
2026-10-10,0,wk inc rsv hosp,2026-10-10,02,quantile,0.3,2
2026-10-10,0,wk inc rsv hosp,2026-10-10,02,quantile,0.35,2
2026-10-10,0,wk inc rsv hosp,2026-10-10,02,quantile,0.4,3
2026-10-10,0,wk inc rsv hosp,2026-10-10,02,quantile,0.45,3
2026-10-10,0,wk inc rsv hosp,2026-10-10,02,quantile,0.5,3
2026-10-10,0,wk inc rsv hosp,2026-10-10,02,quantile,0.55,3
2026-10-10,0,wk inc rsv hosp,2026-10-10,02,quantile,0.6,3
2026-10-10,0,wk inc rsv hosp,2026-10-10,02,quantile,0.65,4
2026-10-10,0,wk inc rsv hosp,2026-10-10,02,quantile,0.7,4
2026-10-10,0,wk inc rsv hosp,2026-10-10,02,quantile,0.75,4
2026-10-10,0,wk inc rsv hosp,2026-10-10,02,quantile,0.8,5
2026-10-10,0,wk inc rsv hosp,2026-10-10,02,quantile,0.85,6
2026-10-10,0,wk inc rsv hosp,2026-10-10,02,quantile,0.9,8
2026-10-10,0,wk inc rsv hosp,2026-10-10,02,quantile,0.95,12
2026-10-10,0,wk inc rsv hosp,2026-10-10,02,quantile,0.975,15.22499999999999
2026-10-10,0,wk inc rsv hosp,2026-10-10,02,quantile,0.99,18.689999999999984
2026-10-10,0,wk inc rsv hosp,2026-10-10,04,quantile,0.01,0
2026-10-10,0,wk inc rsv hosp,2026-10-10,04,quantile,0.025,0
2026-10-10,0,wk inc rsv hosp,2026-10-10,04,quantile,0.05,0
2026-10-10,0,wk inc rsv hosp,2026-10-10,04,quantile,0.1,0
2026-10-10,0,wk inc rsv hosp,2026-10-10,04,quantile,0.15,0
2026-10-10,0,wk inc rsv hosp,2026-10-10,04,quantile,0.2,0
2026-10-10,0,wk inc rsv hosp,2026-10-10,04,quantile,0.25,0
2026-10-10,0,wk inc rsv hosp,2026-10-10,04,quantile,0.3,0
2026-10-10,0,wk inc rsv hosp,2026-10-10,04,quantile,0.35,1
2026-10-10,0,wk inc rsv hosp,2026-10-10,04,quantile,0.4,1
2026-10-10,0,wk inc rsv hosp,2026-10-10,04,quantile,0.45,2
2026-10-10,0,wk inc rsv hosp,2026-10-10,04,quantile,0.5,2
2026-10-10,0,wk inc rsv hosp,2026-10-10,04,quantile,0.55,2
2026-10-10,0,wk inc rsv hosp,2026-10-10,04,quantile,0.6,3
2026-10-10,0,wk inc rsv hosp,2026-10-10,04,quantile,0.65,3
2026-10-10,0,wk inc rsv hosp,2026-10-10,04,quantile,0.7,4
2026-10-10,0,wk inc rsv hosp,2026-10-10,04,quantile,0.75,5
2026-10-10,0,wk inc rsv hosp,2026-10-10,04,quantile,0.8,7
2026-10-10,0,wk inc rsv hosp,2026-10-10,04,quantile,0.85,10
2026-10-10,0,wk inc rsv hosp,2026-10-10,04,quantile,0.9,13
2026-10-10,0,wk inc rsv hosp,2026-10-10,04,quantile,0.95,28.749999999999783
2026-10-10,0,wk inc rsv hosp,2026-10-10,04,quantile,0.975,58.77499999999963
2026-10-10,0,wk inc rsv hosp,2026-10-10,04,quantile,0.99,89.20999999999988
2026-10-10,0,wk inc rsv hosp,2026-10-10,05,quantile,0.01,0
2026-10-10,0,wk inc rsv hosp,2026-10-10,05,quantile,0.025,0
2026-10-10,0,wk inc rsv hosp,2026-10-10,05,quantile,0.05,0
2026-10-10,0,wk inc rsv hosp,2026-10-10,05,quantile,0.1,0
2026-10-10,0,wk inc rsv hosp,2026-10-10,05,quantile,0.15,0
2026-10-10,0,wk inc rsv hosp,2026-10-10,05,quantile,0.2,0
2026-10-10,0,wk inc rsv hosp,2026-10-10,05,quantile,0.25,0
2026-10-10,0,wk inc rsv hosp,2026-10-10,05,quantile,0.3,0
2026-10-10,0,wk inc rsv hosp,2026-10-10,05,quantile,0.35,1
2026-10-10,0,wk inc rsv hosp,2026-10-10,05,quantile,0.4,1
2026-10-10,0,wk inc rsv hosp,2026-10-10,05,quantile,0.45,1
2026-10-10,0,wk inc rsv hosp,2026-10-10,05,quantile,0.5,1
2026-10-10,0,wk inc rsv hosp,2026-10-10,05,quantile,0.55,1
2026-10-10,0,wk inc rsv hosp,2026-10-10,05,quantile,0.6,1
2026-10-10,0,wk inc rsv hosp,2026-10-10,05,quantile,0.65,1
2026-10-10,0,wk inc rsv hosp,2026-10-10,05,quantile,0.7,2
2026-10-10,0,wk inc rsv hosp,2026-10-10,05,quantile,0.75,2.249999999999993
2026-10-10,0,wk inc rsv hosp,2026-10-10,05,quantile,0.8,3
2026-10-10,0,wk inc rsv hosp,2026-10-10,05,quantile,0.85,5
2026-10-10,0,wk inc rsv hosp,2026-10-10,05,quantile,0.9,7.499999999999994
2026-10-10,0,wk inc rsv hosp,2026-10-10,05,quantile,0.95,13.24999999999998
2026-10-10,0,wk inc rsv hosp,2026-10-10,05,quantile,0.975,19.624999999999993
2026-10-10,0,wk inc rsv hosp,2026-10-10,05,quantile,0.99,26
2026-10-10,0,wk inc rsv hosp,2026-10-10,06,quantile,0.01,0
2026-10-10,0,wk inc rsv hosp,2026-10-10,06,quantile,0.025,0
2026-10-10,0,wk inc rsv hosp,2026-10-10,06,quantile,0.05,0
2026-10-10,0,wk inc rsv hosp,2026-10-10,06,quantile,0.1,0
2026-10-10,0,wk inc rsv hosp,2026-10-10,06,quantile,0.15,4.549999999999993
2026-10-10,0,wk inc rsv hosp,2026-10-10,06,quantile,0.2,14.800000000000022
2026-10-10,0,wk inc rsv hosp,2026-10-10,06,quantile,0.25,18.25
2026-10-10,0,wk inc rsv hosp,2026-10-10,06,quantile,0.3,21
2026-10-10,0,wk inc rsv hosp,2026-10-10,06,quantile,0.35,23
2026-10-10,0,wk inc rsv hosp,2026-10-10,06,quantile,0.4,25
2026-10-10,0,wk inc rsv hosp,2026-10-10,06,quantile,0.45,26
2026-10-10,0,wk inc rsv hosp,2026-10-10,06,quantile,0.5,26
2026-10-10,0,wk inc rsv hosp,2026-10-10,06,quantile,0.55,26
2026-10-10,0,wk inc rsv hosp,2026-10-10,06,quantile,0.6,27
2026-10-10,0,wk inc rsv hosp,2026-10-10,06,quantile,0.65,29
2026-10-10,0,wk inc rsv hosp,2026-10-10,06,quantile,0.7,31
2026-10-10,0,wk inc rsv hosp,2026-10-10,06,quantile,0.75,33.75000000000001
2026-10-10,0,wk inc rsv hosp,2026-10-10,06,quantile,0.8,37.200000000000074
2026-10-10,0,wk inc rsv hosp,2026-10-10,06,quantile,0.85,47.44999999999999
2026-10-10,0,wk inc rsv hosp,2026-10-10,06,quantile,0.9,67
2026-10-10,0,wk inc rsv hosp,2026-10-10,06,quantile,0.95,89.29999999999993
2026-10-10,0,wk inc rsv hosp,2026-10-10,06,quantile,0.975,119.72499999999994
2026-10-10,0,wk inc rsv hosp,2026-10-10,06,quantile,0.99,157.05999999999997
2026-10-10,0,wk inc rsv hosp,2026-10-10,08,quantile,0.01,0
2026-10-10,0,wk inc rsv hosp,2026-10-10,08,quantile,0.025,0
2026-10-10,0,wk inc rsv hosp,2026-10-10,08,quantile,0.05,0
2026-10-10,0,wk inc rsv hosp,2026-10-10,08,quantile,0.1,0
2026-10-10,0,wk inc rsv hosp,2026-10-10,08,quantile,0.15,0
2026-10-10,0,wk inc rsv hosp,2026-10-10,08,quantile,0.2,0
2026-10-10,0,wk inc rsv hosp,2026-10-10,08,quantile,0.25,1
2026-10-10,0,wk inc rsv hosp,2026-10-10,08,quantile,0.3,1
2026-10-10,0,wk inc rsv hosp,2026-10-10,08,quantile,0.35,1.249999999999982
2026-10-10,0,wk inc rsv hosp,2026-10-10,08,quantile,0.4,2
2026-10-10,0,wk inc rsv hosp,2026-10-10,08,quantile,0.45,2
2026-10-10,0,wk inc rsv hosp,2026-10-10,08,quantile,0.5,2
2026-10-10,0,wk inc rsv hosp,2026-10-10,08,quantile,0.55,2
2026-10-10,0,wk inc rsv hosp,2026-10-10,08,quantile,0.6,2
2026-10-10,0,wk inc rsv hosp,2026-10-10,08,quantile,0.65,2.750000000000013
2026-10-10,0,wk inc rsv hosp,2026-10-10,08,quantile,0.7,3
2026-10-10,0,wk inc rsv hosp,2026-10-10,08,quantile,0.75,3
2026-10-10,0,wk inc rsv hosp,2026-10-10,08,quantile,0.8,4
2026-10-10,0,wk inc rsv hosp,2026-10-10,08,quantile,0.85,8
2026-10-10,0,wk inc rsv hosp,2026-10-10,08,quantile,0.9,18
2026-10-10,0,wk inc rsv hosp,2026-10-10,08,quantile,0.95,32.24999999999998
2026-10-10,0,wk inc rsv hosp,2026-10-10,08,quantile,0.975,44.62499999999999
2026-10-10,0,wk inc rsv hosp,2026-10-10,08,quantile,0.99,63.1
2026-10-10,0,wk inc rsv hosp,2026-10-10,09,quantile,0.01,0
2026-10-10,0,wk inc rsv hosp,2026-10-10,09,quantile,0.025,0
2026-10-10,0,wk inc rsv hosp,2026-10-10,09,quantile,0.05,0
2026-10-10,0,wk inc rsv hosp,2026-10-10,09,quantile,0.1,0
2026-10-10,0,wk inc rsv hosp,2026-10-10,09,quantile,0.15,0
2026-10-10,0,wk inc rsv hosp,2026-10-10,09,quantile,0.2,0
2026-10-10,0,wk inc rsv hosp,2026-10-10,09,quantile,0.25,0
2026-10-10,0,wk inc rsv hosp,2026-10-10,09,quantile,0.3,0
2026-10-10,0,wk inc rsv hosp,2026-10-10,09,quantile,0.35,1
2026-10-10,0,wk inc rsv hosp,2026-10-10,09,quantile,0.4,1
2026-10-10,0,wk inc rsv hosp,2026-10-10,09,quantile,0.45,1
2026-10-10,0,wk inc rsv hosp,2026-10-10,09,quantile,0.5,1
2026-10-10,0,wk inc rsv hosp,2026-10-10,09,quantile,0.55,1
2026-10-10,0,wk inc rsv hosp,2026-10-10,09,quantile,0.6,1
2026-10-10,0,wk inc rsv hosp,2026-10-10,09,quantile,0.65,1
2026-10-10,0,wk inc rsv hosp,2026-10-10,09,quantile,0.7,2
2026-10-10,0,wk inc rsv hosp,2026-10-10,09,quantile,0.75,2.250000000000007
2026-10-10,0,wk inc rsv hosp,2026-10-10,09,quantile,0.8,4
2026-10-10,0,wk inc rsv hosp,2026-10-10,09,quantile,0.85,6
2026-10-10,0,wk inc rsv hosp,2026-10-10,09,quantile,0.9,9
2026-10-10,0,wk inc rsv hosp,2026-10-10,09,quantile,0.95,16
2026-10-10,0,wk inc rsv hosp,2026-10-10,09,quantile,0.975,28.79999999999968
2026-10-10,0,wk inc rsv hosp,2026-10-10,09,quantile,0.99,46.269999999999925
2026-10-10,0,wk inc rsv hosp,2026-10-10,10,quantile,0.01,0
2026-10-10,0,wk inc rsv hosp,2026-10-10,10,quantile,0.025,0
2026-10-10,0,wk inc rsv hosp,2026-10-10,10,quantile,0.05,0
2026-10-10,0,wk inc rsv hosp,2026-10-10,10,quantile,0.1,2.500000000000007
2026-10-10,0,wk inc rsv hosp,2026-10-10,10,quantile,0.15,5
2026-10-10,0,wk inc rsv hosp,2026-10-10,10,quantile,0.2,6
2026-10-10,0,wk inc rsv hosp,2026-10-10,10,quantile,0.25,7
2026-10-10,0,wk inc rsv hosp,2026-10-10,10,quantile,0.3,7
2026-10-10,0,wk inc rsv hosp,2026-10-10,10,quantile,0.35,8
2026-10-10,0,wk inc rsv hosp,2026-10-10,10,quantile,0.4,8
2026-10-10,0,wk inc rsv hosp,2026-10-10,10,quantile,0.45,8
2026-10-10,0,wk inc rsv hosp,2026-10-10,10,quantile,0.5,8
2026-10-10,0,wk inc rsv hosp,2026-10-10,10,quantile,0.55,8
2026-10-10,0,wk inc rsv hosp,2026-10-10,10,quantile,0.6,8
2026-10-10,0,wk inc rsv hosp,2026-10-10,10,quantile,0.65,8
2026-10-10,0,wk inc rsv hosp,2026-10-10,10,quantile,0.7,9
2026-10-10,0,wk inc rsv hosp,2026-10-10,10,quantile,0.75,9
2026-10-10,0,wk inc rsv hosp,2026-10-10,10,quantile,0.8,10
2026-10-10,0,wk inc rsv hosp,2026-10-10,10,quantile,0.85,11
2026-10-10,0,wk inc rsv hosp,2026-10-10,10,quantile,0.9,13.499999999999995
2026-10-10,0,wk inc rsv hosp,2026-10-10,10,quantile,0.95,18.249999999999982
2026-10-10,0,wk inc rsv hosp,2026-10-10,10,quantile,0.975,25.624999999999993
2026-10-10,0,wk inc rsv hosp,2026-10-10,10,quantile,0.99,33.39999999999999
2026-10-10,0,wk inc rsv hosp,2026-10-10,11,quantile,0.01,0
2026-10-10,0,wk inc rsv hosp,2026-10-10,11,quantile,0.025,0
2026-10-10,0,wk inc rsv hosp,2026-10-10,11,quantile,0.05,0
2026-10-10,0,wk inc rsv hosp,2026-10-10,11,quantile,0.1,0
2026-10-10,0,wk inc rsv hosp,2026-10-10,11,quantile,0.15,0
2026-10-10,0,wk inc rsv hosp,2026-10-10,11,quantile,0.2,0
2026-10-10,0,wk inc rsv hosp,2026-10-10,11,quantile,0.25,0
2026-10-10,0,wk inc rsv hosp,2026-10-10,11,quantile,0.3,0
2026-10-10,0,wk inc rsv hosp,2026-10-10,11,quantile,0.35,0
2026-10-10,0,wk inc rsv hosp,2026-10-10,11,quantile,0.4,0
2026-10-10,0,wk inc rsv hosp,2026-10-10,11,quantile,0.45,0
2026-10-10,0,wk inc rsv hosp,2026-10-10,11,quantile,0.5,0
2026-10-10,0,wk inc rsv hosp,2026-10-10,11,quantile,0.55,0
2026-10-10,0,wk inc rsv hosp,2026-10-10,11,quantile,0.6,0
2026-10-10,0,wk inc rsv hosp,2026-10-10,11,quantile,0.65,0
2026-10-10,0,wk inc rsv hosp,2026-10-10,11,quantile,0.7,0
2026-10-10,0,wk inc rsv hosp,2026-10-10,11,quantile,0.75,1
2026-10-10,0,wk inc rsv hosp,2026-10-10,11,quantile,0.8,1
2026-10-10,0,wk inc rsv hosp,2026-10-10,11,quantile,0.85,2
2026-10-10,0,wk inc rsv hosp,2026-10-10,11,quantile,0.9,3
2026-10-10,0,wk inc rsv hosp,2026-10-10,11,quantile,0.95,5
2026-10-10,0,wk inc rsv hosp,2026-10-10,11,quantile,0.975,8.049999999999958
2026-10-10,0,wk inc rsv hosp,2026-10-10,11,quantile,0.99,14.429999999999906
2026-10-10,0,wk inc rsv hosp,2026-10-10,12,quantile,0.01,60.550000000000004
2026-10-10,0,wk inc rsv hosp,2026-10-10,12,quantile,0.025,80.125
2026-10-10,0,wk inc rsv hosp,2026-10-10,12,quantile,0.05,90.75
2026-10-10,0,wk inc rsv hosp,2026-10-10,12,quantile,0.1,125.5
2026-10-10,0,wk inc rsv hosp,2026-10-10,12,quantile,0.15,141.25
2026-10-10,0,wk inc rsv hosp,2026-10-10,12,quantile,0.2,148.99905599055992
2026-10-10,0,wk inc rsv hosp,2026-10-10,12,quantile,0.25,151.75
2026-10-10,0,wk inc rsv hosp,2026-10-10,12,quantile,0.3,157.5
2026-10-10,0,wk inc rsv hosp,2026-10-10,12,quantile,0.35,162
2026-10-10,0,wk inc rsv hosp,2026-10-10,12,quantile,0.4,163
2026-10-10,0,wk inc rsv hosp,2026-10-10,12,quantile,0.45,163
2026-10-10,0,wk inc rsv hosp,2026-10-10,12,quantile,0.5,163
2026-10-10,0,wk inc rsv hosp,2026-10-10,12,quantile,0.55,163
2026-10-10,0,wk inc rsv hosp,2026-10-10,12,quantile,0.6,163
2026-10-10,0,wk inc rsv hosp,2026-10-10,12,quantile,0.65,164
2026-10-10,0,wk inc rsv hosp,2026-10-10,12,quantile,0.7,168.49999999999994
2026-10-10,0,wk inc rsv hosp,2026-10-10,12,quantile,0.75,174.25
2026-10-10,0,wk inc rsv hosp,2026-10-10,12,quantile,0.8,177.00094400944016
2026-10-10,0,wk inc rsv hosp,2026-10-10,12,quantile,0.85,184.75
2026-10-10,0,wk inc rsv hosp,2026-10-10,12,quantile,0.9,200.5
2026-10-10,0,wk inc rsv hosp,2026-10-10,12,quantile,0.95,235.24999999999997
2026-10-10,0,wk inc rsv hosp,2026-10-10,12,quantile,0.975,245.87499999999997
2026-10-10,0,wk inc rsv hosp,2026-10-10,12,quantile,0.99,265.45
2026-10-10,0,wk inc rsv hosp,2026-10-10,13,quantile,0.01,0
2026-10-10,0,wk inc rsv hosp,2026-10-10,13,quantile,0.025,0
2026-10-10,0,wk inc rsv hosp,2026-10-10,13,quantile,0.05,0
2026-10-10,0,wk inc rsv hosp,2026-10-10,13,quantile,0.1,14.500000000000007
2026-10-10,0,wk inc rsv hosp,2026-10-10,13,quantile,0.15,19
2026-10-10,0,wk inc rsv hosp,2026-10-10,13,quantile,0.2,21.000472004720052
2026-10-10,0,wk inc rsv hosp,2026-10-10,13,quantile,0.25,24
2026-10-10,0,wk inc rsv hosp,2026-10-10,13,quantile,0.3,25
2026-10-10,0,wk inc rsv hosp,2026-10-10,13,quantile,0.35,26
2026-10-10,0,wk inc rsv hosp,2026-10-10,13,quantile,0.4,27
2026-10-10,0,wk inc rsv hosp,2026-10-10,13,quantile,0.45,27
2026-10-10,0,wk inc rsv hosp,2026-10-10,13,quantile,0.5,27
2026-10-10,0,wk inc rsv hosp,2026-10-10,13,quantile,0.55,27
2026-10-10,0,wk inc rsv hosp,2026-10-10,13,quantile,0.6,27
2026-10-10,0,wk inc rsv hosp,2026-10-10,13,quantile,0.65,28
2026-10-10,0,wk inc rsv hosp,2026-10-10,13,quantile,0.7,29
2026-10-10,0,wk inc rsv hosp,2026-10-10,13,quantile,0.75,30
2026-10-10,0,wk inc rsv hosp,2026-10-10,13,quantile,0.8,32.99952799527995
2026-10-10,0,wk inc rsv hosp,2026-10-10,13,quantile,0.85,35
2026-10-10,0,wk inc rsv hosp,2026-10-10,13,quantile,0.9,39.49999999999999
2026-10-10,0,wk inc rsv hosp,2026-10-10,13,quantile,0.95,60
2026-10-10,0,wk inc rsv hosp,2026-10-10,13,quantile,0.975,81.62499999999999
2026-10-10,0,wk inc rsv hosp,2026-10-10,13,quantile,0.99,121.54999999999998
2026-10-10,0,wk inc rsv hosp,2026-10-10,15,quantile,0.01,0
2026-10-10,0,wk inc rsv hosp,2026-10-10,15,quantile,0.025,0
2026-10-10,0,wk inc rsv hosp,2026-10-10,15,quantile,0.05,0
2026-10-10,0,wk inc rsv hosp,2026-10-10,15,quantile,0.1,1
2026-10-10,0,wk inc rsv hosp,2026-10-10,15,quantile,0.15,3
2026-10-10,0,wk inc rsv hosp,2026-10-10,15,quantile,0.2,4
2026-10-10,0,wk inc rsv hosp,2026-10-10,15,quantile,0.25,5
2026-10-10,0,wk inc rsv hosp,2026-10-10,15,quantile,0.3,6
2026-10-10,0,wk inc rsv hosp,2026-10-10,15,quantile,0.35,6
2026-10-10,0,wk inc rsv hosp,2026-10-10,15,quantile,0.4,7
2026-10-10,0,wk inc rsv hosp,2026-10-10,15,quantile,0.45,7
2026-10-10,0,wk inc rsv hosp,2026-10-10,15,quantile,0.5,7
2026-10-10,0,wk inc rsv hosp,2026-10-10,15,quantile,0.55,7
2026-10-10,0,wk inc rsv hosp,2026-10-10,15,quantile,0.6,7
2026-10-10,0,wk inc rsv hosp,2026-10-10,15,quantile,0.65,8
2026-10-10,0,wk inc rsv hosp,2026-10-10,15,quantile,0.7,8
2026-10-10,0,wk inc rsv hosp,2026-10-10,15,quantile,0.75,9
2026-10-10,0,wk inc rsv hosp,2026-10-10,15,quantile,0.8,10
2026-10-10,0,wk inc rsv hosp,2026-10-10,15,quantile,0.85,11
2026-10-10,0,wk inc rsv hosp,2026-10-10,15,quantile,0.9,13
2026-10-10,0,wk inc rsv hosp,2026-10-10,15,quantile,0.95,15
2026-10-10,0,wk inc rsv hosp,2026-10-10,15,quantile,0.975,17.324999999999996
2026-10-10,0,wk inc rsv hosp,2026-10-10,15,quantile,0.99,22.330000000000002
2026-10-10,0,wk inc rsv hosp,2026-10-10,16,quantile,0.01,0
2026-10-10,0,wk inc rsv hosp,2026-10-10,16,quantile,0.025,0
2026-10-10,0,wk inc rsv hosp,2026-10-10,16,quantile,0.05,0
2026-10-10,0,wk inc rsv hosp,2026-10-10,16,quantile,0.1,0
2026-10-10,0,wk inc rsv hosp,2026-10-10,16,quantile,0.15,0
2026-10-10,0,wk inc rsv hosp,2026-10-10,16,quantile,0.2,0
2026-10-10,0,wk inc rsv hosp,2026-10-10,16,quantile,0.25,0
2026-10-10,0,wk inc rsv hosp,2026-10-10,16,quantile,0.3,0
2026-10-10,0,wk inc rsv hosp,2026-10-10,16,quantile,0.35,1
2026-10-10,0,wk inc rsv hosp,2026-10-10,16,quantile,0.4,1
2026-10-10,0,wk inc rsv hosp,2026-10-10,16,quantile,0.45,1
2026-10-10,0,wk inc rsv hosp,2026-10-10,16,quantile,0.5,1
2026-10-10,0,wk inc rsv hosp,2026-10-10,16,quantile,0.55,1
2026-10-10,0,wk inc rsv hosp,2026-10-10,16,quantile,0.6,1
2026-10-10,0,wk inc rsv hosp,2026-10-10,16,quantile,0.65,1
2026-10-10,0,wk inc rsv hosp,2026-10-10,16,quantile,0.7,2
2026-10-10,0,wk inc rsv hosp,2026-10-10,16,quantile,0.75,2
2026-10-10,0,wk inc rsv hosp,2026-10-10,16,quantile,0.8,3
2026-10-10,0,wk inc rsv hosp,2026-10-10,16,quantile,0.85,4.649999999999996
2026-10-10,0,wk inc rsv hosp,2026-10-10,16,quantile,0.9,7
2026-10-10,0,wk inc rsv hosp,2026-10-10,16,quantile,0.95,12.099999999999925
2026-10-10,0,wk inc rsv hosp,2026-10-10,16,quantile,0.975,17
2026-10-10,0,wk inc rsv hosp,2026-10-10,16,quantile,0.99,21.239999999999938
2026-10-10,0,wk inc rsv hosp,2026-10-10,17,quantile,0.01,0
2026-10-10,0,wk inc rsv hosp,2026-10-10,17,quantile,0.025,0
2026-10-10,0,wk inc rsv hosp,2026-10-10,17,quantile,0.05,0
2026-10-10,0,wk inc rsv hosp,2026-10-10,17,quantile,0.1,0
2026-10-10,0,wk inc rsv hosp,2026-10-10,17,quantile,0.15,0
2026-10-10,0,wk inc rsv hosp,2026-10-10,17,quantile,0.2,1.999527995279959
2026-10-10,0,wk inc rsv hosp,2026-10-10,17,quantile,0.25,4
2026-10-10,0,wk inc rsv hosp,2026-10-10,17,quantile,0.3,5
2026-10-10,0,wk inc rsv hosp,2026-10-10,17,quantile,0.35,6
2026-10-10,0,wk inc rsv hosp,2026-10-10,17,quantile,0.4,7
2026-10-10,0,wk inc rsv hosp,2026-10-10,17,quantile,0.45,8
2026-10-10,0,wk inc rsv hosp,2026-10-10,17,quantile,0.5,8
2026-10-10,0,wk inc rsv hosp,2026-10-10,17,quantile,0.55,8
2026-10-10,0,wk inc rsv hosp,2026-10-10,17,quantile,0.6,9
2026-10-10,0,wk inc rsv hosp,2026-10-10,17,quantile,0.65,10
2026-10-10,0,wk inc rsv hosp,2026-10-10,17,quantile,0.7,11
2026-10-10,0,wk inc rsv hosp,2026-10-10,17,quantile,0.75,12
2026-10-10,0,wk inc rsv hosp,2026-10-10,17,quantile,0.8,14.00047200472008
2026-10-10,0,wk inc rsv hosp,2026-10-10,17,quantile,0.85,22.75
2026-10-10,0,wk inc rsv hosp,2026-10-10,17,quantile,0.9,36.499999999999986
2026-10-10,0,wk inc rsv hosp,2026-10-10,17,quantile,0.95,62.74999999999986
2026-10-10,0,wk inc rsv hosp,2026-10-10,17,quantile,0.975,87.37499999999993
2026-10-10,0,wk inc rsv hosp,2026-10-10,17,quantile,0.99,123.4
2026-10-10,0,wk inc rsv hosp,2026-10-10,18,quantile,0.01,0
2026-10-10,0,wk inc rsv hosp,2026-10-10,18,quantile,0.025,0
2026-10-10,0,wk inc rsv hosp,2026-10-10,18,quantile,0.05,0
2026-10-10,0,wk inc rsv hosp,2026-10-10,18,quantile,0.1,0
2026-10-10,0,wk inc rsv hosp,2026-10-10,18,quantile,0.15,0
2026-10-10,0,wk inc rsv hosp,2026-10-10,18,quantile,0.2,0
2026-10-10,0,wk inc rsv hosp,2026-10-10,18,quantile,0.25,0
2026-10-10,0,wk inc rsv hosp,2026-10-10,18,quantile,0.3,1
2026-10-10,0,wk inc rsv hosp,2026-10-10,18,quantile,0.35,1
2026-10-10,0,wk inc rsv hosp,2026-10-10,18,quantile,0.4,2
2026-10-10,0,wk inc rsv hosp,2026-10-10,18,quantile,0.45,2
2026-10-10,0,wk inc rsv hosp,2026-10-10,18,quantile,0.5,2
2026-10-10,0,wk inc rsv hosp,2026-10-10,18,quantile,0.55,2
2026-10-10,0,wk inc rsv hosp,2026-10-10,18,quantile,0.6,2
2026-10-10,0,wk inc rsv hosp,2026-10-10,18,quantile,0.65,3
2026-10-10,0,wk inc rsv hosp,2026-10-10,18,quantile,0.7,3
2026-10-10,0,wk inc rsv hosp,2026-10-10,18,quantile,0.75,4
2026-10-10,0,wk inc rsv hosp,2026-10-10,18,quantile,0.8,6
2026-10-10,0,wk inc rsv hosp,2026-10-10,18,quantile,0.85,10
2026-10-10,0,wk inc rsv hosp,2026-10-10,18,quantile,0.9,15
2026-10-10,0,wk inc rsv hosp,2026-10-10,18,quantile,0.95,30.99999999999992
2026-10-10,0,wk inc rsv hosp,2026-10-10,18,quantile,0.975,50.12499999999996
2026-10-10,0,wk inc rsv hosp,2026-10-10,18,quantile,0.99,72.04999999999998
2026-10-10,0,wk inc rsv hosp,2026-10-10,19,quantile,0.01,0
2026-10-10,0,wk inc rsv hosp,2026-10-10,19,quantile,0.025,0
2026-10-10,0,wk inc rsv hosp,2026-10-10,19,quantile,0.05,0
2026-10-10,0,wk inc rsv hosp,2026-10-10,19,quantile,0.1,0
2026-10-10,0,wk inc rsv hosp,2026-10-10,19,quantile,0.15,0
2026-10-10,0,wk inc rsv hosp,2026-10-10,19,quantile,0.2,0
2026-10-10,0,wk inc rsv hosp,2026-10-10,19,quantile,0.25,0
2026-10-10,0,wk inc rsv hosp,2026-10-10,19,quantile,0.3,0
2026-10-10,0,wk inc rsv hosp,2026-10-10,19,quantile,0.35,0
2026-10-10,0,wk inc rsv hosp,2026-10-10,19,quantile,0.4,0
2026-10-10,0,wk inc rsv hosp,2026-10-10,19,quantile,0.45,0
2026-10-10,0,wk inc rsv hosp,2026-10-10,19,quantile,0.5,0
2026-10-10,0,wk inc rsv hosp,2026-10-10,19,quantile,0.55,0
2026-10-10,0,wk inc rsv hosp,2026-10-10,19,quantile,0.6,0
2026-10-10,0,wk inc rsv hosp,2026-10-10,19,quantile,0.65,1
2026-10-10,0,wk inc rsv hosp,2026-10-10,19,quantile,0.7,1
2026-10-10,0,wk inc rsv hosp,2026-10-10,19,quantile,0.75,1
2026-10-10,0,wk inc rsv hosp,2026-10-10,19,quantile,0.8,2
2026-10-10,0,wk inc rsv hosp,2026-10-10,19,quantile,0.85,4
2026-10-10,0,wk inc rsv hosp,2026-10-10,19,quantile,0.9,9.999999999999988
2026-10-10,0,wk inc rsv hosp,2026-10-10,19,quantile,0.95,18.49999999999996
2026-10-10,0,wk inc rsv hosp,2026-10-10,19,quantile,0.975,29
2026-10-10,0,wk inc rsv hosp,2026-10-10,19,quantile,0.99,84.05
2026-10-10,0,wk inc rsv hosp,2026-10-10,20,quantile,0.01,0
2026-10-10,0,wk inc rsv hosp,2026-10-10,20,quantile,0.025,0
2026-10-10,0,wk inc rsv hosp,2026-10-10,20,quantile,0.05,0
2026-10-10,0,wk inc rsv hosp,2026-10-10,20,quantile,0.1,0
2026-10-10,0,wk inc rsv hosp,2026-10-10,20,quantile,0.15,0
2026-10-10,0,wk inc rsv hosp,2026-10-10,20,quantile,0.2,0
2026-10-10,0,wk inc rsv hosp,2026-10-10,20,quantile,0.25,0
2026-10-10,0,wk inc rsv hosp,2026-10-10,20,quantile,0.3,0
2026-10-10,0,wk inc rsv hosp,2026-10-10,20,quantile,0.35,0
2026-10-10,0,wk inc rsv hosp,2026-10-10,20,quantile,0.4,0
2026-10-10,0,wk inc rsv hosp,2026-10-10,20,quantile,0.45,0
2026-10-10,0,wk inc rsv hosp,2026-10-10,20,quantile,0.5,0
2026-10-10,0,wk inc rsv hosp,2026-10-10,20,quantile,0.55,0
2026-10-10,0,wk inc rsv hosp,2026-10-10,20,quantile,0.6,0
2026-10-10,0,wk inc rsv hosp,2026-10-10,20,quantile,0.65,1
2026-10-10,0,wk inc rsv hosp,2026-10-10,20,quantile,0.7,1
2026-10-10,0,wk inc rsv hosp,2026-10-10,20,quantile,0.75,2
2026-10-10,0,wk inc rsv hosp,2026-10-10,20,quantile,0.8,2
2026-10-10,0,wk inc rsv hosp,2026-10-10,20,quantile,0.85,4.750000000000002
2026-10-10,0,wk inc rsv hosp,2026-10-10,20,quantile,0.9,7
2026-10-10,0,wk inc rsv hosp,2026-10-10,20,quantile,0.95,14
2026-10-10,0,wk inc rsv hosp,2026-10-10,20,quantile,0.975,26.624999999999993
2026-10-10,0,wk inc rsv hosp,2026-10-10,20,quantile,0.99,34.2
2026-10-10,0,wk inc rsv hosp,2026-10-10,21,quantile,0.01,0
2026-10-10,0,wk inc rsv hosp,2026-10-10,21,quantile,0.025,0
2026-10-10,0,wk inc rsv hosp,2026-10-10,21,quantile,0.05,0
2026-10-10,0,wk inc rsv hosp,2026-10-10,21,quantile,0.1,0
2026-10-10,0,wk inc rsv hosp,2026-10-10,21,quantile,0.15,2
2026-10-10,0,wk inc rsv hosp,2026-10-10,21,quantile,0.2,5
2026-10-10,0,wk inc rsv hosp,2026-10-10,21,quantile,0.25,7
2026-10-10,0,wk inc rsv hosp,2026-10-10,21,quantile,0.3,8
2026-10-10,0,wk inc rsv hosp,2026-10-10,21,quantile,0.35,8
2026-10-10,0,wk inc rsv hosp,2026-10-10,21,quantile,0.4,9
2026-10-10,0,wk inc rsv hosp,2026-10-10,21,quantile,0.45,9
2026-10-10,0,wk inc rsv hosp,2026-10-10,21,quantile,0.5,9
2026-10-10,0,wk inc rsv hosp,2026-10-10,21,quantile,0.55,9
2026-10-10,0,wk inc rsv hosp,2026-10-10,21,quantile,0.6,9
2026-10-10,0,wk inc rsv hosp,2026-10-10,21,quantile,0.65,10
2026-10-10,0,wk inc rsv hosp,2026-10-10,21,quantile,0.7,10
2026-10-10,0,wk inc rsv hosp,2026-10-10,21,quantile,0.75,11
2026-10-10,0,wk inc rsv hosp,2026-10-10,21,quantile,0.8,13
2026-10-10,0,wk inc rsv hosp,2026-10-10,21,quantile,0.85,16
2026-10-10,0,wk inc rsv hosp,2026-10-10,21,quantile,0.9,22
2026-10-10,0,wk inc rsv hosp,2026-10-10,21,quantile,0.95,29.49999999999996
2026-10-10,0,wk inc rsv hosp,2026-10-10,21,quantile,0.975,43.499999999999964
2026-10-10,0,wk inc rsv hosp,2026-10-10,21,quantile,0.99,58.599999999999994
2026-10-10,0,wk inc rsv hosp,2026-10-10,22,quantile,0.01,0
2026-10-10,0,wk inc rsv hosp,2026-10-10,22,quantile,0.025,0
2026-10-10,0,wk inc rsv hosp,2026-10-10,22,quantile,0.05,0
2026-10-10,0,wk inc rsv hosp,2026-10-10,22,quantile,0.1,0
2026-10-10,0,wk inc rsv hosp,2026-10-10,22,quantile,0.15,2.249999999999998
2026-10-10,0,wk inc rsv hosp,2026-10-10,22,quantile,0.2,5.9995279952799585
2026-10-10,0,wk inc rsv hosp,2026-10-10,22,quantile,0.25,7.7500000000000036
2026-10-10,0,wk inc rsv hosp,2026-10-10,22,quantile,0.3,9
2026-10-10,0,wk inc rsv hosp,2026-10-10,22,quantile,0.35,9
2026-10-10,0,wk inc rsv hosp,2026-10-10,22,quantile,0.4,10
2026-10-10,0,wk inc rsv hosp,2026-10-10,22,quantile,0.45,10
2026-10-10,0,wk inc rsv hosp,2026-10-10,22,quantile,0.5,10
2026-10-10,0,wk inc rsv hosp,2026-10-10,22,quantile,0.55,10
2026-10-10,0,wk inc rsv hosp,2026-10-10,22,quantile,0.6,10
2026-10-10,0,wk inc rsv hosp,2026-10-10,22,quantile,0.65,11
2026-10-10,0,wk inc rsv hosp,2026-10-10,22,quantile,0.7,11
2026-10-10,0,wk inc rsv hosp,2026-10-10,22,quantile,0.75,12.249999999999993
2026-10-10,0,wk inc rsv hosp,2026-10-10,22,quantile,0.8,14.00047200472008
2026-10-10,0,wk inc rsv hosp,2026-10-10,22,quantile,0.85,17.75
2026-10-10,0,wk inc rsv hosp,2026-10-10,22,quantile,0.9,23
2026-10-10,0,wk inc rsv hosp,2026-10-10,22,quantile,0.95,32.24999999999998
2026-10-10,0,wk inc rsv hosp,2026-10-10,22,quantile,0.975,52.499999999999964
2026-10-10,0,wk inc rsv hosp,2026-10-10,22,quantile,0.99,80
2026-10-10,0,wk inc rsv hosp,2026-10-10,23,quantile,0.01,0
2026-10-10,0,wk inc rsv hosp,2026-10-10,23,quantile,0.025,0
2026-10-10,0,wk inc rsv hosp,2026-10-10,23,quantile,0.05,0
2026-10-10,0,wk inc rsv hosp,2026-10-10,23,quantile,0.1,0
2026-10-10,0,wk inc rsv hosp,2026-10-10,23,quantile,0.15,0
2026-10-10,0,wk inc rsv hosp,2026-10-10,23,quantile,0.2,0
2026-10-10,0,wk inc rsv hosp,2026-10-10,23,quantile,0.25,0
2026-10-10,0,wk inc rsv hosp,2026-10-10,23,quantile,0.3,0
2026-10-10,0,wk inc rsv hosp,2026-10-10,23,quantile,0.35,0
2026-10-10,0,wk inc rsv hosp,2026-10-10,23,quantile,0.4,0
2026-10-10,0,wk inc rsv hosp,2026-10-10,23,quantile,0.45,0
2026-10-10,0,wk inc rsv hosp,2026-10-10,23,quantile,0.5,0
2026-10-10,0,wk inc rsv hosp,2026-10-10,23,quantile,0.55,0
2026-10-10,0,wk inc rsv hosp,2026-10-10,23,quantile,0.6,0
2026-10-10,0,wk inc rsv hosp,2026-10-10,23,quantile,0.65,0
2026-10-10,0,wk inc rsv hosp,2026-10-10,23,quantile,0.7,1
2026-10-10,0,wk inc rsv hosp,2026-10-10,23,quantile,0.75,1
2026-10-10,0,wk inc rsv hosp,2026-10-10,23,quantile,0.8,1
2026-10-10,0,wk inc rsv hosp,2026-10-10,23,quantile,0.85,2.2499999999999987
2026-10-10,0,wk inc rsv hosp,2026-10-10,23,quantile,0.9,4
2026-10-10,0,wk inc rsv hosp,2026-10-10,23,quantile,0.95,6
2026-10-10,0,wk inc rsv hosp,2026-10-10,23,quantile,0.975,7
2026-10-10,0,wk inc rsv hosp,2026-10-10,23,quantile,0.99,9.34999999999996
2026-10-10,0,wk inc rsv hosp,2026-10-10,24,quantile,0.01,0
2026-10-10,0,wk inc rsv hosp,2026-10-10,24,quantile,0.025,0
2026-10-10,0,wk inc rsv hosp,2026-10-10,24,quantile,0.05,0
2026-10-10,0,wk inc rsv hosp,2026-10-10,24,quantile,0.1,0
2026-10-10,0,wk inc rsv hosp,2026-10-10,24,quantile,0.15,0
2026-10-10,0,wk inc rsv hosp,2026-10-10,24,quantile,0.2,0
2026-10-10,0,wk inc rsv hosp,2026-10-10,24,quantile,0.25,0
2026-10-10,0,wk inc rsv hosp,2026-10-10,24,quantile,0.3,0
2026-10-10,0,wk inc rsv hosp,2026-10-10,24,quantile,0.35,1
2026-10-10,0,wk inc rsv hosp,2026-10-10,24,quantile,0.4,2
2026-10-10,0,wk inc rsv hosp,2026-10-10,24,quantile,0.45,2
2026-10-10,0,wk inc rsv hosp,2026-10-10,24,quantile,0.5,2
2026-10-10,0,wk inc rsv hosp,2026-10-10,24,quantile,0.55,2
2026-10-10,0,wk inc rsv hosp,2026-10-10,24,quantile,0.6,2
2026-10-10,0,wk inc rsv hosp,2026-10-10,24,quantile,0.65,3
2026-10-10,0,wk inc rsv hosp,2026-10-10,24,quantile,0.7,4
2026-10-10,0,wk inc rsv hosp,2026-10-10,24,quantile,0.75,4
2026-10-10,0,wk inc rsv hosp,2026-10-10,24,quantile,0.8,7
2026-10-10,0,wk inc rsv hosp,2026-10-10,24,quantile,0.85,9
2026-10-10,0,wk inc rsv hosp,2026-10-10,24,quantile,0.9,14
2026-10-10,0,wk inc rsv hosp,2026-10-10,24,quantile,0.95,27
2026-10-10,0,wk inc rsv hosp,2026-10-10,24,quantile,0.975,46.69999999999983
2026-10-10,0,wk inc rsv hosp,2026-10-10,24,quantile,0.99,60.26999999999995
2026-10-10,0,wk inc rsv hosp,2026-10-10,25,quantile,0.01,0
2026-10-10,0,wk inc rsv hosp,2026-10-10,25,quantile,0.025,0
2026-10-10,0,wk inc rsv hosp,2026-10-10,25,quantile,0.05,0
2026-10-10,0,wk inc rsv hosp,2026-10-10,25,quantile,0.1,0
2026-10-10,0,wk inc rsv hosp,2026-10-10,25,quantile,0.15,0
2026-10-10,0,wk inc rsv hosp,2026-10-10,25,quantile,0.2,0
2026-10-10,0,wk inc rsv hosp,2026-10-10,25,quantile,0.25,0
2026-10-10,0,wk inc rsv hosp,2026-10-10,25,quantile,0.3,0
2026-10-10,0,wk inc rsv hosp,2026-10-10,25,quantile,0.35,0
2026-10-10,0,wk inc rsv hosp,2026-10-10,25,quantile,0.4,0
2026-10-10,0,wk inc rsv hosp,2026-10-10,25,quantile,0.45,1
2026-10-10,0,wk inc rsv hosp,2026-10-10,25,quantile,0.5,2
2026-10-10,0,wk inc rsv hosp,2026-10-10,25,quantile,0.55,3
2026-10-10,0,wk inc rsv hosp,2026-10-10,25,quantile,0.6,4
2026-10-10,0,wk inc rsv hosp,2026-10-10,25,quantile,0.65,6
2026-10-10,0,wk inc rsv hosp,2026-10-10,25,quantile,0.7,7
2026-10-10,0,wk inc rsv hosp,2026-10-10,25,quantile,0.75,9
2026-10-10,0,wk inc rsv hosp,2026-10-10,25,quantile,0.8,13.000328003280067
2026-10-10,0,wk inc rsv hosp,2026-10-10,25,quantile,0.85,21
2026-10-10,0,wk inc rsv hosp,2026-10-10,25,quantile,0.9,29.000000000000018
2026-10-10,0,wk inc rsv hosp,2026-10-10,25,quantile,0.95,55.99999999999982
2026-10-10,0,wk inc rsv hosp,2026-10-10,25,quantile,0.975,85.3749999999999
2026-10-10,0,wk inc rsv hosp,2026-10-10,25,quantile,0.99,104.44999999999966
2026-10-10,0,wk inc rsv hosp,2026-10-10,26,quantile,0.01,0
2026-10-10,0,wk inc rsv hosp,2026-10-10,26,quantile,0.025,0
2026-10-10,0,wk inc rsv hosp,2026-10-10,26,quantile,0.05,0
2026-10-10,0,wk inc rsv hosp,2026-10-10,26,quantile,0.1,0
2026-10-10,0,wk inc rsv hosp,2026-10-10,26,quantile,0.15,0
2026-10-10,0,wk inc rsv hosp,2026-10-10,26,quantile,0.2,0
2026-10-10,0,wk inc rsv hosp,2026-10-10,26,quantile,0.25,3
2026-10-10,0,wk inc rsv hosp,2026-10-10,26,quantile,0.3,5
2026-10-10,0,wk inc rsv hosp,2026-10-10,26,quantile,0.35,5
2026-10-10,0,wk inc rsv hosp,2026-10-10,26,quantile,0.4,6
2026-10-10,0,wk inc rsv hosp,2026-10-10,26,quantile,0.45,6
2026-10-10,0,wk inc rsv hosp,2026-10-10,26,quantile,0.5,6
2026-10-10,0,wk inc rsv hosp,2026-10-10,26,quantile,0.55,6
2026-10-10,0,wk inc rsv hosp,2026-10-10,26,quantile,0.6,6
2026-10-10,0,wk inc rsv hosp,2026-10-10,26,quantile,0.65,7
2026-10-10,0,wk inc rsv hosp,2026-10-10,26,quantile,0.7,7
2026-10-10,0,wk inc rsv hosp,2026-10-10,26,quantile,0.75,9
2026-10-10,0,wk inc rsv hosp,2026-10-10,26,quantile,0.8,12
2026-10-10,0,wk inc rsv hosp,2026-10-10,26,quantile,0.85,21.75
2026-10-10,0,wk inc rsv hosp,2026-10-10,26,quantile,0.9,37
2026-10-10,0,wk inc rsv hosp,2026-10-10,26,quantile,0.95,53.99999999999984
2026-10-10,0,wk inc rsv hosp,2026-10-10,26,quantile,0.975,80.37499999999993
2026-10-10,0,wk inc rsv hosp,2026-10-10,26,quantile,0.99,95.75
2026-10-10,0,wk inc rsv hosp,2026-10-10,27,quantile,0.01,0
2026-10-10,0,wk inc rsv hosp,2026-10-10,27,quantile,0.025,0
2026-10-10,0,wk inc rsv hosp,2026-10-10,27,quantile,0.05,0
2026-10-10,0,wk inc rsv hosp,2026-10-10,27,quantile,0.1,0
2026-10-10,0,wk inc rsv hosp,2026-10-10,27,quantile,0.15,0
2026-10-10,0,wk inc rsv hosp,2026-10-10,27,quantile,0.2,0
2026-10-10,0,wk inc rsv hosp,2026-10-10,27,quantile,0.25,0
2026-10-10,0,wk inc rsv hosp,2026-10-10,27,quantile,0.3,0
2026-10-10,0,wk inc rsv hosp,2026-10-10,27,quantile,0.35,0
2026-10-10,0,wk inc rsv hosp,2026-10-10,27,quantile,0.4,0
2026-10-10,0,wk inc rsv hosp,2026-10-10,27,quantile,0.45,1
2026-10-10,0,wk inc rsv hosp,2026-10-10,27,quantile,0.5,1
2026-10-10,0,wk inc rsv hosp,2026-10-10,27,quantile,0.55,1
2026-10-10,0,wk inc rsv hosp,2026-10-10,27,quantile,0.6,2.199999999999991
2026-10-10,0,wk inc rsv hosp,2026-10-10,27,quantile,0.65,3
2026-10-10,0,wk inc rsv hosp,2026-10-10,27,quantile,0.7,4
2026-10-10,0,wk inc rsv hosp,2026-10-10,27,quantile,0.75,6
2026-10-10,0,wk inc rsv hosp,2026-10-10,27,quantile,0.8,9
2026-10-10,0,wk inc rsv hosp,2026-10-10,27,quantile,0.85,15
2026-10-10,0,wk inc rsv hosp,2026-10-10,27,quantile,0.9,20
2026-10-10,0,wk inc rsv hosp,2026-10-10,27,quantile,0.95,27
2026-10-10,0,wk inc rsv hosp,2026-10-10,27,quantile,0.975,38.124999999999844
2026-10-10,0,wk inc rsv hosp,2026-10-10,27,quantile,0.99,49.50999999999987
2026-10-10,0,wk inc rsv hosp,2026-10-10,28,quantile,0.01,0
2026-10-10,0,wk inc rsv hosp,2026-10-10,28,quantile,0.025,0
2026-10-10,0,wk inc rsv hosp,2026-10-10,28,quantile,0.05,0
2026-10-10,0,wk inc rsv hosp,2026-10-10,28,quantile,0.1,0
2026-10-10,0,wk inc rsv hosp,2026-10-10,28,quantile,0.15,0
2026-10-10,0,wk inc rsv hosp,2026-10-10,28,quantile,0.2,2
2026-10-10,0,wk inc rsv hosp,2026-10-10,28,quantile,0.25,2.7500000000000036
2026-10-10,0,wk inc rsv hosp,2026-10-10,28,quantile,0.3,3
2026-10-10,0,wk inc rsv hosp,2026-10-10,28,quantile,0.35,4
2026-10-10,0,wk inc rsv hosp,2026-10-10,28,quantile,0.4,4
2026-10-10,0,wk inc rsv hosp,2026-10-10,28,quantile,0.45,4
2026-10-10,0,wk inc rsv hosp,2026-10-10,28,quantile,0.5,4
2026-10-10,0,wk inc rsv hosp,2026-10-10,28,quantile,0.55,4
2026-10-10,0,wk inc rsv hosp,2026-10-10,28,quantile,0.6,4
2026-10-10,0,wk inc rsv hosp,2026-10-10,28,quantile,0.65,4
2026-10-10,0,wk inc rsv hosp,2026-10-10,28,quantile,0.7,5
2026-10-10,0,wk inc rsv hosp,2026-10-10,28,quantile,0.75,5.249999999999993
2026-10-10,0,wk inc rsv hosp,2026-10-10,28,quantile,0.8,6
2026-10-10,0,wk inc rsv hosp,2026-10-10,28,quantile,0.85,8
2026-10-10,0,wk inc rsv hosp,2026-10-10,28,quantile,0.9,11.499999999999995
2026-10-10,0,wk inc rsv hosp,2026-10-10,28,quantile,0.95,17.49999999999996
2026-10-10,0,wk inc rsv hosp,2026-10-10,28,quantile,0.975,22
2026-10-10,0,wk inc rsv hosp,2026-10-10,28,quantile,0.99,26.299999999999997
2026-10-10,0,wk inc rsv hosp,2026-10-10,29,quantile,0.01,0
2026-10-10,0,wk inc rsv hosp,2026-10-10,29,quantile,0.025,0
2026-10-10,0,wk inc rsv hosp,2026-10-10,29,quantile,0.05,0
2026-10-10,0,wk inc rsv hosp,2026-10-10,29,quantile,0.1,0
2026-10-10,0,wk inc rsv hosp,2026-10-10,29,quantile,0.15,1.2499999999999976
2026-10-10,0,wk inc rsv hosp,2026-10-10,29,quantile,0.2,4.9995279952799585
2026-10-10,0,wk inc rsv hosp,2026-10-10,29,quantile,0.25,6
2026-10-10,0,wk inc rsv hosp,2026-10-10,29,quantile,0.3,7
2026-10-10,0,wk inc rsv hosp,2026-10-10,29,quantile,0.35,7
2026-10-10,0,wk inc rsv hosp,2026-10-10,29,quantile,0.4,8
2026-10-10,0,wk inc rsv hosp,2026-10-10,29,quantile,0.45,8
2026-10-10,0,wk inc rsv hosp,2026-10-10,29,quantile,0.5,8
2026-10-10,0,wk inc rsv hosp,2026-10-10,29,quantile,0.55,8
2026-10-10,0,wk inc rsv hosp,2026-10-10,29,quantile,0.6,8
2026-10-10,0,wk inc rsv hosp,2026-10-10,29,quantile,0.65,9
2026-10-10,0,wk inc rsv hosp,2026-10-10,29,quantile,0.7,9
2026-10-10,0,wk inc rsv hosp,2026-10-10,29,quantile,0.75,10
2026-10-10,0,wk inc rsv hosp,2026-10-10,29,quantile,0.8,11.00047200472008
2026-10-10,0,wk inc rsv hosp,2026-10-10,29,quantile,0.85,14.750000000000002
2026-10-10,0,wk inc rsv hosp,2026-10-10,29,quantile,0.9,23
2026-10-10,0,wk inc rsv hosp,2026-10-10,29,quantile,0.95,34.749999999999936
2026-10-10,0,wk inc rsv hosp,2026-10-10,29,quantile,0.975,48
2026-10-10,0,wk inc rsv hosp,2026-10-10,29,quantile,0.99,71.14999999999999
2026-10-10,0,wk inc rsv hosp,2026-10-10,30,quantile,0.01,0
2026-10-10,0,wk inc rsv hosp,2026-10-10,30,quantile,0.025,0
2026-10-10,0,wk inc rsv hosp,2026-10-10,30,quantile,0.05,0
2026-10-10,0,wk inc rsv hosp,2026-10-10,30,quantile,0.1,0
2026-10-10,0,wk inc rsv hosp,2026-10-10,30,quantile,0.15,0
2026-10-10,0,wk inc rsv hosp,2026-10-10,30,quantile,0.2,0
2026-10-10,0,wk inc rsv hosp,2026-10-10,30,quantile,0.25,0
2026-10-10,0,wk inc rsv hosp,2026-10-10,30,quantile,0.3,0
2026-10-10,0,wk inc rsv hosp,2026-10-10,30,quantile,0.35,0
2026-10-10,0,wk inc rsv hosp,2026-10-10,30,quantile,0.4,0
2026-10-10,0,wk inc rsv hosp,2026-10-10,30,quantile,0.45,0
2026-10-10,0,wk inc rsv hosp,2026-10-10,30,quantile,0.5,0
2026-10-10,0,wk inc rsv hosp,2026-10-10,30,quantile,0.55,0
2026-10-10,0,wk inc rsv hosp,2026-10-10,30,quantile,0.6,0
2026-10-10,0,wk inc rsv hosp,2026-10-10,30,quantile,0.65,0
2026-10-10,0,wk inc rsv hosp,2026-10-10,30,quantile,0.7,0
2026-10-10,0,wk inc rsv hosp,2026-10-10,30,quantile,0.75,0
2026-10-10,0,wk inc rsv hosp,2026-10-10,30,quantile,0.8,1
2026-10-10,0,wk inc rsv hosp,2026-10-10,30,quantile,0.85,2
2026-10-10,0,wk inc rsv hosp,2026-10-10,30,quantile,0.9,4
2026-10-10,0,wk inc rsv hosp,2026-10-10,30,quantile,0.95,10
2026-10-10,0,wk inc rsv hosp,2026-10-10,30,quantile,0.975,14.22499999999995
2026-10-10,0,wk inc rsv hosp,2026-10-10,30,quantile,0.99,20.44999999999991
2026-10-10,0,wk inc rsv hosp,2026-10-10,31,quantile,0.01,0
2026-10-10,0,wk inc rsv hosp,2026-10-10,31,quantile,0.025,0
2026-10-10,0,wk inc rsv hosp,2026-10-10,31,quantile,0.05,0
2026-10-10,0,wk inc rsv hosp,2026-10-10,31,quantile,0.1,0
2026-10-10,0,wk inc rsv hosp,2026-10-10,31,quantile,0.15,0
2026-10-10,0,wk inc rsv hosp,2026-10-10,31,quantile,0.2,0
2026-10-10,0,wk inc rsv hosp,2026-10-10,31,quantile,0.25,0
2026-10-10,0,wk inc rsv hosp,2026-10-10,31,quantile,0.3,0
2026-10-10,0,wk inc rsv hosp,2026-10-10,31,quantile,0.35,0
2026-10-10,0,wk inc rsv hosp,2026-10-10,31,quantile,0.4,0
2026-10-10,0,wk inc rsv hosp,2026-10-10,31,quantile,0.45,0
2026-10-10,0,wk inc rsv hosp,2026-10-10,31,quantile,0.5,0
2026-10-10,0,wk inc rsv hosp,2026-10-10,31,quantile,0.55,0
2026-10-10,0,wk inc rsv hosp,2026-10-10,31,quantile,0.6,0
2026-10-10,0,wk inc rsv hosp,2026-10-10,31,quantile,0.65,0
2026-10-10,0,wk inc rsv hosp,2026-10-10,31,quantile,0.7,1
2026-10-10,0,wk inc rsv hosp,2026-10-10,31,quantile,0.75,1
2026-10-10,0,wk inc rsv hosp,2026-10-10,31,quantile,0.8,2
2026-10-10,0,wk inc rsv hosp,2026-10-10,31,quantile,0.85,2
2026-10-10,0,wk inc rsv hosp,2026-10-10,31,quantile,0.9,5
2026-10-10,0,wk inc rsv hosp,2026-10-10,31,quantile,0.95,10.24999999999998
2026-10-10,0,wk inc rsv hosp,2026-10-10,31,quantile,0.975,16.624999999999993
2026-10-10,0,wk inc rsv hosp,2026-10-10,31,quantile,0.99,23.349999999999998
2026-10-10,0,wk inc rsv hosp,2026-10-10,32,quantile,0.01,0
2026-10-10,0,wk inc rsv hosp,2026-10-10,32,quantile,0.025,0
2026-10-10,0,wk inc rsv hosp,2026-10-10,32,quantile,0.05,0
2026-10-10,0,wk inc rsv hosp,2026-10-10,32,quantile,0.1,0
2026-10-10,0,wk inc rsv hosp,2026-10-10,32,quantile,0.15,0
2026-10-10,0,wk inc rsv hosp,2026-10-10,32,quantile,0.2,0
2026-10-10,0,wk inc rsv hosp,2026-10-10,32,quantile,0.25,0
2026-10-10,0,wk inc rsv hosp,2026-10-10,32,quantile,0.3,0
2026-10-10,0,wk inc rsv hosp,2026-10-10,32,quantile,0.35,0
2026-10-10,0,wk inc rsv hosp,2026-10-10,32,quantile,0.4,0
2026-10-10,0,wk inc rsv hosp,2026-10-10,32,quantile,0.45,0
2026-10-10,0,wk inc rsv hosp,2026-10-10,32,quantile,0.5,0
2026-10-10,0,wk inc rsv hosp,2026-10-10,32,quantile,0.55,0
2026-10-10,0,wk inc rsv hosp,2026-10-10,32,quantile,0.6,1
2026-10-10,0,wk inc rsv hosp,2026-10-10,32,quantile,0.65,1
2026-10-10,0,wk inc rsv hosp,2026-10-10,32,quantile,0.7,1
2026-10-10,0,wk inc rsv hosp,2026-10-10,32,quantile,0.75,2
2026-10-10,0,wk inc rsv hosp,2026-10-10,32,quantile,0.8,4
2026-10-10,0,wk inc rsv hosp,2026-10-10,32,quantile,0.85,7
2026-10-10,0,wk inc rsv hosp,2026-10-10,32,quantile,0.9,9
2026-10-10,0,wk inc rsv hosp,2026-10-10,32,quantile,0.95,17
2026-10-10,0,wk inc rsv hosp,2026-10-10,32,quantile,0.975,24.824999999999967
2026-10-10,0,wk inc rsv hosp,2026-10-10,32,quantile,0.99,33.929999999999986
2026-10-10,0,wk inc rsv hosp,2026-10-10,33,quantile,0.01,0
2026-10-10,0,wk inc rsv hosp,2026-10-10,33,quantile,0.025,0
2026-10-10,0,wk inc rsv hosp,2026-10-10,33,quantile,0.05,0
2026-10-10,0,wk inc rsv hosp,2026-10-10,33,quantile,0.1,0
2026-10-10,0,wk inc rsv hosp,2026-10-10,33,quantile,0.15,0
2026-10-10,0,wk inc rsv hosp,2026-10-10,33,quantile,0.2,0
2026-10-10,0,wk inc rsv hosp,2026-10-10,33,quantile,0.25,0
2026-10-10,0,wk inc rsv hosp,2026-10-10,33,quantile,0.3,0
2026-10-10,0,wk inc rsv hosp,2026-10-10,33,quantile,0.35,0
2026-10-10,0,wk inc rsv hosp,2026-10-10,33,quantile,0.4,1
2026-10-10,0,wk inc rsv hosp,2026-10-10,33,quantile,0.45,1
2026-10-10,0,wk inc rsv hosp,2026-10-10,33,quantile,0.5,1
2026-10-10,0,wk inc rsv hosp,2026-10-10,33,quantile,0.55,1
2026-10-10,0,wk inc rsv hosp,2026-10-10,33,quantile,0.6,1
2026-10-10,0,wk inc rsv hosp,2026-10-10,33,quantile,0.65,2
2026-10-10,0,wk inc rsv hosp,2026-10-10,33,quantile,0.7,2
2026-10-10,0,wk inc rsv hosp,2026-10-10,33,quantile,0.75,2
2026-10-10,0,wk inc rsv hosp,2026-10-10,33,quantile,0.8,3
2026-10-10,0,wk inc rsv hosp,2026-10-10,33,quantile,0.85,4
2026-10-10,0,wk inc rsv hosp,2026-10-10,33,quantile,0.9,6
2026-10-10,0,wk inc rsv hosp,2026-10-10,33,quantile,0.95,11
2026-10-10,0,wk inc rsv hosp,2026-10-10,33,quantile,0.975,14.72499999999998
2026-10-10,0,wk inc rsv hosp,2026-10-10,33,quantile,0.99,16
2026-10-10,0,wk inc rsv hosp,2026-10-10,34,quantile,0.01,0
2026-10-10,0,wk inc rsv hosp,2026-10-10,34,quantile,0.025,0
2026-10-10,0,wk inc rsv hosp,2026-10-10,34,quantile,0.05,0
2026-10-10,0,wk inc rsv hosp,2026-10-10,34,quantile,0.1,0
2026-10-10,0,wk inc rsv hosp,2026-10-10,34,quantile,0.15,0
2026-10-10,0,wk inc rsv hosp,2026-10-10,34,quantile,0.2,1.4000000000000048
2026-10-10,0,wk inc rsv hosp,2026-10-10,34,quantile,0.25,6
2026-10-10,0,wk inc rsv hosp,2026-10-10,34,quantile,0.3,8
2026-10-10,0,wk inc rsv hosp,2026-10-10,34,quantile,0.35,9
2026-10-10,0,wk inc rsv hosp,2026-10-10,34,quantile,0.4,11
2026-10-10,0,wk inc rsv hosp,2026-10-10,34,quantile,0.45,12
2026-10-10,0,wk inc rsv hosp,2026-10-10,34,quantile,0.5,13
2026-10-10,0,wk inc rsv hosp,2026-10-10,34,quantile,0.55,14
2026-10-10,0,wk inc rsv hosp,2026-10-10,34,quantile,0.6,15
2026-10-10,0,wk inc rsv hosp,2026-10-10,34,quantile,0.65,17
2026-10-10,0,wk inc rsv hosp,2026-10-10,34,quantile,0.7,18
2026-10-10,0,wk inc rsv hosp,2026-10-10,34,quantile,0.75,20
2026-10-10,0,wk inc rsv hosp,2026-10-10,34,quantile,0.8,24.600000000000026
2026-10-10,0,wk inc rsv hosp,2026-10-10,34,quantile,0.85,33
2026-10-10,0,wk inc rsv hosp,2026-10-10,34,quantile,0.9,48.20000000000001
2026-10-10,0,wk inc rsv hosp,2026-10-10,34,quantile,0.95,68.44999999999995
2026-10-10,0,wk inc rsv hosp,2026-10-10,34,quantile,0.975,100.17499999999991
2026-10-10,0,wk inc rsv hosp,2026-10-10,34,quantile,0.99,128.31999999999994
2026-10-10,0,wk inc rsv hosp,2026-10-10,35,quantile,0.01,0
2026-10-10,0,wk inc rsv hosp,2026-10-10,35,quantile,0.025,0
2026-10-10,0,wk inc rsv hosp,2026-10-10,35,quantile,0.05,0
2026-10-10,0,wk inc rsv hosp,2026-10-10,35,quantile,0.1,0
2026-10-10,0,wk inc rsv hosp,2026-10-10,35,quantile,0.15,0
2026-10-10,0,wk inc rsv hosp,2026-10-10,35,quantile,0.2,0
2026-10-10,0,wk inc rsv hosp,2026-10-10,35,quantile,0.25,0
2026-10-10,0,wk inc rsv hosp,2026-10-10,35,quantile,0.3,1
2026-10-10,0,wk inc rsv hosp,2026-10-10,35,quantile,0.35,1
2026-10-10,0,wk inc rsv hosp,2026-10-10,35,quantile,0.4,2
2026-10-10,0,wk inc rsv hosp,2026-10-10,35,quantile,0.45,2
2026-10-10,0,wk inc rsv hosp,2026-10-10,35,quantile,0.5,2
2026-10-10,0,wk inc rsv hosp,2026-10-10,35,quantile,0.55,2
2026-10-10,0,wk inc rsv hosp,2026-10-10,35,quantile,0.6,2
2026-10-10,0,wk inc rsv hosp,2026-10-10,35,quantile,0.65,3
2026-10-10,0,wk inc rsv hosp,2026-10-10,35,quantile,0.7,3
2026-10-10,0,wk inc rsv hosp,2026-10-10,35,quantile,0.75,4
2026-10-10,0,wk inc rsv hosp,2026-10-10,35,quantile,0.8,5
2026-10-10,0,wk inc rsv hosp,2026-10-10,35,quantile,0.85,5.649999999999991
2026-10-10,0,wk inc rsv hosp,2026-10-10,35,quantile,0.9,9.099999999999998
2026-10-10,0,wk inc rsv hosp,2026-10-10,35,quantile,0.95,20.749999999999975
2026-10-10,0,wk inc rsv hosp,2026-10-10,35,quantile,0.975,29.774999999999984
2026-10-10,0,wk inc rsv hosp,2026-10-10,35,quantile,0.99,33.91
2026-10-10,0,wk inc rsv hosp,2026-10-10,36,quantile,0.01,0
2026-10-10,0,wk inc rsv hosp,2026-10-10,36,quantile,0.025,0
2026-10-10,0,wk inc rsv hosp,2026-10-10,36,quantile,0.05,0
2026-10-10,0,wk inc rsv hosp,2026-10-10,36,quantile,0.1,0
2026-10-10,0,wk inc rsv hosp,2026-10-10,36,quantile,0.15,6.499999999999996
2026-10-10,0,wk inc rsv hosp,2026-10-10,36,quantile,0.2,17.99952799527996
2026-10-10,0,wk inc rsv hosp,2026-10-10,36,quantile,0.25,22.750000000000004
2026-10-10,0,wk inc rsv hosp,2026-10-10,36,quantile,0.3,27
2026-10-10,0,wk inc rsv hosp,2026-10-10,36,quantile,0.35,29
2026-10-10,0,wk inc rsv hosp,2026-10-10,36,quantile,0.4,31
2026-10-10,0,wk inc rsv hosp,2026-10-10,36,quantile,0.45,32
2026-10-10,0,wk inc rsv hosp,2026-10-10,36,quantile,0.5,32
2026-10-10,0,wk inc rsv hosp,2026-10-10,36,quantile,0.55,32
2026-10-10,0,wk inc rsv hosp,2026-10-10,36,quantile,0.6,33
2026-10-10,0,wk inc rsv hosp,2026-10-10,36,quantile,0.65,35
2026-10-10,0,wk inc rsv hosp,2026-10-10,36,quantile,0.7,37
2026-10-10,0,wk inc rsv hosp,2026-10-10,36,quantile,0.75,41.24999999999999
2026-10-10,0,wk inc rsv hosp,2026-10-10,36,quantile,0.8,46.00047200472008
2026-10-10,0,wk inc rsv hosp,2026-10-10,36,quantile,0.85,57.5
2026-10-10,0,wk inc rsv hosp,2026-10-10,36,quantile,0.9,79.99999999999997
2026-10-10,0,wk inc rsv hosp,2026-10-10,36,quantile,0.95,123.49999999999996
2026-10-10,0,wk inc rsv hosp,2026-10-10,36,quantile,0.975,169.12499999999997
2026-10-10,0,wk inc rsv hosp,2026-10-10,36,quantile,0.99,205.8
2026-10-10,0,wk inc rsv hosp,2026-10-10,37,quantile,0.01,0
2026-10-10,0,wk inc rsv hosp,2026-10-10,37,quantile,0.025,0
2026-10-10,0,wk inc rsv hosp,2026-10-10,37,quantile,0.05,0
2026-10-10,0,wk inc rsv hosp,2026-10-10,37,quantile,0.1,0
2026-10-10,0,wk inc rsv hosp,2026-10-10,37,quantile,0.15,0
2026-10-10,0,wk inc rsv hosp,2026-10-10,37,quantile,0.2,4.000328003280034
2026-10-10,0,wk inc rsv hosp,2026-10-10,37,quantile,0.25,8.25
2026-10-10,0,wk inc rsv hosp,2026-10-10,37,quantile,0.3,13
2026-10-10,0,wk inc rsv hosp,2026-10-10,37,quantile,0.35,16
2026-10-10,0,wk inc rsv hosp,2026-10-10,37,quantile,0.4,18
2026-10-10,0,wk inc rsv hosp,2026-10-10,37,quantile,0.45,19
2026-10-10,0,wk inc rsv hosp,2026-10-10,37,quantile,0.5,20
2026-10-10,0,wk inc rsv hosp,2026-10-10,37,quantile,0.55,21
2026-10-10,0,wk inc rsv hosp,2026-10-10,37,quantile,0.6,22
2026-10-10,0,wk inc rsv hosp,2026-10-10,37,quantile,0.65,24
2026-10-10,0,wk inc rsv hosp,2026-10-10,37,quantile,0.7,27
2026-10-10,0,wk inc rsv hosp,2026-10-10,37,quantile,0.75,31.750000000000007
2026-10-10,0,wk inc rsv hosp,2026-10-10,37,quantile,0.8,35.99967199671997
2026-10-10,0,wk inc rsv hosp,2026-10-10,37,quantile,0.85,44.25
2026-10-10,0,wk inc rsv hosp,2026-10-10,37,quantile,0.9,56.50000000000001
2026-10-10,0,wk inc rsv hosp,2026-10-10,37,quantile,0.95,75.99999999999991
2026-10-10,0,wk inc rsv hosp,2026-10-10,37,quantile,0.975,120.7499999999995
2026-10-10,0,wk inc rsv hosp,2026-10-10,37,quantile,0.99,156.69999999999982
2026-10-10,0,wk inc rsv hosp,2026-10-10,38,quantile,0.01,0
2026-10-10,0,wk inc rsv hosp,2026-10-10,38,quantile,0.025,0
2026-10-10,0,wk inc rsv hosp,2026-10-10,38,quantile,0.05,0
2026-10-10,0,wk inc rsv hosp,2026-10-10,38,quantile,0.1,0
2026-10-10,0,wk inc rsv hosp,2026-10-10,38,quantile,0.15,0
2026-10-10,0,wk inc rsv hosp,2026-10-10,38,quantile,0.2,0
2026-10-10,0,wk inc rsv hosp,2026-10-10,38,quantile,0.25,0
2026-10-10,0,wk inc rsv hosp,2026-10-10,38,quantile,0.3,0
2026-10-10,0,wk inc rsv hosp,2026-10-10,38,quantile,0.35,0
2026-10-10,0,wk inc rsv hosp,2026-10-10,38,quantile,0.4,0
2026-10-10,0,wk inc rsv hosp,2026-10-10,38,quantile,0.45,0
2026-10-10,0,wk inc rsv hosp,2026-10-10,38,quantile,0.5,0
2026-10-10,0,wk inc rsv hosp,2026-10-10,38,quantile,0.55,0
2026-10-10,0,wk inc rsv hosp,2026-10-10,38,quantile,0.6,0
2026-10-10,0,wk inc rsv hosp,2026-10-10,38,quantile,0.65,0
2026-10-10,0,wk inc rsv hosp,2026-10-10,38,quantile,0.7,0
2026-10-10,0,wk inc rsv hosp,2026-10-10,38,quantile,0.75,1
2026-10-10,0,wk inc rsv hosp,2026-10-10,38,quantile,0.8,1
2026-10-10,0,wk inc rsv hosp,2026-10-10,38,quantile,0.85,2
2026-10-10,0,wk inc rsv hosp,2026-10-10,38,quantile,0.9,3.300000000000006
2026-10-10,0,wk inc rsv hosp,2026-10-10,38,quantile,0.95,6
2026-10-10,0,wk inc rsv hosp,2026-10-10,38,quantile,0.975,8
2026-10-10,0,wk inc rsv hosp,2026-10-10,38,quantile,0.99,11.029999999999982
2026-10-10,0,wk inc rsv hosp,2026-10-10,39,quantile,0.01,0
2026-10-10,0,wk inc rsv hosp,2026-10-10,39,quantile,0.025,0
2026-10-10,0,wk inc rsv hosp,2026-10-10,39,quantile,0.05,0
2026-10-10,0,wk inc rsv hosp,2026-10-10,39,quantile,0.1,0
2026-10-10,0,wk inc rsv hosp,2026-10-10,39,quantile,0.15,0
2026-10-10,0,wk inc rsv hosp,2026-10-10,39,quantile,0.2,1
2026-10-10,0,wk inc rsv hosp,2026-10-10,39,quantile,0.25,4
2026-10-10,0,wk inc rsv hosp,2026-10-10,39,quantile,0.3,6
2026-10-10,0,wk inc rsv hosp,2026-10-10,39,quantile,0.35,7
2026-10-10,0,wk inc rsv hosp,2026-10-10,39,quantile,0.4,8
2026-10-10,0,wk inc rsv hosp,2026-10-10,39,quantile,0.45,9
2026-10-10,0,wk inc rsv hosp,2026-10-10,39,quantile,0.5,9
2026-10-10,0,wk inc rsv hosp,2026-10-10,39,quantile,0.55,9
2026-10-10,0,wk inc rsv hosp,2026-10-10,39,quantile,0.6,10
2026-10-10,0,wk inc rsv hosp,2026-10-10,39,quantile,0.65,11
2026-10-10,0,wk inc rsv hosp,2026-10-10,39,quantile,0.7,12
2026-10-10,0,wk inc rsv hosp,2026-10-10,39,quantile,0.75,14
2026-10-10,0,wk inc rsv hosp,2026-10-10,39,quantile,0.8,17
2026-10-10,0,wk inc rsv hosp,2026-10-10,39,quantile,0.85,24
2026-10-10,0,wk inc rsv hosp,2026-10-10,39,quantile,0.9,38.499999999999986
2026-10-10,0,wk inc rsv hosp,2026-10-10,39,quantile,0.95,66.49999999999996
2026-10-10,0,wk inc rsv hosp,2026-10-10,39,quantile,0.975,96.24999999999999
2026-10-10,0,wk inc rsv hosp,2026-10-10,39,quantile,0.99,179.95
2026-10-10,0,wk inc rsv hosp,2026-10-10,40,quantile,0.01,0
2026-10-10,0,wk inc rsv hosp,2026-10-10,40,quantile,0.025,0
2026-10-10,0,wk inc rsv hosp,2026-10-10,40,quantile,0.05,0
2026-10-10,0,wk inc rsv hosp,2026-10-10,40,quantile,0.1,0
2026-10-10,0,wk inc rsv hosp,2026-10-10,40,quantile,0.15,0
2026-10-10,0,wk inc rsv hosp,2026-10-10,40,quantile,0.2,0
2026-10-10,0,wk inc rsv hosp,2026-10-10,40,quantile,0.25,0
2026-10-10,0,wk inc rsv hosp,2026-10-10,40,quantile,0.3,0
2026-10-10,0,wk inc rsv hosp,2026-10-10,40,quantile,0.35,0
2026-10-10,0,wk inc rsv hosp,2026-10-10,40,quantile,0.4,0
2026-10-10,0,wk inc rsv hosp,2026-10-10,40,quantile,0.45,0
2026-10-10,0,wk inc rsv hosp,2026-10-10,40,quantile,0.5,0
2026-10-10,0,wk inc rsv hosp,2026-10-10,40,quantile,0.55,0
2026-10-10,0,wk inc rsv hosp,2026-10-10,40,quantile,0.6,0
2026-10-10,0,wk inc rsv hosp,2026-10-10,40,quantile,0.65,1
2026-10-10,0,wk inc rsv hosp,2026-10-10,40,quantile,0.7,1
2026-10-10,0,wk inc rsv hosp,2026-10-10,40,quantile,0.75,2
2026-10-10,0,wk inc rsv hosp,2026-10-10,40,quantile,0.8,3.9995279952799434
2026-10-10,0,wk inc rsv hosp,2026-10-10,40,quantile,0.85,6
2026-10-10,0,wk inc rsv hosp,2026-10-10,40,quantile,0.9,11
2026-10-10,0,wk inc rsv hosp,2026-10-10,40,quantile,0.95,19
2026-10-10,0,wk inc rsv hosp,2026-10-10,40,quantile,0.975,28
2026-10-10,0,wk inc rsv hosp,2026-10-10,40,quantile,0.99,37.15
2026-10-10,0,wk inc rsv hosp,2026-10-10,41,quantile,0.01,0
2026-10-10,0,wk inc rsv hosp,2026-10-10,41,quantile,0.025,0
2026-10-10,0,wk inc rsv hosp,2026-10-10,41,quantile,0.05,0
2026-10-10,0,wk inc rsv hosp,2026-10-10,41,quantile,0.1,0
2026-10-10,0,wk inc rsv hosp,2026-10-10,41,quantile,0.15,0
2026-10-10,0,wk inc rsv hosp,2026-10-10,41,quantile,0.2,0
2026-10-10,0,wk inc rsv hosp,2026-10-10,41,quantile,0.25,0
2026-10-10,0,wk inc rsv hosp,2026-10-10,41,quantile,0.3,0
2026-10-10,0,wk inc rsv hosp,2026-10-10,41,quantile,0.35,0
2026-10-10,0,wk inc rsv hosp,2026-10-10,41,quantile,0.4,1
2026-10-10,0,wk inc rsv hosp,2026-10-10,41,quantile,0.45,1
2026-10-10,0,wk inc rsv hosp,2026-10-10,41,quantile,0.5,1
2026-10-10,0,wk inc rsv hosp,2026-10-10,41,quantile,0.55,1
2026-10-10,0,wk inc rsv hosp,2026-10-10,41,quantile,0.6,1
2026-10-10,0,wk inc rsv hosp,2026-10-10,41,quantile,0.65,2
2026-10-10,0,wk inc rsv hosp,2026-10-10,41,quantile,0.7,2
2026-10-10,0,wk inc rsv hosp,2026-10-10,41,quantile,0.75,3
2026-10-10,0,wk inc rsv hosp,2026-10-10,41,quantile,0.8,3
2026-10-10,0,wk inc rsv hosp,2026-10-10,41,quantile,0.85,5
2026-10-10,0,wk inc rsv hosp,2026-10-10,41,quantile,0.9,10
2026-10-10,0,wk inc rsv hosp,2026-10-10,41,quantile,0.95,19
2026-10-10,0,wk inc rsv hosp,2026-10-10,41,quantile,0.975,36.42499999999997
2026-10-10,0,wk inc rsv hosp,2026-10-10,41,quantile,0.99,49
2026-10-10,0,wk inc rsv hosp,2026-10-10,42,quantile,0.01,0
2026-10-10,0,wk inc rsv hosp,2026-10-10,42,quantile,0.025,0
2026-10-10,0,wk inc rsv hosp,2026-10-10,42,quantile,0.05,0
2026-10-10,0,wk inc rsv hosp,2026-10-10,42,quantile,0.1,0
2026-10-10,0,wk inc rsv hosp,2026-10-10,42,quantile,0.15,8
2026-10-10,0,wk inc rsv hosp,2026-10-10,42,quantile,0.2,20.000472004720052
2026-10-10,0,wk inc rsv hosp,2026-10-10,42,quantile,0.25,27.750000000000004
2026-10-10,0,wk inc rsv hosp,2026-10-10,42,quantile,0.3,31.499999999999993
2026-10-10,0,wk inc rsv hosp,2026-10-10,42,quantile,0.35,35
2026-10-10,0,wk inc rsv hosp,2026-10-10,42,quantile,0.4,37
2026-10-10,0,wk inc rsv hosp,2026-10-10,42,quantile,0.45,38
2026-10-10,0,wk inc rsv hosp,2026-10-10,42,quantile,0.5,39
2026-10-10,0,wk inc rsv hosp,2026-10-10,42,quantile,0.55,40
2026-10-10,0,wk inc rsv hosp,2026-10-10,42,quantile,0.6,41
2026-10-10,0,wk inc rsv hosp,2026-10-10,42,quantile,0.65,43
2026-10-10,0,wk inc rsv hosp,2026-10-10,42,quantile,0.7,46.49999999999995
2026-10-10,0,wk inc rsv hosp,2026-10-10,42,quantile,0.75,50.24999999999999
2026-10-10,0,wk inc rsv hosp,2026-10-10,42,quantile,0.8,57.99952799527994
2026-10-10,0,wk inc rsv hosp,2026-10-10,42,quantile,0.85,70
2026-10-10,0,wk inc rsv hosp,2026-10-10,42,quantile,0.9,100
2026-10-10,0,wk inc rsv hosp,2026-10-10,42,quantile,0.95,127.49999999999996
2026-10-10,0,wk inc rsv hosp,2026-10-10,42,quantile,0.975,148.74999999999994
2026-10-10,0,wk inc rsv hosp,2026-10-10,42,quantile,0.99,261.3
2026-10-10,0,wk inc rsv hosp,2026-10-10,44,quantile,0.01,0
2026-10-10,0,wk inc rsv hosp,2026-10-10,44,quantile,0.025,0
2026-10-10,0,wk inc rsv hosp,2026-10-10,44,quantile,0.05,0
2026-10-10,0,wk inc rsv hosp,2026-10-10,44,quantile,0.1,0
2026-10-10,0,wk inc rsv hosp,2026-10-10,44,quantile,0.15,0
2026-10-10,0,wk inc rsv hosp,2026-10-10,44,quantile,0.2,0
2026-10-10,0,wk inc rsv hosp,2026-10-10,44,quantile,0.25,0
2026-10-10,0,wk inc rsv hosp,2026-10-10,44,quantile,0.3,0
2026-10-10,0,wk inc rsv hosp,2026-10-10,44,quantile,0.35,0
2026-10-10,0,wk inc rsv hosp,2026-10-10,44,quantile,0.4,1
2026-10-10,0,wk inc rsv hosp,2026-10-10,44,quantile,0.45,1
2026-10-10,0,wk inc rsv hosp,2026-10-10,44,quantile,0.5,1
2026-10-10,0,wk inc rsv hosp,2026-10-10,44,quantile,0.55,1
2026-10-10,0,wk inc rsv hosp,2026-10-10,44,quantile,0.6,1
2026-10-10,0,wk inc rsv hosp,2026-10-10,44,quantile,0.65,2
2026-10-10,0,wk inc rsv hosp,2026-10-10,44,quantile,0.7,2
2026-10-10,0,wk inc rsv hosp,2026-10-10,44,quantile,0.75,3
2026-10-10,0,wk inc rsv hosp,2026-10-10,44,quantile,0.8,4
2026-10-10,0,wk inc rsv hosp,2026-10-10,44,quantile,0.85,5
2026-10-10,0,wk inc rsv hosp,2026-10-10,44,quantile,0.9,6
2026-10-10,0,wk inc rsv hosp,2026-10-10,44,quantile,0.95,11.449999999999985
2026-10-10,0,wk inc rsv hosp,2026-10-10,44,quantile,0.975,15
2026-10-10,0,wk inc rsv hosp,2026-10-10,44,quantile,0.99,18.48999999999999
2026-10-10,0,wk inc rsv hosp,2026-10-10,45,quantile,0.01,0
2026-10-10,0,wk inc rsv hosp,2026-10-10,45,quantile,0.025,0
2026-10-10,0,wk inc rsv hosp,2026-10-10,45,quantile,0.05,0
2026-10-10,0,wk inc rsv hosp,2026-10-10,45,quantile,0.1,0
2026-10-10,0,wk inc rsv hosp,2026-10-10,45,quantile,0.15,0
2026-10-10,0,wk inc rsv hosp,2026-10-10,45,quantile,0.2,2
2026-10-10,0,wk inc rsv hosp,2026-10-10,45,quantile,0.25,4
2026-10-10,0,wk inc rsv hosp,2026-10-10,45,quantile,0.3,6
2026-10-10,0,wk inc rsv hosp,2026-10-10,45,quantile,0.35,7
2026-10-10,0,wk inc rsv hosp,2026-10-10,45,quantile,0.4,8
2026-10-10,0,wk inc rsv hosp,2026-10-10,45,quantile,0.45,8
2026-10-10,0,wk inc rsv hosp,2026-10-10,45,quantile,0.5,8
2026-10-10,0,wk inc rsv hosp,2026-10-10,45,quantile,0.55,8
2026-10-10,0,wk inc rsv hosp,2026-10-10,45,quantile,0.6,8
2026-10-10,0,wk inc rsv hosp,2026-10-10,45,quantile,0.65,9
2026-10-10,0,wk inc rsv hosp,2026-10-10,45,quantile,0.7,10
2026-10-10,0,wk inc rsv hosp,2026-10-10,45,quantile,0.75,12
2026-10-10,0,wk inc rsv hosp,2026-10-10,45,quantile,0.8,14
2026-10-10,0,wk inc rsv hosp,2026-10-10,45,quantile,0.85,17.049999999999986
2026-10-10,0,wk inc rsv hosp,2026-10-10,45,quantile,0.9,25.70000000000001
2026-10-10,0,wk inc rsv hosp,2026-10-10,45,quantile,0.95,40.34999999999999
2026-10-10,0,wk inc rsv hosp,2026-10-10,45,quantile,0.975,48
2026-10-10,0,wk inc rsv hosp,2026-10-10,45,quantile,0.99,63.669999999999966
2026-10-10,0,wk inc rsv hosp,2026-10-10,46,quantile,0.01,0
2026-10-10,0,wk inc rsv hosp,2026-10-10,46,quantile,0.025,0
2026-10-10,0,wk inc rsv hosp,2026-10-10,46,quantile,0.05,0
2026-10-10,0,wk inc rsv hosp,2026-10-10,46,quantile,0.1,0
2026-10-10,0,wk inc rsv hosp,2026-10-10,46,quantile,0.15,0
2026-10-10,0,wk inc rsv hosp,2026-10-10,46,quantile,0.2,1
2026-10-10,0,wk inc rsv hosp,2026-10-10,46,quantile,0.25,1
2026-10-10,0,wk inc rsv hosp,2026-10-10,46,quantile,0.3,2
2026-10-10,0,wk inc rsv hosp,2026-10-10,46,quantile,0.35,2
2026-10-10,0,wk inc rsv hosp,2026-10-10,46,quantile,0.4,2
2026-10-10,0,wk inc rsv hosp,2026-10-10,46,quantile,0.45,2
2026-10-10,0,wk inc rsv hosp,2026-10-10,46,quantile,0.5,2
2026-10-10,0,wk inc rsv hosp,2026-10-10,46,quantile,0.55,2
2026-10-10,0,wk inc rsv hosp,2026-10-10,46,quantile,0.6,2
2026-10-10,0,wk inc rsv hosp,2026-10-10,46,quantile,0.65,2
2026-10-10,0,wk inc rsv hosp,2026-10-10,46,quantile,0.7,2
2026-10-10,0,wk inc rsv hosp,2026-10-10,46,quantile,0.75,3
2026-10-10,0,wk inc rsv hosp,2026-10-10,46,quantile,0.8,3
2026-10-10,0,wk inc rsv hosp,2026-10-10,46,quantile,0.85,4
2026-10-10,0,wk inc rsv hosp,2026-10-10,46,quantile,0.9,5
2026-10-10,0,wk inc rsv hosp,2026-10-10,46,quantile,0.95,9
2026-10-10,0,wk inc rsv hosp,2026-10-10,46,quantile,0.975,11.924999999999953
2026-10-10,0,wk inc rsv hosp,2026-10-10,46,quantile,0.99,16
2026-10-10,0,wk inc rsv hosp,2026-10-10,47,quantile,0.01,0
2026-10-10,0,wk inc rsv hosp,2026-10-10,47,quantile,0.025,0
2026-10-10,0,wk inc rsv hosp,2026-10-10,47,quantile,0.05,0
2026-10-10,0,wk inc rsv hosp,2026-10-10,47,quantile,0.1,0
2026-10-10,0,wk inc rsv hosp,2026-10-10,47,quantile,0.15,0
2026-10-10,0,wk inc rsv hosp,2026-10-10,47,quantile,0.2,2
2026-10-10,0,wk inc rsv hosp,2026-10-10,47,quantile,0.25,5
2026-10-10,0,wk inc rsv hosp,2026-10-10,47,quantile,0.3,7
2026-10-10,0,wk inc rsv hosp,2026-10-10,47,quantile,0.35,8
2026-10-10,0,wk inc rsv hosp,2026-10-10,47,quantile,0.4,9
2026-10-10,0,wk inc rsv hosp,2026-10-10,47,quantile,0.45,10
2026-10-10,0,wk inc rsv hosp,2026-10-10,47,quantile,0.5,10
2026-10-10,0,wk inc rsv hosp,2026-10-10,47,quantile,0.55,10
2026-10-10,0,wk inc rsv hosp,2026-10-10,47,quantile,0.6,11
2026-10-10,0,wk inc rsv hosp,2026-10-10,47,quantile,0.65,12
2026-10-10,0,wk inc rsv hosp,2026-10-10,47,quantile,0.7,13
2026-10-10,0,wk inc rsv hosp,2026-10-10,47,quantile,0.75,15
2026-10-10,0,wk inc rsv hosp,2026-10-10,47,quantile,0.8,18
2026-10-10,0,wk inc rsv hosp,2026-10-10,47,quantile,0.85,23.299999999999983
2026-10-10,0,wk inc rsv hosp,2026-10-10,47,quantile,0.9,28
2026-10-10,0,wk inc rsv hosp,2026-10-10,47,quantile,0.95,45.55
2026-10-10,0,wk inc rsv hosp,2026-10-10,47,quantile,0.975,70.19999999999987
2026-10-10,0,wk inc rsv hosp,2026-10-10,47,quantile,0.99,80.90999999999998
2026-10-10,0,wk inc rsv hosp,2026-10-10,48,quantile,0.01,0
2026-10-10,0,wk inc rsv hosp,2026-10-10,48,quantile,0.025,0
2026-10-10,0,wk inc rsv hosp,2026-10-10,48,quantile,0.05,0
2026-10-10,0,wk inc rsv hosp,2026-10-10,48,quantile,0.1,14.500000000000007
2026-10-10,0,wk inc rsv hosp,2026-10-10,48,quantile,0.15,39.25
2026-10-10,0,wk inc rsv hosp,2026-10-10,48,quantile,0.2,52.00047200472005
2026-10-10,0,wk inc rsv hosp,2026-10-10,48,quantile,0.25,60
2026-10-10,0,wk inc rsv hosp,2026-10-10,48,quantile,0.3,64
2026-10-10,0,wk inc rsv hosp,2026-10-10,48,quantile,0.35,66
2026-10-10,0,wk inc rsv hosp,2026-10-10,48,quantile,0.4,68
2026-10-10,0,wk inc rsv hosp,2026-10-10,48,quantile,0.45,68
2026-10-10,0,wk inc rsv hosp,2026-10-10,48,quantile,0.5,68
2026-10-10,0,wk inc rsv hosp,2026-10-10,48,quantile,0.55,68
2026-10-10,0,wk inc rsv hosp,2026-10-10,48,quantile,0.6,68
2026-10-10,0,wk inc rsv hosp,2026-10-10,48,quantile,0.65,70
2026-10-10,0,wk inc rsv hosp,2026-10-10,48,quantile,0.7,72
2026-10-10,0,wk inc rsv hosp,2026-10-10,48,quantile,0.75,76
2026-10-10,0,wk inc rsv hosp,2026-10-10,48,quantile,0.8,83.99952799527995
2026-10-10,0,wk inc rsv hosp,2026-10-10,48,quantile,0.85,96.75
2026-10-10,0,wk inc rsv hosp,2026-10-10,48,quantile,0.9,121.5
2026-10-10,0,wk inc rsv hosp,2026-10-10,48,quantile,0.95,159.99999999999974
2026-10-10,0,wk inc rsv hosp,2026-10-10,48,quantile,0.975,208.87499999999997
2026-10-10,0,wk inc rsv hosp,2026-10-10,48,quantile,0.99,247.35
2026-10-10,0,wk inc rsv hosp,2026-10-10,49,quantile,0.01,0
2026-10-10,0,wk inc rsv hosp,2026-10-10,49,quantile,0.025,0
2026-10-10,0,wk inc rsv hosp,2026-10-10,49,quantile,0.05,0
2026-10-10,0,wk inc rsv hosp,2026-10-10,49,quantile,0.1,0
2026-10-10,0,wk inc rsv hosp,2026-10-10,49,quantile,0.15,0
2026-10-10,0,wk inc rsv hosp,2026-10-10,49,quantile,0.2,0
2026-10-10,0,wk inc rsv hosp,2026-10-10,49,quantile,0.25,0
2026-10-10,0,wk inc rsv hosp,2026-10-10,49,quantile,0.3,0
2026-10-10,0,wk inc rsv hosp,2026-10-10,49,quantile,0.35,0
2026-10-10,0,wk inc rsv hosp,2026-10-10,49,quantile,0.4,0
2026-10-10,0,wk inc rsv hosp,2026-10-10,49,quantile,0.45,0
2026-10-10,0,wk inc rsv hosp,2026-10-10,49,quantile,0.5,0
2026-10-10,0,wk inc rsv hosp,2026-10-10,49,quantile,0.55,0
2026-10-10,0,wk inc rsv hosp,2026-10-10,49,quantile,0.6,0
2026-10-10,0,wk inc rsv hosp,2026-10-10,49,quantile,0.65,1
2026-10-10,0,wk inc rsv hosp,2026-10-10,49,quantile,0.7,1
2026-10-10,0,wk inc rsv hosp,2026-10-10,49,quantile,0.75,2
2026-10-10,0,wk inc rsv hosp,2026-10-10,49,quantile,0.8,3
2026-10-10,0,wk inc rsv hosp,2026-10-10,49,quantile,0.85,5
2026-10-10,0,wk inc rsv hosp,2026-10-10,49,quantile,0.9,7
2026-10-10,0,wk inc rsv hosp,2026-10-10,49,quantile,0.95,12.34999999999999
2026-10-10,0,wk inc rsv hosp,2026-10-10,49,quantile,0.975,34.074999999999704
2026-10-10,0,wk inc rsv hosp,2026-10-10,49,quantile,0.99,51
2026-10-10,0,wk inc rsv hosp,2026-10-10,50,quantile,0.01,0
2026-10-10,0,wk inc rsv hosp,2026-10-10,50,quantile,0.025,0
2026-10-10,0,wk inc rsv hosp,2026-10-10,50,quantile,0.05,0
2026-10-10,0,wk inc rsv hosp,2026-10-10,50,quantile,0.1,0
2026-10-10,0,wk inc rsv hosp,2026-10-10,50,quantile,0.15,0
2026-10-10,0,wk inc rsv hosp,2026-10-10,50,quantile,0.2,0
2026-10-10,0,wk inc rsv hosp,2026-10-10,50,quantile,0.25,0
2026-10-10,0,wk inc rsv hosp,2026-10-10,50,quantile,0.3,0
2026-10-10,0,wk inc rsv hosp,2026-10-10,50,quantile,0.35,0
2026-10-10,0,wk inc rsv hosp,2026-10-10,50,quantile,0.4,0
2026-10-10,0,wk inc rsv hosp,2026-10-10,50,quantile,0.45,0
2026-10-10,0,wk inc rsv hosp,2026-10-10,50,quantile,0.5,0
2026-10-10,0,wk inc rsv hosp,2026-10-10,50,quantile,0.55,0
2026-10-10,0,wk inc rsv hosp,2026-10-10,50,quantile,0.6,0
2026-10-10,0,wk inc rsv hosp,2026-10-10,50,quantile,0.65,0
2026-10-10,0,wk inc rsv hosp,2026-10-10,50,quantile,0.7,1
2026-10-10,0,wk inc rsv hosp,2026-10-10,50,quantile,0.75,1
2026-10-10,0,wk inc rsv hosp,2026-10-10,50,quantile,0.8,1
2026-10-10,0,wk inc rsv hosp,2026-10-10,50,quantile,0.85,2
2026-10-10,0,wk inc rsv hosp,2026-10-10,50,quantile,0.9,3
2026-10-10,0,wk inc rsv hosp,2026-10-10,50,quantile,0.95,5
2026-10-10,0,wk inc rsv hosp,2026-10-10,50,quantile,0.975,8
2026-10-10,0,wk inc rsv hosp,2026-10-10,50,quantile,0.99,10.219999999999951
2026-10-10,0,wk inc rsv hosp,2026-10-10,51,quantile,0.01,0
2026-10-10,0,wk inc rsv hosp,2026-10-10,51,quantile,0.025,0
2026-10-10,0,wk inc rsv hosp,2026-10-10,51,quantile,0.05,0
2026-10-10,0,wk inc rsv hosp,2026-10-10,51,quantile,0.1,0
2026-10-10,0,wk inc rsv hosp,2026-10-10,51,quantile,0.15,0
2026-10-10,0,wk inc rsv hosp,2026-10-10,51,quantile,0.2,0.999527995279959
2026-10-10,0,wk inc rsv hosp,2026-10-10,51,quantile,0.25,2.7500000000000036
2026-10-10,0,wk inc rsv hosp,2026-10-10,51,quantile,0.3,4
2026-10-10,0,wk inc rsv hosp,2026-10-10,51,quantile,0.35,5
2026-10-10,0,wk inc rsv hosp,2026-10-10,51,quantile,0.4,5
2026-10-10,0,wk inc rsv hosp,2026-10-10,51,quantile,0.45,5
2026-10-10,0,wk inc rsv hosp,2026-10-10,51,quantile,0.5,5
2026-10-10,0,wk inc rsv hosp,2026-10-10,51,quantile,0.55,5
2026-10-10,0,wk inc rsv hosp,2026-10-10,51,quantile,0.6,5
2026-10-10,0,wk inc rsv hosp,2026-10-10,51,quantile,0.65,5
2026-10-10,0,wk inc rsv hosp,2026-10-10,51,quantile,0.7,6
2026-10-10,0,wk inc rsv hosp,2026-10-10,51,quantile,0.75,7.249999999999993
2026-10-10,0,wk inc rsv hosp,2026-10-10,51,quantile,0.8,9.00047200472008
2026-10-10,0,wk inc rsv hosp,2026-10-10,51,quantile,0.85,13
2026-10-10,0,wk inc rsv hosp,2026-10-10,51,quantile,0.9,19
2026-10-10,0,wk inc rsv hosp,2026-10-10,51,quantile,0.95,34.24999999999998
2026-10-10,0,wk inc rsv hosp,2026-10-10,51,quantile,0.975,42
2026-10-10,0,wk inc rsv hosp,2026-10-10,51,quantile,0.99,59.64999999999996
2026-10-10,0,wk inc rsv hosp,2026-10-10,53,quantile,0.01,0
2026-10-10,0,wk inc rsv hosp,2026-10-10,53,quantile,0.025,0
2026-10-10,0,wk inc rsv hosp,2026-10-10,53,quantile,0.05,0
2026-10-10,0,wk inc rsv hosp,2026-10-10,53,quantile,0.1,0
2026-10-10,0,wk inc rsv hosp,2026-10-10,53,quantile,0.15,0
2026-10-10,0,wk inc rsv hosp,2026-10-10,53,quantile,0.2,0
2026-10-10,0,wk inc rsv hosp,2026-10-10,53,quantile,0.25,0
2026-10-10,0,wk inc rsv hosp,2026-10-10,53,quantile,0.3,1
2026-10-10,0,wk inc rsv hosp,2026-10-10,53,quantile,0.35,2
2026-10-10,0,wk inc rsv hosp,2026-10-10,53,quantile,0.4,2
2026-10-10,0,wk inc rsv hosp,2026-10-10,53,quantile,0.45,3
2026-10-10,0,wk inc rsv hosp,2026-10-10,53,quantile,0.5,3
2026-10-10,0,wk inc rsv hosp,2026-10-10,53,quantile,0.55,3
2026-10-10,0,wk inc rsv hosp,2026-10-10,53,quantile,0.6,4
2026-10-10,0,wk inc rsv hosp,2026-10-10,53,quantile,0.65,4
2026-10-10,0,wk inc rsv hosp,2026-10-10,53,quantile,0.7,5
2026-10-10,0,wk inc rsv hosp,2026-10-10,53,quantile,0.75,6
2026-10-10,0,wk inc rsv hosp,2026-10-10,53,quantile,0.8,7
2026-10-10,0,wk inc rsv hosp,2026-10-10,53,quantile,0.85,9
2026-10-10,0,wk inc rsv hosp,2026-10-10,53,quantile,0.9,15.100000000000007
2026-10-10,0,wk inc rsv hosp,2026-10-10,53,quantile,0.95,24
2026-10-10,0,wk inc rsv hosp,2026-10-10,53,quantile,0.975,29.274999999999984
2026-10-10,0,wk inc rsv hosp,2026-10-10,53,quantile,0.99,33.549999999999926
2026-10-10,0,wk inc rsv hosp,2026-10-10,54,quantile,0.01,0
2026-10-10,0,wk inc rsv hosp,2026-10-10,54,quantile,0.025,0
2026-10-10,0,wk inc rsv hosp,2026-10-10,54,quantile,0.05,0
2026-10-10,0,wk inc rsv hosp,2026-10-10,54,quantile,0.1,0
2026-10-10,0,wk inc rsv hosp,2026-10-10,54,quantile,0.15,0
2026-10-10,0,wk inc rsv hosp,2026-10-10,54,quantile,0.2,0
2026-10-10,0,wk inc rsv hosp,2026-10-10,54,quantile,0.25,0
2026-10-10,0,wk inc rsv hosp,2026-10-10,54,quantile,0.3,0
2026-10-10,0,wk inc rsv hosp,2026-10-10,54,quantile,0.35,0
2026-10-10,0,wk inc rsv hosp,2026-10-10,54,quantile,0.4,0
2026-10-10,0,wk inc rsv hosp,2026-10-10,54,quantile,0.45,1
2026-10-10,0,wk inc rsv hosp,2026-10-10,54,quantile,0.5,1
2026-10-10,0,wk inc rsv hosp,2026-10-10,54,quantile,0.55,1
2026-10-10,0,wk inc rsv hosp,2026-10-10,54,quantile,0.6,2
2026-10-10,0,wk inc rsv hosp,2026-10-10,54,quantile,0.65,2
2026-10-10,0,wk inc rsv hosp,2026-10-10,54,quantile,0.7,4
2026-10-10,0,wk inc rsv hosp,2026-10-10,54,quantile,0.75,4.750000000000007
2026-10-10,0,wk inc rsv hosp,2026-10-10,54,quantile,0.8,6
2026-10-10,0,wk inc rsv hosp,2026-10-10,54,quantile,0.85,9.249999999999998
2026-10-10,0,wk inc rsv hosp,2026-10-10,54,quantile,0.9,13.500000000000009
2026-10-10,0,wk inc rsv hosp,2026-10-10,54,quantile,0.95,23
2026-10-10,0,wk inc rsv hosp,2026-10-10,54,quantile,0.975,32.249999999999886
2026-10-10,0,wk inc rsv hosp,2026-10-10,54,quantile,0.99,46.749999999999844
2026-10-10,0,wk inc rsv hosp,2026-10-10,55,quantile,0.01,0
2026-10-10,0,wk inc rsv hosp,2026-10-10,55,quantile,0.025,0
2026-10-10,0,wk inc rsv hosp,2026-10-10,55,quantile,0.05,0
2026-10-10,0,wk inc rsv hosp,2026-10-10,55,quantile,0.1,0
2026-10-10,0,wk inc rsv hosp,2026-10-10,55,quantile,0.15,0
2026-10-10,0,wk inc rsv hosp,2026-10-10,55,quantile,0.2,0
2026-10-10,0,wk inc rsv hosp,2026-10-10,55,quantile,0.25,0
2026-10-10,0,wk inc rsv hosp,2026-10-10,55,quantile,0.3,1
2026-10-10,0,wk inc rsv hosp,2026-10-10,55,quantile,0.35,2.3499999999999917
2026-10-10,0,wk inc rsv hosp,2026-10-10,55,quantile,0.4,3
2026-10-10,0,wk inc rsv hosp,2026-10-10,55,quantile,0.45,4
2026-10-10,0,wk inc rsv hosp,2026-10-10,55,quantile,0.5,4
2026-10-10,0,wk inc rsv hosp,2026-10-10,55,quantile,0.55,4
2026-10-10,0,wk inc rsv hosp,2026-10-10,55,quantile,0.6,5
2026-10-10,0,wk inc rsv hosp,2026-10-10,55,quantile,0.65,5.650000000000008
2026-10-10,0,wk inc rsv hosp,2026-10-10,55,quantile,0.7,7
2026-10-10,0,wk inc rsv hosp,2026-10-10,55,quantile,0.75,8.749999999999993
2026-10-10,0,wk inc rsv hosp,2026-10-10,55,quantile,0.8,11
2026-10-10,0,wk inc rsv hosp,2026-10-10,55,quantile,0.85,14
2026-10-10,0,wk inc rsv hosp,2026-10-10,55,quantile,0.9,19.900000000000016
2026-10-10,0,wk inc rsv hosp,2026-10-10,55,quantile,0.95,36.89999999999998
2026-10-10,0,wk inc rsv hosp,2026-10-10,55,quantile,0.975,43
2026-10-10,0,wk inc rsv hosp,2026-10-10,55,quantile,0.99,44.78999999999998
2026-10-10,0,wk inc rsv hosp,2026-10-10,56,quantile,0.01,0
2026-10-10,0,wk inc rsv hosp,2026-10-10,56,quantile,0.025,0
2026-10-10,0,wk inc rsv hosp,2026-10-10,56,quantile,0.05,0
2026-10-10,0,wk inc rsv hosp,2026-10-10,56,quantile,0.1,0
2026-10-10,0,wk inc rsv hosp,2026-10-10,56,quantile,0.15,0
2026-10-10,0,wk inc rsv hosp,2026-10-10,56,quantile,0.2,0
2026-10-10,0,wk inc rsv hosp,2026-10-10,56,quantile,0.25,0
2026-10-10,0,wk inc rsv hosp,2026-10-10,56,quantile,0.3,0
2026-10-10,0,wk inc rsv hosp,2026-10-10,56,quantile,0.35,0
2026-10-10,0,wk inc rsv hosp,2026-10-10,56,quantile,0.4,0
2026-10-10,0,wk inc rsv hosp,2026-10-10,56,quantile,0.45,0
2026-10-10,0,wk inc rsv hosp,2026-10-10,56,quantile,0.5,0
2026-10-10,0,wk inc rsv hosp,2026-10-10,56,quantile,0.55,0
2026-10-10,0,wk inc rsv hosp,2026-10-10,56,quantile,0.6,0
2026-10-10,0,wk inc rsv hosp,2026-10-10,56,quantile,0.65,0
2026-10-10,0,wk inc rsv hosp,2026-10-10,56,quantile,0.7,0
2026-10-10,0,wk inc rsv hosp,2026-10-10,56,quantile,0.75,1
2026-10-10,0,wk inc rsv hosp,2026-10-10,56,quantile,0.8,1
2026-10-10,0,wk inc rsv hosp,2026-10-10,56,quantile,0.85,2
2026-10-10,0,wk inc rsv hosp,2026-10-10,56,quantile,0.9,3
2026-10-10,0,wk inc rsv hosp,2026-10-10,56,quantile,0.95,8
2026-10-10,0,wk inc rsv hosp,2026-10-10,56,quantile,0.975,11
2026-10-10,0,wk inc rsv hosp,2026-10-10,56,quantile,0.99,16.129999999999953
2026-10-10,0,wk inc rsv hosp,2026-10-10,72,quantile,0.01,0
2026-10-10,0,wk inc rsv hosp,2026-10-10,72,quantile,0.025,0
2026-10-10,0,wk inc rsv hosp,2026-10-10,72,quantile,0.05,0
2026-10-10,0,wk inc rsv hosp,2026-10-10,72,quantile,0.1,0
2026-10-10,0,wk inc rsv hosp,2026-10-10,72,quantile,0.15,0
2026-10-10,0,wk inc rsv hosp,2026-10-10,72,quantile,0.2,3
2026-10-10,0,wk inc rsv hosp,2026-10-10,72,quantile,0.25,5
2026-10-10,0,wk inc rsv hosp,2026-10-10,72,quantile,0.3,6
2026-10-10,0,wk inc rsv hosp,2026-10-10,72,quantile,0.35,7
2026-10-10,0,wk inc rsv hosp,2026-10-10,72,quantile,0.4,8
2026-10-10,0,wk inc rsv hosp,2026-10-10,72,quantile,0.45,8
2026-10-10,0,wk inc rsv hosp,2026-10-10,72,quantile,0.5,8
2026-10-10,0,wk inc rsv hosp,2026-10-10,72,quantile,0.55,8
2026-10-10,0,wk inc rsv hosp,2026-10-10,72,quantile,0.6,8
2026-10-10,0,wk inc rsv hosp,2026-10-10,72,quantile,0.65,9
2026-10-10,0,wk inc rsv hosp,2026-10-10,72,quantile,0.7,10
2026-10-10,0,wk inc rsv hosp,2026-10-10,72,quantile,0.75,11
2026-10-10,0,wk inc rsv hosp,2026-10-10,72,quantile,0.8,13
2026-10-10,0,wk inc rsv hosp,2026-10-10,72,quantile,0.85,17
2026-10-10,0,wk inc rsv hosp,2026-10-10,72,quantile,0.9,21.499999999999993
2026-10-10,0,wk inc rsv hosp,2026-10-10,72,quantile,0.95,43.499999999999964
2026-10-10,0,wk inc rsv hosp,2026-10-10,72,quantile,0.975,62.74999999999988
2026-10-10,0,wk inc rsv hosp,2026-10-10,72,quantile,0.99,99.3
2026-10-10,0,wk inc rsv hosp,2026-10-10,US,quantile,0.01,0
2026-10-10,0,wk inc rsv hosp,2026-10-10,US,quantile,0.025,0
2026-10-10,0,wk inc rsv hosp,2026-10-10,US,quantile,0.05,0
2026-10-10,0,wk inc rsv hosp,2026-10-10,US,quantile,0.1,9.200000000000044
2026-10-10,0,wk inc rsv hosp,2026-10-10,US,quantile,0.15,236.64999999999998
2026-10-10,0,wk inc rsv hosp,2026-10-10,US,quantile,0.2,402.0000000000001
2026-10-10,0,wk inc rsv hosp,2026-10-10,US,quantile,0.25,460.75
2026-10-10,0,wk inc rsv hosp,2026-10-10,US,quantile,0.3,502
2026-10-10,0,wk inc rsv hosp,2026-10-10,US,quantile,0.35,517.6999999999999
2026-10-10,0,wk inc rsv hosp,2026-10-10,US,quantile,0.4,525
2026-10-10,0,wk inc rsv hosp,2026-10-10,US,quantile,0.45,529
2026-10-10,0,wk inc rsv hosp,2026-10-10,US,quantile,0.5,531
2026-10-10,0,wk inc rsv hosp,2026-10-10,US,quantile,0.55,533
2026-10-10,0,wk inc rsv hosp,2026-10-10,US,quantile,0.6,537
2026-10-10,0,wk inc rsv hosp,2026-10-10,US,quantile,0.65,544.3
2026-10-10,0,wk inc rsv hosp,2026-10-10,US,quantile,0.7,560
2026-10-10,0,wk inc rsv hosp,2026-10-10,US,quantile,0.75,601.25
2026-10-10,0,wk inc rsv hosp,2026-10-10,US,quantile,0.8,660.0000000000002
2026-10-10,0,wk inc rsv hosp,2026-10-10,US,quantile,0.85,825.3499999999999
2026-10-10,0,wk inc rsv hosp,2026-10-10,US,quantile,0.9,1052.8
2026-10-10,0,wk inc rsv hosp,2026-10-10,US,quantile,0.95,1506.249999999997
2026-10-10,0,wk inc rsv hosp,2026-10-10,US,quantile,0.975,1885.5749999999896
2026-10-10,0,wk inc rsv hosp,2026-10-10,US,quantile,0.99,2504.6099999999974
2026-10-10,1,wk inc rsv hosp,2026-10-17,01,quantile,0.01,0
2026-10-10,1,wk inc rsv hosp,2026-10-17,01,quantile,0.025,0
2026-10-10,1,wk inc rsv hosp,2026-10-17,01,quantile,0.05,0
2026-10-10,1,wk inc rsv hosp,2026-10-17,01,quantile,0.1,0
2026-10-10,1,wk inc rsv hosp,2026-10-17,01,quantile,0.15,1
2026-10-10,1,wk inc rsv hosp,2026-10-17,01,quantile,0.2,3
2026-10-10,1,wk inc rsv hosp,2026-10-17,01,quantile,0.25,5
2026-10-10,1,wk inc rsv hosp,2026-10-17,01,quantile,0.3,6
2026-10-10,1,wk inc rsv hosp,2026-10-17,01,quantile,0.35,8
2026-10-10,1,wk inc rsv hosp,2026-10-17,01,quantile,0.4,9
2026-10-10,1,wk inc rsv hosp,2026-10-17,01,quantile,0.45,10.214092140921416
2026-10-10,1,wk inc rsv hosp,2026-10-17,01,quantile,0.5,11
2026-10-10,1,wk inc rsv hosp,2026-10-17,01,quantile,0.55,12
2026-10-10,1,wk inc rsv hosp,2026-10-17,01,quantile,0.6,13
2026-10-10,1,wk inc rsv hosp,2026-10-17,01,quantile,0.65,14.132791327913282
2026-10-10,1,wk inc rsv hosp,2026-10-17,01,quantile,0.7,16
2026-10-10,1,wk inc rsv hosp,2026-10-17,01,quantile,0.75,17.198509485094874
2026-10-10,1,wk inc rsv hosp,2026-10-17,01,quantile,0.8,19.325203252032505
2026-10-10,1,wk inc rsv hosp,2026-10-17,01,quantile,0.85,22.479674796747986
2026-10-10,1,wk inc rsv hosp,2026-10-17,01,quantile,0.9,27.05420054200542
2026-10-10,1,wk inc rsv hosp,2026-10-17,01,quantile,0.95,35
2026-10-10,1,wk inc rsv hosp,2026-10-17,01,quantile,0.975,46.292750677506724
2026-10-10,1,wk inc rsv hosp,2026-10-17,01,quantile,0.99,60.99466124661235
2026-10-10,1,wk inc rsv hosp,2026-10-17,02,quantile,0.01,0
2026-10-10,1,wk inc rsv hosp,2026-10-17,02,quantile,0.025,0
2026-10-10,1,wk inc rsv hosp,2026-10-17,02,quantile,0.05,0
2026-10-10,1,wk inc rsv hosp,2026-10-17,02,quantile,0.1,0
2026-10-10,1,wk inc rsv hosp,2026-10-17,02,quantile,0.15,0
2026-10-10,1,wk inc rsv hosp,2026-10-17,02,quantile,0.2,0
2026-10-10,1,wk inc rsv hosp,2026-10-17,02,quantile,0.25,1
2026-10-10,1,wk inc rsv hosp,2026-10-17,02,quantile,0.3,1
2026-10-10,1,wk inc rsv hosp,2026-10-17,02,quantile,0.35,2
2026-10-10,1,wk inc rsv hosp,2026-10-17,02,quantile,0.4,2
2026-10-10,1,wk inc rsv hosp,2026-10-17,02,quantile,0.45,3
2026-10-10,1,wk inc rsv hosp,2026-10-17,02,quantile,0.5,3
2026-10-10,1,wk inc rsv hosp,2026-10-17,02,quantile,0.55,4
2026-10-10,1,wk inc rsv hosp,2026-10-17,02,quantile,0.6,4
2026-10-10,1,wk inc rsv hosp,2026-10-17,02,quantile,0.65,4.7258287582876095
2026-10-10,1,wk inc rsv hosp,2026-10-17,02,quantile,0.7,5
2026-10-10,1,wk inc rsv hosp,2026-10-17,02,quantile,0.75,6
2026-10-10,1,wk inc rsv hosp,2026-10-17,02,quantile,0.8,7.386103861038651
2026-10-10,1,wk inc rsv hosp,2026-10-17,02,quantile,0.85,9
2026-10-10,1,wk inc rsv hosp,2026-10-17,02,quantile,0.9,12
2026-10-10,1,wk inc rsv hosp,2026-10-17,02,quantile,0.95,15.89876098760988
2026-10-10,1,wk inc rsv hosp,2026-10-17,02,quantile,0.975,18.669676446764477
2026-10-10,1,wk inc rsv hosp,2026-10-17,02,quantile,0.99,20.912265322653212
2026-10-10,1,wk inc rsv hosp,2026-10-17,04,quantile,0.01,0
2026-10-10,1,wk inc rsv hosp,2026-10-17,04,quantile,0.025,0
2026-10-10,1,wk inc rsv hosp,2026-10-17,04,quantile,0.05,0
2026-10-10,1,wk inc rsv hosp,2026-10-17,04,quantile,0.1,0
2026-10-10,1,wk inc rsv hosp,2026-10-17,04,quantile,0.15,0
2026-10-10,1,wk inc rsv hosp,2026-10-17,04,quantile,0.2,0
2026-10-10,1,wk inc rsv hosp,2026-10-17,04,quantile,0.25,0
2026-10-10,1,wk inc rsv hosp,2026-10-17,04,quantile,0.3,0
2026-10-10,1,wk inc rsv hosp,2026-10-17,04,quantile,0.35,0
2026-10-10,1,wk inc rsv hosp,2026-10-17,04,quantile,0.4,0
2026-10-10,1,wk inc rsv hosp,2026-10-17,04,quantile,0.45,1
2026-10-10,1,wk inc rsv hosp,2026-10-17,04,quantile,0.5,2
2026-10-10,1,wk inc rsv hosp,2026-10-17,04,quantile,0.55,3
2026-10-10,1,wk inc rsv hosp,2026-10-17,04,quantile,0.6,4
2026-10-10,1,wk inc rsv hosp,2026-10-17,04,quantile,0.65,5
2026-10-10,1,wk inc rsv hosp,2026-10-17,04,quantile,0.7,7
2026-10-10,1,wk inc rsv hosp,2026-10-17,04,quantile,0.75,9
2026-10-10,1,wk inc rsv hosp,2026-10-17,04,quantile,0.8,12
2026-10-10,1,wk inc rsv hosp,2026-10-17,04,quantile,0.85,17
2026-10-10,1,wk inc rsv hosp,2026-10-17,04,quantile,0.9,28.75159751597526
2026-10-10,1,wk inc rsv hosp,2026-10-17,04,quantile,0.95,57.46221762217561
2026-10-10,1,wk inc rsv hosp,2026-10-17,04,quantile,0.975,84.95643956439551
2026-10-10,1,wk inc rsv hosp,2026-10-17,04,quantile,0.99,99.78772477724775
2026-10-10,1,wk inc rsv hosp,2026-10-17,05,quantile,0.01,0
2026-10-10,1,wk inc rsv hosp,2026-10-17,05,quantile,0.025,0
2026-10-10,1,wk inc rsv hosp,2026-10-17,05,quantile,0.05,0
2026-10-10,1,wk inc rsv hosp,2026-10-17,05,quantile,0.1,0
2026-10-10,1,wk inc rsv hosp,2026-10-17,05,quantile,0.15,0
2026-10-10,1,wk inc rsv hosp,2026-10-17,05,quantile,0.2,0
2026-10-10,1,wk inc rsv hosp,2026-10-17,05,quantile,0.25,0
2026-10-10,1,wk inc rsv hosp,2026-10-17,05,quantile,0.3,0
2026-10-10,1,wk inc rsv hosp,2026-10-17,05,quantile,0.35,0
2026-10-10,1,wk inc rsv hosp,2026-10-17,05,quantile,0.4,1
2026-10-10,1,wk inc rsv hosp,2026-10-17,05,quantile,0.45,1
2026-10-10,1,wk inc rsv hosp,2026-10-17,05,quantile,0.5,1
2026-10-10,1,wk inc rsv hosp,2026-10-17,05,quantile,0.55,2
2026-10-10,1,wk inc rsv hosp,2026-10-17,05,quantile,0.6,2
2026-10-10,1,wk inc rsv hosp,2026-10-17,05,quantile,0.65,3
2026-10-10,1,wk inc rsv hosp,2026-10-17,05,quantile,0.7,4
2026-10-10,1,wk inc rsv hosp,2026-10-17,05,quantile,0.75,5
2026-10-10,1,wk inc rsv hosp,2026-10-17,05,quantile,0.8,7
2026-10-10,1,wk inc rsv hosp,2026-10-17,05,quantile,0.85,9
2026-10-10,1,wk inc rsv hosp,2026-10-17,05,quantile,0.9,13.075896758967584
2026-10-10,1,wk inc rsv hosp,2026-10-17,05,quantile,0.95,19.73492834928339
2026-10-10,1,wk inc rsv hosp,2026-10-17,05,quantile,0.975,25.13264357643572
2026-10-10,1,wk inc rsv hosp,2026-10-17,05,quantile,0.99,28
2026-10-10,1,wk inc rsv hosp,2026-10-17,06,quantile,0.01,0
2026-10-10,1,wk inc rsv hosp,2026-10-17,06,quantile,0.025,0
2026-10-10,1,wk inc rsv hosp,2026-10-17,06,quantile,0.05,0
2026-10-10,1,wk inc rsv hosp,2026-10-17,06,quantile,0.1,0
2026-10-10,1,wk inc rsv hosp,2026-10-17,06,quantile,0.15,0
2026-10-10,1,wk inc rsv hosp,2026-10-17,06,quantile,0.2,1.7375573755737954
2026-10-10,1,wk inc rsv hosp,2026-10-17,06,quantile,0.25,8
2026-10-10,1,wk inc rsv hosp,2026-10-17,06,quantile,0.3,14.174250742507416
2026-10-10,1,wk inc rsv hosp,2026-10-17,06,quantile,0.35,18.751872018720167
2026-10-10,1,wk inc rsv hosp,2026-10-17,06,quantile,0.4,22
2026-10-10,1,wk inc rsv hosp,2026-10-17,06,quantile,0.45,24.450598505985056
2026-10-10,1,wk inc rsv hosp,2026-10-17,06,quantile,0.5,26
2026-10-10,1,wk inc rsv hosp,2026-10-17,06,quantile,0.55,28.494077940779412
2026-10-10,1,wk inc rsv hosp,2026-10-17,06,quantile,0.6,31.195913959139578
2026-10-10,1,wk inc rsv hosp,2026-10-17,06,quantile,0.65,35
2026-10-10,1,wk inc rsv hosp,2026-10-17,06,quantile,0.7,40.01881018810187
2026-10-10,1,wk inc rsv hosp,2026-10-17,06,quantile,0.75,48
2026-10-10,1,wk inc rsv hosp,2026-10-17,06,quantile,0.8,60.55465754657556
2026-10-10,1,wk inc rsv hosp,2026-10-17,06,quantile,0.85,74
2026-10-10,1,wk inc rsv hosp,2026-10-17,06,quantile,0.9,90.76095760957605
2026-10-10,1,wk inc rsv hosp,2026-10-17,06,quantile,0.95,124.45844658446555
2026-10-10,1,wk inc rsv hosp,2026-10-17,06,quantile,0.975,154.20940284402843
2026-10-10,1,wk inc rsv hosp,2026-10-17,06,quantile,0.99,177.65588155881545
2026-10-10,1,wk inc rsv hosp,2026-10-17,08,quantile,0.01,0
2026-10-10,1,wk inc rsv hosp,2026-10-17,08,quantile,0.025,0
2026-10-10,1,wk inc rsv hosp,2026-10-17,08,quantile,0.05,0
2026-10-10,1,wk inc rsv hosp,2026-10-17,08,quantile,0.1,0
2026-10-10,1,wk inc rsv hosp,2026-10-17,08,quantile,0.15,0
2026-10-10,1,wk inc rsv hosp,2026-10-17,08,quantile,0.2,0
2026-10-10,1,wk inc rsv hosp,2026-10-17,08,quantile,0.25,0
2026-10-10,1,wk inc rsv hosp,2026-10-17,08,quantile,0.3,0
2026-10-10,1,wk inc rsv hosp,2026-10-17,08,quantile,0.35,1
2026-10-10,1,wk inc rsv hosp,2026-10-17,08,quantile,0.4,1
2026-10-10,1,wk inc rsv hosp,2026-10-17,08,quantile,0.45,2
2026-10-10,1,wk inc rsv hosp,2026-10-17,08,quantile,0.5,2
2026-10-10,1,wk inc rsv hosp,2026-10-17,08,quantile,0.55,3
2026-10-10,1,wk inc rsv hosp,2026-10-17,08,quantile,0.6,3
2026-10-10,1,wk inc rsv hosp,2026-10-17,08,quantile,0.65,4
2026-10-10,1,wk inc rsv hosp,2026-10-17,08,quantile,0.7,5
2026-10-10,1,wk inc rsv hosp,2026-10-17,08,quantile,0.75,9.788825388253876
2026-10-10,1,wk inc rsv hosp,2026-10-17,08,quantile,0.8,15.023202232022317
2026-10-10,1,wk inc rsv hosp,2026-10-17,08,quantile,0.85,24.40905659056589
2026-10-10,1,wk inc rsv hosp,2026-10-17,08,quantile,0.9,32.10629406294066
2026-10-10,1,wk inc rsv hosp,2026-10-17,08,quantile,0.95,45.403770537705356
2026-10-10,1,wk inc rsv hosp,2026-10-17,08,quantile,0.975,61.83523310233091
2026-10-10,1,wk inc rsv hosp,2026-10-17,08,quantile,0.99,77.05838858388583
2026-10-10,1,wk inc rsv hosp,2026-10-17,09,quantile,0.01,0
2026-10-10,1,wk inc rsv hosp,2026-10-17,09,quantile,0.025,0
2026-10-10,1,wk inc rsv hosp,2026-10-17,09,quantile,0.05,0
2026-10-10,1,wk inc rsv hosp,2026-10-17,09,quantile,0.1,0
2026-10-10,1,wk inc rsv hosp,2026-10-17,09,quantile,0.15,0
2026-10-10,1,wk inc rsv hosp,2026-10-17,09,quantile,0.2,0
2026-10-10,1,wk inc rsv hosp,2026-10-17,09,quantile,0.25,0
2026-10-10,1,wk inc rsv hosp,2026-10-17,09,quantile,0.3,0
2026-10-10,1,wk inc rsv hosp,2026-10-17,09,quantile,0.35,0
2026-10-10,1,wk inc rsv hosp,2026-10-17,09,quantile,0.4,1
2026-10-10,1,wk inc rsv hosp,2026-10-17,09,quantile,0.45,1
2026-10-10,1,wk inc rsv hosp,2026-10-17,09,quantile,0.5,1
2026-10-10,1,wk inc rsv hosp,2026-10-17,09,quantile,0.55,2
2026-10-10,1,wk inc rsv hosp,2026-10-17,09,quantile,0.6,2
2026-10-10,1,wk inc rsv hosp,2026-10-17,09,quantile,0.65,3
2026-10-10,1,wk inc rsv hosp,2026-10-17,09,quantile,0.7,5
2026-10-10,1,wk inc rsv hosp,2026-10-17,09,quantile,0.75,6.758745087450883
2026-10-10,1,wk inc rsv hosp,2026-10-17,09,quantile,0.8,8.280160801608059
2026-10-10,1,wk inc rsv hosp,2026-10-17,09,quantile,0.85,11
2026-10-10,1,wk inc rsv hosp,2026-10-17,09,quantile,0.9,16
2026-10-10,1,wk inc rsv hosp,2026-10-17,09,quantile,0.95,28.799470494704757
2026-10-10,1,wk inc rsv hosp,2026-10-17,09,quantile,0.975,43.79660171601712
2026-10-10,1,wk inc rsv hosp,2026-10-17,09,quantile,0.99,49.22885608856087
2026-10-10,1,wk inc rsv hosp,2026-10-17,10,quantile,0.01,0
2026-10-10,1,wk inc rsv hosp,2026-10-17,10,quantile,0.025,0
2026-10-10,1,wk inc rsv hosp,2026-10-17,10,quantile,0.05,0
2026-10-10,1,wk inc rsv hosp,2026-10-17,10,quantile,0.1,0
2026-10-10,1,wk inc rsv hosp,2026-10-17,10,quantile,0.15,2
2026-10-10,1,wk inc rsv hosp,2026-10-17,10,quantile,0.2,4
2026-10-10,1,wk inc rsv hosp,2026-10-17,10,quantile,0.25,5
2026-10-10,1,wk inc rsv hosp,2026-10-17,10,quantile,0.3,6
2026-10-10,1,wk inc rsv hosp,2026-10-17,10,quantile,0.35,7
2026-10-10,1,wk inc rsv hosp,2026-10-17,10,quantile,0.4,7
2026-10-10,1,wk inc rsv hosp,2026-10-17,10,quantile,0.45,8
2026-10-10,1,wk inc rsv hosp,2026-10-17,10,quantile,0.5,8
2026-10-10,1,wk inc rsv hosp,2026-10-17,10,quantile,0.55,8
2026-10-10,1,wk inc rsv hosp,2026-10-17,10,quantile,0.6,9
2026-10-10,1,wk inc rsv hosp,2026-10-17,10,quantile,0.65,9
2026-10-10,1,wk inc rsv hosp,2026-10-17,10,quantile,0.7,10
2026-10-10,1,wk inc rsv hosp,2026-10-17,10,quantile,0.75,11
2026-10-10,1,wk inc rsv hosp,2026-10-17,10,quantile,0.8,12.051348513485133
2026-10-10,1,wk inc rsv hosp,2026-10-17,10,quantile,0.85,15
2026-10-10,1,wk inc rsv hosp,2026-10-17,10,quantile,0.9,18
2026-10-10,1,wk inc rsv hosp,2026-10-17,10,quantile,0.95,25.362373623736232
2026-10-10,1,wk inc rsv hosp,2026-10-17,10,quantile,0.975,32.574983249832464
2026-10-10,1,wk inc rsv hosp,2026-10-17,10,quantile,0.99,50.73874628746274
2026-10-10,1,wk inc rsv hosp,2026-10-17,11,quantile,0.01,0
2026-10-10,1,wk inc rsv hosp,2026-10-17,11,quantile,0.025,0
2026-10-10,1,wk inc rsv hosp,2026-10-17,11,quantile,0.05,0
2026-10-10,1,wk inc rsv hosp,2026-10-17,11,quantile,0.1,0
2026-10-10,1,wk inc rsv hosp,2026-10-17,11,quantile,0.15,0
2026-10-10,1,wk inc rsv hosp,2026-10-17,11,quantile,0.2,0
2026-10-10,1,wk inc rsv hosp,2026-10-17,11,quantile,0.25,0
2026-10-10,1,wk inc rsv hosp,2026-10-17,11,quantile,0.3,0
2026-10-10,1,wk inc rsv hosp,2026-10-17,11,quantile,0.35,0
2026-10-10,1,wk inc rsv hosp,2026-10-17,11,quantile,0.4,0
2026-10-10,1,wk inc rsv hosp,2026-10-17,11,quantile,0.45,0
2026-10-10,1,wk inc rsv hosp,2026-10-17,11,quantile,0.5,0
2026-10-10,1,wk inc rsv hosp,2026-10-17,11,quantile,0.55,0
2026-10-10,1,wk inc rsv hosp,2026-10-17,11,quantile,0.6,1
2026-10-10,1,wk inc rsv hosp,2026-10-17,11,quantile,0.65,1
2026-10-10,1,wk inc rsv hosp,2026-10-17,11,quantile,0.7,1
2026-10-10,1,wk inc rsv hosp,2026-10-17,11,quantile,0.75,2
2026-10-10,1,wk inc rsv hosp,2026-10-17,11,quantile,0.8,2.119785197851989
2026-10-10,1,wk inc rsv hosp,2026-10-17,11,quantile,0.85,3
2026-10-10,1,wk inc rsv hosp,2026-10-17,11,quantile,0.9,5
2026-10-10,1,wk inc rsv hosp,2026-10-17,11,quantile,0.95,8.407035070350668
2026-10-10,1,wk inc rsv hosp,2026-10-17,11,quantile,0.975,13.180271802717984
2026-10-10,1,wk inc rsv hosp,2026-10-17,11,quantile,0.99,17.125765457654563
2026-10-10,1,wk inc rsv hosp,2026-10-17,12,quantile,0.01,1
2026-10-10,1,wk inc rsv hosp,2026-10-17,12,quantile,0.025,50.55077450774508
2026-10-10,1,wk inc rsv hosp,2026-10-17,12,quantile,0.05,74.28530235302354
2026-10-10,1,wk inc rsv hosp,2026-10-17,12,quantile,0.1,97.90526405264055
2026-10-10,1,wk inc rsv hosp,2026-10-17,12,quantile,0.15,118.9027565275653
2026-10-10,1,wk inc rsv hosp,2026-10-17,12,quantile,0.2,130.90351503515038
2026-10-10,1,wk inc rsv hosp,2026-10-17,12,quantile,0.25,141
2026-10-10,1,wk inc rsv hosp,2026-10-17,12,quantile,0.3,147.2407784077841
2026-10-10,1,wk inc rsv hosp,2026-10-17,12,quantile,0.35,152
2026-10-10,1,wk inc rsv hosp,2026-10-17,12,quantile,0.4,157.48552285522857
2026-10-10,1,wk inc rsv hosp,2026-10-17,12,quantile,0.45,162
2026-10-10,1,wk inc rsv hosp,2026-10-17,12,quantile,0.5,163
2026-10-10,1,wk inc rsv hosp,2026-10-17,12,quantile,0.55,164
2026-10-10,1,wk inc rsv hosp,2026-10-17,12,quantile,0.6,168.86851668516684
2026-10-10,1,wk inc rsv hosp,2026-10-17,12,quantile,0.65,174
2026-10-10,1,wk inc rsv hosp,2026-10-17,12,quantile,0.7,178.94197941979417
2026-10-10,1,wk inc rsv hosp,2026-10-17,12,quantile,0.75,185
2026-10-10,1,wk inc rsv hosp,2026-10-17,12,quantile,0.8,195
2026-10-10,1,wk inc rsv hosp,2026-10-17,12,quantile,0.85,207.3417139171391
2026-10-10,1,wk inc rsv hosp,2026-10-17,12,quantile,0.9,228.29145591455915
2026-10-10,1,wk inc rsv hosp,2026-10-17,12,quantile,0.95,251.76287362873614
2026-10-10,1,wk inc rsv hosp,2026-10-17,12,quantile,0.975,275.7789577895778
2026-10-10,1,wk inc rsv hosp,2026-10-17,12,quantile,0.99,329.0954692546916
2026-10-10,1,wk inc rsv hosp,2026-10-17,13,quantile,0.01,0
2026-10-10,1,wk inc rsv hosp,2026-10-17,13,quantile,0.025,0
2026-10-10,1,wk inc rsv hosp,2026-10-17,13,quantile,0.05,0
2026-10-10,1,wk inc rsv hosp,2026-10-17,13,quantile,0.1,0
2026-10-10,1,wk inc rsv hosp,2026-10-17,13,quantile,0.15,9
2026-10-10,1,wk inc rsv hosp,2026-10-17,13,quantile,0.2,16
2026-10-10,1,wk inc rsv hosp,2026-10-17,13,quantile,0.25,19
2026-10-10,1,wk inc rsv hosp,2026-10-17,13,quantile,0.3,21.33343933439334
2026-10-10,1,wk inc rsv hosp,2026-10-17,13,quantile,0.35,24
2026-10-10,1,wk inc rsv hosp,2026-10-17,13,quantile,0.4,25
2026-10-10,1,wk inc rsv hosp,2026-10-17,13,quantile,0.45,26
2026-10-10,1,wk inc rsv hosp,2026-10-17,13,quantile,0.5,27
2026-10-10,1,wk inc rsv hosp,2026-10-17,13,quantile,0.55,28
2026-10-10,1,wk inc rsv hosp,2026-10-17,13,quantile,0.6,29
2026-10-10,1,wk inc rsv hosp,2026-10-17,13,quantile,0.65,30.3418979189792
2026-10-10,1,wk inc rsv hosp,2026-10-17,13,quantile,0.7,33
2026-10-10,1,wk inc rsv hosp,2026-10-17,13,quantile,0.75,35
2026-10-10,1,wk inc rsv hosp,2026-10-17,13,quantile,0.8,38.375997759977594
2026-10-10,1,wk inc rsv hosp,2026-10-17,13,quantile,0.85,47
2026-10-10,1,wk inc rsv hosp,2026-10-17,13,quantile,0.9,60
2026-10-10,1,wk inc rsv hosp,2026-10-17,13,quantile,0.95,82.95788807888074
2026-10-10,1,wk inc rsv hosp,2026-10-17,13,quantile,0.975,112.93370533705357
2026-10-10,1,wk inc rsv hosp,2026-10-17,13,quantile,0.99,166.14383043830406
2026-10-10,1,wk inc rsv hosp,2026-10-17,15,quantile,0.01,0
2026-10-10,1,wk inc rsv hosp,2026-10-17,15,quantile,0.025,0
2026-10-10,1,wk inc rsv hosp,2026-10-17,15,quantile,0.05,0
2026-10-10,1,wk inc rsv hosp,2026-10-17,15,quantile,0.1,0
2026-10-10,1,wk inc rsv hosp,2026-10-17,15,quantile,0.15,1
2026-10-10,1,wk inc rsv hosp,2026-10-17,15,quantile,0.2,2.022746227462284
2026-10-10,1,wk inc rsv hosp,2026-10-17,15,quantile,0.25,3.4023715237152405
2026-10-10,1,wk inc rsv hosp,2026-10-17,15,quantile,0.3,4
2026-10-10,1,wk inc rsv hosp,2026-10-17,15,quantile,0.35,5
2026-10-10,1,wk inc rsv hosp,2026-10-17,15,quantile,0.4,6
2026-10-10,1,wk inc rsv hosp,2026-10-17,15,quantile,0.45,6.846029460294659
2026-10-10,1,wk inc rsv hosp,2026-10-17,15,quantile,0.5,7
2026-10-10,1,wk inc rsv hosp,2026-10-17,15,quantile,0.55,7.763059130591315
2026-10-10,1,wk inc rsv hosp,2026-10-17,15,quantile,0.6,8
2026-10-10,1,wk inc rsv hosp,2026-10-17,15,quantile,0.65,9
2026-10-10,1,wk inc rsv hosp,2026-10-17,15,quantile,0.7,10
2026-10-10,1,wk inc rsv hosp,2026-10-17,15,quantile,0.75,11
2026-10-10,1,wk inc rsv hosp,2026-10-17,15,quantile,0.8,12
2026-10-10,1,wk inc rsv hosp,2026-10-17,15,quantile,0.85,13
2026-10-10,1,wk inc rsv hosp,2026-10-17,15,quantile,0.9,15
2026-10-10,1,wk inc rsv hosp,2026-10-17,15,quantile,0.95,18
2026-10-10,1,wk inc rsv hosp,2026-10-17,15,quantile,0.975,22
2026-10-10,1,wk inc rsv hosp,2026-10-17,15,quantile,0.99,28.12750397503971
2026-10-10,1,wk inc rsv hosp,2026-10-17,16,quantile,0.01,0
2026-10-10,1,wk inc rsv hosp,2026-10-17,16,quantile,0.025,0
2026-10-10,1,wk inc rsv hosp,2026-10-17,16,quantile,0.05,0
2026-10-10,1,wk inc rsv hosp,2026-10-17,16,quantile,0.1,0
2026-10-10,1,wk inc rsv hosp,2026-10-17,16,quantile,0.15,0
2026-10-10,1,wk inc rsv hosp,2026-10-17,16,quantile,0.2,0
2026-10-10,1,wk inc rsv hosp,2026-10-17,16,quantile,0.25,0
2026-10-10,1,wk inc rsv hosp,2026-10-17,16,quantile,0.3,0
2026-10-10,1,wk inc rsv hosp,2026-10-17,16,quantile,0.35,0
2026-10-10,1,wk inc rsv hosp,2026-10-17,16,quantile,0.4,1
2026-10-10,1,wk inc rsv hosp,2026-10-17,16,quantile,0.45,1
2026-10-10,1,wk inc rsv hosp,2026-10-17,16,quantile,0.5,1
2026-10-10,1,wk inc rsv hosp,2026-10-17,16,quantile,0.55,2
2026-10-10,1,wk inc rsv hosp,2026-10-17,16,quantile,0.6,2
2026-10-10,1,wk inc rsv hosp,2026-10-17,16,quantile,0.65,3
2026-10-10,1,wk inc rsv hosp,2026-10-17,16,quantile,0.7,4
2026-10-10,1,wk inc rsv hosp,2026-10-17,16,quantile,0.75,5
2026-10-10,1,wk inc rsv hosp,2026-10-17,16,quantile,0.8,6.360051600516029
2026-10-10,1,wk inc rsv hosp,2026-10-17,16,quantile,0.85,9
2026-10-10,1,wk inc rsv hosp,2026-10-17,16,quantile,0.9,12
2026-10-10,1,wk inc rsv hosp,2026-10-17,16,quantile,0.95,17.251547015470134
2026-10-10,1,wk inc rsv hosp,2026-10-17,16,quantile,0.975,21.56271287712888
2026-10-10,1,wk inc rsv hosp,2026-10-17,16,quantile,0.99,27.109065890658787
2026-10-10,1,wk inc rsv hosp,2026-10-17,17,quantile,0.01,0
2026-10-10,1,wk inc rsv hosp,2026-10-17,17,quantile,0.025,0
2026-10-10,1,wk inc rsv hosp,2026-10-17,17,quantile,0.05,0
2026-10-10,1,wk inc rsv hosp,2026-10-17,17,quantile,0.1,0
2026-10-10,1,wk inc rsv hosp,2026-10-17,17,quantile,0.15,0
2026-10-10,1,wk inc rsv hosp,2026-10-17,17,quantile,0.2,0
2026-10-10,1,wk inc rsv hosp,2026-10-17,17,quantile,0.25,0.38812638126381493
2026-10-10,1,wk inc rsv hosp,2026-10-17,17,quantile,0.3,2.2296932969329646
2026-10-10,1,wk inc rsv hosp,2026-10-17,17,quantile,0.35,4
2026-10-10,1,wk inc rsv hosp,2026-10-17,17,quantile,0.4,6
2026-10-10,1,wk inc rsv hosp,2026-10-17,17,quantile,0.45,7
2026-10-10,1,wk inc rsv hosp,2026-10-17,17,quantile,0.5,8
2026-10-10,1,wk inc rsv hosp,2026-10-17,17,quantile,0.55,10
2026-10-10,1,wk inc rsv hosp,2026-10-17,17,quantile,0.6,11.335317353173519
2026-10-10,1,wk inc rsv hosp,2026-10-17,17,quantile,0.65,13.743459434594332
2026-10-10,1,wk inc rsv hosp,2026-10-17,17,quantile,0.7,17.251641516415123
2026-10-10,1,wk inc rsv hosp,2026-10-17,17,quantile,0.75,24.70547205472056
2026-10-10,1,wk inc rsv hosp,2026-10-17,17,quantile,0.8,33.07245672456726
2026-10-10,1,wk inc rsv hosp,2026-10-17,17,quantile,0.85,43.93192281922815
2026-10-10,1,wk inc rsv hosp,2026-10-17,17,quantile,0.9,62.64847648476488
2026-10-10,1,wk inc rsv hosp,2026-10-17,17,quantile,0.95,90.90531905319058
2026-10-10,1,wk inc rsv hosp,2026-10-17,17,quantile,0.975,121.14052190521912
2026-10-10,1,wk inc rsv hosp,2026-10-17,17,quantile,0.99,178.12260362603405
2026-10-10,1,wk inc rsv hosp,2026-10-17,18,quantile,0.01,0
2026-10-10,1,wk inc rsv hosp,2026-10-17,18,quantile,0.025,0
2026-10-10,1,wk inc rsv hosp,2026-10-17,18,quantile,0.05,0
2026-10-10,1,wk inc rsv hosp,2026-10-17,18,quantile,0.1,0
2026-10-10,1,wk inc rsv hosp,2026-10-17,18,quantile,0.15,0
2026-10-10,1,wk inc rsv hosp,2026-10-17,18,quantile,0.2,0
2026-10-10,1,wk inc rsv hosp,2026-10-17,18,quantile,0.25,0
2026-10-10,1,wk inc rsv hosp,2026-10-17,18,quantile,0.3,0
2026-10-10,1,wk inc rsv hosp,2026-10-17,18,quantile,0.35,1
2026-10-10,1,wk inc rsv hosp,2026-10-17,18,quantile,0.4,1
2026-10-10,1,wk inc rsv hosp,2026-10-17,18,quantile,0.45,2
2026-10-10,1,wk inc rsv hosp,2026-10-17,18,quantile,0.5,2
2026-10-10,1,wk inc rsv hosp,2026-10-17,18,quantile,0.55,3
2026-10-10,1,wk inc rsv hosp,2026-10-17,18,quantile,0.6,4
2026-10-10,1,wk inc rsv hosp,2026-10-17,18,quantile,0.65,6
2026-10-10,1,wk inc rsv hosp,2026-10-17,18,quantile,0.7,7
2026-10-10,1,wk inc rsv hosp,2026-10-17,18,quantile,0.75,10.119366193661953
2026-10-10,1,wk inc rsv hosp,2026-10-17,18,quantile,0.8,14
2026-10-10,1,wk inc rsv hosp,2026-10-17,18,quantile,0.85,18.588699386993863
2026-10-10,1,wk inc rsv hosp,2026-10-17,18,quantile,0.9,30.981557815578142
2026-10-10,1,wk inc rsv hosp,2026-10-17,18,quantile,0.95,51.039441394413984
2026-10-10,1,wk inc rsv hosp,2026-10-17,18,quantile,0.975,69.8046315463155
2026-10-10,1,wk inc rsv hosp,2026-10-17,18,quantile,0.99,103.83338743387394
2026-10-10,1,wk inc rsv hosp,2026-10-17,19,quantile,0.01,0
2026-10-10,1,wk inc rsv hosp,2026-10-17,19,quantile,0.025,0
2026-10-10,1,wk inc rsv hosp,2026-10-17,19,quantile,0.05,0
2026-10-10,1,wk inc rsv hosp,2026-10-17,19,quantile,0.1,0
2026-10-10,1,wk inc rsv hosp,2026-10-17,19,quantile,0.15,0
2026-10-10,1,wk inc rsv hosp,2026-10-17,19,quantile,0.2,0
2026-10-10,1,wk inc rsv hosp,2026-10-17,19,quantile,0.25,0
2026-10-10,1,wk inc rsv hosp,2026-10-17,19,quantile,0.3,0
2026-10-10,1,wk inc rsv hosp,2026-10-17,19,quantile,0.35,0
2026-10-10,1,wk inc rsv hosp,2026-10-17,19,quantile,0.4,0
2026-10-10,1,wk inc rsv hosp,2026-10-17,19,quantile,0.45,0
2026-10-10,1,wk inc rsv hosp,2026-10-17,19,quantile,0.5,0
2026-10-10,1,wk inc rsv hosp,2026-10-17,19,quantile,0.55,0
2026-10-10,1,wk inc rsv hosp,2026-10-17,19,quantile,0.6,0
2026-10-10,1,wk inc rsv hosp,2026-10-17,19,quantile,0.65,1
2026-10-10,1,wk inc rsv hosp,2026-10-17,19,quantile,0.7,2
2026-10-10,1,wk inc rsv hosp,2026-10-17,19,quantile,0.75,4
2026-10-10,1,wk inc rsv hosp,2026-10-17,19,quantile,0.8,7
2026-10-10,1,wk inc rsv hosp,2026-10-17,19,quantile,0.85,12.653891038910391
2026-10-10,1,wk inc rsv hosp,2026-10-17,19,quantile,0.9,17.8568335683357
2026-10-10,1,wk inc rsv hosp,2026-10-17,19,quantile,0.95,28.267646676466725
2026-10-10,1,wk inc rsv hosp,2026-10-17,19,quantile,0.975,55.2406581565816
2026-10-10,1,wk inc rsv hosp,2026-10-17,19,quantile,0.99,88.58380283802812
2026-10-10,1,wk inc rsv hosp,2026-10-17,20,quantile,0.01,0
2026-10-10,1,wk inc rsv hosp,2026-10-17,20,quantile,0.025,0
2026-10-10,1,wk inc rsv hosp,2026-10-17,20,quantile,0.05,0
2026-10-10,1,wk inc rsv hosp,2026-10-17,20,quantile,0.1,0
2026-10-10,1,wk inc rsv hosp,2026-10-17,20,quantile,0.15,0
2026-10-10,1,wk inc rsv hosp,2026-10-17,20,quantile,0.2,0
2026-10-10,1,wk inc rsv hosp,2026-10-17,20,quantile,0.25,0
2026-10-10,1,wk inc rsv hosp,2026-10-17,20,quantile,0.3,0
2026-10-10,1,wk inc rsv hosp,2026-10-17,20,quantile,0.35,0
2026-10-10,1,wk inc rsv hosp,2026-10-17,20,quantile,0.4,0
2026-10-10,1,wk inc rsv hosp,2026-10-17,20,quantile,0.45,0
2026-10-10,1,wk inc rsv hosp,2026-10-17,20,quantile,0.5,0
2026-10-10,1,wk inc rsv hosp,2026-10-17,20,quantile,0.55,0
2026-10-10,1,wk inc rsv hosp,2026-10-17,20,quantile,0.6,1
2026-10-10,1,wk inc rsv hosp,2026-10-17,20,quantile,0.65,1
2026-10-10,1,wk inc rsv hosp,2026-10-17,20,quantile,0.7,2
2026-10-10,1,wk inc rsv hosp,2026-10-17,20,quantile,0.75,4
2026-10-10,1,wk inc rsv hosp,2026-10-17,20,quantile,0.8,6
2026-10-10,1,wk inc rsv hosp,2026-10-17,20,quantile,0.85,8.407117071170717
2026-10-10,1,wk inc rsv hosp,2026-10-17,20,quantile,0.9,13
2026-10-10,1,wk inc rsv hosp,2026-10-17,20,quantile,0.95,25.964315643156404
2026-10-10,1,wk inc rsv hosp,2026-10-17,20,quantile,0.975,33.56591890918912
2026-10-10,1,wk inc rsv hosp,2026-10-17,20,quantile,0.99,43.33946379463788
2026-10-10,1,wk inc rsv hosp,2026-10-17,21,quantile,0.01,0
2026-10-10,1,wk inc rsv hosp,2026-10-17,21,quantile,0.025,0
2026-10-10,1,wk inc rsv hosp,2026-10-17,21,quantile,0.05,0
2026-10-10,1,wk inc rsv hosp,2026-10-17,21,quantile,0.1,0
2026-10-10,1,wk inc rsv hosp,2026-10-17,21,quantile,0.15,0
2026-10-10,1,wk inc rsv hosp,2026-10-17,21,quantile,0.2,1
2026-10-10,1,wk inc rsv hosp,2026-10-17,21,quantile,0.25,3
2026-10-10,1,wk inc rsv hosp,2026-10-17,21,quantile,0.3,5
2026-10-10,1,wk inc rsv hosp,2026-10-17,21,quantile,0.35,7
2026-10-10,1,wk inc rsv hosp,2026-10-17,21,quantile,0.4,8
2026-10-10,1,wk inc rsv hosp,2026-10-17,21,quantile,0.45,8.182947329473297
2026-10-10,1,wk inc rsv hosp,2026-10-17,21,quantile,0.5,9
2026-10-10,1,wk inc rsv hosp,2026-10-17,21,quantile,0.55,10
2026-10-10,1,wk inc rsv hosp,2026-10-17,21,quantile,0.6,11
2026-10-10,1,wk inc rsv hosp,2026-10-17,21,quantile,0.65,12
2026-10-10,1,wk inc rsv hosp,2026-10-17,21,quantile,0.7,13.413815138151344
2026-10-10,1,wk inc rsv hosp,2026-10-17,21,quantile,0.75,16
2026-10-10,1,wk inc rsv hosp,2026-10-17,21,quantile,0.8,19.89498694986949
2026-10-10,1,wk inc rsv hosp,2026-10-17,21,quantile,0.85,24
2026-10-10,1,wk inc rsv hosp,2026-10-17,21,quantile,0.9,29.969229692296924
2026-10-10,1,wk inc rsv hosp,2026-10-17,21,quantile,0.95,42.847590475904745
2026-10-10,1,wk inc rsv hosp,2026-10-17,21,quantile,0.975,55
2026-10-10,1,wk inc rsv hosp,2026-10-17,21,quantile,0.99,103.63448964489427
2026-10-10,1,wk inc rsv hosp,2026-10-17,22,quantile,0.01,0
2026-10-10,1,wk inc rsv hosp,2026-10-17,22,quantile,0.025,0
2026-10-10,1,wk inc rsv hosp,2026-10-17,22,quantile,0.05,0
2026-10-10,1,wk inc rsv hosp,2026-10-17,22,quantile,0.1,0
2026-10-10,1,wk inc rsv hosp,2026-10-17,22,quantile,0.15,0
2026-10-10,1,wk inc rsv hosp,2026-10-17,22,quantile,0.2,1
2026-10-10,1,wk inc rsv hosp,2026-10-17,22,quantile,0.25,3.30671806718067
2026-10-10,1,wk inc rsv hosp,2026-10-17,22,quantile,0.3,6
2026-10-10,1,wk inc rsv hosp,2026-10-17,22,quantile,0.35,7
2026-10-10,1,wk inc rsv hosp,2026-10-17,22,quantile,0.4,9
2026-10-10,1,wk inc rsv hosp,2026-10-17,22,quantile,0.45,9.684443844438464
2026-10-10,1,wk inc rsv hosp,2026-10-17,22,quantile,0.5,10
2026-10-10,1,wk inc rsv hosp,2026-10-17,22,quantile,0.55,11
2026-10-10,1,wk inc rsv hosp,2026-10-17,22,quantile,0.6,12
2026-10-10,1,wk inc rsv hosp,2026-10-17,22,quantile,0.65,13
2026-10-10,1,wk inc rsv hosp,2026-10-17,22,quantile,0.7,15
2026-10-10,1,wk inc rsv hosp,2026-10-17,22,quantile,0.75,17.74175241752419
2026-10-10,1,wk inc rsv hosp,2026-10-17,22,quantile,0.8,21
2026-10-10,1,wk inc rsv hosp,2026-10-17,22,quantile,0.85,26.71197311973117
2026-10-10,1,wk inc rsv hosp,2026-10-17,22,quantile,0.9,32.760207602076036
2026-10-10,1,wk inc rsv hosp,2026-10-17,22,quantile,0.95,52.959909599096136
2026-10-10,1,wk inc rsv hosp,2026-10-17,22,quantile,0.975,75.47085595855951
2026-10-10,1,wk inc rsv hosp,2026-10-17,22,quantile,0.99,87.28257712577111
2026-10-10,1,wk inc rsv hosp,2026-10-17,23,quantile,0.01,0
2026-10-10,1,wk inc rsv hosp,2026-10-17,23,quantile,0.025,0
2026-10-10,1,wk inc rsv hosp,2026-10-17,23,quantile,0.05,0
2026-10-10,1,wk inc rsv hosp,2026-10-17,23,quantile,0.1,0
2026-10-10,1,wk inc rsv hosp,2026-10-17,23,quantile,0.15,0
2026-10-10,1,wk inc rsv hosp,2026-10-17,23,quantile,0.2,0
2026-10-10,1,wk inc rsv hosp,2026-10-17,23,quantile,0.25,0
2026-10-10,1,wk inc rsv hosp,2026-10-17,23,quantile,0.3,0
2026-10-10,1,wk inc rsv hosp,2026-10-17,23,quantile,0.35,0
2026-10-10,1,wk inc rsv hosp,2026-10-17,23,quantile,0.4,0
2026-10-10,1,wk inc rsv hosp,2026-10-17,23,quantile,0.45,0
2026-10-10,1,wk inc rsv hosp,2026-10-17,23,quantile,0.5,0
2026-10-10,1,wk inc rsv hosp,2026-10-17,23,quantile,0.55,1
2026-10-10,1,wk inc rsv hosp,2026-10-17,23,quantile,0.6,1
2026-10-10,1,wk inc rsv hosp,2026-10-17,23,quantile,0.65,1
2026-10-10,1,wk inc rsv hosp,2026-10-17,23,quantile,0.7,2
2026-10-10,1,wk inc rsv hosp,2026-10-17,23,quantile,0.75,3
2026-10-10,1,wk inc rsv hosp,2026-10-17,23,quantile,0.8,3.5599655996559845
2026-10-10,1,wk inc rsv hosp,2026-10-17,23,quantile,0.85,4.2232497324973215
2026-10-10,1,wk inc rsv hosp,2026-10-17,23,quantile,0.9,6
2026-10-10,1,wk inc rsv hosp,2026-10-17,23,quantile,0.95,7.785417854178547
2026-10-10,1,wk inc rsv hosp,2026-10-17,23,quantile,0.975,10
2026-10-10,1,wk inc rsv hosp,2026-10-17,23,quantile,0.99,12.045318753187503
2026-10-10,1,wk inc rsv hosp,2026-10-17,24,quantile,0.01,0
2026-10-10,1,wk inc rsv hosp,2026-10-17,24,quantile,0.025,0
2026-10-10,1,wk inc rsv hosp,2026-10-17,24,quantile,0.05,0
2026-10-10,1,wk inc rsv hosp,2026-10-17,24,quantile,0.1,0
2026-10-10,1,wk inc rsv hosp,2026-10-17,24,quantile,0.15,0
2026-10-10,1,wk inc rsv hosp,2026-10-17,24,quantile,0.2,0
2026-10-10,1,wk inc rsv hosp,2026-10-17,24,quantile,0.25,0
2026-10-10,1,wk inc rsv hosp,2026-10-17,24,quantile,0.3,0
2026-10-10,1,wk inc rsv hosp,2026-10-17,24,quantile,0.35,0.10484054840547816
2026-10-10,1,wk inc rsv hosp,2026-10-17,24,quantile,0.4,1
2026-10-10,1,wk inc rsv hosp,2026-10-17,24,quantile,0.45,2
2026-10-10,1,wk inc rsv hosp,2026-10-17,24,quantile,0.5,2
2026-10-10,1,wk inc rsv hosp,2026-10-17,24,quantile,0.55,3
2026-10-10,1,wk inc rsv hosp,2026-10-17,24,quantile,0.6,4
2026-10-10,1,wk inc rsv hosp,2026-10-17,24,quantile,0.65,5.635649356493564
2026-10-10,1,wk inc rsv hosp,2026-10-17,24,quantile,0.7,7
2026-10-10,1,wk inc rsv hosp,2026-10-17,24,quantile,0.75,9.465604656046565
2026-10-10,1,wk inc rsv hosp,2026-10-17,24,quantile,0.8,13
2026-10-10,1,wk inc rsv hosp,2026-10-17,24,quantile,0.85,18
2026-10-10,1,wk inc rsv hosp,2026-10-17,24,quantile,0.9,27
2026-10-10,1,wk inc rsv hosp,2026-10-17,24,quantile,0.95,47.69731347313467
2026-10-10,1,wk inc rsv hosp,2026-10-17,24,quantile,0.975,59.68780112801128
2026-10-10,1,wk inc rsv hosp,2026-10-17,24,quantile,0.99,79.15378213782144
2026-10-10,1,wk inc rsv hosp,2026-10-17,25,quantile,0.01,0
2026-10-10,1,wk inc rsv hosp,2026-10-17,25,quantile,0.025,0
2026-10-10,1,wk inc rsv hosp,2026-10-17,25,quantile,0.05,0
2026-10-10,1,wk inc rsv hosp,2026-10-17,25,quantile,0.1,0
2026-10-10,1,wk inc rsv hosp,2026-10-17,25,quantile,0.15,0
2026-10-10,1,wk inc rsv hosp,2026-10-17,25,quantile,0.2,0
2026-10-10,1,wk inc rsv hosp,2026-10-17,25,quantile,0.25,0
2026-10-10,1,wk inc rsv hosp,2026-10-17,25,quantile,0.3,0
2026-10-10,1,wk inc rsv hosp,2026-10-17,25,quantile,0.35,0
2026-10-10,1,wk inc rsv hosp,2026-10-17,25,quantile,0.4,0
2026-10-10,1,wk inc rsv hosp,2026-10-17,25,quantile,0.45,0
2026-10-10,1,wk inc rsv hosp,2026-10-17,25,quantile,0.5,2
2026-10-10,1,wk inc rsv hosp,2026-10-17,25,quantile,0.55,4
2026-10-10,1,wk inc rsv hosp,2026-10-17,25,quantile,0.6,6
2026-10-10,1,wk inc rsv hosp,2026-10-17,25,quantile,0.65,9.536695366953676
2026-10-10,1,wk inc rsv hosp,2026-10-17,25,quantile,0.7,13.346084460844562
2026-10-10,1,wk inc rsv hosp,2026-10-17,25,quantile,0.75,18
2026-10-10,1,wk inc rsv hosp,2026-10-17,25,quantile,0.8,24.800574005740078
2026-10-10,1,wk inc rsv hosp,2026-10-17,25,quantile,0.85,33
2026-10-10,1,wk inc rsv hosp,2026-10-17,25,quantile,0.9,51.22205822058233
2026-10-10,1,wk inc rsv hosp,2026-10-17,25,quantile,0.95,83.22474374743724
2026-10-10,1,wk inc rsv hosp,2026-10-17,25,quantile,0.975,103.9572673226726
2026-10-10,1,wk inc rsv hosp,2026-10-17,25,quantile,0.99,161.72990159901642
2026-10-10,1,wk inc rsv hosp,2026-10-17,26,quantile,0.01,0
2026-10-10,1,wk inc rsv hosp,2026-10-17,26,quantile,0.025,0
2026-10-10,1,wk inc rsv hosp,2026-10-17,26,quantile,0.05,0
2026-10-10,1,wk inc rsv hosp,2026-10-17,26,quantile,0.1,0
2026-10-10,1,wk inc rsv hosp,2026-10-17,26,quantile,0.15,0
2026-10-10,1,wk inc rsv hosp,2026-10-17,26,quantile,0.2,0
2026-10-10,1,wk inc rsv hosp,2026-10-17,26,quantile,0.25,0
2026-10-10,1,wk inc rsv hosp,2026-10-17,26,quantile,0.3,1.6091420914209142
2026-10-10,1,wk inc rsv hosp,2026-10-17,26,quantile,0.35,3
2026-10-10,1,wk inc rsv hosp,2026-10-17,26,quantile,0.4,5
2026-10-10,1,wk inc rsv hosp,2026-10-17,26,quantile,0.45,6
2026-10-10,1,wk inc rsv hosp,2026-10-17,26,quantile,0.5,6
2026-10-10,1,wk inc rsv hosp,2026-10-17,26,quantile,0.55,7
2026-10-10,1,wk inc rsv hosp,2026-10-17,26,quantile,0.6,8
2026-10-10,1,wk inc rsv hosp,2026-10-17,26,quantile,0.65,11
2026-10-10,1,wk inc rsv hosp,2026-10-17,26,quantile,0.7,15
2026-10-10,1,wk inc rsv hosp,2026-10-17,26,quantile,0.75,22.069590695906967
2026-10-10,1,wk inc rsv hosp,2026-10-17,26,quantile,0.8,30.393331933319395
2026-10-10,1,wk inc rsv hosp,2026-10-17,26,quantile,0.85,41.84414744147442
2026-10-10,1,wk inc rsv hosp,2026-10-17,26,quantile,0.9,55
2026-10-10,1,wk inc rsv hosp,2026-10-17,26,quantile,0.95,82
2026-10-10,1,wk inc rsv hosp,2026-10-17,26,quantile,0.975,100.00065625656241
2026-10-10,1,wk inc rsv hosp,2026-10-17,26,quantile,0.99,143.0241056410563
2026-10-10,1,wk inc rsv hosp,2026-10-17,27,quantile,0.01,0
2026-10-10,1,wk inc rsv hosp,2026-10-17,27,quantile,0.025,0
2026-10-10,1,wk inc rsv hosp,2026-10-17,27,quantile,0.05,0
2026-10-10,1,wk inc rsv hosp,2026-10-17,27,quantile,0.1,0
2026-10-10,1,wk inc rsv hosp,2026-10-17,27,quantile,0.15,0
2026-10-10,1,wk inc rsv hosp,2026-10-17,27,quantile,0.2,0
2026-10-10,1,wk inc rsv hosp,2026-10-17,27,quantile,0.25,0
2026-10-10,1,wk inc rsv hosp,2026-10-17,27,quantile,0.3,0
2026-10-10,1,wk inc rsv hosp,2026-10-17,27,quantile,0.35,0
2026-10-10,1,wk inc rsv hosp,2026-10-17,27,quantile,0.4,0
2026-10-10,1,wk inc rsv hosp,2026-10-17,27,quantile,0.45,0
2026-10-10,1,wk inc rsv hosp,2026-10-17,27,quantile,0.5,1
2026-10-10,1,wk inc rsv hosp,2026-10-17,27,quantile,0.55,2
2026-10-10,1,wk inc rsv hosp,2026-10-17,27,quantile,0.6,4.016146161461609
2026-10-10,1,wk inc rsv hosp,2026-10-17,27,quantile,0.65,6.455539555395562
2026-10-10,1,wk inc rsv hosp,2026-10-17,27,quantile,0.7,10
2026-10-10,1,wk inc rsv hosp,2026-10-17,27,quantile,0.75,13
2026-10-10,1,wk inc rsv hosp,2026-10-17,27,quantile,0.8,17
2026-10-10,1,wk inc rsv hosp,2026-10-17,27,quantile,0.85,22
2026-10-10,1,wk inc rsv hosp,2026-10-17,27,quantile,0.9,27
2026-10-10,1,wk inc rsv hosp,2026-10-17,27,quantile,0.95,38.74261992619921
2026-10-10,1,wk inc rsv hosp,2026-10-17,27,quantile,0.975,50.43970614706145
2026-10-10,1,wk inc rsv hosp,2026-10-17,27,quantile,0.99,71.37609936099355
2026-10-10,1,wk inc rsv hosp,2026-10-17,28,quantile,0.01,0
2026-10-10,1,wk inc rsv hosp,2026-10-17,28,quantile,0.025,0
2026-10-10,1,wk inc rsv hosp,2026-10-17,28,quantile,0.05,0
2026-10-10,1,wk inc rsv hosp,2026-10-17,28,quantile,0.1,0
2026-10-10,1,wk inc rsv hosp,2026-10-17,28,quantile,0.15,0
2026-10-10,1,wk inc rsv hosp,2026-10-17,28,quantile,0.2,0
2026-10-10,1,wk inc rsv hosp,2026-10-17,28,quantile,0.25,1
2026-10-10,1,wk inc rsv hosp,2026-10-17,28,quantile,0.3,2
2026-10-10,1,wk inc rsv hosp,2026-10-17,28,quantile,0.35,3
2026-10-10,1,wk inc rsv hosp,2026-10-17,28,quantile,0.4,3
2026-10-10,1,wk inc rsv hosp,2026-10-17,28,quantile,0.45,4
2026-10-10,1,wk inc rsv hosp,2026-10-17,28,quantile,0.5,4
2026-10-10,1,wk inc rsv hosp,2026-10-17,28,quantile,0.55,4
2026-10-10,1,wk inc rsv hosp,2026-10-17,28,quantile,0.6,5
2026-10-10,1,wk inc rsv hosp,2026-10-17,28,quantile,0.65,6
2026-10-10,1,wk inc rsv hosp,2026-10-17,28,quantile,0.7,7
2026-10-10,1,wk inc rsv hosp,2026-10-17,28,quantile,0.75,8.135771357713576
2026-10-10,1,wk inc rsv hosp,2026-10-17,28,quantile,0.8,10.220392203922108
2026-10-10,1,wk inc rsv hosp,2026-10-17,28,quantile,0.85,13
2026-10-10,1,wk inc rsv hosp,2026-10-17,28,quantile,0.9,17
2026-10-10,1,wk inc rsv hosp,2026-10-17,28,quantile,0.95,22.544027940279342
2026-10-10,1,wk inc rsv hosp,2026-10-17,28,quantile,0.975,27.50564405644051
2026-10-10,1,wk inc rsv hosp,2026-10-17,28,quantile,0.99,34.74316803168041
2026-10-10,1,wk inc rsv hosp,2026-10-17,29,quantile,0.01,0
2026-10-10,1,wk inc rsv hosp,2026-10-17,29,quantile,0.025,0
2026-10-10,1,wk inc rsv hosp,2026-10-17,29,quantile,0.05,0
2026-10-10,1,wk inc rsv hosp,2026-10-17,29,quantile,0.1,0
2026-10-10,1,wk inc rsv hosp,2026-10-17,29,quantile,0.15,0
2026-10-10,1,wk inc rsv hosp,2026-10-17,29,quantile,0.2,0
2026-10-10,1,wk inc rsv hosp,2026-10-17,29,quantile,0.25,2.0618206182061787
2026-10-10,1,wk inc rsv hosp,2026-10-17,29,quantile,0.3,4.533600336003353
2026-10-10,1,wk inc rsv hosp,2026-10-17,29,quantile,0.35,6
2026-10-10,1,wk inc rsv hosp,2026-10-17,29,quantile,0.4,7
2026-10-10,1,wk inc rsv hosp,2026-10-17,29,quantile,0.45,8
2026-10-10,1,wk inc rsv hosp,2026-10-17,29,quantile,0.5,8
2026-10-10,1,wk inc rsv hosp,2026-10-17,29,quantile,0.55,9
2026-10-10,1,wk inc rsv hosp,2026-10-17,29,quantile,0.6,10
2026-10-10,1,wk inc rsv hosp,2026-10-17,29,quantile,0.65,11
2026-10-10,1,wk inc rsv hosp,2026-10-17,29,quantile,0.7,12.693173931739283
2026-10-10,1,wk inc rsv hosp,2026-10-17,29,quantile,0.75,15
2026-10-10,1,wk inc rsv hosp,2026-10-17,29,quantile,0.8,20
2026-10-10,1,wk inc rsv hosp,2026-10-17,29,quantile,0.85,28
2026-10-10,1,wk inc rsv hosp,2026-10-17,29,quantile,0.9,35.343319433194274
2026-10-10,1,wk inc rsv hosp,2026-10-17,29,quantile,0.95,49
2026-10-10,1,wk inc rsv hosp,2026-10-17,29,quantile,0.975,67.0900811508114
2026-10-10,1,wk inc rsv hosp,2026-10-17,29,quantile,0.99,83.60468604686041
2026-10-10,1,wk inc rsv hosp,2026-10-17,30,quantile,0.01,0
2026-10-10,1,wk inc rsv hosp,2026-10-17,30,quantile,0.025,0
2026-10-10,1,wk inc rsv hosp,2026-10-17,30,quantile,0.05,0
2026-10-10,1,wk inc rsv hosp,2026-10-17,30,quantile,0.1,0
2026-10-10,1,wk inc rsv hosp,2026-10-17,30,quantile,0.15,0
2026-10-10,1,wk inc rsv hosp,2026-10-17,30,quantile,0.2,0
2026-10-10,1,wk inc rsv hosp,2026-10-17,30,quantile,0.25,0
2026-10-10,1,wk inc rsv hosp,2026-10-17,30,quantile,0.3,0
2026-10-10,1,wk inc rsv hosp,2026-10-17,30,quantile,0.35,0
2026-10-10,1,wk inc rsv hosp,2026-10-17,30,quantile,0.4,0
2026-10-10,1,wk inc rsv hosp,2026-10-17,30,quantile,0.45,0
2026-10-10,1,wk inc rsv hosp,2026-10-17,30,quantile,0.5,0
2026-10-10,1,wk inc rsv hosp,2026-10-17,30,quantile,0.55,0
2026-10-10,1,wk inc rsv hosp,2026-10-17,30,quantile,0.6,0
2026-10-10,1,wk inc rsv hosp,2026-10-17,30,quantile,0.65,1
2026-10-10,1,wk inc rsv hosp,2026-10-17,30,quantile,0.7,2
2026-10-10,1,wk inc rsv hosp,2026-10-17,30,quantile,0.75,2
2026-10-10,1,wk inc rsv hosp,2026-10-17,30,quantile,0.8,3.744437444374455
2026-10-10,1,wk inc rsv hosp,2026-10-17,30,quantile,0.85,6.815434654346508
2026-10-10,1,wk inc rsv hosp,2026-10-17,30,quantile,0.9,9.974009740097415
2026-10-10,1,wk inc rsv hosp,2026-10-17,30,quantile,0.95,14.61542765427654
2026-10-10,1,wk inc rsv hosp,2026-10-17,30,quantile,0.975,19
2026-10-10,1,wk inc rsv hosp,2026-10-17,30,quantile,0.99,28.51404204042036
2026-10-10,1,wk inc rsv hosp,2026-10-17,31,quantile,0.01,0
2026-10-10,1,wk inc rsv hosp,2026-10-17,31,quantile,0.025,0
2026-10-10,1,wk inc rsv hosp,2026-10-17,31,quantile,0.05,0
2026-10-10,1,wk inc rsv hosp,2026-10-17,31,quantile,0.1,0
2026-10-10,1,wk inc rsv hosp,2026-10-17,31,quantile,0.15,0
2026-10-10,1,wk inc rsv hosp,2026-10-17,31,quantile,0.2,0
2026-10-10,1,wk inc rsv hosp,2026-10-17,31,quantile,0.25,0
2026-10-10,1,wk inc rsv hosp,2026-10-17,31,quantile,0.3,0
2026-10-10,1,wk inc rsv hosp,2026-10-17,31,quantile,0.35,0
2026-10-10,1,wk inc rsv hosp,2026-10-17,31,quantile,0.4,0
2026-10-10,1,wk inc rsv hosp,2026-10-17,31,quantile,0.45,0
2026-10-10,1,wk inc rsv hosp,2026-10-17,31,quantile,0.5,0
2026-10-10,1,wk inc rsv hosp,2026-10-17,31,quantile,0.55,0
2026-10-10,1,wk inc rsv hosp,2026-10-17,31,quantile,0.6,0
2026-10-10,1,wk inc rsv hosp,2026-10-17,31,quantile,0.65,1
2026-10-10,1,wk inc rsv hosp,2026-10-17,31,quantile,0.7,1
2026-10-10,1,wk inc rsv hosp,2026-10-17,31,quantile,0.75,2.3525360253602585
2026-10-10,1,wk inc rsv hosp,2026-10-17,31,quantile,0.8,4
2026-10-10,1,wk inc rsv hosp,2026-10-17,31,quantile,0.85,6
2026-10-10,1,wk inc rsv hosp,2026-10-17,31,quantile,0.9,9.946759467594688
2026-10-10,1,wk inc rsv hosp,2026-10-17,31,quantile,0.95,16.282668826688266
2026-10-10,1,wk inc rsv hosp,2026-10-17,31,quantile,0.975,23
2026-10-10,1,wk inc rsv hosp,2026-10-17,31,quantile,0.99,31.955389753897517
2026-10-10,1,wk inc rsv hosp,2026-10-17,32,quantile,0.01,0
2026-10-10,1,wk inc rsv hosp,2026-10-17,32,quantile,0.025,0
2026-10-10,1,wk inc rsv hosp,2026-10-17,32,quantile,0.05,0
2026-10-10,1,wk inc rsv hosp,2026-10-17,32,quantile,0.1,0
2026-10-10,1,wk inc rsv hosp,2026-10-17,32,quantile,0.15,0
2026-10-10,1,wk inc rsv hosp,2026-10-17,32,quantile,0.2,0
2026-10-10,1,wk inc rsv hosp,2026-10-17,32,quantile,0.25,0
2026-10-10,1,wk inc rsv hosp,2026-10-17,32,quantile,0.3,0
2026-10-10,1,wk inc rsv hosp,2026-10-17,32,quantile,0.35,0
2026-10-10,1,wk inc rsv hosp,2026-10-17,32,quantile,0.4,0
2026-10-10,1,wk inc rsv hosp,2026-10-17,32,quantile,0.45,0
2026-10-10,1,wk inc rsv hosp,2026-10-17,32,quantile,0.5,0
2026-10-10,1,wk inc rsv hosp,2026-10-17,32,quantile,0.55,0.33540635406356034
2026-10-10,1,wk inc rsv hosp,2026-10-17,32,quantile,0.6,1
2026-10-10,1,wk inc rsv hosp,2026-10-17,32,quantile,0.65,2.9934704347043386
2026-10-10,1,wk inc rsv hosp,2026-10-17,32,quantile,0.7,4
2026-10-10,1,wk inc rsv hosp,2026-10-17,32,quantile,0.75,6.040567905679069
2026-10-10,1,wk inc rsv hosp,2026-10-17,32,quantile,0.8,8
2026-10-10,1,wk inc rsv hosp,2026-10-17,32,quantile,0.85,11.53062730627304
2026-10-10,1,wk inc rsv hosp,2026-10-17,32,quantile,0.9,16.814022140221436
2026-10-10,1,wk inc rsv hosp,2026-10-17,32,quantile,0.95,26.233507335073305
2026-10-10,1,wk inc rsv hosp,2026-10-17,32,quantile,0.975,34.59562145621452
2026-10-10,1,wk inc rsv hosp,2026-10-17,32,quantile,0.99,49.834692646926605
2026-10-10,1,wk inc rsv hosp,2026-10-17,33,quantile,0.01,0
2026-10-10,1,wk inc rsv hosp,2026-10-17,33,quantile,0.025,0
2026-10-10,1,wk inc rsv hosp,2026-10-17,33,quantile,0.05,0
2026-10-10,1,wk inc rsv hosp,2026-10-17,33,quantile,0.1,0
2026-10-10,1,wk inc rsv hosp,2026-10-17,33,quantile,0.15,0
2026-10-10,1,wk inc rsv hosp,2026-10-17,33,quantile,0.2,0
2026-10-10,1,wk inc rsv hosp,2026-10-17,33,quantile,0.25,0
2026-10-10,1,wk inc rsv hosp,2026-10-17,33,quantile,0.3,0
2026-10-10,1,wk inc rsv hosp,2026-10-17,33,quantile,0.35,0
2026-10-10,1,wk inc rsv hosp,2026-10-17,33,quantile,0.4,1
2026-10-10,1,wk inc rsv hosp,2026-10-17,33,quantile,0.45,1
2026-10-10,1,wk inc rsv hosp,2026-10-17,33,quantile,0.5,1
2026-10-10,1,wk inc rsv hosp,2026-10-17,33,quantile,0.55,2
2026-10-10,1,wk inc rsv hosp,2026-10-17,33,quantile,0.6,2
2026-10-10,1,wk inc rsv hosp,2026-10-17,33,quantile,0.65,3
2026-10-10,1,wk inc rsv hosp,2026-10-17,33,quantile,0.7,3
2026-10-10,1,wk inc rsv hosp,2026-10-17,33,quantile,0.75,4
2026-10-10,1,wk inc rsv hosp,2026-10-17,33,quantile,0.8,5.518237182371843
2026-10-10,1,wk inc rsv hosp,2026-10-17,33,quantile,0.85,8
2026-10-10,1,wk inc rsv hosp,2026-10-17,33,quantile,0.9,11
2026-10-10,1,wk inc rsv hosp,2026-10-17,33,quantile,0.95,14.450850508505061
2026-10-10,1,wk inc rsv hosp,2026-10-17,33,quantile,0.975,17
2026-10-10,1,wk inc rsv hosp,2026-10-17,33,quantile,0.99,21.61568705687052
2026-10-10,1,wk inc rsv hosp,2026-10-17,34,quantile,0.01,0
2026-10-10,1,wk inc rsv hosp,2026-10-17,34,quantile,0.025,0
2026-10-10,1,wk inc rsv hosp,2026-10-17,34,quantile,0.05,0
2026-10-10,1,wk inc rsv hosp,2026-10-17,34,quantile,0.1,0
2026-10-10,1,wk inc rsv hosp,2026-10-17,34,quantile,0.15,0
2026-10-10,1,wk inc rsv hosp,2026-10-17,34,quantile,0.2,0
2026-10-10,1,wk inc rsv hosp,2026-10-17,34,quantile,0.25,0
2026-10-10,1,wk inc rsv hosp,2026-10-17,34,quantile,0.3,3
2026-10-10,1,wk inc rsv hosp,2026-10-17,34,quantile,0.35,5.733446334463341
2026-10-10,1,wk inc rsv hosp,2026-10-17,34,quantile,0.4,8
2026-10-10,1,wk inc rsv hosp,2026-10-17,34,quantile,0.45,10.553730037300372
2026-10-10,1,wk inc rsv hosp,2026-10-17,34,quantile,0.5,13
2026-10-10,1,wk inc rsv hosp,2026-10-17,34,quantile,0.55,15
2026-10-10,1,wk inc rsv hosp,2026-10-17,34,quantile,0.6,18
2026-10-10,1,wk inc rsv hosp,2026-10-17,34,quantile,0.65,21.149344493444943
2026-10-10,1,wk inc rsv hosp,2026-10-17,34,quantile,0.7,26
2026-10-10,1,wk inc rsv hosp,2026-10-17,34,quantile,0.75,32.351016010160095
2026-10-10,1,wk inc rsv hosp,2026-10-17,34,quantile,0.8,41.75213352133524
2026-10-10,1,wk inc rsv hosp,2026-10-17,34,quantile,0.85,53.61158961589616
2026-10-10,1,wk inc rsv hosp,2026-10-17,34,quantile,0.9,69.44208542085424
2026-10-10,1,wk inc rsv hosp,2026-10-17,34,quantile,0.95,103.25697506975062
2026-10-10,1,wk inc rsv hosp,2026-10-17,34,quantile,0.975,126.52794752947526
2026-10-10,1,wk inc rsv hosp,2026-10-17,34,quantile,0.99,141.39110501104994
2026-10-10,1,wk inc rsv hosp,2026-10-17,35,quantile,0.01,0
2026-10-10,1,wk inc rsv hosp,2026-10-17,35,quantile,0.025,0
2026-10-10,1,wk inc rsv hosp,2026-10-17,35,quantile,0.05,0
2026-10-10,1,wk inc rsv hosp,2026-10-17,35,quantile,0.1,0
2026-10-10,1,wk inc rsv hosp,2026-10-17,35,quantile,0.15,0
2026-10-10,1,wk inc rsv hosp,2026-10-17,35,quantile,0.2,0
2026-10-10,1,wk inc rsv hosp,2026-10-17,35,quantile,0.25,0
2026-10-10,1,wk inc rsv hosp,2026-10-17,35,quantile,0.3,0
2026-10-10,1,wk inc rsv hosp,2026-10-17,35,quantile,0.35,1
2026-10-10,1,wk inc rsv hosp,2026-10-17,35,quantile,0.4,1
2026-10-10,1,wk inc rsv hosp,2026-10-17,35,quantile,0.45,2
2026-10-10,1,wk inc rsv hosp,2026-10-17,35,quantile,0.5,2
2026-10-10,1,wk inc rsv hosp,2026-10-17,35,quantile,0.55,3
2026-10-10,1,wk inc rsv hosp,2026-10-17,35,quantile,0.6,3
2026-10-10,1,wk inc rsv hosp,2026-10-17,35,quantile,0.65,4
2026-10-10,1,wk inc rsv hosp,2026-10-17,35,quantile,0.7,5
2026-10-10,1,wk inc rsv hosp,2026-10-17,35,quantile,0.75,6.657919079190805
2026-10-10,1,wk inc rsv hosp,2026-10-17,35,quantile,0.8,9
2026-10-10,1,wk inc rsv hosp,2026-10-17,35,quantile,0.85,14
2026-10-10,1,wk inc rsv hosp,2026-10-17,35,quantile,0.9,19.885334853348553
2026-10-10,1,wk inc rsv hosp,2026-10-17,35,quantile,0.95,30.007920579205756
2026-10-10,1,wk inc rsv hosp,2026-10-17,35,quantile,0.975,35.84197516975162
2026-10-10,1,wk inc rsv hosp,2026-10-17,35,quantile,0.99,52.73293342933347
2026-10-10,1,wk inc rsv hosp,2026-10-17,36,quantile,0.01,0
2026-10-10,1,wk inc rsv hosp,2026-10-17,36,quantile,0.025,0
2026-10-10,1,wk inc rsv hosp,2026-10-17,36,quantile,0.05,0
2026-10-10,1,wk inc rsv hosp,2026-10-17,36,quantile,0.1,0
2026-10-10,1,wk inc rsv hosp,2026-10-17,36,quantile,0.15,0
2026-10-10,1,wk inc rsv hosp,2026-10-17,36,quantile,0.2,2
2026-10-10,1,wk inc rsv hosp,2026-10-17,36,quantile,0.25,11
2026-10-10,1,wk inc rsv hosp,2026-10-17,36,quantile,0.3,18
2026-10-10,1,wk inc rsv hosp,2026-10-17,36,quantile,0.35,23
2026-10-10,1,wk inc rsv hosp,2026-10-17,36,quantile,0.4,27.227678276782783
2026-10-10,1,wk inc rsv hosp,2026-10-17,36,quantile,0.45,30.691127911279104
2026-10-10,1,wk inc rsv hosp,2026-10-17,36,quantile,0.5,32
2026-10-10,1,wk inc rsv hosp,2026-10-17,36,quantile,0.55,34.93412384123842
2026-10-10,1,wk inc rsv hosp,2026-10-17,36,quantile,0.6,38
2026-10-10,1,wk inc rsv hosp,2026-10-17,36,quantile,0.65,43
2026-10-10,1,wk inc rsv hosp,2026-10-17,36,quantile,0.7,48.16842868428682
2026-10-10,1,wk inc rsv hosp,2026-10-17,36,quantile,0.75,59
2026-10-10,1,wk inc rsv hosp,2026-10-17,36,quantile,0.8,73.03235032350335
2026-10-10,1,wk inc rsv hosp,2026-10-17,36,quantile,0.85,100.45618756187557
2026-10-10,1,wk inc rsv hosp,2026-10-17,36,quantile,0.9,122.4291932919329
2026-10-10,1,wk inc rsv hosp,2026-10-17,36,quantile,0.95,169.40539505395023
2026-10-10,1,wk inc rsv hosp,2026-10-17,36,quantile,0.975,205.39623321233177
2026-10-10,1,wk inc rsv hosp,2026-10-17,36,quantile,0.99,251.16588305882863
2026-10-10,1,wk inc rsv hosp,2026-10-17,37,quantile,0.01,0
2026-10-10,1,wk inc rsv hosp,2026-10-17,37,quantile,0.025,0
2026-10-10,1,wk inc rsv hosp,2026-10-17,37,quantile,0.05,0
2026-10-10,1,wk inc rsv hosp,2026-10-17,37,quantile,0.1,0
2026-10-10,1,wk inc rsv hosp,2026-10-17,37,quantile,0.15,0
2026-10-10,1,wk inc rsv hosp,2026-10-17,37,quantile,0.2,0
2026-10-10,1,wk inc rsv hosp,2026-10-17,37,quantile,0.25,1.2125871258712593
2026-10-10,1,wk inc rsv hosp,2026-10-17,37,quantile,0.3,6
2026-10-10,1,wk inc rsv hosp,2026-10-17,37,quantile,0.35,10
2026-10-10,1,wk inc rsv hosp,2026-10-17,37,quantile,0.4,13.841984419844199
2026-10-10,1,wk inc rsv hosp,2026-10-17,37,quantile,0.45,17
2026-10-10,1,wk inc rsv hosp,2026-10-17,37,quantile,0.5,20
2026-10-10,1,wk inc rsv hosp,2026-10-17,37,quantile,0.55,23
2026-10-10,1,wk inc rsv hosp,2026-10-17,37,quantile,0.6,27
2026-10-10,1,wk inc rsv hosp,2026-10-17,37,quantile,0.65,31
2026-10-10,1,wk inc rsv hosp,2026-10-17,37,quantile,0.7,36
2026-10-10,1,wk inc rsv hosp,2026-10-17,37,quantile,0.75,42.23657236572365
2026-10-10,1,wk inc rsv hosp,2026-10-17,37,quantile,0.8,49.50520705207061
2026-10-10,1,wk inc rsv hosp,2026-10-17,37,quantile,0.85,59.2433784337843
2026-10-10,1,wk inc rsv hosp,2026-10-17,37,quantile,0.9,76.93165231652314
2026-10-10,1,wk inc rsv hosp,2026-10-17,37,quantile,0.95,119.4301353013529
2026-10-10,1,wk inc rsv hosp,2026-10-17,37,quantile,0.975,156.87043870438671
2026-10-10,1,wk inc rsv hosp,2026-10-17,37,quantile,0.99,208.29903649036441
2026-10-10,1,wk inc rsv hosp,2026-10-17,38,quantile,0.01,0
2026-10-10,1,wk inc rsv hosp,2026-10-17,38,quantile,0.025,0
2026-10-10,1,wk inc rsv hosp,2026-10-17,38,quantile,0.05,0
2026-10-10,1,wk inc rsv hosp,2026-10-17,38,quantile,0.1,0
2026-10-10,1,wk inc rsv hosp,2026-10-17,38,quantile,0.15,0
2026-10-10,1,wk inc rsv hosp,2026-10-17,38,quantile,0.2,0
2026-10-10,1,wk inc rsv hosp,2026-10-17,38,quantile,0.25,0
2026-10-10,1,wk inc rsv hosp,2026-10-17,38,quantile,0.3,0
2026-10-10,1,wk inc rsv hosp,2026-10-17,38,quantile,0.35,0
2026-10-10,1,wk inc rsv hosp,2026-10-17,38,quantile,0.4,0
2026-10-10,1,wk inc rsv hosp,2026-10-17,38,quantile,0.45,0
2026-10-10,1,wk inc rsv hosp,2026-10-17,38,quantile,0.5,0
2026-10-10,1,wk inc rsv hosp,2026-10-17,38,quantile,0.55,0
2026-10-10,1,wk inc rsv hosp,2026-10-17,38,quantile,0.6,1
2026-10-10,1,wk inc rsv hosp,2026-10-17,38,quantile,0.65,1
2026-10-10,1,wk inc rsv hosp,2026-10-17,38,quantile,0.7,1
2026-10-10,1,wk inc rsv hosp,2026-10-17,38,quantile,0.75,2
2026-10-10,1,wk inc rsv hosp,2026-10-17,38,quantile,0.8,3
2026-10-10,1,wk inc rsv hosp,2026-10-17,38,quantile,0.85,4
2026-10-10,1,wk inc rsv hosp,2026-10-17,38,quantile,0.9,6
2026-10-10,1,wk inc rsv hosp,2026-10-17,38,quantile,0.95,8.5847493474935
2026-10-10,1,wk inc rsv hosp,2026-10-17,38,quantile,0.975,11.172605976059732
2026-10-10,1,wk inc rsv hosp,2026-10-17,38,quantile,0.99,16
2026-10-10,1,wk inc rsv hosp,2026-10-17,39,quantile,0.01,0
2026-10-10,1,wk inc rsv hosp,2026-10-17,39,quantile,0.025,0
2026-10-10,1,wk inc rsv hosp,2026-10-17,39,quantile,0.05,0
2026-10-10,1,wk inc rsv hosp,2026-10-17,39,quantile,0.1,0
2026-10-10,1,wk inc rsv hosp,2026-10-17,39,quantile,0.15,0
2026-10-10,1,wk inc rsv hosp,2026-10-17,39,quantile,0.2,0
2026-10-10,1,wk inc rsv hosp,2026-10-17,39,quantile,0.25,0
2026-10-10,1,wk inc rsv hosp,2026-10-17,39,quantile,0.3,3
2026-10-10,1,wk inc rsv hosp,2026-10-17,39,quantile,0.35,5
2026-10-10,1,wk inc rsv hosp,2026-10-17,39,quantile,0.4,7
2026-10-10,1,wk inc rsv hosp,2026-10-17,39,quantile,0.45,8
2026-10-10,1,wk inc rsv hosp,2026-10-17,39,quantile,0.5,9
2026-10-10,1,wk inc rsv hosp,2026-10-17,39,quantile,0.55,11
2026-10-10,1,wk inc rsv hosp,2026-10-17,39,quantile,0.6,13
2026-10-10,1,wk inc rsv hosp,2026-10-17,39,quantile,0.65,15
2026-10-10,1,wk inc rsv hosp,2026-10-17,39,quantile,0.7,18.75275652756526
2026-10-10,1,wk inc rsv hosp,2026-10-17,39,quantile,0.75,24.437004370043695
2026-10-10,1,wk inc rsv hosp,2026-10-17,39,quantile,0.8,32.80319003190041
2026-10-10,1,wk inc rsv hosp,2026-10-17,39,quantile,0.85,47.441686916869145
2026-10-10,1,wk inc rsv hosp,2026-10-17,39,quantile,0.9,64.07647176471772
2026-10-10,1,wk inc rsv hosp,2026-10-17,39,quantile,0.95,97.82608376083735
2026-10-10,1,wk inc rsv hosp,2026-10-17,39,quantile,0.975,148.2974019740194
2026-10-10,1,wk inc rsv hosp,2026-10-17,39,quantile,0.99,202.54951959519565
2026-10-10,1,wk inc rsv hosp,2026-10-17,40,quantile,0.01,0
2026-10-10,1,wk inc rsv hosp,2026-10-17,40,quantile,0.025,0
2026-10-10,1,wk inc rsv hosp,2026-10-17,40,quantile,0.05,0
2026-10-10,1,wk inc rsv hosp,2026-10-17,40,quantile,0.1,0
2026-10-10,1,wk inc rsv hosp,2026-10-17,40,quantile,0.15,0
2026-10-10,1,wk inc rsv hosp,2026-10-17,40,quantile,0.2,0
2026-10-10,1,wk inc rsv hosp,2026-10-17,40,quantile,0.25,0
2026-10-10,1,wk inc rsv hosp,2026-10-17,40,quantile,0.3,0
2026-10-10,1,wk inc rsv hosp,2026-10-17,40,quantile,0.35,0
2026-10-10,1,wk inc rsv hosp,2026-10-17,40,quantile,0.4,0
2026-10-10,1,wk inc rsv hosp,2026-10-17,40,quantile,0.45,0
2026-10-10,1,wk inc rsv hosp,2026-10-17,40,quantile,0.5,0
2026-10-10,1,wk inc rsv hosp,2026-10-17,40,quantile,0.55,0
2026-10-10,1,wk inc rsv hosp,2026-10-17,40,quantile,0.6,1
2026-10-10,1,wk inc rsv hosp,2026-10-17,40,quantile,0.65,2
2026-10-10,1,wk inc rsv hosp,2026-10-17,40,quantile,0.7,4
2026-10-10,1,wk inc rsv hosp,2026-10-17,40,quantile,0.75,6
2026-10-10,1,wk inc rsv hosp,2026-10-17,40,quantile,0.8,9.485136851368537
2026-10-10,1,wk inc rsv hosp,2026-10-17,40,quantile,0.85,14.58561585615854
2026-10-10,1,wk inc rsv hosp,2026-10-17,40,quantile,0.9,18.454320543205426
2026-10-10,1,wk inc rsv hosp,2026-10-17,40,quantile,0.95,28
2026-10-10,1,wk inc rsv hosp,2026-10-17,40,quantile,0.975,35.92543350433496
2026-10-10,1,wk inc rsv hosp,2026-10-17,40,quantile,0.99,45.66324073240703
2026-10-10,1,wk inc rsv hosp,2026-10-17,41,quantile,0.01,0
2026-10-10,1,wk inc rsv hosp,2026-10-17,41,quantile,0.025,0
2026-10-10,1,wk inc rsv hosp,2026-10-17,41,quantile,0.05,0
2026-10-10,1,wk inc rsv hosp,2026-10-17,41,quantile,0.1,0
2026-10-10,1,wk inc rsv hosp,2026-10-17,41,quantile,0.15,0
2026-10-10,1,wk inc rsv hosp,2026-10-17,41,quantile,0.2,0
2026-10-10,1,wk inc rsv hosp,2026-10-17,41,quantile,0.25,0
2026-10-10,1,wk inc rsv hosp,2026-10-17,41,quantile,0.3,0
2026-10-10,1,wk inc rsv hosp,2026-10-17,41,quantile,0.35,0
2026-10-10,1,wk inc rsv hosp,2026-10-17,41,quantile,0.4,1
2026-10-10,1,wk inc rsv hosp,2026-10-17,41,quantile,0.45,1
2026-10-10,1,wk inc rsv hosp,2026-10-17,41,quantile,0.5,1
2026-10-10,1,wk inc rsv hosp,2026-10-17,41,quantile,0.55,2
2026-10-10,1,wk inc rsv hosp,2026-10-17,41,quantile,0.6,2
2026-10-10,1,wk inc rsv hosp,2026-10-17,41,quantile,0.65,3
2026-10-10,1,wk inc rsv hosp,2026-10-17,41,quantile,0.7,4
2026-10-10,1,wk inc rsv hosp,2026-10-17,41,quantile,0.75,6
2026-10-10,1,wk inc rsv hosp,2026-10-17,41,quantile,0.8,9
2026-10-10,1,wk inc rsv hosp,2026-10-17,41,quantile,0.85,13.890949909499128
2026-10-10,1,wk inc rsv hosp,2026-10-17,41,quantile,0.9,20
2026-10-10,1,wk inc rsv hosp,2026-10-17,41,quantile,0.95,36.56071760717603
2026-10-10,1,wk inc rsv hosp,2026-10-17,41,quantile,0.975,48
2026-10-10,1,wk inc rsv hosp,2026-10-17,41,quantile,0.99,57.22645646456471
2026-10-10,1,wk inc rsv hosp,2026-10-17,42,quantile,0.01,0
2026-10-10,1,wk inc rsv hosp,2026-10-17,42,quantile,0.025,0
2026-10-10,1,wk inc rsv hosp,2026-10-17,42,quantile,0.05,0
2026-10-10,1,wk inc rsv hosp,2026-10-17,42,quantile,0.1,0
2026-10-10,1,wk inc rsv hosp,2026-10-17,42,quantile,0.15,0
2026-10-10,1,wk inc rsv hosp,2026-10-17,42,quantile,0.2,1.6880218802188125
2026-10-10,1,wk inc rsv hosp,2026-10-17,42,quantile,0.25,11.688021880218812
2026-10-10,1,wk inc rsv hosp,2026-10-17,42,quantile,0.3,20.185323853238533
2026-10-10,1,wk inc rsv hosp,2026-10-17,42,quantile,0.35,26.725556755567542
2026-10-10,1,wk inc rsv hosp,2026-10-17,42,quantile,0.4,31.688021880218812
2026-10-10,1,wk inc rsv hosp,2026-10-17,42,quantile,0.45,36.27664776647768
2026-10-10,1,wk inc rsv hosp,2026-10-17,42,quantile,0.5,39
2026-10-10,1,wk inc rsv hosp,2026-10-17,42,quantile,0.55,42.68802188021881
2026-10-10,1,wk inc rsv hosp,2026-10-17,42,quantile,0.6,47.428707287072825
2026-10-10,1,wk inc rsv hosp,2026-10-17,42,quantile,0.65,52.8667331673317
2026-10-10,1,wk inc rsv hosp,2026-10-17,42,quantile,0.7,60.67537075370755
2026-10-10,1,wk inc rsv hosp,2026-10-17,42,quantile,0.75,72.10814858148576
2026-10-10,1,wk inc rsv hosp,2026-10-17,42,quantile,0.8,90.08164781647818
2026-10-10,1,wk inc rsv hosp,2026-10-17,42,quantile,0.85,105.84322243222432
2026-10-10,1,wk inc rsv hosp,2026-10-17,42,quantile,0.9,126.6504295042952
2026-10-10,1,wk inc rsv hosp,2026-10-17,42,quantile,0.95,161.49857248572476
2026-10-10,1,wk inc rsv hosp,2026-10-17,42,quantile,0.975,233.48671786717756
2026-10-10,1,wk inc rsv hosp,2026-10-17,42,quantile,0.99,330.080812008122
2026-10-10,1,wk inc rsv hosp,2026-10-17,44,quantile,0.01,0
2026-10-10,1,wk inc rsv hosp,2026-10-17,44,quantile,0.025,0
2026-10-10,1,wk inc rsv hosp,2026-10-17,44,quantile,0.05,0
2026-10-10,1,wk inc rsv hosp,2026-10-17,44,quantile,0.1,0
2026-10-10,1,wk inc rsv hosp,2026-10-17,44,quantile,0.15,0
2026-10-10,1,wk inc rsv hosp,2026-10-17,44,quantile,0.2,0
2026-10-10,1,wk inc rsv hosp,2026-10-17,44,quantile,0.25,0
2026-10-10,1,wk inc rsv hosp,2026-10-17,44,quantile,0.3,0
2026-10-10,1,wk inc rsv hosp,2026-10-17,44,quantile,0.35,0
2026-10-10,1,wk inc rsv hosp,2026-10-17,44,quantile,0.4,1
2026-10-10,1,wk inc rsv hosp,2026-10-17,44,quantile,0.45,1
2026-10-10,1,wk inc rsv hosp,2026-10-17,44,quantile,0.5,1
2026-10-10,1,wk inc rsv hosp,2026-10-17,44,quantile,0.55,2
2026-10-10,1,wk inc rsv hosp,2026-10-17,44,quantile,0.6,2.043088430884315
2026-10-10,1,wk inc rsv hosp,2026-10-17,44,quantile,0.65,3
2026-10-10,1,wk inc rsv hosp,2026-10-17,44,quantile,0.7,4
2026-10-10,1,wk inc rsv hosp,2026-10-17,44,quantile,0.75,5
2026-10-10,1,wk inc rsv hosp,2026-10-17,44,quantile,0.8,6
2026-10-10,1,wk inc rsv hosp,2026-10-17,44,quantile,0.85,8
2026-10-10,1,wk inc rsv hosp,2026-10-17,44,quantile,0.9,11.177872778727801
2026-10-10,1,wk inc rsv hosp,2026-10-17,44,quantile,0.95,15.865136651366495
2026-10-10,1,wk inc rsv hosp,2026-10-17,44,quantile,0.975,19.341434914349158
2026-10-10,1,wk inc rsv hosp,2026-10-17,44,quantile,0.99,28.776767567675677
2026-10-10,1,wk inc rsv hosp,2026-10-17,45,quantile,0.01,0
2026-10-10,1,wk inc rsv hosp,2026-10-17,45,quantile,0.025,0
2026-10-10,1,wk inc rsv hosp,2026-10-17,45,quantile,0.05,0
2026-10-10,1,wk inc rsv hosp,2026-10-17,45,quantile,0.1,0
2026-10-10,1,wk inc rsv hosp,2026-10-17,45,quantile,0.15,0
2026-10-10,1,wk inc rsv hosp,2026-10-17,45,quantile,0.2,0
2026-10-10,1,wk inc rsv hosp,2026-10-17,45,quantile,0.25,1
2026-10-10,1,wk inc rsv hosp,2026-10-17,45,quantile,0.3,3
2026-10-10,1,wk inc rsv hosp,2026-10-17,45,quantile,0.35,4.904479044790449
2026-10-10,1,wk inc rsv hosp,2026-10-17,45,quantile,0.4,6
2026-10-10,1,wk inc rsv hosp,2026-10-17,45,quantile,0.45,7
2026-10-10,1,wk inc rsv hosp,2026-10-17,45,quantile,0.5,8
2026-10-10,1,wk inc rsv hosp,2026-10-17,45,quantile,0.55,9
2026-10-10,1,wk inc rsv hosp,2026-10-17,45,quantile,0.6,11
2026-10-10,1,wk inc rsv hosp,2026-10-17,45,quantile,0.65,12.63357333573336
2026-10-10,1,wk inc rsv hosp,2026-10-17,45,quantile,0.7,15
2026-10-10,1,wk inc rsv hosp,2026-10-17,45,quantile,0.75,18.279997799978013
2026-10-10,1,wk inc rsv hosp,2026-10-17,45,quantile,0.8,23.21554215542156
2026-10-10,1,wk inc rsv hosp,2026-10-17,45,quantile,0.85,30.799893498934942
2026-10-10,1,wk inc rsv hosp,2026-10-17,45,quantile,0.9,39.1238962389624
2026-10-10,1,wk inc rsv hosp,2026-10-17,45,quantile,0.95,51.32077570775704
2026-10-10,1,wk inc rsv hosp,2026-10-17,45,quantile,0.975,66.00499404993984
2026-10-10,1,wk inc rsv hosp,2026-10-17,45,quantile,0.99,104.90203812038072
2026-10-10,1,wk inc rsv hosp,2026-10-17,46,quantile,0.01,0
2026-10-10,1,wk inc rsv hosp,2026-10-17,46,quantile,0.025,0
2026-10-10,1,wk inc rsv hosp,2026-10-17,46,quantile,0.05,0
2026-10-10,1,wk inc rsv hosp,2026-10-17,46,quantile,0.1,0
2026-10-10,1,wk inc rsv hosp,2026-10-17,46,quantile,0.15,0
2026-10-10,1,wk inc rsv hosp,2026-10-17,46,quantile,0.2,0
2026-10-10,1,wk inc rsv hosp,2026-10-17,46,quantile,0.25,0.054740547405460305
2026-10-10,1,wk inc rsv hosp,2026-10-17,46,quantile,0.3,1
2026-10-10,1,wk inc rsv hosp,2026-10-17,46,quantile,0.35,1
2026-10-10,1,wk inc rsv hosp,2026-10-17,46,quantile,0.4,2
2026-10-10,1,wk inc rsv hosp,2026-10-17,46,quantile,0.45,2
2026-10-10,1,wk inc rsv hosp,2026-10-17,46,quantile,0.5,2
2026-10-10,1,wk inc rsv hosp,2026-10-17,46,quantile,0.55,2
2026-10-10,1,wk inc rsv hosp,2026-10-17,46,quantile,0.6,2
2026-10-10,1,wk inc rsv hosp,2026-10-17,46,quantile,0.65,3
2026-10-10,1,wk inc rsv hosp,2026-10-17,46,quantile,0.7,3
2026-10-10,1,wk inc rsv hosp,2026-10-17,46,quantile,0.75,4
2026-10-10,1,wk inc rsv hosp,2026-10-17,46,quantile,0.8,5
2026-10-10,1,wk inc rsv hosp,2026-10-17,46,quantile,0.85,6
2026-10-10,1,wk inc rsv hosp,2026-10-17,46,quantile,0.9,9
2026-10-10,1,wk inc rsv hosp,2026-10-17,46,quantile,0.95,12.117512675126754
2026-10-10,1,wk inc rsv hosp,2026-10-17,46,quantile,0.975,15.296704467044636
2026-10-10,1,wk inc rsv hosp,2026-10-17,46,quantile,0.99,18
2026-10-10,1,wk inc rsv hosp,2026-10-17,47,quantile,0.01,0
2026-10-10,1,wk inc rsv hosp,2026-10-17,47,quantile,0.025,0
2026-10-10,1,wk inc rsv hosp,2026-10-17,47,quantile,0.05,0
2026-10-10,1,wk inc rsv hosp,2026-10-17,47,quantile,0.1,0
2026-10-10,1,wk inc rsv hosp,2026-10-17,47,quantile,0.15,0
2026-10-10,1,wk inc rsv hosp,2026-10-17,47,quantile,0.2,0
2026-10-10,1,wk inc rsv hosp,2026-10-17,47,quantile,0.25,0.7431374313743078
2026-10-10,1,wk inc rsv hosp,2026-10-17,47,quantile,0.3,2.8066890668906574
2026-10-10,1,wk inc rsv hosp,2026-10-17,47,quantile,0.35,5.106805568055664
2026-10-10,1,wk inc rsv hosp,2026-10-17,47,quantile,0.4,6.743137431374308
2026-10-10,1,wk inc rsv hosp,2026-10-17,47,quantile,0.45,8.743137431374308
2026-10-10,1,wk inc rsv hosp,2026-10-17,47,quantile,0.5,10
2026-10-10,1,wk inc rsv hosp,2026-10-17,47,quantile,0.55,11.743137431374308
2026-10-10,1,wk inc rsv hosp,2026-10-17,47,quantile,0.6,13.743137431374308
2026-10-10,1,wk inc rsv hosp,2026-10-17,47,quantile,0.65,15.743137431374308
2026-10-10,1,wk inc rsv hosp,2026-10-17,47,quantile,0.7,18.743137431374308
2026-10-10,1,wk inc rsv hosp,2026-10-17,47,quantile,0.75,22.743137431374308
2026-10-10,1,wk inc rsv hosp,2026-10-17,47,quantile,0.8,27.049734497345032
2026-10-10,1,wk inc rsv hosp,2026-10-17,47,quantile,0.85,35.10108251082507
2026-10-10,1,wk inc rsv hosp,2026-10-17,47,quantile,0.9,45.79663696636966
2026-10-10,1,wk inc rsv hosp,2026-10-17,47,quantile,0.95,69.69055740557383
2026-10-10,1,wk inc rsv hosp,2026-10-17,47,quantile,0.975,84.80681456814565
2026-10-10,1,wk inc rsv hosp,2026-10-17,47,quantile,0.99,120.54186151861536
2026-10-10,1,wk inc rsv hosp,2026-10-17,48,quantile,0.01,0
2026-10-10,1,wk inc rsv hosp,2026-10-17,48,quantile,0.025,0
2026-10-10,1,wk inc rsv hosp,2026-10-17,48,quantile,0.05,0
2026-10-10,1,wk inc rsv hosp,2026-10-17,48,quantile,0.1,0
2026-10-10,1,wk inc rsv hosp,2026-10-17,48,quantile,0.15,9
2026-10-10,1,wk inc rsv hosp,2026-10-17,48,quantile,0.2,29.853996539965404
2026-10-10,1,wk inc rsv hosp,2026-10-17,48,quantile,0.25,41.38435884358843
2026-10-10,1,wk inc rsv hosp,2026-10-17,48,quantile,0.3,52
2026-10-10,1,wk inc rsv hosp,2026-10-17,48,quantile,0.35,59
2026-10-10,1,wk inc rsv hosp,2026-10-17,48,quantile,0.4,63.562883628836296
2026-10-10,1,wk inc rsv hosp,2026-10-17,48,quantile,0.45,67
2026-10-10,1,wk inc rsv hosp,2026-10-17,48,quantile,0.5,68
2026-10-10,1,wk inc rsv hosp,2026-10-17,48,quantile,0.55,70
2026-10-10,1,wk inc rsv hosp,2026-10-17,48,quantile,0.6,73
2026-10-10,1,wk inc rsv hosp,2026-10-17,48,quantile,0.65,77
2026-10-10,1,wk inc rsv hosp,2026-10-17,48,quantile,0.7,85
2026-10-10,1,wk inc rsv hosp,2026-10-17,48,quantile,0.75,95.90061900619004
2026-10-10,1,wk inc rsv hosp,2026-10-17,48,quantile,0.8,108.80176801768029
2026-10-10,1,wk inc rsv hosp,2026-10-17,48,quantile,0.85,130
2026-10-10,1,wk inc rsv hosp,2026-10-17,48,quantile,0.9,154.27178071780713
2026-10-10,1,wk inc rsv hosp,2026-10-17,48,quantile,0.95,208.74563995639966
2026-10-10,1,wk inc rsv hosp,2026-10-17,48,quantile,0.975,245.0228372283722
2026-10-10,1,wk inc rsv hosp,2026-10-17,48,quantile,0.99,296.75670126701084
2026-10-10,1,wk inc rsv hosp,2026-10-17,49,quantile,0.01,0
2026-10-10,1,wk inc rsv hosp,2026-10-17,49,quantile,0.025,0
2026-10-10,1,wk inc rsv hosp,2026-10-17,49,quantile,0.05,0
2026-10-10,1,wk inc rsv hosp,2026-10-17,49,quantile,0.1,0
2026-10-10,1,wk inc rsv hosp,2026-10-17,49,quantile,0.15,0
2026-10-10,1,wk inc rsv hosp,2026-10-17,49,quantile,0.2,0
2026-10-10,1,wk inc rsv hosp,2026-10-17,49,quantile,0.25,0
2026-10-10,1,wk inc rsv hosp,2026-10-17,49,quantile,0.3,0
2026-10-10,1,wk inc rsv hosp,2026-10-17,49,quantile,0.35,0
2026-10-10,1,wk inc rsv hosp,2026-10-17,49,quantile,0.4,0
2026-10-10,1,wk inc rsv hosp,2026-10-17,49,quantile,0.45,0
2026-10-10,1,wk inc rsv hosp,2026-10-17,49,quantile,0.5,0
2026-10-10,1,wk inc rsv hosp,2026-10-17,49,quantile,0.55,0
2026-10-10,1,wk inc rsv hosp,2026-10-17,49,quantile,0.6,1
2026-10-10,1,wk inc rsv hosp,2026-10-17,49,quantile,0.65,2
2026-10-10,1,wk inc rsv hosp,2026-10-17,49,quantile,0.7,3
2026-10-10,1,wk inc rsv hosp,2026-10-17,49,quantile,0.75,4.509842598425976
2026-10-10,1,wk inc rsv hosp,2026-10-17,49,quantile,0.8,6
2026-10-10,1,wk inc rsv hosp,2026-10-17,49,quantile,0.85,8.781409314093139
2026-10-10,1,wk inc rsv hosp,2026-10-17,49,quantile,0.9,12.733887338873387
2026-10-10,1,wk inc rsv hosp,2026-10-17,49,quantile,0.95,32.85173401733989
2026-10-10,1,wk inc rsv hosp,2026-10-17,49,quantile,0.975,49
2026-10-10,1,wk inc rsv hosp,2026-10-17,49,quantile,0.99,54.20653466534664
2026-10-10,1,wk inc rsv hosp,2026-10-17,50,quantile,0.01,0
2026-10-10,1,wk inc rsv hosp,2026-10-17,50,quantile,0.025,0
2026-10-10,1,wk inc rsv hosp,2026-10-17,50,quantile,0.05,0
2026-10-10,1,wk inc rsv hosp,2026-10-17,50,quantile,0.1,0
2026-10-10,1,wk inc rsv hosp,2026-10-17,50,quantile,0.15,0
2026-10-10,1,wk inc rsv hosp,2026-10-17,50,quantile,0.2,0
2026-10-10,1,wk inc rsv hosp,2026-10-17,50,quantile,0.25,0
2026-10-10,1,wk inc rsv hosp,2026-10-17,50,quantile,0.3,0
2026-10-10,1,wk inc rsv hosp,2026-10-17,50,quantile,0.35,0
2026-10-10,1,wk inc rsv hosp,2026-10-17,50,quantile,0.4,0
2026-10-10,1,wk inc rsv hosp,2026-10-17,50,quantile,0.45,0
2026-10-10,1,wk inc rsv hosp,2026-10-17,50,quantile,0.5,0
2026-10-10,1,wk inc rsv hosp,2026-10-17,50,quantile,0.55,1
2026-10-10,1,wk inc rsv hosp,2026-10-17,50,quantile,0.6,1
2026-10-10,1,wk inc rsv hosp,2026-10-17,50,quantile,0.65,1
2026-10-10,1,wk inc rsv hosp,2026-10-17,50,quantile,0.7,2
2026-10-10,1,wk inc rsv hosp,2026-10-17,50,quantile,0.75,2
2026-10-10,1,wk inc rsv hosp,2026-10-17,50,quantile,0.8,3
2026-10-10,1,wk inc rsv hosp,2026-10-17,50,quantile,0.85,4
2026-10-10,1,wk inc rsv hosp,2026-10-17,50,quantile,0.9,5
2026-10-10,1,wk inc rsv hosp,2026-10-17,50,quantile,0.95,8
2026-10-10,1,wk inc rsv hosp,2026-10-17,50,quantile,0.975,10.154535545355456
2026-10-10,1,wk inc rsv hosp,2026-10-17,50,quantile,0.99,12.175029850298479
2026-10-10,1,wk inc rsv hosp,2026-10-17,51,quantile,0.01,0
2026-10-10,1,wk inc rsv hosp,2026-10-17,51,quantile,0.025,0
2026-10-10,1,wk inc rsv hosp,2026-10-17,51,quantile,0.05,0
2026-10-10,1,wk inc rsv hosp,2026-10-17,51,quantile,0.1,0
2026-10-10,1,wk inc rsv hosp,2026-10-17,51,quantile,0.15,0
2026-10-10,1,wk inc rsv hosp,2026-10-17,51,quantile,0.2,0
2026-10-10,1,wk inc rsv hosp,2026-10-17,51,quantile,0.25,0
2026-10-10,1,wk inc rsv hosp,2026-10-17,51,quantile,0.3,1.3224432244322344
2026-10-10,1,wk inc rsv hosp,2026-10-17,51,quantile,0.35,3
2026-10-10,1,wk inc rsv hosp,2026-10-17,51,quantile,0.4,4
2026-10-10,1,wk inc rsv hosp,2026-10-17,51,quantile,0.45,5
2026-10-10,1,wk inc rsv hosp,2026-10-17,51,quantile,0.5,5
2026-10-10,1,wk inc rsv hosp,2026-10-17,51,quantile,0.55,5.001654016540174
2026-10-10,1,wk inc rsv hosp,2026-10-17,51,quantile,0.6,7
2026-10-10,1,wk inc rsv hosp,2026-10-17,51,quantile,0.65,8
2026-10-10,1,wk inc rsv hosp,2026-10-17,51,quantile,0.7,10.582266822668227
2026-10-10,1,wk inc rsv hosp,2026-10-17,51,quantile,0.75,13
2026-10-10,1,wk inc rsv hosp,2026-10-17,51,quantile,0.8,18
2026-10-10,1,wk inc rsv hosp,2026-10-17,51,quantile,0.85,25.7817078170782
2026-10-10,1,wk inc rsv hosp,2026-10-17,51,quantile,0.9,33.51259112591128
2026-10-10,1,wk inc rsv hosp,2026-10-17,51,quantile,0.95,44.844897948979565
2026-10-10,1,wk inc rsv hosp,2026-10-17,51,quantile,0.975,59.22994954949537
2026-10-10,1,wk inc rsv hosp,2026-10-17,51,quantile,0.99,121.80730357303477
2026-10-10,1,wk inc rsv hosp,2026-10-17,53,quantile,0.01,0
2026-10-10,1,wk inc rsv hosp,2026-10-17,53,quantile,0.025,0
2026-10-10,1,wk inc rsv hosp,2026-10-17,53,quantile,0.05,0
2026-10-10,1,wk inc rsv hosp,2026-10-17,53,quantile,0.1,0
2026-10-10,1,wk inc rsv hosp,2026-10-17,53,quantile,0.15,0
2026-10-10,1,wk inc rsv hosp,2026-10-17,53,quantile,0.2,0
2026-10-10,1,wk inc rsv hosp,2026-10-17,53,quantile,0.25,0
2026-10-10,1,wk inc rsv hosp,2026-10-17,53,quantile,0.3,0
2026-10-10,1,wk inc rsv hosp,2026-10-17,53,quantile,0.35,1
2026-10-10,1,wk inc rsv hosp,2026-10-17,53,quantile,0.4,2
2026-10-10,1,wk inc rsv hosp,2026-10-17,53,quantile,0.45,3
2026-10-10,1,wk inc rsv hosp,2026-10-17,53,quantile,0.5,3
2026-10-10,1,wk inc rsv hosp,2026-10-17,53,quantile,0.55,4
2026-10-10,1,wk inc rsv hosp,2026-10-17,53,quantile,0.6,5
2026-10-10,1,wk inc rsv hosp,2026-10-17,53,quantile,0.65,6
2026-10-10,1,wk inc rsv hosp,2026-10-17,53,quantile,0.7,8
2026-10-10,1,wk inc rsv hosp,2026-10-17,53,quantile,0.75,10
2026-10-10,1,wk inc rsv hosp,2026-10-17,53,quantile,0.8,14
2026-10-10,1,wk inc rsv hosp,2026-10-17,53,quantile,0.85,17.919500695006946
2026-10-10,1,wk inc rsv hosp,2026-10-17,53,quantile,0.9,23
2026-10-10,1,wk inc rsv hosp,2026-10-17,53,quantile,0.95,30
2026-10-10,1,wk inc rsv hosp,2026-10-17,53,quantile,0.975,36.288680136801325
2026-10-10,1,wk inc rsv hosp,2026-10-17,53,quantile,0.99,52.941880118800626
2026-10-10,1,wk inc rsv hosp,2026-10-17,54,quantile,0.01,0
2026-10-10,1,wk inc rsv hosp,2026-10-17,54,quantile,0.025,0
2026-10-10,1,wk inc rsv hosp,2026-10-17,54,quantile,0.05,0
2026-10-10,1,wk inc rsv hosp,2026-10-17,54,quantile,0.1,0
2026-10-10,1,wk inc rsv hosp,2026-10-17,54,quantile,0.15,0
2026-10-10,1,wk inc rsv hosp,2026-10-17,54,quantile,0.2,0
2026-10-10,1,wk inc rsv hosp,2026-10-17,54,quantile,0.25,0
2026-10-10,1,wk inc rsv hosp,2026-10-17,54,quantile,0.3,0
2026-10-10,1,wk inc rsv hosp,2026-10-17,54,quantile,0.35,0
2026-10-10,1,wk inc rsv hosp,2026-10-17,54,quantile,0.4,0
2026-10-10,1,wk inc rsv hosp,2026-10-17,54,quantile,0.45,0
2026-10-10,1,wk inc rsv hosp,2026-10-17,54,quantile,0.5,1
2026-10-10,1,wk inc rsv hosp,2026-10-17,54,quantile,0.55,2
2026-10-10,1,wk inc rsv hosp,2026-10-17,54,quantile,0.6,3
2026-10-10,1,wk inc rsv hosp,2026-10-17,54,quantile,0.65,4.965170151701518
2026-10-10,1,wk inc rsv hosp,2026-10-17,54,quantile,0.7,6.317999179991797
2026-10-10,1,wk inc rsv hosp,2026-10-17,54,quantile,0.75,9
2026-10-10,1,wk inc rsv hosp,2026-10-17,54,quantile,0.8,12
2026-10-10,1,wk inc rsv hosp,2026-10-17,54,quantile,0.85,16.55725707257073
2026-10-10,1,wk inc rsv hosp,2026-10-17,54,quantile,0.9,22.76900369003691
2026-10-10,1,wk inc rsv hosp,2026-10-17,54,quantile,0.95,32
2026-10-10,1,wk inc rsv hosp,2026-10-17,54,quantile,0.975,44
2026-10-10,1,wk inc rsv hosp,2026-10-17,54,quantile,0.99,48.641205412053935
2026-10-10,1,wk inc rsv hosp,2026-10-17,55,quantile,0.01,0
2026-10-10,1,wk inc rsv hosp,2026-10-17,55,quantile,0.025,0
2026-10-10,1,wk inc rsv hosp,2026-10-17,55,quantile,0.05,0
2026-10-10,1,wk inc rsv hosp,2026-10-17,55,quantile,0.1,0
2026-10-10,1,wk inc rsv hosp,2026-10-17,55,quantile,0.15,0
2026-10-10,1,wk inc rsv hosp,2026-10-17,55,quantile,0.2,0
2026-10-10,1,wk inc rsv hosp,2026-10-17,55,quantile,0.25,0
2026-10-10,1,wk inc rsv hosp,2026-10-17,55,quantile,0.3,0
2026-10-10,1,wk inc rsv hosp,2026-10-17,55,quantile,0.35,0
2026-10-10,1,wk inc rsv hosp,2026-10-17,55,quantile,0.4,2
2026-10-10,1,wk inc rsv hosp,2026-10-17,55,quantile,0.45,3
2026-10-10,1,wk inc rsv hosp,2026-10-17,55,quantile,0.5,4
2026-10-10,1,wk inc rsv hosp,2026-10-17,55,quantile,0.55,5
2026-10-10,1,wk inc rsv hosp,2026-10-17,55,quantile,0.6,7
2026-10-10,1,wk inc rsv hosp,2026-10-17,55,quantile,0.65,9
2026-10-10,1,wk inc rsv hosp,2026-10-17,55,quantile,0.7,11
2026-10-10,1,wk inc rsv hosp,2026-10-17,55,quantile,0.75,13.941936919369198
2026-10-10,1,wk inc rsv hosp,2026-10-17,55,quantile,0.8,17.39610796107962
2026-10-10,1,wk inc rsv hosp,2026-10-17,55,quantile,0.85,24.01228912289121
2026-10-10,1,wk inc rsv hosp,2026-10-17,55,quantile,0.9,33.50352303523036
2026-10-10,1,wk inc rsv hosp,2026-10-17,55,quantile,0.95,42.3053400534005
2026-10-10,1,wk inc rsv hosp,2026-10-17,55,quantile,0.975,51.27630801308008
2026-10-10,1,wk inc rsv hosp,2026-10-17,55,quantile,0.99,68.9357963579636
2026-10-10,1,wk inc rsv hosp,2026-10-17,56,quantile,0.01,0
2026-10-10,1,wk inc rsv hosp,2026-10-17,56,quantile,0.025,0
2026-10-10,1,wk inc rsv hosp,2026-10-17,56,quantile,0.05,0
2026-10-10,1,wk inc rsv hosp,2026-10-17,56,quantile,0.1,0
2026-10-10,1,wk inc rsv hosp,2026-10-17,56,quantile,0.15,0
2026-10-10,1,wk inc rsv hosp,2026-10-17,56,quantile,0.2,0
2026-10-10,1,wk inc rsv hosp,2026-10-17,56,quantile,0.25,0
2026-10-10,1,wk inc rsv hosp,2026-10-17,56,quantile,0.3,0
2026-10-10,1,wk inc rsv hosp,2026-10-17,56,quantile,0.35,0
2026-10-10,1,wk inc rsv hosp,2026-10-17,56,quantile,0.4,0
2026-10-10,1,wk inc rsv hosp,2026-10-17,56,quantile,0.45,0
2026-10-10,1,wk inc rsv hosp,2026-10-17,56,quantile,0.5,0
2026-10-10,1,wk inc rsv hosp,2026-10-17,56,quantile,0.55,0
2026-10-10,1,wk inc rsv hosp,2026-10-17,56,quantile,0.6,1
2026-10-10,1,wk inc rsv hosp,2026-10-17,56,quantile,0.65,1
2026-10-10,1,wk inc rsv hosp,2026-10-17,56,quantile,0.7,2
2026-10-10,1,wk inc rsv hosp,2026-10-17,56,quantile,0.75,2
2026-10-10,1,wk inc rsv hosp,2026-10-17,56,quantile,0.8,3
2026-10-10,1,wk inc rsv hosp,2026-10-17,56,quantile,0.85,5
2026-10-10,1,wk inc rsv hosp,2026-10-17,56,quantile,0.9,8
2026-10-10,1,wk inc rsv hosp,2026-10-17,56,quantile,0.95,11.43068880688806
2026-10-10,1,wk inc rsv hosp,2026-10-17,56,quantile,0.975,15.416974169741707
2026-10-10,1,wk inc rsv hosp,2026-10-17,56,quantile,0.99,18.884391143911337
2026-10-10,1,wk inc rsv hosp,2026-10-17,72,quantile,0.01,0
2026-10-10,1,wk inc rsv hosp,2026-10-17,72,quantile,0.025,0
2026-10-10,1,wk inc rsv hosp,2026-10-17,72,quantile,0.05,0
2026-10-10,1,wk inc rsv hosp,2026-10-17,72,quantile,0.1,0
2026-10-10,1,wk inc rsv hosp,2026-10-17,72,quantile,0.15,0
2026-10-10,1,wk inc rsv hosp,2026-10-17,72,quantile,0.2,0
2026-10-10,1,wk inc rsv hosp,2026-10-17,72,quantile,0.25,2
2026-10-10,1,wk inc rsv hosp,2026-10-17,72,quantile,0.3,4
2026-10-10,1,wk inc rsv hosp,2026-10-17,72,quantile,0.35,5
2026-10-10,1,wk inc rsv hosp,2026-10-17,72,quantile,0.4,6.897878978789808
2026-10-10,1,wk inc rsv hosp,2026-10-17,72,quantile,0.45,8
2026-10-10,1,wk inc rsv hosp,2026-10-17,72,quantile,0.5,8
2026-10-10,1,wk inc rsv hosp,2026-10-17,72,quantile,0.55,9
2026-10-10,1,wk inc rsv hosp,2026-10-17,72,quantile,0.6,10
2026-10-10,1,wk inc rsv hosp,2026-10-17,72,quantile,0.65,12
2026-10-10,1,wk inc rsv hosp,2026-10-17,72,quantile,0.7,13.994273942739353
2026-10-10,1,wk inc rsv hosp,2026-10-17,72,quantile,0.75,17
2026-10-10,1,wk inc rsv hosp,2026-10-17,72,quantile,0.8,20.76555765557656
2026-10-10,1,wk inc rsv hosp,2026-10-17,72,quantile,0.85,27
2026-10-10,1,wk inc rsv hosp,2026-10-17,72,quantile,0.9,41.214069140691414
2026-10-10,1,wk inc rsv hosp,2026-10-17,72,quantile,0.95,63.21077810778083
2026-10-10,1,wk inc rsv hosp,2026-10-17,72,quantile,0.975,90.19381268812671
2026-10-10,1,wk inc rsv hosp,2026-10-17,72,quantile,0.99,142.34865868658648
2026-10-10,1,wk inc rsv hosp,2026-10-17,US,quantile,0.01,0
2026-10-10,1,wk inc rsv hosp,2026-10-17,US,quantile,0.025,0
2026-10-10,1,wk inc rsv hosp,2026-10-17,US,quantile,0.05,0
2026-10-10,1,wk inc rsv hosp,2026-10-17,US,quantile,0.1,0
2026-10-10,1,wk inc rsv hosp,2026-10-17,US,quantile,0.15,8.23748737487371
2026-10-10,1,wk inc rsv hosp,2026-10-17,US,quantile,0.2,140.33456134561362
2026-10-10,1,wk inc rsv hosp,2026-10-17,US,quantile,0.25,296
2026-10-10,1,wk inc rsv hosp,2026-10-17,US,quantile,0.3,394.74514145141444
2026-10-10,1,wk inc rsv hosp,2026-10-17,US,quantile,0.35,452.15666656666565
2026-10-10,1,wk inc rsv hosp,2026-10-17,US,quantile,0.4,497
2026-10-10,1,wk inc rsv hosp,2026-10-17,US,quantile,0.45,519.8117251172512
2026-10-10,1,wk inc rsv hosp,2026-10-17,US,quantile,0.5,531
2026-10-10,1,wk inc rsv hosp,2026-10-17,US,quantile,0.55,544.5509895098952
2026-10-10,1,wk inc rsv hosp,2026-10-17,US,quantile,0.6,570
2026-10-10,1,wk inc rsv hosp,2026-10-17,US,quantile,0.65,618.5266887668877
2026-10-10,1,wk inc rsv hosp,2026-10-17,US,quantile,0.7,679.9968289682897
2026-10-10,1,wk inc rsv hosp,2026-10-17,US,quantile,0.75,808.5622281222813
2026-10-10,1,wk inc rsv hosp,2026-10-17,US,quantile,0.8,960.1636476364765
2026-10-10,1,wk inc rsv hosp,2026-10-17,US,quantile,0.85,1155.6715452154515
2026-10-10,1,wk inc rsv hosp,2026-10-17,US,quantile,0.9,1441.560204602048
2026-10-10,1,wk inc rsv hosp,2026-10-17,US,quantile,0.95,1951.38836188362
2026-10-10,1,wk inc rsv hosp,2026-10-17,US,quantile,0.975,2461.470007200072
2026-10-10,1,wk inc rsv hosp,2026-10-17,US,quantile,0.99,3541.117051170492
2026-10-10,2,wk inc rsv hosp,2026-10-24,01,quantile,0.01,0
2026-10-10,2,wk inc rsv hosp,2026-10-24,01,quantile,0.025,0
2026-10-10,2,wk inc rsv hosp,2026-10-24,01,quantile,0.05,0
2026-10-10,2,wk inc rsv hosp,2026-10-24,01,quantile,0.1,0
2026-10-10,2,wk inc rsv hosp,2026-10-24,01,quantile,0.15,0
2026-10-10,2,wk inc rsv hosp,2026-10-24,01,quantile,0.2,0.2168021680216782
2026-10-10,2,wk inc rsv hosp,2026-10-24,01,quantile,0.25,3
2026-10-10,2,wk inc rsv hosp,2026-10-24,01,quantile,0.3,5
2026-10-10,2,wk inc rsv hosp,2026-10-24,01,quantile,0.35,6.752439024390223
2026-10-10,2,wk inc rsv hosp,2026-10-24,01,quantile,0.4,8
2026-10-10,2,wk inc rsv hosp,2026-10-24,01,quantile,0.45,10
2026-10-10,2,wk inc rsv hosp,2026-10-24,01,quantile,0.5,11
2026-10-10,2,wk inc rsv hosp,2026-10-24,01,quantile,0.55,13
2026-10-10,2,wk inc rsv hosp,2026-10-24,01,quantile,0.6,14
2026-10-10,2,wk inc rsv hosp,2026-10-24,01,quantile,0.65,16
2026-10-10,2,wk inc rsv hosp,2026-10-24,01,quantile,0.7,18
2026-10-10,2,wk inc rsv hosp,2026-10-24,01,quantile,0.75,20
2026-10-10,2,wk inc rsv hosp,2026-10-24,01,quantile,0.8,23
2026-10-10,2,wk inc rsv hosp,2026-10-24,01,quantile,0.85,26.696476964769634
2026-10-10,2,wk inc rsv hosp,2026-10-24,01,quantile,0.9,31.894579945799457
2026-10-10,2,wk inc rsv hosp,2026-10-24,01,quantile,0.95,42.032655826558226
2026-10-10,2,wk inc rsv hosp,2026-10-24,01,quantile,0.975,54.54756097560978
2026-10-10,2,wk inc rsv hosp,2026-10-24,01,quantile,0.99,65.82658536585366
2026-10-10,2,wk inc rsv hosp,2026-10-24,02,quantile,0.01,0
2026-10-10,2,wk inc rsv hosp,2026-10-24,02,quantile,0.025,0
2026-10-10,2,wk inc rsv hosp,2026-10-24,02,quantile,0.05,0
2026-10-10,2,wk inc rsv hosp,2026-10-24,02,quantile,0.1,0
2026-10-10,2,wk inc rsv hosp,2026-10-24,02,quantile,0.15,0
2026-10-10,2,wk inc rsv hosp,2026-10-24,02,quantile,0.2,0
2026-10-10,2,wk inc rsv hosp,2026-10-24,02,quantile,0.25,0
2026-10-10,2,wk inc rsv hosp,2026-10-24,02,quantile,0.3,0.3659106591065943
2026-10-10,2,wk inc rsv hosp,2026-10-24,02,quantile,0.35,1
2026-10-10,2,wk inc rsv hosp,2026-10-24,02,quantile,0.4,2
2026-10-10,2,wk inc rsv hosp,2026-10-24,02,quantile,0.45,3
2026-10-10,2,wk inc rsv hosp,2026-10-24,02,quantile,0.5,3
2026-10-10,2,wk inc rsv hosp,2026-10-24,02,quantile,0.55,4
2026-10-10,2,wk inc rsv hosp,2026-10-24,02,quantile,0.6,5
2026-10-10,2,wk inc rsv hosp,2026-10-24,02,quantile,0.65,5.3398928989289844
2026-10-10,2,wk inc rsv hosp,2026-10-24,02,quantile,0.7,6.572966729667281
2026-10-10,2,wk inc rsv hosp,2026-10-24,02,quantile,0.75,8
2026-10-10,2,wk inc rsv hosp,2026-10-24,02,quantile,0.8,9.211694116941175
2026-10-10,2,wk inc rsv hosp,2026-10-24,02,quantile,0.85,11.315235652356526
2026-10-10,2,wk inc rsv hosp,2026-10-24,02,quantile,0.9,14
2026-10-10,2,wk inc rsv hosp,2026-10-24,02,quantile,0.95,18
2026-10-10,2,wk inc rsv hosp,2026-10-24,02,quantile,0.975,20.778279032790323
2026-10-10,2,wk inc rsv hosp,2026-10-24,02,quantile,0.99,24.71347523475232
2026-10-10,2,wk inc rsv hosp,2026-10-24,04,quantile,0.01,0
2026-10-10,2,wk inc rsv hosp,2026-10-24,04,quantile,0.025,0
2026-10-10,2,wk inc rsv hosp,2026-10-24,04,quantile,0.05,0
2026-10-10,2,wk inc rsv hosp,2026-10-24,04,quantile,0.1,0
2026-10-10,2,wk inc rsv hosp,2026-10-24,04,quantile,0.15,0
2026-10-10,2,wk inc rsv hosp,2026-10-24,04,quantile,0.2,0
2026-10-10,2,wk inc rsv hosp,2026-10-24,04,quantile,0.25,0
2026-10-10,2,wk inc rsv hosp,2026-10-24,04,quantile,0.3,0
2026-10-10,2,wk inc rsv hosp,2026-10-24,04,quantile,0.35,0
2026-10-10,2,wk inc rsv hosp,2026-10-24,04,quantile,0.4,0
2026-10-10,2,wk inc rsv hosp,2026-10-24,04,quantile,0.45,1
2026-10-10,2,wk inc rsv hosp,2026-10-24,04,quantile,0.5,2
2026-10-10,2,wk inc rsv hosp,2026-10-24,04,quantile,0.55,4
2026-10-10,2,wk inc rsv hosp,2026-10-24,04,quantile,0.6,6
2026-10-10,2,wk inc rsv hosp,2026-10-24,04,quantile,0.65,8
2026-10-10,2,wk inc rsv hosp,2026-10-24,04,quantile,0.7,10
2026-10-10,2,wk inc rsv hosp,2026-10-24,04,quantile,0.75,13.060030600306021
2026-10-10,2,wk inc rsv hosp,2026-10-24,04,quantile,0.8,18.392151921519247
2026-10-10,2,wk inc rsv hosp,2026-10-24,04,quantile,0.85,27
2026-10-10,2,wk inc rsv hosp,2026-10-24,04,quantile,0.9,43.04258842588433
2026-10-10,2,wk inc rsv hosp,2026-10-24,04,quantile,0.95,76.38089730897303
2026-10-10,2,wk inc rsv hosp,2026-10-24,04,quantile,0.975,94.61322788227866
2026-10-10,2,wk inc rsv hosp,2026-10-24,04,quantile,0.99,114.21779317793133
2026-10-10,2,wk inc rsv hosp,2026-10-24,05,quantile,0.01,0
2026-10-10,2,wk inc rsv hosp,2026-10-24,05,quantile,0.025,0
2026-10-10,2,wk inc rsv hosp,2026-10-24,05,quantile,0.05,0
2026-10-10,2,wk inc rsv hosp,2026-10-24,05,quantile,0.1,0
2026-10-10,2,wk inc rsv hosp,2026-10-24,05,quantile,0.15,0
2026-10-10,2,wk inc rsv hosp,2026-10-24,05,quantile,0.2,0
2026-10-10,2,wk inc rsv hosp,2026-10-24,05,quantile,0.25,0
2026-10-10,2,wk inc rsv hosp,2026-10-24,05,quantile,0.3,0
2026-10-10,2,wk inc rsv hosp,2026-10-24,05,quantile,0.35,0
2026-10-10,2,wk inc rsv hosp,2026-10-24,05,quantile,0.4,0
2026-10-10,2,wk inc rsv hosp,2026-10-24,05,quantile,0.45,0
2026-10-10,2,wk inc rsv hosp,2026-10-24,05,quantile,0.5,1
2026-10-10,2,wk inc rsv hosp,2026-10-24,05,quantile,0.55,1
2026-10-10,2,wk inc rsv hosp,2026-10-24,05,quantile,0.6,2
2026-10-10,2,wk inc rsv hosp,2026-10-24,05,quantile,0.65,3.051760017600223
2026-10-10,2,wk inc rsv hosp,2026-10-24,05,quantile,0.7,5
2026-10-10,2,wk inc rsv hosp,2026-10-24,05,quantile,0.75,6.018805188051871
2026-10-10,2,wk inc rsv hosp,2026-10-24,05,quantile,0.8,8.430454304543074
2026-10-10,2,wk inc rsv hosp,2026-10-24,05,quantile,0.85,11.589370893708926
2026-10-10,2,wk inc rsv hosp,2026-10-24,05,quantile,0.9,15.803038030380389
2026-10-10,2,wk inc rsv hosp,2026-10-24,05,quantile,0.95,22.613006130061308
2026-10-10,2,wk inc rsv hosp,2026-10-24,05,quantile,0.975,26.81987144871442
2026-10-10,2,wk inc rsv hosp,2026-10-24,05,quantile,0.99,31.811055510555107
2026-10-10,2,wk inc rsv hosp,2026-10-24,06,quantile,0.01,0
2026-10-10,2,wk inc rsv hosp,2026-10-24,06,quantile,0.025,0
2026-10-10,2,wk inc rsv hosp,2026-10-24,06,quantile,0.05,0
2026-10-10,2,wk inc rsv hosp,2026-10-24,06,quantile,0.1,0
2026-10-10,2,wk inc rsv hosp,2026-10-24,06,quantile,0.15,0
2026-10-10,2,wk inc rsv hosp,2026-10-24,06,quantile,0.2,0
2026-10-10,2,wk inc rsv hosp,2026-10-24,06,quantile,0.25,0
2026-10-10,2,wk inc rsv hosp,2026-10-24,06,quantile,0.3,6
2026-10-10,2,wk inc rsv hosp,2026-10-24,06,quantile,0.35,13
2026-10-10,2,wk inc rsv hosp,2026-10-24,06,quantile,0.4,18
2026-10-10,2,wk inc rsv hosp,2026-10-24,06,quantile,0.45,22.289915399154005
2026-10-10,2,wk inc rsv hosp,2026-10-24,06,quantile,0.5,26
2026-10-10,2,wk inc rsv hosp,2026-10-24,06,quantile,0.55,30
2026-10-10,2,wk inc rsv hosp,2026-10-24,06,quantile,0.6,35
2026-10-10,2,wk inc rsv hosp,2026-10-24,06,quantile,0.65,41.59216992169926
2026-10-10,2,wk inc rsv hosp,2026-10-24,06,quantile,0.7,50.172333723337246
2026-10-10,2,wk inc rsv hosp,2026-10-24,06,quantile,0.75,61.2828953289533
2026-10-10,2,wk inc rsv hosp,2026-10-24,06,quantile,0.8,73.48476284762847
2026-10-10,2,wk inc rsv hosp,2026-10-24,06,quantile,0.85,88.12568175681751
2026-10-10,2,wk inc rsv hosp,2026-10-24,06,quantile,0.9,111.97534875348757
2026-10-10,2,wk inc rsv hosp,2026-10-24,06,quantile,0.95,145.1999144991449
2026-10-10,2,wk inc rsv hosp,2026-10-24,06,quantile,0.975,170.66680541805425
2026-10-10,2,wk inc rsv hosp,2026-10-24,06,quantile,0.99,205.73474034740312
2026-10-10,2,wk inc rsv hosp,2026-10-24,08,quantile,0.01,0
2026-10-10,2,wk inc rsv hosp,2026-10-24,08,quantile,0.025,0
2026-10-10,2,wk inc rsv hosp,2026-10-24,08,quantile,0.05,0
2026-10-10,2,wk inc rsv hosp,2026-10-24,08,quantile,0.1,0
2026-10-10,2,wk inc rsv hosp,2026-10-24,08,quantile,0.15,0
2026-10-10,2,wk inc rsv hosp,2026-10-24,08,quantile,0.2,0
2026-10-10,2,wk inc rsv hosp,2026-10-24,08,quantile,0.25,0
2026-10-10,2,wk inc rsv hosp,2026-10-24,08,quantile,0.3,0
2026-10-10,2,wk inc rsv hosp,2026-10-24,08,quantile,0.35,0
2026-10-10,2,wk inc rsv hosp,2026-10-24,08,quantile,0.4,0.8592535925359215
2026-10-10,2,wk inc rsv hosp,2026-10-24,08,quantile,0.45,1.8592535925359215
2026-10-10,2,wk inc rsv hosp,2026-10-24,08,quantile,0.5,2
2026-10-10,2,wk inc rsv hosp,2026-10-24,08,quantile,0.55,2.8592535925359215
2026-10-10,2,wk inc rsv hosp,2026-10-24,08,quantile,0.6,4.797016970169696
2026-10-10,2,wk inc rsv hosp,2026-10-24,08,quantile,0.65,6.907809578095808
2026-10-10,2,wk inc rsv hosp,2026-10-24,08,quantile,0.7,11.859253592535921
2026-10-10,2,wk inc rsv hosp,2026-10-24,08,quantile,0.75,16.85925359253592
2026-10-10,2,wk inc rsv hosp,2026-10-24,08,quantile,0.8,24.71745217452176
2026-10-10,2,wk inc rsv hosp,2026-10-24,08,quantile,0.85,31.413503635036303
2026-10-10,2,wk inc rsv hosp,2026-10-24,08,quantile,0.9,39.49239492394922
2026-10-10,2,wk inc rsv hosp,2026-10-24,08,quantile,0.95,57.63741037410366
2026-10-10,2,wk inc rsv hosp,2026-10-24,08,quantile,0.975,70.68200982009812
2026-10-10,2,wk inc rsv hosp,2026-10-24,08,quantile,0.99,91.66456694566904
2026-10-10,2,wk inc rsv hosp,2026-10-24,09,quantile,0.01,0
2026-10-10,2,wk inc rsv hosp,2026-10-24,09,quantile,0.025,0
2026-10-10,2,wk inc rsv hosp,2026-10-24,09,quantile,0.05,0
2026-10-10,2,wk inc rsv hosp,2026-10-24,09,quantile,0.1,0
2026-10-10,2,wk inc rsv hosp,2026-10-24,09,quantile,0.15,0
2026-10-10,2,wk inc rsv hosp,2026-10-24,09,quantile,0.2,0
2026-10-10,2,wk inc rsv hosp,2026-10-24,09,quantile,0.25,0
2026-10-10,2,wk inc rsv hosp,2026-10-24,09,quantile,0.3,0
2026-10-10,2,wk inc rsv hosp,2026-10-24,09,quantile,0.35,0
2026-10-10,2,wk inc rsv hosp,2026-10-24,09,quantile,0.4,0
2026-10-10,2,wk inc rsv hosp,2026-10-24,09,quantile,0.45,0
2026-10-10,2,wk inc rsv hosp,2026-10-24,09,quantile,0.5,1
2026-10-10,2,wk inc rsv hosp,2026-10-24,09,quantile,0.55,1.861602616026158
2026-10-10,2,wk inc rsv hosp,2026-10-24,09,quantile,0.6,3
2026-10-10,2,wk inc rsv hosp,2026-10-24,09,quantile,0.65,4
2026-10-10,2,wk inc rsv hosp,2026-10-24,09,quantile,0.7,6
2026-10-10,2,wk inc rsv hosp,2026-10-24,09,quantile,0.75,8
2026-10-10,2,wk inc rsv hosp,2026-10-24,09,quantile,0.8,10.908895088950896
2026-10-10,2,wk inc rsv hosp,2026-10-24,09,quantile,0.85,14.58690636906366
2026-10-10,2,wk inc rsv hosp,2026-10-24,09,quantile,0.9,20.04879848798493
2026-10-10,2,wk inc rsv hosp,2026-10-24,09,quantile,0.95,37.687482374823716
2026-10-10,2,wk inc rsv hosp,2026-10-24,09,quantile,0.975,47
2026-10-10,2,wk inc rsv hosp,2026-10-24,09,quantile,0.99,52.99290282902827
2026-10-10,2,wk inc rsv hosp,2026-10-24,10,quantile,0.01,0
2026-10-10,2,wk inc rsv hosp,2026-10-24,10,quantile,0.025,0
2026-10-10,2,wk inc rsv hosp,2026-10-24,10,quantile,0.05,0
2026-10-10,2,wk inc rsv hosp,2026-10-24,10,quantile,0.1,0
2026-10-10,2,wk inc rsv hosp,2026-10-24,10,quantile,0.15,0
2026-10-10,2,wk inc rsv hosp,2026-10-24,10,quantile,0.2,2
2026-10-10,2,wk inc rsv hosp,2026-10-24,10,quantile,0.25,3.6163336633366274
2026-10-10,2,wk inc rsv hosp,2026-10-24,10,quantile,0.3,5
2026-10-10,2,wk inc rsv hosp,2026-10-24,10,quantile,0.35,6
2026-10-10,2,wk inc rsv hosp,2026-10-24,10,quantile,0.4,7
2026-10-10,2,wk inc rsv hosp,2026-10-24,10,quantile,0.45,7.587695376953771
2026-10-10,2,wk inc rsv hosp,2026-10-24,10,quantile,0.5,8
2026-10-10,2,wk inc rsv hosp,2026-10-24,10,quantile,0.55,9
2026-10-10,2,wk inc rsv hosp,2026-10-24,10,quantile,0.6,9
2026-10-10,2,wk inc rsv hosp,2026-10-24,10,quantile,0.65,10
2026-10-10,2,wk inc rsv hosp,2026-10-24,10,quantile,0.7,11
2026-10-10,2,wk inc rsv hosp,2026-10-24,10,quantile,0.75,13
2026-10-10,2,wk inc rsv hosp,2026-10-24,10,quantile,0.8,15
2026-10-10,2,wk inc rsv hosp,2026-10-24,10,quantile,0.85,17.410898108981097
2026-10-10,2,wk inc rsv hosp,2026-10-24,10,quantile,0.9,21.568695686956858
2026-10-10,2,wk inc rsv hosp,2026-10-24,10,quantile,0.95,30.344136441364466
2026-10-10,2,wk inc rsv hosp,2026-10-24,10,quantile,0.975,39.794950199501834
2026-10-10,2,wk inc rsv hosp,2026-10-24,10,quantile,0.99,61.47285472854776
2026-10-10,2,wk inc rsv hosp,2026-10-24,11,quantile,0.01,0
2026-10-10,2,wk inc rsv hosp,2026-10-24,11,quantile,0.025,0
2026-10-10,2,wk inc rsv hosp,2026-10-24,11,quantile,0.05,0
2026-10-10,2,wk inc rsv hosp,2026-10-24,11,quantile,0.1,0
2026-10-10,2,wk inc rsv hosp,2026-10-24,11,quantile,0.15,0
2026-10-10,2,wk inc rsv hosp,2026-10-24,11,quantile,0.2,0
2026-10-10,2,wk inc rsv hosp,2026-10-24,11,quantile,0.25,0
2026-10-10,2,wk inc rsv hosp,2026-10-24,11,quantile,0.3,0
2026-10-10,2,wk inc rsv hosp,2026-10-24,11,quantile,0.35,0
2026-10-10,2,wk inc rsv hosp,2026-10-24,11,quantile,0.4,0
2026-10-10,2,wk inc rsv hosp,2026-10-24,11,quantile,0.45,0
2026-10-10,2,wk inc rsv hosp,2026-10-24,11,quantile,0.5,0
2026-10-10,2,wk inc rsv hosp,2026-10-24,11,quantile,0.55,1
2026-10-10,2,wk inc rsv hosp,2026-10-24,11,quantile,0.6,1
2026-10-10,2,wk inc rsv hosp,2026-10-24,11,quantile,0.65,1.699623496234977
2026-10-10,2,wk inc rsv hosp,2026-10-24,11,quantile,0.7,2
2026-10-10,2,wk inc rsv hosp,2026-10-24,11,quantile,0.75,3
2026-10-10,2,wk inc rsv hosp,2026-10-24,11,quantile,0.8,3.7136471364713657
2026-10-10,2,wk inc rsv hosp,2026-10-24,11,quantile,0.85,5
2026-10-10,2,wk inc rsv hosp,2026-10-24,11,quantile,0.9,6.716335163351651
2026-10-10,2,wk inc rsv hosp,2026-10-24,11,quantile,0.95,11.20795307953075
2026-10-10,2,wk inc rsv hosp,2026-10-24,11,quantile,0.975,15.642892928929307
2026-10-10,2,wk inc rsv hosp,2026-10-24,11,quantile,0.99,18.24008430084299
2026-10-10,2,wk inc rsv hosp,2026-10-24,12,quantile,0.01,0
2026-10-10,2,wk inc rsv hosp,2026-10-24,12,quantile,0.025,20.004085290852892
2026-10-10,2,wk inc rsv hosp,2026-10-24,12,quantile,0.05,55.98249332493326
2026-10-10,2,wk inc rsv hosp,2026-10-24,12,quantile,0.1,83.51045810458108
2026-10-10,2,wk inc rsv hosp,2026-10-24,12,quantile,0.15,102
2026-10-10,2,wk inc rsv hosp,2026-10-24,12,quantile,0.2,118.49781697816995
2026-10-10,2,wk inc rsv hosp,2026-10-24,12,quantile,0.25,129.8219132191322
2026-10-10,2,wk inc rsv hosp,2026-10-24,12,quantile,0.3,139.3812048120481
2026-10-10,2,wk inc rsv hosp,2026-10-24,12,quantile,0.35,146.39562345623455
2026-10-10,2,wk inc rsv hosp,2026-10-24,12,quantile,0.4,152.44101841018414
2026-10-10,2,wk inc rsv hosp,2026-10-24,12,quantile,0.45,159
2026-10-10,2,wk inc rsv hosp,2026-10-24,12,quantile,0.5,163
2026-10-10,2,wk inc rsv hosp,2026-10-24,12,quantile,0.55,167.29749647496476
2026-10-10,2,wk inc rsv hosp,2026-10-24,12,quantile,0.6,173.930391303913
2026-10-10,2,wk inc rsv hosp,2026-10-24,12,quantile,0.65,179.9830988309883
2026-10-10,2,wk inc rsv hosp,2026-10-24,12,quantile,0.7,186.9371253712537
2026-10-10,2,wk inc rsv hosp,2026-10-24,12,quantile,0.75,196.2504600046001
2026-10-10,2,wk inc rsv hosp,2026-10-24,12,quantile,0.8,207.8475644756448
2026-10-10,2,wk inc rsv hosp,2026-10-24,12,quantile,0.85,223.94599195991967
2026-10-10,2,wk inc rsv hosp,2026-10-24,12,quantile,0.9,241.99651696516972
2026-10-10,2,wk inc rsv hosp,2026-10-24,12,quantile,0.95,270.74045290452887
2026-10-10,2,wk inc rsv hosp,2026-10-24,12,quantile,0.975,306.90224902249037
2026-10-10,2,wk inc rsv hosp,2026-10-24,12,quantile,0.99,362.7119110191109
2026-10-10,2,wk inc rsv hosp,2026-10-24,13,quantile,0.01,0
2026-10-10,2,wk inc rsv hosp,2026-10-24,13,quantile,0.025,0
2026-10-10,2,wk inc rsv hosp,2026-10-24,13,quantile,0.05,0
2026-10-10,2,wk inc rsv hosp,2026-10-24,13,quantile,0.1,0
2026-10-10,2,wk inc rsv hosp,2026-10-24,13,quantile,0.15,0
2026-10-10,2,wk inc rsv hosp,2026-10-24,13,quantile,0.2,8.088812888128908
2026-10-10,2,wk inc rsv hosp,2026-10-24,13,quantile,0.25,14.687391873918738
2026-10-10,2,wk inc rsv hosp,2026-10-24,13,quantile,0.3,18
2026-10-10,2,wk inc rsv hosp,2026-10-24,13,quantile,0.35,21
2026-10-10,2,wk inc rsv hosp,2026-10-24,13,quantile,0.4,23.883004830048325
2026-10-10,2,wk inc rsv hosp,2026-10-24,13,quantile,0.45,26
2026-10-10,2,wk inc rsv hosp,2026-10-24,13,quantile,0.5,27
2026-10-10,2,wk inc rsv hosp,2026-10-24,13,quantile,0.55,28.99691746917467
2026-10-10,2,wk inc rsv hosp,2026-10-24,13,quantile,0.6,31
2026-10-10,2,wk inc rsv hosp,2026-10-24,13,quantile,0.65,33.042903929039305
2026-10-10,2,wk inc rsv hosp,2026-10-24,13,quantile,0.7,36
2026-10-10,2,wk inc rsv hosp,2026-10-24,13,quantile,0.75,40.095565955659566
2026-10-10,2,wk inc rsv hosp,2026-10-24,13,quantile,0.8,48
2026-10-10,2,wk inc rsv hosp,2026-10-24,13,quantile,0.85,58.220923709237056
2026-10-10,2,wk inc rsv hosp,2026-10-24,13,quantile,0.9,72.6823908239083
2026-10-10,2,wk inc rsv hosp,2026-10-24,13,quantile,0.95,101.1268842688425
2026-10-10,2,wk inc rsv hosp,2026-10-24,13,quantile,0.975,139.26983844838347
2026-10-10,2,wk inc rsv hosp,2026-10-24,13,quantile,0.99,181.70899488994795
2026-10-10,2,wk inc rsv hosp,2026-10-24,15,quantile,0.01,0
2026-10-10,2,wk inc rsv hosp,2026-10-24,15,quantile,0.025,0
2026-10-10,2,wk inc rsv hosp,2026-10-24,15,quantile,0.05,0
2026-10-10,2,wk inc rsv hosp,2026-10-24,15,quantile,0.1,0
2026-10-10,2,wk inc rsv hosp,2026-10-24,15,quantile,0.15,0
2026-10-10,2,wk inc rsv hosp,2026-10-24,15,quantile,0.2,1
2026-10-10,2,wk inc rsv hosp,2026-10-24,15,quantile,0.25,2.1712717127171253
2026-10-10,2,wk inc rsv hosp,2026-10-24,15,quantile,0.3,3.498004980049793
2026-10-10,2,wk inc rsv hosp,2026-10-24,15,quantile,0.35,4.495186451864529
2026-10-10,2,wk inc rsv hosp,2026-10-24,15,quantile,0.4,5
2026-10-10,2,wk inc rsv hosp,2026-10-24,15,quantile,0.45,6
2026-10-10,2,wk inc rsv hosp,2026-10-24,15,quantile,0.5,7
2026-10-10,2,wk inc rsv hosp,2026-10-24,15,quantile,0.55,8
2026-10-10,2,wk inc rsv hosp,2026-10-24,15,quantile,0.6,9
2026-10-10,2,wk inc rsv hosp,2026-10-24,15,quantile,0.65,10
2026-10-10,2,wk inc rsv hosp,2026-10-24,15,quantile,0.7,11
2026-10-10,2,wk inc rsv hosp,2026-10-24,15,quantile,0.75,12
2026-10-10,2,wk inc rsv hosp,2026-10-24,15,quantile,0.8,13
2026-10-10,2,wk inc rsv hosp,2026-10-24,15,quantile,0.85,15
2026-10-10,2,wk inc rsv hosp,2026-10-24,15,quantile,0.9,17
2026-10-10,2,wk inc rsv hosp,2026-10-24,15,quantile,0.95,21
2026-10-10,2,wk inc rsv hosp,2026-10-24,15,quantile,0.975,25.516085410854075
2026-10-10,2,wk inc rsv hosp,2026-10-24,15,quantile,0.99,32.13834908349092
2026-10-10,2,wk inc rsv hosp,2026-10-24,16,quantile,0.01,0
2026-10-10,2,wk inc rsv hosp,2026-10-24,16,quantile,0.025,0
2026-10-10,2,wk inc rsv hosp,2026-10-24,16,quantile,0.05,0
2026-10-10,2,wk inc rsv hosp,2026-10-24,16,quantile,0.1,0
2026-10-10,2,wk inc rsv hosp,2026-10-24,16,quantile,0.15,0
2026-10-10,2,wk inc rsv hosp,2026-10-24,16,quantile,0.2,0
2026-10-10,2,wk inc rsv hosp,2026-10-24,16,quantile,0.25,0
2026-10-10,2,wk inc rsv hosp,2026-10-24,16,quantile,0.3,0
2026-10-10,2,wk inc rsv hosp,2026-10-24,16,quantile,0.35,0
2026-10-10,2,wk inc rsv hosp,2026-10-24,16,quantile,0.4,0
2026-10-10,2,wk inc rsv hosp,2026-10-24,16,quantile,0.45,0.5418454184542014
2026-10-10,2,wk inc rsv hosp,2026-10-24,16,quantile,0.5,1
2026-10-10,2,wk inc rsv hosp,2026-10-24,16,quantile,0.55,1.5418454184542014
2026-10-10,2,wk inc rsv hosp,2026-10-24,16,quantile,0.6,2.5418454184542014
2026-10-10,2,wk inc rsv hosp,2026-10-24,16,quantile,0.65,3.5418454184542014
2026-10-10,2,wk inc rsv hosp,2026-10-24,16,quantile,0.7,4.928584285842861
2026-10-10,2,wk inc rsv hosp,2026-10-24,16,quantile,0.75,6.541845418454201
2026-10-10,2,wk inc rsv hosp,2026-10-24,16,quantile,0.8,8.541845418454201
2026-10-10,2,wk inc rsv hosp,2026-10-24,16,quantile,0.85,11.541845418454201
2026-10-10,2,wk inc rsv hosp,2026-10-24,16,quantile,0.9,15.176050760507625
2026-10-10,2,wk inc rsv hosp,2026-10-24,16,quantile,0.95,19.932113321133226
2026-10-10,2,wk inc rsv hosp,2026-10-24,16,quantile,0.975,25.157740577405722
2026-10-10,2,wk inc rsv hosp,2026-10-24,16,quantile,0.99,31.395795357953705
2026-10-10,2,wk inc rsv hosp,2026-10-24,17,quantile,0.01,0
2026-10-10,2,wk inc rsv hosp,2026-10-24,17,quantile,0.025,0
2026-10-10,2,wk inc rsv hosp,2026-10-24,17,quantile,0.05,0
2026-10-10,2,wk inc rsv hosp,2026-10-24,17,quantile,0.1,0
2026-10-10,2,wk inc rsv hosp,2026-10-24,17,quantile,0.15,0
2026-10-10,2,wk inc rsv hosp,2026-10-24,17,quantile,0.2,0
2026-10-10,2,wk inc rsv hosp,2026-10-24,17,quantile,0.25,0
2026-10-10,2,wk inc rsv hosp,2026-10-24,17,quantile,0.3,0
2026-10-10,2,wk inc rsv hosp,2026-10-24,17,quantile,0.35,1
2026-10-10,2,wk inc rsv hosp,2026-10-24,17,quantile,0.4,3.8564645646456537
2026-10-10,2,wk inc rsv hosp,2026-10-24,17,quantile,0.45,6
2026-10-10,2,wk inc rsv hosp,2026-10-24,17,quantile,0.5,8
2026-10-10,2,wk inc rsv hosp,2026-10-24,17,quantile,0.55,11
2026-10-10,2,wk inc rsv hosp,2026-10-24,17,quantile,0.6,14
2026-10-10,2,wk inc rsv hosp,2026-10-24,17,quantile,0.65,19
2026-10-10,2,wk inc rsv hosp,2026-10-24,17,quantile,0.7,26.294324943249418
2026-10-10,2,wk inc rsv hosp,2026-10-24,17,quantile,0.75,34.40954159541597
2026-10-10,2,wk inc rsv hosp,2026-10-24,17,quantile,0.8,43.9203492034921
2026-10-10,2,wk inc rsv hosp,2026-10-24,17,quantile,0.85,58.890017400173896
2026-10-10,2,wk inc rsv hosp,2026-10-24,17,quantile,0.9,78.40874608746086
2026-10-10,2,wk inc rsv hosp,2026-10-24,17,quantile,0.95,113.37315123151232
2026-10-10,2,wk inc rsv hosp,2026-10-24,17,quantile,0.975,146.4502445024451
2026-10-10,2,wk inc rsv hosp,2026-10-24,17,quantile,0.99,202.19469474694748
2026-10-10,2,wk inc rsv hosp,2026-10-24,18,quantile,0.01,0
2026-10-10,2,wk inc rsv hosp,2026-10-24,18,quantile,0.025,0
2026-10-10,2,wk inc rsv hosp,2026-10-24,18,quantile,0.05,0
2026-10-10,2,wk inc rsv hosp,2026-10-24,18,quantile,0.1,0
2026-10-10,2,wk inc rsv hosp,2026-10-24,18,quantile,0.15,0
2026-10-10,2,wk inc rsv hosp,2026-10-24,18,quantile,0.2,0
2026-10-10,2,wk inc rsv hosp,2026-10-24,18,quantile,0.25,0
2026-10-10,2,wk inc rsv hosp,2026-10-24,18,quantile,0.3,0
2026-10-10,2,wk inc rsv hosp,2026-10-24,18,quantile,0.35,0
2026-10-10,2,wk inc rsv hosp,2026-10-24,18,quantile,0.4,0
2026-10-10,2,wk inc rsv hosp,2026-10-24,18,quantile,0.45,1
2026-10-10,2,wk inc rsv hosp,2026-10-24,18,quantile,0.5,2
2026-10-10,2,wk inc rsv hosp,2026-10-24,18,quantile,0.55,3.089776397763984
2026-10-10,2,wk inc rsv hosp,2026-10-24,18,quantile,0.6,5
2026-10-10,2,wk inc rsv hosp,2026-10-24,18,quantile,0.65,7.453032530325327
2026-10-10,2,wk inc rsv hosp,2026-10-24,18,quantile,0.7,11
2026-10-10,2,wk inc rsv hosp,2026-10-24,18,quantile,0.75,14
2026-10-10,2,wk inc rsv hosp,2026-10-24,18,quantile,0.8,19.109637096371014
2026-10-10,2,wk inc rsv hosp,2026-10-24,18,quantile,0.85,28.40338303383032
2026-10-10,2,wk inc rsv hosp,2026-10-24,18,quantile,0.9,40
2026-10-10,2,wk inc rsv hosp,2026-10-24,18,quantile,0.95,62.26945869458677
2026-10-10,2,wk inc rsv hosp,2026-10-24,18,quantile,0.975,86.1121386213858
2026-10-10,2,wk inc rsv hosp,2026-10-24,18,quantile,0.99,109.99904719047188
2026-10-10,2,wk inc rsv hosp,2026-10-24,19,quantile,0.01,0
2026-10-10,2,wk inc rsv hosp,2026-10-24,19,quantile,0.025,0
2026-10-10,2,wk inc rsv hosp,2026-10-24,19,quantile,0.05,0
2026-10-10,2,wk inc rsv hosp,2026-10-24,19,quantile,0.1,0
2026-10-10,2,wk inc rsv hosp,2026-10-24,19,quantile,0.15,0
2026-10-10,2,wk inc rsv hosp,2026-10-24,19,quantile,0.2,0
2026-10-10,2,wk inc rsv hosp,2026-10-24,19,quantile,0.25,0
2026-10-10,2,wk inc rsv hosp,2026-10-24,19,quantile,0.3,0
2026-10-10,2,wk inc rsv hosp,2026-10-24,19,quantile,0.35,0
2026-10-10,2,wk inc rsv hosp,2026-10-24,19,quantile,0.4,0
2026-10-10,2,wk inc rsv hosp,2026-10-24,19,quantile,0.45,0
2026-10-10,2,wk inc rsv hosp,2026-10-24,19,quantile,0.5,0
2026-10-10,2,wk inc rsv hosp,2026-10-24,19,quantile,0.55,1
2026-10-10,2,wk inc rsv hosp,2026-10-24,19,quantile,0.6,2
2026-10-10,2,wk inc rsv hosp,2026-10-24,19,quantile,0.65,3
2026-10-10,2,wk inc rsv hosp,2026-10-24,19,quantile,0.7,5
2026-10-10,2,wk inc rsv hosp,2026-10-24,19,quantile,0.75,8.526722767227668
2026-10-10,2,wk inc rsv hosp,2026-10-24,19,quantile,0.8,13
2026-10-10,2,wk inc rsv hosp,2026-10-24,19,quantile,0.85,17.014208642086395
2026-10-10,2,wk inc rsv hosp,2026-10-24,19,quantile,0.9,25
2026-10-10,2,wk inc rsv hosp,2026-10-24,19,quantile,0.95,39.54367993679966
2026-10-10,2,wk inc rsv hosp,2026-10-24,19,quantile,0.975,82.75215127151272
2026-10-10,2,wk inc rsv hosp,2026-10-24,19,quantile,0.99,96.02595405954048
2026-10-10,2,wk inc rsv hosp,2026-10-24,20,quantile,0.01,0
2026-10-10,2,wk inc rsv hosp,2026-10-24,20,quantile,0.025,0
2026-10-10,2,wk inc rsv hosp,2026-10-24,20,quantile,0.05,0
2026-10-10,2,wk inc rsv hosp,2026-10-24,20,quantile,0.1,0
2026-10-10,2,wk inc rsv hosp,2026-10-24,20,quantile,0.15,0
2026-10-10,2,wk inc rsv hosp,2026-10-24,20,quantile,0.2,0
2026-10-10,2,wk inc rsv hosp,2026-10-24,20,quantile,0.25,0
2026-10-10,2,wk inc rsv hosp,2026-10-24,20,quantile,0.3,0
2026-10-10,2,wk inc rsv hosp,2026-10-24,20,quantile,0.35,0
2026-10-10,2,wk inc rsv hosp,2026-10-24,20,quantile,0.4,0
2026-10-10,2,wk inc rsv hosp,2026-10-24,20,quantile,0.45,0
2026-10-10,2,wk inc rsv hosp,2026-10-24,20,quantile,0.5,0
2026-10-10,2,wk inc rsv hosp,2026-10-24,20,quantile,0.55,1
2026-10-10,2,wk inc rsv hosp,2026-10-24,20,quantile,0.6,2
2026-10-10,2,wk inc rsv hosp,2026-10-24,20,quantile,0.65,3
2026-10-10,2,wk inc rsv hosp,2026-10-24,20,quantile,0.7,5
2026-10-10,2,wk inc rsv hosp,2026-10-24,20,quantile,0.75,6.766035160351592
2026-10-10,2,wk inc rsv hosp,2026-10-24,20,quantile,0.8,9
2026-10-10,2,wk inc rsv hosp,2026-10-24,20,quantile,0.85,13
2026-10-10,2,wk inc rsv hosp,2026-10-24,20,quantile,0.9,19.87436474364744
2026-10-10,2,wk inc rsv hosp,2026-10-24,20,quantile,0.95,32
2026-10-10,2,wk inc rsv hosp,2026-10-24,20,quantile,0.975,39.37901554015532
2026-10-10,2,wk inc rsv hosp,2026-10-24,20,quantile,0.99,46.85806188061888
2026-10-10,2,wk inc rsv hosp,2026-10-24,21,quantile,0.01,0
2026-10-10,2,wk inc rsv hosp,2026-10-24,21,quantile,0.025,0
2026-10-10,2,wk inc rsv hosp,2026-10-24,21,quantile,0.05,0
2026-10-10,2,wk inc rsv hosp,2026-10-24,21,quantile,0.1,0
2026-10-10,2,wk inc rsv hosp,2026-10-24,21,quantile,0.15,0
2026-10-10,2,wk inc rsv hosp,2026-10-24,21,quantile,0.2,0
2026-10-10,2,wk inc rsv hosp,2026-10-24,21,quantile,0.25,0
2026-10-10,2,wk inc rsv hosp,2026-10-24,21,quantile,0.3,3
2026-10-10,2,wk inc rsv hosp,2026-10-24,21,quantile,0.35,5
2026-10-10,2,wk inc rsv hosp,2026-10-24,21,quantile,0.4,7
2026-10-10,2,wk inc rsv hosp,2026-10-24,21,quantile,0.45,8
2026-10-10,2,wk inc rsv hosp,2026-10-24,21,quantile,0.5,9
2026-10-10,2,wk inc rsv hosp,2026-10-24,21,quantile,0.55,11
2026-10-10,2,wk inc rsv hosp,2026-10-24,21,quantile,0.6,12
2026-10-10,2,wk inc rsv hosp,2026-10-24,21,quantile,0.65,14.026508265082652
2026-10-10,2,wk inc rsv hosp,2026-10-24,21,quantile,0.7,17
2026-10-10,2,wk inc rsv hosp,2026-10-24,21,quantile,0.75,20.17294422944228
2026-10-10,2,wk inc rsv hosp,2026-10-24,21,quantile,0.8,24.060510605106067
2026-10-10,2,wk inc rsv hosp,2026-10-24,21,quantile,0.85,29.004489544895396
2026-10-10,2,wk inc rsv hosp,2026-10-24,21,quantile,0.9,36.69325593255923
2026-10-10,2,wk inc rsv hosp,2026-10-24,21,quantile,0.95,49.87960729607303
2026-10-10,2,wk inc rsv hosp,2026-10-24,21,quantile,0.975,70.42335648356503
2026-10-10,2,wk inc rsv hosp,2026-10-24,21,quantile,0.99,126.13256962569604
2026-10-10,2,wk inc rsv hosp,2026-10-24,22,quantile,0.01,0
2026-10-10,2,wk inc rsv hosp,2026-10-24,22,quantile,0.025,0
2026-10-10,2,wk inc rsv hosp,2026-10-24,22,quantile,0.05,0
2026-10-10,2,wk inc rsv hosp,2026-10-24,22,quantile,0.1,0
2026-10-10,2,wk inc rsv hosp,2026-10-24,22,quantile,0.15,0
2026-10-10,2,wk inc rsv hosp,2026-10-24,22,quantile,0.2,0
2026-10-10,2,wk inc rsv hosp,2026-10-24,22,quantile,0.25,1
2026-10-10,2,wk inc rsv hosp,2026-10-24,22,quantile,0.3,3
2026-10-10,2,wk inc rsv hosp,2026-10-24,22,quantile,0.35,5.715670656706539
2026-10-10,2,wk inc rsv hosp,2026-10-24,22,quantile,0.4,7.6107021070210905
2026-10-10,2,wk inc rsv hosp,2026-10-24,22,quantile,0.45,9
2026-10-10,2,wk inc rsv hosp,2026-10-24,22,quantile,0.5,10
2026-10-10,2,wk inc rsv hosp,2026-10-24,22,quantile,0.55,12
2026-10-10,2,wk inc rsv hosp,2026-10-24,22,quantile,0.6,13.597725977259756
2026-10-10,2,wk inc rsv hosp,2026-10-24,22,quantile,0.65,16
2026-10-10,2,wk inc rsv hosp,2026-10-24,22,quantile,0.7,18.04224142241422
2026-10-10,2,wk inc rsv hosp,2026-10-24,22,quantile,0.75,22
2026-10-10,2,wk inc rsv hosp,2026-10-24,22,quantile,0.8,27
2026-10-10,2,wk inc rsv hosp,2026-10-24,22,quantile,0.85,32
2026-10-10,2,wk inc rsv hosp,2026-10-24,22,quantile,0.9,42.72227222272223
2026-10-10,2,wk inc rsv hosp,2026-10-24,22,quantile,0.95,66.55576905769051
2026-10-10,2,wk inc rsv hosp,2026-10-24,22,quantile,0.975,81.79891248912483
2026-10-10,2,wk inc rsv hosp,2026-10-24,22,quantile,0.99,93.25369493694932
2026-10-10,2,wk inc rsv hosp,2026-10-24,23,quantile,0.01,0
2026-10-10,2,wk inc rsv hosp,2026-10-24,23,quantile,0.025,0
2026-10-10,2,wk inc rsv hosp,2026-10-24,23,quantile,0.05,0
2026-10-10,2,wk inc rsv hosp,2026-10-24,23,quantile,0.1,0
2026-10-10,2,wk inc rsv hosp,2026-10-24,23,quantile,0.15,0
2026-10-10,2,wk inc rsv hosp,2026-10-24,23,quantile,0.2,0
2026-10-10,2,wk inc rsv hosp,2026-10-24,23,quantile,0.25,0
2026-10-10,2,wk inc rsv hosp,2026-10-24,23,quantile,0.3,0
2026-10-10,2,wk inc rsv hosp,2026-10-24,23,quantile,0.35,0
2026-10-10,2,wk inc rsv hosp,2026-10-24,23,quantile,0.4,0
2026-10-10,2,wk inc rsv hosp,2026-10-24,23,quantile,0.45,0
2026-10-10,2,wk inc rsv hosp,2026-10-24,23,quantile,0.5,5.200052000597921e-4
2026-10-10,2,wk inc rsv hosp,2026-10-24,23,quantile,0.55,0.12251122511224644
2026-10-10,2,wk inc rsv hosp,2026-10-24,23,quantile,0.6,0.12251122511224644
2026-10-10,2,wk inc rsv hosp,2026-10-24,23,quantile,0.65,1.1225112251122464
2026-10-10,2,wk inc rsv hosp,2026-10-24,23,quantile,0.7,2.1225112251122464
2026-10-10,2,wk inc rsv hosp,2026-10-24,23,quantile,0.75,3.1225112251122464
2026-10-10,2,wk inc rsv hosp,2026-10-24,23,quantile,0.8,4.122511225112246
2026-10-10,2,wk inc rsv hosp,2026-10-24,23,quantile,0.85,5.122511225112246
2026-10-10,2,wk inc rsv hosp,2026-10-24,23,quantile,0.9,6.122511225112246
2026-10-10,2,wk inc rsv hosp,2026-10-24,23,quantile,0.95,8.904894548945427
2026-10-10,2,wk inc rsv hosp,2026-10-24,23,quantile,0.975,11.024162741627388
2026-10-10,2,wk inc rsv hosp,2026-10-24,23,quantile,0.99,13.51659516595157
2026-10-10,2,wk inc rsv hosp,2026-10-24,24,quantile,0.01,0
2026-10-10,2,wk inc rsv hosp,2026-10-24,24,quantile,0.025,0
2026-10-10,2,wk inc rsv hosp,2026-10-24,24,quantile,0.05,0
2026-10-10,2,wk inc rsv hosp,2026-10-24,24,quantile,0.1,0
2026-10-10,2,wk inc rsv hosp,2026-10-24,24,quantile,0.15,0
2026-10-10,2,wk inc rsv hosp,2026-10-24,24,quantile,0.2,0
2026-10-10,2,wk inc rsv hosp,2026-10-24,24,quantile,0.25,0
2026-10-10,2,wk inc rsv hosp,2026-10-24,24,quantile,0.3,0
2026-10-10,2,wk inc rsv hosp,2026-10-24,24,quantile,0.35,0
2026-10-10,2,wk inc rsv hosp,2026-10-24,24,quantile,0.4,0
2026-10-10,2,wk inc rsv hosp,2026-10-24,24,quantile,0.45,1
2026-10-10,2,wk inc rsv hosp,2026-10-24,24,quantile,0.5,2
2026-10-10,2,wk inc rsv hosp,2026-10-24,24,quantile,0.55,3.3216167161671732
2026-10-10,2,wk inc rsv hosp,2026-10-24,24,quantile,0.6,5
2026-10-10,2,wk inc rsv hosp,2026-10-24,24,quantile,0.65,7
2026-10-10,2,wk inc rsv hosp,2026-10-24,24,quantile,0.7,10
2026-10-10,2,wk inc rsv hosp,2026-10-24,24,quantile,0.75,13.02407524075241
2026-10-10,2,wk inc rsv hosp,2026-10-24,24,quantile,0.8,18
2026-10-10,2,wk inc rsv hosp,2026-10-24,24,quantile,0.85,25
2026-10-10,2,wk inc rsv hosp,2026-10-24,24,quantile,0.9,37.77741577415773
2026-10-10,2,wk inc rsv hosp,2026-10-24,24,quantile,0.95,55.545762457624555
2026-10-10,2,wk inc rsv hosp,2026-10-24,24,quantile,0.975,68.94120016200159
2026-10-10,2,wk inc rsv hosp,2026-10-24,24,quantile,0.99,91.16326583265858
2026-10-10,2,wk inc rsv hosp,2026-10-24,25,quantile,0.01,0
2026-10-10,2,wk inc rsv hosp,2026-10-24,25,quantile,0.025,0
2026-10-10,2,wk inc rsv hosp,2026-10-24,25,quantile,0.05,0
2026-10-10,2,wk inc rsv hosp,2026-10-24,25,quantile,0.1,0
2026-10-10,2,wk inc rsv hosp,2026-10-24,25,quantile,0.15,0
2026-10-10,2,wk inc rsv hosp,2026-10-24,25,quantile,0.2,0
2026-10-10,2,wk inc rsv hosp,2026-10-24,25,quantile,0.25,0
2026-10-10,2,wk inc rsv hosp,2026-10-24,25,quantile,0.3,0
2026-10-10,2,wk inc rsv hosp,2026-10-24,25,quantile,0.35,0
2026-10-10,2,wk inc rsv hosp,2026-10-24,25,quantile,0.4,0
2026-10-10,2,wk inc rsv hosp,2026-10-24,25,quantile,0.45,0
2026-10-10,2,wk inc rsv hosp,2026-10-24,25,quantile,0.5,2
2026-10-10,2,wk inc rsv hosp,2026-10-24,25,quantile,0.55,5.719434194341957
2026-10-10,2,wk inc rsv hosp,2026-10-24,25,quantile,0.6,9.589339893398858
2026-10-10,2,wk inc rsv hosp,2026-10-24,25,quantile,0.65,14
2026-10-10,2,wk inc rsv hosp,2026-10-24,25,quantile,0.7,19.340426404264036
2026-10-10,2,wk inc rsv hosp,2026-10-24,25,quantile,0.75,26
2026-10-10,2,wk inc rsv hosp,2026-10-24,25,quantile,0.8,34.26937269372691
2026-10-10,2,wk inc rsv hosp,2026-10-24,25,quantile,0.85,47.71869618696192
2026-10-10,2,wk inc rsv hosp,2026-10-24,25,quantile,0.9,67.27466174661753
2026-10-10,2,wk inc rsv hosp,2026-10-24,25,quantile,0.95,97.44005740057415
2026-10-10,2,wk inc rsv hosp,2026-10-24,25,quantile,0.975,133.09439319393104
2026-10-10,2,wk inc rsv hosp,2026-10-24,25,quantile,0.99,196.21765067650526
2026-10-10,2,wk inc rsv hosp,2026-10-24,26,quantile,0.01,0
2026-10-10,2,wk inc rsv hosp,2026-10-24,26,quantile,0.025,0
2026-10-10,2,wk inc rsv hosp,2026-10-24,26,quantile,0.05,0
2026-10-10,2,wk inc rsv hosp,2026-10-24,26,quantile,0.1,0
2026-10-10,2,wk inc rsv hosp,2026-10-24,26,quantile,0.15,0
2026-10-10,2,wk inc rsv hosp,2026-10-24,26,quantile,0.2,0
2026-10-10,2,wk inc rsv hosp,2026-10-24,26,quantile,0.25,0
2026-10-10,2,wk inc rsv hosp,2026-10-24,26,quantile,0.3,0
2026-10-10,2,wk inc rsv hosp,2026-10-24,26,quantile,0.35,0
2026-10-10,2,wk inc rsv hosp,2026-10-24,26,quantile,0.4,2.699664996649989
2026-10-10,2,wk inc rsv hosp,2026-10-24,26,quantile,0.45,4.05370303703036
2026-10-10,2,wk inc rsv hosp,2026-10-24,26,quantile,0.5,6
2026-10-10,2,wk inc rsv hosp,2026-10-24,26,quantile,0.55,8
2026-10-10,2,wk inc rsv hosp,2026-10-24,26,quantile,0.6,11
2026-10-10,2,wk inc rsv hosp,2026-10-24,26,quantile,0.65,17
2026-10-10,2,wk inc rsv hosp,2026-10-24,26,quantile,0.7,23
2026-10-10,2,wk inc rsv hosp,2026-10-24,26,quantile,0.75,32.225309753097626
2026-10-10,2,wk inc rsv hosp,2026-10-24,26,quantile,0.8,41.095636956369596
2026-10-10,2,wk inc rsv hosp,2026-10-24,26,quantile,0.85,51.88662536625361
2026-10-10,2,wk inc rsv hosp,2026-10-24,26,quantile,0.9,69.05006550065492
2026-10-10,2,wk inc rsv hosp,2026-10-24,26,quantile,0.95,94.59086540865417
2026-10-10,2,wk inc rsv hosp,2026-10-24,26,quantile,0.975,123.98601836018294
2026-10-10,2,wk inc rsv hosp,2026-10-24,26,quantile,0.99,173.20359153591423
2026-10-10,2,wk inc rsv hosp,2026-10-24,27,quantile,0.01,0
2026-10-10,2,wk inc rsv hosp,2026-10-24,27,quantile,0.025,0
2026-10-10,2,wk inc rsv hosp,2026-10-24,27,quantile,0.05,0
2026-10-10,2,wk inc rsv hosp,2026-10-24,27,quantile,0.1,0
2026-10-10,2,wk inc rsv hosp,2026-10-24,27,quantile,0.15,0
2026-10-10,2,wk inc rsv hosp,2026-10-24,27,quantile,0.2,0
2026-10-10,2,wk inc rsv hosp,2026-10-24,27,quantile,0.25,0
2026-10-10,2,wk inc rsv hosp,2026-10-24,27,quantile,0.3,0
2026-10-10,2,wk inc rsv hosp,2026-10-24,27,quantile,0.35,0
2026-10-10,2,wk inc rsv hosp,2026-10-24,27,quantile,0.4,0
2026-10-10,2,wk inc rsv hosp,2026-10-24,27,quantile,0.45,0
2026-10-10,2,wk inc rsv hosp,2026-10-24,27,quantile,0.5,1
2026-10-10,2,wk inc rsv hosp,2026-10-24,27,quantile,0.55,3.3794752947529636
2026-10-10,2,wk inc rsv hosp,2026-10-24,27,quantile,0.6,6.202574025740258
2026-10-10,2,wk inc rsv hosp,2026-10-24,27,quantile,0.65,9.63512285122853
2026-10-10,2,wk inc rsv hosp,2026-10-24,27,quantile,0.7,13
2026-10-10,2,wk inc rsv hosp,2026-10-24,27,quantile,0.75,16.889073890738906
2026-10-10,2,wk inc rsv hosp,2026-10-24,27,quantile,0.8,21.16342363423635
2026-10-10,2,wk inc rsv hosp,2026-10-24,27,quantile,0.85,26.637849878498805
2026-10-10,2,wk inc rsv hosp,2026-10-24,27,quantile,0.9,34.62499324993249
2026-10-10,2,wk inc rsv hosp,2026-10-24,27,quantile,0.95,47.6371928719287
2026-10-10,2,wk inc rsv hosp,2026-10-24,27,quantile,0.975,62.97213572135721
2026-10-10,2,wk inc rsv hosp,2026-10-24,27,quantile,0.99,77.98472864728619
2026-10-10,2,wk inc rsv hosp,2026-10-24,28,quantile,0.01,0
2026-10-10,2,wk inc rsv hosp,2026-10-24,28,quantile,0.025,0
2026-10-10,2,wk inc rsv hosp,2026-10-24,28,quantile,0.05,0
2026-10-10,2,wk inc rsv hosp,2026-10-24,28,quantile,0.1,0
2026-10-10,2,wk inc rsv hosp,2026-10-24,28,quantile,0.15,0
2026-10-10,2,wk inc rsv hosp,2026-10-24,28,quantile,0.2,0
2026-10-10,2,wk inc rsv hosp,2026-10-24,28,quantile,0.25,0
2026-10-10,2,wk inc rsv hosp,2026-10-24,28,quantile,0.3,1
2026-10-10,2,wk inc rsv hosp,2026-10-24,28,quantile,0.35,2
2026-10-10,2,wk inc rsv hosp,2026-10-24,28,quantile,0.4,3
2026-10-10,2,wk inc rsv hosp,2026-10-24,28,quantile,0.45,4
2026-10-10,2,wk inc rsv hosp,2026-10-24,28,quantile,0.5,4
2026-10-10,2,wk inc rsv hosp,2026-10-24,28,quantile,0.55,5
2026-10-10,2,wk inc rsv hosp,2026-10-24,28,quantile,0.6,6
2026-10-10,2,wk inc rsv hosp,2026-10-24,28,quantile,0.65,7
2026-10-10,2,wk inc rsv hosp,2026-10-24,28,quantile,0.7,9
2026-10-10,2,wk inc rsv hosp,2026-10-24,28,quantile,0.75,11
2026-10-10,2,wk inc rsv hosp,2026-10-24,28,quantile,0.8,13
2026-10-10,2,wk inc rsv hosp,2026-10-24,28,quantile,0.85,16.40754907549075
2026-10-10,2,wk inc rsv hosp,2026-10-24,28,quantile,0.9,20.447703477034764
2026-10-10,2,wk inc rsv hosp,2026-10-24,28,quantile,0.95,26.062245622456224
2026-10-10,2,wk inc rsv hosp,2026-10-24,28,quantile,0.975,32.566410414104055
2026-10-10,2,wk inc rsv hosp,2026-10-24,28,quantile,0.99,38.3982186821868
2026-10-10,2,wk inc rsv hosp,2026-10-24,29,quantile,0.01,0
2026-10-10,2,wk inc rsv hosp,2026-10-24,29,quantile,0.025,0
2026-10-10,2,wk inc rsv hosp,2026-10-24,29,quantile,0.05,0
2026-10-10,2,wk inc rsv hosp,2026-10-24,29,quantile,0.1,0
2026-10-10,2,wk inc rsv hosp,2026-10-24,29,quantile,0.15,0
2026-10-10,2,wk inc rsv hosp,2026-10-24,29,quantile,0.2,0
2026-10-10,2,wk inc rsv hosp,2026-10-24,29,quantile,0.25,0
2026-10-10,2,wk inc rsv hosp,2026-10-24,29,quantile,0.3,2
2026-10-10,2,wk inc rsv hosp,2026-10-24,29,quantile,0.35,4
2026-10-10,2,wk inc rsv hosp,2026-10-24,29,quantile,0.4,6
2026-10-10,2,wk inc rsv hosp,2026-10-24,29,quantile,0.45,7
2026-10-10,2,wk inc rsv hosp,2026-10-24,29,quantile,0.5,8
2026-10-10,2,wk inc rsv hosp,2026-10-24,29,quantile,0.55,10
2026-10-10,2,wk inc rsv hosp,2026-10-24,29,quantile,0.6,11
2026-10-10,2,wk inc rsv hosp,2026-10-24,29,quantile,0.65,13.216751667516679
2026-10-10,2,wk inc rsv hosp,2026-10-24,29,quantile,0.7,16.844690446904455
2026-10-10,2,wk inc rsv hosp,2026-10-24,29,quantile,0.75,21.48849988499885
2026-10-10,2,wk inc rsv hosp,2026-10-24,29,quantile,0.8,27.89939699397003
2026-10-10,2,wk inc rsv hosp,2026-10-24,29,quantile,0.85,34
2026-10-10,2,wk inc rsv hosp,2026-10-24,29,quantile,0.9,44.27784577845779
2026-10-10,2,wk inc rsv hosp,2026-10-24,29,quantile,0.95,61.08955589555889
2026-10-10,2,wk inc rsv hosp,2026-10-24,29,quantile,0.975,76.47741352413517
2026-10-10,2,wk inc rsv hosp,2026-10-24,29,quantile,0.99,92.18469054690588
2026-10-10,2,wk inc rsv hosp,2026-10-24,30,quantile,0.01,0
2026-10-10,2,wk inc rsv hosp,2026-10-24,30,quantile,0.025,0
2026-10-10,2,wk inc rsv hosp,2026-10-24,30,quantile,0.05,0
2026-10-10,2,wk inc rsv hosp,2026-10-24,30,quantile,0.1,0
2026-10-10,2,wk inc rsv hosp,2026-10-24,30,quantile,0.15,0
2026-10-10,2,wk inc rsv hosp,2026-10-24,30,quantile,0.2,0
2026-10-10,2,wk inc rsv hosp,2026-10-24,30,quantile,0.25,0
2026-10-10,2,wk inc rsv hosp,2026-10-24,30,quantile,0.3,0
2026-10-10,2,wk inc rsv hosp,2026-10-24,30,quantile,0.35,0
2026-10-10,2,wk inc rsv hosp,2026-10-24,30,quantile,0.4,0
2026-10-10,2,wk inc rsv hosp,2026-10-24,30,quantile,0.45,0
2026-10-10,2,wk inc rsv hosp,2026-10-24,30,quantile,0.5,0
2026-10-10,2,wk inc rsv hosp,2026-10-24,30,quantile,0.55,0.5450369503695307
2026-10-10,2,wk inc rsv hosp,2026-10-24,30,quantile,0.6,1
2026-10-10,2,wk inc rsv hosp,2026-10-24,30,quantile,0.65,2
2026-10-10,2,wk inc rsv hosp,2026-10-24,30,quantile,0.7,3
2026-10-10,2,wk inc rsv hosp,2026-10-24,30,quantile,0.75,4
2026-10-10,2,wk inc rsv hosp,2026-10-24,30,quantile,0.8,6.887920879208812
2026-10-10,2,wk inc rsv hosp,2026-10-24,30,quantile,0.85,9
2026-10-10,2,wk inc rsv hosp,2026-10-24,30,quantile,0.9,12.388573885738879
2026-10-10,2,wk inc rsv hosp,2026-10-24,30,quantile,0.95,17.00066300662992
2026-10-10,2,wk inc rsv hosp,2026-10-24,30,quantile,0.975,23.46969269692697
2026-10-10,2,wk inc rsv hosp,2026-10-24,30,quantile,0.99,32.84743277432753
2026-10-10,2,wk inc rsv hosp,2026-10-24,31,quantile,0.01,0
2026-10-10,2,wk inc rsv hosp,2026-10-24,31,quantile,0.025,0
2026-10-10,2,wk inc rsv hosp,2026-10-24,31,quantile,0.05,0
2026-10-10,2,wk inc rsv hosp,2026-10-24,31,quantile,0.1,0
2026-10-10,2,wk inc rsv hosp,2026-10-24,31,quantile,0.15,0
2026-10-10,2,wk inc rsv hosp,2026-10-24,31,quantile,0.2,0
2026-10-10,2,wk inc rsv hosp,2026-10-24,31,quantile,0.25,0
2026-10-10,2,wk inc rsv hosp,2026-10-24,31,quantile,0.3,0
2026-10-10,2,wk inc rsv hosp,2026-10-24,31,quantile,0.35,0
2026-10-10,2,wk inc rsv hosp,2026-10-24,31,quantile,0.4,0
2026-10-10,2,wk inc rsv hosp,2026-10-24,31,quantile,0.45,0
2026-10-10,2,wk inc rsv hosp,2026-10-24,31,quantile,0.5,0
2026-10-10,2,wk inc rsv hosp,2026-10-24,31,quantile,0.55,0
2026-10-10,2,wk inc rsv hosp,2026-10-24,31,quantile,0.6,1
2026-10-10,2,wk inc rsv hosp,2026-10-24,31,quantile,0.65,2
2026-10-10,2,wk inc rsv hosp,2026-10-24,31,quantile,0.7,3
2026-10-10,2,wk inc rsv hosp,2026-10-24,31,quantile,0.75,4.278272782727825
2026-10-10,2,wk inc rsv hosp,2026-10-24,31,quantile,0.8,6.718271182711833
2026-10-10,2,wk inc rsv hosp,2026-10-24,31,quantile,0.85,9.504332043320387
2026-10-10,2,wk inc rsv hosp,2026-10-24,31,quantile,0.9,14
2026-10-10,2,wk inc rsv hosp,2026-10-24,31,quantile,0.95,21.641429414294176
2026-10-10,2,wk inc rsv hosp,2026-10-24,31,quantile,0.975,28.42095420954206
2026-10-10,2,wk inc rsv hosp,2026-10-24,31,quantile,0.99,34
2026-10-10,2,wk inc rsv hosp,2026-10-24,32,quantile,0.01,0
2026-10-10,2,wk inc rsv hosp,2026-10-24,32,quantile,0.025,0
2026-10-10,2,wk inc rsv hosp,2026-10-24,32,quantile,0.05,0
2026-10-10,2,wk inc rsv hosp,2026-10-24,32,quantile,0.1,0
2026-10-10,2,wk inc rsv hosp,2026-10-24,32,quantile,0.15,0
2026-10-10,2,wk inc rsv hosp,2026-10-24,32,quantile,0.2,0
2026-10-10,2,wk inc rsv hosp,2026-10-24,32,quantile,0.25,0
2026-10-10,2,wk inc rsv hosp,2026-10-24,32,quantile,0.3,0
2026-10-10,2,wk inc rsv hosp,2026-10-24,32,quantile,0.35,0
2026-10-10,2,wk inc rsv hosp,2026-10-24,32,quantile,0.4,0
2026-10-10,2,wk inc rsv hosp,2026-10-24,32,quantile,0.45,0
2026-10-10,2,wk inc rsv hosp,2026-10-24,32,quantile,0.5,2.250022500192017e-4
2026-10-10,2,wk inc rsv hosp,2026-10-24,32,quantile,0.55,1.6055260552605546
2026-10-10,2,wk inc rsv hosp,2026-10-24,32,quantile,0.6,2.6055260552605546
2026-10-10,2,wk inc rsv hosp,2026-10-24,32,quantile,0.65,4.605526055260555
2026-10-10,2,wk inc rsv hosp,2026-10-24,32,quantile,0.7,6.605526055260555
2026-10-10,2,wk inc rsv hosp,2026-10-24,32,quantile,0.75,8.605526055260555
2026-10-10,2,wk inc rsv hosp,2026-10-24,32,quantile,0.8,11.789667896678962
2026-10-10,2,wk inc rsv hosp,2026-10-24,32,quantile,0.85,16.198807488074877
2026-10-10,2,wk inc rsv hosp,2026-10-24,32,quantile,0.9,22.418108181081827
2026-10-10,2,wk inc rsv hosp,2026-10-24,32,quantile,0.95,32.251921519215166
2026-10-10,2,wk inc rsv hosp,2026-10-24,32,quantile,0.975,43.205141301412965
2026-10-10,2,wk inc rsv hosp,2026-10-24,32,quantile,0.99,54.65791827918271
2026-10-10,2,wk inc rsv hosp,2026-10-24,33,quantile,0.01,0
2026-10-10,2,wk inc rsv hosp,2026-10-24,33,quantile,0.025,0
2026-10-10,2,wk inc rsv hosp,2026-10-24,33,quantile,0.05,0
2026-10-10,2,wk inc rsv hosp,2026-10-24,33,quantile,0.1,0
2026-10-10,2,wk inc rsv hosp,2026-10-24,33,quantile,0.15,0
2026-10-10,2,wk inc rsv hosp,2026-10-24,33,quantile,0.2,0
2026-10-10,2,wk inc rsv hosp,2026-10-24,33,quantile,0.25,0
2026-10-10,2,wk inc rsv hosp,2026-10-24,33,quantile,0.3,0
2026-10-10,2,wk inc rsv hosp,2026-10-24,33,quantile,0.35,0
2026-10-10,2,wk inc rsv hosp,2026-10-24,33,quantile,0.4,0
2026-10-10,2,wk inc rsv hosp,2026-10-24,33,quantile,0.45,0.47088470884709466
2026-10-10,2,wk inc rsv hosp,2026-10-24,33,quantile,0.5,1
2026-10-10,2,wk inc rsv hosp,2026-10-24,33,quantile,0.55,1.4708847088470947
2026-10-10,2,wk inc rsv hosp,2026-10-24,33,quantile,0.6,2.4708847088470947
2026-10-10,2,wk inc rsv hosp,2026-10-24,33,quantile,0.65,3.3144181441814555
2026-10-10,2,wk inc rsv hosp,2026-10-24,33,quantile,0.7,4.470884708847095
2026-10-10,2,wk inc rsv hosp,2026-10-24,33,quantile,0.75,5.470884708847095
2026-10-10,2,wk inc rsv hosp,2026-10-24,33,quantile,0.8,7.470884708847095
2026-10-10,2,wk inc rsv hosp,2026-10-24,33,quantile,0.85,10.074767247672488
2026-10-10,2,wk inc rsv hosp,2026-10-24,33,quantile,0.9,12.470884708847095
2026-10-10,2,wk inc rsv hosp,2026-10-24,33,quantile,0.95,16.330189801897944
2026-10-10,2,wk inc rsv hosp,2026-10-24,33,quantile,0.975,20.11549865498658
2026-10-10,2,wk inc rsv hosp,2026-10-24,33,quantile,0.99,24.470884708847095
2026-10-10,2,wk inc rsv hosp,2026-10-24,34,quantile,0.01,0
2026-10-10,2,wk inc rsv hosp,2026-10-24,34,quantile,0.025,0
2026-10-10,2,wk inc rsv hosp,2026-10-24,34,quantile,0.05,0
2026-10-10,2,wk inc rsv hosp,2026-10-24,34,quantile,0.1,0
2026-10-10,2,wk inc rsv hosp,2026-10-24,34,quantile,0.15,0
2026-10-10,2,wk inc rsv hosp,2026-10-24,34,quantile,0.2,0
2026-10-10,2,wk inc rsv hosp,2026-10-24,34,quantile,0.25,0
2026-10-10,2,wk inc rsv hosp,2026-10-24,34,quantile,0.3,0
2026-10-10,2,wk inc rsv hosp,2026-10-24,34,quantile,0.35,1.7320128201281335
2026-10-10,2,wk inc rsv hosp,2026-10-24,34,quantile,0.4,5.583543835438377
2026-10-10,2,wk inc rsv hosp,2026-10-24,34,quantile,0.45,9.107056570565717
2026-10-10,2,wk inc rsv hosp,2026-10-24,34,quantile,0.5,13
2026-10-10,2,wk inc rsv hosp,2026-10-24,34,quantile,0.55,17
2026-10-10,2,wk inc rsv hosp,2026-10-24,34,quantile,0.6,21.35877758777586
2026-10-10,2,wk inc rsv hosp,2026-10-24,34,quantile,0.65,27
2026-10-10,2,wk inc rsv hosp,2026-10-24,34,quantile,0.7,34
2026-10-10,2,wk inc rsv hosp,2026-10-24,34,quantile,0.75,42.910764107641086
2026-10-10,2,wk inc rsv hosp,2026-10-24,34,quantile,0.8,53.493008930089346
2026-10-10,2,wk inc rsv hosp,2026-10-24,34,quantile,0.85,66.86278112781126
2026-10-10,2,wk inc rsv hosp,2026-10-24,34,quantile,0.9,88.20043100430993
2026-10-10,2,wk inc rsv hosp,2026-10-24,34,quantile,0.95,118.99846198461977
2026-10-10,2,wk inc rsv hosp,2026-10-24,34,quantile,0.975,138.05501580015812
2026-10-10,2,wk inc rsv hosp,2026-10-24,34,quantile,0.99,166.4180937809378
2026-10-10,2,wk inc rsv hosp,2026-10-24,35,quantile,0.01,0
2026-10-10,2,wk inc rsv hosp,2026-10-24,35,quantile,0.025,0
2026-10-10,2,wk inc rsv hosp,2026-10-24,35,quantile,0.05,0
2026-10-10,2,wk inc rsv hosp,2026-10-24,35,quantile,0.1,0
2026-10-10,2,wk inc rsv hosp,2026-10-24,35,quantile,0.15,0
2026-10-10,2,wk inc rsv hosp,2026-10-24,35,quantile,0.2,0
2026-10-10,2,wk inc rsv hosp,2026-10-24,35,quantile,0.25,0
2026-10-10,2,wk inc rsv hosp,2026-10-24,35,quantile,0.3,0
2026-10-10,2,wk inc rsv hosp,2026-10-24,35,quantile,0.35,0
2026-10-10,2,wk inc rsv hosp,2026-10-24,35,quantile,0.4,0.23426234262343115
2026-10-10,2,wk inc rsv hosp,2026-10-24,35,quantile,0.45,1.2342623426234312
2026-10-10,2,wk inc rsv hosp,2026-10-24,35,quantile,0.5,2
2026-10-10,2,wk inc rsv hosp,2026-10-24,35,quantile,0.55,2.234262342623431
2026-10-10,2,wk inc rsv hosp,2026-10-24,35,quantile,0.6,3.392853928539285
2026-10-10,2,wk inc rsv hosp,2026-10-24,35,quantile,0.65,5.234262342623431
2026-10-10,2,wk inc rsv hosp,2026-10-24,35,quantile,0.7,6.6436224362243355
2026-10-10,2,wk inc rsv hosp,2026-10-24,35,quantile,0.75,9.234262342623431
2026-10-10,2,wk inc rsv hosp,2026-10-24,35,quantile,0.8,13.234262342623431
2026-10-10,2,wk inc rsv hosp,2026-10-24,35,quantile,0.85,18.058488084880825
2026-10-10,2,wk inc rsv hosp,2026-10-24,35,quantile,0.9,25.920839208392135
2026-10-10,2,wk inc rsv hosp,2026-10-24,35,quantile,0.95,33.39260792607924
2026-10-10,2,wk inc rsv hosp,2026-10-24,35,quantile,0.975,44.83489984899847
2026-10-10,2,wk inc rsv hosp,2026-10-24,35,quantile,0.99,61.797164271643204
2026-10-10,2,wk inc rsv hosp,2026-10-24,36,quantile,0.01,0
2026-10-10,2,wk inc rsv hosp,2026-10-24,36,quantile,0.025,0
2026-10-10,2,wk inc rsv hosp,2026-10-24,36,quantile,0.05,0
2026-10-10,2,wk inc rsv hosp,2026-10-24,36,quantile,0.1,0
2026-10-10,2,wk inc rsv hosp,2026-10-24,36,quantile,0.15,0
2026-10-10,2,wk inc rsv hosp,2026-10-24,36,quantile,0.2,0
2026-10-10,2,wk inc rsv hosp,2026-10-24,36,quantile,0.25,0
2026-10-10,2,wk inc rsv hosp,2026-10-24,36,quantile,0.3,8.767347673476726
2026-10-10,2,wk inc rsv hosp,2026-10-24,36,quantile,0.35,16.3723267232672
2026-10-10,2,wk inc rsv hosp,2026-10-24,36,quantile,0.4,22.546297462974636
2026-10-10,2,wk inc rsv hosp,2026-10-24,36,quantile,0.45,28
2026-10-10,2,wk inc rsv hosp,2026-10-24,36,quantile,0.5,32
2026-10-10,2,wk inc rsv hosp,2026-10-24,36,quantile,0.55,37
2026-10-10,2,wk inc rsv hosp,2026-10-24,36,quantile,0.6,43
2026-10-10,2,wk inc rsv hosp,2026-10-24,36,quantile,0.65,50.805314553145536
2026-10-10,2,wk inc rsv hosp,2026-10-24,36,quantile,0.7,62.42152221522209
2026-10-10,2,wk inc rsv hosp,2026-10-24,36,quantile,0.75,76.55926559265593
2026-10-10,2,wk inc rsv hosp,2026-10-24,36,quantile,0.8,97.4954969549697
2026-10-10,2,wk inc rsv hosp,2026-10-24,36,quantile,0.85,117.97874778747787
2026-10-10,2,wk inc rsv hosp,2026-10-24,36,quantile,0.9,145.00020700207006
2026-10-10,2,wk inc rsv hosp,2026-10-24,36,quantile,0.95,194.72492724927253
2026-10-10,2,wk inc rsv hosp,2026-10-24,36,quantile,0.975,232.04224567245643
2026-10-10,2,wk inc rsv hosp,2026-10-24,36,quantile,0.99,294.7576726767266
2026-10-10,2,wk inc rsv hosp,2026-10-24,37,quantile,0.01,0
2026-10-10,2,wk inc rsv hosp,2026-10-24,37,quantile,0.025,0
2026-10-10,2,wk inc rsv hosp,2026-10-24,37,quantile,0.05,0
2026-10-10,2,wk inc rsv hosp,2026-10-24,37,quantile,0.1,0
2026-10-10,2,wk inc rsv hosp,2026-10-24,37,quantile,0.15,0
2026-10-10,2,wk inc rsv hosp,2026-10-24,37,quantile,0.2,0
2026-10-10,2,wk inc rsv hosp,2026-10-24,37,quantile,0.25,0
2026-10-10,2,wk inc rsv hosp,2026-10-24,37,quantile,0.3,0
2026-10-10,2,wk inc rsv hosp,2026-10-24,37,quantile,0.35,5.228782287822894
2026-10-10,2,wk inc rsv hosp,2026-10-24,37,quantile,0.4,10.529725297252984
2026-10-10,2,wk inc rsv hosp,2026-10-24,37,quantile,0.45,15.33318983189833
2026-10-10,2,wk inc rsv hosp,2026-10-24,37,quantile,0.5,20
2026-10-10,2,wk inc rsv hosp,2026-10-24,37,quantile,0.55,25
2026-10-10,2,wk inc rsv hosp,2026-10-24,37,quantile,0.6,30.138171381713818
2026-10-10,2,wk inc rsv hosp,2026-10-24,37,quantile,0.65,36
2026-10-10,2,wk inc rsv hosp,2026-10-24,37,quantile,0.7,43
2026-10-10,2,wk inc rsv hosp,2026-10-24,37,quantile,0.75,50.973862238622345
2026-10-10,2,wk inc rsv hosp,2026-10-24,37,quantile,0.8,60.69831898318985
2026-10-10,2,wk inc rsv hosp,2026-10-24,37,quantile,0.85,74.92017220172198
2026-10-10,2,wk inc rsv hosp,2026-10-24,37,quantile,0.9,98.36642066420673
2026-10-10,2,wk inc rsv hosp,2026-10-24,37,quantile,0.95,143.19298892989028
2026-10-10,2,wk inc rsv hosp,2026-10-24,37,quantile,0.975,183.78992414924198
2026-10-10,2,wk inc rsv hosp,2026-10-24,37,quantile,0.99,224.87601476014737
2026-10-10,2,wk inc rsv hosp,2026-10-24,38,quantile,0.01,0
2026-10-10,2,wk inc rsv hosp,2026-10-24,38,quantile,0.025,0
2026-10-10,2,wk inc rsv hosp,2026-10-24,38,quantile,0.05,0
2026-10-10,2,wk inc rsv hosp,2026-10-24,38,quantile,0.1,0
2026-10-10,2,wk inc rsv hosp,2026-10-24,38,quantile,0.15,0
2026-10-10,2,wk inc rsv hosp,2026-10-24,38,quantile,0.2,0
2026-10-10,2,wk inc rsv hosp,2026-10-24,38,quantile,0.25,0
2026-10-10,2,wk inc rsv hosp,2026-10-24,38,quantile,0.3,0
2026-10-10,2,wk inc rsv hosp,2026-10-24,38,quantile,0.35,0
2026-10-10,2,wk inc rsv hosp,2026-10-24,38,quantile,0.4,0
2026-10-10,2,wk inc rsv hosp,2026-10-24,38,quantile,0.45,0
2026-10-10,2,wk inc rsv hosp,2026-10-24,38,quantile,0.5,0
2026-10-10,2,wk inc rsv hosp,2026-10-24,38,quantile,0.55,1
2026-10-10,2,wk inc rsv hosp,2026-10-24,38,quantile,0.6,1
2026-10-10,2,wk inc rsv hosp,2026-10-24,38,quantile,0.65,2
2026-10-10,2,wk inc rsv hosp,2026-10-24,38,quantile,0.7,2
2026-10-10,2,wk inc rsv hosp,2026-10-24,38,quantile,0.75,3
2026-10-10,2,wk inc rsv hosp,2026-10-24,38,quantile,0.8,4
2026-10-10,2,wk inc rsv hosp,2026-10-24,38,quantile,0.85,6
2026-10-10,2,wk inc rsv hosp,2026-10-24,38,quantile,0.9,7.846395463954657
2026-10-10,2,wk inc rsv hosp,2026-10-24,38,quantile,0.95,10.9271892718927
2026-10-10,2,wk inc rsv hosp,2026-10-24,38,quantile,0.975,13.781680316803158
2026-10-10,2,wk inc rsv hosp,2026-10-24,38,quantile,0.99,18
2026-10-10,2,wk inc rsv hosp,2026-10-24,39,quantile,0.01,0
2026-10-10,2,wk inc rsv hosp,2026-10-24,39,quantile,0.025,0
2026-10-10,2,wk inc rsv hosp,2026-10-24,39,quantile,0.05,0
2026-10-10,2,wk inc rsv hosp,2026-10-24,39,quantile,0.1,0
2026-10-10,2,wk inc rsv hosp,2026-10-24,39,quantile,0.15,0
2026-10-10,2,wk inc rsv hosp,2026-10-24,39,quantile,0.2,0
2026-10-10,2,wk inc rsv hosp,2026-10-24,39,quantile,0.25,0
2026-10-10,2,wk inc rsv hosp,2026-10-24,39,quantile,0.3,0
2026-10-10,2,wk inc rsv hosp,2026-10-24,39,quantile,0.35,1.2717522175221792
2026-10-10,2,wk inc rsv hosp,2026-10-24,39,quantile,0.4,4
2026-10-10,2,wk inc rsv hosp,2026-10-24,39,quantile,0.45,7
2026-10-10,2,wk inc rsv hosp,2026-10-24,39,quantile,0.5,9
2026-10-10,2,wk inc rsv hosp,2026-10-24,39,quantile,0.55,12
2026-10-10,2,wk inc rsv hosp,2026-10-24,39,quantile,0.6,15.08806488064881
2026-10-10,2,wk inc rsv hosp,2026-10-24,39,quantile,0.65,20
2026-10-10,2,wk inc rsv hosp,2026-10-24,39,quantile,0.7,26
2026-10-10,2,wk inc rsv hosp,2026-10-24,39,quantile,0.75,35
2026-10-10,2,wk inc rsv hosp,2026-10-24,39,quantile,0.8,47.28672286722868
2026-10-10,2,wk inc rsv hosp,2026-10-24,39,quantile,0.85,60.946411464114604
2026-10-10,2,wk inc rsv hosp,2026-10-24,39,quantile,0.9,80.98511385113852
2026-10-10,2,wk inc rsv hosp,2026-10-24,39,quantile,0.95,122.5590540905406
2026-10-10,2,wk inc rsv hosp,2026-10-24,39,quantile,0.975,185.18320708207
2026-10-10,2,wk inc rsv hosp,2026-10-24,39,quantile,0.99,214.52231722317163
2026-10-10,2,wk inc rsv hosp,2026-10-24,40,quantile,0.01,0
2026-10-10,2,wk inc rsv hosp,2026-10-24,40,quantile,0.025,0
2026-10-10,2,wk inc rsv hosp,2026-10-24,40,quantile,0.05,0
2026-10-10,2,wk inc rsv hosp,2026-10-24,40,quantile,0.1,0
2026-10-10,2,wk inc rsv hosp,2026-10-24,40,quantile,0.15,0
2026-10-10,2,wk inc rsv hosp,2026-10-24,40,quantile,0.2,0
2026-10-10,2,wk inc rsv hosp,2026-10-24,40,quantile,0.25,0
2026-10-10,2,wk inc rsv hosp,2026-10-24,40,quantile,0.3,0
2026-10-10,2,wk inc rsv hosp,2026-10-24,40,quantile,0.35,0
2026-10-10,2,wk inc rsv hosp,2026-10-24,40,quantile,0.4,0
2026-10-10,2,wk inc rsv hosp,2026-10-24,40,quantile,0.45,0
2026-10-10,2,wk inc rsv hosp,2026-10-24,40,quantile,0.5,0
2026-10-10,2,wk inc rsv hosp,2026-10-24,40,quantile,0.55,1
2026-10-10,2,wk inc rsv hosp,2026-10-24,40,quantile,0.6,3
2026-10-10,2,wk inc rsv hosp,2026-10-24,40,quantile,0.65,5
2026-10-10,2,wk inc rsv hosp,2026-10-24,40,quantile,0.7,7.489673896738928
2026-10-10,2,wk inc rsv hosp,2026-10-24,40,quantile,0.75,10.205544555445556
2026-10-10,2,wk inc rsv hosp,2026-10-24,40,quantile,0.8,14.536747367473708
2026-10-10,2,wk inc rsv hosp,2026-10-24,40,quantile,0.85,18
2026-10-10,2,wk inc rsv hosp,2026-10-24,40,quantile,0.9,24.24250142501445
2026-10-10,2,wk inc rsv hosp,2026-10-24,40,quantile,0.95,34
2026-10-10,2,wk inc rsv hosp,2026-10-24,40,quantile,0.975,42.495126451264525
2026-10-10,2,wk inc rsv hosp,2026-10-24,40,quantile,0.99,52.22139411394113
2026-10-10,2,wk inc rsv hosp,2026-10-24,41,quantile,0.01,0
2026-10-10,2,wk inc rsv hosp,2026-10-24,41,quantile,0.025,0
2026-10-10,2,wk inc rsv hosp,2026-10-24,41,quantile,0.05,0
2026-10-10,2,wk inc rsv hosp,2026-10-24,41,quantile,0.1,0
2026-10-10,2,wk inc rsv hosp,2026-10-24,41,quantile,0.15,0
2026-10-10,2,wk inc rsv hosp,2026-10-24,41,quantile,0.2,0
2026-10-10,2,wk inc rsv hosp,2026-10-24,41,quantile,0.25,0
2026-10-10,2,wk inc rsv hosp,2026-10-24,41,quantile,0.3,0
2026-10-10,2,wk inc rsv hosp,2026-10-24,41,quantile,0.35,0
2026-10-10,2,wk inc rsv hosp,2026-10-24,41,quantile,0.4,0
2026-10-10,2,wk inc rsv hosp,2026-10-24,41,quantile,0.45,0
2026-10-10,2,wk inc rsv hosp,2026-10-24,41,quantile,0.5,1
2026-10-10,2,wk inc rsv hosp,2026-10-24,41,quantile,0.55,1.6629256292562964
2026-10-10,2,wk inc rsv hosp,2026-10-24,41,quantile,0.6,2.9116011160111546
2026-10-10,2,wk inc rsv hosp,2026-10-24,41,quantile,0.65,4
2026-10-10,2,wk inc rsv hosp,2026-10-24,41,quantile,0.7,6.1608426084260675
2026-10-10,2,wk inc rsv hosp,2026-10-24,41,quantile,0.75,9
2026-10-10,2,wk inc rsv hosp,2026-10-24,41,quantile,0.8,13
2026-10-10,2,wk inc rsv hosp,2026-10-24,41,quantile,0.85,18.041532415324127
2026-10-10,2,wk inc rsv hosp,2026-10-24,41,quantile,0.9,27.895679956799572
2026-10-10,2,wk inc rsv hosp,2026-10-24,41,quantile,0.95,42.07554525545242
2026-10-10,2,wk inc rsv hosp,2026-10-24,41,quantile,0.975,52.191249662496524
2026-10-10,2,wk inc rsv hosp,2026-10-24,41,quantile,0.99,63.239658296582974
2026-10-10,2,wk inc rsv hosp,2026-10-24,42,quantile,0.01,0
2026-10-10,2,wk inc rsv hosp,2026-10-24,42,quantile,0.025,0
2026-10-10,2,wk inc rsv hosp,2026-10-24,42,quantile,0.05,0
2026-10-10,2,wk inc rsv hosp,2026-10-24,42,quantile,0.1,0
2026-10-10,2,wk inc rsv hosp,2026-10-24,42,quantile,0.15,0
2026-10-10,2,wk inc rsv hosp,2026-10-24,42,quantile,0.2,0
2026-10-10,2,wk inc rsv hosp,2026-10-24,42,quantile,0.25,0
2026-10-10,2,wk inc rsv hosp,2026-10-24,42,quantile,0.3,9.166762667626653
2026-10-10,2,wk inc rsv hosp,2026-10-24,42,quantile,0.35,18.359444594445932
2026-10-10,2,wk inc rsv hosp,2026-10-24,42,quantile,0.4,26.311608116081146
2026-10-10,2,wk inc rsv hosp,2026-10-24,42,quantile,0.45,33.29871648716485
2026-10-10,2,wk inc rsv hosp,2026-10-24,42,quantile,0.5,39
2026-10-10,2,wk inc rsv hosp,2026-10-24,42,quantile,0.55,45.311608116081146
2026-10-10,2,wk inc rsv hosp,2026-10-24,42,quantile,0.6,53.023805238052375
2026-10-10,2,wk inc rsv hosp,2026-10-24,42,quantile,0.65,62.4540935409354
2026-10-10,2,wk inc rsv hosp,2026-10-24,42,quantile,0.7,74.87322573225731
2026-10-10,2,wk inc rsv hosp,2026-10-24,42,quantile,0.75,89.60784357843575
2026-10-10,2,wk inc rsv hosp,2026-10-24,42,quantile,0.8,104.78038080380803
2026-10-10,2,wk inc rsv hosp,2026-10-24,42,quantile,0.85,122.90151451514474
2026-10-10,2,wk inc rsv hosp,2026-10-24,42,quantile,0.9,147.9239642396425
2026-10-10,2,wk inc rsv hosp,2026-10-24,42,quantile,0.95,206.90991159911593
2026-10-10,2,wk inc rsv hosp,2026-10-24,42,quantile,0.975,279.8851703517036
2026-10-10,2,wk inc rsv hosp,2026-10-24,42,quantile,0.99,377.17644416443744
2026-10-10,2,wk inc rsv hosp,2026-10-24,44,quantile,0.01,0
2026-10-10,2,wk inc rsv hosp,2026-10-24,44,quantile,0.025,0
2026-10-10,2,wk inc rsv hosp,2026-10-24,44,quantile,0.05,0
2026-10-10,2,wk inc rsv hosp,2026-10-24,44,quantile,0.1,0
2026-10-10,2,wk inc rsv hosp,2026-10-24,44,quantile,0.15,0
2026-10-10,2,wk inc rsv hosp,2026-10-24,44,quantile,0.2,0
2026-10-10,2,wk inc rsv hosp,2026-10-24,44,quantile,0.25,0
2026-10-10,2,wk inc rsv hosp,2026-10-24,44,quantile,0.3,0
2026-10-10,2,wk inc rsv hosp,2026-10-24,44,quantile,0.35,0
2026-10-10,2,wk inc rsv hosp,2026-10-24,44,quantile,0.4,0
2026-10-10,2,wk inc rsv hosp,2026-10-24,44,quantile,0.45,0
2026-10-10,2,wk inc rsv hosp,2026-10-24,44,quantile,0.5,1
2026-10-10,2,wk inc rsv hosp,2026-10-24,44,quantile,0.55,1.3034715347153707
2026-10-10,2,wk inc rsv hosp,2026-10-24,44,quantile,0.6,2
2026-10-10,2,wk inc rsv hosp,2026-10-24,44,quantile,0.65,3
2026-10-10,2,wk inc rsv hosp,2026-10-24,44,quantile,0.7,4
2026-10-10,2,wk inc rsv hosp,2026-10-24,44,quantile,0.75,5.668909189091885
2026-10-10,2,wk inc rsv hosp,2026-10-24,44,quantile,0.8,7
2026-10-10,2,wk inc rsv hosp,2026-10-24,44,quantile,0.85,9.967316173161704
2026-10-10,2,wk inc rsv hosp,2026-10-24,44,quantile,0.9,13
2026-10-10,2,wk inc rsv hosp,2026-10-24,44,quantile,0.95,17.776714267142648
2026-10-10,2,wk inc rsv hosp,2026-10-24,44,quantile,0.975,23.400194001939894
2026-10-10,2,wk inc rsv hosp,2026-10-24,44,quantile,0.99,30.727059470594607
2026-10-10,2,wk inc rsv hosp,2026-10-24,45,quantile,0.01,0
2026-10-10,2,wk inc rsv hosp,2026-10-24,45,quantile,0.025,0
2026-10-10,2,wk inc rsv hosp,2026-10-24,45,quantile,0.05,0
2026-10-10,2,wk inc rsv hosp,2026-10-24,45,quantile,0.1,0
2026-10-10,2,wk inc rsv hosp,2026-10-24,45,quantile,0.15,0
2026-10-10,2,wk inc rsv hosp,2026-10-24,45,quantile,0.2,0
2026-10-10,2,wk inc rsv hosp,2026-10-24,45,quantile,0.25,0
2026-10-10,2,wk inc rsv hosp,2026-10-24,45,quantile,0.3,0
2026-10-10,2,wk inc rsv hosp,2026-10-24,45,quantile,0.35,2
2026-10-10,2,wk inc rsv hosp,2026-10-24,45,quantile,0.4,4
2026-10-10,2,wk inc rsv hosp,2026-10-24,45,quantile,0.45,6
2026-10-10,2,wk inc rsv hosp,2026-10-24,45,quantile,0.5,8
2026-10-10,2,wk inc rsv hosp,2026-10-24,45,quantile,0.55,10
2026-10-10,2,wk inc rsv hosp,2026-10-24,45,quantile,0.6,12
2026-10-10,2,wk inc rsv hosp,2026-10-24,45,quantile,0.65,15
2026-10-10,2,wk inc rsv hosp,2026-10-24,45,quantile,0.7,18.69088890888908
2026-10-10,2,wk inc rsv hosp,2026-10-24,45,quantile,0.75,23.487784877848775
2026-10-10,2,wk inc rsv hosp,2026-10-24,45,quantile,0.8,29.823802238022402
2026-10-10,2,wk inc rsv hosp,2026-10-24,45,quantile,0.85,36.795044450444514
2026-10-10,2,wk inc rsv hosp,2026-10-24,45,quantile,0.9,45.54646446464464
2026-10-10,2,wk inc rsv hosp,2026-10-24,45,quantile,0.95,61.982677326773256
2026-10-10,2,wk inc rsv hosp,2026-10-24,45,quantile,0.975,83.43499334993334
2026-10-10,2,wk inc rsv hosp,2026-10-24,45,quantile,0.99,121.33622716227183
2026-10-10,2,wk inc rsv hosp,2026-10-24,46,quantile,0.01,0
2026-10-10,2,wk inc rsv hosp,2026-10-24,46,quantile,0.025,0
2026-10-10,2,wk inc rsv hosp,2026-10-24,46,quantile,0.05,0
2026-10-10,2,wk inc rsv hosp,2026-10-24,46,quantile,0.1,0
2026-10-10,2,wk inc rsv hosp,2026-10-24,46,quantile,0.15,0
2026-10-10,2,wk inc rsv hosp,2026-10-24,46,quantile,0.2,0
2026-10-10,2,wk inc rsv hosp,2026-10-24,46,quantile,0.25,0
2026-10-10,2,wk inc rsv hosp,2026-10-24,46,quantile,0.3,0
2026-10-10,2,wk inc rsv hosp,2026-10-24,46,quantile,0.35,1
2026-10-10,2,wk inc rsv hosp,2026-10-24,46,quantile,0.4,1.3945099450994471
2026-10-10,2,wk inc rsv hosp,2026-10-24,46,quantile,0.45,2
2026-10-10,2,wk inc rsv hosp,2026-10-24,46,quantile,0.5,2
2026-10-10,2,wk inc rsv hosp,2026-10-24,46,quantile,0.55,2
2026-10-10,2,wk inc rsv hosp,2026-10-24,46,quantile,0.6,3
2026-10-10,2,wk inc rsv hosp,2026-10-24,46,quantile,0.65,3
2026-10-10,2,wk inc rsv hosp,2026-10-24,46,quantile,0.7,4
2026-10-10,2,wk inc rsv hosp,2026-10-24,46,quantile,0.75,5
2026-10-10,2,wk inc rsv hosp,2026-10-24,46,quantile,0.8,6.075838758387594
2026-10-10,2,wk inc rsv hosp,2026-10-24,46,quantile,0.85,8.200929009290075
2026-10-10,2,wk inc rsv hosp,2026-10-24,46,quantile,0.9,10.99881198811988
2026-10-10,2,wk inc rsv hosp,2026-10-24,46,quantile,0.95,14.132562825628243
2026-10-10,2,wk inc rsv hosp,2026-10-24,46,quantile,0.975,17
2026-10-10,2,wk inc rsv hosp,2026-10-24,46,quantile,0.99,20
2026-10-10,2,wk inc rsv hosp,2026-10-24,47,quantile,0.01,0
2026-10-10,2,wk inc rsv hosp,2026-10-24,47,quantile,0.025,0
2026-10-10,2,wk inc rsv hosp,2026-10-24,47,quantile,0.05,0
2026-10-10,2,wk inc rsv hosp,2026-10-24,47,quantile,0.1,0
2026-10-10,2,wk inc rsv hosp,2026-10-24,47,quantile,0.15,0
2026-10-10,2,wk inc rsv hosp,2026-10-24,47,quantile,0.2,0
2026-10-10,2,wk inc rsv hosp,2026-10-24,47,quantile,0.25,0
2026-10-10,2,wk inc rsv hosp,2026-10-24,47,quantile,0.3,0
2026-10-10,2,wk inc rsv hosp,2026-10-24,47,quantile,0.35,2.1581115811158114
2026-10-10,2,wk inc rsv hosp,2026-10-24,47,quantile,0.4,5
2026-10-10,2,wk inc rsv hosp,2026-10-24,47,quantile,0.45,7.8379268792687915
2026-10-10,2,wk inc rsv hosp,2026-10-24,47,quantile,0.5,10
2026-10-10,2,wk inc rsv hosp,2026-10-24,47,quantile,0.55,12.689424394243943
2026-10-10,2,wk inc rsv hosp,2026-10-24,47,quantile,0.6,15.469294692946914
2026-10-10,2,wk inc rsv hosp,2026-10-24,47,quantile,0.65,19
2026-10-10,2,wk inc rsv hosp,2026-10-24,47,quantile,0.7,23
2026-10-10,2,wk inc rsv hosp,2026-10-24,47,quantile,0.75,28.05722557225571
2026-10-10,2,wk inc rsv hosp,2026-10-24,47,quantile,0.8,35
2026-10-10,2,wk inc rsv hosp,2026-10-24,47,quantile,0.85,44.068392683926824
2026-10-10,2,wk inc rsv hosp,2026-10-24,47,quantile,0.9,58.58398683986839
2026-10-10,2,wk inc rsv hosp,2026-10-24,47,quantile,0.95,80.46212012120115
2026-10-10,2,wk inc rsv hosp,2026-10-24,47,quantile,0.975,104.1090825908258
2026-10-10,2,wk inc rsv hosp,2026-10-24,47,quantile,0.99,138.318228682286
2026-10-10,2,wk inc rsv hosp,2026-10-24,48,quantile,0.01,0
2026-10-10,2,wk inc rsv hosp,2026-10-24,48,quantile,0.025,0
2026-10-10,2,wk inc rsv hosp,2026-10-24,48,quantile,0.05,0
2026-10-10,2,wk inc rsv hosp,2026-10-24,48,quantile,0.1,0
2026-10-10,2,wk inc rsv hosp,2026-10-24,48,quantile,0.15,0
2026-10-10,2,wk inc rsv hosp,2026-10-24,48,quantile,0.2,10.513807138071387
2026-10-10,2,wk inc rsv hosp,2026-10-24,48,quantile,0.25,27.661516615166164
2026-10-10,2,wk inc rsv hosp,2026-10-24,48,quantile,0.3,40
2026-10-10,2,wk inc rsv hosp,2026-10-24,48,quantile,0.35,50.985800358003544
2026-10-10,2,wk inc rsv hosp,2026-10-24,48,quantile,0.4,59
2026-10-10,2,wk inc rsv hosp,2026-10-24,48,quantile,0.45,64.30914359143597
2026-10-10,2,wk inc rsv hosp,2026-10-24,48,quantile,0.5,68
2026-10-10,2,wk inc rsv hosp,2026-10-24,48,quantile,0.55,72.69659196591968
2026-10-10,2,wk inc rsv hosp,2026-10-24,48,quantile,0.6,78.13473534735344
2026-10-10,2,wk inc rsv hosp,2026-10-24,48,quantile,0.65,87.1457649576496
2026-10-10,2,wk inc rsv hosp,2026-10-24,48,quantile,0.7,98.00341403414023
2026-10-10,2,wk inc rsv hosp,2026-10-24,48,quantile,0.75,112.34972849728547
2026-10-10,2,wk inc rsv hosp,2026-10-24,48,quantile,0.8,129.9723797237973
2026-10-10,2,wk inc rsv hosp,2026-10-24,48,quantile,0.85,149.88275282752826
2026-10-10,2,wk inc rsv hosp,2026-10-24,48,quantile,0.9,186.61661716617147
2026-10-10,2,wk inc rsv hosp,2026-10-24,48,quantile,0.95,231.8839808398083
2026-10-10,2,wk inc rsv hosp,2026-10-24,48,quantile,0.975,279.2217482174822
2026-10-10,2,wk inc rsv hosp,2026-10-24,48,quantile,0.99,361.92041180411707
2026-10-10,2,wk inc rsv hosp,2026-10-24,49,quantile,0.01,0
2026-10-10,2,wk inc rsv hosp,2026-10-24,49,quantile,0.025,0
2026-10-10,2,wk inc rsv hosp,2026-10-24,49,quantile,0.05,0
2026-10-10,2,wk inc rsv hosp,2026-10-24,49,quantile,0.1,0
2026-10-10,2,wk inc rsv hosp,2026-10-24,49,quantile,0.15,0
2026-10-10,2,wk inc rsv hosp,2026-10-24,49,quantile,0.2,0
2026-10-10,2,wk inc rsv hosp,2026-10-24,49,quantile,0.25,0
2026-10-10,2,wk inc rsv hosp,2026-10-24,49,quantile,0.3,0
2026-10-10,2,wk inc rsv hosp,2026-10-24,49,quantile,0.35,0
2026-10-10,2,wk inc rsv hosp,2026-10-24,49,quantile,0.4,0
2026-10-10,2,wk inc rsv hosp,2026-10-24,49,quantile,0.45,0
2026-10-10,2,wk inc rsv hosp,2026-10-24,49,quantile,0.5,0
2026-10-10,2,wk inc rsv hosp,2026-10-24,49,quantile,0.55,1
2026-10-10,2,wk inc rsv hosp,2026-10-24,49,quantile,0.6,2
2026-10-10,2,wk inc rsv hosp,2026-10-24,49,quantile,0.65,3.332139821398229
2026-10-10,2,wk inc rsv hosp,2026-10-24,49,quantile,0.7,5
2026-10-10,2,wk inc rsv hosp,2026-10-24,49,quantile,0.75,7
2026-10-10,2,wk inc rsv hosp,2026-10-24,49,quantile,0.8,9
2026-10-10,2,wk inc rsv hosp,2026-10-24,49,quantile,0.85,12.850556505565041
2026-10-10,2,wk inc rsv hosp,2026-10-24,49,quantile,0.9,23.12314323143233
2026-10-10,2,wk inc rsv hosp,2026-10-24,49,quantile,0.95,43.6339063390634
2026-10-10,2,wk inc rsv hosp,2026-10-24,49,quantile,0.975,52
2026-10-10,2,wk inc rsv hosp,2026-10-24,49,quantile,0.99,60.06104391043896
2026-10-10,2,wk inc rsv hosp,2026-10-24,50,quantile,0.01,0
2026-10-10,2,wk inc rsv hosp,2026-10-24,50,quantile,0.025,0
2026-10-10,2,wk inc rsv hosp,2026-10-24,50,quantile,0.05,0
2026-10-10,2,wk inc rsv hosp,2026-10-24,50,quantile,0.1,0
2026-10-10,2,wk inc rsv hosp,2026-10-24,50,quantile,0.15,0
2026-10-10,2,wk inc rsv hosp,2026-10-24,50,quantile,0.2,0
2026-10-10,2,wk inc rsv hosp,2026-10-24,50,quantile,0.25,0
2026-10-10,2,wk inc rsv hosp,2026-10-24,50,quantile,0.3,0
2026-10-10,2,wk inc rsv hosp,2026-10-24,50,quantile,0.35,0
2026-10-10,2,wk inc rsv hosp,2026-10-24,50,quantile,0.4,0
2026-10-10,2,wk inc rsv hosp,2026-10-24,50,quantile,0.45,0
2026-10-10,2,wk inc rsv hosp,2026-10-24,50,quantile,0.5,0
2026-10-10,2,wk inc rsv hosp,2026-10-24,50,quantile,0.55,0.12995129951298168
2026-10-10,2,wk inc rsv hosp,2026-10-24,50,quantile,0.6,0.12995129951298168
2026-10-10,2,wk inc rsv hosp,2026-10-24,50,quantile,0.65,1.1299512995129817
2026-10-10,2,wk inc rsv hosp,2026-10-24,50,quantile,0.7,2.1299512995129817
2026-10-10,2,wk inc rsv hosp,2026-10-24,50,quantile,0.75,2.1299512995129817
2026-10-10,2,wk inc rsv hosp,2026-10-24,50,quantile,0.8,3.1299512995129817
2026-10-10,2,wk inc rsv hosp,2026-10-24,50,quantile,0.85,4.129951299512982
2026-10-10,2,wk inc rsv hosp,2026-10-24,50,quantile,0.9,6.129951299512982
2026-10-10,2,wk inc rsv hosp,2026-10-24,50,quantile,0.95,8.938586385863843
2026-10-10,2,wk inc rsv hosp,2026-10-24,50,quantile,0.975,11.129951299512982
2026-10-10,2,wk inc rsv hosp,2026-10-24,50,quantile,0.99,13.166756867568653
2026-10-10,2,wk inc rsv hosp,2026-10-24,51,quantile,0.01,0
2026-10-10,2,wk inc rsv hosp,2026-10-24,51,quantile,0.025,0
2026-10-10,2,wk inc rsv hosp,2026-10-24,51,quantile,0.05,0
2026-10-10,2,wk inc rsv hosp,2026-10-24,51,quantile,0.1,0
2026-10-10,2,wk inc rsv hosp,2026-10-24,51,quantile,0.15,0
2026-10-10,2,wk inc rsv hosp,2026-10-24,51,quantile,0.2,0
2026-10-10,2,wk inc rsv hosp,2026-10-24,51,quantile,0.25,0
2026-10-10,2,wk inc rsv hosp,2026-10-24,51,quantile,0.3,0
2026-10-10,2,wk inc rsv hosp,2026-10-24,51,quantile,0.35,1.2073770737707301
2026-10-10,2,wk inc rsv hosp,2026-10-24,51,quantile,0.4,3
2026-10-10,2,wk inc rsv hosp,2026-10-24,51,quantile,0.45,5
2026-10-10,2,wk inc rsv hosp,2026-10-24,51,quantile,0.5,5
2026-10-10,2,wk inc rsv hosp,2026-10-24,51,quantile,0.55,7
2026-10-10,2,wk inc rsv hosp,2026-10-24,51,quantile,0.6,9
2026-10-10,2,wk inc rsv hosp,2026-10-24,51,quantile,0.65,11.406898068980695
2026-10-10,2,wk inc rsv hosp,2026-10-24,51,quantile,0.7,14.545675456754552
2026-10-10,2,wk inc rsv hosp,2026-10-24,51,quantile,0.75,19
2026-10-10,2,wk inc rsv hosp,2026-10-24,51,quantile,0.8,25.396603966039656
2026-10-10,2,wk inc rsv hosp,2026-10-24,51,quantile,0.85,32.180536805368014
2026-10-10,2,wk inc rsv hosp,2026-10-24,51,quantile,0.9,40.099591995919994
2026-10-10,2,wk inc rsv hosp,2026-10-24,51,quantile,0.95,54.865896158961554
2026-10-10,2,wk inc rsv hosp,2026-10-24,51,quantile,0.975,88.36263462634592
2026-10-10,2,wk inc rsv hosp,2026-10-24,51,quantile,0.99,134.28341923419183
2026-10-10,2,wk inc rsv hosp,2026-10-24,53,quantile,0.01,0
2026-10-10,2,wk inc rsv hosp,2026-10-24,53,quantile,0.025,0
2026-10-10,2,wk inc rsv hosp,2026-10-24,53,quantile,0.05,0
2026-10-10,2,wk inc rsv hosp,2026-10-24,53,quantile,0.1,0
2026-10-10,2,wk inc rsv hosp,2026-10-24,53,quantile,0.15,0
2026-10-10,2,wk inc rsv hosp,2026-10-24,53,quantile,0.2,0
2026-10-10,2,wk inc rsv hosp,2026-10-24,53,quantile,0.25,0
2026-10-10,2,wk inc rsv hosp,2026-10-24,53,quantile,0.3,0
2026-10-10,2,wk inc rsv hosp,2026-10-24,53,quantile,0.35,0
2026-10-10,2,wk inc rsv hosp,2026-10-24,53,quantile,0.4,0.23225832258323859
2026-10-10,2,wk inc rsv hosp,2026-10-24,53,quantile,0.45,2
2026-10-10,2,wk inc rsv hosp,2026-10-24,53,quantile,0.5,3
2026-10-10,2,wk inc rsv hosp,2026-10-24,53,quantile,0.55,4
2026-10-10,2,wk inc rsv hosp,2026-10-24,53,quantile,0.6,6
2026-10-10,2,wk inc rsv hosp,2026-10-24,53,quantile,0.65,8
2026-10-10,2,wk inc rsv hosp,2026-10-24,53,quantile,0.7,10.175843758437559
2026-10-10,2,wk inc rsv hosp,2026-10-24,53,quantile,0.75,13.30330803308032
2026-10-10,2,wk inc rsv hosp,2026-10-24,53,quantile,0.8,17
2026-10-10,2,wk inc rsv hosp,2026-10-24,53,quantile,0.85,21.24357643576434
2026-10-10,2,wk inc rsv hosp,2026-10-24,53,quantile,0.9,26.845782457824484
2026-10-10,2,wk inc rsv hosp,2026-10-24,53,quantile,0.95,34.53711537115371
2026-10-10,2,wk inc rsv hosp,2026-10-24,53,quantile,0.975,45.70447579475783
2026-10-10,2,wk inc rsv hosp,2026-10-24,53,quantile,0.99,62.19944499445067
2026-10-10,2,wk inc rsv hosp,2026-10-24,54,quantile,0.01,0
2026-10-10,2,wk inc rsv hosp,2026-10-24,54,quantile,0.025,0
2026-10-10,2,wk inc rsv hosp,2026-10-24,54,quantile,0.05,0
2026-10-10,2,wk inc rsv hosp,2026-10-24,54,quantile,0.1,0
2026-10-10,2,wk inc rsv hosp,2026-10-24,54,quantile,0.15,0
2026-10-10,2,wk inc rsv hosp,2026-10-24,54,quantile,0.2,0
2026-10-10,2,wk inc rsv hosp,2026-10-24,54,quantile,0.25,0
2026-10-10,2,wk inc rsv hosp,2026-10-24,54,quantile,0.3,0
2026-10-10,2,wk inc rsv hosp,2026-10-24,54,quantile,0.35,0
2026-10-10,2,wk inc rsv hosp,2026-10-24,54,quantile,0.4,0
2026-10-10,2,wk inc rsv hosp,2026-10-24,54,quantile,0.45,0
2026-10-10,2,wk inc rsv hosp,2026-10-24,54,quantile,0.5,1
2026-10-10,2,wk inc rsv hosp,2026-10-24,54,quantile,0.55,2.472837228372285
2026-10-10,2,wk inc rsv hosp,2026-10-24,54,quantile,0.6,4
2026-10-10,2,wk inc rsv hosp,2026-10-24,54,quantile,0.65,6.198052480524825
2026-10-10,2,wk inc rsv hosp,2026-10-24,54,quantile,0.7,9
2026-10-10,2,wk inc rsv hosp,2026-10-24,54,quantile,0.75,12
2026-10-10,2,wk inc rsv hosp,2026-10-24,54,quantile,0.8,16
2026-10-10,2,wk inc rsv hosp,2026-10-24,54,quantile,0.85,21
2026-10-10,2,wk inc rsv hosp,2026-10-24,54,quantile,0.9,27.320664206642064
2026-10-10,2,wk inc rsv hosp,2026-10-24,54,quantile,0.95,39.55891758917588
2026-10-10,2,wk inc rsv hosp,2026-10-24,54,quantile,0.975,47.1652726527264
2026-10-10,2,wk inc rsv hosp,2026-10-24,54,quantile,0.99,56.84840098400987
2026-10-10,2,wk inc rsv hosp,2026-10-24,55,quantile,0.01,0
2026-10-10,2,wk inc rsv hosp,2026-10-24,55,quantile,0.025,0
2026-10-10,2,wk inc rsv hosp,2026-10-24,55,quantile,0.05,0
2026-10-10,2,wk inc rsv hosp,2026-10-24,55,quantile,0.1,0
2026-10-10,2,wk inc rsv hosp,2026-10-24,55,quantile,0.15,0
2026-10-10,2,wk inc rsv hosp,2026-10-24,55,quantile,0.2,0
2026-10-10,2,wk inc rsv hosp,2026-10-24,55,quantile,0.25,0
2026-10-10,2,wk inc rsv hosp,2026-10-24,55,quantile,0.3,0
2026-10-10,2,wk inc rsv hosp,2026-10-24,55,quantile,0.35,0
2026-10-10,2,wk inc rsv hosp,2026-10-24,55,quantile,0.4,0.2731177311772939
2026-10-10,2,wk inc rsv hosp,2026-10-24,55,quantile,0.45,2.273117731177294
2026-10-10,2,wk inc rsv hosp,2026-10-24,55,quantile,0.5,4
2026-10-10,2,wk inc rsv hosp,2026-10-24,55,quantile,0.55,6.273117731177294
2026-10-10,2,wk inc rsv hosp,2026-10-24,55,quantile,0.6,8.273117731177294
2026-10-10,2,wk inc rsv hosp,2026-10-24,55,quantile,0.65,11.243235932359314
2026-10-10,2,wk inc rsv hosp,2026-10-24,55,quantile,0.7,14.273117731177294
2026-10-10,2,wk inc rsv hosp,2026-10-24,55,quantile,0.75,18.273117731177294
2026-10-10,2,wk inc rsv hosp,2026-10-24,55,quantile,0.8,23.965060650606492
2026-10-10,2,wk inc rsv hosp,2026-10-24,55,quantile,0.85,30.95747507475073
2026-10-10,2,wk inc rsv hosp,2026-10-24,55,quantile,0.9,38.56363663636636
2026-10-10,2,wk inc rsv hosp,2026-10-24,55,quantile,0.95,49.273117731177294
2026-10-10,2,wk inc rsv hosp,2026-10-24,55,quantile,0.975,62.84517870178731
2026-10-10,2,wk inc rsv hosp,2026-10-24,55,quantile,0.99,76.13343653436489
2026-10-10,2,wk inc rsv hosp,2026-10-24,56,quantile,0.01,0
2026-10-10,2,wk inc rsv hosp,2026-10-24,56,quantile,0.025,0
2026-10-10,2,wk inc rsv hosp,2026-10-24,56,quantile,0.05,0
2026-10-10,2,wk inc rsv hosp,2026-10-24,56,quantile,0.1,0
2026-10-10,2,wk inc rsv hosp,2026-10-24,56,quantile,0.15,0
2026-10-10,2,wk inc rsv hosp,2026-10-24,56,quantile,0.2,0
2026-10-10,2,wk inc rsv hosp,2026-10-24,56,quantile,0.25,0
2026-10-10,2,wk inc rsv hosp,2026-10-24,56,quantile,0.3,0
2026-10-10,2,wk inc rsv hosp,2026-10-24,56,quantile,0.35,0
2026-10-10,2,wk inc rsv hosp,2026-10-24,56,quantile,0.4,0
2026-10-10,2,wk inc rsv hosp,2026-10-24,56,quantile,0.45,0
2026-10-10,2,wk inc rsv hosp,2026-10-24,56,quantile,0.5,0
2026-10-10,2,wk inc rsv hosp,2026-10-24,56,quantile,0.55,1
2026-10-10,2,wk inc rsv hosp,2026-10-24,56,quantile,0.6,1
2026-10-10,2,wk inc rsv hosp,2026-10-24,56,quantile,0.65,2
2026-10-10,2,wk inc rsv hosp,2026-10-24,56,quantile,0.7,2.866748667486661
2026-10-10,2,wk inc rsv hosp,2026-10-24,56,quantile,0.75,3.7435424354243523
2026-10-10,2,wk inc rsv hosp,2026-10-24,56,quantile,0.8,5
2026-10-10,2,wk inc rsv hosp,2026-10-24,56,quantile,0.85,7.7785977859778654
2026-10-10,2,wk inc rsv hosp,2026-10-24,56,quantile,0.9,10
2026-10-10,2,wk inc rsv hosp,2026-10-24,56,quantile,0.95,14
2026-10-10,2,wk inc rsv hosp,2026-10-24,56,quantile,0.975,17.633968839688368
2026-10-10,2,wk inc rsv hosp,2026-10-24,56,quantile,0.99,21.830282902829033
2026-10-10,2,wk inc rsv hosp,2026-10-24,72,quantile,0.01,0
2026-10-10,2,wk inc rsv hosp,2026-10-24,72,quantile,0.025,0
2026-10-10,2,wk inc rsv hosp,2026-10-24,72,quantile,0.05,0
2026-10-10,2,wk inc rsv hosp,2026-10-24,72,quantile,0.1,0
2026-10-10,2,wk inc rsv hosp,2026-10-24,72,quantile,0.15,0
2026-10-10,2,wk inc rsv hosp,2026-10-24,72,quantile,0.2,0
2026-10-10,2,wk inc rsv hosp,2026-10-24,72,quantile,0.25,0
2026-10-10,2,wk inc rsv hosp,2026-10-24,72,quantile,0.3,0.6550515505155126
2026-10-10,2,wk inc rsv hosp,2026-10-24,72,quantile,0.35,3.0211272112721104
2026-10-10,2,wk inc rsv hosp,2026-10-24,72,quantile,0.4,4.655051550515513
2026-10-10,2,wk inc rsv hosp,2026-10-24,72,quantile,0.45,6.655051550515513
2026-10-10,2,wk inc rsv hosp,2026-10-24,72,quantile,0.5,8
2026-10-10,2,wk inc rsv hosp,2026-10-24,72,quantile,0.55,9.655051550515513
2026-10-10,2,wk inc rsv hosp,2026-10-24,72,quantile,0.6,11.655051550515513
2026-10-10,2,wk inc rsv hosp,2026-10-24,72,quantile,0.65,14.655051550515513
2026-10-10,2,wk inc rsv hosp,2026-10-24,72,quantile,0.7,17.655051550515513
2026-10-10,2,wk inc rsv hosp,2026-10-24,72,quantile,0.75,21.655051550515513
2026-10-10,2,wk inc rsv hosp,2026-10-24,72,quantile,0.8,27.655051550515513
2026-10-10,2,wk inc rsv hosp,2026-10-24,72,quantile,0.85,38.48599385993858
2026-10-10,2,wk inc rsv hosp,2026-10-24,72,quantile,0.9,50.19185991859924
2026-10-10,2,wk inc rsv hosp,2026-10-24,72,quantile,0.95,78.1836473364731
2026-10-10,2,wk inc rsv hosp,2026-10-24,72,quantile,0.975,107.49668596685692
2026-10-10,2,wk inc rsv hosp,2026-10-24,72,quantile,0.99,179.5619423194234
2026-10-10,2,wk inc rsv hosp,2026-10-24,US,quantile,0.01,0
2026-10-10,2,wk inc rsv hosp,2026-10-24,US,quantile,0.025,0
2026-10-10,2,wk inc rsv hosp,2026-10-24,US,quantile,0.05,0
2026-10-10,2,wk inc rsv hosp,2026-10-24,US,quantile,0.1,0
2026-10-10,2,wk inc rsv hosp,2026-10-24,US,quantile,0.15,0
2026-10-10,2,wk inc rsv hosp,2026-10-24,US,quantile,0.2,1.6528795287955804
2026-10-10,2,wk inc rsv hosp,2026-10-24,US,quantile,0.25,127.45850708507086
2026-10-10,2,wk inc rsv hosp,2026-10-24,US,quantile,0.3,259.77351373513727
2026-10-10,2,wk inc rsv hosp,2026-10-24,US,quantile,0.35,371.4056755567554
2026-10-10,2,wk inc rsv hosp,2026-10-24,US,quantile,0.4,445.7937789377894
2026-10-10,2,wk inc rsv hosp,2026-10-24,US,quantile,0.45,499.5204362043621
2026-10-10,2,wk inc rsv hosp,2026-10-24,US,quantile,0.5,531
2026-10-10,2,wk inc rsv hosp,2026-10-24,US,quantile,0.55,568.8961579615795
2026-10-10,2,wk inc rsv hosp,2026-10-24,US,quantile,0.6,628.890097900979
2026-10-10,2,wk inc rsv hosp,2026-10-24,US,quantile,0.65,711.3545625456256
2026-10-10,2,wk inc rsv hosp,2026-10-24,US,quantile,0.7,836.5587575875746
2026-10-10,2,wk inc rsv hosp,2026-10-24,US,quantile,0.75,984.7388723887238
2026-10-10,2,wk inc rsv hosp,2026-10-24,US,quantile,0.8,1157.0380013800136
2026-10-10,2,wk inc rsv hosp,2026-10-24,US,quantile,0.85,1370.1412774127743
2026-10-10,2,wk inc rsv hosp,2026-10-24,US,quantile,0.9,1715.4942309423113
2026-10-10,2,wk inc rsv hosp,2026-10-24,US,quantile,0.95,2298.5210537105336
2026-10-10,2,wk inc rsv hosp,2026-10-24,US,quantile,0.975,3007.3454354543637
2026-10-10,2,wk inc rsv hosp,2026-10-24,US,quantile,0.99,3872.028053980535
2026-10-10,3,wk inc rsv hosp,2026-10-31,01,quantile,0.01,0
2026-10-10,3,wk inc rsv hosp,2026-10-31,01,quantile,0.025,0
2026-10-10,3,wk inc rsv hosp,2026-10-31,01,quantile,0.05,0
2026-10-10,3,wk inc rsv hosp,2026-10-31,01,quantile,0.1,0
2026-10-10,3,wk inc rsv hosp,2026-10-31,01,quantile,0.15,0
2026-10-10,3,wk inc rsv hosp,2026-10-31,01,quantile,0.2,0
2026-10-10,3,wk inc rsv hosp,2026-10-31,01,quantile,0.25,1
2026-10-10,3,wk inc rsv hosp,2026-10-31,01,quantile,0.3,3.1924119241192406
2026-10-10,3,wk inc rsv hosp,2026-10-31,01,quantile,0.35,5.719918699186968
2026-10-10,3,wk inc rsv hosp,2026-10-31,01,quantile,0.4,7.663956639566393
2026-10-10,3,wk inc rsv hosp,2026-10-31,01,quantile,0.45,9.356504065040664
2026-10-10,3,wk inc rsv hosp,2026-10-31,01,quantile,0.5,11
2026-10-10,3,wk inc rsv hosp,2026-10-31,01,quantile,0.55,13
2026-10-10,3,wk inc rsv hosp,2026-10-31,01,quantile,0.6,15
2026-10-10,3,wk inc rsv hosp,2026-10-31,01,quantile,0.65,17
2026-10-10,3,wk inc rsv hosp,2026-10-31,01,quantile,0.7,19.677506775067744
2026-10-10,3,wk inc rsv hosp,2026-10-31,01,quantile,0.75,22.325203252032512
2026-10-10,3,wk inc rsv hosp,2026-10-31,01,quantile,0.8,25.886178861788608
2026-10-10,3,wk inc rsv hosp,2026-10-31,01,quantile,0.85,30
2026-10-10,3,wk inc rsv hosp,2026-10-31,01,quantile,0.9,36.01924119241194
2026-10-10,3,wk inc rsv hosp,2026-10-31,01,quantile,0.95,47.82953929539326
2026-10-10,3,wk inc rsv hosp,2026-10-31,01,quantile,0.975,59.41476964769647
2026-10-10,3,wk inc rsv hosp,2026-10-31,01,quantile,0.99,70.73455284552833
2026-10-10,3,wk inc rsv hosp,2026-10-31,02,quantile,0.01,0
2026-10-10,3,wk inc rsv hosp,2026-10-31,02,quantile,0.025,0
2026-10-10,3,wk inc rsv hosp,2026-10-31,02,quantile,0.05,0
2026-10-10,3,wk inc rsv hosp,2026-10-31,02,quantile,0.1,0
2026-10-10,3,wk inc rsv hosp,2026-10-31,02,quantile,0.15,0
2026-10-10,3,wk inc rsv hosp,2026-10-31,02,quantile,0.2,0
2026-10-10,3,wk inc rsv hosp,2026-10-31,02,quantile,0.25,0
2026-10-10,3,wk inc rsv hosp,2026-10-31,02,quantile,0.3,0
2026-10-10,3,wk inc rsv hosp,2026-10-31,02,quantile,0.35,1
2026-10-10,3,wk inc rsv hosp,2026-10-31,02,quantile,0.4,2
2026-10-10,3,wk inc rsv hosp,2026-10-31,02,quantile,0.45,2.5891143911439185
2026-10-10,3,wk inc rsv hosp,2026-10-31,02,quantile,0.5,3
2026-10-10,3,wk inc rsv hosp,2026-10-31,02,quantile,0.55,4
2026-10-10,3,wk inc rsv hosp,2026-10-31,02,quantile,0.6,5
2026-10-10,3,wk inc rsv hosp,2026-10-31,02,quantile,0.65,6
2026-10-10,3,wk inc rsv hosp,2026-10-31,02,quantile,0.7,7.683634836348366
2026-10-10,3,wk inc rsv hosp,2026-10-31,02,quantile,0.75,9
2026-10-10,3,wk inc rsv hosp,2026-10-31,02,quantile,0.8,11
2026-10-10,3,wk inc rsv hosp,2026-10-31,02,quantile,0.85,13
2026-10-10,3,wk inc rsv hosp,2026-10-31,02,quantile,0.9,15.944565445654451
2026-10-10,3,wk inc rsv hosp,2026-10-31,02,quantile,0.95,19.769911199111977
2026-10-10,3,wk inc rsv hosp,2026-10-31,02,quantile,0.975,23.283679836798324
2026-10-10,3,wk inc rsv hosp,2026-10-31,02,quantile,0.99,27.88639306393064
2026-10-10,3,wk inc rsv hosp,2026-10-31,04,quantile,0.01,0
2026-10-10,3,wk inc rsv hosp,2026-10-31,04,quantile,0.025,0
2026-10-10,3,wk inc rsv hosp,2026-10-31,04,quantile,0.05,0
2026-10-10,3,wk inc rsv hosp,2026-10-31,04,quantile,0.1,0
2026-10-10,3,wk inc rsv hosp,2026-10-31,04,quantile,0.15,0
2026-10-10,3,wk inc rsv hosp,2026-10-31,04,quantile,0.2,0
2026-10-10,3,wk inc rsv hosp,2026-10-31,04,quantile,0.25,0
2026-10-10,3,wk inc rsv hosp,2026-10-31,04,quantile,0.3,0
2026-10-10,3,wk inc rsv hosp,2026-10-31,04,quantile,0.35,0
2026-10-10,3,wk inc rsv hosp,2026-10-31,04,quantile,0.4,0
2026-10-10,3,wk inc rsv hosp,2026-10-31,04,quantile,0.45,0
2026-10-10,3,wk inc rsv hosp,2026-10-31,04,quantile,0.5,2
2026-10-10,3,wk inc rsv hosp,2026-10-31,04,quantile,0.55,4
2026-10-10,3,wk inc rsv hosp,2026-10-31,04,quantile,0.6,6.286508865088646
2026-10-10,3,wk inc rsv hosp,2026-10-31,04,quantile,0.65,9
2026-10-10,3,wk inc rsv hosp,2026-10-31,04,quantile,0.7,12.594320943209372
2026-10-10,3,wk inc rsv hosp,2026-10-31,04,quantile,0.75,17.09117091170915
2026-10-10,3,wk inc rsv hosp,2026-10-31,04,quantile,0.8,24.193033930339336
2026-10-10,3,wk inc rsv hosp,2026-10-31,04,quantile,0.85,35.919111691116946
2026-10-10,3,wk inc rsv hosp,2026-10-31,04,quantile,0.9,53.783205832058314
2026-10-10,3,wk inc rsv hosp,2026-10-31,04,quantile,0.95,84.25004950049505
2026-10-10,3,wk inc rsv hosp,2026-10-31,04,quantile,0.975,101.46620016200134
2026-10-10,3,wk inc rsv hosp,2026-10-31,04,quantile,0.99,124.69400954009541
2026-10-10,3,wk inc rsv hosp,2026-10-31,05,quantile,0.01,0
2026-10-10,3,wk inc rsv hosp,2026-10-31,05,quantile,0.025,0
2026-10-10,3,wk inc rsv hosp,2026-10-31,05,quantile,0.05,0
2026-10-10,3,wk inc rsv hosp,2026-10-31,05,quantile,0.1,0
2026-10-10,3,wk inc rsv hosp,2026-10-31,05,quantile,0.15,0
2026-10-10,3,wk inc rsv hosp,2026-10-31,05,quantile,0.2,0
2026-10-10,3,wk inc rsv hosp,2026-10-31,05,quantile,0.25,0
2026-10-10,3,wk inc rsv hosp,2026-10-31,05,quantile,0.3,0
2026-10-10,3,wk inc rsv hosp,2026-10-31,05,quantile,0.35,0
2026-10-10,3,wk inc rsv hosp,2026-10-31,05,quantile,0.4,0
2026-10-10,3,wk inc rsv hosp,2026-10-31,05,quantile,0.45,0
2026-10-10,3,wk inc rsv hosp,2026-10-31,05,quantile,0.5,1
2026-10-10,3,wk inc rsv hosp,2026-10-31,05,quantile,0.55,2
2026-10-10,3,wk inc rsv hosp,2026-10-31,05,quantile,0.6,3
2026-10-10,3,wk inc rsv hosp,2026-10-31,05,quantile,0.65,4.840539905399072
2026-10-10,3,wk inc rsv hosp,2026-10-31,05,quantile,0.7,6
2026-10-10,3,wk inc rsv hosp,2026-10-31,05,quantile,0.75,8
2026-10-10,3,wk inc rsv hosp,2026-10-31,05,quantile,0.8,10.88396483964839
2026-10-10,3,wk inc rsv hosp,2026-10-31,05,quantile,0.85,14
2026-10-10,3,wk inc rsv hosp,2026-10-31,05,quantile,0.9,18.583368833688393
2026-10-10,3,wk inc rsv hosp,2026-10-31,05,quantile,0.95,25
2026-10-10,3,wk inc rsv hosp,2026-10-31,05,quantile,0.975,29.783925089250907
2026-10-10,3,wk inc rsv hosp,2026-10-31,05,quantile,0.99,36.42378423784237
2026-10-10,3,wk inc rsv hosp,2026-10-31,06,quantile,0.01,0
2026-10-10,3,wk inc rsv hosp,2026-10-31,06,quantile,0.025,0
2026-10-10,3,wk inc rsv hosp,2026-10-31,06,quantile,0.05,0
2026-10-10,3,wk inc rsv hosp,2026-10-31,06,quantile,0.1,0
2026-10-10,3,wk inc rsv hosp,2026-10-31,06,quantile,0.15,0
2026-10-10,3,wk inc rsv hosp,2026-10-31,06,quantile,0.2,0
2026-10-10,3,wk inc rsv hosp,2026-10-31,06,quantile,0.25,0
2026-10-10,3,wk inc rsv hosp,2026-10-31,06,quantile,0.3,0
2026-10-10,3,wk inc rsv hosp,2026-10-31,06,quantile,0.35,7
2026-10-10,3,wk inc rsv hosp,2026-10-31,06,quantile,0.4,14
2026-10-10,3,wk inc rsv hosp,2026-10-31,06,quantile,0.45,20.05406354063541
2026-10-10,3,wk inc rsv hosp,2026-10-31,06,quantile,0.5,26
2026-10-10,3,wk inc rsv hosp,2026-10-31,06,quantile,0.55,32
2026-10-10,3,wk inc rsv hosp,2026-10-31,06,quantile,0.6,38.902799027990255
2026-10-10,3,wk inc rsv hosp,2026-10-31,06,quantile,0.65,47.736958869588705
2026-10-10,3,wk inc rsv hosp,2026-10-31,06,quantile,0.7,58.09028890288897
2026-10-10,3,wk inc rsv hosp,2026-10-31,06,quantile,0.75,70
2026-10-10,3,wk inc rsv hosp,2026-10-31,06,quantile,0.8,83.48562685626877
2026-10-10,3,wk inc rsv hosp,2026-10-31,06,quantile,0.85,101.25026550265505
2026-10-10,3,wk inc rsv hosp,2026-10-31,06,quantile,0.9,124.0308523085231
2026-10-10,3,wk inc rsv hosp,2026-10-31,06,quantile,0.95,158.84959499594976
2026-10-10,3,wk inc rsv hosp,2026-10-31,06,quantile,0.975,189.24147016470158
2026-10-10,3,wk inc rsv hosp,2026-10-31,06,quantile,0.99,225.74335793357946
2026-10-10,3,wk inc rsv hosp,2026-10-31,08,quantile,0.01,0
2026-10-10,3,wk inc rsv hosp,2026-10-31,08,quantile,0.025,0
2026-10-10,3,wk inc rsv hosp,2026-10-31,08,quantile,0.05,0
2026-10-10,3,wk inc rsv hosp,2026-10-31,08,quantile,0.1,0
2026-10-10,3,wk inc rsv hosp,2026-10-31,08,quantile,0.15,0
2026-10-10,3,wk inc rsv hosp,2026-10-31,08,quantile,0.2,0
2026-10-10,3,wk inc rsv hosp,2026-10-31,08,quantile,0.25,0
2026-10-10,3,wk inc rsv hosp,2026-10-31,08,quantile,0.3,0
2026-10-10,3,wk inc rsv hosp,2026-10-31,08,quantile,0.35,0
2026-10-10,3,wk inc rsv hosp,2026-10-31,08,quantile,0.4,0
2026-10-10,3,wk inc rsv hosp,2026-10-31,08,quantile,0.45,1
2026-10-10,3,wk inc rsv hosp,2026-10-31,08,quantile,0.5,2
2026-10-10,3,wk inc rsv hosp,2026-10-31,08,quantile,0.55,3.0074990749907826
2026-10-10,3,wk inc rsv hosp,2026-10-31,08,quantile,0.6,6
2026-10-10,3,wk inc rsv hosp,2026-10-31,08,quantile,0.65,10.319275192751935
2026-10-10,3,wk inc rsv hosp,2026-10-31,08,quantile,0.7,15.43246332463325
2026-10-10,3,wk inc rsv hosp,2026-10-31,08,quantile,0.75,22
2026-10-10,3,wk inc rsv hosp,2026-10-31,08,quantile,0.8,29
2026-10-10,3,wk inc rsv hosp,2026-10-31,08,quantile,0.85,34.90693006930069
2026-10-10,3,wk inc rsv hosp,2026-10-31,08,quantile,0.9,45.41701617016172
2026-10-10,3,wk inc rsv hosp,2026-10-31,08,quantile,0.95,63.379918799188026
2026-10-10,3,wk inc rsv hosp,2026-10-31,08,quantile,0.975,79.12725952259527
2026-10-10,3,wk inc rsv hosp,2026-10-31,08,quantile,0.99,100.42137041370435
2026-10-10,3,wk inc rsv hosp,2026-10-31,09,quantile,0.01,0
2026-10-10,3,wk inc rsv hosp,2026-10-31,09,quantile,0.025,0
2026-10-10,3,wk inc rsv hosp,2026-10-31,09,quantile,0.05,0
2026-10-10,3,wk inc rsv hosp,2026-10-31,09,quantile,0.1,0
2026-10-10,3,wk inc rsv hosp,2026-10-31,09,quantile,0.15,0
2026-10-10,3,wk inc rsv hosp,2026-10-31,09,quantile,0.2,0
2026-10-10,3,wk inc rsv hosp,2026-10-31,09,quantile,0.25,0
2026-10-10,3,wk inc rsv hosp,2026-10-31,09,quantile,0.3,0
2026-10-10,3,wk inc rsv hosp,2026-10-31,09,quantile,0.35,0
2026-10-10,3,wk inc rsv hosp,2026-10-31,09,quantile,0.4,0
2026-10-10,3,wk inc rsv hosp,2026-10-31,09,quantile,0.45,0
2026-10-10,3,wk inc rsv hosp,2026-10-31,09,quantile,0.5,1
2026-10-10,3,wk inc rsv hosp,2026-10-31,09,quantile,0.55,2.1102391023910334
2026-10-10,3,wk inc rsv hosp,2026-10-31,09,quantile,0.6,4
2026-10-10,3,wk inc rsv hosp,2026-10-31,09,quantile,0.65,6
2026-10-10,3,wk inc rsv hosp,2026-10-31,09,quantile,0.7,8
2026-10-10,3,wk inc rsv hosp,2026-10-31,09,quantile,0.75,10.48307233072331
2026-10-10,3,wk inc rsv hosp,2026-10-31,09,quantile,0.8,13.879428794287938
2026-10-10,3,wk inc rsv hosp,2026-10-31,09,quantile,0.85,18
2026-10-10,3,wk inc rsv hosp,2026-10-31,09,quantile,0.9,26.516446164461613
2026-10-10,3,wk inc rsv hosp,2026-10-31,09,quantile,0.95,42.26252962529622
2026-10-10,3,wk inc rsv hosp,2026-10-31,09,quantile,0.975,49.40945759457589
2026-10-10,3,wk inc rsv hosp,2026-10-31,09,quantile,0.99,58.41484114841134
2026-10-10,3,wk inc rsv hosp,2026-10-31,10,quantile,0.01,0
2026-10-10,3,wk inc rsv hosp,2026-10-31,10,quantile,0.025,0
2026-10-10,3,wk inc rsv hosp,2026-10-31,10,quantile,0.05,0
2026-10-10,3,wk inc rsv hosp,2026-10-31,10,quantile,0.1,0
2026-10-10,3,wk inc rsv hosp,2026-10-31,10,quantile,0.15,0
2026-10-10,3,wk inc rsv hosp,2026-10-31,10,quantile,0.2,0
2026-10-10,3,wk inc rsv hosp,2026-10-31,10,quantile,0.25,2
2026-10-10,3,wk inc rsv hosp,2026-10-31,10,quantile,0.3,4
2026-10-10,3,wk inc rsv hosp,2026-10-31,10,quantile,0.35,5
2026-10-10,3,wk inc rsv hosp,2026-10-31,10,quantile,0.4,6
2026-10-10,3,wk inc rsv hosp,2026-10-31,10,quantile,0.45,7
2026-10-10,3,wk inc rsv hosp,2026-10-31,10,quantile,0.5,8
2026-10-10,3,wk inc rsv hosp,2026-10-31,10,quantile,0.55,9
2026-10-10,3,wk inc rsv hosp,2026-10-31,10,quantile,0.6,10
2026-10-10,3,wk inc rsv hosp,2026-10-31,10,quantile,0.65,11
2026-10-10,3,wk inc rsv hosp,2026-10-31,10,quantile,0.7,12.900434004340035
2026-10-10,3,wk inc rsv hosp,2026-10-31,10,quantile,0.75,14.61036860368604
2026-10-10,3,wk inc rsv hosp,2026-10-31,10,quantile,0.8,17
2026-10-10,3,wk inc rsv hosp,2026-10-31,10,quantile,0.85,20
2026-10-10,3,wk inc rsv hosp,2026-10-31,10,quantile,0.9,25
2026-10-10,3,wk inc rsv hosp,2026-10-31,10,quantile,0.95,34
2026-10-10,3,wk inc rsv hosp,2026-10-31,10,quantile,0.975,46.476104761047736
2026-10-10,3,wk inc rsv hosp,2026-10-31,10,quantile,0.99,69.52640436404388
2026-10-10,3,wk inc rsv hosp,2026-10-31,11,quantile,0.01,0
2026-10-10,3,wk inc rsv hosp,2026-10-31,11,quantile,0.025,0
2026-10-10,3,wk inc rsv hosp,2026-10-31,11,quantile,0.05,0
2026-10-10,3,wk inc rsv hosp,2026-10-31,11,quantile,0.1,0
2026-10-10,3,wk inc rsv hosp,2026-10-31,11,quantile,0.15,0
2026-10-10,3,wk inc rsv hosp,2026-10-31,11,quantile,0.2,0
2026-10-10,3,wk inc rsv hosp,2026-10-31,11,quantile,0.25,0
2026-10-10,3,wk inc rsv hosp,2026-10-31,11,quantile,0.3,0
2026-10-10,3,wk inc rsv hosp,2026-10-31,11,quantile,0.35,0
2026-10-10,3,wk inc rsv hosp,2026-10-31,11,quantile,0.4,0
2026-10-10,3,wk inc rsv hosp,2026-10-31,11,quantile,0.45,0
2026-10-10,3,wk inc rsv hosp,2026-10-31,11,quantile,0.5,6.0000600011989036e-5
2026-10-10,3,wk inc rsv hosp,2026-10-31,11,quantile,0.55,0.411304113041119
2026-10-10,3,wk inc rsv hosp,2026-10-31,11,quantile,0.6,0.5527855278552454
2026-10-10,3,wk inc rsv hosp,2026-10-31,11,quantile,0.65,1.411304113041119
2026-10-10,3,wk inc rsv hosp,2026-10-31,11,quantile,0.7,2.411304113041119
2026-10-10,3,wk inc rsv hosp,2026-10-31,11,quantile,0.75,2.7735277352773426
2026-10-10,3,wk inc rsv hosp,2026-10-31,11,quantile,0.8,4.000564005640048
2026-10-10,3,wk inc rsv hosp,2026-10-31,11,quantile,0.85,5.411304113041119
2026-10-10,3,wk inc rsv hosp,2026-10-31,11,quantile,0.9,7.827606276062754
2026-10-10,3,wk inc rsv hosp,2026-10-31,11,quantile,0.95,12.620640206402037
2026-10-10,3,wk inc rsv hosp,2026-10-31,11,quantile,0.975,16.252015270152683
2026-10-10,3,wk inc rsv hosp,2026-10-31,11,quantile,0.99,19.248937689376888
2026-10-10,3,wk inc rsv hosp,2026-10-31,12,quantile,0.01,0
2026-10-10,3,wk inc rsv hosp,2026-10-31,12,quantile,0.025,0
2026-10-10,3,wk inc rsv hosp,2026-10-31,12,quantile,0.05,36.70648656486566
2026-10-10,3,wk inc rsv hosp,2026-10-31,12,quantile,0.1,70.97628776287766
2026-10-10,3,wk inc rsv hosp,2026-10-31,12,quantile,0.15,91
2026-10-10,3,wk inc rsv hosp,2026-10-31,12,quantile,0.2,107.50390303903045
2026-10-10,3,wk inc rsv hosp,2026-10-31,12,quantile,0.25,121.28721537215371
2026-10-10,3,wk inc rsv hosp,2026-10-31,12,quantile,0.3,132.0533835338353
2026-10-10,3,wk inc rsv hosp,2026-10-31,12,quantile,0.35,141.18388333883337
2026-10-10,3,wk inc rsv hosp,2026-10-31,12,quantile,0.4,149.25434054340545
2026-10-10,3,wk inc rsv hosp,2026-10-31,12,quantile,0.45,156.45983559835597
2026-10-10,3,wk inc rsv hosp,2026-10-31,12,quantile,0.5,163
2026-10-10,3,wk inc rsv hosp,2026-10-31,12,quantile,0.55,169.93674036740367
2026-10-10,3,wk inc rsv hosp,2026-10-31,12,quantile,0.6,176.93200132001317
2026-10-10,3,wk inc rsv hosp,2026-10-31,12,quantile,0.65,184.88331483314835
2026-10-10,3,wk inc rsv hosp,2026-10-31,12,quantile,0.7,194
2026-10-10,3,wk inc rsv hosp,2026-10-31,12,quantile,0.75,204.910246602466
2026-10-10,3,wk inc rsv hosp,2026-10-31,12,quantile,0.8,219
2026-10-10,3,wk inc rsv hosp,2026-10-31,12,quantile,0.85,235
2026-10-10,3,wk inc rsv hosp,2026-10-31,12,quantile,0.9,254.7157131571315
2026-10-10,3,wk inc rsv hosp,2026-10-31,12,quantile,0.95,289.34478694786947
2026-10-10,3,wk inc rsv hosp,2026-10-31,12,quantile,0.975,329.96601816018244
2026-10-10,3,wk inc rsv hosp,2026-10-31,12,quantile,0.99,387.8852981529815
2026-10-10,3,wk inc rsv hosp,2026-10-31,13,quantile,0.01,0
2026-10-10,3,wk inc rsv hosp,2026-10-31,13,quantile,0.025,0
2026-10-10,3,wk inc rsv hosp,2026-10-31,13,quantile,0.05,0
2026-10-10,3,wk inc rsv hosp,2026-10-31,13,quantile,0.1,0
2026-10-10,3,wk inc rsv hosp,2026-10-31,13,quantile,0.15,0
2026-10-10,3,wk inc rsv hosp,2026-10-31,13,quantile,0.2,1.9805958059580686
2026-10-10,3,wk inc rsv hosp,2026-10-31,13,quantile,0.25,9.10326353263533
2026-10-10,3,wk inc rsv hosp,2026-10-31,13,quantile,0.3,15
2026-10-10,3,wk inc rsv hosp,2026-10-31,13,quantile,0.35,19
2026-10-10,3,wk inc rsv hosp,2026-10-31,13,quantile,0.4,22
2026-10-10,3,wk inc rsv hosp,2026-10-31,13,quantile,0.45,25
2026-10-10,3,wk inc rsv hosp,2026-10-31,13,quantile,0.5,27
2026-10-10,3,wk inc rsv hosp,2026-10-31,13,quantile,0.55,29.954180041800427
2026-10-10,3,wk inc rsv hosp,2026-10-31,13,quantile,0.6,32.80857408574085
2026-10-10,3,wk inc rsv hosp,2026-10-31,13,quantile,0.65,36
2026-10-10,3,wk inc rsv hosp,2026-10-31,13,quantile,0.7,40
2026-10-10,3,wk inc rsv hosp,2026-10-31,13,quantile,0.75,46.80634806348063
2026-10-10,3,wk inc rsv hosp,2026-10-31,13,quantile,0.8,55.62688226882274
2026-10-10,3,wk inc rsv hosp,2026-10-31,13,quantile,0.85,66.59091290912909
2026-10-10,3,wk inc rsv hosp,2026-10-31,13,quantile,0.9,82.7168981689815
2026-10-10,3,wk inc rsv hosp,2026-10-31,13,quantile,0.95,115.95465704657022
2026-10-10,3,wk inc rsv hosp,2026-10-31,13,quantile,0.975,156.88579610796043
2026-10-10,3,wk inc rsv hosp,2026-10-31,13,quantile,0.99,193.94877018770228
2026-10-10,3,wk inc rsv hosp,2026-10-31,15,quantile,0.01,0
2026-10-10,3,wk inc rsv hosp,2026-10-31,15,quantile,0.025,0
2026-10-10,3,wk inc rsv hosp,2026-10-31,15,quantile,0.05,0
2026-10-10,3,wk inc rsv hosp,2026-10-31,15,quantile,0.1,0
2026-10-10,3,wk inc rsv hosp,2026-10-31,15,quantile,0.15,0
2026-10-10,3,wk inc rsv hosp,2026-10-31,15,quantile,0.2,0
2026-10-10,3,wk inc rsv hosp,2026-10-31,15,quantile,0.25,1.412609126091258
2026-10-10,3,wk inc rsv hosp,2026-10-31,15,quantile,0.3,3
2026-10-10,3,wk inc rsv hosp,2026-10-31,15,quantile,0.35,4
2026-10-10,3,wk inc rsv hosp,2026-10-31,15,quantile,0.4,5
2026-10-10,3,wk inc rsv hosp,2026-10-31,15,quantile,0.45,6
2026-10-10,3,wk inc rsv hosp,2026-10-31,15,quantile,0.5,7
2026-10-10,3,wk inc rsv hosp,2026-10-31,15,quantile,0.55,8
2026-10-10,3,wk inc rsv hosp,2026-10-31,15,quantile,0.6,9
2026-10-10,3,wk inc rsv hosp,2026-10-31,15,quantile,0.65,10
2026-10-10,3,wk inc rsv hosp,2026-10-31,15,quantile,0.7,11.411517115171138
2026-10-10,3,wk inc rsv hosp,2026-10-31,15,quantile,0.75,13
2026-10-10,3,wk inc rsv hosp,2026-10-31,15,quantile,0.8,14.307905079050808
2026-10-10,3,wk inc rsv hosp,2026-10-31,15,quantile,0.85,16.144392943929432
2026-10-10,3,wk inc rsv hosp,2026-10-31,15,quantile,0.9,19
2026-10-10,3,wk inc rsv hosp,2026-10-31,15,quantile,0.95,23.661427114271106
2026-10-10,3,wk inc rsv hosp,2026-10-31,15,quantile,0.975,28.36238862388615
2026-10-10,3,wk inc rsv hosp,2026-10-31,15,quantile,0.99,34.97473494734944
2026-10-10,3,wk inc rsv hosp,2026-10-31,16,quantile,0.01,0
2026-10-10,3,wk inc rsv hosp,2026-10-31,16,quantile,0.025,0
2026-10-10,3,wk inc rsv hosp,2026-10-31,16,quantile,0.05,0
2026-10-10,3,wk inc rsv hosp,2026-10-31,16,quantile,0.1,0
2026-10-10,3,wk inc rsv hosp,2026-10-31,16,quantile,0.15,0
2026-10-10,3,wk inc rsv hosp,2026-10-31,16,quantile,0.2,0
2026-10-10,3,wk inc rsv hosp,2026-10-31,16,quantile,0.25,0
2026-10-10,3,wk inc rsv hosp,2026-10-31,16,quantile,0.3,0
2026-10-10,3,wk inc rsv hosp,2026-10-31,16,quantile,0.35,0
2026-10-10,3,wk inc rsv hosp,2026-10-31,16,quantile,0.4,0
2026-10-10,3,wk inc rsv hosp,2026-10-31,16,quantile,0.45,0
2026-10-10,3,wk inc rsv hosp,2026-10-31,16,quantile,0.5,1
2026-10-10,3,wk inc rsv hosp,2026-10-31,16,quantile,0.55,2
2026-10-10,3,wk inc rsv hosp,2026-10-31,16,quantile,0.6,3
2026-10-10,3,wk inc rsv hosp,2026-10-31,16,quantile,0.65,4
2026-10-10,3,wk inc rsv hosp,2026-10-31,16,quantile,0.7,6
2026-10-10,3,wk inc rsv hosp,2026-10-31,16,quantile,0.75,8
2026-10-10,3,wk inc rsv hosp,2026-10-31,16,quantile,0.8,10
2026-10-10,3,wk inc rsv hosp,2026-10-31,16,quantile,0.85,13
2026-10-10,3,wk inc rsv hosp,2026-10-31,16,quantile,0.9,16.75993759937601
2026-10-10,3,wk inc rsv hosp,2026-10-31,16,quantile,0.95,22.467676176761596
2026-10-10,3,wk inc rsv hosp,2026-10-31,16,quantile,0.975,27.822978979789788
2026-10-10,3,wk inc rsv hosp,2026-10-31,16,quantile,0.99,34.07116861168609
2026-10-10,3,wk inc rsv hosp,2026-10-31,17,quantile,0.01,0
2026-10-10,3,wk inc rsv hosp,2026-10-31,17,quantile,0.025,0
2026-10-10,3,wk inc rsv hosp,2026-10-31,17,quantile,0.05,0
2026-10-10,3,wk inc rsv hosp,2026-10-31,17,quantile,0.1,0
2026-10-10,3,wk inc rsv hosp,2026-10-31,17,quantile,0.15,0
2026-10-10,3,wk inc rsv hosp,2026-10-31,17,quantile,0.2,0
2026-10-10,3,wk inc rsv hosp,2026-10-31,17,quantile,0.25,0
2026-10-10,3,wk inc rsv hosp,2026-10-31,17,quantile,0.3,0
2026-10-10,3,wk inc rsv hosp,2026-10-31,17,quantile,0.35,0
2026-10-10,3,wk inc rsv hosp,2026-10-31,17,quantile,0.4,1
2026-10-10,3,wk inc rsv hosp,2026-10-31,17,quantile,0.45,5
2026-10-10,3,wk inc rsv hosp,2026-10-31,17,quantile,0.5,8
2026-10-10,3,wk inc rsv hosp,2026-10-31,17,quantile,0.55,12
2026-10-10,3,wk inc rsv hosp,2026-10-31,17,quantile,0.6,17.345699456994566
2026-10-10,3,wk inc rsv hosp,2026-10-31,17,quantile,0.65,24.447637476374776
2026-10-10,3,wk inc rsv hosp,2026-10-31,17,quantile,0.7,32.52946629466291
2026-10-10,3,wk inc rsv hosp,2026-10-31,17,quantile,0.75,41.52961779617804
2026-10-10,3,wk inc rsv hosp,2026-10-31,17,quantile,0.8,53.75153351533518
2026-10-10,3,wk inc rsv hosp,2026-10-31,17,quantile,0.85,69.94529295292963
2026-10-10,3,wk inc rsv hosp,2026-10-31,17,quantile,0.9,90.57683576835784
2026-10-10,3,wk inc rsv hosp,2026-10-31,17,quantile,0.95,126.36461914619119
2026-10-10,3,wk inc rsv hosp,2026-10-31,17,quantile,0.975,169.16083485834878
2026-10-10,3,wk inc rsv hosp,2026-10-31,17,quantile,0.99,213.84099860998586
2026-10-10,3,wk inc rsv hosp,2026-10-31,18,quantile,0.01,0
2026-10-10,3,wk inc rsv hosp,2026-10-31,18,quantile,0.025,0
2026-10-10,3,wk inc rsv hosp,2026-10-31,18,quantile,0.05,0
2026-10-10,3,wk inc rsv hosp,2026-10-31,18,quantile,0.1,0
2026-10-10,3,wk inc rsv hosp,2026-10-31,18,quantile,0.15,0
2026-10-10,3,wk inc rsv hosp,2026-10-31,18,quantile,0.2,0
2026-10-10,3,wk inc rsv hosp,2026-10-31,18,quantile,0.25,0
2026-10-10,3,wk inc rsv hosp,2026-10-31,18,quantile,0.3,0
2026-10-10,3,wk inc rsv hosp,2026-10-31,18,quantile,0.35,0
2026-10-10,3,wk inc rsv hosp,2026-10-31,18,quantile,0.4,0
2026-10-10,3,wk inc rsv hosp,2026-10-31,18,quantile,0.45,0.3128231282312832
2026-10-10,3,wk inc rsv hosp,2026-10-31,18,quantile,0.5,2
2026-10-10,3,wk inc rsv hosp,2026-10-31,18,quantile,0.55,4.1329638296382925
2026-10-10,3,wk inc rsv hosp,2026-10-31,18,quantile,0.6,6.312823128231283
2026-10-10,3,wk inc rsv hosp,2026-10-31,18,quantile,0.65,9.426020260202607
2026-10-10,3,wk inc rsv hosp,2026-10-31,18,quantile,0.7,13.312823128231283
2026-10-10,3,wk inc rsv hosp,2026-10-31,18,quantile,0.75,18.07865328653293
2026-10-10,3,wk inc rsv hosp,2026-10-31,18,quantile,0.8,25.41481614816149
2026-10-10,3,wk inc rsv hosp,2026-10-31,18,quantile,0.85,34.94814398143975
2026-10-10,3,wk inc rsv hosp,2026-10-31,18,quantile,0.9,48.65084950849522
2026-10-10,3,wk inc rsv hosp,2026-10-31,18,quantile,0.95,71.04114091140902
2026-10-10,3,wk inc rsv hosp,2026-10-31,18,quantile,0.975,97.5220752207523
2026-10-10,3,wk inc rsv hosp,2026-10-31,18,quantile,0.99,115.39776207762115
2026-10-10,3,wk inc rsv hosp,2026-10-31,19,quantile,0.01,0
2026-10-10,3,wk inc rsv hosp,2026-10-31,19,quantile,0.025,0
2026-10-10,3,wk inc rsv hosp,2026-10-31,19,quantile,0.05,0
2026-10-10,3,wk inc rsv hosp,2026-10-31,19,quantile,0.1,0
2026-10-10,3,wk inc rsv hosp,2026-10-31,19,quantile,0.15,0
2026-10-10,3,wk inc rsv hosp,2026-10-31,19,quantile,0.2,0
2026-10-10,3,wk inc rsv hosp,2026-10-31,19,quantile,0.25,0
2026-10-10,3,wk inc rsv hosp,2026-10-31,19,quantile,0.3,0
2026-10-10,3,wk inc rsv hosp,2026-10-31,19,quantile,0.35,0
2026-10-10,3,wk inc rsv hosp,2026-10-31,19,quantile,0.4,0
2026-10-10,3,wk inc rsv hosp,2026-10-31,19,quantile,0.45,0
2026-10-10,3,wk inc rsv hosp,2026-10-31,19,quantile,0.5,0
2026-10-10,3,wk inc rsv hosp,2026-10-31,19,quantile,0.55,1.1966979669796824
2026-10-10,3,wk inc rsv hosp,2026-10-31,19,quantile,0.6,3
2026-10-10,3,wk inc rsv hosp,2026-10-31,19,quantile,0.65,5
2026-10-10,3,wk inc rsv hosp,2026-10-31,19,quantile,0.7,8.041247412474158
2026-10-10,3,wk inc rsv hosp,2026-10-31,19,quantile,0.75,12.014250142501425
2026-10-10,3,wk inc rsv hosp,2026-10-31,19,quantile,0.8,16.12579525795259
2026-10-10,3,wk inc rsv hosp,2026-10-31,19,quantile,0.85,22.336935869358662
2026-10-10,3,wk inc rsv hosp,2026-10-31,19,quantile,0.9,29.789561895618935
2026-10-10,3,wk inc rsv hosp,2026-10-31,19,quantile,0.95,55.80240002400014
2026-10-10,3,wk inc rsv hosp,2026-10-31,19,quantile,0.975,86.61356313563135
2026-10-10,3,wk inc rsv hosp,2026-10-31,19,quantile,0.99,101.76170971709723
2026-10-10,3,wk inc rsv hosp,2026-10-31,20,quantile,0.01,0
2026-10-10,3,wk inc rsv hosp,2026-10-31,20,quantile,0.025,0
2026-10-10,3,wk inc rsv hosp,2026-10-31,20,quantile,0.05,0
2026-10-10,3,wk inc rsv hosp,2026-10-31,20,quantile,0.1,0
2026-10-10,3,wk inc rsv hosp,2026-10-31,20,quantile,0.15,0
2026-10-10,3,wk inc rsv hosp,2026-10-31,20,quantile,0.2,0
2026-10-10,3,wk inc rsv hosp,2026-10-31,20,quantile,0.25,0
2026-10-10,3,wk inc rsv hosp,2026-10-31,20,quantile,0.3,0
2026-10-10,3,wk inc rsv hosp,2026-10-31,20,quantile,0.35,0
2026-10-10,3,wk inc rsv hosp,2026-10-31,20,quantile,0.4,0
2026-10-10,3,wk inc rsv hosp,2026-10-31,20,quantile,0.45,0
2026-10-10,3,wk inc rsv hosp,2026-10-31,20,quantile,0.5,0
2026-10-10,3,wk inc rsv hosp,2026-10-31,20,quantile,0.55,1.1956219562195842
2026-10-10,3,wk inc rsv hosp,2026-10-31,20,quantile,0.6,3
2026-10-10,3,wk inc rsv hosp,2026-10-31,20,quantile,0.65,4.535743857438586
2026-10-10,3,wk inc rsv hosp,2026-10-31,20,quantile,0.7,6.478982789827889
2026-10-10,3,wk inc rsv hosp,2026-10-31,20,quantile,0.75,9
2026-10-10,3,wk inc rsv hosp,2026-10-31,20,quantile,0.8,12
2026-10-10,3,wk inc rsv hosp,2026-10-31,20,quantile,0.85,17
2026-10-10,3,wk inc rsv hosp,2026-10-31,20,quantile,0.9,25.122535225352337
2026-10-10,3,wk inc rsv hosp,2026-10-31,20,quantile,0.95,35.453969039690364
2026-10-10,3,wk inc rsv hosp,2026-10-31,20,quantile,0.975,43.648436984369916
2026-10-10,3,wk inc rsv hosp,2026-10-31,20,quantile,0.99,52.402037520375345
2026-10-10,3,wk inc rsv hosp,2026-10-31,21,quantile,0.01,0
2026-10-10,3,wk inc rsv hosp,2026-10-31,21,quantile,0.025,0
2026-10-10,3,wk inc rsv hosp,2026-10-31,21,quantile,0.05,0
2026-10-10,3,wk inc rsv hosp,2026-10-31,21,quantile,0.1,0
2026-10-10,3,wk inc rsv hosp,2026-10-31,21,quantile,0.15,0
2026-10-10,3,wk inc rsv hosp,2026-10-31,21,quantile,0.2,0
2026-10-10,3,wk inc rsv hosp,2026-10-31,21,quantile,0.25,0
2026-10-10,3,wk inc rsv hosp,2026-10-31,21,quantile,0.3,0.09000090000899874
2026-10-10,3,wk inc rsv hosp,2026-10-31,21,quantile,0.35,2.3072675726757086
2026-10-10,3,wk inc rsv hosp,2026-10-31,21,quantile,0.4,5.090000900008999
2026-10-10,3,wk inc rsv hosp,2026-10-31,21,quantile,0.45,7.090000900008999
2026-10-10,3,wk inc rsv hosp,2026-10-31,21,quantile,0.5,9
2026-10-10,3,wk inc rsv hosp,2026-10-31,21,quantile,0.55,10.605166051660515
2026-10-10,3,wk inc rsv hosp,2026-10-31,21,quantile,0.6,13.090000900008999
2026-10-10,3,wk inc rsv hosp,2026-10-31,21,quantile,0.65,15.722622726227291
2026-10-10,3,wk inc rsv hosp,2026-10-31,21,quantile,0.7,19.090000900009
2026-10-10,3,wk inc rsv hosp,2026-10-31,21,quantile,0.75,22.721107211072106
2026-10-10,3,wk inc rsv hosp,2026-10-31,21,quantile,0.8,27.090000900009
2026-10-10,3,wk inc rsv hosp,2026-10-31,21,quantile,0.85,33.090000900009
2026-10-10,3,wk inc rsv hosp,2026-10-31,21,quantile,0.9,41.650708507085355
2026-10-10,3,wk inc rsv hosp,2026-10-31,21,quantile,0.95,57.93155981559795
2026-10-10,3,wk inc rsv hosp,2026-10-31,21,quantile,0.975,86.60825883258823
2026-10-10,3,wk inc rsv hosp,2026-10-31,21,quantile,0.99,132.08150061500584
2026-10-10,3,wk inc rsv hosp,2026-10-31,22,quantile,0.01,0
2026-10-10,3,wk inc rsv hosp,2026-10-31,22,quantile,0.025,0
2026-10-10,3,wk inc rsv hosp,2026-10-31,22,quantile,0.05,0
2026-10-10,3,wk inc rsv hosp,2026-10-31,22,quantile,0.1,0
2026-10-10,3,wk inc rsv hosp,2026-10-31,22,quantile,0.15,0
2026-10-10,3,wk inc rsv hosp,2026-10-31,22,quantile,0.2,0
2026-10-10,3,wk inc rsv hosp,2026-10-31,22,quantile,0.25,0
2026-10-10,3,wk inc rsv hosp,2026-10-31,22,quantile,0.3,0.4479694796948053
2026-10-10,3,wk inc rsv hosp,2026-10-31,22,quantile,0.35,3.4479694796948053
2026-10-10,3,wk inc rsv hosp,2026-10-31,22,quantile,0.4,5.7469504695046645
2026-10-10,3,wk inc rsv hosp,2026-10-31,22,quantile,0.45,8.447969479694805
2026-10-10,3,wk inc rsv hosp,2026-10-31,22,quantile,0.5,10
2026-10-10,3,wk inc rsv hosp,2026-10-31,22,quantile,0.55,12.303307533075326
2026-10-10,3,wk inc rsv hosp,2026-10-31,22,quantile,0.6,14.447969479694805
2026-10-10,3,wk inc rsv hosp,2026-10-31,22,quantile,0.65,17.447969479694805
2026-10-10,3,wk inc rsv hosp,2026-10-31,22,quantile,0.7,21.052009520095204
2026-10-10,3,wk inc rsv hosp,2026-10-31,22,quantile,0.75,25.447969479694805
2026-10-10,3,wk inc rsv hosp,2026-10-31,22,quantile,0.8,30.447969479694805
2026-10-10,3,wk inc rsv hosp,2026-10-31,22,quantile,0.85,37.8077300773008
2026-10-10,3,wk inc rsv hosp,2026-10-31,22,quantile,0.9,51.225783257832624
2026-10-10,3,wk inc rsv hosp,2026-10-31,22,quantile,0.95,73.5951924519244
2026-10-10,3,wk inc rsv hosp,2026-10-31,22,quantile,0.975,87.44889248892467
2026-10-10,3,wk inc rsv hosp,2026-10-31,22,quantile,0.99,102.92811918119156
2026-10-10,3,wk inc rsv hosp,2026-10-31,23,quantile,0.01,0
2026-10-10,3,wk inc rsv hosp,2026-10-31,23,quantile,0.025,0
2026-10-10,3,wk inc rsv hosp,2026-10-31,23,quantile,0.05,0
2026-10-10,3,wk inc rsv hosp,2026-10-31,23,quantile,0.1,0
2026-10-10,3,wk inc rsv hosp,2026-10-31,23,quantile,0.15,0
2026-10-10,3,wk inc rsv hosp,2026-10-31,23,quantile,0.2,0
2026-10-10,3,wk inc rsv hosp,2026-10-31,23,quantile,0.25,0
2026-10-10,3,wk inc rsv hosp,2026-10-31,23,quantile,0.3,0
2026-10-10,3,wk inc rsv hosp,2026-10-31,23,quantile,0.35,0
2026-10-10,3,wk inc rsv hosp,2026-10-31,23,quantile,0.4,0
2026-10-10,3,wk inc rsv hosp,2026-10-31,23,quantile,0.45,0
2026-10-10,3,wk inc rsv hosp,2026-10-31,23,quantile,0.5,0
2026-10-10,3,wk inc rsv hosp,2026-10-31,23,quantile,0.55,0
2026-10-10,3,wk inc rsv hosp,2026-10-31,23,quantile,0.6,1
2026-10-10,3,wk inc rsv hosp,2026-10-31,23,quantile,0.65,2
2026-10-10,3,wk inc rsv hosp,2026-10-31,23,quantile,0.7,2.477105771057703
2026-10-10,3,wk inc rsv hosp,2026-10-31,23,quantile,0.75,3.07024320243203
2026-10-10,3,wk inc rsv hosp,2026-10-31,23,quantile,0.8,4.538987389873941
2026-10-10,3,wk inc rsv hosp,2026-10-31,23,quantile,0.85,6
2026-10-10,3,wk inc rsv hosp,2026-10-31,23,quantile,0.9,7.20149901499016
2026-10-10,3,wk inc rsv hosp,2026-10-31,23,quantile,0.95,10
2026-10-10,3,wk inc rsv hosp,2026-10-31,23,quantile,0.975,12.326099510995112
2026-10-10,3,wk inc rsv hosp,2026-10-31,23,quantile,0.99,15.20435794357935
2026-10-10,3,wk inc rsv hosp,2026-10-31,24,quantile,0.01,0
2026-10-10,3,wk inc rsv hosp,2026-10-31,24,quantile,0.025,0
2026-10-10,3,wk inc rsv hosp,2026-10-31,24,quantile,0.05,0
2026-10-10,3,wk inc rsv hosp,2026-10-31,24,quantile,0.1,0
2026-10-10,3,wk inc rsv hosp,2026-10-31,24,quantile,0.15,0
2026-10-10,3,wk inc rsv hosp,2026-10-31,24,quantile,0.2,0
2026-10-10,3,wk inc rsv hosp,2026-10-31,24,quantile,0.25,0
2026-10-10,3,wk inc rsv hosp,2026-10-31,24,quantile,0.3,0
2026-10-10,3,wk inc rsv hosp,2026-10-31,24,quantile,0.35,0
2026-10-10,3,wk inc rsv hosp,2026-10-31,24,quantile,0.4,0
2026-10-10,3,wk inc rsv hosp,2026-10-31,24,quantile,0.45,0.4199891998919778
2026-10-10,3,wk inc rsv hosp,2026-10-31,24,quantile,0.5,2
2026-10-10,3,wk inc rsv hosp,2026-10-31,24,quantile,0.55,4.10659256592567
2026-10-10,3,wk inc rsv hosp,2026-10-31,24,quantile,0.6,6.419989199891978
2026-10-10,3,wk inc rsv hosp,2026-10-31,24,quantile,0.65,9.278318783187807
2026-10-10,3,wk inc rsv hosp,2026-10-31,24,quantile,0.7,12.419989199891978
2026-10-10,3,wk inc rsv hosp,2026-10-31,24,quantile,0.75,17.00381003810036
2026-10-10,3,wk inc rsv hosp,2026-10-31,24,quantile,0.8,22.94401644016441
2026-10-10,3,wk inc rsv hosp,2026-10-31,24,quantile,0.85,31.681395313953058
2026-10-10,3,wk inc rsv hosp,2026-10-31,24,quantile,0.9,44.92750727507274
2026-10-10,3,wk inc rsv hosp,2026-10-31,24,quantile,0.95,61.03704887048862
2026-10-10,3,wk inc rsv hosp,2026-10-31,24,quantile,0.975,77.82737902378973
2026-10-10,3,wk inc rsv hosp,2026-10-31,24,quantile,0.99,99.68126301263023
2026-10-10,3,wk inc rsv hosp,2026-10-31,25,quantile,0.01,0
2026-10-10,3,wk inc rsv hosp,2026-10-31,25,quantile,0.025,0
2026-10-10,3,wk inc rsv hosp,2026-10-31,25,quantile,0.05,0
2026-10-10,3,wk inc rsv hosp,2026-10-31,25,quantile,0.1,0
2026-10-10,3,wk inc rsv hosp,2026-10-31,25,quantile,0.15,0
2026-10-10,3,wk inc rsv hosp,2026-10-31,25,quantile,0.2,0
2026-10-10,3,wk inc rsv hosp,2026-10-31,25,quantile,0.25,0
2026-10-10,3,wk inc rsv hosp,2026-10-31,25,quantile,0.3,0
2026-10-10,3,wk inc rsv hosp,2026-10-31,25,quantile,0.35,0
2026-10-10,3,wk inc rsv hosp,2026-10-31,25,quantile,0.4,0
2026-10-10,3,wk inc rsv hosp,2026-10-31,25,quantile,0.45,0
2026-10-10,3,wk inc rsv hosp,2026-10-31,25,quantile,0.5,2
2026-10-10,3,wk inc rsv hosp,2026-10-31,25,quantile,0.55,6.945838458384566
2026-10-10,3,wk inc rsv hosp,2026-10-31,25,quantile,0.6,12
2026-10-10,3,wk inc rsv hosp,2026-10-31,25,quantile,0.65,17.984440344403442
2026-10-10,3,wk inc rsv hosp,2026-10-31,25,quantile,0.7,24.4462484624846
2026-10-10,3,wk inc rsv hosp,2026-10-31,25,quantile,0.75,32.90272652726532
2026-10-10,3,wk inc rsv hosp,2026-10-31,25,quantile,0.8,43.96178761787618
2026-10-10,3,wk inc rsv hosp,2026-10-31,25,quantile,0.85,58.570090200902
2026-10-10,3,wk inc rsv hosp,2026-10-31,25,quantile,0.9,80.25424354243543
2026-10-10,3,wk inc rsv hosp,2026-10-31,25,quantile,0.95,113.12935629356225
2026-10-10,3,wk inc rsv hosp,2026-10-31,25,quantile,0.975,155.40147601476
2026-10-10,3,wk inc rsv hosp,2026-10-31,25,quantile,0.99,215.47084050840658
2026-10-10,3,wk inc rsv hosp,2026-10-31,26,quantile,0.01,0
2026-10-10,3,wk inc rsv hosp,2026-10-31,26,quantile,0.025,0
2026-10-10,3,wk inc rsv hosp,2026-10-31,26,quantile,0.05,0
2026-10-10,3,wk inc rsv hosp,2026-10-31,26,quantile,0.1,0
2026-10-10,3,wk inc rsv hosp,2026-10-31,26,quantile,0.15,0
2026-10-10,3,wk inc rsv hosp,2026-10-31,26,quantile,0.2,0
2026-10-10,3,wk inc rsv hosp,2026-10-31,26,quantile,0.25,0
2026-10-10,3,wk inc rsv hosp,2026-10-31,26,quantile,0.3,0
2026-10-10,3,wk inc rsv hosp,2026-10-31,26,quantile,0.35,0
2026-10-10,3,wk inc rsv hosp,2026-10-31,26,quantile,0.4,0.13760137601376599
2026-10-10,3,wk inc rsv hosp,2026-10-31,26,quantile,0.45,3.137601376013766
2026-10-10,3,wk inc rsv hosp,2026-10-31,26,quantile,0.5,6
2026-10-10,3,wk inc rsv hosp,2026-10-31,26,quantile,0.55,9.496883468834724
2026-10-10,3,wk inc rsv hosp,2026-10-31,26,quantile,0.6,15.161055610556124
2026-10-10,3,wk inc rsv hosp,2026-10-31,26,quantile,0.65,21.690810408104092
2026-10-10,3,wk inc rsv hosp,2026-10-31,26,quantile,0.7,29.781083810838034
2026-10-10,3,wk inc rsv hosp,2026-10-31,26,quantile,0.75,39.02209522095235
2026-10-10,3,wk inc rsv hosp,2026-10-31,26,quantile,0.8,48.04726047260479
2026-10-10,3,wk inc rsv hosp,2026-10-31,26,quantile,0.85,62.73431634316344
2026-10-10,3,wk inc rsv hosp,2026-10-31,26,quantile,0.9,80.13760137601376
2026-10-10,3,wk inc rsv hosp,2026-10-31,26,quantile,0.95,107.74600096000935
2026-10-10,3,wk inc rsv hosp,2026-10-31,26,quantile,0.975,141.38711937119314
2026-10-10,3,wk inc rsv hosp,2026-10-31,26,quantile,0.99,193.07348013480262
2026-10-10,3,wk inc rsv hosp,2026-10-31,27,quantile,0.01,0
2026-10-10,3,wk inc rsv hosp,2026-10-31,27,quantile,0.025,0
2026-10-10,3,wk inc rsv hosp,2026-10-31,27,quantile,0.05,0
2026-10-10,3,wk inc rsv hosp,2026-10-31,27,quantile,0.1,0
2026-10-10,3,wk inc rsv hosp,2026-10-31,27,quantile,0.15,0
2026-10-10,3,wk inc rsv hosp,2026-10-31,27,quantile,0.2,0
2026-10-10,3,wk inc rsv hosp,2026-10-31,27,quantile,0.25,0
2026-10-10,3,wk inc rsv hosp,2026-10-31,27,quantile,0.3,0
2026-10-10,3,wk inc rsv hosp,2026-10-31,27,quantile,0.35,0
2026-10-10,3,wk inc rsv hosp,2026-10-31,27,quantile,0.4,0
2026-10-10,3,wk inc rsv hosp,2026-10-31,27,quantile,0.45,0
2026-10-10,3,wk inc rsv hosp,2026-10-31,27,quantile,0.5,1
2026-10-10,3,wk inc rsv hosp,2026-10-31,27,quantile,0.55,4.060570605706054
2026-10-10,3,wk inc rsv hosp,2026-10-31,27,quantile,0.6,7.423220232202311
2026-10-10,3,wk inc rsv hosp,2026-10-31,27,quantile,0.65,11.060570605706054
2026-10-10,3,wk inc rsv hosp,2026-10-31,27,quantile,0.7,15.060570605706054
2026-10-10,3,wk inc rsv hosp,2026-10-31,27,quantile,0.75,19.68769687696876
2026-10-10,3,wk inc rsv hosp,2026-10-31,27,quantile,0.8,24.858680586805878
2026-10-10,3,wk inc rsv hosp,2026-10-31,27,quantile,0.85,31.060570605706054
2026-10-10,3,wk inc rsv hosp,2026-10-31,27,quantile,0.9,39.957825578255765
2026-10-10,3,wk inc rsv hosp,2026-10-31,27,quantile,0.95,54.8747502475026
2026-10-10,3,wk inc rsv hosp,2026-10-31,27,quantile,0.975,69.61357663576634
2026-10-10,3,wk inc rsv hosp,2026-10-31,27,quantile,0.99,86.66054090540882
2026-10-10,3,wk inc rsv hosp,2026-10-31,28,quantile,0.01,0
2026-10-10,3,wk inc rsv hosp,2026-10-31,28,quantile,0.025,0
2026-10-10,3,wk inc rsv hosp,2026-10-31,28,quantile,0.05,0
2026-10-10,3,wk inc rsv hosp,2026-10-31,28,quantile,0.1,0
2026-10-10,3,wk inc rsv hosp,2026-10-31,28,quantile,0.15,0
2026-10-10,3,wk inc rsv hosp,2026-10-31,28,quantile,0.2,0
2026-10-10,3,wk inc rsv hosp,2026-10-31,28,quantile,0.25,0
2026-10-10,3,wk inc rsv hosp,2026-10-31,28,quantile,0.3,0
2026-10-10,3,wk inc rsv hosp,2026-10-31,28,quantile,0.35,0.7071370713707168
2026-10-10,3,wk inc rsv hosp,2026-10-31,28,quantile,0.4,1.7071370713707168
2026-10-10,3,wk inc rsv hosp,2026-10-31,28,quantile,0.45,2.750025000250024
2026-10-10,3,wk inc rsv hosp,2026-10-31,28,quantile,0.5,4
2026-10-10,3,wk inc rsv hosp,2026-10-31,28,quantile,0.55,5.707137071370717
2026-10-10,3,wk inc rsv hosp,2026-10-31,28,quantile,0.6,6.707137071370717
2026-10-10,3,wk inc rsv hosp,2026-10-31,28,quantile,0.65,8.618029680296827
2026-10-10,3,wk inc rsv hosp,2026-10-31,28,quantile,0.7,10.268916689166883
2026-10-10,3,wk inc rsv hosp,2026-10-31,28,quantile,0.75,12.637366373663731
2026-10-10,3,wk inc rsv hosp,2026-10-31,28,quantile,0.8,15.095554955549558
2026-10-10,3,wk inc rsv hosp,2026-10-31,28,quantile,0.85,18.707137071370717
2026-10-10,3,wk inc rsv hosp,2026-10-31,28,quantile,0.9,22.707137071370717
2026-10-10,3,wk inc rsv hosp,2026-10-31,28,quantile,0.95,29.7066660666607
2026-10-10,3,wk inc rsv hosp,2026-10-31,28,quantile,0.975,35.56535715357143
2026-10-10,3,wk inc rsv hosp,2026-10-31,28,quantile,0.99,42.61859968599681
2026-10-10,3,wk inc rsv hosp,2026-10-31,29,quantile,0.01,0
2026-10-10,3,wk inc rsv hosp,2026-10-31,29,quantile,0.025,0
2026-10-10,3,wk inc rsv hosp,2026-10-31,29,quantile,0.05,0
2026-10-10,3,wk inc rsv hosp,2026-10-31,29,quantile,0.1,0
2026-10-10,3,wk inc rsv hosp,2026-10-31,29,quantile,0.15,0
2026-10-10,3,wk inc rsv hosp,2026-10-31,29,quantile,0.2,0
2026-10-10,3,wk inc rsv hosp,2026-10-31,29,quantile,0.25,0
2026-10-10,3,wk inc rsv hosp,2026-10-31,29,quantile,0.3,0
2026-10-10,3,wk inc rsv hosp,2026-10-31,29,quantile,0.35,1.6148476484764656
2026-10-10,3,wk inc rsv hosp,2026-10-31,29,quantile,0.4,4
2026-10-10,3,wk inc rsv hosp,2026-10-31,29,quantile,0.45,6
2026-10-10,3,wk inc rsv hosp,2026-10-31,29,quantile,0.5,8
2026-10-10,3,wk inc rsv hosp,2026-10-31,29,quantile,0.55,9.9759837598376
2026-10-10,3,wk inc rsv hosp,2026-10-31,29,quantile,0.6,12
2026-10-10,3,wk inc rsv hosp,2026-10-31,29,quantile,0.65,15.379875798758002
2026-10-10,3,wk inc rsv hosp,2026-10-31,29,quantile,0.7,20
2026-10-10,3,wk inc rsv hosp,2026-10-31,29,quantile,0.75,25.394286442864455
2026-10-10,3,wk inc rsv hosp,2026-10-31,29,quantile,0.8,31.592271922719224
2026-10-10,3,wk inc rsv hosp,2026-10-31,29,quantile,0.85,39.19642496424963
2026-10-10,3,wk inc rsv hosp,2026-10-31,29,quantile,0.9,49.27384373843741
2026-10-10,3,wk inc rsv hosp,2026-10-31,29,quantile,0.95,68.09706397063957
2026-10-10,3,wk inc rsv hosp,2026-10-31,29,quantile,0.975,83.69527470274728
2026-10-10,3,wk inc rsv hosp,2026-10-31,29,quantile,0.99,99.54769537695353
2026-10-10,3,wk inc rsv hosp,2026-10-31,30,quantile,0.01,0
2026-10-10,3,wk inc rsv hosp,2026-10-31,30,quantile,0.025,0
2026-10-10,3,wk inc rsv hosp,2026-10-31,30,quantile,0.05,0
2026-10-10,3,wk inc rsv hosp,2026-10-31,30,quantile,0.1,0
2026-10-10,3,wk inc rsv hosp,2026-10-31,30,quantile,0.15,0
2026-10-10,3,wk inc rsv hosp,2026-10-31,30,quantile,0.2,0
2026-10-10,3,wk inc rsv hosp,2026-10-31,30,quantile,0.25,0
2026-10-10,3,wk inc rsv hosp,2026-10-31,30,quantile,0.3,0
2026-10-10,3,wk inc rsv hosp,2026-10-31,30,quantile,0.35,0
2026-10-10,3,wk inc rsv hosp,2026-10-31,30,quantile,0.4,0
2026-10-10,3,wk inc rsv hosp,2026-10-31,30,quantile,0.45,0
2026-10-10,3,wk inc rsv hosp,2026-10-31,30,quantile,0.5,0
2026-10-10,3,wk inc rsv hosp,2026-10-31,30,quantile,0.55,1
2026-10-10,3,wk inc rsv hosp,2026-10-31,30,quantile,0.6,2
2026-10-10,3,wk inc rsv hosp,2026-10-31,30,quantile,0.65,3
2026-10-10,3,wk inc rsv hosp,2026-10-31,30,quantile,0.7,4
2026-10-10,3,wk inc rsv hosp,2026-10-31,30,quantile,0.75,6
2026-10-10,3,wk inc rsv hosp,2026-10-31,30,quantile,0.8,8.100205002050046
2026-10-10,3,wk inc rsv hosp,2026-10-31,30,quantile,0.85,11
2026-10-10,3,wk inc rsv hosp,2026-10-31,30,quantile,0.9,14.669967699677013
2026-10-10,3,wk inc rsv hosp,2026-10-31,30,quantile,0.95,20.55681906819069
2026-10-10,3,wk inc rsv hosp,2026-10-31,30,quantile,0.975,27.186988119881118
2026-10-10,3,wk inc rsv hosp,2026-10-31,30,quantile,0.99,33.676718867188875
2026-10-10,3,wk inc rsv hosp,2026-10-31,31,quantile,0.01,0
2026-10-10,3,wk inc rsv hosp,2026-10-31,31,quantile,0.025,0
2026-10-10,3,wk inc rsv hosp,2026-10-31,31,quantile,0.05,0
2026-10-10,3,wk inc rsv hosp,2026-10-31,31,quantile,0.1,0
2026-10-10,3,wk inc rsv hosp,2026-10-31,31,quantile,0.15,0
2026-10-10,3,wk inc rsv hosp,2026-10-31,31,quantile,0.2,0
2026-10-10,3,wk inc rsv hosp,2026-10-31,31,quantile,0.25,0
2026-10-10,3,wk inc rsv hosp,2026-10-31,31,quantile,0.3,0
2026-10-10,3,wk inc rsv hosp,2026-10-31,31,quantile,0.35,0
2026-10-10,3,wk inc rsv hosp,2026-10-31,31,quantile,0.4,0
2026-10-10,3,wk inc rsv hosp,2026-10-31,31,quantile,0.45,0
2026-10-10,3,wk inc rsv hosp,2026-10-31,31,quantile,0.5,0
2026-10-10,3,wk inc rsv hosp,2026-10-31,31,quantile,0.55,1
2026-10-10,3,wk inc rsv hosp,2026-10-31,31,quantile,0.6,2
2026-10-10,3,wk inc rsv hosp,2026-10-31,31,quantile,0.65,3
2026-10-10,3,wk inc rsv hosp,2026-10-31,31,quantile,0.7,4.2312223122231165
2026-10-10,3,wk inc rsv hosp,2026-10-31,31,quantile,0.75,6.143673936739264
2026-10-10,3,wk inc rsv hosp,2026-10-31,31,quantile,0.8,9
2026-10-10,3,wk inc rsv hosp,2026-10-31,31,quantile,0.85,12
2026-10-10,3,wk inc rsv hosp,2026-10-31,31,quantile,0.9,16.736487364873863
2026-10-10,3,wk inc rsv hosp,2026-10-31,31,quantile,0.95,24.1054425544255
2026-10-10,3,wk inc rsv hosp,2026-10-31,31,quantile,0.975,31.433019080190775
2026-10-10,3,wk inc rsv hosp,2026-10-31,31,quantile,0.99,37.383291932919185
2026-10-10,3,wk inc rsv hosp,2026-10-31,32,quantile,0.01,0
2026-10-10,3,wk inc rsv hosp,2026-10-31,32,quantile,0.025,0
2026-10-10,3,wk inc rsv hosp,2026-10-31,32,quantile,0.05,0
2026-10-10,3,wk inc rsv hosp,2026-10-31,32,quantile,0.1,0
2026-10-10,3,wk inc rsv hosp,2026-10-31,32,quantile,0.15,0
2026-10-10,3,wk inc rsv hosp,2026-10-31,32,quantile,0.2,0
2026-10-10,3,wk inc rsv hosp,2026-10-31,32,quantile,0.25,0
2026-10-10,3,wk inc rsv hosp,2026-10-31,32,quantile,0.3,0
2026-10-10,3,wk inc rsv hosp,2026-10-31,32,quantile,0.35,0
2026-10-10,3,wk inc rsv hosp,2026-10-31,32,quantile,0.4,0
2026-10-10,3,wk inc rsv hosp,2026-10-31,32,quantile,0.45,0
2026-10-10,3,wk inc rsv hosp,2026-10-31,32,quantile,0.5,0
2026-10-10,3,wk inc rsv hosp,2026-10-31,32,quantile,0.55,1.725038250382491
2026-10-10,3,wk inc rsv hosp,2026-10-31,32,quantile,0.6,3.50837908379082
2026-10-10,3,wk inc rsv hosp,2026-10-31,32,quantile,0.65,5.741490414904176
2026-10-10,3,wk inc rsv hosp,2026-10-31,32,quantile,0.7,8
2026-10-10,3,wk inc rsv hosp,2026-10-31,32,quantile,0.75,11
2026-10-10,3,wk inc rsv hosp,2026-10-31,32,quantile,0.8,14.633174331743325
2026-10-10,3,wk inc rsv hosp,2026-10-31,32,quantile,0.85,19.740680406804053
2026-10-10,3,wk inc rsv hosp,2026-10-31,32,quantile,0.9,26.379569795697957
2026-10-10,3,wk inc rsv hosp,2026-10-31,32,quantile,0.95,37.49631896318963
2026-10-10,3,wk inc rsv hosp,2026-10-31,32,quantile,0.975,48.38575960759606
2026-10-10,3,wk inc rsv hosp,2026-10-31,32,quantile,0.99,59.236197461974626
2026-10-10,3,wk inc rsv hosp,2026-10-31,33,quantile,0.01,0
2026-10-10,3,wk inc rsv hosp,2026-10-31,33,quantile,0.025,0
2026-10-10,3,wk inc rsv hosp,2026-10-31,33,quantile,0.05,0
2026-10-10,3,wk inc rsv hosp,2026-10-31,33,quantile,0.1,0
2026-10-10,3,wk inc rsv hosp,2026-10-31,33,quantile,0.15,0
2026-10-10,3,wk inc rsv hosp,2026-10-31,33,quantile,0.2,0
2026-10-10,3,wk inc rsv hosp,2026-10-31,33,quantile,0.25,0
2026-10-10,3,wk inc rsv hosp,2026-10-31,33,quantile,0.3,0
2026-10-10,3,wk inc rsv hosp,2026-10-31,33,quantile,0.35,0
2026-10-10,3,wk inc rsv hosp,2026-10-31,33,quantile,0.4,0
2026-10-10,3,wk inc rsv hosp,2026-10-31,33,quantile,0.45,0
2026-10-10,3,wk inc rsv hosp,2026-10-31,33,quantile,0.5,1
2026-10-10,3,wk inc rsv hosp,2026-10-31,33,quantile,0.55,1.4352643526435247
2026-10-10,3,wk inc rsv hosp,2026-10-31,33,quantile,0.6,2.0939569395693822
2026-10-10,3,wk inc rsv hosp,2026-10-31,33,quantile,0.65,3.4926234262342692
2026-10-10,3,wk inc rsv hosp,2026-10-31,33,quantile,0.7,5
2026-10-10,3,wk inc rsv hosp,2026-10-31,33,quantile,0.75,6.942801928019293
2026-10-10,3,wk inc rsv hosp,2026-10-31,33,quantile,0.8,9
2026-10-10,3,wk inc rsv hosp,2026-10-31,33,quantile,0.85,11
2026-10-10,3,wk inc rsv hosp,2026-10-31,33,quantile,0.9,13.943385433854345
2026-10-10,3,wk inc rsv hosp,2026-10-31,33,quantile,0.95,18
2026-10-10,3,wk inc rsv hosp,2026-10-31,33,quantile,0.975,22.2041327913279
2026-10-10,3,wk inc rsv hosp,2026-10-31,33,quantile,0.99,27
2026-10-10,3,wk inc rsv hosp,2026-10-31,34,quantile,0.01,0
2026-10-10,3,wk inc rsv hosp,2026-10-31,34,quantile,0.025,0
2026-10-10,3,wk inc rsv hosp,2026-10-31,34,quantile,0.05,0
2026-10-10,3,wk inc rsv hosp,2026-10-31,34,quantile,0.1,0
2026-10-10,3,wk inc rsv hosp,2026-10-31,34,quantile,0.15,0
2026-10-10,3,wk inc rsv hosp,2026-10-31,34,quantile,0.2,0
2026-10-10,3,wk inc rsv hosp,2026-10-31,34,quantile,0.25,0
2026-10-10,3,wk inc rsv hosp,2026-10-31,34,quantile,0.3,0
2026-10-10,3,wk inc rsv hosp,2026-10-31,34,quantile,0.35,0
2026-10-10,3,wk inc rsv hosp,2026-10-31,34,quantile,0.4,2.6550265502655095
2026-10-10,3,wk inc rsv hosp,2026-10-31,34,quantile,0.45,7.924545745457468
2026-10-10,3,wk inc rsv hosp,2026-10-31,34,quantile,0.5,13
2026-10-10,3,wk inc rsv hosp,2026-10-31,34,quantile,0.55,18.507052070520707
2026-10-10,3,wk inc rsv hosp,2026-10-31,34,quantile,0.6,24.62750827508275
2026-10-10,3,wk inc rsv hosp,2026-10-31,34,quantile,0.65,32
2026-10-10,3,wk inc rsv hosp,2026-10-31,34,quantile,0.7,40.44613546135463
2026-10-10,3,wk inc rsv hosp,2026-10-31,34,quantile,0.75,50.76379763797639
2026-10-10,3,wk inc rsv hosp,2026-10-31,34,quantile,0.8,62.85344653446521
2026-10-10,3,wk inc rsv hosp,2026-10-31,34,quantile,0.85,78.83519185191862
2026-10-10,3,wk inc rsv hosp,2026-10-31,34,quantile,0.9,100.49713697136976
2026-10-10,3,wk inc rsv hosp,2026-10-31,34,quantile,0.95,129.6120221202211
2026-10-10,3,wk inc rsv hosp,2026-10-31,34,quantile,0.975,153.43897538975384
2026-10-10,3,wk inc rsv hosp,2026-10-31,34,quantile,0.99,185.5531260312605
2026-10-10,3,wk inc rsv hosp,2026-10-31,35,quantile,0.01,0
2026-10-10,3,wk inc rsv hosp,2026-10-31,35,quantile,0.025,0
2026-10-10,3,wk inc rsv hosp,2026-10-31,35,quantile,0.05,0
2026-10-10,3,wk inc rsv hosp,2026-10-31,35,quantile,0.1,0
2026-10-10,3,wk inc rsv hosp,2026-10-31,35,quantile,0.15,0
2026-10-10,3,wk inc rsv hosp,2026-10-31,35,quantile,0.2,0
2026-10-10,3,wk inc rsv hosp,2026-10-31,35,quantile,0.25,0
2026-10-10,3,wk inc rsv hosp,2026-10-31,35,quantile,0.3,0
2026-10-10,3,wk inc rsv hosp,2026-10-31,35,quantile,0.35,0
2026-10-10,3,wk inc rsv hosp,2026-10-31,35,quantile,0.4,0
2026-10-10,3,wk inc rsv hosp,2026-10-31,35,quantile,0.45,1
2026-10-10,3,wk inc rsv hosp,2026-10-31,35,quantile,0.5,2
2026-10-10,3,wk inc rsv hosp,2026-10-31,35,quantile,0.55,3
2026-10-10,3,wk inc rsv hosp,2026-10-31,35,quantile,0.6,4.619726197261978
2026-10-10,3,wk inc rsv hosp,2026-10-31,35,quantile,0.65,6.1794317943179635
2026-10-10,3,wk inc rsv hosp,2026-10-31,35,quantile,0.7,9
2026-10-10,3,wk inc rsv hosp,2026-10-31,35,quantile,0.75,12.205187051870539
2026-10-10,3,wk inc rsv hosp,2026-10-31,35,quantile,0.8,16.504065040650417
2026-10-10,3,wk inc rsv hosp,2026-10-31,35,quantile,0.85,22.425660756607535
2026-10-10,3,wk inc rsv hosp,2026-10-31,35,quantile,0.9,28.918039180391816
2026-10-10,3,wk inc rsv hosp,2026-10-31,35,quantile,0.95,38.71296162961625
2026-10-10,3,wk inc rsv hosp,2026-10-31,35,quantile,0.975,51.82057920579205
2026-10-10,3,wk inc rsv hosp,2026-10-31,35,quantile,0.99,68.26866038660394
2026-10-10,3,wk inc rsv hosp,2026-10-31,36,quantile,0.01,0
2026-10-10,3,wk inc rsv hosp,2026-10-31,36,quantile,0.025,0
2026-10-10,3,wk inc rsv hosp,2026-10-31,36,quantile,0.05,0
2026-10-10,3,wk inc rsv hosp,2026-10-31,36,quantile,0.1,0
2026-10-10,3,wk inc rsv hosp,2026-10-31,36,quantile,0.15,0
2026-10-10,3,wk inc rsv hosp,2026-10-31,36,quantile,0.2,0
2026-10-10,3,wk inc rsv hosp,2026-10-31,36,quantile,0.25,0
2026-10-10,3,wk inc rsv hosp,2026-10-31,36,quantile,0.3,0
2026-10-10,3,wk inc rsv hosp,2026-10-31,36,quantile,0.35,9.30355453554533
2026-10-10,3,wk inc rsv hosp,2026-10-31,36,quantile,0.4,17.884558845588458
2026-10-10,3,wk inc rsv hosp,2026-10-31,36,quantile,0.45,25.34629696296964
2026-10-10,3,wk inc rsv hosp,2026-10-31,36,quantile,0.5,32
2026-10-10,3,wk inc rsv hosp,2026-10-31,36,quantile,0.55,39.48408434084345
2026-10-10,3,wk inc rsv hosp,2026-10-31,36,quantile,0.6,48.09518295182949
2026-10-10,3,wk inc rsv hosp,2026-10-31,36,quantile,0.65,59.67956829568297
2026-10-10,3,wk inc rsv hosp,2026-10-31,36,quantile,0.7,73.48482384823838
2026-10-10,3,wk inc rsv hosp,2026-10-31,36,quantile,0.75,91.35856358563584
2026-10-10,3,wk inc rsv hosp,2026-10-31,36,quantile,0.8,111.05722857228588
2026-10-10,3,wk inc rsv hosp,2026-10-31,36,quantile,0.85,132.88455884558846
2026-10-10,3,wk inc rsv hosp,2026-10-31,36,quantile,0.9,166.22678226782278
2026-10-10,3,wk inc rsv hosp,2026-10-31,36,quantile,0.95,214.22908129081273
2026-10-10,3,wk inc rsv hosp,2026-10-31,36,quantile,0.975,261.28300233002307
2026-10-10,3,wk inc rsv hosp,2026-10-31,36,quantile,0.99,324.2153667536651
2026-10-10,3,wk inc rsv hosp,2026-10-31,37,quantile,0.01,0
2026-10-10,3,wk inc rsv hosp,2026-10-31,37,quantile,0.025,0
2026-10-10,3,wk inc rsv hosp,2026-10-31,37,quantile,0.05,0
2026-10-10,3,wk inc rsv hosp,2026-10-31,37,quantile,0.1,0
2026-10-10,3,wk inc rsv hosp,2026-10-31,37,quantile,0.15,0
2026-10-10,3,wk inc rsv hosp,2026-10-31,37,quantile,0.2,0
2026-10-10,3,wk inc rsv hosp,2026-10-31,37,quantile,0.25,0
2026-10-10,3,wk inc rsv hosp,2026-10-31,37,quantile,0.3,0
2026-10-10,3,wk inc rsv hosp,2026-10-31,37,quantile,0.35,0.8004510045100494
2026-10-10,3,wk inc rsv hosp,2026-10-31,37,quantile,0.4,7.426978269782715
2026-10-10,3,wk inc rsv hosp,2026-10-31,37,quantile,0.45,13.766789667896699
2026-10-10,3,wk inc rsv hosp,2026-10-31,37,quantile,0.5,20
2026-10-10,3,wk inc rsv hosp,2026-10-31,37,quantile,0.55,26.1439114391144
2026-10-10,3,wk inc rsv hosp,2026-10-31,37,quantile,0.6,32.9337433374334
2026-10-10,3,wk inc rsv hosp,2026-10-31,37,quantile,0.65,40.486572365723674
2026-10-10,3,wk inc rsv hosp,2026-10-31,37,quantile,0.7,48.812874128741335
2026-10-10,3,wk inc rsv hosp,2026-10-31,37,quantile,0.75,58.75584255842557
2026-10-10,3,wk inc rsv hosp,2026-10-31,37,quantile,0.8,71.35678556785578
2026-10-10,3,wk inc rsv hosp,2026-10-31,37,quantile,0.85,88.86353013530136
2026-10-10,3,wk inc rsv hosp,2026-10-31,37,quantile,0.9,116.31980319803196
2026-10-10,3,wk inc rsv hosp,2026-10-31,37,quantile,0.95,161.1333538335382
2026-10-10,3,wk inc rsv hosp,2026-10-31,37,quantile,0.975,202.2496002460022
2026-10-10,3,wk inc rsv hosp,2026-10-31,37,quantile,0.99,243.4851414514145
2026-10-10,3,wk inc rsv hosp,2026-10-31,38,quantile,0.01,0
2026-10-10,3,wk inc rsv hosp,2026-10-31,38,quantile,0.025,0
2026-10-10,3,wk inc rsv hosp,2026-10-31,38,quantile,0.05,0
2026-10-10,3,wk inc rsv hosp,2026-10-31,38,quantile,0.1,0
2026-10-10,3,wk inc rsv hosp,2026-10-31,38,quantile,0.15,0
2026-10-10,3,wk inc rsv hosp,2026-10-31,38,quantile,0.2,0
2026-10-10,3,wk inc rsv hosp,2026-10-31,38,quantile,0.25,0
2026-10-10,3,wk inc rsv hosp,2026-10-31,38,quantile,0.3,0
2026-10-10,3,wk inc rsv hosp,2026-10-31,38,quantile,0.35,0
2026-10-10,3,wk inc rsv hosp,2026-10-31,38,quantile,0.4,0
2026-10-10,3,wk inc rsv hosp,2026-10-31,38,quantile,0.45,0
2026-10-10,3,wk inc rsv hosp,2026-10-31,38,quantile,0.5,4.500045000099817e-5
2026-10-10,3,wk inc rsv hosp,2026-10-31,38,quantile,0.55,0.9496894968949618
2026-10-10,3,wk inc rsv hosp,2026-10-31,38,quantile,0.6,1.6344523445234374
2026-10-10,3,wk inc rsv hosp,2026-10-31,38,quantile,0.65,1.9496894968949618
2026-10-10,3,wk inc rsv hosp,2026-10-31,38,quantile,0.7,2.949689496894962
2026-10-10,3,wk inc rsv hosp,2026-10-31,38,quantile,0.75,3.949689496894962
2026-10-10,3,wk inc rsv hosp,2026-10-31,38,quantile,0.8,5.166681666816689
2026-10-10,3,wk inc rsv hosp,2026-10-31,38,quantile,0.85,6.949689496894962
2026-10-10,3,wk inc rsv hosp,2026-10-31,38,quantile,0.9,8.949689496894962
2026-10-10,3,wk inc rsv hosp,2026-10-31,38,quantile,0.95,12.038902889028844
2026-10-10,3,wk inc rsv hosp,2026-10-31,38,quantile,0.975,15.857303573035798
2026-10-10,3,wk inc rsv hosp,2026-10-31,38,quantile,0.99,19.158009180091717
2026-10-10,3,wk inc rsv hosp,2026-10-31,39,quantile,0.01,0
2026-10-10,3,wk inc rsv hosp,2026-10-31,39,quantile,0.025,0
2026-10-10,3,wk inc rsv hosp,2026-10-31,39,quantile,0.05,0
2026-10-10,3,wk inc rsv hosp,2026-10-31,39,quantile,0.1,0
2026-10-10,3,wk inc rsv hosp,2026-10-31,39,quantile,0.15,0
2026-10-10,3,wk inc rsv hosp,2026-10-31,39,quantile,0.2,0
2026-10-10,3,wk inc rsv hosp,2026-10-31,39,quantile,0.25,0
2026-10-10,3,wk inc rsv hosp,2026-10-31,39,quantile,0.3,0
2026-10-10,3,wk inc rsv hosp,2026-10-31,39,quantile,0.35,0
2026-10-10,3,wk inc rsv hosp,2026-10-31,39,quantile,0.4,1.7517615176151946
2026-10-10,3,wk inc rsv hosp,2026-10-31,39,quantile,0.45,5.32901529015292
2026-10-10,3,wk inc rsv hosp,2026-10-31,39,quantile,0.5,9
2026-10-10,3,wk inc rsv hosp,2026-10-31,39,quantile,0.55,13
2026-10-10,3,wk inc rsv hosp,2026-10-31,39,quantile,0.6,18.111235112351117
2026-10-10,3,wk inc rsv hosp,2026-10-31,39,quantile,0.65,24.735365353653528
2026-10-10,3,wk inc rsv hosp,2026-10-31,39,quantile,0.7,33.28726087260869
2026-10-10,3,wk inc rsv hosp,2026-10-31,39,quantile,0.75,44.050603006029995
2026-10-10,3,wk inc rsv hosp,2026-10-31,39,quantile,0.8,56.50619106191062
2026-10-10,3,wk inc rsv hosp,2026-10-31,39,quantile,0.85,72.17182171821716
2026-10-10,3,wk inc rsv hosp,2026-10-31,39,quantile,0.9,96.99961199611953
2026-10-10,3,wk inc rsv hosp,2026-10-31,39,quantile,0.95,150.31487564875655
2026-10-10,3,wk inc rsv hosp,2026-10-31,39,quantile,0.975,198.46657716577124
2026-10-10,3,wk inc rsv hosp,2026-10-31,39,quantile,0.99,231.88869498694922
2026-10-10,3,wk inc rsv hosp,2026-10-31,40,quantile,0.01,0
2026-10-10,3,wk inc rsv hosp,2026-10-31,40,quantile,0.025,0
2026-10-10,3,wk inc rsv hosp,2026-10-31,40,quantile,0.05,0
2026-10-10,3,wk inc rsv hosp,2026-10-31,40,quantile,0.1,0
2026-10-10,3,wk inc rsv hosp,2026-10-31,40,quantile,0.15,0
2026-10-10,3,wk inc rsv hosp,2026-10-31,40,quantile,0.2,0
2026-10-10,3,wk inc rsv hosp,2026-10-31,40,quantile,0.25,0
2026-10-10,3,wk inc rsv hosp,2026-10-31,40,quantile,0.3,0
2026-10-10,3,wk inc rsv hosp,2026-10-31,40,quantile,0.35,0
2026-10-10,3,wk inc rsv hosp,2026-10-31,40,quantile,0.4,0
2026-10-10,3,wk inc rsv hosp,2026-10-31,40,quantile,0.45,0
2026-10-10,3,wk inc rsv hosp,2026-10-31,40,quantile,0.5,0
2026-10-10,3,wk inc rsv hosp,2026-10-31,40,quantile,0.55,1.5143341433414308
2026-10-10,3,wk inc rsv hosp,2026-10-31,40,quantile,0.6,3.7828238282382958
2026-10-10,3,wk inc rsv hosp,2026-10-31,40,quantile,0.65,6
2026-10-10,3,wk inc rsv hosp,2026-10-31,40,quantile,0.7,9
2026-10-10,3,wk inc rsv hosp,2026-10-31,40,quantile,0.75,12.916259162591643
2026-10-10,3,wk inc rsv hosp,2026-10-31,40,quantile,0.8,16.314393143931454
2026-10-10,3,wk inc rsv hosp,2026-10-31,40,quantile,0.85,21
2026-10-10,3,wk inc rsv hosp,2026-10-31,40,quantile,0.9,27.776692766927635
2026-10-10,3,wk inc rsv hosp,2026-10-31,40,quantile,0.95,37.73552685526852
2026-10-10,3,wk inc rsv hosp,2026-10-31,40,quantile,0.975,47.040841908419104
2026-10-10,3,wk inc rsv hosp,2026-10-31,40,quantile,0.99,58
2026-10-10,3,wk inc rsv hosp,2026-10-31,41,quantile,0.01,0
2026-10-10,3,wk inc rsv hosp,2026-10-31,41,quantile,0.025,0
2026-10-10,3,wk inc rsv hosp,2026-10-31,41,quantile,0.05,0
2026-10-10,3,wk inc rsv hosp,2026-10-31,41,quantile,0.1,0
2026-10-10,3,wk inc rsv hosp,2026-10-31,41,quantile,0.15,0
2026-10-10,3,wk inc rsv hosp,2026-10-31,41,quantile,0.2,0
2026-10-10,3,wk inc rsv hosp,2026-10-31,41,quantile,0.25,0
2026-10-10,3,wk inc rsv hosp,2026-10-31,41,quantile,0.3,0
2026-10-10,3,wk inc rsv hosp,2026-10-31,41,quantile,0.35,0
2026-10-10,3,wk inc rsv hosp,2026-10-31,41,quantile,0.4,0
2026-10-10,3,wk inc rsv hosp,2026-10-31,41,quantile,0.45,0
2026-10-10,3,wk inc rsv hosp,2026-10-31,41,quantile,0.5,1
2026-10-10,3,wk inc rsv hosp,2026-10-31,41,quantile,0.55,2
2026-10-10,3,wk inc rsv hosp,2026-10-31,41,quantile,0.6,4
2026-10-10,3,wk inc rsv hosp,2026-10-31,41,quantile,0.65,6
2026-10-10,3,wk inc rsv hosp,2026-10-31,41,quantile,0.7,9
2026-10-10,3,wk inc rsv hosp,2026-10-31,41,quantile,0.75,12.745829958299597
2026-10-10,3,wk inc rsv hosp,2026-10-31,41,quantile,0.8,17
2026-10-10,3,wk inc rsv hosp,2026-10-31,41,quantile,0.85,24.330445804457987
2026-10-10,3,wk inc rsv hosp,2026-10-31,41,quantile,0.9,34.52147021470219
2026-10-10,3,wk inc rsv hosp,2026-10-31,41,quantile,0.95,47.938437884378615
2026-10-10,3,wk inc rsv hosp,2026-10-31,41,quantile,0.975,57.85466704667056
2026-10-10,3,wk inc rsv hosp,2026-10-31,41,quantile,0.99,70.21102751027509
2026-10-10,3,wk inc rsv hosp,2026-10-31,42,quantile,0.01,0
2026-10-10,3,wk inc rsv hosp,2026-10-31,42,quantile,0.025,0
2026-10-10,3,wk inc rsv hosp,2026-10-31,42,quantile,0.05,0
2026-10-10,3,wk inc rsv hosp,2026-10-31,42,quantile,0.1,0
2026-10-10,3,wk inc rsv hosp,2026-10-31,42,quantile,0.15,0
2026-10-10,3,wk inc rsv hosp,2026-10-31,42,quantile,0.2,0
2026-10-10,3,wk inc rsv hosp,2026-10-31,42,quantile,0.25,0
2026-10-10,3,wk inc rsv hosp,2026-10-31,42,quantile,0.3,0
2026-10-10,3,wk inc rsv hosp,2026-10-31,42,quantile,0.35,11.114833648336383
2026-10-10,3,wk inc rsv hosp,2026-10-31,42,quantile,0.4,21.132981329813248
2026-10-10,3,wk inc rsv hosp,2026-10-31,42,quantile,0.45,30.221026710267026
2026-10-10,3,wk inc rsv hosp,2026-10-31,42,quantile,0.5,39
2026-10-10,3,wk inc rsv hosp,2026-10-31,42,quantile,0.55,47.994943449434466
2026-10-10,3,wk inc rsv hosp,2026-10-31,42,quantile,0.6,58.27742477424769
2026-10-10,3,wk inc rsv hosp,2026-10-31,42,quantile,0.65,70.83655586555861
2026-10-10,3,wk inc rsv hosp,2026-10-31,42,quantile,0.7,85.12857628576285
2026-10-10,3,wk inc rsv hosp,2026-10-31,42,quantile,0.75,100.4151591515915
2026-10-10,3,wk inc rsv hosp,2026-10-31,42,quantile,0.8,117.58193181931813
2026-10-10,3,wk inc rsv hosp,2026-10-31,42,quantile,0.85,139.11818068180682
2026-10-10,3,wk inc rsv hosp,2026-10-31,42,quantile,0.9,170.51229212292125
2026-10-10,3,wk inc rsv hosp,2026-10-31,42,quantile,0.95,239.5518100181
2026-10-10,3,wk inc rsv hosp,2026-10-31,42,quantile,0.975,316.13762987629764
2026-10-10,3,wk inc rsv hosp,2026-10-31,42,quantile,0.99,408.88587215872093
2026-10-10,3,wk inc rsv hosp,2026-10-31,44,quantile,0.01,0
2026-10-10,3,wk inc rsv hosp,2026-10-31,44,quantile,0.025,0
2026-10-10,3,wk inc rsv hosp,2026-10-31,44,quantile,0.05,0
2026-10-10,3,wk inc rsv hosp,2026-10-31,44,quantile,0.1,0
2026-10-10,3,wk inc rsv hosp,2026-10-31,44,quantile,0.15,0
2026-10-10,3,wk inc rsv hosp,2026-10-31,44,quantile,0.2,0
2026-10-10,3,wk inc rsv hosp,2026-10-31,44,quantile,0.25,0
2026-10-10,3,wk inc rsv hosp,2026-10-31,44,quantile,0.3,0
2026-10-10,3,wk inc rsv hosp,2026-10-31,44,quantile,0.35,0
2026-10-10,3,wk inc rsv hosp,2026-10-31,44,quantile,0.4,0
2026-10-10,3,wk inc rsv hosp,2026-10-31,44,quantile,0.45,0
2026-10-10,3,wk inc rsv hosp,2026-10-31,44,quantile,0.5,1
2026-10-10,3,wk inc rsv hosp,2026-10-31,44,quantile,0.55,2
2026-10-10,3,wk inc rsv hosp,2026-10-31,44,quantile,0.6,3
2026-10-10,3,wk inc rsv hosp,2026-10-31,44,quantile,0.65,4
2026-10-10,3,wk inc rsv hosp,2026-10-31,44,quantile,0.7,5.38077180771808
2026-10-10,3,wk inc rsv hosp,2026-10-31,44,quantile,0.75,7
2026-10-10,3,wk inc rsv hosp,2026-10-31,44,quantile,0.8,9
2026-10-10,3,wk inc rsv hosp,2026-10-31,44,quantile,0.85,11.989508895088946
2026-10-10,3,wk inc rsv hosp,2026-10-31,44,quantile,0.9,15
2026-10-10,3,wk inc rsv hosp,2026-10-31,44,quantile,0.95,20.56696116961166
2026-10-10,3,wk inc rsv hosp,2026-10-31,44,quantile,0.975,26.952411024110184
2026-10-10,3,wk inc rsv hosp,2026-10-31,44,quantile,0.99,33.56028250282502
2026-10-10,3,wk inc rsv hosp,2026-10-31,45,quantile,0.01,0
2026-10-10,3,wk inc rsv hosp,2026-10-31,45,quantile,0.025,0
2026-10-10,3,wk inc rsv hosp,2026-10-31,45,quantile,0.05,0
2026-10-10,3,wk inc rsv hosp,2026-10-31,45,quantile,0.1,0
2026-10-10,3,wk inc rsv hosp,2026-10-31,45,quantile,0.15,0
2026-10-10,3,wk inc rsv hosp,2026-10-31,45,quantile,0.2,0
2026-10-10,3,wk inc rsv hosp,2026-10-31,45,quantile,0.25,0
2026-10-10,3,wk inc rsv hosp,2026-10-31,45,quantile,0.3,0
2026-10-10,3,wk inc rsv hosp,2026-10-31,45,quantile,0.35,0
2026-10-10,3,wk inc rsv hosp,2026-10-31,45,quantile,0.4,3
2026-10-10,3,wk inc rsv hosp,2026-10-31,45,quantile,0.45,5.708736587365886
2026-10-10,3,wk inc rsv hosp,2026-10-31,45,quantile,0.5,8
2026-10-10,3,wk inc rsv hosp,2026-10-31,45,quantile,0.55,11
2026-10-10,3,wk inc rsv hosp,2026-10-31,45,quantile,0.6,14.20058600586006
2026-10-10,3,wk inc rsv hosp,2026-10-31,45,quantile,0.65,18
2026-10-10,3,wk inc rsv hosp,2026-10-31,45,quantile,0.7,22.77149371493708
2026-10-10,3,wk inc rsv hosp,2026-10-31,45,quantile,0.75,28.328990789907895
2026-10-10,3,wk inc rsv hosp,2026-10-31,45,quantile,0.8,34.96279762797635
2026-10-10,3,wk inc rsv hosp,2026-10-31,45,quantile,0.85,42.3378603786038
2026-10-10,3,wk inc rsv hosp,2026-10-31,45,quantile,0.9,52.63228432284323
2026-10-10,3,wk inc rsv hosp,2026-10-31,45,quantile,0.95,71.93738637386367
2026-10-10,3,wk inc rsv hosp,2026-10-31,45,quantile,0.975,97.76022010220096
2026-10-10,3,wk inc rsv hosp,2026-10-31,45,quantile,0.99,131.88603526035254
2026-10-10,3,wk inc rsv hosp,2026-10-31,46,quantile,0.01,0
2026-10-10,3,wk inc rsv hosp,2026-10-31,46,quantile,0.025,0
2026-10-10,3,wk inc rsv hosp,2026-10-31,46,quantile,0.05,0
2026-10-10,3,wk inc rsv hosp,2026-10-31,46,quantile,0.1,0
2026-10-10,3,wk inc rsv hosp,2026-10-31,46,quantile,0.15,0
2026-10-10,3,wk inc rsv hosp,2026-10-31,46,quantile,0.2,0
2026-10-10,3,wk inc rsv hosp,2026-10-31,46,quantile,0.25,0
2026-10-10,3,wk inc rsv hosp,2026-10-31,46,quantile,0.3,0
2026-10-10,3,wk inc rsv hosp,2026-10-31,46,quantile,0.35,0.7823703237032296
2026-10-10,3,wk inc rsv hosp,2026-10-31,46,quantile,0.4,1
2026-10-10,3,wk inc rsv hosp,2026-10-31,46,quantile,0.45,2
2026-10-10,3,wk inc rsv hosp,2026-10-31,46,quantile,0.5,2
2026-10-10,3,wk inc rsv hosp,2026-10-31,46,quantile,0.55,3
2026-10-10,3,wk inc rsv hosp,2026-10-31,46,quantile,0.6,3
2026-10-10,3,wk inc rsv hosp,2026-10-31,46,quantile,0.65,4
2026-10-10,3,wk inc rsv hosp,2026-10-31,46,quantile,0.7,5
2026-10-10,3,wk inc rsv hosp,2026-10-31,46,quantile,0.75,6
2026-10-10,3,wk inc rsv hosp,2026-10-31,46,quantile,0.8,8
2026-10-10,3,wk inc rsv hosp,2026-10-31,46,quantile,0.85,9.876716767167663
2026-10-10,3,wk inc rsv hosp,2026-10-31,46,quantile,0.9,12.010453104531063
2026-10-10,3,wk inc rsv hosp,2026-10-31,46,quantile,0.95,16
2026-10-10,3,wk inc rsv hosp,2026-10-31,46,quantile,0.975,18.862377873778737
2026-10-10,3,wk inc rsv hosp,2026-10-31,46,quantile,0.99,22.568868888688876
2026-10-10,3,wk inc rsv hosp,2026-10-31,47,quantile,0.01,0
2026-10-10,3,wk inc rsv hosp,2026-10-31,47,quantile,0.025,0
2026-10-10,3,wk inc rsv hosp,2026-10-31,47,quantile,0.05,0
2026-10-10,3,wk inc rsv hosp,2026-10-31,47,quantile,0.1,0
2026-10-10,3,wk inc rsv hosp,2026-10-31,47,quantile,0.15,0
2026-10-10,3,wk inc rsv hosp,2026-10-31,47,quantile,0.2,0
2026-10-10,3,wk inc rsv hosp,2026-10-31,47,quantile,0.25,0
2026-10-10,3,wk inc rsv hosp,2026-10-31,47,quantile,0.3,0
2026-10-10,3,wk inc rsv hosp,2026-10-31,47,quantile,0.35,0
2026-10-10,3,wk inc rsv hosp,2026-10-31,47,quantile,0.4,3.4192901929019373
2026-10-10,3,wk inc rsv hosp,2026-10-31,47,quantile,0.45,6.495874958749589
2026-10-10,3,wk inc rsv hosp,2026-10-31,47,quantile,0.5,10
2026-10-10,3,wk inc rsv hosp,2026-10-31,47,quantile,0.55,13.495874958749589
2026-10-10,3,wk inc rsv hosp,2026-10-31,47,quantile,0.6,17.49587495874959
2026-10-10,3,wk inc rsv hosp,2026-10-31,47,quantile,0.65,21.783054330543308
2026-10-10,3,wk inc rsv hosp,2026-10-31,47,quantile,0.7,27.092222922229226
2026-10-10,3,wk inc rsv hosp,2026-10-31,47,quantile,0.75,33.4581145811458
2026-10-10,3,wk inc rsv hosp,2026-10-31,47,quantile,0.8,41.22855628556287
2026-10-10,3,wk inc rsv hosp,2026-10-31,47,quantile,0.85,52.28575935759355
2026-10-10,3,wk inc rsv hosp,2026-10-31,47,quantile,0.9,67.45682956829575
2026-10-10,3,wk inc rsv hosp,2026-10-31,47,quantile,0.95,91.21973669736674
2026-10-10,3,wk inc rsv hosp,2026-10-31,47,quantile,0.975,118.44700597005931
2026-10-10,3,wk inc rsv hosp,2026-10-31,47,quantile,0.99,151.11831558315586
2026-10-10,3,wk inc rsv hosp,2026-10-31,48,quantile,0.01,0
2026-10-10,3,wk inc rsv hosp,2026-10-31,48,quantile,0.025,0
2026-10-10,3,wk inc rsv hosp,2026-10-31,48,quantile,0.05,0
2026-10-10,3,wk inc rsv hosp,2026-10-31,48,quantile,0.1,0
2026-10-10,3,wk inc rsv hosp,2026-10-31,48,quantile,0.15,0
2026-10-10,3,wk inc rsv hosp,2026-10-31,48,quantile,0.2,0
2026-10-10,3,wk inc rsv hosp,2026-10-31,48,quantile,0.25,14.188499384993838
2026-10-10,3,wk inc rsv hosp,2026-10-31,48,quantile,0.3,29.701928019280192
2026-10-10,3,wk inc rsv hosp,2026-10-31,48,quantile,0.35,42.110583605836055
2026-10-10,3,wk inc rsv hosp,2026-10-31,48,quantile,0.4,52.95561155611557
2026-10-10,3,wk inc rsv hosp,2026-10-31,48,quantile,0.45,61.5989199891999
2026-10-10,3,wk inc rsv hosp,2026-10-31,48,quantile,0.5,68
2026-10-10,3,wk inc rsv hosp,2026-10-31,48,quantile,0.55,75.38822688226884
2026-10-10,3,wk inc rsv hosp,2026-10-31,48,quantile,0.6,84.61647016470161
2026-10-10,3,wk inc rsv hosp,2026-10-31,48,quantile,0.65,96.02232922329225
2026-10-10,3,wk inc rsv hosp,2026-10-31,48,quantile,0.7,108.95210952109517
2026-10-10,3,wk inc rsv hosp,2026-10-31,48,quantile,0.75,125.46631216312176
2026-10-10,3,wk inc rsv hosp,2026-10-31,48,quantile,0.8,143.93536335363356
2026-10-10,3,wk inc rsv hosp,2026-10-31,48,quantile,0.85,170.76415014150143
2026-10-10,3,wk inc rsv hosp,2026-10-31,48,quantile,0.9,206.45878358783597
2026-10-10,3,wk inc rsv hosp,2026-10-31,48,quantile,0.95,257.44909349093484
2026-10-10,3,wk inc rsv hosp,2026-10-31,48,quantile,0.975,313.4568890689004
2026-10-10,3,wk inc rsv hosp,2026-10-31,48,quantile,0.99,408.84377193771775
2026-10-10,3,wk inc rsv hosp,2026-10-31,49,quantile,0.01,0
2026-10-10,3,wk inc rsv hosp,2026-10-31,49,quantile,0.025,0
2026-10-10,3,wk inc rsv hosp,2026-10-31,49,quantile,0.05,0
2026-10-10,3,wk inc rsv hosp,2026-10-31,49,quantile,0.1,0
2026-10-10,3,wk inc rsv hosp,2026-10-31,49,quantile,0.15,0
2026-10-10,3,wk inc rsv hosp,2026-10-31,49,quantile,0.2,0
2026-10-10,3,wk inc rsv hosp,2026-10-31,49,quantile,0.25,0
2026-10-10,3,wk inc rsv hosp,2026-10-31,49,quantile,0.3,0
2026-10-10,3,wk inc rsv hosp,2026-10-31,49,quantile,0.35,0
2026-10-10,3,wk inc rsv hosp,2026-10-31,49,quantile,0.4,0
2026-10-10,3,wk inc rsv hosp,2026-10-31,49,quantile,0.45,0
2026-10-10,3,wk inc rsv hosp,2026-10-31,49,quantile,0.5,5.550055500549433e-4
2026-10-10,3,wk inc rsv hosp,2026-10-31,49,quantile,0.55,1.188551885518848
2026-10-10,3,wk inc rsv hosp,2026-10-31,49,quantile,0.6,2.188551885518848
2026-10-10,3,wk inc rsv hosp,2026-10-31,49,quantile,0.65,4.188551885518848
2026-10-10,3,wk inc rsv hosp,2026-10-31,49,quantile,0.7,6.188551885518848
2026-10-10,3,wk inc rsv hosp,2026-10-31,49,quantile,0.75,8.188551885518848
2026-10-10,3,wk inc rsv hosp,2026-10-31,49,quantile,0.8,11.436424364243699
2026-10-10,3,wk inc rsv hosp,2026-10-31,49,quantile,0.85,17.30855908559082
2026-10-10,3,wk inc rsv hosp,2026-10-31,49,quantile,0.9,30.18011880118804
2026-10-10,3,wk inc rsv hosp,2026-10-31,49,quantile,0.95,47.310786107861084
2026-10-10,3,wk inc rsv hosp,2026-10-31,49,quantile,0.975,55.18855188551885
2026-10-10,3,wk inc rsv hosp,2026-10-31,49,quantile,0.99,65.06928369283696
2026-10-10,3,wk inc rsv hosp,2026-10-31,50,quantile,0.01,0
2026-10-10,3,wk inc rsv hosp,2026-10-31,50,quantile,0.025,0
2026-10-10,3,wk inc rsv hosp,2026-10-31,50,quantile,0.05,0
2026-10-10,3,wk inc rsv hosp,2026-10-31,50,quantile,0.1,0
2026-10-10,3,wk inc rsv hosp,2026-10-31,50,quantile,0.15,0
2026-10-10,3,wk inc rsv hosp,2026-10-31,50,quantile,0.2,0
2026-10-10,3,wk inc rsv hosp,2026-10-31,50,quantile,0.25,0
2026-10-10,3,wk inc rsv hosp,2026-10-31,50,quantile,0.3,0
2026-10-10,3,wk inc rsv hosp,2026-10-31,50,quantile,0.35,0
2026-10-10,3,wk inc rsv hosp,2026-10-31,50,quantile,0.4,0
2026-10-10,3,wk inc rsv hosp,2026-10-31,50,quantile,0.45,0
2026-10-10,3,wk inc rsv hosp,2026-10-31,50,quantile,0.5,0
2026-10-10,3,wk inc rsv hosp,2026-10-31,50,quantile,0.55,0
2026-10-10,3,wk inc rsv hosp,2026-10-31,50,quantile,0.6,1
2026-10-10,3,wk inc rsv hosp,2026-10-31,50,quantile,0.65,1.2871643716437187
2026-10-10,3,wk inc rsv hosp,2026-10-31,50,quantile,0.7,2
2026-10-10,3,wk inc rsv hosp,2026-10-31,50,quantile,0.75,3
2026-10-10,3,wk inc rsv hosp,2026-10-31,50,quantile,0.8,4
2026-10-10,3,wk inc rsv hosp,2026-10-31,50,quantile,0.85,5.516868168681657
2026-10-10,3,wk inc rsv hosp,2026-10-31,50,quantile,0.9,7
2026-10-10,3,wk inc rsv hosp,2026-10-31,50,quantile,0.95,10
2026-10-10,3,wk inc rsv hosp,2026-10-31,50,quantile,0.975,12.096264712647116
2026-10-10,3,wk inc rsv hosp,2026-10-31,50,quantile,0.99,15
2026-10-10,3,wk inc rsv hosp,2026-10-31,51,quantile,0.01,0
2026-10-10,3,wk inc rsv hosp,2026-10-31,51,quantile,0.025,0
2026-10-10,3,wk inc rsv hosp,2026-10-31,51,quantile,0.05,0
2026-10-10,3,wk inc rsv hosp,2026-10-31,51,quantile,0.1,0
2026-10-10,3,wk inc rsv hosp,2026-10-31,51,quantile,0.15,0
2026-10-10,3,wk inc rsv hosp,2026-10-31,51,quantile,0.2,0
2026-10-10,3,wk inc rsv hosp,2026-10-31,51,quantile,0.25,0
2026-10-10,3,wk inc rsv hosp,2026-10-31,51,quantile,0.3,0
2026-10-10,3,wk inc rsv hosp,2026-10-31,51,quantile,0.35,0
2026-10-10,3,wk inc rsv hosp,2026-10-31,51,quantile,0.4,1
2026-10-10,3,wk inc rsv hosp,2026-10-31,51,quantile,0.45,3
2026-10-10,3,wk inc rsv hosp,2026-10-31,51,quantile,0.5,5
2026-10-10,3,wk inc rsv hosp,2026-10-31,51,quantile,0.55,7
2026-10-10,3,wk inc rsv hosp,2026-10-31,51,quantile,0.6,10
2026-10-10,3,wk inc rsv hosp,2026-10-31,51,quantile,0.65,13
2026-10-10,3,wk inc rsv hosp,2026-10-31,51,quantile,0.7,17.48257282572825
2026-10-10,3,wk inc rsv hosp,2026-10-31,51,quantile,0.75,23
2026-10-10,3,wk inc rsv hosp,2026-10-31,51,quantile,0.8,29.394861948619543
2026-10-10,3,wk inc rsv hosp,2026-10-31,51,quantile,0.85,36.1234287342873
2026-10-10,3,wk inc rsv hosp,2026-10-31,51,quantile,0.9,45.591076910769075
2026-10-10,3,wk inc rsv hosp,2026-10-31,51,quantile,0.95,66.87286222862198
2026-10-10,3,wk inc rsv hosp,2026-10-31,51,quantile,0.975,109.68023230232268
2026-10-10,3,wk inc rsv hosp,2026-10-31,51,quantile,0.99,140.69581105811056
2026-10-10,3,wk inc rsv hosp,2026-10-31,53,quantile,0.01,0
2026-10-10,3,wk inc rsv hosp,2026-10-31,53,quantile,0.025,0
2026-10-10,3,wk inc rsv hosp,2026-10-31,53,quantile,0.05,0
2026-10-10,3,wk inc rsv hosp,2026-10-31,53,quantile,0.1,0
2026-10-10,3,wk inc rsv hosp,2026-10-31,53,quantile,0.15,0
2026-10-10,3,wk inc rsv hosp,2026-10-31,53,quantile,0.2,0
2026-10-10,3,wk inc rsv hosp,2026-10-31,53,quantile,0.25,0
2026-10-10,3,wk inc rsv hosp,2026-10-31,53,quantile,0.3,0
2026-10-10,3,wk inc rsv hosp,2026-10-31,53,quantile,0.35,0
2026-10-10,3,wk inc rsv hosp,2026-10-31,53,quantile,0.4,0
2026-10-10,3,wk inc rsv hosp,2026-10-31,53,quantile,0.45,1.6819078190781973
2026-10-10,3,wk inc rsv hosp,2026-10-31,53,quantile,0.5,3
2026-10-10,3,wk inc rsv hosp,2026-10-31,53,quantile,0.55,5
2026-10-10,3,wk inc rsv hosp,2026-10-31,53,quantile,0.6,7
2026-10-10,3,wk inc rsv hosp,2026-10-31,53,quantile,0.65,10
2026-10-10,3,wk inc rsv hosp,2026-10-31,53,quantile,0.7,12.985748857488565
2026-10-10,3,wk inc rsv hosp,2026-10-31,53,quantile,0.75,16.088093380933802
2026-10-10,3,wk inc rsv hosp,2026-10-31,53,quantile,0.8,20
2026-10-10,3,wk inc rsv hosp,2026-10-31,53,quantile,0.85,24.98779737797382
2026-10-10,3,wk inc rsv hosp,2026-10-31,53,quantile,0.9,30.6866598665987
2026-10-10,3,wk inc rsv hosp,2026-10-31,53,quantile,0.95,41
2026-10-10,3,wk inc rsv hosp,2026-10-31,53,quantile,0.975,52.94464744647438
2026-10-10,3,wk inc rsv hosp,2026-10-31,53,quantile,0.99,69.22502955029559
2026-10-10,3,wk inc rsv hosp,2026-10-31,54,quantile,0.01,0
2026-10-10,3,wk inc rsv hosp,2026-10-31,54,quantile,0.025,0
2026-10-10,3,wk inc rsv hosp,2026-10-31,54,quantile,0.05,0
2026-10-10,3,wk inc rsv hosp,2026-10-31,54,quantile,0.1,0
2026-10-10,3,wk inc rsv hosp,2026-10-31,54,quantile,0.15,0
2026-10-10,3,wk inc rsv hosp,2026-10-31,54,quantile,0.2,0
2026-10-10,3,wk inc rsv hosp,2026-10-31,54,quantile,0.25,0
2026-10-10,3,wk inc rsv hosp,2026-10-31,54,quantile,0.3,0
2026-10-10,3,wk inc rsv hosp,2026-10-31,54,quantile,0.35,0
2026-10-10,3,wk inc rsv hosp,2026-10-31,54,quantile,0.4,0
2026-10-10,3,wk inc rsv hosp,2026-10-31,54,quantile,0.45,0
2026-10-10,3,wk inc rsv hosp,2026-10-31,54,quantile,0.5,1
2026-10-10,3,wk inc rsv hosp,2026-10-31,54,quantile,0.55,3.2547970479704693
2026-10-10,3,wk inc rsv hosp,2026-10-31,54,quantile,0.6,5.62812628126281
2026-10-10,3,wk inc rsv hosp,2026-10-31,54,quantile,0.65,8.425461254612543
2026-10-10,3,wk inc rsv hosp,2026-10-31,54,quantile,0.7,11.60352603526036
2026-10-10,3,wk inc rsv hosp,2026-10-31,54,quantile,0.75,14.94946699466995
2026-10-10,3,wk inc rsv hosp,2026-10-31,54,quantile,0.8,19.5740057400574
2026-10-10,3,wk inc rsv hosp,2026-10-31,54,quantile,0.85,24.62812628126281
2026-10-10,3,wk inc rsv hosp,2026-10-31,54,quantile,0.9,32.09663796637972
2026-10-10,3,wk inc rsv hosp,2026-10-31,54,quantile,0.95,43.62812628126281
2026-10-10,3,wk inc rsv hosp,2026-10-31,54,quantile,0.975,52.60726732267319
2026-10-10,3,wk inc rsv hosp,2026-10-31,54,quantile,0.99,64.46790897908973
2026-10-10,3,wk inc rsv hosp,2026-10-31,55,quantile,0.01,0
2026-10-10,3,wk inc rsv hosp,2026-10-31,55,quantile,0.025,0
2026-10-10,3,wk inc rsv hosp,2026-10-31,55,quantile,0.05,0
2026-10-10,3,wk inc rsv hosp,2026-10-31,55,quantile,0.1,0
2026-10-10,3,wk inc rsv hosp,2026-10-31,55,quantile,0.15,0
2026-10-10,3,wk inc rsv hosp,2026-10-31,55,quantile,0.2,0
2026-10-10,3,wk inc rsv hosp,2026-10-31,55,quantile,0.25,0
2026-10-10,3,wk inc rsv hosp,2026-10-31,55,quantile,0.3,0
2026-10-10,3,wk inc rsv hosp,2026-10-31,55,quantile,0.35,0
2026-10-10,3,wk inc rsv hosp,2026-10-31,55,quantile,0.4,0
2026-10-10,3,wk inc rsv hosp,2026-10-31,55,quantile,0.45,1.6397893978939826
2026-10-10,3,wk inc rsv hosp,2026-10-31,55,quantile,0.5,4
2026-10-10,3,wk inc rsv hosp,2026-10-31,55,quantile,0.55,7
2026-10-10,3,wk inc rsv hosp,2026-10-31,55,quantile,0.6,10
2026-10-10,3,wk inc rsv hosp,2026-10-31,55,quantile,0.65,13.430813308133079
2026-10-10,3,wk inc rsv hosp,2026-10-31,55,quantile,0.7,17.478006780067776
2026-10-10,3,wk inc rsv hosp,2026-10-31,55,quantile,0.75,22.391973919739193
2026-10-10,3,wk inc rsv hosp,2026-10-31,55,quantile,0.8,28.380053800538043
2026-10-10,3,wk inc rsv hosp,2026-10-31,55,quantile,0.85,35.280355803558045
2026-10-10,3,wk inc rsv hosp,2026-10-31,55,quantile,0.9,43.13431434314343
2026-10-10,3,wk inc rsv hosp,2026-10-31,55,quantile,0.95,57
2026-10-10,3,wk inc rsv hosp,2026-10-31,55,quantile,0.975,70.57142296422955
2026-10-10,3,wk inc rsv hosp,2026-10-31,55,quantile,0.99,85.04964959649585
2026-10-10,3,wk inc rsv hosp,2026-10-31,56,quantile,0.01,0
2026-10-10,3,wk inc rsv hosp,2026-10-31,56,quantile,0.025,0
2026-10-10,3,wk inc rsv hosp,2026-10-31,56,quantile,0.05,0
2026-10-10,3,wk inc rsv hosp,2026-10-31,56,quantile,0.1,0
2026-10-10,3,wk inc rsv hosp,2026-10-31,56,quantile,0.15,0
2026-10-10,3,wk inc rsv hosp,2026-10-31,56,quantile,0.2,0
2026-10-10,3,wk inc rsv hosp,2026-10-31,56,quantile,0.25,0
2026-10-10,3,wk inc rsv hosp,2026-10-31,56,quantile,0.3,0
2026-10-10,3,wk inc rsv hosp,2026-10-31,56,quantile,0.35,0
2026-10-10,3,wk inc rsv hosp,2026-10-31,56,quantile,0.4,0
2026-10-10,3,wk inc rsv hosp,2026-10-31,56,quantile,0.45,0
2026-10-10,3,wk inc rsv hosp,2026-10-31,56,quantile,0.5,6.150061500567183e-4
2026-10-10,3,wk inc rsv hosp,2026-10-31,56,quantile,0.55,0.4350143501434909
2026-10-10,3,wk inc rsv hosp,2026-10-31,56,quantile,0.6,1.4350143501434909
2026-10-10,3,wk inc rsv hosp,2026-10-31,56,quantile,0.65,2.2430094300943124
2026-10-10,3,wk inc rsv hosp,2026-10-31,56,quantile,0.7,3.2357523575235527
2026-10-10,3,wk inc rsv hosp,2026-10-31,56,quantile,0.75,4.435014350143491
2026-10-10,3,wk inc rsv hosp,2026-10-31,56,quantile,0.8,6.435014350143491
2026-10-10,3,wk inc rsv hosp,2026-10-31,56,quantile,0.85,8.43501435014349
2026-10-10,3,wk inc rsv hosp,2026-10-31,56,quantile,0.9,11.164657646576499
2026-10-10,3,wk inc rsv hosp,2026-10-31,56,quantile,0.95,15.43501435014349
2026-10-10,3,wk inc rsv hosp,2026-10-31,56,quantile,0.975,19.110291102910995
2026-10-10,3,wk inc rsv hosp,2026-10-31,56,quantile,0.99,23.609024190241787
2026-10-10,3,wk inc rsv hosp,2026-10-31,72,quantile,0.01,0
2026-10-10,3,wk inc rsv hosp,2026-10-31,72,quantile,0.025,0
2026-10-10,3,wk inc rsv hosp,2026-10-31,72,quantile,0.05,0
2026-10-10,3,wk inc rsv hosp,2026-10-31,72,quantile,0.1,0
2026-10-10,3,wk inc rsv hosp,2026-10-31,72,quantile,0.15,0
2026-10-10,3,wk inc rsv hosp,2026-10-31,72,quantile,0.2,0
2026-10-10,3,wk inc rsv hosp,2026-10-31,72,quantile,0.25,0
2026-10-10,3,wk inc rsv hosp,2026-10-31,72,quantile,0.3,0
2026-10-10,3,wk inc rsv hosp,2026-10-31,72,quantile,0.35,0.7739927399273832
2026-10-10,3,wk inc rsv hosp,2026-10-31,72,quantile,0.4,3
2026-10-10,3,wk inc rsv hosp,2026-10-31,72,quantile,0.45,6
2026-10-10,3,wk inc rsv hosp,2026-10-31,72,quantile,0.5,8
2026-10-10,3,wk inc rsv hosp,2026-10-31,72,quantile,0.55,10
2026-10-10,3,wk inc rsv hosp,2026-10-31,72,quantile,0.6,13
2026-10-10,3,wk inc rsv hosp,2026-10-31,72,quantile,0.65,16.801301013010068
2026-10-10,3,wk inc rsv hosp,2026-10-31,72,quantile,0.7,20.839036390363923
2026-10-10,3,wk inc rsv hosp,2026-10-31,72,quantile,0.75,26.286987869878693
2026-10-10,3,wk inc rsv hosp,2026-10-31,72,quantile,0.8,34.966045660456686
2026-10-10,3,wk inc rsv hosp,2026-10-31,72,quantile,0.85,45
2026-10-10,3,wk inc rsv hosp,2026-10-31,72,quantile,0.9,61
2026-10-10,3,wk inc rsv hosp,2026-10-31,72,quantile,0.95,91.55794507945032
2026-10-10,3,wk inc rsv hosp,2026-10-31,72,quantile,0.975,129.32916329163356
2026-10-10,3,wk inc rsv hosp,2026-10-31,72,quantile,0.99,201.53801268012566
2026-10-10,3,wk inc rsv hosp,2026-10-31,US,quantile,0.01,0
2026-10-10,3,wk inc rsv hosp,2026-10-31,US,quantile,0.025,0
2026-10-10,3,wk inc rsv hosp,2026-10-31,US,quantile,0.05,0
2026-10-10,3,wk inc rsv hosp,2026-10-31,US,quantile,0.1,0
2026-10-10,3,wk inc rsv hosp,2026-10-31,US,quantile,0.15,0
2026-10-10,3,wk inc rsv hosp,2026-10-31,US,quantile,0.2,0
2026-10-10,3,wk inc rsv hosp,2026-10-31,US,quantile,0.25,14.924131741317552
2026-10-10,3,wk inc rsv hosp,2026-10-31,US,quantile,0.3,150.6232182321824
2026-10-10,3,wk inc rsv hosp,2026-10-31,US,quantile,0.35,284.22792977929777
2026-10-10,3,wk inc rsv hosp,2026-10-31,US,quantile,0.4,392.22509425094256
2026-10-10,3,wk inc rsv hosp,2026-10-31,US,quantile,0.45,472.6563095630954
2026-10-10,3,wk inc rsv hosp,2026-10-31,US,quantile,0.5,531
2026-10-10,3,wk inc rsv hosp,2026-10-31,US,quantile,0.55,599.5164216642168
2026-10-10,3,wk inc rsv hosp,2026-10-31,US,quantile,0.6,690.3337273372732
2026-10-10,3,wk inc rsv hosp,2026-10-31,US,quantile,0.65,811.8423989239898
2026-10-10,3,wk inc rsv hosp,2026-10-31,US,quantile,0.7,953.9684356843561
2026-10-10,3,wk inc rsv hosp,2026-10-31,US,quantile,0.75,1115.174684246842
2026-10-10,3,wk inc rsv hosp,2026-10-31,US,quantile,0.8,1306.4278582785826
2026-10-10,3,wk inc rsv hosp,2026-10-31,US,quantile,0.85,1575.8857083570836
2026-10-10,3,wk inc rsv hosp,2026-10-31,US,quantile,0.9,1941.1748927489275
2026-10-10,3,wk inc rsv hosp,2026-10-31,US,quantile,0.95,2606.477337273371
2026-10-10,3,wk inc rsv hosp,2026-10-31,US,quantile,0.975,3371.5741844918393
2026-10-10,3,wk inc rsv hosp,2026-10-31,US,quantile,0.99,4114.851623216239
2026-10-10,-1,wk inc rsv prop ed visits,2026-10-03,01,quantile,0.01,0.0014000000000000002
2026-10-10,-1,wk inc rsv prop ed visits,2026-10-03,01,quantile,0.025,0.0014000000000000002
2026-10-10,-1,wk inc rsv prop ed visits,2026-10-03,01,quantile,0.05,0.0014000000000000002
2026-10-10,-1,wk inc rsv prop ed visits,2026-10-03,01,quantile,0.1,0.0014000000000000002
2026-10-10,-1,wk inc rsv prop ed visits,2026-10-03,01,quantile,0.15,0.0014000000000000002
2026-10-10,-1,wk inc rsv prop ed visits,2026-10-03,01,quantile,0.2,0.0014000000000000002
2026-10-10,-1,wk inc rsv prop ed visits,2026-10-03,01,quantile,0.25,0.0014000000000000002
2026-10-10,-1,wk inc rsv prop ed visits,2026-10-03,01,quantile,0.3,0.0014000000000000002
2026-10-10,-1,wk inc rsv prop ed visits,2026-10-03,01,quantile,0.35,0.0014000000000000002
2026-10-10,-1,wk inc rsv prop ed visits,2026-10-03,01,quantile,0.4,0.0014000000000000002
2026-10-10,-1,wk inc rsv prop ed visits,2026-10-03,01,quantile,0.45,0.0014000000000000002
2026-10-10,-1,wk inc rsv prop ed visits,2026-10-03,01,quantile,0.5,0.0014000000000000002
2026-10-10,-1,wk inc rsv prop ed visits,2026-10-03,01,quantile,0.55,0.0014000000000000002
2026-10-10,-1,wk inc rsv prop ed visits,2026-10-03,01,quantile,0.6,0.0014000000000000002
2026-10-10,-1,wk inc rsv prop ed visits,2026-10-03,01,quantile,0.65,0.0014000000000000002
2026-10-10,-1,wk inc rsv prop ed visits,2026-10-03,01,quantile,0.7,0.0014000000000000002
2026-10-10,-1,wk inc rsv prop ed visits,2026-10-03,01,quantile,0.75,0.0014000000000000002
2026-10-10,-1,wk inc rsv prop ed visits,2026-10-03,01,quantile,0.8,0.0014000000000000002
2026-10-10,-1,wk inc rsv prop ed visits,2026-10-03,01,quantile,0.85,0.0014000000000000002
2026-10-10,-1,wk inc rsv prop ed visits,2026-10-03,01,quantile,0.9,0.0014000000000000002
2026-10-10,-1,wk inc rsv prop ed visits,2026-10-03,01,quantile,0.95,0.0014000000000000002
2026-10-10,-1,wk inc rsv prop ed visits,2026-10-03,01,quantile,0.975,0.0014000000000000002
2026-10-10,-1,wk inc rsv prop ed visits,2026-10-03,01,quantile,0.99,0.0014000000000000002
2026-10-10,-1,wk inc rsv prop ed visits,2026-10-03,02,quantile,0.01,0
2026-10-10,-1,wk inc rsv prop ed visits,2026-10-03,02,quantile,0.025,0
2026-10-10,-1,wk inc rsv prop ed visits,2026-10-03,02,quantile,0.05,0
2026-10-10,-1,wk inc rsv prop ed visits,2026-10-03,02,quantile,0.1,0
2026-10-10,-1,wk inc rsv prop ed visits,2026-10-03,02,quantile,0.15,0
2026-10-10,-1,wk inc rsv prop ed visits,2026-10-03,02,quantile,0.2,0
2026-10-10,-1,wk inc rsv prop ed visits,2026-10-03,02,quantile,0.25,0
2026-10-10,-1,wk inc rsv prop ed visits,2026-10-03,02,quantile,0.3,0
2026-10-10,-1,wk inc rsv prop ed visits,2026-10-03,02,quantile,0.35,0
2026-10-10,-1,wk inc rsv prop ed visits,2026-10-03,02,quantile,0.4,0
2026-10-10,-1,wk inc rsv prop ed visits,2026-10-03,02,quantile,0.45,0
2026-10-10,-1,wk inc rsv prop ed visits,2026-10-03,02,quantile,0.5,0
2026-10-10,-1,wk inc rsv prop ed visits,2026-10-03,02,quantile,0.55,0
2026-10-10,-1,wk inc rsv prop ed visits,2026-10-03,02,quantile,0.6,0
2026-10-10,-1,wk inc rsv prop ed visits,2026-10-03,02,quantile,0.65,0
2026-10-10,-1,wk inc rsv prop ed visits,2026-10-03,02,quantile,0.7,0
2026-10-10,-1,wk inc rsv prop ed visits,2026-10-03,02,quantile,0.75,0
2026-10-10,-1,wk inc rsv prop ed visits,2026-10-03,02,quantile,0.8,0
2026-10-10,-1,wk inc rsv prop ed visits,2026-10-03,02,quantile,0.85,0
2026-10-10,-1,wk inc rsv prop ed visits,2026-10-03,02,quantile,0.9,0
2026-10-10,-1,wk inc rsv prop ed visits,2026-10-03,02,quantile,0.95,0
2026-10-10,-1,wk inc rsv prop ed visits,2026-10-03,02,quantile,0.975,0
2026-10-10,-1,wk inc rsv prop ed visits,2026-10-03,02,quantile,0.99,0
2026-10-10,-1,wk inc rsv prop ed visits,2026-10-03,04,quantile,0.01,1e-4
2026-10-10,-1,wk inc rsv prop ed visits,2026-10-03,04,quantile,0.025,1e-4
2026-10-10,-1,wk inc rsv prop ed visits,2026-10-03,04,quantile,0.05,1e-4
2026-10-10,-1,wk inc rsv prop ed visits,2026-10-03,04,quantile,0.1,1e-4
2026-10-10,-1,wk inc rsv prop ed visits,2026-10-03,04,quantile,0.15,1e-4
2026-10-10,-1,wk inc rsv prop ed visits,2026-10-03,04,quantile,0.2,1e-4
2026-10-10,-1,wk inc rsv prop ed visits,2026-10-03,04,quantile,0.25,1e-4
2026-10-10,-1,wk inc rsv prop ed visits,2026-10-03,04,quantile,0.3,1e-4
2026-10-10,-1,wk inc rsv prop ed visits,2026-10-03,04,quantile,0.35,1e-4
2026-10-10,-1,wk inc rsv prop ed visits,2026-10-03,04,quantile,0.4,1e-4
2026-10-10,-1,wk inc rsv prop ed visits,2026-10-03,04,quantile,0.45,1e-4
2026-10-10,-1,wk inc rsv prop ed visits,2026-10-03,04,quantile,0.5,1e-4
2026-10-10,-1,wk inc rsv prop ed visits,2026-10-03,04,quantile,0.55,1e-4
2026-10-10,-1,wk inc rsv prop ed visits,2026-10-03,04,quantile,0.6,1e-4
2026-10-10,-1,wk inc rsv prop ed visits,2026-10-03,04,quantile,0.65,1e-4
2026-10-10,-1,wk inc rsv prop ed visits,2026-10-03,04,quantile,0.7,1e-4
2026-10-10,-1,wk inc rsv prop ed visits,2026-10-03,04,quantile,0.75,1e-4
2026-10-10,-1,wk inc rsv prop ed visits,2026-10-03,04,quantile,0.8,1e-4
2026-10-10,-1,wk inc rsv prop ed visits,2026-10-03,04,quantile,0.85,1e-4
2026-10-10,-1,wk inc rsv prop ed visits,2026-10-03,04,quantile,0.9,1e-4
2026-10-10,-1,wk inc rsv prop ed visits,2026-10-03,04,quantile,0.95,1e-4
2026-10-10,-1,wk inc rsv prop ed visits,2026-10-03,04,quantile,0.975,1e-4
2026-10-10,-1,wk inc rsv prop ed visits,2026-10-03,04,quantile,0.99,1e-4
2026-10-10,-1,wk inc rsv prop ed visits,2026-10-03,05,quantile,0.01,7.000000000000001e-4
2026-10-10,-1,wk inc rsv prop ed visits,2026-10-03,05,quantile,0.025,7.000000000000001e-4
2026-10-10,-1,wk inc rsv prop ed visits,2026-10-03,05,quantile,0.05,7.000000000000001e-4
2026-10-10,-1,wk inc rsv prop ed visits,2026-10-03,05,quantile,0.1,7.000000000000001e-4
2026-10-10,-1,wk inc rsv prop ed visits,2026-10-03,05,quantile,0.15,7.000000000000001e-4
2026-10-10,-1,wk inc rsv prop ed visits,2026-10-03,05,quantile,0.2,7.000000000000001e-4
2026-10-10,-1,wk inc rsv prop ed visits,2026-10-03,05,quantile,0.25,7.000000000000001e-4
2026-10-10,-1,wk inc rsv prop ed visits,2026-10-03,05,quantile,0.3,7.000000000000001e-4
2026-10-10,-1,wk inc rsv prop ed visits,2026-10-03,05,quantile,0.35,7.000000000000001e-4
2026-10-10,-1,wk inc rsv prop ed visits,2026-10-03,05,quantile,0.4,7.000000000000001e-4
2026-10-10,-1,wk inc rsv prop ed visits,2026-10-03,05,quantile,0.45,7.000000000000001e-4
2026-10-10,-1,wk inc rsv prop ed visits,2026-10-03,05,quantile,0.5,7.000000000000001e-4
2026-10-10,-1,wk inc rsv prop ed visits,2026-10-03,05,quantile,0.55,7.000000000000001e-4
2026-10-10,-1,wk inc rsv prop ed visits,2026-10-03,05,quantile,0.6,7.000000000000001e-4
2026-10-10,-1,wk inc rsv prop ed visits,2026-10-03,05,quantile,0.65,7.000000000000001e-4
2026-10-10,-1,wk inc rsv prop ed visits,2026-10-03,05,quantile,0.7,7.000000000000001e-4
2026-10-10,-1,wk inc rsv prop ed visits,2026-10-03,05,quantile,0.75,7.000000000000001e-4
2026-10-10,-1,wk inc rsv prop ed visits,2026-10-03,05,quantile,0.8,7.000000000000001e-4
2026-10-10,-1,wk inc rsv prop ed visits,2026-10-03,05,quantile,0.85,7.000000000000001e-4
2026-10-10,-1,wk inc rsv prop ed visits,2026-10-03,05,quantile,0.9,7.000000000000001e-4
2026-10-10,-1,wk inc rsv prop ed visits,2026-10-03,05,quantile,0.95,7.000000000000001e-4
2026-10-10,-1,wk inc rsv prop ed visits,2026-10-03,05,quantile,0.975,7.000000000000001e-4
2026-10-10,-1,wk inc rsv prop ed visits,2026-10-03,05,quantile,0.99,7.000000000000001e-4
2026-10-10,-1,wk inc rsv prop ed visits,2026-10-03,06,quantile,0.01,2e-4
2026-10-10,-1,wk inc rsv prop ed visits,2026-10-03,06,quantile,0.025,2e-4
2026-10-10,-1,wk inc rsv prop ed visits,2026-10-03,06,quantile,0.05,2e-4
2026-10-10,-1,wk inc rsv prop ed visits,2026-10-03,06,quantile,0.1,2e-4
2026-10-10,-1,wk inc rsv prop ed visits,2026-10-03,06,quantile,0.15,2e-4
2026-10-10,-1,wk inc rsv prop ed visits,2026-10-03,06,quantile,0.2,2e-4
2026-10-10,-1,wk inc rsv prop ed visits,2026-10-03,06,quantile,0.25,2e-4
2026-10-10,-1,wk inc rsv prop ed visits,2026-10-03,06,quantile,0.3,2e-4
2026-10-10,-1,wk inc rsv prop ed visits,2026-10-03,06,quantile,0.35,2e-4
2026-10-10,-1,wk inc rsv prop ed visits,2026-10-03,06,quantile,0.4,2e-4
2026-10-10,-1,wk inc rsv prop ed visits,2026-10-03,06,quantile,0.45,2e-4
2026-10-10,-1,wk inc rsv prop ed visits,2026-10-03,06,quantile,0.5,2e-4
2026-10-10,-1,wk inc rsv prop ed visits,2026-10-03,06,quantile,0.55,2e-4
2026-10-10,-1,wk inc rsv prop ed visits,2026-10-03,06,quantile,0.6,2e-4
2026-10-10,-1,wk inc rsv prop ed visits,2026-10-03,06,quantile,0.65,2e-4
2026-10-10,-1,wk inc rsv prop ed visits,2026-10-03,06,quantile,0.7,2e-4
2026-10-10,-1,wk inc rsv prop ed visits,2026-10-03,06,quantile,0.75,2e-4
2026-10-10,-1,wk inc rsv prop ed visits,2026-10-03,06,quantile,0.8,2e-4
2026-10-10,-1,wk inc rsv prop ed visits,2026-10-03,06,quantile,0.85,2e-4
2026-10-10,-1,wk inc rsv prop ed visits,2026-10-03,06,quantile,0.9,2e-4
2026-10-10,-1,wk inc rsv prop ed visits,2026-10-03,06,quantile,0.95,2e-4
2026-10-10,-1,wk inc rsv prop ed visits,2026-10-03,06,quantile,0.975,2e-4
2026-10-10,-1,wk inc rsv prop ed visits,2026-10-03,06,quantile,0.99,2e-4
2026-10-10,-1,wk inc rsv prop ed visits,2026-10-03,08,quantile,0.01,1e-4
2026-10-10,-1,wk inc rsv prop ed visits,2026-10-03,08,quantile,0.025,1e-4
2026-10-10,-1,wk inc rsv prop ed visits,2026-10-03,08,quantile,0.05,1e-4
2026-10-10,-1,wk inc rsv prop ed visits,2026-10-03,08,quantile,0.1,1e-4
2026-10-10,-1,wk inc rsv prop ed visits,2026-10-03,08,quantile,0.15,1e-4
2026-10-10,-1,wk inc rsv prop ed visits,2026-10-03,08,quantile,0.2,1e-4
2026-10-10,-1,wk inc rsv prop ed visits,2026-10-03,08,quantile,0.25,1e-4
2026-10-10,-1,wk inc rsv prop ed visits,2026-10-03,08,quantile,0.3,1e-4
2026-10-10,-1,wk inc rsv prop ed visits,2026-10-03,08,quantile,0.35,1e-4
2026-10-10,-1,wk inc rsv prop ed visits,2026-10-03,08,quantile,0.4,1e-4
2026-10-10,-1,wk inc rsv prop ed visits,2026-10-03,08,quantile,0.45,1e-4
2026-10-10,-1,wk inc rsv prop ed visits,2026-10-03,08,quantile,0.5,1e-4
2026-10-10,-1,wk inc rsv prop ed visits,2026-10-03,08,quantile,0.55,1e-4
2026-10-10,-1,wk inc rsv prop ed visits,2026-10-03,08,quantile,0.6,1e-4
2026-10-10,-1,wk inc rsv prop ed visits,2026-10-03,08,quantile,0.65,1e-4
2026-10-10,-1,wk inc rsv prop ed visits,2026-10-03,08,quantile,0.7,1e-4
2026-10-10,-1,wk inc rsv prop ed visits,2026-10-03,08,quantile,0.75,1e-4
2026-10-10,-1,wk inc rsv prop ed visits,2026-10-03,08,quantile,0.8,1e-4
2026-10-10,-1,wk inc rsv prop ed visits,2026-10-03,08,quantile,0.85,1e-4
2026-10-10,-1,wk inc rsv prop ed visits,2026-10-03,08,quantile,0.9,1e-4
2026-10-10,-1,wk inc rsv prop ed visits,2026-10-03,08,quantile,0.95,1e-4
2026-10-10,-1,wk inc rsv prop ed visits,2026-10-03,08,quantile,0.975,1e-4
2026-10-10,-1,wk inc rsv prop ed visits,2026-10-03,08,quantile,0.99,1e-4
2026-10-10,-1,wk inc rsv prop ed visits,2026-10-03,09,quantile,0.01,2e-4
2026-10-10,-1,wk inc rsv prop ed visits,2026-10-03,09,quantile,0.025,2e-4
2026-10-10,-1,wk inc rsv prop ed visits,2026-10-03,09,quantile,0.05,2e-4
2026-10-10,-1,wk inc rsv prop ed visits,2026-10-03,09,quantile,0.1,2e-4
2026-10-10,-1,wk inc rsv prop ed visits,2026-10-03,09,quantile,0.15,2e-4
2026-10-10,-1,wk inc rsv prop ed visits,2026-10-03,09,quantile,0.2,2e-4
2026-10-10,-1,wk inc rsv prop ed visits,2026-10-03,09,quantile,0.25,2e-4
2026-10-10,-1,wk inc rsv prop ed visits,2026-10-03,09,quantile,0.3,2e-4
2026-10-10,-1,wk inc rsv prop ed visits,2026-10-03,09,quantile,0.35,2e-4
2026-10-10,-1,wk inc rsv prop ed visits,2026-10-03,09,quantile,0.4,2e-4
2026-10-10,-1,wk inc rsv prop ed visits,2026-10-03,09,quantile,0.45,2e-4
2026-10-10,-1,wk inc rsv prop ed visits,2026-10-03,09,quantile,0.5,2e-4
2026-10-10,-1,wk inc rsv prop ed visits,2026-10-03,09,quantile,0.55,2e-4
2026-10-10,-1,wk inc rsv prop ed visits,2026-10-03,09,quantile,0.6,2e-4
2026-10-10,-1,wk inc rsv prop ed visits,2026-10-03,09,quantile,0.65,2e-4
2026-10-10,-1,wk inc rsv prop ed visits,2026-10-03,09,quantile,0.7,2e-4
2026-10-10,-1,wk inc rsv prop ed visits,2026-10-03,09,quantile,0.75,2e-4
2026-10-10,-1,wk inc rsv prop ed visits,2026-10-03,09,quantile,0.8,2e-4
2026-10-10,-1,wk inc rsv prop ed visits,2026-10-03,09,quantile,0.85,2e-4
2026-10-10,-1,wk inc rsv prop ed visits,2026-10-03,09,quantile,0.9,2e-4
2026-10-10,-1,wk inc rsv prop ed visits,2026-10-03,09,quantile,0.95,2e-4
2026-10-10,-1,wk inc rsv prop ed visits,2026-10-03,09,quantile,0.975,2e-4
2026-10-10,-1,wk inc rsv prop ed visits,2026-10-03,09,quantile,0.99,2e-4
2026-10-10,-1,wk inc rsv prop ed visits,2026-10-03,10,quantile,0.01,5e-4
2026-10-10,-1,wk inc rsv prop ed visits,2026-10-03,10,quantile,0.025,5e-4
2026-10-10,-1,wk inc rsv prop ed visits,2026-10-03,10,quantile,0.05,5e-4
2026-10-10,-1,wk inc rsv prop ed visits,2026-10-03,10,quantile,0.1,5e-4
2026-10-10,-1,wk inc rsv prop ed visits,2026-10-03,10,quantile,0.15,5e-4
2026-10-10,-1,wk inc rsv prop ed visits,2026-10-03,10,quantile,0.2,5e-4
2026-10-10,-1,wk inc rsv prop ed visits,2026-10-03,10,quantile,0.25,5e-4
2026-10-10,-1,wk inc rsv prop ed visits,2026-10-03,10,quantile,0.3,5e-4
2026-10-10,-1,wk inc rsv prop ed visits,2026-10-03,10,quantile,0.35,5e-4
2026-10-10,-1,wk inc rsv prop ed visits,2026-10-03,10,quantile,0.4,5e-4
2026-10-10,-1,wk inc rsv prop ed visits,2026-10-03,10,quantile,0.45,5e-4
2026-10-10,-1,wk inc rsv prop ed visits,2026-10-03,10,quantile,0.5,5e-4
2026-10-10,-1,wk inc rsv prop ed visits,2026-10-03,10,quantile,0.55,5e-4
2026-10-10,-1,wk inc rsv prop ed visits,2026-10-03,10,quantile,0.6,5e-4
2026-10-10,-1,wk inc rsv prop ed visits,2026-10-03,10,quantile,0.65,5e-4
2026-10-10,-1,wk inc rsv prop ed visits,2026-10-03,10,quantile,0.7,5e-4
2026-10-10,-1,wk inc rsv prop ed visits,2026-10-03,10,quantile,0.75,5e-4
2026-10-10,-1,wk inc rsv prop ed visits,2026-10-03,10,quantile,0.8,5e-4
2026-10-10,-1,wk inc rsv prop ed visits,2026-10-03,10,quantile,0.85,5e-4
2026-10-10,-1,wk inc rsv prop ed visits,2026-10-03,10,quantile,0.9,5e-4
2026-10-10,-1,wk inc rsv prop ed visits,2026-10-03,10,quantile,0.95,5e-4
2026-10-10,-1,wk inc rsv prop ed visits,2026-10-03,10,quantile,0.975,5e-4
2026-10-10,-1,wk inc rsv prop ed visits,2026-10-03,10,quantile,0.99,5e-4
2026-10-10,-1,wk inc rsv prop ed visits,2026-10-03,11,quantile,0.01,3e-4
2026-10-10,-1,wk inc rsv prop ed visits,2026-10-03,11,quantile,0.025,3e-4
2026-10-10,-1,wk inc rsv prop ed visits,2026-10-03,11,quantile,0.05,3e-4
2026-10-10,-1,wk inc rsv prop ed visits,2026-10-03,11,quantile,0.1,3e-4
2026-10-10,-1,wk inc rsv prop ed visits,2026-10-03,11,quantile,0.15,3e-4
2026-10-10,-1,wk inc rsv prop ed visits,2026-10-03,11,quantile,0.2,3e-4
2026-10-10,-1,wk inc rsv prop ed visits,2026-10-03,11,quantile,0.25,3e-4
2026-10-10,-1,wk inc rsv prop ed visits,2026-10-03,11,quantile,0.3,3e-4
2026-10-10,-1,wk inc rsv prop ed visits,2026-10-03,11,quantile,0.35,3e-4
2026-10-10,-1,wk inc rsv prop ed visits,2026-10-03,11,quantile,0.4,3e-4
2026-10-10,-1,wk inc rsv prop ed visits,2026-10-03,11,quantile,0.45,3e-4
2026-10-10,-1,wk inc rsv prop ed visits,2026-10-03,11,quantile,0.5,3e-4
2026-10-10,-1,wk inc rsv prop ed visits,2026-10-03,11,quantile,0.55,3e-4
2026-10-10,-1,wk inc rsv prop ed visits,2026-10-03,11,quantile,0.6,3e-4
2026-10-10,-1,wk inc rsv prop ed visits,2026-10-03,11,quantile,0.65,3e-4
2026-10-10,-1,wk inc rsv prop ed visits,2026-10-03,11,quantile,0.7,3e-4
2026-10-10,-1,wk inc rsv prop ed visits,2026-10-03,11,quantile,0.75,3e-4
2026-10-10,-1,wk inc rsv prop ed visits,2026-10-03,11,quantile,0.8,3e-4
2026-10-10,-1,wk inc rsv prop ed visits,2026-10-03,11,quantile,0.85,3e-4
2026-10-10,-1,wk inc rsv prop ed visits,2026-10-03,11,quantile,0.9,3e-4
2026-10-10,-1,wk inc rsv prop ed visits,2026-10-03,11,quantile,0.95,3e-4
2026-10-10,-1,wk inc rsv prop ed visits,2026-10-03,11,quantile,0.975,3e-4
2026-10-10,-1,wk inc rsv prop ed visits,2026-10-03,11,quantile,0.99,3e-4
2026-10-10,-1,wk inc rsv prop ed visits,2026-10-03,12,quantile,0.01,0.0022
2026-10-10,-1,wk inc rsv prop ed visits,2026-10-03,12,quantile,0.025,0.0022
2026-10-10,-1,wk inc rsv prop ed visits,2026-10-03,12,quantile,0.05,0.0022
2026-10-10,-1,wk inc rsv prop ed visits,2026-10-03,12,quantile,0.1,0.0022
2026-10-10,-1,wk inc rsv prop ed visits,2026-10-03,12,quantile,0.15,0.0022
2026-10-10,-1,wk inc rsv prop ed visits,2026-10-03,12,quantile,0.2,0.0022
2026-10-10,-1,wk inc rsv prop ed visits,2026-10-03,12,quantile,0.25,0.0022
2026-10-10,-1,wk inc rsv prop ed visits,2026-10-03,12,quantile,0.3,0.0022
2026-10-10,-1,wk inc rsv prop ed visits,2026-10-03,12,quantile,0.35,0.0022
2026-10-10,-1,wk inc rsv prop ed visits,2026-10-03,12,quantile,0.4,0.0022
2026-10-10,-1,wk inc rsv prop ed visits,2026-10-03,12,quantile,0.45,0.0022
2026-10-10,-1,wk inc rsv prop ed visits,2026-10-03,12,quantile,0.5,0.0022
2026-10-10,-1,wk inc rsv prop ed visits,2026-10-03,12,quantile,0.55,0.0022
2026-10-10,-1,wk inc rsv prop ed visits,2026-10-03,12,quantile,0.6,0.0022
2026-10-10,-1,wk inc rsv prop ed visits,2026-10-03,12,quantile,0.65,0.0022
2026-10-10,-1,wk inc rsv prop ed visits,2026-10-03,12,quantile,0.7,0.0022
2026-10-10,-1,wk inc rsv prop ed visits,2026-10-03,12,quantile,0.75,0.0022
2026-10-10,-1,wk inc rsv prop ed visits,2026-10-03,12,quantile,0.8,0.0022
2026-10-10,-1,wk inc rsv prop ed visits,2026-10-03,12,quantile,0.85,0.0022
2026-10-10,-1,wk inc rsv prop ed visits,2026-10-03,12,quantile,0.9,0.0022
2026-10-10,-1,wk inc rsv prop ed visits,2026-10-03,12,quantile,0.95,0.0022
2026-10-10,-1,wk inc rsv prop ed visits,2026-10-03,12,quantile,0.975,0.0022
2026-10-10,-1,wk inc rsv prop ed visits,2026-10-03,12,quantile,0.99,0.0022
2026-10-10,-1,wk inc rsv prop ed visits,2026-10-03,13,quantile,0.01,9e-4
2026-10-10,-1,wk inc rsv prop ed visits,2026-10-03,13,quantile,0.025,9e-4
2026-10-10,-1,wk inc rsv prop ed visits,2026-10-03,13,quantile,0.05,9e-4
2026-10-10,-1,wk inc rsv prop ed visits,2026-10-03,13,quantile,0.1,9e-4
2026-10-10,-1,wk inc rsv prop ed visits,2026-10-03,13,quantile,0.15,9e-4
2026-10-10,-1,wk inc rsv prop ed visits,2026-10-03,13,quantile,0.2,9e-4
2026-10-10,-1,wk inc rsv prop ed visits,2026-10-03,13,quantile,0.25,9e-4
2026-10-10,-1,wk inc rsv prop ed visits,2026-10-03,13,quantile,0.3,9e-4
2026-10-10,-1,wk inc rsv prop ed visits,2026-10-03,13,quantile,0.35,9e-4
2026-10-10,-1,wk inc rsv prop ed visits,2026-10-03,13,quantile,0.4,9e-4
2026-10-10,-1,wk inc rsv prop ed visits,2026-10-03,13,quantile,0.45,9e-4
2026-10-10,-1,wk inc rsv prop ed visits,2026-10-03,13,quantile,0.5,9e-4
2026-10-10,-1,wk inc rsv prop ed visits,2026-10-03,13,quantile,0.55,9e-4
2026-10-10,-1,wk inc rsv prop ed visits,2026-10-03,13,quantile,0.6,9e-4
2026-10-10,-1,wk inc rsv prop ed visits,2026-10-03,13,quantile,0.65,9e-4
2026-10-10,-1,wk inc rsv prop ed visits,2026-10-03,13,quantile,0.7,9e-4
2026-10-10,-1,wk inc rsv prop ed visits,2026-10-03,13,quantile,0.75,9e-4
2026-10-10,-1,wk inc rsv prop ed visits,2026-10-03,13,quantile,0.8,9e-4
2026-10-10,-1,wk inc rsv prop ed visits,2026-10-03,13,quantile,0.85,9e-4
2026-10-10,-1,wk inc rsv prop ed visits,2026-10-03,13,quantile,0.9,9e-4
2026-10-10,-1,wk inc rsv prop ed visits,2026-10-03,13,quantile,0.95,9e-4
2026-10-10,-1,wk inc rsv prop ed visits,2026-10-03,13,quantile,0.975,9e-4
2026-10-10,-1,wk inc rsv prop ed visits,2026-10-03,13,quantile,0.99,9e-4
2026-10-10,-1,wk inc rsv prop ed visits,2026-10-03,15,quantile,0.01,0.0022
2026-10-10,-1,wk inc rsv prop ed visits,2026-10-03,15,quantile,0.025,0.0022
2026-10-10,-1,wk inc rsv prop ed visits,2026-10-03,15,quantile,0.05,0.0022
2026-10-10,-1,wk inc rsv prop ed visits,2026-10-03,15,quantile,0.1,0.0022
2026-10-10,-1,wk inc rsv prop ed visits,2026-10-03,15,quantile,0.15,0.0022
2026-10-10,-1,wk inc rsv prop ed visits,2026-10-03,15,quantile,0.2,0.0022
2026-10-10,-1,wk inc rsv prop ed visits,2026-10-03,15,quantile,0.25,0.0022
2026-10-10,-1,wk inc rsv prop ed visits,2026-10-03,15,quantile,0.3,0.0022
2026-10-10,-1,wk inc rsv prop ed visits,2026-10-03,15,quantile,0.35,0.0022
2026-10-10,-1,wk inc rsv prop ed visits,2026-10-03,15,quantile,0.4,0.0022
2026-10-10,-1,wk inc rsv prop ed visits,2026-10-03,15,quantile,0.45,0.0022
2026-10-10,-1,wk inc rsv prop ed visits,2026-10-03,15,quantile,0.5,0.0022
2026-10-10,-1,wk inc rsv prop ed visits,2026-10-03,15,quantile,0.55,0.0022
2026-10-10,-1,wk inc rsv prop ed visits,2026-10-03,15,quantile,0.6,0.0022
2026-10-10,-1,wk inc rsv prop ed visits,2026-10-03,15,quantile,0.65,0.0022
2026-10-10,-1,wk inc rsv prop ed visits,2026-10-03,15,quantile,0.7,0.0022
2026-10-10,-1,wk inc rsv prop ed visits,2026-10-03,15,quantile,0.75,0.0022
2026-10-10,-1,wk inc rsv prop ed visits,2026-10-03,15,quantile,0.8,0.0022
2026-10-10,-1,wk inc rsv prop ed visits,2026-10-03,15,quantile,0.85,0.0022
2026-10-10,-1,wk inc rsv prop ed visits,2026-10-03,15,quantile,0.9,0.0022
2026-10-10,-1,wk inc rsv prop ed visits,2026-10-03,15,quantile,0.95,0.0022
2026-10-10,-1,wk inc rsv prop ed visits,2026-10-03,15,quantile,0.975,0.0022
2026-10-10,-1,wk inc rsv prop ed visits,2026-10-03,15,quantile,0.99,0.0022
2026-10-10,-1,wk inc rsv prop ed visits,2026-10-03,16,quantile,0.01,4e-4
2026-10-10,-1,wk inc rsv prop ed visits,2026-10-03,16,quantile,0.025,4e-4
2026-10-10,-1,wk inc rsv prop ed visits,2026-10-03,16,quantile,0.05,4e-4
2026-10-10,-1,wk inc rsv prop ed visits,2026-10-03,16,quantile,0.1,4e-4
2026-10-10,-1,wk inc rsv prop ed visits,2026-10-03,16,quantile,0.15,4e-4
2026-10-10,-1,wk inc rsv prop ed visits,2026-10-03,16,quantile,0.2,4e-4
2026-10-10,-1,wk inc rsv prop ed visits,2026-10-03,16,quantile,0.25,4e-4
2026-10-10,-1,wk inc rsv prop ed visits,2026-10-03,16,quantile,0.3,4e-4
2026-10-10,-1,wk inc rsv prop ed visits,2026-10-03,16,quantile,0.35,4e-4
2026-10-10,-1,wk inc rsv prop ed visits,2026-10-03,16,quantile,0.4,4e-4
2026-10-10,-1,wk inc rsv prop ed visits,2026-10-03,16,quantile,0.45,4e-4
2026-10-10,-1,wk inc rsv prop ed visits,2026-10-03,16,quantile,0.5,4e-4
2026-10-10,-1,wk inc rsv prop ed visits,2026-10-03,16,quantile,0.55,4e-4
2026-10-10,-1,wk inc rsv prop ed visits,2026-10-03,16,quantile,0.6,4e-4
2026-10-10,-1,wk inc rsv prop ed visits,2026-10-03,16,quantile,0.65,4e-4
2026-10-10,-1,wk inc rsv prop ed visits,2026-10-03,16,quantile,0.7,4e-4
2026-10-10,-1,wk inc rsv prop ed visits,2026-10-03,16,quantile,0.75,4e-4
2026-10-10,-1,wk inc rsv prop ed visits,2026-10-03,16,quantile,0.8,4e-4
2026-10-10,-1,wk inc rsv prop ed visits,2026-10-03,16,quantile,0.85,4e-4
2026-10-10,-1,wk inc rsv prop ed visits,2026-10-03,16,quantile,0.9,4e-4
2026-10-10,-1,wk inc rsv prop ed visits,2026-10-03,16,quantile,0.95,4e-4
2026-10-10,-1,wk inc rsv prop ed visits,2026-10-03,16,quantile,0.975,4e-4
2026-10-10,-1,wk inc rsv prop ed visits,2026-10-03,16,quantile,0.99,4e-4
2026-10-10,-1,wk inc rsv prop ed visits,2026-10-03,17,quantile,0.01,2e-4
2026-10-10,-1,wk inc rsv prop ed visits,2026-10-03,17,quantile,0.025,2e-4
2026-10-10,-1,wk inc rsv prop ed visits,2026-10-03,17,quantile,0.05,2e-4
2026-10-10,-1,wk inc rsv prop ed visits,2026-10-03,17,quantile,0.1,2e-4
2026-10-10,-1,wk inc rsv prop ed visits,2026-10-03,17,quantile,0.15,2e-4
2026-10-10,-1,wk inc rsv prop ed visits,2026-10-03,17,quantile,0.2,2e-4
2026-10-10,-1,wk inc rsv prop ed visits,2026-10-03,17,quantile,0.25,2e-4
2026-10-10,-1,wk inc rsv prop ed visits,2026-10-03,17,quantile,0.3,2e-4
2026-10-10,-1,wk inc rsv prop ed visits,2026-10-03,17,quantile,0.35,2e-4
2026-10-10,-1,wk inc rsv prop ed visits,2026-10-03,17,quantile,0.4,2e-4
2026-10-10,-1,wk inc rsv prop ed visits,2026-10-03,17,quantile,0.45,2e-4
2026-10-10,-1,wk inc rsv prop ed visits,2026-10-03,17,quantile,0.5,2e-4
2026-10-10,-1,wk inc rsv prop ed visits,2026-10-03,17,quantile,0.55,2e-4
2026-10-10,-1,wk inc rsv prop ed visits,2026-10-03,17,quantile,0.6,2e-4
2026-10-10,-1,wk inc rsv prop ed visits,2026-10-03,17,quantile,0.65,2e-4
2026-10-10,-1,wk inc rsv prop ed visits,2026-10-03,17,quantile,0.7,2e-4
2026-10-10,-1,wk inc rsv prop ed visits,2026-10-03,17,quantile,0.75,2e-4
2026-10-10,-1,wk inc rsv prop ed visits,2026-10-03,17,quantile,0.8,2e-4
2026-10-10,-1,wk inc rsv prop ed visits,2026-10-03,17,quantile,0.85,2e-4
2026-10-10,-1,wk inc rsv prop ed visits,2026-10-03,17,quantile,0.9,2e-4
2026-10-10,-1,wk inc rsv prop ed visits,2026-10-03,17,quantile,0.95,2e-4
2026-10-10,-1,wk inc rsv prop ed visits,2026-10-03,17,quantile,0.975,2e-4
2026-10-10,-1,wk inc rsv prop ed visits,2026-10-03,17,quantile,0.99,2e-4
2026-10-10,-1,wk inc rsv prop ed visits,2026-10-03,18,quantile,0.01,5e-4
2026-10-10,-1,wk inc rsv prop ed visits,2026-10-03,18,quantile,0.025,5e-4
2026-10-10,-1,wk inc rsv prop ed visits,2026-10-03,18,quantile,0.05,5e-4
2026-10-10,-1,wk inc rsv prop ed visits,2026-10-03,18,quantile,0.1,5e-4
2026-10-10,-1,wk inc rsv prop ed visits,2026-10-03,18,quantile,0.15,5e-4
2026-10-10,-1,wk inc rsv prop ed visits,2026-10-03,18,quantile,0.2,5e-4
2026-10-10,-1,wk inc rsv prop ed visits,2026-10-03,18,quantile,0.25,5e-4
2026-10-10,-1,wk inc rsv prop ed visits,2026-10-03,18,quantile,0.3,5e-4
2026-10-10,-1,wk inc rsv prop ed visits,2026-10-03,18,quantile,0.35,5e-4
2026-10-10,-1,wk inc rsv prop ed visits,2026-10-03,18,quantile,0.4,5e-4
2026-10-10,-1,wk inc rsv prop ed visits,2026-10-03,18,quantile,0.45,5e-4
2026-10-10,-1,wk inc rsv prop ed visits,2026-10-03,18,quantile,0.5,5e-4
2026-10-10,-1,wk inc rsv prop ed visits,2026-10-03,18,quantile,0.55,5e-4
2026-10-10,-1,wk inc rsv prop ed visits,2026-10-03,18,quantile,0.6,5e-4
2026-10-10,-1,wk inc rsv prop ed visits,2026-10-03,18,quantile,0.65,5e-4
2026-10-10,-1,wk inc rsv prop ed visits,2026-10-03,18,quantile,0.7,5e-4
2026-10-10,-1,wk inc rsv prop ed visits,2026-10-03,18,quantile,0.75,5e-4
2026-10-10,-1,wk inc rsv prop ed visits,2026-10-03,18,quantile,0.8,5e-4
2026-10-10,-1,wk inc rsv prop ed visits,2026-10-03,18,quantile,0.85,5e-4
2026-10-10,-1,wk inc rsv prop ed visits,2026-10-03,18,quantile,0.9,5e-4
2026-10-10,-1,wk inc rsv prop ed visits,2026-10-03,18,quantile,0.95,5e-4
2026-10-10,-1,wk inc rsv prop ed visits,2026-10-03,18,quantile,0.975,5e-4
2026-10-10,-1,wk inc rsv prop ed visits,2026-10-03,18,quantile,0.99,5e-4
2026-10-10,-1,wk inc rsv prop ed visits,2026-10-03,20,quantile,0.01,0
2026-10-10,-1,wk inc rsv prop ed visits,2026-10-03,20,quantile,0.025,0
2026-10-10,-1,wk inc rsv prop ed visits,2026-10-03,20,quantile,0.05,0
2026-10-10,-1,wk inc rsv prop ed visits,2026-10-03,20,quantile,0.1,0
2026-10-10,-1,wk inc rsv prop ed visits,2026-10-03,20,quantile,0.15,0
2026-10-10,-1,wk inc rsv prop ed visits,2026-10-03,20,quantile,0.2,0
2026-10-10,-1,wk inc rsv prop ed visits,2026-10-03,20,quantile,0.25,0
2026-10-10,-1,wk inc rsv prop ed visits,2026-10-03,20,quantile,0.3,0
2026-10-10,-1,wk inc rsv prop ed visits,2026-10-03,20,quantile,0.35,0
2026-10-10,-1,wk inc rsv prop ed visits,2026-10-03,20,quantile,0.4,0
2026-10-10,-1,wk inc rsv prop ed visits,2026-10-03,20,quantile,0.45,0
2026-10-10,-1,wk inc rsv prop ed visits,2026-10-03,20,quantile,0.5,0
2026-10-10,-1,wk inc rsv prop ed visits,2026-10-03,20,quantile,0.55,0
2026-10-10,-1,wk inc rsv prop ed visits,2026-10-03,20,quantile,0.6,0
2026-10-10,-1,wk inc rsv prop ed visits,2026-10-03,20,quantile,0.65,0
2026-10-10,-1,wk inc rsv prop ed visits,2026-10-03,20,quantile,0.7,0
2026-10-10,-1,wk inc rsv prop ed visits,2026-10-03,20,quantile,0.75,0
2026-10-10,-1,wk inc rsv prop ed visits,2026-10-03,20,quantile,0.8,0
2026-10-10,-1,wk inc rsv prop ed visits,2026-10-03,20,quantile,0.85,0
2026-10-10,-1,wk inc rsv prop ed visits,2026-10-03,20,quantile,0.9,0
2026-10-10,-1,wk inc rsv prop ed visits,2026-10-03,20,quantile,0.95,0
2026-10-10,-1,wk inc rsv prop ed visits,2026-10-03,20,quantile,0.975,0
2026-10-10,-1,wk inc rsv prop ed visits,2026-10-03,20,quantile,0.99,0
2026-10-10,-1,wk inc rsv prop ed visits,2026-10-03,21,quantile,0.01,8e-4
2026-10-10,-1,wk inc rsv prop ed visits,2026-10-03,21,quantile,0.025,8e-4
2026-10-10,-1,wk inc rsv prop ed visits,2026-10-03,21,quantile,0.05,8e-4
2026-10-10,-1,wk inc rsv prop ed visits,2026-10-03,21,quantile,0.1,8e-4
2026-10-10,-1,wk inc rsv prop ed visits,2026-10-03,21,quantile,0.15,8e-4
2026-10-10,-1,wk inc rsv prop ed visits,2026-10-03,21,quantile,0.2,8e-4
2026-10-10,-1,wk inc rsv prop ed visits,2026-10-03,21,quantile,0.25,8e-4
2026-10-10,-1,wk inc rsv prop ed visits,2026-10-03,21,quantile,0.3,8e-4
2026-10-10,-1,wk inc rsv prop ed visits,2026-10-03,21,quantile,0.35,8e-4
2026-10-10,-1,wk inc rsv prop ed visits,2026-10-03,21,quantile,0.4,8e-4
2026-10-10,-1,wk inc rsv prop ed visits,2026-10-03,21,quantile,0.45,8e-4
2026-10-10,-1,wk inc rsv prop ed visits,2026-10-03,21,quantile,0.5,8e-4
2026-10-10,-1,wk inc rsv prop ed visits,2026-10-03,21,quantile,0.55,8e-4
2026-10-10,-1,wk inc rsv prop ed visits,2026-10-03,21,quantile,0.6,8e-4
2026-10-10,-1,wk inc rsv prop ed visits,2026-10-03,21,quantile,0.65,8e-4
2026-10-10,-1,wk inc rsv prop ed visits,2026-10-03,21,quantile,0.7,8e-4
2026-10-10,-1,wk inc rsv prop ed visits,2026-10-03,21,quantile,0.75,8e-4
2026-10-10,-1,wk inc rsv prop ed visits,2026-10-03,21,quantile,0.8,8e-4
2026-10-10,-1,wk inc rsv prop ed visits,2026-10-03,21,quantile,0.85,8e-4
2026-10-10,-1,wk inc rsv prop ed visits,2026-10-03,21,quantile,0.9,8e-4
2026-10-10,-1,wk inc rsv prop ed visits,2026-10-03,21,quantile,0.95,8e-4
2026-10-10,-1,wk inc rsv prop ed visits,2026-10-03,21,quantile,0.975,8e-4
2026-10-10,-1,wk inc rsv prop ed visits,2026-10-03,21,quantile,0.99,8e-4
2026-10-10,-1,wk inc rsv prop ed visits,2026-10-03,22,quantile,0.01,6e-4
2026-10-10,-1,wk inc rsv prop ed visits,2026-10-03,22,quantile,0.025,6e-4
2026-10-10,-1,wk inc rsv prop ed visits,2026-10-03,22,quantile,0.05,6e-4
2026-10-10,-1,wk inc rsv prop ed visits,2026-10-03,22,quantile,0.1,6e-4
2026-10-10,-1,wk inc rsv prop ed visits,2026-10-03,22,quantile,0.15,6e-4
2026-10-10,-1,wk inc rsv prop ed visits,2026-10-03,22,quantile,0.2,6e-4
2026-10-10,-1,wk inc rsv prop ed visits,2026-10-03,22,quantile,0.25,6e-4
2026-10-10,-1,wk inc rsv prop ed visits,2026-10-03,22,quantile,0.3,6e-4
2026-10-10,-1,wk inc rsv prop ed visits,2026-10-03,22,quantile,0.35,6e-4
2026-10-10,-1,wk inc rsv prop ed visits,2026-10-03,22,quantile,0.4,6e-4
2026-10-10,-1,wk inc rsv prop ed visits,2026-10-03,22,quantile,0.45,6e-4
2026-10-10,-1,wk inc rsv prop ed visits,2026-10-03,22,quantile,0.5,6e-4
2026-10-10,-1,wk inc rsv prop ed visits,2026-10-03,22,quantile,0.55,6e-4
2026-10-10,-1,wk inc rsv prop ed visits,2026-10-03,22,quantile,0.6,6e-4
2026-10-10,-1,wk inc rsv prop ed visits,2026-10-03,22,quantile,0.65,6e-4
2026-10-10,-1,wk inc rsv prop ed visits,2026-10-03,22,quantile,0.7,6e-4
2026-10-10,-1,wk inc rsv prop ed visits,2026-10-03,22,quantile,0.75,6e-4
2026-10-10,-1,wk inc rsv prop ed visits,2026-10-03,22,quantile,0.8,6e-4
2026-10-10,-1,wk inc rsv prop ed visits,2026-10-03,22,quantile,0.85,6e-4
2026-10-10,-1,wk inc rsv prop ed visits,2026-10-03,22,quantile,0.9,6e-4
2026-10-10,-1,wk inc rsv prop ed visits,2026-10-03,22,quantile,0.95,6e-4
2026-10-10,-1,wk inc rsv prop ed visits,2026-10-03,22,quantile,0.975,6e-4
2026-10-10,-1,wk inc rsv prop ed visits,2026-10-03,22,quantile,0.99,6e-4
2026-10-10,-1,wk inc rsv prop ed visits,2026-10-03,23,quantile,0.01,1e-4
2026-10-10,-1,wk inc rsv prop ed visits,2026-10-03,23,quantile,0.025,1e-4
2026-10-10,-1,wk inc rsv prop ed visits,2026-10-03,23,quantile,0.05,1e-4
2026-10-10,-1,wk inc rsv prop ed visits,2026-10-03,23,quantile,0.1,1e-4
2026-10-10,-1,wk inc rsv prop ed visits,2026-10-03,23,quantile,0.15,1e-4
2026-10-10,-1,wk inc rsv prop ed visits,2026-10-03,23,quantile,0.2,1e-4
2026-10-10,-1,wk inc rsv prop ed visits,2026-10-03,23,quantile,0.25,1e-4
2026-10-10,-1,wk inc rsv prop ed visits,2026-10-03,23,quantile,0.3,1e-4
2026-10-10,-1,wk inc rsv prop ed visits,2026-10-03,23,quantile,0.35,1e-4
2026-10-10,-1,wk inc rsv prop ed visits,2026-10-03,23,quantile,0.4,1e-4
2026-10-10,-1,wk inc rsv prop ed visits,2026-10-03,23,quantile,0.45,1e-4
2026-10-10,-1,wk inc rsv prop ed visits,2026-10-03,23,quantile,0.5,1e-4
2026-10-10,-1,wk inc rsv prop ed visits,2026-10-03,23,quantile,0.55,1e-4
2026-10-10,-1,wk inc rsv prop ed visits,2026-10-03,23,quantile,0.6,1e-4
2026-10-10,-1,wk inc rsv prop ed visits,2026-10-03,23,quantile,0.65,1e-4
2026-10-10,-1,wk inc rsv prop ed visits,2026-10-03,23,quantile,0.7,1e-4
2026-10-10,-1,wk inc rsv prop ed visits,2026-10-03,23,quantile,0.75,1e-4
2026-10-10,-1,wk inc rsv prop ed visits,2026-10-03,23,quantile,0.8,1e-4
2026-10-10,-1,wk inc rsv prop ed visits,2026-10-03,23,quantile,0.85,1e-4
2026-10-10,-1,wk inc rsv prop ed visits,2026-10-03,23,quantile,0.9,1e-4
2026-10-10,-1,wk inc rsv prop ed visits,2026-10-03,23,quantile,0.95,1e-4
2026-10-10,-1,wk inc rsv prop ed visits,2026-10-03,23,quantile,0.975,1e-4
2026-10-10,-1,wk inc rsv prop ed visits,2026-10-03,23,quantile,0.99,1e-4
2026-10-10,-1,wk inc rsv prop ed visits,2026-10-03,24,quantile,0.01,2e-4
2026-10-10,-1,wk inc rsv prop ed visits,2026-10-03,24,quantile,0.025,2e-4
2026-10-10,-1,wk inc rsv prop ed visits,2026-10-03,24,quantile,0.05,2e-4
2026-10-10,-1,wk inc rsv prop ed visits,2026-10-03,24,quantile,0.1,2e-4
2026-10-10,-1,wk inc rsv prop ed visits,2026-10-03,24,quantile,0.15,2e-4
2026-10-10,-1,wk inc rsv prop ed visits,2026-10-03,24,quantile,0.2,2e-4
2026-10-10,-1,wk inc rsv prop ed visits,2026-10-03,24,quantile,0.25,2e-4
2026-10-10,-1,wk inc rsv prop ed visits,2026-10-03,24,quantile,0.3,2e-4
2026-10-10,-1,wk inc rsv prop ed visits,2026-10-03,24,quantile,0.35,2e-4
2026-10-10,-1,wk inc rsv prop ed visits,2026-10-03,24,quantile,0.4,2e-4
2026-10-10,-1,wk inc rsv prop ed visits,2026-10-03,24,quantile,0.45,2e-4
2026-10-10,-1,wk inc rsv prop ed visits,2026-10-03,24,quantile,0.5,2e-4
2026-10-10,-1,wk inc rsv prop ed visits,2026-10-03,24,quantile,0.55,2e-4
2026-10-10,-1,wk inc rsv prop ed visits,2026-10-03,24,quantile,0.6,2e-4
2026-10-10,-1,wk inc rsv prop ed visits,2026-10-03,24,quantile,0.65,2e-4
2026-10-10,-1,wk inc rsv prop ed visits,2026-10-03,24,quantile,0.7,2e-4
2026-10-10,-1,wk inc rsv prop ed visits,2026-10-03,24,quantile,0.75,2e-4
2026-10-10,-1,wk inc rsv prop ed visits,2026-10-03,24,quantile,0.8,2e-4
2026-10-10,-1,wk inc rsv prop ed visits,2026-10-03,24,quantile,0.85,2e-4
2026-10-10,-1,wk inc rsv prop ed visits,2026-10-03,24,quantile,0.9,2e-4
2026-10-10,-1,wk inc rsv prop ed visits,2026-10-03,24,quantile,0.95,2e-4
2026-10-10,-1,wk inc rsv prop ed visits,2026-10-03,24,quantile,0.975,2e-4
2026-10-10,-1,wk inc rsv prop ed visits,2026-10-03,24,quantile,0.99,2e-4
2026-10-10,-1,wk inc rsv prop ed visits,2026-10-03,25,quantile,0.01,3e-4
2026-10-10,-1,wk inc rsv prop ed visits,2026-10-03,25,quantile,0.025,3e-4
2026-10-10,-1,wk inc rsv prop ed visits,2026-10-03,25,quantile,0.05,3e-4
2026-10-10,-1,wk inc rsv prop ed visits,2026-10-03,25,quantile,0.1,3e-4
2026-10-10,-1,wk inc rsv prop ed visits,2026-10-03,25,quantile,0.15,3e-4
2026-10-10,-1,wk inc rsv prop ed visits,2026-10-03,25,quantile,0.2,3e-4
2026-10-10,-1,wk inc rsv prop ed visits,2026-10-03,25,quantile,0.25,3e-4
2026-10-10,-1,wk inc rsv prop ed visits,2026-10-03,25,quantile,0.3,3e-4
2026-10-10,-1,wk inc rsv prop ed visits,2026-10-03,25,quantile,0.35,3e-4
2026-10-10,-1,wk inc rsv prop ed visits,2026-10-03,25,quantile,0.4,3e-4
2026-10-10,-1,wk inc rsv prop ed visits,2026-10-03,25,quantile,0.45,3e-4
2026-10-10,-1,wk inc rsv prop ed visits,2026-10-03,25,quantile,0.5,3e-4
2026-10-10,-1,wk inc rsv prop ed visits,2026-10-03,25,quantile,0.55,3e-4
2026-10-10,-1,wk inc rsv prop ed visits,2026-10-03,25,quantile,0.6,3e-4
2026-10-10,-1,wk inc rsv prop ed visits,2026-10-03,25,quantile,0.65,3e-4
2026-10-10,-1,wk inc rsv prop ed visits,2026-10-03,25,quantile,0.7,3e-4
2026-10-10,-1,wk inc rsv prop ed visits,2026-10-03,25,quantile,0.75,3e-4
2026-10-10,-1,wk inc rsv prop ed visits,2026-10-03,25,quantile,0.8,3e-4
2026-10-10,-1,wk inc rsv prop ed visits,2026-10-03,25,quantile,0.85,3e-4
2026-10-10,-1,wk inc rsv prop ed visits,2026-10-03,25,quantile,0.9,3e-4
2026-10-10,-1,wk inc rsv prop ed visits,2026-10-03,25,quantile,0.95,3e-4
2026-10-10,-1,wk inc rsv prop ed visits,2026-10-03,25,quantile,0.975,3e-4
2026-10-10,-1,wk inc rsv prop ed visits,2026-10-03,25,quantile,0.99,3e-4
2026-10-10,-1,wk inc rsv prop ed visits,2026-10-03,26,quantile,0.01,1e-4
2026-10-10,-1,wk inc rsv prop ed visits,2026-10-03,26,quantile,0.025,1e-4
2026-10-10,-1,wk inc rsv prop ed visits,2026-10-03,26,quantile,0.05,1e-4
2026-10-10,-1,wk inc rsv prop ed visits,2026-10-03,26,quantile,0.1,1e-4
2026-10-10,-1,wk inc rsv prop ed visits,2026-10-03,26,quantile,0.15,1e-4
2026-10-10,-1,wk inc rsv prop ed visits,2026-10-03,26,quantile,0.2,1e-4
2026-10-10,-1,wk inc rsv prop ed visits,2026-10-03,26,quantile,0.25,1e-4
2026-10-10,-1,wk inc rsv prop ed visits,2026-10-03,26,quantile,0.3,1e-4
2026-10-10,-1,wk inc rsv prop ed visits,2026-10-03,26,quantile,0.35,1e-4
2026-10-10,-1,wk inc rsv prop ed visits,2026-10-03,26,quantile,0.4,1e-4
2026-10-10,-1,wk inc rsv prop ed visits,2026-10-03,26,quantile,0.45,1e-4
2026-10-10,-1,wk inc rsv prop ed visits,2026-10-03,26,quantile,0.5,1e-4
2026-10-10,-1,wk inc rsv prop ed visits,2026-10-03,26,quantile,0.55,1e-4
2026-10-10,-1,wk inc rsv prop ed visits,2026-10-03,26,quantile,0.6,1e-4
2026-10-10,-1,wk inc rsv prop ed visits,2026-10-03,26,quantile,0.65,1e-4
2026-10-10,-1,wk inc rsv prop ed visits,2026-10-03,26,quantile,0.7,1e-4
2026-10-10,-1,wk inc rsv prop ed visits,2026-10-03,26,quantile,0.75,1e-4
2026-10-10,-1,wk inc rsv prop ed visits,2026-10-03,26,quantile,0.8,1e-4
2026-10-10,-1,wk inc rsv prop ed visits,2026-10-03,26,quantile,0.85,1e-4
2026-10-10,-1,wk inc rsv prop ed visits,2026-10-03,26,quantile,0.9,1e-4
2026-10-10,-1,wk inc rsv prop ed visits,2026-10-03,26,quantile,0.95,1e-4
2026-10-10,-1,wk inc rsv prop ed visits,2026-10-03,26,quantile,0.975,1e-4
2026-10-10,-1,wk inc rsv prop ed visits,2026-10-03,26,quantile,0.99,1e-4
2026-10-10,-1,wk inc rsv prop ed visits,2026-10-03,27,quantile,0.01,0
2026-10-10,-1,wk inc rsv prop ed visits,2026-10-03,27,quantile,0.025,0
2026-10-10,-1,wk inc rsv prop ed visits,2026-10-03,27,quantile,0.05,0
2026-10-10,-1,wk inc rsv prop ed visits,2026-10-03,27,quantile,0.1,0
2026-10-10,-1,wk inc rsv prop ed visits,2026-10-03,27,quantile,0.15,0
2026-10-10,-1,wk inc rsv prop ed visits,2026-10-03,27,quantile,0.2,0
2026-10-10,-1,wk inc rsv prop ed visits,2026-10-03,27,quantile,0.25,0
2026-10-10,-1,wk inc rsv prop ed visits,2026-10-03,27,quantile,0.3,0
2026-10-10,-1,wk inc rsv prop ed visits,2026-10-03,27,quantile,0.35,0
2026-10-10,-1,wk inc rsv prop ed visits,2026-10-03,27,quantile,0.4,0
2026-10-10,-1,wk inc rsv prop ed visits,2026-10-03,27,quantile,0.45,0
2026-10-10,-1,wk inc rsv prop ed visits,2026-10-03,27,quantile,0.5,0
2026-10-10,-1,wk inc rsv prop ed visits,2026-10-03,27,quantile,0.55,0
2026-10-10,-1,wk inc rsv prop ed visits,2026-10-03,27,quantile,0.6,0
2026-10-10,-1,wk inc rsv prop ed visits,2026-10-03,27,quantile,0.65,0
2026-10-10,-1,wk inc rsv prop ed visits,2026-10-03,27,quantile,0.7,0
2026-10-10,-1,wk inc rsv prop ed visits,2026-10-03,27,quantile,0.75,0
2026-10-10,-1,wk inc rsv prop ed visits,2026-10-03,27,quantile,0.8,0
2026-10-10,-1,wk inc rsv prop ed visits,2026-10-03,27,quantile,0.85,0
2026-10-10,-1,wk inc rsv prop ed visits,2026-10-03,27,quantile,0.9,0
2026-10-10,-1,wk inc rsv prop ed visits,2026-10-03,27,quantile,0.95,0
2026-10-10,-1,wk inc rsv prop ed visits,2026-10-03,27,quantile,0.975,0
2026-10-10,-1,wk inc rsv prop ed visits,2026-10-03,27,quantile,0.99,0
2026-10-10,-1,wk inc rsv prop ed visits,2026-10-03,28,quantile,0.01,8e-4
2026-10-10,-1,wk inc rsv prop ed visits,2026-10-03,28,quantile,0.025,8e-4
2026-10-10,-1,wk inc rsv prop ed visits,2026-10-03,28,quantile,0.05,8e-4
2026-10-10,-1,wk inc rsv prop ed visits,2026-10-03,28,quantile,0.1,8e-4
2026-10-10,-1,wk inc rsv prop ed visits,2026-10-03,28,quantile,0.15,8e-4
2026-10-10,-1,wk inc rsv prop ed visits,2026-10-03,28,quantile,0.2,8e-4
2026-10-10,-1,wk inc rsv prop ed visits,2026-10-03,28,quantile,0.25,8e-4
2026-10-10,-1,wk inc rsv prop ed visits,2026-10-03,28,quantile,0.3,8e-4
2026-10-10,-1,wk inc rsv prop ed visits,2026-10-03,28,quantile,0.35,8e-4
2026-10-10,-1,wk inc rsv prop ed visits,2026-10-03,28,quantile,0.4,8e-4
2026-10-10,-1,wk inc rsv prop ed visits,2026-10-03,28,quantile,0.45,8e-4
2026-10-10,-1,wk inc rsv prop ed visits,2026-10-03,28,quantile,0.5,8e-4
2026-10-10,-1,wk inc rsv prop ed visits,2026-10-03,28,quantile,0.55,8e-4
2026-10-10,-1,wk inc rsv prop ed visits,2026-10-03,28,quantile,0.6,8e-4
2026-10-10,-1,wk inc rsv prop ed visits,2026-10-03,28,quantile,0.65,8e-4
2026-10-10,-1,wk inc rsv prop ed visits,2026-10-03,28,quantile,0.7,8e-4
2026-10-10,-1,wk inc rsv prop ed visits,2026-10-03,28,quantile,0.75,8e-4
2026-10-10,-1,wk inc rsv prop ed visits,2026-10-03,28,quantile,0.8,8e-4
2026-10-10,-1,wk inc rsv prop ed visits,2026-10-03,28,quantile,0.85,8e-4
2026-10-10,-1,wk inc rsv prop ed visits,2026-10-03,28,quantile,0.9,8e-4
2026-10-10,-1,wk inc rsv prop ed visits,2026-10-03,28,quantile,0.95,8e-4
2026-10-10,-1,wk inc rsv prop ed visits,2026-10-03,28,quantile,0.975,8e-4
2026-10-10,-1,wk inc rsv prop ed visits,2026-10-03,28,quantile,0.99,8e-4
2026-10-10,-1,wk inc rsv prop ed visits,2026-10-03,29,quantile,0.01,1e-4
2026-10-10,-1,wk inc rsv prop ed visits,2026-10-03,29,quantile,0.025,1e-4
2026-10-10,-1,wk inc rsv prop ed visits,2026-10-03,29,quantile,0.05,1e-4
2026-10-10,-1,wk inc rsv prop ed visits,2026-10-03,29,quantile,0.1,1e-4
2026-10-10,-1,wk inc rsv prop ed visits,2026-10-03,29,quantile,0.15,1e-4
2026-10-10,-1,wk inc rsv prop ed visits,2026-10-03,29,quantile,0.2,1e-4
2026-10-10,-1,wk inc rsv prop ed visits,2026-10-03,29,quantile,0.25,1e-4
2026-10-10,-1,wk inc rsv prop ed visits,2026-10-03,29,quantile,0.3,1e-4
2026-10-10,-1,wk inc rsv prop ed visits,2026-10-03,29,quantile,0.35,1e-4
2026-10-10,-1,wk inc rsv prop ed visits,2026-10-03,29,quantile,0.4,1e-4
2026-10-10,-1,wk inc rsv prop ed visits,2026-10-03,29,quantile,0.45,1e-4
2026-10-10,-1,wk inc rsv prop ed visits,2026-10-03,29,quantile,0.5,1e-4
2026-10-10,-1,wk inc rsv prop ed visits,2026-10-03,29,quantile,0.55,1e-4
2026-10-10,-1,wk inc rsv prop ed visits,2026-10-03,29,quantile,0.6,1e-4
2026-10-10,-1,wk inc rsv prop ed visits,2026-10-03,29,quantile,0.65,1e-4
2026-10-10,-1,wk inc rsv prop ed visits,2026-10-03,29,quantile,0.7,1e-4
2026-10-10,-1,wk inc rsv prop ed visits,2026-10-03,29,quantile,0.75,1e-4
2026-10-10,-1,wk inc rsv prop ed visits,2026-10-03,29,quantile,0.8,1e-4
2026-10-10,-1,wk inc rsv prop ed visits,2026-10-03,29,quantile,0.85,1e-4
2026-10-10,-1,wk inc rsv prop ed visits,2026-10-03,29,quantile,0.9,1e-4
2026-10-10,-1,wk inc rsv prop ed visits,2026-10-03,29,quantile,0.95,1e-4
2026-10-10,-1,wk inc rsv prop ed visits,2026-10-03,29,quantile,0.975,1e-4
2026-10-10,-1,wk inc rsv prop ed visits,2026-10-03,29,quantile,0.99,1e-4
2026-10-10,-1,wk inc rsv prop ed visits,2026-10-03,30,quantile,0.01,0
2026-10-10,-1,wk inc rsv prop ed visits,2026-10-03,30,quantile,0.025,0
2026-10-10,-1,wk inc rsv prop ed visits,2026-10-03,30,quantile,0.05,0
2026-10-10,-1,wk inc rsv prop ed visits,2026-10-03,30,quantile,0.1,0
2026-10-10,-1,wk inc rsv prop ed visits,2026-10-03,30,quantile,0.15,0
2026-10-10,-1,wk inc rsv prop ed visits,2026-10-03,30,quantile,0.2,0
2026-10-10,-1,wk inc rsv prop ed visits,2026-10-03,30,quantile,0.25,0
2026-10-10,-1,wk inc rsv prop ed visits,2026-10-03,30,quantile,0.3,0
2026-10-10,-1,wk inc rsv prop ed visits,2026-10-03,30,quantile,0.35,0
2026-10-10,-1,wk inc rsv prop ed visits,2026-10-03,30,quantile,0.4,0
2026-10-10,-1,wk inc rsv prop ed visits,2026-10-03,30,quantile,0.45,0
2026-10-10,-1,wk inc rsv prop ed visits,2026-10-03,30,quantile,0.5,0
2026-10-10,-1,wk inc rsv prop ed visits,2026-10-03,30,quantile,0.55,0
2026-10-10,-1,wk inc rsv prop ed visits,2026-10-03,30,quantile,0.6,0
2026-10-10,-1,wk inc rsv prop ed visits,2026-10-03,30,quantile,0.65,0
2026-10-10,-1,wk inc rsv prop ed visits,2026-10-03,30,quantile,0.7,0
2026-10-10,-1,wk inc rsv prop ed visits,2026-10-03,30,quantile,0.75,0
2026-10-10,-1,wk inc rsv prop ed visits,2026-10-03,30,quantile,0.8,0
2026-10-10,-1,wk inc rsv prop ed visits,2026-10-03,30,quantile,0.85,0
2026-10-10,-1,wk inc rsv prop ed visits,2026-10-03,30,quantile,0.9,0
2026-10-10,-1,wk inc rsv prop ed visits,2026-10-03,30,quantile,0.95,0
2026-10-10,-1,wk inc rsv prop ed visits,2026-10-03,30,quantile,0.975,0
2026-10-10,-1,wk inc rsv prop ed visits,2026-10-03,30,quantile,0.99,0
2026-10-10,-1,wk inc rsv prop ed visits,2026-10-03,31,quantile,0.01,1e-4
2026-10-10,-1,wk inc rsv prop ed visits,2026-10-03,31,quantile,0.025,1e-4
2026-10-10,-1,wk inc rsv prop ed visits,2026-10-03,31,quantile,0.05,1e-4
2026-10-10,-1,wk inc rsv prop ed visits,2026-10-03,31,quantile,0.1,1e-4
2026-10-10,-1,wk inc rsv prop ed visits,2026-10-03,31,quantile,0.15,1e-4
2026-10-10,-1,wk inc rsv prop ed visits,2026-10-03,31,quantile,0.2,1e-4
2026-10-10,-1,wk inc rsv prop ed visits,2026-10-03,31,quantile,0.25,1e-4
2026-10-10,-1,wk inc rsv prop ed visits,2026-10-03,31,quantile,0.3,1e-4
2026-10-10,-1,wk inc rsv prop ed visits,2026-10-03,31,quantile,0.35,1e-4
2026-10-10,-1,wk inc rsv prop ed visits,2026-10-03,31,quantile,0.4,1e-4
2026-10-10,-1,wk inc rsv prop ed visits,2026-10-03,31,quantile,0.45,1e-4
2026-10-10,-1,wk inc rsv prop ed visits,2026-10-03,31,quantile,0.5,1e-4
2026-10-10,-1,wk inc rsv prop ed visits,2026-10-03,31,quantile,0.55,1e-4
2026-10-10,-1,wk inc rsv prop ed visits,2026-10-03,31,quantile,0.6,1e-4
2026-10-10,-1,wk inc rsv prop ed visits,2026-10-03,31,quantile,0.65,1e-4
2026-10-10,-1,wk inc rsv prop ed visits,2026-10-03,31,quantile,0.7,1e-4
2026-10-10,-1,wk inc rsv prop ed visits,2026-10-03,31,quantile,0.75,1e-4
2026-10-10,-1,wk inc rsv prop ed visits,2026-10-03,31,quantile,0.8,1e-4
2026-10-10,-1,wk inc rsv prop ed visits,2026-10-03,31,quantile,0.85,1e-4
2026-10-10,-1,wk inc rsv prop ed visits,2026-10-03,31,quantile,0.9,1e-4
2026-10-10,-1,wk inc rsv prop ed visits,2026-10-03,31,quantile,0.95,1e-4
2026-10-10,-1,wk inc rsv prop ed visits,2026-10-03,31,quantile,0.975,1e-4
2026-10-10,-1,wk inc rsv prop ed visits,2026-10-03,31,quantile,0.99,1e-4
2026-10-10,-1,wk inc rsv prop ed visits,2026-10-03,32,quantile,0.01,2e-4
2026-10-10,-1,wk inc rsv prop ed visits,2026-10-03,32,quantile,0.025,2e-4
2026-10-10,-1,wk inc rsv prop ed visits,2026-10-03,32,quantile,0.05,2e-4
2026-10-10,-1,wk inc rsv prop ed visits,2026-10-03,32,quantile,0.1,2e-4
2026-10-10,-1,wk inc rsv prop ed visits,2026-10-03,32,quantile,0.15,2e-4
2026-10-10,-1,wk inc rsv prop ed visits,2026-10-03,32,quantile,0.2,2e-4
2026-10-10,-1,wk inc rsv prop ed visits,2026-10-03,32,quantile,0.25,2e-4
2026-10-10,-1,wk inc rsv prop ed visits,2026-10-03,32,quantile,0.3,2e-4
2026-10-10,-1,wk inc rsv prop ed visits,2026-10-03,32,quantile,0.35,2e-4
2026-10-10,-1,wk inc rsv prop ed visits,2026-10-03,32,quantile,0.4,2e-4
2026-10-10,-1,wk inc rsv prop ed visits,2026-10-03,32,quantile,0.45,2e-4
2026-10-10,-1,wk inc rsv prop ed visits,2026-10-03,32,quantile,0.5,2e-4
2026-10-10,-1,wk inc rsv prop ed visits,2026-10-03,32,quantile,0.55,2e-4
2026-10-10,-1,wk inc rsv prop ed visits,2026-10-03,32,quantile,0.6,2e-4
2026-10-10,-1,wk inc rsv prop ed visits,2026-10-03,32,quantile,0.65,2e-4
2026-10-10,-1,wk inc rsv prop ed visits,2026-10-03,32,quantile,0.7,2e-4
2026-10-10,-1,wk inc rsv prop ed visits,2026-10-03,32,quantile,0.75,2e-4
2026-10-10,-1,wk inc rsv prop ed visits,2026-10-03,32,quantile,0.8,2e-4
2026-10-10,-1,wk inc rsv prop ed visits,2026-10-03,32,quantile,0.85,2e-4
2026-10-10,-1,wk inc rsv prop ed visits,2026-10-03,32,quantile,0.9,2e-4
2026-10-10,-1,wk inc rsv prop ed visits,2026-10-03,32,quantile,0.95,2e-4
2026-10-10,-1,wk inc rsv prop ed visits,2026-10-03,32,quantile,0.975,2e-4
2026-10-10,-1,wk inc rsv prop ed visits,2026-10-03,32,quantile,0.99,2e-4
2026-10-10,-1,wk inc rsv prop ed visits,2026-10-03,33,quantile,0.01,0
2026-10-10,-1,wk inc rsv prop ed visits,2026-10-03,33,quantile,0.025,0
2026-10-10,-1,wk inc rsv prop ed visits,2026-10-03,33,quantile,0.05,0
2026-10-10,-1,wk inc rsv prop ed visits,2026-10-03,33,quantile,0.1,0
2026-10-10,-1,wk inc rsv prop ed visits,2026-10-03,33,quantile,0.15,0
2026-10-10,-1,wk inc rsv prop ed visits,2026-10-03,33,quantile,0.2,0
2026-10-10,-1,wk inc rsv prop ed visits,2026-10-03,33,quantile,0.25,0
2026-10-10,-1,wk inc rsv prop ed visits,2026-10-03,33,quantile,0.3,0
2026-10-10,-1,wk inc rsv prop ed visits,2026-10-03,33,quantile,0.35,0
2026-10-10,-1,wk inc rsv prop ed visits,2026-10-03,33,quantile,0.4,0
2026-10-10,-1,wk inc rsv prop ed visits,2026-10-03,33,quantile,0.45,0
2026-10-10,-1,wk inc rsv prop ed visits,2026-10-03,33,quantile,0.5,0
2026-10-10,-1,wk inc rsv prop ed visits,2026-10-03,33,quantile,0.55,0
2026-10-10,-1,wk inc rsv prop ed visits,2026-10-03,33,quantile,0.6,0
2026-10-10,-1,wk inc rsv prop ed visits,2026-10-03,33,quantile,0.65,0
2026-10-10,-1,wk inc rsv prop ed visits,2026-10-03,33,quantile,0.7,0
2026-10-10,-1,wk inc rsv prop ed visits,2026-10-03,33,quantile,0.75,0
2026-10-10,-1,wk inc rsv prop ed visits,2026-10-03,33,quantile,0.8,0
2026-10-10,-1,wk inc rsv prop ed visits,2026-10-03,33,quantile,0.85,0
2026-10-10,-1,wk inc rsv prop ed visits,2026-10-03,33,quantile,0.9,0
2026-10-10,-1,wk inc rsv prop ed visits,2026-10-03,33,quantile,0.95,0
2026-10-10,-1,wk inc rsv prop ed visits,2026-10-03,33,quantile,0.975,0
2026-10-10,-1,wk inc rsv prop ed visits,2026-10-03,33,quantile,0.99,0
2026-10-10,-1,wk inc rsv prop ed visits,2026-10-03,34,quantile,0.01,4e-4
2026-10-10,-1,wk inc rsv prop ed visits,2026-10-03,34,quantile,0.025,4e-4
2026-10-10,-1,wk inc rsv prop ed visits,2026-10-03,34,quantile,0.05,4e-4
2026-10-10,-1,wk inc rsv prop ed visits,2026-10-03,34,quantile,0.1,4e-4
2026-10-10,-1,wk inc rsv prop ed visits,2026-10-03,34,quantile,0.15,4e-4
2026-10-10,-1,wk inc rsv prop ed visits,2026-10-03,34,quantile,0.2,4e-4
2026-10-10,-1,wk inc rsv prop ed visits,2026-10-03,34,quantile,0.25,4e-4
2026-10-10,-1,wk inc rsv prop ed visits,2026-10-03,34,quantile,0.3,4e-4
2026-10-10,-1,wk inc rsv prop ed visits,2026-10-03,34,quantile,0.35,4e-4
2026-10-10,-1,wk inc rsv prop ed visits,2026-10-03,34,quantile,0.4,4e-4
2026-10-10,-1,wk inc rsv prop ed visits,2026-10-03,34,quantile,0.45,4e-4
2026-10-10,-1,wk inc rsv prop ed visits,2026-10-03,34,quantile,0.5,4e-4
2026-10-10,-1,wk inc rsv prop ed visits,2026-10-03,34,quantile,0.55,4e-4
2026-10-10,-1,wk inc rsv prop ed visits,2026-10-03,34,quantile,0.6,4e-4
2026-10-10,-1,wk inc rsv prop ed visits,2026-10-03,34,quantile,0.65,4e-4
2026-10-10,-1,wk inc rsv prop ed visits,2026-10-03,34,quantile,0.7,4e-4
2026-10-10,-1,wk inc rsv prop ed visits,2026-10-03,34,quantile,0.75,4e-4
2026-10-10,-1,wk inc rsv prop ed visits,2026-10-03,34,quantile,0.8,4e-4
2026-10-10,-1,wk inc rsv prop ed visits,2026-10-03,34,quantile,0.85,4e-4
2026-10-10,-1,wk inc rsv prop ed visits,2026-10-03,34,quantile,0.9,4e-4
2026-10-10,-1,wk inc rsv prop ed visits,2026-10-03,34,quantile,0.95,4e-4
2026-10-10,-1,wk inc rsv prop ed visits,2026-10-03,34,quantile,0.975,4e-4
2026-10-10,-1,wk inc rsv prop ed visits,2026-10-03,34,quantile,0.99,4e-4
2026-10-10,-1,wk inc rsv prop ed visits,2026-10-03,35,quantile,0.01,4e-4
2026-10-10,-1,wk inc rsv prop ed visits,2026-10-03,35,quantile,0.025,4e-4
2026-10-10,-1,wk inc rsv prop ed visits,2026-10-03,35,quantile,0.05,4e-4
2026-10-10,-1,wk inc rsv prop ed visits,2026-10-03,35,quantile,0.1,4e-4
2026-10-10,-1,wk inc rsv prop ed visits,2026-10-03,35,quantile,0.15,4e-4
2026-10-10,-1,wk inc rsv prop ed visits,2026-10-03,35,quantile,0.2,4e-4
2026-10-10,-1,wk inc rsv prop ed visits,2026-10-03,35,quantile,0.25,4e-4
2026-10-10,-1,wk inc rsv prop ed visits,2026-10-03,35,quantile,0.3,4e-4
2026-10-10,-1,wk inc rsv prop ed visits,2026-10-03,35,quantile,0.35,4e-4
2026-10-10,-1,wk inc rsv prop ed visits,2026-10-03,35,quantile,0.4,4e-4
2026-10-10,-1,wk inc rsv prop ed visits,2026-10-03,35,quantile,0.45,4e-4
2026-10-10,-1,wk inc rsv prop ed visits,2026-10-03,35,quantile,0.5,4e-4
2026-10-10,-1,wk inc rsv prop ed visits,2026-10-03,35,quantile,0.55,4e-4
2026-10-10,-1,wk inc rsv prop ed visits,2026-10-03,35,quantile,0.6,4e-4
2026-10-10,-1,wk inc rsv prop ed visits,2026-10-03,35,quantile,0.65,4e-4
2026-10-10,-1,wk inc rsv prop ed visits,2026-10-03,35,quantile,0.7,4e-4
2026-10-10,-1,wk inc rsv prop ed visits,2026-10-03,35,quantile,0.75,4e-4
2026-10-10,-1,wk inc rsv prop ed visits,2026-10-03,35,quantile,0.8,4e-4
2026-10-10,-1,wk inc rsv prop ed visits,2026-10-03,35,quantile,0.85,4e-4
2026-10-10,-1,wk inc rsv prop ed visits,2026-10-03,35,quantile,0.9,4e-4
2026-10-10,-1,wk inc rsv prop ed visits,2026-10-03,35,quantile,0.95,4e-4
2026-10-10,-1,wk inc rsv prop ed visits,2026-10-03,35,quantile,0.975,4e-4
2026-10-10,-1,wk inc rsv prop ed visits,2026-10-03,35,quantile,0.99,4e-4
2026-10-10,-1,wk inc rsv prop ed visits,2026-10-03,36,quantile,0.01,2e-4
2026-10-10,-1,wk inc rsv prop ed visits,2026-10-03,36,quantile,0.025,2e-4
2026-10-10,-1,wk inc rsv prop ed visits,2026-10-03,36,quantile,0.05,2e-4
2026-10-10,-1,wk inc rsv prop ed visits,2026-10-03,36,quantile,0.1,2e-4
2026-10-10,-1,wk inc rsv prop ed visits,2026-10-03,36,quantile,0.15,2e-4
2026-10-10,-1,wk inc rsv prop ed visits,2026-10-03,36,quantile,0.2,2e-4
2026-10-10,-1,wk inc rsv prop ed visits,2026-10-03,36,quantile,0.25,2e-4
2026-10-10,-1,wk inc rsv prop ed visits,2026-10-03,36,quantile,0.3,2e-4
2026-10-10,-1,wk inc rsv prop ed visits,2026-10-03,36,quantile,0.35,2e-4
2026-10-10,-1,wk inc rsv prop ed visits,2026-10-03,36,quantile,0.4,2e-4
2026-10-10,-1,wk inc rsv prop ed visits,2026-10-03,36,quantile,0.45,2e-4
2026-10-10,-1,wk inc rsv prop ed visits,2026-10-03,36,quantile,0.5,2e-4
2026-10-10,-1,wk inc rsv prop ed visits,2026-10-03,36,quantile,0.55,2e-4
2026-10-10,-1,wk inc rsv prop ed visits,2026-10-03,36,quantile,0.6,2e-4
2026-10-10,-1,wk inc rsv prop ed visits,2026-10-03,36,quantile,0.65,2e-4
2026-10-10,-1,wk inc rsv prop ed visits,2026-10-03,36,quantile,0.7,2e-4
2026-10-10,-1,wk inc rsv prop ed visits,2026-10-03,36,quantile,0.75,2e-4
2026-10-10,-1,wk inc rsv prop ed visits,2026-10-03,36,quantile,0.8,2e-4
2026-10-10,-1,wk inc rsv prop ed visits,2026-10-03,36,quantile,0.85,2e-4
2026-10-10,-1,wk inc rsv prop ed visits,2026-10-03,36,quantile,0.9,2e-4
2026-10-10,-1,wk inc rsv prop ed visits,2026-10-03,36,quantile,0.95,2e-4
2026-10-10,-1,wk inc rsv prop ed visits,2026-10-03,36,quantile,0.975,2e-4
2026-10-10,-1,wk inc rsv prop ed visits,2026-10-03,36,quantile,0.99,2e-4
2026-10-10,-1,wk inc rsv prop ed visits,2026-10-03,37,quantile,0.01,4e-4
2026-10-10,-1,wk inc rsv prop ed visits,2026-10-03,37,quantile,0.025,4e-4
2026-10-10,-1,wk inc rsv prop ed visits,2026-10-03,37,quantile,0.05,4e-4
2026-10-10,-1,wk inc rsv prop ed visits,2026-10-03,37,quantile,0.1,4e-4
2026-10-10,-1,wk inc rsv prop ed visits,2026-10-03,37,quantile,0.15,4e-4
2026-10-10,-1,wk inc rsv prop ed visits,2026-10-03,37,quantile,0.2,4e-4
2026-10-10,-1,wk inc rsv prop ed visits,2026-10-03,37,quantile,0.25,4e-4
2026-10-10,-1,wk inc rsv prop ed visits,2026-10-03,37,quantile,0.3,4e-4
2026-10-10,-1,wk inc rsv prop ed visits,2026-10-03,37,quantile,0.35,4e-4
2026-10-10,-1,wk inc rsv prop ed visits,2026-10-03,37,quantile,0.4,4e-4
2026-10-10,-1,wk inc rsv prop ed visits,2026-10-03,37,quantile,0.45,4e-4
2026-10-10,-1,wk inc rsv prop ed visits,2026-10-03,37,quantile,0.5,4e-4
2026-10-10,-1,wk inc rsv prop ed visits,2026-10-03,37,quantile,0.55,4e-4
2026-10-10,-1,wk inc rsv prop ed visits,2026-10-03,37,quantile,0.6,4e-4
2026-10-10,-1,wk inc rsv prop ed visits,2026-10-03,37,quantile,0.65,4e-4
2026-10-10,-1,wk inc rsv prop ed visits,2026-10-03,37,quantile,0.7,4e-4
2026-10-10,-1,wk inc rsv prop ed visits,2026-10-03,37,quantile,0.75,4e-4
2026-10-10,-1,wk inc rsv prop ed visits,2026-10-03,37,quantile,0.8,4e-4
2026-10-10,-1,wk inc rsv prop ed visits,2026-10-03,37,quantile,0.85,4e-4
2026-10-10,-1,wk inc rsv prop ed visits,2026-10-03,37,quantile,0.9,4e-4
2026-10-10,-1,wk inc rsv prop ed visits,2026-10-03,37,quantile,0.95,4e-4
2026-10-10,-1,wk inc rsv prop ed visits,2026-10-03,37,quantile,0.975,4e-4
2026-10-10,-1,wk inc rsv prop ed visits,2026-10-03,37,quantile,0.99,4e-4
2026-10-10,-1,wk inc rsv prop ed visits,2026-10-03,38,quantile,0.01,7.000000000000001e-4
2026-10-10,-1,wk inc rsv prop ed visits,2026-10-03,38,quantile,0.025,7.000000000000001e-4
2026-10-10,-1,wk inc rsv prop ed visits,2026-10-03,38,quantile,0.05,7.000000000000001e-4
2026-10-10,-1,wk inc rsv prop ed visits,2026-10-03,38,quantile,0.1,7.000000000000001e-4
2026-10-10,-1,wk inc rsv prop ed visits,2026-10-03,38,quantile,0.15,7.000000000000001e-4
2026-10-10,-1,wk inc rsv prop ed visits,2026-10-03,38,quantile,0.2,7.000000000000001e-4
2026-10-10,-1,wk inc rsv prop ed visits,2026-10-03,38,quantile,0.25,7.000000000000001e-4
2026-10-10,-1,wk inc rsv prop ed visits,2026-10-03,38,quantile,0.3,7.000000000000001e-4
2026-10-10,-1,wk inc rsv prop ed visits,2026-10-03,38,quantile,0.35,7.000000000000001e-4
2026-10-10,-1,wk inc rsv prop ed visits,2026-10-03,38,quantile,0.4,7.000000000000001e-4
2026-10-10,-1,wk inc rsv prop ed visits,2026-10-03,38,quantile,0.45,7.000000000000001e-4
2026-10-10,-1,wk inc rsv prop ed visits,2026-10-03,38,quantile,0.5,7.000000000000001e-4
2026-10-10,-1,wk inc rsv prop ed visits,2026-10-03,38,quantile,0.55,7.000000000000001e-4
2026-10-10,-1,wk inc rsv prop ed visits,2026-10-03,38,quantile,0.6,7.000000000000001e-4
2026-10-10,-1,wk inc rsv prop ed visits,2026-10-03,38,quantile,0.65,7.000000000000001e-4
2026-10-10,-1,wk inc rsv prop ed visits,2026-10-03,38,quantile,0.7,7.000000000000001e-4
2026-10-10,-1,wk inc rsv prop ed visits,2026-10-03,38,quantile,0.75,7.000000000000001e-4
2026-10-10,-1,wk inc rsv prop ed visits,2026-10-03,38,quantile,0.8,7.000000000000001e-4
2026-10-10,-1,wk inc rsv prop ed visits,2026-10-03,38,quantile,0.85,7.000000000000001e-4
2026-10-10,-1,wk inc rsv prop ed visits,2026-10-03,38,quantile,0.9,7.000000000000001e-4
2026-10-10,-1,wk inc rsv prop ed visits,2026-10-03,38,quantile,0.95,7.000000000000001e-4
2026-10-10,-1,wk inc rsv prop ed visits,2026-10-03,38,quantile,0.975,7.000000000000001e-4
2026-10-10,-1,wk inc rsv prop ed visits,2026-10-03,38,quantile,0.99,7.000000000000001e-4
2026-10-10,-1,wk inc rsv prop ed visits,2026-10-03,39,quantile,0.01,1e-4
2026-10-10,-1,wk inc rsv prop ed visits,2026-10-03,39,quantile,0.025,1e-4
2026-10-10,-1,wk inc rsv prop ed visits,2026-10-03,39,quantile,0.05,1e-4
2026-10-10,-1,wk inc rsv prop ed visits,2026-10-03,39,quantile,0.1,1e-4
2026-10-10,-1,wk inc rsv prop ed visits,2026-10-03,39,quantile,0.15,1e-4
2026-10-10,-1,wk inc rsv prop ed visits,2026-10-03,39,quantile,0.2,1e-4
2026-10-10,-1,wk inc rsv prop ed visits,2026-10-03,39,quantile,0.25,1e-4
2026-10-10,-1,wk inc rsv prop ed visits,2026-10-03,39,quantile,0.3,1e-4
2026-10-10,-1,wk inc rsv prop ed visits,2026-10-03,39,quantile,0.35,1e-4
2026-10-10,-1,wk inc rsv prop ed visits,2026-10-03,39,quantile,0.4,1e-4
2026-10-10,-1,wk inc rsv prop ed visits,2026-10-03,39,quantile,0.45,1e-4
2026-10-10,-1,wk inc rsv prop ed visits,2026-10-03,39,quantile,0.5,1e-4
2026-10-10,-1,wk inc rsv prop ed visits,2026-10-03,39,quantile,0.55,1e-4
2026-10-10,-1,wk inc rsv prop ed visits,2026-10-03,39,quantile,0.6,1e-4
2026-10-10,-1,wk inc rsv prop ed visits,2026-10-03,39,quantile,0.65,1e-4
2026-10-10,-1,wk inc rsv prop ed visits,2026-10-03,39,quantile,0.7,1e-4
2026-10-10,-1,wk inc rsv prop ed visits,2026-10-03,39,quantile,0.75,1e-4
2026-10-10,-1,wk inc rsv prop ed visits,2026-10-03,39,quantile,0.8,1e-4
2026-10-10,-1,wk inc rsv prop ed visits,2026-10-03,39,quantile,0.85,1e-4
2026-10-10,-1,wk inc rsv prop ed visits,2026-10-03,39,quantile,0.9,1e-4
2026-10-10,-1,wk inc rsv prop ed visits,2026-10-03,39,quantile,0.95,1e-4
2026-10-10,-1,wk inc rsv prop ed visits,2026-10-03,39,quantile,0.975,1e-4
2026-10-10,-1,wk inc rsv prop ed visits,2026-10-03,39,quantile,0.99,1e-4
2026-10-10,-1,wk inc rsv prop ed visits,2026-10-03,40,quantile,0.01,3e-4
2026-10-10,-1,wk inc rsv prop ed visits,2026-10-03,40,quantile,0.025,3e-4
2026-10-10,-1,wk inc rsv prop ed visits,2026-10-03,40,quantile,0.05,3e-4
2026-10-10,-1,wk inc rsv prop ed visits,2026-10-03,40,quantile,0.1,3e-4
2026-10-10,-1,wk inc rsv prop ed visits,2026-10-03,40,quantile,0.15,3e-4
2026-10-10,-1,wk inc rsv prop ed visits,2026-10-03,40,quantile,0.2,3e-4
2026-10-10,-1,wk inc rsv prop ed visits,2026-10-03,40,quantile,0.25,3e-4
2026-10-10,-1,wk inc rsv prop ed visits,2026-10-03,40,quantile,0.3,3e-4
2026-10-10,-1,wk inc rsv prop ed visits,2026-10-03,40,quantile,0.35,3e-4
2026-10-10,-1,wk inc rsv prop ed visits,2026-10-03,40,quantile,0.4,3e-4
2026-10-10,-1,wk inc rsv prop ed visits,2026-10-03,40,quantile,0.45,3e-4
2026-10-10,-1,wk inc rsv prop ed visits,2026-10-03,40,quantile,0.5,3e-4
2026-10-10,-1,wk inc rsv prop ed visits,2026-10-03,40,quantile,0.55,3e-4
2026-10-10,-1,wk inc rsv prop ed visits,2026-10-03,40,quantile,0.6,3e-4
2026-10-10,-1,wk inc rsv prop ed visits,2026-10-03,40,quantile,0.65,3e-4
2026-10-10,-1,wk inc rsv prop ed visits,2026-10-03,40,quantile,0.7,3e-4
2026-10-10,-1,wk inc rsv prop ed visits,2026-10-03,40,quantile,0.75,3e-4
2026-10-10,-1,wk inc rsv prop ed visits,2026-10-03,40,quantile,0.8,3e-4
2026-10-10,-1,wk inc rsv prop ed visits,2026-10-03,40,quantile,0.85,3e-4
2026-10-10,-1,wk inc rsv prop ed visits,2026-10-03,40,quantile,0.9,3e-4
2026-10-10,-1,wk inc rsv prop ed visits,2026-10-03,40,quantile,0.95,3e-4
2026-10-10,-1,wk inc rsv prop ed visits,2026-10-03,40,quantile,0.975,3e-4
2026-10-10,-1,wk inc rsv prop ed visits,2026-10-03,40,quantile,0.99,3e-4
2026-10-10,-1,wk inc rsv prop ed visits,2026-10-03,41,quantile,0.01,0
2026-10-10,-1,wk inc rsv prop ed visits,2026-10-03,41,quantile,0.025,0
2026-10-10,-1,wk inc rsv prop ed visits,2026-10-03,41,quantile,0.05,0
2026-10-10,-1,wk inc rsv prop ed visits,2026-10-03,41,quantile,0.1,0
2026-10-10,-1,wk inc rsv prop ed visits,2026-10-03,41,quantile,0.15,0
2026-10-10,-1,wk inc rsv prop ed visits,2026-10-03,41,quantile,0.2,0
2026-10-10,-1,wk inc rsv prop ed visits,2026-10-03,41,quantile,0.25,0
2026-10-10,-1,wk inc rsv prop ed visits,2026-10-03,41,quantile,0.3,0
2026-10-10,-1,wk inc rsv prop ed visits,2026-10-03,41,quantile,0.35,0
2026-10-10,-1,wk inc rsv prop ed visits,2026-10-03,41,quantile,0.4,0
2026-10-10,-1,wk inc rsv prop ed visits,2026-10-03,41,quantile,0.45,0
2026-10-10,-1,wk inc rsv prop ed visits,2026-10-03,41,quantile,0.5,0
2026-10-10,-1,wk inc rsv prop ed visits,2026-10-03,41,quantile,0.55,0
2026-10-10,-1,wk inc rsv prop ed visits,2026-10-03,41,quantile,0.6,0
2026-10-10,-1,wk inc rsv prop ed visits,2026-10-03,41,quantile,0.65,0
2026-10-10,-1,wk inc rsv prop ed visits,2026-10-03,41,quantile,0.7,0
2026-10-10,-1,wk inc rsv prop ed visits,2026-10-03,41,quantile,0.75,0
2026-10-10,-1,wk inc rsv prop ed visits,2026-10-03,41,quantile,0.8,0
2026-10-10,-1,wk inc rsv prop ed visits,2026-10-03,41,quantile,0.85,0
2026-10-10,-1,wk inc rsv prop ed visits,2026-10-03,41,quantile,0.9,0
2026-10-10,-1,wk inc rsv prop ed visits,2026-10-03,41,quantile,0.95,0
2026-10-10,-1,wk inc rsv prop ed visits,2026-10-03,41,quantile,0.975,0
2026-10-10,-1,wk inc rsv prop ed visits,2026-10-03,41,quantile,0.99,0
2026-10-10,-1,wk inc rsv prop ed visits,2026-10-03,42,quantile,0.01,1e-4
2026-10-10,-1,wk inc rsv prop ed visits,2026-10-03,42,quantile,0.025,1e-4
2026-10-10,-1,wk inc rsv prop ed visits,2026-10-03,42,quantile,0.05,1e-4
2026-10-10,-1,wk inc rsv prop ed visits,2026-10-03,42,quantile,0.1,1e-4
2026-10-10,-1,wk inc rsv prop ed visits,2026-10-03,42,quantile,0.15,1e-4
2026-10-10,-1,wk inc rsv prop ed visits,2026-10-03,42,quantile,0.2,1e-4
2026-10-10,-1,wk inc rsv prop ed visits,2026-10-03,42,quantile,0.25,1e-4
2026-10-10,-1,wk inc rsv prop ed visits,2026-10-03,42,quantile,0.3,1e-4
2026-10-10,-1,wk inc rsv prop ed visits,2026-10-03,42,quantile,0.35,1e-4
2026-10-10,-1,wk inc rsv prop ed visits,2026-10-03,42,quantile,0.4,1e-4
2026-10-10,-1,wk inc rsv prop ed visits,2026-10-03,42,quantile,0.45,1e-4
2026-10-10,-1,wk inc rsv prop ed visits,2026-10-03,42,quantile,0.5,1e-4
2026-10-10,-1,wk inc rsv prop ed visits,2026-10-03,42,quantile,0.55,1e-4
2026-10-10,-1,wk inc rsv prop ed visits,2026-10-03,42,quantile,0.6,1e-4
2026-10-10,-1,wk inc rsv prop ed visits,2026-10-03,42,quantile,0.65,1e-4
2026-10-10,-1,wk inc rsv prop ed visits,2026-10-03,42,quantile,0.7,1e-4
2026-10-10,-1,wk inc rsv prop ed visits,2026-10-03,42,quantile,0.75,1e-4
2026-10-10,-1,wk inc rsv prop ed visits,2026-10-03,42,quantile,0.8,1e-4
2026-10-10,-1,wk inc rsv prop ed visits,2026-10-03,42,quantile,0.85,1e-4
2026-10-10,-1,wk inc rsv prop ed visits,2026-10-03,42,quantile,0.9,1e-4
2026-10-10,-1,wk inc rsv prop ed visits,2026-10-03,42,quantile,0.95,1e-4
2026-10-10,-1,wk inc rsv prop ed visits,2026-10-03,42,quantile,0.975,1e-4
2026-10-10,-1,wk inc rsv prop ed visits,2026-10-03,42,quantile,0.99,1e-4
2026-10-10,-1,wk inc rsv prop ed visits,2026-10-03,44,quantile,0.01,0
2026-10-10,-1,wk inc rsv prop ed visits,2026-10-03,44,quantile,0.025,0
2026-10-10,-1,wk inc rsv prop ed visits,2026-10-03,44,quantile,0.05,0
2026-10-10,-1,wk inc rsv prop ed visits,2026-10-03,44,quantile,0.1,0
2026-10-10,-1,wk inc rsv prop ed visits,2026-10-03,44,quantile,0.15,0
2026-10-10,-1,wk inc rsv prop ed visits,2026-10-03,44,quantile,0.2,0
2026-10-10,-1,wk inc rsv prop ed visits,2026-10-03,44,quantile,0.25,0
2026-10-10,-1,wk inc rsv prop ed visits,2026-10-03,44,quantile,0.3,0
2026-10-10,-1,wk inc rsv prop ed visits,2026-10-03,44,quantile,0.35,0
2026-10-10,-1,wk inc rsv prop ed visits,2026-10-03,44,quantile,0.4,0
2026-10-10,-1,wk inc rsv prop ed visits,2026-10-03,44,quantile,0.45,0
2026-10-10,-1,wk inc rsv prop ed visits,2026-10-03,44,quantile,0.5,0
2026-10-10,-1,wk inc rsv prop ed visits,2026-10-03,44,quantile,0.55,0
2026-10-10,-1,wk inc rsv prop ed visits,2026-10-03,44,quantile,0.6,0
2026-10-10,-1,wk inc rsv prop ed visits,2026-10-03,44,quantile,0.65,0
2026-10-10,-1,wk inc rsv prop ed visits,2026-10-03,44,quantile,0.7,0
2026-10-10,-1,wk inc rsv prop ed visits,2026-10-03,44,quantile,0.75,0
2026-10-10,-1,wk inc rsv prop ed visits,2026-10-03,44,quantile,0.8,0
2026-10-10,-1,wk inc rsv prop ed visits,2026-10-03,44,quantile,0.85,0
2026-10-10,-1,wk inc rsv prop ed visits,2026-10-03,44,quantile,0.9,0
2026-10-10,-1,wk inc rsv prop ed visits,2026-10-03,44,quantile,0.95,0
2026-10-10,-1,wk inc rsv prop ed visits,2026-10-03,44,quantile,0.975,0
2026-10-10,-1,wk inc rsv prop ed visits,2026-10-03,44,quantile,0.99,0
2026-10-10,-1,wk inc rsv prop ed visits,2026-10-03,45,quantile,0.01,6e-4
2026-10-10,-1,wk inc rsv prop ed visits,2026-10-03,45,quantile,0.025,6e-4
2026-10-10,-1,wk inc rsv prop ed visits,2026-10-03,45,quantile,0.05,6e-4
2026-10-10,-1,wk inc rsv prop ed visits,2026-10-03,45,quantile,0.1,6e-4
2026-10-10,-1,wk inc rsv prop ed visits,2026-10-03,45,quantile,0.15,6e-4
2026-10-10,-1,wk inc rsv prop ed visits,2026-10-03,45,quantile,0.2,6e-4
2026-10-10,-1,wk inc rsv prop ed visits,2026-10-03,45,quantile,0.25,6e-4
2026-10-10,-1,wk inc rsv prop ed visits,2026-10-03,45,quantile,0.3,6e-4
2026-10-10,-1,wk inc rsv prop ed visits,2026-10-03,45,quantile,0.35,6e-4
2026-10-10,-1,wk inc rsv prop ed visits,2026-10-03,45,quantile,0.4,6e-4
2026-10-10,-1,wk inc rsv prop ed visits,2026-10-03,45,quantile,0.45,6e-4
2026-10-10,-1,wk inc rsv prop ed visits,2026-10-03,45,quantile,0.5,6e-4
2026-10-10,-1,wk inc rsv prop ed visits,2026-10-03,45,quantile,0.55,6e-4
2026-10-10,-1,wk inc rsv prop ed visits,2026-10-03,45,quantile,0.6,6e-4
2026-10-10,-1,wk inc rsv prop ed visits,2026-10-03,45,quantile,0.65,6e-4
2026-10-10,-1,wk inc rsv prop ed visits,2026-10-03,45,quantile,0.7,6e-4
2026-10-10,-1,wk inc rsv prop ed visits,2026-10-03,45,quantile,0.75,6e-4
2026-10-10,-1,wk inc rsv prop ed visits,2026-10-03,45,quantile,0.8,6e-4
2026-10-10,-1,wk inc rsv prop ed visits,2026-10-03,45,quantile,0.85,6e-4
2026-10-10,-1,wk inc rsv prop ed visits,2026-10-03,45,quantile,0.9,6e-4
2026-10-10,-1,wk inc rsv prop ed visits,2026-10-03,45,quantile,0.95,6e-4
2026-10-10,-1,wk inc rsv prop ed visits,2026-10-03,45,quantile,0.975,6e-4
2026-10-10,-1,wk inc rsv prop ed visits,2026-10-03,45,quantile,0.99,6e-4
2026-10-10,-1,wk inc rsv prop ed visits,2026-10-03,46,quantile,0.01,3e-4
2026-10-10,-1,wk inc rsv prop ed visits,2026-10-03,46,quantile,0.025,3e-4
2026-10-10,-1,wk inc rsv prop ed visits,2026-10-03,46,quantile,0.05,3e-4
2026-10-10,-1,wk inc rsv prop ed visits,2026-10-03,46,quantile,0.1,3e-4
2026-10-10,-1,wk inc rsv prop ed visits,2026-10-03,46,quantile,0.15,3e-4
2026-10-10,-1,wk inc rsv prop ed visits,2026-10-03,46,quantile,0.2,3e-4
2026-10-10,-1,wk inc rsv prop ed visits,2026-10-03,46,quantile,0.25,3e-4
2026-10-10,-1,wk inc rsv prop ed visits,2026-10-03,46,quantile,0.3,3e-4
2026-10-10,-1,wk inc rsv prop ed visits,2026-10-03,46,quantile,0.35,3e-4
2026-10-10,-1,wk inc rsv prop ed visits,2026-10-03,46,quantile,0.4,3e-4
2026-10-10,-1,wk inc rsv prop ed visits,2026-10-03,46,quantile,0.45,3e-4
2026-10-10,-1,wk inc rsv prop ed visits,2026-10-03,46,quantile,0.5,3e-4
2026-10-10,-1,wk inc rsv prop ed visits,2026-10-03,46,quantile,0.55,3e-4
2026-10-10,-1,wk inc rsv prop ed visits,2026-10-03,46,quantile,0.6,3e-4
2026-10-10,-1,wk inc rsv prop ed visits,2026-10-03,46,quantile,0.65,3e-4
2026-10-10,-1,wk inc rsv prop ed visits,2026-10-03,46,quantile,0.7,3e-4
2026-10-10,-1,wk inc rsv prop ed visits,2026-10-03,46,quantile,0.75,3e-4
2026-10-10,-1,wk inc rsv prop ed visits,2026-10-03,46,quantile,0.8,3e-4
2026-10-10,-1,wk inc rsv prop ed visits,2026-10-03,46,quantile,0.85,3e-4
2026-10-10,-1,wk inc rsv prop ed visits,2026-10-03,46,quantile,0.9,3e-4
2026-10-10,-1,wk inc rsv prop ed visits,2026-10-03,46,quantile,0.95,3e-4
2026-10-10,-1,wk inc rsv prop ed visits,2026-10-03,46,quantile,0.975,3e-4
2026-10-10,-1,wk inc rsv prop ed visits,2026-10-03,46,quantile,0.99,3e-4
2026-10-10,-1,wk inc rsv prop ed visits,2026-10-03,47,quantile,0.01,5e-4
2026-10-10,-1,wk inc rsv prop ed visits,2026-10-03,47,quantile,0.025,5e-4
2026-10-10,-1,wk inc rsv prop ed visits,2026-10-03,47,quantile,0.05,5e-4
2026-10-10,-1,wk inc rsv prop ed visits,2026-10-03,47,quantile,0.1,5e-4
2026-10-10,-1,wk inc rsv prop ed visits,2026-10-03,47,quantile,0.15,5e-4
2026-10-10,-1,wk inc rsv prop ed visits,2026-10-03,47,quantile,0.2,5e-4
2026-10-10,-1,wk inc rsv prop ed visits,2026-10-03,47,quantile,0.25,5e-4
2026-10-10,-1,wk inc rsv prop ed visits,2026-10-03,47,quantile,0.3,5e-4
2026-10-10,-1,wk inc rsv prop ed visits,2026-10-03,47,quantile,0.35,5e-4
2026-10-10,-1,wk inc rsv prop ed visits,2026-10-03,47,quantile,0.4,5e-4
2026-10-10,-1,wk inc rsv prop ed visits,2026-10-03,47,quantile,0.45,5e-4
2026-10-10,-1,wk inc rsv prop ed visits,2026-10-03,47,quantile,0.5,5e-4
2026-10-10,-1,wk inc rsv prop ed visits,2026-10-03,47,quantile,0.55,5e-4
2026-10-10,-1,wk inc rsv prop ed visits,2026-10-03,47,quantile,0.6,5e-4
2026-10-10,-1,wk inc rsv prop ed visits,2026-10-03,47,quantile,0.65,5e-4
2026-10-10,-1,wk inc rsv prop ed visits,2026-10-03,47,quantile,0.7,5e-4
2026-10-10,-1,wk inc rsv prop ed visits,2026-10-03,47,quantile,0.75,5e-4
2026-10-10,-1,wk inc rsv prop ed visits,2026-10-03,47,quantile,0.8,5e-4
2026-10-10,-1,wk inc rsv prop ed visits,2026-10-03,47,quantile,0.85,5e-4
2026-10-10,-1,wk inc rsv prop ed visits,2026-10-03,47,quantile,0.9,5e-4
2026-10-10,-1,wk inc rsv prop ed visits,2026-10-03,47,quantile,0.95,5e-4
2026-10-10,-1,wk inc rsv prop ed visits,2026-10-03,47,quantile,0.975,5e-4
2026-10-10,-1,wk inc rsv prop ed visits,2026-10-03,47,quantile,0.99,5e-4
2026-10-10,-1,wk inc rsv prop ed visits,2026-10-03,48,quantile,0.01,8e-4
2026-10-10,-1,wk inc rsv prop ed visits,2026-10-03,48,quantile,0.025,8e-4
2026-10-10,-1,wk inc rsv prop ed visits,2026-10-03,48,quantile,0.05,8e-4
2026-10-10,-1,wk inc rsv prop ed visits,2026-10-03,48,quantile,0.1,8e-4
2026-10-10,-1,wk inc rsv prop ed visits,2026-10-03,48,quantile,0.15,8e-4
2026-10-10,-1,wk inc rsv prop ed visits,2026-10-03,48,quantile,0.2,8e-4
2026-10-10,-1,wk inc rsv prop ed visits,2026-10-03,48,quantile,0.25,8e-4
2026-10-10,-1,wk inc rsv prop ed visits,2026-10-03,48,quantile,0.3,8e-4
2026-10-10,-1,wk inc rsv prop ed visits,2026-10-03,48,quantile,0.35,8e-4
2026-10-10,-1,wk inc rsv prop ed visits,2026-10-03,48,quantile,0.4,8e-4
2026-10-10,-1,wk inc rsv prop ed visits,2026-10-03,48,quantile,0.45,8e-4
2026-10-10,-1,wk inc rsv prop ed visits,2026-10-03,48,quantile,0.5,8e-4
2026-10-10,-1,wk inc rsv prop ed visits,2026-10-03,48,quantile,0.55,8e-4
2026-10-10,-1,wk inc rsv prop ed visits,2026-10-03,48,quantile,0.6,8e-4
2026-10-10,-1,wk inc rsv prop ed visits,2026-10-03,48,quantile,0.65,8e-4
2026-10-10,-1,wk inc rsv prop ed visits,2026-10-03,48,quantile,0.7,8e-4
2026-10-10,-1,wk inc rsv prop ed visits,2026-10-03,48,quantile,0.75,8e-4
2026-10-10,-1,wk inc rsv prop ed visits,2026-10-03,48,quantile,0.8,8e-4
2026-10-10,-1,wk inc rsv prop ed visits,2026-10-03,48,quantile,0.85,8e-4
2026-10-10,-1,wk inc rsv prop ed visits,2026-10-03,48,quantile,0.9,8e-4
2026-10-10,-1,wk inc rsv prop ed visits,2026-10-03,48,quantile,0.95,8e-4
2026-10-10,-1,wk inc rsv prop ed visits,2026-10-03,48,quantile,0.975,8e-4
2026-10-10,-1,wk inc rsv prop ed visits,2026-10-03,48,quantile,0.99,8e-4
2026-10-10,-1,wk inc rsv prop ed visits,2026-10-03,49,quantile,0.01,2e-4
2026-10-10,-1,wk inc rsv prop ed visits,2026-10-03,49,quantile,0.025,2e-4
2026-10-10,-1,wk inc rsv prop ed visits,2026-10-03,49,quantile,0.05,2e-4
2026-10-10,-1,wk inc rsv prop ed visits,2026-10-03,49,quantile,0.1,2e-4
2026-10-10,-1,wk inc rsv prop ed visits,2026-10-03,49,quantile,0.15,2e-4
2026-10-10,-1,wk inc rsv prop ed visits,2026-10-03,49,quantile,0.2,2e-4
2026-10-10,-1,wk inc rsv prop ed visits,2026-10-03,49,quantile,0.25,2e-4
2026-10-10,-1,wk inc rsv prop ed visits,2026-10-03,49,quantile,0.3,2e-4
2026-10-10,-1,wk inc rsv prop ed visits,2026-10-03,49,quantile,0.35,2e-4
2026-10-10,-1,wk inc rsv prop ed visits,2026-10-03,49,quantile,0.4,2e-4
2026-10-10,-1,wk inc rsv prop ed visits,2026-10-03,49,quantile,0.45,2e-4
2026-10-10,-1,wk inc rsv prop ed visits,2026-10-03,49,quantile,0.5,2e-4
2026-10-10,-1,wk inc rsv prop ed visits,2026-10-03,49,quantile,0.55,2e-4
2026-10-10,-1,wk inc rsv prop ed visits,2026-10-03,49,quantile,0.6,2e-4
2026-10-10,-1,wk inc rsv prop ed visits,2026-10-03,49,quantile,0.65,2e-4
2026-10-10,-1,wk inc rsv prop ed visits,2026-10-03,49,quantile,0.7,2e-4
2026-10-10,-1,wk inc rsv prop ed visits,2026-10-03,49,quantile,0.75,2e-4
2026-10-10,-1,wk inc rsv prop ed visits,2026-10-03,49,quantile,0.8,2e-4
2026-10-10,-1,wk inc rsv prop ed visits,2026-10-03,49,quantile,0.85,2e-4
2026-10-10,-1,wk inc rsv prop ed visits,2026-10-03,49,quantile,0.9,2e-4
2026-10-10,-1,wk inc rsv prop ed visits,2026-10-03,49,quantile,0.95,2e-4
2026-10-10,-1,wk inc rsv prop ed visits,2026-10-03,49,quantile,0.975,2e-4
2026-10-10,-1,wk inc rsv prop ed visits,2026-10-03,49,quantile,0.99,2e-4
2026-10-10,-1,wk inc rsv prop ed visits,2026-10-03,50,quantile,0.01,0
2026-10-10,-1,wk inc rsv prop ed visits,2026-10-03,50,quantile,0.025,0
2026-10-10,-1,wk inc rsv prop ed visits,2026-10-03,50,quantile,0.05,0
2026-10-10,-1,wk inc rsv prop ed visits,2026-10-03,50,quantile,0.1,0
2026-10-10,-1,wk inc rsv prop ed visits,2026-10-03,50,quantile,0.15,0
2026-10-10,-1,wk inc rsv prop ed visits,2026-10-03,50,quantile,0.2,0
2026-10-10,-1,wk inc rsv prop ed visits,2026-10-03,50,quantile,0.25,0
2026-10-10,-1,wk inc rsv prop ed visits,2026-10-03,50,quantile,0.3,0
2026-10-10,-1,wk inc rsv prop ed visits,2026-10-03,50,quantile,0.35,0
2026-10-10,-1,wk inc rsv prop ed visits,2026-10-03,50,quantile,0.4,0
2026-10-10,-1,wk inc rsv prop ed visits,2026-10-03,50,quantile,0.45,0
2026-10-10,-1,wk inc rsv prop ed visits,2026-10-03,50,quantile,0.5,0
2026-10-10,-1,wk inc rsv prop ed visits,2026-10-03,50,quantile,0.55,0
2026-10-10,-1,wk inc rsv prop ed visits,2026-10-03,50,quantile,0.6,0
2026-10-10,-1,wk inc rsv prop ed visits,2026-10-03,50,quantile,0.65,0
2026-10-10,-1,wk inc rsv prop ed visits,2026-10-03,50,quantile,0.7,0
2026-10-10,-1,wk inc rsv prop ed visits,2026-10-03,50,quantile,0.75,0
2026-10-10,-1,wk inc rsv prop ed visits,2026-10-03,50,quantile,0.8,0
2026-10-10,-1,wk inc rsv prop ed visits,2026-10-03,50,quantile,0.85,0
2026-10-10,-1,wk inc rsv prop ed visits,2026-10-03,50,quantile,0.9,0
2026-10-10,-1,wk inc rsv prop ed visits,2026-10-03,50,quantile,0.95,0
2026-10-10,-1,wk inc rsv prop ed visits,2026-10-03,50,quantile,0.975,0
2026-10-10,-1,wk inc rsv prop ed visits,2026-10-03,50,quantile,0.99,0
2026-10-10,-1,wk inc rsv prop ed visits,2026-10-03,51,quantile,0.01,4e-4
2026-10-10,-1,wk inc rsv prop ed visits,2026-10-03,51,quantile,0.025,4e-4
2026-10-10,-1,wk inc rsv prop ed visits,2026-10-03,51,quantile,0.05,4e-4
2026-10-10,-1,wk inc rsv prop ed visits,2026-10-03,51,quantile,0.1,4e-4
2026-10-10,-1,wk inc rsv prop ed visits,2026-10-03,51,quantile,0.15,4e-4
2026-10-10,-1,wk inc rsv prop ed visits,2026-10-03,51,quantile,0.2,4e-4
2026-10-10,-1,wk inc rsv prop ed visits,2026-10-03,51,quantile,0.25,4e-4
2026-10-10,-1,wk inc rsv prop ed visits,2026-10-03,51,quantile,0.3,4e-4
2026-10-10,-1,wk inc rsv prop ed visits,2026-10-03,51,quantile,0.35,4e-4
2026-10-10,-1,wk inc rsv prop ed visits,2026-10-03,51,quantile,0.4,4e-4
2026-10-10,-1,wk inc rsv prop ed visits,2026-10-03,51,quantile,0.45,4e-4
2026-10-10,-1,wk inc rsv prop ed visits,2026-10-03,51,quantile,0.5,4e-4
2026-10-10,-1,wk inc rsv prop ed visits,2026-10-03,51,quantile,0.55,4e-4
2026-10-10,-1,wk inc rsv prop ed visits,2026-10-03,51,quantile,0.6,4e-4
2026-10-10,-1,wk inc rsv prop ed visits,2026-10-03,51,quantile,0.65,4e-4
2026-10-10,-1,wk inc rsv prop ed visits,2026-10-03,51,quantile,0.7,4e-4
2026-10-10,-1,wk inc rsv prop ed visits,2026-10-03,51,quantile,0.75,4e-4
2026-10-10,-1,wk inc rsv prop ed visits,2026-10-03,51,quantile,0.8,4e-4
2026-10-10,-1,wk inc rsv prop ed visits,2026-10-03,51,quantile,0.85,4e-4
2026-10-10,-1,wk inc rsv prop ed visits,2026-10-03,51,quantile,0.9,4e-4
2026-10-10,-1,wk inc rsv prop ed visits,2026-10-03,51,quantile,0.95,4e-4
2026-10-10,-1,wk inc rsv prop ed visits,2026-10-03,51,quantile,0.975,4e-4
2026-10-10,-1,wk inc rsv prop ed visits,2026-10-03,51,quantile,0.99,4e-4
2026-10-10,-1,wk inc rsv prop ed visits,2026-10-03,53,quantile,0.01,1e-4
2026-10-10,-1,wk inc rsv prop ed visits,2026-10-03,53,quantile,0.025,1e-4
2026-10-10,-1,wk inc rsv prop ed visits,2026-10-03,53,quantile,0.05,1e-4
2026-10-10,-1,wk inc rsv prop ed visits,2026-10-03,53,quantile,0.1,1e-4
2026-10-10,-1,wk inc rsv prop ed visits,2026-10-03,53,quantile,0.15,1e-4
2026-10-10,-1,wk inc rsv prop ed visits,2026-10-03,53,quantile,0.2,1e-4
2026-10-10,-1,wk inc rsv prop ed visits,2026-10-03,53,quantile,0.25,1e-4
2026-10-10,-1,wk inc rsv prop ed visits,2026-10-03,53,quantile,0.3,1e-4
2026-10-10,-1,wk inc rsv prop ed visits,2026-10-03,53,quantile,0.35,1e-4
2026-10-10,-1,wk inc rsv prop ed visits,2026-10-03,53,quantile,0.4,1e-4
2026-10-10,-1,wk inc rsv prop ed visits,2026-10-03,53,quantile,0.45,1e-4
2026-10-10,-1,wk inc rsv prop ed visits,2026-10-03,53,quantile,0.5,1e-4
2026-10-10,-1,wk inc rsv prop ed visits,2026-10-03,53,quantile,0.55,1e-4
2026-10-10,-1,wk inc rsv prop ed visits,2026-10-03,53,quantile,0.6,1e-4
2026-10-10,-1,wk inc rsv prop ed visits,2026-10-03,53,quantile,0.65,1e-4
2026-10-10,-1,wk inc rsv prop ed visits,2026-10-03,53,quantile,0.7,1e-4
2026-10-10,-1,wk inc rsv prop ed visits,2026-10-03,53,quantile,0.75,1e-4
2026-10-10,-1,wk inc rsv prop ed visits,2026-10-03,53,quantile,0.8,1e-4
2026-10-10,-1,wk inc rsv prop ed visits,2026-10-03,53,quantile,0.85,1e-4
2026-10-10,-1,wk inc rsv prop ed visits,2026-10-03,53,quantile,0.9,1e-4
2026-10-10,-1,wk inc rsv prop ed visits,2026-10-03,53,quantile,0.95,1e-4
2026-10-10,-1,wk inc rsv prop ed visits,2026-10-03,53,quantile,0.975,1e-4
2026-10-10,-1,wk inc rsv prop ed visits,2026-10-03,53,quantile,0.99,1e-4
2026-10-10,-1,wk inc rsv prop ed visits,2026-10-03,54,quantile,0.01,3e-4
2026-10-10,-1,wk inc rsv prop ed visits,2026-10-03,54,quantile,0.025,3e-4
2026-10-10,-1,wk inc rsv prop ed visits,2026-10-03,54,quantile,0.05,3e-4
2026-10-10,-1,wk inc rsv prop ed visits,2026-10-03,54,quantile,0.1,3e-4
2026-10-10,-1,wk inc rsv prop ed visits,2026-10-03,54,quantile,0.15,3e-4
2026-10-10,-1,wk inc rsv prop ed visits,2026-10-03,54,quantile,0.2,3e-4
2026-10-10,-1,wk inc rsv prop ed visits,2026-10-03,54,quantile,0.25,3e-4
2026-10-10,-1,wk inc rsv prop ed visits,2026-10-03,54,quantile,0.3,3e-4
2026-10-10,-1,wk inc rsv prop ed visits,2026-10-03,54,quantile,0.35,3e-4
2026-10-10,-1,wk inc rsv prop ed visits,2026-10-03,54,quantile,0.4,3e-4
2026-10-10,-1,wk inc rsv prop ed visits,2026-10-03,54,quantile,0.45,3e-4
2026-10-10,-1,wk inc rsv prop ed visits,2026-10-03,54,quantile,0.5,3e-4
2026-10-10,-1,wk inc rsv prop ed visits,2026-10-03,54,quantile,0.55,3e-4
2026-10-10,-1,wk inc rsv prop ed visits,2026-10-03,54,quantile,0.6,3e-4
2026-10-10,-1,wk inc rsv prop ed visits,2026-10-03,54,quantile,0.65,3e-4
2026-10-10,-1,wk inc rsv prop ed visits,2026-10-03,54,quantile,0.7,3e-4
2026-10-10,-1,wk inc rsv prop ed visits,2026-10-03,54,quantile,0.75,3e-4
2026-10-10,-1,wk inc rsv prop ed visits,2026-10-03,54,quantile,0.8,3e-4
2026-10-10,-1,wk inc rsv prop ed visits,2026-10-03,54,quantile,0.85,3e-4
2026-10-10,-1,wk inc rsv prop ed visits,2026-10-03,54,quantile,0.9,3e-4
2026-10-10,-1,wk inc rsv prop ed visits,2026-10-03,54,quantile,0.95,3e-4
2026-10-10,-1,wk inc rsv prop ed visits,2026-10-03,54,quantile,0.975,3e-4
2026-10-10,-1,wk inc rsv prop ed visits,2026-10-03,54,quantile,0.99,3e-4
2026-10-10,-1,wk inc rsv prop ed visits,2026-10-03,55,quantile,0.01,1e-4
2026-10-10,-1,wk inc rsv prop ed visits,2026-10-03,55,quantile,0.025,1e-4
2026-10-10,-1,wk inc rsv prop ed visits,2026-10-03,55,quantile,0.05,1e-4
2026-10-10,-1,wk inc rsv prop ed visits,2026-10-03,55,quantile,0.1,1e-4
2026-10-10,-1,wk inc rsv prop ed visits,2026-10-03,55,quantile,0.15,1e-4
2026-10-10,-1,wk inc rsv prop ed visits,2026-10-03,55,quantile,0.2,1e-4
2026-10-10,-1,wk inc rsv prop ed visits,2026-10-03,55,quantile,0.25,1e-4
2026-10-10,-1,wk inc rsv prop ed visits,2026-10-03,55,quantile,0.3,1e-4
2026-10-10,-1,wk inc rsv prop ed visits,2026-10-03,55,quantile,0.35,1e-4
2026-10-10,-1,wk inc rsv prop ed visits,2026-10-03,55,quantile,0.4,1e-4
2026-10-10,-1,wk inc rsv prop ed visits,2026-10-03,55,quantile,0.45,1e-4
2026-10-10,-1,wk inc rsv prop ed visits,2026-10-03,55,quantile,0.5,1e-4
2026-10-10,-1,wk inc rsv prop ed visits,2026-10-03,55,quantile,0.55,1e-4
2026-10-10,-1,wk inc rsv prop ed visits,2026-10-03,55,quantile,0.6,1e-4
2026-10-10,-1,wk inc rsv prop ed visits,2026-10-03,55,quantile,0.65,1e-4
2026-10-10,-1,wk inc rsv prop ed visits,2026-10-03,55,quantile,0.7,1e-4
2026-10-10,-1,wk inc rsv prop ed visits,2026-10-03,55,quantile,0.75,1e-4
2026-10-10,-1,wk inc rsv prop ed visits,2026-10-03,55,quantile,0.8,1e-4
2026-10-10,-1,wk inc rsv prop ed visits,2026-10-03,55,quantile,0.85,1e-4
2026-10-10,-1,wk inc rsv prop ed visits,2026-10-03,55,quantile,0.9,1e-4
2026-10-10,-1,wk inc rsv prop ed visits,2026-10-03,55,quantile,0.95,1e-4
2026-10-10,-1,wk inc rsv prop ed visits,2026-10-03,55,quantile,0.975,1e-4
2026-10-10,-1,wk inc rsv prop ed visits,2026-10-03,55,quantile,0.99,1e-4
2026-10-10,-1,wk inc rsv prop ed visits,2026-10-03,56,quantile,0.01,4e-4
2026-10-10,-1,wk inc rsv prop ed visits,2026-10-03,56,quantile,0.025,4e-4
2026-10-10,-1,wk inc rsv prop ed visits,2026-10-03,56,quantile,0.05,4e-4
2026-10-10,-1,wk inc rsv prop ed visits,2026-10-03,56,quantile,0.1,4e-4
2026-10-10,-1,wk inc rsv prop ed visits,2026-10-03,56,quantile,0.15,4e-4
2026-10-10,-1,wk inc rsv prop ed visits,2026-10-03,56,quantile,0.2,4e-4
2026-10-10,-1,wk inc rsv prop ed visits,2026-10-03,56,quantile,0.25,4e-4
2026-10-10,-1,wk inc rsv prop ed visits,2026-10-03,56,quantile,0.3,4e-4
2026-10-10,-1,wk inc rsv prop ed visits,2026-10-03,56,quantile,0.35,4e-4
2026-10-10,-1,wk inc rsv prop ed visits,2026-10-03,56,quantile,0.4,4e-4
2026-10-10,-1,wk inc rsv prop ed visits,2026-10-03,56,quantile,0.45,4e-4
2026-10-10,-1,wk inc rsv prop ed visits,2026-10-03,56,quantile,0.5,4e-4
2026-10-10,-1,wk inc rsv prop ed visits,2026-10-03,56,quantile,0.55,4e-4
2026-10-10,-1,wk inc rsv prop ed visits,2026-10-03,56,quantile,0.6,4e-4
2026-10-10,-1,wk inc rsv prop ed visits,2026-10-03,56,quantile,0.65,4e-4
2026-10-10,-1,wk inc rsv prop ed visits,2026-10-03,56,quantile,0.7,4e-4
2026-10-10,-1,wk inc rsv prop ed visits,2026-10-03,56,quantile,0.75,4e-4
2026-10-10,-1,wk inc rsv prop ed visits,2026-10-03,56,quantile,0.8,4e-4
2026-10-10,-1,wk inc rsv prop ed visits,2026-10-03,56,quantile,0.85,4e-4
2026-10-10,-1,wk inc rsv prop ed visits,2026-10-03,56,quantile,0.9,4e-4
2026-10-10,-1,wk inc rsv prop ed visits,2026-10-03,56,quantile,0.95,4e-4
2026-10-10,-1,wk inc rsv prop ed visits,2026-10-03,56,quantile,0.975,4e-4
2026-10-10,-1,wk inc rsv prop ed visits,2026-10-03,56,quantile,0.99,4e-4
2026-10-10,-1,wk inc rsv prop ed visits,2026-10-03,US,quantile,0.01,5e-4
2026-10-10,-1,wk inc rsv prop ed visits,2026-10-03,US,quantile,0.025,5e-4
2026-10-10,-1,wk inc rsv prop ed visits,2026-10-03,US,quantile,0.05,5e-4
2026-10-10,-1,wk inc rsv prop ed visits,2026-10-03,US,quantile,0.1,5e-4
2026-10-10,-1,wk inc rsv prop ed visits,2026-10-03,US,quantile,0.15,5e-4
2026-10-10,-1,wk inc rsv prop ed visits,2026-10-03,US,quantile,0.2,5e-4
2026-10-10,-1,wk inc rsv prop ed visits,2026-10-03,US,quantile,0.25,5e-4
2026-10-10,-1,wk inc rsv prop ed visits,2026-10-03,US,quantile,0.3,5e-4
2026-10-10,-1,wk inc rsv prop ed visits,2026-10-03,US,quantile,0.35,5e-4
2026-10-10,-1,wk inc rsv prop ed visits,2026-10-03,US,quantile,0.4,5e-4
2026-10-10,-1,wk inc rsv prop ed visits,2026-10-03,US,quantile,0.45,5e-4
2026-10-10,-1,wk inc rsv prop ed visits,2026-10-03,US,quantile,0.5,5e-4
2026-10-10,-1,wk inc rsv prop ed visits,2026-10-03,US,quantile,0.55,5e-4
2026-10-10,-1,wk inc rsv prop ed visits,2026-10-03,US,quantile,0.6,5e-4
2026-10-10,-1,wk inc rsv prop ed visits,2026-10-03,US,quantile,0.65,5e-4
2026-10-10,-1,wk inc rsv prop ed visits,2026-10-03,US,quantile,0.7,5e-4
2026-10-10,-1,wk inc rsv prop ed visits,2026-10-03,US,quantile,0.75,5e-4
2026-10-10,-1,wk inc rsv prop ed visits,2026-10-03,US,quantile,0.8,5e-4
2026-10-10,-1,wk inc rsv prop ed visits,2026-10-03,US,quantile,0.85,5e-4
2026-10-10,-1,wk inc rsv prop ed visits,2026-10-03,US,quantile,0.9,5e-4
2026-10-10,-1,wk inc rsv prop ed visits,2026-10-03,US,quantile,0.95,5e-4
2026-10-10,-1,wk inc rsv prop ed visits,2026-10-03,US,quantile,0.975,5e-4
2026-10-10,-1,wk inc rsv prop ed visits,2026-10-03,US,quantile,0.99,5e-4
2026-10-10,0,wk inc rsv prop ed visits,2026-10-10,01,quantile,0.01,0
2026-10-10,0,wk inc rsv prop ed visits,2026-10-10,01,quantile,0.025,0
2026-10-10,0,wk inc rsv prop ed visits,2026-10-10,01,quantile,0.05,8.673617379884035e-19
2026-10-10,0,wk inc rsv prop ed visits,2026-10-10,01,quantile,0.1,7.000000000000001e-4
2026-10-10,0,wk inc rsv prop ed visits,2026-10-10,01,quantile,0.15,0.0010000000000000002
2026-10-10,0,wk inc rsv prop ed visits,2026-10-10,01,quantile,0.2,0.0011000000000000003
2026-10-10,0,wk inc rsv prop ed visits,2026-10-10,01,quantile,0.25,0.0012000000000000001
2026-10-10,0,wk inc rsv prop ed visits,2026-10-10,01,quantile,0.3,0.0013
2026-10-10,0,wk inc rsv prop ed visits,2026-10-10,01,quantile,0.35,0.0013000000000000002
2026-10-10,0,wk inc rsv prop ed visits,2026-10-10,01,quantile,0.4,0.0013000000000000002
2026-10-10,0,wk inc rsv prop ed visits,2026-10-10,01,quantile,0.45,0.0014000000000000002
2026-10-10,0,wk inc rsv prop ed visits,2026-10-10,01,quantile,0.5,0.0014000000000000002
2026-10-10,0,wk inc rsv prop ed visits,2026-10-10,01,quantile,0.55,0.0014000000000000002
2026-10-10,0,wk inc rsv prop ed visits,2026-10-10,01,quantile,0.6,0.0015000000000000002
2026-10-10,0,wk inc rsv prop ed visits,2026-10-10,01,quantile,0.65,0.0015000000000000002
2026-10-10,0,wk inc rsv prop ed visits,2026-10-10,01,quantile,0.7,0.0015000000000000005
2026-10-10,0,wk inc rsv prop ed visits,2026-10-10,01,quantile,0.75,0.0016000000000000003
2026-10-10,0,wk inc rsv prop ed visits,2026-10-10,01,quantile,0.8,0.0017000000000000001
2026-10-10,0,wk inc rsv prop ed visits,2026-10-10,01,quantile,0.85,0.0018000000000000002
2026-10-10,0,wk inc rsv prop ed visits,2026-10-10,01,quantile,0.9,0.0021000000000000003
2026-10-10,0,wk inc rsv prop ed visits,2026-10-10,01,quantile,0.95,0.0027999999999999995
2026-10-10,0,wk inc rsv prop ed visits,2026-10-10,01,quantile,0.975,0.003400000000000002
2026-10-10,0,wk inc rsv prop ed visits,2026-10-10,01,quantile,0.99,0.004100000000000001
2026-10-10,0,wk inc rsv prop ed visits,2026-10-10,02,quantile,0.01,0
2026-10-10,0,wk inc rsv prop ed visits,2026-10-10,02,quantile,0.025,0
2026-10-10,0,wk inc rsv prop ed visits,2026-10-10,02,quantile,0.05,0
2026-10-10,0,wk inc rsv prop ed visits,2026-10-10,02,quantile,0.1,0
2026-10-10,0,wk inc rsv prop ed visits,2026-10-10,02,quantile,0.15,0
2026-10-10,0,wk inc rsv prop ed visits,2026-10-10,02,quantile,0.2,0
2026-10-10,0,wk inc rsv prop ed visits,2026-10-10,02,quantile,0.25,0
2026-10-10,0,wk inc rsv prop ed visits,2026-10-10,02,quantile,0.3,0
2026-10-10,0,wk inc rsv prop ed visits,2026-10-10,02,quantile,0.35,0
2026-10-10,0,wk inc rsv prop ed visits,2026-10-10,02,quantile,0.4,0
2026-10-10,0,wk inc rsv prop ed visits,2026-10-10,02,quantile,0.45,0
2026-10-10,0,wk inc rsv prop ed visits,2026-10-10,02,quantile,0.5,0
2026-10-10,0,wk inc rsv prop ed visits,2026-10-10,02,quantile,0.55,9.999999999999986e-5
2026-10-10,0,wk inc rsv prop ed visits,2026-10-10,02,quantile,0.6,1.0000000000000005e-4
2026-10-10,0,wk inc rsv prop ed visits,2026-10-10,02,quantile,0.65,3e-4
2026-10-10,0,wk inc rsv prop ed visits,2026-10-10,02,quantile,0.7,3.899999999999933e-4
2026-10-10,0,wk inc rsv prop ed visits,2026-10-10,02,quantile,0.75,5.000000000000004e-4
2026-10-10,0,wk inc rsv prop ed visits,2026-10-10,02,quantile,0.8,7.999999999999997e-4
2026-10-10,0,wk inc rsv prop ed visits,2026-10-10,02,quantile,0.85,0.0010449999999999958
2026-10-10,0,wk inc rsv prop ed visits,2026-10-10,02,quantile,0.9,0.0021
2026-10-10,0,wk inc rsv prop ed visits,2026-10-10,02,quantile,0.95,0.003300000000000001
2026-10-10,0,wk inc rsv prop ed visits,2026-10-10,02,quantile,0.975,0.004200000000000001
2026-10-10,0,wk inc rsv prop ed visits,2026-10-10,02,quantile,0.99,0.005463999999999973
2026-10-10,0,wk inc rsv prop ed visits,2026-10-10,04,quantile,0.01,0
2026-10-10,0,wk inc rsv prop ed visits,2026-10-10,04,quantile,0.025,0
2026-10-10,0,wk inc rsv prop ed visits,2026-10-10,04,quantile,0.05,0
2026-10-10,0,wk inc rsv prop ed visits,2026-10-10,04,quantile,0.1,0
2026-10-10,0,wk inc rsv prop ed visits,2026-10-10,04,quantile,0.15,0
2026-10-10,0,wk inc rsv prop ed visits,2026-10-10,04,quantile,0.2,0
2026-10-10,0,wk inc rsv prop ed visits,2026-10-10,04,quantile,0.25,0
2026-10-10,0,wk inc rsv prop ed visits,2026-10-10,04,quantile,0.3,4.0657581468206416e-20
2026-10-10,0,wk inc rsv prop ed visits,2026-10-10,04,quantile,0.35,1e-4
2026-10-10,0,wk inc rsv prop ed visits,2026-10-10,04,quantile,0.4,1e-4
2026-10-10,0,wk inc rsv prop ed visits,2026-10-10,04,quantile,0.45,1e-4
2026-10-10,0,wk inc rsv prop ed visits,2026-10-10,04,quantile,0.5,1e-4
2026-10-10,0,wk inc rsv prop ed visits,2026-10-10,04,quantile,0.55,1e-4
2026-10-10,0,wk inc rsv prop ed visits,2026-10-10,04,quantile,0.6,1e-4
2026-10-10,0,wk inc rsv prop ed visits,2026-10-10,04,quantile,0.65,1e-4
2026-10-10,0,wk inc rsv prop ed visits,2026-10-10,04,quantile,0.7,1.9999999999999998e-4
2026-10-10,0,wk inc rsv prop ed visits,2026-10-10,04,quantile,0.75,2e-4
2026-10-10,0,wk inc rsv prop ed visits,2026-10-10,04,quantile,0.8,2.999999999999999e-4
2026-10-10,0,wk inc rsv prop ed visits,2026-10-10,04,quantile,0.85,4e-4
2026-10-10,0,wk inc rsv prop ed visits,2026-10-10,04,quantile,0.9,6.000000000000001e-4
2026-10-10,0,wk inc rsv prop ed visits,2026-10-10,04,quantile,0.95,0.0011
2026-10-10,0,wk inc rsv prop ed visits,2026-10-10,04,quantile,0.975,0.0015999999999999992
2026-10-10,0,wk inc rsv prop ed visits,2026-10-10,04,quantile,0.99,0.002365999999999993
2026-10-10,0,wk inc rsv prop ed visits,2026-10-10,05,quantile,0.01,0
2026-10-10,0,wk inc rsv prop ed visits,2026-10-10,05,quantile,0.025,0
2026-10-10,0,wk inc rsv prop ed visits,2026-10-10,05,quantile,0.05,0
2026-10-10,0,wk inc rsv prop ed visits,2026-10-10,05,quantile,0.1,0
2026-10-10,0,wk inc rsv prop ed visits,2026-10-10,05,quantile,0.15,9.999999999999983e-5
2026-10-10,0,wk inc rsv prop ed visits,2026-10-10,05,quantile,0.2,3.000000000000003e-4
2026-10-10,0,wk inc rsv prop ed visits,2026-10-10,05,quantile,0.25,5e-4
2026-10-10,0,wk inc rsv prop ed visits,2026-10-10,05,quantile,0.3,5.000000000000001e-4
2026-10-10,0,wk inc rsv prop ed visits,2026-10-10,05,quantile,0.35,6.000000000000001e-4
2026-10-10,0,wk inc rsv prop ed visits,2026-10-10,05,quantile,0.4,6.000000000000001e-4
2026-10-10,0,wk inc rsv prop ed visits,2026-10-10,05,quantile,0.45,6.00000000000003e-4
2026-10-10,0,wk inc rsv prop ed visits,2026-10-10,05,quantile,0.5,7.000000000000001e-4
2026-10-10,0,wk inc rsv prop ed visits,2026-10-10,05,quantile,0.55,7.999999999999972e-4
2026-10-10,0,wk inc rsv prop ed visits,2026-10-10,05,quantile,0.6,8.000000000000001e-4
2026-10-10,0,wk inc rsv prop ed visits,2026-10-10,05,quantile,0.65,8.000000000000001e-4
2026-10-10,0,wk inc rsv prop ed visits,2026-10-10,05,quantile,0.7,9.000000000000001e-4
2026-10-10,0,wk inc rsv prop ed visits,2026-10-10,05,quantile,0.75,9.000000000000002e-4
2026-10-10,0,wk inc rsv prop ed visits,2026-10-10,05,quantile,0.8,0.0010999999999999998
2026-10-10,0,wk inc rsv prop ed visits,2026-10-10,05,quantile,0.85,0.0013000000000000004
2026-10-10,0,wk inc rsv prop ed visits,2026-10-10,05,quantile,0.9,0.0018999999999999998
2026-10-10,0,wk inc rsv prop ed visits,2026-10-10,05,quantile,0.95,0.003199999999999999
2026-10-10,0,wk inc rsv prop ed visits,2026-10-10,05,quantile,0.975,0.004014999999999995
2026-10-10,0,wk inc rsv prop ed visits,2026-10-10,05,quantile,0.99,0.006029999999999964
2026-10-10,0,wk inc rsv prop ed visits,2026-10-10,06,quantile,0.01,0
2026-10-10,0,wk inc rsv prop ed visits,2026-10-10,06,quantile,0.025,0
2026-10-10,0,wk inc rsv prop ed visits,2026-10-10,06,quantile,0.05,0
2026-10-10,0,wk inc rsv prop ed visits,2026-10-10,06,quantile,0.1,0
2026-10-10,0,wk inc rsv prop ed visits,2026-10-10,06,quantile,0.15,0
2026-10-10,0,wk inc rsv prop ed visits,2026-10-10,06,quantile,0.2,8.131516293641283e-20
2026-10-10,0,wk inc rsv prop ed visits,2026-10-10,06,quantile,0.25,1e-4
2026-10-10,0,wk inc rsv prop ed visits,2026-10-10,06,quantile,0.3,1.0000000000000005e-4
2026-10-10,0,wk inc rsv prop ed visits,2026-10-10,06,quantile,0.35,2e-4
2026-10-10,0,wk inc rsv prop ed visits,2026-10-10,06,quantile,0.4,2e-4
2026-10-10,0,wk inc rsv prop ed visits,2026-10-10,06,quantile,0.45,2e-4
2026-10-10,0,wk inc rsv prop ed visits,2026-10-10,06,quantile,0.5,2e-4
2026-10-10,0,wk inc rsv prop ed visits,2026-10-10,06,quantile,0.55,2e-4
2026-10-10,0,wk inc rsv prop ed visits,2026-10-10,06,quantile,0.6,2e-4
2026-10-10,0,wk inc rsv prop ed visits,2026-10-10,06,quantile,0.65,2e-4
2026-10-10,0,wk inc rsv prop ed visits,2026-10-10,06,quantile,0.7,3e-4
2026-10-10,0,wk inc rsv prop ed visits,2026-10-10,06,quantile,0.75,3.0000000000000003e-4
2026-10-10,0,wk inc rsv prop ed visits,2026-10-10,06,quantile,0.8,3.9999999999999996e-4
2026-10-10,0,wk inc rsv prop ed visits,2026-10-10,06,quantile,0.85,5.000000000000006e-4
2026-10-10,0,wk inc rsv prop ed visits,2026-10-10,06,quantile,0.9,7.999999999999998e-4
2026-10-10,0,wk inc rsv prop ed visits,2026-10-10,06,quantile,0.95,0.0011149999999999951
2026-10-10,0,wk inc rsv prop ed visits,2026-10-10,06,quantile,0.975,0.0017000000000000001
2026-10-10,0,wk inc rsv prop ed visits,2026-10-10,06,quantile,0.99,0.002314999999999982
2026-10-10,0,wk inc rsv prop ed visits,2026-10-10,08,quantile,0.01,0
2026-10-10,0,wk inc rsv prop ed visits,2026-10-10,08,quantile,0.025,0
2026-10-10,0,wk inc rsv prop ed visits,2026-10-10,08,quantile,0.05,0
2026-10-10,0,wk inc rsv prop ed visits,2026-10-10,08,quantile,0.1,0
2026-10-10,0,wk inc rsv prop ed visits,2026-10-10,08,quantile,0.15,0
2026-10-10,0,wk inc rsv prop ed visits,2026-10-10,08,quantile,0.2,0
2026-10-10,0,wk inc rsv prop ed visits,2026-10-10,08,quantile,0.25,0
2026-10-10,0,wk inc rsv prop ed visits,2026-10-10,08,quantile,0.3,0
2026-10-10,0,wk inc rsv prop ed visits,2026-10-10,08,quantile,0.35,4.0657581468206416e-20
2026-10-10,0,wk inc rsv prop ed visits,2026-10-10,08,quantile,0.4,1e-4
2026-10-10,0,wk inc rsv prop ed visits,2026-10-10,08,quantile,0.45,1e-4
2026-10-10,0,wk inc rsv prop ed visits,2026-10-10,08,quantile,0.5,1e-4
2026-10-10,0,wk inc rsv prop ed visits,2026-10-10,08,quantile,0.55,1e-4
2026-10-10,0,wk inc rsv prop ed visits,2026-10-10,08,quantile,0.6,1e-4
2026-10-10,0,wk inc rsv prop ed visits,2026-10-10,08,quantile,0.65,1.9999999999999998e-4
2026-10-10,0,wk inc rsv prop ed visits,2026-10-10,08,quantile,0.7,2e-4
2026-10-10,0,wk inc rsv prop ed visits,2026-10-10,08,quantile,0.75,3e-4
2026-10-10,0,wk inc rsv prop ed visits,2026-10-10,08,quantile,0.8,3.999999999999995e-4
2026-10-10,0,wk inc rsv prop ed visits,2026-10-10,08,quantile,0.85,5.000000000000001e-4
2026-10-10,0,wk inc rsv prop ed visits,2026-10-10,08,quantile,0.9,8.999999999999989e-4
2026-10-10,0,wk inc rsv prop ed visits,2026-10-10,08,quantile,0.95,0.0019
2026-10-10,0,wk inc rsv prop ed visits,2026-10-10,08,quantile,0.975,0.0023574999999999963
2026-10-10,0,wk inc rsv prop ed visits,2026-10-10,08,quantile,0.99,0.004614999999999982
2026-10-10,0,wk inc rsv prop ed visits,2026-10-10,09,quantile,0.01,0
2026-10-10,0,wk inc rsv prop ed visits,2026-10-10,09,quantile,0.025,0
2026-10-10,0,wk inc rsv prop ed visits,2026-10-10,09,quantile,0.05,0
2026-10-10,0,wk inc rsv prop ed visits,2026-10-10,09,quantile,0.1,0
2026-10-10,0,wk inc rsv prop ed visits,2026-10-10,09,quantile,0.15,0
2026-10-10,0,wk inc rsv prop ed visits,2026-10-10,09,quantile,0.2,0
2026-10-10,0,wk inc rsv prop ed visits,2026-10-10,09,quantile,0.25,9.999999999999986e-5
2026-10-10,0,wk inc rsv prop ed visits,2026-10-10,09,quantile,0.3,1e-4
2026-10-10,0,wk inc rsv prop ed visits,2026-10-10,09,quantile,0.35,1e-4
2026-10-10,0,wk inc rsv prop ed visits,2026-10-10,09,quantile,0.4,2e-4
2026-10-10,0,wk inc rsv prop ed visits,2026-10-10,09,quantile,0.45,2e-4
2026-10-10,0,wk inc rsv prop ed visits,2026-10-10,09,quantile,0.5,2e-4
2026-10-10,0,wk inc rsv prop ed visits,2026-10-10,09,quantile,0.55,2e-4
2026-10-10,0,wk inc rsv prop ed visits,2026-10-10,09,quantile,0.6,2e-4
2026-10-10,0,wk inc rsv prop ed visits,2026-10-10,09,quantile,0.65,3.0000000000000003e-4
2026-10-10,0,wk inc rsv prop ed visits,2026-10-10,09,quantile,0.7,3.0000000000000003e-4
2026-10-10,0,wk inc rsv prop ed visits,2026-10-10,09,quantile,0.75,3.0000000000000014e-4
2026-10-10,0,wk inc rsv prop ed visits,2026-10-10,09,quantile,0.8,4.000000000000001e-4
2026-10-10,0,wk inc rsv prop ed visits,2026-10-10,09,quantile,0.85,5.999999999999997e-4
2026-10-10,0,wk inc rsv prop ed visits,2026-10-10,09,quantile,0.9,7.999999999999998e-4
2026-10-10,0,wk inc rsv prop ed visits,2026-10-10,09,quantile,0.95,0.0012149999999999956
2026-10-10,0,wk inc rsv prop ed visits,2026-10-10,09,quantile,0.975,0.0018000000000000004
2026-10-10,0,wk inc rsv prop ed visits,2026-10-10,09,quantile,0.99,0.0024
2026-10-10,0,wk inc rsv prop ed visits,2026-10-10,10,quantile,0.01,0
2026-10-10,0,wk inc rsv prop ed visits,2026-10-10,10,quantile,0.025,0
2026-10-10,0,wk inc rsv prop ed visits,2026-10-10,10,quantile,0.05,0
2026-10-10,0,wk inc rsv prop ed visits,2026-10-10,10,quantile,0.1,0
2026-10-10,0,wk inc rsv prop ed visits,2026-10-10,10,quantile,0.15,0
2026-10-10,0,wk inc rsv prop ed visits,2026-10-10,10,quantile,0.2,0
2026-10-10,0,wk inc rsv prop ed visits,2026-10-10,10,quantile,0.25,1.9999999999999998e-4
2026-10-10,0,wk inc rsv prop ed visits,2026-10-10,10,quantile,0.3,2.999999999999999e-4
2026-10-10,0,wk inc rsv prop ed visits,2026-10-10,10,quantile,0.35,3.0000000000000003e-4
2026-10-10,0,wk inc rsv prop ed visits,2026-10-10,10,quantile,0.4,3.9999999999999996e-4
2026-10-10,0,wk inc rsv prop ed visits,2026-10-10,10,quantile,0.45,4.000000000000001e-4
2026-10-10,0,wk inc rsv prop ed visits,2026-10-10,10,quantile,0.5,5e-4
2026-10-10,0,wk inc rsv prop ed visits,2026-10-10,10,quantile,0.55,6e-4
2026-10-10,0,wk inc rsv prop ed visits,2026-10-10,10,quantile,0.6,6.000000000000001e-4
2026-10-10,0,wk inc rsv prop ed visits,2026-10-10,10,quantile,0.65,7e-4
2026-10-10,0,wk inc rsv prop ed visits,2026-10-10,10,quantile,0.7,7.000000000000001e-4
2026-10-10,0,wk inc rsv prop ed visits,2026-10-10,10,quantile,0.75,8e-4
2026-10-10,0,wk inc rsv prop ed visits,2026-10-10,10,quantile,0.8,0.001
2026-10-10,0,wk inc rsv prop ed visits,2026-10-10,10,quantile,0.85,0.0013449999999999966
2026-10-10,0,wk inc rsv prop ed visits,2026-10-10,10,quantile,0.9,0.0018999999999999998
2026-10-10,0,wk inc rsv prop ed visits,2026-10-10,10,quantile,0.95,0.0030449999999999844
2026-10-10,0,wk inc rsv prop ed visits,2026-10-10,10,quantile,0.975,0.0046574999999999984
2026-10-10,0,wk inc rsv prop ed visits,2026-10-10,10,quantile,0.99,0.0068000000000000005
2026-10-10,0,wk inc rsv prop ed visits,2026-10-10,11,quantile,0.01,0
2026-10-10,0,wk inc rsv prop ed visits,2026-10-10,11,quantile,0.025,0
2026-10-10,0,wk inc rsv prop ed visits,2026-10-10,11,quantile,0.05,0
2026-10-10,0,wk inc rsv prop ed visits,2026-10-10,11,quantile,0.1,0
2026-10-10,0,wk inc rsv prop ed visits,2026-10-10,11,quantile,0.15,0
2026-10-10,0,wk inc rsv prop ed visits,2026-10-10,11,quantile,0.2,0
2026-10-10,0,wk inc rsv prop ed visits,2026-10-10,11,quantile,0.25,0
2026-10-10,0,wk inc rsv prop ed visits,2026-10-10,11,quantile,0.3,0
2026-10-10,0,wk inc rsv prop ed visits,2026-10-10,11,quantile,0.35,9.999999999999999e-5
2026-10-10,0,wk inc rsv prop ed visits,2026-10-10,11,quantile,0.4,1.9999999999999993e-4
2026-10-10,0,wk inc rsv prop ed visits,2026-10-10,11,quantile,0.45,2.0000000000000004e-4
2026-10-10,0,wk inc rsv prop ed visits,2026-10-10,11,quantile,0.5,3e-4
2026-10-10,0,wk inc rsv prop ed visits,2026-10-10,11,quantile,0.55,3.999999999999999e-4
2026-10-10,0,wk inc rsv prop ed visits,2026-10-10,11,quantile,0.6,4e-4
2026-10-10,0,wk inc rsv prop ed visits,2026-10-10,11,quantile,0.65,5e-4
2026-10-10,0,wk inc rsv prop ed visits,2026-10-10,11,quantile,0.7,6e-4
2026-10-10,0,wk inc rsv prop ed visits,2026-10-10,11,quantile,0.75,6.999999999999999e-4
2026-10-10,0,wk inc rsv prop ed visits,2026-10-10,11,quantile,0.8,7.999999999999999e-4
2026-10-10,0,wk inc rsv prop ed visits,2026-10-10,11,quantile,0.85,0.001
2026-10-10,0,wk inc rsv prop ed visits,2026-10-10,11,quantile,0.9,0.0013999999999999998
2026-10-10,0,wk inc rsv prop ed visits,2026-10-10,11,quantile,0.95,0.0022149999999999934
2026-10-10,0,wk inc rsv prop ed visits,2026-10-10,11,quantile,0.975,0.0032574999999999982
2026-10-10,0,wk inc rsv prop ed visits,2026-10-10,11,quantile,0.99,0.004082999999999998
2026-10-10,0,wk inc rsv prop ed visits,2026-10-10,12,quantile,0.01,9.170000000000008e-4
2026-10-10,0,wk inc rsv prop ed visits,2026-10-10,12,quantile,0.025,0.0013
2026-10-10,0,wk inc rsv prop ed visits,2026-10-10,12,quantile,0.05,0.0015
2026-10-10,0,wk inc rsv prop ed visits,2026-10-10,12,quantile,0.1,0.00177
2026-10-10,0,wk inc rsv prop ed visits,2026-10-10,12,quantile,0.15,0.0019000000000000002
2026-10-10,0,wk inc rsv prop ed visits,2026-10-10,12,quantile,0.2,0.002
2026-10-10,0,wk inc rsv prop ed visits,2026-10-10,12,quantile,0.25,0.0020000000000000005
2026-10-10,0,wk inc rsv prop ed visits,2026-10-10,12,quantile,0.3,0.0021000000000000003
2026-10-10,0,wk inc rsv prop ed visits,2026-10-10,12,quantile,0.35,0.0021000000000000003
2026-10-10,0,wk inc rsv prop ed visits,2026-10-10,12,quantile,0.4,0.0022
2026-10-10,0,wk inc rsv prop ed visits,2026-10-10,12,quantile,0.45,0.0022
2026-10-10,0,wk inc rsv prop ed visits,2026-10-10,12,quantile,0.5,0.0022
2026-10-10,0,wk inc rsv prop ed visits,2026-10-10,12,quantile,0.55,0.0022
2026-10-10,0,wk inc rsv prop ed visits,2026-10-10,12,quantile,0.6,0.0022
2026-10-10,0,wk inc rsv prop ed visits,2026-10-10,12,quantile,0.65,0.0023
2026-10-10,0,wk inc rsv prop ed visits,2026-10-10,12,quantile,0.7,0.0023
2026-10-10,0,wk inc rsv prop ed visits,2026-10-10,12,quantile,0.75,0.0024
2026-10-10,0,wk inc rsv prop ed visits,2026-10-10,12,quantile,0.8,0.0024000000000000002
2026-10-10,0,wk inc rsv prop ed visits,2026-10-10,12,quantile,0.85,0.0025
2026-10-10,0,wk inc rsv prop ed visits,2026-10-10,12,quantile,0.9,0.002630000000000003
2026-10-10,0,wk inc rsv prop ed visits,2026-10-10,12,quantile,0.95,0.0029000000000000002
2026-10-10,0,wk inc rsv prop ed visits,2026-10-10,12,quantile,0.975,0.0031000000000000003
2026-10-10,0,wk inc rsv prop ed visits,2026-10-10,12,quantile,0.99,0.003482999999999996
2026-10-10,0,wk inc rsv prop ed visits,2026-10-10,13,quantile,0.01,0
2026-10-10,0,wk inc rsv prop ed visits,2026-10-10,13,quantile,0.025,0
2026-10-10,0,wk inc rsv prop ed visits,2026-10-10,13,quantile,0.05,0
2026-10-10,0,wk inc rsv prop ed visits,2026-10-10,13,quantile,0.1,3.700000000000003e-4
2026-10-10,0,wk inc rsv prop ed visits,2026-10-10,13,quantile,0.15,6e-4
2026-10-10,0,wk inc rsv prop ed visits,2026-10-10,13,quantile,0.2,7e-4
2026-10-10,0,wk inc rsv prop ed visits,2026-10-10,13,quantile,0.25,7.999999999999999e-4
2026-10-10,0,wk inc rsv prop ed visits,2026-10-10,13,quantile,0.3,7.999999999999999e-4
2026-10-10,0,wk inc rsv prop ed visits,2026-10-10,13,quantile,0.35,8e-4
2026-10-10,0,wk inc rsv prop ed visits,2026-10-10,13,quantile,0.4,9e-4
2026-10-10,0,wk inc rsv prop ed visits,2026-10-10,13,quantile,0.45,9e-4
2026-10-10,0,wk inc rsv prop ed visits,2026-10-10,13,quantile,0.5,9e-4
2026-10-10,0,wk inc rsv prop ed visits,2026-10-10,13,quantile,0.55,9e-4
2026-10-10,0,wk inc rsv prop ed visits,2026-10-10,13,quantile,0.6,9e-4
2026-10-10,0,wk inc rsv prop ed visits,2026-10-10,13,quantile,0.65,0.001
2026-10-10,0,wk inc rsv prop ed visits,2026-10-10,13,quantile,0.7,0.001
2026-10-10,0,wk inc rsv prop ed visits,2026-10-10,13,quantile,0.75,0.001
2026-10-10,0,wk inc rsv prop ed visits,2026-10-10,13,quantile,0.8,0.0010999999999999998
2026-10-10,0,wk inc rsv prop ed visits,2026-10-10,13,quantile,0.85,0.0012000000000000001
2026-10-10,0,wk inc rsv prop ed visits,2026-10-10,13,quantile,0.9,0.0014300000000000022
2026-10-10,0,wk inc rsv prop ed visits,2026-10-10,13,quantile,0.95,0.001814999999999995
2026-10-10,0,wk inc rsv prop ed visits,2026-10-10,13,quantile,0.975,0.002157499999999997
2026-10-10,0,wk inc rsv prop ed visits,2026-10-10,13,quantile,0.99,0.0023829999999999962
2026-10-10,0,wk inc rsv prop ed visits,2026-10-10,15,quantile,0.01,0
2026-10-10,0,wk inc rsv prop ed visits,2026-10-10,15,quantile,0.025,1.4250000000000016e-4
2026-10-10,0,wk inc rsv prop ed visits,2026-10-10,15,quantile,0.05,7.850000000000003e-4
2026-10-10,0,wk inc rsv prop ed visits,2026-10-10,15,quantile,0.1,0.0013000000000000004
2026-10-10,0,wk inc rsv prop ed visits,2026-10-10,15,quantile,0.15,0.0015
2026-10-10,0,wk inc rsv prop ed visits,2026-10-10,15,quantile,0.2,0.0017000000000000001
2026-10-10,0,wk inc rsv prop ed visits,2026-10-10,15,quantile,0.25,0.001899999999999999
2026-10-10,0,wk inc rsv prop ed visits,2026-10-10,15,quantile,0.3,0.0019000000000000002
2026-10-10,0,wk inc rsv prop ed visits,2026-10-10,15,quantile,0.35,0.002
2026-10-10,0,wk inc rsv prop ed visits,2026-10-10,15,quantile,0.4,0.0021
2026-10-10,0,wk inc rsv prop ed visits,2026-10-10,15,quantile,0.45,0.0021000000000000003
2026-10-10,0,wk inc rsv prop ed visits,2026-10-10,15,quantile,0.5,0.0022
2026-10-10,0,wk inc rsv prop ed visits,2026-10-10,15,quantile,0.55,0.0023
2026-10-10,0,wk inc rsv prop ed visits,2026-10-10,15,quantile,0.6,0.0023000000000000004
2026-10-10,0,wk inc rsv prop ed visits,2026-10-10,15,quantile,0.65,0.0024000000000000002
2026-10-10,0,wk inc rsv prop ed visits,2026-10-10,15,quantile,0.7,0.0025
2026-10-10,0,wk inc rsv prop ed visits,2026-10-10,15,quantile,0.75,0.0025000000000000014
2026-10-10,0,wk inc rsv prop ed visits,2026-10-10,15,quantile,0.8,0.0027
2026-10-10,0,wk inc rsv prop ed visits,2026-10-10,15,quantile,0.85,0.0029000000000000002
2026-10-10,0,wk inc rsv prop ed visits,2026-10-10,15,quantile,0.9,0.0031
2026-10-10,0,wk inc rsv prop ed visits,2026-10-10,15,quantile,0.95,0.003614999999999995
2026-10-10,0,wk inc rsv prop ed visits,2026-10-10,15,quantile,0.975,0.004257499999999997
2026-10-10,0,wk inc rsv prop ed visits,2026-10-10,15,quantile,0.99,0.00504899999999999
2026-10-10,0,wk inc rsv prop ed visits,2026-10-10,16,quantile,0.01,0
2026-10-10,0,wk inc rsv prop ed visits,2026-10-10,16,quantile,0.025,0
2026-10-10,0,wk inc rsv prop ed visits,2026-10-10,16,quantile,0.05,0
2026-10-10,0,wk inc rsv prop ed visits,2026-10-10,16,quantile,0.1,0
2026-10-10,0,wk inc rsv prop ed visits,2026-10-10,16,quantile,0.15,0
2026-10-10,0,wk inc rsv prop ed visits,2026-10-10,16,quantile,0.2,0
2026-10-10,0,wk inc rsv prop ed visits,2026-10-10,16,quantile,0.25,9.999999999999999e-5
2026-10-10,0,wk inc rsv prop ed visits,2026-10-10,16,quantile,0.3,2e-4
2026-10-10,0,wk inc rsv prop ed visits,2026-10-10,16,quantile,0.35,3e-4
2026-10-10,0,wk inc rsv prop ed visits,2026-10-10,16,quantile,0.4,3.0000000000000003e-4
2026-10-10,0,wk inc rsv prop ed visits,2026-10-10,16,quantile,0.45,3.0000000000000003e-4
2026-10-10,0,wk inc rsv prop ed visits,2026-10-10,16,quantile,0.5,4e-4
2026-10-10,0,wk inc rsv prop ed visits,2026-10-10,16,quantile,0.55,5e-4
2026-10-10,0,wk inc rsv prop ed visits,2026-10-10,16,quantile,0.6,5e-4
2026-10-10,0,wk inc rsv prop ed visits,2026-10-10,16,quantile,0.65,5e-4
2026-10-10,0,wk inc rsv prop ed visits,2026-10-10,16,quantile,0.7,6.000000000000001e-4
2026-10-10,0,wk inc rsv prop ed visits,2026-10-10,16,quantile,0.75,7.000000000000001e-4
2026-10-10,0,wk inc rsv prop ed visits,2026-10-10,16,quantile,0.8,8.000000000000001e-4
2026-10-10,0,wk inc rsv prop ed visits,2026-10-10,16,quantile,0.85,0.0012
2026-10-10,0,wk inc rsv prop ed visits,2026-10-10,16,quantile,0.9,0.001630000000000002
2026-10-10,0,wk inc rsv prop ed visits,2026-10-10,16,quantile,0.95,0.0028000000000000004
2026-10-10,0,wk inc rsv prop ed visits,2026-10-10,16,quantile,0.975,0.0033574999999999985
2026-10-10,0,wk inc rsv prop ed visits,2026-10-10,16,quantile,0.99,0.005648999999999991
2026-10-10,0,wk inc rsv prop ed visits,2026-10-10,17,quantile,0.01,0
2026-10-10,0,wk inc rsv prop ed visits,2026-10-10,17,quantile,0.025,0
2026-10-10,0,wk inc rsv prop ed visits,2026-10-10,17,quantile,0.05,0
2026-10-10,0,wk inc rsv prop ed visits,2026-10-10,17,quantile,0.1,0
2026-10-10,0,wk inc rsv prop ed visits,2026-10-10,17,quantile,0.15,0
2026-10-10,0,wk inc rsv prop ed visits,2026-10-10,17,quantile,0.2,0
2026-10-10,0,wk inc rsv prop ed visits,2026-10-10,17,quantile,0.25,2.4999999999999944e-5
2026-10-10,0,wk inc rsv prop ed visits,2026-10-10,17,quantile,0.3,1e-4
2026-10-10,0,wk inc rsv prop ed visits,2026-10-10,17,quantile,0.35,1.0000000000000005e-4
2026-10-10,0,wk inc rsv prop ed visits,2026-10-10,17,quantile,0.4,2e-4
2026-10-10,0,wk inc rsv prop ed visits,2026-10-10,17,quantile,0.45,2e-4
2026-10-10,0,wk inc rsv prop ed visits,2026-10-10,17,quantile,0.5,2e-4
2026-10-10,0,wk inc rsv prop ed visits,2026-10-10,17,quantile,0.55,2e-4
2026-10-10,0,wk inc rsv prop ed visits,2026-10-10,17,quantile,0.6,2e-4
2026-10-10,0,wk inc rsv prop ed visits,2026-10-10,17,quantile,0.65,3e-4
2026-10-10,0,wk inc rsv prop ed visits,2026-10-10,17,quantile,0.7,3.0000000000000003e-4
2026-10-10,0,wk inc rsv prop ed visits,2026-10-10,17,quantile,0.75,3.7499999999999795e-4
2026-10-10,0,wk inc rsv prop ed visits,2026-10-10,17,quantile,0.8,4.999999999999999e-4
2026-10-10,0,wk inc rsv prop ed visits,2026-10-10,17,quantile,0.85,7e-4
2026-10-10,0,wk inc rsv prop ed visits,2026-10-10,17,quantile,0.9,0.001100000000000001
2026-10-10,0,wk inc rsv prop ed visits,2026-10-10,17,quantile,0.95,0.0021
2026-10-10,0,wk inc rsv prop ed visits,2026-10-10,17,quantile,0.975,0.0027149999999999948
2026-10-10,0,wk inc rsv prop ed visits,2026-10-10,17,quantile,0.99,0.0032829999999999973
2026-10-10,0,wk inc rsv prop ed visits,2026-10-10,18,quantile,0.01,0
2026-10-10,0,wk inc rsv prop ed visits,2026-10-10,18,quantile,0.025,0
2026-10-10,0,wk inc rsv prop ed visits,2026-10-10,18,quantile,0.05,0
2026-10-10,0,wk inc rsv prop ed visits,2026-10-10,18,quantile,0.1,0
2026-10-10,0,wk inc rsv prop ed visits,2026-10-10,18,quantile,0.15,9.999999999999994e-5
2026-10-10,0,wk inc rsv prop ed visits,2026-10-10,18,quantile,0.2,2.9999999999999965e-4
2026-10-10,0,wk inc rsv prop ed visits,2026-10-10,18,quantile,0.25,3.0000000000000057e-4
2026-10-10,0,wk inc rsv prop ed visits,2026-10-10,18,quantile,0.3,4e-4
2026-10-10,0,wk inc rsv prop ed visits,2026-10-10,18,quantile,0.35,4e-4
2026-10-10,0,wk inc rsv prop ed visits,2026-10-10,18,quantile,0.4,5e-4
2026-10-10,0,wk inc rsv prop ed visits,2026-10-10,18,quantile,0.45,5e-4
2026-10-10,0,wk inc rsv prop ed visits,2026-10-10,18,quantile,0.5,5e-4
2026-10-10,0,wk inc rsv prop ed visits,2026-10-10,18,quantile,0.55,5e-4
2026-10-10,0,wk inc rsv prop ed visits,2026-10-10,18,quantile,0.6,5e-4
2026-10-10,0,wk inc rsv prop ed visits,2026-10-10,18,quantile,0.65,6.000000000000001e-4
2026-10-10,0,wk inc rsv prop ed visits,2026-10-10,18,quantile,0.7,6.000000000000001e-4
2026-10-10,0,wk inc rsv prop ed visits,2026-10-10,18,quantile,0.75,6.999999999999995e-4
2026-10-10,0,wk inc rsv prop ed visits,2026-10-10,18,quantile,0.8,7.000000000000003e-4
2026-10-10,0,wk inc rsv prop ed visits,2026-10-10,18,quantile,0.85,9.000000000000001e-4
2026-10-10,0,wk inc rsv prop ed visits,2026-10-10,18,quantile,0.9,0.0011999999999999995
2026-10-10,0,wk inc rsv prop ed visits,2026-10-10,18,quantile,0.95,0.0018
2026-10-10,0,wk inc rsv prop ed visits,2026-10-10,18,quantile,0.975,0.0024000000000000007
2026-10-10,0,wk inc rsv prop ed visits,2026-10-10,18,quantile,0.99,0.0034489999999999885
2026-10-10,0,wk inc rsv prop ed visits,2026-10-10,19,quantile,0.01,0
2026-10-10,0,wk inc rsv prop ed visits,2026-10-10,19,quantile,0.025,0
2026-10-10,0,wk inc rsv prop ed visits,2026-10-10,19,quantile,0.05,0
2026-10-10,0,wk inc rsv prop ed visits,2026-10-10,19,quantile,0.1,0
2026-10-10,0,wk inc rsv prop ed visits,2026-10-10,19,quantile,0.15,0
2026-10-10,0,wk inc rsv prop ed visits,2026-10-10,19,quantile,0.2,0
2026-10-10,0,wk inc rsv prop ed visits,2026-10-10,19,quantile,0.25,0
2026-10-10,0,wk inc rsv prop ed visits,2026-10-10,19,quantile,0.3,0
2026-10-10,0,wk inc rsv prop ed visits,2026-10-10,19,quantile,0.35,0
2026-10-10,0,wk inc rsv prop ed visits,2026-10-10,19,quantile,0.4,0
2026-10-10,0,wk inc rsv prop ed visits,2026-10-10,19,quantile,0.45,0
2026-10-10,0,wk inc rsv prop ed visits,2026-10-10,19,quantile,0.5,0
2026-10-10,0,wk inc rsv prop ed visits,2026-10-10,19,quantile,0.55,0
2026-10-10,0,wk inc rsv prop ed visits,2026-10-10,19,quantile,0.6,1e-4
2026-10-10,0,wk inc rsv prop ed visits,2026-10-10,19,quantile,0.65,1.0000000000000005e-4
2026-10-10,0,wk inc rsv prop ed visits,2026-10-10,19,quantile,0.7,2e-4
2026-10-10,0,wk inc rsv prop ed visits,2026-10-10,19,quantile,0.75,3.000000000000001e-4
2026-10-10,0,wk inc rsv prop ed visits,2026-10-10,19,quantile,0.8,5.999999999999998e-4
2026-10-10,0,wk inc rsv prop ed visits,2026-10-10,19,quantile,0.85,9.000000000000011e-4
2026-10-10,0,wk inc rsv prop ed visits,2026-10-10,19,quantile,0.9,0.0014
2026-10-10,0,wk inc rsv prop ed visits,2026-10-10,19,quantile,0.95,0.0023
2026-10-10,0,wk inc rsv prop ed visits,2026-10-10,19,quantile,0.975,0.003609999999999992
2026-10-10,0,wk inc rsv prop ed visits,2026-10-10,19,quantile,0.99,0.0046329999999999896
2026-10-10,0,wk inc rsv prop ed visits,2026-10-10,20,quantile,0.01,0
2026-10-10,0,wk inc rsv prop ed visits,2026-10-10,20,quantile,0.025,0
2026-10-10,0,wk inc rsv prop ed visits,2026-10-10,20,quantile,0.05,0
2026-10-10,0,wk inc rsv prop ed visits,2026-10-10,20,quantile,0.1,0
2026-10-10,0,wk inc rsv prop ed visits,2026-10-10,20,quantile,0.15,0
2026-10-10,0,wk inc rsv prop ed visits,2026-10-10,20,quantile,0.2,0
2026-10-10,0,wk inc rsv prop ed visits,2026-10-10,20,quantile,0.25,0
2026-10-10,0,wk inc rsv prop ed visits,2026-10-10,20,quantile,0.3,0
2026-10-10,0,wk inc rsv prop ed visits,2026-10-10,20,quantile,0.35,0
2026-10-10,0,wk inc rsv prop ed visits,2026-10-10,20,quantile,0.4,0
2026-10-10,0,wk inc rsv prop ed visits,2026-10-10,20,quantile,0.45,0
2026-10-10,0,wk inc rsv prop ed visits,2026-10-10,20,quantile,0.5,0
2026-10-10,0,wk inc rsv prop ed visits,2026-10-10,20,quantile,0.55,0
2026-10-10,0,wk inc rsv prop ed visits,2026-10-10,20,quantile,0.6,9.999999999999996e-5
2026-10-10,0,wk inc rsv prop ed visits,2026-10-10,20,quantile,0.65,1e-4
2026-10-10,0,wk inc rsv prop ed visits,2026-10-10,20,quantile,0.7,1.0000000000000005e-4
2026-10-10,0,wk inc rsv prop ed visits,2026-10-10,20,quantile,0.75,2e-4
2026-10-10,0,wk inc rsv prop ed visits,2026-10-10,20,quantile,0.8,3.0000000000000003e-4
2026-10-10,0,wk inc rsv prop ed visits,2026-10-10,20,quantile,0.85,5e-4
2026-10-10,0,wk inc rsv prop ed visits,2026-10-10,20,quantile,0.9,8.999999999999998e-4
2026-10-10,0,wk inc rsv prop ed visits,2026-10-10,20,quantile,0.95,0.001414999999999995
2026-10-10,0,wk inc rsv prop ed visits,2026-10-10,20,quantile,0.975,0.0021000000000000007
2026-10-10,0,wk inc rsv prop ed visits,2026-10-10,20,quantile,0.99,0.0033829999999999954
2026-10-10,0,wk inc rsv prop ed visits,2026-10-10,21,quantile,0.01,0
2026-10-10,0,wk inc rsv prop ed visits,2026-10-10,21,quantile,0.025,0
2026-10-10,0,wk inc rsv prop ed visits,2026-10-10,21,quantile,0.05,0
2026-10-10,0,wk inc rsv prop ed visits,2026-10-10,21,quantile,0.1,0
2026-10-10,0,wk inc rsv prop ed visits,2026-10-10,21,quantile,0.15,2.999999999999996e-4
2026-10-10,0,wk inc rsv prop ed visits,2026-10-10,21,quantile,0.2,4.000000000000002e-4
2026-10-10,0,wk inc rsv prop ed visits,2026-10-10,21,quantile,0.25,6e-4
2026-10-10,0,wk inc rsv prop ed visits,2026-10-10,21,quantile,0.3,6.000000000000002e-4
2026-10-10,0,wk inc rsv prop ed visits,2026-10-10,21,quantile,0.35,7e-4
2026-10-10,0,wk inc rsv prop ed visits,2026-10-10,21,quantile,0.4,7.000000000000001e-4
2026-10-10,0,wk inc rsv prop ed visits,2026-10-10,21,quantile,0.45,8e-4
2026-10-10,0,wk inc rsv prop ed visits,2026-10-10,21,quantile,0.5,8e-4
2026-10-10,0,wk inc rsv prop ed visits,2026-10-10,21,quantile,0.55,8e-4
2026-10-10,0,wk inc rsv prop ed visits,2026-10-10,21,quantile,0.6,9e-4
2026-10-10,0,wk inc rsv prop ed visits,2026-10-10,21,quantile,0.65,9.000000000000001e-4
2026-10-10,0,wk inc rsv prop ed visits,2026-10-10,21,quantile,0.7,0.001
2026-10-10,0,wk inc rsv prop ed visits,2026-10-10,21,quantile,0.75,0.001
2026-10-10,0,wk inc rsv prop ed visits,2026-10-10,21,quantile,0.8,0.0012
2026-10-10,0,wk inc rsv prop ed visits,2026-10-10,21,quantile,0.85,0.0013000000000000004
2026-10-10,0,wk inc rsv prop ed visits,2026-10-10,21,quantile,0.9,0.0018
2026-10-10,0,wk inc rsv prop ed visits,2026-10-10,21,quantile,0.95,0.0025999999999999994
2026-10-10,0,wk inc rsv prop ed visits,2026-10-10,21,quantile,0.975,0.0034574999999999983
2026-10-10,0,wk inc rsv prop ed visits,2026-10-10,21,quantile,0.99,0.0044659999999999925
2026-10-10,0,wk inc rsv prop ed visits,2026-10-10,22,quantile,0.01,0
2026-10-10,0,wk inc rsv prop ed visits,2026-10-10,22,quantile,0.025,0
2026-10-10,0,wk inc rsv prop ed visits,2026-10-10,22,quantile,0.05,0
2026-10-10,0,wk inc rsv prop ed visits,2026-10-10,22,quantile,0.1,0
2026-10-10,0,wk inc rsv prop ed visits,2026-10-10,22,quantile,0.15,2.0000000000000015e-4
2026-10-10,0,wk inc rsv prop ed visits,2026-10-10,22,quantile,0.2,3.0000000000000003e-4
2026-10-10,0,wk inc rsv prop ed visits,2026-10-10,22,quantile,0.25,3.9999999999999996e-4
2026-10-10,0,wk inc rsv prop ed visits,2026-10-10,22,quantile,0.3,4.999999999999999e-4
2026-10-10,0,wk inc rsv prop ed visits,2026-10-10,22,quantile,0.35,5e-4
2026-10-10,0,wk inc rsv prop ed visits,2026-10-10,22,quantile,0.4,6e-4
2026-10-10,0,wk inc rsv prop ed visits,2026-10-10,22,quantile,0.45,6e-4
2026-10-10,0,wk inc rsv prop ed visits,2026-10-10,22,quantile,0.5,6e-4
2026-10-10,0,wk inc rsv prop ed visits,2026-10-10,22,quantile,0.55,6e-4
2026-10-10,0,wk inc rsv prop ed visits,2026-10-10,22,quantile,0.6,6e-4
2026-10-10,0,wk inc rsv prop ed visits,2026-10-10,22,quantile,0.65,6.999999999999999e-4
2026-10-10,0,wk inc rsv prop ed visits,2026-10-10,22,quantile,0.7,7e-4
2026-10-10,0,wk inc rsv prop ed visits,2026-10-10,22,quantile,0.75,7.999999999999999e-4
2026-10-10,0,wk inc rsv prop ed visits,2026-10-10,22,quantile,0.8,8.999999999999999e-4
2026-10-10,0,wk inc rsv prop ed visits,2026-10-10,22,quantile,0.85,9.999999999999998e-4
2026-10-10,0,wk inc rsv prop ed visits,2026-10-10,22,quantile,0.9,0.0013999999999999991
2026-10-10,0,wk inc rsv prop ed visits,2026-10-10,22,quantile,0.95,0.002
2026-10-10,0,wk inc rsv prop ed visits,2026-10-10,22,quantile,0.975,0.002814999999999996
2026-10-10,0,wk inc rsv prop ed visits,2026-10-10,22,quantile,0.99,0.0032659999999999924
2026-10-10,0,wk inc rsv prop ed visits,2026-10-10,23,quantile,0.01,0
2026-10-10,0,wk inc rsv prop ed visits,2026-10-10,23,quantile,0.025,0
2026-10-10,0,wk inc rsv prop ed visits,2026-10-10,23,quantile,0.05,0
2026-10-10,0,wk inc rsv prop ed visits,2026-10-10,23,quantile,0.1,0
2026-10-10,0,wk inc rsv prop ed visits,2026-10-10,23,quantile,0.15,0
2026-10-10,0,wk inc rsv prop ed visits,2026-10-10,23,quantile,0.2,0
2026-10-10,0,wk inc rsv prop ed visits,2026-10-10,23,quantile,0.25,0
2026-10-10,0,wk inc rsv prop ed visits,2026-10-10,23,quantile,0.3,0
2026-10-10,0,wk inc rsv prop ed visits,2026-10-10,23,quantile,0.35,0
2026-10-10,0,wk inc rsv prop ed visits,2026-10-10,23,quantile,0.4,1e-4
2026-10-10,0,wk inc rsv prop ed visits,2026-10-10,23,quantile,0.45,1e-4
2026-10-10,0,wk inc rsv prop ed visits,2026-10-10,23,quantile,0.5,1e-4
2026-10-10,0,wk inc rsv prop ed visits,2026-10-10,23,quantile,0.55,1e-4
2026-10-10,0,wk inc rsv prop ed visits,2026-10-10,23,quantile,0.6,1e-4
2026-10-10,0,wk inc rsv prop ed visits,2026-10-10,23,quantile,0.65,2e-4
2026-10-10,0,wk inc rsv prop ed visits,2026-10-10,23,quantile,0.7,2e-4
2026-10-10,0,wk inc rsv prop ed visits,2026-10-10,23,quantile,0.75,2.7499999999999774e-4
2026-10-10,0,wk inc rsv prop ed visits,2026-10-10,23,quantile,0.8,3.000000000000001e-4
2026-10-10,0,wk inc rsv prop ed visits,2026-10-10,23,quantile,0.85,5e-4
2026-10-10,0,wk inc rsv prop ed visits,2026-10-10,23,quantile,0.9,8.000000000000001e-4
2026-10-10,0,wk inc rsv prop ed visits,2026-10-10,23,quantile,0.95,0.001614999999999995
2026-10-10,0,wk inc rsv prop ed visits,2026-10-10,23,quantile,0.975,0.0021
2026-10-10,0,wk inc rsv prop ed visits,2026-10-10,23,quantile,0.99,0.0034999999999999996
2026-10-10,0,wk inc rsv prop ed visits,2026-10-10,24,quantile,0.01,0
2026-10-10,0,wk inc rsv prop ed visits,2026-10-10,24,quantile,0.025,0
2026-10-10,0,wk inc rsv prop ed visits,2026-10-10,24,quantile,0.05,0
2026-10-10,0,wk inc rsv prop ed visits,2026-10-10,24,quantile,0.1,0
2026-10-10,0,wk inc rsv prop ed visits,2026-10-10,24,quantile,0.15,0
2026-10-10,0,wk inc rsv prop ed visits,2026-10-10,24,quantile,0.2,0
2026-10-10,0,wk inc rsv prop ed visits,2026-10-10,24,quantile,0.25,0
2026-10-10,0,wk inc rsv prop ed visits,2026-10-10,24,quantile,0.3,9.999999999999996e-5
2026-10-10,0,wk inc rsv prop ed visits,2026-10-10,24,quantile,0.35,1e-4
2026-10-10,0,wk inc rsv prop ed visits,2026-10-10,24,quantile,0.4,1.0000000000000005e-4
2026-10-10,0,wk inc rsv prop ed visits,2026-10-10,24,quantile,0.45,2e-4
2026-10-10,0,wk inc rsv prop ed visits,2026-10-10,24,quantile,0.5,2e-4
2026-10-10,0,wk inc rsv prop ed visits,2026-10-10,24,quantile,0.55,2e-4
2026-10-10,0,wk inc rsv prop ed visits,2026-10-10,24,quantile,0.6,3e-4
2026-10-10,0,wk inc rsv prop ed visits,2026-10-10,24,quantile,0.65,3.0000000000000003e-4
2026-10-10,0,wk inc rsv prop ed visits,2026-10-10,24,quantile,0.7,3.0000000000000003e-4
2026-10-10,0,wk inc rsv prop ed visits,2026-10-10,24,quantile,0.75,4e-4
2026-10-10,0,wk inc rsv prop ed visits,2026-10-10,24,quantile,0.8,5e-4
2026-10-10,0,wk inc rsv prop ed visits,2026-10-10,24,quantile,0.85,7.000000000000004e-4
2026-10-10,0,wk inc rsv prop ed visits,2026-10-10,24,quantile,0.9,0.0011300000000000017
2026-10-10,0,wk inc rsv prop ed visits,2026-10-10,24,quantile,0.95,0.0020299999999999893
2026-10-10,0,wk inc rsv prop ed visits,2026-10-10,24,quantile,0.975,0.0030149999999999955
2026-10-10,0,wk inc rsv prop ed visits,2026-10-10,24,quantile,0.99,0.0036
2026-10-10,0,wk inc rsv prop ed visits,2026-10-10,25,quantile,0.01,0
2026-10-10,0,wk inc rsv prop ed visits,2026-10-10,25,quantile,0.025,0
2026-10-10,0,wk inc rsv prop ed visits,2026-10-10,25,quantile,0.05,0
2026-10-10,0,wk inc rsv prop ed visits,2026-10-10,25,quantile,0.1,0
2026-10-10,0,wk inc rsv prop ed visits,2026-10-10,25,quantile,0.15,0
2026-10-10,0,wk inc rsv prop ed visits,2026-10-10,25,quantile,0.2,0
2026-10-10,0,wk inc rsv prop ed visits,2026-10-10,25,quantile,0.25,9.999999999999999e-5
2026-10-10,0,wk inc rsv prop ed visits,2026-10-10,25,quantile,0.3,1.9999999999999998e-4
2026-10-10,0,wk inc rsv prop ed visits,2026-10-10,25,quantile,0.35,1.9999999999999998e-4
2026-10-10,0,wk inc rsv prop ed visits,2026-10-10,25,quantile,0.4,3e-4
2026-10-10,0,wk inc rsv prop ed visits,2026-10-10,25,quantile,0.45,3e-4
2026-10-10,0,wk inc rsv prop ed visits,2026-10-10,25,quantile,0.5,3e-4
2026-10-10,0,wk inc rsv prop ed visits,2026-10-10,25,quantile,0.55,3e-4
2026-10-10,0,wk inc rsv prop ed visits,2026-10-10,25,quantile,0.6,3e-4
2026-10-10,0,wk inc rsv prop ed visits,2026-10-10,25,quantile,0.65,3.9999999999999996e-4
2026-10-10,0,wk inc rsv prop ed visits,2026-10-10,25,quantile,0.7,3.9999999999999996e-4
2026-10-10,0,wk inc rsv prop ed visits,2026-10-10,25,quantile,0.75,5e-4
2026-10-10,0,wk inc rsv prop ed visits,2026-10-10,25,quantile,0.8,6.000000000000001e-4
2026-10-10,0,wk inc rsv prop ed visits,2026-10-10,25,quantile,0.85,9.449999999999962e-4
2026-10-10,0,wk inc rsv prop ed visits,2026-10-10,25,quantile,0.9,0.0013300000000000024
2026-10-10,0,wk inc rsv prop ed visits,2026-10-10,25,quantile,0.95,0.0025149999999999955
2026-10-10,0,wk inc rsv prop ed visits,2026-10-10,25,quantile,0.975,0.003457499999999997
2026-10-10,0,wk inc rsv prop ed visits,2026-10-10,25,quantile,0.99,0.003965999999999992
2026-10-10,0,wk inc rsv prop ed visits,2026-10-10,26,quantile,0.01,0
2026-10-10,0,wk inc rsv prop ed visits,2026-10-10,26,quantile,0.025,0
2026-10-10,0,wk inc rsv prop ed visits,2026-10-10,26,quantile,0.05,0
2026-10-10,0,wk inc rsv prop ed visits,2026-10-10,26,quantile,0.1,0
2026-10-10,0,wk inc rsv prop ed visits,2026-10-10,26,quantile,0.15,0
2026-10-10,0,wk inc rsv prop ed visits,2026-10-10,26,quantile,0.2,0
2026-10-10,0,wk inc rsv prop ed visits,2026-10-10,26,quantile,0.25,0
2026-10-10,0,wk inc rsv prop ed visits,2026-10-10,26,quantile,0.3,0
2026-10-10,0,wk inc rsv prop ed visits,2026-10-10,26,quantile,0.35,1.3552527156068805e-20
2026-10-10,0,wk inc rsv prop ed visits,2026-10-10,26,quantile,0.4,1e-4
2026-10-10,0,wk inc rsv prop ed visits,2026-10-10,26,quantile,0.45,1e-4
2026-10-10,0,wk inc rsv prop ed visits,2026-10-10,26,quantile,0.5,1e-4
2026-10-10,0,wk inc rsv prop ed visits,2026-10-10,26,quantile,0.55,1e-4
2026-10-10,0,wk inc rsv prop ed visits,2026-10-10,26,quantile,0.6,1e-4
2026-10-10,0,wk inc rsv prop ed visits,2026-10-10,26,quantile,0.65,1.9999999999999998e-4
2026-10-10,0,wk inc rsv prop ed visits,2026-10-10,26,quantile,0.7,2e-4
2026-10-10,0,wk inc rsv prop ed visits,2026-10-10,26,quantile,0.75,2.0000000000000004e-4
2026-10-10,0,wk inc rsv prop ed visits,2026-10-10,26,quantile,0.8,3.999999999999999e-4
2026-10-10,0,wk inc rsv prop ed visits,2026-10-10,26,quantile,0.85,5.999999999999996e-4
2026-10-10,0,wk inc rsv prop ed visits,2026-10-10,26,quantile,0.9,0.0010999999999999996
2026-10-10,0,wk inc rsv prop ed visits,2026-10-10,26,quantile,0.95,0.0018000000000000004
2026-10-10,0,wk inc rsv prop ed visits,2026-10-10,26,quantile,0.975,0.002757499999999998
2026-10-10,0,wk inc rsv prop ed visits,2026-10-10,26,quantile,0.99,0.0035829999999999963
2026-10-10,0,wk inc rsv prop ed visits,2026-10-10,27,quantile,0.01,0
2026-10-10,0,wk inc rsv prop ed visits,2026-10-10,27,quantile,0.025,0
2026-10-10,0,wk inc rsv prop ed visits,2026-10-10,27,quantile,0.05,0
2026-10-10,0,wk inc rsv prop ed visits,2026-10-10,27,quantile,0.1,0
2026-10-10,0,wk inc rsv prop ed visits,2026-10-10,27,quantile,0.15,0
2026-10-10,0,wk inc rsv prop ed visits,2026-10-10,27,quantile,0.2,0
2026-10-10,0,wk inc rsv prop ed visits,2026-10-10,27,quantile,0.25,0
2026-10-10,0,wk inc rsv prop ed visits,2026-10-10,27,quantile,0.3,0
2026-10-10,0,wk inc rsv prop ed visits,2026-10-10,27,quantile,0.35,0
2026-10-10,0,wk inc rsv prop ed visits,2026-10-10,27,quantile,0.4,0
2026-10-10,0,wk inc rsv prop ed visits,2026-10-10,27,quantile,0.45,0
2026-10-10,0,wk inc rsv prop ed visits,2026-10-10,27,quantile,0.5,0
2026-10-10,0,wk inc rsv prop ed visits,2026-10-10,27,quantile,0.55,0
2026-10-10,0,wk inc rsv prop ed visits,2026-10-10,27,quantile,0.6,9.99999999999995e-5
2026-10-10,0,wk inc rsv prop ed visits,2026-10-10,27,quantile,0.65,1e-4
2026-10-10,0,wk inc rsv prop ed visits,2026-10-10,27,quantile,0.7,1.0000000000000025e-4
2026-10-10,0,wk inc rsv prop ed visits,2026-10-10,27,quantile,0.75,2.000000000000004e-4
2026-10-10,0,wk inc rsv prop ed visits,2026-10-10,27,quantile,0.8,4.600000000000034e-4
2026-10-10,0,wk inc rsv prop ed visits,2026-10-10,27,quantile,0.85,6.999999999999983e-4
2026-10-10,0,wk inc rsv prop ed visits,2026-10-10,27,quantile,0.9,0.0011000000000000003
2026-10-10,0,wk inc rsv prop ed visits,2026-10-10,27,quantile,0.95,0.0017999999999999995
2026-10-10,0,wk inc rsv prop ed visits,2026-10-10,27,quantile,0.975,0.002614999999999993
2026-10-10,0,wk inc rsv prop ed visits,2026-10-10,27,quantile,0.99,0.00364899999999999
2026-10-10,0,wk inc rsv prop ed visits,2026-10-10,28,quantile,0.01,0
2026-10-10,0,wk inc rsv prop ed visits,2026-10-10,28,quantile,0.025,0
2026-10-10,0,wk inc rsv prop ed visits,2026-10-10,28,quantile,0.05,0
2026-10-10,0,wk inc rsv prop ed visits,2026-10-10,28,quantile,0.1,7.000000000000008e-5
2026-10-10,0,wk inc rsv prop ed visits,2026-10-10,28,quantile,0.15,3.0000000000000035e-4
2026-10-10,0,wk inc rsv prop ed visits,2026-10-10,28,quantile,0.2,5e-4
2026-10-10,0,wk inc rsv prop ed visits,2026-10-10,28,quantile,0.25,6.000000000000001e-4
2026-10-10,0,wk inc rsv prop ed visits,2026-10-10,28,quantile,0.3,6.999999999999998e-4
2026-10-10,0,wk inc rsv prop ed visits,2026-10-10,28,quantile,0.35,7.000000000000001e-4
2026-10-10,0,wk inc rsv prop ed visits,2026-10-10,28,quantile,0.4,7.000000000000001e-4
2026-10-10,0,wk inc rsv prop ed visits,2026-10-10,28,quantile,0.45,8e-4
2026-10-10,0,wk inc rsv prop ed visits,2026-10-10,28,quantile,0.5,8e-4
2026-10-10,0,wk inc rsv prop ed visits,2026-10-10,28,quantile,0.55,8e-4
2026-10-10,0,wk inc rsv prop ed visits,2026-10-10,28,quantile,0.6,9e-4
2026-10-10,0,wk inc rsv prop ed visits,2026-10-10,28,quantile,0.65,9e-4
2026-10-10,0,wk inc rsv prop ed visits,2026-10-10,28,quantile,0.7,9.000000000000003e-4
2026-10-10,0,wk inc rsv prop ed visits,2026-10-10,28,quantile,0.75,0.001
2026-10-10,0,wk inc rsv prop ed visits,2026-10-10,28,quantile,0.8,0.0011
2026-10-10,0,wk inc rsv prop ed visits,2026-10-10,28,quantile,0.85,0.0012999999999999997
2026-10-10,0,wk inc rsv prop ed visits,2026-10-10,28,quantile,0.9,0.0015300000000000023
2026-10-10,0,wk inc rsv prop ed visits,2026-10-10,28,quantile,0.95,0.0021999999999999984
2026-10-10,0,wk inc rsv prop ed visits,2026-10-10,28,quantile,0.975,0.0029999999999999996
2026-10-10,0,wk inc rsv prop ed visits,2026-10-10,28,quantile,0.99,0.0035659999999999937
2026-10-10,0,wk inc rsv prop ed visits,2026-10-10,29,quantile,0.01,0
2026-10-10,0,wk inc rsv prop ed visits,2026-10-10,29,quantile,0.025,0
2026-10-10,0,wk inc rsv prop ed visits,2026-10-10,29,quantile,0.05,0
2026-10-10,0,wk inc rsv prop ed visits,2026-10-10,29,quantile,0.1,0
2026-10-10,0,wk inc rsv prop ed visits,2026-10-10,29,quantile,0.15,0
2026-10-10,0,wk inc rsv prop ed visits,2026-10-10,29,quantile,0.2,0
2026-10-10,0,wk inc rsv prop ed visits,2026-10-10,29,quantile,0.25,0
2026-10-10,0,wk inc rsv prop ed visits,2026-10-10,29,quantile,0.3,1.3552527156068805e-20
2026-10-10,0,wk inc rsv prop ed visits,2026-10-10,29,quantile,0.35,1e-4
2026-10-10,0,wk inc rsv prop ed visits,2026-10-10,29,quantile,0.4,1e-4
2026-10-10,0,wk inc rsv prop ed visits,2026-10-10,29,quantile,0.45,1e-4
2026-10-10,0,wk inc rsv prop ed visits,2026-10-10,29,quantile,0.5,1e-4
2026-10-10,0,wk inc rsv prop ed visits,2026-10-10,29,quantile,0.55,1e-4
2026-10-10,0,wk inc rsv prop ed visits,2026-10-10,29,quantile,0.6,1e-4
2026-10-10,0,wk inc rsv prop ed visits,2026-10-10,29,quantile,0.65,1e-4
2026-10-10,0,wk inc rsv prop ed visits,2026-10-10,29,quantile,0.7,1.9999999999999998e-4
2026-10-10,0,wk inc rsv prop ed visits,2026-10-10,29,quantile,0.75,2e-4
2026-10-10,0,wk inc rsv prop ed visits,2026-10-10,29,quantile,0.8,3e-4
2026-10-10,0,wk inc rsv prop ed visits,2026-10-10,29,quantile,0.85,3.9999999999999996e-4
2026-10-10,0,wk inc rsv prop ed visits,2026-10-10,29,quantile,0.9,6.000000000000005e-4
2026-10-10,0,wk inc rsv prop ed visits,2026-10-10,29,quantile,0.95,0.0014
2026-10-10,0,wk inc rsv prop ed visits,2026-10-10,29,quantile,0.975,0.002
2026-10-10,0,wk inc rsv prop ed visits,2026-10-10,29,quantile,0.99,0.00284899999999999
2026-10-10,0,wk inc rsv prop ed visits,2026-10-10,30,quantile,0.01,0
2026-10-10,0,wk inc rsv prop ed visits,2026-10-10,30,quantile,0.025,0
2026-10-10,0,wk inc rsv prop ed visits,2026-10-10,30,quantile,0.05,0
2026-10-10,0,wk inc rsv prop ed visits,2026-10-10,30,quantile,0.1,0
2026-10-10,0,wk inc rsv prop ed visits,2026-10-10,30,quantile,0.15,0
2026-10-10,0,wk inc rsv prop ed visits,2026-10-10,30,quantile,0.2,0
2026-10-10,0,wk inc rsv prop ed visits,2026-10-10,30,quantile,0.25,0
2026-10-10,0,wk inc rsv prop ed visits,2026-10-10,30,quantile,0.3,0
2026-10-10,0,wk inc rsv prop ed visits,2026-10-10,30,quantile,0.35,0
2026-10-10,0,wk inc rsv prop ed visits,2026-10-10,30,quantile,0.4,0
2026-10-10,0,wk inc rsv prop ed visits,2026-10-10,30,quantile,0.45,0
2026-10-10,0,wk inc rsv prop ed visits,2026-10-10,30,quantile,0.5,0
2026-10-10,0,wk inc rsv prop ed visits,2026-10-10,30,quantile,0.55,0
2026-10-10,0,wk inc rsv prop ed visits,2026-10-10,30,quantile,0.6,9.999999999999986e-5
2026-10-10,0,wk inc rsv prop ed visits,2026-10-10,30,quantile,0.65,1e-4
2026-10-10,0,wk inc rsv prop ed visits,2026-10-10,30,quantile,0.7,2e-4
2026-10-10,0,wk inc rsv prop ed visits,2026-10-10,30,quantile,0.75,2.000000000000001e-4
2026-10-10,0,wk inc rsv prop ed visits,2026-10-10,30,quantile,0.8,3.9999999999999975e-4
2026-10-10,0,wk inc rsv prop ed visits,2026-10-10,30,quantile,0.85,7.000000000000001e-4
2026-10-10,0,wk inc rsv prop ed visits,2026-10-10,30,quantile,0.9,0.0010300000000000016
2026-10-10,0,wk inc rsv prop ed visits,2026-10-10,30,quantile,0.95,0.0024149999999999957
2026-10-10,0,wk inc rsv prop ed visits,2026-10-10,30,quantile,0.975,0.0033
2026-10-10,0,wk inc rsv prop ed visits,2026-10-10,30,quantile,0.99,0.004300000000000002
2026-10-10,0,wk inc rsv prop ed visits,2026-10-10,31,quantile,0.01,0
2026-10-10,0,wk inc rsv prop ed visits,2026-10-10,31,quantile,0.025,0
2026-10-10,0,wk inc rsv prop ed visits,2026-10-10,31,quantile,0.05,0
2026-10-10,0,wk inc rsv prop ed visits,2026-10-10,31,quantile,0.1,0
2026-10-10,0,wk inc rsv prop ed visits,2026-10-10,31,quantile,0.15,0
2026-10-10,0,wk inc rsv prop ed visits,2026-10-10,31,quantile,0.2,0
2026-10-10,0,wk inc rsv prop ed visits,2026-10-10,31,quantile,0.25,0
2026-10-10,0,wk inc rsv prop ed visits,2026-10-10,31,quantile,0.3,0
2026-10-10,0,wk inc rsv prop ed visits,2026-10-10,31,quantile,0.35,0
2026-10-10,0,wk inc rsv prop ed visits,2026-10-10,31,quantile,0.4,8.000000000000312e-5
2026-10-10,0,wk inc rsv prop ed visits,2026-10-10,31,quantile,0.45,1e-4
2026-10-10,0,wk inc rsv prop ed visits,2026-10-10,31,quantile,0.5,1e-4
2026-10-10,0,wk inc rsv prop ed visits,2026-10-10,31,quantile,0.55,1e-4
2026-10-10,0,wk inc rsv prop ed visits,2026-10-10,31,quantile,0.6,1.1999999999999861e-4
2026-10-10,0,wk inc rsv prop ed visits,2026-10-10,31,quantile,0.65,2e-4
2026-10-10,0,wk inc rsv prop ed visits,2026-10-10,31,quantile,0.7,2e-4
2026-10-10,0,wk inc rsv prop ed visits,2026-10-10,31,quantile,0.75,3e-4
2026-10-10,0,wk inc rsv prop ed visits,2026-10-10,31,quantile,0.8,3.999999999999999e-4
2026-10-10,0,wk inc rsv prop ed visits,2026-10-10,31,quantile,0.85,6.000000000000001e-4
2026-10-10,0,wk inc rsv prop ed visits,2026-10-10,31,quantile,0.9,0.0010300000000000018
2026-10-10,0,wk inc rsv prop ed visits,2026-10-10,31,quantile,0.95,0.0017000000000000003
2026-10-10,0,wk inc rsv prop ed visits,2026-10-10,31,quantile,0.975,0.0023149999999999946
2026-10-10,0,wk inc rsv prop ed visits,2026-10-10,31,quantile,0.99,0.002982999999999997
2026-10-10,0,wk inc rsv prop ed visits,2026-10-10,32,quantile,0.01,0
2026-10-10,0,wk inc rsv prop ed visits,2026-10-10,32,quantile,0.025,0
2026-10-10,0,wk inc rsv prop ed visits,2026-10-10,32,quantile,0.05,0
2026-10-10,0,wk inc rsv prop ed visits,2026-10-10,32,quantile,0.1,0
2026-10-10,0,wk inc rsv prop ed visits,2026-10-10,32,quantile,0.15,0
2026-10-10,0,wk inc rsv prop ed visits,2026-10-10,32,quantile,0.2,0
2026-10-10,0,wk inc rsv prop ed visits,2026-10-10,32,quantile,0.25,0
2026-10-10,0,wk inc rsv prop ed visits,2026-10-10,32,quantile,0.3,1e-4
2026-10-10,0,wk inc rsv prop ed visits,2026-10-10,32,quantile,0.35,1e-4
2026-10-10,0,wk inc rsv prop ed visits,2026-10-10,32,quantile,0.4,2e-4
2026-10-10,0,wk inc rsv prop ed visits,2026-10-10,32,quantile,0.45,2e-4
2026-10-10,0,wk inc rsv prop ed visits,2026-10-10,32,quantile,0.5,2e-4
2026-10-10,0,wk inc rsv prop ed visits,2026-10-10,32,quantile,0.55,2e-4
2026-10-10,0,wk inc rsv prop ed visits,2026-10-10,32,quantile,0.6,2e-4
2026-10-10,0,wk inc rsv prop ed visits,2026-10-10,32,quantile,0.65,3.0000000000000003e-4
2026-10-10,0,wk inc rsv prop ed visits,2026-10-10,32,quantile,0.7,3.0000000000000003e-4
2026-10-10,0,wk inc rsv prop ed visits,2026-10-10,32,quantile,0.75,4e-4
2026-10-10,0,wk inc rsv prop ed visits,2026-10-10,32,quantile,0.8,5e-4
2026-10-10,0,wk inc rsv prop ed visits,2026-10-10,32,quantile,0.85,7e-4
2026-10-10,0,wk inc rsv prop ed visits,2026-10-10,32,quantile,0.9,0.001
2026-10-10,0,wk inc rsv prop ed visits,2026-10-10,32,quantile,0.95,0.0018
2026-10-10,0,wk inc rsv prop ed visits,2026-10-10,32,quantile,0.975,0.0024724999999999916
2026-10-10,0,wk inc rsv prop ed visits,2026-10-10,32,quantile,0.99,0.003000000000000001
2026-10-10,0,wk inc rsv prop ed visits,2026-10-10,33,quantile,0.01,0
2026-10-10,0,wk inc rsv prop ed visits,2026-10-10,33,quantile,0.025,0
2026-10-10,0,wk inc rsv prop ed visits,2026-10-10,33,quantile,0.05,0
2026-10-10,0,wk inc rsv prop ed visits,2026-10-10,33,quantile,0.1,0
2026-10-10,0,wk inc rsv prop ed visits,2026-10-10,33,quantile,0.15,0
2026-10-10,0,wk inc rsv prop ed visits,2026-10-10,33,quantile,0.2,0
2026-10-10,0,wk inc rsv prop ed visits,2026-10-10,33,quantile,0.25,0
2026-10-10,0,wk inc rsv prop ed visits,2026-10-10,33,quantile,0.3,0
2026-10-10,0,wk inc rsv prop ed visits,2026-10-10,33,quantile,0.35,0
2026-10-10,0,wk inc rsv prop ed visits,2026-10-10,33,quantile,0.4,0
2026-10-10,0,wk inc rsv prop ed visits,2026-10-10,33,quantile,0.45,0
2026-10-10,0,wk inc rsv prop ed visits,2026-10-10,33,quantile,0.5,0
2026-10-10,0,wk inc rsv prop ed visits,2026-10-10,33,quantile,0.55,0
2026-10-10,0,wk inc rsv prop ed visits,2026-10-10,33,quantile,0.6,9.999999999999996e-5
2026-10-10,0,wk inc rsv prop ed visits,2026-10-10,33,quantile,0.65,1e-4
2026-10-10,0,wk inc rsv prop ed visits,2026-10-10,33,quantile,0.7,2e-4
2026-10-10,0,wk inc rsv prop ed visits,2026-10-10,33,quantile,0.75,3e-4
2026-10-10,0,wk inc rsv prop ed visits,2026-10-10,33,quantile,0.8,5e-4
2026-10-10,0,wk inc rsv prop ed visits,2026-10-10,33,quantile,0.85,7.999999999999995e-4
2026-10-10,0,wk inc rsv prop ed visits,2026-10-10,33,quantile,0.9,0.0011300000000000019
2026-10-10,0,wk inc rsv prop ed visits,2026-10-10,33,quantile,0.95,0.0021999999999999993
2026-10-10,0,wk inc rsv prop ed visits,2026-10-10,33,quantile,0.975,0.003657499999999998
2026-10-10,0,wk inc rsv prop ed visits,2026-10-10,33,quantile,0.99,0.0047
2026-10-10,0,wk inc rsv prop ed visits,2026-10-10,34,quantile,0.01,0
2026-10-10,0,wk inc rsv prop ed visits,2026-10-10,34,quantile,0.025,0
2026-10-10,0,wk inc rsv prop ed visits,2026-10-10,34,quantile,0.05,0
2026-10-10,0,wk inc rsv prop ed visits,2026-10-10,34,quantile,0.1,0
2026-10-10,0,wk inc rsv prop ed visits,2026-10-10,34,quantile,0.15,1.6263032587282567e-19
2026-10-10,0,wk inc rsv prop ed visits,2026-10-10,34,quantile,0.2,1.9999999999999993e-4
2026-10-10,0,wk inc rsv prop ed visits,2026-10-10,34,quantile,0.25,2.2499999999999934e-4
2026-10-10,0,wk inc rsv prop ed visits,2026-10-10,34,quantile,0.3,3.0000000000000003e-4
2026-10-10,0,wk inc rsv prop ed visits,2026-10-10,34,quantile,0.35,3.0000000000000003e-4
2026-10-10,0,wk inc rsv prop ed visits,2026-10-10,34,quantile,0.4,4e-4
2026-10-10,0,wk inc rsv prop ed visits,2026-10-10,34,quantile,0.45,4e-4
2026-10-10,0,wk inc rsv prop ed visits,2026-10-10,34,quantile,0.5,4e-4
2026-10-10,0,wk inc rsv prop ed visits,2026-10-10,34,quantile,0.55,4e-4
2026-10-10,0,wk inc rsv prop ed visits,2026-10-10,34,quantile,0.6,4e-4
2026-10-10,0,wk inc rsv prop ed visits,2026-10-10,34,quantile,0.65,5e-4
2026-10-10,0,wk inc rsv prop ed visits,2026-10-10,34,quantile,0.7,5e-4
2026-10-10,0,wk inc rsv prop ed visits,2026-10-10,34,quantile,0.75,5.749999999999986e-4
2026-10-10,0,wk inc rsv prop ed visits,2026-10-10,34,quantile,0.8,6.000000000000001e-4
2026-10-10,0,wk inc rsv prop ed visits,2026-10-10,34,quantile,0.85,7.999999999999999e-4
2026-10-10,0,wk inc rsv prop ed visits,2026-10-10,34,quantile,0.9,0.0010999999999999998
2026-10-10,0,wk inc rsv prop ed visits,2026-10-10,34,quantile,0.95,0.0015999999999999996
2026-10-10,0,wk inc rsv prop ed visits,2026-10-10,34,quantile,0.975,0.002157499999999997
2026-10-10,0,wk inc rsv prop ed visits,2026-10-10,34,quantile,0.99,0.002782999999999997
2026-10-10,0,wk inc rsv prop ed visits,2026-10-10,35,quantile,0.01,0
2026-10-10,0,wk inc rsv prop ed visits,2026-10-10,35,quantile,0.025,0
2026-10-10,0,wk inc rsv prop ed visits,2026-10-10,35,quantile,0.05,0
2026-10-10,0,wk inc rsv prop ed visits,2026-10-10,35,quantile,0.1,0
2026-10-10,0,wk inc rsv prop ed visits,2026-10-10,35,quantile,0.15,0
2026-10-10,0,wk inc rsv prop ed visits,2026-10-10,35,quantile,0.2,0
2026-10-10,0,wk inc rsv prop ed visits,2026-10-10,35,quantile,0.25,1.9999999999999996e-4
2026-10-10,0,wk inc rsv prop ed visits,2026-10-10,35,quantile,0.3,2.9999999999999987e-4
2026-10-10,0,wk inc rsv prop ed visits,2026-10-10,35,quantile,0.35,3.0000000000000003e-4
2026-10-10,0,wk inc rsv prop ed visits,2026-10-10,35,quantile,0.4,3.0000000000000003e-4
2026-10-10,0,wk inc rsv prop ed visits,2026-10-10,35,quantile,0.45,4e-4
2026-10-10,0,wk inc rsv prop ed visits,2026-10-10,35,quantile,0.5,4e-4
2026-10-10,0,wk inc rsv prop ed visits,2026-10-10,35,quantile,0.55,4e-4
2026-10-10,0,wk inc rsv prop ed visits,2026-10-10,35,quantile,0.6,5e-4
2026-10-10,0,wk inc rsv prop ed visits,2026-10-10,35,quantile,0.65,5e-4
2026-10-10,0,wk inc rsv prop ed visits,2026-10-10,35,quantile,0.7,5.000000000000001e-4
2026-10-10,0,wk inc rsv prop ed visits,2026-10-10,35,quantile,0.75,6.000000000000001e-4
2026-10-10,0,wk inc rsv prop ed visits,2026-10-10,35,quantile,0.8,8.000000000000001e-4
2026-10-10,0,wk inc rsv prop ed visits,2026-10-10,35,quantile,0.85,0.0011999999999999986
2026-10-10,0,wk inc rsv prop ed visits,2026-10-10,35,quantile,0.9,0.0017300000000000015
2026-10-10,0,wk inc rsv prop ed visits,2026-10-10,35,quantile,0.95,0.0032599999999999804
2026-10-10,0,wk inc rsv prop ed visits,2026-10-10,35,quantile,0.975,0.004572499999999992
2026-10-10,0,wk inc rsv prop ed visits,2026-10-10,35,quantile,0.99,0.007412999999999959
2026-10-10,0,wk inc rsv prop ed visits,2026-10-10,36,quantile,0.01,0
2026-10-10,0,wk inc rsv prop ed visits,2026-10-10,36,quantile,0.025,0
2026-10-10,0,wk inc rsv prop ed visits,2026-10-10,36,quantile,0.05,0
2026-10-10,0,wk inc rsv prop ed visits,2026-10-10,36,quantile,0.1,0
2026-10-10,0,wk inc rsv prop ed visits,2026-10-10,36,quantile,0.15,0
2026-10-10,0,wk inc rsv prop ed visits,2026-10-10,36,quantile,0.2,0
2026-10-10,0,wk inc rsv prop ed visits,2026-10-10,36,quantile,0.25,1e-4
2026-10-10,0,wk inc rsv prop ed visits,2026-10-10,36,quantile,0.3,1.0000000000000005e-4
2026-10-10,0,wk inc rsv prop ed visits,2026-10-10,36,quantile,0.35,2e-4
2026-10-10,0,wk inc rsv prop ed visits,2026-10-10,36,quantile,0.4,2e-4
2026-10-10,0,wk inc rsv prop ed visits,2026-10-10,36,quantile,0.45,2e-4
2026-10-10,0,wk inc rsv prop ed visits,2026-10-10,36,quantile,0.5,2e-4
2026-10-10,0,wk inc rsv prop ed visits,2026-10-10,36,quantile,0.55,2e-4
2026-10-10,0,wk inc rsv prop ed visits,2026-10-10,36,quantile,0.6,2e-4
2026-10-10,0,wk inc rsv prop ed visits,2026-10-10,36,quantile,0.65,2e-4
2026-10-10,0,wk inc rsv prop ed visits,2026-10-10,36,quantile,0.7,3e-4
2026-10-10,0,wk inc rsv prop ed visits,2026-10-10,36,quantile,0.75,3.0000000000000003e-4
2026-10-10,0,wk inc rsv prop ed visits,2026-10-10,36,quantile,0.8,4.000000000000001e-4
2026-10-10,0,wk inc rsv prop ed visits,2026-10-10,36,quantile,0.85,5.449999999999973e-4
2026-10-10,0,wk inc rsv prop ed visits,2026-10-10,36,quantile,0.9,7.000000000000004e-4
2026-10-10,0,wk inc rsv prop ed visits,2026-10-10,36,quantile,0.95,0.0012000000000000001
2026-10-10,0,wk inc rsv prop ed visits,2026-10-10,36,quantile,0.975,0.0016149999999999956
2026-10-10,0,wk inc rsv prop ed visits,2026-10-10,36,quantile,0.99,0.00224899999999999
2026-10-10,0,wk inc rsv prop ed visits,2026-10-10,37,quantile,0.01,0
2026-10-10,0,wk inc rsv prop ed visits,2026-10-10,37,quantile,0.025,0
2026-10-10,0,wk inc rsv prop ed visits,2026-10-10,37,quantile,0.05,0
2026-10-10,0,wk inc rsv prop ed visits,2026-10-10,37,quantile,0.1,0
2026-10-10,0,wk inc rsv prop ed visits,2026-10-10,37,quantile,0.15,0
2026-10-10,0,wk inc rsv prop ed visits,2026-10-10,37,quantile,0.2,1.000000000000001e-4
2026-10-10,0,wk inc rsv prop ed visits,2026-10-10,37,quantile,0.25,2.000000000000001e-4
2026-10-10,0,wk inc rsv prop ed visits,2026-10-10,37,quantile,0.3,3e-4
2026-10-10,0,wk inc rsv prop ed visits,2026-10-10,37,quantile,0.35,3.0000000000000003e-4
2026-10-10,0,wk inc rsv prop ed visits,2026-10-10,37,quantile,0.4,4e-4
2026-10-10,0,wk inc rsv prop ed visits,2026-10-10,37,quantile,0.45,4e-4
2026-10-10,0,wk inc rsv prop ed visits,2026-10-10,37,quantile,0.5,4e-4
2026-10-10,0,wk inc rsv prop ed visits,2026-10-10,37,quantile,0.55,4e-4
2026-10-10,0,wk inc rsv prop ed visits,2026-10-10,37,quantile,0.6,4e-4
2026-10-10,0,wk inc rsv prop ed visits,2026-10-10,37,quantile,0.65,5e-4
2026-10-10,0,wk inc rsv prop ed visits,2026-10-10,37,quantile,0.7,5e-4
2026-10-10,0,wk inc rsv prop ed visits,2026-10-10,37,quantile,0.75,6e-4
2026-10-10,0,wk inc rsv prop ed visits,2026-10-10,37,quantile,0.8,6.999999999999999e-4
2026-10-10,0,wk inc rsv prop ed visits,2026-10-10,37,quantile,0.85,9.999999999999998e-4
2026-10-10,0,wk inc rsv prop ed visits,2026-10-10,37,quantile,0.9,0.0013
2026-10-10,0,wk inc rsv prop ed visits,2026-10-10,37,quantile,0.95,0.0020149999999999942
2026-10-10,0,wk inc rsv prop ed visits,2026-10-10,37,quantile,0.975,0.002757499999999997
2026-10-10,0,wk inc rsv prop ed visits,2026-10-10,37,quantile,0.99,0.0037149999999999852
2026-10-10,0,wk inc rsv prop ed visits,2026-10-10,38,quantile,0.01,0
2026-10-10,0,wk inc rsv prop ed visits,2026-10-10,38,quantile,0.025,0
2026-10-10,0,wk inc rsv prop ed visits,2026-10-10,38,quantile,0.05,0
2026-10-10,0,wk inc rsv prop ed visits,2026-10-10,38,quantile,0.1,0
2026-10-10,0,wk inc rsv prop ed visits,2026-10-10,38,quantile,0.15,2.168404344971009e-19
2026-10-10,0,wk inc rsv prop ed visits,2026-10-10,38,quantile,0.2,3.000000000000001e-4
2026-10-10,0,wk inc rsv prop ed visits,2026-10-10,38,quantile,0.25,4.0000000000000013e-4
2026-10-10,0,wk inc rsv prop ed visits,2026-10-10,38,quantile,0.3,5.000000000000001e-4
2026-10-10,0,wk inc rsv prop ed visits,2026-10-10,38,quantile,0.35,6.000000000000001e-4
2026-10-10,0,wk inc rsv prop ed visits,2026-10-10,38,quantile,0.4,7.000000000000001e-4
2026-10-10,0,wk inc rsv prop ed visits,2026-10-10,38,quantile,0.45,7.000000000000001e-4
2026-10-10,0,wk inc rsv prop ed visits,2026-10-10,38,quantile,0.5,7.000000000000001e-4
2026-10-10,0,wk inc rsv prop ed visits,2026-10-10,38,quantile,0.55,7.000000000000001e-4
2026-10-10,0,wk inc rsv prop ed visits,2026-10-10,38,quantile,0.6,7.000000000000001e-4
2026-10-10,0,wk inc rsv prop ed visits,2026-10-10,38,quantile,0.65,8.000000000000001e-4
2026-10-10,0,wk inc rsv prop ed visits,2026-10-10,38,quantile,0.7,9.000000000000001e-4
2026-10-10,0,wk inc rsv prop ed visits,2026-10-10,38,quantile,0.75,0.001
2026-10-10,0,wk inc rsv prop ed visits,2026-10-10,38,quantile,0.8,0.0011
2026-10-10,0,wk inc rsv prop ed visits,2026-10-10,38,quantile,0.85,0.0014
2026-10-10,0,wk inc rsv prop ed visits,2026-10-10,38,quantile,0.9,0.0019000000000000002
2026-10-10,0,wk inc rsv prop ed visits,2026-10-10,38,quantile,0.95,0.002629999999999989
2026-10-10,0,wk inc rsv prop ed visits,2026-10-10,38,quantile,0.975,0.004472499999999992
2026-10-10,0,wk inc rsv prop ed visits,2026-10-10,38,quantile,0.99,0.006882999999999996
2026-10-10,0,wk inc rsv prop ed visits,2026-10-10,39,quantile,0.01,0
2026-10-10,0,wk inc rsv prop ed visits,2026-10-10,39,quantile,0.025,0
2026-10-10,0,wk inc rsv prop ed visits,2026-10-10,39,quantile,0.05,0
2026-10-10,0,wk inc rsv prop ed visits,2026-10-10,39,quantile,0.1,0
2026-10-10,0,wk inc rsv prop ed visits,2026-10-10,39,quantile,0.15,0
2026-10-10,0,wk inc rsv prop ed visits,2026-10-10,39,quantile,0.2,0
2026-10-10,0,wk inc rsv prop ed visits,2026-10-10,39,quantile,0.25,0
2026-10-10,0,wk inc rsv prop ed visits,2026-10-10,39,quantile,0.3,0
2026-10-10,0,wk inc rsv prop ed visits,2026-10-10,39,quantile,0.35,4.0657581468206416e-20
2026-10-10,0,wk inc rsv prop ed visits,2026-10-10,39,quantile,0.4,1e-4
2026-10-10,0,wk inc rsv prop ed visits,2026-10-10,39,quantile,0.45,1e-4
2026-10-10,0,wk inc rsv prop ed visits,2026-10-10,39,quantile,0.5,1e-4
2026-10-10,0,wk inc rsv prop ed visits,2026-10-10,39,quantile,0.55,1e-4
2026-10-10,0,wk inc rsv prop ed visits,2026-10-10,39,quantile,0.6,1e-4
2026-10-10,0,wk inc rsv prop ed visits,2026-10-10,39,quantile,0.65,1.9999999999999998e-4
2026-10-10,0,wk inc rsv prop ed visits,2026-10-10,39,quantile,0.7,2e-4
2026-10-10,0,wk inc rsv prop ed visits,2026-10-10,39,quantile,0.75,2e-4
2026-10-10,0,wk inc rsv prop ed visits,2026-10-10,39,quantile,0.8,3.000000000000001e-4
2026-10-10,0,wk inc rsv prop ed visits,2026-10-10,39,quantile,0.85,4.999999999999998e-4
2026-10-10,0,wk inc rsv prop ed visits,2026-10-10,39,quantile,0.9,6.300000000000022e-4
2026-10-10,0,wk inc rsv prop ed visits,2026-10-10,39,quantile,0.95,0.001114999999999995
2026-10-10,0,wk inc rsv prop ed visits,2026-10-10,39,quantile,0.975,0.0018574999999999985
2026-10-10,0,wk inc rsv prop ed visits,2026-10-10,39,quantile,0.99,0.0025489999999999888
2026-10-10,0,wk inc rsv prop ed visits,2026-10-10,40,quantile,0.01,0
2026-10-10,0,wk inc rsv prop ed visits,2026-10-10,40,quantile,0.025,0
2026-10-10,0,wk inc rsv prop ed visits,2026-10-10,40,quantile,0.05,0
2026-10-10,0,wk inc rsv prop ed visits,2026-10-10,40,quantile,0.1,0
2026-10-10,0,wk inc rsv prop ed visits,2026-10-10,40,quantile,0.15,0
2026-10-10,0,wk inc rsv prop ed visits,2026-10-10,40,quantile,0.2,0
2026-10-10,0,wk inc rsv prop ed visits,2026-10-10,40,quantile,0.25,0
2026-10-10,0,wk inc rsv prop ed visits,2026-10-10,40,quantile,0.3,1.0000000000000005e-4
2026-10-10,0,wk inc rsv prop ed visits,2026-10-10,40,quantile,0.35,1.9999999999999998e-4
2026-10-10,0,wk inc rsv prop ed visits,2026-10-10,40,quantile,0.4,1.9999999999999998e-4
2026-10-10,0,wk inc rsv prop ed visits,2026-10-10,40,quantile,0.45,3e-4
2026-10-10,0,wk inc rsv prop ed visits,2026-10-10,40,quantile,0.5,3e-4
2026-10-10,0,wk inc rsv prop ed visits,2026-10-10,40,quantile,0.55,3e-4
2026-10-10,0,wk inc rsv prop ed visits,2026-10-10,40,quantile,0.6,3.9999999999999996e-4
2026-10-10,0,wk inc rsv prop ed visits,2026-10-10,40,quantile,0.65,3.9999999999999996e-4
2026-10-10,0,wk inc rsv prop ed visits,2026-10-10,40,quantile,0.7,4.999999999999999e-4
2026-10-10,0,wk inc rsv prop ed visits,2026-10-10,40,quantile,0.75,6e-4
2026-10-10,0,wk inc rsv prop ed visits,2026-10-10,40,quantile,0.8,6.999999999999999e-4
2026-10-10,0,wk inc rsv prop ed visits,2026-10-10,40,quantile,0.85,8.999999999999998e-4
2026-10-10,0,wk inc rsv prop ed visits,2026-10-10,40,quantile,0.9,0.0014999999999999996
2026-10-10,0,wk inc rsv prop ed visits,2026-10-10,40,quantile,0.95,0.0022000000000000006
2026-10-10,0,wk inc rsv prop ed visits,2026-10-10,40,quantile,0.975,0.002857499999999997
2026-10-10,0,wk inc rsv prop ed visits,2026-10-10,40,quantile,0.99,0.003965999999999993
2026-10-10,0,wk inc rsv prop ed visits,2026-10-10,41,quantile,0.01,0
2026-10-10,0,wk inc rsv prop ed visits,2026-10-10,41,quantile,0.025,0
2026-10-10,0,wk inc rsv prop ed visits,2026-10-10,41,quantile,0.05,0
2026-10-10,0,wk inc rsv prop ed visits,2026-10-10,41,quantile,0.1,0
2026-10-10,0,wk inc rsv prop ed visits,2026-10-10,41,quantile,0.15,0
2026-10-10,0,wk inc rsv prop ed visits,2026-10-10,41,quantile,0.2,0
2026-10-10,0,wk inc rsv prop ed visits,2026-10-10,41,quantile,0.25,0
2026-10-10,0,wk inc rsv prop ed visits,2026-10-10,41,quantile,0.3,0
2026-10-10,0,wk inc rsv prop ed visits,2026-10-10,41,quantile,0.35,0
2026-10-10,0,wk inc rsv prop ed visits,2026-10-10,41,quantile,0.4,0
2026-10-10,0,wk inc rsv prop ed visits,2026-10-10,41,quantile,0.45,0
2026-10-10,0,wk inc rsv prop ed visits,2026-10-10,41,quantile,0.5,0
2026-10-10,0,wk inc rsv prop ed visits,2026-10-10,41,quantile,0.55,0
2026-10-10,0,wk inc rsv prop ed visits,2026-10-10,41,quantile,0.6,0
2026-10-10,0,wk inc rsv prop ed visits,2026-10-10,41,quantile,0.65,1e-4
2026-10-10,0,wk inc rsv prop ed visits,2026-10-10,41,quantile,0.7,1e-4
2026-10-10,0,wk inc rsv prop ed visits,2026-10-10,41,quantile,0.75,1.9999999999999998e-4
2026-10-10,0,wk inc rsv prop ed visits,2026-10-10,41,quantile,0.8,2.999999999999999e-4
2026-10-10,0,wk inc rsv prop ed visits,2026-10-10,41,quantile,0.85,5.000000000000002e-4
2026-10-10,0,wk inc rsv prop ed visits,2026-10-10,41,quantile,0.9,8.999999999999999e-4
2026-10-10,0,wk inc rsv prop ed visits,2026-10-10,41,quantile,0.95,0.0014999999999999996
2026-10-10,0,wk inc rsv prop ed visits,2026-10-10,41,quantile,0.975,0.0024574999999999974
2026-10-10,0,wk inc rsv prop ed visits,2026-10-10,41,quantile,0.99,0.002982999999999996
2026-10-10,0,wk inc rsv prop ed visits,2026-10-10,42,quantile,0.01,0
2026-10-10,0,wk inc rsv prop ed visits,2026-10-10,42,quantile,0.025,0
2026-10-10,0,wk inc rsv prop ed visits,2026-10-10,42,quantile,0.05,0
2026-10-10,0,wk inc rsv prop ed visits,2026-10-10,42,quantile,0.1,0
2026-10-10,0,wk inc rsv prop ed visits,2026-10-10,42,quantile,0.15,0
2026-10-10,0,wk inc rsv prop ed visits,2026-10-10,42,quantile,0.2,0
2026-10-10,0,wk inc rsv prop ed visits,2026-10-10,42,quantile,0.25,0
2026-10-10,0,wk inc rsv prop ed visits,2026-10-10,42,quantile,0.3,0
2026-10-10,0,wk inc rsv prop ed visits,2026-10-10,42,quantile,0.35,1e-4
2026-10-10,0,wk inc rsv prop ed visits,2026-10-10,42,quantile,0.4,1e-4
2026-10-10,0,wk inc rsv prop ed visits,2026-10-10,42,quantile,0.45,1e-4
2026-10-10,0,wk inc rsv prop ed visits,2026-10-10,42,quantile,0.5,1e-4
2026-10-10,0,wk inc rsv prop ed visits,2026-10-10,42,quantile,0.55,1e-4
2026-10-10,0,wk inc rsv prop ed visits,2026-10-10,42,quantile,0.6,1e-4
2026-10-10,0,wk inc rsv prop ed visits,2026-10-10,42,quantile,0.65,1e-4
2026-10-10,0,wk inc rsv prop ed visits,2026-10-10,42,quantile,0.7,2e-4
2026-10-10,0,wk inc rsv prop ed visits,2026-10-10,42,quantile,0.75,2e-4
2026-10-10,0,wk inc rsv prop ed visits,2026-10-10,42,quantile,0.8,3.0000000000000003e-4
2026-10-10,0,wk inc rsv prop ed visits,2026-10-10,42,quantile,0.85,5e-4
2026-10-10,0,wk inc rsv prop ed visits,2026-10-10,42,quantile,0.9,7.999999999999999e-4
2026-10-10,0,wk inc rsv prop ed visits,2026-10-10,42,quantile,0.95,0.0012149999999999947
2026-10-10,0,wk inc rsv prop ed visits,2026-10-10,42,quantile,0.975,0.002157499999999997
2026-10-10,0,wk inc rsv prop ed visits,2026-10-10,42,quantile,0.99,0.0028829999999999967
2026-10-10,0,wk inc rsv prop ed visits,2026-10-10,44,quantile,0.01,0
2026-10-10,0,wk inc rsv prop ed visits,2026-10-10,44,quantile,0.025,0
2026-10-10,0,wk inc rsv prop ed visits,2026-10-10,44,quantile,0.05,0
2026-10-10,0,wk inc rsv prop ed visits,2026-10-10,44,quantile,0.1,0
2026-10-10,0,wk inc rsv prop ed visits,2026-10-10,44,quantile,0.15,0
2026-10-10,0,wk inc rsv prop ed visits,2026-10-10,44,quantile,0.2,0
2026-10-10,0,wk inc rsv prop ed visits,2026-10-10,44,quantile,0.25,0
2026-10-10,0,wk inc rsv prop ed visits,2026-10-10,44,quantile,0.3,0
2026-10-10,0,wk inc rsv prop ed visits,2026-10-10,44,quantile,0.35,0
2026-10-10,0,wk inc rsv prop ed visits,2026-10-10,44,quantile,0.4,0
2026-10-10,0,wk inc rsv prop ed visits,2026-10-10,44,quantile,0.45,0
2026-10-10,0,wk inc rsv prop ed visits,2026-10-10,44,quantile,0.5,0
2026-10-10,0,wk inc rsv prop ed visits,2026-10-10,44,quantile,0.55,0
2026-10-10,0,wk inc rsv prop ed visits,2026-10-10,44,quantile,0.6,9.999999999999999e-5
2026-10-10,0,wk inc rsv prop ed visits,2026-10-10,44,quantile,0.65,1e-4
2026-10-10,0,wk inc rsv prop ed visits,2026-10-10,44,quantile,0.7,1.9999999999999966e-4
2026-10-10,0,wk inc rsv prop ed visits,2026-10-10,44,quantile,0.75,2e-4
2026-10-10,0,wk inc rsv prop ed visits,2026-10-10,44,quantile,0.8,3e-4
2026-10-10,0,wk inc rsv prop ed visits,2026-10-10,44,quantile,0.85,5.000000000000002e-4
2026-10-10,0,wk inc rsv prop ed visits,2026-10-10,44,quantile,0.9,9.999999999999992e-4
2026-10-10,0,wk inc rsv prop ed visits,2026-10-10,44,quantile,0.95,0.0019000000000000006
2026-10-10,0,wk inc rsv prop ed visits,2026-10-10,44,quantile,0.975,0.002757499999999998
2026-10-10,0,wk inc rsv prop ed visits,2026-10-10,44,quantile,0.99,0.003382999999999997
2026-10-10,0,wk inc rsv prop ed visits,2026-10-10,45,quantile,0.01,0
2026-10-10,0,wk inc rsv prop ed visits,2026-10-10,45,quantile,0.025,0
2026-10-10,0,wk inc rsv prop ed visits,2026-10-10,45,quantile,0.05,0
2026-10-10,0,wk inc rsv prop ed visits,2026-10-10,45,quantile,0.1,0
2026-10-10,0,wk inc rsv prop ed visits,2026-10-10,45,quantile,0.15,1.9999999999999977e-4
2026-10-10,0,wk inc rsv prop ed visits,2026-10-10,45,quantile,0.2,2.999999999999999e-4
2026-10-10,0,wk inc rsv prop ed visits,2026-10-10,45,quantile,0.25,3.999999999999999e-4
2026-10-10,0,wk inc rsv prop ed visits,2026-10-10,45,quantile,0.3,4.999999999999999e-4
2026-10-10,0,wk inc rsv prop ed visits,2026-10-10,45,quantile,0.35,4.999999999999999e-4
2026-10-10,0,wk inc rsv prop ed visits,2026-10-10,45,quantile,0.4,5e-4
2026-10-10,0,wk inc rsv prop ed visits,2026-10-10,45,quantile,0.45,6e-4
2026-10-10,0,wk inc rsv prop ed visits,2026-10-10,45,quantile,0.5,6e-4
2026-10-10,0,wk inc rsv prop ed visits,2026-10-10,45,quantile,0.55,6e-4
2026-10-10,0,wk inc rsv prop ed visits,2026-10-10,45,quantile,0.6,6.999999999999999e-4
2026-10-10,0,wk inc rsv prop ed visits,2026-10-10,45,quantile,0.65,7e-4
2026-10-10,0,wk inc rsv prop ed visits,2026-10-10,45,quantile,0.7,7e-4
2026-10-10,0,wk inc rsv prop ed visits,2026-10-10,45,quantile,0.75,7.999999999999999e-4
2026-10-10,0,wk inc rsv prop ed visits,2026-10-10,45,quantile,0.8,9e-4
2026-10-10,0,wk inc rsv prop ed visits,2026-10-10,45,quantile,0.85,0.001
2026-10-10,0,wk inc rsv prop ed visits,2026-10-10,45,quantile,0.9,0.0013000000000000002
2026-10-10,0,wk inc rsv prop ed visits,2026-10-10,45,quantile,0.95,0.0018149999999999941
2026-10-10,0,wk inc rsv prop ed visits,2026-10-10,45,quantile,0.975,0.0025149999999999947
2026-10-10,0,wk inc rsv prop ed visits,2026-10-10,45,quantile,0.99,0.0029829999999999956
2026-10-10,0,wk inc rsv prop ed visits,2026-10-10,46,quantile,0.01,0
2026-10-10,0,wk inc rsv prop ed visits,2026-10-10,46,quantile,0.025,0
2026-10-10,0,wk inc rsv prop ed visits,2026-10-10,46,quantile,0.05,0
2026-10-10,0,wk inc rsv prop ed visits,2026-10-10,46,quantile,0.1,0
2026-10-10,0,wk inc rsv prop ed visits,2026-10-10,46,quantile,0.15,0
2026-10-10,0,wk inc rsv prop ed visits,2026-10-10,46,quantile,0.2,0
2026-10-10,0,wk inc rsv prop ed visits,2026-10-10,46,quantile,0.25,0
2026-10-10,0,wk inc rsv prop ed visits,2026-10-10,46,quantile,0.3,9.999999999999996e-5
2026-10-10,0,wk inc rsv prop ed visits,2026-10-10,46,quantile,0.35,1.0000000000000116e-4
2026-10-10,0,wk inc rsv prop ed visits,2026-10-10,46,quantile,0.4,3e-4
2026-10-10,0,wk inc rsv prop ed visits,2026-10-10,46,quantile,0.45,3e-4
2026-10-10,0,wk inc rsv prop ed visits,2026-10-10,46,quantile,0.5,3e-4
2026-10-10,0,wk inc rsv prop ed visits,2026-10-10,46,quantile,0.55,3e-4
2026-10-10,0,wk inc rsv prop ed visits,2026-10-10,46,quantile,0.6,3e-4
2026-10-10,0,wk inc rsv prop ed visits,2026-10-10,46,quantile,0.65,4.999999999999988e-4
2026-10-10,0,wk inc rsv prop ed visits,2026-10-10,46,quantile,0.7,5e-4
2026-10-10,0,wk inc rsv prop ed visits,2026-10-10,46,quantile,0.75,6.000000000000001e-4
2026-10-10,0,wk inc rsv prop ed visits,2026-10-10,46,quantile,0.8,7.999999999999999e-4
2026-10-10,0,wk inc rsv prop ed visits,2026-10-10,46,quantile,0.85,0.0011000000000000003
2026-10-10,0,wk inc rsv prop ed visits,2026-10-10,46,quantile,0.9,0.0017000000000000001
2026-10-10,0,wk inc rsv prop ed visits,2026-10-10,46,quantile,0.95,0.0027299999999999902
2026-10-10,0,wk inc rsv prop ed visits,2026-10-10,46,quantile,0.975,0.0035000000000000005
2026-10-10,0,wk inc rsv prop ed visits,2026-10-10,46,quantile,0.99,0.004348999999999991
2026-10-10,0,wk inc rsv prop ed visits,2026-10-10,47,quantile,0.01,0
2026-10-10,0,wk inc rsv prop ed visits,2026-10-10,47,quantile,0.025,0
2026-10-10,0,wk inc rsv prop ed visits,2026-10-10,47,quantile,0.05,0
2026-10-10,0,wk inc rsv prop ed visits,2026-10-10,47,quantile,0.1,0
2026-10-10,0,wk inc rsv prop ed visits,2026-10-10,47,quantile,0.15,0
2026-10-10,0,wk inc rsv prop ed visits,2026-10-10,47,quantile,0.2,2.000000000000001e-4
2026-10-10,0,wk inc rsv prop ed visits,2026-10-10,47,quantile,0.25,3.0000000000000003e-4
2026-10-10,0,wk inc rsv prop ed visits,2026-10-10,47,quantile,0.3,3.9999999999999996e-4
2026-10-10,0,wk inc rsv prop ed visits,2026-10-10,47,quantile,0.35,4e-4
2026-10-10,0,wk inc rsv prop ed visits,2026-10-10,47,quantile,0.4,4.000000000000001e-4
2026-10-10,0,wk inc rsv prop ed visits,2026-10-10,47,quantile,0.45,5e-4
2026-10-10,0,wk inc rsv prop ed visits,2026-10-10,47,quantile,0.5,5e-4
2026-10-10,0,wk inc rsv prop ed visits,2026-10-10,47,quantile,0.55,5e-4
2026-10-10,0,wk inc rsv prop ed visits,2026-10-10,47,quantile,0.6,6e-4
2026-10-10,0,wk inc rsv prop ed visits,2026-10-10,47,quantile,0.65,6.000000000000001e-4
2026-10-10,0,wk inc rsv prop ed visits,2026-10-10,47,quantile,0.7,6.000000000000001e-4
2026-10-10,0,wk inc rsv prop ed visits,2026-10-10,47,quantile,0.75,7e-4
2026-10-10,0,wk inc rsv prop ed visits,2026-10-10,47,quantile,0.8,7.999999999999999e-4
2026-10-10,0,wk inc rsv prop ed visits,2026-10-10,47,quantile,0.85,0.0010000000000000005
2026-10-10,0,wk inc rsv prop ed visits,2026-10-10,47,quantile,0.9,0.0012999999999999995
2026-10-10,0,wk inc rsv prop ed visits,2026-10-10,47,quantile,0.95,0.0021000000000000003
2026-10-10,0,wk inc rsv prop ed visits,2026-10-10,47,quantile,0.975,0.0024999999999999996
2026-10-10,0,wk inc rsv prop ed visits,2026-10-10,47,quantile,0.99,0.003065999999999992
2026-10-10,0,wk inc rsv prop ed visits,2026-10-10,48,quantile,0.01,0
2026-10-10,0,wk inc rsv prop ed visits,2026-10-10,48,quantile,0.025,0
2026-10-10,0,wk inc rsv prop ed visits,2026-10-10,48,quantile,0.05,0
2026-10-10,0,wk inc rsv prop ed visits,2026-10-10,48,quantile,0.1,0
2026-10-10,0,wk inc rsv prop ed visits,2026-10-10,48,quantile,0.15,3.0000000000000014e-4
2026-10-10,0,wk inc rsv prop ed visits,2026-10-10,48,quantile,0.2,6e-4
2026-10-10,0,wk inc rsv prop ed visits,2026-10-10,48,quantile,0.25,6.999999999999998e-4
2026-10-10,0,wk inc rsv prop ed visits,2026-10-10,48,quantile,0.3,7e-4
2026-10-10,0,wk inc rsv prop ed visits,2026-10-10,48,quantile,0.35,7.000000000000001e-4
2026-10-10,0,wk inc rsv prop ed visits,2026-10-10,48,quantile,0.4,7.000000000000002e-4
2026-10-10,0,wk inc rsv prop ed visits,2026-10-10,48,quantile,0.45,8e-4
2026-10-10,0,wk inc rsv prop ed visits,2026-10-10,48,quantile,0.5,8e-4
2026-10-10,0,wk inc rsv prop ed visits,2026-10-10,48,quantile,0.55,8e-4
2026-10-10,0,wk inc rsv prop ed visits,2026-10-10,48,quantile,0.6,8.999999999999999e-4
2026-10-10,0,wk inc rsv prop ed visits,2026-10-10,48,quantile,0.65,9e-4
2026-10-10,0,wk inc rsv prop ed visits,2026-10-10,48,quantile,0.7,9.000000000000001e-4
2026-10-10,0,wk inc rsv prop ed visits,2026-10-10,48,quantile,0.75,9.000000000000003e-4
2026-10-10,0,wk inc rsv prop ed visits,2026-10-10,48,quantile,0.8,0.001
2026-10-10,0,wk inc rsv prop ed visits,2026-10-10,48,quantile,0.85,0.0013
2026-10-10,0,wk inc rsv prop ed visits,2026-10-10,48,quantile,0.9,0.0016300000000000017
2026-10-10,0,wk inc rsv prop ed visits,2026-10-10,48,quantile,0.95,0.0023000000000000004
2026-10-10,0,wk inc rsv prop ed visits,2026-10-10,48,quantile,0.975,0.002857499999999997
2026-10-10,0,wk inc rsv prop ed visits,2026-10-10,48,quantile,0.99,0.0035
2026-10-10,0,wk inc rsv prop ed visits,2026-10-10,49,quantile,0.01,0
2026-10-10,0,wk inc rsv prop ed visits,2026-10-10,49,quantile,0.025,0
2026-10-10,0,wk inc rsv prop ed visits,2026-10-10,49,quantile,0.05,0
2026-10-10,0,wk inc rsv prop ed visits,2026-10-10,49,quantile,0.1,0
2026-10-10,0,wk inc rsv prop ed visits,2026-10-10,49,quantile,0.15,0
2026-10-10,0,wk inc rsv prop ed visits,2026-10-10,49,quantile,0.2,0
2026-10-10,0,wk inc rsv prop ed visits,2026-10-10,49,quantile,0.25,0
2026-10-10,0,wk inc rsv prop ed visits,2026-10-10,49,quantile,0.3,1e-4
2026-10-10,0,wk inc rsv prop ed visits,2026-10-10,49,quantile,0.35,1e-4
2026-10-10,0,wk inc rsv prop ed visits,2026-10-10,49,quantile,0.4,1.0000000000000015e-4
2026-10-10,0,wk inc rsv prop ed visits,2026-10-10,49,quantile,0.45,2e-4
2026-10-10,0,wk inc rsv prop ed visits,2026-10-10,49,quantile,0.5,2e-4
2026-10-10,0,wk inc rsv prop ed visits,2026-10-10,49,quantile,0.55,2e-4
2026-10-10,0,wk inc rsv prop ed visits,2026-10-10,49,quantile,0.6,2.9999999999999987e-4
2026-10-10,0,wk inc rsv prop ed visits,2026-10-10,49,quantile,0.65,3.0000000000000003e-4
2026-10-10,0,wk inc rsv prop ed visits,2026-10-10,49,quantile,0.7,3.0000000000000003e-4
2026-10-10,0,wk inc rsv prop ed visits,2026-10-10,49,quantile,0.75,4e-4
2026-10-10,0,wk inc rsv prop ed visits,2026-10-10,49,quantile,0.8,5e-4
2026-10-10,0,wk inc rsv prop ed visits,2026-10-10,49,quantile,0.85,7.999999999999999e-4
2026-10-10,0,wk inc rsv prop ed visits,2026-10-10,49,quantile,0.9,0.0013999999999999998
2026-10-10,0,wk inc rsv prop ed visits,2026-10-10,49,quantile,0.95,0.002614999999999996
2026-10-10,0,wk inc rsv prop ed visits,2026-10-10,49,quantile,0.975,0.003714999999999995
2026-10-10,0,wk inc rsv prop ed visits,2026-10-10,49,quantile,0.99,0.005812999999999962
2026-10-10,0,wk inc rsv prop ed visits,2026-10-10,50,quantile,0.01,0
2026-10-10,0,wk inc rsv prop ed visits,2026-10-10,50,quantile,0.025,0
2026-10-10,0,wk inc rsv prop ed visits,2026-10-10,50,quantile,0.05,0
2026-10-10,0,wk inc rsv prop ed visits,2026-10-10,50,quantile,0.1,0
2026-10-10,0,wk inc rsv prop ed visits,2026-10-10,50,quantile,0.15,0
2026-10-10,0,wk inc rsv prop ed visits,2026-10-10,50,quantile,0.2,0
2026-10-10,0,wk inc rsv prop ed visits,2026-10-10,50,quantile,0.25,0
2026-10-10,0,wk inc rsv prop ed visits,2026-10-10,50,quantile,0.3,0
2026-10-10,0,wk inc rsv prop ed visits,2026-10-10,50,quantile,0.35,0
2026-10-10,0,wk inc rsv prop ed visits,2026-10-10,50,quantile,0.4,0
2026-10-10,0,wk inc rsv prop ed visits,2026-10-10,50,quantile,0.45,0
2026-10-10,0,wk inc rsv prop ed visits,2026-10-10,50,quantile,0.5,0
2026-10-10,0,wk inc rsv prop ed visits,2026-10-10,50,quantile,0.55,0
2026-10-10,0,wk inc rsv prop ed visits,2026-10-10,50,quantile,0.6,9.999999999999996e-5
2026-10-10,0,wk inc rsv prop ed visits,2026-10-10,50,quantile,0.65,2e-4
2026-10-10,0,wk inc rsv prop ed visits,2026-10-10,50,quantile,0.7,2.899999999999918e-4
2026-10-10,0,wk inc rsv prop ed visits,2026-10-10,50,quantile,0.75,3.9999999999999996e-4
2026-10-10,0,wk inc rsv prop ed visits,2026-10-10,50,quantile,0.8,5.000000000000004e-4
2026-10-10,0,wk inc rsv prop ed visits,2026-10-10,50,quantile,0.85,8.999999999999998e-4
2026-10-10,0,wk inc rsv prop ed visits,2026-10-10,50,quantile,0.9,0.0014000000000000002
2026-10-10,0,wk inc rsv prop ed visits,2026-10-10,50,quantile,0.95,0.0028000000000000004
2026-10-10,0,wk inc rsv prop ed visits,2026-10-10,50,quantile,0.975,0.0038724999999999914
2026-10-10,0,wk inc rsv prop ed visits,2026-10-10,50,quantile,0.99,0.0052
2026-10-10,0,wk inc rsv prop ed visits,2026-10-10,51,quantile,0.01,0
2026-10-10,0,wk inc rsv prop ed visits,2026-10-10,51,quantile,0.025,0
2026-10-10,0,wk inc rsv prop ed visits,2026-10-10,51,quantile,0.05,0
2026-10-10,0,wk inc rsv prop ed visits,2026-10-10,51,quantile,0.1,0
2026-10-10,0,wk inc rsv prop ed visits,2026-10-10,51,quantile,0.15,5.421010862427522e-20
2026-10-10,0,wk inc rsv prop ed visits,2026-10-10,51,quantile,0.2,1.9999999999999993e-4
2026-10-10,0,wk inc rsv prop ed visits,2026-10-10,51,quantile,0.25,2.0000000000000015e-4
2026-10-10,0,wk inc rsv prop ed visits,2026-10-10,51,quantile,0.3,3.0000000000000003e-4
2026-10-10,0,wk inc rsv prop ed visits,2026-10-10,51,quantile,0.35,3.0000000000000003e-4
2026-10-10,0,wk inc rsv prop ed visits,2026-10-10,51,quantile,0.4,4e-4
2026-10-10,0,wk inc rsv prop ed visits,2026-10-10,51,quantile,0.45,4e-4
2026-10-10,0,wk inc rsv prop ed visits,2026-10-10,51,quantile,0.5,4e-4
2026-10-10,0,wk inc rsv prop ed visits,2026-10-10,51,quantile,0.55,4e-4
2026-10-10,0,wk inc rsv prop ed visits,2026-10-10,51,quantile,0.6,4e-4
2026-10-10,0,wk inc rsv prop ed visits,2026-10-10,51,quantile,0.65,5e-4
2026-10-10,0,wk inc rsv prop ed visits,2026-10-10,51,quantile,0.7,5e-4
2026-10-10,0,wk inc rsv prop ed visits,2026-10-10,51,quantile,0.75,5.999999999999998e-4
2026-10-10,0,wk inc rsv prop ed visits,2026-10-10,51,quantile,0.8,6.000000000000001e-4
2026-10-10,0,wk inc rsv prop ed visits,2026-10-10,51,quantile,0.85,7.999999999999999e-4
2026-10-10,0,wk inc rsv prop ed visits,2026-10-10,51,quantile,0.9,0.0011
2026-10-10,0,wk inc rsv prop ed visits,2026-10-10,51,quantile,0.95,0.0014999999999999998
2026-10-10,0,wk inc rsv prop ed visits,2026-10-10,51,quantile,0.975,0.0018574999999999972
2026-10-10,0,wk inc rsv prop ed visits,2026-10-10,51,quantile,0.99,0.00244899999999999
2026-10-10,0,wk inc rsv prop ed visits,2026-10-10,53,quantile,0.01,0
2026-10-10,0,wk inc rsv prop ed visits,2026-10-10,53,quantile,0.025,0
2026-10-10,0,wk inc rsv prop ed visits,2026-10-10,53,quantile,0.05,0
2026-10-10,0,wk inc rsv prop ed visits,2026-10-10,53,quantile,0.1,0
2026-10-10,0,wk inc rsv prop ed visits,2026-10-10,53,quantile,0.15,0
2026-10-10,0,wk inc rsv prop ed visits,2026-10-10,53,quantile,0.2,0
2026-10-10,0,wk inc rsv prop ed visits,2026-10-10,53,quantile,0.25,0
2026-10-10,0,wk inc rsv prop ed visits,2026-10-10,53,quantile,0.3,0
2026-10-10,0,wk inc rsv prop ed visits,2026-10-10,53,quantile,0.35,0
2026-10-10,0,wk inc rsv prop ed visits,2026-10-10,53,quantile,0.4,1e-4
2026-10-10,0,wk inc rsv prop ed visits,2026-10-10,53,quantile,0.45,1e-4
2026-10-10,0,wk inc rsv prop ed visits,2026-10-10,53,quantile,0.5,1e-4
2026-10-10,0,wk inc rsv prop ed visits,2026-10-10,53,quantile,0.55,1e-4
2026-10-10,0,wk inc rsv prop ed visits,2026-10-10,53,quantile,0.6,1e-4
2026-10-10,0,wk inc rsv prop ed visits,2026-10-10,53,quantile,0.65,2e-4
2026-10-10,0,wk inc rsv prop ed visits,2026-10-10,53,quantile,0.7,2e-4
2026-10-10,0,wk inc rsv prop ed visits,2026-10-10,53,quantile,0.75,2.9999999999999987e-4
2026-10-10,0,wk inc rsv prop ed visits,2026-10-10,53,quantile,0.8,4e-4
2026-10-10,0,wk inc rsv prop ed visits,2026-10-10,53,quantile,0.85,6.000000000000004e-4
2026-10-10,0,wk inc rsv prop ed visits,2026-10-10,53,quantile,0.9,0.0011300000000000014
2026-10-10,0,wk inc rsv prop ed visits,2026-10-10,53,quantile,0.95,0.0016
2026-10-10,0,wk inc rsv prop ed visits,2026-10-10,53,quantile,0.975,0.0028000000000000004
2026-10-10,0,wk inc rsv prop ed visits,2026-10-10,53,quantile,0.99,0.004400000000000002
2026-10-10,0,wk inc rsv prop ed visits,2026-10-10,54,quantile,0.01,0
2026-10-10,0,wk inc rsv prop ed visits,2026-10-10,54,quantile,0.025,0
2026-10-10,0,wk inc rsv prop ed visits,2026-10-10,54,quantile,0.05,0
2026-10-10,0,wk inc rsv prop ed visits,2026-10-10,54,quantile,0.1,0
2026-10-10,0,wk inc rsv prop ed visits,2026-10-10,54,quantile,0.15,0
2026-10-10,0,wk inc rsv prop ed visits,2026-10-10,54,quantile,0.2,0
2026-10-10,0,wk inc rsv prop ed visits,2026-10-10,54,quantile,0.25,0
2026-10-10,0,wk inc rsv prop ed visits,2026-10-10,54,quantile,0.3,9.999999999999996e-5
2026-10-10,0,wk inc rsv prop ed visits,2026-10-10,54,quantile,0.35,1.9999999999999993e-4
2026-10-10,0,wk inc rsv prop ed visits,2026-10-10,54,quantile,0.4,2e-4
2026-10-10,0,wk inc rsv prop ed visits,2026-10-10,54,quantile,0.45,3e-4
2026-10-10,0,wk inc rsv prop ed visits,2026-10-10,54,quantile,0.5,3e-4
2026-10-10,0,wk inc rsv prop ed visits,2026-10-10,54,quantile,0.55,3e-4
2026-10-10,0,wk inc rsv prop ed visits,2026-10-10,54,quantile,0.6,3.9999999999999996e-4
2026-10-10,0,wk inc rsv prop ed visits,2026-10-10,54,quantile,0.65,4e-4
2026-10-10,0,wk inc rsv prop ed visits,2026-10-10,54,quantile,0.7,5e-4
2026-10-10,0,wk inc rsv prop ed visits,2026-10-10,54,quantile,0.75,6.000000000000001e-4
2026-10-10,0,wk inc rsv prop ed visits,2026-10-10,54,quantile,0.8,7.999999999999999e-4
2026-10-10,0,wk inc rsv prop ed visits,2026-10-10,54,quantile,0.85,0.0013449999999999966
2026-10-10,0,wk inc rsv prop ed visits,2026-10-10,54,quantile,0.9,0.002230000000000002
2026-10-10,0,wk inc rsv prop ed visits,2026-10-10,54,quantile,0.95,0.0033999999999999994
2026-10-10,0,wk inc rsv prop ed visits,2026-10-10,54,quantile,0.975,0.004757499999999996
2026-10-10,0,wk inc rsv prop ed visits,2026-10-10,54,quantile,0.99,0.007031999999999984
2026-10-10,0,wk inc rsv prop ed visits,2026-10-10,55,quantile,0.01,0
2026-10-10,0,wk inc rsv prop ed visits,2026-10-10,55,quantile,0.025,0
2026-10-10,0,wk inc rsv prop ed visits,2026-10-10,55,quantile,0.05,0
2026-10-10,0,wk inc rsv prop ed visits,2026-10-10,55,quantile,0.1,0
2026-10-10,0,wk inc rsv prop ed visits,2026-10-10,55,quantile,0.15,0
2026-10-10,0,wk inc rsv prop ed visits,2026-10-10,55,quantile,0.2,0
2026-10-10,0,wk inc rsv prop ed visits,2026-10-10,55,quantile,0.25,0
2026-10-10,0,wk inc rsv prop ed visits,2026-10-10,55,quantile,0.3,0
2026-10-10,0,wk inc rsv prop ed visits,2026-10-10,55,quantile,0.35,1.3552527156068805e-20
2026-10-10,0,wk inc rsv prop ed visits,2026-10-10,55,quantile,0.4,1e-4
2026-10-10,0,wk inc rsv prop ed visits,2026-10-10,55,quantile,0.45,1e-4
2026-10-10,0,wk inc rsv prop ed visits,2026-10-10,55,quantile,0.5,1e-4
2026-10-10,0,wk inc rsv prop ed visits,2026-10-10,55,quantile,0.55,1e-4
2026-10-10,0,wk inc rsv prop ed visits,2026-10-10,55,quantile,0.6,1e-4
2026-10-10,0,wk inc rsv prop ed visits,2026-10-10,55,quantile,0.65,1.9999999999999998e-4
2026-10-10,0,wk inc rsv prop ed visits,2026-10-10,55,quantile,0.7,2e-4
2026-10-10,0,wk inc rsv prop ed visits,2026-10-10,55,quantile,0.75,2.0000000000000004e-4
2026-10-10,0,wk inc rsv prop ed visits,2026-10-10,55,quantile,0.8,4e-4
2026-10-10,0,wk inc rsv prop ed visits,2026-10-10,55,quantile,0.85,6.999999999999999e-4
2026-10-10,0,wk inc rsv prop ed visits,2026-10-10,55,quantile,0.9,9.300000000000022e-4
2026-10-10,0,wk inc rsv prop ed visits,2026-10-10,55,quantile,0.95,0.0017149999999999954
2026-10-10,0,wk inc rsv prop ed visits,2026-10-10,55,quantile,0.975,0.0023574999999999976
2026-10-10,0,wk inc rsv prop ed visits,2026-10-10,55,quantile,0.99,0.002800000000000001
2026-10-10,0,wk inc rsv prop ed visits,2026-10-10,56,quantile,0.01,0
2026-10-10,0,wk inc rsv prop ed visits,2026-10-10,56,quantile,0.025,0
2026-10-10,0,wk inc rsv prop ed visits,2026-10-10,56,quantile,0.05,0
2026-10-10,0,wk inc rsv prop ed visits,2026-10-10,56,quantile,0.1,0
2026-10-10,0,wk inc rsv prop ed visits,2026-10-10,56,quantile,0.15,0
2026-10-10,0,wk inc rsv prop ed visits,2026-10-10,56,quantile,0.2,0
2026-10-10,0,wk inc rsv prop ed visits,2026-10-10,56,quantile,0.25,7.047314121155779e-19
2026-10-10,0,wk inc rsv prop ed visits,2026-10-10,56,quantile,0.3,1.0000000000000005e-4
2026-10-10,0,wk inc rsv prop ed visits,2026-10-10,56,quantile,0.35,2.000000000000001e-4
2026-10-10,0,wk inc rsv prop ed visits,2026-10-10,56,quantile,0.4,4e-4
2026-10-10,0,wk inc rsv prop ed visits,2026-10-10,56,quantile,0.45,4e-4
2026-10-10,0,wk inc rsv prop ed visits,2026-10-10,56,quantile,0.5,4e-4
2026-10-10,0,wk inc rsv prop ed visits,2026-10-10,56,quantile,0.55,4e-4
2026-10-10,0,wk inc rsv prop ed visits,2026-10-10,56,quantile,0.6,4e-4
2026-10-10,0,wk inc rsv prop ed visits,2026-10-10,56,quantile,0.65,6e-4
2026-10-10,0,wk inc rsv prop ed visits,2026-10-10,56,quantile,0.7,7e-4
2026-10-10,0,wk inc rsv prop ed visits,2026-10-10,56,quantile,0.75,7.999999999999993e-4
2026-10-10,0,wk inc rsv prop ed visits,2026-10-10,56,quantile,0.8,0.001
2026-10-10,0,wk inc rsv prop ed visits,2026-10-10,56,quantile,0.85,0.001544999999999997
2026-10-10,0,wk inc rsv prop ed visits,2026-10-10,56,quantile,0.9,0.0023000000000000004
2026-10-10,0,wk inc rsv prop ed visits,2026-10-10,56,quantile,0.95,0.003614999999999996
2026-10-10,0,wk inc rsv prop ed visits,2026-10-10,56,quantile,0.975,0.005300000000000001
2026-10-10,0,wk inc rsv prop ed visits,2026-10-10,56,quantile,0.99,0.007465999999999992
2026-10-10,0,wk inc rsv prop ed visits,2026-10-10,US,quantile,0.01,0
2026-10-10,0,wk inc rsv prop ed visits,2026-10-10,US,quantile,0.025,0
2026-10-10,0,wk inc rsv prop ed visits,2026-10-10,US,quantile,0.05,0
2026-10-10,0,wk inc rsv prop ed visits,2026-10-10,US,quantile,0.1,0
2026-10-10,0,wk inc rsv prop ed visits,2026-10-10,US,quantile,0.15,1.0000000000000026e-4
2026-10-10,0,wk inc rsv prop ed visits,2026-10-10,US,quantile,0.2,2.000000000000001e-4
2026-10-10,0,wk inc rsv prop ed visits,2026-10-10,US,quantile,0.25,3.0000000000000014e-4
2026-10-10,0,wk inc rsv prop ed visits,2026-10-10,US,quantile,0.3,4e-4
2026-10-10,0,wk inc rsv prop ed visits,2026-10-10,US,quantile,0.35,4.000000000000001e-4
2026-10-10,0,wk inc rsv prop ed visits,2026-10-10,US,quantile,0.4,5e-4
2026-10-10,0,wk inc rsv prop ed visits,2026-10-10,US,quantile,0.45,5e-4
2026-10-10,0,wk inc rsv prop ed visits,2026-10-10,US,quantile,0.5,5e-4
2026-10-10,0,wk inc rsv prop ed visits,2026-10-10,US,quantile,0.55,5e-4
2026-10-10,0,wk inc rsv prop ed visits,2026-10-10,US,quantile,0.6,5e-4
2026-10-10,0,wk inc rsv prop ed visits,2026-10-10,US,quantile,0.65,6e-4
2026-10-10,0,wk inc rsv prop ed visits,2026-10-10,US,quantile,0.7,6.000000000000001e-4
2026-10-10,0,wk inc rsv prop ed visits,2026-10-10,US,quantile,0.75,6.999999999999999e-4
2026-10-10,0,wk inc rsv prop ed visits,2026-10-10,US,quantile,0.8,7.999999999999999e-4
2026-10-10,0,wk inc rsv prop ed visits,2026-10-10,US,quantile,0.85,8.999999999999998e-4
2026-10-10,0,wk inc rsv prop ed visits,2026-10-10,US,quantile,0.9,0.0010999999999999998
2026-10-10,0,wk inc rsv prop ed visits,2026-10-10,US,quantile,0.95,0.0015
2026-10-10,0,wk inc rsv prop ed visits,2026-10-10,US,quantile,0.975,0.0019574999999999974
2026-10-10,0,wk inc rsv prop ed visits,2026-10-10,US,quantile,0.99,0.0022
2026-10-10,1,wk inc rsv prop ed visits,2026-10-17,01,quantile,0.01,0
2026-10-10,1,wk inc rsv prop ed visits,2026-10-17,01,quantile,0.025,0
2026-10-10,1,wk inc rsv prop ed visits,2026-10-17,01,quantile,0.05,0
2026-10-10,1,wk inc rsv prop ed visits,2026-10-17,01,quantile,0.1,1.9589115891158944e-4
2026-10-10,1,wk inc rsv prop ed visits,2026-10-17,01,quantile,0.15,5.047170971709719e-4
2026-10-10,1,wk inc rsv prop ed visits,2026-10-17,01,quantile,0.2,8.000000000000004e-4
2026-10-10,1,wk inc rsv prop ed visits,2026-10-17,01,quantile,0.25,0.001
2026-10-10,1,wk inc rsv prop ed visits,2026-10-17,01,quantile,0.3,0.0011000000000000003
2026-10-10,1,wk inc rsv prop ed visits,2026-10-17,01,quantile,0.35,0.0012000000000000001
2026-10-10,1,wk inc rsv prop ed visits,2026-10-17,01,quantile,0.4,0.0013
2026-10-10,1,wk inc rsv prop ed visits,2026-10-17,01,quantile,0.45,0.0013000000000000004
2026-10-10,1,wk inc rsv prop ed visits,2026-10-17,01,quantile,0.5,0.0014000000000000002
2026-10-10,1,wk inc rsv prop ed visits,2026-10-17,01,quantile,0.55,0.0015
2026-10-10,1,wk inc rsv prop ed visits,2026-10-17,01,quantile,0.6,0.0015000000000000005
2026-10-10,1,wk inc rsv prop ed visits,2026-10-17,01,quantile,0.65,0.0016000000000000003
2026-10-10,1,wk inc rsv prop ed visits,2026-10-17,01,quantile,0.7,0.0017000000000000001
2026-10-10,1,wk inc rsv prop ed visits,2026-10-17,01,quantile,0.75,0.0018000000000000004
2026-10-10,1,wk inc rsv prop ed visits,2026-10-17,01,quantile,0.8,0.002
2026-10-10,1,wk inc rsv prop ed visits,2026-10-17,01,quantile,0.85,0.0023
2026-10-10,1,wk inc rsv prop ed visits,2026-10-17,01,quantile,0.9,0.0027192718927189284
2026-10-10,1,wk inc rsv prop ed visits,2026-10-17,01,quantile,0.95,0.0034961217112171104
2026-10-10,1,wk inc rsv prop ed visits,2026-10-17,01,quantile,0.975,0.004125987459874598
2026-10-10,1,wk inc rsv prop ed visits,2026-10-17,01,quantile,0.99,0.004816866978669788
2026-10-10,1,wk inc rsv prop ed visits,2026-10-17,02,quantile,0.01,0
2026-10-10,1,wk inc rsv prop ed visits,2026-10-17,02,quantile,0.025,0
2026-10-10,1,wk inc rsv prop ed visits,2026-10-17,02,quantile,0.05,0
2026-10-10,1,wk inc rsv prop ed visits,2026-10-17,02,quantile,0.1,0
2026-10-10,1,wk inc rsv prop ed visits,2026-10-17,02,quantile,0.15,0
2026-10-10,1,wk inc rsv prop ed visits,2026-10-17,02,quantile,0.2,0
2026-10-10,1,wk inc rsv prop ed visits,2026-10-17,02,quantile,0.25,0
2026-10-10,1,wk inc rsv prop ed visits,2026-10-17,02,quantile,0.3,0
2026-10-10,1,wk inc rsv prop ed visits,2026-10-17,02,quantile,0.35,0
2026-10-10,1,wk inc rsv prop ed visits,2026-10-17,02,quantile,0.4,0
2026-10-10,1,wk inc rsv prop ed visits,2026-10-17,02,quantile,0.45,0
2026-10-10,1,wk inc rsv prop ed visits,2026-10-17,02,quantile,0.5,0
2026-10-10,1,wk inc rsv prop ed visits,2026-10-17,02,quantile,0.55,1.0000000000000005e-4
2026-10-10,1,wk inc rsv prop ed visits,2026-10-17,02,quantile,0.6,2.584003840038392e-4
2026-10-10,1,wk inc rsv prop ed visits,2026-10-17,02,quantile,0.65,4.0000000000000056e-4
2026-10-10,1,wk inc rsv prop ed visits,2026-10-17,02,quantile,0.7,6.000000000000005e-4
2026-10-10,1,wk inc rsv prop ed visits,2026-10-17,02,quantile,0.75,0.0010000000000000002
2026-10-10,1,wk inc rsv prop ed visits,2026-10-17,02,quantile,0.8,0.0015999999999999999
2026-10-10,1,wk inc rsv prop ed visits,2026-10-17,02,quantile,0.85,0.0022528407284072845
2026-10-10,1,wk inc rsv prop ed visits,2026-10-17,02,quantile,0.9,0.003050641706417062
2026-10-10,1,wk inc rsv prop ed visits,2026-10-17,02,quantile,0.95,0.004199999999999998
2026-10-10,1,wk inc rsv prop ed visits,2026-10-17,02,quantile,0.975,0.005316239162391623
2026-10-10,1,wk inc rsv prop ed visits,2026-10-17,02,quantile,0.99,0.00627675186751866
2026-10-10,1,wk inc rsv prop ed visits,2026-10-17,04,quantile,0.01,0
2026-10-10,1,wk inc rsv prop ed visits,2026-10-17,04,quantile,0.025,0
2026-10-10,1,wk inc rsv prop ed visits,2026-10-17,04,quantile,0.05,0
2026-10-10,1,wk inc rsv prop ed visits,2026-10-17,04,quantile,0.1,0
2026-10-10,1,wk inc rsv prop ed visits,2026-10-17,04,quantile,0.15,0
2026-10-10,1,wk inc rsv prop ed visits,2026-10-17,04,quantile,0.2,0
2026-10-10,1,wk inc rsv prop ed visits,2026-10-17,04,quantile,0.25,0
2026-10-10,1,wk inc rsv prop ed visits,2026-10-17,04,quantile,0.3,0
2026-10-10,1,wk inc rsv prop ed visits,2026-10-17,04,quantile,0.35,4.0657581468206416e-20
2026-10-10,1,wk inc rsv prop ed visits,2026-10-17,04,quantile,0.4,9.999999999999996e-5
2026-10-10,1,wk inc rsv prop ed visits,2026-10-17,04,quantile,0.45,1e-4
2026-10-10,1,wk inc rsv prop ed visits,2026-10-17,04,quantile,0.5,1e-4
2026-10-10,1,wk inc rsv prop ed visits,2026-10-17,04,quantile,0.55,1.9999999999999966e-4
2026-10-10,1,wk inc rsv prop ed visits,2026-10-17,04,quantile,0.6,2e-4
2026-10-10,1,wk inc rsv prop ed visits,2026-10-17,04,quantile,0.65,2.9999999999999965e-4
2026-10-10,1,wk inc rsv prop ed visits,2026-10-17,04,quantile,0.7,3.000000000000001e-4
2026-10-10,1,wk inc rsv prop ed visits,2026-10-17,04,quantile,0.75,4.000000000000004e-4
2026-10-10,1,wk inc rsv prop ed visits,2026-10-17,04,quantile,0.8,6e-4
2026-10-10,1,wk inc rsv prop ed visits,2026-10-17,04,quantile,0.85,8.000000000000004e-4
2026-10-10,1,wk inc rsv prop ed visits,2026-10-17,04,quantile,0.9,0.0011360912609126095
2026-10-10,1,wk inc rsv prop ed visits,2026-10-17,04,quantile,0.95,0.0016646978969789585
2026-10-10,1,wk inc rsv prop ed visits,2026-10-17,04,quantile,0.975,0.002277844553445536
2026-10-10,1,wk inc rsv prop ed visits,2026-10-17,04,quantile,0.99,0.0031159728197282005
2026-10-10,1,wk inc rsv prop ed visits,2026-10-17,05,quantile,0.01,0
2026-10-10,1,wk inc rsv prop ed visits,2026-10-17,05,quantile,0.025,0
2026-10-10,1,wk inc rsv prop ed visits,2026-10-17,05,quantile,0.05,0
2026-10-10,1,wk inc rsv prop ed visits,2026-10-17,05,quantile,0.1,0
2026-10-10,1,wk inc rsv prop ed visits,2026-10-17,05,quantile,0.15,0
2026-10-10,1,wk inc rsv prop ed visits,2026-10-17,05,quantile,0.2,1.0842021724855044e-19
2026-10-10,1,wk inc rsv prop ed visits,2026-10-17,05,quantile,0.25,2e-4
2026-10-10,1,wk inc rsv prop ed visits,2026-10-17,05,quantile,0.3,3.0000000000000014e-4
2026-10-10,1,wk inc rsv prop ed visits,2026-10-17,05,quantile,0.35,4.6464119641196223e-4
2026-10-10,1,wk inc rsv prop ed visits,2026-10-17,05,quantile,0.4,5.674772747727473e-4
2026-10-10,1,wk inc rsv prop ed visits,2026-10-17,05,quantile,0.45,6.000000000000002e-4
2026-10-10,1,wk inc rsv prop ed visits,2026-10-17,05,quantile,0.5,7.000000000000001e-4
2026-10-10,1,wk inc rsv prop ed visits,2026-10-17,05,quantile,0.55,8.000000000000001e-4
2026-10-10,1,wk inc rsv prop ed visits,2026-10-17,05,quantile,0.6,9.000000000000001e-4
2026-10-10,1,wk inc rsv prop ed visits,2026-10-17,05,quantile,0.65,0.001
2026-10-10,1,wk inc rsv prop ed visits,2026-10-17,05,quantile,0.7,0.0011622422224222238
2026-10-10,1,wk inc rsv prop ed visits,2026-10-17,05,quantile,0.75,0.0014
2026-10-10,1,wk inc rsv prop ed visits,2026-10-17,05,quantile,0.8,0.0017404254042540442
2026-10-10,1,wk inc rsv prop ed visits,2026-10-17,05,quantile,0.85,0.002267845528455281
2026-10-10,1,wk inc rsv prop ed visits,2026-10-17,05,quantile,0.9,0.0031
2026-10-10,1,wk inc rsv prop ed visits,2026-10-17,05,quantile,0.95,0.004208226082260819
2026-10-10,1,wk inc rsv prop ed visits,2026-10-17,05,quantile,0.975,0.005558609336093351
2026-10-10,1,wk inc rsv prop ed visits,2026-10-17,05,quantile,0.99,0.006568089190891908
2026-10-10,1,wk inc rsv prop ed visits,2026-10-17,06,quantile,0.01,0
2026-10-10,1,wk inc rsv prop ed visits,2026-10-17,06,quantile,0.025,0
2026-10-10,1,wk inc rsv prop ed visits,2026-10-17,06,quantile,0.05,0
2026-10-10,1,wk inc rsv prop ed visits,2026-10-17,06,quantile,0.1,0
2026-10-10,1,wk inc rsv prop ed visits,2026-10-17,06,quantile,0.15,0
2026-10-10,1,wk inc rsv prop ed visits,2026-10-17,06,quantile,0.2,0
2026-10-10,1,wk inc rsv prop ed visits,2026-10-17,06,quantile,0.25,0
2026-10-10,1,wk inc rsv prop ed visits,2026-10-17,06,quantile,0.3,9.999999999999983e-5
2026-10-10,1,wk inc rsv prop ed visits,2026-10-17,06,quantile,0.35,1e-4
2026-10-10,1,wk inc rsv prop ed visits,2026-10-17,06,quantile,0.4,1.0000000000000026e-4
2026-10-10,1,wk inc rsv prop ed visits,2026-10-17,06,quantile,0.45,2e-4
2026-10-10,1,wk inc rsv prop ed visits,2026-10-17,06,quantile,0.5,2e-4
2026-10-10,1,wk inc rsv prop ed visits,2026-10-17,06,quantile,0.55,2.000000000000002e-4
2026-10-10,1,wk inc rsv prop ed visits,2026-10-17,06,quantile,0.6,3.0000000000000003e-4
2026-10-10,1,wk inc rsv prop ed visits,2026-10-17,06,quantile,0.65,3.0000000000000024e-4
2026-10-10,1,wk inc rsv prop ed visits,2026-10-17,06,quantile,0.7,4.000000000000002e-4
2026-10-10,1,wk inc rsv prop ed visits,2026-10-17,06,quantile,0.75,5.64832148321484e-4
2026-10-10,1,wk inc rsv prop ed visits,2026-10-17,06,quantile,0.8,7e-4
2026-10-10,1,wk inc rsv prop ed visits,2026-10-17,06,quantile,0.85,9e-4
2026-10-10,1,wk inc rsv prop ed visits,2026-10-17,06,quantile,0.9,0.001133327333273337
2026-10-10,1,wk inc rsv prop ed visits,2026-10-17,06,quantile,0.95,0.0017000000000000001
2026-10-10,1,wk inc rsv prop ed visits,2026-10-17,06,quantile,0.975,0.0021692837428374406
2026-10-10,1,wk inc rsv prop ed visits,2026-10-17,06,quantile,0.99,0.0026950105001050015
2026-10-10,1,wk inc rsv prop ed visits,2026-10-17,08,quantile,0.01,0
2026-10-10,1,wk inc rsv prop ed visits,2026-10-17,08,quantile,0.025,0
2026-10-10,1,wk inc rsv prop ed visits,2026-10-17,08,quantile,0.05,0
2026-10-10,1,wk inc rsv prop ed visits,2026-10-17,08,quantile,0.1,0
2026-10-10,1,wk inc rsv prop ed visits,2026-10-17,08,quantile,0.15,0
2026-10-10,1,wk inc rsv prop ed visits,2026-10-17,08,quantile,0.2,0
2026-10-10,1,wk inc rsv prop ed visits,2026-10-17,08,quantile,0.25,0
2026-10-10,1,wk inc rsv prop ed visits,2026-10-17,08,quantile,0.3,0
2026-10-10,1,wk inc rsv prop ed visits,2026-10-17,08,quantile,0.35,0
2026-10-10,1,wk inc rsv prop ed visits,2026-10-17,08,quantile,0.4,9.999999999999992e-5
2026-10-10,1,wk inc rsv prop ed visits,2026-10-17,08,quantile,0.45,9.999999999999996e-5
2026-10-10,1,wk inc rsv prop ed visits,2026-10-17,08,quantile,0.5,1e-4
2026-10-10,1,wk inc rsv prop ed visits,2026-10-17,08,quantile,0.55,1.9999999999999998e-4
2026-10-10,1,wk inc rsv prop ed visits,2026-10-17,08,quantile,0.6,2.000000000000009e-4
2026-10-10,1,wk inc rsv prop ed visits,2026-10-17,08,quantile,0.65,3.0000000000000003e-4
2026-10-10,1,wk inc rsv prop ed visits,2026-10-17,08,quantile,0.7,4.0000000000000013e-4
2026-10-10,1,wk inc rsv prop ed visits,2026-10-17,08,quantile,0.75,5.999999999999998e-4
2026-10-10,1,wk inc rsv prop ed visits,2026-10-17,08,quantile,0.8,7.999999999999999e-4
2026-10-10,1,wk inc rsv prop ed visits,2026-10-17,08,quantile,0.85,0.0012871384213842102
2026-10-10,1,wk inc rsv prop ed visits,2026-10-17,08,quantile,0.9,0.0018763852638526385
2026-10-10,1,wk inc rsv prop ed visits,2026-10-17,08,quantile,0.95,0.002580116851168505
2026-10-10,1,wk inc rsv prop ed visits,2026-10-17,08,quantile,0.975,0.004121129586295867
2026-10-10,1,wk inc rsv prop ed visits,2026-10-17,08,quantile,0.99,0.005266560015600141
2026-10-10,1,wk inc rsv prop ed visits,2026-10-17,09,quantile,0.01,0
2026-10-10,1,wk inc rsv prop ed visits,2026-10-17,09,quantile,0.025,0
2026-10-10,1,wk inc rsv prop ed visits,2026-10-17,09,quantile,0.05,0
2026-10-10,1,wk inc rsv prop ed visits,2026-10-17,09,quantile,0.1,0
2026-10-10,1,wk inc rsv prop ed visits,2026-10-17,09,quantile,0.15,0
2026-10-10,1,wk inc rsv prop ed visits,2026-10-17,09,quantile,0.2,0
2026-10-10,1,wk inc rsv prop ed visits,2026-10-17,09,quantile,0.25,0
2026-10-10,1,wk inc rsv prop ed visits,2026-10-17,09,quantile,0.3,5.421010862427522e-20
2026-10-10,1,wk inc rsv prop ed visits,2026-10-17,09,quantile,0.35,1e-4
2026-10-10,1,wk inc rsv prop ed visits,2026-10-17,09,quantile,0.4,1.0000000000000003e-4
2026-10-10,1,wk inc rsv prop ed visits,2026-10-17,09,quantile,0.45,2e-4
2026-10-10,1,wk inc rsv prop ed visits,2026-10-17,09,quantile,0.5,2e-4
2026-10-10,1,wk inc rsv prop ed visits,2026-10-17,09,quantile,0.55,3e-4
2026-10-10,1,wk inc rsv prop ed visits,2026-10-17,09,quantile,0.6,3.0000000000000003e-4
2026-10-10,1,wk inc rsv prop ed visits,2026-10-17,09,quantile,0.65,3.9999999999999996e-4
2026-10-10,1,wk inc rsv prop ed visits,2026-10-17,09,quantile,0.7,4.999999999999998e-4
2026-10-10,1,wk inc rsv prop ed visits,2026-10-17,09,quantile,0.75,5.999999999999998e-4
2026-10-10,1,wk inc rsv prop ed visits,2026-10-17,09,quantile,0.8,7.000000000000004e-4
2026-10-10,1,wk inc rsv prop ed visits,2026-10-17,09,quantile,0.85,9.999999999999996e-4
2026-10-10,1,wk inc rsv prop ed visits,2026-10-17,09,quantile,0.9,0.0013
2026-10-10,1,wk inc rsv prop ed visits,2026-10-17,09,quantile,0.95,0.0018803519035190338
2026-10-10,1,wk inc rsv prop ed visits,2026-10-17,09,quantile,0.975,0.0024
2026-10-10,1,wk inc rsv prop ed visits,2026-10-17,09,quantile,0.99,0.0028447132571325705
2026-10-10,1,wk inc rsv prop ed visits,2026-10-17,10,quantile,0.01,0
2026-10-10,1,wk inc rsv prop ed visits,2026-10-17,10,quantile,0.025,0
2026-10-10,1,wk inc rsv prop ed visits,2026-10-17,10,quantile,0.05,0
2026-10-10,1,wk inc rsv prop ed visits,2026-10-17,10,quantile,0.1,0
2026-10-10,1,wk inc rsv prop ed visits,2026-10-17,10,quantile,0.15,0
2026-10-10,1,wk inc rsv prop ed visits,2026-10-17,10,quantile,0.2,0
2026-10-10,1,wk inc rsv prop ed visits,2026-10-17,10,quantile,0.25,0
2026-10-10,1,wk inc rsv prop ed visits,2026-10-17,10,quantile,0.3,9.999999999999983e-5
2026-10-10,1,wk inc rsv prop ed visits,2026-10-17,10,quantile,0.35,1.9999999999999987e-4
2026-10-10,1,wk inc rsv prop ed visits,2026-10-17,10,quantile,0.4,2.9999999999999987e-4
2026-10-10,1,wk inc rsv prop ed visits,2026-10-17,10,quantile,0.45,3.9999999999999996e-4
2026-10-10,1,wk inc rsv prop ed visits,2026-10-17,10,quantile,0.5,5e-4
2026-10-10,1,wk inc rsv prop ed visits,2026-10-17,10,quantile,0.55,6.000000000000007e-4
2026-10-10,1,wk inc rsv prop ed visits,2026-10-17,10,quantile,0.6,7.999999999999997e-4
2026-10-10,1,wk inc rsv prop ed visits,2026-10-17,10,quantile,0.65,8.999999999999999e-4
2026-10-10,1,wk inc rsv prop ed visits,2026-10-17,10,quantile,0.7,0.0010999999999999998
2026-10-10,1,wk inc rsv prop ed visits,2026-10-17,10,quantile,0.75,0.0013999999999999993
2026-10-10,1,wk inc rsv prop ed visits,2026-10-17,10,quantile,0.8,0.001748607686076863
2026-10-10,1,wk inc rsv prop ed visits,2026-10-17,10,quantile,0.85,0.0023
2026-10-10,1,wk inc rsv prop ed visits,2026-10-17,10,quantile,0.9,0.0032121312213122134
2026-10-10,1,wk inc rsv prop ed visits,2026-10-17,10,quantile,0.95,0.0048029418294183125
2026-10-10,1,wk inc rsv prop ed visits,2026-10-17,10,quantile,0.975,0.0067
2026-10-10,1,wk inc rsv prop ed visits,2026-10-17,10,quantile,0.99,0.0079971856718567165
2026-10-10,1,wk inc rsv prop ed visits,2026-10-17,11,quantile,0.01,0
2026-10-10,1,wk inc rsv prop ed visits,2026-10-17,11,quantile,0.025,0
2026-10-10,1,wk inc rsv prop ed visits,2026-10-17,11,quantile,0.05,0
2026-10-10,1,wk inc rsv prop ed visits,2026-10-17,11,quantile,0.1,0
2026-10-10,1,wk inc rsv prop ed visits,2026-10-17,11,quantile,0.15,0
2026-10-10,1,wk inc rsv prop ed visits,2026-10-17,11,quantile,0.2,0
2026-10-10,1,wk inc rsv prop ed visits,2026-10-17,11,quantile,0.25,0
2026-10-10,1,wk inc rsv prop ed visits,2026-10-17,11,quantile,0.3,0
2026-10-10,1,wk inc rsv prop ed visits,2026-10-17,11,quantile,0.35,0
2026-10-10,1,wk inc rsv prop ed visits,2026-10-17,11,quantile,0.4,9.999999999999999e-5
2026-10-10,1,wk inc rsv prop ed visits,2026-10-17,11,quantile,0.45,1.9999999999999998e-4
2026-10-10,1,wk inc rsv prop ed visits,2026-10-17,11,quantile,0.5,3e-4
2026-10-10,1,wk inc rsv prop ed visits,2026-10-17,11,quantile,0.55,4e-4
2026-10-10,1,wk inc rsv prop ed visits,2026-10-17,11,quantile,0.6,5e-4
2026-10-10,1,wk inc rsv prop ed visits,2026-10-17,11,quantile,0.65,6.000000000000001e-4
2026-10-10,1,wk inc rsv prop ed visits,2026-10-17,11,quantile,0.7,7.999999999999999e-4
2026-10-10,1,wk inc rsv prop ed visits,2026-10-17,11,quantile,0.75,9.999999999999998e-4
2026-10-10,1,wk inc rsv prop ed visits,2026-10-17,11,quantile,0.8,0.001230263702637029
2026-10-10,1,wk inc rsv prop ed visits,2026-10-17,11,quantile,0.85,0.0015999999999999999
2026-10-10,1,wk inc rsv prop ed visits,2026-10-17,11,quantile,0.9,0.002185271052710524
2026-10-10,1,wk inc rsv prop ed visits,2026-10-17,11,quantile,0.95,0.003305305553055525
2026-10-10,1,wk inc rsv prop ed visits,2026-10-17,11,quantile,0.975,0.004099999999999997
2026-10-10,1,wk inc rsv prop ed visits,2026-10-17,11,quantile,0.99,0.005177023940239393
2026-10-10,1,wk inc rsv prop ed visits,2026-10-17,12,quantile,0.01,5.765165751657514e-4
2026-10-10,1,wk inc rsv prop ed visits,2026-10-17,12,quantile,0.025,9.005512555125551e-4
2026-10-10,1,wk inc rsv prop ed visits,2026-10-17,12,quantile,0.05,0.0012000000000000005
2026-10-10,1,wk inc rsv prop ed visits,2026-10-17,12,quantile,0.1,0.0015
2026-10-10,1,wk inc rsv prop ed visits,2026-10-17,12,quantile,0.15,0.0016999999999999995
2026-10-10,1,wk inc rsv prop ed visits,2026-10-17,12,quantile,0.2,0.0018000000000000002
2026-10-10,1,wk inc rsv prop ed visits,2026-10-17,12,quantile,0.25,0.0019000000000000002
2026-10-10,1,wk inc rsv prop ed visits,2026-10-17,12,quantile,0.3,0.002
2026-10-10,1,wk inc rsv prop ed visits,2026-10-17,12,quantile,0.35,0.002000000000000001
2026-10-10,1,wk inc rsv prop ed visits,2026-10-17,12,quantile,0.4,0.0021000000000000003
2026-10-10,1,wk inc rsv prop ed visits,2026-10-17,12,quantile,0.45,0.0021999999999999997
2026-10-10,1,wk inc rsv prop ed visits,2026-10-17,12,quantile,0.5,0.0022
2026-10-10,1,wk inc rsv prop ed visits,2026-10-17,12,quantile,0.55,0.0022000000000000006
2026-10-10,1,wk inc rsv prop ed visits,2026-10-17,12,quantile,0.6,0.0023
2026-10-10,1,wk inc rsv prop ed visits,2026-10-17,12,quantile,0.65,0.0023999999999999994
2026-10-10,1,wk inc rsv prop ed visits,2026-10-17,12,quantile,0.7,0.0024000000000000002
2026-10-10,1,wk inc rsv prop ed visits,2026-10-17,12,quantile,0.75,0.0025
2026-10-10,1,wk inc rsv prop ed visits,2026-10-17,12,quantile,0.8,0.0026
2026-10-10,1,wk inc rsv prop ed visits,2026-10-17,12,quantile,0.85,0.002700000000000001
2026-10-10,1,wk inc rsv prop ed visits,2026-10-17,12,quantile,0.9,0.0029000000000000002
2026-10-10,1,wk inc rsv prop ed visits,2026-10-17,12,quantile,0.95,0.0031999999999999997
2026-10-10,1,wk inc rsv prop ed visits,2026-10-17,12,quantile,0.975,0.003499999999999999
2026-10-10,1,wk inc rsv prop ed visits,2026-10-17,12,quantile,0.99,0.0038110520805207985
2026-10-10,1,wk inc rsv prop ed visits,2026-10-17,13,quantile,0.01,0
2026-10-10,1,wk inc rsv prop ed visits,2026-10-17,13,quantile,0.025,0
2026-10-10,1,wk inc rsv prop ed visits,2026-10-17,13,quantile,0.05,0
2026-10-10,1,wk inc rsv prop ed visits,2026-10-17,13,quantile,0.1,9.999999999999961e-5
2026-10-10,1,wk inc rsv prop ed visits,2026-10-17,13,quantile,0.15,2.999999999999998e-4
2026-10-10,1,wk inc rsv prop ed visits,2026-10-17,13,quantile,0.2,4.999999999999998e-4
2026-10-10,1,wk inc rsv prop ed visits,2026-10-17,13,quantile,0.25,6e-4
2026-10-10,1,wk inc rsv prop ed visits,2026-10-17,13,quantile,0.3,6.999999999999999e-4
2026-10-10,1,wk inc rsv prop ed visits,2026-10-17,13,quantile,0.35,7.999999999999998e-4
2026-10-10,1,wk inc rsv prop ed visits,2026-10-17,13,quantile,0.4,8e-4
2026-10-10,1,wk inc rsv prop ed visits,2026-10-17,13,quantile,0.45,8.999999999999999e-4
2026-10-10,1,wk inc rsv prop ed visits,2026-10-17,13,quantile,0.5,9e-4
2026-10-10,1,wk inc rsv prop ed visits,2026-10-17,13,quantile,0.55,9.000000000000002e-4
2026-10-10,1,wk inc rsv prop ed visits,2026-10-17,13,quantile,0.6,0.001
2026-10-10,1,wk inc rsv prop ed visits,2026-10-17,13,quantile,0.65,0.0010000000000000002
2026-10-10,1,wk inc rsv prop ed visits,2026-10-17,13,quantile,0.7,0.0011
2026-10-10,1,wk inc rsv prop ed visits,2026-10-17,13,quantile,0.75,0.0012000000000000001
2026-10-10,1,wk inc rsv prop ed visits,2026-10-17,13,quantile,0.8,0.0013491944919449272
2026-10-10,1,wk inc rsv prop ed visits,2026-10-17,13,quantile,0.85,0.0015000000000000007
2026-10-10,1,wk inc rsv prop ed visits,2026-10-17,13,quantile,0.9,0.0018
2026-10-10,1,wk inc rsv prop ed visits,2026-10-17,13,quantile,0.95,0.0021556562565625647
2026-10-10,1,wk inc rsv prop ed visits,2026-10-17,13,quantile,0.975,0.0024107090570905662
2026-10-10,1,wk inc rsv prop ed visits,2026-10-17,13,quantile,0.99,0.0028142871928719337
2026-10-10,1,wk inc rsv prop ed visits,2026-10-17,15,quantile,0.01,0
2026-10-10,1,wk inc rsv prop ed visits,2026-10-17,15,quantile,0.025,0
2026-10-10,1,wk inc rsv prop ed visits,2026-10-17,15,quantile,0.05,1.0000000000000026e-4
2026-10-10,1,wk inc rsv prop ed visits,2026-10-17,15,quantile,0.1,7.000000000000005e-4
2026-10-10,1,wk inc rsv prop ed visits,2026-10-17,15,quantile,0.15,0.0011000000000000003
2026-10-10,1,wk inc rsv prop ed visits,2026-10-17,15,quantile,0.2,0.001355160351603518
2026-10-10,1,wk inc rsv prop ed visits,2026-10-17,15,quantile,0.25,0.0015289420394203946
2026-10-10,1,wk inc rsv prop ed visits,2026-10-17,15,quantile,0.3,0.0017000000000000001
2026-10-10,1,wk inc rsv prop ed visits,2026-10-17,15,quantile,0.35,0.0018673152731527318
2026-10-10,1,wk inc rsv prop ed visits,2026-10-17,15,quantile,0.4,0.002
2026-10-10,1,wk inc rsv prop ed visits,2026-10-17,15,quantile,0.45,0.0021000000000000003
2026-10-10,1,wk inc rsv prop ed visits,2026-10-17,15,quantile,0.5,0.0022
2026-10-10,1,wk inc rsv prop ed visits,2026-10-17,15,quantile,0.55,0.0023
2026-10-10,1,wk inc rsv prop ed visits,2026-10-17,15,quantile,0.6,0.0024000000000000002
2026-10-10,1,wk inc rsv prop ed visits,2026-10-17,15,quantile,0.65,0.0025498345483454823
2026-10-10,1,wk inc rsv prop ed visits,2026-10-17,15,quantile,0.7,0.0027
2026-10-10,1,wk inc rsv prop ed visits,2026-10-17,15,quantile,0.75,0.002872086970869706
2026-10-10,1,wk inc rsv prop ed visits,2026-10-17,15,quantile,0.8,0.003057983379833799
2026-10-10,1,wk inc rsv prop ed visits,2026-10-17,15,quantile,0.85,0.0033
2026-10-10,1,wk inc rsv prop ed visits,2026-10-17,15,quantile,0.9,0.0037
2026-10-10,1,wk inc rsv prop ed visits,2026-10-17,15,quantile,0.95,0.004399999999999999
2026-10-10,1,wk inc rsv prop ed visits,2026-10-17,15,quantile,0.975,0.005076516590165903
2026-10-10,1,wk inc rsv prop ed visits,2026-10-17,15,quantile,0.99,0.006323970959709587
2026-10-10,1,wk inc rsv prop ed visits,2026-10-17,16,quantile,0.01,0
2026-10-10,1,wk inc rsv prop ed visits,2026-10-17,16,quantile,0.025,0
2026-10-10,1,wk inc rsv prop ed visits,2026-10-17,16,quantile,0.05,0
2026-10-10,1,wk inc rsv prop ed visits,2026-10-17,16,quantile,0.1,0
2026-10-10,1,wk inc rsv prop ed visits,2026-10-17,16,quantile,0.15,0
2026-10-10,1,wk inc rsv prop ed visits,2026-10-17,16,quantile,0.2,0
2026-10-10,1,wk inc rsv prop ed visits,2026-10-17,16,quantile,0.25,0
2026-10-10,1,wk inc rsv prop ed visits,2026-10-17,16,quantile,0.3,9.999999999999988e-5
2026-10-10,1,wk inc rsv prop ed visits,2026-10-17,16,quantile,0.35,1.9999999999999987e-4
2026-10-10,1,wk inc rsv prop ed visits,2026-10-17,16,quantile,0.4,2.999999999999998e-4
2026-10-10,1,wk inc rsv prop ed visits,2026-10-17,16,quantile,0.45,3.887270872708716e-4
2026-10-10,1,wk inc rsv prop ed visits,2026-10-17,16,quantile,0.5,4e-4
2026-10-10,1,wk inc rsv prop ed visits,2026-10-17,16,quantile,0.55,5e-4
2026-10-10,1,wk inc rsv prop ed visits,2026-10-17,16,quantile,0.6,6.000000000000002e-4
2026-10-10,1,wk inc rsv prop ed visits,2026-10-17,16,quantile,0.65,7.999999999999998e-4
2026-10-10,1,wk inc rsv prop ed visits,2026-10-17,16,quantile,0.7,9.000000000000003e-4
2026-10-10,1,wk inc rsv prop ed visits,2026-10-17,16,quantile,0.75,0.0011999999999999997
2026-10-10,1,wk inc rsv prop ed visits,2026-10-17,16,quantile,0.8,0.0015
2026-10-10,1,wk inc rsv prop ed visits,2026-10-17,16,quantile,0.85,0.0019921646716467133
2026-10-10,1,wk inc rsv prop ed visits,2026-10-17,16,quantile,0.9,0.0026999999999999984
2026-10-10,1,wk inc rsv prop ed visits,2026-10-17,16,quantile,0.95,0.0036725186751867533
2026-10-10,1,wk inc rsv prop ed visits,2026-10-17,16,quantile,0.975,0.005313280982809852
2026-10-10,1,wk inc rsv prop ed visits,2026-10-17,16,quantile,0.99,0.007130487894878952
2026-10-10,1,wk inc rsv prop ed visits,2026-10-17,17,quantile,0.01,0
2026-10-10,1,wk inc rsv prop ed visits,2026-10-17,17,quantile,0.025,0
2026-10-10,1,wk inc rsv prop ed visits,2026-10-17,17,quantile,0.05,0
2026-10-10,1,wk inc rsv prop ed visits,2026-10-17,17,quantile,0.1,0
2026-10-10,1,wk inc rsv prop ed visits,2026-10-17,17,quantile,0.15,0
2026-10-10,1,wk inc rsv prop ed visits,2026-10-17,17,quantile,0.2,0
2026-10-10,1,wk inc rsv prop ed visits,2026-10-17,17,quantile,0.25,0
2026-10-10,1,wk inc rsv prop ed visits,2026-10-17,17,quantile,0.3,4.0657581468206416e-20
2026-10-10,1,wk inc rsv prop ed visits,2026-10-17,17,quantile,0.35,1e-4
2026-10-10,1,wk inc rsv prop ed visits,2026-10-17,17,quantile,0.4,1.0000000000000005e-4
2026-10-10,1,wk inc rsv prop ed visits,2026-10-17,17,quantile,0.45,2e-4
2026-10-10,1,wk inc rsv prop ed visits,2026-10-17,17,quantile,0.5,2e-4
2026-10-10,1,wk inc rsv prop ed visits,2026-10-17,17,quantile,0.55,3e-4
2026-10-10,1,wk inc rsv prop ed visits,2026-10-17,17,quantile,0.6,3.0000000000000024e-4
2026-10-10,1,wk inc rsv prop ed visits,2026-10-17,17,quantile,0.65,4.000000000000002e-4
2026-10-10,1,wk inc rsv prop ed visits,2026-10-17,17,quantile,0.7,5.999999999999988e-4
2026-10-10,1,wk inc rsv prop ed visits,2026-10-17,17,quantile,0.75,7.659099090990892e-4
2026-10-10,1,wk inc rsv prop ed visits,2026-10-17,17,quantile,0.8,0.0010000000000000009
2026-10-10,1,wk inc rsv prop ed visits,2026-10-17,17,quantile,0.85,0.0013999999999999993
2026-10-10,1,wk inc rsv prop ed visits,2026-10-17,17,quantile,0.9,0.002042165721657215
2026-10-10,1,wk inc rsv prop ed visits,2026-10-17,17,quantile,0.95,0.0028290923409233977
2026-10-10,1,wk inc rsv prop ed visits,2026-10-17,17,quantile,0.975,0.0034000000000000002
2026-10-10,1,wk inc rsv prop ed visits,2026-10-17,17,quantile,0.99,0.004402279392793925
2026-10-10,1,wk inc rsv prop ed visits,2026-10-17,18,quantile,0.01,0
2026-10-10,1,wk inc rsv prop ed visits,2026-10-17,18,quantile,0.025,0
2026-10-10,1,wk inc rsv prop ed visits,2026-10-17,18,quantile,0.05,0
2026-10-10,1,wk inc rsv prop ed visits,2026-10-17,18,quantile,0.1,0
2026-10-10,1,wk inc rsv prop ed visits,2026-10-17,18,quantile,0.15,0
2026-10-10,1,wk inc rsv prop ed visits,2026-10-17,18,quantile,0.2,6.696666966670933e-6
2026-10-10,1,wk inc rsv prop ed visits,2026-10-17,18,quantile,0.25,1.9524945249452423e-4
2026-10-10,1,wk inc rsv prop ed visits,2026-10-17,18,quantile,0.3,2.9999999999999976e-4
2026-10-10,1,wk inc rsv prop ed visits,2026-10-17,18,quantile,0.35,3.0000000000000035e-4
2026-10-10,1,wk inc rsv prop ed visits,2026-10-17,18,quantile,0.4,4e-4
2026-10-10,1,wk inc rsv prop ed visits,2026-10-17,18,quantile,0.45,4.999999999999998e-4
2026-10-10,1,wk inc rsv prop ed visits,2026-10-17,18,quantile,0.5,5e-4
2026-10-10,1,wk inc rsv prop ed visits,2026-10-17,18,quantile,0.55,5.999999999999998e-4
2026-10-10,1,wk inc rsv prop ed visits,2026-10-17,18,quantile,0.6,6.000000000000001e-4
2026-10-10,1,wk inc rsv prop ed visits,2026-10-17,18,quantile,0.65,7e-4
2026-10-10,1,wk inc rsv prop ed visits,2026-10-17,18,quantile,0.7,7.999999999999999e-4
2026-10-10,1,wk inc rsv prop ed visits,2026-10-17,18,quantile,0.75,9.000000000000001e-4
2026-10-10,1,wk inc rsv prop ed visits,2026-10-17,18,quantile,0.8,0.0010999999999999998
2026-10-10,1,wk inc rsv prop ed visits,2026-10-17,18,quantile,0.85,0.0013000000000000004
2026-10-10,1,wk inc rsv prop ed visits,2026-10-17,18,quantile,0.9,0.0017330897308973107
2026-10-10,1,wk inc rsv prop ed visits,2026-10-17,18,quantile,0.95,0.0024353282032820263
2026-10-10,1,wk inc rsv prop ed visits,2026-10-17,18,quantile,0.975,0.0031675964509645174
2026-10-10,1,wk inc rsv prop ed visits,2026-10-17,18,quantile,0.99,0.003721288602886034
2026-10-10,1,wk inc rsv prop ed visits,2026-10-17,19,quantile,0.01,0
2026-10-10,1,wk inc rsv prop ed visits,2026-10-17,19,quantile,0.025,0
2026-10-10,1,wk inc rsv prop ed visits,2026-10-17,19,quantile,0.05,0
2026-10-10,1,wk inc rsv prop ed visits,2026-10-17,19,quantile,0.1,0
2026-10-10,1,wk inc rsv prop ed visits,2026-10-17,19,quantile,0.15,0
2026-10-10,1,wk inc rsv prop ed visits,2026-10-17,19,quantile,0.2,0
2026-10-10,1,wk inc rsv prop ed visits,2026-10-17,19,quantile,0.25,0
2026-10-10,1,wk inc rsv prop ed visits,2026-10-17,19,quantile,0.3,0
2026-10-10,1,wk inc rsv prop ed visits,2026-10-17,19,quantile,0.35,0
2026-10-10,1,wk inc rsv prop ed visits,2026-10-17,19,quantile,0.4,0
2026-10-10,1,wk inc rsv prop ed visits,2026-10-17,19,quantile,0.45,0
2026-10-10,1,wk inc rsv prop ed visits,2026-10-17,19,quantile,0.5,0
2026-10-10,1,wk inc rsv prop ed visits,2026-10-17,19,quantile,0.55,6.505213034913027e-19
2026-10-10,1,wk inc rsv prop ed visits,2026-10-17,19,quantile,0.6,1.638072380723798e-4
2026-10-10,1,wk inc rsv prop ed visits,2026-10-17,19,quantile,0.65,3.000000000000009e-4
2026-10-10,1,wk inc rsv prop ed visits,2026-10-17,19,quantile,0.7,5.373150731507251e-4
2026-10-10,1,wk inc rsv prop ed visits,2026-10-17,19,quantile,0.75,8.154469044690464e-4
2026-10-10,1,wk inc rsv prop ed visits,2026-10-17,19,quantile,0.8,0.0011271032710327145
2026-10-10,1,wk inc rsv prop ed visits,2026-10-17,19,quantile,0.85,0.0016000000000000014
2026-10-10,1,wk inc rsv prop ed visits,2026-10-17,19,quantile,0.9,0.0022412715127151303
2026-10-10,1,wk inc rsv prop ed visits,2026-10-17,19,quantile,0.95,0.003625690706907067
2026-10-10,1,wk inc rsv prop ed visits,2026-10-17,19,quantile,0.975,0.0046
2026-10-10,1,wk inc rsv prop ed visits,2026-10-17,19,quantile,0.99,0.0064967520475204795
2026-10-10,1,wk inc rsv prop ed visits,2026-10-17,20,quantile,0.01,0
2026-10-10,1,wk inc rsv prop ed visits,2026-10-17,20,quantile,0.025,0
2026-10-10,1,wk inc rsv prop ed visits,2026-10-17,20,quantile,0.05,0
2026-10-10,1,wk inc rsv prop ed visits,2026-10-17,20,quantile,0.1,0
2026-10-10,1,wk inc rsv prop ed visits,2026-10-17,20,quantile,0.15,0
2026-10-10,1,wk inc rsv prop ed visits,2026-10-17,20,quantile,0.2,0
2026-10-10,1,wk inc rsv prop ed visits,2026-10-17,20,quantile,0.25,0
2026-10-10,1,wk inc rsv prop ed visits,2026-10-17,20,quantile,0.3,0
2026-10-10,1,wk inc rsv prop ed visits,2026-10-17,20,quantile,0.35,0
2026-10-10,1,wk inc rsv prop ed visits,2026-10-17,20,quantile,0.4,0
2026-10-10,1,wk inc rsv prop ed visits,2026-10-17,20,quantile,0.45,0
2026-10-10,1,wk inc rsv prop ed visits,2026-10-17,20,quantile,0.5,0
2026-10-10,1,wk inc rsv prop ed visits,2026-10-17,20,quantile,0.55,8.939789397893904e-5
2026-10-10,1,wk inc rsv prop ed visits,2026-10-17,20,quantile,0.6,1e-4
2026-10-10,1,wk inc rsv prop ed visits,2026-10-17,20,quantile,0.65,2.0000000000000004e-4
2026-10-10,1,wk inc rsv prop ed visits,2026-10-17,20,quantile,0.7,3.0000000000000003e-4
2026-10-10,1,wk inc rsv prop ed visits,2026-10-17,20,quantile,0.75,4.999999999999998e-4
2026-10-10,1,wk inc rsv prop ed visits,2026-10-17,20,quantile,0.8,7.000000000000002e-4
2026-10-10,1,wk inc rsv prop ed visits,2026-10-17,20,quantile,0.85,0.0010999999999999996
2026-10-10,1,wk inc rsv prop ed visits,2026-10-17,20,quantile,0.9,0.0014000000000000004
2026-10-10,1,wk inc rsv prop ed visits,2026-10-17,20,quantile,0.95,0.0022
2026-10-10,1,wk inc rsv prop ed visits,2026-10-17,20,quantile,0.975,0.003201827918279183
2026-10-10,1,wk inc rsv prop ed visits,2026-10-17,20,quantile,0.99,0.003939373323733237
2026-10-10,1,wk inc rsv prop ed visits,2026-10-17,21,quantile,0.01,0
2026-10-10,1,wk inc rsv prop ed visits,2026-10-17,21,quantile,0.025,0
2026-10-10,1,wk inc rsv prop ed visits,2026-10-17,21,quantile,0.05,0
2026-10-10,1,wk inc rsv prop ed visits,2026-10-17,21,quantile,0.1,0
2026-10-10,1,wk inc rsv prop ed visits,2026-10-17,21,quantile,0.15,0
2026-10-10,1,wk inc rsv prop ed visits,2026-10-17,21,quantile,0.2,1.0000000000000026e-4
2026-10-10,1,wk inc rsv prop ed visits,2026-10-17,21,quantile,0.25,3.0000000000000003e-4
2026-10-10,1,wk inc rsv prop ed visits,2026-10-17,21,quantile,0.3,4.655503555035548e-4
2026-10-10,1,wk inc rsv prop ed visits,2026-10-17,21,quantile,0.35,5.999999999999998e-4
2026-10-10,1,wk inc rsv prop ed visits,2026-10-17,21,quantile,0.4,6.999999999999997e-4
2026-10-10,1,wk inc rsv prop ed visits,2026-10-17,21,quantile,0.45,7.000000000000002e-4
2026-10-10,1,wk inc rsv prop ed visits,2026-10-17,21,quantile,0.5,8e-4
2026-10-10,1,wk inc rsv prop ed visits,2026-10-17,21,quantile,0.55,9e-4
2026-10-10,1,wk inc rsv prop ed visits,2026-10-17,21,quantile,0.6,0.001
2026-10-10,1,wk inc rsv prop ed visits,2026-10-17,21,quantile,0.65,0.0010999999999999998
2026-10-10,1,wk inc rsv prop ed visits,2026-10-17,21,quantile,0.7,0.0012000000000000001
2026-10-10,1,wk inc rsv prop ed visits,2026-10-17,21,quantile,0.75,0.0013897968979689776
2026-10-10,1,wk inc rsv prop ed visits,2026-10-17,21,quantile,0.8,0.0016000000000000003
2026-10-10,1,wk inc rsv prop ed visits,2026-10-17,21,quantile,0.85,0.001974556745567453
2026-10-10,1,wk inc rsv prop ed visits,2026-10-17,21,quantile,0.9,0.0024999999999999996
2026-10-10,1,wk inc rsv prop ed visits,2026-10-17,21,quantile,0.95,0.0034802881528815206
2026-10-10,1,wk inc rsv prop ed visits,2026-10-17,21,quantile,0.975,0.004337477424774247
2026-10-10,1,wk inc rsv prop ed visits,2026-10-17,21,quantile,0.99,0.005136079650796462
2026-10-10,1,wk inc rsv prop ed visits,2026-10-17,22,quantile,0.01,0
2026-10-10,1,wk inc rsv prop ed visits,2026-10-17,22,quantile,0.025,0
2026-10-10,1,wk inc rsv prop ed visits,2026-10-17,22,quantile,0.05,0
2026-10-10,1,wk inc rsv prop ed visits,2026-10-17,22,quantile,0.1,0
2026-10-10,1,wk inc rsv prop ed visits,2026-10-17,22,quantile,0.15,0
2026-10-10,1,wk inc rsv prop ed visits,2026-10-17,22,quantile,0.2,1e-4
2026-10-10,1,wk inc rsv prop ed visits,2026-10-17,22,quantile,0.25,2.000000000000002e-4
2026-10-10,1,wk inc rsv prop ed visits,2026-10-17,22,quantile,0.3,3.000000000000001e-4
2026-10-10,1,wk inc rsv prop ed visits,2026-10-17,22,quantile,0.35,4e-4
2026-10-10,1,wk inc rsv prop ed visits,2026-10-17,22,quantile,0.4,4.999999999999999e-4
2026-10-10,1,wk inc rsv prop ed visits,2026-10-17,22,quantile,0.45,5.978899288992892e-4
2026-10-10,1,wk inc rsv prop ed visits,2026-10-17,22,quantile,0.5,6e-4
2026-10-10,1,wk inc rsv prop ed visits,2026-10-17,22,quantile,0.55,6.999999999999999e-4
2026-10-10,1,wk inc rsv prop ed visits,2026-10-17,22,quantile,0.6,7e-4
2026-10-10,1,wk inc rsv prop ed visits,2026-10-17,22,quantile,0.65,7.999999999999999e-4
2026-10-10,1,wk inc rsv prop ed visits,2026-10-17,22,quantile,0.7,8.999999999999999e-4
2026-10-10,1,wk inc rsv prop ed visits,2026-10-17,22,quantile,0.75,0.001
2026-10-10,1,wk inc rsv prop ed visits,2026-10-17,22,quantile,0.8,0.0012000000000000001
2026-10-10,1,wk inc rsv prop ed visits,2026-10-17,22,quantile,0.85,0.0014999999999999996
2026-10-10,1,wk inc rsv prop ed visits,2026-10-17,22,quantile,0.9,0.001915597455974554
2026-10-10,1,wk inc rsv prop ed visits,2026-10-17,22,quantile,0.95,0.002767734977349773
2026-10-10,1,wk inc rsv prop ed visits,2026-10-17,22,quantile,0.975,0.0033000000000000004
2026-10-10,1,wk inc rsv prop ed visits,2026-10-17,22,quantile,0.99,0.00398142630426303
2026-10-10,1,wk inc rsv prop ed visits,2026-10-17,23,quantile,0.01,0
2026-10-10,1,wk inc rsv prop ed visits,2026-10-17,23,quantile,0.025,0
2026-10-10,1,wk inc rsv prop ed visits,2026-10-17,23,quantile,0.05,0
2026-10-10,1,wk inc rsv prop ed visits,2026-10-17,23,quantile,0.1,0
2026-10-10,1,wk inc rsv prop ed visits,2026-10-17,23,quantile,0.15,0
2026-10-10,1,wk inc rsv prop ed visits,2026-10-17,23,quantile,0.2,0
2026-10-10,1,wk inc rsv prop ed visits,2026-10-17,23,quantile,0.25,0
2026-10-10,1,wk inc rsv prop ed visits,2026-10-17,23,quantile,0.3,0
2026-10-10,1,wk inc rsv prop ed visits,2026-10-17,23,quantile,0.35,0
2026-10-10,1,wk inc rsv prop ed visits,2026-10-17,23,quantile,0.4,9.99999999999999e-5
2026-10-10,1,wk inc rsv prop ed visits,2026-10-17,23,quantile,0.45,9.999999999999996e-5
2026-10-10,1,wk inc rsv prop ed visits,2026-10-17,23,quantile,0.5,1e-4
2026-10-10,1,wk inc rsv prop ed visits,2026-10-17,23,quantile,0.55,1.9999999999999998e-4
2026-10-10,1,wk inc rsv prop ed visits,2026-10-17,23,quantile,0.6,2.0000000000000004e-4
2026-10-10,1,wk inc rsv prop ed visits,2026-10-17,23,quantile,0.65,3e-4
2026-10-10,1,wk inc rsv prop ed visits,2026-10-17,23,quantile,0.7,3.9999999999999996e-4
2026-10-10,1,wk inc rsv prop ed visits,2026-10-17,23,quantile,0.75,5.000000000000002e-4
2026-10-10,1,wk inc rsv prop ed visits,2026-10-17,23,quantile,0.8,7.000000000000001e-4
2026-10-10,1,wk inc rsv prop ed visits,2026-10-17,23,quantile,0.85,0.0010000000000000005
2026-10-10,1,wk inc rsv prop ed visits,2026-10-17,23,quantile,0.9,0.0015999999999999996
2026-10-10,1,wk inc rsv prop ed visits,2026-10-17,23,quantile,0.95,0.0022
2026-10-10,1,wk inc rsv prop ed visits,2026-10-17,23,quantile,0.975,0.0034391357663576642
2026-10-10,1,wk inc rsv prop ed visits,2026-10-17,23,quantile,0.99,0.005038296192961934
2026-10-10,1,wk inc rsv prop ed visits,2026-10-17,24,quantile,0.01,0
2026-10-10,1,wk inc rsv prop ed visits,2026-10-17,24,quantile,0.025,0
2026-10-10,1,wk inc rsv prop ed visits,2026-10-17,24,quantile,0.05,0
2026-10-10,1,wk inc rsv prop ed visits,2026-10-17,24,quantile,0.1,0
2026-10-10,1,wk inc rsv prop ed visits,2026-10-17,24,quantile,0.15,0
2026-10-10,1,wk inc rsv prop ed visits,2026-10-17,24,quantile,0.2,0
2026-10-10,1,wk inc rsv prop ed visits,2026-10-17,24,quantile,0.25,0
2026-10-10,1,wk inc rsv prop ed visits,2026-10-17,24,quantile,0.3,0
2026-10-10,1,wk inc rsv prop ed visits,2026-10-17,24,quantile,0.35,9.999999999999991e-5
2026-10-10,1,wk inc rsv prop ed visits,2026-10-17,24,quantile,0.4,9.999999999999999e-5
2026-10-10,1,wk inc rsv prop ed visits,2026-10-17,24,quantile,0.45,1.9999999999999993e-4
2026-10-10,1,wk inc rsv prop ed visits,2026-10-17,24,quantile,0.5,2e-4
2026-10-10,1,wk inc rsv prop ed visits,2026-10-17,24,quantile,0.55,3e-4
2026-10-10,1,wk inc rsv prop ed visits,2026-10-17,24,quantile,0.6,3.9999999999999986e-4
2026-10-10,1,wk inc rsv prop ed visits,2026-10-17,24,quantile,0.65,4.5842783427834543e-4
2026-10-10,1,wk inc rsv prop ed visits,2026-10-17,24,quantile,0.7,5.999999999999998e-4
2026-10-10,1,wk inc rsv prop ed visits,2026-10-17,24,quantile,0.75,7.589880898808958e-4
2026-10-10,1,wk inc rsv prop ed visits,2026-10-17,24,quantile,0.8,0.0010000000000000002
2026-10-10,1,wk inc rsv prop ed visits,2026-10-17,24,quantile,0.85,0.0014381207812078135
2026-10-10,1,wk inc rsv prop ed visits,2026-10-17,24,quantile,0.9,0.0020182902829028273
2026-10-10,1,wk inc rsv prop ed visits,2026-10-17,24,quantile,0.95,0.0030999999999999995
2026-10-10,1,wk inc rsv prop ed visits,2026-10-17,24,quantile,0.975,0.0036325897008970065
2026-10-10,1,wk inc rsv prop ed visits,2026-10-17,24,quantile,0.99,0.004623889598895964
2026-10-10,1,wk inc rsv prop ed visits,2026-10-17,25,quantile,0.01,0
2026-10-10,1,wk inc rsv prop ed visits,2026-10-17,25,quantile,0.025,0
2026-10-10,1,wk inc rsv prop ed visits,2026-10-17,25,quantile,0.05,0
2026-10-10,1,wk inc rsv prop ed visits,2026-10-17,25,quantile,0.1,0
2026-10-10,1,wk inc rsv prop ed visits,2026-10-17,25,quantile,0.15,0
2026-10-10,1,wk inc rsv prop ed visits,2026-10-17,25,quantile,0.2,0
2026-10-10,1,wk inc rsv prop ed visits,2026-10-17,25,quantile,0.25,0
2026-10-10,1,wk inc rsv prop ed visits,2026-10-17,25,quantile,0.3,9.999999999999994e-5
2026-10-10,1,wk inc rsv prop ed visits,2026-10-17,25,quantile,0.35,1.1401059010589877e-4
2026-10-10,1,wk inc rsv prop ed visits,2026-10-17,25,quantile,0.4,1.9999999999999998e-4
2026-10-10,1,wk inc rsv prop ed visits,2026-10-17,25,quantile,0.45,3e-4
2026-10-10,1,wk inc rsv prop ed visits,2026-10-17,25,quantile,0.5,3e-4
2026-10-10,1,wk inc rsv prop ed visits,2026-10-17,25,quantile,0.55,3.9999999999999996e-4
2026-10-10,1,wk inc rsv prop ed visits,2026-10-17,25,quantile,0.6,4.000000000000002e-4
2026-10-10,1,wk inc rsv prop ed visits,2026-10-17,25,quantile,0.65,5.000000000000002e-4
2026-10-10,1,wk inc rsv prop ed visits,2026-10-17,25,quantile,0.7,6.999999999999999e-4
2026-10-10,1,wk inc rsv prop ed visits,2026-10-17,25,quantile,0.75,9.423806738067384e-4
2026-10-10,1,wk inc rsv prop ed visits,2026-10-17,25,quantile,0.8,0.0012229646296463006
2026-10-10,1,wk inc rsv prop ed visits,2026-10-17,25,quantile,0.85,0.001694272042720425
2026-10-10,1,wk inc rsv prop ed visits,2026-10-17,25,quantile,0.9,0.0024370776707767065
2026-10-10,1,wk inc rsv prop ed visits,2026-10-17,25,quantile,0.95,0.0034798399483994807
2026-10-10,1,wk inc rsv prop ed visits,2026-10-17,25,quantile,0.975,0.004
2026-10-10,1,wk inc rsv prop ed visits,2026-10-17,25,quantile,0.99,0.005098787417874186
2026-10-10,1,wk inc rsv prop ed visits,2026-10-17,26,quantile,0.01,0
2026-10-10,1,wk inc rsv prop ed visits,2026-10-17,26,quantile,0.025,0
2026-10-10,1,wk inc rsv prop ed visits,2026-10-17,26,quantile,0.05,0
2026-10-10,1,wk inc rsv prop ed visits,2026-10-17,26,quantile,0.1,0
2026-10-10,1,wk inc rsv prop ed visits,2026-10-17,26,quantile,0.15,0
2026-10-10,1,wk inc rsv prop ed visits,2026-10-17,26,quantile,0.2,0
2026-10-10,1,wk inc rsv prop ed visits,2026-10-17,26,quantile,0.25,0
2026-10-10,1,wk inc rsv prop ed visits,2026-10-17,26,quantile,0.3,0
2026-10-10,1,wk inc rsv prop ed visits,2026-10-17,26,quantile,0.35,0
2026-10-10,1,wk inc rsv prop ed visits,2026-10-17,26,quantile,0.4,9.999999999999996e-5
2026-10-10,1,wk inc rsv prop ed visits,2026-10-17,26,quantile,0.45,1e-4
2026-10-10,1,wk inc rsv prop ed visits,2026-10-17,26,quantile,0.5,1e-4
2026-10-10,1,wk inc rsv prop ed visits,2026-10-17,26,quantile,0.55,2e-4
2026-10-10,1,wk inc rsv prop ed visits,2026-10-17,26,quantile,0.6,2.000000000000001e-4
2026-10-10,1,wk inc rsv prop ed visits,2026-10-17,26,quantile,0.65,3.000000000000001e-4
2026-10-10,1,wk inc rsv prop ed visits,2026-10-17,26,quantile,0.7,4.999999999999996e-4
2026-10-10,1,wk inc rsv prop ed visits,2026-10-17,26,quantile,0.75,6.721319713197132e-4
2026-10-10,1,wk inc rsv prop ed visits,2026-10-17,26,quantile,0.8,9.999999999999992e-4
2026-10-10,1,wk inc rsv prop ed visits,2026-10-17,26,quantile,0.85,0.0012560437104371038
2026-10-10,1,wk inc rsv prop ed visits,2026-10-17,26,quantile,0.9,0.0017753880538805419
2026-10-10,1,wk inc rsv prop ed visits,2026-10-17,26,quantile,0.95,0.002802109021090212
2026-10-10,1,wk inc rsv prop ed visits,2026-10-17,26,quantile,0.975,0.0036053505535055337
2026-10-10,1,wk inc rsv prop ed visits,2026-10-17,26,quantile,0.99,0.0047
2026-10-10,1,wk inc rsv prop ed visits,2026-10-17,27,quantile,0.01,0
2026-10-10,1,wk inc rsv prop ed visits,2026-10-17,27,quantile,0.025,0
2026-10-10,1,wk inc rsv prop ed visits,2026-10-17,27,quantile,0.05,0
2026-10-10,1,wk inc rsv prop ed visits,2026-10-17,27,quantile,0.1,0
2026-10-10,1,wk inc rsv prop ed visits,2026-10-17,27,quantile,0.15,0
2026-10-10,1,wk inc rsv prop ed visits,2026-10-17,27,quantile,0.2,0
2026-10-10,1,wk inc rsv prop ed visits,2026-10-17,27,quantile,0.25,0
2026-10-10,1,wk inc rsv prop ed visits,2026-10-17,27,quantile,0.3,0
2026-10-10,1,wk inc rsv prop ed visits,2026-10-17,27,quantile,0.35,0
2026-10-10,1,wk inc rsv prop ed visits,2026-10-17,27,quantile,0.4,0
2026-10-10,1,wk inc rsv prop ed visits,2026-10-17,27,quantile,0.45,0
2026-10-10,1,wk inc rsv prop ed visits,2026-10-17,27,quantile,0.5,0
2026-10-10,1,wk inc rsv prop ed visits,2026-10-17,27,quantile,0.55,9.999999999999992e-5
2026-10-10,1,wk inc rsv prop ed visits,2026-10-17,27,quantile,0.6,1.9999999999999982e-4
2026-10-10,1,wk inc rsv prop ed visits,2026-10-17,27,quantile,0.65,3.0000000000000003e-4
2026-10-10,1,wk inc rsv prop ed visits,2026-10-17,27,quantile,0.7,4.999999999999998e-4
2026-10-10,1,wk inc rsv prop ed visits,2026-10-17,27,quantile,0.75,6.99999999999999e-4
2026-10-10,1,wk inc rsv prop ed visits,2026-10-17,27,quantile,0.8,9.68913089130896e-4
2026-10-10,1,wk inc rsv prop ed visits,2026-10-17,27,quantile,0.85,0.0013000000000000006
2026-10-10,1,wk inc rsv prop ed visits,2026-10-17,27,quantile,0.9,0.0017000000000000003
2026-10-10,1,wk inc rsv prop ed visits,2026-10-17,27,quantile,0.95,0.0026254593045930393
2026-10-10,1,wk inc rsv prop ed visits,2026-10-17,27,quantile,0.975,0.003532774952749516
2026-10-10,1,wk inc rsv prop ed visits,2026-10-17,27,quantile,0.99,0.004827693636936373
2026-10-10,1,wk inc rsv prop ed visits,2026-10-17,28,quantile,0.01,0
2026-10-10,1,wk inc rsv prop ed visits,2026-10-17,28,quantile,0.025,0
2026-10-10,1,wk inc rsv prop ed visits,2026-10-17,28,quantile,0.05,0
2026-10-10,1,wk inc rsv prop ed visits,2026-10-17,28,quantile,0.1,0
2026-10-10,1,wk inc rsv prop ed visits,2026-10-17,28,quantile,0.15,4.336808689942018e-19
2026-10-10,1,wk inc rsv prop ed visits,2026-10-17,28,quantile,0.2,2.000000000000001e-4
2026-10-10,1,wk inc rsv prop ed visits,2026-10-17,28,quantile,0.25,3.999999999999999e-4
2026-10-10,1,wk inc rsv prop ed visits,2026-10-17,28,quantile,0.3,5e-4
2026-10-10,1,wk inc rsv prop ed visits,2026-10-17,28,quantile,0.35,6.000000000000001e-4
2026-10-10,1,wk inc rsv prop ed visits,2026-10-17,28,quantile,0.4,7e-4
2026-10-10,1,wk inc rsv prop ed visits,2026-10-17,28,quantile,0.45,7.000000000000003e-4
2026-10-10,1,wk inc rsv prop ed visits,2026-10-17,28,quantile,0.5,8e-4
2026-10-10,1,wk inc rsv prop ed visits,2026-10-17,28,quantile,0.55,9e-4
2026-10-10,1,wk inc rsv prop ed visits,2026-10-17,28,quantile,0.6,9.000000000000003e-4
2026-10-10,1,wk inc rsv prop ed visits,2026-10-17,28,quantile,0.65,0.001
2026-10-10,1,wk inc rsv prop ed visits,2026-10-17,28,quantile,0.7,0.0011
2026-10-10,1,wk inc rsv prop ed visits,2026-10-17,28,quantile,0.75,0.0012999999999999997
2026-10-10,1,wk inc rsv prop ed visits,2026-10-17,28,quantile,0.8,0.0014999999999999974
2026-10-10,1,wk inc rsv prop ed visits,2026-10-17,28,quantile,0.85,0.0017999999999999989
2026-10-10,1,wk inc rsv prop ed visits,2026-10-17,28,quantile,0.9,0.0021999999999999997
2026-10-10,1,wk inc rsv prop ed visits,2026-10-17,28,quantile,0.95,0.00290561530615306
2026-10-10,1,wk inc rsv prop ed visits,2026-10-17,28,quantile,0.975,0.003446888893888938
2026-10-10,1,wk inc rsv prop ed visits,2026-10-17,28,quantile,0.99,0.003981003510035108
2026-10-10,1,wk inc rsv prop ed visits,2026-10-17,29,quantile,0.01,0
2026-10-10,1,wk inc rsv prop ed visits,2026-10-17,29,quantile,0.025,0
2026-10-10,1,wk inc rsv prop ed visits,2026-10-17,29,quantile,0.05,0
2026-10-10,1,wk inc rsv prop ed visits,2026-10-17,29,quantile,0.1,0
2026-10-10,1,wk inc rsv prop ed visits,2026-10-17,29,quantile,0.15,0
2026-10-10,1,wk inc rsv prop ed visits,2026-10-17,29,quantile,0.2,0
2026-10-10,1,wk inc rsv prop ed visits,2026-10-17,29,quantile,0.25,0
2026-10-10,1,wk inc rsv prop ed visits,2026-10-17,29,quantile,0.3,0
2026-10-10,1,wk inc rsv prop ed visits,2026-10-17,29,quantile,0.35,1.3552527156068805e-20
2026-10-10,1,wk inc rsv prop ed visits,2026-10-17,29,quantile,0.4,1e-4
2026-10-10,1,wk inc rsv prop ed visits,2026-10-17,29,quantile,0.45,1e-4
2026-10-10,1,wk inc rsv prop ed visits,2026-10-17,29,quantile,0.5,1e-4
2026-10-10,1,wk inc rsv prop ed visits,2026-10-17,29,quantile,0.55,1.999999999999996e-4
2026-10-10,1,wk inc rsv prop ed visits,2026-10-17,29,quantile,0.6,2e-4
2026-10-10,1,wk inc rsv prop ed visits,2026-10-17,29,quantile,0.65,2.460312603126036e-4
2026-10-10,1,wk inc rsv prop ed visits,2026-10-17,29,quantile,0.7,3.0000000000000003e-4
2026-10-10,1,wk inc rsv prop ed visits,2026-10-17,29,quantile,0.75,4.000000000000002e-4
2026-10-10,1,wk inc rsv prop ed visits,2026-10-17,29,quantile,0.8,6.000000000000001e-4
2026-10-10,1,wk inc rsv prop ed visits,2026-10-17,29,quantile,0.85,8.000000000000001e-4
2026-10-10,1,wk inc rsv prop ed visits,2026-10-17,29,quantile,0.9,0.0013000000000000004
2026-10-10,1,wk inc rsv prop ed visits,2026-10-17,29,quantile,0.95,0.002078520685206832
2026-10-10,1,wk inc rsv prop ed visits,2026-10-17,29,quantile,0.975,0.0027470784957849543
2026-10-10,1,wk inc rsv prop ed visits,2026-10-17,29,quantile,0.99,0.0037027935979360048
2026-10-10,1,wk inc rsv prop ed visits,2026-10-17,30,quantile,0.01,0
2026-10-10,1,wk inc rsv prop ed visits,2026-10-17,30,quantile,0.025,0
2026-10-10,1,wk inc rsv prop ed visits,2026-10-17,30,quantile,0.05,0
2026-10-10,1,wk inc rsv prop ed visits,2026-10-17,30,quantile,0.1,0
2026-10-10,1,wk inc rsv prop ed visits,2026-10-17,30,quantile,0.15,0
2026-10-10,1,wk inc rsv prop ed visits,2026-10-17,30,quantile,0.2,0
2026-10-10,1,wk inc rsv prop ed visits,2026-10-17,30,quantile,0.25,0
2026-10-10,1,wk inc rsv prop ed visits,2026-10-17,30,quantile,0.3,0
2026-10-10,1,wk inc rsv prop ed visits,2026-10-17,30,quantile,0.35,0
2026-10-10,1,wk inc rsv prop ed visits,2026-10-17,30,quantile,0.4,0
2026-10-10,1,wk inc rsv prop ed visits,2026-10-17,30,quantile,0.45,0
2026-10-10,1,wk inc rsv prop ed visits,2026-10-17,30,quantile,0.5,0
2026-10-10,1,wk inc rsv prop ed visits,2026-10-17,30,quantile,0.55,1e-4
2026-10-10,1,wk inc rsv prop ed visits,2026-10-17,30,quantile,0.6,1.2225482254822514e-4
2026-10-10,1,wk inc rsv prop ed visits,2026-10-17,30,quantile,0.65,2.9300783007830066e-4
2026-10-10,1,wk inc rsv prop ed visits,2026-10-17,30,quantile,0.7,4.0000000000000024e-4
2026-10-10,1,wk inc rsv prop ed visits,2026-10-17,30,quantile,0.75,6.999999999999997e-4
2026-10-10,1,wk inc rsv prop ed visits,2026-10-17,30,quantile,0.8,9e-4
2026-10-10,1,wk inc rsv prop ed visits,2026-10-17,30,quantile,0.85,0.0014989159391593902
2026-10-10,1,wk inc rsv prop ed visits,2026-10-17,30,quantile,0.9,0.002300000000000001
2026-10-10,1,wk inc rsv prop ed visits,2026-10-17,30,quantile,0.95,0.003400000000000001
2026-10-10,1,wk inc rsv prop ed visits,2026-10-17,30,quantile,0.975,0.004258060930609307
2026-10-10,1,wk inc rsv prop ed visits,2026-10-17,30,quantile,0.99,0.005399999999999999
2026-10-10,1,wk inc rsv prop ed visits,2026-10-17,31,quantile,0.01,0
2026-10-10,1,wk inc rsv prop ed visits,2026-10-17,31,quantile,0.025,0
2026-10-10,1,wk inc rsv prop ed visits,2026-10-17,31,quantile,0.05,0
2026-10-10,1,wk inc rsv prop ed visits,2026-10-17,31,quantile,0.1,0
2026-10-10,1,wk inc rsv prop ed visits,2026-10-17,31,quantile,0.15,0
2026-10-10,1,wk inc rsv prop ed visits,2026-10-17,31,quantile,0.2,0
2026-10-10,1,wk inc rsv prop ed visits,2026-10-17,31,quantile,0.25,0
2026-10-10,1,wk inc rsv prop ed visits,2026-10-17,31,quantile,0.3,0
2026-10-10,1,wk inc rsv prop ed visits,2026-10-17,31,quantile,0.35,0
2026-10-10,1,wk inc rsv prop ed visits,2026-10-17,31,quantile,0.4,9.999999999999977e-5
2026-10-10,1,wk inc rsv prop ed visits,2026-10-17,31,quantile,0.45,9.999999999999982e-5
2026-10-10,1,wk inc rsv prop ed visits,2026-10-17,31,quantile,0.5,1e-4
2026-10-10,1,wk inc rsv prop ed visits,2026-10-17,31,quantile,0.55,1.9999999999999982e-4
2026-10-10,1,wk inc rsv prop ed visits,2026-10-17,31,quantile,0.6,2.9999999999999927e-4
2026-10-10,1,wk inc rsv prop ed visits,2026-10-17,31,quantile,0.65,3.0000000000000003e-4
2026-10-10,1,wk inc rsv prop ed visits,2026-10-17,31,quantile,0.7,4.999999999999991e-4
2026-10-10,1,wk inc rsv prop ed visits,2026-10-17,31,quantile,0.75,6.000000000000002e-4
2026-10-10,1,wk inc rsv prop ed visits,2026-10-17,31,quantile,0.8,8.999999999999998e-4
2026-10-10,1,wk inc rsv prop ed visits,2026-10-17,31,quantile,0.85,0.0012000000000000001
2026-10-10,1,wk inc rsv prop ed visits,2026-10-17,31,quantile,0.9,0.001699999999999999
2026-10-10,1,wk inc rsv prop ed visits,2026-10-17,31,quantile,0.95,0.0023999999999999994
2026-10-10,1,wk inc rsv prop ed visits,2026-10-17,31,quantile,0.975,0.0029983439834398383
2026-10-10,1,wk inc rsv prop ed visits,2026-10-17,31,quantile,0.99,0.003834798967989683
2026-10-10,1,wk inc rsv prop ed visits,2026-10-17,32,quantile,0.01,0
2026-10-10,1,wk inc rsv prop ed visits,2026-10-17,32,quantile,0.025,0
2026-10-10,1,wk inc rsv prop ed visits,2026-10-17,32,quantile,0.05,0
2026-10-10,1,wk inc rsv prop ed visits,2026-10-17,32,quantile,0.1,0
2026-10-10,1,wk inc rsv prop ed visits,2026-10-17,32,quantile,0.15,0
2026-10-10,1,wk inc rsv prop ed visits,2026-10-17,32,quantile,0.2,0
2026-10-10,1,wk inc rsv prop ed visits,2026-10-17,32,quantile,0.25,0
2026-10-10,1,wk inc rsv prop ed visits,2026-10-17,32,quantile,0.3,0
2026-10-10,1,wk inc rsv prop ed visits,2026-10-17,32,quantile,0.35,9.999999999999998e-5
2026-10-10,1,wk inc rsv prop ed visits,2026-10-17,32,quantile,0.4,9.999999999999999e-5
2026-10-10,1,wk inc rsv prop ed visits,2026-10-17,32,quantile,0.45,1.9999999999999998e-4
2026-10-10,1,wk inc rsv prop ed visits,2026-10-17,32,quantile,0.5,2e-4
2026-10-10,1,wk inc rsv prop ed visits,2026-10-17,32,quantile,0.55,3.0000000000000003e-4
2026-10-10,1,wk inc rsv prop ed visits,2026-10-17,32,quantile,0.6,3.726553265532631e-4
2026-10-10,1,wk inc rsv prop ed visits,2026-10-17,32,quantile,0.65,4.000000000000005e-4
2026-10-10,1,wk inc rsv prop ed visits,2026-10-17,32,quantile,0.7,5.999999999999998e-4
2026-10-10,1,wk inc rsv prop ed visits,2026-10-17,32,quantile,0.75,7.000000000000002e-4
2026-10-10,1,wk inc rsv prop ed visits,2026-10-17,32,quantile,0.8,9.002484024840233e-4
2026-10-10,1,wk inc rsv prop ed visits,2026-10-17,32,quantile,0.85,0.0012000000000000005
2026-10-10,1,wk inc rsv prop ed visits,2026-10-17,32,quantile,0.9,0.0017386301863018669
2026-10-10,1,wk inc rsv prop ed visits,2026-10-17,32,quantile,0.95,0.0025105689556895417
2026-10-10,1,wk inc rsv prop ed visits,2026-10-17,32,quantile,0.975,0.0030043440434404313
2026-10-10,1,wk inc rsv prop ed visits,2026-10-17,32,quantile,0.99,0.0035979277892779
2026-10-10,1,wk inc rsv prop ed visits,2026-10-17,33,quantile,0.01,0
2026-10-10,1,wk inc rsv prop ed visits,2026-10-17,33,quantile,0.025,0
2026-10-10,1,wk inc rsv prop ed visits,2026-10-17,33,quantile,0.05,0
2026-10-10,1,wk inc rsv prop ed visits,2026-10-17,33,quantile,0.1,0
2026-10-10,1,wk inc rsv prop ed visits,2026-10-17,33,quantile,0.15,0
2026-10-10,1,wk inc rsv prop ed visits,2026-10-17,33,quantile,0.2,0
2026-10-10,1,wk inc rsv prop ed visits,2026-10-17,33,quantile,0.25,0
2026-10-10,1,wk inc rsv prop ed visits,2026-10-17,33,quantile,0.3,0
2026-10-10,1,wk inc rsv prop ed visits,2026-10-17,33,quantile,0.35,0
2026-10-10,1,wk inc rsv prop ed visits,2026-10-17,33,quantile,0.4,0
2026-10-10,1,wk inc rsv prop ed visits,2026-10-17,33,quantile,0.45,0
2026-10-10,1,wk inc rsv prop ed visits,2026-10-17,33,quantile,0.5,0
2026-10-10,1,wk inc rsv prop ed visits,2026-10-17,33,quantile,0.55,1e-4
2026-10-10,1,wk inc rsv prop ed visits,2026-10-17,33,quantile,0.6,1.9999999999999998e-4
2026-10-10,1,wk inc rsv prop ed visits,2026-10-17,33,quantile,0.65,3.4889658896589256e-4
2026-10-10,1,wk inc rsv prop ed visits,2026-10-17,33,quantile,0.7,5.000000000000001e-4
2026-10-10,1,wk inc rsv prop ed visits,2026-10-17,33,quantile,0.75,7.932889328893282e-4
2026-10-10,1,wk inc rsv prop ed visits,2026-10-17,33,quantile,0.8,0.0010000000000000002
2026-10-10,1,wk inc rsv prop ed visits,2026-10-17,33,quantile,0.85,0.0014999999999999998
2026-10-10,1,wk inc rsv prop ed visits,2026-10-17,33,quantile,0.9,0.0021271532715327174
2026-10-10,1,wk inc rsv prop ed visits,2026-10-17,33,quantile,0.95,0.0035933519335193355
2026-10-10,1,wk inc rsv prop ed visits,2026-10-17,33,quantile,0.975,0.004599999999999999
2026-10-10,1,wk inc rsv prop ed visits,2026-10-17,33,quantile,0.99,0.005400010440104396
2026-10-10,1,wk inc rsv prop ed visits,2026-10-17,34,quantile,0.01,0
2026-10-10,1,wk inc rsv prop ed visits,2026-10-17,34,quantile,0.025,0
2026-10-10,1,wk inc rsv prop ed visits,2026-10-17,34,quantile,0.05,0
2026-10-10,1,wk inc rsv prop ed visits,2026-10-17,34,quantile,0.1,0
2026-10-10,1,wk inc rsv prop ed visits,2026-10-17,34,quantile,0.15,0
2026-10-10,1,wk inc rsv prop ed visits,2026-10-17,34,quantile,0.2,0
2026-10-10,1,wk inc rsv prop ed visits,2026-10-17,34,quantile,0.25,1e-4
2026-10-10,1,wk inc rsv prop ed visits,2026-10-17,34,quantile,0.3,1.9999999999999998e-4
2026-10-10,1,wk inc rsv prop ed visits,2026-10-17,34,quantile,0.35,2.9999999999999976e-4
2026-10-10,1,wk inc rsv prop ed visits,2026-10-17,34,quantile,0.4,3.0000000000000003e-4
2026-10-10,1,wk inc rsv prop ed visits,2026-10-17,34,quantile,0.45,3.9999999999999996e-4
2026-10-10,1,wk inc rsv prop ed visits,2026-10-17,34,quantile,0.5,4e-4
2026-10-10,1,wk inc rsv prop ed visits,2026-10-17,34,quantile,0.55,4.999999999999998e-4
2026-10-10,1,wk inc rsv prop ed visits,2026-10-17,34,quantile,0.6,5e-4
2026-10-10,1,wk inc rsv prop ed visits,2026-10-17,34,quantile,0.65,6.000000000000001e-4
2026-10-10,1,wk inc rsv prop ed visits,2026-10-17,34,quantile,0.7,6.999999999999999e-4
2026-10-10,1,wk inc rsv prop ed visits,2026-10-17,34,quantile,0.75,8e-4
2026-10-10,1,wk inc rsv prop ed visits,2026-10-17,34,quantile,0.8,9.999999999999998e-4
2026-10-10,1,wk inc rsv prop ed visits,2026-10-17,34,quantile,0.85,0.001299999999999999
2026-10-10,1,wk inc rsv prop ed visits,2026-10-17,34,quantile,0.9,0.0015999999999999996
2026-10-10,1,wk inc rsv prop ed visits,2026-10-17,34,quantile,0.95,0.0021999999999999997
2026-10-10,1,wk inc rsv prop ed visits,2026-10-17,34,quantile,0.975,0.0027549294242942292
2026-10-10,1,wk inc rsv prop ed visits,2026-10-17,34,quantile,0.99,0.0032
2026-10-10,1,wk inc rsv prop ed visits,2026-10-17,35,quantile,0.01,0
2026-10-10,1,wk inc rsv prop ed visits,2026-10-17,35,quantile,0.025,0
2026-10-10,1,wk inc rsv prop ed visits,2026-10-17,35,quantile,0.05,0
2026-10-10,1,wk inc rsv prop ed visits,2026-10-17,35,quantile,0.1,0
2026-10-10,1,wk inc rsv prop ed visits,2026-10-17,35,quantile,0.15,0
2026-10-10,1,wk inc rsv prop ed visits,2026-10-17,35,quantile,0.2,0
2026-10-10,1,wk inc rsv prop ed visits,2026-10-17,35,quantile,0.25,0
2026-10-10,1,wk inc rsv prop ed visits,2026-10-17,35,quantile,0.3,1e-4
2026-10-10,1,wk inc rsv prop ed visits,2026-10-17,35,quantile,0.35,2e-4
2026-10-10,1,wk inc rsv prop ed visits,2026-10-17,35,quantile,0.4,3.0000000000000003e-4
2026-10-10,1,wk inc rsv prop ed visits,2026-10-17,35,quantile,0.45,3.9999999999999996e-4
2026-10-10,1,wk inc rsv prop ed visits,2026-10-17,35,quantile,0.5,4e-4
2026-10-10,1,wk inc rsv prop ed visits,2026-10-17,35,quantile,0.55,5e-4
2026-10-10,1,wk inc rsv prop ed visits,2026-10-17,35,quantile,0.6,6.000000000000001e-4
2026-10-10,1,wk inc rsv prop ed visits,2026-10-17,35,quantile,0.65,7.000000000000001e-4
2026-10-10,1,wk inc rsv prop ed visits,2026-10-17,35,quantile,0.7,9.000000000000002e-4
2026-10-10,1,wk inc rsv prop ed visits,2026-10-17,35,quantile,0.75,0.0012000000000000001
2026-10-10,1,wk inc rsv prop ed visits,2026-10-17,35,quantile,0.8,0.001599999999999999
2026-10-10,1,wk inc rsv prop ed visits,2026-10-17,35,quantile,0.85,0.0022844302943029328
2026-10-10,1,wk inc rsv prop ed visits,2026-10-17,35,quantile,0.9,0.0032280931809318147
2026-10-10,1,wk inc rsv prop ed visits,2026-10-17,35,quantile,0.95,0.004686244262442613
2026-10-10,1,wk inc rsv prop ed visits,2026-10-17,35,quantile,0.975,0.00674242507425071
2026-10-10,1,wk inc rsv prop ed visits,2026-10-17,35,quantile,0.99,0.009391062370623683
2026-10-10,1,wk inc rsv prop ed visits,2026-10-17,36,quantile,0.01,0
2026-10-10,1,wk inc rsv prop ed visits,2026-10-17,36,quantile,0.025,0
2026-10-10,1,wk inc rsv prop ed visits,2026-10-17,36,quantile,0.05,0
2026-10-10,1,wk inc rsv prop ed visits,2026-10-17,36,quantile,0.1,0
2026-10-10,1,wk inc rsv prop ed visits,2026-10-17,36,quantile,0.15,0
2026-10-10,1,wk inc rsv prop ed visits,2026-10-17,36,quantile,0.2,0
2026-10-10,1,wk inc rsv prop ed visits,2026-10-17,36,quantile,0.25,0
2026-10-10,1,wk inc rsv prop ed visits,2026-10-17,36,quantile,0.3,5.006390063900596e-5
2026-10-10,1,wk inc rsv prop ed visits,2026-10-17,36,quantile,0.35,1e-4
2026-10-10,1,wk inc rsv prop ed visits,2026-10-17,36,quantile,0.4,1.54136741367416e-4
2026-10-10,1,wk inc rsv prop ed visits,2026-10-17,36,quantile,0.45,2e-4
2026-10-10,1,wk inc rsv prop ed visits,2026-10-17,36,quantile,0.5,2e-4
2026-10-10,1,wk inc rsv prop ed visits,2026-10-17,36,quantile,0.55,2.0000000000000012e-4
2026-10-10,1,wk inc rsv prop ed visits,2026-10-17,36,quantile,0.6,3.0000000000000003e-4
2026-10-10,1,wk inc rsv prop ed visits,2026-10-17,36,quantile,0.65,3.9999999999999975e-4
2026-10-10,1,wk inc rsv prop ed visits,2026-10-17,36,quantile,0.7,4.499135991359865e-4
2026-10-10,1,wk inc rsv prop ed visits,2026-10-17,36,quantile,0.75,5.999999999999993e-4
2026-10-10,1,wk inc rsv prop ed visits,2026-10-17,36,quantile,0.8,7e-4
2026-10-10,1,wk inc rsv prop ed visits,2026-10-17,36,quantile,0.85,8.999999999999999e-4
2026-10-10,1,wk inc rsv prop ed visits,2026-10-17,36,quantile,0.9,0.0011349560495604984
2026-10-10,1,wk inc rsv prop ed visits,2026-10-17,36,quantile,0.95,0.0017000000000000006
2026-10-10,1,wk inc rsv prop ed visits,2026-10-17,36,quantile,0.975,0.0022
2026-10-10,1,wk inc rsv prop ed visits,2026-10-17,36,quantile,0.99,0.002834120061200608
2026-10-10,1,wk inc rsv prop ed visits,2026-10-17,37,quantile,0.01,0
2026-10-10,1,wk inc rsv prop ed visits,2026-10-17,37,quantile,0.025,0
2026-10-10,1,wk inc rsv prop ed visits,2026-10-17,37,quantile,0.05,0
2026-10-10,1,wk inc rsv prop ed visits,2026-10-17,37,quantile,0.1,0
2026-10-10,1,wk inc rsv prop ed visits,2026-10-17,37,quantile,0.15,0
2026-10-10,1,wk inc rsv prop ed visits,2026-10-17,37,quantile,0.2,0
2026-10-10,1,wk inc rsv prop ed visits,2026-10-17,37,quantile,0.25,9.999999999999972e-5
2026-10-10,1,wk inc rsv prop ed visits,2026-10-17,37,quantile,0.3,1.6513935139351324e-4
2026-10-10,1,wk inc rsv prop ed visits,2026-10-17,37,quantile,0.35,2.000000000000002e-4
2026-10-10,1,wk inc rsv prop ed visits,2026-10-17,37,quantile,0.4,3.0000000000000003e-4
2026-10-10,1,wk inc rsv prop ed visits,2026-10-17,37,quantile,0.45,3.9999999999999996e-4
2026-10-10,1,wk inc rsv prop ed visits,2026-10-17,37,quantile,0.5,4e-4
2026-10-10,1,wk inc rsv prop ed visits,2026-10-17,37,quantile,0.55,5e-4
2026-10-10,1,wk inc rsv prop ed visits,2026-10-17,37,quantile,0.6,5.000000000000001e-4
2026-10-10,1,wk inc rsv prop ed visits,2026-10-17,37,quantile,0.65,6.000000000000001e-4
2026-10-10,1,wk inc rsv prop ed visits,2026-10-17,37,quantile,0.7,7.142099420994203e-4
2026-10-10,1,wk inc rsv prop ed visits,2026-10-17,37,quantile,0.75,9.640648906489037e-4
2026-10-10,1,wk inc rsv prop ed visits,2026-10-17,37,quantile,0.8,0.0012000000000000001
2026-10-10,1,wk inc rsv prop ed visits,2026-10-17,37,quantile,0.85,0.0015
2026-10-10,1,wk inc rsv prop ed visits,2026-10-17,37,quantile,0.9,0.001999999999999999
2026-10-10,1,wk inc rsv prop ed visits,2026-10-17,37,quantile,0.95,0.002786117061170605
2026-10-10,1,wk inc rsv prop ed visits,2026-10-17,37,quantile,0.975,0.003599999999999999
2026-10-10,1,wk inc rsv prop ed visits,2026-10-17,37,quantile,0.99,0.004982525455254542
2026-10-10,1,wk inc rsv prop ed visits,2026-10-17,38,quantile,0.01,0
2026-10-10,1,wk inc rsv prop ed visits,2026-10-17,38,quantile,0.025,0
2026-10-10,1,wk inc rsv prop ed visits,2026-10-17,38,quantile,0.05,0
2026-10-10,1,wk inc rsv prop ed visits,2026-10-17,38,quantile,0.1,0
2026-10-10,1,wk inc rsv prop ed visits,2026-10-17,38,quantile,0.15,0
2026-10-10,1,wk inc rsv prop ed visits,2026-10-17,38,quantile,0.2,0
2026-10-10,1,wk inc rsv prop ed visits,2026-10-17,38,quantile,0.25,2e-4
2026-10-10,1,wk inc rsv prop ed visits,2026-10-17,38,quantile,0.3,3.0000000000000014e-4
2026-10-10,1,wk inc rsv prop ed visits,2026-10-17,38,quantile,0.35,4.0000000000000116e-4
2026-10-10,1,wk inc rsv prop ed visits,2026-10-17,38,quantile,0.4,5.000000000000003e-4
2026-10-10,1,wk inc rsv prop ed visits,2026-10-17,38,quantile,0.45,6.999999999999992e-4
2026-10-10,1,wk inc rsv prop ed visits,2026-10-17,38,quantile,0.5,7.000000000000001e-4
2026-10-10,1,wk inc rsv prop ed visits,2026-10-17,38,quantile,0.55,8.000000000000001e-4
2026-10-10,1,wk inc rsv prop ed visits,2026-10-17,38,quantile,0.6,9.000000000000001e-4
2026-10-10,1,wk inc rsv prop ed visits,2026-10-17,38,quantile,0.65,0.001
2026-10-10,1,wk inc rsv prop ed visits,2026-10-17,38,quantile,0.7,0.0011999999999999997
2026-10-10,1,wk inc rsv prop ed visits,2026-10-17,38,quantile,0.75,0.0014000000000000002
2026-10-10,1,wk inc rsv prop ed visits,2026-10-17,38,quantile,0.8,0.0017000000000000001
2026-10-10,1,wk inc rsv prop ed visits,2026-10-17,38,quantile,0.85,0.0021000000000000003
2026-10-10,1,wk inc rsv prop ed visits,2026-10-17,38,quantile,0.9,0.0027
2026-10-10,1,wk inc rsv prop ed visits,2026-10-17,38,quantile,0.95,0.0043979008790087796
2026-10-10,1,wk inc rsv prop ed visits,2026-10-17,38,quantile,0.975,0.006470033825338237
2026-10-10,1,wk inc rsv prop ed visits,2026-10-17,38,quantile,0.99,0.007992206552065518
2026-10-10,1,wk inc rsv prop ed visits,2026-10-17,39,quantile,0.01,0
2026-10-10,1,wk inc rsv prop ed visits,2026-10-17,39,quantile,0.025,0
2026-10-10,1,wk inc rsv prop ed visits,2026-10-17,39,quantile,0.05,0
2026-10-10,1,wk inc rsv prop ed visits,2026-10-17,39,quantile,0.1,0
2026-10-10,1,wk inc rsv prop ed visits,2026-10-17,39,quantile,0.15,0
2026-10-10,1,wk inc rsv prop ed visits,2026-10-17,39,quantile,0.2,0
2026-10-10,1,wk inc rsv prop ed visits,2026-10-17,39,quantile,0.25,0
2026-10-10,1,wk inc rsv prop ed visits,2026-10-17,39,quantile,0.3,0
2026-10-10,1,wk inc rsv prop ed visits,2026-10-17,39,quantile,0.35,0
2026-10-10,1,wk inc rsv prop ed visits,2026-10-17,39,quantile,0.4,9.999999999999999e-5
2026-10-10,1,wk inc rsv prop ed visits,2026-10-17,39,quantile,0.45,1e-4
2026-10-10,1,wk inc rsv prop ed visits,2026-10-17,39,quantile,0.5,1e-4
2026-10-10,1,wk inc rsv prop ed visits,2026-10-17,39,quantile,0.55,1.9999999999999998e-4
2026-10-10,1,wk inc rsv prop ed visits,2026-10-17,39,quantile,0.6,2e-4
2026-10-10,1,wk inc rsv prop ed visits,2026-10-17,39,quantile,0.65,2.999999999999999e-4
2026-10-10,1,wk inc rsv prop ed visits,2026-10-17,39,quantile,0.7,3.999999999999999e-4
2026-10-10,1,wk inc rsv prop ed visits,2026-10-17,39,quantile,0.75,5e-4
2026-10-10,1,wk inc rsv prop ed visits,2026-10-17,39,quantile,0.8,6.075090750907569e-4
2026-10-10,1,wk inc rsv prop ed visits,2026-10-17,39,quantile,0.85,9.000000000000001e-4
2026-10-10,1,wk inc rsv prop ed visits,2026-10-17,39,quantile,0.9,0.0011999999999999992
2026-10-10,1,wk inc rsv prop ed visits,2026-10-17,39,quantile,0.95,0.0019445813458134561
2026-10-10,1,wk inc rsv prop ed visits,2026-10-17,39,quantile,0.975,0.002484025965259648
2026-10-10,1,wk inc rsv prop ed visits,2026-10-17,39,quantile,0.99,0.0031591584015840104
2026-10-10,1,wk inc rsv prop ed visits,2026-10-17,40,quantile,0.01,0
2026-10-10,1,wk inc rsv prop ed visits,2026-10-17,40,quantile,0.025,0
2026-10-10,1,wk inc rsv prop ed visits,2026-10-17,40,quantile,0.05,0
2026-10-10,1,wk inc rsv prop ed visits,2026-10-17,40,quantile,0.1,0
2026-10-10,1,wk inc rsv prop ed visits,2026-10-17,40,quantile,0.15,0
2026-10-10,1,wk inc rsv prop ed visits,2026-10-17,40,quantile,0.2,0
2026-10-10,1,wk inc rsv prop ed visits,2026-10-17,40,quantile,0.25,0
2026-10-10,1,wk inc rsv prop ed visits,2026-10-17,40,quantile,0.3,4.296151108473417e-19
2026-10-10,1,wk inc rsv prop ed visits,2026-10-17,40,quantile,0.35,9.999999999999984e-5
2026-10-10,1,wk inc rsv prop ed visits,2026-10-17,40,quantile,0.4,1.9999999999999982e-4
2026-10-10,1,wk inc rsv prop ed visits,2026-10-17,40,quantile,0.45,2.9999999999999976e-4
2026-10-10,1,wk inc rsv prop ed visits,2026-10-17,40,quantile,0.5,3e-4
2026-10-10,1,wk inc rsv prop ed visits,2026-10-17,40,quantile,0.55,3.9999999999999986e-4
2026-10-10,1,wk inc rsv prop ed visits,2026-10-17,40,quantile,0.6,4.999999999999998e-4
2026-10-10,1,wk inc rsv prop ed visits,2026-10-17,40,quantile,0.65,5.999999999999998e-4
2026-10-10,1,wk inc rsv prop ed visits,2026-10-17,40,quantile,0.7,7.532808328083267e-4
2026-10-10,1,wk inc rsv prop ed visits,2026-10-17,40,quantile,0.75,9.650069000690025e-4
2026-10-10,1,wk inc rsv prop ed visits,2026-10-17,40,quantile,0.8,0.0012999999999999997
2026-10-10,1,wk inc rsv prop ed visits,2026-10-17,40,quantile,0.85,0.0017000000000000001
2026-10-10,1,wk inc rsv prop ed visits,2026-10-17,40,quantile,0.9,0.0022
2026-10-10,1,wk inc rsv prop ed visits,2026-10-17,40,quantile,0.95,0.0030120391203912055
2026-10-10,1,wk inc rsv prop ed visits,2026-10-17,40,quantile,0.975,0.003952905304053038
2026-10-10,1,wk inc rsv prop ed visits,2026-10-17,40,quantile,0.99,0.004767404374043737
2026-10-10,1,wk inc rsv prop ed visits,2026-10-17,41,quantile,0.01,0
2026-10-10,1,wk inc rsv prop ed visits,2026-10-17,41,quantile,0.025,0
2026-10-10,1,wk inc rsv prop ed visits,2026-10-17,41,quantile,0.05,0
2026-10-10,1,wk inc rsv prop ed visits,2026-10-17,41,quantile,0.1,0
2026-10-10,1,wk inc rsv prop ed visits,2026-10-17,41,quantile,0.15,0
2026-10-10,1,wk inc rsv prop ed visits,2026-10-17,41,quantile,0.2,0
2026-10-10,1,wk inc rsv prop ed visits,2026-10-17,41,quantile,0.25,0
2026-10-10,1,wk inc rsv prop ed visits,2026-10-17,41,quantile,0.3,0
2026-10-10,1,wk inc rsv prop ed visits,2026-10-17,41,quantile,0.35,0
2026-10-10,1,wk inc rsv prop ed visits,2026-10-17,41,quantile,0.4,0
2026-10-10,1,wk inc rsv prop ed visits,2026-10-17,41,quantile,0.45,0
2026-10-10,1,wk inc rsv prop ed visits,2026-10-17,41,quantile,0.5,0
2026-10-10,1,wk inc rsv prop ed visits,2026-10-17,41,quantile,0.55,0
2026-10-10,1,wk inc rsv prop ed visits,2026-10-17,41,quantile,0.6,1e-4
2026-10-10,1,wk inc rsv prop ed visits,2026-10-17,41,quantile,0.65,1.9999999999999987e-4
2026-10-10,1,wk inc rsv prop ed visits,2026-10-17,41,quantile,0.7,2.999999999999999e-4
2026-10-10,1,wk inc rsv prop ed visits,2026-10-17,41,quantile,0.75,4.999999999999998e-4
2026-10-10,1,wk inc rsv prop ed visits,2026-10-17,41,quantile,0.8,7.22199621996221e-4
2026-10-10,1,wk inc rsv prop ed visits,2026-10-17,41,quantile,0.85,0.0010999999999999996
2026-10-10,1,wk inc rsv prop ed visits,2026-10-17,41,quantile,0.9,0.0014148075480754881
2026-10-10,1,wk inc rsv prop ed visits,2026-10-17,41,quantile,0.95,0.00245596135961359
2026-10-10,1,wk inc rsv prop ed visits,2026-10-17,41,quantile,0.975,0.0029430447304473087
2026-10-10,1,wk inc rsv prop ed visits,2026-10-17,41,quantile,0.99,0.003599999999999999
2026-10-10,1,wk inc rsv prop ed visits,2026-10-17,42,quantile,0.01,0
2026-10-10,1,wk inc rsv prop ed visits,2026-10-17,42,quantile,0.025,0
2026-10-10,1,wk inc rsv prop ed visits,2026-10-17,42,quantile,0.05,0
2026-10-10,1,wk inc rsv prop ed visits,2026-10-17,42,quantile,0.1,0
2026-10-10,1,wk inc rsv prop ed visits,2026-10-17,42,quantile,0.15,0
2026-10-10,1,wk inc rsv prop ed visits,2026-10-17,42,quantile,0.2,0
2026-10-10,1,wk inc rsv prop ed visits,2026-10-17,42,quantile,0.25,0
2026-10-10,1,wk inc rsv prop ed visits,2026-10-17,42,quantile,0.3,0
2026-10-10,1,wk inc rsv prop ed visits,2026-10-17,42,quantile,0.35,0
2026-10-10,1,wk inc rsv prop ed visits,2026-10-17,42,quantile,0.4,9.999999999999998e-5
2026-10-10,1,wk inc rsv prop ed visits,2026-10-17,42,quantile,0.45,1e-4
2026-10-10,1,wk inc rsv prop ed visits,2026-10-17,42,quantile,0.5,1e-4
2026-10-10,1,wk inc rsv prop ed visits,2026-10-17,42,quantile,0.55,1.9999999999999982e-4
2026-10-10,1,wk inc rsv prop ed visits,2026-10-17,42,quantile,0.6,2e-4
2026-10-10,1,wk inc rsv prop ed visits,2026-10-17,42,quantile,0.65,2.999999999999999e-4
2026-10-10,1,wk inc rsv prop ed visits,2026-10-17,42,quantile,0.7,3.999999999999999e-4
2026-10-10,1,wk inc rsv prop ed visits,2026-10-17,42,quantile,0.75,5.000000000000004e-4
2026-10-10,1,wk inc rsv prop ed visits,2026-10-17,42,quantile,0.8,7.000000000000003e-4
2026-10-10,1,wk inc rsv prop ed visits,2026-10-17,42,quantile,0.85,9.048955989559864e-4
2026-10-10,1,wk inc rsv prop ed visits,2026-10-17,42,quantile,0.9,0.0012999999999999989
2026-10-10,1,wk inc rsv prop ed visits,2026-10-17,42,quantile,0.95,0.0022
2026-10-10,1,wk inc rsv prop ed visits,2026-10-17,42,quantile,0.975,0.002805106351063505
2026-10-10,1,wk inc rsv prop ed visits,2026-10-17,42,quantile,0.99,0.0033
2026-10-10,1,wk inc rsv prop ed visits,2026-10-17,44,quantile,0.01,0
2026-10-10,1,wk inc rsv prop ed visits,2026-10-17,44,quantile,0.025,0
2026-10-10,1,wk inc rsv prop ed visits,2026-10-17,44,quantile,0.05,0
2026-10-10,1,wk inc rsv prop ed visits,2026-10-17,44,quantile,0.1,0
2026-10-10,1,wk inc rsv prop ed visits,2026-10-17,44,quantile,0.15,0
2026-10-10,1,wk inc rsv prop ed visits,2026-10-17,44,quantile,0.2,0
2026-10-10,1,wk inc rsv prop ed visits,2026-10-17,44,quantile,0.25,0
2026-10-10,1,wk inc rsv prop ed visits,2026-10-17,44,quantile,0.3,0
2026-10-10,1,wk inc rsv prop ed visits,2026-10-17,44,quantile,0.35,0
2026-10-10,1,wk inc rsv prop ed visits,2026-10-17,44,quantile,0.4,0
2026-10-10,1,wk inc rsv prop ed visits,2026-10-17,44,quantile,0.45,0
2026-10-10,1,wk inc rsv prop ed visits,2026-10-17,44,quantile,0.5,0
2026-10-10,1,wk inc rsv prop ed visits,2026-10-17,44,quantile,0.55,9.999999999999987e-5
2026-10-10,1,wk inc rsv prop ed visits,2026-10-17,44,quantile,0.6,1e-4
2026-10-10,1,wk inc rsv prop ed visits,2026-10-17,44,quantile,0.65,2.0000000000000004e-4
2026-10-10,1,wk inc rsv prop ed visits,2026-10-17,44,quantile,0.7,3.000000000000001e-4
2026-10-10,1,wk inc rsv prop ed visits,2026-10-17,44,quantile,0.75,5e-4
2026-10-10,1,wk inc rsv prop ed visits,2026-10-17,44,quantile,0.8,7.999999999999998e-4
2026-10-10,1,wk inc rsv prop ed visits,2026-10-17,44,quantile,0.85,0.0012000000000000005
2026-10-10,1,wk inc rsv prop ed visits,2026-10-17,44,quantile,0.9,0.0018000000000000006
2026-10-10,1,wk inc rsv prop ed visits,2026-10-17,44,quantile,0.95,0.002700000000000001
2026-10-10,1,wk inc rsv prop ed visits,2026-10-17,44,quantile,0.975,0.0033283295832958236
2026-10-10,1,wk inc rsv prop ed visits,2026-10-17,44,quantile,0.99,0.003857469744697447
2026-10-10,1,wk inc rsv prop ed visits,2026-10-17,45,quantile,0.01,0
2026-10-10,1,wk inc rsv prop ed visits,2026-10-17,45,quantile,0.025,0
2026-10-10,1,wk inc rsv prop ed visits,2026-10-17,45,quantile,0.05,0
2026-10-10,1,wk inc rsv prop ed visits,2026-10-17,45,quantile,0.1,0
2026-10-10,1,wk inc rsv prop ed visits,2026-10-17,45,quantile,0.15,0
2026-10-10,1,wk inc rsv prop ed visits,2026-10-17,45,quantile,0.2,9.999999999999994e-5
2026-10-10,1,wk inc rsv prop ed visits,2026-10-17,45,quantile,0.25,1.9999999999999998e-4
2026-10-10,1,wk inc rsv prop ed visits,2026-10-17,45,quantile,0.3,3.0000000000000003e-4
2026-10-10,1,wk inc rsv prop ed visits,2026-10-17,45,quantile,0.35,3.9999999999999996e-4
2026-10-10,1,wk inc rsv prop ed visits,2026-10-17,45,quantile,0.4,4.999999999999999e-4
2026-10-10,1,wk inc rsv prop ed visits,2026-10-17,45,quantile,0.45,5.000000000000003e-4
2026-10-10,1,wk inc rsv prop ed visits,2026-10-17,45,quantile,0.5,6e-4
2026-10-10,1,wk inc rsv prop ed visits,2026-10-17,45,quantile,0.55,6.999999999999999e-4
2026-10-10,1,wk inc rsv prop ed visits,2026-10-17,45,quantile,0.6,7.000000000000005e-4
2026-10-10,1,wk inc rsv prop ed visits,2026-10-17,45,quantile,0.65,8e-4
2026-10-10,1,wk inc rsv prop ed visits,2026-10-17,45,quantile,0.7,9e-4
2026-10-10,1,wk inc rsv prop ed visits,2026-10-17,45,quantile,0.75,0.0010000000000000009
2026-10-10,1,wk inc rsv prop ed visits,2026-10-17,45,quantile,0.8,0.0012000000000000001
2026-10-10,1,wk inc rsv prop ed visits,2026-10-17,45,quantile,0.85,0.0014999999999999996
2026-10-10,1,wk inc rsv prop ed visits,2026-10-17,45,quantile,0.9,0.0018100558005580095
2026-10-10,1,wk inc rsv prop ed visits,2026-10-17,45,quantile,0.95,0.0025000000000000014
2026-10-10,1,wk inc rsv prop ed visits,2026-10-17,45,quantile,0.975,0.003000000000000001
2026-10-10,1,wk inc rsv prop ed visits,2026-10-17,45,quantile,0.99,0.0037553129931299245
2026-10-10,1,wk inc rsv prop ed visits,2026-10-17,46,quantile,0.01,0
2026-10-10,1,wk inc rsv prop ed visits,2026-10-17,46,quantile,0.025,0
2026-10-10,1,wk inc rsv prop ed visits,2026-10-17,46,quantile,0.05,0
2026-10-10,1,wk inc rsv prop ed visits,2026-10-17,46,quantile,0.1,0
2026-10-10,1,wk inc rsv prop ed visits,2026-10-17,46,quantile,0.15,0
2026-10-10,1,wk inc rsv prop ed visits,2026-10-17,46,quantile,0.2,0
2026-10-10,1,wk inc rsv prop ed visits,2026-10-17,46,quantile,0.25,0
2026-10-10,1,wk inc rsv prop ed visits,2026-10-17,46,quantile,0.3,0
2026-10-10,1,wk inc rsv prop ed visits,2026-10-17,46,quantile,0.35,9.999999999999986e-5
2026-10-10,1,wk inc rsv prop ed visits,2026-10-17,46,quantile,0.4,1.999999999999999e-4
2026-10-10,1,wk inc rsv prop ed visits,2026-10-17,46,quantile,0.45,2.9999999999999987e-4
2026-10-10,1,wk inc rsv prop ed visits,2026-10-17,46,quantile,0.5,3e-4
2026-10-10,1,wk inc rsv prop ed visits,2026-10-17,46,quantile,0.55,4.999999999999998e-4
2026-10-10,1,wk inc rsv prop ed visits,2026-10-17,46,quantile,0.6,5.999999999999998e-4
2026-10-10,1,wk inc rsv prop ed visits,2026-10-17,46,quantile,0.65,7.000000000000006e-4
2026-10-10,1,wk inc rsv prop ed visits,2026-10-17,46,quantile,0.7,9.000000000000013e-4
2026-10-10,1,wk inc rsv prop ed visits,2026-10-17,46,quantile,0.75,0.0012000000000000001
2026-10-10,1,wk inc rsv prop ed visits,2026-10-17,46,quantile,0.8,0.0015999999999999994
2026-10-10,1,wk inc rsv prop ed visits,2026-10-17,46,quantile,0.85,0.002
2026-10-10,1,wk inc rsv prop ed visits,2026-10-17,46,quantile,0.9,0.002733852638526386
2026-10-10,1,wk inc rsv prop ed visits,2026-10-17,46,quantile,0.95,0.0037053375033750256
2026-10-10,1,wk inc rsv prop ed visits,2026-10-17,46,quantile,0.975,0.004440543980439805
2026-10-10,1,wk inc rsv prop ed visits,2026-10-17,46,quantile,0.99,0.0052
2026-10-10,1,wk inc rsv prop ed visits,2026-10-17,47,quantile,0.01,0
2026-10-10,1,wk inc rsv prop ed visits,2026-10-17,47,quantile,0.025,0
2026-10-10,1,wk inc rsv prop ed visits,2026-10-17,47,quantile,0.05,0
2026-10-10,1,wk inc rsv prop ed visits,2026-10-17,47,quantile,0.1,0
2026-10-10,1,wk inc rsv prop ed visits,2026-10-17,47,quantile,0.15,0
2026-10-10,1,wk inc rsv prop ed visits,2026-10-17,47,quantile,0.2,0
2026-10-10,1,wk inc rsv prop ed visits,2026-10-17,47,quantile,0.25,1.0000000000000005e-4
2026-10-10,1,wk inc rsv prop ed visits,2026-10-17,47,quantile,0.3,2.000000000000001e-4
2026-10-10,1,wk inc rsv prop ed visits,2026-10-17,47,quantile,0.35,3.0000000000000003e-4
2026-10-10,1,wk inc rsv prop ed visits,2026-10-17,47,quantile,0.4,3.9999999999999996e-4
2026-10-10,1,wk inc rsv prop ed visits,2026-10-17,47,quantile,0.45,4.999999999999987e-4
2026-10-10,1,wk inc rsv prop ed visits,2026-10-17,47,quantile,0.5,5e-4
2026-10-10,1,wk inc rsv prop ed visits,2026-10-17,47,quantile,0.55,6e-4
2026-10-10,1,wk inc rsv prop ed visits,2026-10-17,47,quantile,0.6,6.000000000000007e-4
2026-10-10,1,wk inc rsv prop ed visits,2026-10-17,47,quantile,0.65,7.000000000000001e-4
2026-10-10,1,wk inc rsv prop ed visits,2026-10-17,47,quantile,0.7,8.000000000000012e-4
2026-10-10,1,wk inc rsv prop ed visits,2026-10-17,47,quantile,0.75,0.0010000000000000002
2026-10-10,1,wk inc rsv prop ed visits,2026-10-17,47,quantile,0.8,0.0012000000000000001
2026-10-10,1,wk inc rsv prop ed visits,2026-10-17,47,quantile,0.85,0.0015867902679026788
2026-10-10,1,wk inc rsv prop ed visits,2026-10-17,47,quantile,0.9,0.002002498424984251
2026-10-10,1,wk inc rsv prop ed visits,2026-10-17,47,quantile,0.95,0.0025978401284012767
2026-10-10,1,wk inc rsv prop ed visits,2026-10-17,47,quantile,0.975,0.003119631596315958
2026-10-10,1,wk inc rsv prop ed visits,2026-10-17,47,quantile,0.99,0.0038262040020400146
2026-10-10,1,wk inc rsv prop ed visits,2026-10-17,48,quantile,0.01,0
2026-10-10,1,wk inc rsv prop ed visits,2026-10-17,48,quantile,0.025,0
2026-10-10,1,wk inc rsv prop ed visits,2026-10-17,48,quantile,0.05,0
2026-10-10,1,wk inc rsv prop ed visits,2026-10-17,48,quantile,0.1,0
2026-10-10,1,wk inc rsv prop ed visits,2026-10-17,48,quantile,0.15,0
2026-10-10,1,wk inc rsv prop ed visits,2026-10-17,48,quantile,0.2,1.9999999999999985e-4
2026-10-10,1,wk inc rsv prop ed visits,2026-10-17,48,quantile,0.25,3.9999999999999986e-4
2026-10-10,1,wk inc rsv prop ed visits,2026-10-17,48,quantile,0.3,5.000000000000006e-4
2026-10-10,1,wk inc rsv prop ed visits,2026-10-17,48,quantile,0.35,6.000000000000002e-4
2026-10-10,1,wk inc rsv prop ed visits,2026-10-17,48,quantile,0.4,7e-4
2026-10-10,1,wk inc rsv prop ed visits,2026-10-17,48,quantile,0.45,7.999999999999995e-4
2026-10-10,1,wk inc rsv prop ed visits,2026-10-17,48,quantile,0.5,8e-4
2026-10-10,1,wk inc rsv prop ed visits,2026-10-17,48,quantile,0.55,8.999999999999998e-4
2026-10-10,1,wk inc rsv prop ed visits,2026-10-17,48,quantile,0.6,9.000000000000001e-4
2026-10-10,1,wk inc rsv prop ed visits,2026-10-17,48,quantile,0.65,0.001
2026-10-10,1,wk inc rsv prop ed visits,2026-10-17,48,quantile,0.7,0.0011
2026-10-10,1,wk inc rsv prop ed visits,2026-10-17,48,quantile,0.75,0.0013
2026-10-10,1,wk inc rsv prop ed visits,2026-10-17,48,quantile,0.8,0.0015
2026-10-10,1,wk inc rsv prop ed visits,2026-10-17,48,quantile,0.85,0.0018000000000000013
2026-10-10,1,wk inc rsv prop ed visits,2026-10-17,48,quantile,0.9,0.0022303045030450308
2026-10-10,1,wk inc rsv prop ed visits,2026-10-17,48,quantile,0.95,0.002899999999999999
2026-10-10,1,wk inc rsv prop ed visits,2026-10-17,48,quantile,0.975,0.0035
2026-10-10,1,wk inc rsv prop ed visits,2026-10-17,48,quantile,0.99,0.004050716677166768
2026-10-10,1,wk inc rsv prop ed visits,2026-10-17,49,quantile,0.01,0
2026-10-10,1,wk inc rsv prop ed visits,2026-10-17,49,quantile,0.025,0
2026-10-10,1,wk inc rsv prop ed visits,2026-10-17,49,quantile,0.05,0
2026-10-10,1,wk inc rsv prop ed visits,2026-10-17,49,quantile,0.1,0
2026-10-10,1,wk inc rsv prop ed visits,2026-10-17,49,quantile,0.15,0
2026-10-10,1,wk inc rsv prop ed visits,2026-10-17,49,quantile,0.2,0
2026-10-10,1,wk inc rsv prop ed visits,2026-10-17,49,quantile,0.25,0
2026-10-10,1,wk inc rsv prop ed visits,2026-10-17,49,quantile,0.3,0
2026-10-10,1,wk inc rsv prop ed visits,2026-10-17,49,quantile,0.35,9.999999999999998e-5
2026-10-10,1,wk inc rsv prop ed visits,2026-10-17,49,quantile,0.4,9.999999999999999e-5
2026-10-10,1,wk inc rsv prop ed visits,2026-10-17,49,quantile,0.45,1.9999999999999998e-4
2026-10-10,1,wk inc rsv prop ed visits,2026-10-17,49,quantile,0.5,2e-4
2026-10-10,1,wk inc rsv prop ed visits,2026-10-17,49,quantile,0.55,3.0000000000000003e-4
2026-10-10,1,wk inc rsv prop ed visits,2026-10-17,49,quantile,0.6,3.9999999999999996e-4
2026-10-10,1,wk inc rsv prop ed visits,2026-10-17,49,quantile,0.65,4.999999999999998e-4
2026-10-10,1,wk inc rsv prop ed visits,2026-10-17,49,quantile,0.7,6.000000000000001e-4
2026-10-10,1,wk inc rsv prop ed visits,2026-10-17,49,quantile,0.75,8.644323943239437e-4
2026-10-10,1,wk inc rsv prop ed visits,2026-10-17,49,quantile,0.8,0.0012000000000000003
2026-10-10,1,wk inc rsv prop ed visits,2026-10-17,49,quantile,0.85,0.0017026001260012572
2026-10-10,1,wk inc rsv prop ed visits,2026-10-17,49,quantile,0.9,0.0024999999999999983
2026-10-10,1,wk inc rsv prop ed visits,2026-10-17,49,quantile,0.95,0.00375612681126811
2026-10-10,1,wk inc rsv prop ed visits,2026-10-17,49,quantile,0.975,0.005243314058140521
2026-10-10,1,wk inc rsv prop ed visits,2026-10-17,49,quantile,0.99,0.007051239192391922
2026-10-10,1,wk inc rsv prop ed visits,2026-10-17,50,quantile,0.01,0
2026-10-10,1,wk inc rsv prop ed visits,2026-10-17,50,quantile,0.025,0
2026-10-10,1,wk inc rsv prop ed visits,2026-10-17,50,quantile,0.05,0
2026-10-10,1,wk inc rsv prop ed visits,2026-10-17,50,quantile,0.1,0
2026-10-10,1,wk inc rsv prop ed visits,2026-10-17,50,quantile,0.15,0
2026-10-10,1,wk inc rsv prop ed visits,2026-10-17,50,quantile,0.2,0
2026-10-10,1,wk inc rsv prop ed visits,2026-10-17,50,quantile,0.25,0
2026-10-10,1,wk inc rsv prop ed visits,2026-10-17,50,quantile,0.3,0
2026-10-10,1,wk inc rsv prop ed visits,2026-10-17,50,quantile,0.35,0
2026-10-10,1,wk inc rsv prop ed visits,2026-10-17,50,quantile,0.4,0
2026-10-10,1,wk inc rsv prop ed visits,2026-10-17,50,quantile,0.45,0
2026-10-10,1,wk inc rsv prop ed visits,2026-10-17,50,quantile,0.5,0
2026-10-10,1,wk inc rsv prop ed visits,2026-10-17,50,quantile,0.55,9.999999999999996e-5
2026-10-10,1,wk inc rsv prop ed visits,2026-10-17,50,quantile,0.6,2e-4
2026-10-10,1,wk inc rsv prop ed visits,2026-10-17,50,quantile,0.65,3.0000000000000035e-4
2026-10-10,1,wk inc rsv prop ed visits,2026-10-17,50,quantile,0.7,5.551153511535072e-4
2026-10-10,1,wk inc rsv prop ed visits,2026-10-17,50,quantile,0.75,8e-4
2026-10-10,1,wk inc rsv prop ed visits,2026-10-17,50,quantile,0.8,0.001130210302103021
2026-10-10,1,wk inc rsv prop ed visits,2026-10-17,50,quantile,0.85,0.0016000000000000003
2026-10-10,1,wk inc rsv prop ed visits,2026-10-17,50,quantile,0.9,0.0026000000000000003
2026-10-10,1,wk inc rsv prop ed visits,2026-10-17,50,quantile,0.95,0.003970317103170999
2026-10-10,1,wk inc rsv prop ed visits,2026-10-17,50,quantile,0.975,0.005099999999999999
2026-10-10,1,wk inc rsv prop ed visits,2026-10-17,50,quantile,0.99,0.0065948703087030875
2026-10-10,1,wk inc rsv prop ed visits,2026-10-17,51,quantile,0.01,0
2026-10-10,1,wk inc rsv prop ed visits,2026-10-17,51,quantile,0.025,0
2026-10-10,1,wk inc rsv prop ed visits,2026-10-17,51,quantile,0.05,0
2026-10-10,1,wk inc rsv prop ed visits,2026-10-17,51,quantile,0.1,0
2026-10-10,1,wk inc rsv prop ed visits,2026-10-17,51,quantile,0.15,0
2026-10-10,1,wk inc rsv prop ed visits,2026-10-17,51,quantile,0.2,0
2026-10-10,1,wk inc rsv prop ed visits,2026-10-17,51,quantile,0.25,9.999999999999999e-5
2026-10-10,1,wk inc rsv prop ed visits,2026-10-17,51,quantile,0.3,1.9999999999999993e-4
2026-10-10,1,wk inc rsv prop ed visits,2026-10-17,51,quantile,0.35,2.124112741127412e-4
2026-10-10,1,wk inc rsv prop ed visits,2026-10-17,51,quantile,0.4,3.0000000000000003e-4
2026-10-10,1,wk inc rsv prop ed visits,2026-10-17,51,quantile,0.45,3.9999999999999996e-4
2026-10-10,1,wk inc rsv prop ed visits,2026-10-17,51,quantile,0.5,4e-4
2026-10-10,1,wk inc rsv prop ed visits,2026-10-17,51,quantile,0.55,5e-4
2026-10-10,1,wk inc rsv prop ed visits,2026-10-17,51,quantile,0.6,5e-4
2026-10-10,1,wk inc rsv prop ed visits,2026-10-17,51,quantile,0.65,6.000000000000001e-4
2026-10-10,1,wk inc rsv prop ed visits,2026-10-17,51,quantile,0.7,6.999999999999999e-4
2026-10-10,1,wk inc rsv prop ed visits,2026-10-17,51,quantile,0.75,8e-4
2026-10-10,1,wk inc rsv prop ed visits,2026-10-17,51,quantile,0.8,9.999999999999994e-4
2026-10-10,1,wk inc rsv prop ed visits,2026-10-17,51,quantile,0.85,0.0012
2026-10-10,1,wk inc rsv prop ed visits,2026-10-17,51,quantile,0.9,0.0014999999999999996
2026-10-10,1,wk inc rsv prop ed visits,2026-10-17,51,quantile,0.95,0.0019218172681726834
2026-10-10,1,wk inc rsv prop ed visits,2026-10-17,51,quantile,0.975,0.0024000042000420015
2026-10-10,1,wk inc rsv prop ed visits,2026-10-17,51,quantile,0.99,0.0029000000000000002
2026-10-10,1,wk inc rsv prop ed visits,2026-10-17,53,quantile,0.01,0
2026-10-10,1,wk inc rsv prop ed visits,2026-10-17,53,quantile,0.025,0
2026-10-10,1,wk inc rsv prop ed visits,2026-10-17,53,quantile,0.05,0
2026-10-10,1,wk inc rsv prop ed visits,2026-10-17,53,quantile,0.1,0
2026-10-10,1,wk inc rsv prop ed visits,2026-10-17,53,quantile,0.15,0
2026-10-10,1,wk inc rsv prop ed visits,2026-10-17,53,quantile,0.2,0
2026-10-10,1,wk inc rsv prop ed visits,2026-10-17,53,quantile,0.25,0
2026-10-10,1,wk inc rsv prop ed visits,2026-10-17,53,quantile,0.3,0
2026-10-10,1,wk inc rsv prop ed visits,2026-10-17,53,quantile,0.35,0
2026-10-10,1,wk inc rsv prop ed visits,2026-10-17,53,quantile,0.4,9.999999999999988e-5
2026-10-10,1,wk inc rsv prop ed visits,2026-10-17,53,quantile,0.45,9.999999999999992e-5
2026-10-10,1,wk inc rsv prop ed visits,2026-10-17,53,quantile,0.5,1e-4
2026-10-10,1,wk inc rsv prop ed visits,2026-10-17,53,quantile,0.55,1.9999999999999993e-4
2026-10-10,1,wk inc rsv prop ed visits,2026-10-17,53,quantile,0.6,2.999999999999998e-4
2026-10-10,1,wk inc rsv prop ed visits,2026-10-17,53,quantile,0.65,3.9999999999999975e-4
2026-10-10,1,wk inc rsv prop ed visits,2026-10-17,53,quantile,0.7,5e-4
2026-10-10,1,wk inc rsv prop ed visits,2026-10-17,53,quantile,0.75,6.999999999999998e-4
2026-10-10,1,wk inc rsv prop ed visits,2026-10-17,53,quantile,0.8,9.795193951939566e-4
2026-10-10,1,wk inc rsv prop ed visits,2026-10-17,53,quantile,0.85,0.0012999999999999995
2026-10-10,1,wk inc rsv prop ed visits,2026-10-17,53,quantile,0.9,0.001699999999999999
2026-10-10,1,wk inc rsv prop ed visits,2026-10-17,53,quantile,0.95,0.00289763102631026
2026-10-10,1,wk inc rsv prop ed visits,2026-10-17,53,quantile,0.975,0.004237362448624469
2026-10-10,1,wk inc rsv prop ed visits,2026-10-17,53,quantile,0.99,0.005479291062910636
2026-10-10,1,wk inc rsv prop ed visits,2026-10-17,54,quantile,0.01,0
2026-10-10,1,wk inc rsv prop ed visits,2026-10-17,54,quantile,0.025,0
2026-10-10,1,wk inc rsv prop ed visits,2026-10-17,54,quantile,0.05,0
2026-10-10,1,wk inc rsv prop ed visits,2026-10-17,54,quantile,0.1,0
2026-10-10,1,wk inc rsv prop ed visits,2026-10-17,54,quantile,0.15,0
2026-10-10,1,wk inc rsv prop ed visits,2026-10-17,54,quantile,0.2,0
2026-10-10,1,wk inc rsv prop ed visits,2026-10-17,54,quantile,0.25,0
2026-10-10,1,wk inc rsv prop ed visits,2026-10-17,54,quantile,0.3,0
2026-10-10,1,wk inc rsv prop ed visits,2026-10-17,54,quantile,0.35,4.87890977618477e-19
2026-10-10,1,wk inc rsv prop ed visits,2026-10-17,54,quantile,0.4,1.0000000000000048e-4
2026-10-10,1,wk inc rsv prop ed visits,2026-10-17,54,quantile,0.45,2.0000000000000042e-4
2026-10-10,1,wk inc rsv prop ed visits,2026-10-17,54,quantile,0.5,3e-4
2026-10-10,1,wk inc rsv prop ed visits,2026-10-17,54,quantile,0.55,3.9999999999999986e-4
2026-10-10,1,wk inc rsv prop ed visits,2026-10-17,54,quantile,0.6,5.000000000000003e-4
2026-10-10,1,wk inc rsv prop ed visits,2026-10-17,54,quantile,0.65,6.681876818768195e-4
2026-10-10,1,wk inc rsv prop ed visits,2026-10-17,54,quantile,0.7,9.000000000000007e-4
2026-10-10,1,wk inc rsv prop ed visits,2026-10-17,54,quantile,0.75,0.0013000000000000008
2026-10-10,1,wk inc rsv prop ed visits,2026-10-17,54,quantile,0.8,0.0018926403264032698
2026-10-10,1,wk inc rsv prop ed visits,2026-10-17,54,quantile,0.85,0.0025330745807458054
2026-10-10,1,wk inc rsv prop ed visits,2026-10-17,54,quantile,0.9,0.0033000000000000004
2026-10-10,1,wk inc rsv prop ed visits,2026-10-17,54,quantile,0.95,0.004894317943179423
2026-10-10,1,wk inc rsv prop ed visits,2026-10-17,54,quantile,0.975,0.006723659136591368
2026-10-10,1,wk inc rsv prop ed visits,2026-10-17,54,quantile,0.99,0.008089144631446313
2026-10-10,1,wk inc rsv prop ed visits,2026-10-17,55,quantile,0.01,0
2026-10-10,1,wk inc rsv prop ed visits,2026-10-17,55,quantile,0.025,0
2026-10-10,1,wk inc rsv prop ed visits,2026-10-17,55,quantile,0.05,0
2026-10-10,1,wk inc rsv prop ed visits,2026-10-17,55,quantile,0.1,0
2026-10-10,1,wk inc rsv prop ed visits,2026-10-17,55,quantile,0.15,0
2026-10-10,1,wk inc rsv prop ed visits,2026-10-17,55,quantile,0.2,0
2026-10-10,1,wk inc rsv prop ed visits,2026-10-17,55,quantile,0.25,0
2026-10-10,1,wk inc rsv prop ed visits,2026-10-17,55,quantile,0.3,0
2026-10-10,1,wk inc rsv prop ed visits,2026-10-17,55,quantile,0.35,0
2026-10-10,1,wk inc rsv prop ed visits,2026-10-17,55,quantile,0.4,9.999999999999996e-5
2026-10-10,1,wk inc rsv prop ed visits,2026-10-17,55,quantile,0.45,1e-4
2026-10-10,1,wk inc rsv prop ed visits,2026-10-17,55,quantile,0.5,1e-4
2026-10-10,1,wk inc rsv prop ed visits,2026-10-17,55,quantile,0.55,2e-4
2026-10-10,1,wk inc rsv prop ed visits,2026-10-17,55,quantile,0.6,2.0000000000000042e-4
2026-10-10,1,wk inc rsv prop ed visits,2026-10-17,55,quantile,0.65,3.8539990399904286e-4
2026-10-10,1,wk inc rsv prop ed visits,2026-10-17,55,quantile,0.7,5.000000000000002e-4
2026-10-10,1,wk inc rsv prop ed visits,2026-10-17,55,quantile,0.75,7.000000000000001e-4
2026-10-10,1,wk inc rsv prop ed visits,2026-10-17,55,quantile,0.8,9.000000000000004e-4
2026-10-10,1,wk inc rsv prop ed visits,2026-10-17,55,quantile,0.85,0.0012000000000000012
2026-10-10,1,wk inc rsv prop ed visits,2026-10-17,55,quantile,0.9,0.0017000000000000003
2026-10-10,1,wk inc rsv prop ed visits,2026-10-17,55,quantile,0.95,0.002421378213782138
2026-10-10,1,wk inc rsv prop ed visits,2026-10-17,55,quantile,0.975,0.0028286253112531135
2026-10-10,1,wk inc rsv prop ed visits,2026-10-17,55,quantile,0.99,0.0033989354993549967
2026-10-10,1,wk inc rsv prop ed visits,2026-10-17,56,quantile,0.01,0
2026-10-10,1,wk inc rsv prop ed visits,2026-10-17,56,quantile,0.025,0
2026-10-10,1,wk inc rsv prop ed visits,2026-10-17,56,quantile,0.05,0
2026-10-10,1,wk inc rsv prop ed visits,2026-10-17,56,quantile,0.1,0
2026-10-10,1,wk inc rsv prop ed visits,2026-10-17,56,quantile,0.15,0
2026-10-10,1,wk inc rsv prop ed visits,2026-10-17,56,quantile,0.2,0
2026-10-10,1,wk inc rsv prop ed visits,2026-10-17,56,quantile,0.25,0
2026-10-10,1,wk inc rsv prop ed visits,2026-10-17,56,quantile,0.3,0
2026-10-10,1,wk inc rsv prop ed visits,2026-10-17,56,quantile,0.35,1.0000000000000005e-4
2026-10-10,1,wk inc rsv prop ed visits,2026-10-17,56,quantile,0.4,3e-4
2026-10-10,1,wk inc rsv prop ed visits,2026-10-17,56,quantile,0.45,4e-4
2026-10-10,1,wk inc rsv prop ed visits,2026-10-17,56,quantile,0.5,4e-4
2026-10-10,1,wk inc rsv prop ed visits,2026-10-17,56,quantile,0.55,6.000000000000001e-4
2026-10-10,1,wk inc rsv prop ed visits,2026-10-17,56,quantile,0.6,7e-4
2026-10-10,1,wk inc rsv prop ed visits,2026-10-17,56,quantile,0.65,9.377342273422728e-4
2026-10-10,1,wk inc rsv prop ed visits,2026-10-17,56,quantile,0.7,0.0012000000000000001
2026-10-10,1,wk inc rsv prop ed visits,2026-10-17,56,quantile,0.75,0.0016
2026-10-10,1,wk inc rsv prop ed visits,2026-10-17,56,quantile,0.8,0.0021
2026-10-10,1,wk inc rsv prop ed visits,2026-10-17,56,quantile,0.85,0.0027216738667386665
2026-10-10,1,wk inc rsv prop ed visits,2026-10-17,56,quantile,0.9,0.0036379155791557926
2026-10-10,1,wk inc rsv prop ed visits,2026-10-17,56,quantile,0.95,0.005316319413194128
2026-10-10,1,wk inc rsv prop ed visits,2026-10-17,56,quantile,0.975,0.00721261355113551
2026-10-10,1,wk inc rsv prop ed visits,2026-10-17,56,quantile,0.99,0.009018438724387276
2026-10-10,1,wk inc rsv prop ed visits,2026-10-17,US,quantile,0.01,0
2026-10-10,1,wk inc rsv prop ed visits,2026-10-17,US,quantile,0.025,0
2026-10-10,1,wk inc rsv prop ed visits,2026-10-17,US,quantile,0.05,0
2026-10-10,1,wk inc rsv prop ed visits,2026-10-17,US,quantile,0.1,0
2026-10-10,1,wk inc rsv prop ed visits,2026-10-17,US,quantile,0.15,0
2026-10-10,1,wk inc rsv prop ed visits,2026-10-17,US,quantile,0.2,9.999999999999874e-5
2026-10-10,1,wk inc rsv prop ed visits,2026-10-17,US,quantile,0.25,1.9999999999999944e-4
2026-10-10,1,wk inc rsv prop ed visits,2026-10-17,US,quantile,0.3,2.9999999999999927e-4
2026-10-10,1,wk inc rsv prop ed visits,2026-10-17,US,quantile,0.35,3.0000000000000046e-4
2026-10-10,1,wk inc rsv prop ed visits,2026-10-17,US,quantile,0.4,4e-4
2026-10-10,1,wk inc rsv prop ed visits,2026-10-17,US,quantile,0.45,5e-4
2026-10-10,1,wk inc rsv prop ed visits,2026-10-17,US,quantile,0.5,5e-4
2026-10-10,1,wk inc rsv prop ed visits,2026-10-17,US,quantile,0.55,5.936879368793704e-4
2026-10-10,1,wk inc rsv prop ed visits,2026-10-17,US,quantile,0.6,6.000000000000001e-4
2026-10-10,1,wk inc rsv prop ed visits,2026-10-17,US,quantile,0.65,7e-4
2026-10-10,1,wk inc rsv prop ed visits,2026-10-17,US,quantile,0.7,7.999999999999999e-4
2026-10-10,1,wk inc rsv prop ed visits,2026-10-17,US,quantile,0.75,8.999999999999999e-4
2026-10-10,1,wk inc rsv prop ed visits,2026-10-17,US,quantile,0.8,0.0010000000000000005
2026-10-10,1,wk inc rsv prop ed visits,2026-10-17,US,quantile,0.85,0.0012000000000000005
2026-10-10,1,wk inc rsv prop ed visits,2026-10-17,US,quantile,0.9,0.0015
2026-10-10,1,wk inc rsv prop ed visits,2026-10-17,US,quantile,0.95,0.0019581525815258135
2026-10-10,1,wk inc rsv prop ed visits,2026-10-17,US,quantile,0.975,0.0022999999999999995
2026-10-10,1,wk inc rsv prop ed visits,2026-10-17,US,quantile,0.99,0.0028
2026-10-10,2,wk inc rsv prop ed visits,2026-10-24,01,quantile,0.01,0
2026-10-10,2,wk inc rsv prop ed visits,2026-10-24,01,quantile,0.025,0
2026-10-10,2,wk inc rsv prop ed visits,2026-10-24,01,quantile,0.05,0
2026-10-10,2,wk inc rsv prop ed visits,2026-10-24,01,quantile,0.1,0
2026-10-10,2,wk inc rsv prop ed visits,2026-10-24,01,quantile,0.15,2.000000000000007e-4
2026-10-10,2,wk inc rsv prop ed visits,2026-10-24,01,quantile,0.2,5.000000000000011e-4
2026-10-10,2,wk inc rsv prop ed visits,2026-10-24,01,quantile,0.25,7.999999999999996e-4
2026-10-10,2,wk inc rsv prop ed visits,2026-10-24,01,quantile,0.3,9.131695316953168e-4
2026-10-10,2,wk inc rsv prop ed visits,2026-10-24,01,quantile,0.35,0.0011
2026-10-10,2,wk inc rsv prop ed visits,2026-10-24,01,quantile,0.4,0.0012000000000000001
2026-10-10,2,wk inc rsv prop ed visits,2026-10-24,01,quantile,0.45,0.0013000000000000002
2026-10-10,2,wk inc rsv prop ed visits,2026-10-24,01,quantile,0.5,0.0014000000000000002
2026-10-10,2,wk inc rsv prop ed visits,2026-10-24,01,quantile,0.55,0.0015000000000000002
2026-10-10,2,wk inc rsv prop ed visits,2026-10-24,01,quantile,0.6,0.0016000000000000003
2026-10-10,2,wk inc rsv prop ed visits,2026-10-24,01,quantile,0.65,0.0017000000000000006
2026-10-10,2,wk inc rsv prop ed visits,2026-10-24,01,quantile,0.7,0.0019
2026-10-10,2,wk inc rsv prop ed visits,2026-10-24,01,quantile,0.75,0.0020750585005850112
2026-10-10,2,wk inc rsv prop ed visits,2026-10-24,01,quantile,0.8,0.0023000000000000004
2026-10-10,2,wk inc rsv prop ed visits,2026-10-24,01,quantile,0.85,0.0026698391983919784
2026-10-10,2,wk inc rsv prop ed visits,2026-10-24,01,quantile,0.9,0.003139034290342906
2026-10-10,2,wk inc rsv prop ed visits,2026-10-24,01,quantile,0.95,0.00392162796627966
2026-10-10,2,wk inc rsv prop ed visits,2026-10-24,01,quantile,0.975,0.004559400594005933
2026-10-10,2,wk inc rsv prop ed visits,2026-10-24,01,quantile,0.99,0.005227851228512282
2026-10-10,2,wk inc rsv prop ed visits,2026-10-24,02,quantile,0.01,0
2026-10-10,2,wk inc rsv prop ed visits,2026-10-24,02,quantile,0.025,0
2026-10-10,2,wk inc rsv prop ed visits,2026-10-24,02,quantile,0.05,0
2026-10-10,2,wk inc rsv prop ed visits,2026-10-24,02,quantile,0.1,0
2026-10-10,2,wk inc rsv prop ed visits,2026-10-24,02,quantile,0.15,0
2026-10-10,2,wk inc rsv prop ed visits,2026-10-24,02,quantile,0.2,0
2026-10-10,2,wk inc rsv prop ed visits,2026-10-24,02,quantile,0.25,0
2026-10-10,2,wk inc rsv prop ed visits,2026-10-24,02,quantile,0.3,0
2026-10-10,2,wk inc rsv prop ed visits,2026-10-24,02,quantile,0.35,0
2026-10-10,2,wk inc rsv prop ed visits,2026-10-24,02,quantile,0.4,0
2026-10-10,2,wk inc rsv prop ed visits,2026-10-24,02,quantile,0.45,0
2026-10-10,2,wk inc rsv prop ed visits,2026-10-24,02,quantile,0.5,0
2026-10-10,2,wk inc rsv prop ed visits,2026-10-24,02,quantile,0.55,2.000000000000008e-4
2026-10-10,2,wk inc rsv prop ed visits,2026-10-24,02,quantile,0.6,4.000000000000012e-4
2026-10-10,2,wk inc rsv prop ed visits,2026-10-24,02,quantile,0.65,7.000000000000012e-4
2026-10-10,2,wk inc rsv prop ed visits,2026-10-24,02,quantile,0.7,0.001100000000000001
2026-10-10,2,wk inc rsv prop ed visits,2026-10-24,02,quantile,0.75,0.0016000000000000014
2026-10-10,2,wk inc rsv prop ed visits,2026-10-24,02,quantile,0.8,0.002200000000000001
2026-10-10,2,wk inc rsv prop ed visits,2026-10-24,02,quantile,0.85,0.002879598745987471
2026-10-10,2,wk inc rsv prop ed visits,2026-10-24,02,quantile,0.9,0.0037000000000000015
2026-10-10,2,wk inc rsv prop ed visits,2026-10-24,02,quantile,0.95,0.005000000000000001
2026-10-10,2,wk inc rsv prop ed visits,2026-10-24,02,quantile,0.975,0.006103714712147127
2026-10-10,2,wk inc rsv prop ed visits,2026-10-24,02,quantile,0.99,0.0074232092220922275
2026-10-10,2,wk inc rsv prop ed visits,2026-10-24,04,quantile,0.01,0
2026-10-10,2,wk inc rsv prop ed visits,2026-10-24,04,quantile,0.025,0
2026-10-10,2,wk inc rsv prop ed visits,2026-10-24,04,quantile,0.05,0
2026-10-10,2,wk inc rsv prop ed visits,2026-10-24,04,quantile,0.1,0
2026-10-10,2,wk inc rsv prop ed visits,2026-10-24,04,quantile,0.15,0
2026-10-10,2,wk inc rsv prop ed visits,2026-10-24,04,quantile,0.2,0
2026-10-10,2,wk inc rsv prop ed visits,2026-10-24,04,quantile,0.25,0
2026-10-10,2,wk inc rsv prop ed visits,2026-10-24,04,quantile,0.3,0
2026-10-10,2,wk inc rsv prop ed visits,2026-10-24,04,quantile,0.35,0
2026-10-10,2,wk inc rsv prop ed visits,2026-10-24,04,quantile,0.4,0
2026-10-10,2,wk inc rsv prop ed visits,2026-10-24,04,quantile,0.45,9.999999999999954e-5
2026-10-10,2,wk inc rsv prop ed visits,2026-10-24,04,quantile,0.5,1e-4
2026-10-10,2,wk inc rsv prop ed visits,2026-10-24,04,quantile,0.55,1.9999999999999955e-4
2026-10-10,2,wk inc rsv prop ed visits,2026-10-24,04,quantile,0.6,2.999999999999995e-4
2026-10-10,2,wk inc rsv prop ed visits,2026-10-24,04,quantile,0.65,3.999999999999994e-4
2026-10-10,2,wk inc rsv prop ed visits,2026-10-24,04,quantile,0.7,4.999999999999996e-4
2026-10-10,2,wk inc rsv prop ed visits,2026-10-24,04,quantile,0.75,6e-4
2026-10-10,2,wk inc rsv prop ed visits,2026-10-24,04,quantile,0.8,8.373755737557419e-4
2026-10-10,2,wk inc rsv prop ed visits,2026-10-24,04,quantile,0.85,0.0010999999999999996
2026-10-10,2,wk inc rsv prop ed visits,2026-10-24,04,quantile,0.9,0.0014977538775387761
2026-10-10,2,wk inc rsv prop ed visits,2026-10-24,04,quantile,0.95,0.0020625233252332563
2026-10-10,2,wk inc rsv prop ed visits,2026-10-24,04,quantile,0.975,0.0027789357393573945
2026-10-10,2,wk inc rsv prop ed visits,2026-10-24,04,quantile,0.99,0.0034507251972519704
2026-10-10,2,wk inc rsv prop ed visits,2026-10-24,05,quantile,0.01,0
2026-10-10,2,wk inc rsv prop ed visits,2026-10-24,05,quantile,0.025,0
2026-10-10,2,wk inc rsv prop ed visits,2026-10-24,05,quantile,0.05,0
2026-10-10,2,wk inc rsv prop ed visits,2026-10-24,05,quantile,0.1,0
2026-10-10,2,wk inc rsv prop ed visits,2026-10-24,05,quantile,0.15,0
2026-10-10,2,wk inc rsv prop ed visits,2026-10-24,05,quantile,0.2,0
2026-10-10,2,wk inc rsv prop ed visits,2026-10-24,05,quantile,0.25,0
2026-10-10,2,wk inc rsv prop ed visits,2026-10-24,05,quantile,0.3,1.2849038490384842e-4
2026-10-10,2,wk inc rsv prop ed visits,2026-10-24,05,quantile,0.35,2.9999999999999835e-4
2026-10-10,2,wk inc rsv prop ed visits,2026-10-24,05,quantile,0.4,4.999999999999982e-4
2026-10-10,2,wk inc rsv prop ed visits,2026-10-24,05,quantile,0.45,5.999999999999983e-4
2026-10-10,2,wk inc rsv prop ed visits,2026-10-24,05,quantile,0.5,7.000000000000001e-4
2026-10-10,2,wk inc rsv prop ed visits,2026-10-24,05,quantile,0.55,8.999999999999981e-4
2026-10-10,2,wk inc rsv prop ed visits,2026-10-24,05,quantile,0.6,9.999999999999987e-4
2026-10-10,2,wk inc rsv prop ed visits,2026-10-24,05,quantile,0.65,0.0011999999999999992
2026-10-10,2,wk inc rsv prop ed visits,2026-10-24,05,quantile,0.7,0.0014999999999999983
2026-10-10,2,wk inc rsv prop ed visits,2026-10-24,05,quantile,0.75,0.0018354881048810467
2026-10-10,2,wk inc rsv prop ed visits,2026-10-24,05,quantile,0.8,0.002299999999999998
2026-10-10,2,wk inc rsv prop ed visits,2026-10-24,05,quantile,0.85,0.0029315130651306476
2026-10-10,2,wk inc rsv prop ed visits,2026-10-24,05,quantile,0.9,0.003699999999999999
2026-10-10,2,wk inc rsv prop ed visits,2026-10-24,05,quantile,0.95,0.005099999999999999
2026-10-10,2,wk inc rsv prop ed visits,2026-10-24,05,quantile,0.975,0.006307207272072709
2026-10-10,2,wk inc rsv prop ed visits,2026-10-24,05,quantile,0.99,0.007233239192391921
2026-10-10,2,wk inc rsv prop ed visits,2026-10-24,06,quantile,0.01,0
2026-10-10,2,wk inc rsv prop ed visits,2026-10-24,06,quantile,0.025,0
2026-10-10,2,wk inc rsv prop ed visits,2026-10-24,06,quantile,0.05,0
2026-10-10,2,wk inc rsv prop ed visits,2026-10-24,06,quantile,0.1,0
2026-10-10,2,wk inc rsv prop ed visits,2026-10-24,06,quantile,0.15,0
2026-10-10,2,wk inc rsv prop ed visits,2026-10-24,06,quantile,0.2,0
2026-10-10,2,wk inc rsv prop ed visits,2026-10-24,06,quantile,0.25,0
2026-10-10,2,wk inc rsv prop ed visits,2026-10-24,06,quantile,0.3,0
2026-10-10,2,wk inc rsv prop ed visits,2026-10-24,06,quantile,0.35,9.733297332972983e-5
2026-10-10,2,wk inc rsv prop ed visits,2026-10-24,06,quantile,0.4,9.999999999999999e-5
2026-10-10,2,wk inc rsv prop ed visits,2026-10-24,06,quantile,0.45,1.9999999999999993e-4
2026-10-10,2,wk inc rsv prop ed visits,2026-10-24,06,quantile,0.5,2e-4
2026-10-10,2,wk inc rsv prop ed visits,2026-10-24,06,quantile,0.55,3e-4
2026-10-10,2,wk inc rsv prop ed visits,2026-10-24,06,quantile,0.6,3.999999999999997e-4
2026-10-10,2,wk inc rsv prop ed visits,2026-10-24,06,quantile,0.65,4.999999999999996e-4
2026-10-10,2,wk inc rsv prop ed visits,2026-10-24,06,quantile,0.7,5.999999999999998e-4
2026-10-10,2,wk inc rsv prop ed visits,2026-10-24,06,quantile,0.75,7.000000000000005e-4
2026-10-10,2,wk inc rsv prop ed visits,2026-10-24,06,quantile,0.8,9e-4
2026-10-10,2,wk inc rsv prop ed visits,2026-10-24,06,quantile,0.85,0.0011000000000000003
2026-10-10,2,wk inc rsv prop ed visits,2026-10-24,06,quantile,0.9,0.0014999999999999994
2026-10-10,2,wk inc rsv prop ed visits,2026-10-24,06,quantile,0.95,0.001989223142231419
2026-10-10,2,wk inc rsv prop ed visits,2026-10-24,06,quantile,0.975,0.002499999999999999
2026-10-10,2,wk inc rsv prop ed visits,2026-10-24,06,quantile,0.99,0.0031036167161671764
2026-10-10,2,wk inc rsv prop ed visits,2026-10-24,08,quantile,0.01,0
2026-10-10,2,wk inc rsv prop ed visits,2026-10-24,08,quantile,0.025,0
2026-10-10,2,wk inc rsv prop ed visits,2026-10-24,08,quantile,0.05,0
2026-10-10,2,wk inc rsv prop ed visits,2026-10-24,08,quantile,0.1,0
2026-10-10,2,wk inc rsv prop ed visits,2026-10-24,08,quantile,0.15,0
2026-10-10,2,wk inc rsv prop ed visits,2026-10-24,08,quantile,0.2,0
2026-10-10,2,wk inc rsv prop ed visits,2026-10-24,08,quantile,0.25,0
2026-10-10,2,wk inc rsv prop ed visits,2026-10-24,08,quantile,0.3,0
2026-10-10,2,wk inc rsv prop ed visits,2026-10-24,08,quantile,0.35,0
2026-10-10,2,wk inc rsv prop ed visits,2026-10-24,08,quantile,0.4,0
2026-10-10,2,wk inc rsv prop ed visits,2026-10-24,08,quantile,0.45,2.710505431213761e-20
2026-10-10,2,wk inc rsv prop ed visits,2026-10-24,08,quantile,0.5,1e-4
2026-10-10,2,wk inc rsv prop ed visits,2026-10-24,08,quantile,0.55,1.9999999999999966e-4
2026-10-10,2,wk inc rsv prop ed visits,2026-10-24,08,quantile,0.6,2.9999999999999976e-4
2026-10-10,2,wk inc rsv prop ed visits,2026-10-24,08,quantile,0.65,4e-4
2026-10-10,2,wk inc rsv prop ed visits,2026-10-24,08,quantile,0.7,5.974169741697353e-4
2026-10-10,2,wk inc rsv prop ed visits,2026-10-24,08,quantile,0.75,8.000000000000003e-4
2026-10-10,2,wk inc rsv prop ed visits,2026-10-24,08,quantile,0.8,0.0011999999999999997
2026-10-10,2,wk inc rsv prop ed visits,2026-10-24,08,quantile,0.85,0.001699999999999999
2026-10-10,2,wk inc rsv prop ed visits,2026-10-24,08,quantile,0.9,0.0021877241772417758
2026-10-10,2,wk inc rsv prop ed visits,2026-10-24,08,quantile,0.95,0.0033887924879248735
2026-10-10,2,wk inc rsv prop ed visits,2026-10-24,08,quantile,0.975,0.004719318468184692
2026-10-10,2,wk inc rsv prop ed visits,2026-10-24,08,quantile,0.99,0.006078526055260565
2026-10-10,2,wk inc rsv prop ed visits,2026-10-24,09,quantile,0.01,0
2026-10-10,2,wk inc rsv prop ed visits,2026-10-24,09,quantile,0.025,0
2026-10-10,2,wk inc rsv prop ed visits,2026-10-24,09,quantile,0.05,0
2026-10-10,2,wk inc rsv prop ed visits,2026-10-24,09,quantile,0.1,0
2026-10-10,2,wk inc rsv prop ed visits,2026-10-24,09,quantile,0.15,0
2026-10-10,2,wk inc rsv prop ed visits,2026-10-24,09,quantile,0.2,0
2026-10-10,2,wk inc rsv prop ed visits,2026-10-24,09,quantile,0.25,0
2026-10-10,2,wk inc rsv prop ed visits,2026-10-24,09,quantile,0.3,0
2026-10-10,2,wk inc rsv prop ed visits,2026-10-24,09,quantile,0.35,0
2026-10-10,2,wk inc rsv prop ed visits,2026-10-24,09,quantile,0.4,9.999999999999987e-5
2026-10-10,2,wk inc rsv prop ed visits,2026-10-24,09,quantile,0.45,1.9999999999999985e-4
2026-10-10,2,wk inc rsv prop ed visits,2026-10-24,09,quantile,0.5,2e-4
2026-10-10,2,wk inc rsv prop ed visits,2026-10-24,09,quantile,0.55,2.999999999999999e-4
2026-10-10,2,wk inc rsv prop ed visits,2026-10-24,09,quantile,0.6,3.9999999999999986e-4
2026-10-10,2,wk inc rsv prop ed visits,2026-10-24,09,quantile,0.65,4.999999999999999e-4
2026-10-10,2,wk inc rsv prop ed visits,2026-10-24,09,quantile,0.7,6.000000000000001e-4
2026-10-10,2,wk inc rsv prop ed visits,2026-10-24,09,quantile,0.75,7.999999999999997e-4
2026-10-10,2,wk inc rsv prop ed visits,2026-10-24,09,quantile,0.8,9.999999999999996e-4
2026-10-10,2,wk inc rsv prop ed visits,2026-10-24,09,quantile,0.85,0.001244369693696935
2026-10-10,2,wk inc rsv prop ed visits,2026-10-24,09,quantile,0.9,0.0016103975039750403
2026-10-10,2,wk inc rsv prop ed visits,2026-10-24,09,quantile,0.95,0.0022512562625626262
2026-10-10,2,wk inc rsv prop ed visits,2026-10-24,09,quantile,0.975,0.002698091005910061
2026-10-10,2,wk inc rsv prop ed visits,2026-10-24,09,quantile,0.99,0.0031962482524825263
2026-10-10,2,wk inc rsv prop ed visits,2026-10-24,10,quantile,0.01,0
2026-10-10,2,wk inc rsv prop ed visits,2026-10-24,10,quantile,0.025,0
2026-10-10,2,wk inc rsv prop ed visits,2026-10-24,10,quantile,0.05,0
2026-10-10,2,wk inc rsv prop ed visits,2026-10-24,10,quantile,0.1,0
2026-10-10,2,wk inc rsv prop ed visits,2026-10-24,10,quantile,0.15,0
2026-10-10,2,wk inc rsv prop ed visits,2026-10-24,10,quantile,0.2,0
2026-10-10,2,wk inc rsv prop ed visits,2026-10-24,10,quantile,0.25,0
2026-10-10,2,wk inc rsv prop ed visits,2026-10-24,10,quantile,0.3,0
2026-10-10,2,wk inc rsv prop ed visits,2026-10-24,10,quantile,0.35,9.486769009248164e-20
2026-10-10,2,wk inc rsv prop ed visits,2026-10-24,10,quantile,0.4,1.9999999999999993e-4
2026-10-10,2,wk inc rsv prop ed visits,2026-10-24,10,quantile,0.45,3.000000000000002e-4
2026-10-10,2,wk inc rsv prop ed visits,2026-10-24,10,quantile,0.5,5e-4
2026-10-10,2,wk inc rsv prop ed visits,2026-10-24,10,quantile,0.55,6.936675366753674e-4
2026-10-10,2,wk inc rsv prop ed visits,2026-10-24,10,quantile,0.6,8.497056970569659e-4
2026-10-10,2,wk inc rsv prop ed visits,2026-10-24,10,quantile,0.65,0.0010999999999999998
2026-10-10,2,wk inc rsv prop ed visits,2026-10-24,10,quantile,0.7,0.0013999999999999998
2026-10-10,2,wk inc rsv prop ed visits,2026-10-24,10,quantile,0.75,0.0017999999999999978
2026-10-10,2,wk inc rsv prop ed visits,2026-10-24,10,quantile,0.8,0.0022999999999999995
2026-10-10,2,wk inc rsv prop ed visits,2026-10-24,10,quantile,0.85,0.0030000000000000005
2026-10-10,2,wk inc rsv prop ed visits,2026-10-24,10,quantile,0.9,0.004130182401824025
2026-10-10,2,wk inc rsv prop ed visits,2026-10-24,10,quantile,0.95,0.005900000000000001
2026-10-10,2,wk inc rsv prop ed visits,2026-10-24,10,quantile,0.975,0.0073814033390333725
2026-10-10,2,wk inc rsv prop ed visits,2026-10-24,10,quantile,0.99,0.008911548615486152
2026-10-10,2,wk inc rsv prop ed visits,2026-10-24,11,quantile,0.01,0
2026-10-10,2,wk inc rsv prop ed visits,2026-10-24,11,quantile,0.025,0
2026-10-10,2,wk inc rsv prop ed visits,2026-10-24,11,quantile,0.05,0
2026-10-10,2,wk inc rsv prop ed visits,2026-10-24,11,quantile,0.1,0
2026-10-10,2,wk inc rsv prop ed visits,2026-10-24,11,quantile,0.15,0
2026-10-10,2,wk inc rsv prop ed visits,2026-10-24,11,quantile,0.2,0
2026-10-10,2,wk inc rsv prop ed visits,2026-10-24,11,quantile,0.25,0
2026-10-10,2,wk inc rsv prop ed visits,2026-10-24,11,quantile,0.3,0
2026-10-10,2,wk inc rsv prop ed visits,2026-10-24,11,quantile,0.35,0
2026-10-10,2,wk inc rsv prop ed visits,2026-10-24,11,quantile,0.4,0
2026-10-10,2,wk inc rsv prop ed visits,2026-10-24,11,quantile,0.45,1.999999999999997e-4
2026-10-10,2,wk inc rsv prop ed visits,2026-10-24,11,quantile,0.5,3e-4
2026-10-10,2,wk inc rsv prop ed visits,2026-10-24,11,quantile,0.55,4.999999999999998e-4
2026-10-10,2,wk inc rsv prop ed visits,2026-10-24,11,quantile,0.6,6.678960789607875e-4
2026-10-10,2,wk inc rsv prop ed visits,2026-10-24,11,quantile,0.65,8.16224912249123e-4
2026-10-10,2,wk inc rsv prop ed visits,2026-10-24,11,quantile,0.7,0.001099999999999998
2026-10-10,2,wk inc rsv prop ed visits,2026-10-24,11,quantile,0.75,0.0013
2026-10-10,2,wk inc rsv prop ed visits,2026-10-24,11,quantile,0.8,0.0016887696876968757
2026-10-10,2,wk inc rsv prop ed visits,2026-10-24,11,quantile,0.85,0.002100000000000001
2026-10-10,2,wk inc rsv prop ed visits,2026-10-24,11,quantile,0.9,0.002824444544445449
2026-10-10,2,wk inc rsv prop ed visits,2026-10-24,11,quantile,0.95,0.0039000000000000007
2026-10-10,2,wk inc rsv prop ed visits,2026-10-24,11,quantile,0.975,0.004827217847178465
2026-10-10,2,wk inc rsv prop ed visits,2026-10-24,11,quantile,0.99,0.005984989499894939
2026-10-10,2,wk inc rsv prop ed visits,2026-10-24,12,quantile,0.01,3.000000000000012e-4
2026-10-10,2,wk inc rsv prop ed visits,2026-10-24,12,quantile,0.025,6.925726007260072e-4
2026-10-10,2,wk inc rsv prop ed visits,2026-10-24,12,quantile,0.05,9.999999999999998e-4
2026-10-10,2,wk inc rsv prop ed visits,2026-10-24,12,quantile,0.1,0.0013000000000000004
2026-10-10,2,wk inc rsv prop ed visits,2026-10-24,12,quantile,0.15,0.0015000000000000002
2026-10-10,2,wk inc rsv prop ed visits,2026-10-24,12,quantile,0.2,0.0016999999999999993
2026-10-10,2,wk inc rsv prop ed visits,2026-10-24,12,quantile,0.25,0.0018
2026-10-10,2,wk inc rsv prop ed visits,2026-10-24,12,quantile,0.3,0.0019000000000000002
2026-10-10,2,wk inc rsv prop ed visits,2026-10-24,12,quantile,0.35,0.002
2026-10-10,2,wk inc rsv prop ed visits,2026-10-24,12,quantile,0.4,0.0020999999999999994
2026-10-10,2,wk inc rsv prop ed visits,2026-10-24,12,quantile,0.45,0.0021000000000000003
2026-10-10,2,wk inc rsv prop ed visits,2026-10-24,12,quantile,0.5,0.0022
2026-10-10,2,wk inc rsv prop ed visits,2026-10-24,12,quantile,0.55,0.0023
2026-10-10,2,wk inc rsv prop ed visits,2026-10-24,12,quantile,0.6,0.0023000000000000013
2026-10-10,2,wk inc rsv prop ed visits,2026-10-24,12,quantile,0.65,0.0024000000000000002
2026-10-10,2,wk inc rsv prop ed visits,2026-10-24,12,quantile,0.7,0.0025
2026-10-10,2,wk inc rsv prop ed visits,2026-10-24,12,quantile,0.75,0.0026000000000000003
2026-10-10,2,wk inc rsv prop ed visits,2026-10-24,12,quantile,0.8,0.002700000000000001
2026-10-10,2,wk inc rsv prop ed visits,2026-10-24,12,quantile,0.85,0.0029
2026-10-10,2,wk inc rsv prop ed visits,2026-10-24,12,quantile,0.9,0.0031
2026-10-10,2,wk inc rsv prop ed visits,2026-10-24,12,quantile,0.95,0.0034000000000000002
2026-10-10,2,wk inc rsv prop ed visits,2026-10-24,12,quantile,0.975,0.003703093030930313
2026-10-10,2,wk inc rsv prop ed visits,2026-10-24,12,quantile,0.99,0.004084909909099088
2026-10-10,2,wk inc rsv prop ed visits,2026-10-24,13,quantile,0.01,0
2026-10-10,2,wk inc rsv prop ed visits,2026-10-24,13,quantile,0.025,0
2026-10-10,2,wk inc rsv prop ed visits,2026-10-24,13,quantile,0.05,0
2026-10-10,2,wk inc rsv prop ed visits,2026-10-24,13,quantile,0.1,0
2026-10-10,2,wk inc rsv prop ed visits,2026-10-24,13,quantile,0.15,9.999999999999999e-5
2026-10-10,2,wk inc rsv prop ed visits,2026-10-24,13,quantile,0.2,2.9999999999999987e-4
2026-10-10,2,wk inc rsv prop ed visits,2026-10-24,13,quantile,0.25,4.3354933549335497e-4
2026-10-10,2,wk inc rsv prop ed visits,2026-10-24,13,quantile,0.3,5.999999999999998e-4
2026-10-10,2,wk inc rsv prop ed visits,2026-10-24,13,quantile,0.35,6.999999999999999e-4
2026-10-10,2,wk inc rsv prop ed visits,2026-10-24,13,quantile,0.4,7.999999999999997e-4
2026-10-10,2,wk inc rsv prop ed visits,2026-10-24,13,quantile,0.45,8.000000000000001e-4
2026-10-10,2,wk inc rsv prop ed visits,2026-10-24,13,quantile,0.5,9e-4
2026-10-10,2,wk inc rsv prop ed visits,2026-10-24,13,quantile,0.55,9.999999999999998e-4
2026-10-10,2,wk inc rsv prop ed visits,2026-10-24,13,quantile,0.6,0.0010000000000000005
2026-10-10,2,wk inc rsv prop ed visits,2026-10-24,13,quantile,0.65,0.0011
2026-10-10,2,wk inc rsv prop ed visits,2026-10-24,13,quantile,0.7,0.0012000000000000003
2026-10-10,2,wk inc rsv prop ed visits,2026-10-24,13,quantile,0.75,0.0013999999999999998
2026-10-10,2,wk inc rsv prop ed visits,2026-10-24,13,quantile,0.8,0.001500000000000001
2026-10-10,2,wk inc rsv prop ed visits,2026-10-24,13,quantile,0.85,0.0017256612066120622
2026-10-10,2,wk inc rsv prop ed visits,2026-10-24,13,quantile,0.9,0.002
2026-10-10,2,wk inc rsv prop ed visits,2026-10-24,13,quantile,0.95,0.0024
2026-10-10,2,wk inc rsv prop ed visits,2026-10-24,13,quantile,0.975,0.002737636276362772
2026-10-10,2,wk inc rsv prop ed visits,2026-10-24,13,quantile,0.99,0.0031604876848768436
2026-10-10,2,wk inc rsv prop ed visits,2026-10-24,15,quantile,0.01,0
2026-10-10,2,wk inc rsv prop ed visits,2026-10-24,15,quantile,0.025,0
2026-10-10,2,wk inc rsv prop ed visits,2026-10-24,15,quantile,0.05,0
2026-10-10,2,wk inc rsv prop ed visits,2026-10-24,15,quantile,0.1,3.000000000000008e-4
2026-10-10,2,wk inc rsv prop ed visits,2026-10-24,15,quantile,0.15,7.999999999999988e-4
2026-10-10,2,wk inc rsv prop ed visits,2026-10-24,15,quantile,0.2,0.0010999999999999998
2026-10-10,2,wk inc rsv prop ed visits,2026-10-24,15,quantile,0.25,0.0013000000000000008
2026-10-10,2,wk inc rsv prop ed visits,2026-10-24,15,quantile,0.3,0.0015069084690846903
2026-10-10,2,wk inc rsv prop ed visits,2026-10-24,15,quantile,0.35,0.0017000000000000006
2026-10-10,2,wk inc rsv prop ed visits,2026-10-24,15,quantile,0.4,0.0019
2026-10-10,2,wk inc rsv prop ed visits,2026-10-24,15,quantile,0.45,0.00203871718717187
2026-10-10,2,wk inc rsv prop ed visits,2026-10-24,15,quantile,0.5,0.0022
2026-10-10,2,wk inc rsv prop ed visits,2026-10-24,15,quantile,0.55,0.002378848138481388
2026-10-10,2,wk inc rsv prop ed visits,2026-10-24,15,quantile,0.6,0.0025000000000000005
2026-10-10,2,wk inc rsv prop ed visits,2026-10-24,15,quantile,0.65,0.0027
2026-10-10,2,wk inc rsv prop ed visits,2026-10-24,15,quantile,0.7,0.0028999999999999994
2026-10-10,2,wk inc rsv prop ed visits,2026-10-24,15,quantile,0.75,0.0031
2026-10-10,2,wk inc rsv prop ed visits,2026-10-24,15,quantile,0.8,0.003300000000000001
2026-10-10,2,wk inc rsv prop ed visits,2026-10-24,15,quantile,0.85,0.0036684320343203392
2026-10-10,2,wk inc rsv prop ed visits,2026-10-24,15,quantile,0.9,0.0041
2026-10-10,2,wk inc rsv prop ed visits,2026-10-24,15,quantile,0.95,0.00490373908739087
2026-10-10,2,wk inc rsv prop ed visits,2026-10-24,15,quantile,0.975,0.005784796522965227
2026-10-10,2,wk inc rsv prop ed visits,2026-10-24,15,quantile,0.99,0.007143921819218188
2026-10-10,2,wk inc rsv prop ed visits,2026-10-24,16,quantile,0.01,0
2026-10-10,2,wk inc rsv prop ed visits,2026-10-24,16,quantile,0.025,0
2026-10-10,2,wk inc rsv prop ed visits,2026-10-24,16,quantile,0.05,0
2026-10-10,2,wk inc rsv prop ed visits,2026-10-24,16,quantile,0.1,0
2026-10-10,2,wk inc rsv prop ed visits,2026-10-24,16,quantile,0.15,0
2026-10-10,2,wk inc rsv prop ed visits,2026-10-24,16,quantile,0.2,0
2026-10-10,2,wk inc rsv prop ed visits,2026-10-24,16,quantile,0.25,0
2026-10-10,2,wk inc rsv prop ed visits,2026-10-24,16,quantile,0.3,0
2026-10-10,2,wk inc rsv prop ed visits,2026-10-24,16,quantile,0.35,0
2026-10-10,2,wk inc rsv prop ed visits,2026-10-24,16,quantile,0.4,1.0000000000000005e-4
2026-10-10,2,wk inc rsv prop ed visits,2026-10-24,16,quantile,0.45,2.3038760387603975e-4
2026-10-10,2,wk inc rsv prop ed visits,2026-10-24,16,quantile,0.5,4e-4
2026-10-10,2,wk inc rsv prop ed visits,2026-10-24,16,quantile,0.55,5.000000000000002e-4
2026-10-10,2,wk inc rsv prop ed visits,2026-10-24,16,quantile,0.6,7.000000000000001e-4
2026-10-10,2,wk inc rsv prop ed visits,2026-10-24,16,quantile,0.65,9e-4
2026-10-10,2,wk inc rsv prop ed visits,2026-10-24,16,quantile,0.7,0.0012
2026-10-10,2,wk inc rsv prop ed visits,2026-10-24,16,quantile,0.75,0.0015
2026-10-10,2,wk inc rsv prop ed visits,2026-10-24,16,quantile,0.8,0.0019
2026-10-10,2,wk inc rsv prop ed visits,2026-10-24,16,quantile,0.85,0.002473975639756393
2026-10-10,2,wk inc rsv prop ed visits,2026-10-24,16,quantile,0.9,0.0031287318873188755
2026-10-10,2,wk inc rsv prop ed visits,2026-10-24,16,quantile,0.95,0.004599999999999999
2026-10-10,2,wk inc rsv prop ed visits,2026-10-24,16,quantile,0.975,0.006150425704257039
2026-10-10,2,wk inc rsv prop ed visits,2026-10-24,16,quantile,0.99,0.00796612399123987
2026-10-10,2,wk inc rsv prop ed visits,2026-10-24,17,quantile,0.01,0
2026-10-10,2,wk inc rsv prop ed visits,2026-10-24,17,quantile,0.025,0
2026-10-10,2,wk inc rsv prop ed visits,2026-10-24,17,quantile,0.05,0
2026-10-10,2,wk inc rsv prop ed visits,2026-10-24,17,quantile,0.1,0
2026-10-10,2,wk inc rsv prop ed visits,2026-10-24,17,quantile,0.15,0
2026-10-10,2,wk inc rsv prop ed visits,2026-10-24,17,quantile,0.2,0
2026-10-10,2,wk inc rsv prop ed visits,2026-10-24,17,quantile,0.25,0
2026-10-10,2,wk inc rsv prop ed visits,2026-10-24,17,quantile,0.3,0
2026-10-10,2,wk inc rsv prop ed visits,2026-10-24,17,quantile,0.35,0
2026-10-10,2,wk inc rsv prop ed visits,2026-10-24,17,quantile,0.4,7.453889935837843e-19
2026-10-10,2,wk inc rsv prop ed visits,2026-10-24,17,quantile,0.45,1.0000000000000072e-4
2026-10-10,2,wk inc rsv prop ed visits,2026-10-24,17,quantile,0.5,2e-4
2026-10-10,2,wk inc rsv prop ed visits,2026-10-24,17,quantile,0.55,2.541592415924167e-4
2026-10-10,2,wk inc rsv prop ed visits,2026-10-24,17,quantile,0.6,4.000000000000005e-4
2026-10-10,2,wk inc rsv prop ed visits,2026-10-24,17,quantile,0.65,5.000000000000011e-4
2026-10-10,2,wk inc rsv prop ed visits,2026-10-24,17,quantile,0.7,7.303738037380366e-4
2026-10-10,2,wk inc rsv prop ed visits,2026-10-24,17,quantile,0.75,0.0010000000000000009
2026-10-10,2,wk inc rsv prop ed visits,2026-10-24,17,quantile,0.8,0.001300000000000001
2026-10-10,2,wk inc rsv prop ed visits,2026-10-24,17,quantile,0.85,0.0018000000000000013
2026-10-10,2,wk inc rsv prop ed visits,2026-10-24,17,quantile,0.9,0.0023511790117901185
2026-10-10,2,wk inc rsv prop ed visits,2026-10-24,17,quantile,0.95,0.0031999999999999997
2026-10-10,2,wk inc rsv prop ed visits,2026-10-24,17,quantile,0.975,0.004063454909549109
2026-10-10,2,wk inc rsv prop ed visits,2026-10-24,17,quantile,0.99,0.0051239026790268205
2026-10-10,2,wk inc rsv prop ed visits,2026-10-24,18,quantile,0.01,0
2026-10-10,2,wk inc rsv prop ed visits,2026-10-24,18,quantile,0.025,0
2026-10-10,2,wk inc rsv prop ed visits,2026-10-24,18,quantile,0.05,0
2026-10-10,2,wk inc rsv prop ed visits,2026-10-24,18,quantile,0.1,0
2026-10-10,2,wk inc rsv prop ed visits,2026-10-24,18,quantile,0.15,0
2026-10-10,2,wk inc rsv prop ed visits,2026-10-24,18,quantile,0.2,0
2026-10-10,2,wk inc rsv prop ed visits,2026-10-24,18,quantile,0.25,5.421010862427522e-20
2026-10-10,2,wk inc rsv prop ed visits,2026-10-24,18,quantile,0.3,1.0000000000000048e-4
2026-10-10,2,wk inc rsv prop ed visits,2026-10-24,18,quantile,0.35,2.884005340053381e-4
2026-10-10,2,wk inc rsv prop ed visits,2026-10-24,18,quantile,0.4,3.774793747937476e-4
2026-10-10,2,wk inc rsv prop ed visits,2026-10-24,18,quantile,0.45,4.000000000000003e-4
2026-10-10,2,wk inc rsv prop ed visits,2026-10-24,18,quantile,0.5,5e-4
2026-10-10,2,wk inc rsv prop ed visits,2026-10-24,18,quantile,0.55,6.000000000000001e-4
2026-10-10,2,wk inc rsv prop ed visits,2026-10-24,18,quantile,0.6,7e-4
2026-10-10,2,wk inc rsv prop ed visits,2026-10-24,18,quantile,0.65,8.000000000000001e-4
2026-10-10,2,wk inc rsv prop ed visits,2026-10-24,18,quantile,0.7,9.868616686166832e-4
2026-10-10,2,wk inc rsv prop ed visits,2026-10-24,18,quantile,0.75,0.0011177474274742779
2026-10-10,2,wk inc rsv prop ed visits,2026-10-24,18,quantile,0.8,0.0013770563705637127
2026-10-10,2,wk inc rsv prop ed visits,2026-10-24,18,quantile,0.85,0.0016999999999999995
2026-10-10,2,wk inc rsv prop ed visits,2026-10-24,18,quantile,0.9,0.0021367524675246752
2026-10-10,2,wk inc rsv prop ed visits,2026-10-24,18,quantile,0.95,0.0028999999999999994
2026-10-10,2,wk inc rsv prop ed visits,2026-10-24,18,quantile,0.975,0.003559047115471144
2026-10-10,2,wk inc rsv prop ed visits,2026-10-24,18,quantile,0.99,0.004146125461254616
2026-10-10,2,wk inc rsv prop ed visits,2026-10-24,19,quantile,0.01,0
2026-10-10,2,wk inc rsv prop ed visits,2026-10-24,19,quantile,0.025,0
2026-10-10,2,wk inc rsv prop ed visits,2026-10-24,19,quantile,0.05,0
2026-10-10,2,wk inc rsv prop ed visits,2026-10-24,19,quantile,0.1,0
2026-10-10,2,wk inc rsv prop ed visits,2026-10-24,19,quantile,0.15,0
2026-10-10,2,wk inc rsv prop ed visits,2026-10-24,19,quantile,0.2,0
2026-10-10,2,wk inc rsv prop ed visits,2026-10-24,19,quantile,0.25,0
2026-10-10,2,wk inc rsv prop ed visits,2026-10-24,19,quantile,0.3,0
2026-10-10,2,wk inc rsv prop ed visits,2026-10-24,19,quantile,0.35,0
2026-10-10,2,wk inc rsv prop ed visits,2026-10-24,19,quantile,0.4,0
2026-10-10,2,wk inc rsv prop ed visits,2026-10-24,19,quantile,0.45,0
2026-10-10,2,wk inc rsv prop ed visits,2026-10-24,19,quantile,0.5,0
2026-10-10,2,wk inc rsv prop ed visits,2026-10-24,19,quantile,0.55,1.999999999999995e-4
2026-10-10,2,wk inc rsv prop ed visits,2026-10-24,19,quantile,0.6,3.9999999999999953e-4
2026-10-10,2,wk inc rsv prop ed visits,2026-10-24,19,quantile,0.65,6.663000130001291e-4
2026-10-10,2,wk inc rsv prop ed visits,2026-10-24,19,quantile,0.7,9.375222752227494e-4
2026-10-10,2,wk inc rsv prop ed visits,2026-10-24,19,quantile,0.75,0.001299999999999999
2026-10-10,2,wk inc rsv prop ed visits,2026-10-24,19,quantile,0.8,0.0016999999999999997
2026-10-10,2,wk inc rsv prop ed visits,2026-10-24,19,quantile,0.85,0.0022000000000000014
2026-10-10,2,wk inc rsv prop ed visits,2026-10-24,19,quantile,0.9,0.002994496144961453
2026-10-10,2,wk inc rsv prop ed visits,2026-10-24,19,quantile,0.95,0.0043999999999999985
2026-10-10,2,wk inc rsv prop ed visits,2026-10-24,19,quantile,0.975,0.005658026205262058
2026-10-10,2,wk inc rsv prop ed visits,2026-10-24,19,quantile,0.99,0.007416033300332999
2026-10-10,2,wk inc rsv prop ed visits,2026-10-24,20,quantile,0.01,0
2026-10-10,2,wk inc rsv prop ed visits,2026-10-24,20,quantile,0.025,0
2026-10-10,2,wk inc rsv prop ed visits,2026-10-24,20,quantile,0.05,0
2026-10-10,2,wk inc rsv prop ed visits,2026-10-24,20,quantile,0.1,0
2026-10-10,2,wk inc rsv prop ed visits,2026-10-24,20,quantile,0.15,0
2026-10-10,2,wk inc rsv prop ed visits,2026-10-24,20,quantile,0.2,0
2026-10-10,2,wk inc rsv prop ed visits,2026-10-24,20,quantile,0.25,0
2026-10-10,2,wk inc rsv prop ed visits,2026-10-24,20,quantile,0.3,0
2026-10-10,2,wk inc rsv prop ed visits,2026-10-24,20,quantile,0.35,0
2026-10-10,2,wk inc rsv prop ed visits,2026-10-24,20,quantile,0.4,0
2026-10-10,2,wk inc rsv prop ed visits,2026-10-24,20,quantile,0.45,0
2026-10-10,2,wk inc rsv prop ed visits,2026-10-24,20,quantile,0.5,0
2026-10-10,2,wk inc rsv prop ed visits,2026-10-24,20,quantile,0.55,9.999999999999968e-5
2026-10-10,2,wk inc rsv prop ed visits,2026-10-24,20,quantile,0.6,2.2838808388083844e-4
2026-10-10,2,wk inc rsv prop ed visits,2026-10-24,20,quantile,0.65,3.999999999999993e-4
2026-10-10,2,wk inc rsv prop ed visits,2026-10-24,20,quantile,0.7,5.999999999999986e-4
2026-10-10,2,wk inc rsv prop ed visits,2026-10-24,20,quantile,0.75,7.999999999999994e-4
2026-10-10,2,wk inc rsv prop ed visits,2026-10-24,20,quantile,0.8,0.0010999999999999992
2026-10-10,2,wk inc rsv prop ed visits,2026-10-24,20,quantile,0.85,0.0013999999999999996
2026-10-10,2,wk inc rsv prop ed visits,2026-10-24,20,quantile,0.9,0.0018547325473254742
2026-10-10,2,wk inc rsv prop ed visits,2026-10-24,20,quantile,0.95,0.0028686972369723588
2026-10-10,2,wk inc rsv prop ed visits,2026-10-24,20,quantile,0.975,0.003681380088800882
2026-10-10,2,wk inc rsv prop ed visits,2026-10-24,20,quantile,0.99,0.004519868448684448
2026-10-10,2,wk inc rsv prop ed visits,2026-10-24,21,quantile,0.01,0
2026-10-10,2,wk inc rsv prop ed visits,2026-10-24,21,quantile,0.025,0
2026-10-10,2,wk inc rsv prop ed visits,2026-10-24,21,quantile,0.05,0
2026-10-10,2,wk inc rsv prop ed visits,2026-10-24,21,quantile,0.1,0
2026-10-10,2,wk inc rsv prop ed visits,2026-10-24,21,quantile,0.15,0
2026-10-10,2,wk inc rsv prop ed visits,2026-10-24,21,quantile,0.2,0
2026-10-10,2,wk inc rsv prop ed visits,2026-10-24,21,quantile,0.25,9.99999999999999e-5
2026-10-10,2,wk inc rsv prop ed visits,2026-10-24,21,quantile,0.3,2.999999999999998e-4
2026-10-10,2,wk inc rsv prop ed visits,2026-10-24,21,quantile,0.35,4.2191851918519394e-4
2026-10-10,2,wk inc rsv prop ed visits,2026-10-24,21,quantile,0.4,5.999999999999998e-4
2026-10-10,2,wk inc rsv prop ed visits,2026-10-24,21,quantile,0.45,7e-4
2026-10-10,2,wk inc rsv prop ed visits,2026-10-24,21,quantile,0.5,8e-4
2026-10-10,2,wk inc rsv prop ed visits,2026-10-24,21,quantile,0.55,9.362172621726259e-4
2026-10-10,2,wk inc rsv prop ed visits,2026-10-24,21,quantile,0.6,0.0010999999999999998
2026-10-10,2,wk inc rsv prop ed visits,2026-10-24,21,quantile,0.65,0.0012000000000000005
2026-10-10,2,wk inc rsv prop ed visits,2026-10-24,21,quantile,0.7,0.0014000000000000002
2026-10-10,2,wk inc rsv prop ed visits,2026-10-24,21,quantile,0.75,0.0016999999999999993
2026-10-10,2,wk inc rsv prop ed visits,2026-10-24,21,quantile,0.8,0.0019999999999999996
2026-10-10,2,wk inc rsv prop ed visits,2026-10-24,21,quantile,0.85,0.0024000000000000002
2026-10-10,2,wk inc rsv prop ed visits,2026-10-24,21,quantile,0.9,0.00305068790687907
2026-10-10,2,wk inc rsv prop ed visits,2026-10-24,21,quantile,0.95,0.004083507185071849
2026-10-10,2,wk inc rsv prop ed visits,2026-10-24,21,quantile,0.975,0.004861085185851857
2026-10-10,2,wk inc rsv prop ed visits,2026-10-24,21,quantile,0.99,0.00590480085800857
2026-10-10,2,wk inc rsv prop ed visits,2026-10-24,22,quantile,0.01,0
2026-10-10,2,wk inc rsv prop ed visits,2026-10-24,22,quantile,0.025,0
2026-10-10,2,wk inc rsv prop ed visits,2026-10-24,22,quantile,0.05,0
2026-10-10,2,wk inc rsv prop ed visits,2026-10-24,22,quantile,0.1,0
2026-10-10,2,wk inc rsv prop ed visits,2026-10-24,22,quantile,0.15,0
2026-10-10,2,wk inc rsv prop ed visits,2026-10-24,22,quantile,0.2,0
2026-10-10,2,wk inc rsv prop ed visits,2026-10-24,22,quantile,0.25,9.999999999999972e-5
2026-10-10,2,wk inc rsv prop ed visits,2026-10-24,22,quantile,0.3,1.9999999999999993e-4
2026-10-10,2,wk inc rsv prop ed visits,2026-10-24,22,quantile,0.35,3.0000000000000003e-4
2026-10-10,2,wk inc rsv prop ed visits,2026-10-24,22,quantile,0.4,4.000000000000001e-4
2026-10-10,2,wk inc rsv prop ed visits,2026-10-24,22,quantile,0.45,5e-4
2026-10-10,2,wk inc rsv prop ed visits,2026-10-24,22,quantile,0.5,6e-4
2026-10-10,2,wk inc rsv prop ed visits,2026-10-24,22,quantile,0.55,6.999999999999999e-4
2026-10-10,2,wk inc rsv prop ed visits,2026-10-24,22,quantile,0.6,7.999999999999998e-4
2026-10-10,2,wk inc rsv prop ed visits,2026-10-24,22,quantile,0.65,9e-4
2026-10-10,2,wk inc rsv prop ed visits,2026-10-24,22,quantile,0.7,0.0010999999999999994
2026-10-10,2,wk inc rsv prop ed visits,2026-10-24,22,quantile,0.75,0.0012834878348783494
2026-10-10,2,wk inc rsv prop ed visits,2026-10-24,22,quantile,0.8,0.0015
2026-10-10,2,wk inc rsv prop ed visits,2026-10-24,22,quantile,0.85,0.0018785278852788486
2026-10-10,2,wk inc rsv prop ed visits,2026-10-24,22,quantile,0.9,0.002399999999999999
2026-10-10,2,wk inc rsv prop ed visits,2026-10-24,22,quantile,0.95,0.003145496954969549
2026-10-10,2,wk inc rsv prop ed visits,2026-10-24,22,quantile,0.975,0.0037764857648576455
2026-10-10,2,wk inc rsv prop ed visits,2026-10-24,22,quantile,0.99,0.00454947592475925
2026-10-10,2,wk inc rsv prop ed visits,2026-10-24,23,quantile,0.01,0
2026-10-10,2,wk inc rsv prop ed visits,2026-10-24,23,quantile,0.025,0
2026-10-10,2,wk inc rsv prop ed visits,2026-10-24,23,quantile,0.05,0
2026-10-10,2,wk inc rsv prop ed visits,2026-10-24,23,quantile,0.1,0
2026-10-10,2,wk inc rsv prop ed visits,2026-10-24,23,quantile,0.15,0
2026-10-10,2,wk inc rsv prop ed visits,2026-10-24,23,quantile,0.2,0
2026-10-10,2,wk inc rsv prop ed visits,2026-10-24,23,quantile,0.25,0
2026-10-10,2,wk inc rsv prop ed visits,2026-10-24,23,quantile,0.3,0
2026-10-10,2,wk inc rsv prop ed visits,2026-10-24,23,quantile,0.35,0
2026-10-10,2,wk inc rsv prop ed visits,2026-10-24,23,quantile,0.4,0
2026-10-10,2,wk inc rsv prop ed visits,2026-10-24,23,quantile,0.45,8.131516293641283e-20
2026-10-10,2,wk inc rsv prop ed visits,2026-10-24,23,quantile,0.5,1e-4
2026-10-10,2,wk inc rsv prop ed visits,2026-10-24,23,quantile,0.55,1.311337113371123e-4
2026-10-10,2,wk inc rsv prop ed visits,2026-10-24,23,quantile,0.6,2.000000000000007e-4
2026-10-10,2,wk inc rsv prop ed visits,2026-10-24,23,quantile,0.65,3.711649116491151e-4
2026-10-10,2,wk inc rsv prop ed visits,2026-10-24,23,quantile,0.7,5e-4
2026-10-10,2,wk inc rsv prop ed visits,2026-10-24,23,quantile,0.75,7e-4
2026-10-10,2,wk inc rsv prop ed visits,2026-10-24,23,quantile,0.8,0.001
2026-10-10,2,wk inc rsv prop ed visits,2026-10-24,23,quantile,0.85,0.0014000000000000002
2026-10-10,2,wk inc rsv prop ed visits,2026-10-24,23,quantile,0.9,0.0018341844418444193
2026-10-10,2,wk inc rsv prop ed visits,2026-10-24,23,quantile,0.95,0.0029134521345213224
2026-10-10,2,wk inc rsv prop ed visits,2026-10-24,23,quantile,0.975,0.003916959244592465
2026-10-10,2,wk inc rsv prop ed visits,2026-10-24,23,quantile,0.99,0.005292847718477181
2026-10-10,2,wk inc rsv prop ed visits,2026-10-24,24,quantile,0.01,0
2026-10-10,2,wk inc rsv prop ed visits,2026-10-24,24,quantile,0.025,0
2026-10-10,2,wk inc rsv prop ed visits,2026-10-24,24,quantile,0.05,0
2026-10-10,2,wk inc rsv prop ed visits,2026-10-24,24,quantile,0.1,0
2026-10-10,2,wk inc rsv prop ed visits,2026-10-24,24,quantile,0.15,0
2026-10-10,2,wk inc rsv prop ed visits,2026-10-24,24,quantile,0.2,0
2026-10-10,2,wk inc rsv prop ed visits,2026-10-24,24,quantile,0.25,0
2026-10-10,2,wk inc rsv prop ed visits,2026-10-24,24,quantile,0.3,0
2026-10-10,2,wk inc rsv prop ed visits,2026-10-24,24,quantile,0.35,0
2026-10-10,2,wk inc rsv prop ed visits,2026-10-24,24,quantile,0.4,6.776263578034403e-20
2026-10-10,2,wk inc rsv prop ed visits,2026-10-24,24,quantile,0.45,1.0000000000000007e-4
2026-10-10,2,wk inc rsv prop ed visits,2026-10-24,24,quantile,0.5,2e-4
2026-10-10,2,wk inc rsv prop ed visits,2026-10-24,24,quantile,0.55,3.0000000000000003e-4
2026-10-10,2,wk inc rsv prop ed visits,2026-10-24,24,quantile,0.6,4.000000000000001e-4
2026-10-10,2,wk inc rsv prop ed visits,2026-10-24,24,quantile,0.65,5.136007860078608e-4
2026-10-10,2,wk inc rsv prop ed visits,2026-10-24,24,quantile,0.7,7.23132931329312e-4
2026-10-10,2,wk inc rsv prop ed visits,2026-10-24,24,quantile,0.75,0.0010000000000000007
2026-10-10,2,wk inc rsv prop ed visits,2026-10-24,24,quantile,0.8,0.0013999999999999996
2026-10-10,2,wk inc rsv prop ed visits,2026-10-24,24,quantile,0.85,0.0018314070140701404
2026-10-10,2,wk inc rsv prop ed visits,2026-10-24,24,quantile,0.9,0.002547753877538779
2026-10-10,2,wk inc rsv prop ed visits,2026-10-24,24,quantile,0.95,0.0034000000000000015
2026-10-10,2,wk inc rsv prop ed visits,2026-10-24,24,quantile,0.975,0.004160860933609334
2026-10-10,2,wk inc rsv prop ed visits,2026-10-24,24,quantile,0.99,0.005295101761017599
2026-10-10,2,wk inc rsv prop ed visits,2026-10-24,25,quantile,0.01,0
2026-10-10,2,wk inc rsv prop ed visits,2026-10-24,25,quantile,0.025,0
2026-10-10,2,wk inc rsv prop ed visits,2026-10-24,25,quantile,0.05,0
2026-10-10,2,wk inc rsv prop ed visits,2026-10-24,25,quantile,0.1,0
2026-10-10,2,wk inc rsv prop ed visits,2026-10-24,25,quantile,0.15,0
2026-10-10,2,wk inc rsv prop ed visits,2026-10-24,25,quantile,0.2,0
2026-10-10,2,wk inc rsv prop ed visits,2026-10-24,25,quantile,0.25,0
2026-10-10,2,wk inc rsv prop ed visits,2026-10-24,25,quantile,0.3,0
2026-10-10,2,wk inc rsv prop ed visits,2026-10-24,25,quantile,0.35,4.914049140491495e-6
2026-10-10,2,wk inc rsv prop ed visits,2026-10-24,25,quantile,0.4,1.0491404914049154e-4
2026-10-10,2,wk inc rsv prop ed visits,2026-10-24,25,quantile,0.45,2.0491404914049148e-4
2026-10-10,2,wk inc rsv prop ed visits,2026-10-24,25,quantile,0.5,3.0000000000000003e-4
2026-10-10,2,wk inc rsv prop ed visits,2026-10-24,25,quantile,0.55,4.0444664446644384e-4
2026-10-10,2,wk inc rsv prop ed visits,2026-10-24,25,quantile,0.6,5.049140491404916e-4
2026-10-10,2,wk inc rsv prop ed visits,2026-10-24,25,quantile,0.65,7.049140491404914e-4
2026-10-10,2,wk inc rsv prop ed visits,2026-10-24,25,quantile,0.7,9.087222872228742e-4
2026-10-10,2,wk inc rsv prop ed visits,2026-10-24,25,quantile,0.75,0.001204914049140492
2026-10-10,2,wk inc rsv prop ed visits,2026-10-24,25,quantile,0.8,0.0016049140491404918
2026-10-10,2,wk inc rsv prop ed visits,2026-10-24,25,quantile,0.85,0.0022049140491404912
2026-10-10,2,wk inc rsv prop ed visits,2026-10-24,25,quantile,0.9,0.0028810485104851105
2026-10-10,2,wk inc rsv prop ed visits,2026-10-24,25,quantile,0.95,0.0038049140491404915
2026-10-10,2,wk inc rsv prop ed visits,2026-10-24,25,quantile,0.975,0.004661836618366199
2026-10-10,2,wk inc rsv prop ed visits,2026-10-24,25,quantile,0.99,0.005904914049140491
2026-10-10,2,wk inc rsv prop ed visits,2026-10-24,26,quantile,0.01,0
2026-10-10,2,wk inc rsv prop ed visits,2026-10-24,26,quantile,0.025,0
2026-10-10,2,wk inc rsv prop ed visits,2026-10-24,26,quantile,0.05,0
2026-10-10,2,wk inc rsv prop ed visits,2026-10-24,26,quantile,0.1,0
2026-10-10,2,wk inc rsv prop ed visits,2026-10-24,26,quantile,0.15,0
2026-10-10,2,wk inc rsv prop ed visits,2026-10-24,26,quantile,0.2,0
2026-10-10,2,wk inc rsv prop ed visits,2026-10-24,26,quantile,0.25,0
2026-10-10,2,wk inc rsv prop ed visits,2026-10-24,26,quantile,0.3,0
2026-10-10,2,wk inc rsv prop ed visits,2026-10-24,26,quantile,0.35,0
2026-10-10,2,wk inc rsv prop ed visits,2026-10-24,26,quantile,0.4,0
2026-10-10,2,wk inc rsv prop ed visits,2026-10-24,26,quantile,0.45,8.131516293641283e-20
2026-10-10,2,wk inc rsv prop ed visits,2026-10-24,26,quantile,0.5,1e-4
2026-10-10,2,wk inc rsv prop ed visits,2026-10-24,26,quantile,0.55,1.9999999999999955e-4
2026-10-10,2,wk inc rsv prop ed visits,2026-10-24,26,quantile,0.6,3e-4
2026-10-10,2,wk inc rsv prop ed visits,2026-10-24,26,quantile,0.65,4.1378753787538056e-4
2026-10-10,2,wk inc rsv prop ed visits,2026-10-24,26,quantile,0.7,6.491608916089146e-4
2026-10-10,2,wk inc rsv prop ed visits,2026-10-24,26,quantile,0.75,9.000000000000003e-4
2026-10-10,2,wk inc rsv prop ed visits,2026-10-24,26,quantile,0.8,0.0012000000000000005
2026-10-10,2,wk inc rsv prop ed visits,2026-10-24,26,quantile,0.85,0.001612836078360787
2026-10-10,2,wk inc rsv prop ed visits,2026-10-24,26,quantile,0.9,0.0023
2026-10-10,2,wk inc rsv prop ed visits,2026-10-24,26,quantile,0.95,0.003300000000000001
2026-10-10,2,wk inc rsv prop ed visits,2026-10-24,26,quantile,0.975,0.004246325488254876
2026-10-10,2,wk inc rsv prop ed visits,2026-10-24,26,quantile,0.99,0.005194269372693746
2026-10-10,2,wk inc rsv prop ed visits,2026-10-24,27,quantile,0.01,0
2026-10-10,2,wk inc rsv prop ed visits,2026-10-24,27,quantile,0.025,0
2026-10-10,2,wk inc rsv prop ed visits,2026-10-24,27,quantile,0.05,0
2026-10-10,2,wk inc rsv prop ed visits,2026-10-24,27,quantile,0.1,0
2026-10-10,2,wk inc rsv prop ed visits,2026-10-24,27,quantile,0.15,0
2026-10-10,2,wk inc rsv prop ed visits,2026-10-24,27,quantile,0.2,0
2026-10-10,2,wk inc rsv prop ed visits,2026-10-24,27,quantile,0.25,0
2026-10-10,2,wk inc rsv prop ed visits,2026-10-24,27,quantile,0.3,0
2026-10-10,2,wk inc rsv prop ed visits,2026-10-24,27,quantile,0.35,0
2026-10-10,2,wk inc rsv prop ed visits,2026-10-24,27,quantile,0.4,0
2026-10-10,2,wk inc rsv prop ed visits,2026-10-24,27,quantile,0.45,0
2026-10-10,2,wk inc rsv prop ed visits,2026-10-24,27,quantile,0.5,0
2026-10-10,2,wk inc rsv prop ed visits,2026-10-24,27,quantile,0.55,1.0000000000000013e-4
2026-10-10,2,wk inc rsv prop ed visits,2026-10-24,27,quantile,0.6,2.9549875498754714e-4
2026-10-10,2,wk inc rsv prop ed visits,2026-10-24,27,quantile,0.65,4.0000000000000116e-4
2026-10-10,2,wk inc rsv prop ed visits,2026-10-24,27,quantile,0.7,6.741154411544093e-4
2026-10-10,2,wk inc rsv prop ed visits,2026-10-24,27,quantile,0.75,9.000000000000011e-4
2026-10-10,2,wk inc rsv prop ed visits,2026-10-24,27,quantile,0.8,0.0012789877898779012
2026-10-10,2,wk inc rsv prop ed visits,2026-10-24,27,quantile,0.85,0.0016000000000000018
2026-10-10,2,wk inc rsv prop ed visits,2026-10-24,27,quantile,0.9,0.0021999999999999997
2026-10-10,2,wk inc rsv prop ed visits,2026-10-24,27,quantile,0.95,0.003217117421174218
2026-10-10,2,wk inc rsv prop ed visits,2026-10-24,27,quantile,0.975,0.00422984594845947
2026-10-10,2,wk inc rsv prop ed visits,2026-10-24,27,quantile,0.99,0.005613720997209951
2026-10-10,2,wk inc rsv prop ed visits,2026-10-24,28,quantile,0.01,0
2026-10-10,2,wk inc rsv prop ed visits,2026-10-24,28,quantile,0.025,0
2026-10-10,2,wk inc rsv prop ed visits,2026-10-24,28,quantile,0.05,0
2026-10-10,2,wk inc rsv prop ed visits,2026-10-24,28,quantile,0.1,0
2026-10-10,2,wk inc rsv prop ed visits,2026-10-24,28,quantile,0.15,0
2026-10-10,2,wk inc rsv prop ed visits,2026-10-24,28,quantile,0.2,0
2026-10-10,2,wk inc rsv prop ed visits,2026-10-24,28,quantile,0.25,1.9999999999999987e-4
2026-10-10,2,wk inc rsv prop ed visits,2026-10-24,28,quantile,0.3,3.9870428704286723e-4
2026-10-10,2,wk inc rsv prop ed visits,2026-10-24,28,quantile,0.35,4.999999999999999e-4
2026-10-10,2,wk inc rsv prop ed visits,2026-10-24,28,quantile,0.4,6e-4
2026-10-10,2,wk inc rsv prop ed visits,2026-10-24,28,quantile,0.45,7e-4
2026-10-10,2,wk inc rsv prop ed visits,2026-10-24,28,quantile,0.5,8e-4
2026-10-10,2,wk inc rsv prop ed visits,2026-10-24,28,quantile,0.55,9e-4
2026-10-10,2,wk inc rsv prop ed visits,2026-10-24,28,quantile,0.6,0.001
2026-10-10,2,wk inc rsv prop ed visits,2026-10-24,28,quantile,0.65,0.0011860731107311054
2026-10-10,2,wk inc rsv prop ed visits,2026-10-24,28,quantile,0.7,0.0013
2026-10-10,2,wk inc rsv prop ed visits,2026-10-24,28,quantile,0.75,0.0015
2026-10-10,2,wk inc rsv prop ed visits,2026-10-24,28,quantile,0.8,0.0017999999999999995
2026-10-10,2,wk inc rsv prop ed visits,2026-10-24,28,quantile,0.85,0.0021000000000000003
2026-10-10,2,wk inc rsv prop ed visits,2026-10-24,28,quantile,0.9,0.0025999999999999994
2026-10-10,2,wk inc rsv prop ed visits,2026-10-24,28,quantile,0.95,0.003299999999999999
2026-10-10,2,wk inc rsv prop ed visits,2026-10-24,28,quantile,0.975,0.0038518236432364284
2026-10-10,2,wk inc rsv prop ed visits,2026-10-24,28,quantile,0.99,0.00450560084600846
2026-10-10,2,wk inc rsv prop ed visits,2026-10-24,29,quantile,0.01,0
2026-10-10,2,wk inc rsv prop ed visits,2026-10-24,29,quantile,0.025,0
2026-10-10,2,wk inc rsv prop ed visits,2026-10-24,29,quantile,0.05,0
2026-10-10,2,wk inc rsv prop ed visits,2026-10-24,29,quantile,0.1,0
2026-10-10,2,wk inc rsv prop ed visits,2026-10-24,29,quantile,0.15,0
2026-10-10,2,wk inc rsv prop ed visits,2026-10-24,29,quantile,0.2,0
2026-10-10,2,wk inc rsv prop ed visits,2026-10-24,29,quantile,0.25,0
2026-10-10,2,wk inc rsv prop ed visits,2026-10-24,29,quantile,0.3,0
2026-10-10,2,wk inc rsv prop ed visits,2026-10-24,29,quantile,0.35,0
2026-10-10,2,wk inc rsv prop ed visits,2026-10-24,29,quantile,0.4,0
2026-10-10,2,wk inc rsv prop ed visits,2026-10-24,29,quantile,0.45,9.999999999999979e-5
2026-10-10,2,wk inc rsv prop ed visits,2026-10-24,29,quantile,0.5,1e-4
2026-10-10,2,wk inc rsv prop ed visits,2026-10-24,29,quantile,0.55,1.999999999999998e-4
2026-10-10,2,wk inc rsv prop ed visits,2026-10-24,29,quantile,0.6,2.9999999999999976e-4
2026-10-10,2,wk inc rsv prop ed visits,2026-10-24,29,quantile,0.65,3.9999999999999964e-4
2026-10-10,2,wk inc rsv prop ed visits,2026-10-24,29,quantile,0.7,4.999999999999998e-4
2026-10-10,2,wk inc rsv prop ed visits,2026-10-24,29,quantile,0.75,6.117736177361791e-4
2026-10-10,2,wk inc rsv prop ed visits,2026-10-24,29,quantile,0.8,8.99999999999999e-4
2026-10-10,2,wk inc rsv prop ed visits,2026-10-24,29,quantile,0.85,0.0012574325743257416
2026-10-10,2,wk inc rsv prop ed visits,2026-10-24,29,quantile,0.9,0.0017999999999999997
2026-10-10,2,wk inc rsv prop ed visits,2026-10-24,29,quantile,0.95,0.0025415162151620953
2026-10-10,2,wk inc rsv prop ed visits,2026-10-24,29,quantile,0.975,0.0032724630996310016
2026-10-10,2,wk inc rsv prop ed visits,2026-10-24,29,quantile,0.99,0.0044146983469835034
2026-10-10,2,wk inc rsv prop ed visits,2026-10-24,30,quantile,0.01,0
2026-10-10,2,wk inc rsv prop ed visits,2026-10-24,30,quantile,0.025,0
2026-10-10,2,wk inc rsv prop ed visits,2026-10-24,30,quantile,0.05,0
2026-10-10,2,wk inc rsv prop ed visits,2026-10-24,30,quantile,0.1,0
2026-10-10,2,wk inc rsv prop ed visits,2026-10-24,30,quantile,0.15,0
2026-10-10,2,wk inc rsv prop ed visits,2026-10-24,30,quantile,0.2,0
2026-10-10,2,wk inc rsv prop ed visits,2026-10-24,30,quantile,0.25,0
2026-10-10,2,wk inc rsv prop ed visits,2026-10-24,30,quantile,0.3,0
2026-10-10,2,wk inc rsv prop ed visits,2026-10-24,30,quantile,0.35,0
2026-10-10,2,wk inc rsv prop ed visits,2026-10-24,30,quantile,0.4,0
2026-10-10,2,wk inc rsv prop ed visits,2026-10-24,30,quantile,0.45,0
2026-10-10,2,wk inc rsv prop ed visits,2026-10-24,30,quantile,0.5,0
2026-10-10,2,wk inc rsv prop ed visits,2026-10-24,30,quantile,0.55,1.000000000000001e-4
2026-10-10,2,wk inc rsv prop ed visits,2026-10-24,30,quantile,0.6,2.0000000000000025e-4
2026-10-10,2,wk inc rsv prop ed visits,2026-10-24,30,quantile,0.65,4.0000000000000024e-4
2026-10-10,2,wk inc rsv prop ed visits,2026-10-24,30,quantile,0.7,6.999999999999975e-4
2026-10-10,2,wk inc rsv prop ed visits,2026-10-24,30,quantile,0.75,9.000000000000004e-4
2026-10-10,2,wk inc rsv prop ed visits,2026-10-24,30,quantile,0.8,0.0014000000000000009
2026-10-10,2,wk inc rsv prop ed visits,2026-10-24,30,quantile,0.85,0.0020644100441004386
2026-10-10,2,wk inc rsv prop ed visits,2026-10-24,30,quantile,0.9,0.002800000000000001
2026-10-10,2,wk inc rsv prop ed visits,2026-10-24,30,quantile,0.95,0.00403517445174451
2026-10-10,2,wk inc rsv prop ed visits,2026-10-24,30,quantile,0.975,0.005045035400353988
2026-10-10,2,wk inc rsv prop ed visits,2026-10-24,30,quantile,0.99,0.006219184741847371
2026-10-10,2,wk inc rsv prop ed visits,2026-10-24,31,quantile,0.01,0
2026-10-10,2,wk inc rsv prop ed visits,2026-10-24,31,quantile,0.025,0
2026-10-10,2,wk inc rsv prop ed visits,2026-10-24,31,quantile,0.05,0
2026-10-10,2,wk inc rsv prop ed visits,2026-10-24,31,quantile,0.1,0
2026-10-10,2,wk inc rsv prop ed visits,2026-10-24,31,quantile,0.15,0
2026-10-10,2,wk inc rsv prop ed visits,2026-10-24,31,quantile,0.2,0
2026-10-10,2,wk inc rsv prop ed visits,2026-10-24,31,quantile,0.25,0
2026-10-10,2,wk inc rsv prop ed visits,2026-10-24,31,quantile,0.3,0
2026-10-10,2,wk inc rsv prop ed visits,2026-10-24,31,quantile,0.35,0
2026-10-10,2,wk inc rsv prop ed visits,2026-10-24,31,quantile,0.4,0
2026-10-10,2,wk inc rsv prop ed visits,2026-10-24,31,quantile,0.45,2.710505431213761e-20
2026-10-10,2,wk inc rsv prop ed visits,2026-10-24,31,quantile,0.5,1e-4
2026-10-10,2,wk inc rsv prop ed visits,2026-10-24,31,quantile,0.55,1.9999999999999993e-4
2026-10-10,2,wk inc rsv prop ed visits,2026-10-24,31,quantile,0.6,3e-4
2026-10-10,2,wk inc rsv prop ed visits,2026-10-24,31,quantile,0.65,4.0000000000000024e-4
2026-10-10,2,wk inc rsv prop ed visits,2026-10-24,31,quantile,0.7,6.000000000000002e-4
2026-10-10,2,wk inc rsv prop ed visits,2026-10-24,31,quantile,0.75,8.993902439024378e-4
2026-10-10,2,wk inc rsv prop ed visits,2026-10-24,31,quantile,0.8,0.0011667248672486714
2026-10-10,2,wk inc rsv prop ed visits,2026-10-24,31,quantile,0.85,0.0015000000000000002
2026-10-10,2,wk inc rsv prop ed visits,2026-10-24,31,quantile,0.9,0.001989104491044911
2026-10-10,2,wk inc rsv prop ed visits,2026-10-24,31,quantile,0.95,0.002764483994839945
2026-10-10,2,wk inc rsv prop ed visits,2026-10-24,31,quantile,0.975,0.0034180370803707986
2026-10-10,2,wk inc rsv prop ed visits,2026-10-24,31,quantile,0.99,0.004393362643626434
2026-10-10,2,wk inc rsv prop ed visits,2026-10-24,32,quantile,0.01,0
2026-10-10,2,wk inc rsv prop ed visits,2026-10-24,32,quantile,0.025,0
2026-10-10,2,wk inc rsv prop ed visits,2026-10-24,32,quantile,0.05,0
2026-10-10,2,wk inc rsv prop ed visits,2026-10-24,32,quantile,0.1,0
2026-10-10,2,wk inc rsv prop ed visits,2026-10-24,32,quantile,0.15,0
2026-10-10,2,wk inc rsv prop ed visits,2026-10-24,32,quantile,0.2,0
2026-10-10,2,wk inc rsv prop ed visits,2026-10-24,32,quantile,0.25,0
2026-10-10,2,wk inc rsv prop ed visits,2026-10-24,32,quantile,0.3,0
2026-10-10,2,wk inc rsv prop ed visits,2026-10-24,32,quantile,0.35,0
2026-10-10,2,wk inc rsv prop ed visits,2026-10-24,32,quantile,0.4,9.486769009248164e-20
2026-10-10,2,wk inc rsv prop ed visits,2026-10-24,32,quantile,0.45,1.0000000000000007e-4
2026-10-10,2,wk inc rsv prop ed visits,2026-10-24,32,quantile,0.5,2e-4
2026-10-10,2,wk inc rsv prop ed visits,2026-10-24,32,quantile,0.55,2.999999999999998e-4
2026-10-10,2,wk inc rsv prop ed visits,2026-10-24,32,quantile,0.6,4.000000000000001e-4
2026-10-10,2,wk inc rsv prop ed visits,2026-10-24,32,quantile,0.65,5.000000000000002e-4
2026-10-10,2,wk inc rsv prop ed visits,2026-10-24,32,quantile,0.7,7e-4
2026-10-10,2,wk inc rsv prop ed visits,2026-10-24,32,quantile,0.75,9.000000000000001e-4
2026-10-10,2,wk inc rsv prop ed visits,2026-10-24,32,quantile,0.8,0.0011999999999999997
2026-10-10,2,wk inc rsv prop ed visits,2026-10-24,32,quantile,0.85,0.0015573796237962365
2026-10-10,2,wk inc rsv prop ed visits,2026-10-24,32,quantile,0.9,0.0020621639216392125
2026-10-10,2,wk inc rsv prop ed visits,2026-10-24,32,quantile,0.95,0.0028
2026-10-10,2,wk inc rsv prop ed visits,2026-10-24,32,quantile,0.975,0.0033414412894128905
2026-10-10,2,wk inc rsv prop ed visits,2026-10-24,32,quantile,0.99,0.004117618546185456
2026-10-10,2,wk inc rsv prop ed visits,2026-10-24,33,quantile,0.01,0
2026-10-10,2,wk inc rsv prop ed visits,2026-10-24,33,quantile,0.025,0
2026-10-10,2,wk inc rsv prop ed visits,2026-10-24,33,quantile,0.05,0
2026-10-10,2,wk inc rsv prop ed visits,2026-10-24,33,quantile,0.1,0
2026-10-10,2,wk inc rsv prop ed visits,2026-10-24,33,quantile,0.15,0
2026-10-10,2,wk inc rsv prop ed visits,2026-10-24,33,quantile,0.2,0
2026-10-10,2,wk inc rsv prop ed visits,2026-10-24,33,quantile,0.25,0
2026-10-10,2,wk inc rsv prop ed visits,2026-10-24,33,quantile,0.3,0
2026-10-10,2,wk inc rsv prop ed visits,2026-10-24,33,quantile,0.35,0
2026-10-10,2,wk inc rsv prop ed visits,2026-10-24,33,quantile,0.4,0
2026-10-10,2,wk inc rsv prop ed visits,2026-10-24,33,quantile,0.45,0
2026-10-10,2,wk inc rsv prop ed visits,2026-10-24,33,quantile,0.5,0
2026-10-10,2,wk inc rsv prop ed visits,2026-10-24,33,quantile,0.55,1.0000000000000045e-4
2026-10-10,2,wk inc rsv prop ed visits,2026-10-24,33,quantile,0.6,3.0000000000000003e-4
2026-10-10,2,wk inc rsv prop ed visits,2026-10-24,33,quantile,0.65,5.000000000000001e-4
2026-10-10,2,wk inc rsv prop ed visits,2026-10-24,33,quantile,0.7,7.486943869438649e-4
2026-10-10,2,wk inc rsv prop ed visits,2026-10-24,33,quantile,0.75,0.0010506405064050638
2026-10-10,2,wk inc rsv prop ed visits,2026-10-24,33,quantile,0.8,0.0014780103801038044
2026-10-10,2,wk inc rsv prop ed visits,2026-10-24,33,quantile,0.85,0.0019999999999999996
2026-10-10,2,wk inc rsv prop ed visits,2026-10-24,33,quantile,0.9,0.002872176221762218
2026-10-10,2,wk inc rsv prop ed visits,2026-10-24,33,quantile,0.95,0.004163762337623358
2026-10-10,2,wk inc rsv prop ed visits,2026-10-24,33,quantile,0.975,0.005077670851708527
2026-10-10,2,wk inc rsv prop ed visits,2026-10-24,33,quantile,0.99,0.0060343142231422215
2026-10-10,2,wk inc rsv prop ed visits,2026-10-24,34,quantile,0.01,0
2026-10-10,2,wk inc rsv prop ed visits,2026-10-24,34,quantile,0.025,0
2026-10-10,2,wk inc rsv prop ed visits,2026-10-24,34,quantile,0.05,0
2026-10-10,2,wk inc rsv prop ed visits,2026-10-24,34,quantile,0.1,0
2026-10-10,2,wk inc rsv prop ed visits,2026-10-24,34,quantile,0.15,0
2026-10-10,2,wk inc rsv prop ed visits,2026-10-24,34,quantile,0.2,0
2026-10-10,2,wk inc rsv prop ed visits,2026-10-24,34,quantile,0.25,0
2026-10-10,2,wk inc rsv prop ed visits,2026-10-24,34,quantile,0.3,9.999999999999987e-5
2026-10-10,2,wk inc rsv prop ed visits,2026-10-24,34,quantile,0.35,1.9999999999999987e-4
2026-10-10,2,wk inc rsv prop ed visits,2026-10-24,34,quantile,0.4,2.9999999999999987e-4
2026-10-10,2,wk inc rsv prop ed visits,2026-10-24,34,quantile,0.45,3.42232622326224e-4
2026-10-10,2,wk inc rsv prop ed visits,2026-10-24,34,quantile,0.5,4e-4
2026-10-10,2,wk inc rsv prop ed visits,2026-10-24,34,quantile,0.55,5e-4
2026-10-10,2,wk inc rsv prop ed visits,2026-10-24,34,quantile,0.6,6.000000000000001e-4
2026-10-10,2,wk inc rsv prop ed visits,2026-10-24,34,quantile,0.65,7.000000000000001e-4
2026-10-10,2,wk inc rsv prop ed visits,2026-10-24,34,quantile,0.7,8.829058290582906e-4
2026-10-10,2,wk inc rsv prop ed visits,2026-10-24,34,quantile,0.75,0.0010155416554165552
2026-10-10,2,wk inc rsv prop ed visits,2026-10-24,34,quantile,0.8,0.0012999999999999995
2026-10-10,2,wk inc rsv prop ed visits,2026-10-24,34,quantile,0.85,0.0015231974319743192
2026-10-10,2,wk inc rsv prop ed visits,2026-10-24,34,quantile,0.9,0.0019000000000000013
2026-10-10,2,wk inc rsv prop ed visits,2026-10-24,34,quantile,0.95,0.0025994613446134384
2026-10-10,2,wk inc rsv prop ed visits,2026-10-24,34,quantile,0.975,0.0031
2026-10-10,2,wk inc rsv prop ed visits,2026-10-24,34,quantile,0.99,0.003601024180241801
2026-10-10,2,wk inc rsv prop ed visits,2026-10-24,35,quantile,0.01,0
2026-10-10,2,wk inc rsv prop ed visits,2026-10-24,35,quantile,0.025,0
2026-10-10,2,wk inc rsv prop ed visits,2026-10-24,35,quantile,0.05,0
2026-10-10,2,wk inc rsv prop ed visits,2026-10-24,35,quantile,0.1,0
2026-10-10,2,wk inc rsv prop ed visits,2026-10-24,35,quantile,0.15,0
2026-10-10,2,wk inc rsv prop ed visits,2026-10-24,35,quantile,0.2,0
2026-10-10,2,wk inc rsv prop ed visits,2026-10-24,35,quantile,0.25,0
2026-10-10,2,wk inc rsv prop ed visits,2026-10-24,35,quantile,0.3,0
2026-10-10,2,wk inc rsv prop ed visits,2026-10-24,35,quantile,0.35,1.3552527156068805e-20
2026-10-10,2,wk inc rsv prop ed visits,2026-10-24,35,quantile,0.4,1.0000000000000005e-4
2026-10-10,2,wk inc rsv prop ed visits,2026-10-24,35,quantile,0.45,2.5141436414363944e-4
2026-10-10,2,wk inc rsv prop ed visits,2026-10-24,35,quantile,0.5,4e-4
2026-10-10,2,wk inc rsv prop ed visits,2026-10-24,35,quantile,0.55,5e-4
2026-10-10,2,wk inc rsv prop ed visits,2026-10-24,35,quantile,0.6,7.000000000000001e-4
2026-10-10,2,wk inc rsv prop ed visits,2026-10-24,35,quantile,0.65,9.000000000000002e-4
2026-10-10,2,wk inc rsv prop ed visits,2026-10-24,35,quantile,0.7,0.0012000000000000003
2026-10-10,2,wk inc rsv prop ed visits,2026-10-24,35,quantile,0.75,0.0016196486964869636
2026-10-10,2,wk inc rsv prop ed visits,2026-10-24,35,quantile,0.8,0.0022
2026-10-10,2,wk inc rsv prop ed visits,2026-10-24,35,quantile,0.85,0.002962696726967265
2026-10-10,2,wk inc rsv prop ed visits,2026-10-24,35,quantile,0.9,0.004039193891938909
2026-10-10,2,wk inc rsv prop ed visits,2026-10-24,35,quantile,0.95,0.005863551585515833
2026-10-10,2,wk inc rsv prop ed visits,2026-10-24,35,quantile,0.975,0.008145756082560827
2026-10-10,2,wk inc rsv prop ed visits,2026-10-24,35,quantile,0.99,0.009745379773797733
2026-10-10,2,wk inc rsv prop ed visits,2026-10-24,36,quantile,0.01,0
2026-10-10,2,wk inc rsv prop ed visits,2026-10-24,36,quantile,0.025,0
2026-10-10,2,wk inc rsv prop ed visits,2026-10-24,36,quantile,0.05,0
2026-10-10,2,wk inc rsv prop ed visits,2026-10-24,36,quantile,0.1,0
2026-10-10,2,wk inc rsv prop ed visits,2026-10-24,36,quantile,0.15,0
2026-10-10,2,wk inc rsv prop ed visits,2026-10-24,36,quantile,0.2,0
2026-10-10,2,wk inc rsv prop ed visits,2026-10-24,36,quantile,0.25,0
2026-10-10,2,wk inc rsv prop ed visits,2026-10-24,36,quantile,0.3,0
2026-10-10,2,wk inc rsv prop ed visits,2026-10-24,36,quantile,0.35,1.9364293642936938e-5
2026-10-10,2,wk inc rsv prop ed visits,2026-10-24,36,quantile,0.4,9.999999999999994e-5
2026-10-10,2,wk inc rsv prop ed visits,2026-10-24,36,quantile,0.45,1.9999999999999993e-4
2026-10-10,2,wk inc rsv prop ed visits,2026-10-24,36,quantile,0.5,2e-4
2026-10-10,2,wk inc rsv prop ed visits,2026-10-24,36,quantile,0.55,2.999999999999999e-4
2026-10-10,2,wk inc rsv prop ed visits,2026-10-24,36,quantile,0.6,3.9999999999999986e-4
2026-10-10,2,wk inc rsv prop ed visits,2026-10-24,36,quantile,0.65,4.999999999999998e-4
2026-10-10,2,wk inc rsv prop ed visits,2026-10-24,36,quantile,0.7,6e-4
2026-10-10,2,wk inc rsv prop ed visits,2026-10-24,36,quantile,0.75,7.000000000000003e-4
2026-10-10,2,wk inc rsv prop ed visits,2026-10-24,36,quantile,0.8,9e-4
2026-10-10,2,wk inc rsv prop ed visits,2026-10-24,36,quantile,0.85,0.0011000000000000005
2026-10-10,2,wk inc rsv prop ed visits,2026-10-24,36,quantile,0.9,0.0014208508085080934
2026-10-10,2,wk inc rsv prop ed visits,2026-10-24,36,quantile,0.95,0.0020265574655746435
2026-10-10,2,wk inc rsv prop ed visits,2026-10-24,36,quantile,0.975,0.002627736252362518
2026-10-10,2,wk inc rsv prop ed visits,2026-10-24,36,quantile,0.99,0.0031000000000000008
2026-10-10,2,wk inc rsv prop ed visits,2026-10-24,37,quantile,0.01,0
2026-10-10,2,wk inc rsv prop ed visits,2026-10-24,37,quantile,0.025,0
2026-10-10,2,wk inc rsv prop ed visits,2026-10-24,37,quantile,0.05,0
2026-10-10,2,wk inc rsv prop ed visits,2026-10-24,37,quantile,0.1,0
2026-10-10,2,wk inc rsv prop ed visits,2026-10-24,37,quantile,0.15,0
2026-10-10,2,wk inc rsv prop ed visits,2026-10-24,37,quantile,0.2,0
2026-10-10,2,wk inc rsv prop ed visits,2026-10-24,37,quantile,0.25,0
2026-10-10,2,wk inc rsv prop ed visits,2026-10-24,37,quantile,0.3,0
2026-10-10,2,wk inc rsv prop ed visits,2026-10-24,37,quantile,0.35,1.0000000000000032e-4
2026-10-10,2,wk inc rsv prop ed visits,2026-10-24,37,quantile,0.4,2.3847118471184708e-4
2026-10-10,2,wk inc rsv prop ed visits,2026-10-24,37,quantile,0.45,3.1411859118591083e-4
2026-10-10,2,wk inc rsv prop ed visits,2026-10-24,37,quantile,0.5,4e-4
2026-10-10,2,wk inc rsv prop ed visits,2026-10-24,37,quantile,0.55,5e-4
2026-10-10,2,wk inc rsv prop ed visits,2026-10-24,37,quantile,0.6,6.765673656736565e-4
2026-10-10,2,wk inc rsv prop ed visits,2026-10-24,37,quantile,0.65,7.999999999999997e-4
2026-10-10,2,wk inc rsv prop ed visits,2026-10-24,37,quantile,0.7,9.999999999999998e-4
2026-10-10,2,wk inc rsv prop ed visits,2026-10-24,37,quantile,0.75,0.0012717082170821737
2026-10-10,2,wk inc rsv prop ed visits,2026-10-24,37,quantile,0.8,0.0015212594125941252
2026-10-10,2,wk inc rsv prop ed visits,2026-10-24,37,quantile,0.85,0.0019025948759487585
2026-10-10,2,wk inc rsv prop ed visits,2026-10-24,37,quantile,0.9,0.0024539213392133926
2026-10-10,2,wk inc rsv prop ed visits,2026-10-24,37,quantile,0.95,0.0033057960579605753
2026-10-10,2,wk inc rsv prop ed visits,2026-10-24,37,quantile,0.975,0.00444580220802208
2026-10-10,2,wk inc rsv prop ed visits,2026-10-24,37,quantile,0.99,0.005375931329313297
2026-10-10,2,wk inc rsv prop ed visits,2026-10-24,38,quantile,0.01,0
2026-10-10,2,wk inc rsv prop ed visits,2026-10-24,38,quantile,0.025,0
2026-10-10,2,wk inc rsv prop ed visits,2026-10-24,38,quantile,0.05,0
2026-10-10,2,wk inc rsv prop ed visits,2026-10-24,38,quantile,0.1,0
2026-10-10,2,wk inc rsv prop ed visits,2026-10-24,38,quantile,0.15,0
2026-10-10,2,wk inc rsv prop ed visits,2026-10-24,38,quantile,0.2,0
2026-10-10,2,wk inc rsv prop ed visits,2026-10-24,38,quantile,0.25,0
2026-10-10,2,wk inc rsv prop ed visits,2026-10-24,38,quantile,0.3,1.378474784747842e-4
2026-10-10,2,wk inc rsv prop ed visits,2026-10-24,38,quantile,0.35,2.999999999999999e-4
2026-10-10,2,wk inc rsv prop ed visits,2026-10-24,38,quantile,0.4,4.999999999999998e-4
2026-10-10,2,wk inc rsv prop ed visits,2026-10-24,38,quantile,0.45,6e-4
2026-10-10,2,wk inc rsv prop ed visits,2026-10-24,38,quantile,0.5,7.000000000000001e-4
2026-10-10,2,wk inc rsv prop ed visits,2026-10-24,38,quantile,0.55,8.999999999999999e-4
2026-10-10,2,wk inc rsv prop ed visits,2026-10-24,38,quantile,0.6,0.0010000000000000026
2026-10-10,2,wk inc rsv prop ed visits,2026-10-24,38,quantile,0.65,0.0012000000000000008
2026-10-10,2,wk inc rsv prop ed visits,2026-10-24,38,quantile,0.7,0.0014999999999999996
2026-10-10,2,wk inc rsv prop ed visits,2026-10-24,38,quantile,0.75,0.0017999999999999997
2026-10-10,2,wk inc rsv prop ed visits,2026-10-24,38,quantile,0.8,0.00215606996069961
2026-10-10,2,wk inc rsv prop ed visits,2026-10-24,38,quantile,0.85,0.002678886538865384
2026-10-10,2,wk inc rsv prop ed visits,2026-10-24,38,quantile,0.9,0.003599999999999998
2026-10-10,2,wk inc rsv prop ed visits,2026-10-24,38,quantile,0.95,0.005499999999999999
2026-10-10,2,wk inc rsv prop ed visits,2026-10-24,38,quantile,0.975,0.007222631776317778
2026-10-10,2,wk inc rsv prop ed visits,2026-10-24,38,quantile,0.99,0.008873923949239464
2026-10-10,2,wk inc rsv prop ed visits,2026-10-24,39,quantile,0.01,0
2026-10-10,2,wk inc rsv prop ed visits,2026-10-24,39,quantile,0.025,0
2026-10-10,2,wk inc rsv prop ed visits,2026-10-24,39,quantile,0.05,0
2026-10-10,2,wk inc rsv prop ed visits,2026-10-24,39,quantile,0.1,0
2026-10-10,2,wk inc rsv prop ed visits,2026-10-24,39,quantile,0.15,0
2026-10-10,2,wk inc rsv prop ed visits,2026-10-24,39,quantile,0.2,0
2026-10-10,2,wk inc rsv prop ed visits,2026-10-24,39,quantile,0.25,0
2026-10-10,2,wk inc rsv prop ed visits,2026-10-24,39,quantile,0.3,0
2026-10-10,2,wk inc rsv prop ed visits,2026-10-24,39,quantile,0.35,0
2026-10-10,2,wk inc rsv prop ed visits,2026-10-24,39,quantile,0.4,0
2026-10-10,2,wk inc rsv prop ed visits,2026-10-24,39,quantile,0.45,5.5454054540548186e-5
2026-10-10,2,wk inc rsv prop ed visits,2026-10-24,39,quantile,0.5,1e-4
2026-10-10,2,wk inc rsv prop ed visits,2026-10-24,39,quantile,0.55,1.554540545405482e-4
2026-10-10,2,wk inc rsv prop ed visits,2026-10-24,39,quantile,0.6,2.554540545405482e-4
2026-10-10,2,wk inc rsv prop ed visits,2026-10-24,39,quantile,0.65,3.5545405454054824e-4
2026-10-10,2,wk inc rsv prop ed visits,2026-10-24,39,quantile,0.7,4.554540545405486e-4
2026-10-10,2,wk inc rsv prop ed visits,2026-10-24,39,quantile,0.75,6.554540545405483e-4
2026-10-10,2,wk inc rsv prop ed visits,2026-10-24,39,quantile,0.8,8.554540545405484e-4
2026-10-10,2,wk inc rsv prop ed visits,2026-10-24,39,quantile,0.85,0.0011510947109471112
2026-10-10,2,wk inc rsv prop ed visits,2026-10-24,39,quantile,0.9,0.0016234698346983506
2026-10-10,2,wk inc rsv prop ed visits,2026-10-24,39,quantile,0.95,0.0022554540545405483
2026-10-10,2,wk inc rsv prop ed visits,2026-10-24,39,quantile,0.975,0.0028519703447034486
2026-10-10,2,wk inc rsv prop ed visits,2026-10-24,39,quantile,0.99,0.003570307563075625
2026-10-10,2,wk inc rsv prop ed visits,2026-10-24,40,quantile,0.01,0
2026-10-10,2,wk inc rsv prop ed visits,2026-10-24,40,quantile,0.025,0
2026-10-10,2,wk inc rsv prop ed visits,2026-10-24,40,quantile,0.05,0
2026-10-10,2,wk inc rsv prop ed visits,2026-10-24,40,quantile,0.1,0
2026-10-10,2,wk inc rsv prop ed visits,2026-10-24,40,quantile,0.15,0
2026-10-10,2,wk inc rsv prop ed visits,2026-10-24,40,quantile,0.2,0
2026-10-10,2,wk inc rsv prop ed visits,2026-10-24,40,quantile,0.25,0
2026-10-10,2,wk inc rsv prop ed visits,2026-10-24,40,quantile,0.3,0
2026-10-10,2,wk inc rsv prop ed visits,2026-10-24,40,quantile,0.35,0
2026-10-10,2,wk inc rsv prop ed visits,2026-10-24,40,quantile,0.4,1.7124171241711085e-5
2026-10-10,2,wk inc rsv prop ed visits,2026-10-24,40,quantile,0.45,1.9999999999999966e-4
2026-10-10,2,wk inc rsv prop ed visits,2026-10-24,40,quantile,0.5,3e-4
2026-10-10,2,wk inc rsv prop ed visits,2026-10-24,40,quantile,0.55,4e-4
2026-10-10,2,wk inc rsv prop ed visits,2026-10-24,40,quantile,0.6,5.605076050760509e-4
2026-10-10,2,wk inc rsv prop ed visits,2026-10-24,40,quantile,0.65,7.000000000000005e-4
2026-10-10,2,wk inc rsv prop ed visits,2026-10-24,40,quantile,0.7,9.972516725167244e-4
2026-10-10,2,wk inc rsv prop ed visits,2026-10-24,40,quantile,0.75,0.0012994239942399426
2026-10-10,2,wk inc rsv prop ed visits,2026-10-24,40,quantile,0.8,0.0016000000000000005
2026-10-10,2,wk inc rsv prop ed visits,2026-10-24,40,quantile,0.85,0.0020126409264092644
2026-10-10,2,wk inc rsv prop ed visits,2026-10-24,40,quantile,0.9,0.0026
2026-10-10,2,wk inc rsv prop ed visits,2026-10-24,40,quantile,0.95,0.0036243410434104264
2026-10-10,2,wk inc rsv prop ed visits,2026-10-24,40,quantile,0.975,0.004413945864458643
2026-10-10,2,wk inc rsv prop ed visits,2026-10-24,40,quantile,0.99,0.005269614916149154
2026-10-10,2,wk inc rsv prop ed visits,2026-10-24,41,quantile,0.01,0
2026-10-10,2,wk inc rsv prop ed visits,2026-10-24,41,quantile,0.025,0
2026-10-10,2,wk inc rsv prop ed visits,2026-10-24,41,quantile,0.05,0
2026-10-10,2,wk inc rsv prop ed visits,2026-10-24,41,quantile,0.1,0
2026-10-10,2,wk inc rsv prop ed visits,2026-10-24,41,quantile,0.15,0
2026-10-10,2,wk inc rsv prop ed visits,2026-10-24,41,quantile,0.2,0
2026-10-10,2,wk inc rsv prop ed visits,2026-10-24,41,quantile,0.25,0
2026-10-10,2,wk inc rsv prop ed visits,2026-10-24,41,quantile,0.3,0
2026-10-10,2,wk inc rsv prop ed visits,2026-10-24,41,quantile,0.35,0
2026-10-10,2,wk inc rsv prop ed visits,2026-10-24,41,quantile,0.4,0
2026-10-10,2,wk inc rsv prop ed visits,2026-10-24,41,quantile,0.45,0
2026-10-10,2,wk inc rsv prop ed visits,2026-10-24,41,quantile,0.5,0
2026-10-10,2,wk inc rsv prop ed visits,2026-10-24,41,quantile,0.55,1e-4
2026-10-10,2,wk inc rsv prop ed visits,2026-10-24,41,quantile,0.6,2.0000000000000004e-4
2026-10-10,2,wk inc rsv prop ed visits,2026-10-24,41,quantile,0.65,3.9999999999999937e-4
2026-10-10,2,wk inc rsv prop ed visits,2026-10-24,41,quantile,0.7,5.999999999999995e-4
2026-10-10,2,wk inc rsv prop ed visits,2026-10-24,41,quantile,0.75,8e-4
2026-10-10,2,wk inc rsv prop ed visits,2026-10-24,41,quantile,0.8,0.0011
2026-10-10,2,wk inc rsv prop ed visits,2026-10-24,41,quantile,0.85,0.0014072914229142314
2026-10-10,2,wk inc rsv prop ed visits,2026-10-24,41,quantile,0.9,0.002070983409834093
2026-10-10,2,wk inc rsv prop ed visits,2026-10-24,41,quantile,0.95,0.0028326325263252645
2026-10-10,2,wk inc rsv prop ed visits,2026-10-24,41,quantile,0.975,0.003499999999999999
2026-10-10,2,wk inc rsv prop ed visits,2026-10-24,41,quantile,0.99,0.00432348504485045
2026-10-10,2,wk inc rsv prop ed visits,2026-10-24,42,quantile,0.01,0
2026-10-10,2,wk inc rsv prop ed visits,2026-10-24,42,quantile,0.025,0
2026-10-10,2,wk inc rsv prop ed visits,2026-10-24,42,quantile,0.05,0
2026-10-10,2,wk inc rsv prop ed visits,2026-10-24,42,quantile,0.1,0
2026-10-10,2,wk inc rsv prop ed visits,2026-10-24,42,quantile,0.15,0
2026-10-10,2,wk inc rsv prop ed visits,2026-10-24,42,quantile,0.2,0
2026-10-10,2,wk inc rsv prop ed visits,2026-10-24,42,quantile,0.25,0
2026-10-10,2,wk inc rsv prop ed visits,2026-10-24,42,quantile,0.3,0
2026-10-10,2,wk inc rsv prop ed visits,2026-10-24,42,quantile,0.35,0
2026-10-10,2,wk inc rsv prop ed visits,2026-10-24,42,quantile,0.4,0
2026-10-10,2,wk inc rsv prop ed visits,2026-10-24,42,quantile,0.45,9.999999999999948e-5
2026-10-10,2,wk inc rsv prop ed visits,2026-10-24,42,quantile,0.5,9.999999999999999e-5
2026-10-10,2,wk inc rsv prop ed visits,2026-10-24,42,quantile,0.55,1.999999999999995e-4
2026-10-10,2,wk inc rsv prop ed visits,2026-10-24,42,quantile,0.6,2.999999999999995e-4
2026-10-10,2,wk inc rsv prop ed visits,2026-10-24,42,quantile,0.65,3.999999999999999e-4
2026-10-10,2,wk inc rsv prop ed visits,2026-10-24,42,quantile,0.7,5.999999999999995e-4
2026-10-10,2,wk inc rsv prop ed visits,2026-10-24,42,quantile,0.75,7.999999999999992e-4
2026-10-10,2,wk inc rsv prop ed visits,2026-10-24,42,quantile,0.8,9.999999999999992e-4
2026-10-10,2,wk inc rsv prop ed visits,2026-10-24,42,quantile,0.85,0.0012721789217892178
2026-10-10,2,wk inc rsv prop ed visits,2026-10-24,42,quantile,0.9,0.0018003153031530322
2026-10-10,2,wk inc rsv prop ed visits,2026-10-24,42,quantile,0.95,0.0026355853058530557
2026-10-10,2,wk inc rsv prop ed visits,2026-10-24,42,quantile,0.975,0.003121219062190616
2026-10-10,2,wk inc rsv prop ed visits,2026-10-24,42,quantile,0.99,0.0036875727057270468
2026-10-10,2,wk inc rsv prop ed visits,2026-10-24,44,quantile,0.01,0
2026-10-10,2,wk inc rsv prop ed visits,2026-10-24,44,quantile,0.025,0
2026-10-10,2,wk inc rsv prop ed visits,2026-10-24,44,quantile,0.05,0
2026-10-10,2,wk inc rsv prop ed visits,2026-10-24,44,quantile,0.1,0
2026-10-10,2,wk inc rsv prop ed visits,2026-10-24,44,quantile,0.15,0
2026-10-10,2,wk inc rsv prop ed visits,2026-10-24,44,quantile,0.2,0
2026-10-10,2,wk inc rsv prop ed visits,2026-10-24,44,quantile,0.25,0
2026-10-10,2,wk inc rsv prop ed visits,2026-10-24,44,quantile,0.3,0
2026-10-10,2,wk inc rsv prop ed visits,2026-10-24,44,quantile,0.35,0
2026-10-10,2,wk inc rsv prop ed visits,2026-10-24,44,quantile,0.4,0
2026-10-10,2,wk inc rsv prop ed visits,2026-10-24,44,quantile,0.45,0
2026-10-10,2,wk inc rsv prop ed visits,2026-10-24,44,quantile,0.5,1.3552527156068805e-20
2026-10-10,2,wk inc rsv prop ed visits,2026-10-24,44,quantile,0.55,4.767482674827007e-5
2026-10-10,2,wk inc rsv prop ed visits,2026-10-24,44,quantile,0.6,2.0000000000000055e-4
2026-10-10,2,wk inc rsv prop ed visits,2026-10-24,44,quantile,0.65,3.000000000000009e-4
2026-10-10,2,wk inc rsv prop ed visits,2026-10-24,44,quantile,0.7,5.000000000000009e-4
2026-10-10,2,wk inc rsv prop ed visits,2026-10-24,44,quantile,0.75,8.000000000000008e-4
2026-10-10,2,wk inc rsv prop ed visits,2026-10-24,44,quantile,0.8,0.0011719845198451973
2026-10-10,2,wk inc rsv prop ed visits,2026-10-24,44,quantile,0.85,0.001633918339183396
2026-10-10,2,wk inc rsv prop ed visits,2026-10-24,44,quantile,0.9,0.002300000000000001
2026-10-10,2,wk inc rsv prop ed visits,2026-10-24,44,quantile,0.95,0.003092511775117749
2026-10-10,2,wk inc rsv prop ed visits,2026-10-24,44,quantile,0.975,0.0037000000000000015
2026-10-10,2,wk inc rsv prop ed visits,2026-10-24,44,quantile,0.99,0.0045093691236912335
2026-10-10,2,wk inc rsv prop ed visits,2026-10-24,45,quantile,0.01,0
2026-10-10,2,wk inc rsv prop ed visits,2026-10-24,45,quantile,0.025,0
2026-10-10,2,wk inc rsv prop ed visits,2026-10-24,45,quantile,0.05,0
2026-10-10,2,wk inc rsv prop ed visits,2026-10-24,45,quantile,0.1,0
2026-10-10,2,wk inc rsv prop ed visits,2026-10-24,45,quantile,0.15,0
2026-10-10,2,wk inc rsv prop ed visits,2026-10-24,45,quantile,0.2,0
2026-10-10,2,wk inc rsv prop ed visits,2026-10-24,45,quantile,0.25,9.999999999999918e-5
2026-10-10,2,wk inc rsv prop ed visits,2026-10-24,45,quantile,0.3,1.9999999999999982e-4
2026-10-10,2,wk inc rsv prop ed visits,2026-10-24,45,quantile,0.35,2.999999999999999e-4
2026-10-10,2,wk inc rsv prop ed visits,2026-10-24,45,quantile,0.4,3.9999999999999996e-4
2026-10-10,2,wk inc rsv prop ed visits,2026-10-24,45,quantile,0.45,4.999999999999999e-4
2026-10-10,2,wk inc rsv prop ed visits,2026-10-24,45,quantile,0.5,6e-4
2026-10-10,2,wk inc rsv prop ed visits,2026-10-24,45,quantile,0.55,6.999999999999999e-4
2026-10-10,2,wk inc rsv prop ed visits,2026-10-24,45,quantile,0.6,8e-4
2026-10-10,2,wk inc rsv prop ed visits,2026-10-24,45,quantile,0.65,9.239040890408921e-4
2026-10-10,2,wk inc rsv prop ed visits,2026-10-24,45,quantile,0.7,0.0010999999999999998
2026-10-10,2,wk inc rsv prop ed visits,2026-10-24,45,quantile,0.75,0.0012999999999999995
2026-10-10,2,wk inc rsv prop ed visits,2026-10-24,45,quantile,0.8,0.0015
2026-10-10,2,wk inc rsv prop ed visits,2026-10-24,45,quantile,0.85,0.0018
2026-10-10,2,wk inc rsv prop ed visits,2026-10-24,45,quantile,0.9,0.002201641916419168
2026-10-10,2,wk inc rsv prop ed visits,2026-10-24,45,quantile,0.95,0.002899999999999999
2026-10-10,2,wk inc rsv prop ed visits,2026-10-24,45,quantile,0.975,0.0034999999999999988
2026-10-10,2,wk inc rsv prop ed visits,2026-10-24,45,quantile,0.99,0.004262000090000907
2026-10-10,2,wk inc rsv prop ed visits,2026-10-24,46,quantile,0.01,0
2026-10-10,2,wk inc rsv prop ed visits,2026-10-24,46,quantile,0.025,0
2026-10-10,2,wk inc rsv prop ed visits,2026-10-24,46,quantile,0.05,0
2026-10-10,2,wk inc rsv prop ed visits,2026-10-24,46,quantile,0.1,0
2026-10-10,2,wk inc rsv prop ed visits,2026-10-24,46,quantile,0.15,0
2026-10-10,2,wk inc rsv prop ed visits,2026-10-24,46,quantile,0.2,0
2026-10-10,2,wk inc rsv prop ed visits,2026-10-24,46,quantile,0.25,0
2026-10-10,2,wk inc rsv prop ed visits,2026-10-24,46,quantile,0.3,0
2026-10-10,2,wk inc rsv prop ed visits,2026-10-24,46,quantile,0.35,0
2026-10-10,2,wk inc rsv prop ed visits,2026-10-24,46,quantile,0.4,0
2026-10-10,2,wk inc rsv prop ed visits,2026-10-24,46,quantile,0.45,1.9999999999999982e-4
2026-10-10,2,wk inc rsv prop ed visits,2026-10-24,46,quantile,0.5,3e-4
2026-10-10,2,wk inc rsv prop ed visits,2026-10-24,46,quantile,0.55,4.999999999999998e-4
2026-10-10,2,wk inc rsv prop ed visits,2026-10-24,46,quantile,0.6,6.999999999999998e-4
2026-10-10,2,wk inc rsv prop ed visits,2026-10-24,46,quantile,0.65,9.000000000000003e-4
2026-10-10,2,wk inc rsv prop ed visits,2026-10-24,46,quantile,0.7,0.0012000000000000001
2026-10-10,2,wk inc rsv prop ed visits,2026-10-24,46,quantile,0.75,0.0015594320943209423
2026-10-10,2,wk inc rsv prop ed visits,2026-10-24,46,quantile,0.8,0.001999999999999999
2026-10-10,2,wk inc rsv prop ed visits,2026-10-24,46,quantile,0.85,0.0025456814568145616
2026-10-10,2,wk inc rsv prop ed visits,2026-10-24,46,quantile,0.9,0.0032477079770797767
2026-10-10,2,wk inc rsv prop ed visits,2026-10-24,46,quantile,0.95,0.0042000000000000015
2026-10-10,2,wk inc rsv prop ed visits,2026-10-24,46,quantile,0.975,0.0050230746557465575
2026-10-10,2,wk inc rsv prop ed visits,2026-10-24,46,quantile,0.99,0.006095276122761221
2026-10-10,2,wk inc rsv prop ed visits,2026-10-24,47,quantile,0.01,0
2026-10-10,2,wk inc rsv prop ed visits,2026-10-24,47,quantile,0.025,0
2026-10-10,2,wk inc rsv prop ed visits,2026-10-24,47,quantile,0.05,0
2026-10-10,2,wk inc rsv prop ed visits,2026-10-24,47,quantile,0.1,0
2026-10-10,2,wk inc rsv prop ed visits,2026-10-24,47,quantile,0.15,0
2026-10-10,2,wk inc rsv prop ed visits,2026-10-24,47,quantile,0.2,0
2026-10-10,2,wk inc rsv prop ed visits,2026-10-24,47,quantile,0.25,0
2026-10-10,2,wk inc rsv prop ed visits,2026-10-24,47,quantile,0.3,9.999999999999975e-5
2026-10-10,2,wk inc rsv prop ed visits,2026-10-24,47,quantile,0.35,1.9999999999999987e-4
2026-10-10,2,wk inc rsv prop ed visits,2026-10-24,47,quantile,0.4,2.999999999999999e-4
2026-10-10,2,wk inc rsv prop ed visits,2026-10-24,47,quantile,0.45,3.9999999999999996e-4
2026-10-10,2,wk inc rsv prop ed visits,2026-10-24,47,quantile,0.5,5e-4
2026-10-10,2,wk inc rsv prop ed visits,2026-10-24,47,quantile,0.55,6.000000000000001e-4
2026-10-10,2,wk inc rsv prop ed visits,2026-10-24,47,quantile,0.6,7.56294362943627e-4
2026-10-10,2,wk inc rsv prop ed visits,2026-10-24,47,quantile,0.65,8.999999999999998e-4
2026-10-10,2,wk inc rsv prop ed visits,2026-10-24,47,quantile,0.7,0.001099999999999999
2026-10-10,2,wk inc rsv prop ed visits,2026-10-24,47,quantile,0.75,0.0012999999999999993
2026-10-10,2,wk inc rsv prop ed visits,2026-10-24,47,quantile,0.8,0.0015992427924279265
2026-10-10,2,wk inc rsv prop ed visits,2026-10-24,47,quantile,0.85,0.001926984819848196
2026-10-10,2,wk inc rsv prop ed visits,2026-10-24,47,quantile,0.9,0.0023606780067800697
2026-10-10,2,wk inc rsv prop ed visits,2026-10-24,47,quantile,0.95,0.003
2026-10-10,2,wk inc rsv prop ed visits,2026-10-24,47,quantile,0.975,0.0036470537455374537
2026-10-10,2,wk inc rsv prop ed visits,2026-10-24,47,quantile,0.99,0.004414526955269549
2026-10-10,2,wk inc rsv prop ed visits,2026-10-24,48,quantile,0.01,0
2026-10-10,2,wk inc rsv prop ed visits,2026-10-24,48,quantile,0.025,0
2026-10-10,2,wk inc rsv prop ed visits,2026-10-24,48,quantile,0.05,0
2026-10-10,2,wk inc rsv prop ed visits,2026-10-24,48,quantile,0.1,0
2026-10-10,2,wk inc rsv prop ed visits,2026-10-24,48,quantile,0.15,0
2026-10-10,2,wk inc rsv prop ed visits,2026-10-24,48,quantile,0.2,0
2026-10-10,2,wk inc rsv prop ed visits,2026-10-24,48,quantile,0.25,1.9999999999999944e-4
2026-10-10,2,wk inc rsv prop ed visits,2026-10-24,48,quantile,0.3,3.469855698556979e-4
2026-10-10,2,wk inc rsv prop ed visits,2026-10-24,48,quantile,0.35,5.000000000000001e-4
2026-10-10,2,wk inc rsv prop ed visits,2026-10-24,48,quantile,0.4,6.000000000000003e-4
2026-10-10,2,wk inc rsv prop ed visits,2026-10-24,48,quantile,0.45,7.000000000000002e-4
2026-10-10,2,wk inc rsv prop ed visits,2026-10-24,48,quantile,0.5,8e-4
2026-10-10,2,wk inc rsv prop ed visits,2026-10-24,48,quantile,0.55,9.000000000000001e-4
2026-10-10,2,wk inc rsv prop ed visits,2026-10-24,48,quantile,0.6,0.001
2026-10-10,2,wk inc rsv prop ed visits,2026-10-24,48,quantile,0.65,0.0011185971859718612
2026-10-10,2,wk inc rsv prop ed visits,2026-10-24,48,quantile,0.7,0.0013000000000000004
2026-10-10,2,wk inc rsv prop ed visits,2026-10-24,48,quantile,0.75,0.0015456229562295608
2026-10-10,2,wk inc rsv prop ed visits,2026-10-24,48,quantile,0.8,0.0018000000000000015
2026-10-10,2,wk inc rsv prop ed visits,2026-10-24,48,quantile,0.85,0.002195436954369542
2026-10-10,2,wk inc rsv prop ed visits,2026-10-24,48,quantile,0.9,0.0026
2026-10-10,2,wk inc rsv prop ed visits,2026-10-24,48,quantile,0.95,0.0033385584855848563
2026-10-10,2,wk inc rsv prop ed visits,2026-10-24,48,quantile,0.975,0.0039155274802748
2026-10-10,2,wk inc rsv prop ed visits,2026-10-24,48,quantile,0.99,0.004613124531245299
2026-10-10,2,wk inc rsv prop ed visits,2026-10-24,49,quantile,0.01,0
2026-10-10,2,wk inc rsv prop ed visits,2026-10-24,49,quantile,0.025,0
2026-10-10,2,wk inc rsv prop ed visits,2026-10-24,49,quantile,0.05,0
2026-10-10,2,wk inc rsv prop ed visits,2026-10-24,49,quantile,0.1,0
2026-10-10,2,wk inc rsv prop ed visits,2026-10-24,49,quantile,0.15,0
2026-10-10,2,wk inc rsv prop ed visits,2026-10-24,49,quantile,0.2,0
2026-10-10,2,wk inc rsv prop ed visits,2026-10-24,49,quantile,0.25,0
2026-10-10,2,wk inc rsv prop ed visits,2026-10-24,49,quantile,0.3,0
2026-10-10,2,wk inc rsv prop ed visits,2026-10-24,49,quantile,0.35,0
2026-10-10,2,wk inc rsv prop ed visits,2026-10-24,49,quantile,0.4,4.0657581468206416e-20
2026-10-10,2,wk inc rsv prop ed visits,2026-10-24,49,quantile,0.45,1.0000000000000002e-4
2026-10-10,2,wk inc rsv prop ed visits,2026-10-24,49,quantile,0.5,2e-4
2026-10-10,2,wk inc rsv prop ed visits,2026-10-24,49,quantile,0.55,3.0000000000000003e-4
2026-10-10,2,wk inc rsv prop ed visits,2026-10-24,49,quantile,0.6,4.000000000000002e-4
2026-10-10,2,wk inc rsv prop ed visits,2026-10-24,49,quantile,0.65,6.000000000000002e-4
2026-10-10,2,wk inc rsv prop ed visits,2026-10-24,49,quantile,0.7,8.999999999999997e-4
2026-10-10,2,wk inc rsv prop ed visits,2026-10-24,49,quantile,0.75,0.0012000000000000005
2026-10-10,2,wk inc rsv prop ed visits,2026-10-24,49,quantile,0.8,0.0016771067710677136
2026-10-10,2,wk inc rsv prop ed visits,2026-10-24,49,quantile,0.85,0.00224418879188792
2026-10-10,2,wk inc rsv prop ed visits,2026-10-24,49,quantile,0.9,0.0030983520835208347
2026-10-10,2,wk inc rsv prop ed visits,2026-10-24,49,quantile,0.95,0.0045
2026-10-10,2,wk inc rsv prop ed visits,2026-10-24,49,quantile,0.975,0.006200000000000001
2026-10-10,2,wk inc rsv prop ed visits,2026-10-24,49,quantile,0.99,0.007823654756547557
2026-10-10,2,wk inc rsv prop ed visits,2026-10-24,50,quantile,0.01,0
2026-10-10,2,wk inc rsv prop ed visits,2026-10-24,50,quantile,0.025,0
2026-10-10,2,wk inc rsv prop ed visits,2026-10-24,50,quantile,0.05,0
2026-10-10,2,wk inc rsv prop ed visits,2026-10-24,50,quantile,0.1,0
2026-10-10,2,wk inc rsv prop ed visits,2026-10-24,50,quantile,0.15,0
2026-10-10,2,wk inc rsv prop ed visits,2026-10-24,50,quantile,0.2,0
2026-10-10,2,wk inc rsv prop ed visits,2026-10-24,50,quantile,0.25,0
2026-10-10,2,wk inc rsv prop ed visits,2026-10-24,50,quantile,0.3,0
2026-10-10,2,wk inc rsv prop ed visits,2026-10-24,50,quantile,0.35,0
2026-10-10,2,wk inc rsv prop ed visits,2026-10-24,50,quantile,0.4,0
2026-10-10,2,wk inc rsv prop ed visits,2026-10-24,50,quantile,0.45,0
2026-10-10,2,wk inc rsv prop ed visits,2026-10-24,50,quantile,0.5,0
2026-10-10,2,wk inc rsv prop ed visits,2026-10-24,50,quantile,0.55,1.359793597936017e-4
2026-10-10,2,wk inc rsv prop ed visits,2026-10-24,50,quantile,0.6,3.359793597936016e-4
2026-10-10,2,wk inc rsv prop ed visits,2026-10-24,50,quantile,0.65,6.015247652476613e-4
2026-10-10,2,wk inc rsv prop ed visits,2026-10-24,50,quantile,0.7,8.784090840908451e-4
2026-10-10,2,wk inc rsv prop ed visits,2026-10-24,50,quantile,0.75,0.001235979359793601
2026-10-10,2,wk inc rsv prop ed visits,2026-10-24,50,quantile,0.8,0.0016862754627546314
2026-10-10,2,wk inc rsv prop ed visits,2026-10-24,50,quantile,0.85,0.002379790447904481
2026-10-10,2,wk inc rsv prop ed visits,2026-10-24,50,quantile,0.9,0.0032982383823838422
2026-10-10,2,wk inc rsv prop ed visits,2026-10-24,50,quantile,0.95,0.004779478294782947
2026-10-10,2,wk inc rsv prop ed visits,2026-10-24,50,quantile,0.975,0.006094450919509198
2026-10-10,2,wk inc rsv prop ed visits,2026-10-24,50,quantile,0.99,0.007716240392403925
2026-10-10,2,wk inc rsv prop ed visits,2026-10-24,51,quantile,0.01,0
2026-10-10,2,wk inc rsv prop ed visits,2026-10-24,51,quantile,0.025,0
2026-10-10,2,wk inc rsv prop ed visits,2026-10-24,51,quantile,0.05,0
2026-10-10,2,wk inc rsv prop ed visits,2026-10-24,51,quantile,0.1,0
2026-10-10,2,wk inc rsv prop ed visits,2026-10-24,51,quantile,0.15,0
2026-10-10,2,wk inc rsv prop ed visits,2026-10-24,51,quantile,0.2,0
2026-10-10,2,wk inc rsv prop ed visits,2026-10-24,51,quantile,0.25,0
2026-10-10,2,wk inc rsv prop ed visits,2026-10-24,51,quantile,0.3,9.999999999999987e-5
2026-10-10,2,wk inc rsv prop ed visits,2026-10-24,51,quantile,0.35,1.9999999999999987e-4
2026-10-10,2,wk inc rsv prop ed visits,2026-10-24,51,quantile,0.4,2.9999999999999976e-4
2026-10-10,2,wk inc rsv prop ed visits,2026-10-24,51,quantile,0.45,3.196645966459674e-4
2026-10-10,2,wk inc rsv prop ed visits,2026-10-24,51,quantile,0.5,4e-4
2026-10-10,2,wk inc rsv prop ed visits,2026-10-24,51,quantile,0.55,5e-4
2026-10-10,2,wk inc rsv prop ed visits,2026-10-24,51,quantile,0.6,6.000000000000001e-4
2026-10-10,2,wk inc rsv prop ed visits,2026-10-24,51,quantile,0.65,7.000000000000001e-4
2026-10-10,2,wk inc rsv prop ed visits,2026-10-24,51,quantile,0.7,8.000000000000006e-4
2026-10-10,2,wk inc rsv prop ed visits,2026-10-24,51,quantile,0.75,0.001
2026-10-10,2,wk inc rsv prop ed visits,2026-10-24,51,quantile,0.8,0.0012
2026-10-10,2,wk inc rsv prop ed visits,2026-10-24,51,quantile,0.85,0.0014000000000000009
2026-10-10,2,wk inc rsv prop ed visits,2026-10-24,51,quantile,0.9,0.0017626877268772684
2026-10-10,2,wk inc rsv prop ed visits,2026-10-24,51,quantile,0.95,0.0022999999999999995
2026-10-10,2,wk inc rsv prop ed visits,2026-10-24,51,quantile,0.975,0.0027897011970119635
2026-10-10,2,wk inc rsv prop ed visits,2026-10-24,51,quantile,0.99,0.0033147171271712735
2026-10-10,2,wk inc rsv prop ed visits,2026-10-24,53,quantile,0.01,0
2026-10-10,2,wk inc rsv prop ed visits,2026-10-24,53,quantile,0.025,0
2026-10-10,2,wk inc rsv prop ed visits,2026-10-24,53,quantile,0.05,0
2026-10-10,2,wk inc rsv prop ed visits,2026-10-24,53,quantile,0.1,0
2026-10-10,2,wk inc rsv prop ed visits,2026-10-24,53,quantile,0.15,0
2026-10-10,2,wk inc rsv prop ed visits,2026-10-24,53,quantile,0.2,0
2026-10-10,2,wk inc rsv prop ed visits,2026-10-24,53,quantile,0.25,0
2026-10-10,2,wk inc rsv prop ed visits,2026-10-24,53,quantile,0.3,0
2026-10-10,2,wk inc rsv prop ed visits,2026-10-24,53,quantile,0.35,0
2026-10-10,2,wk inc rsv prop ed visits,2026-10-24,53,quantile,0.4,0
2026-10-10,2,wk inc rsv prop ed visits,2026-10-24,53,quantile,0.45,0
2026-10-10,2,wk inc rsv prop ed visits,2026-10-24,53,quantile,0.5,1e-4
2026-10-10,2,wk inc rsv prop ed visits,2026-10-24,53,quantile,0.55,1.9999999999999998e-4
2026-10-10,2,wk inc rsv prop ed visits,2026-10-24,53,quantile,0.6,3.000000000000001e-4
2026-10-10,2,wk inc rsv prop ed visits,2026-10-24,53,quantile,0.65,4.999999999999996e-4
2026-10-10,2,wk inc rsv prop ed visits,2026-10-24,53,quantile,0.7,6.999999999999996e-4
2026-10-10,2,wk inc rsv prop ed visits,2026-10-24,53,quantile,0.75,9.091673416734183e-4
2026-10-10,2,wk inc rsv prop ed visits,2026-10-24,53,quantile,0.8,0.0012
2026-10-10,2,wk inc rsv prop ed visits,2026-10-24,53,quantile,0.85,0.001570836258362581
2026-10-10,2,wk inc rsv prop ed visits,2026-10-24,53,quantile,0.9,0.0023000000000000017
2026-10-10,2,wk inc rsv prop ed visits,2026-10-24,53,quantile,0.95,0.003451539315393153
2026-10-10,2,wk inc rsv prop ed visits,2026-10-24,53,quantile,0.975,0.004710670431704325
2026-10-10,2,wk inc rsv prop ed visits,2026-10-24,53,quantile,0.99,0.0058
2026-10-10,2,wk inc rsv prop ed visits,2026-10-24,54,quantile,0.01,0
2026-10-10,2,wk inc rsv prop ed visits,2026-10-24,54,quantile,0.025,0
2026-10-10,2,wk inc rsv prop ed visits,2026-10-24,54,quantile,0.05,0
2026-10-10,2,wk inc rsv prop ed visits,2026-10-24,54,quantile,0.1,0
2026-10-10,2,wk inc rsv prop ed visits,2026-10-24,54,quantile,0.15,0
2026-10-10,2,wk inc rsv prop ed visits,2026-10-24,54,quantile,0.2,0
2026-10-10,2,wk inc rsv prop ed visits,2026-10-24,54,quantile,0.25,0
2026-10-10,2,wk inc rsv prop ed visits,2026-10-24,54,quantile,0.3,0
2026-10-10,2,wk inc rsv prop ed visits,2026-10-24,54,quantile,0.35,0
2026-10-10,2,wk inc rsv prop ed visits,2026-10-24,54,quantile,0.4,0
2026-10-10,2,wk inc rsv prop ed visits,2026-10-24,54,quantile,0.45,1.999999999999997e-4
2026-10-10,2,wk inc rsv prop ed visits,2026-10-24,54,quantile,0.5,3e-4
2026-10-10,2,wk inc rsv prop ed visits,2026-10-24,54,quantile,0.55,4.999999999999998e-4
2026-10-10,2,wk inc rsv prop ed visits,2026-10-24,54,quantile,0.6,7.443152431524328e-4
2026-10-10,2,wk inc rsv prop ed visits,2026-10-24,54,quantile,0.65,0.0010675527255272594
2026-10-10,2,wk inc rsv prop ed visits,2026-10-24,54,quantile,0.7,0.001476790567905673
2026-10-10,2,wk inc rsv prop ed visits,2026-10-24,54,quantile,0.75,0.002
2026-10-10,2,wk inc rsv prop ed visits,2026-10-24,54,quantile,0.8,0.002599999999999999
2026-10-10,2,wk inc rsv prop ed visits,2026-10-24,54,quantile,0.85,0.0032301975519755184
2026-10-10,2,wk inc rsv prop ed visits,2026-10-24,54,quantile,0.9,0.004253926439264383
2026-10-10,2,wk inc rsv prop ed visits,2026-10-24,54,quantile,0.95,0.006218031380313816
2026-10-10,2,wk inc rsv prop ed visits,2026-10-24,54,quantile,0.975,0.007694516020160195
2026-10-10,2,wk inc rsv prop ed visits,2026-10-24,54,quantile,0.99,0.009790270452704777
2026-10-10,2,wk inc rsv prop ed visits,2026-10-24,55,quantile,0.01,0
2026-10-10,2,wk inc rsv prop ed visits,2026-10-24,55,quantile,0.025,0
2026-10-10,2,wk inc rsv prop ed visits,2026-10-24,55,quantile,0.05,0
2026-10-10,2,wk inc rsv prop ed visits,2026-10-24,55,quantile,0.1,0
2026-10-10,2,wk inc rsv prop ed visits,2026-10-24,55,quantile,0.15,0
2026-10-10,2,wk inc rsv prop ed visits,2026-10-24,55,quantile,0.2,0
2026-10-10,2,wk inc rsv prop ed visits,2026-10-24,55,quantile,0.25,0
2026-10-10,2,wk inc rsv prop ed visits,2026-10-24,55,quantile,0.3,0
2026-10-10,2,wk inc rsv prop ed visits,2026-10-24,55,quantile,0.35,0
2026-10-10,2,wk inc rsv prop ed visits,2026-10-24,55,quantile,0.4,0
2026-10-10,2,wk inc rsv prop ed visits,2026-10-24,55,quantile,0.45,2.710505431213761e-20
2026-10-10,2,wk inc rsv prop ed visits,2026-10-24,55,quantile,0.5,1e-4
2026-10-10,2,wk inc rsv prop ed visits,2026-10-24,55,quantile,0.55,1.9999999999999993e-4
2026-10-10,2,wk inc rsv prop ed visits,2026-10-24,55,quantile,0.6,3.0000000000000003e-4
2026-10-10,2,wk inc rsv prop ed visits,2026-10-24,55,quantile,0.65,5e-4
2026-10-10,2,wk inc rsv prop ed visits,2026-10-24,55,quantile,0.7,6.999999999999999e-4
2026-10-10,2,wk inc rsv prop ed visits,2026-10-24,55,quantile,0.75,9.000000000000001e-4
2026-10-10,2,wk inc rsv prop ed visits,2026-10-24,55,quantile,0.8,0.001199999999999999
2026-10-10,2,wk inc rsv prop ed visits,2026-10-24,55,quantile,0.85,0.001530855908559085
2026-10-10,2,wk inc rsv prop ed visits,2026-10-24,55,quantile,0.9,0.002
2026-10-10,2,wk inc rsv prop ed visits,2026-10-24,55,quantile,0.95,0.002670842558425577
2026-10-10,2,wk inc rsv prop ed visits,2026-10-24,55,quantile,0.975,0.0031807987579875814
2026-10-10,2,wk inc rsv prop ed visits,2026-10-24,55,quantile,0.99,0.0039000000000000003
2026-10-10,2,wk inc rsv prop ed visits,2026-10-24,56,quantile,0.01,0
2026-10-10,2,wk inc rsv prop ed visits,2026-10-24,56,quantile,0.025,0
2026-10-10,2,wk inc rsv prop ed visits,2026-10-24,56,quantile,0.05,0
2026-10-10,2,wk inc rsv prop ed visits,2026-10-24,56,quantile,0.1,0
2026-10-10,2,wk inc rsv prop ed visits,2026-10-24,56,quantile,0.15,0
2026-10-10,2,wk inc rsv prop ed visits,2026-10-24,56,quantile,0.2,0
2026-10-10,2,wk inc rsv prop ed visits,2026-10-24,56,quantile,0.25,0
2026-10-10,2,wk inc rsv prop ed visits,2026-10-24,56,quantile,0.3,0
2026-10-10,2,wk inc rsv prop ed visits,2026-10-24,56,quantile,0.35,0
2026-10-10,2,wk inc rsv prop ed visits,2026-10-24,56,quantile,0.4,5.7735577355772785e-5
2026-10-10,2,wk inc rsv prop ed visits,2026-10-24,56,quantile,0.45,2.5773557735577315e-4
2026-10-10,2,wk inc rsv prop ed visits,2026-10-24,56,quantile,0.5,4e-4
2026-10-10,2,wk inc rsv prop ed visits,2026-10-24,56,quantile,0.55,5.727939279392801e-4
2026-10-10,2,wk inc rsv prop ed visits,2026-10-24,56,quantile,0.6,8.577355773557731e-4
2026-10-10,2,wk inc rsv prop ed visits,2026-10-24,56,quantile,0.65,0.0011754342543425465
2026-10-10,2,wk inc rsv prop ed visits,2026-10-24,56,quantile,0.7,0.0015736003360033559
2026-10-10,2,wk inc rsv prop ed visits,2026-10-24,56,quantile,0.75,0.002069687696876967
2026-10-10,2,wk inc rsv prop ed visits,2026-10-24,56,quantile,0.8,0.002657735577355774
2026-10-10,2,wk inc rsv prop ed visits,2026-10-24,56,quantile,0.85,0.0034110933609336055
2026-10-10,2,wk inc rsv prop ed visits,2026-10-24,56,quantile,0.9,0.004559965199651993
2026-10-10,2,wk inc rsv prop ed visits,2026-10-24,56,quantile,0.95,0.006447610626106161
2026-10-10,2,wk inc rsv prop ed visits,2026-10-24,56,quantile,0.975,0.00804068513185132
2026-10-10,2,wk inc rsv prop ed visits,2026-10-24,56,quantile,0.99,0.01045781042810425
2026-10-10,2,wk inc rsv prop ed visits,2026-10-24,US,quantile,0.01,0
2026-10-10,2,wk inc rsv prop ed visits,2026-10-24,US,quantile,0.025,0
2026-10-10,2,wk inc rsv prop ed visits,2026-10-24,US,quantile,0.05,0
2026-10-10,2,wk inc rsv prop ed visits,2026-10-24,US,quantile,0.1,0
2026-10-10,2,wk inc rsv prop ed visits,2026-10-24,US,quantile,0.15,0
2026-10-10,2,wk inc rsv prop ed visits,2026-10-24,US,quantile,0.2,0
2026-10-10,2,wk inc rsv prop ed visits,2026-10-24,US,quantile,0.25,6.505213034913027e-19
2026-10-10,2,wk inc rsv prop ed visits,2026-10-24,US,quantile,0.3,1.9999999999999868e-4
2026-10-10,2,wk inc rsv prop ed visits,2026-10-24,US,quantile,0.35,2.9999999999999927e-4
2026-10-10,2,wk inc rsv prop ed visits,2026-10-24,US,quantile,0.4,3.999999999999991e-4
2026-10-10,2,wk inc rsv prop ed visits,2026-10-24,US,quantile,0.45,4.0000000000000105e-4
2026-10-10,2,wk inc rsv prop ed visits,2026-10-24,US,quantile,0.5,5e-4
2026-10-10,2,wk inc rsv prop ed visits,2026-10-24,US,quantile,0.55,6.000000000000001e-4
2026-10-10,2,wk inc rsv prop ed visits,2026-10-24,US,quantile,0.6,7e-4
2026-10-10,2,wk inc rsv prop ed visits,2026-10-24,US,quantile,0.65,7.999999999999999e-4
2026-10-10,2,wk inc rsv prop ed visits,2026-10-24,US,quantile,0.7,9.000000000000002e-4
2026-10-10,2,wk inc rsv prop ed visits,2026-10-24,US,quantile,0.75,0.001099999999999999
2026-10-10,2,wk inc rsv prop ed visits,2026-10-24,US,quantile,0.8,0.0012118117181171794
2026-10-10,2,wk inc rsv prop ed visits,2026-10-24,US,quantile,0.85,0.0014999999999999992
2026-10-10,2,wk inc rsv prop ed visits,2026-10-24,US,quantile,0.9,0.0017816902169021677
2026-10-10,2,wk inc rsv prop ed visits,2026-10-24,US,quantile,0.95,0.002200000000000001
2026-10-10,2,wk inc rsv prop ed visits,2026-10-24,US,quantile,0.975,0.0026518915189151847
2026-10-10,2,wk inc rsv prop ed visits,2026-10-24,US,quantile,0.99,0.0032
2026-10-10,3,wk inc rsv prop ed visits,2026-10-31,01,quantile,0.01,0
2026-10-10,3,wk inc rsv prop ed visits,2026-10-31,01,quantile,0.025,0
2026-10-10,3,wk inc rsv prop ed visits,2026-10-31,01,quantile,0.05,0
2026-10-10,3,wk inc rsv prop ed visits,2026-10-31,01,quantile,0.1,0
2026-10-10,3,wk inc rsv prop ed visits,2026-10-31,01,quantile,0.15,0
2026-10-10,3,wk inc rsv prop ed visits,2026-10-31,01,quantile,0.2,3.0000000000000024e-4
2026-10-10,3,wk inc rsv prop ed visits,2026-10-31,01,quantile,0.25,5.999999999999998e-4
2026-10-10,3,wk inc rsv prop ed visits,2026-10-31,01,quantile,0.3,8.000000000000001e-4
2026-10-10,3,wk inc rsv prop ed visits,2026-10-31,01,quantile,0.35,0.001
2026-10-10,3,wk inc rsv prop ed visits,2026-10-31,01,quantile,0.4,0.0011000000000000007
2026-10-10,3,wk inc rsv prop ed visits,2026-10-31,01,quantile,0.45,0.0013
2026-10-10,3,wk inc rsv prop ed visits,2026-10-31,01,quantile,0.5,0.0014000000000000002
2026-10-10,3,wk inc rsv prop ed visits,2026-10-31,01,quantile,0.55,0.00152267077670777
2026-10-10,3,wk inc rsv prop ed visits,2026-10-31,01,quantile,0.6,0.0017000000000000001
2026-10-10,3,wk inc rsv prop ed visits,2026-10-31,01,quantile,0.65,0.0018153004530045303
2026-10-10,3,wk inc rsv prop ed visits,2026-10-31,01,quantile,0.7,0.002000000000000001
2026-10-10,3,wk inc rsv prop ed visits,2026-10-31,01,quantile,0.75,0.0022846353463534664
2026-10-10,3,wk inc rsv prop ed visits,2026-10-31,01,quantile,0.8,0.0025733303333033333
2026-10-10,3,wk inc rsv prop ed visits,2026-10-31,01,quantile,0.85,0.0029310960609606057
2026-10-10,3,wk inc rsv prop ed visits,2026-10-31,01,quantile,0.9,0.003467508775087754
2026-10-10,3,wk inc rsv prop ed visits,2026-10-31,01,quantile,0.95,0.004235049350493508
2026-10-10,3,wk inc rsv prop ed visits,2026-10-31,01,quantile,0.975,0.004911958794587956
2026-10-10,3,wk inc rsv prop ed visits,2026-10-31,01,quantile,0.99,0.0057
2026-10-10,3,wk inc rsv prop ed visits,2026-10-31,02,quantile,0.01,0
2026-10-10,3,wk inc rsv prop ed visits,2026-10-31,02,quantile,0.025,0
2026-10-10,3,wk inc rsv prop ed visits,2026-10-31,02,quantile,0.05,0
2026-10-10,3,wk inc rsv prop ed visits,2026-10-31,02,quantile,0.1,0
2026-10-10,3,wk inc rsv prop ed visits,2026-10-31,02,quantile,0.15,0
2026-10-10,3,wk inc rsv prop ed visits,2026-10-31,02,quantile,0.2,0
2026-10-10,3,wk inc rsv prop ed visits,2026-10-31,02,quantile,0.25,0
2026-10-10,3,wk inc rsv prop ed visits,2026-10-31,02,quantile,0.3,0
2026-10-10,3,wk inc rsv prop ed visits,2026-10-31,02,quantile,0.35,0
2026-10-10,3,wk inc rsv prop ed visits,2026-10-31,02,quantile,0.4,0
2026-10-10,3,wk inc rsv prop ed visits,2026-10-31,02,quantile,0.45,0
2026-10-10,3,wk inc rsv prop ed visits,2026-10-31,02,quantile,0.5,0
2026-10-10,3,wk inc rsv prop ed visits,2026-10-31,02,quantile,0.55,3.0000000000000024e-4
2026-10-10,3,wk inc rsv prop ed visits,2026-10-31,02,quantile,0.6,6.728521285212761e-4
2026-10-10,3,wk inc rsv prop ed visits,2026-10-31,02,quantile,0.65,0.0010667445174451784
2026-10-10,3,wk inc rsv prop ed visits,2026-10-31,02,quantile,0.7,0.0015216701167011615
2026-10-10,3,wk inc rsv prop ed visits,2026-10-31,02,quantile,0.75,0.0020999999999999994
2026-10-10,3,wk inc rsv prop ed visits,2026-10-31,02,quantile,0.8,0.0026999999999999997
2026-10-10,3,wk inc rsv prop ed visits,2026-10-31,02,quantile,0.85,0.0034000000000000002
2026-10-10,3,wk inc rsv prop ed visits,2026-10-31,02,quantile,0.9,0.0043
2026-10-10,3,wk inc rsv prop ed visits,2026-10-31,02,quantile,0.95,0.005736903819038192
2026-10-10,3,wk inc rsv prop ed visits,2026-10-31,02,quantile,0.975,0.006965992784927851
2026-10-10,3,wk inc rsv prop ed visits,2026-10-31,02,quantile,0.99,0.008526970929709278
2026-10-10,3,wk inc rsv prop ed visits,2026-10-31,04,quantile,0.01,0
2026-10-10,3,wk inc rsv prop ed visits,2026-10-31,04,quantile,0.025,0
2026-10-10,3,wk inc rsv prop ed visits,2026-10-31,04,quantile,0.05,0
2026-10-10,3,wk inc rsv prop ed visits,2026-10-31,04,quantile,0.1,0
2026-10-10,3,wk inc rsv prop ed visits,2026-10-31,04,quantile,0.15,0
2026-10-10,3,wk inc rsv prop ed visits,2026-10-31,04,quantile,0.2,0
2026-10-10,3,wk inc rsv prop ed visits,2026-10-31,04,quantile,0.25,0
2026-10-10,3,wk inc rsv prop ed visits,2026-10-31,04,quantile,0.3,0
2026-10-10,3,wk inc rsv prop ed visits,2026-10-31,04,quantile,0.35,0
2026-10-10,3,wk inc rsv prop ed visits,2026-10-31,04,quantile,0.4,0
2026-10-10,3,wk inc rsv prop ed visits,2026-10-31,04,quantile,0.45,1.3552527156068805e-19
2026-10-10,3,wk inc rsv prop ed visits,2026-10-31,04,quantile,0.5,1e-4
2026-10-10,3,wk inc rsv prop ed visits,2026-10-31,04,quantile,0.55,1.9570875708757167e-4
2026-10-10,3,wk inc rsv prop ed visits,2026-10-31,04,quantile,0.6,2.99999999999999e-4
2026-10-10,3,wk inc rsv prop ed visits,2026-10-31,04,quantile,0.65,4e-4
2026-10-10,3,wk inc rsv prop ed visits,2026-10-31,04,quantile,0.7,5.000000000000004e-4
2026-10-10,3,wk inc rsv prop ed visits,2026-10-31,04,quantile,0.75,7.000000000000003e-4
2026-10-10,3,wk inc rsv prop ed visits,2026-10-31,04,quantile,0.8,9.088734887348949e-4
2026-10-10,3,wk inc rsv prop ed visits,2026-10-31,04,quantile,0.85,0.0012000000000000014
2026-10-10,3,wk inc rsv prop ed visits,2026-10-31,04,quantile,0.9,0.0015999999999999999
2026-10-10,3,wk inc rsv prop ed visits,2026-10-31,04,quantile,0.95,0.0023
2026-10-10,3,wk inc rsv prop ed visits,2026-10-31,04,quantile,0.975,0.0029983325833258336
2026-10-10,3,wk inc rsv prop ed visits,2026-10-31,04,quantile,0.99,0.003632637806378056
2026-10-10,3,wk inc rsv prop ed visits,2026-10-31,05,quantile,0.01,0
2026-10-10,3,wk inc rsv prop ed visits,2026-10-31,05,quantile,0.025,0
2026-10-10,3,wk inc rsv prop ed visits,2026-10-31,05,quantile,0.05,0
2026-10-10,3,wk inc rsv prop ed visits,2026-10-31,05,quantile,0.1,0
2026-10-10,3,wk inc rsv prop ed visits,2026-10-31,05,quantile,0.15,0
2026-10-10,3,wk inc rsv prop ed visits,2026-10-31,05,quantile,0.2,0
2026-10-10,3,wk inc rsv prop ed visits,2026-10-31,05,quantile,0.25,0
2026-10-10,3,wk inc rsv prop ed visits,2026-10-31,05,quantile,0.3,0
2026-10-10,3,wk inc rsv prop ed visits,2026-10-31,05,quantile,0.35,1.0000000000000015e-4
2026-10-10,3,wk inc rsv prop ed visits,2026-10-31,05,quantile,0.4,3.0000000000000024e-4
2026-10-10,3,wk inc rsv prop ed visits,2026-10-31,05,quantile,0.45,5.000000000000002e-4
2026-10-10,3,wk inc rsv prop ed visits,2026-10-31,05,quantile,0.5,7.000000000000001e-4
2026-10-10,3,wk inc rsv prop ed visits,2026-10-31,05,quantile,0.55,9e-4
2026-10-10,3,wk inc rsv prop ed visits,2026-10-31,05,quantile,0.6,0.0011000000000000003
2026-10-10,3,wk inc rsv prop ed visits,2026-10-31,05,quantile,0.65,0.0013999999999999991
2026-10-10,3,wk inc rsv prop ed visits,2026-10-31,05,quantile,0.7,0.0017000000000000003
2026-10-10,3,wk inc rsv prop ed visits,2026-10-31,05,quantile,0.75,0.0021083918339183413
2026-10-10,3,wk inc rsv prop ed visits,2026-10-31,05,quantile,0.8,0.0026518891188911905
2026-10-10,3,wk inc rsv prop ed visits,2026-10-31,05,quantile,0.85,0.0033
2026-10-10,3,wk inc rsv prop ed visits,2026-10-31,05,quantile,0.9,0.004167378573785736
2026-10-10,3,wk inc rsv prop ed visits,2026-10-31,05,quantile,0.95,0.005638607986079825
2026-10-10,3,wk inc rsv prop ed visits,2026-10-31,05,quantile,0.975,0.006701113986139853
2026-10-10,3,wk inc rsv prop ed visits,2026-10-31,05,quantile,0.99,0.008072371643716403
2026-10-10,3,wk inc rsv prop ed visits,2026-10-31,06,quantile,0.01,0
2026-10-10,3,wk inc rsv prop ed visits,2026-10-31,06,quantile,0.025,0
2026-10-10,3,wk inc rsv prop ed visits,2026-10-31,06,quantile,0.05,0
2026-10-10,3,wk inc rsv prop ed visits,2026-10-31,06,quantile,0.1,0
2026-10-10,3,wk inc rsv prop ed visits,2026-10-31,06,quantile,0.15,0
2026-10-10,3,wk inc rsv prop ed visits,2026-10-31,06,quantile,0.2,0
2026-10-10,3,wk inc rsv prop ed visits,2026-10-31,06,quantile,0.25,0
2026-10-10,3,wk inc rsv prop ed visits,2026-10-31,06,quantile,0.3,0
2026-10-10,3,wk inc rsv prop ed visits,2026-10-31,06,quantile,0.35,0
2026-10-10,3,wk inc rsv prop ed visits,2026-10-31,06,quantile,0.4,7.797827978279771e-5
2026-10-10,3,wk inc rsv prop ed visits,2026-10-31,06,quantile,0.45,1.779782797827975e-4
2026-10-10,3,wk inc rsv prop ed visits,2026-10-31,06,quantile,0.5,2e-4
2026-10-10,3,wk inc rsv prop ed visits,2026-10-31,06,quantile,0.55,2.7797827978279796e-4
2026-10-10,3,wk inc rsv prop ed visits,2026-10-31,06,quantile,0.6,3.7797827978279844e-4
2026-10-10,3,wk inc rsv prop ed visits,2026-10-31,06,quantile,0.65,5.779782797827973e-4
2026-10-10,3,wk inc rsv prop ed visits,2026-10-31,06,quantile,0.7,6.779782797827978e-4
2026-10-10,3,wk inc rsv prop ed visits,2026-10-31,06,quantile,0.75,8.779782797827975e-4
2026-10-10,3,wk inc rsv prop ed visits,2026-10-31,06,quantile,0.8,0.0010779782797827972
2026-10-10,3,wk inc rsv prop ed visits,2026-10-31,06,quantile,0.85,0.001310281102811024
2026-10-10,3,wk inc rsv prop ed visits,2026-10-31,06,quantile,0.9,0.0016779782797827975
2026-10-10,3,wk inc rsv prop ed visits,2026-10-31,06,quantile,0.95,0.0022779782797827963
2026-10-10,3,wk inc rsv prop ed visits,2026-10-31,06,quantile,0.975,0.002777978279782797
2026-10-10,3,wk inc rsv prop ed visits,2026-10-31,06,quantile,0.99,0.0033779782797827974
2026-10-10,3,wk inc rsv prop ed visits,2026-10-31,08,quantile,0.01,0
2026-10-10,3,wk inc rsv prop ed visits,2026-10-31,08,quantile,0.025,0
2026-10-10,3,wk inc rsv prop ed visits,2026-10-31,08,quantile,0.05,0
2026-10-10,3,wk inc rsv prop ed visits,2026-10-31,08,quantile,0.1,0
2026-10-10,3,wk inc rsv prop ed visits,2026-10-31,08,quantile,0.15,0
2026-10-10,3,wk inc rsv prop ed visits,2026-10-31,08,quantile,0.2,0
2026-10-10,3,wk inc rsv prop ed visits,2026-10-31,08,quantile,0.25,0
2026-10-10,3,wk inc rsv prop ed visits,2026-10-31,08,quantile,0.3,0
2026-10-10,3,wk inc rsv prop ed visits,2026-10-31,08,quantile,0.35,0
2026-10-10,3,wk inc rsv prop ed visits,2026-10-31,08,quantile,0.4,0
2026-10-10,3,wk inc rsv prop ed visits,2026-10-31,08,quantile,0.45,0
2026-10-10,3,wk inc rsv prop ed visits,2026-10-31,08,quantile,0.5,1e-4
2026-10-10,3,wk inc rsv prop ed visits,2026-10-31,08,quantile,0.55,2.0000000000000025e-4
2026-10-10,3,wk inc rsv prop ed visits,2026-10-31,08,quantile,0.6,3.9999999999999975e-4
2026-10-10,3,wk inc rsv prop ed visits,2026-10-31,08,quantile,0.65,5.732868328683261e-4
2026-10-10,3,wk inc rsv prop ed visits,2026-10-31,08,quantile,0.7,7.999999999999999e-4
2026-10-10,3,wk inc rsv prop ed visits,2026-10-31,08,quantile,0.75,0.0011183571835718324
2026-10-10,3,wk inc rsv prop ed visits,2026-10-31,08,quantile,0.8,0.0015459928599285918
2026-10-10,3,wk inc rsv prop ed visits,2026-10-31,08,quantile,0.85,0.002
2026-10-10,3,wk inc rsv prop ed visits,2026-10-31,08,quantile,0.9,0.002600000000000001
2026-10-10,3,wk inc rsv prop ed visits,2026-10-31,08,quantile,0.95,0.004098318033180322
2026-10-10,3,wk inc rsv prop ed visits,2026-10-31,08,quantile,0.975,0.00521194311943119
2026-10-10,3,wk inc rsv prop ed visits,2026-10-31,08,quantile,0.99,0.0066156979569795705
2026-10-10,3,wk inc rsv prop ed visits,2026-10-31,09,quantile,0.01,0
2026-10-10,3,wk inc rsv prop ed visits,2026-10-31,09,quantile,0.025,0
2026-10-10,3,wk inc rsv prop ed visits,2026-10-31,09,quantile,0.05,0
2026-10-10,3,wk inc rsv prop ed visits,2026-10-31,09,quantile,0.1,0
2026-10-10,3,wk inc rsv prop ed visits,2026-10-31,09,quantile,0.15,0
2026-10-10,3,wk inc rsv prop ed visits,2026-10-31,09,quantile,0.2,0
2026-10-10,3,wk inc rsv prop ed visits,2026-10-31,09,quantile,0.25,0
2026-10-10,3,wk inc rsv prop ed visits,2026-10-31,09,quantile,0.3,0
2026-10-10,3,wk inc rsv prop ed visits,2026-10-31,09,quantile,0.35,0
2026-10-10,3,wk inc rsv prop ed visits,2026-10-31,09,quantile,0.4,1.2197274440461925e-19
2026-10-10,3,wk inc rsv prop ed visits,2026-10-31,09,quantile,0.45,1.0000000000000007e-4
2026-10-10,3,wk inc rsv prop ed visits,2026-10-31,09,quantile,0.5,2e-4
2026-10-10,3,wk inc rsv prop ed visits,2026-10-31,09,quantile,0.55,3.0000000000000003e-4
2026-10-10,3,wk inc rsv prop ed visits,2026-10-31,09,quantile,0.6,4.000000000000001e-4
2026-10-10,3,wk inc rsv prop ed visits,2026-10-31,09,quantile,0.65,5.000000000000002e-4
2026-10-10,3,wk inc rsv prop ed visits,2026-10-31,09,quantile,0.7,6.999999999999998e-4
2026-10-10,3,wk inc rsv prop ed visits,2026-10-31,09,quantile,0.75,8.66369663696639e-4
2026-10-10,3,wk inc rsv prop ed visits,2026-10-31,09,quantile,0.8,0.0011
2026-10-10,3,wk inc rsv prop ed visits,2026-10-31,09,quantile,0.85,0.0013999999999999998
2026-10-10,3,wk inc rsv prop ed visits,2026-10-31,09,quantile,0.9,0.0017980361803618056
2026-10-10,3,wk inc rsv prop ed visits,2026-10-31,09,quantile,0.95,0.0024000000000000002
2026-10-10,3,wk inc rsv prop ed visits,2026-10-31,09,quantile,0.975,0.0028773088980889833
2026-10-10,3,wk inc rsv prop ed visits,2026-10-31,09,quantile,0.99,0.0035046812168121676
2026-10-10,3,wk inc rsv prop ed visits,2026-10-31,10,quantile,0.01,0
2026-10-10,3,wk inc rsv prop ed visits,2026-10-31,10,quantile,0.025,0
2026-10-10,3,wk inc rsv prop ed visits,2026-10-31,10,quantile,0.05,0
2026-10-10,3,wk inc rsv prop ed visits,2026-10-31,10,quantile,0.1,0
2026-10-10,3,wk inc rsv prop ed visits,2026-10-31,10,quantile,0.15,0
2026-10-10,3,wk inc rsv prop ed visits,2026-10-31,10,quantile,0.2,0
2026-10-10,3,wk inc rsv prop ed visits,2026-10-31,10,quantile,0.25,0
2026-10-10,3,wk inc rsv prop ed visits,2026-10-31,10,quantile,0.3,0
2026-10-10,3,wk inc rsv prop ed visits,2026-10-31,10,quantile,0.35,0
2026-10-10,3,wk inc rsv prop ed visits,2026-10-31,10,quantile,0.4,9.99999999999995e-5
2026-10-10,3,wk inc rsv prop ed visits,2026-10-31,10,quantile,0.45,2.999999999999996e-4
2026-10-10,3,wk inc rsv prop ed visits,2026-10-31,10,quantile,0.5,5e-4
2026-10-10,3,wk inc rsv prop ed visits,2026-10-31,10,quantile,0.55,7.999999999999993e-4
2026-10-10,3,wk inc rsv prop ed visits,2026-10-31,10,quantile,0.6,0.00102033960339603
2026-10-10,3,wk inc rsv prop ed visits,2026-10-31,10,quantile,0.65,0.0013809736597365989
2026-10-10,3,wk inc rsv prop ed visits,2026-10-31,10,quantile,0.7,0.001743232832328323
2026-10-10,3,wk inc rsv prop ed visits,2026-10-31,10,quantile,0.75,0.0021999999999999997
2026-10-10,3,wk inc rsv prop ed visits,2026-10-31,10,quantile,0.8,0.0028000000000000013
2026-10-10,3,wk inc rsv prop ed visits,2026-10-31,10,quantile,0.85,0.0036999999999999993
2026-10-10,3,wk inc rsv prop ed visits,2026-10-31,10,quantile,0.9,0.004799999999999999
2026-10-10,3,wk inc rsv prop ed visits,2026-10-31,10,quantile,0.95,0.006658884588845884
2026-10-10,3,wk inc rsv prop ed visits,2026-10-31,10,quantile,0.975,0.008090029475294747
2026-10-10,3,wk inc rsv prop ed visits,2026-10-31,10,quantile,0.99,0.009804908199082
2026-10-10,3,wk inc rsv prop ed visits,2026-10-31,11,quantile,0.01,0
2026-10-10,3,wk inc rsv prop ed visits,2026-10-31,11,quantile,0.025,0
2026-10-10,3,wk inc rsv prop ed visits,2026-10-31,11,quantile,0.05,0
2026-10-10,3,wk inc rsv prop ed visits,2026-10-31,11,quantile,0.1,0
2026-10-10,3,wk inc rsv prop ed visits,2026-10-31,11,quantile,0.15,0
2026-10-10,3,wk inc rsv prop ed visits,2026-10-31,11,quantile,0.2,0
2026-10-10,3,wk inc rsv prop ed visits,2026-10-31,11,quantile,0.25,0
2026-10-10,3,wk inc rsv prop ed visits,2026-10-31,11,quantile,0.3,0
2026-10-10,3,wk inc rsv prop ed visits,2026-10-31,11,quantile,0.35,0
2026-10-10,3,wk inc rsv prop ed visits,2026-10-31,11,quantile,0.4,0
2026-10-10,3,wk inc rsv prop ed visits,2026-10-31,11,quantile,0.45,1.080340803408093e-4
2026-10-10,3,wk inc rsv prop ed visits,2026-10-31,11,quantile,0.5,2.999999999999999e-4
2026-10-10,3,wk inc rsv prop ed visits,2026-10-31,11,quantile,0.55,5.080340803408087e-4
2026-10-10,3,wk inc rsv prop ed visits,2026-10-31,11,quantile,0.6,7.080340803408104e-4
2026-10-10,3,wk inc rsv prop ed visits,2026-10-31,11,quantile,0.65,9.080340803408109e-4
2026-10-10,3,wk inc rsv prop ed visits,2026-10-31,11,quantile,0.7,0.0012080340803408106
2026-10-10,3,wk inc rsv prop ed visits,2026-10-31,11,quantile,0.75,0.001508034080340811
2026-10-10,3,wk inc rsv prop ed visits,2026-10-31,11,quantile,0.8,0.0019135745357453638
2026-10-10,3,wk inc rsv prop ed visits,2026-10-31,11,quantile,0.85,0.0024793111931119354
2026-10-10,3,wk inc rsv prop ed visits,2026-10-31,11,quantile,0.9,0.003208034080340812
2026-10-10,3,wk inc rsv prop ed visits,2026-10-31,11,quantile,0.95,0.004317299672996733
2026-10-10,3,wk inc rsv prop ed visits,2026-10-31,11,quantile,0.975,0.005307887678876792
2026-10-10,3,wk inc rsv prop ed visits,2026-10-31,11,quantile,0.99,0.006555504995049949
2026-10-10,3,wk inc rsv prop ed visits,2026-10-31,12,quantile,0.01,9.999999999999918e-5
2026-10-10,3,wk inc rsv prop ed visits,2026-10-31,12,quantile,0.025,4.979211292112926e-4
2026-10-10,3,wk inc rsv prop ed visits,2026-10-31,12,quantile,0.05,8.000000000000004e-4
2026-10-10,3,wk inc rsv prop ed visits,2026-10-31,12,quantile,0.1,0.0011739153391533916
2026-10-10,3,wk inc rsv prop ed visits,2026-10-31,12,quantile,0.15,0.0013999999999999998
2026-10-10,3,wk inc rsv prop ed visits,2026-10-31,12,quantile,0.2,0.0015799885998859977
2026-10-10,3,wk inc rsv prop ed visits,2026-10-31,12,quantile,0.25,0.0017000000000000001
2026-10-10,3,wk inc rsv prop ed visits,2026-10-31,12,quantile,0.3,0.0018000000000000004
2026-10-10,3,wk inc rsv prop ed visits,2026-10-31,12,quantile,0.35,0.0019000000000000004
2026-10-10,3,wk inc rsv prop ed visits,2026-10-31,12,quantile,0.4,0.0020000000000000005
2026-10-10,3,wk inc rsv prop ed visits,2026-10-31,12,quantile,0.45,0.0021000000000000003
2026-10-10,3,wk inc rsv prop ed visits,2026-10-31,12,quantile,0.5,0.0022
2026-10-10,3,wk inc rsv prop ed visits,2026-10-31,12,quantile,0.55,0.0023
2026-10-10,3,wk inc rsv prop ed visits,2026-10-31,12,quantile,0.6,0.0024
2026-10-10,3,wk inc rsv prop ed visits,2026-10-31,12,quantile,0.65,0.0024999999999999996
2026-10-10,3,wk inc rsv prop ed visits,2026-10-31,12,quantile,0.7,0.0026
2026-10-10,3,wk inc rsv prop ed visits,2026-10-31,12,quantile,0.75,0.0027
2026-10-10,3,wk inc rsv prop ed visits,2026-10-31,12,quantile,0.8,0.002827332073320736
2026-10-10,3,wk inc rsv prop ed visits,2026-10-31,12,quantile,0.85,0.003
2026-10-10,3,wk inc rsv prop ed visits,2026-10-31,12,quantile,0.9,0.0032059430594305934
2026-10-10,3,wk inc rsv prop ed visits,2026-10-31,12,quantile,0.95,0.0036
2026-10-10,3,wk inc rsv prop ed visits,2026-10-31,12,quantile,0.975,0.0039000000000000016
2026-10-10,3,wk inc rsv prop ed visits,2026-10-31,12,quantile,0.99,0.004300000000000002
2026-10-10,3,wk inc rsv prop ed visits,2026-10-31,13,quantile,0.01,0
2026-10-10,3,wk inc rsv prop ed visits,2026-10-31,13,quantile,0.025,0
2026-10-10,3,wk inc rsv prop ed visits,2026-10-31,13,quantile,0.05,0
2026-10-10,3,wk inc rsv prop ed visits,2026-10-31,13,quantile,0.1,0
2026-10-10,3,wk inc rsv prop ed visits,2026-10-31,13,quantile,0.15,0
2026-10-10,3,wk inc rsv prop ed visits,2026-10-31,13,quantile,0.2,1.8281762817628217e-4
2026-10-10,3,wk inc rsv prop ed visits,2026-10-31,13,quantile,0.25,3.0000000000000035e-4
2026-10-10,3,wk inc rsv prop ed visits,2026-10-31,13,quantile,0.3,4.999999999999998e-4
2026-10-10,3,wk inc rsv prop ed visits,2026-10-31,13,quantile,0.35,6.000000000000001e-4
2026-10-10,3,wk inc rsv prop ed visits,2026-10-31,13,quantile,0.4,7.000000000000001e-4
2026-10-10,3,wk inc rsv prop ed visits,2026-10-31,13,quantile,0.45,8e-4
2026-10-10,3,wk inc rsv prop ed visits,2026-10-31,13,quantile,0.5,9e-4
2026-10-10,3,wk inc rsv prop ed visits,2026-10-31,13,quantile,0.55,0.001
2026-10-10,3,wk inc rsv prop ed visits,2026-10-31,13,quantile,0.6,0.0011
2026-10-10,3,wk inc rsv prop ed visits,2026-10-31,13,quantile,0.65,0.0012000000000000001
2026-10-10,3,wk inc rsv prop ed visits,2026-10-31,13,quantile,0.7,0.0013045597455974556
2026-10-10,3,wk inc rsv prop ed visits,2026-10-31,13,quantile,0.75,0.0015
2026-10-10,3,wk inc rsv prop ed visits,2026-10-31,13,quantile,0.8,0.0016999999999999997
2026-10-10,3,wk inc rsv prop ed visits,2026-10-31,13,quantile,0.85,0.0019
2026-10-10,3,wk inc rsv prop ed visits,2026-10-31,13,quantile,0.9,0.0021999999999999984
2026-10-10,3,wk inc rsv prop ed visits,2026-10-31,13,quantile,0.95,0.0026
2026-10-10,3,wk inc rsv prop ed visits,2026-10-31,13,quantile,0.975,0.0029999999999999996
2026-10-10,3,wk inc rsv prop ed visits,2026-10-31,13,quantile,0.99,0.003493510935109352
2026-10-10,3,wk inc rsv prop ed visits,2026-10-31,15,quantile,0.01,0
2026-10-10,3,wk inc rsv prop ed visits,2026-10-31,15,quantile,0.025,0
2026-10-10,3,wk inc rsv prop ed visits,2026-10-31,15,quantile,0.05,0
2026-10-10,3,wk inc rsv prop ed visits,2026-10-31,15,quantile,0.1,0
2026-10-10,3,wk inc rsv prop ed visits,2026-10-31,15,quantile,0.15,4.999999999999998e-4
2026-10-10,3,wk inc rsv prop ed visits,2026-10-31,15,quantile,0.2,0.00086876428764287735
2026-10-10,3,wk inc rsv prop ed visits,2026-10-31,15,quantile,0.25,0.0011252287522875212
2026-10-10,3,wk inc rsv prop ed visits,2026-10-31,15,quantile,0.3,0.0014
2026-10-10,3,wk inc rsv prop ed visits,2026-10-31,15,quantile,0.35,0.0016000000000000003
2026-10-10,3,wk inc rsv prop ed visits,2026-10-31,15,quantile,0.4,0.0018000000000000004
2026-10-10,3,wk inc rsv prop ed visits,2026-10-31,15,quantile,0.45,0.0020000000000000005
2026-10-10,3,wk inc rsv prop ed visits,2026-10-31,15,quantile,0.5,0.0022
2026-10-10,3,wk inc rsv prop ed visits,2026-10-31,15,quantile,0.55,0.0024
2026-10-10,3,wk inc rsv prop ed visits,2026-10-31,15,quantile,0.6,0.0026
2026-10-10,3,wk inc rsv prop ed visits,2026-10-31,15,quantile,0.65,0.0028
2026-10-10,3,wk inc rsv prop ed visits,2026-10-31,15,quantile,0.7,0.0030000000000000005
2026-10-10,3,wk inc rsv prop ed visits,2026-10-31,15,quantile,0.75,0.0032999999999999995
2026-10-10,3,wk inc rsv prop ed visits,2026-10-31,15,quantile,0.8,0.0035987861878618815
2026-10-10,3,wk inc rsv prop ed visits,2026-10-31,15,quantile,0.85,0.003953550835508355
2026-10-10,3,wk inc rsv prop ed visits,2026-10-31,15,quantile,0.9,0.004491454414544149
2026-10-10,3,wk inc rsv prop ed visits,2026-10-31,15,quantile,0.95,0.005387797227972269
2026-10-10,3,wk inc rsv prop ed visits,2026-10-31,15,quantile,0.975,0.006324644946449461
2026-10-10,3,wk inc rsv prop ed visits,2026-10-31,15,quantile,0.99,0.007677883448834445
2026-10-10,3,wk inc rsv prop ed visits,2026-10-31,16,quantile,0.01,0
2026-10-10,3,wk inc rsv prop ed visits,2026-10-31,16,quantile,0.025,0
2026-10-10,3,wk inc rsv prop ed visits,2026-10-31,16,quantile,0.05,0
2026-10-10,3,wk inc rsv prop ed visits,2026-10-31,16,quantile,0.1,0
2026-10-10,3,wk inc rsv prop ed visits,2026-10-31,16,quantile,0.15,0
2026-10-10,3,wk inc rsv prop ed visits,2026-10-31,16,quantile,0.2,0
2026-10-10,3,wk inc rsv prop ed visits,2026-10-31,16,quantile,0.25,0
2026-10-10,3,wk inc rsv prop ed visits,2026-10-31,16,quantile,0.3,0
2026-10-10,3,wk inc rsv prop ed visits,2026-10-31,16,quantile,0.35,0
2026-10-10,3,wk inc rsv prop ed visits,2026-10-31,16,quantile,0.4,3.7947076036992655e-19
2026-10-10,3,wk inc rsv prop ed visits,2026-10-31,16,quantile,0.45,2.0000000000000004e-4
2026-10-10,3,wk inc rsv prop ed visits,2026-10-31,16,quantile,0.5,4e-4
2026-10-10,3,wk inc rsv prop ed visits,2026-10-31,16,quantile,0.55,6.000000000000003e-4
2026-10-10,3,wk inc rsv prop ed visits,2026-10-31,16,quantile,0.6,8.999999999999989e-4
2026-10-10,3,wk inc rsv prop ed visits,2026-10-31,16,quantile,0.65,0.0011265412654126537
2026-10-10,3,wk inc rsv prop ed visits,2026-10-31,16,quantile,0.7,0.0014967479674796716
2026-10-10,3,wk inc rsv prop ed visits,2026-10-31,16,quantile,0.75,0.0018684209342093425
2026-10-10,3,wk inc rsv prop ed visits,2026-10-31,16,quantile,0.8,0.0023115591155911572
2026-10-10,3,wk inc rsv prop ed visits,2026-10-31,16,quantile,0.85,0.0029000000000000002
2026-10-10,3,wk inc rsv prop ed visits,2026-10-31,16,quantile,0.9,0.003727223472234725
2026-10-10,3,wk inc rsv prop ed visits,2026-10-31,16,quantile,0.95,0.005389024690246901
2026-10-10,3,wk inc rsv prop ed visits,2026-10-31,16,quantile,0.975,0.0069452974529743885
2026-10-10,3,wk inc rsv prop ed visits,2026-10-31,16,quantile,0.99,0.008822315423154198
2026-10-10,3,wk inc rsv prop ed visits,2026-10-31,17,quantile,0.01,0
2026-10-10,3,wk inc rsv prop ed visits,2026-10-31,17,quantile,0.025,0
2026-10-10,3,wk inc rsv prop ed visits,2026-10-31,17,quantile,0.05,0
2026-10-10,3,wk inc rsv prop ed visits,2026-10-31,17,quantile,0.1,0
2026-10-10,3,wk inc rsv prop ed visits,2026-10-31,17,quantile,0.15,0
2026-10-10,3,wk inc rsv prop ed visits,2026-10-31,17,quantile,0.2,0
2026-10-10,3,wk inc rsv prop ed visits,2026-10-31,17,quantile,0.25,0
2026-10-10,3,wk inc rsv prop ed visits,2026-10-31,17,quantile,0.3,0
2026-10-10,3,wk inc rsv prop ed visits,2026-10-31,17,quantile,0.35,0
2026-10-10,3,wk inc rsv prop ed visits,2026-10-31,17,quantile,0.4,0
2026-10-10,3,wk inc rsv prop ed visits,2026-10-31,17,quantile,0.45,9.999999999999969e-5
2026-10-10,3,wk inc rsv prop ed visits,2026-10-31,17,quantile,0.5,2e-4
2026-10-10,3,wk inc rsv prop ed visits,2026-10-31,17,quantile,0.55,3.0000000000000046e-4
2026-10-10,3,wk inc rsv prop ed visits,2026-10-31,17,quantile,0.6,5.000000000000001e-4
2026-10-10,3,wk inc rsv prop ed visits,2026-10-31,17,quantile,0.65,7.000000000000004e-4
2026-10-10,3,wk inc rsv prop ed visits,2026-10-31,17,quantile,0.7,9.926697266972656e-4
2026-10-10,3,wk inc rsv prop ed visits,2026-10-31,17,quantile,0.75,0.0012684524345243438
2026-10-10,3,wk inc rsv prop ed visits,2026-10-31,17,quantile,0.8,0.001671016110161105
2026-10-10,3,wk inc rsv prop ed visits,2026-10-31,17,quantile,0.85,0.0021358509585095867
2026-10-10,3,wk inc rsv prop ed visits,2026-10-31,17,quantile,0.9,0.002735082650826508
2026-10-10,3,wk inc rsv prop ed visits,2026-10-31,17,quantile,0.95,0.003649617346173426
2026-10-10,3,wk inc rsv prop ed visits,2026-10-31,17,quantile,0.975,0.004519806573065746
2026-10-10,3,wk inc rsv prop ed visits,2026-10-31,17,quantile,0.99,0.005726655836558386
2026-10-10,3,wk inc rsv prop ed visits,2026-10-31,18,quantile,0.01,0
2026-10-10,3,wk inc rsv prop ed visits,2026-10-31,18,quantile,0.025,0
2026-10-10,3,wk inc rsv prop ed visits,2026-10-31,18,quantile,0.05,0
2026-10-10,3,wk inc rsv prop ed visits,2026-10-31,18,quantile,0.1,0
2026-10-10,3,wk inc rsv prop ed visits,2026-10-31,18,quantile,0.15,0
2026-10-10,3,wk inc rsv prop ed visits,2026-10-31,18,quantile,0.2,0
2026-10-10,3,wk inc rsv prop ed visits,2026-10-31,18,quantile,0.25,0
2026-10-10,3,wk inc rsv prop ed visits,2026-10-31,18,quantile,0.3,0
2026-10-10,3,wk inc rsv prop ed visits,2026-10-31,18,quantile,0.35,1.999999999999992e-4
2026-10-10,3,wk inc rsv prop ed visits,2026-10-31,18,quantile,0.4,2.999999999999994e-4
2026-10-10,3,wk inc rsv prop ed visits,2026-10-31,18,quantile,0.45,3.9999999999999953e-4
2026-10-10,3,wk inc rsv prop ed visits,2026-10-31,18,quantile,0.5,5e-4
2026-10-10,3,wk inc rsv prop ed visits,2026-10-31,18,quantile,0.55,6.809241592415916e-4
2026-10-10,3,wk inc rsv prop ed visits,2026-10-31,18,quantile,0.6,7.999999999999993e-4
2026-10-10,3,wk inc rsv prop ed visits,2026-10-31,18,quantile,0.65,8.999999999999999e-4
2026-10-10,3,wk inc rsv prop ed visits,2026-10-31,18,quantile,0.7,0.0010999999999999994
2026-10-10,3,wk inc rsv prop ed visits,2026-10-31,18,quantile,0.75,0.0012999999999999997
2026-10-10,3,wk inc rsv prop ed visits,2026-10-31,18,quantile,0.8,0.0015999999999999992
2026-10-10,3,wk inc rsv prop ed visits,2026-10-31,18,quantile,0.85,0.0019519345693456893
2026-10-10,3,wk inc rsv prop ed visits,2026-10-31,18,quantile,0.9,0.0024441865418654233
2026-10-10,3,wk inc rsv prop ed visits,2026-10-31,18,quantile,0.95,0.0032475183751837547
2026-10-10,3,wk inc rsv prop ed visits,2026-10-31,18,quantile,0.975,0.003886301938019367
2026-10-10,3,wk inc rsv prop ed visits,2026-10-31,18,quantile,0.99,0.004641078600785997
2026-10-10,3,wk inc rsv prop ed visits,2026-10-31,19,quantile,0.01,0
2026-10-10,3,wk inc rsv prop ed visits,2026-10-31,19,quantile,0.025,0
2026-10-10,3,wk inc rsv prop ed visits,2026-10-31,19,quantile,0.05,0
2026-10-10,3,wk inc rsv prop ed visits,2026-10-31,19,quantile,0.1,0
2026-10-10,3,wk inc rsv prop ed visits,2026-10-31,19,quantile,0.15,0
2026-10-10,3,wk inc rsv prop ed visits,2026-10-31,19,quantile,0.2,0
2026-10-10,3,wk inc rsv prop ed visits,2026-10-31,19,quantile,0.25,0
2026-10-10,3,wk inc rsv prop ed visits,2026-10-31,19,quantile,0.3,0
2026-10-10,3,wk inc rsv prop ed visits,2026-10-31,19,quantile,0.35,0
2026-10-10,3,wk inc rsv prop ed visits,2026-10-31,19,quantile,0.4,0
2026-10-10,3,wk inc rsv prop ed visits,2026-10-31,19,quantile,0.45,0
2026-10-10,3,wk inc rsv prop ed visits,2026-10-31,19,quantile,0.5,0
2026-10-10,3,wk inc rsv prop ed visits,2026-10-31,19,quantile,0.55,2.0000000000000047e-4
2026-10-10,3,wk inc rsv prop ed visits,2026-10-31,19,quantile,0.6,5e-4
2026-10-10,3,wk inc rsv prop ed visits,2026-10-31,19,quantile,0.65,7.999999999999999e-4
2026-10-10,3,wk inc rsv prop ed visits,2026-10-31,19,quantile,0.7,0.0011213362133621317
2026-10-10,3,wk inc rsv prop ed visits,2026-10-31,19,quantile,0.75,0.001525257002570027
2026-10-10,3,wk inc rsv prop ed visits,2026-10-31,19,quantile,0.8,0.0020000000000000005
2026-10-10,3,wk inc rsv prop ed visits,2026-10-31,19,quantile,0.85,0.0026229395293952897
2026-10-10,3,wk inc rsv prop ed visits,2026-10-31,19,quantile,0.9,0.0035468008680086924
2026-10-10,3,wk inc rsv prop ed visits,2026-10-31,19,quantile,0.95,0.0049571389213891705
2026-10-10,3,wk inc rsv prop ed visits,2026-10-31,19,quantile,0.975,0.00642213012130121
2026-10-10,3,wk inc rsv prop ed visits,2026-10-31,19,quantile,0.99,0.007997656246562445
2026-10-10,3,wk inc rsv prop ed visits,2026-10-31,20,quantile,0.01,0
2026-10-10,3,wk inc rsv prop ed visits,2026-10-31,20,quantile,0.025,0
2026-10-10,3,wk inc rsv prop ed visits,2026-10-31,20,quantile,0.05,0
2026-10-10,3,wk inc rsv prop ed visits,2026-10-31,20,quantile,0.1,0
2026-10-10,3,wk inc rsv prop ed visits,2026-10-31,20,quantile,0.15,0
2026-10-10,3,wk inc rsv prop ed visits,2026-10-31,20,quantile,0.2,0
2026-10-10,3,wk inc rsv prop ed visits,2026-10-31,20,quantile,0.25,0
2026-10-10,3,wk inc rsv prop ed visits,2026-10-31,20,quantile,0.3,0
2026-10-10,3,wk inc rsv prop ed visits,2026-10-31,20,quantile,0.35,0
2026-10-10,3,wk inc rsv prop ed visits,2026-10-31,20,quantile,0.4,0
2026-10-10,3,wk inc rsv prop ed visits,2026-10-31,20,quantile,0.45,0
2026-10-10,3,wk inc rsv prop ed visits,2026-10-31,20,quantile,0.5,0
2026-10-10,3,wk inc rsv prop ed visits,2026-10-31,20,quantile,0.55,1.0000000000000015e-4
2026-10-10,3,wk inc rsv prop ed visits,2026-10-31,20,quantile,0.6,2.978219782197822e-4
2026-10-10,3,wk inc rsv prop ed visits,2026-10-31,20,quantile,0.65,4.3737272372723873e-4
2026-10-10,3,wk inc rsv prop ed visits,2026-10-31,20,quantile,0.7,6.999999999999996e-4
2026-10-10,3,wk inc rsv prop ed visits,2026-10-31,20,quantile,0.75,9.136028860288606e-4
2026-10-10,3,wk inc rsv prop ed visits,2026-10-31,20,quantile,0.8,0.001203407434074349
2026-10-10,3,wk inc rsv prop ed visits,2026-10-31,20,quantile,0.85,0.0016
2026-10-10,3,wk inc rsv prop ed visits,2026-10-31,20,quantile,0.9,0.0021999999999999997
2026-10-10,3,wk inc rsv prop ed visits,2026-10-31,20,quantile,0.95,0.0032039477394773925
2026-10-10,3,wk inc rsv prop ed visits,2026-10-31,20,quantile,0.975,0.003999601446014474
2026-10-10,3,wk inc rsv prop ed visits,2026-10-31,20,quantile,0.99,0.004894429754297539
2026-10-10,3,wk inc rsv prop ed visits,2026-10-31,21,quantile,0.01,0
2026-10-10,3,wk inc rsv prop ed visits,2026-10-31,21,quantile,0.025,0
2026-10-10,3,wk inc rsv prop ed visits,2026-10-31,21,quantile,0.05,0
2026-10-10,3,wk inc rsv prop ed visits,2026-10-31,21,quantile,0.1,0
2026-10-10,3,wk inc rsv prop ed visits,2026-10-31,21,quantile,0.15,0
2026-10-10,3,wk inc rsv prop ed visits,2026-10-31,21,quantile,0.2,0
2026-10-10,3,wk inc rsv prop ed visits,2026-10-31,21,quantile,0.25,0
2026-10-10,3,wk inc rsv prop ed visits,2026-10-31,21,quantile,0.3,6.727867278673262e-5
2026-10-10,3,wk inc rsv prop ed visits,2026-10-31,21,quantile,0.35,2.672786727867328e-4
2026-10-10,3,wk inc rsv prop ed visits,2026-10-31,21,quantile,0.4,4.672786727867325e-4
2026-10-10,3,wk inc rsv prop ed visits,2026-10-31,21,quantile,0.45,6.672786727867321e-4
2026-10-10,3,wk inc rsv prop ed visits,2026-10-31,21,quantile,0.5,8.000000000000001e-4
2026-10-10,3,wk inc rsv prop ed visits,2026-10-31,21,quantile,0.55,9.672786727867323e-4
2026-10-10,3,wk inc rsv prop ed visits,2026-10-31,21,quantile,0.6,0.001167278672786732
2026-10-10,3,wk inc rsv prop ed visits,2026-10-31,21,quantile,0.65,0.0013672786727867321
2026-10-10,3,wk inc rsv prop ed visits,2026-10-31,21,quantile,0.7,0.0015927138271382756
2026-10-10,3,wk inc rsv prop ed visits,2026-10-31,21,quantile,0.75,0.0018820590705907105
2026-10-10,3,wk inc rsv prop ed visits,2026-10-31,21,quantile,0.8,0.0022672786727867323
2026-10-10,3,wk inc rsv prop ed visits,2026-10-31,21,quantile,0.85,0.0027672786727867323
2026-10-10,3,wk inc rsv prop ed visits,2026-10-31,21,quantile,0.9,0.0034268331683316887
2026-10-10,3,wk inc rsv prop ed visits,2026-10-31,21,quantile,0.95,0.004456887618876193
2026-10-10,3,wk inc rsv prop ed visits,2026-10-31,21,quantile,0.975,0.00531909061590616
2026-10-10,3,wk inc rsv prop ed visits,2026-10-31,21,quantile,0.99,0.006486980139801407
2026-10-10,3,wk inc rsv prop ed visits,2026-10-31,22,quantile,0.01,0
2026-10-10,3,wk inc rsv prop ed visits,2026-10-31,22,quantile,0.025,0
2026-10-10,3,wk inc rsv prop ed visits,2026-10-31,22,quantile,0.05,0
2026-10-10,3,wk inc rsv prop ed visits,2026-10-31,22,quantile,0.1,0
2026-10-10,3,wk inc rsv prop ed visits,2026-10-31,22,quantile,0.15,0
2026-10-10,3,wk inc rsv prop ed visits,2026-10-31,22,quantile,0.2,0
2026-10-10,3,wk inc rsv prop ed visits,2026-10-31,22,quantile,0.25,0
2026-10-10,3,wk inc rsv prop ed visits,2026-10-31,22,quantile,0.3,9.999999999999958e-5
2026-10-10,3,wk inc rsv prop ed visits,2026-10-31,22,quantile,0.35,2.3088035880358752e-4
2026-10-10,3,wk inc rsv prop ed visits,2026-10-31,22,quantile,0.4,3.9999999999999953e-4
2026-10-10,3,wk inc rsv prop ed visits,2026-10-31,22,quantile,0.45,4.999999999999997e-4
2026-10-10,3,wk inc rsv prop ed visits,2026-10-31,22,quantile,0.5,6e-4
2026-10-10,3,wk inc rsv prop ed visits,2026-10-31,22,quantile,0.55,7.871694716947168e-4
2026-10-10,3,wk inc rsv prop ed visits,2026-10-31,22,quantile,0.6,8.999999999999995e-4
2026-10-10,3,wk inc rsv prop ed visits,2026-10-31,22,quantile,0.65,0.001060865958659583
2026-10-10,3,wk inc rsv prop ed visits,2026-10-31,22,quantile,0.7,0.0012230516305163058
2026-10-10,3,wk inc rsv prop ed visits,2026-10-31,22,quantile,0.75,0.0014999999999999992
2026-10-10,3,wk inc rsv prop ed visits,2026-10-31,22,quantile,0.8,0.0017900873008730115
2026-10-10,3,wk inc rsv prop ed visits,2026-10-31,22,quantile,0.85,0.002183178831788319
2026-10-10,3,wk inc rsv prop ed visits,2026-10-31,22,quantile,0.9,0.0027
2026-10-10,3,wk inc rsv prop ed visits,2026-10-31,22,quantile,0.95,0.003476770167701681
2026-10-10,3,wk inc rsv prop ed visits,2026-10-31,22,quantile,0.975,0.0041604846548465475
2026-10-10,3,wk inc rsv prop ed visits,2026-10-31,22,quantile,0.99,0.005053930939309382
2026-10-10,3,wk inc rsv prop ed visits,2026-10-31,23,quantile,0.01,0
2026-10-10,3,wk inc rsv prop ed visits,2026-10-31,23,quantile,0.025,0
2026-10-10,3,wk inc rsv prop ed visits,2026-10-31,23,quantile,0.05,0
2026-10-10,3,wk inc rsv prop ed visits,2026-10-31,23,quantile,0.1,0
2026-10-10,3,wk inc rsv prop ed visits,2026-10-31,23,quantile,0.15,0
2026-10-10,3,wk inc rsv prop ed visits,2026-10-31,23,quantile,0.2,0
2026-10-10,3,wk inc rsv prop ed visits,2026-10-31,23,quantile,0.25,0
2026-10-10,3,wk inc rsv prop ed visits,2026-10-31,23,quantile,0.3,0
2026-10-10,3,wk inc rsv prop ed visits,2026-10-31,23,quantile,0.35,0
2026-10-10,3,wk inc rsv prop ed visits,2026-10-31,23,quantile,0.4,0
2026-10-10,3,wk inc rsv prop ed visits,2026-10-31,23,quantile,0.45,0
2026-10-10,3,wk inc rsv prop ed visits,2026-10-31,23,quantile,0.5,1e-4
2026-10-10,3,wk inc rsv prop ed visits,2026-10-31,23,quantile,0.55,2.0000000000000004e-4
2026-10-10,3,wk inc rsv prop ed visits,2026-10-31,23,quantile,0.6,3.000000000000005e-4
2026-10-10,3,wk inc rsv prop ed visits,2026-10-31,23,quantile,0.65,4.999999999999999e-4
2026-10-10,3,wk inc rsv prop ed visits,2026-10-31,23,quantile,0.7,6.999999999999998e-4
2026-10-10,3,wk inc rsv prop ed visits,2026-10-31,23,quantile,0.75,9.44495694956949e-4
2026-10-10,3,wk inc rsv prop ed visits,2026-10-31,23,quantile,0.8,0.0013
2026-10-10,3,wk inc rsv prop ed visits,2026-10-31,23,quantile,0.85,0.001699999999999999
2026-10-10,3,wk inc rsv prop ed visits,2026-10-31,23,quantile,0.9,0.0022000000000000006
2026-10-10,3,wk inc rsv prop ed visits,2026-10-31,23,quantile,0.95,0.0034
2026-10-10,3,wk inc rsv prop ed visits,2026-10-31,23,quantile,0.975,0.004599999999999998
2026-10-10,3,wk inc rsv prop ed visits,2026-10-31,23,quantile,0.99,0.005582245252452525
2026-10-10,3,wk inc rsv prop ed visits,2026-10-31,24,quantile,0.01,0
2026-10-10,3,wk inc rsv prop ed visits,2026-10-31,24,quantile,0.025,0
2026-10-10,3,wk inc rsv prop ed visits,2026-10-31,24,quantile,0.05,0
2026-10-10,3,wk inc rsv prop ed visits,2026-10-31,24,quantile,0.1,0
2026-10-10,3,wk inc rsv prop ed visits,2026-10-31,24,quantile,0.15,0
2026-10-10,3,wk inc rsv prop ed visits,2026-10-31,24,quantile,0.2,0
2026-10-10,3,wk inc rsv prop ed visits,2026-10-31,24,quantile,0.25,0
2026-10-10,3,wk inc rsv prop ed visits,2026-10-31,24,quantile,0.3,0
2026-10-10,3,wk inc rsv prop ed visits,2026-10-31,24,quantile,0.35,0
2026-10-10,3,wk inc rsv prop ed visits,2026-10-31,24,quantile,0.4,0
2026-10-10,3,wk inc rsv prop ed visits,2026-10-31,24,quantile,0.45,9.999999999999975e-5
2026-10-10,3,wk inc rsv prop ed visits,2026-10-31,24,quantile,0.5,2e-4
2026-10-10,3,wk inc rsv prop ed visits,2026-10-31,24,quantile,0.55,3.430225302253029e-4
2026-10-10,3,wk inc rsv prop ed visits,2026-10-31,24,quantile,0.6,5.000000000000002e-4
2026-10-10,3,wk inc rsv prop ed visits,2026-10-31,24,quantile,0.65,7.000000000000006e-4
2026-10-10,3,wk inc rsv prop ed visits,2026-10-31,24,quantile,0.7,9.999999999999998e-4
2026-10-10,3,wk inc rsv prop ed visits,2026-10-31,24,quantile,0.75,0.0013000000000000006
2026-10-10,3,wk inc rsv prop ed visits,2026-10-31,24,quantile,0.8,0.0017000000000000008
2026-10-10,3,wk inc rsv prop ed visits,2026-10-31,24,quantile,0.85,0.0022566293162931622
2026-10-10,3,wk inc rsv prop ed visits,2026-10-31,24,quantile,0.9,0.002928598685986857
2026-10-10,3,wk inc rsv prop ed visits,2026-10-31,24,quantile,0.95,0.0038128870788707815
2026-10-10,3,wk inc rsv prop ed visits,2026-10-31,24,quantile,0.975,0.004729903399033981
2026-10-10,3,wk inc rsv prop ed visits,2026-10-31,24,quantile,0.99,0.005836572165721648
2026-10-10,3,wk inc rsv prop ed visits,2026-10-31,25,quantile,0.01,0
2026-10-10,3,wk inc rsv prop ed visits,2026-10-31,25,quantile,0.025,0
2026-10-10,3,wk inc rsv prop ed visits,2026-10-31,25,quantile,0.05,0
2026-10-10,3,wk inc rsv prop ed visits,2026-10-31,25,quantile,0.1,0
2026-10-10,3,wk inc rsv prop ed visits,2026-10-31,25,quantile,0.15,0
2026-10-10,3,wk inc rsv prop ed visits,2026-10-31,25,quantile,0.2,0
2026-10-10,3,wk inc rsv prop ed visits,2026-10-31,25,quantile,0.25,0
2026-10-10,3,wk inc rsv prop ed visits,2026-10-31,25,quantile,0.3,0
2026-10-10,3,wk inc rsv prop ed visits,2026-10-31,25,quantile,0.35,0
2026-10-10,3,wk inc rsv prop ed visits,2026-10-31,25,quantile,0.4,0
2026-10-10,3,wk inc rsv prop ed visits,2026-10-31,25,quantile,0.45,1.4239207392074174e-4
2026-10-10,3,wk inc rsv prop ed visits,2026-10-31,25,quantile,0.5,3e-4
2026-10-10,3,wk inc rsv prop ed visits,2026-10-31,25,quantile,0.55,4.5083205832058525e-4
2026-10-10,3,wk inc rsv prop ed visits,2026-10-31,25,quantile,0.6,6.596123961239615e-4
2026-10-10,3,wk inc rsv prop ed visits,2026-10-31,25,quantile,0.65,9e-4
2026-10-10,3,wk inc rsv prop ed visits,2026-10-31,25,quantile,0.7,0.0011999999999999995
2026-10-10,3,wk inc rsv prop ed visits,2026-10-31,25,quantile,0.75,0.0015346053460534616
2026-10-10,3,wk inc rsv prop ed visits,2026-10-31,25,quantile,0.8,0.0020000000000000005
2026-10-10,3,wk inc rsv prop ed visits,2026-10-31,25,quantile,0.85,0.0026000000000000003
2026-10-10,3,wk inc rsv prop ed visits,2026-10-31,25,quantile,0.9,0.003324409444094442
2026-10-10,3,wk inc rsv prop ed visits,2026-10-31,25,quantile,0.95,0.0042826274262742605
2026-10-10,3,wk inc rsv prop ed visits,2026-10-31,25,quantile,0.975,0.0053350666006660025
2026-10-10,3,wk inc rsv prop ed visits,2026-10-31,25,quantile,0.99,0.006569688206882048
2026-10-10,3,wk inc rsv prop ed visits,2026-10-31,26,quantile,0.01,0
2026-10-10,3,wk inc rsv prop ed visits,2026-10-31,26,quantile,0.025,0
2026-10-10,3,wk inc rsv prop ed visits,2026-10-31,26,quantile,0.05,0
2026-10-10,3,wk inc rsv prop ed visits,2026-10-31,26,quantile,0.1,0
2026-10-10,3,wk inc rsv prop ed visits,2026-10-31,26,quantile,0.15,0
2026-10-10,3,wk inc rsv prop ed visits,2026-10-31,26,quantile,0.2,0
2026-10-10,3,wk inc rsv prop ed visits,2026-10-31,26,quantile,0.25,0
2026-10-10,3,wk inc rsv prop ed visits,2026-10-31,26,quantile,0.3,0
2026-10-10,3,wk inc rsv prop ed visits,2026-10-31,26,quantile,0.35,0
2026-10-10,3,wk inc rsv prop ed visits,2026-10-31,26,quantile,0.4,0
2026-10-10,3,wk inc rsv prop ed visits,2026-10-31,26,quantile,0.45,0
2026-10-10,3,wk inc rsv prop ed visits,2026-10-31,26,quantile,0.5,1e-4
2026-10-10,3,wk inc rsv prop ed visits,2026-10-31,26,quantile,0.55,2.43355683556838e-4
2026-10-10,3,wk inc rsv prop ed visits,2026-10-31,26,quantile,0.6,4.0000000000000024e-4
2026-10-10,3,wk inc rsv prop ed visits,2026-10-31,26,quantile,0.65,6.00000000000001e-4
2026-10-10,3,wk inc rsv prop ed visits,2026-10-31,26,quantile,0.7,8.999999999999998e-4
2026-10-10,3,wk inc rsv prop ed visits,2026-10-31,26,quantile,0.75,0.001199999999999999
2026-10-10,3,wk inc rsv prop ed visits,2026-10-31,26,quantile,0.8,0.0015169393693936944
2026-10-10,3,wk inc rsv prop ed visits,2026-10-31,26,quantile,0.85,0.002034637446374465
2026-10-10,3,wk inc rsv prop ed visits,2026-10-31,26,quantile,0.9,0.0027000000000000014
2026-10-10,3,wk inc rsv prop ed visits,2026-10-31,26,quantile,0.95,0.003760020550205495
2026-10-10,3,wk inc rsv prop ed visits,2026-10-31,26,quantile,0.975,0.004698641211412091
2026-10-10,3,wk inc rsv prop ed visits,2026-10-31,26,quantile,0.99,0.005729702727027298
2026-10-10,3,wk inc rsv prop ed visits,2026-10-31,27,quantile,0.01,0
2026-10-10,3,wk inc rsv prop ed visits,2026-10-31,27,quantile,0.025,0
2026-10-10,3,wk inc rsv prop ed visits,2026-10-31,27,quantile,0.05,0
2026-10-10,3,wk inc rsv prop ed visits,2026-10-31,27,quantile,0.1,0
2026-10-10,3,wk inc rsv prop ed visits,2026-10-31,27,quantile,0.15,0
2026-10-10,3,wk inc rsv prop ed visits,2026-10-31,27,quantile,0.2,0
2026-10-10,3,wk inc rsv prop ed visits,2026-10-31,27,quantile,0.25,0
2026-10-10,3,wk inc rsv prop ed visits,2026-10-31,27,quantile,0.3,0
2026-10-10,3,wk inc rsv prop ed visits,2026-10-31,27,quantile,0.35,0
2026-10-10,3,wk inc rsv prop ed visits,2026-10-31,27,quantile,0.4,0
2026-10-10,3,wk inc rsv prop ed visits,2026-10-31,27,quantile,0.45,0
2026-10-10,3,wk inc rsv prop ed visits,2026-10-31,27,quantile,0.5,0
2026-10-10,3,wk inc rsv prop ed visits,2026-10-31,27,quantile,0.55,1.9999999999999993e-4
2026-10-10,3,wk inc rsv prop ed visits,2026-10-31,27,quantile,0.6,4e-4
2026-10-10,3,wk inc rsv prop ed visits,2026-10-31,27,quantile,0.65,6.000000000000011e-4
2026-10-10,3,wk inc rsv prop ed visits,2026-10-31,27,quantile,0.7,8.999999999999998e-4
2026-10-10,3,wk inc rsv prop ed visits,2026-10-31,27,quantile,0.75,0.0012000000000000001
2026-10-10,3,wk inc rsv prop ed visits,2026-10-31,27,quantile,0.8,0.0015811706117061157
2026-10-10,3,wk inc rsv prop ed visits,2026-10-31,27,quantile,0.85,0.0019999999999999996
2026-10-10,3,wk inc rsv prop ed visits,2026-10-31,27,quantile,0.9,0.002656689766897671
2026-10-10,3,wk inc rsv prop ed visits,2026-10-31,27,quantile,0.95,0.0037506579065790745
2026-10-10,3,wk inc rsv prop ed visits,2026-10-31,27,quantile,0.975,0.0048367196921969184
2026-10-10,3,wk inc rsv prop ed visits,2026-10-31,27,quantile,0.99,0.006261567005670051
2026-10-10,3,wk inc rsv prop ed visits,2026-10-31,28,quantile,0.01,0
2026-10-10,3,wk inc rsv prop ed visits,2026-10-31,28,quantile,0.025,0
2026-10-10,3,wk inc rsv prop ed visits,2026-10-31,28,quantile,0.05,0
2026-10-10,3,wk inc rsv prop ed visits,2026-10-31,28,quantile,0.1,0
2026-10-10,3,wk inc rsv prop ed visits,2026-10-31,28,quantile,0.15,0
2026-10-10,3,wk inc rsv prop ed visits,2026-10-31,28,quantile,0.2,0
2026-10-10,3,wk inc rsv prop ed visits,2026-10-31,28,quantile,0.25,0
2026-10-10,3,wk inc rsv prop ed visits,2026-10-31,28,quantile,0.3,1.9999999999999998e-4
2026-10-10,3,wk inc rsv prop ed visits,2026-10-31,28,quantile,0.35,3.9999999999999975e-4
2026-10-10,3,wk inc rsv prop ed visits,2026-10-31,28,quantile,0.4,5.815516155161561e-4
2026-10-10,3,wk inc rsv prop ed visits,2026-10-31,28,quantile,0.45,6.999999999999997e-4
2026-10-10,3,wk inc rsv prop ed visits,2026-10-31,28,quantile,0.5,8e-4
2026-10-10,3,wk inc rsv prop ed visits,2026-10-31,28,quantile,0.55,9.999999999999996e-4
2026-10-10,3,wk inc rsv prop ed visits,2026-10-31,28,quantile,0.6,0.0010999999999999998
2026-10-10,3,wk inc rsv prop ed visits,2026-10-31,28,quantile,0.65,0.0012999999999999995
2026-10-10,3,wk inc rsv prop ed visits,2026-10-31,28,quantile,0.7,0.0014999999999999996
2026-10-10,3,wk inc rsv prop ed visits,2026-10-31,28,quantile,0.75,0.0017000000000000001
2026-10-10,3,wk inc rsv prop ed visits,2026-10-31,28,quantile,0.8,0.0019999999999999996
2026-10-10,3,wk inc rsv prop ed visits,2026-10-31,28,quantile,0.85,0.002399999999999999
2026-10-10,3,wk inc rsv prop ed visits,2026-10-31,28,quantile,0.9,0.0028999999999999994
2026-10-10,3,wk inc rsv prop ed visits,2026-10-31,28,quantile,0.95,0.0036
2026-10-10,3,wk inc rsv prop ed visits,2026-10-31,28,quantile,0.975,0.0042251380013800174
2026-10-10,3,wk inc rsv prop ed visits,2026-10-31,28,quantile,0.99,0.005007507965079643
2026-10-10,3,wk inc rsv prop ed visits,2026-10-31,29,quantile,0.01,0
2026-10-10,3,wk inc rsv prop ed visits,2026-10-31,29,quantile,0.025,0
2026-10-10,3,wk inc rsv prop ed visits,2026-10-31,29,quantile,0.05,0
2026-10-10,3,wk inc rsv prop ed visits,2026-10-31,29,quantile,0.1,0
2026-10-10,3,wk inc rsv prop ed visits,2026-10-31,29,quantile,0.15,0
2026-10-10,3,wk inc rsv prop ed visits,2026-10-31,29,quantile,0.2,0
2026-10-10,3,wk inc rsv prop ed visits,2026-10-31,29,quantile,0.25,0
2026-10-10,3,wk inc rsv prop ed visits,2026-10-31,29,quantile,0.3,0
2026-10-10,3,wk inc rsv prop ed visits,2026-10-31,29,quantile,0.35,0
2026-10-10,3,wk inc rsv prop ed visits,2026-10-31,29,quantile,0.4,0
2026-10-10,3,wk inc rsv prop ed visits,2026-10-31,29,quantile,0.45,1.3552527156068805e-19
2026-10-10,3,wk inc rsv prop ed visits,2026-10-31,29,quantile,0.5,1e-4
2026-10-10,3,wk inc rsv prop ed visits,2026-10-31,29,quantile,0.55,1.4909294092940587e-4
2026-10-10,3,wk inc rsv prop ed visits,2026-10-31,29,quantile,0.6,2.754927549275523e-4
2026-10-10,3,wk inc rsv prop ed visits,2026-10-31,29,quantile,0.65,4.0000000000000013e-4
2026-10-10,3,wk inc rsv prop ed visits,2026-10-31,29,quantile,0.7,5.000000000000013e-4
2026-10-10,3,wk inc rsv prop ed visits,2026-10-31,29,quantile,0.75,7.283750337503367e-4
2026-10-10,3,wk inc rsv prop ed visits,2026-10-31,29,quantile,0.8,0.0010549233492334973
2026-10-10,3,wk inc rsv prop ed visits,2026-10-31,29,quantile,0.85,0.0014441370413704096
2026-10-10,3,wk inc rsv prop ed visits,2026-10-31,29,quantile,0.9,0.001999999999999999
2026-10-10,3,wk inc rsv prop ed visits,2026-10-31,29,quantile,0.95,0.0028
2026-10-10,3,wk inc rsv prop ed visits,2026-10-31,29,quantile,0.975,0.0036095226952269502
2026-10-10,3,wk inc rsv prop ed visits,2026-10-31,29,quantile,0.99,0.004752176701767003
2026-10-10,3,wk inc rsv prop ed visits,2026-10-31,30,quantile,0.01,0
2026-10-10,3,wk inc rsv prop ed visits,2026-10-31,30,quantile,0.025,0
2026-10-10,3,wk inc rsv prop ed visits,2026-10-31,30,quantile,0.05,0
2026-10-10,3,wk inc rsv prop ed visits,2026-10-31,30,quantile,0.1,0
2026-10-10,3,wk inc rsv prop ed visits,2026-10-31,30,quantile,0.15,0
2026-10-10,3,wk inc rsv prop ed visits,2026-10-31,30,quantile,0.2,0
2026-10-10,3,wk inc rsv prop ed visits,2026-10-31,30,quantile,0.25,0
2026-10-10,3,wk inc rsv prop ed visits,2026-10-31,30,quantile,0.3,0
2026-10-10,3,wk inc rsv prop ed visits,2026-10-31,30,quantile,0.35,0
2026-10-10,3,wk inc rsv prop ed visits,2026-10-31,30,quantile,0.4,0
2026-10-10,3,wk inc rsv prop ed visits,2026-10-31,30,quantile,0.45,0
2026-10-10,3,wk inc rsv prop ed visits,2026-10-31,30,quantile,0.5,0
2026-10-10,3,wk inc rsv prop ed visits,2026-10-31,30,quantile,0.55,1.9999999999999998e-4
2026-10-10,3,wk inc rsv prop ed visits,2026-10-31,30,quantile,0.6,4e-4
2026-10-10,3,wk inc rsv prop ed visits,2026-10-31,30,quantile,0.65,6.420965709657124e-4
2026-10-10,3,wk inc rsv prop ed visits,2026-10-31,30,quantile,0.7,9.153577535775306e-4
2026-10-10,3,wk inc rsv prop ed visits,2026-10-31,30,quantile,0.75,0.001368342933429335
2026-10-10,3,wk inc rsv prop ed visits,2026-10-31,30,quantile,0.8,0.0018999999999999993
2026-10-10,3,wk inc rsv prop ed visits,2026-10-31,30,quantile,0.85,0.0025159027090270844
2026-10-10,3,wk inc rsv prop ed visits,2026-10-31,30,quantile,0.9,0.0033580604806048107
2026-10-10,3,wk inc rsv prop ed visits,2026-10-31,30,quantile,0.95,0.004542304473044728
2026-10-10,3,wk inc rsv prop ed visits,2026-10-31,30,quantile,0.975,0.005634777022770226
2026-10-10,3,wk inc rsv prop ed visits,2026-10-31,30,quantile,0.99,0.006993573185731844
2026-10-10,3,wk inc rsv prop ed visits,2026-10-31,31,quantile,0.01,0
2026-10-10,3,wk inc rsv prop ed visits,2026-10-31,31,quantile,0.025,0
2026-10-10,3,wk inc rsv prop ed visits,2026-10-31,31,quantile,0.05,0
2026-10-10,3,wk inc rsv prop ed visits,2026-10-31,31,quantile,0.1,0
2026-10-10,3,wk inc rsv prop ed visits,2026-10-31,31,quantile,0.15,0
2026-10-10,3,wk inc rsv prop ed visits,2026-10-31,31,quantile,0.2,0
2026-10-10,3,wk inc rsv prop ed visits,2026-10-31,31,quantile,0.25,0
2026-10-10,3,wk inc rsv prop ed visits,2026-10-31,31,quantile,0.3,0
2026-10-10,3,wk inc rsv prop ed visits,2026-10-31,31,quantile,0.35,0
2026-10-10,3,wk inc rsv prop ed visits,2026-10-31,31,quantile,0.4,0
2026-10-10,3,wk inc rsv prop ed visits,2026-10-31,31,quantile,0.45,0
2026-10-10,3,wk inc rsv prop ed visits,2026-10-31,31,quantile,0.5,1e-4
2026-10-10,3,wk inc rsv prop ed visits,2026-10-31,31,quantile,0.55,2.2353868538685292e-4
2026-10-10,3,wk inc rsv prop ed visits,2026-10-31,31,quantile,0.6,3.9999999999999996e-4
2026-10-10,3,wk inc rsv prop ed visits,2026-10-31,31,quantile,0.65,6.000000000000001e-4
2026-10-10,3,wk inc rsv prop ed visits,2026-10-31,31,quantile,0.7,8.000000000000006e-4
2026-10-10,3,wk inc rsv prop ed visits,2026-10-31,31,quantile,0.75,0.0011
2026-10-10,3,wk inc rsv prop ed visits,2026-10-31,31,quantile,0.8,0.0014000000000000006
2026-10-10,3,wk inc rsv prop ed visits,2026-10-31,31,quantile,0.85,0.0018000000000000002
2026-10-10,3,wk inc rsv prop ed visits,2026-10-31,31,quantile,0.9,0.0023370320703207073
2026-10-10,3,wk inc rsv prop ed visits,2026-10-31,31,quantile,0.95,0.0031260578105781057
2026-10-10,3,wk inc rsv prop ed visits,2026-10-31,31,quantile,0.975,0.003909959949599482
2026-10-10,3,wk inc rsv prop ed visits,2026-10-31,31,quantile,0.99,0.00493514088140876
2026-10-10,3,wk inc rsv prop ed visits,2026-10-31,32,quantile,0.01,0
2026-10-10,3,wk inc rsv prop ed visits,2026-10-31,32,quantile,0.025,0
2026-10-10,3,wk inc rsv prop ed visits,2026-10-31,32,quantile,0.05,0
2026-10-10,3,wk inc rsv prop ed visits,2026-10-31,32,quantile,0.1,0
2026-10-10,3,wk inc rsv prop ed visits,2026-10-31,32,quantile,0.15,0
2026-10-10,3,wk inc rsv prop ed visits,2026-10-31,32,quantile,0.2,0
2026-10-10,3,wk inc rsv prop ed visits,2026-10-31,32,quantile,0.25,0
2026-10-10,3,wk inc rsv prop ed visits,2026-10-31,32,quantile,0.3,0
2026-10-10,3,wk inc rsv prop ed visits,2026-10-31,32,quantile,0.35,0
2026-10-10,3,wk inc rsv prop ed visits,2026-10-31,32,quantile,0.4,0
2026-10-10,3,wk inc rsv prop ed visits,2026-10-31,32,quantile,0.45,9.999999999999991e-5
2026-10-10,3,wk inc rsv prop ed visits,2026-10-31,32,quantile,0.5,2e-4
2026-10-10,3,wk inc rsv prop ed visits,2026-10-31,32,quantile,0.55,3.0000000000000024e-4
2026-10-10,3,wk inc rsv prop ed visits,2026-10-31,32,quantile,0.6,4.999999999999999e-4
2026-10-10,3,wk inc rsv prop ed visits,2026-10-31,32,quantile,0.65,6.999999999999995e-4
2026-10-10,3,wk inc rsv prop ed visits,2026-10-31,32,quantile,0.7,8.999999999999998e-4
2026-10-10,3,wk inc rsv prop ed visits,2026-10-31,32,quantile,0.75,0.0011065985659856582
2026-10-10,3,wk inc rsv prop ed visits,2026-10-31,32,quantile,0.8,0.0014561503615036265
2026-10-10,3,wk inc rsv prop ed visits,2026-10-31,32,quantile,0.85,0.0018636292862928639
2026-10-10,3,wk inc rsv prop ed visits,2026-10-31,32,quantile,0.9,0.002399999999999999
2026-10-10,3,wk inc rsv prop ed visits,2026-10-31,32,quantile,0.95,0.003104764797647975
2026-10-10,3,wk inc rsv prop ed visits,2026-10-31,32,quantile,0.975,0.003779663846638479
2026-10-10,3,wk inc rsv prop ed visits,2026-10-31,32,quantile,0.99,0.00465971568715687
2026-10-10,3,wk inc rsv prop ed visits,2026-10-31,33,quantile,0.01,0
2026-10-10,3,wk inc rsv prop ed visits,2026-10-31,33,quantile,0.025,0
2026-10-10,3,wk inc rsv prop ed visits,2026-10-31,33,quantile,0.05,0
2026-10-10,3,wk inc rsv prop ed visits,2026-10-31,33,quantile,0.1,0
2026-10-10,3,wk inc rsv prop ed visits,2026-10-31,33,quantile,0.15,0
2026-10-10,3,wk inc rsv prop ed visits,2026-10-31,33,quantile,0.2,0
2026-10-10,3,wk inc rsv prop ed visits,2026-10-31,33,quantile,0.25,0
2026-10-10,3,wk inc rsv prop ed visits,2026-10-31,33,quantile,0.3,0
2026-10-10,3,wk inc rsv prop ed visits,2026-10-31,33,quantile,0.35,0
2026-10-10,3,wk inc rsv prop ed visits,2026-10-31,33,quantile,0.4,0
2026-10-10,3,wk inc rsv prop ed visits,2026-10-31,33,quantile,0.45,0
2026-10-10,3,wk inc rsv prop ed visits,2026-10-31,33,quantile,0.5,1.6263032587282567e-19
2026-10-10,3,wk inc rsv prop ed visits,2026-10-31,33,quantile,0.55,1.8691356913569195e-4
2026-10-10,3,wk inc rsv prop ed visits,2026-10-31,33,quantile,0.6,4.5404854048540445e-4
2026-10-10,3,wk inc rsv prop ed visits,2026-10-31,33,quantile,0.65,6.567725677256802e-4
2026-10-10,3,wk inc rsv prop ed visits,2026-10-31,33,quantile,0.7,9.829049290492893e-4
2026-10-10,3,wk inc rsv prop ed visits,2026-10-31,33,quantile,0.75,0.0013540485404854052
2026-10-10,3,wk inc rsv prop ed visits,2026-10-31,33,quantile,0.8,0.0018540485404854043
2026-10-10,3,wk inc rsv prop ed visits,2026-10-31,33,quantile,0.85,0.0024574420244202464
2026-10-10,3,wk inc rsv prop ed visits,2026-10-31,33,quantile,0.9,0.0033801869018690095
2026-10-10,3,wk inc rsv prop ed visits,2026-10-31,33,quantile,0.95,0.004613231332313319
2026-10-10,3,wk inc rsv prop ed visits,2026-10-31,33,quantile,0.975,0.005567906504065043
2026-10-10,3,wk inc rsv prop ed visits,2026-10-31,33,quantile,0.99,0.006836810488104873
2026-10-10,3,wk inc rsv prop ed visits,2026-10-31,34,quantile,0.01,0
2026-10-10,3,wk inc rsv prop ed visits,2026-10-31,34,quantile,0.025,0
2026-10-10,3,wk inc rsv prop ed visits,2026-10-31,34,quantile,0.05,0
2026-10-10,3,wk inc rsv prop ed visits,2026-10-31,34,quantile,0.1,0
2026-10-10,3,wk inc rsv prop ed visits,2026-10-31,34,quantile,0.15,0
2026-10-10,3,wk inc rsv prop ed visits,2026-10-31,34,quantile,0.2,0
2026-10-10,3,wk inc rsv prop ed visits,2026-10-31,34,quantile,0.25,0
2026-10-10,3,wk inc rsv prop ed visits,2026-10-31,34,quantile,0.3,0
2026-10-10,3,wk inc rsv prop ed visits,2026-10-31,34,quantile,0.35,9.999999999999919e-5
2026-10-10,3,wk inc rsv prop ed visits,2026-10-31,34,quantile,0.4,1.9999999999999928e-4
2026-10-10,3,wk inc rsv prop ed visits,2026-10-31,34,quantile,0.45,2.9999999999999943e-4
2026-10-10,3,wk inc rsv prop ed visits,2026-10-31,34,quantile,0.5,4e-4
2026-10-10,3,wk inc rsv prop ed visits,2026-10-31,34,quantile,0.55,5.626670266702666e-4
2026-10-10,3,wk inc rsv prop ed visits,2026-10-31,34,quantile,0.6,6.99999999999999e-4
2026-10-10,3,wk inc rsv prop ed visits,2026-10-31,34,quantile,0.65,7.999999999999995e-4
2026-10-10,3,wk inc rsv prop ed visits,2026-10-31,34,quantile,0.7,9.999999999999992e-4
2026-10-10,3,wk inc rsv prop ed visits,2026-10-31,34,quantile,0.75,0.0011999999999999997
2026-10-10,3,wk inc rsv prop ed visits,2026-10-31,34,quantile,0.8,0.0014999999999999983
2026-10-10,3,wk inc rsv prop ed visits,2026-10-31,34,quantile,0.85,0.0017999999999999982
2026-10-10,3,wk inc rsv prop ed visits,2026-10-31,34,quantile,0.9,0.0021999999999999993
2026-10-10,3,wk inc rsv prop ed visits,2026-10-31,34,quantile,0.95,0.0028749303993039856
2026-10-10,3,wk inc rsv prop ed visits,2026-10-31,34,quantile,0.975,0.0033886284612846145
2026-10-10,3,wk inc rsv prop ed visits,2026-10-31,34,quantile,0.99,0.004053820478204768
2026-10-10,3,wk inc rsv prop ed visits,2026-10-31,35,quantile,0.01,0
2026-10-10,3,wk inc rsv prop ed visits,2026-10-31,35,quantile,0.025,0
2026-10-10,3,wk inc rsv prop ed visits,2026-10-31,35,quantile,0.05,0
2026-10-10,3,wk inc rsv prop ed visits,2026-10-31,35,quantile,0.1,0
2026-10-10,3,wk inc rsv prop ed visits,2026-10-31,35,quantile,0.15,0
2026-10-10,3,wk inc rsv prop ed visits,2026-10-31,35,quantile,0.2,0
2026-10-10,3,wk inc rsv prop ed visits,2026-10-31,35,quantile,0.25,0
2026-10-10,3,wk inc rsv prop ed visits,2026-10-31,35,quantile,0.3,0
2026-10-10,3,wk inc rsv prop ed visits,2026-10-31,35,quantile,0.35,0
2026-10-10,3,wk inc rsv prop ed visits,2026-10-31,35,quantile,0.4,1.6521165211652386e-5
2026-10-10,3,wk inc rsv prop ed visits,2026-10-31,35,quantile,0.45,2.000000000000001e-4
2026-10-10,3,wk inc rsv prop ed visits,2026-10-31,35,quantile,0.5,4e-4
2026-10-10,3,wk inc rsv prop ed visits,2026-10-31,35,quantile,0.55,6.000000000000007e-4
2026-10-10,3,wk inc rsv prop ed visits,2026-10-31,35,quantile,0.6,9e-4
2026-10-10,3,wk inc rsv prop ed visits,2026-10-31,35,quantile,0.65,0.0012000000000000001
2026-10-10,3,wk inc rsv prop ed visits,2026-10-31,35,quantile,0.7,0.0016
2026-10-10,3,wk inc rsv prop ed visits,2026-10-31,35,quantile,0.75,0.0021010222602225997
2026-10-10,3,wk inc rsv prop ed visits,2026-10-31,35,quantile,0.8,0.0027715915159151703
2026-10-10,3,wk inc rsv prop ed visits,2026-10-31,35,quantile,0.85,0.0036311383613836156
2026-10-10,3,wk inc rsv prop ed visits,2026-10-31,35,quantile,0.9,0.004699824498244975
2026-10-10,3,wk inc rsv prop ed visits,2026-10-31,35,quantile,0.95,0.006927428974289719
2026-10-10,3,wk inc rsv prop ed visits,2026-10-31,35,quantile,0.975,0.008991110236102348
2026-10-10,3,wk inc rsv prop ed visits,2026-10-31,35,quantile,0.99,0.0105849878498785
2026-10-10,3,wk inc rsv prop ed visits,2026-10-31,36,quantile,0.01,0
2026-10-10,3,wk inc rsv prop ed visits,2026-10-31,36,quantile,0.025,0
2026-10-10,3,wk inc rsv prop ed visits,2026-10-31,36,quantile,0.05,0
2026-10-10,3,wk inc rsv prop ed visits,2026-10-31,36,quantile,0.1,0
2026-10-10,3,wk inc rsv prop ed visits,2026-10-31,36,quantile,0.15,0
2026-10-10,3,wk inc rsv prop ed visits,2026-10-31,36,quantile,0.2,0
2026-10-10,3,wk inc rsv prop ed visits,2026-10-31,36,quantile,0.25,0
2026-10-10,3,wk inc rsv prop ed visits,2026-10-31,36,quantile,0.3,0
2026-10-10,3,wk inc rsv prop ed visits,2026-10-31,36,quantile,0.35,0
2026-10-10,3,wk inc rsv prop ed visits,2026-10-31,36,quantile,0.4,4.3515435154351184e-5
2026-10-10,3,wk inc rsv prop ed visits,2026-10-31,36,quantile,0.45,1.435154351543511e-4
2026-10-10,3,wk inc rsv prop ed visits,2026-10-31,36,quantile,0.5,2e-4
2026-10-10,3,wk inc rsv prop ed visits,2026-10-31,36,quantile,0.55,2.626527765277643e-4
2026-10-10,3,wk inc rsv prop ed visits,2026-10-31,36,quantile,0.6,4.22508625086251e-4
2026-10-10,3,wk inc rsv prop ed visits,2026-10-31,36,quantile,0.65,5.435154351543511e-4
2026-10-10,3,wk inc rsv prop ed visits,2026-10-31,36,quantile,0.7,6.435154351543513e-4
2026-10-10,3,wk inc rsv prop ed visits,2026-10-31,36,quantile,0.75,8.43515435154351e-4
2026-10-10,3,wk inc rsv prop ed visits,2026-10-31,36,quantile,0.8,0.0010357465574655758
2026-10-10,3,wk inc rsv prop ed visits,2026-10-31,36,quantile,0.85,0.001243515435154352
2026-10-10,3,wk inc rsv prop ed visits,2026-10-31,36,quantile,0.9,0.0016435154351543517
2026-10-10,3,wk inc rsv prop ed visits,2026-10-31,36,quantile,0.95,0.0022522452224522246
2026-10-10,3,wk inc rsv prop ed visits,2026-10-31,36,quantile,0.975,0.002814582170821707
2026-10-10,3,wk inc rsv prop ed visits,2026-10-31,36,quantile,0.99,0.003410492034920349
2026-10-10,3,wk inc rsv prop ed visits,2026-10-31,37,quantile,0.01,0
2026-10-10,3,wk inc rsv prop ed visits,2026-10-31,37,quantile,0.025,0
2026-10-10,3,wk inc rsv prop ed visits,2026-10-31,37,quantile,0.05,0
2026-10-10,3,wk inc rsv prop ed visits,2026-10-31,37,quantile,0.1,0
2026-10-10,3,wk inc rsv prop ed visits,2026-10-31,37,quantile,0.15,0
2026-10-10,3,wk inc rsv prop ed visits,2026-10-31,37,quantile,0.2,0
2026-10-10,3,wk inc rsv prop ed visits,2026-10-31,37,quantile,0.25,0
2026-10-10,3,wk inc rsv prop ed visits,2026-10-31,37,quantile,0.3,0
2026-10-10,3,wk inc rsv prop ed visits,2026-10-31,37,quantile,0.35,0
2026-10-10,3,wk inc rsv prop ed visits,2026-10-31,37,quantile,0.4,1.0000000000000108e-4
2026-10-10,3,wk inc rsv prop ed visits,2026-10-31,37,quantile,0.45,2.0000000000000128e-4
2026-10-10,3,wk inc rsv prop ed visits,2026-10-31,37,quantile,0.5,4e-4
2026-10-10,3,wk inc rsv prop ed visits,2026-10-31,37,quantile,0.55,5.000000000000011e-4
2026-10-10,3,wk inc rsv prop ed visits,2026-10-31,37,quantile,0.6,7.000000000000008e-4
2026-10-10,3,wk inc rsv prop ed visits,2026-10-31,37,quantile,0.65,9.000000000000008e-4
2026-10-10,3,wk inc rsv prop ed visits,2026-10-31,37,quantile,0.7,0.0011000000000000014
2026-10-10,3,wk inc rsv prop ed visits,2026-10-31,37,quantile,0.75,0.0014000000000000006
2026-10-10,3,wk inc rsv prop ed visits,2026-10-31,37,quantile,0.8,0.0017000000000000023
2026-10-10,3,wk inc rsv prop ed visits,2026-10-31,37,quantile,0.85,0.002158146131461313
2026-10-10,3,wk inc rsv prop ed visits,2026-10-31,37,quantile,0.9,0.0027178108781087847
2026-10-10,3,wk inc rsv prop ed visits,2026-10-31,37,quantile,0.95,0.003767373323733236
2026-10-10,3,wk inc rsv prop ed visits,2026-10-31,37,quantile,0.975,0.0048093761437614305
2026-10-10,3,wk inc rsv prop ed visits,2026-10-31,37,quantile,0.99,0.005780511805118046
2026-10-10,3,wk inc rsv prop ed visits,2026-10-31,38,quantile,0.01,0
2026-10-10,3,wk inc rsv prop ed visits,2026-10-31,38,quantile,0.025,0
2026-10-10,3,wk inc rsv prop ed visits,2026-10-31,38,quantile,0.05,0
2026-10-10,3,wk inc rsv prop ed visits,2026-10-31,38,quantile,0.1,0
2026-10-10,3,wk inc rsv prop ed visits,2026-10-31,38,quantile,0.15,0
2026-10-10,3,wk inc rsv prop ed visits,2026-10-31,38,quantile,0.2,0
2026-10-10,3,wk inc rsv prop ed visits,2026-10-31,38,quantile,0.25,0
2026-10-10,3,wk inc rsv prop ed visits,2026-10-31,38,quantile,0.3,0
2026-10-10,3,wk inc rsv prop ed visits,2026-10-31,38,quantile,0.35,1.000000000000004e-4
2026-10-10,3,wk inc rsv prop ed visits,2026-10-31,38,quantile,0.4,3.0000000000000046e-4
2026-10-10,3,wk inc rsv prop ed visits,2026-10-31,38,quantile,0.45,5.000000000000004e-4
2026-10-10,3,wk inc rsv prop ed visits,2026-10-31,38,quantile,0.5,7.000000000000001e-4
2026-10-10,3,wk inc rsv prop ed visits,2026-10-31,38,quantile,0.55,8.999999999999995e-4
2026-10-10,3,wk inc rsv prop ed visits,2026-10-31,38,quantile,0.6,0.0011000000000000005
2026-10-10,3,wk inc rsv prop ed visits,2026-10-31,38,quantile,0.65,0.0013336507365073638
2026-10-10,3,wk inc rsv prop ed visits,2026-10-31,38,quantile,0.7,0.0016531668316683182
2026-10-10,3,wk inc rsv prop ed visits,2026-10-31,38,quantile,0.75,0.002000000000000001
2026-10-10,3,wk inc rsv prop ed visits,2026-10-31,38,quantile,0.8,0.002474771547715481
2026-10-10,3,wk inc rsv prop ed visits,2026-10-31,38,quantile,0.85,0.003100000000000001
2026-10-10,3,wk inc rsv prop ed visits,2026-10-31,38,quantile,0.9,0.004222861128611285
2026-10-10,3,wk inc rsv prop ed visits,2026-10-31,38,quantile,0.95,0.006299999999999999
2026-10-10,3,wk inc rsv prop ed visits,2026-10-31,38,quantile,0.975,0.007812292322923247
2026-10-10,3,wk inc rsv prop ed visits,2026-10-31,38,quantile,0.99,0.009607534065340645
2026-10-10,3,wk inc rsv prop ed visits,2026-10-31,39,quantile,0.01,0
2026-10-10,3,wk inc rsv prop ed visits,2026-10-31,39,quantile,0.025,0
2026-10-10,3,wk inc rsv prop ed visits,2026-10-31,39,quantile,0.05,0
2026-10-10,3,wk inc rsv prop ed visits,2026-10-31,39,quantile,0.1,0
2026-10-10,3,wk inc rsv prop ed visits,2026-10-31,39,quantile,0.15,0
2026-10-10,3,wk inc rsv prop ed visits,2026-10-31,39,quantile,0.2,0
2026-10-10,3,wk inc rsv prop ed visits,2026-10-31,39,quantile,0.25,0
2026-10-10,3,wk inc rsv prop ed visits,2026-10-31,39,quantile,0.3,0
2026-10-10,3,wk inc rsv prop ed visits,2026-10-31,39,quantile,0.35,0
2026-10-10,3,wk inc rsv prop ed visits,2026-10-31,39,quantile,0.4,0
2026-10-10,3,wk inc rsv prop ed visits,2026-10-31,39,quantile,0.45,8.131516293641283e-20
2026-10-10,3,wk inc rsv prop ed visits,2026-10-31,39,quantile,0.5,1e-4
2026-10-10,3,wk inc rsv prop ed visits,2026-10-31,39,quantile,0.55,1.9999999999999998e-4
2026-10-10,3,wk inc rsv prop ed visits,2026-10-31,39,quantile,0.6,3.0000000000000003e-4
2026-10-10,3,wk inc rsv prop ed visits,2026-10-31,39,quantile,0.65,4.000000000000003e-4
2026-10-10,3,wk inc rsv prop ed visits,2026-10-31,39,quantile,0.7,6e-4
2026-10-10,3,wk inc rsv prop ed visits,2026-10-31,39,quantile,0.75,7.999999999999998e-4
2026-10-10,3,wk inc rsv prop ed visits,2026-10-31,39,quantile,0.8,0.0010000000000000005
2026-10-10,3,wk inc rsv prop ed visits,2026-10-31,39,quantile,0.85,0.001375087900879008
2026-10-10,3,wk inc rsv prop ed visits,2026-10-31,39,quantile,0.9,0.0018345099450994557
2026-10-10,3,wk inc rsv prop ed visits,2026-10-31,39,quantile,0.95,0.002526862868628687
2026-10-10,3,wk inc rsv prop ed visits,2026-10-31,39,quantile,0.975,0.0031714817148171454
2026-10-10,3,wk inc rsv prop ed visits,2026-10-31,39,quantile,0.99,0.0038831599315992966
2026-10-10,3,wk inc rsv prop ed visits,2026-10-31,40,quantile,0.01,0
2026-10-10,3,wk inc rsv prop ed visits,2026-10-31,40,quantile,0.025,0
2026-10-10,3,wk inc rsv prop ed visits,2026-10-31,40,quantile,0.05,0
2026-10-10,3,wk inc rsv prop ed visits,2026-10-31,40,quantile,0.1,0
2026-10-10,3,wk inc rsv prop ed visits,2026-10-31,40,quantile,0.15,0
2026-10-10,3,wk inc rsv prop ed visits,2026-10-31,40,quantile,0.2,0
2026-10-10,3,wk inc rsv prop ed visits,2026-10-31,40,quantile,0.25,0
2026-10-10,3,wk inc rsv prop ed visits,2026-10-31,40,quantile,0.3,0
2026-10-10,3,wk inc rsv prop ed visits,2026-10-31,40,quantile,0.35,0
2026-10-10,3,wk inc rsv prop ed visits,2026-10-31,40,quantile,0.4,0
2026-10-10,3,wk inc rsv prop ed visits,2026-10-31,40,quantile,0.45,1.3042765427654455e-4
2026-10-10,3,wk inc rsv prop ed visits,2026-10-31,40,quantile,0.5,3e-4
2026-10-10,3,wk inc rsv prop ed visits,2026-10-31,40,quantile,0.55,4.999999999999998e-4
2026-10-10,3,wk inc rsv prop ed visits,2026-10-31,40,quantile,0.6,6.999999999999999e-4
2026-10-10,3,wk inc rsv prop ed visits,2026-10-31,40,quantile,0.65,9.01406114061142e-4
2026-10-10,3,wk inc rsv prop ed visits,2026-10-31,40,quantile,0.7,0.001200000000000001
2026-10-10,3,wk inc rsv prop ed visits,2026-10-31,40,quantile,0.75,0.001558919839198392
2026-10-10,3,wk inc rsv prop ed visits,2026-10-31,40,quantile,0.8,0.00191070650706507
2026-10-10,3,wk inc rsv prop ed visits,2026-10-31,40,quantile,0.85,0.0023999999999999994
2026-10-10,3,wk inc rsv prop ed visits,2026-10-31,40,quantile,0.9,0.0030457045570455718
2026-10-10,3,wk inc rsv prop ed visits,2026-10-31,40,quantile,0.95,0.004076860468604684
2026-10-10,3,wk inc rsv prop ed visits,2026-10-31,40,quantile,0.975,0.0049172398223982184
2026-10-10,3,wk inc rsv prop ed visits,2026-10-31,40,quantile,0.99,0.006003873788737867
2026-10-10,3,wk inc rsv prop ed visits,2026-10-31,41,quantile,0.01,0
2026-10-10,3,wk inc rsv prop ed visits,2026-10-31,41,quantile,0.025,0
2026-10-10,3,wk inc rsv prop ed visits,2026-10-31,41,quantile,0.05,0
2026-10-10,3,wk inc rsv prop ed visits,2026-10-31,41,quantile,0.1,0
2026-10-10,3,wk inc rsv prop ed visits,2026-10-31,41,quantile,0.15,0
2026-10-10,3,wk inc rsv prop ed visits,2026-10-31,41,quantile,0.2,0
2026-10-10,3,wk inc rsv prop ed visits,2026-10-31,41,quantile,0.25,0
2026-10-10,3,wk inc rsv prop ed visits,2026-10-31,41,quantile,0.3,0
2026-10-10,3,wk inc rsv prop ed visits,2026-10-31,41,quantile,0.35,0
2026-10-10,3,wk inc rsv prop ed visits,2026-10-31,41,quantile,0.4,0
2026-10-10,3,wk inc rsv prop ed visits,2026-10-31,41,quantile,0.45,0
2026-10-10,3,wk inc rsv prop ed visits,2026-10-31,41,quantile,0.5,6.750067500518279e-8
2026-10-10,3,wk inc rsv prop ed visits,2026-10-31,41,quantile,0.55,1.1262712627125977e-4
2026-10-10,3,wk inc rsv prop ed visits,2026-10-31,41,quantile,0.6,2.2405244052440296e-4
2026-10-10,3,wk inc rsv prop ed visits,2026-10-31,41,quantile,0.65,4.5171871718717286e-4
2026-10-10,3,wk inc rsv prop ed visits,2026-10-31,41,quantile,0.7,7.126271262712596e-4
2026-10-10,3,wk inc rsv prop ed visits,2026-10-31,41,quantile,0.75,9.69624696246958e-4
2026-10-10,3,wk inc rsv prop ed visits,2026-10-31,41,quantile,0.8,0.0012982557825578212
2026-10-10,3,wk inc rsv prop ed visits,2026-10-31,41,quantile,0.85,0.0017126271262712604
2026-10-10,3,wk inc rsv prop ed visits,2026-10-31,41,quantile,0.9,0.0023313530135301323
2026-10-10,3,wk inc rsv prop ed visits,2026-10-31,41,quantile,0.95,0.0031263059130591277
2026-10-10,3,wk inc rsv prop ed visits,2026-10-31,41,quantile,0.975,0.0038648227732277236
2026-10-10,3,wk inc rsv prop ed visits,2026-10-31,41,quantile,0.99,0.0048290234602345996
2026-10-10,3,wk inc rsv prop ed visits,2026-10-31,42,quantile,0.01,0
2026-10-10,3,wk inc rsv prop ed visits,2026-10-31,42,quantile,0.025,0
2026-10-10,3,wk inc rsv prop ed visits,2026-10-31,42,quantile,0.05,0
2026-10-10,3,wk inc rsv prop ed visits,2026-10-31,42,quantile,0.1,0
2026-10-10,3,wk inc rsv prop ed visits,2026-10-31,42,quantile,0.15,0
2026-10-10,3,wk inc rsv prop ed visits,2026-10-31,42,quantile,0.2,0
2026-10-10,3,wk inc rsv prop ed visits,2026-10-31,42,quantile,0.25,0
2026-10-10,3,wk inc rsv prop ed visits,2026-10-31,42,quantile,0.3,0
2026-10-10,3,wk inc rsv prop ed visits,2026-10-31,42,quantile,0.35,0
2026-10-10,3,wk inc rsv prop ed visits,2026-10-31,42,quantile,0.4,0
2026-10-10,3,wk inc rsv prop ed visits,2026-10-31,42,quantile,0.45,8.131516293641283e-20
2026-10-10,3,wk inc rsv prop ed visits,2026-10-31,42,quantile,0.5,1e-4
2026-10-10,3,wk inc rsv prop ed visits,2026-10-31,42,quantile,0.55,1.9999999999999998e-4
2026-10-10,3,wk inc rsv prop ed visits,2026-10-31,42,quantile,0.6,3.0000000000000014e-4
2026-10-10,3,wk inc rsv prop ed visits,2026-10-31,42,quantile,0.65,4.999999999999999e-4
2026-10-10,3,wk inc rsv prop ed visits,2026-10-31,42,quantile,0.7,6.858683586835799e-4
2026-10-10,3,wk inc rsv prop ed visits,2026-10-31,42,quantile,0.75,8.62965379653798e-4
2026-10-10,3,wk inc rsv prop ed visits,2026-10-31,42,quantile,0.8,0.0011000000000000007
2026-10-10,3,wk inc rsv prop ed visits,2026-10-31,42,quantile,0.85,0.0015000000000000005
2026-10-10,3,wk inc rsv prop ed visits,2026-10-31,42,quantile,0.9,0.002044071340713406
2026-10-10,3,wk inc rsv prop ed visits,2026-10-31,42,quantile,0.95,0.0028000000000000004
2026-10-10,3,wk inc rsv prop ed visits,2026-10-31,42,quantile,0.975,0.0033213920139201457
2026-10-10,3,wk inc rsv prop ed visits,2026-10-31,42,quantile,0.99,0.004087915369153681
2026-10-10,3,wk inc rsv prop ed visits,2026-10-31,44,quantile,0.01,0
2026-10-10,3,wk inc rsv prop ed visits,2026-10-31,44,quantile,0.025,0
2026-10-10,3,wk inc rsv prop ed visits,2026-10-31,44,quantile,0.05,0
2026-10-10,3,wk inc rsv prop ed visits,2026-10-31,44,quantile,0.1,0
2026-10-10,3,wk inc rsv prop ed visits,2026-10-31,44,quantile,0.15,0
2026-10-10,3,wk inc rsv prop ed visits,2026-10-31,44,quantile,0.2,0
2026-10-10,3,wk inc rsv prop ed visits,2026-10-31,44,quantile,0.25,0
2026-10-10,3,wk inc rsv prop ed visits,2026-10-31,44,quantile,0.3,0
2026-10-10,3,wk inc rsv prop ed visits,2026-10-31,44,quantile,0.35,0
2026-10-10,3,wk inc rsv prop ed visits,2026-10-31,44,quantile,0.4,0
2026-10-10,3,wk inc rsv prop ed visits,2026-10-31,44,quantile,0.45,0
2026-10-10,3,wk inc rsv prop ed visits,2026-10-31,44,quantile,0.5,0
2026-10-10,3,wk inc rsv prop ed visits,2026-10-31,44,quantile,0.55,1.0000000000000015e-4
2026-10-10,3,wk inc rsv prop ed visits,2026-10-31,44,quantile,0.6,3.0000000000000003e-4
2026-10-10,3,wk inc rsv prop ed visits,2026-10-31,44,quantile,0.65,5e-4
2026-10-10,3,wk inc rsv prop ed visits,2026-10-31,44,quantile,0.7,7.92336123361231e-4
2026-10-10,3,wk inc rsv prop ed visits,2026-10-31,44,quantile,0.75,0.0010999999999999998
2026-10-10,3,wk inc rsv prop ed visits,2026-10-31,44,quantile,0.8,0.0015000000000000005
2026-10-10,3,wk inc rsv prop ed visits,2026-10-31,44,quantile,0.85,0.002003828038280381
2026-10-10,3,wk inc rsv prop ed visits,2026-10-31,44,quantile,0.9,0.002620052800528012
2026-10-10,3,wk inc rsv prop ed visits,2026-10-31,44,quantile,0.95,0.0034782473824738246
2026-10-10,3,wk inc rsv prop ed visits,2026-10-31,44,quantile,0.975,0.004176919119191197
2026-10-10,3,wk inc rsv prop ed visits,2026-10-31,44,quantile,0.99,0.005246557285572834
2026-10-10,3,wk inc rsv prop ed visits,2026-10-31,45,quantile,0.01,0
2026-10-10,3,wk inc rsv prop ed visits,2026-10-31,45,quantile,0.025,0
2026-10-10,3,wk inc rsv prop ed visits,2026-10-31,45,quantile,0.05,0
2026-10-10,3,wk inc rsv prop ed visits,2026-10-31,45,quantile,0.1,0
2026-10-10,3,wk inc rsv prop ed visits,2026-10-31,45,quantile,0.15,0
2026-10-10,3,wk inc rsv prop ed visits,2026-10-31,45,quantile,0.2,0
2026-10-10,3,wk inc rsv prop ed visits,2026-10-31,45,quantile,0.25,0
2026-10-10,3,wk inc rsv prop ed visits,2026-10-31,45,quantile,0.3,9.999999999999926e-5
2026-10-10,3,wk inc rsv prop ed visits,2026-10-31,45,quantile,0.35,1.9999999999999987e-4
2026-10-10,3,wk inc rsv prop ed visits,2026-10-31,45,quantile,0.4,3.999999999999992e-4
2026-10-10,3,wk inc rsv prop ed visits,2026-10-31,45,quantile,0.45,4.999999999999995e-4
2026-10-10,3,wk inc rsv prop ed visits,2026-10-31,45,quantile,0.5,6e-4
2026-10-10,3,wk inc rsv prop ed visits,2026-10-31,45,quantile,0.55,7.999999999999987e-4
2026-10-10,3,wk inc rsv prop ed visits,2026-10-31,45,quantile,0.6,8.999999999999994e-4
2026-10-10,3,wk inc rsv prop ed visits,2026-10-31,45,quantile,0.65,0.0010815094650946514
2026-10-10,3,wk inc rsv prop ed visits,2026-10-31,45,quantile,0.7,0.001220472804728044
2026-10-10,3,wk inc rsv prop ed visits,2026-10-31,45,quantile,0.75,0.0014694491944919471
2026-10-10,3,wk inc rsv prop ed visits,2026-10-31,45,quantile,0.8,0.0017000000000000001
2026-10-10,3,wk inc rsv prop ed visits,2026-10-31,45,quantile,0.85,0.002065905109051086
2026-10-10,3,wk inc rsv prop ed visits,2026-10-31,45,quantile,0.9,0.0024999999999999996
2026-10-10,3,wk inc rsv prop ed visits,2026-10-31,45,quantile,0.95,0.003199999999999999
2026-10-10,3,wk inc rsv prop ed visits,2026-10-31,45,quantile,0.975,0.003882134821348203
2026-10-10,3,wk inc rsv prop ed visits,2026-10-31,45,quantile,0.99,0.004713182131821315
2026-10-10,3,wk inc rsv prop ed visits,2026-10-31,46,quantile,0.01,0
2026-10-10,3,wk inc rsv prop ed visits,2026-10-31,46,quantile,0.025,0
2026-10-10,3,wk inc rsv prop ed visits,2026-10-31,46,quantile,0.05,0
2026-10-10,3,wk inc rsv prop ed visits,2026-10-31,46,quantile,0.1,0
2026-10-10,3,wk inc rsv prop ed visits,2026-10-31,46,quantile,0.15,0
2026-10-10,3,wk inc rsv prop ed visits,2026-10-31,46,quantile,0.2,0
2026-10-10,3,wk inc rsv prop ed visits,2026-10-31,46,quantile,0.25,0
2026-10-10,3,wk inc rsv prop ed visits,2026-10-31,46,quantile,0.3,0
2026-10-10,3,wk inc rsv prop ed visits,2026-10-31,46,quantile,0.35,0
2026-10-10,3,wk inc rsv prop ed visits,2026-10-31,46,quantile,0.4,0
2026-10-10,3,wk inc rsv prop ed visits,2026-10-31,46,quantile,0.45,9.51182011820124e-5
2026-10-10,3,wk inc rsv prop ed visits,2026-10-31,46,quantile,0.5,3e-4
2026-10-10,3,wk inc rsv prop ed visits,2026-10-31,46,quantile,0.55,5.000000000000002e-4
2026-10-10,3,wk inc rsv prop ed visits,2026-10-31,46,quantile,0.6,7.830510305103027e-4
2026-10-10,3,wk inc rsv prop ed visits,2026-10-31,46,quantile,0.65,0.0010606081060810621
2026-10-10,3,wk inc rsv prop ed visits,2026-10-31,46,quantile,0.7,0.0014000000000000002
2026-10-10,3,wk inc rsv prop ed visits,2026-10-31,46,quantile,0.75,0.0018000000000000002
2026-10-10,3,wk inc rsv prop ed visits,2026-10-31,46,quantile,0.8,0.0023
2026-10-10,3,wk inc rsv prop ed visits,2026-10-31,46,quantile,0.85,0.002899895448954482
2026-10-10,3,wk inc rsv prop ed visits,2026-10-31,46,quantile,0.9,0.0036
2026-10-10,3,wk inc rsv prop ed visits,2026-10-31,46,quantile,0.95,0.004632771427714269
2026-10-10,3,wk inc rsv prop ed visits,2026-10-31,46,quantile,0.975,0.0056
2026-10-10,3,wk inc rsv prop ed visits,2026-10-31,46,quantile,0.99,0.006802392193921937
2026-10-10,3,wk inc rsv prop ed visits,2026-10-31,47,quantile,0.01,0
2026-10-10,3,wk inc rsv prop ed visits,2026-10-31,47,quantile,0.025,0
2026-10-10,3,wk inc rsv prop ed visits,2026-10-31,47,quantile,0.05,0
2026-10-10,3,wk inc rsv prop ed visits,2026-10-31,47,quantile,0.1,0
2026-10-10,3,wk inc rsv prop ed visits,2026-10-31,47,quantile,0.15,0
2026-10-10,3,wk inc rsv prop ed visits,2026-10-31,47,quantile,0.2,0
2026-10-10,3,wk inc rsv prop ed visits,2026-10-31,47,quantile,0.25,0
2026-10-10,3,wk inc rsv prop ed visits,2026-10-31,47,quantile,0.3,0
2026-10-10,3,wk inc rsv prop ed visits,2026-10-31,47,quantile,0.35,3.282782827828388e-5
2026-10-10,3,wk inc rsv prop ed visits,2026-10-31,47,quantile,0.4,2.3282782827828354e-4
2026-10-10,3,wk inc rsv prop ed visits,2026-10-31,47,quantile,0.45,3.328278282782838e-4
2026-10-10,3,wk inc rsv prop ed visits,2026-10-31,47,quantile,0.5,5e-4
2026-10-10,3,wk inc rsv prop ed visits,2026-10-31,47,quantile,0.55,6.328278282782837e-4
2026-10-10,3,wk inc rsv prop ed visits,2026-10-31,47,quantile,0.6,7.844121441214406e-4
2026-10-10,3,wk inc rsv prop ed visits,2026-10-31,47,quantile,0.65,9.32827828278285e-4
2026-10-10,3,wk inc rsv prop ed visits,2026-10-31,47,quantile,0.7,0.001164385443854439
2026-10-10,3,wk inc rsv prop ed visits,2026-10-31,47,quantile,0.75,0.0014328278282782839
2026-10-10,3,wk inc rsv prop ed visits,2026-10-31,47,quantile,0.8,0.0017328278282782855
2026-10-10,3,wk inc rsv prop ed visits,2026-10-31,47,quantile,0.85,0.002132827828278283
2026-10-10,3,wk inc rsv prop ed visits,2026-10-31,47,quantile,0.9,0.002570896708967102
2026-10-10,3,wk inc rsv prop ed visits,2026-10-31,47,quantile,0.95,0.0033328278282782828
2026-10-10,3,wk inc rsv prop ed visits,2026-10-31,47,quantile,0.975,0.004003369333693338
2026-10-10,3,wk inc rsv prop ed visits,2026-10-31,47,quantile,0.99,0.004819255482554822
2026-10-10,3,wk inc rsv prop ed visits,2026-10-31,48,quantile,0.01,0
2026-10-10,3,wk inc rsv prop ed visits,2026-10-31,48,quantile,0.025,0
2026-10-10,3,wk inc rsv prop ed visits,2026-10-31,48,quantile,0.05,0
2026-10-10,3,wk inc rsv prop ed visits,2026-10-31,48,quantile,0.1,0
2026-10-10,3,wk inc rsv prop ed visits,2026-10-31,48,quantile,0.15,0
2026-10-10,3,wk inc rsv prop ed visits,2026-10-31,48,quantile,0.2,0
2026-10-10,3,wk inc rsv prop ed visits,2026-10-31,48,quantile,0.25,0
2026-10-10,3,wk inc rsv prop ed visits,2026-10-31,48,quantile,0.3,1.9999999999999987e-4
2026-10-10,3,wk inc rsv prop ed visits,2026-10-31,48,quantile,0.35,3.9999999999999975e-4
2026-10-10,3,wk inc rsv prop ed visits,2026-10-31,48,quantile,0.4,5.908097080970787e-4
2026-10-10,3,wk inc rsv prop ed visits,2026-10-31,48,quantile,0.45,6.999999999999998e-4
2026-10-10,3,wk inc rsv prop ed visits,2026-10-31,48,quantile,0.5,8e-4
2026-10-10,3,wk inc rsv prop ed visits,2026-10-31,48,quantile,0.55,9.71004410044101e-4
2026-10-10,3,wk inc rsv prop ed visits,2026-10-31,48,quantile,0.6,0.0010999999999999998
2026-10-10,3,wk inc rsv prop ed visits,2026-10-31,48,quantile,0.65,0.0012999999999999995
2026-10-10,3,wk inc rsv prop ed visits,2026-10-31,48,quantile,0.7,0.0014999999999999998
2026-10-10,3,wk inc rsv prop ed visits,2026-10-31,48,quantile,0.75,0.001764285392853931
2026-10-10,3,wk inc rsv prop ed visits,2026-10-31,48,quantile,0.8,0.002078292982929832
2026-10-10,3,wk inc rsv prop ed visits,2026-10-31,48,quantile,0.85,0.002400000000000002
2026-10-10,3,wk inc rsv prop ed visits,2026-10-31,48,quantile,0.9,0.0029000000000000007
2026-10-10,3,wk inc rsv prop ed visits,2026-10-31,48,quantile,0.95,0.0036804168541685464
2026-10-10,3,wk inc rsv prop ed visits,2026-10-31,48,quantile,0.975,0.004300000000000001
2026-10-10,3,wk inc rsv prop ed visits,2026-10-31,48,quantile,0.99,0.005128197311973113
2026-10-10,3,wk inc rsv prop ed visits,2026-10-31,49,quantile,0.01,0
2026-10-10,3,wk inc rsv prop ed visits,2026-10-31,49,quantile,0.025,0
2026-10-10,3,wk inc rsv prop ed visits,2026-10-31,49,quantile,0.05,0
2026-10-10,3,wk inc rsv prop ed visits,2026-10-31,49,quantile,0.1,0
2026-10-10,3,wk inc rsv prop ed visits,2026-10-31,49,quantile,0.15,0
2026-10-10,3,wk inc rsv prop ed visits,2026-10-31,49,quantile,0.2,0
2026-10-10,3,wk inc rsv prop ed visits,2026-10-31,49,quantile,0.25,0
2026-10-10,3,wk inc rsv prop ed visits,2026-10-31,49,quantile,0.3,0
2026-10-10,3,wk inc rsv prop ed visits,2026-10-31,49,quantile,0.35,0
2026-10-10,3,wk inc rsv prop ed visits,2026-10-31,49,quantile,0.4,0
2026-10-10,3,wk inc rsv prop ed visits,2026-10-31,49,quantile,0.45,9.999999999999975e-5
2026-10-10,3,wk inc rsv prop ed visits,2026-10-31,49,quantile,0.5,2e-4
2026-10-10,3,wk inc rsv prop ed visits,2026-10-31,49,quantile,0.55,3.9999999999999986e-4
2026-10-10,3,wk inc rsv prop ed visits,2026-10-31,49,quantile,0.6,6e-4
2026-10-10,3,wk inc rsv prop ed visits,2026-10-31,49,quantile,0.65,8.650816008160113e-4
2026-10-10,3,wk inc rsv prop ed visits,2026-10-31,49,quantile,0.7,0.0011999999999999995
2026-10-10,3,wk inc rsv prop ed visits,2026-10-31,49,quantile,0.75,0.0015999999999999996
2026-10-10,3,wk inc rsv prop ed visits,2026-10-31,49,quantile,0.8,0.0021
2026-10-10,3,wk inc rsv prop ed visits,2026-10-31,49,quantile,0.85,0.002751200612006121
2026-10-10,3,wk inc rsv prop ed visits,2026-10-31,49,quantile,0.9,0.003685176251762517
2026-10-10,3,wk inc rsv prop ed visits,2026-10-31,49,quantile,0.95,0.00539986034860349
2026-10-10,3,wk inc rsv prop ed visits,2026-10-31,49,quantile,0.975,0.006934387918879197
2026-10-10,3,wk inc rsv prop ed visits,2026-10-31,49,quantile,0.99,0.008810126181261806
2026-10-10,3,wk inc rsv prop ed visits,2026-10-31,50,quantile,0.01,0
2026-10-10,3,wk inc rsv prop ed visits,2026-10-31,50,quantile,0.025,0
2026-10-10,3,wk inc rsv prop ed visits,2026-10-31,50,quantile,0.05,0
2026-10-10,3,wk inc rsv prop ed visits,2026-10-31,50,quantile,0.1,0
2026-10-10,3,wk inc rsv prop ed visits,2026-10-31,50,quantile,0.15,0
2026-10-10,3,wk inc rsv prop ed visits,2026-10-31,50,quantile,0.2,0
2026-10-10,3,wk inc rsv prop ed visits,2026-10-31,50,quantile,0.25,0
2026-10-10,3,wk inc rsv prop ed visits,2026-10-31,50,quantile,0.3,0
2026-10-10,3,wk inc rsv prop ed visits,2026-10-31,50,quantile,0.35,0
2026-10-10,3,wk inc rsv prop ed visits,2026-10-31,50,quantile,0.4,0
2026-10-10,3,wk inc rsv prop ed visits,2026-10-31,50,quantile,0.45,0
2026-10-10,3,wk inc rsv prop ed visits,2026-10-31,50,quantile,0.5,0
2026-10-10,3,wk inc rsv prop ed visits,2026-10-31,50,quantile,0.55,2.503850538505385e-4
2026-10-10,3,wk inc rsv prop ed visits,2026-10-31,50,quantile,0.6,5e-4
2026-10-10,3,wk inc rsv prop ed visits,2026-10-31,50,quantile,0.65,8.000000000000003e-4
2026-10-10,3,wk inc rsv prop ed visits,2026-10-31,50,quantile,0.7,0.0011804452044520402
2026-10-10,3,wk inc rsv prop ed visits,2026-10-31,50,quantile,0.75,0.0016000000000000003
2026-10-10,3,wk inc rsv prop ed visits,2026-10-31,50,quantile,0.8,0.0021999999999999993
2026-10-10,3,wk inc rsv prop ed visits,2026-10-31,50,quantile,0.85,0.0029000000000000002
2026-10-10,3,wk inc rsv prop ed visits,2026-10-31,50,quantile,0.9,0.0039035322353223583
2026-10-10,3,wk inc rsv prop ed visits,2026-10-31,50,quantile,0.95,0.005414189541895429
2026-10-10,3,wk inc rsv prop ed visits,2026-10-31,50,quantile,0.975,0.006857084870848695
2026-10-10,3,wk inc rsv prop ed visits,2026-10-31,50,quantile,0.99,0.008688179731797313
2026-10-10,3,wk inc rsv prop ed visits,2026-10-31,51,quantile,0.01,0
2026-10-10,3,wk inc rsv prop ed visits,2026-10-31,51,quantile,0.025,0
2026-10-10,3,wk inc rsv prop ed visits,2026-10-31,51,quantile,0.05,0
2026-10-10,3,wk inc rsv prop ed visits,2026-10-31,51,quantile,0.1,0
2026-10-10,3,wk inc rsv prop ed visits,2026-10-31,51,quantile,0.15,0
2026-10-10,3,wk inc rsv prop ed visits,2026-10-31,51,quantile,0.2,0
2026-10-10,3,wk inc rsv prop ed visits,2026-10-31,51,quantile,0.25,0
2026-10-10,3,wk inc rsv prop ed visits,2026-10-31,51,quantile,0.3,0
2026-10-10,3,wk inc rsv prop ed visits,2026-10-31,51,quantile,0.35,9.999999999999934e-5
2026-10-10,3,wk inc rsv prop ed visits,2026-10-31,51,quantile,0.4,1.999999999999994e-4
2026-10-10,3,wk inc rsv prop ed visits,2026-10-31,51,quantile,0.45,2.9999999999999954e-4
2026-10-10,3,wk inc rsv prop ed visits,2026-10-31,51,quantile,0.5,4e-4
2026-10-10,3,wk inc rsv prop ed visits,2026-10-31,51,quantile,0.55,5.501738517385141e-4
2026-10-10,3,wk inc rsv prop ed visits,2026-10-31,51,quantile,0.6,6.99999999999999e-4
2026-10-10,3,wk inc rsv prop ed visits,2026-10-31,51,quantile,0.65,7.999999999999995e-4
2026-10-10,3,wk inc rsv prop ed visits,2026-10-31,51,quantile,0.7,9.999999999999987e-4
2026-10-10,3,wk inc rsv prop ed visits,2026-10-31,51,quantile,0.75,0.0011623256232562314
2026-10-10,3,wk inc rsv prop ed visits,2026-10-31,51,quantile,0.8,0.0013930087300873006
2026-10-10,3,wk inc rsv prop ed visits,2026-10-31,51,quantile,0.85,0.0016000000000000005
2026-10-10,3,wk inc rsv prop ed visits,2026-10-31,51,quantile,0.9,0.0019999999999999987
2026-10-10,3,wk inc rsv prop ed visits,2026-10-31,51,quantile,0.95,0.0025620317703177
2026-10-10,3,wk inc rsv prop ed visits,2026-10-31,51,quantile,0.975,0.0030732537575375724
2026-10-10,3,wk inc rsv prop ed visits,2026-10-31,51,quantile,0.99,0.0036656410464104604
2026-10-10,3,wk inc rsv prop ed visits,2026-10-31,53,quantile,0.01,0
2026-10-10,3,wk inc rsv prop ed visits,2026-10-31,53,quantile,0.025,0
2026-10-10,3,wk inc rsv prop ed visits,2026-10-31,53,quantile,0.05,0
2026-10-10,3,wk inc rsv prop ed visits,2026-10-31,53,quantile,0.1,0
2026-10-10,3,wk inc rsv prop ed visits,2026-10-31,53,quantile,0.15,0
2026-10-10,3,wk inc rsv prop ed visits,2026-10-31,53,quantile,0.2,0
2026-10-10,3,wk inc rsv prop ed visits,2026-10-31,53,quantile,0.25,0
2026-10-10,3,wk inc rsv prop ed visits,2026-10-31,53,quantile,0.3,0
2026-10-10,3,wk inc rsv prop ed visits,2026-10-31,53,quantile,0.35,0
2026-10-10,3,wk inc rsv prop ed visits,2026-10-31,53,quantile,0.4,0
2026-10-10,3,wk inc rsv prop ed visits,2026-10-31,53,quantile,0.45,0
2026-10-10,3,wk inc rsv prop ed visits,2026-10-31,53,quantile,0.5,1e-4
2026-10-10,3,wk inc rsv prop ed visits,2026-10-31,53,quantile,0.55,2.999999999999993e-4
2026-10-10,3,wk inc rsv prop ed visits,2026-10-31,53,quantile,0.6,4.0000000000000235e-4
2026-10-10,3,wk inc rsv prop ed visits,2026-10-31,53,quantile,0.65,6.379184291842913e-4
2026-10-10,3,wk inc rsv prop ed visits,2026-10-31,53,quantile,0.7,8.999999999999997e-4
2026-10-10,3,wk inc rsv prop ed visits,2026-10-31,53,quantile,0.75,0.0011999999999999992
2026-10-10,3,wk inc rsv prop ed visits,2026-10-31,53,quantile,0.8,0.0015
2026-10-10,3,wk inc rsv prop ed visits,2026-10-31,53,quantile,0.85,0.0020000000000000005
2026-10-10,3,wk inc rsv prop ed visits,2026-10-31,53,quantile,0.9,0.002781996219962202
2026-10-10,3,wk inc rsv prop ed visits,2026-10-31,53,quantile,0.95,0.0041341040410404015
2026-10-10,3,wk inc rsv prop ed visits,2026-10-31,53,quantile,0.975,0.005300000000000001
2026-10-10,3,wk inc rsv prop ed visits,2026-10-31,53,quantile,0.99,0.006345287642876429
2026-10-10,3,wk inc rsv prop ed visits,2026-10-31,54,quantile,0.01,0
2026-10-10,3,wk inc rsv prop ed visits,2026-10-31,54,quantile,0.025,0
2026-10-10,3,wk inc rsv prop ed visits,2026-10-31,54,quantile,0.05,0
2026-10-10,3,wk inc rsv prop ed visits,2026-10-31,54,quantile,0.1,0
2026-10-10,3,wk inc rsv prop ed visits,2026-10-31,54,quantile,0.15,0
2026-10-10,3,wk inc rsv prop ed visits,2026-10-31,54,quantile,0.2,0
2026-10-10,3,wk inc rsv prop ed visits,2026-10-31,54,quantile,0.25,0
2026-10-10,3,wk inc rsv prop ed visits,2026-10-31,54,quantile,0.3,0
2026-10-10,3,wk inc rsv prop ed visits,2026-10-31,54,quantile,0.35,0
2026-10-10,3,wk inc rsv prop ed visits,2026-10-31,54,quantile,0.4,0
2026-10-10,3,wk inc rsv prop ed visits,2026-10-31,54,quantile,0.45,9.415864158641307e-5
2026-10-10,3,wk inc rsv prop ed visits,2026-10-31,54,quantile,0.5,3e-4
2026-10-10,3,wk inc rsv prop ed visits,2026-10-31,54,quantile,0.55,5.999999999999994e-4
2026-10-10,3,wk inc rsv prop ed visits,2026-10-31,54,quantile,0.6,8.999999999999998e-4
2026-10-10,3,wk inc rsv prop ed visits,2026-10-31,54,quantile,0.65,0.0013
2026-10-10,3,wk inc rsv prop ed visits,2026-10-31,54,quantile,0.7,0.0018000000000000008
2026-10-10,3,wk inc rsv prop ed visits,2026-10-31,54,quantile,0.75,0.0023801765517655186
2026-10-10,3,wk inc rsv prop ed visits,2026-10-31,54,quantile,0.8,0.0029999999999999988
2026-10-10,3,wk inc rsv prop ed visits,2026-10-31,54,quantile,0.85,0.003768293132931325
2026-10-10,3,wk inc rsv prop ed visits,2026-10-31,54,quantile,0.9,0.004971559715597171
2026-10-10,3,wk inc rsv prop ed visits,2026-10-31,54,quantile,0.95,0.006905121501214999
2026-10-10,3,wk inc rsv prop ed visits,2026-10-31,54,quantile,0.975,0.008498823313233117
2026-10-10,3,wk inc rsv prop ed visits,2026-10-31,54,quantile,0.99,0.010871969369693682
2026-10-10,3,wk inc rsv prop ed visits,2026-10-31,55,quantile,0.01,0
2026-10-10,3,wk inc rsv prop ed visits,2026-10-31,55,quantile,0.025,0
2026-10-10,3,wk inc rsv prop ed visits,2026-10-31,55,quantile,0.05,0
2026-10-10,3,wk inc rsv prop ed visits,2026-10-31,55,quantile,0.1,0
2026-10-10,3,wk inc rsv prop ed visits,2026-10-31,55,quantile,0.15,0
2026-10-10,3,wk inc rsv prop ed visits,2026-10-31,55,quantile,0.2,0
2026-10-10,3,wk inc rsv prop ed visits,2026-10-31,55,quantile,0.25,0
2026-10-10,3,wk inc rsv prop ed visits,2026-10-31,55,quantile,0.3,0
2026-10-10,3,wk inc rsv prop ed visits,2026-10-31,55,quantile,0.35,0
2026-10-10,3,wk inc rsv prop ed visits,2026-10-31,55,quantile,0.4,0
2026-10-10,3,wk inc rsv prop ed visits,2026-10-31,55,quantile,0.45,0
2026-10-10,3,wk inc rsv prop ed visits,2026-10-31,55,quantile,0.5,1e-4
2026-10-10,3,wk inc rsv prop ed visits,2026-10-31,55,quantile,0.55,2.999999999999992e-4
2026-10-10,3,wk inc rsv prop ed visits,2026-10-31,55,quantile,0.6,4.161773617736181e-4
2026-10-10,3,wk inc rsv prop ed visits,2026-10-31,55,quantile,0.65,6.036949869498724e-4
2026-10-10,3,wk inc rsv prop ed visits,2026-10-31,55,quantile,0.7,8.656658566585641e-4
2026-10-10,3,wk inc rsv prop ed visits,2026-10-31,55,quantile,0.75,0.001100000000000001
2026-10-10,3,wk inc rsv prop ed visits,2026-10-31,55,quantile,0.8,0.0014465418654186573
2026-10-10,3,wk inc rsv prop ed visits,2026-10-31,55,quantile,0.85,0.001813564035640355
2026-10-10,3,wk inc rsv prop ed visits,2026-10-31,55,quantile,0.9,0.0023293960939609402
2026-10-10,3,wk inc rsv prop ed visits,2026-10-31,55,quantile,0.95,0.0030000000000000005
2026-10-10,3,wk inc rsv prop ed visits,2026-10-31,55,quantile,0.975,0.0036390126901269014
2026-10-10,3,wk inc rsv prop ed visits,2026-10-31,55,quantile,0.99,0.004436855368553684
2026-10-10,3,wk inc rsv prop ed visits,2026-10-31,56,quantile,0.01,0
2026-10-10,3,wk inc rsv prop ed visits,2026-10-31,56,quantile,0.025,0
2026-10-10,3,wk inc rsv prop ed visits,2026-10-31,56,quantile,0.05,0
2026-10-10,3,wk inc rsv prop ed visits,2026-10-31,56,quantile,0.1,0
2026-10-10,3,wk inc rsv prop ed visits,2026-10-31,56,quantile,0.15,0
2026-10-10,3,wk inc rsv prop ed visits,2026-10-31,56,quantile,0.2,0
2026-10-10,3,wk inc rsv prop ed visits,2026-10-31,56,quantile,0.25,0
2026-10-10,3,wk inc rsv prop ed visits,2026-10-31,56,quantile,0.3,0
2026-10-10,3,wk inc rsv prop ed visits,2026-10-31,56,quantile,0.35,0
2026-10-10,3,wk inc rsv prop ed visits,2026-10-31,56,quantile,0.4,0
2026-10-10,3,wk inc rsv prop ed visits,2026-10-31,56,quantile,0.45,1.6504920049200485e-4
2026-10-10,3,wk inc rsv prop ed visits,2026-10-31,56,quantile,0.5,4.000000000000001e-4
2026-10-10,3,wk inc rsv prop ed visits,2026-10-31,56,quantile,0.55,7.076199261992624e-4
2026-10-10,3,wk inc rsv prop ed visits,2026-10-31,56,quantile,0.6,0.001099999999999999
2026-10-10,3,wk inc rsv prop ed visits,2026-10-31,56,quantile,0.65,0.001499999999999999
2026-10-10,3,wk inc rsv prop ed visits,2026-10-31,56,quantile,0.7,0.0019649485494854946
2026-10-10,3,wk inc rsv prop ed visits,2026-10-31,56,quantile,0.75,0.0025
2026-10-10,3,wk inc rsv prop ed visits,2026-10-31,56,quantile,0.8,0.003156383763837639
2026-10-10,3,wk inc rsv prop ed visits,2026-10-31,56,quantile,0.85,0.004055072900729002
2026-10-10,3,wk inc rsv prop ed visits,2026-10-31,56,quantile,0.9,0.005226808568085676
2026-10-10,3,wk inc rsv prop ed visits,2026-10-31,56,quantile,0.95,0.0072769258692586825
2026-10-10,3,wk inc rsv prop ed visits,2026-10-31,56,quantile,0.975,0.009178529160291604
2026-10-10,3,wk inc rsv prop ed visits,2026-10-31,56,quantile,0.99,0.01164870020700206
2026-10-10,3,wk inc rsv prop ed visits,2026-10-31,US,quantile,0.01,0
2026-10-10,3,wk inc rsv prop ed visits,2026-10-31,US,quantile,0.025,0
2026-10-10,3,wk inc rsv prop ed visits,2026-10-31,US,quantile,0.05,0
2026-10-10,3,wk inc rsv prop ed visits,2026-10-31,US,quantile,0.1,0
2026-10-10,3,wk inc rsv prop ed visits,2026-10-31,US,quantile,0.15,0
2026-10-10,3,wk inc rsv prop ed visits,2026-10-31,US,quantile,0.2,0
2026-10-10,3,wk inc rsv prop ed visits,2026-10-31,US,quantile,0.25,0
2026-10-10,3,wk inc rsv prop ed visits,2026-10-31,US,quantile,0.3,9.999999999999853e-5
2026-10-10,3,wk inc rsv prop ed visits,2026-10-31,US,quantile,0.35,1.999999999999995e-4
2026-10-10,3,wk inc rsv prop ed visits,2026-10-31,US,quantile,0.4,2.999999999999997e-4
2026-10-10,3,wk inc rsv prop ed visits,2026-10-31,US,quantile,0.45,3.999999999999998e-4
2026-10-10,3,wk inc rsv prop ed visits,2026-10-31,US,quantile,0.5,5e-4
2026-10-10,3,wk inc rsv prop ed visits,2026-10-31,US,quantile,0.55,6.000000000000009e-4
2026-10-10,3,wk inc rsv prop ed visits,2026-10-31,US,quantile,0.6,7.959673596735948e-4
2026-10-10,3,wk inc rsv prop ed visits,2026-10-31,US,quantile,0.65,8.999999999999994e-4
2026-10-10,3,wk inc rsv prop ed visits,2026-10-31,US,quantile,0.7,0.0010000000000000005
2026-10-10,3,wk inc rsv prop ed visits,2026-10-31,US,quantile,0.75,0.0011999999999999997
2026-10-10,3,wk inc rsv prop ed visits,2026-10-31,US,quantile,0.8,0.0013999999999999996
2026-10-10,3,wk inc rsv prop ed visits,2026-10-31,US,quantile,0.85,0.0016307453574535744
2026-10-10,3,wk inc rsv prop ed visits,2026-10-31,US,quantile,0.9,0.0019899240992409923
2026-10-10,3,wk inc rsv prop ed visits,2026-10-31,US,quantile,0.95,0.002477211022110218
2026-10-10,3,wk inc rsv prop ed visits,2026-10-31,US,quantile,0.975,0.0029513803138031345
2026-10-10,3,wk inc rsv prop ed visits,2026-10-31,US,quantile,0.99,0.003499999999999999
