reference_date,horizon,target,target_end_date,location,output_type,output_type_id,value
2026-10-03,0,wk inc rsv hosp,2026-10-03,01,quantile,0.01,4.967077111000245
2026-10-03,0,wk inc rsv hosp,2026-10-03,01,quantile,0.025,5.588522395006048
2026-10-03,0,wk inc rsv hosp,2026-10-03,01,quantile,0.05,6.360931260089966
2026-10-03,0,wk inc rsv hosp,2026-10-03,01,quantile,0.1,6.954432974303934
2026-10-03,0,wk inc rsv hosp,2026-10-03,01,quantile,0.15,7.941554008925015
2026-10-03,0,wk inc rsv hosp,2026-10-03,01,quantile,0.2,10.995140303861938
2026-10-03,0,wk inc rsv hosp,2026-10-03,01,quantile,0.25,11.692224136927157
2026-10-03,0,wk inc rsv hosp,2026-10-03,01,quantile,0.3,12.184509971475848
2026-10-03,0,wk inc rsv hosp,2026-10-03,01,quantile,0.35,12.645873289166648
2026-10-03,0,wk inc rsv hosp,2026-10-03,01,quantile,0.4,12.82673042144383
2026-10-03,0,wk inc rsv hosp,2026-10-03,01,quantile,0.45,14.48029615082023
2026-10-03,0,wk inc rsv hosp,2026-10-03,01,quantile,0.5,14.789995863055097
2026-10-03,0,wk inc rsv hosp,2026-10-03,01,quantile,0.55,16.008346797331743
2026-10-03,0,wk inc rsv hosp,2026-10-03,01,quantile,0.6,16.73162979047301
2026-10-03,0,wk inc rsv hosp,2026-10-03,01,quantile,0.65,17.125113317081656
2026-10-03,0,wk inc rsv hosp,2026-10-03,01,quantile,0.7,18.86672553037337
2026-10-03,0,wk inc rsv hosp,2026-10-03,01,quantile,0.75,20.49648308955788
2026-10-03,0,wk inc rsv hosp,2026-10-03,01,quantile,0.8,21.67268118719553
2026-10-03,0,wk inc rsv hosp,2026-10-03,01,quantile,0.85,23.808051749334968
2026-10-03,0,wk inc rsv hosp,2026-10-03,01,quantile,0.9,27.709284130723383
2026-10-03,0,wk inc rsv hosp,2026-10-03,01,quantile,0.95,28.098547642877524
2026-10-03,0,wk inc rsv hosp,2026-10-03,01,quantile,0.975,28.19309812978351
2026-10-03,0,wk inc rsv hosp,2026-10-03,01,quantile,0.99,28.225076814077713
2026-10-03,0,wk inc rsv hosp,2026-10-03,02,quantile,0.01,0.7631273839059706
2026-10-03,0,wk inc rsv hosp,2026-10-03,02,quantile,0.025,1.0687639463773144
2026-10-03,0,wk inc rsv hosp,2026-10-03,02,quantile,0.05,1.43599291429062
2026-10-03,0,wk inc rsv hosp,2026-10-03,02,quantile,0.1,1.484490406598363
2026-10-03,0,wk inc rsv hosp,2026-10-03,02,quantile,0.15,1.9744314661666689
2026-10-03,0,wk inc rsv hosp,2026-10-03,02,quantile,0.2,2.2249298813328533
2026-10-03,0,wk inc rsv hosp,2026-10-03,02,quantile,0.25,2.2969815048961992
2026-10-03,0,wk inc rsv hosp,2026-10-03,02,quantile,0.3,2.47967694017818
2026-10-03,0,wk inc rsv hosp,2026-10-03,02,quantile,0.35,2.533401376653292
2026-10-03,0,wk inc rsv hosp,2026-10-03,02,quantile,0.4,2.955234378437547
2026-10-03,0,wk inc rsv hosp,2026-10-03,02,quantile,0.45,3.2547173048824436
2026-10-03,0,wk inc rsv hosp,2026-10-03,02,quantile,0.5,3.7289355163549724
2026-10-03,0,wk inc rsv hosp,2026-10-03,02,quantile,0.55,4.270605443111565
2026-10-03,0,wk inc rsv hosp,2026-10-03,02,quantile,0.6,4.408967832828809
2026-10-03,0,wk inc rsv hosp,2026-10-03,02,quantile,0.65,4.888786901479358
2026-10-03,0,wk inc rsv hosp,2026-10-03,02,quantile,0.7,5.050026383211066
2026-10-03,0,wk inc rsv hosp,2026-10-03,02,quantile,0.75,5.245977418424003
2026-10-03,0,wk inc rsv hosp,2026-10-03,02,quantile,0.8,5.345534666057114
2026-10-03,0,wk inc rsv hosp,2026-10-03,02,quantile,0.85,6.118484294034466
2026-10-03,0,wk inc rsv hosp,2026-10-03,02,quantile,0.9,6.463285409201816
2026-10-03,0,wk inc rsv hosp,2026-10-03,02,quantile,0.95,9.315598295415068
2026-10-03,0,wk inc rsv hosp,2026-10-03,02,quantile,0.975,10.579280568879241
2026-10-03,0,wk inc rsv hosp,2026-10-03,02,quantile,0.99,10.761179686886653
2026-10-03,0,wk inc rsv hosp,2026-10-03,04,quantile,0.01,3.324368304549864
2026-10-03,0,wk inc rsv hosp,2026-10-03,04,quantile,0.025,3.4743400615719002
2026-10-03,0,wk inc rsv hosp,2026-10-03,04,quantile,0.05,3.7803525181424633
2026-10-03,0,wk inc rsv hosp,2026-10-03,04,quantile,0.1,4.3071301825310275
2026-10-03,0,wk inc rsv hosp,2026-10-03,04,quantile,0.15,4.488377455429653
2026-10-03,0,wk inc rsv hosp,2026-10-03,04,quantile,0.2,4.638804464809528
2026-10-03,0,wk inc rsv hosp,2026-10-03,04,quantile,0.25,4.873408593552539
2026-10-03,0,wk inc rsv hosp,2026-10-03,04,quantile,0.3,5.140557143689923
2026-10-03,0,wk inc rsv hosp,2026-10-03,04,quantile,0.35,5.296418163744382
2026-10-03,0,wk inc rsv hosp,2026-10-03,04,quantile,0.4,5.525780428140516
2026-10-03,0,wk inc rsv hosp,2026-10-03,04,quantile,0.45,5.706372901940597
2026-10-03,0,wk inc rsv hosp,2026-10-03,04,quantile,0.5,6.274008076189377
2026-10-03,0,wk inc rsv hosp,2026-10-03,04,quantile,0.55,6.411997553118657
2026-10-03,0,wk inc rsv hosp,2026-10-03,04,quantile,0.6,6.899465488269691
2026-10-03,0,wk inc rsv hosp,2026-10-03,04,quantile,0.65,7.412065298416536
2026-10-03,0,wk inc rsv hosp,2026-10-03,04,quantile,0.7,7.959836956339394
2026-10-03,0,wk inc rsv hosp,2026-10-03,04,quantile,0.75,9.071707467424071
2026-10-03,0,wk inc rsv hosp,2026-10-03,04,quantile,0.8,9.631844391688237
2026-10-03,0,wk inc rsv hosp,2026-10-03,04,quantile,0.85,12.027596231951186
2026-10-03,0,wk inc rsv hosp,2026-10-03,04,quantile,0.9,16.058736439634774
2026-10-03,0,wk inc rsv hosp,2026-10-03,04,quantile,0.95,17.277576446533203
2026-10-03,0,wk inc rsv hosp,2026-10-03,04,quantile,0.975,21.1366495716985
2026-10-03,0,wk inc rsv hosp,2026-10-03,04,quantile,0.99,25.81051591788726
2026-10-03,0,wk inc rsv hosp,2026-10-03,05,quantile,0.01,3.995765077952239
2026-10-03,0,wk inc rsv hosp,2026-10-03,05,quantile,0.025,4.0581178488824
2026-10-03,0,wk inc rsv hosp,2026-10-03,05,quantile,0.05,4.1229134943730115
2026-10-03,0,wk inc rsv hosp,2026-10-03,05,quantile,0.1,4.265141956160289
2026-10-03,0,wk inc rsv hosp,2026-10-03,05,quantile,0.15,4.5131934739191815
2026-10-03,0,wk inc rsv hosp,2026-10-03,05,quantile,0.2,5.2568977343589545
2026-10-03,0,wk inc rsv hosp,2026-10-03,05,quantile,0.25,5.733341689332526
2026-10-03,0,wk inc rsv hosp,2026-10-03,05,quantile,0.3,6.138656424601019
2026-10-03,0,wk inc rsv hosp,2026-10-03,05,quantile,0.35,6.271378607566572
2026-10-03,0,wk inc rsv hosp,2026-10-03,05,quantile,0.4,6.359311960048205
2026-10-03,0,wk inc rsv hosp,2026-10-03,05,quantile,0.45,6.39461610334323
2026-10-03,0,wk inc rsv hosp,2026-10-03,05,quantile,0.5,6.4997791360259844
2026-10-03,0,wk inc rsv hosp,2026-10-03,05,quantile,0.55,6.803372715545937
2026-10-03,0,wk inc rsv hosp,2026-10-03,05,quantile,0.6,6.947052470391087
2026-10-03,0,wk inc rsv hosp,2026-10-03,05,quantile,0.65,7.000334832462633
2026-10-03,0,wk inc rsv hosp,2026-10-03,05,quantile,0.7,7.0400298267630355
2026-10-03,0,wk inc rsv hosp,2026-10-03,05,quantile,0.75,7.120006000038414
2026-10-03,0,wk inc rsv hosp,2026-10-03,05,quantile,0.8,7.38483307886183
2026-10-03,0,wk inc rsv hosp,2026-10-03,05,quantile,0.85,7.649107011507703
2026-10-03,0,wk inc rsv hosp,2026-10-03,05,quantile,0.9,7.805262329172146
2026-10-03,0,wk inc rsv hosp,2026-10-03,05,quantile,0.95,8.043378214910753
2026-10-03,0,wk inc rsv hosp,2026-10-03,05,quantile,0.975,9.640970699005491
2026-10-03,0,wk inc rsv hosp,2026-10-03,05,quantile,0.99,11.451423479655633
2026-10-03,0,wk inc rsv hosp,2026-10-03,06,quantile,0.01,10.626365421756349
2026-10-03,0,wk inc rsv hosp,2026-10-03,06,quantile,0.025,12.369931111431734
2026-10-03,0,wk inc rsv hosp,2026-10-03,06,quantile,0.05,14.600535007689858
2026-10-03,0,wk inc rsv hosp,2026-10-03,06,quantile,0.1,15.427365165922033
2026-10-03,0,wk inc rsv hosp,2026-10-03,06,quantile,0.15,15.56551320149623
2026-10-03,0,wk inc rsv hosp,2026-10-03,06,quantile,0.2,15.982468224800131
2026-10-03,0,wk inc rsv hosp,2026-10-03,06,quantile,0.25,16.0383973429799
2026-10-03,0,wk inc rsv hosp,2026-10-03,06,quantile,0.3,16.053258495970155
2026-10-03,0,wk inc rsv hosp,2026-10-03,06,quantile,0.35,16.286738459479146
2026-10-03,0,wk inc rsv hosp,2026-10-03,06,quantile,0.4,16.424427025260115
2026-10-03,0,wk inc rsv hosp,2026-10-03,06,quantile,0.45,16.967411621155165
2026-10-03,0,wk inc rsv hosp,2026-10-03,06,quantile,0.5,17.748890004002
2026-10-03,0,wk inc rsv hosp,2026-10-03,06,quantile,0.55,18.071826153159897
2026-10-03,0,wk inc rsv hosp,2026-10-03,06,quantile,0.6,18.340271830574387
2026-10-03,0,wk inc rsv hosp,2026-10-03,06,quantile,0.65,19.538413246369863
2026-10-03,0,wk inc rsv hosp,2026-10-03,06,quantile,0.7,19.808878721529233
2026-10-03,0,wk inc rsv hosp,2026-10-03,06,quantile,0.75,20.103629159800683
2026-10-03,0,wk inc rsv hosp,2026-10-03,06,quantile,0.8,20.29306039056106
2026-10-03,0,wk inc rsv hosp,2026-10-03,06,quantile,0.85,21.28536497713902
2026-10-03,0,wk inc rsv hosp,2026-10-03,06,quantile,0.9,25.494183834860614
2026-10-03,0,wk inc rsv hosp,2026-10-03,06,quantile,0.95,34.11852246203576
2026-10-03,0,wk inc rsv hosp,2026-10-03,06,quantile,0.975,36.08825357805637
2026-10-03,0,wk inc rsv hosp,2026-10-03,06,quantile,0.99,36.45106204181655
2026-10-03,0,wk inc rsv hosp,2026-10-03,08,quantile,0.01,0.0
2026-10-03,0,wk inc rsv hosp,2026-10-03,08,quantile,0.025,0.0
2026-10-03,0,wk inc rsv hosp,2026-10-03,08,quantile,0.05,0.0
2026-10-03,0,wk inc rsv hosp,2026-10-03,08,quantile,0.1,0.0
2026-10-03,0,wk inc rsv hosp,2026-10-03,08,quantile,0.15,0.0
2026-10-03,0,wk inc rsv hosp,2026-10-03,08,quantile,0.2,0.0
2026-10-03,0,wk inc rsv hosp,2026-10-03,08,quantile,0.25,0.0
2026-10-03,0,wk inc rsv hosp,2026-10-03,08,quantile,0.3,0.0
2026-10-03,0,wk inc rsv hosp,2026-10-03,08,quantile,0.35,0.0
2026-10-03,0,wk inc rsv hosp,2026-10-03,08,quantile,0.4,0.0005056815413884053
2026-10-03,0,wk inc rsv hosp,2026-10-03,08,quantile,0.45,0.06708528553431599
2026-10-03,0,wk inc rsv hosp,2026-10-03,08,quantile,0.5,0.09202134841309914
2026-10-03,0,wk inc rsv hosp,2026-10-03,08,quantile,0.55,0.11973259288746213
2026-10-03,0,wk inc rsv hosp,2026-10-03,08,quantile,0.6,0.1604221262129044
2026-10-03,0,wk inc rsv hosp,2026-10-03,08,quantile,0.65,0.2039463527967248
2026-10-03,0,wk inc rsv hosp,2026-10-03,08,quantile,0.7,0.2122854962158539
2026-10-03,0,wk inc rsv hosp,2026-10-03,08,quantile,0.75,0.24797180855658948
2026-10-03,0,wk inc rsv hosp,2026-10-03,08,quantile,0.8,0.26780480727378236
2026-10-03,0,wk inc rsv hosp,2026-10-03,08,quantile,0.85,0.41105325877299626
2026-10-03,0,wk inc rsv hosp,2026-10-03,08,quantile,0.9,0.48310414545679736
2026-10-03,0,wk inc rsv hosp,2026-10-03,08,quantile,0.95,0.5861897118320878
2026-10-03,0,wk inc rsv hosp,2026-10-03,08,quantile,0.975,0.8882121986141616
2026-10-03,0,wk inc rsv hosp,2026-10-03,08,quantile,0.99,1.2180904128458994
2026-10-03,0,wk inc rsv hosp,2026-10-03,09,quantile,0.01,0.6619711141585318
2026-10-03,0,wk inc rsv hosp,2026-10-03,09,quantile,0.025,0.9319378778157349
2026-10-03,0,wk inc rsv hosp,2026-10-03,09,quantile,0.05,1.2550453209096641
2026-10-03,0,wk inc rsv hosp,2026-10-03,09,quantile,0.1,1.3426690602483586
2026-10-03,0,wk inc rsv hosp,2026-10-03,09,quantile,0.15,1.495897410401617
2026-10-03,0,wk inc rsv hosp,2026-10-03,09,quantile,0.2,1.5458705055187498
2026-10-03,0,wk inc rsv hosp,2026-10-03,09,quantile,0.25,1.5815044478228577
2026-10-03,0,wk inc rsv hosp,2026-10-03,09,quantile,0.3,1.6180749893268886
2026-10-03,0,wk inc rsv hosp,2026-10-03,09,quantile,0.35,1.6845854409135983
2026-10-03,0,wk inc rsv hosp,2026-10-03,09,quantile,0.4,1.7371037582378457
2026-10-03,0,wk inc rsv hosp,2026-10-03,09,quantile,0.45,1.7449038692442964
2026-10-03,0,wk inc rsv hosp,2026-10-03,09,quantile,0.5,1.779188982343237
2026-10-03,0,wk inc rsv hosp,2026-10-03,09,quantile,0.55,1.8591379292244317
2026-10-03,0,wk inc rsv hosp,2026-10-03,09,quantile,0.6,2.0642867185905556
2026-10-03,0,wk inc rsv hosp,2026-10-03,09,quantile,0.65,2.1654372733729437
2026-10-03,0,wk inc rsv hosp,2026-10-03,09,quantile,0.7,2.3716382555608826
2026-10-03,0,wk inc rsv hosp,2026-10-03,09,quantile,0.75,2.5459488767208804
2026-10-03,0,wk inc rsv hosp,2026-10-03,09,quantile,0.8,2.8605200687419794
2026-10-03,0,wk inc rsv hosp,2026-10-03,09,quantile,0.85,3.5942145494593767
2026-10-03,0,wk inc rsv hosp,2026-10-03,09,quantile,0.9,3.900918754765472
2026-10-03,0,wk inc rsv hosp,2026-10-03,09,quantile,0.95,4.550878186009925
2026-10-03,0,wk inc rsv hosp,2026-10-03,09,quantile,0.975,6.213904414107134
2026-10-03,0,wk inc rsv hosp,2026-10-03,09,quantile,0.99,8.084599233340164
2026-10-03,0,wk inc rsv hosp,2026-10-03,10,quantile,0.01,0.6511905400340106
2026-10-03,0,wk inc rsv hosp,2026-10-03,10,quantile,0.025,0.7746045646445047
2026-10-03,0,wk inc rsv hosp,2026-10-03,10,quantile,0.05,1.0760197232518096
2026-10-03,0,wk inc rsv hosp,2026-10-03,10,quantile,0.1,1.6906018915587373
2026-10-03,0,wk inc rsv hosp,2026-10-03,10,quantile,0.15,1.8482777224656544
2026-10-03,0,wk inc rsv hosp,2026-10-03,10,quantile,0.2,2.000774271612487
2026-10-03,0,wk inc rsv hosp,2026-10-03,10,quantile,0.25,2.1637975393150555
2026-10-03,0,wk inc rsv hosp,2026-10-03,10,quantile,0.3,2.2889407669290653
2026-10-03,0,wk inc rsv hosp,2026-10-03,10,quantile,0.35,2.49911022598015
2026-10-03,0,wk inc rsv hosp,2026-10-03,10,quantile,0.4,2.8521458202964416
2026-10-03,0,wk inc rsv hosp,2026-10-03,10,quantile,0.45,2.927252996666979
2026-10-03,0,wk inc rsv hosp,2026-10-03,10,quantile,0.5,3.0044208265768972
2026-10-03,0,wk inc rsv hosp,2026-10-03,10,quantile,0.55,3.3597368380836543
2026-10-03,0,wk inc rsv hosp,2026-10-03,10,quantile,0.6,3.5183321799387675
2026-10-03,0,wk inc rsv hosp,2026-10-03,10,quantile,0.65,3.5942159541131926
2026-10-03,0,wk inc rsv hosp,2026-10-03,10,quantile,0.7,3.7956858444571635
2026-10-03,0,wk inc rsv hosp,2026-10-03,10,quantile,0.75,4.187067782735403
2026-10-03,0,wk inc rsv hosp,2026-10-03,10,quantile,0.8,4.4024108321609035
2026-10-03,0,wk inc rsv hosp,2026-10-03,10,quantile,0.85,4.942284217441328
2026-10-03,0,wk inc rsv hosp,2026-10-03,10,quantile,0.9,6.538541221964492
2026-10-03,0,wk inc rsv hosp,2026-10-03,10,quantile,0.95,7.9649401136581215
2026-10-03,0,wk inc rsv hosp,2026-10-03,10,quantile,0.975,9.224237599863011
2026-10-03,0,wk inc rsv hosp,2026-10-03,10,quantile,0.99,10.189562621567486
2026-10-03,0,wk inc rsv hosp,2026-10-03,11,quantile,0.01,0.0
2026-10-03,0,wk inc rsv hosp,2026-10-03,11,quantile,0.025,0.0
2026-10-03,0,wk inc rsv hosp,2026-10-03,11,quantile,0.05,0.0
2026-10-03,0,wk inc rsv hosp,2026-10-03,11,quantile,0.1,0.0
2026-10-03,0,wk inc rsv hosp,2026-10-03,11,quantile,0.15,0.0
2026-10-03,0,wk inc rsv hosp,2026-10-03,11,quantile,0.2,0.0
2026-10-03,0,wk inc rsv hosp,2026-10-03,11,quantile,0.25,0.0
2026-10-03,0,wk inc rsv hosp,2026-10-03,11,quantile,0.3,0.0
2026-10-03,0,wk inc rsv hosp,2026-10-03,11,quantile,0.35,0.0
2026-10-03,0,wk inc rsv hosp,2026-10-03,11,quantile,0.4,0.0
2026-10-03,0,wk inc rsv hosp,2026-10-03,11,quantile,0.45,0.0
2026-10-03,0,wk inc rsv hosp,2026-10-03,11,quantile,0.5,0.0
2026-10-03,0,wk inc rsv hosp,2026-10-03,11,quantile,0.55,0.09182254323590104
2026-10-03,0,wk inc rsv hosp,2026-10-03,11,quantile,0.6,0.17338402943057804
2026-10-03,0,wk inc rsv hosp,2026-10-03,11,quantile,0.65,0.30354791656635277
2026-10-03,0,wk inc rsv hosp,2026-10-03,11,quantile,0.7,0.4860703130126321
2026-10-03,0,wk inc rsv hosp,2026-10-03,11,quantile,0.75,0.7124875967992548
2026-10-03,0,wk inc rsv hosp,2026-10-03,11,quantile,0.8,0.8678657997523971
2026-10-03,0,wk inc rsv hosp,2026-10-03,11,quantile,0.85,0.9440440781909565
2026-10-03,0,wk inc rsv hosp,2026-10-03,11,quantile,0.9,1.0456766132952349
2026-10-03,0,wk inc rsv hosp,2026-10-03,11,quantile,0.95,1.4423366115984793
2026-10-03,0,wk inc rsv hosp,2026-10-03,11,quantile,0.975,1.7600738773462137
2026-10-03,0,wk inc rsv hosp,2026-10-03,11,quantile,0.99,1.9713476432339456
2026-10-03,0,wk inc rsv hosp,2026-10-03,12,quantile,0.01,105.92151650921363
2026-10-03,0,wk inc rsv hosp,2026-10-03,12,quantile,0.025,113.6051295984176
2026-10-03,0,wk inc rsv hosp,2026-10-03,12,quantile,0.05,122.4617421883305
2026-10-03,0,wk inc rsv hosp,2026-10-03,12,quantile,0.1,126.69285440159598
2026-10-03,0,wk inc rsv hosp,2026-10-03,12,quantile,0.15,130.15791028591752
2026-10-03,0,wk inc rsv hosp,2026-10-03,12,quantile,0.2,138.52063476003514
2026-10-03,0,wk inc rsv hosp,2026-10-03,12,quantile,0.25,147.48241206703437
2026-10-03,0,wk inc rsv hosp,2026-10-03,12,quantile,0.3,148.62975365013097
2026-10-03,0,wk inc rsv hosp,2026-10-03,12,quantile,0.35,151.62096221387634
2026-10-03,0,wk inc rsv hosp,2026-10-03,12,quantile,0.4,160.45216506785033
2026-10-03,0,wk inc rsv hosp,2026-10-03,12,quantile,0.45,160.60410530960158
2026-10-03,0,wk inc rsv hosp,2026-10-03,12,quantile,0.5,164.43698992477454
2026-10-03,0,wk inc rsv hosp,2026-10-03,12,quantile,0.55,170.71609197766372
2026-10-03,0,wk inc rsv hosp,2026-10-03,12,quantile,0.6,173.22205686321672
2026-10-03,0,wk inc rsv hosp,2026-10-03,12,quantile,0.65,174.84240421041324
2026-10-03,0,wk inc rsv hosp,2026-10-03,12,quantile,0.7,176.65050361137355
2026-10-03,0,wk inc rsv hosp,2026-10-03,12,quantile,0.75,178.6512294343203
2026-10-03,0,wk inc rsv hosp,2026-10-03,12,quantile,0.8,179.46087221956074
2026-10-03,0,wk inc rsv hosp,2026-10-03,12,quantile,0.85,185.75889456806092
2026-10-03,0,wk inc rsv hosp,2026-10-03,12,quantile,0.9,195.40148118256036
2026-10-03,0,wk inc rsv hosp,2026-10-03,12,quantile,0.95,205.823085227701
2026-10-03,0,wk inc rsv hosp,2026-10-03,12,quantile,0.975,224.0298670593429
2026-10-03,0,wk inc rsv hosp,2026-10-03,12,quantile,0.99,241.88281466476877
2026-10-03,0,wk inc rsv hosp,2026-10-03,13,quantile,0.01,17.015222104827277
2026-10-03,0,wk inc rsv hosp,2026-10-03,13,quantile,0.025,17.444710009722787
2026-10-03,0,wk inc rsv hosp,2026-10-03,13,quantile,0.05,18.216957135464384
2026-10-03,0,wk inc rsv hosp,2026-10-03,13,quantile,0.1,19.717636594515895
2026-10-03,0,wk inc rsv hosp,2026-10-03,13,quantile,0.15,20.25867388322214
2026-10-03,0,wk inc rsv hosp,2026-10-03,13,quantile,0.2,20.914907929772134
2026-10-03,0,wk inc rsv hosp,2026-10-03,13,quantile,0.25,22.172129610812632
2026-10-03,0,wk inc rsv hosp,2026-10-03,13,quantile,0.3,23.786893943603356
2026-10-03,0,wk inc rsv hosp,2026-10-03,13,quantile,0.35,24.060867227023458
2026-10-03,0,wk inc rsv hosp,2026-10-03,13,quantile,0.4,24.515128786929385
2026-10-03,0,wk inc rsv hosp,2026-10-03,13,quantile,0.45,25.3326375131129
2026-10-03,0,wk inc rsv hosp,2026-10-03,13,quantile,0.5,25.988076676926852
2026-10-03,0,wk inc rsv hosp,2026-10-03,13,quantile,0.55,26.178372201953504
2026-10-03,0,wk inc rsv hosp,2026-10-03,13,quantile,0.6,26.433732547240815
2026-10-03,0,wk inc rsv hosp,2026-10-03,13,quantile,0.65,27.286249644745215
2026-10-03,0,wk inc rsv hosp,2026-10-03,13,quantile,0.7,28.144943756246743
2026-10-03,0,wk inc rsv hosp,2026-10-03,13,quantile,0.75,29.502073270341935
2026-10-03,0,wk inc rsv hosp,2026-10-03,13,quantile,0.8,30.73240201435194
2026-10-03,0,wk inc rsv hosp,2026-10-03,13,quantile,0.85,31.201559906667928
2026-10-03,0,wk inc rsv hosp,2026-10-03,13,quantile,0.9,31.59595398651344
2026-10-03,0,wk inc rsv hosp,2026-10-03,13,quantile,0.95,35.334366470658956
2026-10-03,0,wk inc rsv hosp,2026-10-03,13,quantile,0.975,36.954841030432405
2026-10-03,0,wk inc rsv hosp,2026-10-03,13,quantile,0.99,37.34828235243183
2026-10-03,0,wk inc rsv hosp,2026-10-03,15,quantile,0.01,1.6086175231848645
2026-10-03,0,wk inc rsv hosp,2026-10-03,15,quantile,0.025,1.8724953816837493
2026-10-03,0,wk inc rsv hosp,2026-10-03,15,quantile,0.05,2.2781339206319426
2026-10-03,0,wk inc rsv hosp,2026-10-03,15,quantile,0.1,3.170745759889576
2026-10-03,0,wk inc rsv hosp,2026-10-03,15,quantile,0.15,4.014804280291357
2026-10-03,0,wk inc rsv hosp,2026-10-03,15,quantile,0.2,4.296256185314748
2026-10-03,0,wk inc rsv hosp,2026-10-03,15,quantile,0.25,4.760077531587697
2026-10-03,0,wk inc rsv hosp,2026-10-03,15,quantile,0.3,5.146320346029361
2026-10-03,0,wk inc rsv hosp,2026-10-03,15,quantile,0.35,5.688670696805523
2026-10-03,0,wk inc rsv hosp,2026-10-03,15,quantile,0.4,6.433859223103051
2026-10-03,0,wk inc rsv hosp,2026-10-03,15,quantile,0.45,6.551303005451259
2026-10-03,0,wk inc rsv hosp,2026-10-03,15,quantile,0.5,7.281188297998589
2026-10-03,0,wk inc rsv hosp,2026-10-03,15,quantile,0.55,8.126634755410949
2026-10-03,0,wk inc rsv hosp,2026-10-03,15,quantile,0.6,8.31879262869324
2026-10-03,0,wk inc rsv hosp,2026-10-03,15,quantile,0.65,8.402870999611874
2026-10-03,0,wk inc rsv hosp,2026-10-03,15,quantile,0.7,8.604980288022512
2026-10-03,0,wk inc rsv hosp,2026-10-03,15,quantile,0.75,9.176725441088147
2026-10-03,0,wk inc rsv hosp,2026-10-03,15,quantile,0.8,9.558459313057481
2026-10-03,0,wk inc rsv hosp,2026-10-03,15,quantile,0.85,10.150341163926397
2026-10-03,0,wk inc rsv hosp,2026-10-03,15,quantile,0.9,12.025494735234945
2026-10-03,0,wk inc rsv hosp,2026-10-03,15,quantile,0.95,13.162374265782148
2026-10-03,0,wk inc rsv hosp,2026-10-03,15,quantile,0.975,16.689758198615774
2026-10-03,0,wk inc rsv hosp,2026-10-03,15,quantile,0.99,20.905966349897504
2026-10-03,0,wk inc rsv hosp,2026-10-03,16,quantile,0.01,1.8391477518743498
2026-10-03,0,wk inc rsv hosp,2026-10-03,16,quantile,0.025,1.9641351991336942
2026-10-03,0,wk inc rsv hosp,2026-10-03,16,quantile,0.05,2.2374960369142816
2026-10-03,0,wk inc rsv hosp,2026-10-03,16,quantile,0.1,2.8434976100166542
2026-10-03,0,wk inc rsv hosp,2026-10-03,16,quantile,0.15,3.0239021555479644
2026-10-03,0,wk inc rsv hosp,2026-10-03,16,quantile,0.2,3.338842805736878
2026-10-03,0,wk inc rsv hosp,2026-10-03,16,quantile,0.25,3.522766908304776
2026-10-03,0,wk inc rsv hosp,2026-10-03,16,quantile,0.3,3.737914900510869
2026-10-03,0,wk inc rsv hosp,2026-10-03,16,quantile,0.35,4.176670765079816
2026-10-03,0,wk inc rsv hosp,2026-10-03,16,quantile,0.4,4.283190727233886
2026-10-03,0,wk inc rsv hosp,2026-10-03,16,quantile,0.45,4.469536557965389
2026-10-03,0,wk inc rsv hosp,2026-10-03,16,quantile,0.5,4.690505198775781
2026-10-03,0,wk inc rsv hosp,2026-10-03,16,quantile,0.55,4.7525934228326
2026-10-03,0,wk inc rsv hosp,2026-10-03,16,quantile,0.6,4.999333988154733
2026-10-03,0,wk inc rsv hosp,2026-10-03,16,quantile,0.65,5.166786584140133
2026-10-03,0,wk inc rsv hosp,2026-10-03,16,quantile,0.7,5.3829577240946795
2026-10-03,0,wk inc rsv hosp,2026-10-03,16,quantile,0.75,5.611908493714402
2026-10-03,0,wk inc rsv hosp,2026-10-03,16,quantile,0.8,6.8802028981170364
2026-10-03,0,wk inc rsv hosp,2026-10-03,16,quantile,0.85,7.660573997849102
2026-10-03,0,wk inc rsv hosp,2026-10-03,16,quantile,0.9,9.299346973096235
2026-10-03,0,wk inc rsv hosp,2026-10-03,16,quantile,0.95,9.557754333217911
2026-10-03,0,wk inc rsv hosp,2026-10-03,16,quantile,0.975,9.566381454467773
2026-10-03,0,wk inc rsv hosp,2026-10-03,16,quantile,0.99,9.566381454467773
2026-10-03,0,wk inc rsv hosp,2026-10-03,17,quantile,0.01,5.62887227447502
2026-10-03,0,wk inc rsv hosp,2026-10-03,17,quantile,0.025,5.7320318715478
2026-10-03,0,wk inc rsv hosp,2026-10-03,17,quantile,0.05,6.178410735733683
2026-10-03,0,wk inc rsv hosp,2026-10-03,17,quantile,0.1,7.370765723618406
2026-10-03,0,wk inc rsv hosp,2026-10-03,17,quantile,0.15,7.481749993508602
2026-10-03,0,wk inc rsv hosp,2026-10-03,17,quantile,0.2,7.672927508727886
2026-10-03,0,wk inc rsv hosp,2026-10-03,17,quantile,0.25,7.716469936392154
2026-10-03,0,wk inc rsv hosp,2026-10-03,17,quantile,0.3,7.818930472799183
2026-10-03,0,wk inc rsv hosp,2026-10-03,17,quantile,0.35,7.954172824036723
2026-10-03,0,wk inc rsv hosp,2026-10-03,17,quantile,0.4,8.14651159186606
2026-10-03,0,wk inc rsv hosp,2026-10-03,17,quantile,0.45,8.78151388893552
2026-10-03,0,wk inc rsv hosp,2026-10-03,17,quantile,0.5,8.811185308147577
2026-10-03,0,wk inc rsv hosp,2026-10-03,17,quantile,0.55,9.942747154959575
2026-10-03,0,wk inc rsv hosp,2026-10-03,17,quantile,0.6,10.38589688277159
2026-10-03,0,wk inc rsv hosp,2026-10-03,17,quantile,0.65,10.804119897811137
2026-10-03,0,wk inc rsv hosp,2026-10-03,17,quantile,0.7,12.00019807734715
2026-10-03,0,wk inc rsv hosp,2026-10-03,17,quantile,0.75,12.786001328546572
2026-10-03,0,wk inc rsv hosp,2026-10-03,17,quantile,0.8,19.785346445039043
2026-10-03,0,wk inc rsv hosp,2026-10-03,17,quantile,0.85,21.161847859080943
2026-10-03,0,wk inc rsv hosp,2026-10-03,17,quantile,0.9,23.877879765372917
2026-10-03,0,wk inc rsv hosp,2026-10-03,17,quantile,0.95,30.141324571983176
2026-10-03,0,wk inc rsv hosp,2026-10-03,17,quantile,0.975,38.44021027352157
2026-10-03,0,wk inc rsv hosp,2026-10-03,17,quantile,0.99,46.64015293866451
2026-10-03,0,wk inc rsv hosp,2026-10-03,18,quantile,0.01,0.6594667306148787
2026-10-03,0,wk inc rsv hosp,2026-10-03,18,quantile,0.025,0.7773619630181305
2026-10-03,0,wk inc rsv hosp,2026-10-03,18,quantile,0.05,0.9372493556154584
2026-10-03,0,wk inc rsv hosp,2026-10-03,18,quantile,0.1,1.228673870707234
2026-10-03,0,wk inc rsv hosp,2026-10-03,18,quantile,0.15,1.466635260061356
2026-10-03,0,wk inc rsv hosp,2026-10-03,18,quantile,0.2,1.5066181923524335
2026-10-03,0,wk inc rsv hosp,2026-10-03,18,quantile,0.25,1.6532664298330495
2026-10-03,0,wk inc rsv hosp,2026-10-03,18,quantile,0.3,1.9299672923922682
2026-10-03,0,wk inc rsv hosp,2026-10-03,18,quantile,0.35,2.0703729027752455
2026-10-03,0,wk inc rsv hosp,2026-10-03,18,quantile,0.4,2.082083788366866
2026-10-03,0,wk inc rsv hosp,2026-10-03,18,quantile,0.45,2.0853837053247046
2026-10-03,0,wk inc rsv hosp,2026-10-03,18,quantile,0.5,2.0898781637771737
2026-10-03,0,wk inc rsv hosp,2026-10-03,18,quantile,0.55,2.153303762505695
2026-10-03,0,wk inc rsv hosp,2026-10-03,18,quantile,0.6,2.2415756566732257
2026-10-03,0,wk inc rsv hosp,2026-10-03,18,quantile,0.65,2.3704767920168157
2026-10-03,0,wk inc rsv hosp,2026-10-03,18,quantile,0.7,2.580468061633017
2026-10-03,0,wk inc rsv hosp,2026-10-03,18,quantile,0.75,2.7380439499312046
2026-10-03,0,wk inc rsv hosp,2026-10-03,18,quantile,0.8,2.835777302017868
2026-10-03,0,wk inc rsv hosp,2026-10-03,18,quantile,0.85,2.966038919099968
2026-10-03,0,wk inc rsv hosp,2026-10-03,18,quantile,0.9,3.3251234293704997
2026-10-03,0,wk inc rsv hosp,2026-10-03,18,quantile,0.95,3.643452907809556
2026-10-03,0,wk inc rsv hosp,2026-10-03,18,quantile,0.975,5.281958678586092
2026-10-03,0,wk inc rsv hosp,2026-10-03,18,quantile,0.99,7.4361761927672685
2026-10-03,0,wk inc rsv hosp,2026-10-03,19,quantile,0.01,0.0
2026-10-03,0,wk inc rsv hosp,2026-10-03,19,quantile,0.025,0.0
2026-10-03,0,wk inc rsv hosp,2026-10-03,19,quantile,0.05,0.6394605852790579
2026-10-03,0,wk inc rsv hosp,2026-10-03,19,quantile,0.1,1.8162908673024791
2026-10-03,0,wk inc rsv hosp,2026-10-03,19,quantile,0.15,2.1417728275853545
2026-10-03,0,wk inc rsv hosp,2026-10-03,19,quantile,0.2,2.2378473125084213
2026-10-03,0,wk inc rsv hosp,2026-10-03,19,quantile,0.25,2.5747000952365435
2026-10-03,0,wk inc rsv hosp,2026-10-03,19,quantile,0.3,2.64680487756591
2026-10-03,0,wk inc rsv hosp,2026-10-03,19,quantile,0.35,2.691470775885409
2026-10-03,0,wk inc rsv hosp,2026-10-03,19,quantile,0.4,2.9424928079765547
2026-10-03,0,wk inc rsv hosp,2026-10-03,19,quantile,0.45,3.016775314085155
2026-10-03,0,wk inc rsv hosp,2026-10-03,19,quantile,0.5,3.1954879467373978
2026-10-03,0,wk inc rsv hosp,2026-10-03,19,quantile,0.55,3.3162668799591413
2026-10-03,0,wk inc rsv hosp,2026-10-03,19,quantile,0.6,3.3231582467043013
2026-10-03,0,wk inc rsv hosp,2026-10-03,19,quantile,0.65,3.4889964879658732
2026-10-03,0,wk inc rsv hosp,2026-10-03,19,quantile,0.7,3.527498058575154
2026-10-03,0,wk inc rsv hosp,2026-10-03,19,quantile,0.75,3.775693284798707
2026-10-03,0,wk inc rsv hosp,2026-10-03,19,quantile,0.8,4.217177600497526
2026-10-03,0,wk inc rsv hosp,2026-10-03,19,quantile,0.85,4.573838254613479
2026-10-03,0,wk inc rsv hosp,2026-10-03,19,quantile,0.9,5.000598994526371
2026-10-03,0,wk inc rsv hosp,2026-10-03,19,quantile,0.95,5.329322036143138
2026-10-03,0,wk inc rsv hosp,2026-10-03,19,quantile,0.975,6.465936314067761
2026-10-03,0,wk inc rsv hosp,2026-10-03,19,quantile,0.99,7.679386937736844
2026-10-03,0,wk inc rsv hosp,2026-10-03,20,quantile,0.01,0.10855472911932769
2026-10-03,0,wk inc rsv hosp,2026-10-03,20,quantile,0.025,0.11939266142825433
2026-10-03,0,wk inc rsv hosp,2026-10-03,20,quantile,0.05,0.15366515176542547
2026-10-03,0,wk inc rsv hosp,2026-10-03,20,quantile,0.1,0.25580026937450395
2026-10-03,0,wk inc rsv hosp,2026-10-03,20,quantile,0.15,0.30355010170200863
2026-10-03,0,wk inc rsv hosp,2026-10-03,20,quantile,0.2,0.48763278447337766
2026-10-03,0,wk inc rsv hosp,2026-10-03,20,quantile,0.25,0.509151765387995
2026-10-03,0,wk inc rsv hosp,2026-10-03,20,quantile,0.3,0.513816577770072
2026-10-03,0,wk inc rsv hosp,2026-10-03,20,quantile,0.35,0.5453331694812249
2026-10-03,0,wk inc rsv hosp,2026-10-03,20,quantile,0.4,0.556131914476596
2026-10-03,0,wk inc rsv hosp,2026-10-03,20,quantile,0.45,0.6449834116444908
2026-10-03,0,wk inc rsv hosp,2026-10-03,20,quantile,0.5,0.7290974333180864
2026-10-03,0,wk inc rsv hosp,2026-10-03,20,quantile,0.55,0.8542886205705016
2026-10-03,0,wk inc rsv hosp,2026-10-03,20,quantile,0.6,0.9296859040032064
2026-10-03,0,wk inc rsv hosp,2026-10-03,20,quantile,0.65,0.9351242975398274
2026-10-03,0,wk inc rsv hosp,2026-10-03,20,quantile,0.7,1.0017740734512321
2026-10-03,0,wk inc rsv hosp,2026-10-03,20,quantile,0.75,1.1004005705714452
2026-10-03,0,wk inc rsv hosp,2026-10-03,20,quantile,0.8,1.1167928197407873
2026-10-03,0,wk inc rsv hosp,2026-10-03,20,quantile,0.85,1.3589943168841065
2026-10-03,0,wk inc rsv hosp,2026-10-03,20,quantile,0.9,1.8729886056853413
2026-10-03,0,wk inc rsv hosp,2026-10-03,20,quantile,0.95,2.1970073422014718
2026-10-03,0,wk inc rsv hosp,2026-10-03,20,quantile,0.975,2.487502831342173
2026-10-03,0,wk inc rsv hosp,2026-10-03,20,quantile,0.99,2.769172587634062
2026-10-03,0,wk inc rsv hosp,2026-10-03,21,quantile,0.01,5.140785060870447
2026-10-03,0,wk inc rsv hosp,2026-10-03,21,quantile,0.025,5.179182729041095
2026-10-03,0,wk inc rsv hosp,2026-10-03,21,quantile,0.05,5.271062065460757
2026-10-03,0,wk inc rsv hosp,2026-10-03,21,quantile,0.1,5.506087099091624
2026-10-03,0,wk inc rsv hosp,2026-10-03,21,quantile,0.15,5.636702702731125
2026-10-03,0,wk inc rsv hosp,2026-10-03,21,quantile,0.2,7.126608041730989
2026-10-03,0,wk inc rsv hosp,2026-10-03,21,quantile,0.25,7.313167135454366
2026-10-03,0,wk inc rsv hosp,2026-10-03,21,quantile,0.3,7.644730963187589
2026-10-03,0,wk inc rsv hosp,2026-10-03,21,quantile,0.35,7.800877927561473
2026-10-03,0,wk inc rsv hosp,2026-10-03,21,quantile,0.4,8.05392595881751
2026-10-03,0,wk inc rsv hosp,2026-10-03,21,quantile,0.45,8.103067838056676
2026-10-03,0,wk inc rsv hosp,2026-10-03,21,quantile,0.5,8.326846406945164
2026-10-03,0,wk inc rsv hosp,2026-10-03,21,quantile,0.55,8.449917745652721
2026-10-03,0,wk inc rsv hosp,2026-10-03,21,quantile,0.6,8.731087139236987
2026-10-03,0,wk inc rsv hosp,2026-10-03,21,quantile,0.65,9.432533397497483
2026-10-03,0,wk inc rsv hosp,2026-10-03,21,quantile,0.7,9.789200345689459
2026-10-03,0,wk inc rsv hosp,2026-10-03,21,quantile,0.75,10.233535491046199
2026-10-03,0,wk inc rsv hosp,2026-10-03,21,quantile,0.8,10.41058495325202
2026-10-03,0,wk inc rsv hosp,2026-10-03,21,quantile,0.85,10.576274853949364
2026-10-03,0,wk inc rsv hosp,2026-10-03,21,quantile,0.9,11.199086633848907
2026-10-03,0,wk inc rsv hosp,2026-10-03,21,quantile,0.95,14.911200771213046
2026-10-03,0,wk inc rsv hosp,2026-10-03,21,quantile,0.975,23.604242249141876
2026-10-03,0,wk inc rsv hosp,2026-10-03,21,quantile,0.99,34.31468372274472
2026-10-03,0,wk inc rsv hosp,2026-10-03,22,quantile,0.01,4.2514143618767495
2026-10-03,0,wk inc rsv hosp,2026-10-03,22,quantile,0.025,4.426945816280849
2026-10-03,0,wk inc rsv hosp,2026-10-03,22,quantile,0.05,5.16229269829739
2026-10-03,0,wk inc rsv hosp,2026-10-03,22,quantile,0.1,7.610330281029259
2026-10-03,0,wk inc rsv hosp,2026-10-03,22,quantile,0.15,8.864846535625698
2026-10-03,0,wk inc rsv hosp,2026-10-03,22,quantile,0.2,9.971109678745131
2026-10-03,0,wk inc rsv hosp,2026-10-03,22,quantile,0.25,10.3656074291953
2026-10-03,0,wk inc rsv hosp,2026-10-03,22,quantile,0.3,11.263937768598225
2026-10-03,0,wk inc rsv hosp,2026-10-03,22,quantile,0.35,11.504157365960594
2026-10-03,0,wk inc rsv hosp,2026-10-03,22,quantile,0.4,11.614453416894193
2026-10-03,0,wk inc rsv hosp,2026-10-03,22,quantile,0.45,12.298882301592766
2026-10-03,0,wk inc rsv hosp,2026-10-03,22,quantile,0.5,12.98238565700018
2026-10-03,0,wk inc rsv hosp,2026-10-03,22,quantile,0.55,13.415494169627125
2026-10-03,0,wk inc rsv hosp,2026-10-03,22,quantile,0.6,13.584405416934574
2026-10-03,0,wk inc rsv hosp,2026-10-03,22,quantile,0.65,14.095677798648708
2026-10-03,0,wk inc rsv hosp,2026-10-03,22,quantile,0.7,14.883641261117795
2026-10-03,0,wk inc rsv hosp,2026-10-03,22,quantile,0.75,15.462044003545946
2026-10-03,0,wk inc rsv hosp,2026-10-03,22,quantile,0.8,15.768455124914121
2026-10-03,0,wk inc rsv hosp,2026-10-03,22,quantile,0.85,16.0895419099029
2026-10-03,0,wk inc rsv hosp,2026-10-03,22,quantile,0.9,18.905385657676398
2026-10-03,0,wk inc rsv hosp,2026-10-03,22,quantile,0.95,25.345490973328342
2026-10-03,0,wk inc rsv hosp,2026-10-03,22,quantile,0.975,33.525465479593365
2026-10-03,0,wk inc rsv hosp,2026-10-03,22,quantile,0.99,42.246413560138215
2026-10-03,0,wk inc rsv hosp,2026-10-03,23,quantile,0.01,0.0
2026-10-03,0,wk inc rsv hosp,2026-10-03,23,quantile,0.025,0.0
2026-10-03,0,wk inc rsv hosp,2026-10-03,23,quantile,0.05,0.0
2026-10-03,0,wk inc rsv hosp,2026-10-03,23,quantile,0.1,0.0
2026-10-03,0,wk inc rsv hosp,2026-10-03,23,quantile,0.15,0.0
2026-10-03,0,wk inc rsv hosp,2026-10-03,23,quantile,0.2,0.0
2026-10-03,0,wk inc rsv hosp,2026-10-03,23,quantile,0.25,0.0
2026-10-03,0,wk inc rsv hosp,2026-10-03,23,quantile,0.3,0.0
2026-10-03,0,wk inc rsv hosp,2026-10-03,23,quantile,0.35,0.0
2026-10-03,0,wk inc rsv hosp,2026-10-03,23,quantile,0.4,0.0
2026-10-03,0,wk inc rsv hosp,2026-10-03,23,quantile,0.45,0.01929419473443084
2026-10-03,0,wk inc rsv hosp,2026-10-03,23,quantile,0.5,0.0589759108901354
2026-10-03,0,wk inc rsv hosp,2026-10-03,23,quantile,0.55,0.1499134065068952
2026-10-03,0,wk inc rsv hosp,2026-10-03,23,quantile,0.6,0.17663281537669634
2026-10-03,0,wk inc rsv hosp,2026-10-03,23,quantile,0.65,0.19367619375579231
2026-10-03,0,wk inc rsv hosp,2026-10-03,23,quantile,0.7,0.26645187538199694
2026-10-03,0,wk inc rsv hosp,2026-10-03,23,quantile,0.75,0.3103068776571752
2026-10-03,0,wk inc rsv hosp,2026-10-03,23,quantile,0.8,0.31967074933679923
2026-10-03,0,wk inc rsv hosp,2026-10-03,23,quantile,0.85,0.6614994003292747
2026-10-03,0,wk inc rsv hosp,2026-10-03,23,quantile,0.9,0.8781800956390382
2026-10-03,0,wk inc rsv hosp,2026-10-03,23,quantile,0.95,1.1365351839411133
2026-10-03,0,wk inc rsv hosp,2026-10-03,23,quantile,0.975,1.3613917041638872
2026-10-03,0,wk inc rsv hosp,2026-10-03,23,quantile,0.99,1.5177597768853008
2026-10-03,0,wk inc rsv hosp,2026-10-03,24,quantile,0.01,0.02536610223400255
2026-10-03,0,wk inc rsv hosp,2026-10-03,24,quantile,0.025,0.04383765833078804
2026-10-03,0,wk inc rsv hosp,2026-10-03,24,quantile,0.05,0.12309178727867919
2026-10-03,0,wk inc rsv hosp,2026-10-03,24,quantile,0.1,0.45041194232052806
2026-10-03,0,wk inc rsv hosp,2026-10-03,24,quantile,0.15,0.6168397626299849
2026-10-03,0,wk inc rsv hosp,2026-10-03,24,quantile,0.2,0.8038967673279342
2026-10-03,0,wk inc rsv hosp,2026-10-03,24,quantile,0.25,1.1985246103708886
2026-10-03,0,wk inc rsv hosp,2026-10-03,24,quantile,0.3,1.2300324528578832
2026-10-03,0,wk inc rsv hosp,2026-10-03,24,quantile,0.35,1.3801200243641452
2026-10-03,0,wk inc rsv hosp,2026-10-03,24,quantile,0.4,1.467696953724049
2026-10-03,0,wk inc rsv hosp,2026-10-03,24,quantile,0.45,1.5188876557001472
2026-10-03,0,wk inc rsv hosp,2026-10-03,24,quantile,0.5,1.6616087460568525
2026-10-03,0,wk inc rsv hosp,2026-10-03,24,quantile,0.55,1.916087500689929
2026-10-03,0,wk inc rsv hosp,2026-10-03,24,quantile,0.6,2.006300982539721
2026-10-03,0,wk inc rsv hosp,2026-10-03,24,quantile,0.65,2.086244192670511
2026-10-03,0,wk inc rsv hosp,2026-10-03,24,quantile,0.7,2.215429405081098
2026-10-03,0,wk inc rsv hosp,2026-10-03,24,quantile,0.75,2.587977160729087
2026-10-03,0,wk inc rsv hosp,2026-10-03,24,quantile,0.8,2.9298810379763394
2026-10-03,0,wk inc rsv hosp,2026-10-03,24,quantile,0.85,2.9944736348163534
2026-10-03,0,wk inc rsv hosp,2026-10-03,24,quantile,0.9,3.313824397090657
2026-10-03,0,wk inc rsv hosp,2026-10-03,24,quantile,0.95,3.6337205271891664
2026-10-03,0,wk inc rsv hosp,2026-10-03,24,quantile,0.975,4.453561797646251
2026-10-03,0,wk inc rsv hosp,2026-10-03,24,quantile,0.99,5.329971485078429
2026-10-03,0,wk inc rsv hosp,2026-10-03,25,quantile,0.01,0.537002860819517
2026-10-03,0,wk inc rsv hosp,2026-10-03,25,quantile,0.025,0.5727320170899941
2026-10-03,0,wk inc rsv hosp,2026-10-03,25,quantile,0.05,0.6721873135632155
2026-10-03,0,wk inc rsv hosp,2026-10-03,25,quantile,0.1,1.0937632152254988
2026-10-03,0,wk inc rsv hosp,2026-10-03,25,quantile,0.15,1.388039415170057
2026-10-03,0,wk inc rsv hosp,2026-10-03,25,quantile,0.2,1.8757588277305333
2026-10-03,0,wk inc rsv hosp,2026-10-03,25,quantile,0.25,2.12943640798088
2026-10-03,0,wk inc rsv hosp,2026-10-03,25,quantile,0.3,2.2935542674163596
2026-10-03,0,wk inc rsv hosp,2026-10-03,25,quantile,0.35,2.431234192399855
2026-10-03,0,wk inc rsv hosp,2026-10-03,25,quantile,0.4,2.5263260397045886
2026-10-03,0,wk inc rsv hosp,2026-10-03,25,quantile,0.45,2.734396755709615
2026-10-03,0,wk inc rsv hosp,2026-10-03,25,quantile,0.5,3.0311194791570975
2026-10-03,0,wk inc rsv hosp,2026-10-03,25,quantile,0.55,3.1244112109212634
2026-10-03,0,wk inc rsv hosp,2026-10-03,25,quantile,0.6,3.2262703404927224
2026-10-03,0,wk inc rsv hosp,2026-10-03,25,quantile,0.65,3.4404170834673367
2026-10-03,0,wk inc rsv hosp,2026-10-03,25,quantile,0.7,3.616977734454851
2026-10-03,0,wk inc rsv hosp,2026-10-03,25,quantile,0.75,3.851020389744868
2026-10-03,0,wk inc rsv hosp,2026-10-03,25,quantile,0.8,4.511095269987997
2026-10-03,0,wk inc rsv hosp,2026-10-03,25,quantile,0.85,5.583185778263985
2026-10-03,0,wk inc rsv hosp,2026-10-03,25,quantile,0.9,7.644680696089003
2026-10-03,0,wk inc rsv hosp,2026-10-03,25,quantile,0.95,10.755070376134636
2026-10-03,0,wk inc rsv hosp,2026-10-03,25,quantile,0.975,11.942317491668119
2026-10-03,0,wk inc rsv hosp,2026-10-03,25,quantile,0.99,12.349400800355827
2026-10-03,0,wk inc rsv hosp,2026-10-03,26,quantile,0.01,0.0
2026-10-03,0,wk inc rsv hosp,2026-10-03,26,quantile,0.025,0.0
2026-10-03,0,wk inc rsv hosp,2026-10-03,26,quantile,0.05,0.0
2026-10-03,0,wk inc rsv hosp,2026-10-03,26,quantile,0.1,0.0
2026-10-03,0,wk inc rsv hosp,2026-10-03,26,quantile,0.15,0.0
2026-10-03,0,wk inc rsv hosp,2026-10-03,26,quantile,0.2,0.0
2026-10-03,0,wk inc rsv hosp,2026-10-03,26,quantile,0.25,0.0
2026-10-03,0,wk inc rsv hosp,2026-10-03,26,quantile,0.3,0.0
2026-10-03,0,wk inc rsv hosp,2026-10-03,26,quantile,0.35,0.0
2026-10-03,0,wk inc rsv hosp,2026-10-03,26,quantile,0.4,0.03422023799513323
2026-10-03,0,wk inc rsv hosp,2026-10-03,26,quantile,0.45,0.05388321566561955
2026-10-03,0,wk inc rsv hosp,2026-10-03,26,quantile,0.5,0.11422322853425065
2026-10-03,0,wk inc rsv hosp,2026-10-03,26,quantile,0.55,0.13092510361461224
2026-10-03,0,wk inc rsv hosp,2026-10-03,26,quantile,0.6,0.2533148382358937
2026-10-03,0,wk inc rsv hosp,2026-10-03,26,quantile,0.65,0.31149881241868205
2026-10-03,0,wk inc rsv hosp,2026-10-03,26,quantile,0.7,0.531012872843724
2026-10-03,0,wk inc rsv hosp,2026-10-03,26,quantile,0.75,0.6613476737259183
2026-10-03,0,wk inc rsv hosp,2026-10-03,26,quantile,0.8,1.106416641956893
2026-10-03,0,wk inc rsv hosp,2026-10-03,26,quantile,0.85,2.447995023054246
2026-10-03,0,wk inc rsv hosp,2026-10-03,26,quantile,0.9,3.718378716415338
2026-10-03,0,wk inc rsv hosp,2026-10-03,26,quantile,0.95,6.30632338357241
2026-10-03,0,wk inc rsv hosp,2026-10-03,26,quantile,0.975,8.313742123687186
2026-10-03,0,wk inc rsv hosp,2026-10-03,26,quantile,0.99,9.843224043318136
2026-10-03,0,wk inc rsv hosp,2026-10-03,27,quantile,0.01,0.0
2026-10-03,0,wk inc rsv hosp,2026-10-03,27,quantile,0.025,0.0
2026-10-03,0,wk inc rsv hosp,2026-10-03,27,quantile,0.05,0.0
2026-10-03,0,wk inc rsv hosp,2026-10-03,27,quantile,0.1,0.0
2026-10-03,0,wk inc rsv hosp,2026-10-03,27,quantile,0.15,0.23230557641045668
2026-10-03,0,wk inc rsv hosp,2026-10-03,27,quantile,0.2,0.3865894783142989
2026-10-03,0,wk inc rsv hosp,2026-10-03,27,quantile,0.25,0.398682077047698
2026-10-03,0,wk inc rsv hosp,2026-10-03,27,quantile,0.3,0.4509044943061671
2026-10-03,0,wk inc rsv hosp,2026-10-03,27,quantile,0.35,0.5203703528568074
2026-10-03,0,wk inc rsv hosp,2026-10-03,27,quantile,0.4,0.5830913633257996
2026-10-03,0,wk inc rsv hosp,2026-10-03,27,quantile,0.45,0.6128694265839585
2026-10-03,0,wk inc rsv hosp,2026-10-03,27,quantile,0.5,0.6289615619301563
2026-10-03,0,wk inc rsv hosp,2026-10-03,27,quantile,0.55,0.6772570610377667
2026-10-03,0,wk inc rsv hosp,2026-10-03,27,quantile,0.6,0.6934264929847835
2026-10-03,0,wk inc rsv hosp,2026-10-03,27,quantile,0.65,0.7424135413673314
2026-10-03,0,wk inc rsv hosp,2026-10-03,27,quantile,0.7,0.7935318807974685
2026-10-03,0,wk inc rsv hosp,2026-10-03,27,quantile,0.75,0.8782937951471722
2026-10-03,0,wk inc rsv hosp,2026-10-03,27,quantile,0.8,0.9979558425918872
2026-10-03,0,wk inc rsv hosp,2026-10-03,27,quantile,0.85,1.0573585886532448
2026-10-03,0,wk inc rsv hosp,2026-10-03,27,quantile,0.9,1.3239639744701122
2026-10-03,0,wk inc rsv hosp,2026-10-03,27,quantile,0.95,2.218189738355955
2026-10-03,0,wk inc rsv hosp,2026-10-03,27,quantile,0.975,2.5548041095923133
2026-10-03,0,wk inc rsv hosp,2026-10-03,27,quantile,0.99,2.635471753079927
2026-10-03,0,wk inc rsv hosp,2026-10-03,28,quantile,0.01,2.0853175472572687
2026-10-03,0,wk inc rsv hosp,2026-10-03,28,quantile,0.025,2.397657075185096
2026-10-03,0,wk inc rsv hosp,2026-10-03,28,quantile,0.05,2.9179677958654646
2026-10-03,0,wk inc rsv hosp,2026-10-03,28,quantile,0.1,3.6702761949303846
2026-10-03,0,wk inc rsv hosp,2026-10-03,28,quantile,0.15,3.939285786565289
2026-10-03,0,wk inc rsv hosp,2026-10-03,28,quantile,0.2,4.021847365858896
2026-10-03,0,wk inc rsv hosp,2026-10-03,28,quantile,0.25,4.083039895828162
2026-10-03,0,wk inc rsv hosp,2026-10-03,28,quantile,0.3,4.239334824433714
2026-10-03,0,wk inc rsv hosp,2026-10-03,28,quantile,0.35,4.5872153628677745
2026-10-03,0,wk inc rsv hosp,2026-10-03,28,quantile,0.4,4.714583931439325
2026-10-03,0,wk inc rsv hosp,2026-10-03,28,quantile,0.45,4.885767074468277
2026-10-03,0,wk inc rsv hosp,2026-10-03,28,quantile,0.5,5.271779651954035
2026-10-03,0,wk inc rsv hosp,2026-10-03,28,quantile,0.55,5.395799849000687
2026-10-03,0,wk inc rsv hosp,2026-10-03,28,quantile,0.6,5.5946226389875084
2026-10-03,0,wk inc rsv hosp,2026-10-03,28,quantile,0.65,6.2808898468597505
2026-10-03,0,wk inc rsv hosp,2026-10-03,28,quantile,0.7,6.424431233422365
2026-10-03,0,wk inc rsv hosp,2026-10-03,28,quantile,0.75,7.009229752212848
2026-10-03,0,wk inc rsv hosp,2026-10-03,28,quantile,0.8,7.317466746910098
2026-10-03,0,wk inc rsv hosp,2026-10-03,28,quantile,0.85,9.276597961326507
2026-10-03,0,wk inc rsv hosp,2026-10-03,28,quantile,0.9,11.42468013159909
2026-10-03,0,wk inc rsv hosp,2026-10-03,28,quantile,0.95,20.631430125122307
2026-10-03,0,wk inc rsv hosp,2026-10-03,28,quantile,0.975,30.521265310921123
2026-10-03,0,wk inc rsv hosp,2026-10-03,28,quantile,0.99,37.34862825310798
2026-10-03,0,wk inc rsv hosp,2026-10-03,29,quantile,0.01,0.21382684981304745
2026-10-03,0,wk inc rsv hosp,2026-10-03,29,quantile,0.025,0.24871234396817313
2026-10-03,0,wk inc rsv hosp,2026-10-03,29,quantile,0.05,0.3105616462676637
2026-10-03,0,wk inc rsv hosp,2026-10-03,29,quantile,0.1,0.43433273202797273
2026-10-03,0,wk inc rsv hosp,2026-10-03,29,quantile,0.15,0.7878790805403922
2026-10-03,0,wk inc rsv hosp,2026-10-03,29,quantile,0.2,1.1331988061749587
2026-10-03,0,wk inc rsv hosp,2026-10-03,29,quantile,0.25,1.263459725337652
2026-10-03,0,wk inc rsv hosp,2026-10-03,29,quantile,0.3,1.3305307982496022
2026-10-03,0,wk inc rsv hosp,2026-10-03,29,quantile,0.35,1.388054443275185
2026-10-03,0,wk inc rsv hosp,2026-10-03,29,quantile,0.4,1.634485180279424
2026-10-03,0,wk inc rsv hosp,2026-10-03,29,quantile,0.45,1.7202585594246331
2026-10-03,0,wk inc rsv hosp,2026-10-03,29,quantile,0.5,1.7567047753189915
2026-10-03,0,wk inc rsv hosp,2026-10-03,29,quantile,0.55,1.8164579700977384
2026-10-03,0,wk inc rsv hosp,2026-10-03,29,quantile,0.6,1.8492650276223448
2026-10-03,0,wk inc rsv hosp,2026-10-03,29,quantile,0.65,1.930317891146439
2026-10-03,0,wk inc rsv hosp,2026-10-03,29,quantile,0.7,2.0377785523585157
2026-10-03,0,wk inc rsv hosp,2026-10-03,29,quantile,0.75,2.3694330349363177
2026-10-03,0,wk inc rsv hosp,2026-10-03,29,quantile,0.8,2.7209909821851723
2026-10-03,0,wk inc rsv hosp,2026-10-03,29,quantile,0.85,3.0723997765365296
2026-10-03,0,wk inc rsv hosp,2026-10-03,29,quantile,0.9,3.3029522558411033
2026-10-03,0,wk inc rsv hosp,2026-10-03,29,quantile,0.95,3.719998604806469
2026-10-03,0,wk inc rsv hosp,2026-10-03,29,quantile,0.975,6.284053657793007
2026-10-03,0,wk inc rsv hosp,2026-10-03,29,quantile,0.99,9.958099032230303
2026-10-03,0,wk inc rsv hosp,2026-10-03,30,quantile,0.01,0.0
2026-10-03,0,wk inc rsv hosp,2026-10-03,30,quantile,0.025,0.0
2026-10-03,0,wk inc rsv hosp,2026-10-03,30,quantile,0.05,0.0
2026-10-03,0,wk inc rsv hosp,2026-10-03,30,quantile,0.1,0.0
2026-10-03,0,wk inc rsv hosp,2026-10-03,30,quantile,0.15,0.0
2026-10-03,0,wk inc rsv hosp,2026-10-03,30,quantile,0.2,0.0
2026-10-03,0,wk inc rsv hosp,2026-10-03,30,quantile,0.25,0.0
2026-10-03,0,wk inc rsv hosp,2026-10-03,30,quantile,0.3,0.0
2026-10-03,0,wk inc rsv hosp,2026-10-03,30,quantile,0.35,0.0
2026-10-03,0,wk inc rsv hosp,2026-10-03,30,quantile,0.4,0.0
2026-10-03,0,wk inc rsv hosp,2026-10-03,30,quantile,0.45,0.0
2026-10-03,0,wk inc rsv hosp,2026-10-03,30,quantile,0.5,0.045390712276844346
2026-10-03,0,wk inc rsv hosp,2026-10-03,30,quantile,0.55,0.14149269495816602
2026-10-03,0,wk inc rsv hosp,2026-10-03,30,quantile,0.6,0.26204097614833155
2026-10-03,0,wk inc rsv hosp,2026-10-03,30,quantile,0.65,0.36661162362270183
2026-10-03,0,wk inc rsv hosp,2026-10-03,30,quantile,0.7,0.5172850290365681
2026-10-03,0,wk inc rsv hosp,2026-10-03,30,quantile,0.75,0.5807832527719118
2026-10-03,0,wk inc rsv hosp,2026-10-03,30,quantile,0.8,0.6181341341372235
2026-10-03,0,wk inc rsv hosp,2026-10-03,30,quantile,0.85,0.6390500649475275
2026-10-03,0,wk inc rsv hosp,2026-10-03,30,quantile,0.9,0.8650715743559239
2026-10-03,0,wk inc rsv hosp,2026-10-03,30,quantile,0.95,1.2603150666866079
2026-10-03,0,wk inc rsv hosp,2026-10-03,30,quantile,0.975,1.5888887347054308
2026-10-03,0,wk inc rsv hosp,2026-10-03,30,quantile,0.99,1.8739533205912304
2026-10-03,0,wk inc rsv hosp,2026-10-03,31,quantile,0.01,0.0
2026-10-03,0,wk inc rsv hosp,2026-10-03,31,quantile,0.025,0.0
2026-10-03,0,wk inc rsv hosp,2026-10-03,31,quantile,0.05,0.0
2026-10-03,0,wk inc rsv hosp,2026-10-03,31,quantile,0.1,0.11850346684349411
2026-10-03,0,wk inc rsv hosp,2026-10-03,31,quantile,0.15,0.2370981742040674
2026-10-03,0,wk inc rsv hosp,2026-10-03,31,quantile,0.2,0.7310509296351511
2026-10-03,0,wk inc rsv hosp,2026-10-03,31,quantile,0.25,0.7713511280951046
2026-10-03,0,wk inc rsv hosp,2026-10-03,31,quantile,0.3,0.8719266325524192
2026-10-03,0,wk inc rsv hosp,2026-10-03,31,quantile,0.35,1.1104396430767762
2026-10-03,0,wk inc rsv hosp,2026-10-03,31,quantile,0.4,1.232520725213992
2026-10-03,0,wk inc rsv hosp,2026-10-03,31,quantile,0.45,1.2899697880198266
2026-10-03,0,wk inc rsv hosp,2026-10-03,31,quantile,0.5,1.359496091964468
2026-10-03,0,wk inc rsv hosp,2026-10-03,31,quantile,0.55,1.4064424575510617
2026-10-03,0,wk inc rsv hosp,2026-10-03,31,quantile,0.6,1.6755010145981553
2026-10-03,0,wk inc rsv hosp,2026-10-03,31,quantile,0.65,1.8049216387374363
2026-10-03,0,wk inc rsv hosp,2026-10-03,31,quantile,0.7,1.9355412149854727
2026-10-03,0,wk inc rsv hosp,2026-10-03,31,quantile,0.75,2.090830642288526
2026-10-03,0,wk inc rsv hosp,2026-10-03,31,quantile,0.8,2.1678193676257176
2026-10-03,0,wk inc rsv hosp,2026-10-03,31,quantile,0.85,2.42985810909484
2026-10-03,0,wk inc rsv hosp,2026-10-03,31,quantile,0.9,2.9583852396312804
2026-10-03,0,wk inc rsv hosp,2026-10-03,31,quantile,0.95,3.417212431590719
2026-10-03,0,wk inc rsv hosp,2026-10-03,31,quantile,0.975,3.5807802974182517
2026-10-03,0,wk inc rsv hosp,2026-10-03,31,quantile,0.99,3.748867807621054
2026-10-03,0,wk inc rsv hosp,2026-10-03,32,quantile,0.01,0.0
2026-10-03,0,wk inc rsv hosp,2026-10-03,32,quantile,0.025,0.0
2026-10-03,0,wk inc rsv hosp,2026-10-03,32,quantile,0.05,0.015768253108843545
2026-10-03,0,wk inc rsv hosp,2026-10-03,32,quantile,0.1,0.6882818036810616
2026-10-03,0,wk inc rsv hosp,2026-10-03,32,quantile,0.15,0.8572397091076445
2026-10-03,0,wk inc rsv hosp,2026-10-03,32,quantile,0.2,0.9666048439209998
2026-10-03,0,wk inc rsv hosp,2026-10-03,32,quantile,0.25,1.1525906107586372
2026-10-03,0,wk inc rsv hosp,2026-10-03,32,quantile,0.3,1.2679729136531468
2026-10-03,0,wk inc rsv hosp,2026-10-03,32,quantile,0.35,1.394205038315476
2026-10-03,0,wk inc rsv hosp,2026-10-03,32,quantile,0.4,1.4480485362693893
2026-10-03,0,wk inc rsv hosp,2026-10-03,32,quantile,0.45,1.5563542639991441
2026-10-03,0,wk inc rsv hosp,2026-10-03,32,quantile,0.5,1.7672457812172289
2026-10-03,0,wk inc rsv hosp,2026-10-03,32,quantile,0.55,1.8593090961865597
2026-10-03,0,wk inc rsv hosp,2026-10-03,32,quantile,0.6,2.036298154021595
2026-10-03,0,wk inc rsv hosp,2026-10-03,32,quantile,0.65,2.08809234235252
2026-10-03,0,wk inc rsv hosp,2026-10-03,32,quantile,0.7,2.424375661853657
2026-10-03,0,wk inc rsv hosp,2026-10-03,32,quantile,0.75,2.8345000971004994
2026-10-03,0,wk inc rsv hosp,2026-10-03,32,quantile,0.8,2.8886068077896208
2026-10-03,0,wk inc rsv hosp,2026-10-03,32,quantile,0.85,3.4980346066803163
2026-10-03,0,wk inc rsv hosp,2026-10-03,32,quantile,0.9,3.7318768843436674
2026-10-03,0,wk inc rsv hosp,2026-10-03,32,quantile,0.95,5.102319149103257
2026-10-03,0,wk inc rsv hosp,2026-10-03,32,quantile,0.975,5.664217692351851
2026-10-03,0,wk inc rsv hosp,2026-10-03,32,quantile,0.99,5.712471233513925
2026-10-03,0,wk inc rsv hosp,2026-10-03,33,quantile,0.01,0.0
2026-10-03,0,wk inc rsv hosp,2026-10-03,33,quantile,0.025,0.0
2026-10-03,0,wk inc rsv hosp,2026-10-03,33,quantile,0.05,0.0
2026-10-03,0,wk inc rsv hosp,2026-10-03,33,quantile,0.1,0.0
2026-10-03,0,wk inc rsv hosp,2026-10-03,33,quantile,0.15,0.0
2026-10-03,0,wk inc rsv hosp,2026-10-03,33,quantile,0.2,0.0
2026-10-03,0,wk inc rsv hosp,2026-10-03,33,quantile,0.25,0.0
2026-10-03,0,wk inc rsv hosp,2026-10-03,33,quantile,0.3,0.005779045237200586
2026-10-03,0,wk inc rsv hosp,2026-10-03,33,quantile,0.35,0.04745100476295612
2026-10-03,0,wk inc rsv hosp,2026-10-03,33,quantile,0.4,0.07489000420928503
2026-10-03,0,wk inc rsv hosp,2026-10-03,33,quantile,0.45,0.14275281234663337
2026-10-03,0,wk inc rsv hosp,2026-10-03,33,quantile,0.5,0.299550983244708
2026-10-03,0,wk inc rsv hosp,2026-10-03,33,quantile,0.55,0.3315802718134319
2026-10-03,0,wk inc rsv hosp,2026-10-03,33,quantile,0.6,0.36038727794221537
2026-10-03,0,wk inc rsv hosp,2026-10-03,33,quantile,0.65,0.39241954515582217
2026-10-03,0,wk inc rsv hosp,2026-10-03,33,quantile,0.7,0.43706496899215386
2026-10-03,0,wk inc rsv hosp,2026-10-03,33,quantile,0.75,0.48724499033903257
2026-10-03,0,wk inc rsv hosp,2026-10-03,33,quantile,0.8,0.6175456647841847
2026-10-03,0,wk inc rsv hosp,2026-10-03,33,quantile,0.85,0.6711957060368463
2026-10-03,0,wk inc rsv hosp,2026-10-03,33,quantile,0.9,0.8414064338021112
2026-10-03,0,wk inc rsv hosp,2026-10-03,33,quantile,0.95,0.9937837370212148
2026-10-03,0,wk inc rsv hosp,2026-10-03,33,quantile,0.975,1.2990910578279466
2026-10-03,0,wk inc rsv hosp,2026-10-03,33,quantile,0.99,1.6464608807216625
2026-10-03,0,wk inc rsv hosp,2026-10-03,34,quantile,0.01,4.44589163891432
2026-10-03,0,wk inc rsv hosp,2026-10-03,34,quantile,0.025,4.729566052387805
2026-10-03,0,wk inc rsv hosp,2026-10-03,34,quantile,0.05,5.560828804633906
2026-10-03,0,wk inc rsv hosp,2026-10-03,34,quantile,0.1,7.536825422765434
2026-10-03,0,wk inc rsv hosp,2026-10-03,34,quantile,0.15,7.670157272531433
2026-10-03,0,wk inc rsv hosp,2026-10-03,34,quantile,0.2,8.060798436610668
2026-10-03,0,wk inc rsv hosp,2026-10-03,34,quantile,0.25,8.376718610860483
2026-10-03,0,wk inc rsv hosp,2026-10-03,34,quantile,0.3,8.570200108184139
2026-10-03,0,wk inc rsv hosp,2026-10-03,34,quantile,0.35,8.590078747581732
2026-10-03,0,wk inc rsv hosp,2026-10-03,34,quantile,0.4,9.184470785994648
2026-10-03,0,wk inc rsv hosp,2026-10-03,34,quantile,0.45,9.432608975012869
2026-10-03,0,wk inc rsv hosp,2026-10-03,34,quantile,0.5,10.019782322659086
2026-10-03,0,wk inc rsv hosp,2026-10-03,34,quantile,0.55,10.398680604271002
2026-10-03,0,wk inc rsv hosp,2026-10-03,34,quantile,0.6,10.731472878487049
2026-10-03,0,wk inc rsv hosp,2026-10-03,34,quantile,0.65,11.238536765450316
2026-10-03,0,wk inc rsv hosp,2026-10-03,34,quantile,0.7,11.47613134505825
2026-10-03,0,wk inc rsv hosp,2026-10-03,34,quantile,0.75,11.827689782571756
2026-10-03,0,wk inc rsv hosp,2026-10-03,34,quantile,0.8,12.266075905796697
2026-10-03,0,wk inc rsv hosp,2026-10-03,34,quantile,0.85,13.193922182823199
2026-10-03,0,wk inc rsv hosp,2026-10-03,34,quantile,0.9,15.545130900556773
2026-10-03,0,wk inc rsv hosp,2026-10-03,34,quantile,0.95,21.111961203498353
2026-10-03,0,wk inc rsv hosp,2026-10-03,34,quantile,0.975,24.11801925005097
2026-10-03,0,wk inc rsv hosp,2026-10-03,34,quantile,0.99,25.87352272873901
2026-10-03,0,wk inc rsv hosp,2026-10-03,35,quantile,0.01,0.0
2026-10-03,0,wk inc rsv hosp,2026-10-03,35,quantile,0.025,0.0
2026-10-03,0,wk inc rsv hosp,2026-10-03,35,quantile,0.05,0.0
2026-10-03,0,wk inc rsv hosp,2026-10-03,35,quantile,0.1,0.0
2026-10-03,0,wk inc rsv hosp,2026-10-03,35,quantile,0.15,0.0
2026-10-03,0,wk inc rsv hosp,2026-10-03,35,quantile,0.2,0.0
2026-10-03,0,wk inc rsv hosp,2026-10-03,35,quantile,0.25,0.0
2026-10-03,0,wk inc rsv hosp,2026-10-03,35,quantile,0.3,0.0
2026-10-03,0,wk inc rsv hosp,2026-10-03,35,quantile,0.35,0.0
2026-10-03,0,wk inc rsv hosp,2026-10-03,35,quantile,0.4,0.0
2026-10-03,0,wk inc rsv hosp,2026-10-03,35,quantile,0.45,0.0
2026-10-03,0,wk inc rsv hosp,2026-10-03,35,quantile,0.5,0.011596596442374048
2026-10-03,0,wk inc rsv hosp,2026-10-03,35,quantile,0.55,0.07508095929889526
2026-10-03,0,wk inc rsv hosp,2026-10-03,35,quantile,0.6,0.11162231517742231
2026-10-03,0,wk inc rsv hosp,2026-10-03,35,quantile,0.65,0.1492327178885106
2026-10-03,0,wk inc rsv hosp,2026-10-03,35,quantile,0.7,0.22018632580712005
2026-10-03,0,wk inc rsv hosp,2026-10-03,35,quantile,0.75,0.32118670984240405
2026-10-03,0,wk inc rsv hosp,2026-10-03,35,quantile,0.8,0.4005279814825822
2026-10-03,0,wk inc rsv hosp,2026-10-03,35,quantile,0.85,0.5174343381196503
2026-10-03,0,wk inc rsv hosp,2026-10-03,35,quantile,0.9,0.6312736991832354
2026-10-03,0,wk inc rsv hosp,2026-10-03,35,quantile,0.95,0.834373254376767
2026-10-03,0,wk inc rsv hosp,2026-10-03,35,quantile,0.975,1.8154986289570871
2026-10-03,0,wk inc rsv hosp,2026-10-03,35,quantile,0.99,3.189872015870132
2026-10-03,0,wk inc rsv hosp,2026-10-03,36,quantile,0.01,12.762232417147956
2026-10-03,0,wk inc rsv hosp,2026-10-03,36,quantile,0.025,13.434551779870095
2026-10-03,0,wk inc rsv hosp,2026-10-03,36,quantile,0.05,14.40387721465924
2026-10-03,0,wk inc rsv hosp,2026-10-03,36,quantile,0.1,16.152997532261704
2026-10-03,0,wk inc rsv hosp,2026-10-03,36,quantile,0.15,17.38238570980151
2026-10-03,0,wk inc rsv hosp,2026-10-03,36,quantile,0.2,17.665227637952835
2026-10-03,0,wk inc rsv hosp,2026-10-03,36,quantile,0.25,17.87948966112822
2026-10-03,0,wk inc rsv hosp,2026-10-03,36,quantile,0.3,18.379100725436857
2026-10-03,0,wk inc rsv hosp,2026-10-03,36,quantile,0.35,19.053185398284153
2026-10-03,0,wk inc rsv hosp,2026-10-03,36,quantile,0.4,19.41104311587706
2026-10-03,0,wk inc rsv hosp,2026-10-03,36,quantile,0.45,20.409071286312866
2026-10-03,0,wk inc rsv hosp,2026-10-03,36,quantile,0.5,20.893578731084865
2026-10-03,0,wk inc rsv hosp,2026-10-03,36,quantile,0.55,21.14394705002186
2026-10-03,0,wk inc rsv hosp,2026-10-03,36,quantile,0.6,21.195070140215492
2026-10-03,0,wk inc rsv hosp,2026-10-03,36,quantile,0.65,21.312961773945077
2026-10-03,0,wk inc rsv hosp,2026-10-03,36,quantile,0.7,21.520200453687973
2026-10-03,0,wk inc rsv hosp,2026-10-03,36,quantile,0.75,21.804491627036825
2026-10-03,0,wk inc rsv hosp,2026-10-03,36,quantile,0.8,22.713166591310227
2026-10-03,0,wk inc rsv hosp,2026-10-03,36,quantile,0.85,23.052476419851228
2026-10-03,0,wk inc rsv hosp,2026-10-03,36,quantile,0.9,25.387840158646
2026-10-03,0,wk inc rsv hosp,2026-10-03,36,quantile,0.95,27.457905352914626
2026-10-03,0,wk inc rsv hosp,2026-10-03,36,quantile,0.975,28.886979893914756
2026-10-03,0,wk inc rsv hosp,2026-10-03,36,quantile,0.99,30.20488273286215
2026-10-03,0,wk inc rsv hosp,2026-10-03,37,quantile,0.01,1.7440080228398802
2026-10-03,0,wk inc rsv hosp,2026-10-03,37,quantile,0.025,1.9600697659031256
2026-10-03,0,wk inc rsv hosp,2026-10-03,37,quantile,0.05,2.198008795746554
2026-10-03,0,wk inc rsv hosp,2026-10-03,37,quantile,0.1,2.7884338971181832
2026-10-03,0,wk inc rsv hosp,2026-10-03,37,quantile,0.15,4.254523970541871
2026-10-03,0,wk inc rsv hosp,2026-10-03,37,quantile,0.2,4.857884337533983
2026-10-03,0,wk inc rsv hosp,2026-10-03,37,quantile,0.25,4.896517787445946
2026-10-03,0,wk inc rsv hosp,2026-10-03,37,quantile,0.3,4.979112064666486
2026-10-03,0,wk inc rsv hosp,2026-10-03,37,quantile,0.35,5.155090212424886
2026-10-03,0,wk inc rsv hosp,2026-10-03,37,quantile,0.4,5.359910890147257
2026-10-03,0,wk inc rsv hosp,2026-10-03,37,quantile,0.45,5.542205181175799
2026-10-03,0,wk inc rsv hosp,2026-10-03,37,quantile,0.5,5.5931173875348925
2026-10-03,0,wk inc rsv hosp,2026-10-03,37,quantile,0.55,5.714896472394061
2026-10-03,0,wk inc rsv hosp,2026-10-03,37,quantile,0.6,6.05151399885436
2026-10-03,0,wk inc rsv hosp,2026-10-03,37,quantile,0.65,6.150868171245665
2026-10-03,0,wk inc rsv hosp,2026-10-03,37,quantile,0.7,6.335489211135726
2026-10-03,0,wk inc rsv hosp,2026-10-03,37,quantile,0.75,6.493164068621324
2026-10-03,0,wk inc rsv hosp,2026-10-03,37,quantile,0.8,6.619414330377452
2026-10-03,0,wk inc rsv hosp,2026-10-03,37,quantile,0.85,8.573082055941201
2026-10-03,0,wk inc rsv hosp,2026-10-03,37,quantile,0.9,9.732356189622141
2026-10-03,0,wk inc rsv hosp,2026-10-03,37,quantile,0.95,13.245626116624281
2026-10-03,0,wk inc rsv hosp,2026-10-03,37,quantile,0.975,14.925429064451162
2026-10-03,0,wk inc rsv hosp,2026-10-03,37,quantile,0.99,15.28950117009549
2026-10-03,0,wk inc rsv hosp,2026-10-03,38,quantile,0.01,0.0
2026-10-03,0,wk inc rsv hosp,2026-10-03,38,quantile,0.025,0.0
2026-10-03,0,wk inc rsv hosp,2026-10-03,38,quantile,0.05,0.0
2026-10-03,0,wk inc rsv hosp,2026-10-03,38,quantile,0.1,0.0
2026-10-03,0,wk inc rsv hosp,2026-10-03,38,quantile,0.15,0.0
2026-10-03,0,wk inc rsv hosp,2026-10-03,38,quantile,0.2,0.0
2026-10-03,0,wk inc rsv hosp,2026-10-03,38,quantile,0.25,0.0
2026-10-03,0,wk inc rsv hosp,2026-10-03,38,quantile,0.3,0.010687917256012227
2026-10-03,0,wk inc rsv hosp,2026-10-03,38,quantile,0.35,0.0780141678739291
2026-10-03,0,wk inc rsv hosp,2026-10-03,38,quantile,0.4,0.09049698138714793
2026-10-03,0,wk inc rsv hosp,2026-10-03,38,quantile,0.45,0.14296530631045168
2026-10-03,0,wk inc rsv hosp,2026-10-03,38,quantile,0.5,0.17683429489821523
2026-10-03,0,wk inc rsv hosp,2026-10-03,38,quantile,0.55,0.2246910216815271
2026-10-03,0,wk inc rsv hosp,2026-10-03,38,quantile,0.6,0.2582760611934776
2026-10-03,0,wk inc rsv hosp,2026-10-03,38,quantile,0.65,0.2655604394624863
2026-10-03,0,wk inc rsv hosp,2026-10-03,38,quantile,0.7,0.2814004740757251
2026-10-03,0,wk inc rsv hosp,2026-10-03,38,quantile,0.75,0.2971443978020858
2026-10-03,0,wk inc rsv hosp,2026-10-03,38,quantile,0.8,0.39762927846888146
2026-10-03,0,wk inc rsv hosp,2026-10-03,38,quantile,0.85,0.5302428277466931
2026-10-03,0,wk inc rsv hosp,2026-10-03,38,quantile,0.9,0.9213045736261649
2026-10-03,0,wk inc rsv hosp,2026-10-03,38,quantile,0.95,1.1669775401550366
2026-10-03,0,wk inc rsv hosp,2026-10-03,38,quantile,0.975,1.5929209080602709
2026-10-03,0,wk inc rsv hosp,2026-10-03,38,quantile,0.99,1.999193127096042
2026-10-03,0,wk inc rsv hosp,2026-10-03,39,quantile,0.01,2.9955372999408647
2026-10-03,0,wk inc rsv hosp,2026-10-03,39,quantile,0.025,3.8928065648619783
2026-10-03,0,wk inc rsv hosp,2026-10-03,39,quantile,0.05,5.167334448911411
2026-10-03,0,wk inc rsv hosp,2026-10-03,39,quantile,0.1,6.401405871060823
2026-10-03,0,wk inc rsv hosp,2026-10-03,39,quantile,0.15,7.386633563487371
2026-10-03,0,wk inc rsv hosp,2026-10-03,39,quantile,0.2,7.675476052630861
2026-10-03,0,wk inc rsv hosp,2026-10-03,39,quantile,0.25,7.706425762623459
2026-10-03,0,wk inc rsv hosp,2026-10-03,39,quantile,0.3,8.042380901981584
2026-10-03,0,wk inc rsv hosp,2026-10-03,39,quantile,0.35,8.30829714386539
2026-10-03,0,wk inc rsv hosp,2026-10-03,39,quantile,0.4,8.459269767279855
2026-10-03,0,wk inc rsv hosp,2026-10-03,39,quantile,0.45,8.718888411763684
2026-10-03,0,wk inc rsv hosp,2026-10-03,39,quantile,0.5,8.997076701647178
2026-10-03,0,wk inc rsv hosp,2026-10-03,39,quantile,0.55,9.051531034262087
2026-10-03,0,wk inc rsv hosp,2026-10-03,39,quantile,0.6,9.41800856314093
2026-10-03,0,wk inc rsv hosp,2026-10-03,39,quantile,0.65,9.988241343710946
2026-10-03,0,wk inc rsv hosp,2026-10-03,39,quantile,0.7,10.334098845832042
2026-10-03,0,wk inc rsv hosp,2026-10-03,39,quantile,0.75,11.064339559797528
2026-10-03,0,wk inc rsv hosp,2026-10-03,39,quantile,0.8,11.51748995612197
2026-10-03,0,wk inc rsv hosp,2026-10-03,39,quantile,0.85,12.143175720847552
2026-10-03,0,wk inc rsv hosp,2026-10-03,39,quantile,0.9,14.477857417488396
2026-10-03,0,wk inc rsv hosp,2026-10-03,39,quantile,0.95,20.520790990347763
2026-10-03,0,wk inc rsv hosp,2026-10-03,39,quantile,0.975,29.039636114247546
2026-10-03,0,wk inc rsv hosp,2026-10-03,39,quantile,0.99,37.553239249933974
2026-10-03,0,wk inc rsv hosp,2026-10-03,40,quantile,0.01,0.034071483897184826
2026-10-03,0,wk inc rsv hosp,2026-10-03,40,quantile,0.025,0.07482274828563637
2026-10-03,0,wk inc rsv hosp,2026-10-03,40,quantile,0.05,0.15007324705657857
2026-10-03,0,wk inc rsv hosp,2026-10-03,40,quantile,0.1,0.33104727398997463
2026-10-03,0,wk inc rsv hosp,2026-10-03,40,quantile,0.15,0.43127335776318054
2026-10-03,0,wk inc rsv hosp,2026-10-03,40,quantile,0.2,0.4447193069376102
2026-10-03,0,wk inc rsv hosp,2026-10-03,40,quantile,0.25,0.6282818678132108
2026-10-03,0,wk inc rsv hosp,2026-10-03,40,quantile,0.3,1.0317360559801274
2026-10-03,0,wk inc rsv hosp,2026-10-03,40,quantile,0.35,1.1086716283762672
2026-10-03,0,wk inc rsv hosp,2026-10-03,40,quantile,0.4,1.1415607477532592
2026-10-03,0,wk inc rsv hosp,2026-10-03,40,quantile,0.45,1.1671397465401474
2026-10-03,0,wk inc rsv hosp,2026-10-03,40,quantile,0.5,1.242132229611361
2026-10-03,0,wk inc rsv hosp,2026-10-03,40,quantile,0.55,1.4009779218078575
2026-10-03,0,wk inc rsv hosp,2026-10-03,40,quantile,0.6,1.4409084270774157
2026-10-03,0,wk inc rsv hosp,2026-10-03,40,quantile,0.65,1.4576380271173197
2026-10-03,0,wk inc rsv hosp,2026-10-03,40,quantile,0.7,1.5168733427756735
2026-10-03,0,wk inc rsv hosp,2026-10-03,40,quantile,0.75,1.6245863385718995
2026-10-03,0,wk inc rsv hosp,2026-10-03,40,quantile,0.8,1.7118555886088094
2026-10-03,0,wk inc rsv hosp,2026-10-03,40,quantile,0.85,1.742366595718991
2026-10-03,0,wk inc rsv hosp,2026-10-03,40,quantile,0.9,1.9245115513299658
2026-10-03,0,wk inc rsv hosp,2026-10-03,40,quantile,0.95,2.1349598739885383
2026-10-03,0,wk inc rsv hosp,2026-10-03,40,quantile,0.975,3.203040574866915
2026-10-03,0,wk inc rsv hosp,2026-10-03,40,quantile,0.99,4.616953579174071
2026-10-03,0,wk inc rsv hosp,2026-10-03,41,quantile,0.01,0.0
2026-10-03,0,wk inc rsv hosp,2026-10-03,41,quantile,0.025,0.0
2026-10-03,0,wk inc rsv hosp,2026-10-03,41,quantile,0.05,0.0
2026-10-03,0,wk inc rsv hosp,2026-10-03,41,quantile,0.1,0.0
2026-10-03,0,wk inc rsv hosp,2026-10-03,41,quantile,0.15,0.008974408319176038
2026-10-03,0,wk inc rsv hosp,2026-10-03,41,quantile,0.2,0.2012484653196736
2026-10-03,0,wk inc rsv hosp,2026-10-03,41,quantile,0.25,0.2414178538903535
2026-10-03,0,wk inc rsv hosp,2026-10-03,41,quantile,0.3,0.31290149573864384
2026-10-03,0,wk inc rsv hosp,2026-10-03,41,quantile,0.35,0.33554895254906086
2026-10-03,0,wk inc rsv hosp,2026-10-03,41,quantile,0.4,0.34020941564789253
2026-10-03,0,wk inc rsv hosp,2026-10-03,41,quantile,0.45,0.3799311578705376
2026-10-03,0,wk inc rsv hosp,2026-10-03,41,quantile,0.5,0.4431874266314199
2026-10-03,0,wk inc rsv hosp,2026-10-03,41,quantile,0.55,0.5133314970204896
2026-10-03,0,wk inc rsv hosp,2026-10-03,41,quantile,0.6,0.5414986174171613
2026-10-03,0,wk inc rsv hosp,2026-10-03,41,quantile,0.65,0.626515118906039
2026-10-03,0,wk inc rsv hosp,2026-10-03,41,quantile,0.7,0.7021136328776282
2026-10-03,0,wk inc rsv hosp,2026-10-03,41,quantile,0.75,0.858028235316775
2026-10-03,0,wk inc rsv hosp,2026-10-03,41,quantile,0.8,0.9415462029177935
2026-10-03,0,wk inc rsv hosp,2026-10-03,41,quantile,0.85,1.4014313723845508
2026-10-03,0,wk inc rsv hosp,2026-10-03,41,quantile,0.9,2.037377540220352
2026-10-03,0,wk inc rsv hosp,2026-10-03,41,quantile,0.95,2.920230038474317
2026-10-03,0,wk inc rsv hosp,2026-10-03,41,quantile,0.975,3.945554344706979
2026-10-03,0,wk inc rsv hosp,2026-10-03,41,quantile,0.99,4.989743978739298
2026-10-03,0,wk inc rsv hosp,2026-10-03,42,quantile,0.01,28.95948421767982
2026-10-03,0,wk inc rsv hosp,2026-10-03,42,quantile,0.025,31.685556067762892
2026-10-03,0,wk inc rsv hosp,2026-10-03,42,quantile,0.05,35.111138540809065
2026-10-03,0,wk inc rsv hosp,2026-10-03,42,quantile,0.1,37.20142046560948
2026-10-03,0,wk inc rsv hosp,2026-10-03,42,quantile,0.15,38.38518238982165
2026-10-03,0,wk inc rsv hosp,2026-10-03,42,quantile,0.2,38.873540102780304
2026-10-03,0,wk inc rsv hosp,2026-10-03,42,quantile,0.25,41.081771198656014
2026-10-03,0,wk inc rsv hosp,2026-10-03,42,quantile,0.3,41.97116482196781
2026-10-03,0,wk inc rsv hosp,2026-10-03,42,quantile,0.35,42.33956427859347
2026-10-03,0,wk inc rsv hosp,2026-10-03,42,quantile,0.4,43.46367940353067
2026-10-03,0,wk inc rsv hosp,2026-10-03,42,quantile,0.45,43.93495763146011
2026-10-03,0,wk inc rsv hosp,2026-10-03,42,quantile,0.5,44.99871383581065
2026-10-03,0,wk inc rsv hosp,2026-10-03,42,quantile,0.55,46.32997389371985
2026-10-03,0,wk inc rsv hosp,2026-10-03,42,quantile,0.6,46.55262691452583
2026-10-03,0,wk inc rsv hosp,2026-10-03,42,quantile,0.65,48.02540727188966
2026-10-03,0,wk inc rsv hosp,2026-10-03,42,quantile,0.7,48.98534768863513
2026-10-03,0,wk inc rsv hosp,2026-10-03,42,quantile,0.75,49.38885296039525
2026-10-03,0,wk inc rsv hosp,2026-10-03,42,quantile,0.8,50.976410128970066
2026-10-03,0,wk inc rsv hosp,2026-10-03,42,quantile,0.85,52.91579740372972
2026-10-03,0,wk inc rsv hosp,2026-10-03,42,quantile,0.9,53.49548475050834
2026-10-03,0,wk inc rsv hosp,2026-10-03,42,quantile,0.95,60.50744378611148
2026-10-03,0,wk inc rsv hosp,2026-10-03,42,quantile,0.975,64.08623005081958
2026-10-03,0,wk inc rsv hosp,2026-10-03,42,quantile,0.99,65.34871868572186
2026-10-03,0,wk inc rsv hosp,2026-10-03,44,quantile,0.01,0.0
2026-10-03,0,wk inc rsv hosp,2026-10-03,44,quantile,0.025,0.03752935958492828
2026-10-03,0,wk inc rsv hosp,2026-10-03,44,quantile,0.05,0.2061140577789547
2026-10-03,0,wk inc rsv hosp,2026-10-03,44,quantile,0.1,0.6680229558175246
2026-10-03,0,wk inc rsv hosp,2026-10-03,44,quantile,0.15,1.1502298133448798
2026-10-03,0,wk inc rsv hosp,2026-10-03,44,quantile,0.2,1.5333147789564248
2026-10-03,0,wk inc rsv hosp,2026-10-03,44,quantile,0.25,1.6995433074277608
2026-10-03,0,wk inc rsv hosp,2026-10-03,44,quantile,0.3,1.78159801937726
2026-10-03,0,wk inc rsv hosp,2026-10-03,44,quantile,0.35,1.9048398707379783
2026-10-03,0,wk inc rsv hosp,2026-10-03,44,quantile,0.4,1.9374270227716517
2026-10-03,0,wk inc rsv hosp,2026-10-03,44,quantile,0.45,2.087687804458608
2026-10-03,0,wk inc rsv hosp,2026-10-03,44,quantile,0.5,2.276373298549784
2026-10-03,0,wk inc rsv hosp,2026-10-03,44,quantile,0.55,2.6576169485612136
2026-10-03,0,wk inc rsv hosp,2026-10-03,44,quantile,0.6,2.7836625519267244
2026-10-03,0,wk inc rsv hosp,2026-10-03,44,quantile,0.65,2.8948292462302505
2026-10-03,0,wk inc rsv hosp,2026-10-03,44,quantile,0.7,3.055207818934087
2026-10-03,0,wk inc rsv hosp,2026-10-03,44,quantile,0.75,3.142938631617448
2026-10-03,0,wk inc rsv hosp,2026-10-03,44,quantile,0.8,3.615793109624864
2026-10-03,0,wk inc rsv hosp,2026-10-03,44,quantile,0.85,3.718110241348576
2026-10-03,0,wk inc rsv hosp,2026-10-03,44,quantile,0.9,4.05962260898759
2026-10-03,0,wk inc rsv hosp,2026-10-03,44,quantile,0.95,4.1908197469993205
2026-10-03,0,wk inc rsv hosp,2026-10-03,44,quantile,0.975,5.7787455744311576
2026-10-03,0,wk inc rsv hosp,2026-10-03,44,quantile,0.99,7.796704300692904
2026-10-03,0,wk inc rsv hosp,2026-10-03,45,quantile,0.01,1.4419096856630196
2026-10-03,0,wk inc rsv hosp,2026-10-03,45,quantile,0.025,1.843787760219218
2026-10-03,0,wk inc rsv hosp,2026-10-03,45,quantile,0.05,2.6313317872301134
2026-10-03,0,wk inc rsv hosp,2026-10-03,45,quantile,0.1,3.8348262866058604
2026-10-03,0,wk inc rsv hosp,2026-10-03,45,quantile,0.15,3.9246567728857755
2026-10-03,0,wk inc rsv hosp,2026-10-03,45,quantile,0.2,5.237648149798123
2026-10-03,0,wk inc rsv hosp,2026-10-03,45,quantile,0.25,5.652039087375254
2026-10-03,0,wk inc rsv hosp,2026-10-03,45,quantile,0.3,5.893453381162248
2026-10-03,0,wk inc rsv hosp,2026-10-03,45,quantile,0.35,6.4184766344935245
2026-10-03,0,wk inc rsv hosp,2026-10-03,45,quantile,0.4,6.7344241913332565
2026-10-03,0,wk inc rsv hosp,2026-10-03,45,quantile,0.45,6.9231682658687035
2026-10-03,0,wk inc rsv hosp,2026-10-03,45,quantile,0.5,7.190713427682747
2026-10-03,0,wk inc rsv hosp,2026-10-03,45,quantile,0.55,7.214865802978321
2026-10-03,0,wk inc rsv hosp,2026-10-03,45,quantile,0.6,7.385513860511302
2026-10-03,0,wk inc rsv hosp,2026-10-03,45,quantile,0.65,7.4740386516538955
2026-10-03,0,wk inc rsv hosp,2026-10-03,45,quantile,0.7,7.635722833510516
2026-10-03,0,wk inc rsv hosp,2026-10-03,45,quantile,0.75,8.180348819365555
2026-10-03,0,wk inc rsv hosp,2026-10-03,45,quantile,0.8,9.1662645507842
2026-10-03,0,wk inc rsv hosp,2026-10-03,45,quantile,0.85,10.09420278868527
2026-10-03,0,wk inc rsv hosp,2026-10-03,45,quantile,0.9,11.91880997406485
2026-10-03,0,wk inc rsv hosp,2026-10-03,45,quantile,0.95,14.419143653447016
2026-10-03,0,wk inc rsv hosp,2026-10-03,45,quantile,0.975,16.342271551878106
2026-10-03,0,wk inc rsv hosp,2026-10-03,45,quantile,0.99,18.2068193467319
2026-10-03,0,wk inc rsv hosp,2026-10-03,46,quantile,0.01,0.0
2026-10-03,0,wk inc rsv hosp,2026-10-03,46,quantile,0.025,0.0
2026-10-03,0,wk inc rsv hosp,2026-10-03,46,quantile,0.05,0.12151621602459944
2026-10-03,0,wk inc rsv hosp,2026-10-03,46,quantile,0.1,0.5143511099241422
2026-10-03,0,wk inc rsv hosp,2026-10-03,46,quantile,0.15,0.7008634911759379
2026-10-03,0,wk inc rsv hosp,2026-10-03,46,quantile,0.2,0.8290156626087871
2026-10-03,0,wk inc rsv hosp,2026-10-03,46,quantile,0.25,0.9008091948122574
2026-10-03,0,wk inc rsv hosp,2026-10-03,46,quantile,0.3,1.0941642558566946
2026-10-03,0,wk inc rsv hosp,2026-10-03,46,quantile,0.35,1.1815838759826731
2026-10-03,0,wk inc rsv hosp,2026-10-03,46,quantile,0.4,1.2719693527277922
2026-10-03,0,wk inc rsv hosp,2026-10-03,46,quantile,0.45,1.295478948562776
2026-10-03,0,wk inc rsv hosp,2026-10-03,46,quantile,0.5,1.3974191479388902
2026-10-03,0,wk inc rsv hosp,2026-10-03,46,quantile,0.55,1.4791147146065617
2026-10-03,0,wk inc rsv hosp,2026-10-03,46,quantile,0.6,1.7069984577574568
2026-10-03,0,wk inc rsv hosp,2026-10-03,46,quantile,0.65,2.0432353130120235
2026-10-03,0,wk inc rsv hosp,2026-10-03,46,quantile,0.7,2.094549695003771
2026-10-03,0,wk inc rsv hosp,2026-10-03,46,quantile,0.75,2.2332523310921446
2026-10-03,0,wk inc rsv hosp,2026-10-03,46,quantile,0.8,2.4380864660078445
2026-10-03,0,wk inc rsv hosp,2026-10-03,46,quantile,0.85,2.7082054159948536
2026-10-03,0,wk inc rsv hosp,2026-10-03,46,quantile,0.9,3.6797076693648285
2026-10-03,0,wk inc rsv hosp,2026-10-03,46,quantile,0.95,3.9244421410109784
2026-10-03,0,wk inc rsv hosp,2026-10-03,46,quantile,0.975,4.527077630447352
2026-10-03,0,wk inc rsv hosp,2026-10-03,46,quantile,0.99,5.129199464250718
2026-10-03,0,wk inc rsv hosp,2026-10-03,47,quantile,0.01,2.9880684421466084
2026-10-03,0,wk inc rsv hosp,2026-10-03,47,quantile,0.025,3.0578925230666134
2026-10-03,0,wk inc rsv hosp,2026-10-03,47,quantile,0.05,3.2388815191154703
2026-10-03,0,wk inc rsv hosp,2026-10-03,47,quantile,0.1,4.199583892532748
2026-10-03,0,wk inc rsv hosp,2026-10-03,47,quantile,0.15,5.002162161899898
2026-10-03,0,wk inc rsv hosp,2026-10-03,47,quantile,0.2,5.339660815692181
2026-10-03,0,wk inc rsv hosp,2026-10-03,47,quantile,0.25,5.856054146366053
2026-10-03,0,wk inc rsv hosp,2026-10-03,47,quantile,0.3,5.97998516904415
2026-10-03,0,wk inc rsv hosp,2026-10-03,47,quantile,0.35,6.048597235457043
2026-10-03,0,wk inc rsv hosp,2026-10-03,47,quantile,0.4,6.928777736347975
2026-10-03,0,wk inc rsv hosp,2026-10-03,47,quantile,0.45,7.164098404685435
2026-10-03,0,wk inc rsv hosp,2026-10-03,47,quantile,0.5,7.420435169177783
2026-10-03,0,wk inc rsv hosp,2026-10-03,47,quantile,0.55,7.598332637332273
2026-10-03,0,wk inc rsv hosp,2026-10-03,47,quantile,0.6,7.846345399755396
2026-10-03,0,wk inc rsv hosp,2026-10-03,47,quantile,0.65,8.092032177766043
2026-10-03,0,wk inc rsv hosp,2026-10-03,47,quantile,0.7,8.540882163184344
2026-10-03,0,wk inc rsv hosp,2026-10-03,47,quantile,0.75,9.17208619684126
2026-10-03,0,wk inc rsv hosp,2026-10-03,47,quantile,0.8,10.084030728315247
2026-10-03,0,wk inc rsv hosp,2026-10-03,47,quantile,0.85,10.14854979444701
2026-10-03,0,wk inc rsv hosp,2026-10-03,47,quantile,0.9,12.499775614289035
2026-10-03,0,wk inc rsv hosp,2026-10-03,47,quantile,0.95,19.26638131367259
2026-10-03,0,wk inc rsv hosp,2026-10-03,47,quantile,0.975,24.886056192011402
2026-10-03,0,wk inc rsv hosp,2026-10-03,47,quantile,0.99,29.655978376224464
2026-10-03,0,wk inc rsv hosp,2026-10-03,48,quantile,0.01,32.20259565783042
2026-10-03,0,wk inc rsv hosp,2026-10-03,48,quantile,0.025,33.0852225302785
2026-10-03,0,wk inc rsv hosp,2026-10-03,48,quantile,0.05,35.19652069594326
2026-10-03,0,wk inc rsv hosp,2026-10-03,48,quantile,0.1,41.72736008384169
2026-10-03,0,wk inc rsv hosp,2026-10-03,48,quantile,0.15,45.30119737352621
2026-10-03,0,wk inc rsv hosp,2026-10-03,48,quantile,0.2,48.26556981978385
2026-10-03,0,wk inc rsv hosp,2026-10-03,48,quantile,0.25,50.74378218053003
2026-10-03,0,wk inc rsv hosp,2026-10-03,48,quantile,0.3,53.64485820202077
2026-10-03,0,wk inc rsv hosp,2026-10-03,48,quantile,0.35,56.87757015646312
2026-10-03,0,wk inc rsv hosp,2026-10-03,48,quantile,0.4,58.60454280177896
2026-10-03,0,wk inc rsv hosp,2026-10-03,48,quantile,0.45,60.292397084405856
2026-10-03,0,wk inc rsv hosp,2026-10-03,48,quantile,0.5,60.67122877020316
2026-10-03,0,wk inc rsv hosp,2026-10-03,48,quantile,0.55,62.207771344151745
2026-10-03,0,wk inc rsv hosp,2026-10-03,48,quantile,0.6,62.84293385052087
2026-10-03,0,wk inc rsv hosp,2026-10-03,48,quantile,0.65,63.650855363189834
2026-10-03,0,wk inc rsv hosp,2026-10-03,48,quantile,0.7,65.48738044297473
2026-10-03,0,wk inc rsv hosp,2026-10-03,48,quantile,0.75,66.5042371902911
2026-10-03,0,wk inc rsv hosp,2026-10-03,48,quantile,0.8,69.2091352811979
2026-10-03,0,wk inc rsv hosp,2026-10-03,48,quantile,0.85,76.84906446444516
2026-10-03,0,wk inc rsv hosp,2026-10-03,48,quantile,0.9,86.56886764179276
2026-10-03,0,wk inc rsv hosp,2026-10-03,48,quantile,0.95,95.29031089375626
2026-10-03,0,wk inc rsv hosp,2026-10-03,48,quantile,0.975,101.61079709588495
2026-10-03,0,wk inc rsv hosp,2026-10-03,48,quantile,0.99,106.55287548808764
2026-10-03,0,wk inc rsv hosp,2026-10-03,49,quantile,0.01,0.0
2026-10-03,0,wk inc rsv hosp,2026-10-03,49,quantile,0.025,0.0
2026-10-03,0,wk inc rsv hosp,2026-10-03,49,quantile,0.05,0.0
2026-10-03,0,wk inc rsv hosp,2026-10-03,49,quantile,0.1,0.0
2026-10-03,0,wk inc rsv hosp,2026-10-03,49,quantile,0.15,0.0
2026-10-03,0,wk inc rsv hosp,2026-10-03,49,quantile,0.2,0.0
2026-10-03,0,wk inc rsv hosp,2026-10-03,49,quantile,0.25,0.0
2026-10-03,0,wk inc rsv hosp,2026-10-03,49,quantile,0.3,0.0
2026-10-03,0,wk inc rsv hosp,2026-10-03,49,quantile,0.35,0.0
2026-10-03,0,wk inc rsv hosp,2026-10-03,49,quantile,0.4,0.0
2026-10-03,0,wk inc rsv hosp,2026-10-03,49,quantile,0.45,0.0
2026-10-03,0,wk inc rsv hosp,2026-10-03,49,quantile,0.5,0.06327079371905632
2026-10-03,0,wk inc rsv hosp,2026-10-03,49,quantile,0.55,0.13775184758156478
2026-10-03,0,wk inc rsv hosp,2026-10-03,49,quantile,0.6,0.1710125436487434
2026-10-03,0,wk inc rsv hosp,2026-10-03,49,quantile,0.65,0.35550896082240435
2026-10-03,0,wk inc rsv hosp,2026-10-03,49,quantile,0.7,0.7618396236484877
2026-10-03,0,wk inc rsv hosp,2026-10-03,49,quantile,0.75,0.9796125596376865
2026-10-03,0,wk inc rsv hosp,2026-10-03,49,quantile,0.8,1.0
2026-10-03,0,wk inc rsv hosp,2026-10-03,49,quantile,0.85,1.612569485255936
2026-10-03,0,wk inc rsv hosp,2026-10-03,49,quantile,0.9,1.9097947394436472
2026-10-03,0,wk inc rsv hosp,2026-10-03,49,quantile,0.95,2.3282775345015696
2026-10-03,0,wk inc rsv hosp,2026-10-03,49,quantile,0.975,3.0628031901743245
2026-10-03,0,wk inc rsv hosp,2026-10-03,49,quantile,0.99,3.790703318058566
2026-10-03,0,wk inc rsv hosp,2026-10-03,50,quantile,0.01,0.0
2026-10-03,0,wk inc rsv hosp,2026-10-03,50,quantile,0.025,0.0
2026-10-03,0,wk inc rsv hosp,2026-10-03,50,quantile,0.05,0.0
2026-10-03,0,wk inc rsv hosp,2026-10-03,50,quantile,0.1,0.0
2026-10-03,0,wk inc rsv hosp,2026-10-03,50,quantile,0.15,0.0
2026-10-03,0,wk inc rsv hosp,2026-10-03,50,quantile,0.2,0.03737382893054016
2026-10-03,0,wk inc rsv hosp,2026-10-03,50,quantile,0.25,0.14551311755942165
2026-10-03,0,wk inc rsv hosp,2026-10-03,50,quantile,0.3,0.2156426424810533
2026-10-03,0,wk inc rsv hosp,2026-10-03,50,quantile,0.35,0.2874619083622137
2026-10-03,0,wk inc rsv hosp,2026-10-03,50,quantile,0.4,0.3185889797170969
2026-10-03,0,wk inc rsv hosp,2026-10-03,50,quantile,0.45,0.32212287182963384
2026-10-03,0,wk inc rsv hosp,2026-10-03,50,quantile,0.5,0.3254006152711571
2026-10-03,0,wk inc rsv hosp,2026-10-03,50,quantile,0.55,0.34426397560120886
2026-10-03,0,wk inc rsv hosp,2026-10-03,50,quantile,0.6,0.3599269371197638
2026-10-03,0,wk inc rsv hosp,2026-10-03,50,quantile,0.65,0.6795671475189056
2026-10-03,0,wk inc rsv hosp,2026-10-03,50,quantile,0.7,0.8606557827842283
2026-10-03,0,wk inc rsv hosp,2026-10-03,50,quantile,0.75,0.9658786527806105
2026-10-03,0,wk inc rsv hosp,2026-10-03,50,quantile,0.8,1.0112930377862084
2026-10-03,0,wk inc rsv hosp,2026-10-03,50,quantile,0.85,1.170989669576152
2026-10-03,0,wk inc rsv hosp,2026-10-03,50,quantile,0.9,1.3761945721529723
2026-10-03,0,wk inc rsv hosp,2026-10-03,50,quantile,0.95,2.10462124062036
2026-10-03,0,wk inc rsv hosp,2026-10-03,50,quantile,0.975,2.340922992106425
2026-10-03,0,wk inc rsv hosp,2026-10-03,50,quantile,0.99,2.3830420802226406
2026-10-03,0,wk inc rsv hosp,2026-10-03,51,quantile,0.01,2.302343695841327
2026-10-03,0,wk inc rsv hosp,2026-10-03,51,quantile,0.025,2.4732271750619117
2026-10-03,0,wk inc rsv hosp,2026-10-03,51,quantile,0.05,2.716111274500092
2026-10-03,0,wk inc rsv hosp,2026-10-03,51,quantile,0.1,3.1325691355561314
2026-10-03,0,wk inc rsv hosp,2026-10-03,51,quantile,0.15,3.422606059799264
2026-10-03,0,wk inc rsv hosp,2026-10-03,51,quantile,0.2,3.502512097722226
2026-10-03,0,wk inc rsv hosp,2026-10-03,51,quantile,0.25,3.9798467606917702
2026-10-03,0,wk inc rsv hosp,2026-10-03,51,quantile,0.3,4.274453857739862
2026-10-03,0,wk inc rsv hosp,2026-10-03,51,quantile,0.35,4.50109417279197
2026-10-03,0,wk inc rsv hosp,2026-10-03,51,quantile,0.4,4.781294723342565
2026-10-03,0,wk inc rsv hosp,2026-10-03,51,quantile,0.45,5.009490278630641
2026-10-03,0,wk inc rsv hosp,2026-10-03,51,quantile,0.5,5.511109263110983
2026-10-03,0,wk inc rsv hosp,2026-10-03,51,quantile,0.55,5.830142252547366
2026-10-03,0,wk inc rsv hosp,2026-10-03,51,quantile,0.6,6.40187471877055
2026-10-03,0,wk inc rsv hosp,2026-10-03,51,quantile,0.65,6.643626440919405
2026-10-03,0,wk inc rsv hosp,2026-10-03,51,quantile,0.7,6.916177636297074
2026-10-03,0,wk inc rsv hosp,2026-10-03,51,quantile,0.75,7.386063050740382
2026-10-03,0,wk inc rsv hosp,2026-10-03,51,quantile,0.8,7.751558888485014
2026-10-03,0,wk inc rsv hosp,2026-10-03,51,quantile,0.85,8.339813985349934
2026-10-03,0,wk inc rsv hosp,2026-10-03,51,quantile,0.9,9.514826788126488
2026-10-03,0,wk inc rsv hosp,2026-10-03,51,quantile,0.95,10.662897561291915
2026-10-03,0,wk inc rsv hosp,2026-10-03,51,quantile,0.975,15.090791934849376
2026-10-03,0,wk inc rsv hosp,2026-10-03,51,quantile,0.99,20.935525168714445
2026-10-03,0,wk inc rsv hosp,2026-10-03,53,quantile,0.01,1.0613814005086701
2026-10-03,0,wk inc rsv hosp,2026-10-03,53,quantile,0.025,1.1530828916277691
2026-10-03,0,wk inc rsv hosp,2026-10-03,53,quantile,0.05,1.3887939507372904
2026-10-03,0,wk inc rsv hosp,2026-10-03,53,quantile,0.1,1.9325246171285415
2026-10-03,0,wk inc rsv hosp,2026-10-03,53,quantile,0.15,2.426556477987637
2026-10-03,0,wk inc rsv hosp,2026-10-03,53,quantile,0.2,2.6926891035172016
2026-10-03,0,wk inc rsv hosp,2026-10-03,53,quantile,0.25,2.7684669119844476
2026-10-03,0,wk inc rsv hosp,2026-10-03,53,quantile,0.3,2.9465824083840544
2026-10-03,0,wk inc rsv hosp,2026-10-03,53,quantile,0.35,3.2086865062675014
2026-10-03,0,wk inc rsv hosp,2026-10-03,53,quantile,0.4,3.347386150047535
2026-10-03,0,wk inc rsv hosp,2026-10-03,53,quantile,0.45,3.43049997290757
2026-10-03,0,wk inc rsv hosp,2026-10-03,53,quantile,0.5,3.6205038100647187
2026-10-03,0,wk inc rsv hosp,2026-10-03,53,quantile,0.55,3.6710930295037922
2026-10-03,0,wk inc rsv hosp,2026-10-03,53,quantile,0.6,3.799563313597398
2026-10-03,0,wk inc rsv hosp,2026-10-03,53,quantile,0.65,4.170596787188122
2026-10-03,0,wk inc rsv hosp,2026-10-03,53,quantile,0.7,4.594640294291882
2026-10-03,0,wk inc rsv hosp,2026-10-03,53,quantile,0.75,4.791686720138436
2026-10-03,0,wk inc rsv hosp,2026-10-03,53,quantile,0.8,4.910992425607635
2026-10-03,0,wk inc rsv hosp,2026-10-03,53,quantile,0.85,5.234539450477622
2026-10-03,0,wk inc rsv hosp,2026-10-03,53,quantile,0.9,5.561175444843084
2026-10-03,0,wk inc rsv hosp,2026-10-03,53,quantile,0.95,6.65004559862043
2026-10-03,0,wk inc rsv hosp,2026-10-03,53,quantile,0.975,8.322880029937535
2026-10-03,0,wk inc rsv hosp,2026-10-03,53,quantile,0.99,9.893212132263576
2026-10-03,0,wk inc rsv hosp,2026-10-03,54,quantile,0.01,0.0
2026-10-03,0,wk inc rsv hosp,2026-10-03,54,quantile,0.025,0.15185014767208954
2026-10-03,0,wk inc rsv hosp,2026-10-03,54,quantile,0.05,0.4957590482435561
2026-10-03,0,wk inc rsv hosp,2026-10-03,54,quantile,0.1,0.7784572196226699
2026-10-03,0,wk inc rsv hosp,2026-10-03,54,quantile,0.15,0.9204368272261657
2026-10-03,0,wk inc rsv hosp,2026-10-03,54,quantile,0.2,1.1116524411407553
2026-10-03,0,wk inc rsv hosp,2026-10-03,54,quantile,0.25,1.3140263980134121
2026-10-03,0,wk inc rsv hosp,2026-10-03,54,quantile,0.3,1.5336994194621925
2026-10-03,0,wk inc rsv hosp,2026-10-03,54,quantile,0.35,1.5529536128696528
2026-10-03,0,wk inc rsv hosp,2026-10-03,54,quantile,0.4,1.5605201766489143
2026-10-03,0,wk inc rsv hosp,2026-10-03,54,quantile,0.45,1.5727128549417055
2026-10-03,0,wk inc rsv hosp,2026-10-03,54,quantile,0.5,1.6292548764640578
2026-10-03,0,wk inc rsv hosp,2026-10-03,54,quantile,0.55,1.742553628522192
2026-10-03,0,wk inc rsv hosp,2026-10-03,54,quantile,0.6,1.809676404338759
2026-10-03,0,wk inc rsv hosp,2026-10-03,54,quantile,0.65,1.8437779880581118
2026-10-03,0,wk inc rsv hosp,2026-10-03,54,quantile,0.7,1.910734642468521
2026-10-03,0,wk inc rsv hosp,2026-10-03,54,quantile,0.75,2.111207634082117
2026-10-03,0,wk inc rsv hosp,2026-10-03,54,quantile,0.8,2.3837049167891102
2026-10-03,0,wk inc rsv hosp,2026-10-03,54,quantile,0.85,2.6219613384394735
2026-10-03,0,wk inc rsv hosp,2026-10-03,54,quantile,0.9,3.3959000840987903
2026-10-03,0,wk inc rsv hosp,2026-10-03,54,quantile,0.95,3.758020777981935
2026-10-03,0,wk inc rsv hosp,2026-10-03,54,quantile,0.975,4.482956412145519
2026-10-03,0,wk inc rsv hosp,2026-10-03,54,quantile,0.99,5.276027716398657
2026-10-03,0,wk inc rsv hosp,2026-10-03,55,quantile,0.01,0.7768532475586718
2026-10-03,0,wk inc rsv hosp,2026-10-03,55,quantile,0.025,0.8306210931936991
2026-10-03,0,wk inc rsv hosp,2026-10-03,55,quantile,0.05,0.8862290992841733
2026-10-03,0,wk inc rsv hosp,2026-10-03,55,quantile,0.1,0.9349929116653225
2026-10-03,0,wk inc rsv hosp,2026-10-03,55,quantile,0.15,1.040518448315365
2026-10-03,0,wk inc rsv hosp,2026-10-03,55,quantile,0.2,1.0841792461075526
2026-10-03,0,wk inc rsv hosp,2026-10-03,55,quantile,0.25,1.2348564564153857
2026-10-03,0,wk inc rsv hosp,2026-10-03,55,quantile,0.3,1.403722896448113
2026-10-03,0,wk inc rsv hosp,2026-10-03,55,quantile,0.35,1.5990642893248515
2026-10-03,0,wk inc rsv hosp,2026-10-03,55,quantile,0.4,1.6816502703663803
2026-10-03,0,wk inc rsv hosp,2026-10-03,55,quantile,0.45,1.738673330496898
2026-10-03,0,wk inc rsv hosp,2026-10-03,55,quantile,0.5,1.7770039205762571
2026-10-03,0,wk inc rsv hosp,2026-10-03,55,quantile,0.55,1.8652781658457531
2026-10-03,0,wk inc rsv hosp,2026-10-03,55,quantile,0.6,2.1145516858352997
2026-10-03,0,wk inc rsv hosp,2026-10-03,55,quantile,0.65,2.188222269945769
2026-10-03,0,wk inc rsv hosp,2026-10-03,55,quantile,0.7,2.3430391859889887
2026-10-03,0,wk inc rsv hosp,2026-10-03,55,quantile,0.75,2.4044723217797737
2026-10-03,0,wk inc rsv hosp,2026-10-03,55,quantile,0.8,2.4362189528398392
2026-10-03,0,wk inc rsv hosp,2026-10-03,55,quantile,0.85,3.355471169242823
2026-10-03,0,wk inc rsv hosp,2026-10-03,55,quantile,0.9,6.661992972313338
2026-10-03,0,wk inc rsv hosp,2026-10-03,55,quantile,0.95,8.494125773486198
2026-10-03,0,wk inc rsv hosp,2026-10-03,55,quantile,0.975,11.567188003692003
2026-10-03,0,wk inc rsv hosp,2026-10-03,55,quantile,0.99,14.501630487055058
2026-10-03,0,wk inc rsv hosp,2026-10-03,56,quantile,0.01,0.0
2026-10-03,0,wk inc rsv hosp,2026-10-03,56,quantile,0.025,0.0
2026-10-03,0,wk inc rsv hosp,2026-10-03,56,quantile,0.05,0.0
2026-10-03,0,wk inc rsv hosp,2026-10-03,56,quantile,0.1,0.0
2026-10-03,0,wk inc rsv hosp,2026-10-03,56,quantile,0.15,0.0
2026-10-03,0,wk inc rsv hosp,2026-10-03,56,quantile,0.2,0.0
2026-10-03,0,wk inc rsv hosp,2026-10-03,56,quantile,0.25,0.0
2026-10-03,0,wk inc rsv hosp,2026-10-03,56,quantile,0.3,0.0
2026-10-03,0,wk inc rsv hosp,2026-10-03,56,quantile,0.35,0.0
2026-10-03,0,wk inc rsv hosp,2026-10-03,56,quantile,0.4,0.0
2026-10-03,0,wk inc rsv hosp,2026-10-03,56,quantile,0.45,0.0
2026-10-03,0,wk inc rsv hosp,2026-10-03,56,quantile,0.5,0.0
2026-10-03,0,wk inc rsv hosp,2026-10-03,56,quantile,0.55,0.0
2026-10-03,0,wk inc rsv hosp,2026-10-03,56,quantile,0.6,0.01762479644126767
2026-10-03,0,wk inc rsv hosp,2026-10-03,56,quantile,0.65,0.04521760924636066
2026-10-03,0,wk inc rsv hosp,2026-10-03,56,quantile,0.7,0.09735992284252586
2026-10-03,0,wk inc rsv hosp,2026-10-03,56,quantile,0.75,0.2296449123090054
2026-10-03,0,wk inc rsv hosp,2026-10-03,56,quantile,0.8,0.38166868708164214
2026-10-03,0,wk inc rsv hosp,2026-10-03,56,quantile,0.85,0.4029489508525909
2026-10-03,0,wk inc rsv hosp,2026-10-03,56,quantile,0.9,0.7036040478384696
2026-10-03,0,wk inc rsv hosp,2026-10-03,56,quantile,0.95,1.1042833534121803
2026-10-03,0,wk inc rsv hosp,2026-10-03,56,quantile,0.975,1.4129283706168754
2026-10-03,0,wk inc rsv hosp,2026-10-03,56,quantile,0.99,1.7497329937100734
2026-10-03,0,wk inc rsv hosp,2026-10-03,72,quantile,0.01,3.7474434175172924
2026-10-03,0,wk inc rsv hosp,2026-10-03,72,quantile,0.025,3.7570468375880606
2026-10-03,0,wk inc rsv hosp,2026-10-03,72,quantile,0.05,4.320535882130003
2026-10-03,0,wk inc rsv hosp,2026-10-03,72,quantile,0.1,6.448715347870496
2026-10-03,0,wk inc rsv hosp,2026-10-03,72,quantile,0.15,6.585781136918902
2026-10-03,0,wk inc rsv hosp,2026-10-03,72,quantile,0.2,6.862460443279608
2026-10-03,0,wk inc rsv hosp,2026-10-03,72,quantile,0.25,7.310162396935066
2026-10-03,0,wk inc rsv hosp,2026-10-03,72,quantile,0.3,7.6286205288433075
2026-10-03,0,wk inc rsv hosp,2026-10-03,72,quantile,0.35,8.484503548091245
2026-10-03,0,wk inc rsv hosp,2026-10-03,72,quantile,0.4,10.528260332580984
2026-10-03,0,wk inc rsv hosp,2026-10-03,72,quantile,0.45,11.228387728860664
2026-10-03,0,wk inc rsv hosp,2026-10-03,72,quantile,0.5,11.6955261422633
2026-10-03,0,wk inc rsv hosp,2026-10-03,72,quantile,0.55,13.002818276255761
2026-10-03,0,wk inc rsv hosp,2026-10-03,72,quantile,0.6,13.879514497165824
2026-10-03,0,wk inc rsv hosp,2026-10-03,72,quantile,0.65,14.487156073289794
2026-10-03,0,wk inc rsv hosp,2026-10-03,72,quantile,0.7,14.902421630652764
2026-10-03,0,wk inc rsv hosp,2026-10-03,72,quantile,0.75,16.13266096131165
2026-10-03,0,wk inc rsv hosp,2026-10-03,72,quantile,0.8,16.968459747712625
2026-10-03,0,wk inc rsv hosp,2026-10-03,72,quantile,0.85,18.401967204719824
2026-10-03,0,wk inc rsv hosp,2026-10-03,72,quantile,0.9,21.20451196647533
2026-10-03,0,wk inc rsv hosp,2026-10-03,72,quantile,0.95,24.2388012671789
2026-10-03,0,wk inc rsv hosp,2026-10-03,72,quantile,0.975,25.780646233843363
2026-10-03,0,wk inc rsv hosp,2026-10-03,72,quantile,0.99,26.672625562260357
2026-10-03,0,wk inc rsv hosp,2026-10-03,US,quantile,0.01,283.5959321038271
2026-10-03,0,wk inc rsv hosp,2026-10-03,US,quantile,0.025,317.13475289799385
2026-10-03,0,wk inc rsv hosp,2026-10-03,US,quantile,0.05,356.557285278128
2026-10-03,0,wk inc rsv hosp,2026-10-03,US,quantile,0.1,363.68216408797593
2026-10-03,0,wk inc rsv hosp,2026-10-03,US,quantile,0.15,380.58538637737377
2026-10-03,0,wk inc rsv hosp,2026-10-03,US,quantile,0.2,390.2396906096401
2026-10-03,0,wk inc rsv hosp,2026-10-03,US,quantile,0.25,390.36455986778714
2026-10-03,0,wk inc rsv hosp,2026-10-03,US,quantile,0.3,393.7533332832832
2026-10-03,0,wk inc rsv hosp,2026-10-03,US,quantile,0.35,398.11652615586655
2026-10-03,0,wk inc rsv hosp,2026-10-03,US,quantile,0.4,399.29549953022035
2026-10-03,0,wk inc rsv hosp,2026-10-03,US,quantile,0.45,403.8628754295201
2026-10-03,0,wk inc rsv hosp,2026-10-03,US,quantile,0.5,410.0662014826477
2026-10-03,0,wk inc rsv hosp,2026-10-03,US,quantile,0.55,416.2536151064971
2026-10-03,0,wk inc rsv hosp,2026-10-03,US,quantile,0.6,418.31198540505636
2026-10-03,0,wk inc rsv hosp,2026-10-03,US,quantile,0.65,423.1133943523601
2026-10-03,0,wk inc rsv hosp,2026-10-03,US,quantile,0.7,425.6643651776919
2026-10-03,0,wk inc rsv hosp,2026-10-03,US,quantile,0.75,429.4548755441758
2026-10-03,0,wk inc rsv hosp,2026-10-03,US,quantile,0.8,471.6410406396627
2026-10-03,0,wk inc rsv hosp,2026-10-03,US,quantile,0.85,483.4481378506867
2026-10-03,0,wk inc rsv hosp,2026-10-03,US,quantile,0.9,516.6534661985702
2026-10-03,0,wk inc rsv hosp,2026-10-03,US,quantile,0.95,559.6972807394407
2026-10-03,0,wk inc rsv hosp,2026-10-03,US,quantile,0.975,582.6310861314698
2026-10-03,0,wk inc rsv hosp,2026-10-03,US,quantile,0.99,597.0238126619631
2026-10-03,1,wk inc rsv hosp,2026-10-10,01,quantile,0.01,7.5669944974587775
2026-10-03,1,wk inc rsv hosp,2026-10-10,01,quantile,0.025,8.035397736229212
2026-10-03,1,wk inc rsv hosp,2026-10-10,01,quantile,0.05,8.550183802810576
2026-10-03,1,wk inc rsv hosp,2026-10-10,01,quantile,0.1,9.508890995558122
2026-10-03,1,wk inc rsv hosp,2026-10-10,01,quantile,0.15,11.530173767532863
2026-10-03,1,wk inc rsv hosp,2026-10-10,01,quantile,0.2,12.390604011186012
2026-10-03,1,wk inc rsv hosp,2026-10-10,01,quantile,0.25,13.066097499059401
2026-10-03,1,wk inc rsv hosp,2026-10-10,01,quantile,0.3,13.349997273835708
2026-10-03,1,wk inc rsv hosp,2026-10-10,01,quantile,0.35,13.588307698846243
2026-10-03,1,wk inc rsv hosp,2026-10-10,01,quantile,0.4,14.594114023857545
2026-10-03,1,wk inc rsv hosp,2026-10-10,01,quantile,0.45,15.561561353181371
2026-10-03,1,wk inc rsv hosp,2026-10-10,01,quantile,0.5,15.838309173918221
2026-10-03,1,wk inc rsv hosp,2026-10-10,01,quantile,0.55,16.050402013283286
2026-10-03,1,wk inc rsv hosp,2026-10-10,01,quantile,0.6,16.12742210861084
2026-10-03,1,wk inc rsv hosp,2026-10-10,01,quantile,0.65,17.68865297575425
2026-10-03,1,wk inc rsv hosp,2026-10-10,01,quantile,0.7,18.832796133212646
2026-10-03,1,wk inc rsv hosp,2026-10-10,01,quantile,0.75,19.848624244859867
2026-10-03,1,wk inc rsv hosp,2026-10-10,01,quantile,0.8,20.343144973600474
2026-10-03,1,wk inc rsv hosp,2026-10-10,01,quantile,0.85,23.484579972168078
2026-10-03,1,wk inc rsv hosp,2026-10-10,01,quantile,0.9,27.23940298278879
2026-10-03,1,wk inc rsv hosp,2026-10-10,01,quantile,0.95,30.67735954148667
2026-10-03,1,wk inc rsv hosp,2026-10-10,01,quantile,0.975,31.966716370067765
2026-10-03,1,wk inc rsv hosp,2026-10-10,01,quantile,0.99,32.477778745173865
2026-10-03,1,wk inc rsv hosp,2026-10-10,02,quantile,0.01,0.3092915076250845
2026-10-03,1,wk inc rsv hosp,2026-10-10,02,quantile,0.025,0.5361829705828965
2026-10-03,1,wk inc rsv hosp,2026-10-10,02,quantile,0.05,0.8903916247553832
2026-10-03,1,wk inc rsv hosp,2026-10-10,02,quantile,0.1,1.2609312443201879
2026-10-03,1,wk inc rsv hosp,2026-10-10,02,quantile,0.15,1.37468049509198
2026-10-03,1,wk inc rsv hosp,2026-10-10,02,quantile,0.2,1.5037551036664338
2026-10-03,1,wk inc rsv hosp,2026-10-10,02,quantile,0.25,1.5581934997508342
2026-10-03,1,wk inc rsv hosp,2026-10-10,02,quantile,0.3,1.842846924936322
2026-10-03,1,wk inc rsv hosp,2026-10-10,02,quantile,0.35,2.275153522708823
2026-10-03,1,wk inc rsv hosp,2026-10-10,02,quantile,0.4,2.4547487685796545
2026-10-03,1,wk inc rsv hosp,2026-10-10,02,quantile,0.45,2.779249476089259
2026-10-03,1,wk inc rsv hosp,2026-10-10,02,quantile,0.5,3.142387835272025
2026-10-03,1,wk inc rsv hosp,2026-10-10,02,quantile,0.55,3.5259439132940087
2026-10-03,1,wk inc rsv hosp,2026-10-10,02,quantile,0.6,3.9301237773053037
2026-10-03,1,wk inc rsv hosp,2026-10-10,02,quantile,0.65,4.044942208129401
2026-10-03,1,wk inc rsv hosp,2026-10-10,02,quantile,0.7,4.372043819601768
2026-10-03,1,wk inc rsv hosp,2026-10-10,02,quantile,0.75,4.420928508556763
2026-10-03,1,wk inc rsv hosp,2026-10-10,02,quantile,0.8,4.438647553693238
2026-10-03,1,wk inc rsv hosp,2026-10-10,02,quantile,0.85,6.021238387236387
2026-10-03,1,wk inc rsv hosp,2026-10-10,02,quantile,0.9,6.737203761038144
2026-10-03,1,wk inc rsv hosp,2026-10-10,02,quantile,0.95,8.922374255395248
2026-10-03,1,wk inc rsv hosp,2026-10-10,02,quantile,0.975,9.574677433877454
2026-10-03,1,wk inc rsv hosp,2026-10-10,02,quantile,0.99,9.70343372101387
2026-10-03,1,wk inc rsv hosp,2026-10-10,04,quantile,0.01,3.2714062290437327
2026-10-03,1,wk inc rsv hosp,2026-10-10,04,quantile,0.025,3.626525211343113
2026-10-03,1,wk inc rsv hosp,2026-10-10,04,quantile,0.05,4.042523299670673
2026-10-03,1,wk inc rsv hosp,2026-10-10,04,quantile,0.1,4.292156000706926
2026-10-03,1,wk inc rsv hosp,2026-10-10,04,quantile,0.15,4.48590209218737
2026-10-03,1,wk inc rsv hosp,2026-10-10,04,quantile,0.2,4.624281228164154
2026-10-03,1,wk inc rsv hosp,2026-10-10,04,quantile,0.25,4.7955221698433474
2026-10-03,1,wk inc rsv hosp,2026-10-10,04,quantile,0.3,4.903170128575926
2026-10-03,1,wk inc rsv hosp,2026-10-10,04,quantile,0.35,5.1584300614664125
2026-10-03,1,wk inc rsv hosp,2026-10-10,04,quantile,0.4,5.29367249649377
2026-10-03,1,wk inc rsv hosp,2026-10-10,04,quantile,0.45,6.304951631002691
2026-10-03,1,wk inc rsv hosp,2026-10-10,04,quantile,0.5,7.224410542615308
2026-10-03,1,wk inc rsv hosp,2026-10-10,04,quantile,0.55,7.659273435236083
2026-10-03,1,wk inc rsv hosp,2026-10-10,04,quantile,0.6,7.776463411440475
2026-10-03,1,wk inc rsv hosp,2026-10-10,04,quantile,0.65,7.865672997224133
2026-10-03,1,wk inc rsv hosp,2026-10-10,04,quantile,0.7,8.018249350442549
2026-10-03,1,wk inc rsv hosp,2026-10-10,04,quantile,0.75,8.359006888752383
2026-10-03,1,wk inc rsv hosp,2026-10-10,04,quantile,0.8,9.450039165217081
2026-10-03,1,wk inc rsv hosp,2026-10-10,04,quantile,0.85,11.795417957266906
2026-10-03,1,wk inc rsv hosp,2026-10-10,04,quantile,0.9,12.909301757812496
2026-10-03,1,wk inc rsv hosp,2026-10-10,04,quantile,0.95,17.852709405759963
2026-10-03,1,wk inc rsv hosp,2026-10-10,04,quantile,0.975,24.269105537630555
2026-10-03,1,wk inc rsv hosp,2026-10-10,04,quantile,0.99,29.604349319129394
2026-10-03,1,wk inc rsv hosp,2026-10-10,05,quantile,0.01,3.0078202957904874
2026-10-03,1,wk inc rsv hosp,2026-10-10,05,quantile,0.025,3.6022844137504437
2026-10-03,1,wk inc rsv hosp,2026-10-10,05,quantile,0.05,4.332128423364548
2026-10-03,1,wk inc rsv hosp,2026-10-10,05,quantile,0.1,4.854290747397219
2026-10-03,1,wk inc rsv hosp,2026-10-10,05,quantile,0.15,5.632088866490517
2026-10-03,1,wk inc rsv hosp,2026-10-10,05,quantile,0.2,6.406103570084355
2026-10-03,1,wk inc rsv hosp,2026-10-10,05,quantile,0.25,6.624811178649738
2026-10-03,1,wk inc rsv hosp,2026-10-10,05,quantile,0.3,6.832083092634081
2026-10-03,1,wk inc rsv hosp,2026-10-10,05,quantile,0.35,6.97694377989183
2026-10-03,1,wk inc rsv hosp,2026-10-10,05,quantile,0.4,7.253245787082523
2026-10-03,1,wk inc rsv hosp,2026-10-10,05,quantile,0.45,7.362111766268318
2026-10-03,1,wk inc rsv hosp,2026-10-10,05,quantile,0.5,7.495665261901288
2026-10-03,1,wk inc rsv hosp,2026-10-10,05,quantile,0.55,7.587795154122831
2026-10-03,1,wk inc rsv hosp,2026-10-10,05,quantile,0.6,7.713658746365715
2026-10-03,1,wk inc rsv hosp,2026-10-10,05,quantile,0.65,7.773568912153916
2026-10-03,1,wk inc rsv hosp,2026-10-10,05,quantile,0.7,8.066465412655155
2026-10-03,1,wk inc rsv hosp,2026-10-10,05,quantile,0.75,8.353253098745665
2026-10-03,1,wk inc rsv hosp,2026-10-10,05,quantile,0.8,8.372812071806566
2026-10-03,1,wk inc rsv hosp,2026-10-10,05,quantile,0.85,9.023052861762835
2026-10-03,1,wk inc rsv hosp,2026-10-10,05,quantile,0.9,9.846935134337498
2026-10-03,1,wk inc rsv hosp,2026-10-10,05,quantile,0.95,10.353155052905219
2026-10-03,1,wk inc rsv hosp,2026-10-10,05,quantile,0.975,11.552458605397678
2026-10-03,1,wk inc rsv hosp,2026-10-10,05,quantile,0.99,12.848041852362321
2026-10-03,1,wk inc rsv hosp,2026-10-10,06,quantile,0.01,7.813062776660671
2026-10-03,1,wk inc rsv hosp,2026-10-10,06,quantile,0.025,8.086972751219257
2026-10-03,1,wk inc rsv hosp,2026-10-10,06,quantile,0.05,8.895597966014474
2026-10-03,1,wk inc rsv hosp,2026-10-10,06,quantile,0.1,10.701359948122676
2026-10-03,1,wk inc rsv hosp,2026-10-10,06,quantile,0.15,11.186640111728805
2026-10-03,1,wk inc rsv hosp,2026-10-10,06,quantile,0.2,11.707388816409733
2026-10-03,1,wk inc rsv hosp,2026-10-10,06,quantile,0.25,12.405603366467535
2026-10-03,1,wk inc rsv hosp,2026-10-10,06,quantile,0.3,13.109794481108768
2026-10-03,1,wk inc rsv hosp,2026-10-10,06,quantile,0.35,13.636715414854905
2026-10-03,1,wk inc rsv hosp,2026-10-10,06,quantile,0.4,13.84384496029374
2026-10-03,1,wk inc rsv hosp,2026-10-10,06,quantile,0.45,13.892756984546892
2026-10-03,1,wk inc rsv hosp,2026-10-10,06,quantile,0.5,14.036048508011428
2026-10-03,1,wk inc rsv hosp,2026-10-10,06,quantile,0.55,14.108539612928153
2026-10-03,1,wk inc rsv hosp,2026-10-10,06,quantile,0.6,14.292368366207572
2026-10-03,1,wk inc rsv hosp,2026-10-10,06,quantile,0.65,14.606402405645426
2026-10-03,1,wk inc rsv hosp,2026-10-10,06,quantile,0.7,15.128029914740267
2026-10-03,1,wk inc rsv hosp,2026-10-10,06,quantile,0.75,15.229063300444585
2026-10-03,1,wk inc rsv hosp,2026-10-10,06,quantile,0.8,16.450790266944708
2026-10-03,1,wk inc rsv hosp,2026-10-10,06,quantile,0.85,16.832599683869045
2026-10-03,1,wk inc rsv hosp,2026-10-10,06,quantile,0.9,18.109405548999156
2026-10-03,1,wk inc rsv hosp,2026-10-10,06,quantile,0.95,22.168490730142224
2026-10-03,1,wk inc rsv hosp,2026-10-10,06,quantile,0.975,25.25392546588534
2026-10-03,1,wk inc rsv hosp,2026-10-10,06,quantile,0.99,27.139171903005842
2026-10-03,1,wk inc rsv hosp,2026-10-10,08,quantile,0.01,0.0
2026-10-03,1,wk inc rsv hosp,2026-10-10,08,quantile,0.025,0.0
2026-10-03,1,wk inc rsv hosp,2026-10-10,08,quantile,0.05,0.0
2026-10-03,1,wk inc rsv hosp,2026-10-10,08,quantile,0.1,0.0
2026-10-03,1,wk inc rsv hosp,2026-10-10,08,quantile,0.15,0.0
2026-10-03,1,wk inc rsv hosp,2026-10-10,08,quantile,0.2,0.0
2026-10-03,1,wk inc rsv hosp,2026-10-10,08,quantile,0.25,0.0
2026-10-03,1,wk inc rsv hosp,2026-10-10,08,quantile,0.3,0.0
2026-10-03,1,wk inc rsv hosp,2026-10-10,08,quantile,0.35,0.0
2026-10-03,1,wk inc rsv hosp,2026-10-10,08,quantile,0.4,0.0
2026-10-03,1,wk inc rsv hosp,2026-10-10,08,quantile,0.45,0.0
2026-10-03,1,wk inc rsv hosp,2026-10-10,08,quantile,0.5,0.0
2026-10-03,1,wk inc rsv hosp,2026-10-10,08,quantile,0.55,0.0
2026-10-03,1,wk inc rsv hosp,2026-10-10,08,quantile,0.6,0.0
2026-10-03,1,wk inc rsv hosp,2026-10-10,08,quantile,0.65,0.11697959745811909
2026-10-03,1,wk inc rsv hosp,2026-10-10,08,quantile,0.7,0.15159079992169555
2026-10-03,1,wk inc rsv hosp,2026-10-10,08,quantile,0.75,0.167898787228809
2026-10-03,1,wk inc rsv hosp,2026-10-10,08,quantile,0.8,0.19099655959264839
2026-10-03,1,wk inc rsv hosp,2026-10-10,08,quantile,0.85,0.23420114315932672
2026-10-03,1,wk inc rsv hosp,2026-10-10,08,quantile,0.9,0.3873527771353667
2026-10-03,1,wk inc rsv hosp,2026-10-10,08,quantile,0.95,0.981543583572093
2026-10-03,1,wk inc rsv hosp,2026-10-10,08,quantile,0.975,1.5188763759296064
2026-10-03,1,wk inc rsv hosp,2026-10-10,08,quantile,0.99,1.8666710063541139
2026-10-03,1,wk inc rsv hosp,2026-10-10,09,quantile,0.01,0.3839432908766892
2026-10-03,1,wk inc rsv hosp,2026-10-10,09,quantile,0.025,0.42910966770121195
2026-10-03,1,wk inc rsv hosp,2026-10-10,09,quantile,0.05,0.6848101156878138
2026-10-03,1,wk inc rsv hosp,2026-10-10,09,quantile,0.1,1.8340559709118678
2026-10-03,1,wk inc rsv hosp,2026-10-10,09,quantile,0.15,2.311018441367061
2026-10-03,1,wk inc rsv hosp,2026-10-10,09,quantile,0.2,2.3667546341019556
2026-10-03,1,wk inc rsv hosp,2026-10-10,09,quantile,0.25,2.4318271002947296
2026-10-03,1,wk inc rsv hosp,2026-10-10,09,quantile,0.3,2.665577565682666
2026-10-03,1,wk inc rsv hosp,2026-10-10,09,quantile,0.35,2.8457967483459337
2026-10-03,1,wk inc rsv hosp,2026-10-10,09,quantile,0.4,2.897542953491211
2026-10-03,1,wk inc rsv hosp,2026-10-10,09,quantile,0.45,2.9264956340957213
2026-10-03,1,wk inc rsv hosp,2026-10-10,09,quantile,0.5,3.058455787108206
2026-10-03,1,wk inc rsv hosp,2026-10-10,09,quantile,0.55,3.254809285572265
2026-10-03,1,wk inc rsv hosp,2026-10-10,09,quantile,0.6,3.4373945899776324
2026-10-03,1,wk inc rsv hosp,2026-10-10,09,quantile,0.65,3.5593426347772983
2026-10-03,1,wk inc rsv hosp,2026-10-10,09,quantile,0.7,3.7988078546926323
2026-10-03,1,wk inc rsv hosp,2026-10-10,09,quantile,0.75,4.188886609094196
2026-10-03,1,wk inc rsv hosp,2026-10-10,09,quantile,0.8,4.786299224357755
2026-10-03,1,wk inc rsv hosp,2026-10-10,09,quantile,0.85,5.269304328590069
2026-10-03,1,wk inc rsv hosp,2026-10-10,09,quantile,0.9,5.670500212528861
2026-10-03,1,wk inc rsv hosp,2026-10-10,09,quantile,0.95,5.7863093926671985
2026-10-03,1,wk inc rsv hosp,2026-10-10,09,quantile,0.975,6.3765180202303755
2026-10-03,1,wk inc rsv hosp,2026-10-10,09,quantile,0.99,7.003010351176722
2026-10-03,1,wk inc rsv hosp,2026-10-10,10,quantile,0.01,0.244119030854964
2026-10-03,1,wk inc rsv hosp,2026-10-10,10,quantile,0.025,0.4414568006215295
2026-10-03,1,wk inc rsv hosp,2026-10-10,10,quantile,0.05,0.7836469268805513
2026-10-03,1,wk inc rsv hosp,2026-10-10,10,quantile,0.1,1.3767329084911473
2026-10-03,1,wk inc rsv hosp,2026-10-10,10,quantile,0.15,1.7199722693984434
2026-10-03,1,wk inc rsv hosp,2026-10-10,10,quantile,0.2,2.1952936145062623
2026-10-03,1,wk inc rsv hosp,2026-10-10,10,quantile,0.25,2.6320489589527862
2026-10-03,1,wk inc rsv hosp,2026-10-10,10,quantile,0.3,2.892752295285426
2026-10-03,1,wk inc rsv hosp,2026-10-10,10,quantile,0.35,3.299334214037948
2026-10-03,1,wk inc rsv hosp,2026-10-10,10,quantile,0.4,3.9481132313826004
2026-10-03,1,wk inc rsv hosp,2026-10-10,10,quantile,0.45,4.043838338565427
2026-10-03,1,wk inc rsv hosp,2026-10-10,10,quantile,0.5,4.100771388002668
2026-10-03,1,wk inc rsv hosp,2026-10-10,10,quantile,0.55,4.148290338656583
2026-10-03,1,wk inc rsv hosp,2026-10-10,10,quantile,0.6,4.423474141630095
2026-10-03,1,wk inc rsv hosp,2026-10-10,10,quantile,0.65,4.48390806949732
2026-10-03,1,wk inc rsv hosp,2026-10-10,10,quantile,0.7,4.8347659825091185
2026-10-03,1,wk inc rsv hosp,2026-10-10,10,quantile,0.75,5.622317593017797
2026-10-03,1,wk inc rsv hosp,2026-10-10,10,quantile,0.8,5.888322392500882
2026-10-03,1,wk inc rsv hosp,2026-10-10,10,quantile,0.85,6.078236656871766
2026-10-03,1,wk inc rsv hosp,2026-10-10,10,quantile,0.9,7.075160684880524
2026-10-03,1,wk inc rsv hosp,2026-10-10,10,quantile,0.95,9.752539302535768
2026-10-03,1,wk inc rsv hosp,2026-10-10,10,quantile,0.975,11.192735701517194
2026-10-03,1,wk inc rsv hosp,2026-10-10,10,quantile,0.99,12.120256106316528
2026-10-03,1,wk inc rsv hosp,2026-10-10,11,quantile,0.01,0.0
2026-10-03,1,wk inc rsv hosp,2026-10-10,11,quantile,0.025,0.0
2026-10-03,1,wk inc rsv hosp,2026-10-10,11,quantile,0.05,0.0
2026-10-03,1,wk inc rsv hosp,2026-10-10,11,quantile,0.1,0.0
2026-10-03,1,wk inc rsv hosp,2026-10-10,11,quantile,0.15,0.0
2026-10-03,1,wk inc rsv hosp,2026-10-10,11,quantile,0.2,0.0
2026-10-03,1,wk inc rsv hosp,2026-10-10,11,quantile,0.25,0.0
2026-10-03,1,wk inc rsv hosp,2026-10-10,11,quantile,0.3,0.0
2026-10-03,1,wk inc rsv hosp,2026-10-10,11,quantile,0.35,0.0
2026-10-03,1,wk inc rsv hosp,2026-10-10,11,quantile,0.4,0.0
2026-10-03,1,wk inc rsv hosp,2026-10-10,11,quantile,0.45,0.00999379657005825
2026-10-03,1,wk inc rsv hosp,2026-10-10,11,quantile,0.5,0.09119700855944433
2026-10-03,1,wk inc rsv hosp,2026-10-10,11,quantile,0.55,0.17958052940336172
2026-10-03,1,wk inc rsv hosp,2026-10-10,11,quantile,0.6,0.38159922177288275
2026-10-03,1,wk inc rsv hosp,2026-10-10,11,quantile,0.65,0.5373383769042637
2026-10-03,1,wk inc rsv hosp,2026-10-10,11,quantile,0.7,0.6849065105905041
2026-10-03,1,wk inc rsv hosp,2026-10-10,11,quantile,0.75,0.7984251394922691
2026-10-03,1,wk inc rsv hosp,2026-10-10,11,quantile,0.8,0.874460507558353
2026-10-03,1,wk inc rsv hosp,2026-10-10,11,quantile,0.85,0.9356403676443531
2026-10-03,1,wk inc rsv hosp,2026-10-10,11,quantile,0.9,1.057019455137132
2026-10-03,1,wk inc rsv hosp,2026-10-10,11,quantile,0.95,1.618445007003706
2026-10-03,1,wk inc rsv hosp,2026-10-10,11,quantile,0.975,2.279409611903796
2026-10-03,1,wk inc rsv hosp,2026-10-10,11,quantile,0.99,2.798464867825166
2026-10-03,1,wk inc rsv hosp,2026-10-10,12,quantile,0.01,125.6519896835796
2026-10-03,1,wk inc rsv hosp,2026-10-10,12,quantile,0.025,131.03668560626573
2026-10-03,1,wk inc rsv hosp,2026-10-10,12,quantile,0.05,137.99016523609296
2026-10-03,1,wk inc rsv hosp,2026-10-10,12,quantile,0.1,147.45304758509562
2026-10-03,1,wk inc rsv hosp,2026-10-10,12,quantile,0.15,155.08450922193362
2026-10-03,1,wk inc rsv hosp,2026-10-10,12,quantile,0.2,157.94499167756513
2026-10-03,1,wk inc rsv hosp,2026-10-10,12,quantile,0.25,162.99258103713728
2026-10-03,1,wk inc rsv hosp,2026-10-10,12,quantile,0.3,171.6796481458117
2026-10-03,1,wk inc rsv hosp,2026-10-10,12,quantile,0.35,174.9777951307304
2026-10-03,1,wk inc rsv hosp,2026-10-10,12,quantile,0.4,176.15599943570507
2026-10-03,1,wk inc rsv hosp,2026-10-10,12,quantile,0.45,195.37930549616456
2026-10-03,1,wk inc rsv hosp,2026-10-10,12,quantile,0.5,196.20493934414114
2026-10-03,1,wk inc rsv hosp,2026-10-10,12,quantile,0.55,196.48747023269613
2026-10-03,1,wk inc rsv hosp,2026-10-10,12,quantile,0.6,205.21390574300568
2026-10-03,1,wk inc rsv hosp,2026-10-10,12,quantile,0.65,214.5724170145288
2026-10-03,1,wk inc rsv hosp,2026-10-10,12,quantile,0.7,232.4969449604623
2026-10-03,1,wk inc rsv hosp,2026-10-10,12,quantile,0.75,237.29806502986543
2026-10-03,1,wk inc rsv hosp,2026-10-10,12,quantile,0.8,240.16688424040228
2026-10-03,1,wk inc rsv hosp,2026-10-10,12,quantile,0.85,243.64072445401933
2026-10-03,1,wk inc rsv hosp,2026-10-10,12,quantile,0.9,259.2790492413907
2026-10-03,1,wk inc rsv hosp,2026-10-10,12,quantile,0.95,293.8360421217136
2026-10-03,1,wk inc rsv hosp,2026-10-10,12,quantile,0.975,305.30251048444774
2026-10-03,1,wk inc rsv hosp,2026-10-10,12,quantile,0.99,307.3657486689986
2026-10-03,1,wk inc rsv hosp,2026-10-10,13,quantile,0.01,19.748285063505374
2026-10-03,1,wk inc rsv hosp,2026-10-10,13,quantile,0.025,20.53842551460989
2026-10-03,1,wk inc rsv hosp,2026-10-10,13,quantile,0.05,21.608295832104616
2026-10-03,1,wk inc rsv hosp,2026-10-10,13,quantile,0.1,22.670487499902627
2026-10-03,1,wk inc rsv hosp,2026-10-10,13,quantile,0.15,23.825973536628396
2026-10-03,1,wk inc rsv hosp,2026-10-10,13,quantile,0.2,24.484923665380677
2026-10-03,1,wk inc rsv hosp,2026-10-10,13,quantile,0.25,27.467173283396576
2026-10-03,1,wk inc rsv hosp,2026-10-10,13,quantile,0.3,29.230073578378498
2026-10-03,1,wk inc rsv hosp,2026-10-10,13,quantile,0.35,30.210031062606273
2026-10-03,1,wk inc rsv hosp,2026-10-10,13,quantile,0.4,31.157080470788728
2026-10-03,1,wk inc rsv hosp,2026-10-10,13,quantile,0.45,31.519350776145075
2026-10-03,1,wk inc rsv hosp,2026-10-10,13,quantile,0.5,31.779676013408945
2026-10-03,1,wk inc rsv hosp,2026-10-10,13,quantile,0.55,32.657797679478946
2026-10-03,1,wk inc rsv hosp,2026-10-10,13,quantile,0.6,34.07153365225136
2026-10-03,1,wk inc rsv hosp,2026-10-10,13,quantile,0.65,35.39547996926295
2026-10-03,1,wk inc rsv hosp,2026-10-10,13,quantile,0.7,36.92187910026743
2026-10-03,1,wk inc rsv hosp,2026-10-10,13,quantile,0.75,38.97109603036638
2026-10-03,1,wk inc rsv hosp,2026-10-10,13,quantile,0.8,43.42845269271891
2026-10-03,1,wk inc rsv hosp,2026-10-10,13,quantile,0.85,44.341501439737755
2026-10-03,1,wk inc rsv hosp,2026-10-10,13,quantile,0.9,47.06400478080607
2026-10-03,1,wk inc rsv hosp,2026-10-10,13,quantile,0.95,53.560477604770824
2026-10-03,1,wk inc rsv hosp,2026-10-10,13,quantile,0.975,56.755017372780046
2026-10-03,1,wk inc rsv hosp,2026-10-10,13,quantile,0.99,58.40842529571752
2026-10-03,1,wk inc rsv hosp,2026-10-10,15,quantile,0.01,1.6900864556255188
2026-10-03,1,wk inc rsv hosp,2026-10-10,15,quantile,0.025,1.7559442431715073
2026-10-03,1,wk inc rsv hosp,2026-10-10,15,quantile,0.05,1.8612811799428666
2026-10-03,1,wk inc rsv hosp,2026-10-10,15,quantile,0.1,2.2257461757672177
2026-10-03,1,wk inc rsv hosp,2026-10-10,15,quantile,0.15,2.908742450624524
2026-10-03,1,wk inc rsv hosp,2026-10-10,15,quantile,0.2,3.3054490845577646
2026-10-03,1,wk inc rsv hosp,2026-10-10,15,quantile,0.25,4.755726159109878
2026-10-03,1,wk inc rsv hosp,2026-10-10,15,quantile,0.3,5.847797673654408
2026-10-03,1,wk inc rsv hosp,2026-10-10,15,quantile,0.35,6.877958964269046
2026-10-03,1,wk inc rsv hosp,2026-10-10,15,quantile,0.4,7.418461070619738
2026-10-03,1,wk inc rsv hosp,2026-10-10,15,quantile,0.45,7.854098414612381
2026-10-03,1,wk inc rsv hosp,2026-10-10,15,quantile,0.5,8.06948786588062
2026-10-03,1,wk inc rsv hosp,2026-10-10,15,quantile,0.55,9.042212918629312
2026-10-03,1,wk inc rsv hosp,2026-10-10,15,quantile,0.6,9.526127613348425
2026-10-03,1,wk inc rsv hosp,2026-10-10,15,quantile,0.65,9.695634219679564
2026-10-03,1,wk inc rsv hosp,2026-10-10,15,quantile,0.7,10.43794988887601
2026-10-03,1,wk inc rsv hosp,2026-10-10,15,quantile,0.75,11.013419124616679
2026-10-03,1,wk inc rsv hosp,2026-10-10,15,quantile,0.8,12.250952209362648
2026-10-03,1,wk inc rsv hosp,2026-10-10,15,quantile,0.85,12.335744018497108
2026-10-03,1,wk inc rsv hosp,2026-10-10,15,quantile,0.9,13.5014572485018
2026-10-03,1,wk inc rsv hosp,2026-10-10,15,quantile,0.95,19.005538789152855
2026-10-03,1,wk inc rsv hosp,2026-10-10,15,quantile,0.975,22.57192335833161
2026-10-03,1,wk inc rsv hosp,2026-10-10,15,quantile,0.99,24.498058042440864
2026-10-03,1,wk inc rsv hosp,2026-10-10,16,quantile,0.01,1.3276924234641645
2026-10-03,1,wk inc rsv hosp,2026-10-10,16,quantile,0.025,1.354467530212621
2026-10-03,1,wk inc rsv hosp,2026-10-10,16,quantile,0.05,1.550739132022274
2026-10-03,1,wk inc rsv hosp,2026-10-10,16,quantile,0.1,2.464321154523281
2026-10-03,1,wk inc rsv hosp,2026-10-10,16,quantile,0.15,2.8322016285084475
2026-10-03,1,wk inc rsv hosp,2026-10-10,16,quantile,0.2,2.9323049787249524
2026-10-03,1,wk inc rsv hosp,2026-10-10,16,quantile,0.25,3.0954634400770735
2026-10-03,1,wk inc rsv hosp,2026-10-10,16,quantile,0.3,3.4162552200481433
2026-10-03,1,wk inc rsv hosp,2026-10-10,16,quantile,0.35,3.4858364445587946
2026-10-03,1,wk inc rsv hosp,2026-10-10,16,quantile,0.4,3.925381585242733
2026-10-03,1,wk inc rsv hosp,2026-10-10,16,quantile,0.45,4.076698230831571
2026-10-03,1,wk inc rsv hosp,2026-10-10,16,quantile,0.5,4.154961059766823
2026-10-03,1,wk inc rsv hosp,2026-10-10,16,quantile,0.55,4.383286715773194
2026-10-03,1,wk inc rsv hosp,2026-10-10,16,quantile,0.6,4.677172407843033
2026-10-03,1,wk inc rsv hosp,2026-10-10,16,quantile,0.65,4.8779661672124295
2026-10-03,1,wk inc rsv hosp,2026-10-10,16,quantile,0.7,5.21414721260043
2026-10-03,1,wk inc rsv hosp,2026-10-10,16,quantile,0.75,5.538456929468423
2026-10-03,1,wk inc rsv hosp,2026-10-10,16,quantile,0.8,5.839027009727246
2026-10-03,1,wk inc rsv hosp,2026-10-10,16,quantile,0.85,6.128220780751139
2026-10-03,1,wk inc rsv hosp,2026-10-10,16,quantile,0.9,7.290959635598124
2026-10-03,1,wk inc rsv hosp,2026-10-10,16,quantile,0.95,8.138857702854688
2026-10-03,1,wk inc rsv hosp,2026-10-10,16,quantile,0.975,8.647808452289487
2026-10-03,1,wk inc rsv hosp,2026-10-10,16,quantile,0.99,9.040862620389142
2026-10-03,1,wk inc rsv hosp,2026-10-10,17,quantile,0.01,1.898799297791611
2026-10-03,1,wk inc rsv hosp,2026-10-10,17,quantile,0.025,2.084276216614211
2026-10-03,1,wk inc rsv hosp,2026-10-10,17,quantile,0.05,2.2822644712527573
2026-10-03,1,wk inc rsv hosp,2026-10-10,17,quantile,0.1,2.6889970491517508
2026-10-03,1,wk inc rsv hosp,2026-10-10,17,quantile,0.15,3.6353540250530463
2026-10-03,1,wk inc rsv hosp,2026-10-10,17,quantile,0.2,4.3255740445799775
2026-10-03,1,wk inc rsv hosp,2026-10-10,17,quantile,0.25,4.82323252413466
2026-10-03,1,wk inc rsv hosp,2026-10-10,17,quantile,0.3,5.234553843487763
2026-10-03,1,wk inc rsv hosp,2026-10-10,17,quantile,0.35,5.346471134809484
2026-10-03,1,wk inc rsv hosp,2026-10-10,17,quantile,0.4,5.4669050244509325
2026-10-03,1,wk inc rsv hosp,2026-10-10,17,quantile,0.45,5.8610445105621904
2026-10-03,1,wk inc rsv hosp,2026-10-10,17,quantile,0.5,6.173875536726175
2026-10-03,1,wk inc rsv hosp,2026-10-10,17,quantile,0.55,6.615041649763758
2026-10-03,1,wk inc rsv hosp,2026-10-10,17,quantile,0.6,6.930946767771087
2026-10-03,1,wk inc rsv hosp,2026-10-10,17,quantile,0.65,7.179729451893251
2026-10-03,1,wk inc rsv hosp,2026-10-10,17,quantile,0.7,7.919357484479326
2026-10-03,1,wk inc rsv hosp,2026-10-10,17,quantile,0.75,8.352864488383359
2026-10-03,1,wk inc rsv hosp,2026-10-10,17,quantile,0.8,8.641119921886286
2026-10-03,1,wk inc rsv hosp,2026-10-10,17,quantile,0.85,9.01217190803606
2026-10-03,1,wk inc rsv hosp,2026-10-10,17,quantile,0.9,11.23058058040089
2026-10-03,1,wk inc rsv hosp,2026-10-10,17,quantile,0.95,13.681939277911969
2026-10-03,1,wk inc rsv hosp,2026-10-10,17,quantile,0.975,14.488367951711835
2026-10-03,1,wk inc rsv hosp,2026-10-10,17,quantile,0.99,15.289814586941956
2026-10-03,1,wk inc rsv hosp,2026-10-10,18,quantile,0.01,0.13863023648808068
2026-10-03,1,wk inc rsv hosp,2026-10-10,18,quantile,0.025,0.1978829720709469
2026-10-03,1,wk inc rsv hosp,2026-10-10,18,quantile,0.05,0.29697725954786314
2026-10-03,1,wk inc rsv hosp,2026-10-10,18,quantile,0.1,0.5194907489218012
2026-10-03,1,wk inc rsv hosp,2026-10-10,18,quantile,0.15,0.6379009023388076
2026-10-03,1,wk inc rsv hosp,2026-10-10,18,quantile,0.2,0.8851907542973597
2026-10-03,1,wk inc rsv hosp,2026-10-10,18,quantile,0.25,1.0105798107607855
2026-10-03,1,wk inc rsv hosp,2026-10-10,18,quantile,0.3,1.1300566679240538
2026-10-03,1,wk inc rsv hosp,2026-10-10,18,quantile,0.35,1.2292463005812684
2026-10-03,1,wk inc rsv hosp,2026-10-10,18,quantile,0.4,1.4907544407197624
2026-10-03,1,wk inc rsv hosp,2026-10-10,18,quantile,0.45,1.626990537304349
2026-10-03,1,wk inc rsv hosp,2026-10-10,18,quantile,0.5,1.6655243744981663
2026-10-03,1,wk inc rsv hosp,2026-10-10,18,quantile,0.55,1.7056332887694765
2026-10-03,1,wk inc rsv hosp,2026-10-10,18,quantile,0.6,2.086844798768157
2026-10-03,1,wk inc rsv hosp,2026-10-10,18,quantile,0.65,2.2165913435993603
2026-10-03,1,wk inc rsv hosp,2026-10-10,18,quantile,0.7,2.2545981509809794
2026-10-03,1,wk inc rsv hosp,2026-10-10,18,quantile,0.75,2.3064679877546923
2026-10-03,1,wk inc rsv hosp,2026-10-10,18,quantile,0.8,2.327606171106954
2026-10-03,1,wk inc rsv hosp,2026-10-10,18,quantile,0.85,2.3661694063741665
2026-10-03,1,wk inc rsv hosp,2026-10-10,18,quantile,0.9,2.45338432606388
2026-10-03,1,wk inc rsv hosp,2026-10-10,18,quantile,0.95,3.490116993414508
2026-10-03,1,wk inc rsv hosp,2026-10-10,18,quantile,0.975,4.0400790065981
2026-10-03,1,wk inc rsv hosp,2026-10-10,18,quantile,0.99,4.199934419309786
2026-10-03,1,wk inc rsv hosp,2026-10-10,19,quantile,0.01,0.0
2026-10-03,1,wk inc rsv hosp,2026-10-10,19,quantile,0.025,0.0029340897829352795
2026-10-03,1,wk inc rsv hosp,2026-10-10,19,quantile,0.05,1.145465148267407
2026-10-03,1,wk inc rsv hosp,2026-10-10,19,quantile,0.1,1.7949716126982898
2026-10-03,1,wk inc rsv hosp,2026-10-10,19,quantile,0.15,2.124892990762787
2026-10-03,1,wk inc rsv hosp,2026-10-10,19,quantile,0.2,2.4997720168905753
2026-10-03,1,wk inc rsv hosp,2026-10-10,19,quantile,0.25,2.539229083806648
2026-10-03,1,wk inc rsv hosp,2026-10-10,19,quantile,0.3,2.5971421211587136
2026-10-03,1,wk inc rsv hosp,2026-10-10,19,quantile,0.35,2.619676920328934
2026-10-03,1,wk inc rsv hosp,2026-10-10,19,quantile,0.4,2.8213629431451936
2026-10-03,1,wk inc rsv hosp,2026-10-10,19,quantile,0.45,3.0269869283121027
2026-10-03,1,wk inc rsv hosp,2026-10-10,19,quantile,0.5,3.1396770734651
2026-10-03,1,wk inc rsv hosp,2026-10-10,19,quantile,0.55,3.36478017109709
2026-10-03,1,wk inc rsv hosp,2026-10-10,19,quantile,0.6,3.6603324086829767
2026-10-03,1,wk inc rsv hosp,2026-10-10,19,quantile,0.65,3.854499540434489
2026-10-03,1,wk inc rsv hosp,2026-10-10,19,quantile,0.7,4.036011971192863
2026-10-03,1,wk inc rsv hosp,2026-10-10,19,quantile,0.75,4.35003925026233
2026-10-03,1,wk inc rsv hosp,2026-10-10,19,quantile,0.8,4.677701668997857
2026-10-03,1,wk inc rsv hosp,2026-10-10,19,quantile,0.85,5.215897715821072
2026-10-03,1,wk inc rsv hosp,2026-10-10,19,quantile,0.9,5.531211533263594
2026-10-03,1,wk inc rsv hosp,2026-10-10,19,quantile,0.95,5.781027029829782
2026-10-03,1,wk inc rsv hosp,2026-10-10,19,quantile,0.975,6.074488554934622
2026-10-03,1,wk inc rsv hosp,2026-10-10,19,quantile,0.99,6.302700884967507
2026-10-03,1,wk inc rsv hosp,2026-10-10,20,quantile,0.01,0.0
2026-10-03,1,wk inc rsv hosp,2026-10-10,20,quantile,0.025,0.0
2026-10-03,1,wk inc rsv hosp,2026-10-10,20,quantile,0.05,0.09879366430580257
2026-10-03,1,wk inc rsv hosp,2026-10-10,20,quantile,0.1,0.2377159699629934
2026-10-03,1,wk inc rsv hosp,2026-10-10,20,quantile,0.15,0.35711184007280694
2026-10-03,1,wk inc rsv hosp,2026-10-10,20,quantile,0.2,0.372358657424123
2026-10-03,1,wk inc rsv hosp,2026-10-10,20,quantile,0.25,0.3891851197336434
2026-10-03,1,wk inc rsv hosp,2026-10-10,20,quantile,0.3,0.5867754425152409
2026-10-03,1,wk inc rsv hosp,2026-10-10,20,quantile,0.35,0.8069039993855552
2026-10-03,1,wk inc rsv hosp,2026-10-10,20,quantile,0.4,0.8146970398640767
2026-10-03,1,wk inc rsv hosp,2026-10-10,20,quantile,0.45,0.8822579354381481
2026-10-03,1,wk inc rsv hosp,2026-10-10,20,quantile,0.5,1.0909811202265898
2026-10-03,1,wk inc rsv hosp,2026-10-10,20,quantile,0.55,1.1623919285627977
2026-10-03,1,wk inc rsv hosp,2026-10-10,20,quantile,0.6,1.2511735132477861
2026-10-03,1,wk inc rsv hosp,2026-10-10,20,quantile,0.65,1.3164314998289544
2026-10-03,1,wk inc rsv hosp,2026-10-10,20,quantile,0.7,1.3968896220400855
2026-10-03,1,wk inc rsv hosp,2026-10-10,20,quantile,0.75,1.4116558905565295
2026-10-03,1,wk inc rsv hosp,2026-10-10,20,quantile,0.8,1.588915655995938
2026-10-03,1,wk inc rsv hosp,2026-10-10,20,quantile,0.85,1.6060122741358547
2026-10-03,1,wk inc rsv hosp,2026-10-10,20,quantile,0.9,1.7292897737934005
2026-10-03,1,wk inc rsv hosp,2026-10-10,20,quantile,0.95,2.00358512019885
2026-10-03,1,wk inc rsv hosp,2026-10-10,20,quantile,0.975,2.23969299571326
2026-10-03,1,wk inc rsv hosp,2026-10-10,20,quantile,0.99,2.4217543846075356
2026-10-03,1,wk inc rsv hosp,2026-10-10,21,quantile,0.01,3.4172098507873243
2026-10-03,1,wk inc rsv hosp,2026-10-10,21,quantile,0.025,3.607210840016065
2026-10-03,1,wk inc rsv hosp,2026-10-10,21,quantile,0.05,4.099256356592938
2026-10-03,1,wk inc rsv hosp,2026-10-10,21,quantile,0.1,5.279590057731356
2026-10-03,1,wk inc rsv hosp,2026-10-10,21,quantile,0.15,6.055223743626861
2026-10-03,1,wk inc rsv hosp,2026-10-10,21,quantile,0.2,6.893765406564099
2026-10-03,1,wk inc rsv hosp,2026-10-10,21,quantile,0.25,7.775003399638427
2026-10-03,1,wk inc rsv hosp,2026-10-10,21,quantile,0.3,8.065450034893878
2026-10-03,1,wk inc rsv hosp,2026-10-10,21,quantile,0.35,8.539010453926206
2026-10-03,1,wk inc rsv hosp,2026-10-10,21,quantile,0.4,9.638699558080557
2026-10-03,1,wk inc rsv hosp,2026-10-10,21,quantile,0.45,9.793830547585305
2026-10-03,1,wk inc rsv hosp,2026-10-10,21,quantile,0.5,10.06639750604331
2026-10-03,1,wk inc rsv hosp,2026-10-10,21,quantile,0.55,10.657356397794139
2026-10-03,1,wk inc rsv hosp,2026-10-10,21,quantile,0.6,11.244496679126609
2026-10-03,1,wk inc rsv hosp,2026-10-10,21,quantile,0.65,11.757875053321698
2026-10-03,1,wk inc rsv hosp,2026-10-10,21,quantile,0.7,12.07651306647456
2026-10-03,1,wk inc rsv hosp,2026-10-10,21,quantile,0.75,12.739650642282086
2026-10-03,1,wk inc rsv hosp,2026-10-10,21,quantile,0.8,13.742352251333946
2026-10-03,1,wk inc rsv hosp,2026-10-10,21,quantile,0.85,16.806919998995163
2026-10-03,1,wk inc rsv hosp,2026-10-10,21,quantile,0.9,17.71130076168581
2026-10-03,1,wk inc rsv hosp,2026-10-10,21,quantile,0.95,18.383485085627385
2026-10-03,1,wk inc rsv hosp,2026-10-10,21,quantile,0.975,21.249679833764354
2026-10-03,1,wk inc rsv hosp,2026-10-10,21,quantile,0.99,24.495828284456355
2026-10-03,1,wk inc rsv hosp,2026-10-10,22,quantile,0.01,4.439357643222917
2026-10-03,1,wk inc rsv hosp,2026-10-10,22,quantile,0.025,4.595647646650268
2026-10-03,1,wk inc rsv hosp,2026-10-10,22,quantile,0.05,5.014839132140118
2026-10-03,1,wk inc rsv hosp,2026-10-10,22,quantile,0.1,6.209722918791174
2026-10-03,1,wk inc rsv hosp,2026-10-10,22,quantile,0.15,9.370388704269184
2026-10-03,1,wk inc rsv hosp,2026-10-10,22,quantile,0.2,11.251275207098427
2026-10-03,1,wk inc rsv hosp,2026-10-10,22,quantile,0.25,12.436356391667303
2026-10-03,1,wk inc rsv hosp,2026-10-10,22,quantile,0.3,12.720910958813374
2026-10-03,1,wk inc rsv hosp,2026-10-10,22,quantile,0.35,14.197862764471248
2026-10-03,1,wk inc rsv hosp,2026-10-10,22,quantile,0.4,15.84272202969045
2026-10-03,1,wk inc rsv hosp,2026-10-10,22,quantile,0.45,16.856239394670528
2026-10-03,1,wk inc rsv hosp,2026-10-10,22,quantile,0.5,17.263188921257335
2026-10-03,1,wk inc rsv hosp,2026-10-10,22,quantile,0.55,18.80484091860876
2026-10-03,1,wk inc rsv hosp,2026-10-10,22,quantile,0.6,19.628280677941778
2026-10-03,1,wk inc rsv hosp,2026-10-10,22,quantile,0.65,20.51107544191134
2026-10-03,1,wk inc rsv hosp,2026-10-10,22,quantile,0.7,22.57897918916342
2026-10-03,1,wk inc rsv hosp,2026-10-10,22,quantile,0.75,25.788938095339624
2026-10-03,1,wk inc rsv hosp,2026-10-10,22,quantile,0.8,27.9354501446098
2026-10-03,1,wk inc rsv hosp,2026-10-10,22,quantile,0.85,28.560042474209595
2026-10-03,1,wk inc rsv hosp,2026-10-10,22,quantile,0.9,34.37958367336101
2026-10-03,1,wk inc rsv hosp,2026-10-10,22,quantile,0.95,42.396801242018704
2026-10-03,1,wk inc rsv hosp,2026-10-10,22,quantile,0.975,89.33414315540738
2026-10-03,1,wk inc rsv hosp,2026-10-10,22,quantile,0.99,184.46265304722345
2026-10-03,1,wk inc rsv hosp,2026-10-10,23,quantile,0.01,0.0
2026-10-03,1,wk inc rsv hosp,2026-10-10,23,quantile,0.025,0.0
2026-10-03,1,wk inc rsv hosp,2026-10-10,23,quantile,0.05,0.0
2026-10-03,1,wk inc rsv hosp,2026-10-10,23,quantile,0.1,0.0
2026-10-03,1,wk inc rsv hosp,2026-10-10,23,quantile,0.15,0.05858013052762344
2026-10-03,1,wk inc rsv hosp,2026-10-10,23,quantile,0.2,0.09421773371389511
2026-10-03,1,wk inc rsv hosp,2026-10-10,23,quantile,0.25,0.11386418865885835
2026-10-03,1,wk inc rsv hosp,2026-10-10,23,quantile,0.3,0.16609562962864022
2026-10-03,1,wk inc rsv hosp,2026-10-10,23,quantile,0.35,0.20370543445664263
2026-10-03,1,wk inc rsv hosp,2026-10-10,23,quantile,0.4,0.2459602439175456
2026-10-03,1,wk inc rsv hosp,2026-10-10,23,quantile,0.45,0.3078466035488626
2026-10-03,1,wk inc rsv hosp,2026-10-10,23,quantile,0.5,0.35637810747758375
2026-10-03,1,wk inc rsv hosp,2026-10-10,23,quantile,0.55,0.4037174584644645
2026-10-03,1,wk inc rsv hosp,2026-10-10,23,quantile,0.6,0.4173201385130477
2026-10-03,1,wk inc rsv hosp,2026-10-10,23,quantile,0.65,0.45548197255126477
2026-10-03,1,wk inc rsv hosp,2026-10-10,23,quantile,0.7,0.5217948805354767
2026-10-03,1,wk inc rsv hosp,2026-10-10,23,quantile,0.75,0.6365144375932184
2026-10-03,1,wk inc rsv hosp,2026-10-10,23,quantile,0.8,0.8950023873007387
2026-10-03,1,wk inc rsv hosp,2026-10-10,23,quantile,0.85,0.9448295467984278
2026-10-03,1,wk inc rsv hosp,2026-10-10,23,quantile,0.9,1.0896948008136669
2026-10-03,1,wk inc rsv hosp,2026-10-10,23,quantile,0.95,1.2592941356343823
2026-10-03,1,wk inc rsv hosp,2026-10-10,23,quantile,0.975,1.3099265208523094
2026-10-03,1,wk inc rsv hosp,2026-10-10,23,quantile,0.99,1.324860125845892
2026-10-03,1,wk inc rsv hosp,2026-10-10,24,quantile,0.01,0.10304684249972179
2026-10-03,1,wk inc rsv hosp,2026-10-10,24,quantile,0.025,0.13821997558367605
2026-10-03,1,wk inc rsv hosp,2026-10-10,24,quantile,0.05,0.17789586980618263
2026-10-03,1,wk inc rsv hosp,2026-10-10,24,quantile,0.1,0.20818550320156823
2026-10-03,1,wk inc rsv hosp,2026-10-10,24,quantile,0.15,1.0900444892239025
2026-10-03,1,wk inc rsv hosp,2026-10-10,24,quantile,0.2,1.6377387415754638
2026-10-03,1,wk inc rsv hosp,2026-10-10,24,quantile,0.25,1.6698258911706694
2026-10-03,1,wk inc rsv hosp,2026-10-10,24,quantile,0.3,1.820561647244024
2026-10-03,1,wk inc rsv hosp,2026-10-10,24,quantile,0.35,2.055015223712352
2026-10-03,1,wk inc rsv hosp,2026-10-10,24,quantile,0.4,2.3731091233881387
2026-10-03,1,wk inc rsv hosp,2026-10-10,24,quantile,0.45,2.6501653883574794
2026-10-03,1,wk inc rsv hosp,2026-10-10,24,quantile,0.5,2.8266972191250685
2026-10-03,1,wk inc rsv hosp,2026-10-10,24,quantile,0.55,3.178199446520829
2026-10-03,1,wk inc rsv hosp,2026-10-10,24,quantile,0.6,3.3128023653790746
2026-10-03,1,wk inc rsv hosp,2026-10-10,24,quantile,0.65,3.453959437228754
2026-10-03,1,wk inc rsv hosp,2026-10-10,24,quantile,0.7,3.897760210711956
2026-10-03,1,wk inc rsv hosp,2026-10-10,24,quantile,0.75,3.9397942282435787
2026-10-03,1,wk inc rsv hosp,2026-10-10,24,quantile,0.8,5.018546095608766
2026-10-03,1,wk inc rsv hosp,2026-10-10,24,quantile,0.85,5.372977371233162
2026-10-03,1,wk inc rsv hosp,2026-10-10,24,quantile,0.9,5.48006665606525
2026-10-03,1,wk inc rsv hosp,2026-10-10,24,quantile,0.95,6.50287264214562
2026-10-03,1,wk inc rsv hosp,2026-10-10,24,quantile,0.975,7.9992500802567434
2026-10-03,1,wk inc rsv hosp,2026-10-10,24,quantile,0.99,9.325830432327775
2026-10-03,1,wk inc rsv hosp,2026-10-10,25,quantile,0.01,0.29369733376060725
2026-10-03,1,wk inc rsv hosp,2026-10-10,25,quantile,0.025,0.3602205339455891
2026-10-03,1,wk inc rsv hosp,2026-10-10,25,quantile,0.05,0.640478321426535
2026-10-03,1,wk inc rsv hosp,2026-10-10,25,quantile,0.1,1.509286467849067
2026-10-03,1,wk inc rsv hosp,2026-10-10,25,quantile,0.15,1.604826281737814
2026-10-03,1,wk inc rsv hosp,2026-10-10,25,quantile,0.2,1.7267403443140323
2026-10-03,1,wk inc rsv hosp,2026-10-10,25,quantile,0.25,1.7751057130010206
2026-10-03,1,wk inc rsv hosp,2026-10-10,25,quantile,0.3,1.7976313540314015
2026-10-03,1,wk inc rsv hosp,2026-10-10,25,quantile,0.35,1.8350738162508409
2026-10-03,1,wk inc rsv hosp,2026-10-10,25,quantile,0.4,1.8455332759218386
2026-10-03,1,wk inc rsv hosp,2026-10-10,25,quantile,0.45,2.065401869435453
2026-10-03,1,wk inc rsv hosp,2026-10-10,25,quantile,0.5,2.107844591538317
2026-10-03,1,wk inc rsv hosp,2026-10-10,25,quantile,0.55,2.2218837688744237
2026-10-03,1,wk inc rsv hosp,2026-10-10,25,quantile,0.6,2.371855506266347
2026-10-03,1,wk inc rsv hosp,2026-10-10,25,quantile,0.65,2.676002874649768
2026-10-03,1,wk inc rsv hosp,2026-10-10,25,quantile,0.7,3.1022355636477643
2026-10-03,1,wk inc rsv hosp,2026-10-10,25,quantile,0.75,3.31972296896776
2026-10-03,1,wk inc rsv hosp,2026-10-10,25,quantile,0.8,3.4662550841420736
2026-10-03,1,wk inc rsv hosp,2026-10-10,25,quantile,0.85,3.84696625492751
2026-10-03,1,wk inc rsv hosp,2026-10-10,25,quantile,0.9,4.351938211438552
2026-10-03,1,wk inc rsv hosp,2026-10-10,25,quantile,0.95,4.718812234126899
2026-10-03,1,wk inc rsv hosp,2026-10-10,25,quantile,0.975,6.182048094483427
2026-10-03,1,wk inc rsv hosp,2026-10-10,25,quantile,0.99,7.970244942808864
2026-10-03,1,wk inc rsv hosp,2026-10-10,26,quantile,0.01,0.0
2026-10-03,1,wk inc rsv hosp,2026-10-10,26,quantile,0.025,0.0
2026-10-03,1,wk inc rsv hosp,2026-10-10,26,quantile,0.05,0.0
2026-10-03,1,wk inc rsv hosp,2026-10-10,26,quantile,0.1,0.0
2026-10-03,1,wk inc rsv hosp,2026-10-10,26,quantile,0.15,0.0
2026-10-03,1,wk inc rsv hosp,2026-10-10,26,quantile,0.2,0.0
2026-10-03,1,wk inc rsv hosp,2026-10-10,26,quantile,0.25,0.0
2026-10-03,1,wk inc rsv hosp,2026-10-10,26,quantile,0.3,0.0
2026-10-03,1,wk inc rsv hosp,2026-10-10,26,quantile,0.35,0.0
2026-10-03,1,wk inc rsv hosp,2026-10-10,26,quantile,0.4,0.02101207728684601
2026-10-03,1,wk inc rsv hosp,2026-10-10,26,quantile,0.45,0.031187393896223495
2026-10-03,1,wk inc rsv hosp,2026-10-10,26,quantile,0.5,0.040521818132262126
2026-10-03,1,wk inc rsv hosp,2026-10-10,26,quantile,0.55,0.05521801418782214
2026-10-03,1,wk inc rsv hosp,2026-10-10,26,quantile,0.6,0.07579375614743916
2026-10-03,1,wk inc rsv hosp,2026-10-10,26,quantile,0.65,0.24630705924956897
2026-10-03,1,wk inc rsv hosp,2026-10-10,26,quantile,0.7,0.2965457377068425
2026-10-03,1,wk inc rsv hosp,2026-10-10,26,quantile,0.75,0.36587997850211207
2026-10-03,1,wk inc rsv hosp,2026-10-10,26,quantile,0.8,0.44768552778360654
2026-10-03,1,wk inc rsv hosp,2026-10-10,26,quantile,0.85,0.6009633115970515
2026-10-03,1,wk inc rsv hosp,2026-10-10,26,quantile,0.9,0.6833264957910221
2026-10-03,1,wk inc rsv hosp,2026-10-10,26,quantile,0.95,1.3325473627063014
2026-10-03,1,wk inc rsv hosp,2026-10-10,26,quantile,0.975,2.7425979075231
2026-10-03,1,wk inc rsv hosp,2026-10-10,26,quantile,0.99,4.449141583304098
2026-10-03,1,wk inc rsv hosp,2026-10-10,27,quantile,0.01,0.0
2026-10-03,1,wk inc rsv hosp,2026-10-10,27,quantile,0.025,0.0
2026-10-03,1,wk inc rsv hosp,2026-10-10,27,quantile,0.05,0.0
2026-10-03,1,wk inc rsv hosp,2026-10-10,27,quantile,0.1,0.0
2026-10-03,1,wk inc rsv hosp,2026-10-10,27,quantile,0.15,0.0
2026-10-03,1,wk inc rsv hosp,2026-10-10,27,quantile,0.2,0.0
2026-10-03,1,wk inc rsv hosp,2026-10-10,27,quantile,0.25,0.0
2026-10-03,1,wk inc rsv hosp,2026-10-10,27,quantile,0.3,0.0
2026-10-03,1,wk inc rsv hosp,2026-10-10,27,quantile,0.35,0.0
2026-10-03,1,wk inc rsv hosp,2026-10-10,27,quantile,0.4,0.0
2026-10-03,1,wk inc rsv hosp,2026-10-10,27,quantile,0.45,0.0
2026-10-03,1,wk inc rsv hosp,2026-10-10,27,quantile,0.5,0.0
2026-10-03,1,wk inc rsv hosp,2026-10-10,27,quantile,0.55,0.0
2026-10-03,1,wk inc rsv hosp,2026-10-10,27,quantile,0.6,0.0
2026-10-03,1,wk inc rsv hosp,2026-10-10,27,quantile,0.65,0.06485112877690023
2026-10-03,1,wk inc rsv hosp,2026-10-10,27,quantile,0.7,0.10305576302735941
2026-10-03,1,wk inc rsv hosp,2026-10-10,27,quantile,0.75,0.19111565678916545
2026-10-03,1,wk inc rsv hosp,2026-10-10,27,quantile,0.8,0.371686147654192
2026-10-03,1,wk inc rsv hosp,2026-10-10,27,quantile,0.85,0.5093148789998465
2026-10-03,1,wk inc rsv hosp,2026-10-10,27,quantile,0.9,0.835955195507671
2026-10-03,1,wk inc rsv hosp,2026-10-10,27,quantile,0.95,1.2109738856342693
2026-10-03,1,wk inc rsv hosp,2026-10-10,27,quantile,0.975,1.3761618727076717
2026-10-03,1,wk inc rsv hosp,2026-10-10,27,quantile,0.99,1.5351984806724008
2026-10-03,1,wk inc rsv hosp,2026-10-10,28,quantile,0.01,1.8742608196084425
2026-10-03,1,wk inc rsv hosp,2026-10-10,28,quantile,0.025,1.9629919153230482
2026-10-03,1,wk inc rsv hosp,2026-10-10,28,quantile,0.05,2.2358035546061177
2026-10-03,1,wk inc rsv hosp,2026-10-10,28,quantile,0.1,2.910520526294456
2026-10-03,1,wk inc rsv hosp,2026-10-10,28,quantile,0.15,3.4046971663991803
2026-10-03,1,wk inc rsv hosp,2026-10-10,28,quantile,0.2,4.055553646605743
2026-10-03,1,wk inc rsv hosp,2026-10-10,28,quantile,0.25,4.306495086435001
2026-10-03,1,wk inc rsv hosp,2026-10-10,28,quantile,0.3,4.929371431018913
2026-10-03,1,wk inc rsv hosp,2026-10-10,28,quantile,0.35,5.7641771023636945
2026-10-03,1,wk inc rsv hosp,2026-10-10,28,quantile,0.4,6.184760140708438
2026-10-03,1,wk inc rsv hosp,2026-10-10,28,quantile,0.45,6.78961708212028
2026-10-03,1,wk inc rsv hosp,2026-10-10,28,quantile,0.5,7.0187230102064655
2026-10-03,1,wk inc rsv hosp,2026-10-10,28,quantile,0.55,7.058433795481016
2026-10-03,1,wk inc rsv hosp,2026-10-10,28,quantile,0.6,8.024675523851807
2026-10-03,1,wk inc rsv hosp,2026-10-10,28,quantile,0.65,8.163266195236176
2026-10-03,1,wk inc rsv hosp,2026-10-10,28,quantile,0.7,8.708745562743996
2026-10-03,1,wk inc rsv hosp,2026-10-10,28,quantile,0.75,9.224263300203411
2026-10-03,1,wk inc rsv hosp,2026-10-10,28,quantile,0.8,9.412073633519721
2026-10-03,1,wk inc rsv hosp,2026-10-10,28,quantile,0.85,14.671901989438025
2026-10-03,1,wk inc rsv hosp,2026-10-10,28,quantile,0.9,18.22350587358076
2026-10-03,1,wk inc rsv hosp,2026-10-10,28,quantile,0.95,23.293275815260934
2026-10-03,1,wk inc rsv hosp,2026-10-10,28,quantile,0.975,25.983960703751276
2026-10-03,1,wk inc rsv hosp,2026-10-10,28,quantile,0.99,28.255549495824187
2026-10-03,1,wk inc rsv hosp,2026-10-10,29,quantile,0.01,0.0
2026-10-03,1,wk inc rsv hosp,2026-10-10,29,quantile,0.025,0.0
2026-10-03,1,wk inc rsv hosp,2026-10-10,29,quantile,0.05,0.0
2026-10-03,1,wk inc rsv hosp,2026-10-10,29,quantile,0.1,0.0
2026-10-03,1,wk inc rsv hosp,2026-10-10,29,quantile,0.15,0.05085396554551932
2026-10-03,1,wk inc rsv hosp,2026-10-10,29,quantile,0.2,0.16578863783227277
2026-10-03,1,wk inc rsv hosp,2026-10-10,29,quantile,0.25,0.3056818835881209
2026-10-03,1,wk inc rsv hosp,2026-10-10,29,quantile,0.3,0.32840501022389207
2026-10-03,1,wk inc rsv hosp,2026-10-10,29,quantile,0.35,0.3753601722132159
2026-10-03,1,wk inc rsv hosp,2026-10-10,29,quantile,0.4,0.47709183499889873
2026-10-03,1,wk inc rsv hosp,2026-10-10,29,quantile,0.45,0.49807346083748827
2026-10-03,1,wk inc rsv hosp,2026-10-10,29,quantile,0.5,0.5159664656299997
2026-10-03,1,wk inc rsv hosp,2026-10-10,29,quantile,0.55,0.5318331330167898
2026-10-03,1,wk inc rsv hosp,2026-10-10,29,quantile,0.6,0.5542849802792349
2026-10-03,1,wk inc rsv hosp,2026-10-10,29,quantile,0.65,0.60543725329688
2026-10-03,1,wk inc rsv hosp,2026-10-10,29,quantile,0.7,0.716428471215822
2026-10-03,1,wk inc rsv hosp,2026-10-10,29,quantile,0.75,0.7925933895045645
2026-10-03,1,wk inc rsv hosp,2026-10-10,29,quantile,0.8,0.8450812595339604
2026-10-03,1,wk inc rsv hosp,2026-10-10,29,quantile,0.85,0.8602248604043529
2026-10-03,1,wk inc rsv hosp,2026-10-10,29,quantile,0.9,0.9914520372364729
2026-10-03,1,wk inc rsv hosp,2026-10-10,29,quantile,0.95,1.4785340487867942
2026-10-03,1,wk inc rsv hosp,2026-10-10,29,quantile,0.975,2.4524739109537452
2026-10-03,1,wk inc rsv hosp,2026-10-10,29,quantile,0.99,3.5613008945978426
2026-10-03,1,wk inc rsv hosp,2026-10-10,30,quantile,0.01,0.0
2026-10-03,1,wk inc rsv hosp,2026-10-10,30,quantile,0.025,0.0
2026-10-03,1,wk inc rsv hosp,2026-10-10,30,quantile,0.05,0.0
2026-10-03,1,wk inc rsv hosp,2026-10-10,30,quantile,0.1,0.0
2026-10-03,1,wk inc rsv hosp,2026-10-10,30,quantile,0.15,0.0
2026-10-03,1,wk inc rsv hosp,2026-10-10,30,quantile,0.2,0.0
2026-10-03,1,wk inc rsv hosp,2026-10-10,30,quantile,0.25,0.0
2026-10-03,1,wk inc rsv hosp,2026-10-10,30,quantile,0.3,0.0
2026-10-03,1,wk inc rsv hosp,2026-10-10,30,quantile,0.35,0.0
2026-10-03,1,wk inc rsv hosp,2026-10-10,30,quantile,0.4,0.0
2026-10-03,1,wk inc rsv hosp,2026-10-10,30,quantile,0.45,0.0
2026-10-03,1,wk inc rsv hosp,2026-10-10,30,quantile,0.5,0.023775305977800983
2026-10-03,1,wk inc rsv hosp,2026-10-10,30,quantile,0.55,0.16666720881890693
2026-10-03,1,wk inc rsv hosp,2026-10-10,30,quantile,0.6,0.23621924707502395
2026-10-03,1,wk inc rsv hosp,2026-10-10,30,quantile,0.65,0.307278045093784
2026-10-03,1,wk inc rsv hosp,2026-10-10,30,quantile,0.7,0.542342272243668
2026-10-03,1,wk inc rsv hosp,2026-10-10,30,quantile,0.75,0.7119440779075163
2026-10-03,1,wk inc rsv hosp,2026-10-10,30,quantile,0.8,0.8073481432000065
2026-10-03,1,wk inc rsv hosp,2026-10-10,30,quantile,0.85,1.1696215687751206
2026-10-03,1,wk inc rsv hosp,2026-10-10,30,quantile,0.9,1.2695047883628843
2026-10-03,1,wk inc rsv hosp,2026-10-10,30,quantile,0.95,2.057355699673887
2026-10-03,1,wk inc rsv hosp,2026-10-10,30,quantile,0.975,2.9785752611004654
2026-10-03,1,wk inc rsv hosp,2026-10-10,30,quantile,0.99,3.7138471060088394
2026-10-03,1,wk inc rsv hosp,2026-10-10,31,quantile,0.01,0.0
2026-10-03,1,wk inc rsv hosp,2026-10-10,31,quantile,0.025,0.0
2026-10-03,1,wk inc rsv hosp,2026-10-10,31,quantile,0.05,0.0
2026-10-03,1,wk inc rsv hosp,2026-10-10,31,quantile,0.1,0.2316509422017952
2026-10-03,1,wk inc rsv hosp,2026-10-10,31,quantile,0.15,0.2840033751349626
2026-10-03,1,wk inc rsv hosp,2026-10-10,31,quantile,0.2,0.45556292193112813
2026-10-03,1,wk inc rsv hosp,2026-10-10,31,quantile,0.25,1.0901852939982353
2026-10-03,1,wk inc rsv hosp,2026-10-10,31,quantile,0.3,1.1005146194717546
2026-10-03,1,wk inc rsv hosp,2026-10-10,31,quantile,0.35,1.1279672989237417
2026-10-03,1,wk inc rsv hosp,2026-10-10,31,quantile,0.4,1.7209184724481563
2026-10-03,1,wk inc rsv hosp,2026-10-10,31,quantile,0.45,2.0240301296724477
2026-10-03,1,wk inc rsv hosp,2026-10-10,31,quantile,0.5,2.0606333624016027
2026-10-03,1,wk inc rsv hosp,2026-10-10,31,quantile,0.55,2.086613202958553
2026-10-03,1,wk inc rsv hosp,2026-10-10,31,quantile,0.6,2.129521331429163
2026-10-03,1,wk inc rsv hosp,2026-10-10,31,quantile,0.65,2.254412866716346
2026-10-03,1,wk inc rsv hosp,2026-10-10,31,quantile,0.7,2.4394316898197164
2026-10-03,1,wk inc rsv hosp,2026-10-10,31,quantile,0.75,3.2066527300229692
2026-10-03,1,wk inc rsv hosp,2026-10-10,31,quantile,0.8,3.505400905816631
2026-10-03,1,wk inc rsv hosp,2026-10-10,31,quantile,0.85,3.725347700583776
2026-10-03,1,wk inc rsv hosp,2026-10-10,31,quantile,0.9,4.349509084272844
2026-10-03,1,wk inc rsv hosp,2026-10-10,31,quantile,0.95,4.864795755044885
2026-10-03,1,wk inc rsv hosp,2026-10-10,31,quantile,0.975,5.43549155435894
2026-10-03,1,wk inc rsv hosp,2026-10-10,31,quantile,0.99,5.924554442733186
2026-10-03,1,wk inc rsv hosp,2026-10-10,32,quantile,0.01,0.0
2026-10-03,1,wk inc rsv hosp,2026-10-10,32,quantile,0.025,0.0
2026-10-03,1,wk inc rsv hosp,2026-10-10,32,quantile,0.05,0.0
2026-10-03,1,wk inc rsv hosp,2026-10-10,32,quantile,0.1,0.09560226536175298
2026-10-03,1,wk inc rsv hosp,2026-10-10,32,quantile,0.15,0.9895428941241288
2026-10-03,1,wk inc rsv hosp,2026-10-10,32,quantile,0.2,1.2372746683182836
2026-10-03,1,wk inc rsv hosp,2026-10-10,32,quantile,0.25,1.5825279318000738
2026-10-03,1,wk inc rsv hosp,2026-10-10,32,quantile,0.3,1.775162097626561
2026-10-03,1,wk inc rsv hosp,2026-10-10,32,quantile,0.35,1.8601119829089352
2026-10-03,1,wk inc rsv hosp,2026-10-10,32,quantile,0.4,1.997288903710675
2026-10-03,1,wk inc rsv hosp,2026-10-10,32,quantile,0.45,2.084978251736155
2026-10-03,1,wk inc rsv hosp,2026-10-10,32,quantile,0.5,2.1042048982372297
2026-10-03,1,wk inc rsv hosp,2026-10-10,32,quantile,0.55,2.1205315423753026
2026-10-03,1,wk inc rsv hosp,2026-10-10,32,quantile,0.6,2.1828465991795127
2026-10-03,1,wk inc rsv hosp,2026-10-10,32,quantile,0.65,2.367785366648756
2026-10-03,1,wk inc rsv hosp,2026-10-10,32,quantile,0.7,2.4217156820665537
2026-10-03,1,wk inc rsv hosp,2026-10-10,32,quantile,0.75,2.503568319186507
2026-10-03,1,wk inc rsv hosp,2026-10-10,32,quantile,0.8,3.2333572829822073
2026-10-03,1,wk inc rsv hosp,2026-10-10,32,quantile,0.85,3.4423761087127724
2026-10-03,1,wk inc rsv hosp,2026-10-10,32,quantile,0.9,4.144488344092516
2026-10-03,1,wk inc rsv hosp,2026-10-10,32,quantile,0.95,4.9978179801803515
2026-10-03,1,wk inc rsv hosp,2026-10-10,32,quantile,0.975,7.553588412710819
2026-10-03,1,wk inc rsv hosp,2026-10-10,32,quantile,0.99,10.919330639895241
2026-10-03,1,wk inc rsv hosp,2026-10-10,33,quantile,0.01,0.0
2026-10-03,1,wk inc rsv hosp,2026-10-10,33,quantile,0.025,0.0
2026-10-03,1,wk inc rsv hosp,2026-10-10,33,quantile,0.05,0.0
2026-10-03,1,wk inc rsv hosp,2026-10-10,33,quantile,0.1,0.0
2026-10-03,1,wk inc rsv hosp,2026-10-10,33,quantile,0.15,0.0
2026-10-03,1,wk inc rsv hosp,2026-10-10,33,quantile,0.2,0.0
2026-10-03,1,wk inc rsv hosp,2026-10-10,33,quantile,0.25,0.0
2026-10-03,1,wk inc rsv hosp,2026-10-10,33,quantile,0.3,0.0
2026-10-03,1,wk inc rsv hosp,2026-10-10,33,quantile,0.35,0.1365653841242625
2026-10-03,1,wk inc rsv hosp,2026-10-10,33,quantile,0.4,0.3056879419491113
2026-10-03,1,wk inc rsv hosp,2026-10-10,33,quantile,0.45,0.35879406122385676
2026-10-03,1,wk inc rsv hosp,2026-10-10,33,quantile,0.5,0.3909729941768232
2026-10-03,1,wk inc rsv hosp,2026-10-10,33,quantile,0.55,0.4398720543737387
2026-10-03,1,wk inc rsv hosp,2026-10-10,33,quantile,0.6,0.5924488569681762
2026-10-03,1,wk inc rsv hosp,2026-10-10,33,quantile,0.65,0.6511062170326497
2026-10-03,1,wk inc rsv hosp,2026-10-10,33,quantile,0.7,0.8089183482387762
2026-10-03,1,wk inc rsv hosp,2026-10-10,33,quantile,0.75,0.9495679537842364
2026-10-03,1,wk inc rsv hosp,2026-10-10,33,quantile,0.8,1.015324187293412
2026-10-03,1,wk inc rsv hosp,2026-10-10,33,quantile,0.85,1.07604302784144
2026-10-03,1,wk inc rsv hosp,2026-10-10,33,quantile,0.9,1.1912580450151606
2026-10-03,1,wk inc rsv hosp,2026-10-10,33,quantile,0.95,1.3090173398718332
2026-10-03,1,wk inc rsv hosp,2026-10-10,33,quantile,0.975,1.9156894197465202
2026-10-03,1,wk inc rsv hosp,2026-10-10,33,quantile,0.99,2.6795887417264384
2026-10-03,1,wk inc rsv hosp,2026-10-10,34,quantile,0.01,3.3757505269526646
2026-10-03,1,wk inc rsv hosp,2026-10-10,34,quantile,0.025,4.153108526446273
2026-10-03,1,wk inc rsv hosp,2026-10-10,34,quantile,0.05,5.199419659622869
2026-10-03,1,wk inc rsv hosp,2026-10-10,34,quantile,0.1,6.236120634720652
2026-10-03,1,wk inc rsv hosp,2026-10-10,34,quantile,0.15,8.390979327065955
2026-10-03,1,wk inc rsv hosp,2026-10-10,34,quantile,0.2,10.691583750110526
2026-10-03,1,wk inc rsv hosp,2026-10-10,34,quantile,0.25,12.056389114383782
2026-10-03,1,wk inc rsv hosp,2026-10-10,34,quantile,0.3,14.326348443092636
2026-10-03,1,wk inc rsv hosp,2026-10-10,34,quantile,0.35,14.398871518432081
2026-10-03,1,wk inc rsv hosp,2026-10-10,34,quantile,0.4,14.438439322003118
2026-10-03,1,wk inc rsv hosp,2026-10-10,34,quantile,0.45,14.828550474680897
2026-10-03,1,wk inc rsv hosp,2026-10-10,34,quantile,0.5,15.423730801995537
2026-10-03,1,wk inc rsv hosp,2026-10-10,34,quantile,0.55,15.611135943091067
2026-10-03,1,wk inc rsv hosp,2026-10-10,34,quantile,0.6,15.635086581774381
2026-10-03,1,wk inc rsv hosp,2026-10-10,34,quantile,0.65,15.919617232818867
2026-10-03,1,wk inc rsv hosp,2026-10-10,34,quantile,0.7,16.5367931590379
2026-10-03,1,wk inc rsv hosp,2026-10-10,34,quantile,0.75,16.945559978374213
2026-10-03,1,wk inc rsv hosp,2026-10-10,34,quantile,0.8,17.27593626023596
2026-10-03,1,wk inc rsv hosp,2026-10-10,34,quantile,0.85,17.854308092779416
2026-10-03,1,wk inc rsv hosp,2026-10-10,34,quantile,0.9,19.755598802159756
2026-10-03,1,wk inc rsv hosp,2026-10-10,34,quantile,0.95,22.84939902032268
2026-10-03,1,wk inc rsv hosp,2026-10-10,34,quantile,0.975,29.61846293198478
2026-10-03,1,wk inc rsv hosp,2026-10-10,34,quantile,0.99,36.89543564332593
2026-10-03,1,wk inc rsv hosp,2026-10-10,35,quantile,0.01,0.0
2026-10-03,1,wk inc rsv hosp,2026-10-10,35,quantile,0.025,0.0
2026-10-03,1,wk inc rsv hosp,2026-10-10,35,quantile,0.05,0.0
2026-10-03,1,wk inc rsv hosp,2026-10-10,35,quantile,0.1,0.0
2026-10-03,1,wk inc rsv hosp,2026-10-10,35,quantile,0.15,0.0
2026-10-03,1,wk inc rsv hosp,2026-10-10,35,quantile,0.2,0.0
2026-10-03,1,wk inc rsv hosp,2026-10-10,35,quantile,0.25,0.0
2026-10-03,1,wk inc rsv hosp,2026-10-10,35,quantile,0.3,0.031884625306148884
2026-10-03,1,wk inc rsv hosp,2026-10-10,35,quantile,0.35,0.0671977680700106
2026-10-03,1,wk inc rsv hosp,2026-10-10,35,quantile,0.4,0.10216992361351487
2026-10-03,1,wk inc rsv hosp,2026-10-10,35,quantile,0.45,0.13837200220838386
2026-10-03,1,wk inc rsv hosp,2026-10-10,35,quantile,0.5,0.16846164333851443
2026-10-03,1,wk inc rsv hosp,2026-10-10,35,quantile,0.55,0.22295469060299403
2026-10-03,1,wk inc rsv hosp,2026-10-10,35,quantile,0.6,0.36047465577684235
2026-10-03,1,wk inc rsv hosp,2026-10-10,35,quantile,0.65,0.49320659583184745
2026-10-03,1,wk inc rsv hosp,2026-10-10,35,quantile,0.7,0.5597657729402719
2026-10-03,1,wk inc rsv hosp,2026-10-10,35,quantile,0.75,0.609733728633228
2026-10-03,1,wk inc rsv hosp,2026-10-10,35,quantile,0.8,0.6300845291779715
2026-10-03,1,wk inc rsv hosp,2026-10-10,35,quantile,0.85,1.0479165761944462
2026-10-03,1,wk inc rsv hosp,2026-10-10,35,quantile,0.9,1.361370022946751
2026-10-03,1,wk inc rsv hosp,2026-10-10,35,quantile,0.95,1.5694213864795667
2026-10-03,1,wk inc rsv hosp,2026-10-10,35,quantile,0.975,1.791186435480527
2026-10-03,1,wk inc rsv hosp,2026-10-10,35,quantile,0.99,2.0210438270954434
2026-10-03,1,wk inc rsv hosp,2026-10-10,36,quantile,0.01,13.347224684897203
2026-10-03,1,wk inc rsv hosp,2026-10-10,36,quantile,0.025,15.03221882524879
2026-10-03,1,wk inc rsv hosp,2026-10-10,36,quantile,0.05,17.309300849568217
2026-10-03,1,wk inc rsv hosp,2026-10-10,36,quantile,0.1,19.101748425593176
2026-10-03,1,wk inc rsv hosp,2026-10-10,36,quantile,0.15,20.39180036495228
2026-10-03,1,wk inc rsv hosp,2026-10-10,36,quantile,0.2,22.931803159451135
2026-10-03,1,wk inc rsv hosp,2026-10-10,36,quantile,0.25,23.271954510070945
2026-10-03,1,wk inc rsv hosp,2026-10-10,36,quantile,0.3,24.223753560409904
2026-10-03,1,wk inc rsv hosp,2026-10-10,36,quantile,0.35,24.73037027947044
2026-10-03,1,wk inc rsv hosp,2026-10-10,36,quantile,0.4,25.666353683277784
2026-10-03,1,wk inc rsv hosp,2026-10-10,36,quantile,0.45,27.355364751653852
2026-10-03,1,wk inc rsv hosp,2026-10-10,36,quantile,0.5,27.69969067925941
2026-10-03,1,wk inc rsv hosp,2026-10-10,36,quantile,0.55,27.913003881860213
2026-10-03,1,wk inc rsv hosp,2026-10-10,36,quantile,0.6,28.54470824227833
2026-10-03,1,wk inc rsv hosp,2026-10-10,36,quantile,0.65,28.811750841239334
2026-10-03,1,wk inc rsv hosp,2026-10-10,36,quantile,0.7,29.129661095219056
2026-10-03,1,wk inc rsv hosp,2026-10-10,36,quantile,0.75,29.648754059573033
2026-10-03,1,wk inc rsv hosp,2026-10-10,36,quantile,0.8,30.005684968801518
2026-10-03,1,wk inc rsv hosp,2026-10-10,36,quantile,0.85,32.90209495324376
2026-10-03,1,wk inc rsv hosp,2026-10-10,36,quantile,0.9,34.69893192321434
2026-10-03,1,wk inc rsv hosp,2026-10-10,36,quantile,0.95,35.126653032909175
2026-10-03,1,wk inc rsv hosp,2026-10-10,36,quantile,0.975,37.33957436646837
2026-10-03,1,wk inc rsv hosp,2026-10-10,36,quantile,0.99,39.57502780092422
2026-10-03,1,wk inc rsv hosp,2026-10-10,37,quantile,0.01,1.3310423105834013
2026-10-03,1,wk inc rsv hosp,2026-10-10,37,quantile,0.025,1.4359464575305052
2026-10-03,1,wk inc rsv hosp,2026-10-10,37,quantile,0.05,1.6067867516437109
2026-10-03,1,wk inc rsv hosp,2026-10-10,37,quantile,0.1,2.0121029537240416
2026-10-03,1,wk inc rsv hosp,2026-10-10,37,quantile,0.15,2.5406177539829415
2026-10-03,1,wk inc rsv hosp,2026-10-10,37,quantile,0.2,3.261560719534692
2026-10-03,1,wk inc rsv hosp,2026-10-10,37,quantile,0.25,3.9893519417268326
2026-10-03,1,wk inc rsv hosp,2026-10-10,37,quantile,0.3,4.939851498722508
2026-10-03,1,wk inc rsv hosp,2026-10-10,37,quantile,0.35,5.575100924824181
2026-10-03,1,wk inc rsv hosp,2026-10-10,37,quantile,0.4,5.80704945464076
2026-10-03,1,wk inc rsv hosp,2026-10-10,37,quantile,0.45,5.972142881932824
2026-10-03,1,wk inc rsv hosp,2026-10-10,37,quantile,0.5,6.204675771801367
2026-10-03,1,wk inc rsv hosp,2026-10-10,37,quantile,0.55,6.541830738640915
2026-10-03,1,wk inc rsv hosp,2026-10-10,37,quantile,0.6,6.753379126842754
2026-10-03,1,wk inc rsv hosp,2026-10-10,37,quantile,0.65,6.846316754479751
2026-10-03,1,wk inc rsv hosp,2026-10-10,37,quantile,0.7,7.146108905806557
2026-10-03,1,wk inc rsv hosp,2026-10-10,37,quantile,0.75,7.7427832010647775
2026-10-03,1,wk inc rsv hosp,2026-10-10,37,quantile,0.8,7.955173747943001
2026-10-03,1,wk inc rsv hosp,2026-10-10,37,quantile,0.85,8.36025540687687
2026-10-03,1,wk inc rsv hosp,2026-10-10,37,quantile,0.9,9.245099431930088
2026-10-03,1,wk inc rsv hosp,2026-10-10,37,quantile,0.95,13.223799206621576
2026-10-03,1,wk inc rsv hosp,2026-10-10,37,quantile,0.975,14.630773270930277
2026-10-03,1,wk inc rsv hosp,2026-10-10,37,quantile,0.99,14.780606841969764
2026-10-03,1,wk inc rsv hosp,2026-10-10,38,quantile,0.01,0.0
2026-10-03,1,wk inc rsv hosp,2026-10-10,38,quantile,0.025,0.0
2026-10-03,1,wk inc rsv hosp,2026-10-10,38,quantile,0.05,0.0
2026-10-03,1,wk inc rsv hosp,2026-10-10,38,quantile,0.1,0.0
2026-10-03,1,wk inc rsv hosp,2026-10-10,38,quantile,0.15,0.0
2026-10-03,1,wk inc rsv hosp,2026-10-10,38,quantile,0.2,0.0
2026-10-03,1,wk inc rsv hosp,2026-10-10,38,quantile,0.25,0.0
2026-10-03,1,wk inc rsv hosp,2026-10-10,38,quantile,0.3,0.0
2026-10-03,1,wk inc rsv hosp,2026-10-10,38,quantile,0.35,0.0
2026-10-03,1,wk inc rsv hosp,2026-10-10,38,quantile,0.4,0.11747552575161757
2026-10-03,1,wk inc rsv hosp,2026-10-10,38,quantile,0.45,0.13473413612602245
2026-10-03,1,wk inc rsv hosp,2026-10-10,38,quantile,0.5,0.1961991584320968
2026-10-03,1,wk inc rsv hosp,2026-10-10,38,quantile,0.55,0.26016287108026015
2026-10-03,1,wk inc rsv hosp,2026-10-10,38,quantile,0.6,0.27149143655182134
2026-10-03,1,wk inc rsv hosp,2026-10-10,38,quantile,0.65,0.3583439487218921
2026-10-03,1,wk inc rsv hosp,2026-10-10,38,quantile,0.7,0.4031088527266391
2026-10-03,1,wk inc rsv hosp,2026-10-10,38,quantile,0.75,0.5105389494950816
2026-10-03,1,wk inc rsv hosp,2026-10-10,38,quantile,0.8,0.5838970390730593
2026-10-03,1,wk inc rsv hosp,2026-10-10,38,quantile,0.85,0.7097490177678152
2026-10-03,1,wk inc rsv hosp,2026-10-10,38,quantile,0.9,0.7921101757933477
2026-10-03,1,wk inc rsv hosp,2026-10-10,38,quantile,0.95,1.0636711745160286
2026-10-03,1,wk inc rsv hosp,2026-10-10,38,quantile,0.975,1.5035624694085448
2026-10-03,1,wk inc rsv hosp,2026-10-10,38,quantile,0.99,1.9326970428837589
2026-10-03,1,wk inc rsv hosp,2026-10-10,39,quantile,0.01,2.023129810719176
2026-10-03,1,wk inc rsv hosp,2026-10-10,39,quantile,0.025,2.0497098254266723
2026-10-03,1,wk inc rsv hosp,2026-10-10,39,quantile,0.05,2.1351575907584253
2026-10-03,1,wk inc rsv hosp,2026-10-10,39,quantile,0.1,2.6427147957430415
2026-10-03,1,wk inc rsv hosp,2026-10-10,39,quantile,0.15,4.469703575689712
2026-10-03,1,wk inc rsv hosp,2026-10-10,39,quantile,0.2,5.235248147080256
2026-10-03,1,wk inc rsv hosp,2026-10-10,39,quantile,0.25,6.823368732080892
2026-10-03,1,wk inc rsv hosp,2026-10-10,39,quantile,0.3,7.3659009857612014
2026-10-03,1,wk inc rsv hosp,2026-10-10,39,quantile,0.35,7.88596509734612
2026-10-03,1,wk inc rsv hosp,2026-10-10,39,quantile,0.4,8.22740092078499
2026-10-03,1,wk inc rsv hosp,2026-10-10,39,quantile,0.45,9.011859655160556
2026-10-03,1,wk inc rsv hosp,2026-10-10,39,quantile,0.5,9.555180756699997
2026-10-03,1,wk inc rsv hosp,2026-10-10,39,quantile,0.55,10.252366118360088
2026-10-03,1,wk inc rsv hosp,2026-10-10,39,quantile,0.6,10.437687539009367
2026-10-03,1,wk inc rsv hosp,2026-10-10,39,quantile,0.65,11.159320686451164
2026-10-03,1,wk inc rsv hosp,2026-10-10,39,quantile,0.7,11.786133122139246
2026-10-03,1,wk inc rsv hosp,2026-10-10,39,quantile,0.75,12.262981470647334
2026-10-03,1,wk inc rsv hosp,2026-10-10,39,quantile,0.8,12.540876167204821
2026-10-03,1,wk inc rsv hosp,2026-10-10,39,quantile,0.85,13.585610170212021
2026-10-03,1,wk inc rsv hosp,2026-10-10,39,quantile,0.9,17.180583232180194
2026-10-03,1,wk inc rsv hosp,2026-10-10,39,quantile,0.95,20.489051752104594
2026-10-03,1,wk inc rsv hosp,2026-10-10,39,quantile,0.975,22.011347061638553
2026-10-03,1,wk inc rsv hosp,2026-10-10,39,quantile,0.99,23.126132476034527
2026-10-03,1,wk inc rsv hosp,2026-10-10,40,quantile,0.01,0.0
2026-10-03,1,wk inc rsv hosp,2026-10-10,40,quantile,0.025,0.0
2026-10-03,1,wk inc rsv hosp,2026-10-10,40,quantile,0.05,0.04028470601858361
2026-10-03,1,wk inc rsv hosp,2026-10-10,40,quantile,0.1,0.09816909314194706
2026-10-03,1,wk inc rsv hosp,2026-10-10,40,quantile,0.15,0.274742243580004
2026-10-03,1,wk inc rsv hosp,2026-10-10,40,quantile,0.2,0.35449844432980265
2026-10-03,1,wk inc rsv hosp,2026-10-10,40,quantile,0.25,0.6783730604415691
2026-10-03,1,wk inc rsv hosp,2026-10-10,40,quantile,0.3,0.777140173209987
2026-10-03,1,wk inc rsv hosp,2026-10-10,40,quantile,0.35,0.9039779571609649
2026-10-03,1,wk inc rsv hosp,2026-10-10,40,quantile,0.4,1.0176576200978475
2026-10-03,1,wk inc rsv hosp,2026-10-10,40,quantile,0.45,1.2707988389578007
2026-10-03,1,wk inc rsv hosp,2026-10-10,40,quantile,0.5,1.5027806271970436
2026-10-03,1,wk inc rsv hosp,2026-10-10,40,quantile,0.55,1.662714147180743
2026-10-03,1,wk inc rsv hosp,2026-10-10,40,quantile,0.6,1.7612847091898074
2026-10-03,1,wk inc rsv hosp,2026-10-10,40,quantile,0.65,1.8021452757232175
2026-10-03,1,wk inc rsv hosp,2026-10-10,40,quantile,0.7,1.8178340000436177
2026-10-03,1,wk inc rsv hosp,2026-10-10,40,quantile,0.75,1.8305150862539032
2026-10-03,1,wk inc rsv hosp,2026-10-10,40,quantile,0.8,1.9192204779505804
2026-10-03,1,wk inc rsv hosp,2026-10-10,40,quantile,0.85,2.058067432072609
2026-10-03,1,wk inc rsv hosp,2026-10-10,40,quantile,0.9,2.599791279911103
2026-10-03,1,wk inc rsv hosp,2026-10-10,40,quantile,0.95,3.4181088534193877
2026-10-03,1,wk inc rsv hosp,2026-10-10,40,quantile,0.975,4.791161135575864
2026-10-03,1,wk inc rsv hosp,2026-10-10,40,quantile,0.99,6.28852125715934
2026-10-03,1,wk inc rsv hosp,2026-10-10,41,quantile,0.01,0.0
2026-10-03,1,wk inc rsv hosp,2026-10-10,41,quantile,0.025,0.0
2026-10-03,1,wk inc rsv hosp,2026-10-10,41,quantile,0.05,0.0
2026-10-03,1,wk inc rsv hosp,2026-10-10,41,quantile,0.1,0.0
2026-10-03,1,wk inc rsv hosp,2026-10-10,41,quantile,0.15,0.0
2026-10-03,1,wk inc rsv hosp,2026-10-10,41,quantile,0.2,0.0
2026-10-03,1,wk inc rsv hosp,2026-10-10,41,quantile,0.25,0.0
2026-10-03,1,wk inc rsv hosp,2026-10-10,41,quantile,0.3,0.0
2026-10-03,1,wk inc rsv hosp,2026-10-10,41,quantile,0.35,0.0
2026-10-03,1,wk inc rsv hosp,2026-10-10,41,quantile,0.4,0.0
2026-10-03,1,wk inc rsv hosp,2026-10-10,41,quantile,0.45,0.07201964820045906
2026-10-03,1,wk inc rsv hosp,2026-10-10,41,quantile,0.5,0.08098976994212413
2026-10-03,1,wk inc rsv hosp,2026-10-10,41,quantile,0.55,0.09933767166570259
2026-10-03,1,wk inc rsv hosp,2026-10-10,41,quantile,0.6,0.17147466122526783
2026-10-03,1,wk inc rsv hosp,2026-10-10,41,quantile,0.65,0.24965628742437806
2026-10-03,1,wk inc rsv hosp,2026-10-10,41,quantile,0.7,0.28820313406246695
2026-10-03,1,wk inc rsv hosp,2026-10-10,41,quantile,0.75,0.36289087061850855
2026-10-03,1,wk inc rsv hosp,2026-10-10,41,quantile,0.8,0.3856416436734217
2026-10-03,1,wk inc rsv hosp,2026-10-10,41,quantile,0.85,0.6980465805426903
2026-10-03,1,wk inc rsv hosp,2026-10-10,41,quantile,0.9,2.038359733264505
2026-10-03,1,wk inc rsv hosp,2026-10-10,41,quantile,0.95,2.807237474533057
2026-10-03,1,wk inc rsv hosp,2026-10-10,41,quantile,0.975,3.349118552081963
2026-10-03,1,wk inc rsv hosp,2026-10-10,41,quantile,0.99,3.7287080450158787
2026-10-03,1,wk inc rsv hosp,2026-10-10,42,quantile,0.01,32.816880205168445
2026-10-03,1,wk inc rsv hosp,2026-10-10,42,quantile,0.025,33.82233488237598
2026-10-03,1,wk inc rsv hosp,2026-10-10,42,quantile,0.05,37.091437826592056
2026-10-03,1,wk inc rsv hosp,2026-10-10,42,quantile,0.1,44.72360825573033
2026-10-03,1,wk inc rsv hosp,2026-10-10,42,quantile,0.15,45.867218696372404
2026-10-03,1,wk inc rsv hosp,2026-10-10,42,quantile,0.2,49.24481663085595
2026-10-03,1,wk inc rsv hosp,2026-10-10,42,quantile,0.25,49.35041393808697
2026-10-03,1,wk inc rsv hosp,2026-10-10,42,quantile,0.3,49.62953168704631
2026-10-03,1,wk inc rsv hosp,2026-10-10,42,quantile,0.35,49.82206292661652
2026-10-03,1,wk inc rsv hosp,2026-10-10,42,quantile,0.4,50.08367619182176
2026-10-03,1,wk inc rsv hosp,2026-10-10,42,quantile,0.45,50.993734165578374
2026-10-03,1,wk inc rsv hosp,2026-10-10,42,quantile,0.5,52.697019110159005
2026-10-03,1,wk inc rsv hosp,2026-10-10,42,quantile,0.55,55.730627720663
2026-10-03,1,wk inc rsv hosp,2026-10-10,42,quantile,0.6,57.94089783109124
2026-10-03,1,wk inc rsv hosp,2026-10-10,42,quantile,0.65,58.3770648454526
2026-10-03,1,wk inc rsv hosp,2026-10-10,42,quantile,0.7,59.92425227756399
2026-10-03,1,wk inc rsv hosp,2026-10-10,42,quantile,0.75,62.68634737799269
2026-10-03,1,wk inc rsv hosp,2026-10-10,42,quantile,0.8,64.25296896878541
2026-10-03,1,wk inc rsv hosp,2026-10-10,42,quantile,0.85,65.8770321374171
2026-10-03,1,wk inc rsv hosp,2026-10-10,42,quantile,0.9,68.54994648597092
2026-10-03,1,wk inc rsv hosp,2026-10-10,42,quantile,0.95,77.12665127702421
2026-10-03,1,wk inc rsv hosp,2026-10-10,42,quantile,0.975,85.80312830714817
2026-10-03,1,wk inc rsv hosp,2026-10-10,42,quantile,0.99,91.78463800742763
2026-10-03,1,wk inc rsv hosp,2026-10-10,44,quantile,0.01,0.015263076688855143
2026-10-03,1,wk inc rsv hosp,2026-10-10,44,quantile,0.025,0.2581527915446629
2026-10-03,1,wk inc rsv hosp,2026-10-10,44,quantile,0.05,0.6055841603385537
2026-10-03,1,wk inc rsv hosp,2026-10-10,44,quantile,0.1,0.940288025669286
2026-10-03,1,wk inc rsv hosp,2026-10-10,44,quantile,0.15,1.3623583766237632
2026-10-03,1,wk inc rsv hosp,2026-10-10,44,quantile,0.2,1.5668001552253545
2026-10-03,1,wk inc rsv hosp,2026-10-10,44,quantile,0.25,1.6133686433439673
2026-10-03,1,wk inc rsv hosp,2026-10-10,44,quantile,0.3,1.6714283588888712
2026-10-03,1,wk inc rsv hosp,2026-10-10,44,quantile,0.35,1.7346847241720842
2026-10-03,1,wk inc rsv hosp,2026-10-10,44,quantile,0.4,1.7629282118205178
2026-10-03,1,wk inc rsv hosp,2026-10-10,44,quantile,0.45,2.084497022063942
2026-10-03,1,wk inc rsv hosp,2026-10-10,44,quantile,0.5,2.338231545585908
2026-10-03,1,wk inc rsv hosp,2026-10-10,44,quantile,0.55,2.703304804349513
2026-10-03,1,wk inc rsv hosp,2026-10-10,44,quantile,0.6,2.7939642836613645
2026-10-03,1,wk inc rsv hosp,2026-10-10,44,quantile,0.65,3.108580172025499
2026-10-03,1,wk inc rsv hosp,2026-10-10,44,quantile,0.7,3.7351389399962427
2026-10-03,1,wk inc rsv hosp,2026-10-10,44,quantile,0.75,3.946235156568269
2026-10-03,1,wk inc rsv hosp,2026-10-10,44,quantile,0.8,4.126516645065501
2026-10-03,1,wk inc rsv hosp,2026-10-10,44,quantile,0.85,4.202854456036014
2026-10-03,1,wk inc rsv hosp,2026-10-10,44,quantile,0.9,4.410542290806031
2026-10-03,1,wk inc rsv hosp,2026-10-10,44,quantile,0.95,5.028306895271091
2026-10-03,1,wk inc rsv hosp,2026-10-10,44,quantile,0.975,6.366920009018077
2026-10-03,1,wk inc rsv hosp,2026-10-10,44,quantile,0.99,7.701791402058031
2026-10-03,1,wk inc rsv hosp,2026-10-10,45,quantile,0.01,0.9567576281210458
2026-10-03,1,wk inc rsv hosp,2026-10-10,45,quantile,0.025,2.1343539720775704
2026-10-03,1,wk inc rsv hosp,2026-10-10,45,quantile,0.05,4.093746519764021
2026-10-03,1,wk inc rsv hosp,2026-10-10,45,quantile,0.1,4.347256999284209
2026-10-03,1,wk inc rsv hosp,2026-10-10,45,quantile,0.15,4.936844565369475
2026-10-03,1,wk inc rsv hosp,2026-10-10,45,quantile,0.2,5.447490799049213
2026-10-03,1,wk inc rsv hosp,2026-10-10,45,quantile,0.25,6.100911325762574
2026-10-03,1,wk inc rsv hosp,2026-10-10,45,quantile,0.3,6.461319210949818
2026-10-03,1,wk inc rsv hosp,2026-10-10,45,quantile,0.35,6.920999161210305
2026-10-03,1,wk inc rsv hosp,2026-10-10,45,quantile,0.4,7.020252369069469
2026-10-03,1,wk inc rsv hosp,2026-10-10,45,quantile,0.45,7.416887256528083
2026-10-03,1,wk inc rsv hosp,2026-10-10,45,quantile,0.5,7.698984428722056
2026-10-03,1,wk inc rsv hosp,2026-10-10,45,quantile,0.55,8.026158811036929
2026-10-03,1,wk inc rsv hosp,2026-10-10,45,quantile,0.6,8.470186933987254
2026-10-03,1,wk inc rsv hosp,2026-10-10,45,quantile,0.65,8.7581205183941
2026-10-03,1,wk inc rsv hosp,2026-10-10,45,quantile,0.7,9.393752215267702
2026-10-03,1,wk inc rsv hosp,2026-10-10,45,quantile,0.75,10.738573171899578
2026-10-03,1,wk inc rsv hosp,2026-10-10,45,quantile,0.8,12.570957905224986
2026-10-03,1,wk inc rsv hosp,2026-10-10,45,quantile,0.85,14.555391675650368
2026-10-03,1,wk inc rsv hosp,2026-10-10,45,quantile,0.9,16.288901895749767
2026-10-03,1,wk inc rsv hosp,2026-10-10,45,quantile,0.95,17.931379037408597
2026-10-03,1,wk inc rsv hosp,2026-10-10,45,quantile,0.975,21.731987254376627
2026-10-03,1,wk inc rsv hosp,2026-10-10,45,quantile,0.99,25.57831048092843
2026-10-03,1,wk inc rsv hosp,2026-10-10,46,quantile,0.01,0.0
2026-10-03,1,wk inc rsv hosp,2026-10-10,46,quantile,0.025,0.001669433826193144
2026-10-03,1,wk inc rsv hosp,2026-10-10,46,quantile,0.05,0.20697347494921392
2026-10-03,1,wk inc rsv hosp,2026-10-10,46,quantile,0.1,0.3067583337673351
2026-10-03,1,wk inc rsv hosp,2026-10-10,46,quantile,0.15,0.4857176799272095
2026-10-03,1,wk inc rsv hosp,2026-10-10,46,quantile,0.2,0.5324152229016744
2026-10-03,1,wk inc rsv hosp,2026-10-10,46,quantile,0.25,0.6625602663289352
2026-10-03,1,wk inc rsv hosp,2026-10-10,46,quantile,0.3,0.7686468022805981
2026-10-03,1,wk inc rsv hosp,2026-10-10,46,quantile,0.35,0.8739991707692143
2026-10-03,1,wk inc rsv hosp,2026-10-10,46,quantile,0.4,1.0268923152165208
2026-10-03,1,wk inc rsv hosp,2026-10-10,46,quantile,0.45,1.047279836238211
2026-10-03,1,wk inc rsv hosp,2026-10-10,46,quantile,0.5,1.2383720326923053
2026-10-03,1,wk inc rsv hosp,2026-10-10,46,quantile,0.55,1.5005956453447804
2026-10-03,1,wk inc rsv hosp,2026-10-10,46,quantile,0.6,1.5334022552608868
2026-10-03,1,wk inc rsv hosp,2026-10-10,46,quantile,0.65,1.606272520265465
2026-10-03,1,wk inc rsv hosp,2026-10-10,46,quantile,0.7,1.7880079783216916
2026-10-03,1,wk inc rsv hosp,2026-10-10,46,quantile,0.75,2.07458072676602
2026-10-03,1,wk inc rsv hosp,2026-10-10,46,quantile,0.8,2.205965065077014
2026-10-03,1,wk inc rsv hosp,2026-10-10,46,quantile,0.85,2.3666310843113774
2026-10-03,1,wk inc rsv hosp,2026-10-10,46,quantile,0.9,2.907864584149877
2026-10-03,1,wk inc rsv hosp,2026-10-10,46,quantile,0.95,3.6314553706485513
2026-10-03,1,wk inc rsv hosp,2026-10-10,46,quantile,0.975,4.3459466710827
2026-10-03,1,wk inc rsv hosp,2026-10-10,46,quantile,0.99,4.936976101569471
2026-10-03,1,wk inc rsv hosp,2026-10-10,47,quantile,0.01,2.6011093816615416
2026-10-03,1,wk inc rsv hosp,2026-10-10,47,quantile,0.025,3.175435302300668
2026-10-03,1,wk inc rsv hosp,2026-10-10,47,quantile,0.05,3.9470030747341265
2026-10-03,1,wk inc rsv hosp,2026-10-10,47,quantile,0.1,5.078426756342989
2026-10-03,1,wk inc rsv hosp,2026-10-10,47,quantile,0.15,6.244066726157966
2026-10-03,1,wk inc rsv hosp,2026-10-10,47,quantile,0.2,7.009874447483692
2026-10-03,1,wk inc rsv hosp,2026-10-10,47,quantile,0.25,7.662475079900993
2026-10-03,1,wk inc rsv hosp,2026-10-10,47,quantile,0.3,8.08881534804767
2026-10-03,1,wk inc rsv hosp,2026-10-10,47,quantile,0.35,9.20186698521196
2026-10-03,1,wk inc rsv hosp,2026-10-10,47,quantile,0.4,9.983072479780406
2026-10-03,1,wk inc rsv hosp,2026-10-10,47,quantile,0.45,10.607210447412239
2026-10-03,1,wk inc rsv hosp,2026-10-10,47,quantile,0.5,11.446660617783877
2026-10-03,1,wk inc rsv hosp,2026-10-10,47,quantile,0.55,11.904805442993965
2026-10-03,1,wk inc rsv hosp,2026-10-10,47,quantile,0.6,12.005948547884145
2026-10-03,1,wk inc rsv hosp,2026-10-10,47,quantile,0.65,12.354930379023454
2026-10-03,1,wk inc rsv hosp,2026-10-10,47,quantile,0.7,12.546963515666388
2026-10-03,1,wk inc rsv hosp,2026-10-10,47,quantile,0.75,12.840759800432817
2026-10-03,1,wk inc rsv hosp,2026-10-10,47,quantile,0.8,13.03936398632647
2026-10-03,1,wk inc rsv hosp,2026-10-10,47,quantile,0.85,14.252946038270327
2026-10-03,1,wk inc rsv hosp,2026-10-10,47,quantile,0.9,18.049403180856878
2026-10-03,1,wk inc rsv hosp,2026-10-10,47,quantile,0.95,24.233172939145717
2026-10-03,1,wk inc rsv hosp,2026-10-10,47,quantile,0.975,27.22579117591933
2026-10-03,1,wk inc rsv hosp,2026-10-10,47,quantile,0.99,28.53277593331658
2026-10-03,1,wk inc rsv hosp,2026-10-10,48,quantile,0.01,40.93076921132291
2026-10-03,1,wk inc rsv hosp,2026-10-10,48,quantile,0.025,40.95788834817252
2026-10-03,1,wk inc rsv hosp,2026-10-10,48,quantile,0.05,41.09109993208959
2026-10-03,1,wk inc rsv hosp,2026-10-10,48,quantile,0.1,42.14772371061626
2026-10-03,1,wk inc rsv hosp,2026-10-10,48,quantile,0.15,43.587786822209225
2026-10-03,1,wk inc rsv hosp,2026-10-10,48,quantile,0.2,57.667673191110566
2026-10-03,1,wk inc rsv hosp,2026-10-10,48,quantile,0.25,61.56144715772034
2026-10-03,1,wk inc rsv hosp,2026-10-10,48,quantile,0.3,71.06040321591249
2026-10-03,1,wk inc rsv hosp,2026-10-10,48,quantile,0.35,75.66803917766926
2026-10-03,1,wk inc rsv hosp,2026-10-10,48,quantile,0.4,79.69209149801222
2026-10-03,1,wk inc rsv hosp,2026-10-10,48,quantile,0.45,82.70939024909461
2026-10-03,1,wk inc rsv hosp,2026-10-10,48,quantile,0.5,83.01003355086975
2026-10-03,1,wk inc rsv hosp,2026-10-10,48,quantile,0.55,83.38036160563465
2026-10-03,1,wk inc rsv hosp,2026-10-10,48,quantile,0.6,83.89799602758856
2026-10-03,1,wk inc rsv hosp,2026-10-10,48,quantile,0.65,85.09546685670391
2026-10-03,1,wk inc rsv hosp,2026-10-10,48,quantile,0.7,90.76367074046112
2026-10-03,1,wk inc rsv hosp,2026-10-10,48,quantile,0.75,95.68861784895907
2026-10-03,1,wk inc rsv hosp,2026-10-10,48,quantile,0.8,96.68471651518934
2026-10-03,1,wk inc rsv hosp,2026-10-10,48,quantile,0.85,99.38607437571159
2026-10-03,1,wk inc rsv hosp,2026-10-10,48,quantile,0.9,107.88683924574366
2026-10-03,1,wk inc rsv hosp,2026-10-10,48,quantile,0.95,110.72595641544979
2026-10-03,1,wk inc rsv hosp,2026-10-10,48,quantile,0.975,142.1607825055622
2026-10-03,1,wk inc rsv hosp,2026-10-10,48,quantile,0.99,181.65663746080682
2026-10-03,1,wk inc rsv hosp,2026-10-10,49,quantile,0.01,0.0
2026-10-03,1,wk inc rsv hosp,2026-10-10,49,quantile,0.025,0.0
2026-10-03,1,wk inc rsv hosp,2026-10-10,49,quantile,0.05,0.0
2026-10-03,1,wk inc rsv hosp,2026-10-10,49,quantile,0.1,0.0
2026-10-03,1,wk inc rsv hosp,2026-10-10,49,quantile,0.15,0.0
2026-10-03,1,wk inc rsv hosp,2026-10-10,49,quantile,0.2,0.0276987156933757
2026-10-03,1,wk inc rsv hosp,2026-10-10,49,quantile,0.25,0.16536514776923913
2026-10-03,1,wk inc rsv hosp,2026-10-10,49,quantile,0.3,0.3143617105515739
2026-10-03,1,wk inc rsv hosp,2026-10-10,49,quantile,0.35,0.4620230723756308
2026-10-03,1,wk inc rsv hosp,2026-10-10,49,quantile,0.4,0.4742693731514791
2026-10-03,1,wk inc rsv hosp,2026-10-10,49,quantile,0.45,0.5399288246415891
2026-10-03,1,wk inc rsv hosp,2026-10-10,49,quantile,0.5,0.5434440584929824
2026-10-03,1,wk inc rsv hosp,2026-10-10,49,quantile,0.55,0.581665769079799
2026-10-03,1,wk inc rsv hosp,2026-10-10,49,quantile,0.6,0.6393821963255178
2026-10-03,1,wk inc rsv hosp,2026-10-10,49,quantile,0.65,1.0105310663552114
2026-10-03,1,wk inc rsv hosp,2026-10-10,49,quantile,0.7,1.3438148399464693
2026-10-03,1,wk inc rsv hosp,2026-10-10,49,quantile,0.75,1.4377296655236762
2026-10-03,1,wk inc rsv hosp,2026-10-10,49,quantile,0.8,2.58905029296875
2026-10-03,1,wk inc rsv hosp,2026-10-10,49,quantile,0.85,3.739692090638871
2026-10-03,1,wk inc rsv hosp,2026-10-10,49,quantile,0.9,4.358617675485329
2026-10-03,1,wk inc rsv hosp,2026-10-10,49,quantile,0.95,10.519091072782297
2026-10-03,1,wk inc rsv hosp,2026-10-10,49,quantile,0.975,14.828794374459237
2026-10-03,1,wk inc rsv hosp,2026-10-10,49,quantile,0.99,16.452439426647366
2026-10-03,1,wk inc rsv hosp,2026-10-10,50,quantile,0.01,0.0
2026-10-03,1,wk inc rsv hosp,2026-10-10,50,quantile,0.025,0.0
2026-10-03,1,wk inc rsv hosp,2026-10-10,50,quantile,0.05,0.0
2026-10-03,1,wk inc rsv hosp,2026-10-10,50,quantile,0.1,0.0
2026-10-03,1,wk inc rsv hosp,2026-10-10,50,quantile,0.15,0.03946725520324215
2026-10-03,1,wk inc rsv hosp,2026-10-10,50,quantile,0.2,0.1136307306338555
2026-10-03,1,wk inc rsv hosp,2026-10-10,50,quantile,0.25,0.1753184962986071
2026-10-03,1,wk inc rsv hosp,2026-10-10,50,quantile,0.3,0.21977720368286818
2026-10-03,1,wk inc rsv hosp,2026-10-10,50,quantile,0.35,0.2781668632059114
2026-10-03,1,wk inc rsv hosp,2026-10-10,50,quantile,0.4,0.29781293869018555
2026-10-03,1,wk inc rsv hosp,2026-10-10,50,quantile,0.45,0.36844718289205763
2026-10-03,1,wk inc rsv hosp,2026-10-10,50,quantile,0.5,0.41772051144336136
2026-10-03,1,wk inc rsv hosp,2026-10-10,50,quantile,0.55,0.43072424149254007
2026-10-03,1,wk inc rsv hosp,2026-10-10,50,quantile,0.6,0.45364919645575297
2026-10-03,1,wk inc rsv hosp,2026-10-10,50,quantile,0.65,0.6646660280451513
2026-10-03,1,wk inc rsv hosp,2026-10-10,50,quantile,0.7,0.7324840946514424
2026-10-03,1,wk inc rsv hosp,2026-10-10,50,quantile,0.75,0.8755347916460879
2026-10-03,1,wk inc rsv hosp,2026-10-10,50,quantile,0.8,1.009072296143997
2026-10-03,1,wk inc rsv hosp,2026-10-10,50,quantile,0.85,1.095666696158362
2026-10-03,1,wk inc rsv hosp,2026-10-10,50,quantile,0.9,1.3283920778033897
2026-10-03,1,wk inc rsv hosp,2026-10-10,50,quantile,0.95,1.8554085190010827
2026-10-03,1,wk inc rsv hosp,2026-10-10,50,quantile,0.975,2.5033562854071993
2026-10-03,1,wk inc rsv hosp,2026-10-10,50,quantile,0.99,3.0255662493019044
2026-10-03,1,wk inc rsv hosp,2026-10-10,51,quantile,0.01,2.6283962154171348
2026-10-03,1,wk inc rsv hosp,2026-10-10,51,quantile,0.025,2.8858078749134712
2026-10-03,1,wk inc rsv hosp,2026-10-10,51,quantile,0.05,3.3018195181038883
2026-10-03,1,wk inc rsv hosp,2026-10-10,51,quantile,0.1,3.8544210724707284
2026-10-03,1,wk inc rsv hosp,2026-10-10,51,quantile,0.15,4.093876364505897
2026-10-03,1,wk inc rsv hosp,2026-10-10,51,quantile,0.2,5.149332444726364
2026-10-03,1,wk inc rsv hosp,2026-10-10,51,quantile,0.25,6.338132635466842
2026-10-03,1,wk inc rsv hosp,2026-10-10,51,quantile,0.3,6.891275788860281
2026-10-03,1,wk inc rsv hosp,2026-10-10,51,quantile,0.35,7.748081885343406
2026-10-03,1,wk inc rsv hosp,2026-10-10,51,quantile,0.4,7.988652118240419
2026-10-03,1,wk inc rsv hosp,2026-10-10,51,quantile,0.45,8.422517962064493
2026-10-03,1,wk inc rsv hosp,2026-10-10,51,quantile,0.5,8.581193206742919
2026-10-03,1,wk inc rsv hosp,2026-10-10,51,quantile,0.55,8.720472051359211
2026-10-03,1,wk inc rsv hosp,2026-10-10,51,quantile,0.6,9.554036638941628
2026-10-03,1,wk inc rsv hosp,2026-10-10,51,quantile,0.65,9.784616161013581
2026-10-03,1,wk inc rsv hosp,2026-10-10,51,quantile,0.7,10.593044470227982
2026-10-03,1,wk inc rsv hosp,2026-10-10,51,quantile,0.75,11.16486253808247
2026-10-03,1,wk inc rsv hosp,2026-10-10,51,quantile,0.8,11.37023631799128
2026-10-03,1,wk inc rsv hosp,2026-10-10,51,quantile,0.85,11.656195562650206
2026-10-03,1,wk inc rsv hosp,2026-10-10,51,quantile,0.9,12.58136865074084
2026-10-03,1,wk inc rsv hosp,2026-10-10,51,quantile,0.95,23.88765491232246
2026-10-03,1,wk inc rsv hosp,2026-10-10,51,quantile,0.975,29.944504248656052
2026-10-03,1,wk inc rsv hosp,2026-10-10,51,quantile,0.99,30.926899948226996
2026-10-03,1,wk inc rsv hosp,2026-10-10,53,quantile,0.01,1.4030166397673636
2026-10-03,1,wk inc rsv hosp,2026-10-10,53,quantile,0.025,1.4627711464340991
2026-10-03,1,wk inc rsv hosp,2026-10-10,53,quantile,0.05,1.616852049118967
2026-10-03,1,wk inc rsv hosp,2026-10-10,53,quantile,0.1,1.9618066283403197
2026-10-03,1,wk inc rsv hosp,2026-10-10,53,quantile,0.15,2.3122804471031695
2026-10-03,1,wk inc rsv hosp,2026-10-10,53,quantile,0.2,2.80618168550895
2026-10-03,1,wk inc rsv hosp,2026-10-10,53,quantile,0.25,3.0459592777484064
2026-10-03,1,wk inc rsv hosp,2026-10-10,53,quantile,0.3,3.3819553296265816
2026-10-03,1,wk inc rsv hosp,2026-10-10,53,quantile,0.35,3.622752436778934
2026-10-03,1,wk inc rsv hosp,2026-10-10,53,quantile,0.4,3.7004710108087497
2026-10-03,1,wk inc rsv hosp,2026-10-10,53,quantile,0.45,3.923228993985159
2026-10-03,1,wk inc rsv hosp,2026-10-10,53,quantile,0.5,4.247394565455777
2026-10-03,1,wk inc rsv hosp,2026-10-10,53,quantile,0.55,4.592455955693088
2026-10-03,1,wk inc rsv hosp,2026-10-10,53,quantile,0.6,4.676397052951964
2026-10-03,1,wk inc rsv hosp,2026-10-10,53,quantile,0.65,4.964059695196736
2026-10-03,1,wk inc rsv hosp,2026-10-10,53,quantile,0.7,5.06176823601679
2026-10-03,1,wk inc rsv hosp,2026-10-10,53,quantile,0.75,5.335109102274194
2026-10-03,1,wk inc rsv hosp,2026-10-10,53,quantile,0.8,5.486036696564195
2026-10-03,1,wk inc rsv hosp,2026-10-10,53,quantile,0.85,5.720755288053894
2026-10-03,1,wk inc rsv hosp,2026-10-10,53,quantile,0.9,6.486274672557278
2026-10-03,1,wk inc rsv hosp,2026-10-10,53,quantile,0.95,7.632838779078018
2026-10-03,1,wk inc rsv hosp,2026-10-10,53,quantile,0.975,9.542255426298814
2026-10-03,1,wk inc rsv hosp,2026-10-10,53,quantile,0.99,11.531487107794067
2026-10-03,1,wk inc rsv hosp,2026-10-10,54,quantile,0.01,0.0
2026-10-03,1,wk inc rsv hosp,2026-10-10,54,quantile,0.025,0.0
2026-10-03,1,wk inc rsv hosp,2026-10-10,54,quantile,0.05,0.1740090310263804
2026-10-03,1,wk inc rsv hosp,2026-10-10,54,quantile,0.1,0.8488025488285588
2026-10-03,1,wk inc rsv hosp,2026-10-10,54,quantile,0.15,1.18453061840301
2026-10-03,1,wk inc rsv hosp,2026-10-10,54,quantile,0.2,1.3036271886537976
2026-10-03,1,wk inc rsv hosp,2026-10-10,54,quantile,0.25,1.335052600756316
2026-10-03,1,wk inc rsv hosp,2026-10-10,54,quantile,0.3,1.478569552818356
2026-10-03,1,wk inc rsv hosp,2026-10-10,54,quantile,0.35,1.6278492578471246
2026-10-03,1,wk inc rsv hosp,2026-10-10,54,quantile,0.4,1.690449094393378
2026-10-03,1,wk inc rsv hosp,2026-10-10,54,quantile,0.45,1.7323452830624455
2026-10-03,1,wk inc rsv hosp,2026-10-10,54,quantile,0.5,1.8890214931926592
2026-10-03,1,wk inc rsv hosp,2026-10-10,54,quantile,0.55,2.098316672095914
2026-10-03,1,wk inc rsv hosp,2026-10-10,54,quantile,0.6,2.1972549380254582
2026-10-03,1,wk inc rsv hosp,2026-10-10,54,quantile,0.65,2.3289731458806116
2026-10-03,1,wk inc rsv hosp,2026-10-10,54,quantile,0.7,2.55796574902266
2026-10-03,1,wk inc rsv hosp,2026-10-10,54,quantile,0.75,3.0042038095536596
2026-10-03,1,wk inc rsv hosp,2026-10-10,54,quantile,0.8,3.315771288896505
2026-10-03,1,wk inc rsv hosp,2026-10-10,54,quantile,0.85,3.677075740556827
2026-10-03,1,wk inc rsv hosp,2026-10-10,54,quantile,0.9,4.192835189440458
2026-10-03,1,wk inc rsv hosp,2026-10-10,54,quantile,0.95,4.827070040057998
2026-10-03,1,wk inc rsv hosp,2026-10-10,54,quantile,0.975,5.246529597830292
2026-10-03,1,wk inc rsv hosp,2026-10-10,54,quantile,0.99,5.489766740254936
2026-10-03,1,wk inc rsv hosp,2026-10-10,55,quantile,0.01,0.6032244216640317
2026-10-03,1,wk inc rsv hosp,2026-10-10,55,quantile,0.025,0.6202257622034982
2026-10-03,1,wk inc rsv hosp,2026-10-10,55,quantile,0.05,0.7438562737850233
2026-10-03,1,wk inc rsv hosp,2026-10-10,55,quantile,0.1,1.1374677010432124
2026-10-03,1,wk inc rsv hosp,2026-10-10,55,quantile,0.15,1.1872723903438267
2026-10-03,1,wk inc rsv hosp,2026-10-10,55,quantile,0.2,1.215845241057746
2026-10-03,1,wk inc rsv hosp,2026-10-10,55,quantile,0.25,1.5081736584221592
2026-10-03,1,wk inc rsv hosp,2026-10-10,55,quantile,0.3,1.9196776418200296
2026-10-03,1,wk inc rsv hosp,2026-10-10,55,quantile,0.35,1.945660824214718
2026-10-03,1,wk inc rsv hosp,2026-10-10,55,quantile,0.4,2.080105601683031
2026-10-03,1,wk inc rsv hosp,2026-10-10,55,quantile,0.45,2.1341449380662647
2026-10-03,1,wk inc rsv hosp,2026-10-10,55,quantile,0.5,2.1878347154107836
2026-10-03,1,wk inc rsv hosp,2026-10-10,55,quantile,0.55,2.2165595412142425
2026-10-03,1,wk inc rsv hosp,2026-10-10,55,quantile,0.6,2.451882384075567
2026-10-03,1,wk inc rsv hosp,2026-10-10,55,quantile,0.65,2.5738568774550363
2026-10-03,1,wk inc rsv hosp,2026-10-10,55,quantile,0.7,2.760301535556687
2026-10-03,1,wk inc rsv hosp,2026-10-10,55,quantile,0.75,2.9001699893855064
2026-10-03,1,wk inc rsv hosp,2026-10-10,55,quantile,0.8,3.138113873206033
2026-10-03,1,wk inc rsv hosp,2026-10-10,55,quantile,0.85,3.5357112639274235
2026-10-03,1,wk inc rsv hosp,2026-10-10,55,quantile,0.9,5.2321884080477545
2026-10-03,1,wk inc rsv hosp,2026-10-10,55,quantile,0.95,7.670416184315597
2026-10-03,1,wk inc rsv hosp,2026-10-10,55,quantile,0.975,9.500462917829967
2026-10-03,1,wk inc rsv hosp,2026-10-10,55,quantile,0.99,11.655196411289532
2026-10-03,1,wk inc rsv hosp,2026-10-10,56,quantile,0.01,0.0
2026-10-03,1,wk inc rsv hosp,2026-10-10,56,quantile,0.025,0.0
2026-10-03,1,wk inc rsv hosp,2026-10-10,56,quantile,0.05,0.0
2026-10-03,1,wk inc rsv hosp,2026-10-10,56,quantile,0.1,0.0
2026-10-03,1,wk inc rsv hosp,2026-10-10,56,quantile,0.15,0.0
2026-10-03,1,wk inc rsv hosp,2026-10-10,56,quantile,0.2,0.0
2026-10-03,1,wk inc rsv hosp,2026-10-10,56,quantile,0.25,0.0
2026-10-03,1,wk inc rsv hosp,2026-10-10,56,quantile,0.3,0.0
2026-10-03,1,wk inc rsv hosp,2026-10-10,56,quantile,0.35,0.0
2026-10-03,1,wk inc rsv hosp,2026-10-10,56,quantile,0.4,0.0
2026-10-03,1,wk inc rsv hosp,2026-10-10,56,quantile,0.45,0.0
2026-10-03,1,wk inc rsv hosp,2026-10-10,56,quantile,0.5,0.0
2026-10-03,1,wk inc rsv hosp,2026-10-10,56,quantile,0.55,0.0
2026-10-03,1,wk inc rsv hosp,2026-10-10,56,quantile,0.6,0.06302057874897973
2026-10-03,1,wk inc rsv hosp,2026-10-10,56,quantile,0.65,0.12492537864745623
2026-10-03,1,wk inc rsv hosp,2026-10-10,56,quantile,0.7,0.2470394895221866
2026-10-03,1,wk inc rsv hosp,2026-10-10,56,quantile,0.75,0.3783410509779249
2026-10-03,1,wk inc rsv hosp,2026-10-10,56,quantile,0.8,0.4362302368781422
2026-10-03,1,wk inc rsv hosp,2026-10-10,56,quantile,0.85,0.6257169704092413
2026-10-03,1,wk inc rsv hosp,2026-10-10,56,quantile,0.9,0.643367119086835
2026-10-03,1,wk inc rsv hosp,2026-10-10,56,quantile,0.95,0.7232477468151097
2026-10-03,1,wk inc rsv hosp,2026-10-10,56,quantile,0.975,0.9199575278439662
2026-10-03,1,wk inc rsv hosp,2026-10-10,56,quantile,0.99,1.105848822492084
2026-10-03,1,wk inc rsv hosp,2026-10-10,72,quantile,0.01,5.424982693959738
2026-10-03,1,wk inc rsv hosp,2026-10-10,72,quantile,0.025,5.472864476602416
2026-10-03,1,wk inc rsv hosp,2026-10-10,72,quantile,0.05,5.95246239350896
2026-10-03,1,wk inc rsv hosp,2026-10-10,72,quantile,0.1,7.792030874569684
2026-10-03,1,wk inc rsv hosp,2026-10-10,72,quantile,0.15,10.171270660197981
2026-10-03,1,wk inc rsv hosp,2026-10-10,72,quantile,0.2,11.010479311358086
2026-10-03,1,wk inc rsv hosp,2026-10-10,72,quantile,0.25,11.149201783380336
2026-10-03,1,wk inc rsv hosp,2026-10-10,72,quantile,0.3,11.539356639526007
2026-10-03,1,wk inc rsv hosp,2026-10-10,72,quantile,0.35,14.448479823951025
2026-10-03,1,wk inc rsv hosp,2026-10-10,72,quantile,0.4,15.58614907628134
2026-10-03,1,wk inc rsv hosp,2026-10-10,72,quantile,0.45,16.550180456005144
2026-10-03,1,wk inc rsv hosp,2026-10-10,72,quantile,0.5,18.22888075115975
2026-10-03,1,wk inc rsv hosp,2026-10-10,72,quantile,0.55,19.691603607014084
2026-10-03,1,wk inc rsv hosp,2026-10-10,72,quantile,0.6,22.7460581848655
2026-10-03,1,wk inc rsv hosp,2026-10-10,72,quantile,0.65,25.411960854453227
2026-10-03,1,wk inc rsv hosp,2026-10-10,72,quantile,0.7,25.980927924993665
2026-10-03,1,wk inc rsv hosp,2026-10-10,72,quantile,0.75,27.577497154820087
2026-10-03,1,wk inc rsv hosp,2026-10-10,72,quantile,0.8,28.693034964040994
2026-10-03,1,wk inc rsv hosp,2026-10-10,72,quantile,0.85,29.457063750216783
2026-10-03,1,wk inc rsv hosp,2026-10-10,72,quantile,0.9,30.431175664932535
2026-10-03,1,wk inc rsv hosp,2026-10-10,72,quantile,0.95,42.76066592273543
2026-10-03,1,wk inc rsv hosp,2026-10-10,72,quantile,0.975,55.83057946658933
2026-10-03,1,wk inc rsv hosp,2026-10-10,72,quantile,0.99,65.48488680125423
2026-10-03,1,wk inc rsv hosp,2026-10-10,US,quantile,0.01,241.32956725569986
2026-10-03,1,wk inc rsv hosp,2026-10-10,US,quantile,0.025,245.68702453669914
2026-10-03,1,wk inc rsv hosp,2026-10-10,US,quantile,0.05,260.52221889705646
2026-10-03,1,wk inc rsv hosp,2026-10-10,US,quantile,0.1,297.31419443369134
2026-10-03,1,wk inc rsv hosp,2026-10-10,US,quantile,0.15,301.1904115315564
2026-10-03,1,wk inc rsv hosp,2026-10-10,US,quantile,0.2,320.2173278718856
2026-10-03,1,wk inc rsv hosp,2026-10-10,US,quantile,0.25,344.05659532665334
2026-10-03,1,wk inc rsv hosp,2026-10-10,US,quantile,0.3,355.4291522783879
2026-10-03,1,wk inc rsv hosp,2026-10-10,US,quantile,0.35,375.4456029654616
2026-10-03,1,wk inc rsv hosp,2026-10-10,US,quantile,0.4,380.7291281628478
2026-10-03,1,wk inc rsv hosp,2026-10-10,US,quantile,0.45,389.77278132011094
2026-10-03,1,wk inc rsv hosp,2026-10-10,US,quantile,0.5,396.4091118607828
2026-10-03,1,wk inc rsv hosp,2026-10-10,US,quantile,0.55,413.2769468993709
2026-10-03,1,wk inc rsv hosp,2026-10-10,US,quantile,0.6,419.4101947461696
2026-10-03,1,wk inc rsv hosp,2026-10-10,US,quantile,0.65,431.49491719720584
2026-10-03,1,wk inc rsv hosp,2026-10-10,US,quantile,0.7,460.73674561785674
2026-10-03,1,wk inc rsv hosp,2026-10-10,US,quantile,0.75,469.1143391578327
2026-10-03,1,wk inc rsv hosp,2026-10-10,US,quantile,0.8,481.193234028202
2026-10-03,1,wk inc rsv hosp,2026-10-10,US,quantile,0.85,523.7338864211985
2026-10-03,1,wk inc rsv hosp,2026-10-10,US,quantile,0.9,527.2168545219358
2026-10-03,1,wk inc rsv hosp,2026-10-10,US,quantile,0.95,542.9145077136127
2026-10-03,1,wk inc rsv hosp,2026-10-10,US,quantile,0.975,571.2193381587944
2026-10-03,1,wk inc rsv hosp,2026-10-10,US,quantile,0.99,595.4419121061484
2026-10-03,2,wk inc rsv hosp,2026-10-17,01,quantile,0.01,8.928621376750463
2026-10-03,2,wk inc rsv hosp,2026-10-17,01,quantile,0.025,8.988709382956529
2026-10-03,2,wk inc rsv hosp,2026-10-17,01,quantile,0.05,10.187952236352915
2026-10-03,2,wk inc rsv hosp,2026-10-17,01,quantile,0.1,14.504929273939116
2026-10-03,2,wk inc rsv hosp,2026-10-17,01,quantile,0.15,15.289241077993664
2026-10-03,2,wk inc rsv hosp,2026-10-17,01,quantile,0.2,16.276990636908298
2026-10-03,2,wk inc rsv hosp,2026-10-17,01,quantile,0.25,17.295570696261446
2026-10-03,2,wk inc rsv hosp,2026-10-17,01,quantile,0.3,17.959697094086444
2026-10-03,2,wk inc rsv hosp,2026-10-17,01,quantile,0.35,18.645018626808056
2026-10-03,2,wk inc rsv hosp,2026-10-17,01,quantile,0.4,20.078907017384473
2026-10-03,2,wk inc rsv hosp,2026-10-17,01,quantile,0.45,20.362575674656572
2026-10-03,2,wk inc rsv hosp,2026-10-17,01,quantile,0.5,20.88476573443244
2026-10-03,2,wk inc rsv hosp,2026-10-17,01,quantile,0.55,21.054545583631263
2026-10-03,2,wk inc rsv hosp,2026-10-17,01,quantile,0.6,22.261952048645313
2026-10-03,2,wk inc rsv hosp,2026-10-17,01,quantile,0.65,22.957343209164872
2026-10-03,2,wk inc rsv hosp,2026-10-17,01,quantile,0.7,24.94696506828363
2026-10-03,2,wk inc rsv hosp,2026-10-17,01,quantile,0.75,26.485317769692184
2026-10-03,2,wk inc rsv hosp,2026-10-17,01,quantile,0.8,26.89888159066283
2026-10-03,2,wk inc rsv hosp,2026-10-17,01,quantile,0.85,29.45532363671123
2026-10-03,2,wk inc rsv hosp,2026-10-17,01,quantile,0.9,34.451920702218516
2026-10-03,2,wk inc rsv hosp,2026-10-17,01,quantile,0.95,37.92110153336151
2026-10-03,2,wk inc rsv hosp,2026-10-17,01,quantile,0.975,48.65284821483641
2026-10-03,2,wk inc rsv hosp,2026-10-17,01,quantile,0.99,61.131980270163446
2026-10-03,2,wk inc rsv hosp,2026-10-17,02,quantile,0.01,0.14035328517457168
2026-10-03,2,wk inc rsv hosp,2026-10-17,02,quantile,0.025,0.5045308944797844
2026-10-03,2,wk inc rsv hosp,2026-10-17,02,quantile,0.05,1.0286217236568684
2026-10-03,2,wk inc rsv hosp,2026-10-17,02,quantile,0.1,1.193201343699955
2026-10-03,2,wk inc rsv hosp,2026-10-17,02,quantile,0.15,1.3746372869339725
2026-10-03,2,wk inc rsv hosp,2026-10-17,02,quantile,0.2,1.546258860945708
2026-10-03,2,wk inc rsv hosp,2026-10-17,02,quantile,0.25,1.6531692583855209
2026-10-03,2,wk inc rsv hosp,2026-10-17,02,quantile,0.3,1.7641108597182118
2026-10-03,2,wk inc rsv hosp,2026-10-17,02,quantile,0.35,1.8560172863496436
2026-10-03,2,wk inc rsv hosp,2026-10-17,02,quantile,0.4,2.139343177964286
2026-10-03,2,wk inc rsv hosp,2026-10-17,02,quantile,0.45,2.5354022396680005
2026-10-03,2,wk inc rsv hosp,2026-10-17,02,quantile,0.5,2.7985794243206206
2026-10-03,2,wk inc rsv hosp,2026-10-17,02,quantile,0.55,2.861250656395695
2026-10-03,2,wk inc rsv hosp,2026-10-17,02,quantile,0.6,3.280692328851907
2026-10-03,2,wk inc rsv hosp,2026-10-17,02,quantile,0.65,3.575406358784211
2026-10-03,2,wk inc rsv hosp,2026-10-17,02,quantile,0.7,3.667287887622432
2026-10-03,2,wk inc rsv hosp,2026-10-17,02,quantile,0.75,3.863282388311088
2026-10-03,2,wk inc rsv hosp,2026-10-17,02,quantile,0.8,3.957411924362529
2026-10-03,2,wk inc rsv hosp,2026-10-17,02,quantile,0.85,4.819411018235109
2026-10-03,2,wk inc rsv hosp,2026-10-17,02,quantile,0.9,5.708629387235262
2026-10-03,2,wk inc rsv hosp,2026-10-17,02,quantile,0.95,7.103261637169545
2026-10-03,2,wk inc rsv hosp,2026-10-17,02,quantile,0.975,8.312443437243216
2026-10-03,2,wk inc rsv hosp,2026-10-17,02,quantile,0.99,9.441813626109546
2026-10-03,2,wk inc rsv hosp,2026-10-17,04,quantile,0.01,5.514874545585597
2026-10-03,2,wk inc rsv hosp,2026-10-17,04,quantile,0.025,6.095431397896996
2026-10-03,2,wk inc rsv hosp,2026-10-17,04,quantile,0.05,6.868387741553311
2026-10-03,2,wk inc rsv hosp,2026-10-17,04,quantile,0.1,7.332427333264834
2026-10-03,2,wk inc rsv hosp,2026-10-17,04,quantile,0.15,8.442468270136093
2026-10-03,2,wk inc rsv hosp,2026-10-17,04,quantile,0.2,9.157670820090244
2026-10-03,2,wk inc rsv hosp,2026-10-17,04,quantile,0.25,9.608325763284611
2026-10-03,2,wk inc rsv hosp,2026-10-17,04,quantile,0.3,9.888604948922634
2026-10-03,2,wk inc rsv hosp,2026-10-17,04,quantile,0.35,10.164993788023338
2026-10-03,2,wk inc rsv hosp,2026-10-17,04,quantile,0.4,11.92582763603501
2026-10-03,2,wk inc rsv hosp,2026-10-17,04,quantile,0.45,13.556361510706944
2026-10-03,2,wk inc rsv hosp,2026-10-17,04,quantile,0.5,14.905294575748329
2026-10-03,2,wk inc rsv hosp,2026-10-17,04,quantile,0.55,16.512534164882805
2026-10-03,2,wk inc rsv hosp,2026-10-17,04,quantile,0.6,17.164789632143876
2026-10-03,2,wk inc rsv hosp,2026-10-17,04,quantile,0.65,18.92379958129527
2026-10-03,2,wk inc rsv hosp,2026-10-17,04,quantile,0.7,20.028844591764617
2026-10-03,2,wk inc rsv hosp,2026-10-17,04,quantile,0.75,22.21096911073787
2026-10-03,2,wk inc rsv hosp,2026-10-17,04,quantile,0.8,24.214393615722663
2026-10-03,2,wk inc rsv hosp,2026-10-17,04,quantile,0.85,24.856468490498465
2026-10-03,2,wk inc rsv hosp,2026-10-17,04,quantile,0.9,31.47397989821304
2026-10-03,2,wk inc rsv hosp,2026-10-17,04,quantile,0.95,36.821590423583984
2026-10-03,2,wk inc rsv hosp,2026-10-17,04,quantile,0.975,44.80712852715169
2026-10-03,2,wk inc rsv hosp,2026-10-17,04,quantile,0.99,54.47870939331481
2026-10-03,2,wk inc rsv hosp,2026-10-17,05,quantile,0.01,3.629106910962751
2026-10-03,2,wk inc rsv hosp,2026-10-17,05,quantile,0.025,4.678186276927482
2026-10-03,2,wk inc rsv hosp,2026-10-17,05,quantile,0.05,6.016763721943731
2026-10-03,2,wk inc rsv hosp,2026-10-17,05,quantile,0.1,6.188374844635106
2026-10-03,2,wk inc rsv hosp,2026-10-17,05,quantile,0.15,6.959568146485438
2026-10-03,2,wk inc rsv hosp,2026-10-17,05,quantile,0.2,7.676626620609197
2026-10-03,2,wk inc rsv hosp,2026-10-17,05,quantile,0.25,8.516659673217177
2026-10-03,2,wk inc rsv hosp,2026-10-17,05,quantile,0.3,8.639932400030235
2026-10-03,2,wk inc rsv hosp,2026-10-17,05,quantile,0.35,8.723623574628146
2026-10-03,2,wk inc rsv hosp,2026-10-17,05,quantile,0.4,9.194878139320188
2026-10-03,2,wk inc rsv hosp,2026-10-17,05,quantile,0.45,9.368059333722591
2026-10-03,2,wk inc rsv hosp,2026-10-17,05,quantile,0.5,9.422227417470516
2026-10-03,2,wk inc rsv hosp,2026-10-17,05,quantile,0.55,9.832010572850287
2026-10-03,2,wk inc rsv hosp,2026-10-17,05,quantile,0.6,10.134319728727606
2026-10-03,2,wk inc rsv hosp,2026-10-17,05,quantile,0.65,10.192208084185197
2026-10-03,2,wk inc rsv hosp,2026-10-17,05,quantile,0.7,10.302740074325673
2026-10-03,2,wk inc rsv hosp,2026-10-17,05,quantile,0.75,10.520640020397687
2026-10-03,2,wk inc rsv hosp,2026-10-17,05,quantile,0.8,10.619133390565285
2026-10-03,2,wk inc rsv hosp,2026-10-17,05,quantile,0.85,10.72411235006414
2026-10-03,2,wk inc rsv hosp,2026-10-17,05,quantile,0.9,11.760556036074503
2026-10-03,2,wk inc rsv hosp,2026-10-17,05,quantile,0.95,13.110247832010664
2026-10-03,2,wk inc rsv hosp,2026-10-17,05,quantile,0.975,16.01719387217179
2026-10-03,2,wk inc rsv hosp,2026-10-17,05,quantile,0.99,19.274680393608243
2026-10-03,2,wk inc rsv hosp,2026-10-17,06,quantile,0.01,11.40171958140078
2026-10-03,2,wk inc rsv hosp,2026-10-17,06,quantile,0.025,12.46608488292188
2026-10-03,2,wk inc rsv hosp,2026-10-17,06,quantile,0.05,14.376656164821064
2026-10-03,2,wk inc rsv hosp,2026-10-17,06,quantile,0.1,17.207929285388712
2026-10-03,2,wk inc rsv hosp,2026-10-17,06,quantile,0.15,17.928169127570296
2026-10-03,2,wk inc rsv hosp,2026-10-17,06,quantile,0.2,18.33916364258047
2026-10-03,2,wk inc rsv hosp,2026-10-17,06,quantile,0.25,20.161896880217316
2026-10-03,2,wk inc rsv hosp,2026-10-17,06,quantile,0.3,21.436908187178965
2026-10-03,2,wk inc rsv hosp,2026-10-17,06,quantile,0.35,22.346223758842047
2026-10-03,2,wk inc rsv hosp,2026-10-17,06,quantile,0.4,22.742285306654438
2026-10-03,2,wk inc rsv hosp,2026-10-17,06,quantile,0.45,22.869696766299136
2026-10-03,2,wk inc rsv hosp,2026-10-17,06,quantile,0.5,22.9867876974441
2026-10-03,2,wk inc rsv hosp,2026-10-17,06,quantile,0.55,23.299902725467927
2026-10-03,2,wk inc rsv hosp,2026-10-17,06,quantile,0.6,23.446027633576414
2026-10-03,2,wk inc rsv hosp,2026-10-17,06,quantile,0.65,24.19809544424656
2026-10-03,2,wk inc rsv hosp,2026-10-17,06,quantile,0.7,24.381579161604183
2026-10-03,2,wk inc rsv hosp,2026-10-17,06,quantile,0.75,25.099894407695153
2026-10-03,2,wk inc rsv hosp,2026-10-17,06,quantile,0.8,26.232630691669534
2026-10-03,2,wk inc rsv hosp,2026-10-17,06,quantile,0.85,28.85207514833397
2026-10-03,2,wk inc rsv hosp,2026-10-17,06,quantile,0.9,30.90010759288886
2026-10-03,2,wk inc rsv hosp,2026-10-17,06,quantile,0.95,34.97828947998167
2026-10-03,2,wk inc rsv hosp,2026-10-17,06,quantile,0.975,40.21447770740218
2026-10-03,2,wk inc rsv hosp,2026-10-17,06,quantile,0.99,44.88836083895269
2026-10-03,2,wk inc rsv hosp,2026-10-17,08,quantile,0.01,0.0
2026-10-03,2,wk inc rsv hosp,2026-10-17,08,quantile,0.025,0.0
2026-10-03,2,wk inc rsv hosp,2026-10-17,08,quantile,0.05,0.0
2026-10-03,2,wk inc rsv hosp,2026-10-17,08,quantile,0.1,0.0
2026-10-03,2,wk inc rsv hosp,2026-10-17,08,quantile,0.15,0.0
2026-10-03,2,wk inc rsv hosp,2026-10-17,08,quantile,0.2,0.0
2026-10-03,2,wk inc rsv hosp,2026-10-17,08,quantile,0.25,0.0
2026-10-03,2,wk inc rsv hosp,2026-10-17,08,quantile,0.3,0.0
2026-10-03,2,wk inc rsv hosp,2026-10-17,08,quantile,0.35,0.0
2026-10-03,2,wk inc rsv hosp,2026-10-17,08,quantile,0.4,0.0
2026-10-03,2,wk inc rsv hosp,2026-10-17,08,quantile,0.45,0.0
2026-10-03,2,wk inc rsv hosp,2026-10-17,08,quantile,0.5,0.0
2026-10-03,2,wk inc rsv hosp,2026-10-17,08,quantile,0.55,0.03875235709037634
2026-10-03,2,wk inc rsv hosp,2026-10-17,08,quantile,0.6,0.15538307786728542
2026-10-03,2,wk inc rsv hosp,2026-10-17,08,quantile,0.65,0.17838477234718814
2026-10-03,2,wk inc rsv hosp,2026-10-17,08,quantile,0.7,0.26170840561830955
2026-10-03,2,wk inc rsv hosp,2026-10-17,08,quantile,0.75,0.3208111386163058
2026-10-03,2,wk inc rsv hosp,2026-10-17,08,quantile,0.8,0.45177845246604786
2026-10-03,2,wk inc rsv hosp,2026-10-17,08,quantile,0.85,0.5463889633542928
2026-10-03,2,wk inc rsv hosp,2026-10-17,08,quantile,0.9,0.8724076887857576
2026-10-03,2,wk inc rsv hosp,2026-10-17,08,quantile,0.95,1.7947312091262582
2026-10-03,2,wk inc rsv hosp,2026-10-17,08,quantile,0.975,2.148769166766934
2026-10-03,2,wk inc rsv hosp,2026-10-17,08,quantile,0.99,2.2351292754783634
2026-10-03,2,wk inc rsv hosp,2026-10-17,09,quantile,0.01,1.143121031933592
2026-10-03,2,wk inc rsv hosp,2026-10-17,09,quantile,0.025,1.2212008227400901
2026-10-03,2,wk inc rsv hosp,2026-10-17,09,quantile,0.05,1.3557712984853976
2026-10-03,2,wk inc rsv hosp,2026-10-17,09,quantile,0.1,1.572493096538477
2026-10-03,2,wk inc rsv hosp,2026-10-17,09,quantile,0.15,1.9548828762650174
2026-10-03,2,wk inc rsv hosp,2026-10-17,09,quantile,0.2,2.7229147687225734
2026-10-03,2,wk inc rsv hosp,2026-10-17,09,quantile,0.25,2.9109920915348657
2026-10-03,2,wk inc rsv hosp,2026-10-17,09,quantile,0.3,3.0595278867418054
2026-10-03,2,wk inc rsv hosp,2026-10-17,09,quantile,0.35,3.2673451059436736
2026-10-03,2,wk inc rsv hosp,2026-10-17,09,quantile,0.4,3.4447765350341797
2026-10-03,2,wk inc rsv hosp,2026-10-17,09,quantile,0.45,3.8753078209727683
2026-10-03,2,wk inc rsv hosp,2026-10-17,09,quantile,0.5,3.9908298695306788
2026-10-03,2,wk inc rsv hosp,2026-10-17,09,quantile,0.55,4.126601996575516
2026-10-03,2,wk inc rsv hosp,2026-10-17,09,quantile,0.6,4.333669175334701
2026-10-03,2,wk inc rsv hosp,2026-10-17,09,quantile,0.65,4.694624768241998
2026-10-03,2,wk inc rsv hosp,2026-10-17,09,quantile,0.7,5.259010083034477
2026-10-03,2,wk inc rsv hosp,2026-10-17,09,quantile,0.75,5.653421863609619
2026-10-03,2,wk inc rsv hosp,2026-10-17,09,quantile,0.8,6.025695342083475
2026-10-03,2,wk inc rsv hosp,2026-10-17,09,quantile,0.85,6.723459060285651
2026-10-03,2,wk inc rsv hosp,2026-10-17,09,quantile,0.9,8.207467351481212
2026-10-03,2,wk inc rsv hosp,2026-10-17,09,quantile,0.95,10.454290070447964
2026-10-03,2,wk inc rsv hosp,2026-10-17,09,quantile,0.975,11.43837686474814
2026-10-03,2,wk inc rsv hosp,2026-10-17,09,quantile,0.99,11.968453707214993
2026-10-03,2,wk inc rsv hosp,2026-10-17,10,quantile,0.01,0.19287392930036126
2026-10-03,2,wk inc rsv hosp,2026-10-17,10,quantile,0.025,0.4480321212836524
2026-10-03,2,wk inc rsv hosp,2026-10-17,10,quantile,0.05,0.9466985370679492
2026-10-03,2,wk inc rsv hosp,2026-10-17,10,quantile,0.1,1.76528705573655
2026-10-03,2,wk inc rsv hosp,2026-10-17,10,quantile,0.15,2.632867268097677
2026-10-03,2,wk inc rsv hosp,2026-10-17,10,quantile,0.2,3.302411670442589
2026-10-03,2,wk inc rsv hosp,2026-10-17,10,quantile,0.25,3.702615396223555
2026-10-03,2,wk inc rsv hosp,2026-10-17,10,quantile,0.3,3.8744698852023474
2026-10-03,2,wk inc rsv hosp,2026-10-17,10,quantile,0.35,3.9111992283744925
2026-10-03,2,wk inc rsv hosp,2026-10-17,10,quantile,0.4,5.058219290754598
2026-10-03,2,wk inc rsv hosp,2026-10-17,10,quantile,0.45,5.132173869165225
2026-10-03,2,wk inc rsv hosp,2026-10-17,10,quantile,0.5,5.7907311549917875
2026-10-03,2,wk inc rsv hosp,2026-10-17,10,quantile,0.55,6.950904632369896
2026-10-03,2,wk inc rsv hosp,2026-10-17,10,quantile,0.6,7.476921940012007
2026-10-03,2,wk inc rsv hosp,2026-10-17,10,quantile,0.65,8.54403325720711
2026-10-03,2,wk inc rsv hosp,2026-10-17,10,quantile,0.7,8.764513232504324
2026-10-03,2,wk inc rsv hosp,2026-10-17,10,quantile,0.75,9.139221139064695
2026-10-03,2,wk inc rsv hosp,2026-10-17,10,quantile,0.8,10.370074335213323
2026-10-03,2,wk inc rsv hosp,2026-10-17,10,quantile,0.85,10.794254331965274
2026-10-03,2,wk inc rsv hosp,2026-10-17,10,quantile,0.9,11.022526019194949
2026-10-03,2,wk inc rsv hosp,2026-10-17,10,quantile,0.95,11.17554103263485
2026-10-03,2,wk inc rsv hosp,2026-10-17,10,quantile,0.975,12.59353550704134
2026-10-03,2,wk inc rsv hosp,2026-10-17,10,quantile,0.99,14.152584580435768
2026-10-03,2,wk inc rsv hosp,2026-10-17,11,quantile,0.01,0.0
2026-10-03,2,wk inc rsv hosp,2026-10-17,11,quantile,0.025,0.0
2026-10-03,2,wk inc rsv hosp,2026-10-17,11,quantile,0.05,0.0
2026-10-03,2,wk inc rsv hosp,2026-10-17,11,quantile,0.1,0.0
2026-10-03,2,wk inc rsv hosp,2026-10-17,11,quantile,0.15,0.0
2026-10-03,2,wk inc rsv hosp,2026-10-17,11,quantile,0.2,0.0
2026-10-03,2,wk inc rsv hosp,2026-10-17,11,quantile,0.25,0.0
2026-10-03,2,wk inc rsv hosp,2026-10-17,11,quantile,0.3,0.09799818775221508
2026-10-03,2,wk inc rsv hosp,2026-10-17,11,quantile,0.35,0.1483598169918416
2026-10-03,2,wk inc rsv hosp,2026-10-17,11,quantile,0.4,0.24464046955108643
2026-10-03,2,wk inc rsv hosp,2026-10-17,11,quantile,0.45,0.2606926188883455
2026-10-03,2,wk inc rsv hosp,2026-10-17,11,quantile,0.5,0.4264531836668368
2026-10-03,2,wk inc rsv hosp,2026-10-17,11,quantile,0.55,0.5633512786996313
2026-10-03,2,wk inc rsv hosp,2026-10-17,11,quantile,0.6,0.8059561290110872
2026-10-03,2,wk inc rsv hosp,2026-10-17,11,quantile,0.65,0.8549438129590062
2026-10-03,2,wk inc rsv hosp,2026-10-17,11,quantile,0.7,0.8838681587833507
2026-10-03,2,wk inc rsv hosp,2026-10-17,11,quantile,0.75,0.9931508073362889
2026-10-03,2,wk inc rsv hosp,2026-10-17,11,quantile,0.8,1.1448439206505607
2026-10-03,2,wk inc rsv hosp,2026-10-17,11,quantile,0.85,1.293688766808311
2026-10-03,2,wk inc rsv hosp,2026-10-17,11,quantile,0.9,1.3046984236361436
2026-10-03,2,wk inc rsv hosp,2026-10-17,11,quantile,0.95,2.464322561297705
2026-10-03,2,wk inc rsv hosp,2026-10-17,11,quantile,0.975,3.1503920513426142
2026-10-03,2,wk inc rsv hosp,2026-10-17,11,quantile,0.99,3.341012774589866
2026-10-03,2,wk inc rsv hosp,2026-10-17,12,quantile,0.01,156.16043892953857
2026-10-03,2,wk inc rsv hosp,2026-10-17,12,quantile,0.025,158.21561606174862
2026-10-03,2,wk inc rsv hosp,2026-10-17,12,quantile,0.05,166.07225860445024
2026-10-03,2,wk inc rsv hosp,2026-10-17,12,quantile,0.1,184.95325152703282
2026-10-03,2,wk inc rsv hosp,2026-10-17,12,quantile,0.15,185.81866195623195
2026-10-03,2,wk inc rsv hosp,2026-10-17,12,quantile,0.2,192.4371340567838
2026-10-03,2,wk inc rsv hosp,2026-10-17,12,quantile,0.25,193.7973853994494
2026-10-03,2,wk inc rsv hosp,2026-10-17,12,quantile,0.3,199.322384368359
2026-10-03,2,wk inc rsv hosp,2026-10-17,12,quantile,0.35,205.10809063934656
2026-10-03,2,wk inc rsv hosp,2026-10-17,12,quantile,0.4,208.366999609586
2026-10-03,2,wk inc rsv hosp,2026-10-17,12,quantile,0.45,215.0657249872798
2026-10-03,2,wk inc rsv hosp,2026-10-17,12,quantile,0.5,229.8350263516107
2026-10-03,2,wk inc rsv hosp,2026-10-17,12,quantile,0.55,234.32954311742367
2026-10-03,2,wk inc rsv hosp,2026-10-17,12,quantile,0.6,239.13996506313077
2026-10-03,2,wk inc rsv hosp,2026-10-17,12,quantile,0.65,248.56900533252767
2026-10-03,2,wk inc rsv hosp,2026-10-17,12,quantile,0.7,254.50522716606469
2026-10-03,2,wk inc rsv hosp,2026-10-17,12,quantile,0.75,259.56498565393673
2026-10-03,2,wk inc rsv hosp,2026-10-17,12,quantile,0.8,286.121450547824
2026-10-03,2,wk inc rsv hosp,2026-10-17,12,quantile,0.85,297.5622465820271
2026-10-03,2,wk inc rsv hosp,2026-10-17,12,quantile,0.9,309.96523052137354
2026-10-03,2,wk inc rsv hosp,2026-10-17,12,quantile,0.95,358.93682079980636
2026-10-03,2,wk inc rsv hosp,2026-10-17,12,quantile,0.975,375.29447990537255
2026-10-03,2,wk inc rsv hosp,2026-10-17,12,quantile,0.99,377.520912577164
2026-10-03,2,wk inc rsv hosp,2026-10-17,13,quantile,0.01,23.393109925437237
2026-10-03,2,wk inc rsv hosp,2026-10-17,13,quantile,0.025,25.26343401723199
2026-10-03,2,wk inc rsv hosp,2026-10-17,13,quantile,0.05,27.62243057548643
2026-10-03,2,wk inc rsv hosp,2026-10-17,13,quantile,0.1,28.73117982988021
2026-10-03,2,wk inc rsv hosp,2026-10-17,13,quantile,0.15,29.174534173869418
2026-10-03,2,wk inc rsv hosp,2026-10-17,13,quantile,0.2,32.77407679126607
2026-10-03,2,wk inc rsv hosp,2026-10-17,13,quantile,0.25,33.17253583265887
2026-10-03,2,wk inc rsv hosp,2026-10-17,13,quantile,0.3,34.271784831175786
2026-10-03,2,wk inc rsv hosp,2026-10-17,13,quantile,0.35,37.26373779746819
2026-10-03,2,wk inc rsv hosp,2026-10-17,13,quantile,0.4,38.11359282462246
2026-10-03,2,wk inc rsv hosp,2026-10-17,13,quantile,0.45,39.54232754063602
2026-10-03,2,wk inc rsv hosp,2026-10-17,13,quantile,0.5,40.403084088167866
2026-10-03,2,wk inc rsv hosp,2026-10-17,13,quantile,0.55,43.18908026799191
2026-10-03,2,wk inc rsv hosp,2026-10-17,13,quantile,0.6,45.67882212337085
2026-10-03,2,wk inc rsv hosp,2026-10-17,13,quantile,0.65,46.35808952119537
2026-10-03,2,wk inc rsv hosp,2026-10-17,13,quantile,0.7,50.473862993942774
2026-10-03,2,wk inc rsv hosp,2026-10-17,13,quantile,0.75,53.279615009450325
2026-10-03,2,wk inc rsv hosp,2026-10-17,13,quantile,0.8,54.20670540945186
2026-10-03,2,wk inc rsv hosp,2026-10-17,13,quantile,0.85,57.438044482487875
2026-10-03,2,wk inc rsv hosp,2026-10-17,13,quantile,0.9,62.78164060502909
2026-10-03,2,wk inc rsv hosp,2026-10-17,13,quantile,0.95,77.72201049809965
2026-10-03,2,wk inc rsv hosp,2026-10-17,13,quantile,0.975,84.48452679785225
2026-10-03,2,wk inc rsv hosp,2026-10-17,13,quantile,0.99,86.24672894805012
2026-10-03,2,wk inc rsv hosp,2026-10-17,15,quantile,0.01,0.9140191020017817
2026-10-03,2,wk inc rsv hosp,2026-10-17,15,quantile,0.025,1.3971637962337695
2026-10-03,2,wk inc rsv hosp,2026-10-17,15,quantile,0.05,2.087694829152291
2026-10-03,2,wk inc rsv hosp,2026-10-17,15,quantile,0.1,2.4255659108251004
2026-10-03,2,wk inc rsv hosp,2026-10-17,15,quantile,0.15,3.0512956029569063
2026-10-03,2,wk inc rsv hosp,2026-10-17,15,quantile,0.2,3.5081756825304202
2026-10-03,2,wk inc rsv hosp,2026-10-17,15,quantile,0.25,4.156417250126015
2026-10-03,2,wk inc rsv hosp,2026-10-17,15,quantile,0.3,5.710614320159571
2026-10-03,2,wk inc rsv hosp,2026-10-17,15,quantile,0.35,6.733178250030555
2026-10-03,2,wk inc rsv hosp,2026-10-17,15,quantile,0.4,7.969270282782909
2026-10-03,2,wk inc rsv hosp,2026-10-17,15,quantile,0.45,8.260890886243075
2026-10-03,2,wk inc rsv hosp,2026-10-17,15,quantile,0.5,8.642256890646687
2026-10-03,2,wk inc rsv hosp,2026-10-17,15,quantile,0.55,9.891996413750899
2026-10-03,2,wk inc rsv hosp,2026-10-17,15,quantile,0.6,10.518558977089405
2026-10-03,2,wk inc rsv hosp,2026-10-17,15,quantile,0.65,11.182909862368598
2026-10-03,2,wk inc rsv hosp,2026-10-17,15,quantile,0.7,11.474356837220967
2026-10-03,2,wk inc rsv hosp,2026-10-17,15,quantile,0.75,11.939714633836289
2026-10-03,2,wk inc rsv hosp,2026-10-17,15,quantile,0.8,13.316598249921366
2026-10-03,2,wk inc rsv hosp,2026-10-17,15,quantile,0.85,14.779678546272837
2026-10-03,2,wk inc rsv hosp,2026-10-17,15,quantile,0.9,15.737996503192216
2026-10-03,2,wk inc rsv hosp,2026-10-17,15,quantile,0.95,20.67168052205062
2026-10-03,2,wk inc rsv hosp,2026-10-17,15,quantile,0.975,22.56355598214506
2026-10-03,2,wk inc rsv hosp,2026-10-17,15,quantile,0.99,22.916608885123356
2026-10-03,2,wk inc rsv hosp,2026-10-17,16,quantile,0.01,2.3428384394393342
2026-10-03,2,wk inc rsv hosp,2026-10-17,16,quantile,0.025,2.650032170611578
2026-10-03,2,wk inc rsv hosp,2026-10-17,16,quantile,0.05,2.994391380899428
2026-10-03,2,wk inc rsv hosp,2026-10-17,16,quantile,0.1,3.421848554252848
2026-10-03,2,wk inc rsv hosp,2026-10-17,16,quantile,0.15,4.003249409901016
2026-10-03,2,wk inc rsv hosp,2026-10-17,16,quantile,0.2,4.083037618239913
2026-10-03,2,wk inc rsv hosp,2026-10-17,16,quantile,0.25,4.230015835362321
2026-10-03,2,wk inc rsv hosp,2026-10-17,16,quantile,0.3,4.321968722412132
2026-10-03,2,wk inc rsv hosp,2026-10-17,16,quantile,0.35,4.387889862141607
2026-10-03,2,wk inc rsv hosp,2026-10-17,16,quantile,0.4,4.592053296138989
2026-10-03,2,wk inc rsv hosp,2026-10-17,16,quantile,0.45,4.911609649658203
2026-10-03,2,wk inc rsv hosp,2026-10-17,16,quantile,0.5,4.911609649658203
2026-10-03,2,wk inc rsv hosp,2026-10-17,16,quantile,0.55,4.911609649658203
2026-10-03,2,wk inc rsv hosp,2026-10-17,16,quantile,0.6,4.984478304744145
2026-10-03,2,wk inc rsv hosp,2026-10-17,16,quantile,0.65,5.841642201669655
2026-10-03,2,wk inc rsv hosp,2026-10-17,16,quantile,0.7,6.519604180892941
2026-10-03,2,wk inc rsv hosp,2026-10-17,16,quantile,0.75,6.661772106252008
2026-10-03,2,wk inc rsv hosp,2026-10-17,16,quantile,0.8,7.141879215891558
2026-10-03,2,wk inc rsv hosp,2026-10-17,16,quantile,0.85,7.2173041237959215
2026-10-03,2,wk inc rsv hosp,2026-10-17,16,quantile,0.9,7.81129170898274
2026-10-03,2,wk inc rsv hosp,2026-10-17,16,quantile,0.95,10.152348672703155
2026-10-03,2,wk inc rsv hosp,2026-10-17,16,quantile,0.975,10.823219299316403
2026-10-03,2,wk inc rsv hosp,2026-10-17,16,quantile,0.99,10.823219299316403
2026-10-03,2,wk inc rsv hosp,2026-10-17,17,quantile,0.01,3.7125949621025285
2026-10-03,2,wk inc rsv hosp,2026-10-17,17,quantile,0.025,3.764750454967374
2026-10-03,2,wk inc rsv hosp,2026-10-17,17,quantile,0.05,4.00509654538907
2026-10-03,2,wk inc rsv hosp,2026-10-17,17,quantile,0.1,4.676382887665623
2026-10-03,2,wk inc rsv hosp,2026-10-17,17,quantile,0.15,5.581000486650815
2026-10-03,2,wk inc rsv hosp,2026-10-17,17,quantile,0.2,5.9244941972373395
2026-10-03,2,wk inc rsv hosp,2026-10-17,17,quantile,0.25,6.706817759190061
2026-10-03,2,wk inc rsv hosp,2026-10-17,17,quantile,0.3,7.444890705280133
2026-10-03,2,wk inc rsv hosp,2026-10-17,17,quantile,0.35,7.83994400210744
2026-10-03,2,wk inc rsv hosp,2026-10-17,17,quantile,0.4,8.046031424553245
2026-10-03,2,wk inc rsv hosp,2026-10-17,17,quantile,0.45,9.202803271776943
2026-10-03,2,wk inc rsv hosp,2026-10-17,17,quantile,0.5,9.541799436030786
2026-10-03,2,wk inc rsv hosp,2026-10-17,17,quantile,0.55,9.644324787748152
2026-10-03,2,wk inc rsv hosp,2026-10-17,17,quantile,0.6,9.853473421442523
2026-10-03,2,wk inc rsv hosp,2026-10-17,17,quantile,0.65,9.910093403293063
2026-10-03,2,wk inc rsv hosp,2026-10-17,17,quantile,0.7,11.13478670033827
2026-10-03,2,wk inc rsv hosp,2026-10-17,17,quantile,0.75,13.693356775169859
2026-10-03,2,wk inc rsv hosp,2026-10-17,17,quantile,0.8,14.842159696624153
2026-10-03,2,wk inc rsv hosp,2026-10-17,17,quantile,0.85,16.725268116162923
2026-10-03,2,wk inc rsv hosp,2026-10-17,17,quantile,0.9,19.202542804709488
2026-10-03,2,wk inc rsv hosp,2026-10-17,17,quantile,0.95,22.26351858209881
2026-10-03,2,wk inc rsv hosp,2026-10-17,17,quantile,0.975,23.780551344894192
2026-10-03,2,wk inc rsv hosp,2026-10-17,17,quantile,0.99,25.11761247558458
2026-10-03,2,wk inc rsv hosp,2026-10-17,18,quantile,0.01,0.6808725979988783
2026-10-03,2,wk inc rsv hosp,2026-10-17,18,quantile,0.025,0.8656437904296332
2026-10-03,2,wk inc rsv hosp,2026-10-17,18,quantile,0.05,1.1590430764607578
2026-10-03,2,wk inc rsv hosp,2026-10-17,18,quantile,0.1,1.5385143115554176
2026-10-03,2,wk inc rsv hosp,2026-10-17,18,quantile,0.15,1.777124820527392
2026-10-03,2,wk inc rsv hosp,2026-10-17,18,quantile,0.2,1.8684355566493749
2026-10-03,2,wk inc rsv hosp,2026-10-17,18,quantile,0.25,2.4174709952102322
2026-10-03,2,wk inc rsv hosp,2026-10-17,18,quantile,0.3,2.4491770514991997
2026-10-03,2,wk inc rsv hosp,2026-10-17,18,quantile,0.35,2.5001535850710663
2026-10-03,2,wk inc rsv hosp,2026-10-17,18,quantile,0.4,2.691882659258613
2026-10-03,2,wk inc rsv hosp,2026-10-17,18,quantile,0.45,3.8594001490538785
2026-10-03,2,wk inc rsv hosp,2026-10-17,18,quantile,0.5,4.168897969008249
2026-10-03,2,wk inc rsv hosp,2026-10-17,18,quantile,0.55,4.390780872789766
2026-10-03,2,wk inc rsv hosp,2026-10-17,18,quantile,0.6,4.457542242261411
2026-10-03,2,wk inc rsv hosp,2026-10-17,18,quantile,0.65,4.515083072021625
2026-10-03,2,wk inc rsv hosp,2026-10-17,18,quantile,0.7,4.686297727342934
2026-10-03,2,wk inc rsv hosp,2026-10-17,18,quantile,0.75,4.815702341015781
2026-10-03,2,wk inc rsv hosp,2026-10-17,18,quantile,0.8,4.98642270110231
2026-10-03,2,wk inc rsv hosp,2026-10-17,18,quantile,0.85,5.560572932046186
2026-10-03,2,wk inc rsv hosp,2026-10-17,18,quantile,0.9,6.163760903437588
2026-10-03,2,wk inc rsv hosp,2026-10-17,18,quantile,0.95,7.0280175824373
2026-10-03,2,wk inc rsv hosp,2026-10-17,18,quantile,0.975,7.2046080631956615
2026-10-03,2,wk inc rsv hosp,2026-10-17,18,quantile,0.99,7.308105636428877
2026-10-03,2,wk inc rsv hosp,2026-10-17,19,quantile,0.01,0.0
2026-10-03,2,wk inc rsv hosp,2026-10-17,19,quantile,0.025,0.0
2026-10-03,2,wk inc rsv hosp,2026-10-17,19,quantile,0.05,0.6195099969165483
2026-10-03,2,wk inc rsv hosp,2026-10-17,19,quantile,0.1,0.7056222430878489
2026-10-03,2,wk inc rsv hosp,2026-10-17,19,quantile,0.15,0.9512988697894957
2026-10-03,2,wk inc rsv hosp,2026-10-17,19,quantile,0.2,1.8857922983044308
2026-10-03,2,wk inc rsv hosp,2026-10-17,19,quantile,0.25,2.3949236859042538
2026-10-03,2,wk inc rsv hosp,2026-10-17,19,quantile,0.3,2.511831234177472
2026-10-03,2,wk inc rsv hosp,2026-10-17,19,quantile,0.35,2.9471685589552226
2026-10-03,2,wk inc rsv hosp,2026-10-17,19,quantile,0.4,3.3183282508494023
2026-10-03,2,wk inc rsv hosp,2026-10-17,19,quantile,0.45,3.347023904622301
2026-10-03,2,wk inc rsv hosp,2026-10-17,19,quantile,0.5,3.470379762419311
2026-10-03,2,wk inc rsv hosp,2026-10-17,19,quantile,0.55,3.599855446764913
2026-10-03,2,wk inc rsv hosp,2026-10-17,19,quantile,0.6,3.663474565556468
2026-10-03,2,wk inc rsv hosp,2026-10-17,19,quantile,0.65,4.092343631960647
2026-10-03,2,wk inc rsv hosp,2026-10-17,19,quantile,0.7,4.334103655691063
2026-10-03,2,wk inc rsv hosp,2026-10-17,19,quantile,0.75,4.9449110982496345
2026-10-03,2,wk inc rsv hosp,2026-10-17,19,quantile,0.8,5.2147765115081235
2026-10-03,2,wk inc rsv hosp,2026-10-17,19,quantile,0.85,5.625460855613767
2026-10-03,2,wk inc rsv hosp,2026-10-17,19,quantile,0.9,6.211840905824547
2026-10-03,2,wk inc rsv hosp,2026-10-17,19,quantile,0.95,6.744932940331031
2026-10-03,2,wk inc rsv hosp,2026-10-17,19,quantile,0.975,7.985359303041523
2026-10-03,2,wk inc rsv hosp,2026-10-17,19,quantile,0.99,9.290976686561098
2026-10-03,2,wk inc rsv hosp,2026-10-17,20,quantile,0.01,0.2215731432310125
2026-10-03,2,wk inc rsv hosp,2026-10-17,20,quantile,0.025,0.22164316762712213
2026-10-03,2,wk inc rsv hosp,2026-10-17,20,quantile,0.05,0.27412190995656444
2026-10-03,2,wk inc rsv hosp,2026-10-17,20,quantile,0.1,0.6300071679107289
2026-10-03,2,wk inc rsv hosp,2026-10-17,20,quantile,0.15,0.9161896583053077
2026-10-03,2,wk inc rsv hosp,2026-10-17,20,quantile,0.2,1.4638731563808736
2026-10-03,2,wk inc rsv hosp,2026-10-17,20,quantile,0.25,1.9245488359731218
2026-10-03,2,wk inc rsv hosp,2026-10-17,20,quantile,0.3,1.9864241882477667
2026-10-03,2,wk inc rsv hosp,2026-10-17,20,quantile,0.35,1.9995025290115553
2026-10-03,2,wk inc rsv hosp,2026-10-17,20,quantile,0.4,2.240033561296228
2026-10-03,2,wk inc rsv hosp,2026-10-17,20,quantile,0.45,2.3942228861608186
2026-10-03,2,wk inc rsv hosp,2026-10-17,20,quantile,0.5,2.4387825081962697
2026-10-03,2,wk inc rsv hosp,2026-10-17,20,quantile,0.55,2.465949326166098
2026-10-03,2,wk inc rsv hosp,2026-10-17,20,quantile,0.6,2.5949421707132596
2026-10-03,2,wk inc rsv hosp,2026-10-17,20,quantile,0.65,2.842645633066261
2026-10-03,2,wk inc rsv hosp,2026-10-17,20,quantile,0.7,3.173426066851372
2026-10-03,2,wk inc rsv hosp,2026-10-17,20,quantile,0.75,3.352766648045044
2026-10-03,2,wk inc rsv hosp,2026-10-17,20,quantile,0.8,3.435958172770718
2026-10-03,2,wk inc rsv hosp,2026-10-17,20,quantile,0.85,3.6157144089358173
2026-10-03,2,wk inc rsv hosp,2026-10-17,20,quantile,0.9,3.9578302470201816
2026-10-03,2,wk inc rsv hosp,2026-10-17,20,quantile,0.95,4.3898771644102155
2026-10-03,2,wk inc rsv hosp,2026-10-17,20,quantile,0.975,4.520190104911503
2026-10-03,2,wk inc rsv hosp,2026-10-17,20,quantile,0.99,4.575932013124342
2026-10-03,2,wk inc rsv hosp,2026-10-17,21,quantile,0.01,4.944873570803288
2026-10-03,2,wk inc rsv hosp,2026-10-17,21,quantile,0.025,5.09747015083252
2026-10-03,2,wk inc rsv hosp,2026-10-17,21,quantile,0.05,5.352165571965254
2026-10-03,2,wk inc rsv hosp,2026-10-17,21,quantile,0.1,6.065709177479837
2026-10-03,2,wk inc rsv hosp,2026-10-17,21,quantile,0.15,7.190943621071941
2026-10-03,2,wk inc rsv hosp,2026-10-17,21,quantile,0.2,8.476993325082448
2026-10-03,2,wk inc rsv hosp,2026-10-17,21,quantile,0.25,8.954199522622883
2026-10-03,2,wk inc rsv hosp,2026-10-17,21,quantile,0.3,9.584308385078412
2026-10-03,2,wk inc rsv hosp,2026-10-17,21,quantile,0.35,10.947343241172828
2026-10-03,2,wk inc rsv hosp,2026-10-17,21,quantile,0.4,12.027843066220935
2026-10-03,2,wk inc rsv hosp,2026-10-17,21,quantile,0.45,13.440128496165737
2026-10-03,2,wk inc rsv hosp,2026-10-17,21,quantile,0.5,13.78334548717626
2026-10-03,2,wk inc rsv hosp,2026-10-17,21,quantile,0.55,14.053699885425972
2026-10-03,2,wk inc rsv hosp,2026-10-17,21,quantile,0.6,16.23356897066341
2026-10-03,2,wk inc rsv hosp,2026-10-17,21,quantile,0.65,16.631278193835243
2026-10-03,2,wk inc rsv hosp,2026-10-17,21,quantile,0.7,18.04144861755226
2026-10-03,2,wk inc rsv hosp,2026-10-17,21,quantile,0.75,18.447221132408043
2026-10-03,2,wk inc rsv hosp,2026-10-17,21,quantile,0.8,18.54508269998976
2026-10-03,2,wk inc rsv hosp,2026-10-17,21,quantile,0.85,21.43877587413183
2026-10-03,2,wk inc rsv hosp,2026-10-17,21,quantile,0.9,22.049265487995264
2026-10-03,2,wk inc rsv hosp,2026-10-17,21,quantile,0.95,23.666780538195486
2026-10-03,2,wk inc rsv hosp,2026-10-17,21,quantile,0.975,38.11390483008479
2026-10-03,2,wk inc rsv hosp,2026-10-17,21,quantile,0.99,60.03963725358716
2026-10-03,2,wk inc rsv hosp,2026-10-17,22,quantile,0.01,5.005844842648146
2026-10-03,2,wk inc rsv hosp,2026-10-17,22,quantile,0.025,5.431348466225889
2026-10-03,2,wk inc rsv hosp,2026-10-17,22,quantile,0.05,6.208061801792534
2026-10-03,2,wk inc rsv hosp,2026-10-17,22,quantile,0.1,9.173850383065993
2026-10-03,2,wk inc rsv hosp,2026-10-17,22,quantile,0.15,11.577346742387384
2026-10-03,2,wk inc rsv hosp,2026-10-17,22,quantile,0.2,13.54795749037107
2026-10-03,2,wk inc rsv hosp,2026-10-17,22,quantile,0.25,15.833403060723132
2026-10-03,2,wk inc rsv hosp,2026-10-17,22,quantile,0.3,19.51261304068563
2026-10-03,2,wk inc rsv hosp,2026-10-17,22,quantile,0.35,21.427688039246085
2026-10-03,2,wk inc rsv hosp,2026-10-17,22,quantile,0.4,22.451867912989947
2026-10-03,2,wk inc rsv hosp,2026-10-17,22,quantile,0.45,24.40143768260132
2026-10-03,2,wk inc rsv hosp,2026-10-17,22,quantile,0.5,26.918506289337778
2026-10-03,2,wk inc rsv hosp,2026-10-17,22,quantile,0.55,27.70997749397669
2026-10-03,2,wk inc rsv hosp,2026-10-17,22,quantile,0.6,27.85409776979421
2026-10-03,2,wk inc rsv hosp,2026-10-17,22,quantile,0.65,30.33601035781421
2026-10-03,2,wk inc rsv hosp,2026-10-17,22,quantile,0.7,32.51463090233908
2026-10-03,2,wk inc rsv hosp,2026-10-17,22,quantile,0.75,33.090946448320636
2026-10-03,2,wk inc rsv hosp,2026-10-17,22,quantile,0.8,34.843889798421046
2026-10-03,2,wk inc rsv hosp,2026-10-17,22,quantile,0.85,38.56528792524067
2026-10-03,2,wk inc rsv hosp,2026-10-17,22,quantile,0.9,40.86621976311221
2026-10-03,2,wk inc rsv hosp,2026-10-17,22,quantile,0.95,56.53777933030947
2026-10-03,2,wk inc rsv hosp,2026-10-17,22,quantile,0.975,91.16777404384388
2026-10-03,2,wk inc rsv hosp,2026-10-17,22,quantile,0.99,131.8593850357454
2026-10-03,2,wk inc rsv hosp,2026-10-17,23,quantile,0.01,0.0
2026-10-03,2,wk inc rsv hosp,2026-10-17,23,quantile,0.025,0.0
2026-10-03,2,wk inc rsv hosp,2026-10-17,23,quantile,0.05,0.0
2026-10-03,2,wk inc rsv hosp,2026-10-17,23,quantile,0.1,0.0
2026-10-03,2,wk inc rsv hosp,2026-10-17,23,quantile,0.15,0.0
2026-10-03,2,wk inc rsv hosp,2026-10-17,23,quantile,0.2,0.0
2026-10-03,2,wk inc rsv hosp,2026-10-17,23,quantile,0.25,0.030165912215896207
2026-10-03,2,wk inc rsv hosp,2026-10-17,23,quantile,0.3,0.18437994714622186
2026-10-03,2,wk inc rsv hosp,2026-10-17,23,quantile,0.35,0.2488923188131358
2026-10-03,2,wk inc rsv hosp,2026-10-17,23,quantile,0.4,0.2796231428575861
2026-10-03,2,wk inc rsv hosp,2026-10-17,23,quantile,0.45,0.32243343243324507
2026-10-03,2,wk inc rsv hosp,2026-10-17,23,quantile,0.5,0.39314537646183634
2026-10-03,2,wk inc rsv hosp,2026-10-17,23,quantile,0.55,0.4492637218746648
2026-10-03,2,wk inc rsv hosp,2026-10-17,23,quantile,0.6,0.4770771248528644
2026-10-03,2,wk inc rsv hosp,2026-10-17,23,quantile,0.65,0.5158047772059018
2026-10-03,2,wk inc rsv hosp,2026-10-17,23,quantile,0.7,0.579736397083259
2026-10-03,2,wk inc rsv hosp,2026-10-17,23,quantile,0.75,0.6097054599474564
2026-10-03,2,wk inc rsv hosp,2026-10-17,23,quantile,0.8,0.8019076530829292
2026-10-03,2,wk inc rsv hosp,2026-10-17,23,quantile,0.85,0.8164235484483158
2026-10-03,2,wk inc rsv hosp,2026-10-17,23,quantile,0.9,0.9333109401364807
2026-10-03,2,wk inc rsv hosp,2026-10-17,23,quantile,0.95,1.3812836236829034
2026-10-03,2,wk inc rsv hosp,2026-10-17,23,quantile,0.975,1.6416307868783506
2026-10-03,2,wk inc rsv hosp,2026-10-17,23,quantile,0.99,1.7880013367505039
2026-10-03,2,wk inc rsv hosp,2026-10-17,24,quantile,0.01,0.20340677268094914
2026-10-03,2,wk inc rsv hosp,2026-10-17,24,quantile,0.025,0.25887930865158476
2026-10-03,2,wk inc rsv hosp,2026-10-17,24,quantile,0.05,0.4000023692109519
2026-10-03,2,wk inc rsv hosp,2026-10-17,24,quantile,0.1,0.820561702647887
2026-10-03,2,wk inc rsv hosp,2026-10-17,24,quantile,0.15,1.1901163305535432
2026-10-03,2,wk inc rsv hosp,2026-10-17,24,quantile,0.2,1.8631316121581811
2026-10-03,2,wk inc rsv hosp,2026-10-17,24,quantile,0.25,2.2826136214885793
2026-10-03,2,wk inc rsv hosp,2026-10-17,24,quantile,0.3,3.2801622787462446
2026-10-03,2,wk inc rsv hosp,2026-10-17,24,quantile,0.35,3.624340649260261
2026-10-03,2,wk inc rsv hosp,2026-10-17,24,quantile,0.4,4.16516596842354
2026-10-03,2,wk inc rsv hosp,2026-10-17,24,quantile,0.45,4.308043941261401
2026-10-03,2,wk inc rsv hosp,2026-10-17,24,quantile,0.5,5.347388982522492
2026-10-03,2,wk inc rsv hosp,2026-10-17,24,quantile,0.55,6.613822668558386
2026-10-03,2,wk inc rsv hosp,2026-10-17,24,quantile,0.6,7.962022105435791
2026-10-03,2,wk inc rsv hosp,2026-10-17,24,quantile,0.65,8.471580122342857
2026-10-03,2,wk inc rsv hosp,2026-10-17,24,quantile,0.7,8.838101150989411
2026-10-03,2,wk inc rsv hosp,2026-10-17,24,quantile,0.75,9.094215122664217
2026-10-03,2,wk inc rsv hosp,2026-10-17,24,quantile,0.8,9.37605346361235
2026-10-03,2,wk inc rsv hosp,2026-10-17,24,quantile,0.85,9.92807853307852
2026-10-03,2,wk inc rsv hosp,2026-10-17,24,quantile,0.9,10.48379862746578
2026-10-03,2,wk inc rsv hosp,2026-10-17,24,quantile,0.95,11.102137957819316
2026-10-03,2,wk inc rsv hosp,2026-10-17,24,quantile,0.975,11.223810541720418
2026-10-03,2,wk inc rsv hosp,2026-10-17,24,quantile,0.99,11.274569900032658
2026-10-03,2,wk inc rsv hosp,2026-10-17,25,quantile,0.01,1.0450182716282712
2026-10-03,2,wk inc rsv hosp,2026-10-17,25,quantile,0.025,1.2843110578487478
2026-10-03,2,wk inc rsv hosp,2026-10-17,25,quantile,0.05,1.9606770572937084
2026-10-03,2,wk inc rsv hosp,2026-10-17,25,quantile,0.1,3.8223038587563782
2026-10-03,2,wk inc rsv hosp,2026-10-17,25,quantile,0.15,4.11294143927887
2026-10-03,2,wk inc rsv hosp,2026-10-17,25,quantile,0.2,4.463219951109714
2026-10-03,2,wk inc rsv hosp,2026-10-17,25,quantile,0.25,4.510138301963824
2026-10-03,2,wk inc rsv hosp,2026-10-17,25,quantile,0.3,4.611208243792108
2026-10-03,2,wk inc rsv hosp,2026-10-17,25,quantile,0.35,4.66562307202352
2026-10-03,2,wk inc rsv hosp,2026-10-17,25,quantile,0.4,5.029010789964999
2026-10-03,2,wk inc rsv hosp,2026-10-17,25,quantile,0.45,5.334466797136718
2026-10-03,2,wk inc rsv hosp,2026-10-17,25,quantile,0.5,5.441944337985301
2026-10-03,2,wk inc rsv hosp,2026-10-17,25,quantile,0.55,5.542900288114487
2026-10-03,2,wk inc rsv hosp,2026-10-17,25,quantile,0.6,5.60459928756654
2026-10-03,2,wk inc rsv hosp,2026-10-17,25,quantile,0.65,5.714203226166159
2026-10-03,2,wk inc rsv hosp,2026-10-17,25,quantile,0.7,6.077875735240045
2026-10-03,2,wk inc rsv hosp,2026-10-17,25,quantile,0.75,6.357893071144625
2026-10-03,2,wk inc rsv hosp,2026-10-17,25,quantile,0.8,7.317372634442133
2026-10-03,2,wk inc rsv hosp,2026-10-17,25,quantile,0.85,7.592292296896332
2026-10-03,2,wk inc rsv hosp,2026-10-17,25,quantile,0.9,8.58355045230214
2026-10-03,2,wk inc rsv hosp,2026-10-17,25,quantile,0.95,10.569804361735116
2026-10-03,2,wk inc rsv hosp,2026-10-17,25,quantile,0.975,14.593354998600375
2026-10-03,2,wk inc rsv hosp,2026-10-17,25,quantile,0.99,18.84827264242928
2026-10-03,2,wk inc rsv hosp,2026-10-17,26,quantile,0.01,0.4633381502553252
2026-10-03,2,wk inc rsv hosp,2026-10-17,26,quantile,0.025,0.6065149795396696
2026-10-03,2,wk inc rsv hosp,2026-10-17,26,quantile,0.05,0.8608388870413214
2026-10-03,2,wk inc rsv hosp,2026-10-17,26,quantile,0.1,1.242206334131543
2026-10-03,2,wk inc rsv hosp,2026-10-17,26,quantile,0.15,1.4150038972203773
2026-10-03,2,wk inc rsv hosp,2026-10-17,26,quantile,0.2,1.6420747276360674
2026-10-03,2,wk inc rsv hosp,2026-10-17,26,quantile,0.25,2.0338587448720045
2026-10-03,2,wk inc rsv hosp,2026-10-17,26,quantile,0.3,2.23535397381949
2026-10-03,2,wk inc rsv hosp,2026-10-17,26,quantile,0.35,2.2656157038847753
2026-10-03,2,wk inc rsv hosp,2026-10-17,26,quantile,0.4,2.320970522246891
2026-10-03,2,wk inc rsv hosp,2026-10-17,26,quantile,0.45,2.4934656508843704
2026-10-03,2,wk inc rsv hosp,2026-10-17,26,quantile,0.5,2.8982292162119214
2026-10-03,2,wk inc rsv hosp,2026-10-17,26,quantile,0.55,3.105621009829982
2026-10-03,2,wk inc rsv hosp,2026-10-17,26,quantile,0.6,3.2482408501953244
2026-10-03,2,wk inc rsv hosp,2026-10-17,26,quantile,0.65,3.3509203184007887
2026-10-03,2,wk inc rsv hosp,2026-10-17,26,quantile,0.7,3.4276617842201005
2026-10-03,2,wk inc rsv hosp,2026-10-17,26,quantile,0.75,3.7620691430406517
2026-10-03,2,wk inc rsv hosp,2026-10-17,26,quantile,0.8,4.964713388653781
2026-10-03,2,wk inc rsv hosp,2026-10-17,26,quantile,0.85,5.747985055867507
2026-10-03,2,wk inc rsv hosp,2026-10-17,26,quantile,0.9,6.264629521351228
2026-10-03,2,wk inc rsv hosp,2026-10-17,26,quantile,0.95,7.36430256425396
2026-10-03,2,wk inc rsv hosp,2026-10-17,26,quantile,0.975,11.216443068643997
2026-10-03,2,wk inc rsv hosp,2026-10-17,26,quantile,0.99,16.216808574179904
2026-10-03,2,wk inc rsv hosp,2026-10-17,27,quantile,0.01,0.0
2026-10-03,2,wk inc rsv hosp,2026-10-17,27,quantile,0.025,0.0
2026-10-03,2,wk inc rsv hosp,2026-10-17,27,quantile,0.05,0.0
2026-10-03,2,wk inc rsv hosp,2026-10-17,27,quantile,0.1,0.0
2026-10-03,2,wk inc rsv hosp,2026-10-17,27,quantile,0.15,0.0
2026-10-03,2,wk inc rsv hosp,2026-10-17,27,quantile,0.2,0.0
2026-10-03,2,wk inc rsv hosp,2026-10-17,27,quantile,0.25,0.0
2026-10-03,2,wk inc rsv hosp,2026-10-17,27,quantile,0.3,0.0
2026-10-03,2,wk inc rsv hosp,2026-10-17,27,quantile,0.35,0.18176886323278982
2026-10-03,2,wk inc rsv hosp,2026-10-17,27,quantile,0.4,0.3965657576848259
2026-10-03,2,wk inc rsv hosp,2026-10-17,27,quantile,0.45,0.468752307829029
2026-10-03,2,wk inc rsv hosp,2026-10-17,27,quantile,0.5,0.5395161392587025
2026-10-03,2,wk inc rsv hosp,2026-10-17,27,quantile,0.55,0.5666386820827438
2026-10-03,2,wk inc rsv hosp,2026-10-17,27,quantile,0.6,0.7043396489950556
2026-10-03,2,wk inc rsv hosp,2026-10-17,27,quantile,0.65,0.7790104983026817
2026-10-03,2,wk inc rsv hosp,2026-10-17,27,quantile,0.7,0.8350031718299312
2026-10-03,2,wk inc rsv hosp,2026-10-17,27,quantile,0.75,0.8674714492670761
2026-10-03,2,wk inc rsv hosp,2026-10-17,27,quantile,0.8,1.063612241402239
2026-10-03,2,wk inc rsv hosp,2026-10-17,27,quantile,0.85,1.5105934740316056
2026-10-03,2,wk inc rsv hosp,2026-10-17,27,quantile,0.9,2.1955036161056745
2026-10-03,2,wk inc rsv hosp,2026-10-17,27,quantile,0.95,3.4988358517921982
2026-10-03,2,wk inc rsv hosp,2026-10-17,27,quantile,0.975,4.020605379646828
2026-10-03,2,wk inc rsv hosp,2026-10-17,27,quantile,0.99,4.367540196597915
2026-10-03,2,wk inc rsv hosp,2026-10-17,28,quantile,0.01,2.289139521456192
2026-10-03,2,wk inc rsv hosp,2026-10-17,28,quantile,0.025,2.3593989536509787
2026-10-03,2,wk inc rsv hosp,2026-10-17,28,quantile,0.05,2.498091925008606
2026-10-03,2,wk inc rsv hosp,2026-10-17,28,quantile,0.1,3.110985535144365
2026-10-03,2,wk inc rsv hosp,2026-10-17,28,quantile,0.15,3.6861673229860825
2026-10-03,2,wk inc rsv hosp,2026-10-17,28,quantile,0.2,4.451114937197493
2026-10-03,2,wk inc rsv hosp,2026-10-17,28,quantile,0.25,4.82120823264668
2026-10-03,2,wk inc rsv hosp,2026-10-17,28,quantile,0.3,5.755228778075116
2026-10-03,2,wk inc rsv hosp,2026-10-17,28,quantile,0.35,7.355067112744419
2026-10-03,2,wk inc rsv hosp,2026-10-17,28,quantile,0.4,7.786661899349192
2026-10-03,2,wk inc rsv hosp,2026-10-17,28,quantile,0.45,8.800037402046021
2026-10-03,2,wk inc rsv hosp,2026-10-17,28,quantile,0.5,9.017528607862438
2026-10-03,2,wk inc rsv hosp,2026-10-17,28,quantile,0.55,9.543949938886252
2026-10-03,2,wk inc rsv hosp,2026-10-17,28,quantile,0.6,9.703108052479921
2026-10-03,2,wk inc rsv hosp,2026-10-17,28,quantile,0.65,10.699471444459219
2026-10-03,2,wk inc rsv hosp,2026-10-17,28,quantile,0.7,12.023221362056365
2026-10-03,2,wk inc rsv hosp,2026-10-17,28,quantile,0.75,13.490826698996004
2026-10-03,2,wk inc rsv hosp,2026-10-17,28,quantile,0.8,14.081692270006098
2026-10-03,2,wk inc rsv hosp,2026-10-17,28,quantile,0.85,16.20464183244537
2026-10-03,2,wk inc rsv hosp,2026-10-17,28,quantile,0.9,17.027709304454255
2026-10-03,2,wk inc rsv hosp,2026-10-17,28,quantile,0.95,21.440978634467555
2026-10-03,2,wk inc rsv hosp,2026-10-17,28,quantile,0.975,23.14144563920381
2026-10-03,2,wk inc rsv hosp,2026-10-17,28,quantile,0.99,23.37615011859258
2026-10-03,2,wk inc rsv hosp,2026-10-17,29,quantile,0.01,0.2795549179654761
2026-10-03,2,wk inc rsv hosp,2026-10-17,29,quantile,0.025,0.3044742331173885
2026-10-03,2,wk inc rsv hosp,2026-10-17,29,quantile,0.05,0.3849584410017007
2026-10-03,2,wk inc rsv hosp,2026-10-17,29,quantile,0.1,0.588561968470698
2026-10-03,2,wk inc rsv hosp,2026-10-17,29,quantile,0.15,0.9514309201065483
2026-10-03,2,wk inc rsv hosp,2026-10-17,29,quantile,0.2,1.440064576243728
2026-10-03,2,wk inc rsv hosp,2026-10-17,29,quantile,0.25,1.5777830535542106
2026-10-03,2,wk inc rsv hosp,2026-10-17,29,quantile,0.3,1.7047954652845918
2026-10-03,2,wk inc rsv hosp,2026-10-17,29,quantile,0.35,1.7867667870527095
2026-10-03,2,wk inc rsv hosp,2026-10-17,29,quantile,0.4,2.001043031485078
2026-10-03,2,wk inc rsv hosp,2026-10-17,29,quantile,0.45,2.3417567020438392
2026-10-03,2,wk inc rsv hosp,2026-10-17,29,quantile,0.5,2.5303357737264776
2026-10-03,2,wk inc rsv hosp,2026-10-17,29,quantile,0.55,2.681671799112269
2026-10-03,2,wk inc rsv hosp,2026-10-17,29,quantile,0.6,2.934413069494118
2026-10-03,2,wk inc rsv hosp,2026-10-17,29,quantile,0.65,2.9759634937156836
2026-10-03,2,wk inc rsv hosp,2026-10-17,29,quantile,0.7,3.0688567251946894
2026-10-03,2,wk inc rsv hosp,2026-10-17,29,quantile,0.75,3.2138954737696346
2026-10-03,2,wk inc rsv hosp,2026-10-17,29,quantile,0.8,3.956261431045995
2026-10-03,2,wk inc rsv hosp,2026-10-17,29,quantile,0.85,4.505823878166619
2026-10-03,2,wk inc rsv hosp,2026-10-17,29,quantile,0.9,4.930278842807748
2026-10-03,2,wk inc rsv hosp,2026-10-17,29,quantile,0.95,8.341922134857285
2026-10-03,2,wk inc rsv hosp,2026-10-17,29,quantile,0.975,10.671466521044739
2026-10-03,2,wk inc rsv hosp,2026-10-17,29,quantile,0.99,11.54428963441028
2026-10-03,2,wk inc rsv hosp,2026-10-17,30,quantile,0.01,0.0
2026-10-03,2,wk inc rsv hosp,2026-10-17,30,quantile,0.025,0.0
2026-10-03,2,wk inc rsv hosp,2026-10-17,30,quantile,0.05,0.0
2026-10-03,2,wk inc rsv hosp,2026-10-17,30,quantile,0.1,0.0
2026-10-03,2,wk inc rsv hosp,2026-10-17,30,quantile,0.15,0.0
2026-10-03,2,wk inc rsv hosp,2026-10-17,30,quantile,0.2,0.0
2026-10-03,2,wk inc rsv hosp,2026-10-17,30,quantile,0.25,0.0
2026-10-03,2,wk inc rsv hosp,2026-10-17,30,quantile,0.3,0.0
2026-10-03,2,wk inc rsv hosp,2026-10-17,30,quantile,0.35,0.0
2026-10-03,2,wk inc rsv hosp,2026-10-17,30,quantile,0.4,0.0
2026-10-03,2,wk inc rsv hosp,2026-10-17,30,quantile,0.45,0.00900393839591337
2026-10-03,2,wk inc rsv hosp,2026-10-17,30,quantile,0.5,0.06809001045646772
2026-10-03,2,wk inc rsv hosp,2026-10-17,30,quantile,0.55,0.25752269754908186
2026-10-03,2,wk inc rsv hosp,2026-10-17,30,quantile,0.6,0.414368880354849
2026-10-03,2,wk inc rsv hosp,2026-10-17,30,quantile,0.65,0.4792086409608515
2026-10-03,2,wk inc rsv hosp,2026-10-17,30,quantile,0.7,0.7724962755055719
2026-10-03,2,wk inc rsv hosp,2026-10-17,30,quantile,0.75,0.9706957153368059
2026-10-03,2,wk inc rsv hosp,2026-10-17,30,quantile,0.8,1.0245963168383183
2026-10-03,2,wk inc rsv hosp,2026-10-17,30,quantile,0.85,1.2696577365334105
2026-10-03,2,wk inc rsv hosp,2026-10-17,30,quantile,0.9,1.5352500192273921
2026-10-03,2,wk inc rsv hosp,2026-10-17,30,quantile,0.95,2.0903556947299453
2026-10-03,2,wk inc rsv hosp,2026-10-17,30,quantile,0.975,2.3796148789745315
2026-10-03,2,wk inc rsv hosp,2026-10-17,30,quantile,0.99,2.4841506569970466
2026-10-03,2,wk inc rsv hosp,2026-10-17,31,quantile,0.01,0.10525000564583382
2026-10-03,2,wk inc rsv hosp,2026-10-17,31,quantile,0.025,0.10873187290976519
2026-10-03,2,wk inc rsv hosp,2026-10-17,31,quantile,0.05,0.3039325666504906
2026-10-03,2,wk inc rsv hosp,2026-10-17,31,quantile,0.1,1.169405122581916
2026-10-03,2,wk inc rsv hosp,2026-10-17,31,quantile,0.15,1.2408344372994282
2026-10-03,2,wk inc rsv hosp,2026-10-17,31,quantile,0.2,1.421363333149429
2026-10-03,2,wk inc rsv hosp,2026-10-17,31,quantile,0.25,1.7717269456343538
2026-10-03,2,wk inc rsv hosp,2026-10-17,31,quantile,0.3,1.9071327437561365
2026-10-03,2,wk inc rsv hosp,2026-10-17,31,quantile,0.35,2.1916105325977875
2026-10-03,2,wk inc rsv hosp,2026-10-17,31,quantile,0.4,2.3203640357605675
2026-10-03,2,wk inc rsv hosp,2026-10-17,31,quantile,0.45,2.433457130055615
2026-10-03,2,wk inc rsv hosp,2026-10-17,31,quantile,0.5,2.7108215937950577
2026-10-03,2,wk inc rsv hosp,2026-10-17,31,quantile,0.55,3.18117963715628
2026-10-03,2,wk inc rsv hosp,2026-10-17,31,quantile,0.6,3.310280957169855
2026-10-03,2,wk inc rsv hosp,2026-10-17,31,quantile,0.65,3.8559631966235264
2026-10-03,2,wk inc rsv hosp,2026-10-17,31,quantile,0.7,3.891358228358569
2026-10-03,2,wk inc rsv hosp,2026-10-17,31,quantile,0.75,4.001127582912937
2026-10-03,2,wk inc rsv hosp,2026-10-17,31,quantile,0.8,4.627779327457503
2026-10-03,2,wk inc rsv hosp,2026-10-17,31,quantile,0.85,4.830187661385407
2026-10-03,2,wk inc rsv hosp,2026-10-17,31,quantile,0.9,5.515510361063816
2026-10-03,2,wk inc rsv hosp,2026-10-17,31,quantile,0.95,8.333504629636657
2026-10-03,2,wk inc rsv hosp,2026-10-17,31,quantile,0.975,10.044960361585304
2026-10-03,2,wk inc rsv hosp,2026-10-17,31,quantile,0.99,10.929002009766817
2026-10-03,2,wk inc rsv hosp,2026-10-17,32,quantile,0.01,0.0
2026-10-03,2,wk inc rsv hosp,2026-10-17,32,quantile,0.025,0.014786149059415256
2026-10-03,2,wk inc rsv hosp,2026-10-17,32,quantile,0.05,0.1493106072895813
2026-10-03,2,wk inc rsv hosp,2026-10-17,32,quantile,0.1,0.3109435878511203
2026-10-03,2,wk inc rsv hosp,2026-10-17,32,quantile,0.15,0.4530534491790028
2026-10-03,2,wk inc rsv hosp,2026-10-17,32,quantile,0.2,1.442710545374095
2026-10-03,2,wk inc rsv hosp,2026-10-17,32,quantile,0.25,1.5928990103647478
2026-10-03,2,wk inc rsv hosp,2026-10-17,32,quantile,0.3,2.3325307482060444
2026-10-03,2,wk inc rsv hosp,2026-10-17,32,quantile,0.35,2.991836575085601
2026-10-03,2,wk inc rsv hosp,2026-10-17,32,quantile,0.4,3.0550611938551473
2026-10-03,2,wk inc rsv hosp,2026-10-17,32,quantile,0.45,3.6415191902780752
2026-10-03,2,wk inc rsv hosp,2026-10-17,32,quantile,0.5,3.7765440862059227
2026-10-03,2,wk inc rsv hosp,2026-10-17,32,quantile,0.55,3.8917142205723643
2026-10-03,2,wk inc rsv hosp,2026-10-17,32,quantile,0.6,3.9449002362226273
2026-10-03,2,wk inc rsv hosp,2026-10-17,32,quantile,0.65,4.767176619665437
2026-10-03,2,wk inc rsv hosp,2026-10-17,32,quantile,0.7,4.896165288488024
2026-10-03,2,wk inc rsv hosp,2026-10-17,32,quantile,0.75,5.152676488643115
2026-10-03,2,wk inc rsv hosp,2026-10-17,32,quantile,0.8,5.51564291539095
2026-10-03,2,wk inc rsv hosp,2026-10-17,32,quantile,0.85,6.60773690837749
2026-10-03,2,wk inc rsv hosp,2026-10-17,32,quantile,0.9,9.13406839071378
2026-10-03,2,wk inc rsv hosp,2026-10-17,32,quantile,0.95,14.14547144155527
2026-10-03,2,wk inc rsv hosp,2026-10-17,32,quantile,0.975,17.271795238804724
2026-10-03,2,wk inc rsv hosp,2026-10-17,32,quantile,0.99,19.46247734582805
2026-10-03,2,wk inc rsv hosp,2026-10-17,33,quantile,0.01,0.0
2026-10-03,2,wk inc rsv hosp,2026-10-17,33,quantile,0.025,0.0
2026-10-03,2,wk inc rsv hosp,2026-10-17,33,quantile,0.05,0.0
2026-10-03,2,wk inc rsv hosp,2026-10-17,33,quantile,0.1,0.0
2026-10-03,2,wk inc rsv hosp,2026-10-17,33,quantile,0.15,0.0
2026-10-03,2,wk inc rsv hosp,2026-10-17,33,quantile,0.2,0.08358618759798232
2026-10-03,2,wk inc rsv hosp,2026-10-17,33,quantile,0.25,0.10118473471448283
2026-10-03,2,wk inc rsv hosp,2026-10-17,33,quantile,0.3,0.1670950725997523
2026-10-03,2,wk inc rsv hosp,2026-10-17,33,quantile,0.35,0.36766671796974026
2026-10-03,2,wk inc rsv hosp,2026-10-17,33,quantile,0.4,0.6424066727202576
2026-10-03,2,wk inc rsv hosp,2026-10-17,33,quantile,0.45,0.7938707965401999
2026-10-03,2,wk inc rsv hosp,2026-10-17,33,quantile,0.5,0.7985769874700265
2026-10-03,2,wk inc rsv hosp,2026-10-17,33,quantile,0.55,1.0107146330356844
2026-10-03,2,wk inc rsv hosp,2026-10-17,33,quantile,0.6,1.0904511539636745
2026-10-03,2,wk inc rsv hosp,2026-10-17,33,quantile,0.65,1.1642830600067984
2026-10-03,2,wk inc rsv hosp,2026-10-17,33,quantile,0.7,1.2325551884741044
2026-10-03,2,wk inc rsv hosp,2026-10-17,33,quantile,0.75,1.3543596854862807
2026-10-03,2,wk inc rsv hosp,2026-10-17,33,quantile,0.8,1.4232984729342548
2026-10-03,2,wk inc rsv hosp,2026-10-17,33,quantile,0.85,1.8892088542175025
2026-10-03,2,wk inc rsv hosp,2026-10-17,33,quantile,0.9,2.1528403136977
2026-10-03,2,wk inc rsv hosp,2026-10-17,33,quantile,0.95,2.7366141404758033
2026-10-03,2,wk inc rsv hosp,2026-10-17,33,quantile,0.975,3.0689410980091
2026-10-03,2,wk inc rsv hosp,2026-10-17,33,quantile,0.99,3.287433961606385
2026-10-03,2,wk inc rsv hosp,2026-10-17,34,quantile,0.01,6.7464949649713315
2026-10-03,2,wk inc rsv hosp,2026-10-17,34,quantile,0.025,7.626652973711246
2026-10-03,2,wk inc rsv hosp,2026-10-17,34,quantile,0.05,8.98809643819893
2026-10-03,2,wk inc rsv hosp,2026-10-17,34,quantile,0.1,10.309534292906061
2026-10-03,2,wk inc rsv hosp,2026-10-17,34,quantile,0.15,10.719327970096082
2026-10-03,2,wk inc rsv hosp,2026-10-17,34,quantile,0.2,12.481956455230058
2026-10-03,2,wk inc rsv hosp,2026-10-17,34,quantile,0.25,12.98847407190706
2026-10-03,2,wk inc rsv hosp,2026-10-17,34,quantile,0.3,13.526112395308367
2026-10-03,2,wk inc rsv hosp,2026-10-17,34,quantile,0.35,14.71694557409006
2026-10-03,2,wk inc rsv hosp,2026-10-17,34,quantile,0.4,16.127770897467123
2026-10-03,2,wk inc rsv hosp,2026-10-17,34,quantile,0.45,16.7500699660046
2026-10-03,2,wk inc rsv hosp,2026-10-17,34,quantile,0.5,17.5919202023335
2026-10-03,2,wk inc rsv hosp,2026-10-17,34,quantile,0.55,18.040924537104484
2026-10-03,2,wk inc rsv hosp,2026-10-17,34,quantile,0.6,19.128886408825224
2026-10-03,2,wk inc rsv hosp,2026-10-17,34,quantile,0.65,19.516317563512985
2026-10-03,2,wk inc rsv hosp,2026-10-17,34,quantile,0.7,20.457367695930166
2026-10-03,2,wk inc rsv hosp,2026-10-17,34,quantile,0.75,21.812151661048716
2026-10-03,2,wk inc rsv hosp,2026-10-17,34,quantile,0.8,24.759234332735385
2026-10-03,2,wk inc rsv hosp,2026-10-17,34,quantile,0.85,27.605325963609463
2026-10-03,2,wk inc rsv hosp,2026-10-17,34,quantile,0.9,33.53321116261906
2026-10-03,2,wk inc rsv hosp,2026-10-17,34,quantile,0.95,37.4584657026626
2026-10-03,2,wk inc rsv hosp,2026-10-17,34,quantile,0.975,45.36530357468854
2026-10-03,2,wk inc rsv hosp,2026-10-17,34,quantile,0.99,54.806712727679766
2026-10-03,2,wk inc rsv hosp,2026-10-17,35,quantile,0.01,0.0
2026-10-03,2,wk inc rsv hosp,2026-10-17,35,quantile,0.025,0.1778438597753949
2026-10-03,2,wk inc rsv hosp,2026-10-17,35,quantile,0.05,0.43551471608839015
2026-10-03,2,wk inc rsv hosp,2026-10-17,35,quantile,0.1,0.6394873432620567
2026-10-03,2,wk inc rsv hosp,2026-10-17,35,quantile,0.15,0.7564272632294
2026-10-03,2,wk inc rsv hosp,2026-10-17,35,quantile,0.2,0.8537950267320149
2026-10-03,2,wk inc rsv hosp,2026-10-17,35,quantile,0.25,0.9972512245481928
2026-10-03,2,wk inc rsv hosp,2026-10-17,35,quantile,0.3,1.0624097693229988
2026-10-03,2,wk inc rsv hosp,2026-10-17,35,quantile,0.35,1.1012544633851127
2026-10-03,2,wk inc rsv hosp,2026-10-17,35,quantile,0.4,1.1364956818322294
2026-10-03,2,wk inc rsv hosp,2026-10-17,35,quantile,0.45,1.2199808590739534
2026-10-03,2,wk inc rsv hosp,2026-10-17,35,quantile,0.5,1.3006552841373604
2026-10-03,2,wk inc rsv hosp,2026-10-17,35,quantile,0.55,1.3701441812690272
2026-10-03,2,wk inc rsv hosp,2026-10-17,35,quantile,0.6,1.4403473649417766
2026-10-03,2,wk inc rsv hosp,2026-10-17,35,quantile,0.65,1.5870898933064503
2026-10-03,2,wk inc rsv hosp,2026-10-17,35,quantile,0.7,1.878609205809971
2026-10-03,2,wk inc rsv hosp,2026-10-17,35,quantile,0.75,2.4481222484004332
2026-10-03,2,wk inc rsv hosp,2026-10-17,35,quantile,0.8,2.9281321002130385
2026-10-03,2,wk inc rsv hosp,2026-10-17,35,quantile,0.85,3.140028456648425
2026-10-03,2,wk inc rsv hosp,2026-10-17,35,quantile,0.9,3.687585970491411
2026-10-03,2,wk inc rsv hosp,2026-10-17,35,quantile,0.95,3.9913744631610757
2026-10-03,2,wk inc rsv hosp,2026-10-17,35,quantile,0.975,4.552132001114887
2026-10-03,2,wk inc rsv hosp,2026-10-17,35,quantile,0.99,5.072185966381079
2026-10-03,2,wk inc rsv hosp,2026-10-17,36,quantile,0.01,22.49624410375877
2026-10-03,2,wk inc rsv hosp,2026-10-17,36,quantile,0.025,23.271040344304037
2026-10-03,2,wk inc rsv hosp,2026-10-17,36,quantile,0.05,24.689648954942367
2026-10-03,2,wk inc rsv hosp,2026-10-17,36,quantile,0.1,27.15783869608127
2026-10-03,2,wk inc rsv hosp,2026-10-17,36,quantile,0.15,28.059788779586054
2026-10-03,2,wk inc rsv hosp,2026-10-17,36,quantile,0.2,30.506579481481662
2026-10-03,2,wk inc rsv hosp,2026-10-17,36,quantile,0.25,30.753896267713547
2026-10-03,2,wk inc rsv hosp,2026-10-17,36,quantile,0.3,30.8984997318091
2026-10-03,2,wk inc rsv hosp,2026-10-17,36,quantile,0.35,31.089648821240043
2026-10-03,2,wk inc rsv hosp,2026-10-17,36,quantile,0.4,31.81548547636244
2026-10-03,2,wk inc rsv hosp,2026-10-17,36,quantile,0.45,34.621320463467505
2026-10-03,2,wk inc rsv hosp,2026-10-17,36,quantile,0.5,36.187284791862055
2026-10-03,2,wk inc rsv hosp,2026-10-17,36,quantile,0.55,37.975226486495345
2026-10-03,2,wk inc rsv hosp,2026-10-17,36,quantile,0.6,38.520256616383186
2026-10-03,2,wk inc rsv hosp,2026-10-17,36,quantile,0.65,39.482459278499675
2026-10-03,2,wk inc rsv hosp,2026-10-17,36,quantile,0.7,41.22348560147171
2026-10-03,2,wk inc rsv hosp,2026-10-17,36,quantile,0.75,41.78272164956904
2026-10-03,2,wk inc rsv hosp,2026-10-17,36,quantile,0.8,42.44756559705277
2026-10-03,2,wk inc rsv hosp,2026-10-17,36,quantile,0.85,44.027744034805195
2026-10-03,2,wk inc rsv hosp,2026-10-17,36,quantile,0.9,49.444816435215145
2026-10-03,2,wk inc rsv hosp,2026-10-17,36,quantile,0.95,53.81095244723201
2026-10-03,2,wk inc rsv hosp,2026-10-17,36,quantile,0.975,54.08732930725338
2026-10-03,2,wk inc rsv hosp,2026-10-17,36,quantile,0.99,54.144695258303955
2026-10-03,2,wk inc rsv hosp,2026-10-17,37,quantile,0.01,3.9114649513438122
2026-10-03,2,wk inc rsv hosp,2026-10-17,37,quantile,0.025,4.12557831386467
2026-10-03,2,wk inc rsv hosp,2026-10-17,37,quantile,0.05,4.369279418748041
2026-10-03,2,wk inc rsv hosp,2026-10-17,37,quantile,0.1,4.52455093490485
2026-10-03,2,wk inc rsv hosp,2026-10-17,37,quantile,0.15,5.656557764629667
2026-10-03,2,wk inc rsv hosp,2026-10-17,37,quantile,0.2,6.6129511942816945
2026-10-03,2,wk inc rsv hosp,2026-10-17,37,quantile,0.25,8.7170473803082
2026-10-03,2,wk inc rsv hosp,2026-10-17,37,quantile,0.3,9.03588668250151
2026-10-03,2,wk inc rsv hosp,2026-10-17,37,quantile,0.35,9.979493790930702
2026-10-03,2,wk inc rsv hosp,2026-10-17,37,quantile,0.4,11.842421698491432
2026-10-03,2,wk inc rsv hosp,2026-10-17,37,quantile,0.45,12.345950442377166
2026-10-03,2,wk inc rsv hosp,2026-10-17,37,quantile,0.5,13.219920934274935
2026-10-03,2,wk inc rsv hosp,2026-10-17,37,quantile,0.55,14.095429056802402
2026-10-03,2,wk inc rsv hosp,2026-10-17,37,quantile,0.6,15.105934923421275
2026-10-03,2,wk inc rsv hosp,2026-10-17,37,quantile,0.65,15.387024022956462
2026-10-03,2,wk inc rsv hosp,2026-10-17,37,quantile,0.7,15.89085473963754
2026-10-03,2,wk inc rsv hosp,2026-10-17,37,quantile,0.75,16.85814710250095
2026-10-03,2,wk inc rsv hosp,2026-10-17,37,quantile,0.8,18.244104595108535
2026-10-03,2,wk inc rsv hosp,2026-10-17,37,quantile,0.85,19.80886460842524
2026-10-03,2,wk inc rsv hosp,2026-10-17,37,quantile,0.9,22.694142942104882
2026-10-03,2,wk inc rsv hosp,2026-10-17,37,quantile,0.95,29.272990793526745
2026-10-03,2,wk inc rsv hosp,2026-10-17,37,quantile,0.975,35.37674322887325
2026-10-03,2,wk inc rsv hosp,2026-10-17,37,quantile,0.99,40.76544523134256
2026-10-03,2,wk inc rsv hosp,2026-10-17,38,quantile,0.01,0.0
2026-10-03,2,wk inc rsv hosp,2026-10-17,38,quantile,0.025,0.0
2026-10-03,2,wk inc rsv hosp,2026-10-17,38,quantile,0.05,0.0
2026-10-03,2,wk inc rsv hosp,2026-10-17,38,quantile,0.1,0.0
2026-10-03,2,wk inc rsv hosp,2026-10-17,38,quantile,0.15,0.0
2026-10-03,2,wk inc rsv hosp,2026-10-17,38,quantile,0.2,0.0
2026-10-03,2,wk inc rsv hosp,2026-10-17,38,quantile,0.25,0.0
2026-10-03,2,wk inc rsv hosp,2026-10-17,38,quantile,0.3,0.0
2026-10-03,2,wk inc rsv hosp,2026-10-17,38,quantile,0.35,0.07629158243914676
2026-10-03,2,wk inc rsv hosp,2026-10-17,38,quantile,0.4,0.08296680450439453
2026-10-03,2,wk inc rsv hosp,2026-10-17,38,quantile,0.45,0.10972049187157522
2026-10-03,2,wk inc rsv hosp,2026-10-17,38,quantile,0.5,0.13064217086893765
2026-10-03,2,wk inc rsv hosp,2026-10-17,38,quantile,0.55,0.22955302710945402
2026-10-03,2,wk inc rsv hosp,2026-10-17,38,quantile,0.6,0.3271835576453951
2026-10-03,2,wk inc rsv hosp,2026-10-17,38,quantile,0.65,0.36024890378593805
2026-10-03,2,wk inc rsv hosp,2026-10-17,38,quantile,0.7,0.3885922567655068
2026-10-03,2,wk inc rsv hosp,2026-10-17,38,quantile,0.75,0.42791537419642056
2026-10-03,2,wk inc rsv hosp,2026-10-17,38,quantile,0.8,0.47813208049824113
2026-10-03,2,wk inc rsv hosp,2026-10-17,38,quantile,0.85,0.572869116366734
2026-10-03,2,wk inc rsv hosp,2026-10-17,38,quantile,0.9,0.6693094537849049
2026-10-03,2,wk inc rsv hosp,2026-10-17,38,quantile,0.95,0.8799661471602203
2026-10-03,2,wk inc rsv hosp,2026-10-17,38,quantile,0.975,0.9698487272451293
2026-10-03,2,wk inc rsv hosp,2026-10-17,38,quantile,0.99,1.004763312839888
2026-10-03,2,wk inc rsv hosp,2026-10-17,39,quantile,0.01,4.159412311897967
2026-10-03,2,wk inc rsv hosp,2026-10-17,39,quantile,0.025,4.252160405842976
2026-10-03,2,wk inc rsv hosp,2026-10-17,39,quantile,0.05,4.373341005723835
2026-10-03,2,wk inc rsv hosp,2026-10-17,39,quantile,0.1,5.044586707483691
2026-10-03,2,wk inc rsv hosp,2026-10-17,39,quantile,0.15,6.8639623675334995
2026-10-03,2,wk inc rsv hosp,2026-10-17,39,quantile,0.2,8.894076463662168
2026-10-03,2,wk inc rsv hosp,2026-10-17,39,quantile,0.25,11.425020726309173
2026-10-03,2,wk inc rsv hosp,2026-10-17,39,quantile,0.3,12.35906597604713
2026-10-03,2,wk inc rsv hosp,2026-10-17,39,quantile,0.35,13.73955890097227
2026-10-03,2,wk inc rsv hosp,2026-10-17,39,quantile,0.4,14.809759057252569
2026-10-03,2,wk inc rsv hosp,2026-10-17,39,quantile,0.45,15.994816803176255
2026-10-03,2,wk inc rsv hosp,2026-10-17,39,quantile,0.5,17.854092230161804
2026-10-03,2,wk inc rsv hosp,2026-10-17,39,quantile,0.55,20.14910650103321
2026-10-03,2,wk inc rsv hosp,2026-10-17,39,quantile,0.6,21.495602404880778
2026-10-03,2,wk inc rsv hosp,2026-10-17,39,quantile,0.65,28.92080190775125
2026-10-03,2,wk inc rsv hosp,2026-10-17,39,quantile,0.7,29.469072618808685
2026-10-03,2,wk inc rsv hosp,2026-10-17,39,quantile,0.75,31.905857955165136
2026-10-03,2,wk inc rsv hosp,2026-10-17,39,quantile,0.8,34.30248719140501
2026-10-03,2,wk inc rsv hosp,2026-10-17,39,quantile,0.85,38.301217852774975
2026-10-03,2,wk inc rsv hosp,2026-10-17,39,quantile,0.9,41.35074704572559
2026-10-03,2,wk inc rsv hosp,2026-10-17,39,quantile,0.95,62.01757024909722
2026-10-03,2,wk inc rsv hosp,2026-10-17,39,quantile,0.975,74.95969660333117
2026-10-03,2,wk inc rsv hosp,2026-10-17,39,quantile,0.99,81.12207704729512
2026-10-03,2,wk inc rsv hosp,2026-10-17,40,quantile,0.01,0.0463144789366119
2026-10-03,2,wk inc rsv hosp,2026-10-17,40,quantile,0.025,0.05687931867864426
2026-10-03,2,wk inc rsv hosp,2026-10-17,40,quantile,0.05,0.08789428146805378
2026-10-03,2,wk inc rsv hosp,2026-10-17,40,quantile,0.1,0.24400195391852245
2026-10-03,2,wk inc rsv hosp,2026-10-17,40,quantile,0.15,0.5438155292873255
2026-10-03,2,wk inc rsv hosp,2026-10-17,40,quantile,0.2,0.7443416561310765
2026-10-03,2,wk inc rsv hosp,2026-10-17,40,quantile,0.25,0.9626427432127396
2026-10-03,2,wk inc rsv hosp,2026-10-17,40,quantile,0.3,1.1649599436089375
2026-10-03,2,wk inc rsv hosp,2026-10-17,40,quantile,0.35,1.5893702056557641
2026-10-03,2,wk inc rsv hosp,2026-10-17,40,quantile,0.4,1.8232889939518468
2026-10-03,2,wk inc rsv hosp,2026-10-17,40,quantile,0.45,1.9093611256514698
2026-10-03,2,wk inc rsv hosp,2026-10-17,40,quantile,0.5,2.0729230593859724
2026-10-03,2,wk inc rsv hosp,2026-10-17,40,quantile,0.55,2.243676556916123
2026-10-03,2,wk inc rsv hosp,2026-10-17,40,quantile,0.6,2.3105782245950848
2026-10-03,2,wk inc rsv hosp,2026-10-17,40,quantile,0.65,2.68565327797024
2026-10-03,2,wk inc rsv hosp,2026-10-17,40,quantile,0.7,2.9386780547076725
2026-10-03,2,wk inc rsv hosp,2026-10-17,40,quantile,0.75,3.2102636643365625
2026-10-03,2,wk inc rsv hosp,2026-10-17,40,quantile,0.8,3.4124699639494205
2026-10-03,2,wk inc rsv hosp,2026-10-17,40,quantile,0.85,3.7080709522248543
2026-10-03,2,wk inc rsv hosp,2026-10-17,40,quantile,0.9,3.9355455279560756
2026-10-03,2,wk inc rsv hosp,2026-10-17,40,quantile,0.95,4.528717270447876
2026-10-03,2,wk inc rsv hosp,2026-10-17,40,quantile,0.975,7.385797002695776
2026-10-03,2,wk inc rsv hosp,2026-10-17,40,quantile,0.99,11.329505139631063
2026-10-03,2,wk inc rsv hosp,2026-10-17,41,quantile,0.01,0.0
2026-10-03,2,wk inc rsv hosp,2026-10-17,41,quantile,0.025,0.0
2026-10-03,2,wk inc rsv hosp,2026-10-17,41,quantile,0.05,0.0
2026-10-03,2,wk inc rsv hosp,2026-10-17,41,quantile,0.1,0.0
2026-10-03,2,wk inc rsv hosp,2026-10-17,41,quantile,0.15,0.0
2026-10-03,2,wk inc rsv hosp,2026-10-17,41,quantile,0.2,0.15817249798067554
2026-10-03,2,wk inc rsv hosp,2026-10-17,41,quantile,0.25,0.33021494654889927
2026-10-03,2,wk inc rsv hosp,2026-10-17,41,quantile,0.3,0.37060849092694376
2026-10-03,2,wk inc rsv hosp,2026-10-17,41,quantile,0.35,0.4726031277040188
2026-10-03,2,wk inc rsv hosp,2026-10-17,41,quantile,0.4,0.6076420685285432
2026-10-03,2,wk inc rsv hosp,2026-10-17,41,quantile,0.45,0.7191124028484849
2026-10-03,2,wk inc rsv hosp,2026-10-17,41,quantile,0.5,0.8174694292366317
2026-10-03,2,wk inc rsv hosp,2026-10-17,41,quantile,0.55,0.8977263415476454
2026-10-03,2,wk inc rsv hosp,2026-10-17,41,quantile,0.6,1.1761695281919782
2026-10-03,2,wk inc rsv hosp,2026-10-17,41,quantile,0.65,1.3074503199631515
2026-10-03,2,wk inc rsv hosp,2026-10-17,41,quantile,0.7,1.5934926506448241
2026-10-03,2,wk inc rsv hosp,2026-10-17,41,quantile,0.75,2.2526147388042603
2026-10-03,2,wk inc rsv hosp,2026-10-17,41,quantile,0.8,2.5102100372314453
2026-10-03,2,wk inc rsv hosp,2026-10-17,41,quantile,0.85,3.3432863574504763
2026-10-03,2,wk inc rsv hosp,2026-10-17,41,quantile,0.9,4.679149097686358
2026-10-03,2,wk inc rsv hosp,2026-10-17,41,quantile,0.95,5.7244499283673544
2026-10-03,2,wk inc rsv hosp,2026-10-17,41,quantile,0.975,6.3747730020657345
2026-10-03,2,wk inc rsv hosp,2026-10-17,41,quantile,0.99,6.747011753589211
2026-10-03,2,wk inc rsv hosp,2026-10-17,42,quantile,0.01,39.65089098995557
2026-10-03,2,wk inc rsv hosp,2026-10-17,42,quantile,0.025,40.304749825010134
2026-10-03,2,wk inc rsv hosp,2026-10-17,42,quantile,0.05,42.5288410823499
2026-10-03,2,wk inc rsv hosp,2026-10-17,42,quantile,0.1,50.47853102764849
2026-10-03,2,wk inc rsv hosp,2026-10-17,42,quantile,0.15,57.784293726143474
2026-10-03,2,wk inc rsv hosp,2026-10-17,42,quantile,0.2,59.871782939321335
2026-10-03,2,wk inc rsv hosp,2026-10-17,42,quantile,0.25,61.197295561197905
2026-10-03,2,wk inc rsv hosp,2026-10-17,42,quantile,0.3,63.73524796287465
2026-10-03,2,wk inc rsv hosp,2026-10-17,42,quantile,0.35,65.81354222602172
2026-10-03,2,wk inc rsv hosp,2026-10-17,42,quantile,0.4,66.22572881071684
2026-10-03,2,wk inc rsv hosp,2026-10-17,42,quantile,0.45,68.6277478939528
2026-10-03,2,wk inc rsv hosp,2026-10-17,42,quantile,0.5,70.79271227320565
2026-10-03,2,wk inc rsv hosp,2026-10-17,42,quantile,0.55,72.40156018997992
2026-10-03,2,wk inc rsv hosp,2026-10-17,42,quantile,0.6,73.09461952829977
2026-10-03,2,wk inc rsv hosp,2026-10-17,42,quantile,0.65,76.59063649394213
2026-10-03,2,wk inc rsv hosp,2026-10-17,42,quantile,0.7,82.65500900590513
2026-10-03,2,wk inc rsv hosp,2026-10-17,42,quantile,0.75,84.99527004012181
2026-10-03,2,wk inc rsv hosp,2026-10-17,42,quantile,0.8,85.9745308333538
2026-10-03,2,wk inc rsv hosp,2026-10-17,42,quantile,0.85,87.25233012765749
2026-10-03,2,wk inc rsv hosp,2026-10-17,42,quantile,0.9,90.39020368121834
2026-10-03,2,wk inc rsv hosp,2026-10-17,42,quantile,0.95,98.92234957761366
2026-10-03,2,wk inc rsv hosp,2026-10-17,42,quantile,0.975,105.0185088970432
2026-10-03,2,wk inc rsv hosp,2026-10-17,42,quantile,0.99,108.27678878964953
2026-10-03,2,wk inc rsv hosp,2026-10-17,44,quantile,0.01,0.5724299746652839
2026-10-03,2,wk inc rsv hosp,2026-10-17,44,quantile,0.025,0.6592123477583216
2026-10-03,2,wk inc rsv hosp,2026-10-17,44,quantile,0.05,0.8117190205610672
2026-10-03,2,wk inc rsv hosp,2026-10-17,44,quantile,0.1,1.1470606135470383
2026-10-03,2,wk inc rsv hosp,2026-10-17,44,quantile,0.15,1.374523046982167
2026-10-03,2,wk inc rsv hosp,2026-10-17,44,quantile,0.2,2.108729205841117
2026-10-03,2,wk inc rsv hosp,2026-10-17,44,quantile,0.25,2.2222626946963473
2026-10-03,2,wk inc rsv hosp,2026-10-17,44,quantile,0.3,2.24195515439555
2026-10-03,2,wk inc rsv hosp,2026-10-17,44,quantile,0.35,2.3258967230667658
2026-10-03,2,wk inc rsv hosp,2026-10-17,44,quantile,0.4,3.100531673147494
2026-10-03,2,wk inc rsv hosp,2026-10-17,44,quantile,0.45,3.169532181974046
2026-10-03,2,wk inc rsv hosp,2026-10-17,44,quantile,0.5,3.4983183639182758
2026-10-03,2,wk inc rsv hosp,2026-10-17,44,quantile,0.55,4.004814649944164
2026-10-03,2,wk inc rsv hosp,2026-10-17,44,quantile,0.6,4.749166804718538
2026-10-03,2,wk inc rsv hosp,2026-10-17,44,quantile,0.65,4.840040843023937
2026-10-03,2,wk inc rsv hosp,2026-10-17,44,quantile,0.7,5.007259062423357
2026-10-03,2,wk inc rsv hosp,2026-10-17,44,quantile,0.75,5.088512547759002
2026-10-03,2,wk inc rsv hosp,2026-10-17,44,quantile,0.8,5.312896128823205
2026-10-03,2,wk inc rsv hosp,2026-10-17,44,quantile,0.85,5.456204082549416
2026-10-03,2,wk inc rsv hosp,2026-10-17,44,quantile,0.9,5.56856783801826
2026-10-03,2,wk inc rsv hosp,2026-10-17,44,quantile,0.95,7.74900743041008
2026-10-03,2,wk inc rsv hosp,2026-10-17,44,quantile,0.975,8.741605300224961
2026-10-03,2,wk inc rsv hosp,2026-10-17,44,quantile,0.99,8.905659148895664
2026-10-03,2,wk inc rsv hosp,2026-10-17,45,quantile,0.01,3.5461863261033377
2026-10-03,2,wk inc rsv hosp,2026-10-17,45,quantile,0.025,3.955367031702475
2026-10-03,2,wk inc rsv hosp,2026-10-17,45,quantile,0.05,4.873959319347142
2026-10-03,2,wk inc rsv hosp,2026-10-17,45,quantile,0.1,7.342872302038099
2026-10-03,2,wk inc rsv hosp,2026-10-17,45,quantile,0.15,8.418475242545375
2026-10-03,2,wk inc rsv hosp,2026-10-17,45,quantile,0.2,9.830025316346045
2026-10-03,2,wk inc rsv hosp,2026-10-17,45,quantile,0.25,9.869922777060712
2026-10-03,2,wk inc rsv hosp,2026-10-17,45,quantile,0.3,11.416882092886464
2026-10-03,2,wk inc rsv hosp,2026-10-17,45,quantile,0.35,13.129353701444899
2026-10-03,2,wk inc rsv hosp,2026-10-17,45,quantile,0.4,13.534120967669738
2026-10-03,2,wk inc rsv hosp,2026-10-17,45,quantile,0.45,14.961722632052387
2026-10-03,2,wk inc rsv hosp,2026-10-17,45,quantile,0.5,15.32632971607952
2026-10-03,2,wk inc rsv hosp,2026-10-17,45,quantile,0.55,16.073469663376645
2026-10-03,2,wk inc rsv hosp,2026-10-17,45,quantile,0.6,16.58017851430259
2026-10-03,2,wk inc rsv hosp,2026-10-17,45,quantile,0.65,17.18127124089357
2026-10-03,2,wk inc rsv hosp,2026-10-17,45,quantile,0.7,19.17379888387272
2026-10-03,2,wk inc rsv hosp,2026-10-17,45,quantile,0.75,20.211888615408768
2026-10-03,2,wk inc rsv hosp,2026-10-17,45,quantile,0.8,20.495979884425584
2026-10-03,2,wk inc rsv hosp,2026-10-17,45,quantile,0.85,20.53375840525618
2026-10-03,2,wk inc rsv hosp,2026-10-17,45,quantile,0.9,27.722504017565623
2026-10-03,2,wk inc rsv hosp,2026-10-17,45,quantile,0.95,40.09646946090956
2026-10-03,2,wk inc rsv hosp,2026-10-17,45,quantile,0.975,46.10664061172737
2026-10-03,2,wk inc rsv hosp,2026-10-17,45,quantile,0.99,51.668618552728894
2026-10-03,2,wk inc rsv hosp,2026-10-17,46,quantile,0.01,0.0
2026-10-03,2,wk inc rsv hosp,2026-10-17,46,quantile,0.025,0.0
2026-10-03,2,wk inc rsv hosp,2026-10-17,46,quantile,0.05,0.025273331963485544
2026-10-03,2,wk inc rsv hosp,2026-10-17,46,quantile,0.1,0.1918401994057653
2026-10-03,2,wk inc rsv hosp,2026-10-17,46,quantile,0.15,0.34959730323216626
2026-10-03,2,wk inc rsv hosp,2026-10-17,46,quantile,0.2,0.5032507337435972
2026-10-03,2,wk inc rsv hosp,2026-10-17,46,quantile,0.25,0.5594688903043857
2026-10-03,2,wk inc rsv hosp,2026-10-17,46,quantile,0.3,0.651639531470698
2026-10-03,2,wk inc rsv hosp,2026-10-17,46,quantile,0.35,0.7548776793346089
2026-10-03,2,wk inc rsv hosp,2026-10-17,46,quantile,0.4,0.9022146456709788
2026-10-03,2,wk inc rsv hosp,2026-10-17,46,quantile,0.45,1.0125000379210023
2026-10-03,2,wk inc rsv hosp,2026-10-17,46,quantile,0.5,1.121922257401042
2026-10-03,2,wk inc rsv hosp,2026-10-17,46,quantile,0.55,1.208204728124689
2026-10-03,2,wk inc rsv hosp,2026-10-17,46,quantile,0.6,1.252869773952675
2026-10-03,2,wk inc rsv hosp,2026-10-17,46,quantile,0.65,1.3965063515969125
2026-10-03,2,wk inc rsv hosp,2026-10-17,46,quantile,0.7,1.411905060697494
2026-10-03,2,wk inc rsv hosp,2026-10-17,46,quantile,0.75,1.6812027906558313
2026-10-03,2,wk inc rsv hosp,2026-10-17,46,quantile,0.8,1.9310166288430484
2026-10-03,2,wk inc rsv hosp,2026-10-17,46,quantile,0.85,2.2086112036889385
2026-10-03,2,wk inc rsv hosp,2026-10-17,46,quantile,0.9,2.6096252981599406
2026-10-03,2,wk inc rsv hosp,2026-10-17,46,quantile,0.95,3.4877618209040695
2026-10-03,2,wk inc rsv hosp,2026-10-17,46,quantile,0.975,4.000208069205215
2026-10-03,2,wk inc rsv hosp,2026-10-17,46,quantile,0.99,4.325001914871642
2026-10-03,2,wk inc rsv hosp,2026-10-17,47,quantile,0.01,4.4403939894283795
2026-10-03,2,wk inc rsv hosp,2026-10-17,47,quantile,0.025,5.866892691789231
2026-10-03,2,wk inc rsv hosp,2026-10-17,47,quantile,0.05,7.690192801564334
2026-10-03,2,wk inc rsv hosp,2026-10-17,47,quantile,0.1,7.775379988115324
2026-10-03,2,wk inc rsv hosp,2026-10-17,47,quantile,0.15,7.889404229159716
2026-10-03,2,wk inc rsv hosp,2026-10-17,47,quantile,0.2,8.109196760000094
2026-10-03,2,wk inc rsv hosp,2026-10-17,47,quantile,0.25,8.847125177855526
2026-10-03,2,wk inc rsv hosp,2026-10-17,47,quantile,0.3,11.096233492524195
2026-10-03,2,wk inc rsv hosp,2026-10-17,47,quantile,0.35,11.61342692132908
2026-10-03,2,wk inc rsv hosp,2026-10-17,47,quantile,0.4,11.71048572945382
2026-10-03,2,wk inc rsv hosp,2026-10-17,47,quantile,0.45,12.982995263746192
2026-10-03,2,wk inc rsv hosp,2026-10-17,47,quantile,0.5,14.198662095604385
2026-10-03,2,wk inc rsv hosp,2026-10-17,47,quantile,0.55,14.449742682200243
2026-10-03,2,wk inc rsv hosp,2026-10-17,47,quantile,0.6,15.991211172365386
2026-10-03,2,wk inc rsv hosp,2026-10-17,47,quantile,0.65,16.271681233140473
2026-10-03,2,wk inc rsv hosp,2026-10-17,47,quantile,0.7,17.999704479489985
2026-10-03,2,wk inc rsv hosp,2026-10-17,47,quantile,0.75,20.114812835784267
2026-10-03,2,wk inc rsv hosp,2026-10-17,47,quantile,0.8,22.974544490693468
2026-10-03,2,wk inc rsv hosp,2026-10-17,47,quantile,0.85,28.1665240031859
2026-10-03,2,wk inc rsv hosp,2026-10-17,47,quantile,0.9,32.204335730848044
2026-10-03,2,wk inc rsv hosp,2026-10-17,47,quantile,0.95,36.17820180439939
2026-10-03,2,wk inc rsv hosp,2026-10-17,47,quantile,0.975,40.27776023092308
2026-10-03,2,wk inc rsv hosp,2026-10-17,47,quantile,0.99,44.06568077040787
2026-10-03,2,wk inc rsv hosp,2026-10-17,48,quantile,0.01,38.619689896704756
2026-10-03,2,wk inc rsv hosp,2026-10-17,48,quantile,0.025,42.626266613307635
2026-10-03,2,wk inc rsv hosp,2026-10-17,48,quantile,0.05,47.6747778634802
2026-10-03,2,wk inc rsv hosp,2026-10-17,48,quantile,0.1,53.53690684273792
2026-10-03,2,wk inc rsv hosp,2026-10-17,48,quantile,0.15,58.98547212426333
2026-10-03,2,wk inc rsv hosp,2026-10-17,48,quantile,0.2,59.702801253318434
2026-10-03,2,wk inc rsv hosp,2026-10-17,48,quantile,0.25,60.67098142708378
2026-10-03,2,wk inc rsv hosp,2026-10-17,48,quantile,0.3,68.8619019164454
2026-10-03,2,wk inc rsv hosp,2026-10-17,48,quantile,0.35,86.0393799110256
2026-10-03,2,wk inc rsv hosp,2026-10-17,48,quantile,0.4,90.26119957282982
2026-10-03,2,wk inc rsv hosp,2026-10-17,48,quantile,0.45,93.79894277607882
2026-10-03,2,wk inc rsv hosp,2026-10-17,48,quantile,0.5,98.04784990894385
2026-10-03,2,wk inc rsv hosp,2026-10-17,48,quantile,0.55,100.70586255123087
2026-10-03,2,wk inc rsv hosp,2026-10-17,48,quantile,0.6,111.2492351660385
2026-10-03,2,wk inc rsv hosp,2026-10-17,48,quantile,0.65,114.86474987924812
2026-10-03,2,wk inc rsv hosp,2026-10-17,48,quantile,0.7,118.85056092417018
2026-10-03,2,wk inc rsv hosp,2026-10-17,48,quantile,0.75,120.53628609774117
2026-10-03,2,wk inc rsv hosp,2026-10-17,48,quantile,0.8,122.09032983143182
2026-10-03,2,wk inc rsv hosp,2026-10-17,48,quantile,0.85,127.76365423087772
2026-10-03,2,wk inc rsv hosp,2026-10-17,48,quantile,0.9,169.2762194077059
2026-10-03,2,wk inc rsv hosp,2026-10-17,48,quantile,0.95,213.85800939869534
2026-10-03,2,wk inc rsv hosp,2026-10-17,48,quantile,0.975,221.71864027789567
2026-10-03,2,wk inc rsv hosp,2026-10-17,48,quantile,0.99,227.83980978769608
2026-10-03,2,wk inc rsv hosp,2026-10-17,49,quantile,0.01,0.0
2026-10-03,2,wk inc rsv hosp,2026-10-17,49,quantile,0.025,0.0
2026-10-03,2,wk inc rsv hosp,2026-10-17,49,quantile,0.05,0.0
2026-10-03,2,wk inc rsv hosp,2026-10-17,49,quantile,0.1,0.0
2026-10-03,2,wk inc rsv hosp,2026-10-17,49,quantile,0.15,0.27775284412157897
2026-10-03,2,wk inc rsv hosp,2026-10-17,49,quantile,0.2,0.5853927377670864
2026-10-03,2,wk inc rsv hosp,2026-10-17,49,quantile,0.25,0.6262143525342241
2026-10-03,2,wk inc rsv hosp,2026-10-17,49,quantile,0.3,0.8130805561369783
2026-10-03,2,wk inc rsv hosp,2026-10-17,49,quantile,0.35,0.9704549776963425
2026-10-03,2,wk inc rsv hosp,2026-10-17,49,quantile,0.4,1.255944865610491
2026-10-03,2,wk inc rsv hosp,2026-10-17,49,quantile,0.45,1.3687665312335504
2026-10-03,2,wk inc rsv hosp,2026-10-17,49,quantile,0.5,1.7024964294935583
2026-10-03,2,wk inc rsv hosp,2026-10-17,49,quantile,0.55,2.0292805762242465
2026-10-03,2,wk inc rsv hosp,2026-10-17,49,quantile,0.6,2.23819946343008
2026-10-03,2,wk inc rsv hosp,2026-10-17,49,quantile,0.65,2.363015086880085
2026-10-03,2,wk inc rsv hosp,2026-10-17,49,quantile,0.7,2.675939301974235
2026-10-03,2,wk inc rsv hosp,2026-10-17,49,quantile,0.75,3.0953735292063778
2026-10-03,2,wk inc rsv hosp,2026-10-17,49,quantile,0.8,4.324918746948241
2026-10-03,2,wk inc rsv hosp,2026-10-17,49,quantile,0.85,6.98737812042236
2026-10-03,2,wk inc rsv hosp,2026-10-17,49,quantile,0.9,8.516546857825332
2026-10-03,2,wk inc rsv hosp,2026-10-17,49,quantile,0.95,26.681964224556125
2026-10-03,2,wk inc rsv hosp,2026-10-17,49,quantile,0.975,37.251391112020755
2026-10-03,2,wk inc rsv hosp,2026-10-17,49,quantile,0.99,38.253957036388975
2026-10-03,2,wk inc rsv hosp,2026-10-17,50,quantile,0.01,0.0
2026-10-03,2,wk inc rsv hosp,2026-10-17,50,quantile,0.025,0.0
2026-10-03,2,wk inc rsv hosp,2026-10-17,50,quantile,0.05,0.0
2026-10-03,2,wk inc rsv hosp,2026-10-17,50,quantile,0.1,0.0
2026-10-03,2,wk inc rsv hosp,2026-10-17,50,quantile,0.15,0.0701254557110106
2026-10-03,2,wk inc rsv hosp,2026-10-17,50,quantile,0.2,0.14163885602225107
2026-10-03,2,wk inc rsv hosp,2026-10-17,50,quantile,0.25,0.3140165436260849
2026-10-03,2,wk inc rsv hosp,2026-10-17,50,quantile,0.3,0.3454795592295562
2026-10-03,2,wk inc rsv hosp,2026-10-17,50,quantile,0.35,0.39447317491514167
2026-10-03,2,wk inc rsv hosp,2026-10-17,50,quantile,0.4,0.41017019748687744
2026-10-03,2,wk inc rsv hosp,2026-10-17,50,quantile,0.45,0.4621544042070265
2026-10-03,2,wk inc rsv hosp,2026-10-17,50,quantile,0.5,0.6556190218949474
2026-10-03,2,wk inc rsv hosp,2026-10-17,50,quantile,0.55,0.7651900016992832
2026-10-03,2,wk inc rsv hosp,2026-10-17,50,quantile,0.6,0.8473049450463647
2026-10-03,2,wk inc rsv hosp,2026-10-17,50,quantile,0.65,0.9633750654539455
2026-10-03,2,wk inc rsv hosp,2026-10-17,50,quantile,0.7,1.3449586416953137
2026-10-03,2,wk inc rsv hosp,2026-10-17,50,quantile,0.75,1.4843455481032188
2026-10-03,2,wk inc rsv hosp,2026-10-17,50,quantile,0.8,1.5198130524840963
2026-10-03,2,wk inc rsv hosp,2026-10-17,50,quantile,0.85,1.750356559774181
2026-10-03,2,wk inc rsv hosp,2026-10-17,50,quantile,0.9,1.7875372333131772
2026-10-03,2,wk inc rsv hosp,2026-10-17,50,quantile,0.95,2.9330077634129097
2026-10-03,2,wk inc rsv hosp,2026-10-17,50,quantile,0.975,3.6173844950356173
2026-10-03,2,wk inc rsv hosp,2026-10-17,50,quantile,0.99,3.852060248318189
2026-10-03,2,wk inc rsv hosp,2026-10-17,51,quantile,0.01,5.261575390061502
2026-10-03,2,wk inc rsv hosp,2026-10-17,51,quantile,0.025,5.343190084527338
2026-10-03,2,wk inc rsv hosp,2026-10-17,51,quantile,0.05,5.457152815861695
2026-10-03,2,wk inc rsv hosp,2026-10-17,51,quantile,0.1,5.960301211551033
2026-10-03,2,wk inc rsv hosp,2026-10-17,51,quantile,0.15,6.439065994691733
2026-10-03,2,wk inc rsv hosp,2026-10-17,51,quantile,0.2,7.042243652630553
2026-10-03,2,wk inc rsv hosp,2026-10-17,51,quantile,0.25,9.182598689868492
2026-10-03,2,wk inc rsv hosp,2026-10-17,51,quantile,0.3,9.445586073878069
2026-10-03,2,wk inc rsv hosp,2026-10-17,51,quantile,0.35,10.435526595049824
2026-10-03,2,wk inc rsv hosp,2026-10-17,51,quantile,0.4,11.439807171337375
2026-10-03,2,wk inc rsv hosp,2026-10-17,51,quantile,0.45,11.849350441856206
2026-10-03,2,wk inc rsv hosp,2026-10-17,51,quantile,0.5,13.795187927829184
2026-10-03,2,wk inc rsv hosp,2026-10-17,51,quantile,0.55,15.989793652512702
2026-10-03,2,wk inc rsv hosp,2026-10-17,51,quantile,0.6,19.08594635538384
2026-10-03,2,wk inc rsv hosp,2026-10-17,51,quantile,0.65,19.40081287474407
2026-10-03,2,wk inc rsv hosp,2026-10-17,51,quantile,0.7,20.154310426980636
2026-10-03,2,wk inc rsv hosp,2026-10-17,51,quantile,0.75,20.54265646511552
2026-10-03,2,wk inc rsv hosp,2026-10-17,51,quantile,0.8,20.645742454006516
2026-10-03,2,wk inc rsv hosp,2026-10-17,51,quantile,0.85,24.857885698624617
2026-10-03,2,wk inc rsv hosp,2026-10-17,51,quantile,0.9,30.10508320885339
2026-10-03,2,wk inc rsv hosp,2026-10-17,51,quantile,0.95,33.20232636491097
2026-10-03,2,wk inc rsv hosp,2026-10-17,51,quantile,0.975,36.66666457607867
2026-10-03,2,wk inc rsv hosp,2026-10-17,51,quantile,0.99,39.89862490811745
2026-10-03,2,wk inc rsv hosp,2026-10-17,53,quantile,0.01,1.897890132908476
2026-10-03,2,wk inc rsv hosp,2026-10-17,53,quantile,0.025,2.483842960935802
2026-10-03,2,wk inc rsv hosp,2026-10-17,53,quantile,0.05,3.2576774475663663
2026-10-03,2,wk inc rsv hosp,2026-10-17,53,quantile,0.1,3.520417234918039
2026-10-03,2,wk inc rsv hosp,2026-10-17,53,quantile,0.15,3.677049546424042
2026-10-03,2,wk inc rsv hosp,2026-10-17,53,quantile,0.2,3.727275940545012
2026-10-03,2,wk inc rsv hosp,2026-10-17,53,quantile,0.25,4.569550027001759
2026-10-03,2,wk inc rsv hosp,2026-10-17,53,quantile,0.3,5.212687136510218
2026-10-03,2,wk inc rsv hosp,2026-10-17,53,quantile,0.35,5.428037111854991
2026-10-03,2,wk inc rsv hosp,2026-10-17,53,quantile,0.4,5.529688204849245
2026-10-03,2,wk inc rsv hosp,2026-10-17,53,quantile,0.45,5.847773394728905
2026-10-03,2,wk inc rsv hosp,2026-10-17,53,quantile,0.5,5.925316253438833
2026-10-03,2,wk inc rsv hosp,2026-10-17,53,quantile,0.55,5.960305590737106
2026-10-03,2,wk inc rsv hosp,2026-10-17,53,quantile,0.6,6.242073729862368
2026-10-03,2,wk inc rsv hosp,2026-10-17,53,quantile,0.65,6.8923643964534955
2026-10-03,2,wk inc rsv hosp,2026-10-17,53,quantile,0.7,7.513926514805301
2026-10-03,2,wk inc rsv hosp,2026-10-17,53,quantile,0.75,8.17800287498846
2026-10-03,2,wk inc rsv hosp,2026-10-17,53,quantile,0.8,8.492528187823657
2026-10-03,2,wk inc rsv hosp,2026-10-17,53,quantile,0.85,8.884815265555694
2026-10-03,2,wk inc rsv hosp,2026-10-17,53,quantile,0.9,9.526485702600613
2026-10-03,2,wk inc rsv hosp,2026-10-17,53,quantile,0.95,10.586275136221602
2026-10-03,2,wk inc rsv hosp,2026-10-17,53,quantile,0.975,11.300934242077881
2026-10-03,2,wk inc rsv hosp,2026-10-17,53,quantile,0.99,11.671532221125636
2026-10-03,2,wk inc rsv hosp,2026-10-17,54,quantile,0.01,0.17257769364638753
2026-10-03,2,wk inc rsv hosp,2026-10-17,54,quantile,0.025,0.20910602630108177
2026-10-03,2,wk inc rsv hosp,2026-10-17,54,quantile,0.05,0.43314520500807074
2026-10-03,2,wk inc rsv hosp,2026-10-17,54,quantile,0.1,1.2333476004115984
2026-10-03,2,wk inc rsv hosp,2026-10-17,54,quantile,0.15,1.6036450791561863
2026-10-03,2,wk inc rsv hosp,2026-10-17,54,quantile,0.2,1.8792515316153573
2026-10-03,2,wk inc rsv hosp,2026-10-17,54,quantile,0.25,2.0425269508831385
2026-10-03,2,wk inc rsv hosp,2026-10-17,54,quantile,0.3,2.2593906755042346
2026-10-03,2,wk inc rsv hosp,2026-10-17,54,quantile,0.35,2.3303606057911845
2026-10-03,2,wk inc rsv hosp,2026-10-17,54,quantile,0.4,2.410601572706771
2026-10-03,2,wk inc rsv hosp,2026-10-17,54,quantile,0.45,2.5216875519544653
2026-10-03,2,wk inc rsv hosp,2026-10-17,54,quantile,0.5,2.8901787179737273
2026-10-03,2,wk inc rsv hosp,2026-10-17,54,quantile,0.55,3.2000888156960805
2026-10-03,2,wk inc rsv hosp,2026-10-17,54,quantile,0.6,3.5077540112445673
2026-10-03,2,wk inc rsv hosp,2026-10-17,54,quantile,0.65,3.6560838300918994
2026-10-03,2,wk inc rsv hosp,2026-10-17,54,quantile,0.7,3.9724787355174422
2026-10-03,2,wk inc rsv hosp,2026-10-17,54,quantile,0.75,4.393237921973341
2026-10-03,2,wk inc rsv hosp,2026-10-17,54,quantile,0.8,4.559280988856333
2026-10-03,2,wk inc rsv hosp,2026-10-17,54,quantile,0.85,4.734505592225675
2026-10-03,2,wk inc rsv hosp,2026-10-17,54,quantile,0.9,5.088111550704494
2026-10-03,2,wk inc rsv hosp,2026-10-17,54,quantile,0.95,5.487306573692724
2026-10-03,2,wk inc rsv hosp,2026-10-17,54,quantile,0.975,5.885884678373048
2026-10-03,2,wk inc rsv hosp,2026-10-17,54,quantile,0.99,6.292857105813935
2026-10-03,2,wk inc rsv hosp,2026-10-17,55,quantile,0.01,1.2918925393816352
2026-10-03,2,wk inc rsv hosp,2026-10-17,55,quantile,0.025,1.536754981175001
2026-10-03,2,wk inc rsv hosp,2026-10-17,55,quantile,0.05,1.8292180472191324
2026-10-03,2,wk inc rsv hosp,2026-10-17,55,quantile,0.1,2.072817025007126
2026-10-03,2,wk inc rsv hosp,2026-10-17,55,quantile,0.15,2.431012092251122
2026-10-03,2,wk inc rsv hosp,2026-10-17,55,quantile,0.2,2.538272803157038
2026-10-03,2,wk inc rsv hosp,2026-10-17,55,quantile,0.25,2.9903887396957423
2026-10-03,2,wk inc rsv hosp,2026-10-17,55,quantile,0.3,3.2877033502087376
2026-10-03,2,wk inc rsv hosp,2026-10-17,55,quantile,0.35,3.580422948908186
2026-10-03,2,wk inc rsv hosp,2026-10-17,55,quantile,0.4,4.488775082814541
2026-10-03,2,wk inc rsv hosp,2026-10-17,55,quantile,0.45,4.814461414243963
2026-10-03,2,wk inc rsv hosp,2026-10-17,55,quantile,0.5,4.950448151171171
2026-10-03,2,wk inc rsv hosp,2026-10-17,55,quantile,0.55,5.077795675545076
2026-10-03,2,wk inc rsv hosp,2026-10-17,55,quantile,0.6,5.18197353715709
2026-10-03,2,wk inc rsv hosp,2026-10-17,55,quantile,0.65,5.400723431176453
2026-10-03,2,wk inc rsv hosp,2026-10-17,55,quantile,0.7,5.624657262707133
2026-10-03,2,wk inc rsv hosp,2026-10-17,55,quantile,0.75,6.036641254643175
2026-10-03,2,wk inc rsv hosp,2026-10-17,55,quantile,0.8,6.4958905678186944
2026-10-03,2,wk inc rsv hosp,2026-10-17,55,quantile,0.85,6.802434247935244
2026-10-03,2,wk inc rsv hosp,2026-10-17,55,quantile,0.9,7.158564044159908
2026-10-03,2,wk inc rsv hosp,2026-10-17,55,quantile,0.95,11.340236043577235
2026-10-03,2,wk inc rsv hosp,2026-10-17,55,quantile,0.975,18.254824921669787
2026-10-03,2,wk inc rsv hosp,2026-10-17,55,quantile,0.99,25.456407334917884
2026-10-03,2,wk inc rsv hosp,2026-10-17,56,quantile,0.01,0.0
2026-10-03,2,wk inc rsv hosp,2026-10-17,56,quantile,0.025,0.0
2026-10-03,2,wk inc rsv hosp,2026-10-17,56,quantile,0.05,0.0
2026-10-03,2,wk inc rsv hosp,2026-10-17,56,quantile,0.1,0.0
2026-10-03,2,wk inc rsv hosp,2026-10-17,56,quantile,0.15,0.0
2026-10-03,2,wk inc rsv hosp,2026-10-17,56,quantile,0.2,0.0
2026-10-03,2,wk inc rsv hosp,2026-10-17,56,quantile,0.25,0.0
2026-10-03,2,wk inc rsv hosp,2026-10-17,56,quantile,0.3,0.0
2026-10-03,2,wk inc rsv hosp,2026-10-17,56,quantile,0.35,0.0
2026-10-03,2,wk inc rsv hosp,2026-10-17,56,quantile,0.4,0.0
2026-10-03,2,wk inc rsv hosp,2026-10-17,56,quantile,0.45,0.0
2026-10-03,2,wk inc rsv hosp,2026-10-17,56,quantile,0.5,0.004639939926280004
2026-10-03,2,wk inc rsv hosp,2026-10-17,56,quantile,0.55,0.05952835344686998
2026-10-03,2,wk inc rsv hosp,2026-10-17,56,quantile,0.6,0.0953532155490528
2026-10-03,2,wk inc rsv hosp,2026-10-17,56,quantile,0.65,0.12209027047903438
2026-10-03,2,wk inc rsv hosp,2026-10-17,56,quantile,0.7,0.18995956408313214
2026-10-03,2,wk inc rsv hosp,2026-10-17,56,quantile,0.75,0.25957234665126233
2026-10-03,2,wk inc rsv hosp,2026-10-17,56,quantile,0.8,0.3436097125074056
2026-10-03,2,wk inc rsv hosp,2026-10-17,56,quantile,0.85,0.362890027610959
2026-10-03,2,wk inc rsv hosp,2026-10-17,56,quantile,0.9,0.4974555419425577
2026-10-03,2,wk inc rsv hosp,2026-10-17,56,quantile,0.95,0.7316361615318452
2026-10-03,2,wk inc rsv hosp,2026-10-17,56,quantile,0.975,1.0995614562152043
2026-10-03,2,wk inc rsv hosp,2026-10-17,56,quantile,0.99,1.4809626493636843
2026-10-03,2,wk inc rsv hosp,2026-10-17,72,quantile,0.01,5.544691756945522
2026-10-03,2,wk inc rsv hosp,2026-10-17,72,quantile,0.025,6.656294459459016
2026-10-03,2,wk inc rsv hosp,2026-10-17,72,quantile,0.05,8.139684032515465
2026-10-03,2,wk inc rsv hosp,2026-10-17,72,quantile,0.1,9.878922233402298
2026-10-03,2,wk inc rsv hosp,2026-10-17,72,quantile,0.15,13.890012911087648
2026-10-03,2,wk inc rsv hosp,2026-10-17,72,quantile,0.2,16.176506477469516
2026-10-03,2,wk inc rsv hosp,2026-10-17,72,quantile,0.25,16.40412226437249
2026-10-03,2,wk inc rsv hosp,2026-10-17,72,quantile,0.3,17.048276580534868
2026-10-03,2,wk inc rsv hosp,2026-10-17,72,quantile,0.35,17.910013829492588
2026-10-03,2,wk inc rsv hosp,2026-10-17,72,quantile,0.4,18.59751988062714
2026-10-03,2,wk inc rsv hosp,2026-10-17,72,quantile,0.45,20.532231661845188
2026-10-03,2,wk inc rsv hosp,2026-10-17,72,quantile,0.5,24.22369760614243
2026-10-03,2,wk inc rsv hosp,2026-10-17,72,quantile,0.55,27.60951973925407
2026-10-03,2,wk inc rsv hosp,2026-10-17,72,quantile,0.6,29.937101176052558
2026-10-03,2,wk inc rsv hosp,2026-10-17,72,quantile,0.65,30.98557184590929
2026-10-03,2,wk inc rsv hosp,2026-10-17,72,quantile,0.7,32.58741668147175
2026-10-03,2,wk inc rsv hosp,2026-10-17,72,quantile,0.75,36.27409267087892
2026-10-03,2,wk inc rsv hosp,2026-10-17,72,quantile,0.8,39.13508176972329
2026-10-03,2,wk inc rsv hosp,2026-10-17,72,quantile,0.85,50.06677605106589
2026-10-03,2,wk inc rsv hosp,2026-10-17,72,quantile,0.9,66.07585687510529
2026-10-03,2,wk inc rsv hosp,2026-10-17,72,quantile,0.95,70.71088782273515
2026-10-03,2,wk inc rsv hosp,2026-10-17,72,quantile,0.975,80.96635041385895
2026-10-03,2,wk inc rsv hosp,2026-10-17,72,quantile,0.99,91.3239935981415
2026-10-03,2,wk inc rsv hosp,2026-10-17,US,quantile,0.01,306.3718381913148
2026-10-03,2,wk inc rsv hosp,2026-10-17,US,quantile,0.025,326.63313267311315
2026-10-03,2,wk inc rsv hosp,2026-10-17,US,quantile,0.05,350.9135947443053
2026-10-03,2,wk inc rsv hosp,2026-10-17,US,quantile,0.1,375.9251645013022
2026-10-03,2,wk inc rsv hosp,2026-10-17,US,quantile,0.15,401.4000311936108
2026-10-03,2,wk inc rsv hosp,2026-10-17,US,quantile,0.2,416.2567364685098
2026-10-03,2,wk inc rsv hosp,2026-10-17,US,quantile,0.25,437.6791357475633
2026-10-03,2,wk inc rsv hosp,2026-10-17,US,quantile,0.3,469.9466895377576
2026-10-03,2,wk inc rsv hosp,2026-10-17,US,quantile,0.35,481.3036059829273
2026-10-03,2,wk inc rsv hosp,2026-10-17,US,quantile,0.4,490.95098798490454
2026-10-03,2,wk inc rsv hosp,2026-10-17,US,quantile,0.45,494.2954369771001
2026-10-03,2,wk inc rsv hosp,2026-10-17,US,quantile,0.5,507.63159841946043
2026-10-03,2,wk inc rsv hosp,2026-10-17,US,quantile,0.55,551.9563368202016
2026-10-03,2,wk inc rsv hosp,2026-10-17,US,quantile,0.6,570.9688631943712
2026-10-03,2,wk inc rsv hosp,2026-10-17,US,quantile,0.65,574.958241040089
2026-10-03,2,wk inc rsv hosp,2026-10-17,US,quantile,0.7,605.907280544576
2026-10-03,2,wk inc rsv hosp,2026-10-17,US,quantile,0.75,636.229906477916
2026-10-03,2,wk inc rsv hosp,2026-10-17,US,quantile,0.8,648.0536897596085
2026-10-03,2,wk inc rsv hosp,2026-10-17,US,quantile,0.85,698.7769360341147
2026-10-03,2,wk inc rsv hosp,2026-10-17,US,quantile,0.9,761.3989769104555
2026-10-03,2,wk inc rsv hosp,2026-10-17,US,quantile,0.95,869.0293966472611
2026-10-03,2,wk inc rsv hosp,2026-10-17,US,quantile,0.975,919.8515901253745
2026-10-03,2,wk inc rsv hosp,2026-10-17,US,quantile,0.99,944.344951879727
2026-10-03,3,wk inc rsv hosp,2026-10-24,01,quantile,0.01,9.432881331083266
2026-10-03,3,wk inc rsv hosp,2026-10-24,01,quantile,0.025,9.484100897476551
2026-10-03,3,wk inc rsv hosp,2026-10-24,01,quantile,0.05,10.757251774556968
2026-10-03,3,wk inc rsv hosp,2026-10-24,01,quantile,0.1,15.681758830957662
2026-10-03,3,wk inc rsv hosp,2026-10-24,01,quantile,0.15,16.6807367207776
2026-10-03,3,wk inc rsv hosp,2026-10-24,01,quantile,0.2,16.90781063468866
2026-10-03,3,wk inc rsv hosp,2026-10-24,01,quantile,0.25,19.335182859717527
2026-10-03,3,wk inc rsv hosp,2026-10-24,01,quantile,0.3,19.785344855186718
2026-10-03,3,wk inc rsv hosp,2026-10-24,01,quantile,0.35,20.397961177389078
2026-10-03,3,wk inc rsv hosp,2026-10-24,01,quantile,0.4,22.884973770745752
2026-10-03,3,wk inc rsv hosp,2026-10-24,01,quantile,0.45,26.08898834071361
2026-10-03,3,wk inc rsv hosp,2026-10-24,01,quantile,0.5,26.48530760501576
2026-10-03,3,wk inc rsv hosp,2026-10-24,01,quantile,0.55,27.933564786526443
2026-10-03,3,wk inc rsv hosp,2026-10-24,01,quantile,0.6,28.673052683814404
2026-10-03,3,wk inc rsv hosp,2026-10-24,01,quantile,0.65,29.362313305392725
2026-10-03,3,wk inc rsv hosp,2026-10-24,01,quantile,0.7,30.689936909388273
2026-10-03,3,wk inc rsv hosp,2026-10-24,01,quantile,0.75,32.63994560816941
2026-10-03,3,wk inc rsv hosp,2026-10-24,01,quantile,0.8,35.41138422311184
2026-10-03,3,wk inc rsv hosp,2026-10-24,01,quantile,0.85,36.078052645902204
2026-10-03,3,wk inc rsv hosp,2026-10-24,01,quantile,0.9,38.6523955224894
2026-10-03,3,wk inc rsv hosp,2026-10-24,01,quantile,0.95,46.32835790356374
2026-10-03,3,wk inc rsv hosp,2026-10-24,01,quantile,0.975,49.283712201393634
2026-10-03,3,wk inc rsv hosp,2026-10-24,01,quantile,0.99,50.430756951150855
2026-10-03,3,wk inc rsv hosp,2026-10-24,02,quantile,0.01,0.2663092540418061
2026-10-03,3,wk inc rsv hosp,2026-10-24,02,quantile,0.025,0.6646542431032685
2026-10-03,3,wk inc rsv hosp,2026-10-24,02,quantile,0.05,1.206553637141558
2026-10-03,3,wk inc rsv hosp,2026-10-24,02,quantile,0.1,1.39753921050623
2026-10-03,3,wk inc rsv hosp,2026-10-24,02,quantile,0.15,1.6484881098071806
2026-10-03,3,wk inc rsv hosp,2026-10-24,02,quantile,0.2,1.7204652152730144
2026-10-03,3,wk inc rsv hosp,2026-10-24,02,quantile,0.25,1.7526813681015807
2026-10-03,3,wk inc rsv hosp,2026-10-24,02,quantile,0.3,1.7919574267301144
2026-10-03,3,wk inc rsv hosp,2026-10-24,02,quantile,0.35,1.8837991789737296
2026-10-03,3,wk inc rsv hosp,2026-10-24,02,quantile,0.4,2.4998315715372166
2026-10-03,3,wk inc rsv hosp,2026-10-24,02,quantile,0.45,2.7241308009318956
2026-10-03,3,wk inc rsv hosp,2026-10-24,02,quantile,0.5,3.008526762545665
2026-10-03,3,wk inc rsv hosp,2026-10-24,02,quantile,0.55,3.051418027942203
2026-10-03,3,wk inc rsv hosp,2026-10-24,02,quantile,0.6,3.2520197238470314
2026-10-03,3,wk inc rsv hosp,2026-10-24,02,quantile,0.65,3.711661880977554
2026-10-03,3,wk inc rsv hosp,2026-10-24,02,quantile,0.7,3.903122509362364
2026-10-03,3,wk inc rsv hosp,2026-10-24,02,quantile,0.75,5.1311731800298475
2026-10-03,3,wk inc rsv hosp,2026-10-24,02,quantile,0.8,5.584478779727097
2026-10-03,3,wk inc rsv hosp,2026-10-24,02,quantile,0.85,6.003712814375017
2026-10-03,3,wk inc rsv hosp,2026-10-24,02,quantile,0.9,6.18318372676862
2026-10-03,3,wk inc rsv hosp,2026-10-24,02,quantile,0.95,6.522964641868029
2026-10-03,3,wk inc rsv hosp,2026-10-24,02,quantile,0.975,7.6530053900800175
2026-10-03,3,wk inc rsv hosp,2026-10-24,02,quantile,0.99,8.812396631191119
2026-10-03,3,wk inc rsv hosp,2026-10-24,04,quantile,0.01,4.593671630801165
2026-10-03,3,wk inc rsv hosp,2026-10-24,04,quantile,0.025,5.396265177953878
2026-10-03,3,wk inc rsv hosp,2026-10-24,04,quantile,0.05,6.7870496705870185
2026-10-03,3,wk inc rsv hosp,2026-10-24,04,quantile,0.1,8.79574741107029
2026-10-03,3,wk inc rsv hosp,2026-10-24,04,quantile,0.15,9.509528318703804
2026-10-03,3,wk inc rsv hosp,2026-10-24,04,quantile,0.2,9.686130555723606
2026-10-03,3,wk inc rsv hosp,2026-10-24,04,quantile,0.25,12.618839300274853
2026-10-03,3,wk inc rsv hosp,2026-10-24,04,quantile,0.3,14.036441258656783
2026-10-03,3,wk inc rsv hosp,2026-10-24,04,quantile,0.35,16.27915015311345
2026-10-03,3,wk inc rsv hosp,2026-10-24,04,quantile,0.4,17.156340856378385
2026-10-03,3,wk inc rsv hosp,2026-10-24,04,quantile,0.45,18.096683600893734
2026-10-03,3,wk inc rsv hosp,2026-10-24,04,quantile,0.5,19.535412635868106
2026-10-03,3,wk inc rsv hosp,2026-10-24,04,quantile,0.55,21.596521942969357
2026-10-03,3,wk inc rsv hosp,2026-10-24,04,quantile,0.6,22.62215541509056
2026-10-03,3,wk inc rsv hosp,2026-10-24,04,quantile,0.65,23.666349704249598
2026-10-03,3,wk inc rsv hosp,2026-10-24,04,quantile,0.7,27.17771980905259
2026-10-03,3,wk inc rsv hosp,2026-10-24,04,quantile,0.75,31.036178588867195
2026-10-03,3,wk inc rsv hosp,2026-10-24,04,quantile,0.8,31.589531167690453
2026-10-03,3,wk inc rsv hosp,2026-10-24,04,quantile,0.85,32.413392111256755
2026-10-03,3,wk inc rsv hosp,2026-10-24,04,quantile,0.9,35.25539735311539
2026-10-03,3,wk inc rsv hosp,2026-10-24,04,quantile,0.95,44.4522394279285
2026-10-03,3,wk inc rsv hosp,2026-10-24,04,quantile,0.975,52.52836660776171
2026-10-03,3,wk inc rsv hosp,2026-10-24,04,quantile,0.99,58.62604692372488
2026-10-03,3,wk inc rsv hosp,2026-10-24,05,quantile,0.01,4.46098194209177
2026-10-03,3,wk inc rsv hosp,2026-10-24,05,quantile,0.025,5.227685687233247
2026-10-03,3,wk inc rsv hosp,2026-10-24,05,quantile,0.05,6.559082580697162
2026-10-03,3,wk inc rsv hosp,2026-10-24,05,quantile,0.1,8.514509366609268
2026-10-03,3,wk inc rsv hosp,2026-10-24,05,quantile,0.15,9.22556061647074
2026-10-03,3,wk inc rsv hosp,2026-10-24,05,quantile,0.2,10.26853759058515
2026-10-03,3,wk inc rsv hosp,2026-10-24,05,quantile,0.25,10.862744683157842
2026-10-03,3,wk inc rsv hosp,2026-10-24,05,quantile,0.3,11.086109056835497
2026-10-03,3,wk inc rsv hosp,2026-10-24,05,quantile,0.35,11.443943173382856
2026-10-03,3,wk inc rsv hosp,2026-10-24,05,quantile,0.4,11.702459340170776
2026-10-03,3,wk inc rsv hosp,2026-10-24,05,quantile,0.45,11.719254629516435
2026-10-03,3,wk inc rsv hosp,2026-10-24,05,quantile,0.5,12.047756099307788
2026-10-03,3,wk inc rsv hosp,2026-10-24,05,quantile,0.55,12.627915493171301
2026-10-03,3,wk inc rsv hosp,2026-10-24,05,quantile,0.6,12.884619991366407
2026-10-03,3,wk inc rsv hosp,2026-10-24,05,quantile,0.65,13.054344041800523
2026-10-03,3,wk inc rsv hosp,2026-10-24,05,quantile,0.7,13.391375062370097
2026-10-03,3,wk inc rsv hosp,2026-10-24,05,quantile,0.75,13.811313053483087
2026-10-03,3,wk inc rsv hosp,2026-10-24,05,quantile,0.8,14.161426969712144
2026-10-03,3,wk inc rsv hosp,2026-10-24,05,quantile,0.85,14.82992364089575
2026-10-03,3,wk inc rsv hosp,2026-10-24,05,quantile,0.9,16.37551106618013
2026-10-03,3,wk inc rsv hosp,2026-10-24,05,quantile,0.95,18.4387129086604
2026-10-03,3,wk inc rsv hosp,2026-10-24,05,quantile,0.975,19.417048871091932
2026-10-03,3,wk inc rsv hosp,2026-10-24,05,quantile,0.99,20.020832088573464
2026-10-03,3,wk inc rsv hosp,2026-10-24,06,quantile,0.01,15.75159113151165
2026-10-03,3,wk inc rsv hosp,2026-10-24,06,quantile,0.025,16.91243113874196
2026-10-03,3,wk inc rsv hosp,2026-10-24,06,quantile,0.05,18.987236620307687
2026-10-03,3,wk inc rsv hosp,2026-10-24,06,quantile,0.1,22.083877616323957
2026-10-03,3,wk inc rsv hosp,2026-10-24,06,quantile,0.15,23.877743314891394
2026-10-03,3,wk inc rsv hosp,2026-10-24,06,quantile,0.2,25.420627725130217
2026-10-03,3,wk inc rsv hosp,2026-10-24,06,quantile,0.25,27.347266077648786
2026-10-03,3,wk inc rsv hosp,2026-10-24,06,quantile,0.3,28.563190237089543
2026-10-03,3,wk inc rsv hosp,2026-10-24,06,quantile,0.35,29.22980299492923
2026-10-03,3,wk inc rsv hosp,2026-10-24,06,quantile,0.4,29.56264093829291
2026-10-03,3,wk inc rsv hosp,2026-10-24,06,quantile,0.45,30.032126324959346
2026-10-03,3,wk inc rsv hosp,2026-10-24,06,quantile,0.5,31.19463601201272
2026-10-03,3,wk inc rsv hosp,2026-10-24,06,quantile,0.55,33.15089545644215
2026-10-03,3,wk inc rsv hosp,2026-10-24,06,quantile,0.6,33.663465343420825
2026-10-03,3,wk inc rsv hosp,2026-10-24,06,quantile,0.65,35.75009578496481
2026-10-03,3,wk inc rsv hosp,2026-10-24,06,quantile,0.7,38.20066043761223
2026-10-03,3,wk inc rsv hosp,2026-10-24,06,quantile,0.75,40.45065057354405
2026-10-03,3,wk inc rsv hosp,2026-10-24,06,quantile,0.8,42.80190976528149
2026-10-03,3,wk inc rsv hosp,2026-10-24,06,quantile,0.85,44.31952988127571
2026-10-03,3,wk inc rsv hosp,2026-10-24,06,quantile,0.9,52.24737854514091
2026-10-03,3,wk inc rsv hosp,2026-10-24,06,quantile,0.95,68.92976861084323
2026-10-03,3,wk inc rsv hosp,2026-10-24,06,quantile,0.975,79.37293479436707
2026-10-03,3,wk inc rsv hosp,2026-10-24,06,quantile,0.99,87.19230114416266
2026-10-03,3,wk inc rsv hosp,2026-10-24,08,quantile,0.01,0.0
2026-10-03,3,wk inc rsv hosp,2026-10-24,08,quantile,0.025,0.0
2026-10-03,3,wk inc rsv hosp,2026-10-24,08,quantile,0.05,0.0
2026-10-03,3,wk inc rsv hosp,2026-10-24,08,quantile,0.1,0.0
2026-10-03,3,wk inc rsv hosp,2026-10-24,08,quantile,0.15,0.0
2026-10-03,3,wk inc rsv hosp,2026-10-24,08,quantile,0.2,0.0
2026-10-03,3,wk inc rsv hosp,2026-10-24,08,quantile,0.25,0.0
2026-10-03,3,wk inc rsv hosp,2026-10-24,08,quantile,0.3,0.0
2026-10-03,3,wk inc rsv hosp,2026-10-24,08,quantile,0.35,0.0
2026-10-03,3,wk inc rsv hosp,2026-10-24,08,quantile,0.4,0.0
2026-10-03,3,wk inc rsv hosp,2026-10-24,08,quantile,0.45,0.0
2026-10-03,3,wk inc rsv hosp,2026-10-24,08,quantile,0.5,0.0
2026-10-03,3,wk inc rsv hosp,2026-10-24,08,quantile,0.55,0.0
2026-10-03,3,wk inc rsv hosp,2026-10-24,08,quantile,0.6,0.014610885980903262
2026-10-03,3,wk inc rsv hosp,2026-10-24,08,quantile,0.65,0.10771835870125598
2026-10-03,3,wk inc rsv hosp,2026-10-24,08,quantile,0.7,0.2254956539087239
2026-10-03,3,wk inc rsv hosp,2026-10-24,08,quantile,0.75,0.4481233722581125
2026-10-03,3,wk inc rsv hosp,2026-10-24,08,quantile,0.8,0.572655207933293
2026-10-03,3,wk inc rsv hosp,2026-10-24,08,quantile,0.85,0.7072224306407333
2026-10-03,3,wk inc rsv hosp,2026-10-24,08,quantile,0.9,0.7808480432861282
2026-10-03,3,wk inc rsv hosp,2026-10-24,08,quantile,0.95,1.6798682193654493
2026-10-03,3,wk inc rsv hosp,2026-10-24,08,quantile,0.975,2.2105756686640654
2026-10-03,3,wk inc rsv hosp,2026-10-24,08,quantile,0.99,2.3946499048011956
2026-10-03,3,wk inc rsv hosp,2026-10-24,09,quantile,0.01,1.5915761739799126
2026-10-03,3,wk inc rsv hosp,2026-10-24,09,quantile,0.025,1.7819278139652153
2026-10-03,3,wk inc rsv hosp,2026-10-24,09,quantile,0.05,2.159496206104544
2026-10-03,3,wk inc rsv hosp,2026-10-24,09,quantile,0.1,2.764899173664541
2026-10-03,3,wk inc rsv hosp,2026-10-24,09,quantile,0.15,2.8358049535683443
2026-10-03,3,wk inc rsv hosp,2026-10-24,09,quantile,0.2,2.9115614172972286
2026-10-03,3,wk inc rsv hosp,2026-10-24,09,quantile,0.25,3.606608321404486
2026-10-03,3,wk inc rsv hosp,2026-10-24,09,quantile,0.3,3.839821968362884
2026-10-03,3,wk inc rsv hosp,2026-10-24,09,quantile,0.35,4.188942045363037
2026-10-03,3,wk inc rsv hosp,2026-10-24,09,quantile,0.4,4.295104056050258
2026-10-03,3,wk inc rsv hosp,2026-10-24,09,quantile,0.45,4.521681064921395
2026-10-03,3,wk inc rsv hosp,2026-10-24,09,quantile,0.5,5.285908959342974
2026-10-03,3,wk inc rsv hosp,2026-10-24,09,quantile,0.55,5.790094707260621
2026-10-03,3,wk inc rsv hosp,2026-10-24,09,quantile,0.6,7.154571646922731
2026-10-03,3,wk inc rsv hosp,2026-10-24,09,quantile,0.65,7.969615403144561
2026-10-03,3,wk inc rsv hosp,2026-10-24,09,quantile,0.7,8.137487916409773
2026-10-03,3,wk inc rsv hosp,2026-10-24,09,quantile,0.75,8.583490593737821
2026-10-03,3,wk inc rsv hosp,2026-10-24,09,quantile,0.8,10.521731916489674
2026-10-03,3,wk inc rsv hosp,2026-10-24,09,quantile,0.85,10.95873472042858
2026-10-03,3,wk inc rsv hosp,2026-10-24,09,quantile,0.9,11.15993074619277
2026-10-03,3,wk inc rsv hosp,2026-10-24,09,quantile,0.95,15.013840560551891
2026-10-03,3,wk inc rsv hosp,2026-10-24,09,quantile,0.975,17.312304526004198
2026-10-03,3,wk inc rsv hosp,2026-10-24,09,quantile,0.99,18.150702684669305
2026-10-03,3,wk inc rsv hosp,2026-10-24,10,quantile,0.01,0.5098009433283097
2026-10-03,3,wk inc rsv hosp,2026-10-24,10,quantile,0.025,0.7234230676424422
2026-10-03,3,wk inc rsv hosp,2026-10-24,10,quantile,0.05,1.290766744002247
2026-10-03,3,wk inc rsv hosp,2026-10-24,10,quantile,0.1,2.6217288299222643
2026-10-03,3,wk inc rsv hosp,2026-10-24,10,quantile,0.15,2.697647241433544
2026-10-03,3,wk inc rsv hosp,2026-10-24,10,quantile,0.2,3.105960211263916
2026-10-03,3,wk inc rsv hosp,2026-10-24,10,quantile,0.25,3.293116714453764
2026-10-03,3,wk inc rsv hosp,2026-10-24,10,quantile,0.3,4.406697187564298
2026-10-03,3,wk inc rsv hosp,2026-10-24,10,quantile,0.35,5.355998461458935
2026-10-03,3,wk inc rsv hosp,2026-10-24,10,quantile,0.4,6.9542818273609415
2026-10-03,3,wk inc rsv hosp,2026-10-24,10,quantile,0.45,7.413706318795349
2026-10-03,3,wk inc rsv hosp,2026-10-24,10,quantile,0.5,8.069121780936461
2026-10-03,3,wk inc rsv hosp,2026-10-24,10,quantile,0.55,8.742033938512954
2026-10-03,3,wk inc rsv hosp,2026-10-24,10,quantile,0.6,10.289971779865486
2026-10-03,3,wk inc rsv hosp,2026-10-24,10,quantile,0.65,11.479424786300992
2026-10-03,3,wk inc rsv hosp,2026-10-24,10,quantile,0.7,12.158216324202957
2026-10-03,3,wk inc rsv hosp,2026-10-24,10,quantile,0.75,13.266459150011167
2026-10-03,3,wk inc rsv hosp,2026-10-24,10,quantile,0.8,13.618963122707884
2026-10-03,3,wk inc rsv hosp,2026-10-24,10,quantile,0.85,13.640315601414333
2026-10-03,3,wk inc rsv hosp,2026-10-24,10,quantile,0.9,13.687101598293722
2026-10-03,3,wk inc rsv hosp,2026-10-24,10,quantile,0.95,13.901899426320348
2026-10-03,3,wk inc rsv hosp,2026-10-24,10,quantile,0.975,15.111493582853134
2026-10-03,3,wk inc rsv hosp,2026-10-24,10,quantile,0.99,16.3504864065578
2026-10-03,3,wk inc rsv hosp,2026-10-24,11,quantile,0.01,0.0
2026-10-03,3,wk inc rsv hosp,2026-10-24,11,quantile,0.025,0.0
2026-10-03,3,wk inc rsv hosp,2026-10-24,11,quantile,0.05,0.0
2026-10-03,3,wk inc rsv hosp,2026-10-24,11,quantile,0.1,0.0
2026-10-03,3,wk inc rsv hosp,2026-10-24,11,quantile,0.15,0.0
2026-10-03,3,wk inc rsv hosp,2026-10-24,11,quantile,0.2,0.002501305667571658
2026-10-03,3,wk inc rsv hosp,2026-10-24,11,quantile,0.25,0.023689103806750544
2026-10-03,3,wk inc rsv hosp,2026-10-24,11,quantile,0.3,0.08383087317261152
2026-10-03,3,wk inc rsv hosp,2026-10-24,11,quantile,0.35,0.16786503108608547
2026-10-03,3,wk inc rsv hosp,2026-10-24,11,quantile,0.4,0.2000114295051783
2026-10-03,3,wk inc rsv hosp,2026-10-24,11,quantile,0.45,0.23362843948523584
2026-10-03,3,wk inc rsv hosp,2026-10-24,11,quantile,0.5,0.35463427045035295
2026-10-03,3,wk inc rsv hosp,2026-10-24,11,quantile,0.55,0.5877778412767676
2026-10-03,3,wk inc rsv hosp,2026-10-24,11,quantile,0.6,0.9667890144563571
2026-10-03,3,wk inc rsv hosp,2026-10-24,11,quantile,0.65,1.0353395204186373
2026-10-03,3,wk inc rsv hosp,2026-10-24,11,quantile,0.7,1.1616937442825273
2026-10-03,3,wk inc rsv hosp,2026-10-24,11,quantile,0.75,1.3297075410100014
2026-10-03,3,wk inc rsv hosp,2026-10-24,11,quantile,0.8,1.5593496802010303
2026-10-03,3,wk inc rsv hosp,2026-10-24,11,quantile,0.85,1.6154834068419444
2026-10-03,3,wk inc rsv hosp,2026-10-24,11,quantile,0.9,1.7854950053521765
2026-10-03,3,wk inc rsv hosp,2026-10-24,11,quantile,0.95,2.1344403033070334
2026-10-03,3,wk inc rsv hosp,2026-10-24,11,quantile,0.975,2.4230380649760157
2026-10-03,3,wk inc rsv hosp,2026-10-24,11,quantile,0.99,2.5969998773288747
2026-10-03,3,wk inc rsv hosp,2026-10-24,12,quantile,0.01,184.57272746445378
2026-10-03,3,wk inc rsv hosp,2026-10-24,12,quantile,0.025,193.19309118437081
2026-10-03,3,wk inc rsv hosp,2026-10-24,12,quantile,0.05,204.91666156453658
2026-10-03,3,wk inc rsv hosp,2026-10-24,12,quantile,0.1,216.7195533183076
2026-10-03,3,wk inc rsv hosp,2026-10-24,12,quantile,0.15,221.91823434913672
2026-10-03,3,wk inc rsv hosp,2026-10-24,12,quantile,0.2,231.70857623414022
2026-10-03,3,wk inc rsv hosp,2026-10-24,12,quantile,0.25,234.1619397751776
2026-10-03,3,wk inc rsv hosp,2026-10-24,12,quantile,0.3,236.50738550044417
2026-10-03,3,wk inc rsv hosp,2026-10-24,12,quantile,0.35,250.5182483268968
2026-10-03,3,wk inc rsv hosp,2026-10-24,12,quantile,0.4,258.30590226325705
2026-10-03,3,wk inc rsv hosp,2026-10-24,12,quantile,0.45,260.5729448761162
2026-10-03,3,wk inc rsv hosp,2026-10-24,12,quantile,0.5,261.51401634276795
2026-10-03,3,wk inc rsv hosp,2026-10-24,12,quantile,0.55,277.9054825193713
2026-10-03,3,wk inc rsv hosp,2026-10-24,12,quantile,0.6,287.4000960767145
2026-10-03,3,wk inc rsv hosp,2026-10-24,12,quantile,0.65,292.3519637963936
2026-10-03,3,wk inc rsv hosp,2026-10-24,12,quantile,0.7,302.618362244511
2026-10-03,3,wk inc rsv hosp,2026-10-24,12,quantile,0.75,307.0954694579346
2026-10-03,3,wk inc rsv hosp,2026-10-24,12,quantile,0.8,311.82549894326615
2026-10-03,3,wk inc rsv hosp,2026-10-24,12,quantile,0.85,314.2639422290454
2026-10-03,3,wk inc rsv hosp,2026-10-24,12,quantile,0.9,344.1240346840566
2026-10-03,3,wk inc rsv hosp,2026-10-24,12,quantile,0.95,389.26991707247225
2026-10-03,3,wk inc rsv hosp,2026-10-24,12,quantile,0.975,405.3066644612355
2026-10-03,3,wk inc rsv hosp,2026-10-24,12,quantile,0.99,415.9359568758608
2026-10-03,3,wk inc rsv hosp,2026-10-24,13,quantile,0.01,28.614444964649376
2026-10-03,3,wk inc rsv hosp,2026-10-24,13,quantile,0.025,30.08846826010927
2026-10-03,3,wk inc rsv hosp,2026-10-24,13,quantile,0.05,31.661480531266843
2026-10-03,3,wk inc rsv hosp,2026-10-24,13,quantile,0.1,32.81226724197815
2026-10-03,3,wk inc rsv hosp,2026-10-24,13,quantile,0.15,35.35479219022504
2026-10-03,3,wk inc rsv hosp,2026-10-24,13,quantile,0.2,36.398779150431196
2026-10-03,3,wk inc rsv hosp,2026-10-24,13,quantile,0.25,39.27923966560702
2026-10-03,3,wk inc rsv hosp,2026-10-24,13,quantile,0.3,39.91219383296408
2026-10-03,3,wk inc rsv hosp,2026-10-24,13,quantile,0.35,42.081630343783615
2026-10-03,3,wk inc rsv hosp,2026-10-24,13,quantile,0.4,43.85832501422121
2026-10-03,3,wk inc rsv hosp,2026-10-24,13,quantile,0.45,44.675519552405184
2026-10-03,3,wk inc rsv hosp,2026-10-24,13,quantile,0.5,46.3564187017264
2026-10-03,3,wk inc rsv hosp,2026-10-24,13,quantile,0.55,47.29753604078812
2026-10-03,3,wk inc rsv hosp,2026-10-24,13,quantile,0.6,52.27557831733065
2026-10-03,3,wk inc rsv hosp,2026-10-24,13,quantile,0.65,61.04946207734174
2026-10-03,3,wk inc rsv hosp,2026-10-24,13,quantile,0.7,65.57666169649951
2026-10-03,3,wk inc rsv hosp,2026-10-24,13,quantile,0.75,65.86067744072976
2026-10-03,3,wk inc rsv hosp,2026-10-24,13,quantile,0.8,69.80599159646673
2026-10-03,3,wk inc rsv hosp,2026-10-24,13,quantile,0.85,72.99060714365956
2026-10-03,3,wk inc rsv hosp,2026-10-24,13,quantile,0.9,83.60558458390109
2026-10-03,3,wk inc rsv hosp,2026-10-24,13,quantile,0.95,102.29983914820866
2026-10-03,3,wk inc rsv hosp,2026-10-24,13,quantile,0.975,112.8060855464407
2026-10-03,3,wk inc rsv hosp,2026-10-24,13,quantile,0.99,119.68283541312482
2026-10-03,3,wk inc rsv hosp,2026-10-24,15,quantile,0.01,0.9570916946516534
2026-10-03,3,wk inc rsv hosp,2026-10-24,15,quantile,0.025,0.994959314490825
2026-10-03,3,wk inc rsv hosp,2026-10-24,15,quantile,0.05,1.2344401370277862
2026-10-03,3,wk inc rsv hosp,2026-10-24,15,quantile,0.1,2.2302944320594986
2026-10-03,3,wk inc rsv hosp,2026-10-24,15,quantile,0.15,2.88459386182027
2026-10-03,3,wk inc rsv hosp,2026-10-24,15,quantile,0.2,3.2121726196247753
2026-10-03,3,wk inc rsv hosp,2026-10-24,15,quantile,0.25,4.078189355461225
2026-10-03,3,wk inc rsv hosp,2026-10-24,15,quantile,0.3,5.569640421607097
2026-10-03,3,wk inc rsv hosp,2026-10-24,15,quantile,0.35,7.537480748163953
2026-10-03,3,wk inc rsv hosp,2026-10-24,15,quantile,0.4,8.288483052747136
2026-10-03,3,wk inc rsv hosp,2026-10-24,15,quantile,0.45,9.418816521318242
2026-10-03,3,wk inc rsv hosp,2026-10-24,15,quantile,0.5,9.703552104321943
2026-10-03,3,wk inc rsv hosp,2026-10-24,15,quantile,0.55,10.339566707600124
2026-10-03,3,wk inc rsv hosp,2026-10-24,15,quantile,0.6,11.25532742258833
2026-10-03,3,wk inc rsv hosp,2026-10-24,15,quantile,0.65,12.08026904239384
2026-10-03,3,wk inc rsv hosp,2026-10-24,15,quantile,0.7,12.521610013105025
2026-10-03,3,wk inc rsv hosp,2026-10-24,15,quantile,0.75,12.795696164148236
2026-10-03,3,wk inc rsv hosp,2026-10-24,15,quantile,0.8,14.480798414425244
2026-10-03,3,wk inc rsv hosp,2026-10-24,15,quantile,0.85,15.19328521648153
2026-10-03,3,wk inc rsv hosp,2026-10-24,15,quantile,0.9,17.968018869376166
2026-10-03,3,wk inc rsv hosp,2026-10-24,15,quantile,0.95,21.016794522626057
2026-10-03,3,wk inc rsv hosp,2026-10-24,15,quantile,0.975,23.84878164312642
2026-10-03,3,wk inc rsv hosp,2026-10-24,15,quantile,0.99,26.653282631576765
2026-10-03,3,wk inc rsv hosp,2026-10-24,16,quantile,0.01,2.122839957242806
2026-10-03,3,wk inc rsv hosp,2026-10-24,16,quantile,0.025,2.247398626002
2026-10-03,3,wk inc rsv hosp,2026-10-24,16,quantile,0.05,2.5794522107253712
2026-10-03,3,wk inc rsv hosp,2026-10-24,16,quantile,0.1,3.531450674745587
2026-10-03,3,wk inc rsv hosp,2026-10-24,16,quantile,0.15,3.8600750152251844
2026-10-03,3,wk inc rsv hosp,2026-10-24,16,quantile,0.2,3.977296167520156
2026-10-03,3,wk inc rsv hosp,2026-10-24,16,quantile,0.25,4.0949632444602155
2026-10-03,3,wk inc rsv hosp,2026-10-24,16,quantile,0.3,4.614717766243693
2026-10-03,3,wk inc rsv hosp,2026-10-24,16,quantile,0.35,5.196829840857687
2026-10-03,3,wk inc rsv hosp,2026-10-24,16,quantile,0.4,5.396226879880546
2026-10-03,3,wk inc rsv hosp,2026-10-24,16,quantile,0.45,5.438255310058594
2026-10-03,3,wk inc rsv hosp,2026-10-24,16,quantile,0.5,5.438255310058594
2026-10-03,3,wk inc rsv hosp,2026-10-24,16,quantile,0.55,5.53806100243667
2026-10-03,3,wk inc rsv hosp,2026-10-24,16,quantile,0.6,5.595139987840689
2026-10-03,3,wk inc rsv hosp,2026-10-24,16,quantile,0.65,5.862353641830942
2026-10-03,3,wk inc rsv hosp,2026-10-24,16,quantile,0.7,5.901603503255599
2026-10-03,3,wk inc rsv hosp,2026-10-24,16,quantile,0.75,5.9289675042885355
2026-10-03,3,wk inc rsv hosp,2026-10-24,16,quantile,0.8,7.131959385312473
2026-10-03,3,wk inc rsv hosp,2026-10-24,16,quantile,0.85,8.505963413769786
2026-10-03,3,wk inc rsv hosp,2026-10-24,16,quantile,0.9,11.090550042479919
2026-10-03,3,wk inc rsv hosp,2026-10-24,16,quantile,0.95,11.780102568472522
2026-10-03,3,wk inc rsv hosp,2026-10-24,16,quantile,0.975,12.105211629344687
2026-10-03,3,wk inc rsv hosp,2026-10-24,16,quantile,0.99,12.337974620359393
2026-10-03,3,wk inc rsv hosp,2026-10-24,17,quantile,0.01,3.9165838854142896
2026-10-03,3,wk inc rsv hosp,2026-10-24,17,quantile,0.025,5.033120182104731
2026-10-03,3,wk inc rsv hosp,2026-10-24,17,quantile,0.05,6.777092727277313
2026-10-03,3,wk inc rsv hosp,2026-10-24,17,quantile,0.1,8.253636230132987
2026-10-03,3,wk inc rsv hosp,2026-10-24,17,quantile,0.15,8.518980521967297
2026-10-03,3,wk inc rsv hosp,2026-10-24,17,quantile,0.2,8.772546005713753
2026-10-03,3,wk inc rsv hosp,2026-10-24,17,quantile,0.25,9.736485036674448
2026-10-03,3,wk inc rsv hosp,2026-10-24,17,quantile,0.3,10.89580413886284
2026-10-03,3,wk inc rsv hosp,2026-10-24,17,quantile,0.35,11.386487083240338
2026-10-03,3,wk inc rsv hosp,2026-10-24,17,quantile,0.4,11.732533291165288
2026-10-03,3,wk inc rsv hosp,2026-10-24,17,quantile,0.45,12.253403862221928
2026-10-03,3,wk inc rsv hosp,2026-10-24,17,quantile,0.5,13.138422913939838
2026-10-03,3,wk inc rsv hosp,2026-10-24,17,quantile,0.55,14.612040401416117
2026-10-03,3,wk inc rsv hosp,2026-10-24,17,quantile,0.6,15.832858771569546
2026-10-03,3,wk inc rsv hosp,2026-10-24,17,quantile,0.65,17.00337834715354
2026-10-03,3,wk inc rsv hosp,2026-10-24,17,quantile,0.7,19.685312218209795
2026-10-03,3,wk inc rsv hosp,2026-10-24,17,quantile,0.75,20.760538767675897
2026-10-03,3,wk inc rsv hosp,2026-10-24,17,quantile,0.8,21.8793510184301
2026-10-03,3,wk inc rsv hosp,2026-10-24,17,quantile,0.85,26.952479668915643
2026-10-03,3,wk inc rsv hosp,2026-10-24,17,quantile,0.9,31.905873570869744
2026-10-03,3,wk inc rsv hosp,2026-10-24,17,quantile,0.95,38.655732945725326
2026-10-03,3,wk inc rsv hosp,2026-10-24,17,quantile,0.975,44.54524805053411
2026-10-03,3,wk inc rsv hosp,2026-10-24,17,quantile,0.99,49.72020527606162
2026-10-03,3,wk inc rsv hosp,2026-10-24,18,quantile,0.01,1.5816069637280539
2026-10-03,3,wk inc rsv hosp,2026-10-24,18,quantile,0.025,1.592292719215825
2026-10-03,3,wk inc rsv hosp,2026-10-24,18,quantile,0.05,1.6304426668683232
2026-10-03,3,wk inc rsv hosp,2026-10-24,18,quantile,0.1,2.1869144035465378
2026-10-03,3,wk inc rsv hosp,2026-10-24,18,quantile,0.15,3.459332278766192
2026-10-03,3,wk inc rsv hosp,2026-10-24,18,quantile,0.2,3.8893255651825958
2026-10-03,3,wk inc rsv hosp,2026-10-24,18,quantile,0.25,4.000913367382746
2026-10-03,3,wk inc rsv hosp,2026-10-24,18,quantile,0.3,4.364923625118431
2026-10-03,3,wk inc rsv hosp,2026-10-24,18,quantile,0.35,4.663466948413497
2026-10-03,3,wk inc rsv hosp,2026-10-24,18,quantile,0.4,5.987368631551674
2026-10-03,3,wk inc rsv hosp,2026-10-24,18,quantile,0.45,6.117299982774998
2026-10-03,3,wk inc rsv hosp,2026-10-24,18,quantile,0.5,6.4355452710328755
2026-10-03,3,wk inc rsv hosp,2026-10-24,18,quantile,0.55,6.643328778225101
2026-10-03,3,wk inc rsv hosp,2026-10-24,18,quantile,0.6,6.998006123703448
2026-10-03,3,wk inc rsv hosp,2026-10-24,18,quantile,0.65,8.45644213792107
2026-10-03,3,wk inc rsv hosp,2026-10-24,18,quantile,0.7,8.621361752432648
2026-10-03,3,wk inc rsv hosp,2026-10-24,18,quantile,0.75,8.870824330684561
2026-10-03,3,wk inc rsv hosp,2026-10-24,18,quantile,0.8,9.208044031134026
2026-10-03,3,wk inc rsv hosp,2026-10-24,18,quantile,0.85,9.769417599098642
2026-10-03,3,wk inc rsv hosp,2026-10-24,18,quantile,0.9,11.268354544901296
2026-10-03,3,wk inc rsv hosp,2026-10-24,18,quantile,0.95,12.312622959178182
2026-10-03,3,wk inc rsv hosp,2026-10-24,18,quantile,0.975,12.996846022815298
2026-10-03,3,wk inc rsv hosp,2026-10-24,18,quantile,0.99,13.704208102110316
2026-10-03,3,wk inc rsv hosp,2026-10-24,19,quantile,0.01,0.0
2026-10-03,3,wk inc rsv hosp,2026-10-24,19,quantile,0.025,0.027979156300772863
2026-10-03,3,wk inc rsv hosp,2026-10-24,19,quantile,0.05,0.4851357439273728
2026-10-03,3,wk inc rsv hosp,2026-10-24,19,quantile,0.1,1.30932271771762
2026-10-03,3,wk inc rsv hosp,2026-10-24,19,quantile,0.15,2.2044039150834873
2026-10-03,3,wk inc rsv hosp,2026-10-24,19,quantile,0.2,2.5851605174472523
2026-10-03,3,wk inc rsv hosp,2026-10-24,19,quantile,0.25,3.1731181303039935
2026-10-03,3,wk inc rsv hosp,2026-10-24,19,quantile,0.3,3.4312573489995715
2026-10-03,3,wk inc rsv hosp,2026-10-24,19,quantile,0.35,3.559453994320518
2026-10-03,3,wk inc rsv hosp,2026-10-24,19,quantile,0.4,4.285141826780537
2026-10-03,3,wk inc rsv hosp,2026-10-24,19,quantile,0.45,4.897224299433307
2026-10-03,3,wk inc rsv hosp,2026-10-24,19,quantile,0.5,5.029704003071559
2026-10-03,3,wk inc rsv hosp,2026-10-24,19,quantile,0.55,5.163592177566538
2026-10-03,3,wk inc rsv hosp,2026-10-24,19,quantile,0.6,5.204749356474988
2026-10-03,3,wk inc rsv hosp,2026-10-24,19,quantile,0.65,5.3519207832886
2026-10-03,3,wk inc rsv hosp,2026-10-24,19,quantile,0.7,5.712263840742222
2026-10-03,3,wk inc rsv hosp,2026-10-24,19,quantile,0.75,7.037018193614009
2026-10-03,3,wk inc rsv hosp,2026-10-24,19,quantile,0.8,7.428632475675463
2026-10-03,3,wk inc rsv hosp,2026-10-24,19,quantile,0.85,7.778226205880254
2026-10-03,3,wk inc rsv hosp,2026-10-24,19,quantile,0.9,8.759927689250008
2026-10-03,3,wk inc rsv hosp,2026-10-24,19,quantile,0.95,10.092180295406754
2026-10-03,3,wk inc rsv hosp,2026-10-24,19,quantile,0.975,10.33458023285326
2026-10-03,3,wk inc rsv hosp,2026-10-24,19,quantile,0.99,10.372555498746816
2026-10-03,3,wk inc rsv hosp,2026-10-24,20,quantile,0.01,0.4893176560709703
2026-10-03,3,wk inc rsv hosp,2026-10-24,20,quantile,0.025,0.5794193398157405
2026-10-03,3,wk inc rsv hosp,2026-10-24,20,quantile,0.05,0.8069325893812551
2026-10-03,3,wk inc rsv hosp,2026-10-24,20,quantile,0.1,1.3966116497756764
2026-10-03,3,wk inc rsv hosp,2026-10-24,20,quantile,0.15,1.6232397533121514
2026-10-03,3,wk inc rsv hosp,2026-10-24,20,quantile,0.2,1.667468356218568
2026-10-03,3,wk inc rsv hosp,2026-10-24,20,quantile,0.25,1.7926232494341248
2026-10-03,3,wk inc rsv hosp,2026-10-24,20,quantile,0.3,1.975491726669275
2026-10-03,3,wk inc rsv hosp,2026-10-24,20,quantile,0.35,2.35639335251587
2026-10-03,3,wk inc rsv hosp,2026-10-24,20,quantile,0.4,2.8580629007160625
2026-10-03,3,wk inc rsv hosp,2026-10-24,20,quantile,0.45,2.963983351317445
2026-10-03,3,wk inc rsv hosp,2026-10-24,20,quantile,0.5,3.056699509618268
2026-10-03,3,wk inc rsv hosp,2026-10-24,20,quantile,0.55,3.174670492330074
2026-10-03,3,wk inc rsv hosp,2026-10-24,20,quantile,0.6,3.2115185435587184
2026-10-03,3,wk inc rsv hosp,2026-10-24,20,quantile,0.65,3.252324205107339
2026-10-03,3,wk inc rsv hosp,2026-10-24,20,quantile,0.7,3.420851448447551
2026-10-03,3,wk inc rsv hosp,2026-10-24,20,quantile,0.75,3.65563186365818
2026-10-03,3,wk inc rsv hosp,2026-10-24,20,quantile,0.8,3.70846837918792
2026-10-03,3,wk inc rsv hosp,2026-10-24,20,quantile,0.85,4.775042129653683
2026-10-03,3,wk inc rsv hosp,2026-10-24,20,quantile,0.9,5.623824816125447
2026-10-03,3,wk inc rsv hosp,2026-10-24,20,quantile,0.95,5.792497667070974
2026-10-03,3,wk inc rsv hosp,2026-10-24,20,quantile,0.975,5.951668754176879
2026-10-03,3,wk inc rsv hosp,2026-10-24,20,quantile,0.99,6.062181999819115
2026-10-03,3,wk inc rsv hosp,2026-10-24,21,quantile,0.01,4.680392322092146
2026-10-03,3,wk inc rsv hosp,2026-10-24,21,quantile,0.025,5.172026741523912
2026-10-03,3,wk inc rsv hosp,2026-10-24,21,quantile,0.05,6.32342191346776
2026-10-03,3,wk inc rsv hosp,2026-10-24,21,quantile,0.1,8.700170990102375
2026-10-03,3,wk inc rsv hosp,2026-10-24,21,quantile,0.15,10.16616225893046
2026-10-03,3,wk inc rsv hosp,2026-10-24,21,quantile,0.2,12.731492053011358
2026-10-03,3,wk inc rsv hosp,2026-10-24,21,quantile,0.25,13.26508456157168
2026-10-03,3,wk inc rsv hosp,2026-10-24,21,quantile,0.3,14.90744057093957
2026-10-03,3,wk inc rsv hosp,2026-10-24,21,quantile,0.35,15.288538423795814
2026-10-03,3,wk inc rsv hosp,2026-10-24,21,quantile,0.4,16.72705432379305
2026-10-03,3,wk inc rsv hosp,2026-10-24,21,quantile,0.45,18.59046947323433
2026-10-03,3,wk inc rsv hosp,2026-10-24,21,quantile,0.5,19.24849579900416
2026-10-03,3,wk inc rsv hosp,2026-10-24,21,quantile,0.55,20.369097376050306
2026-10-03,3,wk inc rsv hosp,2026-10-24,21,quantile,0.6,21.65158288541018
2026-10-03,3,wk inc rsv hosp,2026-10-24,21,quantile,0.65,22.12767284166827
2026-10-03,3,wk inc rsv hosp,2026-10-24,21,quantile,0.7,22.86838176467895
2026-10-03,3,wk inc rsv hosp,2026-10-24,21,quantile,0.75,23.77651613541876
2026-10-03,3,wk inc rsv hosp,2026-10-24,21,quantile,0.8,25.140608691751506
2026-10-03,3,wk inc rsv hosp,2026-10-24,21,quantile,0.85,27.806531729881524
2026-10-03,3,wk inc rsv hosp,2026-10-24,21,quantile,0.9,31.28386429826934
2026-10-03,3,wk inc rsv hosp,2026-10-24,21,quantile,0.95,33.50118100853877
2026-10-03,3,wk inc rsv hosp,2026-10-24,21,quantile,0.975,38.04346532337926
2026-10-03,3,wk inc rsv hosp,2026-10-24,21,quantile,0.99,42.63717222718051
2026-10-03,3,wk inc rsv hosp,2026-10-24,22,quantile,0.01,7.136453332624931
2026-10-03,3,wk inc rsv hosp,2026-10-24,22,quantile,0.025,7.141945727955591
2026-10-03,3,wk inc rsv hosp,2026-10-24,22,quantile,0.05,7.594441155122168
2026-10-03,3,wk inc rsv hosp,2026-10-24,22,quantile,0.1,10.797689193722634
2026-10-03,3,wk inc rsv hosp,2026-10-24,22,quantile,0.15,13.641647064982449
2026-10-03,3,wk inc rsv hosp,2026-10-24,22,quantile,0.2,15.94461457347992
2026-10-03,3,wk inc rsv hosp,2026-10-24,22,quantile,0.25,18.094992733341346
2026-10-03,3,wk inc rsv hosp,2026-10-24,22,quantile,0.3,20.073456735739725
2026-10-03,3,wk inc rsv hosp,2026-10-24,22,quantile,0.35,23.264049359863975
2026-10-03,3,wk inc rsv hosp,2026-10-24,22,quantile,0.4,29.300781699083377
2026-10-03,3,wk inc rsv hosp,2026-10-24,22,quantile,0.45,31.067084878587963
2026-10-03,3,wk inc rsv hosp,2026-10-24,22,quantile,0.5,31.366961742406847
2026-10-03,3,wk inc rsv hosp,2026-10-24,22,quantile,0.55,32.14879424434414
2026-10-03,3,wk inc rsv hosp,2026-10-24,22,quantile,0.6,33.02355918908667
2026-10-03,3,wk inc rsv hosp,2026-10-24,22,quantile,0.65,34.67558143844896
2026-10-03,3,wk inc rsv hosp,2026-10-24,22,quantile,0.7,35.153016174590846
2026-10-03,3,wk inc rsv hosp,2026-10-24,22,quantile,0.75,37.272169238805425
2026-10-03,3,wk inc rsv hosp,2026-10-24,22,quantile,0.8,40.707070844463516
2026-10-03,3,wk inc rsv hosp,2026-10-24,22,quantile,0.85,43.914774671136506
2026-10-03,3,wk inc rsv hosp,2026-10-24,22,quantile,0.9,45.25856126452737
2026-10-03,3,wk inc rsv hosp,2026-10-24,22,quantile,0.95,86.23766048966056
2026-10-03,3,wk inc rsv hosp,2026-10-24,22,quantile,0.975,129.72869045963014
2026-10-03,3,wk inc rsv hosp,2026-10-24,22,quantile,0.99,157.75704572034243
2026-10-03,3,wk inc rsv hosp,2026-10-24,23,quantile,0.01,0.0
2026-10-03,3,wk inc rsv hosp,2026-10-24,23,quantile,0.025,0.0
2026-10-03,3,wk inc rsv hosp,2026-10-24,23,quantile,0.05,0.0
2026-10-03,3,wk inc rsv hosp,2026-10-24,23,quantile,0.1,0.007316260659862385
2026-10-03,3,wk inc rsv hosp,2026-10-24,23,quantile,0.15,0.06385816451290123
2026-10-03,3,wk inc rsv hosp,2026-10-24,23,quantile,0.2,0.37494930988743946
2026-10-03,3,wk inc rsv hosp,2026-10-24,23,quantile,0.25,0.39021229019420994
2026-10-03,3,wk inc rsv hosp,2026-10-24,23,quantile,0.3,0.42276073863338537
2026-10-03,3,wk inc rsv hosp,2026-10-24,23,quantile,0.35,0.5041771474615808
2026-10-03,3,wk inc rsv hosp,2026-10-24,23,quantile,0.4,0.5737298179062196
2026-10-03,3,wk inc rsv hosp,2026-10-24,23,quantile,0.45,0.6131892747965988
2026-10-03,3,wk inc rsv hosp,2026-10-24,23,quantile,0.5,0.6837218189330518
2026-10-03,3,wk inc rsv hosp,2026-10-24,23,quantile,0.55,0.7074075469678816
2026-10-03,3,wk inc rsv hosp,2026-10-24,23,quantile,0.6,0.7261725972171096
2026-10-03,3,wk inc rsv hosp,2026-10-24,23,quantile,0.65,0.7524774423193067
2026-10-03,3,wk inc rsv hosp,2026-10-24,23,quantile,0.7,0.7617659907344568
2026-10-03,3,wk inc rsv hosp,2026-10-24,23,quantile,0.75,0.798529653939879
2026-10-03,3,wk inc rsv hosp,2026-10-24,23,quantile,0.8,1.0219290020454472
2026-10-03,3,wk inc rsv hosp,2026-10-24,23,quantile,0.85,1.1025964629920186
2026-10-03,3,wk inc rsv hosp,2026-10-24,23,quantile,0.9,1.1965466904455204
2026-10-03,3,wk inc rsv hosp,2026-10-24,23,quantile,0.95,1.5731704547208072
2026-10-03,3,wk inc rsv hosp,2026-10-24,23,quantile,0.975,1.8495845351102391
2026-10-03,3,wk inc rsv hosp,2026-10-24,23,quantile,0.99,2.0330308773051713
2026-10-03,3,wk inc rsv hosp,2026-10-24,24,quantile,0.01,1.0575859046116447
2026-10-03,3,wk inc rsv hosp,2026-10-24,24,quantile,0.025,1.1180828171838808
2026-10-03,3,wk inc rsv hosp,2026-10-24,24,quantile,0.05,1.238496911726369
2026-10-03,3,wk inc rsv hosp,2026-10-24,24,quantile,0.1,1.43441619501499
2026-10-03,3,wk inc rsv hosp,2026-10-24,24,quantile,0.15,1.478093540574888
2026-10-03,3,wk inc rsv hosp,2026-10-24,24,quantile,0.2,1.7213766498705243
2026-10-03,3,wk inc rsv hosp,2026-10-24,24,quantile,0.25,2.513880490103522
2026-10-03,3,wk inc rsv hosp,2026-10-24,24,quantile,0.3,3.6350735235776073
2026-10-03,3,wk inc rsv hosp,2026-10-24,24,quantile,0.35,3.8971870986404733
2026-10-03,3,wk inc rsv hosp,2026-10-24,24,quantile,0.4,4.056448094543257
2026-10-03,3,wk inc rsv hosp,2026-10-24,24,quantile,0.45,5.341508738279693
2026-10-03,3,wk inc rsv hosp,2026-10-24,24,quantile,0.5,6.252270904837684
2026-10-03,3,wk inc rsv hosp,2026-10-24,24,quantile,0.55,6.830060420174185
2026-10-03,3,wk inc rsv hosp,2026-10-24,24,quantile,0.6,7.0139796161442245
2026-10-03,3,wk inc rsv hosp,2026-10-24,24,quantile,0.65,9.644409103795722
2026-10-03,3,wk inc rsv hosp,2026-10-24,24,quantile,0.7,10.964345217662343
2026-10-03,3,wk inc rsv hosp,2026-10-24,24,quantile,0.75,12.796543214981318
2026-10-03,3,wk inc rsv hosp,2026-10-24,24,quantile,0.8,13.455939592081728
2026-10-03,3,wk inc rsv hosp,2026-10-24,24,quantile,0.85,14.331689961573558
2026-10-03,3,wk inc rsv hosp,2026-10-24,24,quantile,0.9,15.63111530865833
2026-10-03,3,wk inc rsv hosp,2026-10-24,24,quantile,0.95,18.284938501841697
2026-10-03,3,wk inc rsv hosp,2026-10-24,24,quantile,0.975,19.26201532761383
2026-10-03,3,wk inc rsv hosp,2026-10-24,24,quantile,0.99,19.277680037423846
2026-10-03,3,wk inc rsv hosp,2026-10-24,25,quantile,0.01,1.482812146997429
2026-10-03,3,wk inc rsv hosp,2026-10-24,25,quantile,0.025,1.5086162042691642
2026-10-03,3,wk inc rsv hosp,2026-10-24,25,quantile,0.05,1.6928355366128467
2026-10-03,3,wk inc rsv hosp,2026-10-24,25,quantile,0.1,3.2229192344940123
2026-10-03,3,wk inc rsv hosp,2026-10-24,25,quantile,0.15,4.801635606051731
2026-10-03,3,wk inc rsv hosp,2026-10-24,25,quantile,0.2,5.612542853803389
2026-10-03,3,wk inc rsv hosp,2026-10-24,25,quantile,0.25,5.809411922346731
2026-10-03,3,wk inc rsv hosp,2026-10-24,25,quantile,0.3,5.877342520290783
2026-10-03,3,wk inc rsv hosp,2026-10-24,25,quantile,0.35,6.0413745785626
2026-10-03,3,wk inc rsv hosp,2026-10-24,25,quantile,0.4,6.1199434022611285
2026-10-03,3,wk inc rsv hosp,2026-10-24,25,quantile,0.45,6.95131647201686
2026-10-03,3,wk inc rsv hosp,2026-10-24,25,quantile,0.5,7.784531544434245
2026-10-03,3,wk inc rsv hosp,2026-10-24,25,quantile,0.55,8.292462705717373
2026-10-03,3,wk inc rsv hosp,2026-10-24,25,quantile,0.6,8.463332520081769
2026-10-03,3,wk inc rsv hosp,2026-10-24,25,quantile,0.65,9.290583317324357
2026-10-03,3,wk inc rsv hosp,2026-10-24,25,quantile,0.7,9.523939649954196
2026-10-03,3,wk inc rsv hosp,2026-10-24,25,quantile,0.75,9.970248511626128
2026-10-03,3,wk inc rsv hosp,2026-10-24,25,quantile,0.8,10.234186224468804
2026-10-03,3,wk inc rsv hosp,2026-10-24,25,quantile,0.85,10.894197650401214
2026-10-03,3,wk inc rsv hosp,2026-10-24,25,quantile,0.9,11.964764288869063
2026-10-03,3,wk inc rsv hosp,2026-10-24,25,quantile,0.95,12.913845121337069
2026-10-03,3,wk inc rsv hosp,2026-10-24,25,quantile,0.975,14.146028528216945
2026-10-03,3,wk inc rsv hosp,2026-10-24,25,quantile,0.99,15.255070932897716
2026-10-03,3,wk inc rsv hosp,2026-10-24,26,quantile,0.01,1.6787009926663243
2026-10-03,3,wk inc rsv hosp,2026-10-24,26,quantile,0.025,2.134965146871576
2026-10-03,3,wk inc rsv hosp,2026-10-24,26,quantile,0.05,2.697081338224216
2026-10-03,3,wk inc rsv hosp,2026-10-24,26,quantile,0.1,3.204149063392248
2026-10-03,3,wk inc rsv hosp,2026-10-24,26,quantile,0.15,3.923844514987491
2026-10-03,3,wk inc rsv hosp,2026-10-24,26,quantile,0.2,4.395404393606949
2026-10-03,3,wk inc rsv hosp,2026-10-24,26,quantile,0.25,4.6232801437091915
2026-10-03,3,wk inc rsv hosp,2026-10-24,26,quantile,0.3,4.734455393194514
2026-10-03,3,wk inc rsv hosp,2026-10-24,26,quantile,0.35,5.208430992366143
2026-10-03,3,wk inc rsv hosp,2026-10-24,26,quantile,0.4,5.680801175728789
2026-10-03,3,wk inc rsv hosp,2026-10-24,26,quantile,0.45,5.839706551922569
2026-10-03,3,wk inc rsv hosp,2026-10-24,26,quantile,0.5,6.934541136402803
2026-10-03,3,wk inc rsv hosp,2026-10-24,26,quantile,0.55,8.868398279317821
2026-10-03,3,wk inc rsv hosp,2026-10-24,26,quantile,0.6,10.530477434379314
2026-10-03,3,wk inc rsv hosp,2026-10-24,26,quantile,0.65,10.719656159709787
2026-10-03,3,wk inc rsv hosp,2026-10-24,26,quantile,0.7,10.745935206273366
2026-10-03,3,wk inc rsv hosp,2026-10-24,26,quantile,0.75,10.916070816978294
2026-10-03,3,wk inc rsv hosp,2026-10-24,26,quantile,0.8,18.2384439000678
2026-10-03,3,wk inc rsv hosp,2026-10-24,26,quantile,0.85,22.94584655761718
2026-10-03,3,wk inc rsv hosp,2026-10-24,26,quantile,0.9,24.04449884805736
2026-10-03,3,wk inc rsv hosp,2026-10-24,26,quantile,0.95,32.19248095680478
2026-10-03,3,wk inc rsv hosp,2026-10-24,26,quantile,0.975,45.580881478282535
2026-10-03,3,wk inc rsv hosp,2026-10-24,26,quantile,0.99,59.40792959154741
2026-10-03,3,wk inc rsv hosp,2026-10-24,27,quantile,0.01,0.0
2026-10-03,3,wk inc rsv hosp,2026-10-24,27,quantile,0.025,0.0
2026-10-03,3,wk inc rsv hosp,2026-10-24,27,quantile,0.05,0.04008425269673643
2026-10-03,3,wk inc rsv hosp,2026-10-24,27,quantile,0.1,0.549448234448164
2026-10-03,3,wk inc rsv hosp,2026-10-24,27,quantile,0.15,0.7191100467195329
2026-10-03,3,wk inc rsv hosp,2026-10-24,27,quantile,0.2,0.7843765081613314
2026-10-03,3,wk inc rsv hosp,2026-10-24,27,quantile,0.25,1.102644885755385
2026-10-03,3,wk inc rsv hosp,2026-10-24,27,quantile,0.3,1.1826464948572013
2026-10-03,3,wk inc rsv hosp,2026-10-24,27,quantile,0.35,1.5831944100273598
2026-10-03,3,wk inc rsv hosp,2026-10-24,27,quantile,0.4,1.876773380854926
2026-10-03,3,wk inc rsv hosp,2026-10-24,27,quantile,0.45,1.9887237358417846
2026-10-03,3,wk inc rsv hosp,2026-10-24,27,quantile,0.5,2.314724153038629
2026-10-03,3,wk inc rsv hosp,2026-10-24,27,quantile,0.55,2.7969416359888384
2026-10-03,3,wk inc rsv hosp,2026-10-24,27,quantile,0.6,3.0115043921390234
2026-10-03,3,wk inc rsv hosp,2026-10-24,27,quantile,0.65,3.084805621090165
2026-10-03,3,wk inc rsv hosp,2026-10-24,27,quantile,0.7,3.181921683878794
2026-10-03,3,wk inc rsv hosp,2026-10-24,27,quantile,0.75,3.2688884262322935
2026-10-03,3,wk inc rsv hosp,2026-10-24,27,quantile,0.8,3.4871830441457212
2026-10-03,3,wk inc rsv hosp,2026-10-24,27,quantile,0.85,5.393246905409081
2026-10-03,3,wk inc rsv hosp,2026-10-24,27,quantile,0.9,8.79184009801132
2026-10-03,3,wk inc rsv hosp,2026-10-24,27,quantile,0.95,10.147996068121635
2026-10-03,3,wk inc rsv hosp,2026-10-24,27,quantile,0.975,10.867154496033532
2026-10-03,3,wk inc rsv hosp,2026-10-24,27,quantile,0.99,11.424752951390154
2026-10-03,3,wk inc rsv hosp,2026-10-24,28,quantile,0.01,2.0799882930730247
2026-10-03,3,wk inc rsv hosp,2026-10-24,28,quantile,0.025,2.7996483919867123
2026-10-03,3,wk inc rsv hosp,2026-10-24,28,quantile,0.05,3.755821312811737
2026-10-03,3,wk inc rsv hosp,2026-10-24,28,quantile,0.1,4.077882448519824
2026-10-03,3,wk inc rsv hosp,2026-10-24,28,quantile,0.15,4.882775614081014
2026-10-03,3,wk inc rsv hosp,2026-10-24,28,quantile,0.2,5.156339028317898
2026-10-03,3,wk inc rsv hosp,2026-10-24,28,quantile,0.25,5.589188498408799
2026-10-03,3,wk inc rsv hosp,2026-10-24,28,quantile,0.3,7.434832266370484
2026-10-03,3,wk inc rsv hosp,2026-10-24,28,quantile,0.35,9.174260733948513
2026-10-03,3,wk inc rsv hosp,2026-10-24,28,quantile,0.4,10.909187149985907
2026-10-03,3,wk inc rsv hosp,2026-10-24,28,quantile,0.45,11.571145494898147
2026-10-03,3,wk inc rsv hosp,2026-10-24,28,quantile,0.5,11.894797681978432
2026-10-03,3,wk inc rsv hosp,2026-10-24,28,quantile,0.55,11.922503700530939
2026-10-03,3,wk inc rsv hosp,2026-10-24,28,quantile,0.6,11.940111653182027
2026-10-03,3,wk inc rsv hosp,2026-10-24,28,quantile,0.65,12.517316850564175
2026-10-03,3,wk inc rsv hosp,2026-10-24,28,quantile,0.7,13.224554813314636
2026-10-03,3,wk inc rsv hosp,2026-10-24,28,quantile,0.75,14.185139604647443
2026-10-03,3,wk inc rsv hosp,2026-10-24,28,quantile,0.8,16.30103462109224
2026-10-03,3,wk inc rsv hosp,2026-10-24,28,quantile,0.85,17.004252903730574
2026-10-03,3,wk inc rsv hosp,2026-10-24,28,quantile,0.9,17.826470911838246
2026-10-03,3,wk inc rsv hosp,2026-10-24,28,quantile,0.95,22.772960997072417
2026-10-03,3,wk inc rsv hosp,2026-10-24,28,quantile,0.975,25.52865831224132
2026-10-03,3,wk inc rsv hosp,2026-10-24,28,quantile,0.99,26.65235179687628
2026-10-03,3,wk inc rsv hosp,2026-10-24,29,quantile,0.01,1.5567212443387883
2026-10-03,3,wk inc rsv hosp,2026-10-24,29,quantile,0.025,1.5644291576835614
2026-10-03,3,wk inc rsv hosp,2026-10-24,29,quantile,0.05,1.611655530241622
2026-10-03,3,wk inc rsv hosp,2026-10-24,29,quantile,0.1,1.7485961021128626
2026-10-03,3,wk inc rsv hosp,2026-10-24,29,quantile,0.15,1.9538817648952156
2026-10-03,3,wk inc rsv hosp,2026-10-24,29,quantile,0.2,2.046184269280657
2026-10-03,3,wk inc rsv hosp,2026-10-24,29,quantile,0.25,2.7161716040594897
2026-10-03,3,wk inc rsv hosp,2026-10-24,29,quantile,0.3,3.271433771786698
2026-10-03,3,wk inc rsv hosp,2026-10-24,29,quantile,0.35,3.3530399726713487
2026-10-03,3,wk inc rsv hosp,2026-10-24,29,quantile,0.4,3.6124871559587195
2026-10-03,3,wk inc rsv hosp,2026-10-24,29,quantile,0.45,3.795836817248985
2026-10-03,3,wk inc rsv hosp,2026-10-24,29,quantile,0.5,3.94213643555092
2026-10-03,3,wk inc rsv hosp,2026-10-24,29,quantile,0.55,4.089789195842202
2026-10-03,3,wk inc rsv hosp,2026-10-24,29,quantile,0.6,4.282733917236328
2026-10-03,3,wk inc rsv hosp,2026-10-24,29,quantile,0.65,4.763977591195448
2026-10-03,3,wk inc rsv hosp,2026-10-24,29,quantile,0.7,4.865368854795709
2026-10-03,3,wk inc rsv hosp,2026-10-24,29,quantile,0.75,4.965783377593601
2026-10-03,3,wk inc rsv hosp,2026-10-24,29,quantile,0.8,5.374376342305541
2026-10-03,3,wk inc rsv hosp,2026-10-24,29,quantile,0.85,6.042716709012811
2026-10-03,3,wk inc rsv hosp,2026-10-24,29,quantile,0.9,7.473464823734287
2026-10-03,3,wk inc rsv hosp,2026-10-24,29,quantile,0.95,10.701538285600149
2026-10-03,3,wk inc rsv hosp,2026-10-24,29,quantile,0.975,12.882860124816697
2026-10-03,3,wk inc rsv hosp,2026-10-24,29,quantile,0.99,14.267253487699039
2026-10-03,3,wk inc rsv hosp,2026-10-24,30,quantile,0.01,0.0
2026-10-03,3,wk inc rsv hosp,2026-10-24,30,quantile,0.025,0.0
2026-10-03,3,wk inc rsv hosp,2026-10-24,30,quantile,0.05,0.0
2026-10-03,3,wk inc rsv hosp,2026-10-24,30,quantile,0.1,0.0
2026-10-03,3,wk inc rsv hosp,2026-10-24,30,quantile,0.15,0.0
2026-10-03,3,wk inc rsv hosp,2026-10-24,30,quantile,0.2,0.0
2026-10-03,3,wk inc rsv hosp,2026-10-24,30,quantile,0.25,0.0
2026-10-03,3,wk inc rsv hosp,2026-10-24,30,quantile,0.3,0.0
2026-10-03,3,wk inc rsv hosp,2026-10-24,30,quantile,0.35,0.0
2026-10-03,3,wk inc rsv hosp,2026-10-24,30,quantile,0.4,0.08234137080856636
2026-10-03,3,wk inc rsv hosp,2026-10-24,30,quantile,0.45,0.18419594829685557
2026-10-03,3,wk inc rsv hosp,2026-10-24,30,quantile,0.5,0.2714268579507665
2026-10-03,3,wk inc rsv hosp,2026-10-24,30,quantile,0.55,0.2858682014718789
2026-10-03,3,wk inc rsv hosp,2026-10-24,30,quantile,0.6,0.29908627643010693
2026-10-03,3,wk inc rsv hosp,2026-10-24,30,quantile,0.65,0.5662476984947149
2026-10-03,3,wk inc rsv hosp,2026-10-24,30,quantile,0.7,0.6213559085425492
2026-10-03,3,wk inc rsv hosp,2026-10-24,30,quantile,0.75,0.9114567140956742
2026-10-03,3,wk inc rsv hosp,2026-10-24,30,quantile,0.8,1.6420594391591372
2026-10-03,3,wk inc rsv hosp,2026-10-24,30,quantile,0.85,1.887010787580508
2026-10-03,3,wk inc rsv hosp,2026-10-24,30,quantile,0.9,2.1286845052236716
2026-10-03,3,wk inc rsv hosp,2026-10-24,30,quantile,0.95,2.5055092859069243
2026-10-03,3,wk inc rsv hosp,2026-10-24,30,quantile,0.975,3.270775495930865
2026-10-03,3,wk inc rsv hosp,2026-10-24,30,quantile,0.99,4.028454658409817
2026-10-03,3,wk inc rsv hosp,2026-10-24,31,quantile,0.01,0.39786627192922613
2026-10-03,3,wk inc rsv hosp,2026-10-24,31,quantile,0.025,0.5028189926380054
2026-10-03,3,wk inc rsv hosp,2026-10-24,31,quantile,0.05,0.644422076939466
2026-10-03,3,wk inc rsv hosp,2026-10-24,31,quantile,0.1,0.8957816408185028
2026-10-03,3,wk inc rsv hosp,2026-10-24,31,quantile,0.15,1.2833277939160532
2026-10-03,3,wk inc rsv hosp,2026-10-24,31,quantile,0.2,1.4804343616489881
2026-10-03,3,wk inc rsv hosp,2026-10-24,31,quantile,0.25,1.607481856388624
2026-10-03,3,wk inc rsv hosp,2026-10-24,31,quantile,0.3,1.798882373521614
2026-10-03,3,wk inc rsv hosp,2026-10-24,31,quantile,0.35,1.9658156021394355
2026-10-03,3,wk inc rsv hosp,2026-10-24,31,quantile,0.4,2.547629716155174
2026-10-03,3,wk inc rsv hosp,2026-10-24,31,quantile,0.45,2.600107267768009
2026-10-03,3,wk inc rsv hosp,2026-10-24,31,quantile,0.5,2.6865598907920467
2026-10-03,3,wk inc rsv hosp,2026-10-24,31,quantile,0.55,2.7187978450145254
2026-10-03,3,wk inc rsv hosp,2026-10-24,31,quantile,0.6,2.9026562284696156
2026-10-03,3,wk inc rsv hosp,2026-10-24,31,quantile,0.65,3.234360201863487
2026-10-03,3,wk inc rsv hosp,2026-10-24,31,quantile,0.7,3.5582025116334033
2026-10-03,3,wk inc rsv hosp,2026-10-24,31,quantile,0.75,3.9254759657346323
2026-10-03,3,wk inc rsv hosp,2026-10-24,31,quantile,0.8,4.135555975448181
2026-10-03,3,wk inc rsv hosp,2026-10-24,31,quantile,0.85,5.154363302770868
2026-10-03,3,wk inc rsv hosp,2026-10-24,31,quantile,0.9,6.885991782094508
2026-10-03,3,wk inc rsv hosp,2026-10-24,31,quantile,0.95,8.403917523474105
2026-10-03,3,wk inc rsv hosp,2026-10-24,31,quantile,0.975,8.909040910209312
2026-10-03,3,wk inc rsv hosp,2026-10-24,31,quantile,0.99,9.164365274075607
2026-10-03,3,wk inc rsv hosp,2026-10-24,32,quantile,0.01,0.0
2026-10-03,3,wk inc rsv hosp,2026-10-24,32,quantile,0.025,0.0
2026-10-03,3,wk inc rsv hosp,2026-10-24,32,quantile,0.05,0.0
2026-10-03,3,wk inc rsv hosp,2026-10-24,32,quantile,0.1,0.4699092915866551
2026-10-03,3,wk inc rsv hosp,2026-10-24,32,quantile,0.15,0.5041094849828225
2026-10-03,3,wk inc rsv hosp,2026-10-24,32,quantile,0.2,0.5715016725678045
2026-10-03,3,wk inc rsv hosp,2026-10-24,32,quantile,0.25,0.8611107068096706
2026-10-03,3,wk inc rsv hosp,2026-10-24,32,quantile,0.3,2.1238952444676062
2026-10-03,3,wk inc rsv hosp,2026-10-24,32,quantile,0.35,2.8994179782444185
2026-10-03,3,wk inc rsv hosp,2026-10-24,32,quantile,0.4,3.3221637583083927
2026-10-03,3,wk inc rsv hosp,2026-10-24,32,quantile,0.45,3.839217276960986
2026-10-03,3,wk inc rsv hosp,2026-10-24,32,quantile,0.5,3.90942969038512
2026-10-03,3,wk inc rsv hosp,2026-10-24,32,quantile,0.55,4.339194945708833
2026-10-03,3,wk inc rsv hosp,2026-10-24,32,quantile,0.6,4.70245078074511
2026-10-03,3,wk inc rsv hosp,2026-10-24,32,quantile,0.65,4.892958509195098
2026-10-03,3,wk inc rsv hosp,2026-10-24,32,quantile,0.7,5.595394525345913
2026-10-03,3,wk inc rsv hosp,2026-10-24,32,quantile,0.75,6.040844686565375
2026-10-03,3,wk inc rsv hosp,2026-10-24,32,quantile,0.8,6.312044355726775
2026-10-03,3,wk inc rsv hosp,2026-10-24,32,quantile,0.85,6.427914425246158
2026-10-03,3,wk inc rsv hosp,2026-10-24,32,quantile,0.9,9.250178350865049
2026-10-03,3,wk inc rsv hosp,2026-10-24,32,quantile,0.95,14.433038840445722
2026-10-03,3,wk inc rsv hosp,2026-10-24,32,quantile,0.975,17.94581111584452
2026-10-03,3,wk inc rsv hosp,2026-10-24,32,quantile,0.99,21.253614382462587
2026-10-03,3,wk inc rsv hosp,2026-10-24,33,quantile,0.01,0.0
2026-10-03,3,wk inc rsv hosp,2026-10-24,33,quantile,0.025,0.0
2026-10-03,3,wk inc rsv hosp,2026-10-24,33,quantile,0.05,0.0
2026-10-03,3,wk inc rsv hosp,2026-10-24,33,quantile,0.1,0.1598267920372046
2026-10-03,3,wk inc rsv hosp,2026-10-24,33,quantile,0.15,0.22721510315782856
2026-10-03,3,wk inc rsv hosp,2026-10-24,33,quantile,0.2,0.25417381870591116
2026-10-03,3,wk inc rsv hosp,2026-10-24,33,quantile,0.25,0.363643343824472
2026-10-03,3,wk inc rsv hosp,2026-10-24,33,quantile,0.3,0.6182520139425896
2026-10-03,3,wk inc rsv hosp,2026-10-24,33,quantile,0.35,0.7991758277287024
2026-10-03,3,wk inc rsv hosp,2026-10-24,33,quantile,0.4,0.8979725111334658
2026-10-03,3,wk inc rsv hosp,2026-10-24,33,quantile,0.45,1.1061171587236092
2026-10-03,3,wk inc rsv hosp,2026-10-24,33,quantile,0.5,1.1317790493721938
2026-10-03,3,wk inc rsv hosp,2026-10-24,33,quantile,0.55,1.3866663262256558
2026-10-03,3,wk inc rsv hosp,2026-10-24,33,quantile,0.6,1.621514279036124
2026-10-03,3,wk inc rsv hosp,2026-10-24,33,quantile,0.65,2.434149991716115
2026-10-03,3,wk inc rsv hosp,2026-10-24,33,quantile,0.7,2.5253380510427594
2026-10-03,3,wk inc rsv hosp,2026-10-24,33,quantile,0.75,2.6000567366713567
2026-10-03,3,wk inc rsv hosp,2026-10-24,33,quantile,0.8,2.6734801349357387
2026-10-03,3,wk inc rsv hosp,2026-10-24,33,quantile,0.85,3.116432058873524
2026-10-03,3,wk inc rsv hosp,2026-10-24,33,quantile,0.9,3.4862943944475804
2026-10-03,3,wk inc rsv hosp,2026-10-24,33,quantile,0.95,3.570521030533648
2026-10-03,3,wk inc rsv hosp,2026-10-24,33,quantile,0.975,3.9079730557363943
2026-10-03,3,wk inc rsv hosp,2026-10-24,33,quantile,0.99,4.245434112690715
2026-10-03,3,wk inc rsv hosp,2026-10-24,34,quantile,0.01,8.665584251106111
2026-10-03,3,wk inc rsv hosp,2026-10-24,34,quantile,0.025,9.609116913128293
2026-10-03,3,wk inc rsv hosp,2026-10-24,34,quantile,0.05,10.691436319903296
2026-10-03,3,wk inc rsv hosp,2026-10-24,34,quantile,0.1,10.861578891620324
2026-10-03,3,wk inc rsv hosp,2026-10-24,34,quantile,0.15,11.642379845991567
2026-10-03,3,wk inc rsv hosp,2026-10-24,34,quantile,0.2,13.834940142356126
2026-10-03,3,wk inc rsv hosp,2026-10-24,34,quantile,0.25,14.72494204114998
2026-10-03,3,wk inc rsv hosp,2026-10-24,34,quantile,0.3,20.001424960245565
2026-10-03,3,wk inc rsv hosp,2026-10-24,34,quantile,0.35,23.859594441052636
2026-10-03,3,wk inc rsv hosp,2026-10-24,34,quantile,0.4,27.223763303323913
2026-10-03,3,wk inc rsv hosp,2026-10-24,34,quantile,0.45,27.26189186079552
2026-10-03,3,wk inc rsv hosp,2026-10-24,34,quantile,0.5,27.28134160609205
2026-10-03,3,wk inc rsv hosp,2026-10-24,34,quantile,0.55,32.03315889395315
2026-10-03,3,wk inc rsv hosp,2026-10-24,34,quantile,0.6,34.43451747201212
2026-10-03,3,wk inc rsv hosp,2026-10-24,34,quantile,0.65,37.80218650238864
2026-10-03,3,wk inc rsv hosp,2026-10-24,34,quantile,0.7,39.767525262519605
2026-10-03,3,wk inc rsv hosp,2026-10-24,34,quantile,0.75,41.991954098228135
2026-10-03,3,wk inc rsv hosp,2026-10-24,34,quantile,0.8,45.344821872479045
2026-10-03,3,wk inc rsv hosp,2026-10-24,34,quantile,0.85,48.211890159195846
2026-10-03,3,wk inc rsv hosp,2026-10-24,34,quantile,0.9,61.003635381786765
2026-10-03,3,wk inc rsv hosp,2026-10-24,34,quantile,0.95,75.23646913750541
2026-10-03,3,wk inc rsv hosp,2026-10-24,34,quantile,0.975,78.27380314129266
2026-10-03,3,wk inc rsv hosp,2026-10-24,34,quantile,0.99,79.44851445002118
2026-10-03,3,wk inc rsv hosp,2026-10-24,35,quantile,0.01,0.7620854191831774
2026-10-03,3,wk inc rsv hosp,2026-10-24,35,quantile,0.025,0.7945114036779457
2026-10-03,3,wk inc rsv hosp,2026-10-24,35,quantile,0.05,0.8518386793354459
2026-10-03,3,wk inc rsv hosp,2026-10-24,35,quantile,0.1,0.947980172097234
2026-10-03,3,wk inc rsv hosp,2026-10-24,35,quantile,0.15,1.0110773866849712
2026-10-03,3,wk inc rsv hosp,2026-10-24,35,quantile,0.2,1.0334412114102651
2026-10-03,3,wk inc rsv hosp,2026-10-24,35,quantile,0.25,1.1733184959291225
2026-10-03,3,wk inc rsv hosp,2026-10-24,35,quantile,0.3,1.26183126859105
2026-10-03,3,wk inc rsv hosp,2026-10-24,35,quantile,0.35,1.4820698024586747
2026-10-03,3,wk inc rsv hosp,2026-10-24,35,quantile,0.4,1.5883107917340662
2026-10-03,3,wk inc rsv hosp,2026-10-24,35,quantile,0.45,1.6269896198441152
2026-10-03,3,wk inc rsv hosp,2026-10-24,35,quantile,0.5,1.724694819523334
2026-10-03,3,wk inc rsv hosp,2026-10-24,35,quantile,0.55,1.7924896720542483
2026-10-03,3,wk inc rsv hosp,2026-10-24,35,quantile,0.6,1.838584256337894
2026-10-03,3,wk inc rsv hosp,2026-10-24,35,quantile,0.65,1.975079455294021
2026-10-03,3,wk inc rsv hosp,2026-10-24,35,quantile,0.7,2.3847239818924444
2026-10-03,3,wk inc rsv hosp,2026-10-24,35,quantile,0.75,2.410078423385743
2026-10-03,3,wk inc rsv hosp,2026-10-24,35,quantile,0.8,2.6034076777742774
2026-10-03,3,wk inc rsv hosp,2026-10-24,35,quantile,0.85,3.0889409158423673
2026-10-03,3,wk inc rsv hosp,2026-10-24,35,quantile,0.9,5.035489259447399
2026-10-03,3,wk inc rsv hosp,2026-10-24,35,quantile,0.95,6.479698645806489
2026-10-03,3,wk inc rsv hosp,2026-10-24,35,quantile,0.975,6.899837788501015
2026-10-03,3,wk inc rsv hosp,2026-10-24,35,quantile,0.99,6.96758087401137
2026-10-03,3,wk inc rsv hosp,2026-10-24,36,quantile,0.01,33.69704400706117
2026-10-03,3,wk inc rsv hosp,2026-10-24,36,quantile,0.025,35.80905759814086
2026-10-03,3,wk inc rsv hosp,2026-10-24,36,quantile,0.05,38.32973524138766
2026-10-03,3,wk inc rsv hosp,2026-10-24,36,quantile,0.1,39.495947890411756
2026-10-03,3,wk inc rsv hosp,2026-10-24,36,quantile,0.15,40.527432672542915
2026-10-03,3,wk inc rsv hosp,2026-10-24,36,quantile,0.2,41.927176820225036
2026-10-03,3,wk inc rsv hosp,2026-10-24,36,quantile,0.25,43.43035381173427
2026-10-03,3,wk inc rsv hosp,2026-10-24,36,quantile,0.3,47.881364215048585
2026-10-03,3,wk inc rsv hosp,2026-10-24,36,quantile,0.35,51.267163909457196
2026-10-03,3,wk inc rsv hosp,2026-10-24,36,quantile,0.4,54.751617024565334
2026-10-03,3,wk inc rsv hosp,2026-10-24,36,quantile,0.45,58.43933558060637
2026-10-03,3,wk inc rsv hosp,2026-10-24,36,quantile,0.5,59.072721462512014
2026-10-03,3,wk inc rsv hosp,2026-10-24,36,quantile,0.55,60.08074735297663
2026-10-03,3,wk inc rsv hosp,2026-10-24,36,quantile,0.6,60.51670353829555
2026-10-03,3,wk inc rsv hosp,2026-10-24,36,quantile,0.65,61.95101541265732
2026-10-03,3,wk inc rsv hosp,2026-10-24,36,quantile,0.7,67.1131796372108
2026-10-03,3,wk inc rsv hosp,2026-10-24,36,quantile,0.75,70.11410602567301
2026-10-03,3,wk inc rsv hosp,2026-10-24,36,quantile,0.8,76.54945273732142
2026-10-03,3,wk inc rsv hosp,2026-10-24,36,quantile,0.85,83.23811692833348
2026-10-03,3,wk inc rsv hosp,2026-10-24,36,quantile,0.9,125.53555435100144
2026-10-03,3,wk inc rsv hosp,2026-10-24,36,quantile,0.95,187.69082509385038
2026-10-03,3,wk inc rsv hosp,2026-10-24,36,quantile,0.975,201.90875524018878
2026-10-03,3,wk inc rsv hosp,2026-10-24,36,quantile,0.99,212.58126043499038
2026-10-03,3,wk inc rsv hosp,2026-10-24,37,quantile,0.01,3.503040003823476
2026-10-03,3,wk inc rsv hosp,2026-10-24,37,quantile,0.025,4.363136432266787
2026-10-03,3,wk inc rsv hosp,2026-10-24,37,quantile,0.05,5.435411701746504
2026-10-03,3,wk inc rsv hosp,2026-10-24,37,quantile,0.1,5.601667220769581
2026-10-03,3,wk inc rsv hosp,2026-10-24,37,quantile,0.15,5.677363836852224
2026-10-03,3,wk inc rsv hosp,2026-10-24,37,quantile,0.2,7.276024335988097
2026-10-03,3,wk inc rsv hosp,2026-10-24,37,quantile,0.25,9.349508083647866
2026-10-03,3,wk inc rsv hosp,2026-10-24,37,quantile,0.3,10.183337905071504
2026-10-03,3,wk inc rsv hosp,2026-10-24,37,quantile,0.35,10.657028788675998
2026-10-03,3,wk inc rsv hosp,2026-10-24,37,quantile,0.4,11.536348803223559
2026-10-03,3,wk inc rsv hosp,2026-10-24,37,quantile,0.45,12.586348506716167
2026-10-03,3,wk inc rsv hosp,2026-10-24,37,quantile,0.5,14.683882640035245
2026-10-03,3,wk inc rsv hosp,2026-10-24,37,quantile,0.55,17.938879975840376
2026-10-03,3,wk inc rsv hosp,2026-10-24,37,quantile,0.6,18.936205796999502
2026-10-03,3,wk inc rsv hosp,2026-10-24,37,quantile,0.65,20.548189951857015
2026-10-03,3,wk inc rsv hosp,2026-10-24,37,quantile,0.7,21.475959969018053
2026-10-03,3,wk inc rsv hosp,2026-10-24,37,quantile,0.75,22.609993283614646
2026-10-03,3,wk inc rsv hosp,2026-10-24,37,quantile,0.8,23.348077723399932
2026-10-03,3,wk inc rsv hosp,2026-10-24,37,quantile,0.85,25.832067557497503
2026-10-03,3,wk inc rsv hosp,2026-10-24,37,quantile,0.9,31.396021921353462
2026-10-03,3,wk inc rsv hosp,2026-10-24,37,quantile,0.95,34.67980384760983
2026-10-03,3,wk inc rsv hosp,2026-10-24,37,quantile,0.975,39.6122305699271
2026-10-03,3,wk inc rsv hosp,2026-10-24,37,quantile,0.99,44.19770557941276
2026-10-03,3,wk inc rsv hosp,2026-10-24,38,quantile,0.01,0.0
2026-10-03,3,wk inc rsv hosp,2026-10-24,38,quantile,0.025,0.0
2026-10-03,3,wk inc rsv hosp,2026-10-24,38,quantile,0.05,0.0
2026-10-03,3,wk inc rsv hosp,2026-10-24,38,quantile,0.1,0.0
2026-10-03,3,wk inc rsv hosp,2026-10-24,38,quantile,0.15,0.0
2026-10-03,3,wk inc rsv hosp,2026-10-24,38,quantile,0.2,0.0
2026-10-03,3,wk inc rsv hosp,2026-10-24,38,quantile,0.25,0.0
2026-10-03,3,wk inc rsv hosp,2026-10-24,38,quantile,0.3,0.05759169376778973
2026-10-03,3,wk inc rsv hosp,2026-10-24,38,quantile,0.35,0.15404951347337023
2026-10-03,3,wk inc rsv hosp,2026-10-24,38,quantile,0.4,0.2037777722442526
2026-10-03,3,wk inc rsv hosp,2026-10-24,38,quantile,0.45,0.23012467433639222
2026-10-03,3,wk inc rsv hosp,2026-10-24,38,quantile,0.5,0.30694948116394905
2026-10-03,3,wk inc rsv hosp,2026-10-24,38,quantile,0.55,0.37956613771554976
2026-10-03,3,wk inc rsv hosp,2026-10-24,38,quantile,0.6,0.433309967375008
2026-10-03,3,wk inc rsv hosp,2026-10-24,38,quantile,0.65,0.49467398045341926
2026-10-03,3,wk inc rsv hosp,2026-10-24,38,quantile,0.7,0.6110223485409121
2026-10-03,3,wk inc rsv hosp,2026-10-24,38,quantile,0.75,0.7035043291759204
2026-10-03,3,wk inc rsv hosp,2026-10-24,38,quantile,0.8,0.7114572963829979
2026-10-03,3,wk inc rsv hosp,2026-10-24,38,quantile,0.85,0.7815519824336062
2026-10-03,3,wk inc rsv hosp,2026-10-24,38,quantile,0.9,0.8951982402566676
2026-10-03,3,wk inc rsv hosp,2026-10-24,38,quantile,0.95,1.2964450644809282
2026-10-03,3,wk inc rsv hosp,2026-10-24,38,quantile,0.975,1.629697378288235
2026-10-03,3,wk inc rsv hosp,2026-10-24,38,quantile,0.99,1.8599287782131657
2026-10-03,3,wk inc rsv hosp,2026-10-24,39,quantile,0.01,8.071227814801725
2026-10-03,3,wk inc rsv hosp,2026-10-24,39,quantile,0.025,8.89239434527487
2026-10-03,3,wk inc rsv hosp,2026-10-24,39,quantile,0.05,9.856941963864214
2026-10-03,3,wk inc rsv hosp,2026-10-24,39,quantile,0.1,10.337270314752772
2026-10-03,3,wk inc rsv hosp,2026-10-24,39,quantile,0.15,11.018780036013219
2026-10-03,3,wk inc rsv hosp,2026-10-24,39,quantile,0.2,12.177310594115266
2026-10-03,3,wk inc rsv hosp,2026-10-24,39,quantile,0.25,15.615448005673747
2026-10-03,3,wk inc rsv hosp,2026-10-24,39,quantile,0.3,17.160796326530033
2026-10-03,3,wk inc rsv hosp,2026-10-24,39,quantile,0.35,19.361034852955477
2026-10-03,3,wk inc rsv hosp,2026-10-24,39,quantile,0.4,20.57545381327966
2026-10-03,3,wk inc rsv hosp,2026-10-24,39,quantile,0.45,20.976265926676714
2026-10-03,3,wk inc rsv hosp,2026-10-24,39,quantile,0.5,23.0500990816174
2026-10-03,3,wk inc rsv hosp,2026-10-24,39,quantile,0.55,28.197056098361916
2026-10-03,3,wk inc rsv hosp,2026-10-24,39,quantile,0.6,41.707890336300565
2026-10-03,3,wk inc rsv hosp,2026-10-24,39,quantile,0.65,46.53499704394075
2026-10-03,3,wk inc rsv hosp,2026-10-24,39,quantile,0.7,49.98205386401758
2026-10-03,3,wk inc rsv hosp,2026-10-24,39,quantile,0.75,53.56117377482474
2026-10-03,3,wk inc rsv hosp,2026-10-24,39,quantile,0.8,59.333868829843375
2026-10-03,3,wk inc rsv hosp,2026-10-24,39,quantile,0.85,66.01553870334186
2026-10-03,3,wk inc rsv hosp,2026-10-24,39,quantile,0.9,70.21880728595102
2026-10-03,3,wk inc rsv hosp,2026-10-24,39,quantile,0.95,94.16163699894639
2026-10-03,3,wk inc rsv hosp,2026-10-24,39,quantile,0.975,106.56687461617652
2026-10-03,3,wk inc rsv hosp,2026-10-24,39,quantile,0.99,109.63561250025154
2026-10-03,3,wk inc rsv hosp,2026-10-24,40,quantile,0.01,0.0
2026-10-03,3,wk inc rsv hosp,2026-10-24,40,quantile,0.025,0.0
2026-10-03,3,wk inc rsv hosp,2026-10-24,40,quantile,0.05,0.0
2026-10-03,3,wk inc rsv hosp,2026-10-24,40,quantile,0.1,0.6199789299594751
2026-10-03,3,wk inc rsv hosp,2026-10-24,40,quantile,0.15,0.7662756565424055
2026-10-03,3,wk inc rsv hosp,2026-10-24,40,quantile,0.2,0.8114080141512928
2026-10-03,3,wk inc rsv hosp,2026-10-24,40,quantile,0.25,0.9076080813252112
2026-10-03,3,wk inc rsv hosp,2026-10-24,40,quantile,0.3,1.0355636487936446
2026-10-03,3,wk inc rsv hosp,2026-10-24,40,quantile,0.35,1.4460708037216121
2026-10-03,3,wk inc rsv hosp,2026-10-24,40,quantile,0.4,1.8697030946084814
2026-10-03,3,wk inc rsv hosp,2026-10-24,40,quantile,0.45,1.933049805123797
2026-10-03,3,wk inc rsv hosp,2026-10-24,40,quantile,0.5,2.103877361803476
2026-10-03,3,wk inc rsv hosp,2026-10-24,40,quantile,0.55,2.3322602111158153
2026-10-03,3,wk inc rsv hosp,2026-10-24,40,quantile,0.6,2.6126917240270613
2026-10-03,3,wk inc rsv hosp,2026-10-24,40,quantile,0.65,2.9110381870961777
2026-10-03,3,wk inc rsv hosp,2026-10-24,40,quantile,0.7,3.031633508769486
2026-10-03,3,wk inc rsv hosp,2026-10-24,40,quantile,0.75,3.271369234738186
2026-10-03,3,wk inc rsv hosp,2026-10-24,40,quantile,0.8,3.427924677861262
2026-10-03,3,wk inc rsv hosp,2026-10-24,40,quantile,0.85,3.6449919866029425
2026-10-03,3,wk inc rsv hosp,2026-10-24,40,quantile,0.9,4.577707472496103
2026-10-03,3,wk inc rsv hosp,2026-10-24,40,quantile,0.95,5.68462593466821
2026-10-03,3,wk inc rsv hosp,2026-10-24,40,quantile,0.975,9.335758164204325
2026-10-03,3,wk inc rsv hosp,2026-10-24,40,quantile,0.99,14.963291695798391
2026-10-03,3,wk inc rsv hosp,2026-10-24,41,quantile,0.01,0.1008222416695811
2026-10-03,3,wk inc rsv hosp,2026-10-24,41,quantile,0.025,0.17808401331908305
2026-10-03,3,wk inc rsv hosp,2026-10-24,41,quantile,0.05,0.307479947378539
2026-10-03,3,wk inc rsv hosp,2026-10-24,41,quantile,0.1,0.5211173045127089
2026-10-03,3,wk inc rsv hosp,2026-10-24,41,quantile,0.15,0.7746130355456575
2026-10-03,3,wk inc rsv hosp,2026-10-24,41,quantile,0.2,0.8563853884676573
2026-10-03,3,wk inc rsv hosp,2026-10-24,41,quantile,0.25,1.4126902942467583
2026-10-03,3,wk inc rsv hosp,2026-10-24,41,quantile,0.3,1.5661815247622042
2026-10-03,3,wk inc rsv hosp,2026-10-24,41,quantile,0.35,1.6572215953597318
2026-10-03,3,wk inc rsv hosp,2026-10-24,41,quantile,0.4,1.7255637546736367
2026-10-03,3,wk inc rsv hosp,2026-10-24,41,quantile,0.45,1.785780829976252
2026-10-03,3,wk inc rsv hosp,2026-10-24,41,quantile,0.5,1.8649846660849037
2026-10-03,3,wk inc rsv hosp,2026-10-24,41,quantile,0.55,2.0508605174543986
2026-10-03,3,wk inc rsv hosp,2026-10-24,41,quantile,0.6,2.1571370173193722
2026-10-03,3,wk inc rsv hosp,2026-10-24,41,quantile,0.65,2.7229922819036645
2026-10-03,3,wk inc rsv hosp,2026-10-24,41,quantile,0.7,2.87425949772471
2026-10-03,3,wk inc rsv hosp,2026-10-24,41,quantile,0.75,3.268118505301729
2026-10-03,3,wk inc rsv hosp,2026-10-24,41,quantile,0.8,4.828578948974609
2026-10-03,3,wk inc rsv hosp,2026-10-24,41,quantile,0.85,5.529742531298835
2026-10-03,3,wk inc rsv hosp,2026-10-24,41,quantile,0.9,7.233263200637354
2026-10-03,3,wk inc rsv hosp,2026-10-24,41,quantile,0.95,8.126018923379638
2026-10-03,3,wk inc rsv hosp,2026-10-24,41,quantile,0.975,9.0289792404621
2026-10-03,3,wk inc rsv hosp,2026-10-24,41,quantile,0.99,9.976358936272447
2026-10-03,3,wk inc rsv hosp,2026-10-24,42,quantile,0.01,46.05052597666935
2026-10-03,3,wk inc rsv hosp,2026-10-24,42,quantile,0.025,46.28437966529778
2026-10-03,3,wk inc rsv hosp,2026-10-24,42,quantile,0.05,46.815420816593125
2026-10-03,3,wk inc rsv hosp,2026-10-24,42,quantile,0.1,48.92792927021368
2026-10-03,3,wk inc rsv hosp,2026-10-24,42,quantile,0.15,52.75585727756216
2026-10-03,3,wk inc rsv hosp,2026-10-24,42,quantile,0.2,55.16787486115128
2026-10-03,3,wk inc rsv hosp,2026-10-24,42,quantile,0.25,58.45281852507379
2026-10-03,3,wk inc rsv hosp,2026-10-24,42,quantile,0.3,60.770316740271966
2026-10-03,3,wk inc rsv hosp,2026-10-24,42,quantile,0.35,64.8451103000858
2026-10-03,3,wk inc rsv hosp,2026-10-24,42,quantile,0.4,67.73095078455867
2026-10-03,3,wk inc rsv hosp,2026-10-24,42,quantile,0.45,76.14333750797023
2026-10-03,3,wk inc rsv hosp,2026-10-24,42,quantile,0.5,78.33780965170845
2026-10-03,3,wk inc rsv hosp,2026-10-24,42,quantile,0.55,83.65281555825766
2026-10-03,3,wk inc rsv hosp,2026-10-24,42,quantile,0.6,87.3736646670676
2026-10-03,3,wk inc rsv hosp,2026-10-24,42,quantile,0.65,88.83377032729685
2026-10-03,3,wk inc rsv hosp,2026-10-24,42,quantile,0.7,89.51111146806191
2026-10-03,3,wk inc rsv hosp,2026-10-24,42,quantile,0.75,90.78989572905493
2026-10-03,3,wk inc rsv hosp,2026-10-24,42,quantile,0.8,93.45168485447326
2026-10-03,3,wk inc rsv hosp,2026-10-24,42,quantile,0.85,98.55297577742354
2026-10-03,3,wk inc rsv hosp,2026-10-24,42,quantile,0.9,103.92950261875107
2026-10-03,3,wk inc rsv hosp,2026-10-24,42,quantile,0.95,105.19520761233235
2026-10-03,3,wk inc rsv hosp,2026-10-24,42,quantile,0.975,105.83431725800324
2026-10-03,3,wk inc rsv hosp,2026-10-24,42,quantile,0.99,106.41834211919844
2026-10-03,3,wk inc rsv hosp,2026-10-24,44,quantile,0.01,0.8880672727973578
2026-10-03,3,wk inc rsv hosp,2026-10-24,44,quantile,0.025,1.0395810826786231
2026-10-03,3,wk inc rsv hosp,2026-10-24,44,quantile,0.05,1.2682306018570704
2026-10-03,3,wk inc rsv hosp,2026-10-24,44,quantile,0.1,1.5359844790430963
2026-10-03,3,wk inc rsv hosp,2026-10-24,44,quantile,0.15,1.6277247537579864
2026-10-03,3,wk inc rsv hosp,2026-10-24,44,quantile,0.2,2.1088241417182774
2026-10-03,3,wk inc rsv hosp,2026-10-24,44,quantile,0.25,2.1788015989546583
2026-10-03,3,wk inc rsv hosp,2026-10-24,44,quantile,0.3,2.510411846220103
2026-10-03,3,wk inc rsv hosp,2026-10-24,44,quantile,0.35,3.108478860350932
2026-10-03,3,wk inc rsv hosp,2026-10-24,44,quantile,0.4,3.598790965847484
2026-10-03,3,wk inc rsv hosp,2026-10-24,44,quantile,0.45,4.429953732581357
2026-10-03,3,wk inc rsv hosp,2026-10-24,44,quantile,0.5,5.163684074323246
2026-10-03,3,wk inc rsv hosp,2026-10-24,44,quantile,0.55,6.456232957934934
2026-10-03,3,wk inc rsv hosp,2026-10-24,44,quantile,0.6,6.828958318627844
2026-10-03,3,wk inc rsv hosp,2026-10-24,44,quantile,0.65,7.032017969487835
2026-10-03,3,wk inc rsv hosp,2026-10-24,44,quantile,0.7,7.797501797232685
2026-10-03,3,wk inc rsv hosp,2026-10-24,44,quantile,0.75,8.171562458505345
2026-10-03,3,wk inc rsv hosp,2026-10-24,44,quantile,0.8,8.686253267294234
2026-10-03,3,wk inc rsv hosp,2026-10-24,44,quantile,0.85,8.85670843042206
2026-10-03,3,wk inc rsv hosp,2026-10-24,44,quantile,0.9,9.940783821234866
2026-10-03,3,wk inc rsv hosp,2026-10-24,44,quantile,0.95,11.682229667295719
2026-10-03,3,wk inc rsv hosp,2026-10-24,44,quantile,0.975,12.642379620515573
2026-10-03,3,wk inc rsv hosp,2026-10-24,44,quantile,0.99,13.226229539101906
2026-10-03,3,wk inc rsv hosp,2026-10-24,45,quantile,0.01,3.8422850032850593
2026-10-03,3,wk inc rsv hosp,2026-10-24,45,quantile,0.025,4.206083687263425
2026-10-03,3,wk inc rsv hosp,2026-10-24,45,quantile,0.05,4.971653231917138
2026-10-03,3,wk inc rsv hosp,2026-10-24,45,quantile,0.1,6.7838971461144135
2026-10-03,3,wk inc rsv hosp,2026-10-24,45,quantile,0.15,9.208302460308932
2026-10-03,3,wk inc rsv hosp,2026-10-24,45,quantile,0.2,10.15759668123437
2026-10-03,3,wk inc rsv hosp,2026-10-24,45,quantile,0.25,10.580490786136044
2026-10-03,3,wk inc rsv hosp,2026-10-24,45,quantile,0.3,10.789855065502305
2026-10-03,3,wk inc rsv hosp,2026-10-24,45,quantile,0.35,11.339451124622583
2026-10-03,3,wk inc rsv hosp,2026-10-24,45,quantile,0.4,11.791493077445484
2026-10-03,3,wk inc rsv hosp,2026-10-24,45,quantile,0.45,14.41885454845057
2026-10-03,3,wk inc rsv hosp,2026-10-24,45,quantile,0.5,19.986332342445593
2026-10-03,3,wk inc rsv hosp,2026-10-24,45,quantile,0.55,22.17860842563863
2026-10-03,3,wk inc rsv hosp,2026-10-24,45,quantile,0.6,23.078772456460033
2026-10-03,3,wk inc rsv hosp,2026-10-24,45,quantile,0.65,24.09759610474192
2026-10-03,3,wk inc rsv hosp,2026-10-24,45,quantile,0.7,24.67150355214092
2026-10-03,3,wk inc rsv hosp,2026-10-24,45,quantile,0.75,25.94383322830762
2026-10-03,3,wk inc rsv hosp,2026-10-24,45,quantile,0.8,26.59588503593602
2026-10-03,3,wk inc rsv hosp,2026-10-24,45,quantile,0.85,30.387875883020854
2026-10-03,3,wk inc rsv hosp,2026-10-24,45,quantile,0.9,36.23100398319346
2026-10-03,3,wk inc rsv hosp,2026-10-24,45,quantile,0.95,53.60851469266442
2026-10-03,3,wk inc rsv hosp,2026-10-24,45,quantile,0.975,59.14194761511322
2026-10-03,3,wk inc rsv hosp,2026-10-24,45,quantile,0.99,59.64052990930299
2026-10-03,3,wk inc rsv hosp,2026-10-24,46,quantile,0.01,0.0
2026-10-03,3,wk inc rsv hosp,2026-10-24,46,quantile,0.025,0.0
2026-10-03,3,wk inc rsv hosp,2026-10-24,46,quantile,0.05,0.217712187523039
2026-10-03,3,wk inc rsv hosp,2026-10-24,46,quantile,0.1,0.37930377331152265
2026-10-03,3,wk inc rsv hosp,2026-10-24,46,quantile,0.15,0.44141209249535673
2026-10-03,3,wk inc rsv hosp,2026-10-24,46,quantile,0.2,0.4787646593204846
2026-10-03,3,wk inc rsv hosp,2026-10-24,46,quantile,0.25,0.7153843557580581
2026-10-03,3,wk inc rsv hosp,2026-10-24,46,quantile,0.3,0.8771442656543275
2026-10-03,3,wk inc rsv hosp,2026-10-24,46,quantile,0.35,0.9119466466462662
2026-10-03,3,wk inc rsv hosp,2026-10-24,46,quantile,0.4,0.9751630895720458
2026-10-03,3,wk inc rsv hosp,2026-10-24,46,quantile,0.45,0.9848793838581129
2026-10-03,3,wk inc rsv hosp,2026-10-24,46,quantile,0.5,1.0295116264699338
2026-10-03,3,wk inc rsv hosp,2026-10-24,46,quantile,0.55,1.248733450334203
2026-10-03,3,wk inc rsv hosp,2026-10-24,46,quantile,0.6,1.35223161552301
2026-10-03,3,wk inc rsv hosp,2026-10-24,46,quantile,0.65,1.4440959357127363
2026-10-03,3,wk inc rsv hosp,2026-10-24,46,quantile,0.7,1.8673676539600559
2026-10-03,3,wk inc rsv hosp,2026-10-24,46,quantile,0.75,2.7739271591117554
2026-10-03,3,wk inc rsv hosp,2026-10-24,46,quantile,0.8,2.9750061483065
2026-10-03,3,wk inc rsv hosp,2026-10-24,46,quantile,0.85,3.172227021176249
2026-10-03,3,wk inc rsv hosp,2026-10-24,46,quantile,0.9,3.6810457289969647
2026-10-03,3,wk inc rsv hosp,2026-10-24,46,quantile,0.95,4.694643844358602
2026-10-03,3,wk inc rsv hosp,2026-10-24,46,quantile,0.975,5.253436858082353
2026-10-03,3,wk inc rsv hosp,2026-10-24,46,quantile,0.99,5.660263067632477
2026-10-03,3,wk inc rsv hosp,2026-10-24,47,quantile,0.01,2.8939906176434116
2026-10-03,3,wk inc rsv hosp,2026-10-24,47,quantile,0.025,4.10113494074584
2026-10-03,3,wk inc rsv hosp,2026-10-24,47,quantile,0.05,5.994063165418685
2026-10-03,3,wk inc rsv hosp,2026-10-24,47,quantile,0.1,7.670802202406714
2026-10-03,3,wk inc rsv hosp,2026-10-24,47,quantile,0.15,8.824505787859998
2026-10-03,3,wk inc rsv hosp,2026-10-24,47,quantile,0.2,9.927903233162919
2026-10-03,3,wk inc rsv hosp,2026-10-24,47,quantile,0.25,10.797860009172972
2026-10-03,3,wk inc rsv hosp,2026-10-24,47,quantile,0.3,11.626739203737499
2026-10-03,3,wk inc rsv hosp,2026-10-24,47,quantile,0.35,11.858652958151115
2026-10-03,3,wk inc rsv hosp,2026-10-24,47,quantile,0.4,15.722523951418866
2026-10-03,3,wk inc rsv hosp,2026-10-24,47,quantile,0.45,16.690577366818296
2026-10-03,3,wk inc rsv hosp,2026-10-24,47,quantile,0.5,18.602086392228674
2026-10-03,3,wk inc rsv hosp,2026-10-24,47,quantile,0.55,19.07192476931006
2026-10-03,3,wk inc rsv hosp,2026-10-24,47,quantile,0.6,19.56163565158499
2026-10-03,3,wk inc rsv hosp,2026-10-24,47,quantile,0.65,21.031980541162444
2026-10-03,3,wk inc rsv hosp,2026-10-24,47,quantile,0.7,22.39171045475535
2026-10-03,3,wk inc rsv hosp,2026-10-24,47,quantile,0.75,22.639320668237538
2026-10-03,3,wk inc rsv hosp,2026-10-24,47,quantile,0.8,22.773316825714026
2026-10-03,3,wk inc rsv hosp,2026-10-24,47,quantile,0.85,24.508674795612578
2026-10-03,3,wk inc rsv hosp,2026-10-24,47,quantile,0.9,30.42106564596759
2026-10-03,3,wk inc rsv hosp,2026-10-24,47,quantile,0.95,33.200648107660584
2026-10-03,3,wk inc rsv hosp,2026-10-24,47,quantile,0.975,35.86114588597715
2026-10-03,3,wk inc rsv hosp,2026-10-24,47,quantile,0.99,38.37065352376231
2026-10-03,3,wk inc rsv hosp,2026-10-24,48,quantile,0.01,43.160929665979864
2026-10-03,3,wk inc rsv hosp,2026-10-24,48,quantile,0.025,46.19797309753888
2026-10-03,3,wk inc rsv hosp,2026-10-24,48,quantile,0.05,51.74293962759412
2026-10-03,3,wk inc rsv hosp,2026-10-24,48,quantile,0.1,63.025415048094594
2026-10-03,3,wk inc rsv hosp,2026-10-24,48,quantile,0.15,68.07845841357897
2026-10-03,3,wk inc rsv hosp,2026-10-24,48,quantile,0.2,70.3708835711519
2026-10-03,3,wk inc rsv hosp,2026-10-24,48,quantile,0.25,71.11806379156072
2026-10-03,3,wk inc rsv hosp,2026-10-24,48,quantile,0.3,79.66847733901282
2026-10-03,3,wk inc rsv hosp,2026-10-24,48,quantile,0.35,92.62003459025128
2026-10-03,3,wk inc rsv hosp,2026-10-24,48,quantile,0.4,109.43376458172757
2026-10-03,3,wk inc rsv hosp,2026-10-24,48,quantile,0.45,117.75112720025336
2026-10-03,3,wk inc rsv hosp,2026-10-24,48,quantile,0.5,129.28783912485358
2026-10-03,3,wk inc rsv hosp,2026-10-24,48,quantile,0.55,132.56240856663428
2026-10-03,3,wk inc rsv hosp,2026-10-24,48,quantile,0.6,141.07924137353524
2026-10-03,3,wk inc rsv hosp,2026-10-24,48,quantile,0.65,144.87422111858893
2026-10-03,3,wk inc rsv hosp,2026-10-24,48,quantile,0.7,155.72583310645334
2026-10-03,3,wk inc rsv hosp,2026-10-24,48,quantile,0.75,164.64644094275545
2026-10-03,3,wk inc rsv hosp,2026-10-24,48,quantile,0.8,173.09608600770932
2026-10-03,3,wk inc rsv hosp,2026-10-24,48,quantile,0.85,189.85211471500844
2026-10-03,3,wk inc rsv hosp,2026-10-24,48,quantile,0.9,229.29347101093094
2026-10-03,3,wk inc rsv hosp,2026-10-24,48,quantile,0.95,237.08194467968815
2026-10-03,3,wk inc rsv hosp,2026-10-24,48,quantile,0.975,310.71008251302646
2026-10-03,3,wk inc rsv hosp,2026-10-24,48,quantile,0.99,402.6845661987889
2026-10-03,3,wk inc rsv hosp,2026-10-24,49,quantile,0.01,0.0
2026-10-03,3,wk inc rsv hosp,2026-10-24,49,quantile,0.025,0.0
2026-10-03,3,wk inc rsv hosp,2026-10-24,49,quantile,0.05,0.0
2026-10-03,3,wk inc rsv hosp,2026-10-24,49,quantile,0.1,0.0
2026-10-03,3,wk inc rsv hosp,2026-10-24,49,quantile,0.15,0.0
2026-10-03,3,wk inc rsv hosp,2026-10-24,49,quantile,0.2,0.245953035901916
2026-10-03,3,wk inc rsv hosp,2026-10-24,49,quantile,0.25,0.33122572607683415
2026-10-03,3,wk inc rsv hosp,2026-10-24,49,quantile,0.3,0.42646270475681064
2026-10-03,3,wk inc rsv hosp,2026-10-24,49,quantile,0.35,0.6924415453808348
2026-10-03,3,wk inc rsv hosp,2026-10-24,49,quantile,0.4,0.7744343220635829
2026-10-03,3,wk inc rsv hosp,2026-10-24,49,quantile,0.45,0.8305375506302661
2026-10-03,3,wk inc rsv hosp,2026-10-24,49,quantile,0.5,1.013620936075722
2026-10-03,3,wk inc rsv hosp,2026-10-24,49,quantile,0.55,1.3845638500614574
2026-10-03,3,wk inc rsv hosp,2026-10-24,49,quantile,0.6,1.799873292526594
2026-10-03,3,wk inc rsv hosp,2026-10-24,49,quantile,0.65,2.13949850629899
2026-10-03,3,wk inc rsv hosp,2026-10-24,49,quantile,0.7,3.052005576941906
2026-10-03,3,wk inc rsv hosp,2026-10-24,49,quantile,0.75,4.032346725463867
2026-10-03,3,wk inc rsv hosp,2026-10-24,49,quantile,0.8,4.253228514730575
2026-10-03,3,wk inc rsv hosp,2026-10-24,49,quantile,0.85,6.207585772825325
2026-10-03,3,wk inc rsv hosp,2026-10-24,49,quantile,0.9,8.780872236921425
2026-10-03,3,wk inc rsv hosp,2026-10-24,49,quantile,0.95,15.221921277848093
2026-10-03,3,wk inc rsv hosp,2026-10-24,49,quantile,0.975,21.841512002050102
2026-10-03,3,wk inc rsv hosp,2026-10-24,49,quantile,0.99,28.621776252294353
2026-10-03,3,wk inc rsv hosp,2026-10-24,50,quantile,0.01,0.0
2026-10-03,3,wk inc rsv hosp,2026-10-24,50,quantile,0.025,0.0
2026-10-03,3,wk inc rsv hosp,2026-10-24,50,quantile,0.05,0.0
2026-10-03,3,wk inc rsv hosp,2026-10-24,50,quantile,0.1,0.0
2026-10-03,3,wk inc rsv hosp,2026-10-24,50,quantile,0.15,0.0
2026-10-03,3,wk inc rsv hosp,2026-10-24,50,quantile,0.2,0.247180107317596
2026-10-03,3,wk inc rsv hosp,2026-10-24,50,quantile,0.25,0.39514192025915484
2026-10-03,3,wk inc rsv hosp,2026-10-24,50,quantile,0.3,0.4704403877258301
2026-10-03,3,wk inc rsv hosp,2026-10-24,50,quantile,0.35,0.4704403877258301
2026-10-03,3,wk inc rsv hosp,2026-10-24,50,quantile,0.4,0.4704403877258301
2026-10-03,3,wk inc rsv hosp,2026-10-24,50,quantile,0.45,0.6240864832426545
2026-10-03,3,wk inc rsv hosp,2026-10-24,50,quantile,0.5,0.9269255233160976
2026-10-03,3,wk inc rsv hosp,2026-10-24,50,quantile,0.55,1.0582037473014534
2026-10-03,3,wk inc rsv hosp,2026-10-24,50,quantile,0.6,1.1046406738280534
2026-10-03,3,wk inc rsv hosp,2026-10-24,50,quantile,0.65,1.2091378930739134
2026-10-03,3,wk inc rsv hosp,2026-10-24,50,quantile,0.7,1.5012081312064598
2026-10-03,3,wk inc rsv hosp,2026-10-24,50,quantile,0.75,1.7584440222870783
2026-10-03,3,wk inc rsv hosp,2026-10-24,50,quantile,0.8,1.9135785115021933
2026-10-03,3,wk inc rsv hosp,2026-10-24,50,quantile,0.85,1.9332988577864993
2026-10-03,3,wk inc rsv hosp,2026-10-24,50,quantile,0.9,2.3511021470209754
2026-10-03,3,wk inc rsv hosp,2026-10-24,50,quantile,0.95,3.649061816284345
2026-10-03,3,wk inc rsv hosp,2026-10-24,50,quantile,0.975,4.487862630853703
2026-10-03,3,wk inc rsv hosp,2026-10-24,50,quantile,0.99,5.066692842331237
2026-10-03,3,wk inc rsv hosp,2026-10-24,51,quantile,0.01,4.1481560483802
2026-10-03,3,wk inc rsv hosp,2026-10-24,51,quantile,0.025,4.8681273299877335
2026-10-03,3,wk inc rsv hosp,2026-10-24,51,quantile,0.05,5.729769905743508
2026-10-03,3,wk inc rsv hosp,2026-10-24,51,quantile,0.1,6.057806528795043
2026-10-03,3,wk inc rsv hosp,2026-10-24,51,quantile,0.15,6.549492956813088
2026-10-03,3,wk inc rsv hosp,2026-10-24,51,quantile,0.2,7.2426487673106115
2026-10-03,3,wk inc rsv hosp,2026-10-24,51,quantile,0.25,8.145484349635929
2026-10-03,3,wk inc rsv hosp,2026-10-24,51,quantile,0.3,10.234629920644965
2026-10-03,3,wk inc rsv hosp,2026-10-24,51,quantile,0.35,11.980262944730807
2026-10-03,3,wk inc rsv hosp,2026-10-24,51,quantile,0.4,12.797545574586835
2026-10-03,3,wk inc rsv hosp,2026-10-24,51,quantile,0.45,14.18436795601458
2026-10-03,3,wk inc rsv hosp,2026-10-24,51,quantile,0.5,15.639855335687946
2026-10-03,3,wk inc rsv hosp,2026-10-24,51,quantile,0.55,19.27532110991942
2026-10-03,3,wk inc rsv hosp,2026-10-24,51,quantile,0.6,20.91230280346033
2026-10-03,3,wk inc rsv hosp,2026-10-24,51,quantile,0.65,21.682218524005208
2026-10-03,3,wk inc rsv hosp,2026-10-24,51,quantile,0.7,23.978457656451994
2026-10-03,3,wk inc rsv hosp,2026-10-24,51,quantile,0.75,25.979501082789348
2026-10-03,3,wk inc rsv hosp,2026-10-24,51,quantile,0.8,30.357071903643433
2026-10-03,3,wk inc rsv hosp,2026-10-24,51,quantile,0.85,32.420321725200566
2026-10-03,3,wk inc rsv hosp,2026-10-24,51,quantile,0.9,36.28780696379406
2026-10-03,3,wk inc rsv hosp,2026-10-24,51,quantile,0.95,41.63088065020939
2026-10-03,3,wk inc rsv hosp,2026-10-24,51,quantile,0.975,45.884791736054716
2026-10-03,3,wk inc rsv hosp,2026-10-24,51,quantile,0.99,49.09349719640677
2026-10-03,3,wk inc rsv hosp,2026-10-24,53,quantile,0.01,3.9785821025958064
2026-10-03,3,wk inc rsv hosp,2026-10-24,53,quantile,0.025,4.166218743524301
2026-10-03,3,wk inc rsv hosp,2026-10-24,53,quantile,0.05,4.515923682326882
2026-10-03,3,wk inc rsv hosp,2026-10-24,53,quantile,0.1,5.092652071515213
2026-10-03,3,wk inc rsv hosp,2026-10-24,53,quantile,0.15,5.83554690132956
2026-10-03,3,wk inc rsv hosp,2026-10-24,53,quantile,0.2,6.091573591160684
2026-10-03,3,wk inc rsv hosp,2026-10-24,53,quantile,0.25,6.247307582838626
2026-10-03,3,wk inc rsv hosp,2026-10-24,53,quantile,0.3,6.734249255469656
2026-10-03,3,wk inc rsv hosp,2026-10-24,53,quantile,0.35,7.2422060883065384
2026-10-03,3,wk inc rsv hosp,2026-10-24,53,quantile,0.4,7.294785499572753
2026-10-03,3,wk inc rsv hosp,2026-10-24,53,quantile,0.45,7.551748813021781
2026-10-03,3,wk inc rsv hosp,2026-10-24,53,quantile,0.5,8.353260164950925
2026-10-03,3,wk inc rsv hosp,2026-10-24,53,quantile,0.55,8.502524362396517
2026-10-03,3,wk inc rsv hosp,2026-10-24,53,quantile,0.6,8.719277053234297
2026-10-03,3,wk inc rsv hosp,2026-10-24,53,quantile,0.65,8.86672878034187
2026-10-03,3,wk inc rsv hosp,2026-10-24,53,quantile,0.7,9.705388775391114
2026-10-03,3,wk inc rsv hosp,2026-10-24,53,quantile,0.75,10.320706644911192
2026-10-03,3,wk inc rsv hosp,2026-10-24,53,quantile,0.8,10.37041429736691
2026-10-03,3,wk inc rsv hosp,2026-10-24,53,quantile,0.85,10.464658380019172
2026-10-03,3,wk inc rsv hosp,2026-10-24,53,quantile,0.9,11.345819904591082
2026-10-03,3,wk inc rsv hosp,2026-10-24,53,quantile,0.95,14.270962783642048
2026-10-03,3,wk inc rsv hosp,2026-10-24,53,quantile,0.975,16.001897134940812
2026-10-03,3,wk inc rsv hosp,2026-10-24,53,quantile,0.99,17.022921092913574
2026-10-03,3,wk inc rsv hosp,2026-10-24,54,quantile,0.01,0.13868469213958456
2026-10-03,3,wk inc rsv hosp,2026-10-24,54,quantile,0.025,0.30517434582398373
2026-10-03,3,wk inc rsv hosp,2026-10-24,54,quantile,0.05,0.5968043804262222
2026-10-03,3,wk inc rsv hosp,2026-10-24,54,quantile,0.1,1.2056041344714723
2026-10-03,3,wk inc rsv hosp,2026-10-24,54,quantile,0.15,1.8058595802682609
2026-10-03,3,wk inc rsv hosp,2026-10-24,54,quantile,0.2,1.9330589552347741
2026-10-03,3,wk inc rsv hosp,2026-10-24,54,quantile,0.25,2.224789864759896
2026-10-03,3,wk inc rsv hosp,2026-10-24,54,quantile,0.3,3.184768557578927
2026-10-03,3,wk inc rsv hosp,2026-10-24,54,quantile,0.35,3.5011726747061553
2026-10-03,3,wk inc rsv hosp,2026-10-24,54,quantile,0.4,3.5593431502906743
2026-10-03,3,wk inc rsv hosp,2026-10-24,54,quantile,0.45,3.830688280683362
2026-10-03,3,wk inc rsv hosp,2026-10-24,54,quantile,0.5,3.8951592981395726
2026-10-03,3,wk inc rsv hosp,2026-10-24,54,quantile,0.55,3.9614840540524607
2026-10-03,3,wk inc rsv hosp,2026-10-24,54,quantile,0.6,4.015149138241716
2026-10-03,3,wk inc rsv hosp,2026-10-24,54,quantile,0.65,4.040830187615611
2026-10-03,3,wk inc rsv hosp,2026-10-24,54,quantile,0.7,4.072259686359475
2026-10-03,3,wk inc rsv hosp,2026-10-24,54,quantile,0.75,5.014089856645924
2026-10-03,3,wk inc rsv hosp,2026-10-24,54,quantile,0.8,5.391440124960354
2026-10-03,3,wk inc rsv hosp,2026-10-24,54,quantile,0.85,5.792437005754792
2026-10-03,3,wk inc rsv hosp,2026-10-24,54,quantile,0.9,6.293586657294622
2026-10-03,3,wk inc rsv hosp,2026-10-24,54,quantile,0.95,6.4065149249674995
2026-10-03,3,wk inc rsv hosp,2026-10-24,54,quantile,0.975,6.466104638455272
2026-10-03,3,wk inc rsv hosp,2026-10-24,54,quantile,0.99,6.495588836562208
2026-10-03,3,wk inc rsv hosp,2026-10-24,55,quantile,0.01,1.6960562668465367
2026-10-03,3,wk inc rsv hosp,2026-10-24,55,quantile,0.025,2.0255344551198005
2026-10-03,3,wk inc rsv hosp,2026-10-24,55,quantile,0.05,2.439940894471621
2026-10-03,3,wk inc rsv hosp,2026-10-24,55,quantile,0.1,2.8892389537588037
2026-10-03,3,wk inc rsv hosp,2026-10-24,55,quantile,0.15,3.6050627174331167
2026-10-03,3,wk inc rsv hosp,2026-10-24,55,quantile,0.2,3.8081929829479875
2026-10-03,3,wk inc rsv hosp,2026-10-24,55,quantile,0.25,4.059469957890261
2026-10-03,3,wk inc rsv hosp,2026-10-24,55,quantile,0.3,4.874170394127978
2026-10-03,3,wk inc rsv hosp,2026-10-24,55,quantile,0.35,4.913322448730469
2026-10-03,3,wk inc rsv hosp,2026-10-24,55,quantile,0.4,5.0285616486680755
2026-10-03,3,wk inc rsv hosp,2026-10-24,55,quantile,0.45,5.589103730955371
2026-10-03,3,wk inc rsv hosp,2026-10-24,55,quantile,0.5,6.585845135190472
2026-10-03,3,wk inc rsv hosp,2026-10-24,55,quantile,0.55,7.254412246945423
2026-10-03,3,wk inc rsv hosp,2026-10-24,55,quantile,0.6,7.760768164212621
2026-10-03,3,wk inc rsv hosp,2026-10-24,55,quantile,0.65,8.349887454681943
2026-10-03,3,wk inc rsv hosp,2026-10-24,55,quantile,0.7,8.733306548502654
2026-10-03,3,wk inc rsv hosp,2026-10-24,55,quantile,0.75,9.473891635328222
2026-10-03,3,wk inc rsv hosp,2026-10-24,55,quantile,0.8,9.797469608631296
2026-10-03,3,wk inc rsv hosp,2026-10-24,55,quantile,0.85,10.164659268637587
2026-10-03,3,wk inc rsv hosp,2026-10-24,55,quantile,0.9,10.531363876097766
2026-10-03,3,wk inc rsv hosp,2026-10-24,55,quantile,0.95,10.782329648078417
2026-10-03,3,wk inc rsv hosp,2026-10-24,55,quantile,0.975,17.918516307229257
2026-10-03,3,wk inc rsv hosp,2026-10-24,55,quantile,0.99,29.263042677787606
2026-10-03,3,wk inc rsv hosp,2026-10-24,56,quantile,0.01,0.0
2026-10-03,3,wk inc rsv hosp,2026-10-24,56,quantile,0.025,0.0
2026-10-03,3,wk inc rsv hosp,2026-10-24,56,quantile,0.05,0.0
2026-10-03,3,wk inc rsv hosp,2026-10-24,56,quantile,0.1,0.0
2026-10-03,3,wk inc rsv hosp,2026-10-24,56,quantile,0.15,0.0
2026-10-03,3,wk inc rsv hosp,2026-10-24,56,quantile,0.2,0.0
2026-10-03,3,wk inc rsv hosp,2026-10-24,56,quantile,0.25,0.0
2026-10-03,3,wk inc rsv hosp,2026-10-24,56,quantile,0.3,0.0
2026-10-03,3,wk inc rsv hosp,2026-10-24,56,quantile,0.35,0.0
2026-10-03,3,wk inc rsv hosp,2026-10-24,56,quantile,0.4,0.0
2026-10-03,3,wk inc rsv hosp,2026-10-24,56,quantile,0.45,0.0
2026-10-03,3,wk inc rsv hosp,2026-10-24,56,quantile,0.5,0.0
2026-10-03,3,wk inc rsv hosp,2026-10-24,56,quantile,0.55,0.0
2026-10-03,3,wk inc rsv hosp,2026-10-24,56,quantile,0.6,0.11845859807616309
2026-10-03,3,wk inc rsv hosp,2026-10-24,56,quantile,0.65,0.1853733431110979
2026-10-03,3,wk inc rsv hosp,2026-10-24,56,quantile,0.7,0.2932938660248675
2026-10-03,3,wk inc rsv hosp,2026-10-24,56,quantile,0.75,0.38240198523404884
2026-10-03,3,wk inc rsv hosp,2026-10-24,56,quantile,0.8,0.5730671968868807
2026-10-03,3,wk inc rsv hosp,2026-10-24,56,quantile,0.85,0.6646417800748792
2026-10-03,3,wk inc rsv hosp,2026-10-24,56,quantile,0.9,0.9478576707635185
2026-10-03,3,wk inc rsv hosp,2026-10-24,56,quantile,0.95,1.0225494097234624
2026-10-03,3,wk inc rsv hosp,2026-10-24,56,quantile,0.975,1.1934562052572966
2026-10-03,3,wk inc rsv hosp,2026-10-24,56,quantile,0.99,1.3699312479441292
2026-10-03,3,wk inc rsv hosp,2026-10-24,72,quantile,0.01,6.184568136698191
2026-10-03,3,wk inc rsv hosp,2026-10-24,72,quantile,0.025,8.036820019813453
2026-10-03,3,wk inc rsv hosp,2026-10-24,72,quantile,0.05,10.920171313084026
2026-10-03,3,wk inc rsv hosp,2026-10-24,72,quantile,0.1,13.64300261513845
2026-10-03,3,wk inc rsv hosp,2026-10-24,72,quantile,0.15,14.726842456789646
2026-10-03,3,wk inc rsv hosp,2026-10-24,72,quantile,0.2,15.874588682505903
2026-10-03,3,wk inc rsv hosp,2026-10-24,72,quantile,0.25,17.63540908125506
2026-10-03,3,wk inc rsv hosp,2026-10-24,72,quantile,0.3,20.004540018881777
2026-10-03,3,wk inc rsv hosp,2026-10-24,72,quantile,0.35,22.338600109909933
2026-10-03,3,wk inc rsv hosp,2026-10-24,72,quantile,0.4,27.043120234439556
2026-10-03,3,wk inc rsv hosp,2026-10-24,72,quantile,0.45,27.79483791890849
2026-10-03,3,wk inc rsv hosp,2026-10-24,72,quantile,0.5,29.809898770610214
2026-10-03,3,wk inc rsv hosp,2026-10-24,72,quantile,0.55,31.14244231830841
2026-10-03,3,wk inc rsv hosp,2026-10-24,72,quantile,0.6,33.081165338577165
2026-10-03,3,wk inc rsv hosp,2026-10-24,72,quantile,0.65,35.98934157392062
2026-10-03,3,wk inc rsv hosp,2026-10-24,72,quantile,0.7,40.616656812462466
2026-10-03,3,wk inc rsv hosp,2026-10-24,72,quantile,0.75,41.72191576408354
2026-10-03,3,wk inc rsv hosp,2026-10-24,72,quantile,0.8,43.42197845497849
2026-10-03,3,wk inc rsv hosp,2026-10-24,72,quantile,0.85,52.162125829300884
2026-10-03,3,wk inc rsv hosp,2026-10-24,72,quantile,0.9,65.36352125540118
2026-10-03,3,wk inc rsv hosp,2026-10-24,72,quantile,0.95,75.56527325580903
2026-10-03,3,wk inc rsv hosp,2026-10-24,72,quantile,0.975,96.42948468177723
2026-10-03,3,wk inc rsv hosp,2026-10-24,72,quantile,0.99,118.5576746321771
2026-10-03,3,wk inc rsv hosp,2026-10-24,US,quantile,0.01,362.9831551814526
2026-10-03,3,wk inc rsv hosp,2026-10-24,US,quantile,0.025,371.02647711586906
2026-10-03,3,wk inc rsv hosp,2026-10-24,US,quantile,0.05,383.27740159894523
2026-10-03,3,wk inc rsv hosp,2026-10-24,US,quantile,0.1,401.6607310727078
2026-10-03,3,wk inc rsv hosp,2026-10-24,US,quantile,0.15,421.47756642256235
2026-10-03,3,wk inc rsv hosp,2026-10-24,US,quantile,0.2,455.5966217527019
2026-10-03,3,wk inc rsv hosp,2026-10-24,US,quantile,0.25,467.6253026136171
2026-10-03,3,wk inc rsv hosp,2026-10-24,US,quantile,0.3,470.5642739445351
2026-10-03,3,wk inc rsv hosp,2026-10-24,US,quantile,0.35,478.6302947543506
2026-10-03,3,wk inc rsv hosp,2026-10-24,US,quantile,0.4,519.7233495537853
2026-10-03,3,wk inc rsv hosp,2026-10-24,US,quantile,0.45,559.2178935074412
2026-10-03,3,wk inc rsv hosp,2026-10-24,US,quantile,0.5,582.4795783578643
2026-10-03,3,wk inc rsv hosp,2026-10-24,US,quantile,0.55,611.8702894378453
2026-10-03,3,wk inc rsv hosp,2026-10-24,US,quantile,0.6,645.9319169198985
2026-10-03,3,wk inc rsv hosp,2026-10-24,US,quantile,0.65,724.4639812182172
2026-10-03,3,wk inc rsv hosp,2026-10-24,US,quantile,0.7,744.8966350632802
2026-10-03,3,wk inc rsv hosp,2026-10-24,US,quantile,0.75,757.3253800197217
2026-10-03,3,wk inc rsv hosp,2026-10-24,US,quantile,0.8,768.2355713864735
2026-10-03,3,wk inc rsv hosp,2026-10-24,US,quantile,0.85,849.0399063209347
2026-10-03,3,wk inc rsv hosp,2026-10-24,US,quantile,0.9,963.3136166311518
2026-10-03,3,wk inc rsv hosp,2026-10-24,US,quantile,0.95,1141.7128164175137
2026-10-03,3,wk inc rsv hosp,2026-10-24,US,quantile,0.975,1201.3968255289285
2026-10-03,3,wk inc rsv hosp,2026-10-24,US,quantile,0.99,1244.9856431627431
