reference_date,horizon,target,target_end_date,location,output_type,output_type_id,value
2026-10-10,0,wk inc rsv hosp,2026-10-10,01,quantile,0.01,4.998022486753618
2026-10-10,0,wk inc rsv hosp,2026-10-10,01,quantile,0.025,5.6226905978598545
2026-10-10,0,wk inc rsv hosp,2026-10-10,01,quantile,0.05,6.399105190056165
2026-10-10,0,wk inc rsv hosp,2026-10-10,01,quantile,0.1,6.995684815484445
2026-10-10,0,wk inc rsv hosp,2026-10-10,01,quantile,0.15,7.987925078625985
2026-10-10,0,wk inc rsv hosp,2026-10-10,01,quantile,0.2,11.057347330352869
2026-10-10,0,wk inc rsv hosp,2026-10-10,01,quantile,0.25,11.758046253477179
2026-10-10,0,wk inc rsv hosp,2026-10-10,01,quantile,0.3,11.988726263098155
2026-10-10,0,wk inc rsv hosp,2026-10-10,01,quantile,0.35,12.496235293775326
2026-10-10,0,wk inc rsv hosp,2026-10-10,01,quantile,0.4,12.744707639783341
2026-10-10,0,wk inc rsv hosp,2026-10-10,01,quantile,0.45,13.273897332513332
2026-10-10,0,wk inc rsv hosp,2026-10-10,01,quantile,0.5,14.659537773757156
2026-10-10,0,wk inc rsv hosp,2026-10-10,01,quantile,0.55,14.878152899743736
2026-10-10,0,wk inc rsv hosp,2026-10-10,01,quantile,0.6,16.520811664620528
2026-10-10,0,wk inc rsv hosp,2026-10-10,01,quantile,0.65,16.874794661463053
2026-10-10,0,wk inc rsv hosp,2026-10-10,01,quantile,0.7,17.410915217186176
2026-10-10,0,wk inc rsv hosp,2026-10-10,01,quantile,0.75,19.58131879226818
2026-10-10,0,wk inc rsv hosp,2026-10-10,01,quantile,0.8,21.790262144441872
2026-10-10,0,wk inc rsv hosp,2026-10-10,01,quantile,0.85,23.93670677906083
2026-10-10,0,wk inc rsv hosp,2026-10-10,01,quantile,0.9,27.85817102601719
2026-10-10,0,wk inc rsv hosp,2026-10-10,01,quantile,0.95,28.24945326617276
2026-10-10,0,wk inc rsv hosp,2026-10-10,01,quantile,0.975,28.344494093707926
2026-10-10,0,wk inc rsv hosp,2026-10-10,01,quantile,0.99,28.376638620069052
2026-10-10,0,wk inc rsv hosp,2026-10-10,02,quantile,0.01,0.4410838851912718
2026-10-10,0,wk inc rsv hosp,2026-10-10,02,quantile,0.025,0.6076259878583168
2026-10-10,0,wk inc rsv hosp,2026-10-10,02,quantile,0.05,0.8548199952565289
2026-10-10,0,wk inc rsv hosp,2026-10-10,02,quantile,0.1,1.0665238406500857
2026-10-10,0,wk inc rsv hosp,2026-10-10,02,quantile,0.15,1.1097830115561835
2026-10-10,0,wk inc rsv hosp,2026-10-10,02,quantile,0.2,1.661767669876687
2026-10-10,0,wk inc rsv hosp,2026-10-10,02,quantile,0.25,1.7304006862435948
2026-10-10,0,wk inc rsv hosp,2026-10-10,02,quantile,0.3,1.8315298283339383
2026-10-10,0,wk inc rsv hosp,2026-10-10,02,quantile,0.35,1.9509347114933115
2026-10-10,0,wk inc rsv hosp,2026-10-10,02,quantile,0.4,1.9957678030415793
2026-10-10,0,wk inc rsv hosp,2026-10-10,02,quantile,0.45,2.596642528080057
2026-10-10,0,wk inc rsv hosp,2026-10-10,02,quantile,0.5,2.9975136705681678
2026-10-10,0,wk inc rsv hosp,2026-10-10,02,quantile,0.55,3.4554038087729193
2026-10-10,0,wk inc rsv hosp,2026-10-10,02,quantile,0.6,3.572365764053184
2026-10-10,0,wk inc rsv hosp,2026-10-10,02,quantile,0.65,3.9779714822314487
2026-10-10,0,wk inc rsv hosp,2026-10-10,02,quantile,0.7,4.1142721423332045
2026-10-10,0,wk inc rsv hosp,2026-10-10,02,quantile,0.75,4.279915539101168
2026-10-10,0,wk inc rsv hosp,2026-10-10,02,quantile,0.8,4.364074322201739
2026-10-10,0,wk inc rsv hosp,2026-10-10,02,quantile,0.85,5.01747225791343
2026-10-10,0,wk inc rsv hosp,2026-10-10,02,quantile,0.9,5.308943174939392
2026-10-10,0,wk inc rsv hosp,2026-10-10,02,quantile,0.95,7.720090401612497
2026-10-10,0,wk inc rsv hosp,2026-10-10,02,quantile,0.975,8.78831963543411
2026-10-10,0,wk inc rsv hosp,2026-10-10,02,quantile,0.99,8.942084517273603
2026-10-10,0,wk inc rsv hosp,2026-10-10,04,quantile,0.01,3.015578073216731
2026-10-10,0,wk inc rsv hosp,2026-10-10,04,quantile,0.025,3.1548407947721198
2026-10-10,0,wk inc rsv hosp,2026-10-10,04,quantile,0.05,3.4390018153408457
2026-10-10,0,wk inc rsv hosp,2026-10-10,04,quantile,0.1,3.9281638592753128
2026-10-10,0,wk inc rsv hosp,2026-10-10,04,quantile,0.15,4.0964688054835925
2026-10-10,0,wk inc rsv hosp,2026-10-10,04,quantile,0.2,4.2361542711849856
2026-10-10,0,wk inc rsv hosp,2026-10-10,04,quantile,0.25,4.454006019445039
2026-10-10,0,wk inc rsv hosp,2026-10-10,04,quantile,0.3,4.702078289120733
2026-10-10,0,wk inc rsv hosp,2026-10-10,04,quantile,0.35,4.846809739016287
2026-10-10,0,wk inc rsv hosp,2026-10-10,04,quantile,0.4,5.059793928814229
2026-10-10,0,wk inc rsv hosp,2026-10-10,04,quantile,0.45,5.227490833172855
2026-10-10,0,wk inc rsv hosp,2026-10-10,04,quantile,0.5,5.7545928741580585
2026-10-10,0,wk inc rsv hosp,2026-10-10,04,quantile,0.55,5.882728934472084
2026-10-10,0,wk inc rsv hosp,2026-10-10,04,quantile,0.6,6.335388239584739
2026-10-10,0,wk inc rsv hosp,2026-10-10,04,quantile,0.65,6.811384827524534
2026-10-10,0,wk inc rsv hosp,2026-10-10,04,quantile,0.7,7.320041746587205
2026-10-10,0,wk inc rsv hosp,2026-10-10,04,quantile,0.75,8.59866021881489
2026-10-10,0,wk inc rsv hosp,2026-10-10,04,quantile,0.8,10.314952850341797
2026-10-10,0,wk inc rsv hosp,2026-10-10,04,quantile,0.85,11.097334475581754
2026-10-10,0,wk inc rsv hosp,2026-10-10,04,quantile,0.9,14.840622994971998
2026-10-10,0,wk inc rsv hosp,2026-10-10,04,quantile,0.95,15.972429275512694
2026-10-10,0,wk inc rsv hosp,2026-10-10,04,quantile,0.975,19.55593750908504
2026-10-10,0,wk inc rsv hosp,2026-10-10,04,quantile,0.99,23.89605701212418
2026-10-10,0,wk inc rsv hosp,2026-10-10,05,quantile,0.01,1.3298970259887088
2026-10-10,0,wk inc rsv hosp,2026-10-10,05,quantile,0.025,1.7509989411625564
2026-10-10,0,wk inc rsv hosp,2026-10-10,05,quantile,0.05,2.2751817855558265
2026-10-10,0,wk inc rsv hosp,2026-10-10,05,quantile,0.1,2.3596309034785077
2026-10-10,0,wk inc rsv hosp,2026-10-10,05,quantile,0.15,2.4976657492852823
2026-10-10,0,wk inc rsv hosp,2026-10-10,05,quantile,0.2,2.6381265954763133
2026-10-10,0,wk inc rsv hosp,2026-10-10,05,quantile,0.25,3.160281080472594
2026-10-10,0,wk inc rsv hosp,2026-10-10,05,quantile,0.3,3.4896738555165214
2026-10-10,0,wk inc rsv hosp,2026-10-10,05,quantile,0.35,3.698039776440255
2026-10-10,0,wk inc rsv hosp,2026-10-10,05,quantile,0.4,3.784160214504351
2026-10-10,0,wk inc rsv hosp,2026-10-10,05,quantile,0.45,3.825397070282199
2026-10-10,0,wk inc rsv hosp,2026-10-10,05,quantile,0.5,3.868304000365651
2026-10-10,0,wk inc rsv hosp,2026-10-10,05,quantile,0.55,3.92045556130379
2026-10-10,0,wk inc rsv hosp,2026-10-10,05,quantile,0.6,4.181371757118292
2026-10-10,0,wk inc rsv hosp,2026-10-10,05,quantile,0.65,4.217786066593007
2026-10-10,0,wk inc rsv hosp,2026-10-10,05,quantile,0.7,4.263337073653663
2026-10-10,0,wk inc rsv hosp,2026-10-10,05,quantile,0.75,4.323407993562201
2026-10-10,0,wk inc rsv hosp,2026-10-10,05,quantile,0.8,4.49702641063155
2026-10-10,0,wk inc rsv hosp,2026-10-10,05,quantile,0.85,4.670282189695078
2026-10-10,0,wk inc rsv hosp,2026-10-10,05,quantile,0.9,4.7726563094048675
2026-10-10,0,wk inc rsv hosp,2026-10-10,05,quantile,0.95,4.928763091780279
2026-10-10,0,wk inc rsv hosp,2026-10-10,05,quantile,0.975,5.97613135730183
2026-10-10,0,wk inc rsv hosp,2026-10-10,05,quantile,0.99,7.163049052243717
2026-10-10,0,wk inc rsv hosp,2026-10-10,06,quantile,0.01,16.460920417370865
2026-10-10,0,wk inc rsv hosp,2026-10-10,06,quantile,0.025,19.07947407928399
2026-10-10,0,wk inc rsv hosp,2026-10-10,06,quantile,0.05,22.42948035401853
2026-10-10,0,wk inc rsv hosp,2026-10-10,06,quantile,0.1,23.671245520332494
2026-10-10,0,wk inc rsv hosp,2026-10-10,06,quantile,0.15,23.878721525728235
2026-10-10,0,wk inc rsv hosp,2026-10-10,06,quantile,0.2,24.50492053250542
2026-10-10,0,wk inc rsv hosp,2026-10-10,06,quantile,0.25,24.588917022046616
2026-10-10,0,wk inc rsv hosp,2026-10-10,06,quantile,0.3,24.611236070197954
2026-10-10,0,wk inc rsv hosp,2026-10-10,06,quantile,0.35,24.961885212384065
2026-10-10,0,wk inc rsv hosp,2026-10-10,06,quantile,0.4,25.168671168464932
2026-10-10,0,wk inc rsv hosp,2026-10-10,06,quantile,0.45,26.943288117013612
2026-10-10,0,wk inc rsv hosp,2026-10-10,06,quantile,0.5,27.625781257021323
2026-10-10,0,wk inc rsv hosp,2026-10-10,06,quantile,0.55,27.948941458682256
2026-10-10,0,wk inc rsv hosp,2026-10-10,06,quantile,0.6,29.722004651460555
2026-10-10,0,wk inc rsv hosp,2026-10-10,06,quantile,0.65,30.235013612347593
2026-10-10,0,wk inc rsv hosp,2026-10-10,06,quantile,0.7,30.557136173277517
2026-10-10,0,wk inc rsv hosp,2026-10-10,06,quantile,0.75,30.941969951304618
2026-10-10,0,wk inc rsv hosp,2026-10-10,06,quantile,0.8,32.18349713367934
2026-10-10,0,wk inc rsv hosp,2026-10-10,06,quantile,0.85,35.96489312663087
2026-10-10,0,wk inc rsv hosp,2026-10-10,06,quantile,0.9,49.429772148987816
2026-10-10,0,wk inc rsv hosp,2026-10-10,06,quantile,0.95,55.245437859236915
2026-10-10,0,wk inc rsv hosp,2026-10-10,06,quantile,0.975,58.92543742584408
2026-10-10,0,wk inc rsv hosp,2026-10-10,06,quantile,0.99,62.43320001078641
2026-10-10,0,wk inc rsv hosp,2026-10-10,08,quantile,0.01,0.0
2026-10-10,0,wk inc rsv hosp,2026-10-10,08,quantile,0.025,0.0
2026-10-10,0,wk inc rsv hosp,2026-10-10,08,quantile,0.05,0.0
2026-10-10,0,wk inc rsv hosp,2026-10-10,08,quantile,0.1,0.0
2026-10-10,0,wk inc rsv hosp,2026-10-10,08,quantile,0.15,0.0
2026-10-10,0,wk inc rsv hosp,2026-10-10,08,quantile,0.2,0.0
2026-10-10,0,wk inc rsv hosp,2026-10-10,08,quantile,0.25,0.0
2026-10-10,0,wk inc rsv hosp,2026-10-10,08,quantile,0.3,0.0
2026-10-10,0,wk inc rsv hosp,2026-10-10,08,quantile,0.35,0.0
2026-10-10,0,wk inc rsv hosp,2026-10-10,08,quantile,0.4,0.0005056815413884053
2026-10-10,0,wk inc rsv hosp,2026-10-10,08,quantile,0.45,0.06708528553431599
2026-10-10,0,wk inc rsv hosp,2026-10-10,08,quantile,0.5,0.09686160430871894
2026-10-10,0,wk inc rsv hosp,2026-10-10,08,quantile,0.55,0.15074916631025514
2026-10-10,0,wk inc rsv hosp,2026-10-10,08,quantile,0.6,0.201676210474735
2026-10-10,0,wk inc rsv hosp,2026-10-10,08,quantile,0.65,0.21153378703599265
2026-10-10,0,wk inc rsv hosp,2026-10-10,08,quantile,0.7,0.23647234038527268
2026-10-10,0,wk inc rsv hosp,2026-10-10,08,quantile,0.75,0.265743138046389
2026-10-10,0,wk inc rsv hosp,2026-10-10,08,quantile,0.8,0.4005370228312617
2026-10-10,0,wk inc rsv hosp,2026-10-10,08,quantile,0.85,0.46295425319306044
2026-10-10,0,wk inc rsv hosp,2026-10-10,08,quantile,0.9,0.5652651069266472
2026-10-10,0,wk inc rsv hosp,2026-10-10,08,quantile,0.95,1.2180904128458994
2026-10-10,0,wk inc rsv hosp,2026-10-10,08,quantile,0.975,1.4856892582762709
2026-10-10,0,wk inc rsv hosp,2026-10-10,08,quantile,0.99,1.5020469949547817
2026-10-10,0,wk inc rsv hosp,2026-10-10,09,quantile,0.01,0.0
2026-10-10,0,wk inc rsv hosp,2026-10-10,09,quantile,0.025,0.0
2026-10-10,0,wk inc rsv hosp,2026-10-10,09,quantile,0.05,0.0
2026-10-10,0,wk inc rsv hosp,2026-10-10,09,quantile,0.1,0.09306564028725414
2026-10-10,0,wk inc rsv hosp,2026-10-10,09,quantile,0.15,0.1455094231971303
2026-10-10,0,wk inc rsv hosp,2026-10-10,09,quantile,0.2,0.22003158028723144
2026-10-10,0,wk inc rsv hosp,2026-10-10,09,quantile,0.25,0.24615313633118385
2026-10-10,0,wk inc rsv hosp,2026-10-10,09,quantile,0.3,0.2638066000046677
2026-10-10,0,wk inc rsv hosp,2026-10-10,09,quantile,0.35,0.2959127650409051
2026-10-10,0,wk inc rsv hosp,2026-10-10,09,quantile,0.4,0.3212645965683082
2026-10-10,0,wk inc rsv hosp,2026-10-10,09,quantile,0.45,0.32502989428166973
2026-10-10,0,wk inc rsv hosp,2026-10-10,09,quantile,0.5,0.34158012771386326
2026-10-10,0,wk inc rsv hosp,2026-10-10,09,quantile,0.55,0.3801733716598108
2026-10-10,0,wk inc rsv hosp,2026-10-10,09,quantile,0.6,0.4792035350588098
2026-10-10,0,wk inc rsv hosp,2026-10-10,09,quantile,0.65,0.5280312956268836
2026-10-10,0,wk inc rsv hosp,2026-10-10,09,quantile,0.7,0.6275693773391888
2026-10-10,0,wk inc rsv hosp,2026-10-10,09,quantile,0.75,0.7117132289748356
2026-10-10,0,wk inc rsv hosp,2026-10-10,09,quantile,0.8,0.8635641691764423
2026-10-10,0,wk inc rsv hosp,2026-10-10,09,quantile,0.85,1.21773581471668
2026-10-10,0,wk inc rsv hosp,2026-10-10,09,quantile,0.9,1.3657891747217294
2026-10-10,0,wk inc rsv hosp,2026-10-10,09,quantile,0.95,1.679539935219697
2026-10-10,0,wk inc rsv hosp,2026-10-10,09,quantile,0.975,2.4823219531597114
2026-10-10,0,wk inc rsv hosp,2026-10-10,09,quantile,0.99,3.3853505022957617
2026-10-10,0,wk inc rsv hosp,2026-10-10,10,quantile,0.01,2.779109323489251
2026-10-10,0,wk inc rsv hosp,2026-10-10,10,quantile,0.025,3.06156920909715
2026-10-10,0,wk inc rsv hosp,2026-10-10,10,quantile,0.05,3.7514234739540657
2026-10-10,0,wk inc rsv hosp,2026-10-10,10,quantile,0.1,5.1580286754658875
2026-10-10,0,wk inc rsv hosp,2026-10-10,10,quantile,0.15,5.518904169978453
2026-10-10,0,wk inc rsv hosp,2026-10-10,10,quantile,0.2,5.867925749685942
2026-10-10,0,wk inc rsv hosp,2026-10-10,10,quantile,0.25,6.241040018441242
2026-10-10,0,wk inc rsv hosp,2026-10-10,10,quantile,0.3,6.487266415027706
2026-10-10,0,wk inc rsv hosp,2026-10-10,10,quantile,0.35,6.628565559147866
2026-10-10,0,wk inc rsv hosp,2026-10-10,10,quantile,0.4,7.132012742070835
2026-10-10,0,wk inc rsv hosp,2026-10-10,10,quantile,0.45,7.87815309604223
2026-10-10,0,wk inc rsv hosp,2026-10-10,10,quantile,0.5,8.164989572057252
2026-10-10,0,wk inc rsv hosp,2026-10-10,10,quantile,0.55,8.978207683058866
2026-10-10,0,wk inc rsv hosp,2026-10-10,10,quantile,0.6,9.341187678725678
2026-10-10,0,wk inc rsv hosp,2026-10-10,10,quantile,0.65,9.514864229996505
2026-10-10,0,wk inc rsv hosp,2026-10-10,10,quantile,0.7,9.975971971678199
2026-10-10,0,wk inc rsv hosp,2026-10-10,10,quantile,0.75,10.871734814385695
2026-10-10,0,wk inc rsv hosp,2026-10-10,10,quantile,0.8,11.364594303403695
2026-10-10,0,wk inc rsv hosp,2026-10-10,10,quantile,0.85,12.600212176901765
2026-10-10,0,wk inc rsv hosp,2026-10-10,10,quantile,0.9,16.25359413508222
2026-10-10,0,wk inc rsv hosp,2026-10-10,10,quantile,0.95,19.518218792211805
2026-10-10,0,wk inc rsv hosp,2026-10-10,10,quantile,0.975,22.400395473690025
2026-10-10,0,wk inc rsv hosp,2026-10-10,10,quantile,0.99,24.60975211743977
2026-10-10,0,wk inc rsv hosp,2026-10-10,11,quantile,0.01,0.0
2026-10-10,0,wk inc rsv hosp,2026-10-10,11,quantile,0.025,0.0
2026-10-10,0,wk inc rsv hosp,2026-10-10,11,quantile,0.05,0.0
2026-10-10,0,wk inc rsv hosp,2026-10-10,11,quantile,0.1,0.0
2026-10-10,0,wk inc rsv hosp,2026-10-10,11,quantile,0.15,0.0
2026-10-10,0,wk inc rsv hosp,2026-10-10,11,quantile,0.2,0.0
2026-10-10,0,wk inc rsv hosp,2026-10-10,11,quantile,0.25,0.0
2026-10-10,0,wk inc rsv hosp,2026-10-10,11,quantile,0.3,0.0
2026-10-10,0,wk inc rsv hosp,2026-10-10,11,quantile,0.35,0.0
2026-10-10,0,wk inc rsv hosp,2026-10-10,11,quantile,0.4,0.0
2026-10-10,0,wk inc rsv hosp,2026-10-10,11,quantile,0.45,0.0
2026-10-10,0,wk inc rsv hosp,2026-10-10,11,quantile,0.5,0.0
2026-10-10,0,wk inc rsv hosp,2026-10-10,11,quantile,0.55,0.06378463483027433
2026-10-10,0,wk inc rsv hosp,2026-10-10,11,quantile,0.6,0.15349393065731975
2026-10-10,0,wk inc rsv hosp,2026-10-10,11,quantile,0.65,0.2751194263154003
2026-10-10,0,wk inc rsv hosp,2026-10-10,11,quantile,0.7,0.5520777945710263
2026-10-10,0,wk inc rsv hosp,2026-10-10,11,quantile,0.75,0.7885519609648719
2026-10-10,0,wk inc rsv hosp,2026-10-10,11,quantile,0.8,0.9508316703785089
2026-10-10,0,wk inc rsv hosp,2026-10-10,11,quantile,0.85,1.0303935951123704
2026-10-10,0,wk inc rsv hosp,2026-10-10,11,quantile,0.9,1.1365403901597255
2026-10-10,0,wk inc rsv hosp,2026-10-10,11,quantile,0.95,1.5508190215072406
2026-10-10,0,wk inc rsv hosp,2026-10-10,11,quantile,0.975,1.8826693722992083
2026-10-10,0,wk inc rsv hosp,2026-10-10,11,quantile,0.99,2.1033273840624505
2026-10-10,0,wk inc rsv hosp,2026-10-10,12,quantile,0.01,131.37319089681085
2026-10-10,0,wk inc rsv hosp,2026-10-10,12,quantile,0.025,139.76900051080352
2026-10-10,0,wk inc rsv hosp,2026-10-10,12,quantile,0.05,149.48804071998796
2026-10-10,0,wk inc rsv hosp,2026-10-10,12,quantile,0.1,153.43463228766254
2026-10-10,0,wk inc rsv hosp,2026-10-10,12,quantile,0.15,160.72769156635306
2026-10-10,0,wk inc rsv hosp,2026-10-10,12,quantile,0.2,172.6446243162296
2026-10-10,0,wk inc rsv hosp,2026-10-10,12,quantile,0.25,183.7982752178047
2026-10-10,0,wk inc rsv hosp,2026-10-10,12,quantile,0.3,185.22623387425614
2026-10-10,0,wk inc rsv hosp,2026-10-10,12,quantile,0.35,188.9490329297249
2026-10-10,0,wk inc rsv hosp,2026-10-10,12,quantile,0.4,199.9401734479444
2026-10-10,0,wk inc rsv hosp,2026-10-10,12,quantile,0.45,200.12927526964134
2026-10-10,0,wk inc rsv hosp,2026-10-10,12,quantile,0.5,204.8996077025021
2026-10-10,0,wk inc rsv hosp,2026-10-10,12,quantile,0.55,212.71445400744128
2026-10-10,0,wk inc rsv hosp,2026-10-10,12,quantile,0.6,215.83332837215397
2026-10-10,0,wk inc rsv hosp,2026-10-10,12,quantile,0.65,217.8499806533715
2026-10-10,0,wk inc rsv hosp,2026-10-10,12,quantile,0.7,220.10030542967536
2026-10-10,0,wk inc rsv hosp,2026-10-10,12,quantile,0.75,222.59036924341063
2026-10-10,0,wk inc rsv hosp,2026-10-10,12,quantile,0.8,223.5980346508628
2026-10-10,0,wk inc rsv hosp,2026-10-10,12,quantile,0.85,231.43642878174865
2026-10-10,0,wk inc rsv hosp,2026-10-10,12,quantile,0.9,243.43740149084823
2026-10-10,0,wk inc rsv hosp,2026-10-10,12,quantile,0.95,256.4079238963936
2026-10-10,0,wk inc rsv hosp,2026-10-10,12,quantile,0.975,279.0677246964731
2026-10-10,0,wk inc rsv hosp,2026-10-10,12,quantile,0.99,301.28715041234216
2026-10-10,0,wk inc rsv hosp,2026-10-10,13,quantile,0.01,22.931633360758013
2026-10-10,0,wk inc rsv hosp,2026-10-10,13,quantile,0.025,23.502170155310495
2026-10-10,0,wk inc rsv hosp,2026-10-10,13,quantile,0.05,24.528032338391505
2026-10-10,0,wk inc rsv hosp,2026-10-10,13,quantile,0.1,26.521552617912114
2026-10-10,0,wk inc rsv hosp,2026-10-10,13,quantile,0.15,27.240272928573575
2026-10-10,0,wk inc rsv hosp,2026-10-10,13,quantile,0.2,29.13416749692983
2026-10-10,0,wk inc rsv hosp,2026-10-10,13,quantile,0.25,30.368469255182305
2026-10-10,0,wk inc rsv hosp,2026-10-10,13,quantile,0.3,31.92720203828961
2026-10-10,0,wk inc rsv hosp,2026-10-10,13,quantile,0.35,32.291151376871234
2026-10-10,0,wk inc rsv hosp,2026-10-10,13,quantile,0.4,32.89459778670715
2026-10-10,0,wk inc rsv hosp,2026-10-10,13,quantile,0.45,33.98058601324152
2026-10-10,0,wk inc rsv hosp,2026-10-10,13,quantile,0.5,34.8512791230686
2026-10-10,0,wk inc rsv hosp,2026-10-10,13,quantile,0.55,35.104069941224
2026-10-10,0,wk inc rsv hosp,2026-10-10,13,quantile,0.6,35.44329363342899
2026-10-10,0,wk inc rsv hosp,2026-10-10,13,quantile,0.65,36.57578739301391
2026-10-10,0,wk inc rsv hosp,2026-10-10,13,quantile,0.7,37.7164867707912
2026-10-10,0,wk inc rsv hosp,2026-10-10,13,quantile,0.75,39.51931361163746
2026-10-10,0,wk inc rsv hosp,2026-10-10,13,quantile,0.8,41.15369681510404
2026-10-10,0,wk inc rsv hosp,2026-10-10,13,quantile,0.85,41.77693168847281
2026-10-10,0,wk inc rsv hosp,2026-10-10,13,quantile,0.9,42.30084943223392
2026-10-10,0,wk inc rsv hosp,2026-10-10,13,quantile,0.95,47.267000634881484
2026-10-10,0,wk inc rsv hosp,2026-10-10,13,quantile,0.975,49.419658138035025
2026-10-10,0,wk inc rsv hosp,2026-10-10,13,quantile,0.99,49.94231022704473
2026-10-10,0,wk inc rsv hosp,2026-10-10,15,quantile,0.01,1.6966048748308857
2026-10-10,0,wk inc rsv hosp,2026-10-10,15,quantile,0.025,1.9693832002326352
2026-10-10,0,wk inc rsv hosp,2026-10-10,15,quantile,0.05,2.38870372224289
2026-10-10,0,wk inc rsv hosp,2026-10-10,15,quantile,0.1,3.311422908049462
2026-10-10,0,wk inc rsv hosp,2026-10-10,15,quantile,0.15,4.183951096075703
2026-10-10,0,wk inc rsv hosp,2026-10-10,15,quantile,0.2,4.474896231715938
2026-10-10,0,wk inc rsv hosp,2026-10-10,15,quantile,0.25,4.954362037758375
2026-10-10,0,wk inc rsv hosp,2026-10-10,15,quantile,0.3,5.353632627269779
2026-10-10,0,wk inc rsv hosp,2026-10-10,15,quantile,0.35,5.914276181478395
2026-10-10,0,wk inc rsv hosp,2026-10-10,15,quantile,0.4,6.684599540430834
2026-10-10,0,wk inc rsv hosp,2026-10-10,15,quantile,0.45,6.806004642245871
2026-10-10,0,wk inc rsv hosp,2026-10-10,15,quantile,0.5,7.437387514515715
2026-10-10,0,wk inc rsv hosp,2026-10-10,15,quantile,0.55,7.928295584513197
2026-10-10,0,wk inc rsv hosp,2026-10-10,15,quantile,0.6,8.586321489611617
2026-10-10,0,wk inc rsv hosp,2026-10-10,15,quantile,0.65,8.720025089765697
2026-10-10,0,wk inc rsv hosp,2026-10-10,15,quantile,0.7,8.928951422404658
2026-10-10,0,wk inc rsv hosp,2026-10-10,15,quantile,0.75,9.519981250738928
2026-10-10,0,wk inc rsv hosp,2026-10-10,15,quantile,0.8,9.914590813425523
2026-10-10,0,wk inc rsv hosp,2026-10-10,15,quantile,0.85,10.526436540210494
2026-10-10,0,wk inc rsv hosp,2026-10-10,15,quantile,0.9,12.464838094484199
2026-10-10,0,wk inc rsv hosp,2026-10-10,15,quantile,0.95,13.640063997446822
2026-10-10,0,wk inc rsv hosp,2026-10-10,15,quantile,0.975,17.286424808926043
2026-10-10,0,wk inc rsv hosp,2026-10-10,15,quantile,0.99,21.64484353186979
2026-10-10,0,wk inc rsv hosp,2026-10-10,16,quantile,0.01,0.5769158072837572
2026-10-10,0,wk inc rsv hosp,2026-10-10,16,quantile,0.025,0.5905644603377905
2026-10-10,0,wk inc rsv hosp,2026-10-10,16,quantile,0.05,0.6510772181689226
2026-10-10,0,wk inc rsv hosp,2026-10-10,16,quantile,0.1,0.9696536200950443
2026-10-10,0,wk inc rsv hosp,2026-10-10,16,quantile,0.15,1.2759507371303958
2026-10-10,0,wk inc rsv hosp,2026-10-10,16,quantile,0.2,1.5232094754628074
2026-10-10,0,wk inc rsv hosp,2026-10-10,16,quantile,0.25,1.6301686484827893
2026-10-10,0,wk inc rsv hosp,2026-10-10,16,quantile,0.3,1.7552857538647657
2026-10-10,0,wk inc rsv hosp,2026-10-10,16,quantile,0.35,2.010439721054233
2026-10-10,0,wk inc rsv hosp,2026-10-10,16,quantile,0.4,2.072385311126709
2026-10-10,0,wk inc rsv hosp,2026-10-10,16,quantile,0.45,2.1807528152900373
2026-10-10,0,wk inc rsv hosp,2026-10-10,16,quantile,0.5,2.309254859092066
2026-10-10,0,wk inc rsv hosp,2026-10-10,16,quantile,0.55,2.3453616281706045
2026-10-10,0,wk inc rsv hosp,2026-10-10,16,quantile,0.6,2.4888510700048836
2026-10-10,0,wk inc rsv hosp,2026-10-10,16,quantile,0.65,2.5862314075277237
2026-10-10,0,wk inc rsv hosp,2026-10-10,16,quantile,0.7,2.7119435139754886
2026-10-10,0,wk inc rsv hosp,2026-10-10,16,quantile,0.75,2.845087482813252
2026-10-10,0,wk inc rsv hosp,2026-10-10,16,quantile,0.8,3.582651068807626
2026-10-10,0,wk inc rsv hosp,2026-10-10,16,quantile,0.85,4.036467867751757
2026-10-10,0,wk inc rsv hosp,2026-10-10,16,quantile,0.9,4.989479461951166
2026-10-10,0,wk inc rsv hosp,2026-10-10,16,quantile,0.95,5.139753608487714
2026-10-10,0,wk inc rsv hosp,2026-10-10,16,quantile,0.975,5.144770622253418
2026-10-10,0,wk inc rsv hosp,2026-10-10,16,quantile,0.99,5.144770622253418
2026-10-10,0,wk inc rsv hosp,2026-10-10,17,quantile,0.01,4.3280301220710475
2026-10-10,0,wk inc rsv hosp,2026-10-10,17,quantile,0.025,4.410945800308039
2026-10-10,0,wk inc rsv hosp,2026-10-10,17,quantile,0.05,4.769727797571155
2026-10-10,0,wk inc rsv hosp,2026-10-10,17,quantile,0.1,5.728096435342892
2026-10-10,0,wk inc rsv hosp,2026-10-10,17,quantile,0.15,5.817301281743085
2026-10-10,0,wk inc rsv hosp,2026-10-10,17,quantile,0.2,5.970962344677308
2026-10-10,0,wk inc rsv hosp,2026-10-10,17,quantile,0.25,6.056984080831426
2026-10-10,0,wk inc rsv hosp,2026-10-10,17,quantile,0.3,6.18177578673823
2026-10-10,0,wk inc rsv hosp,2026-10-10,17,quantile,0.35,6.316530172371365
2026-10-10,0,wk inc rsv hosp,2026-10-10,17,quantile,0.4,6.86051619763471
2026-10-10,0,wk inc rsv hosp,2026-10-10,17,quantile,0.45,6.8761475151081175
2026-10-10,0,wk inc rsv hosp,2026-10-10,17,quantile,0.5,7.488055182980587
2026-10-10,0,wk inc rsv hosp,2026-10-10,17,quantile,0.55,8.142086871638991
2026-10-10,0,wk inc rsv hosp,2026-10-10,17,quantile,0.6,8.250082699535701
2026-10-10,0,wk inc rsv hosp,2026-10-10,17,quantile,0.65,9.342876442878437
2026-10-10,0,wk inc rsv hosp,2026-10-10,17,quantile,0.7,9.940226741389136
2026-10-10,0,wk inc rsv hosp,2026-10-10,17,quantile,0.75,12.583986290758222
2026-10-10,0,wk inc rsv hosp,2026-10-10,17,quantile,0.8,15.706454336627102
2026-10-10,0,wk inc rsv hosp,2026-10-10,17,quantile,0.85,16.81283272097597
2026-10-10,0,wk inc rsv hosp,2026-10-10,17,quantile,0.9,18.995873698391055
2026-10-10,0,wk inc rsv hosp,2026-10-10,17,quantile,0.95,24.030187412059924
2026-10-10,0,wk inc rsv hosp,2026-10-10,17,quantile,0.975,30.700509476897565
2026-10-10,0,wk inc rsv hosp,2026-10-10,17,quantile,0.99,37.29130497123332
2026-10-10,0,wk inc rsv hosp,2026-10-10,18,quantile,0.01,1.300235463971151
2026-10-10,0,wk inc rsv hosp,2026-10-10,18,quantile,0.025,1.463653500382522
2026-10-10,0,wk inc rsv hosp,2026-10-10,18,quantile,0.05,1.685278100568378
2026-10-10,0,wk inc rsv hosp,2026-10-10,18,quantile,0.1,2.0892301607801036
2026-10-10,0,wk inc rsv hosp,2026-10-10,18,quantile,0.15,2.419075415734618
2026-10-10,0,wk inc rsv hosp,2026-10-10,18,quantile,0.2,2.4744969298347628
2026-10-10,0,wk inc rsv hosp,2026-10-10,18,quantile,0.25,2.677770349155913
2026-10-10,0,wk inc rsv hosp,2026-10-10,18,quantile,0.3,3.0613135231334287
2026-10-10,0,wk inc rsv hosp,2026-10-10,18,quantile,0.35,3.2559338541019036
2026-10-10,0,wk inc rsv hosp,2026-10-10,18,quantile,0.4,3.276513708274171
2026-10-10,0,wk inc rsv hosp,2026-10-10,18,quantile,0.45,3.280195443385124
2026-10-10,0,wk inc rsv hosp,2026-10-10,18,quantile,0.5,3.343259076003137
2026-10-10,0,wk inc rsv hosp,2026-10-10,18,quantile,0.55,3.4694159383022196
2026-10-10,0,wk inc rsv hosp,2026-10-10,18,quantile,0.6,3.603891163894567
2026-10-10,0,wk inc rsv hosp,2026-10-10,18,quantile,0.65,3.9223713461854546
2026-10-10,0,wk inc rsv hosp,2026-10-10,18,quantile,0.7,4.135618230189079
2026-10-10,0,wk inc rsv hosp,2026-10-10,18,quantile,0.75,4.294424243992016
2026-10-10,0,wk inc rsv hosp,2026-10-10,18,quantile,0.8,4.428638487373782
2026-10-10,0,wk inc rsv hosp,2026-10-10,18,quantile,0.85,4.850408298602053
2026-10-10,0,wk inc rsv hosp,2026-10-10,18,quantile,0.9,5.389124142063512
2026-10-10,0,wk inc rsv hosp,2026-10-10,18,quantile,0.95,10.13454076483913
2026-10-10,0,wk inc rsv hosp,2026-10-10,18,quantile,0.975,12.664241630494358
2026-10-10,0,wk inc rsv hosp,2026-10-10,18,quantile,0.99,13.003096176712228
2026-10-10,0,wk inc rsv hosp,2026-10-10,19,quantile,0.01,0.0
2026-10-10,0,wk inc rsv hosp,2026-10-10,19,quantile,0.025,0.0
2026-10-10,0,wk inc rsv hosp,2026-10-10,19,quantile,0.05,0.0
2026-10-10,0,wk inc rsv hosp,2026-10-10,19,quantile,0.1,0.4029265376211555
2026-10-10,0,wk inc rsv hosp,2026-10-10,19,quantile,0.15,0.5721343973244517
2026-10-10,0,wk inc rsv hosp,2026-10-10,19,quantile,0.2,0.6159787278290958
2026-10-10,0,wk inc rsv hosp,2026-10-10,19,quantile,0.25,0.7678103090297743
2026-10-10,0,wk inc rsv hosp,2026-10-10,19,quantile,0.3,0.7913191127380487
2026-10-10,0,wk inc rsv hosp,2026-10-10,19,quantile,0.35,0.9095463155920855
2026-10-10,0,wk inc rsv hosp,2026-10-10,19,quantile,0.4,0.9722115491987027
2026-10-10,0,wk inc rsv hosp,2026-10-10,19,quantile,0.45,1.0473190842110214
2026-10-10,0,wk inc rsv hosp,2026-10-10,19,quantile,0.5,1.1375837640142257
2026-10-10,0,wk inc rsv hosp,2026-10-10,19,quantile,0.55,1.140000807505075
2026-10-10,0,wk inc rsv hosp,2026-10-10,19,quantile,0.6,1.2230781646041822
2026-10-10,0,wk inc rsv hosp,2026-10-10,19,quantile,0.65,1.2316201076514406
2026-10-10,0,wk inc rsv hosp,2026-10-10,19,quantile,0.7,1.319147636245356
2026-10-10,0,wk inc rsv hosp,2026-10-10,19,quantile,0.75,1.5322189818250953
2026-10-10,0,wk inc rsv hosp,2026-10-10,19,quantile,0.8,1.6846362043996048
2026-10-10,0,wk inc rsv hosp,2026-10-10,19,quantile,0.85,1.947978270039017
2026-10-10,0,wk inc rsv hosp,2026-10-10,19,quantile,0.9,2.076008216146574
2026-10-10,0,wk inc rsv hosp,2026-10-10,19,quantile,0.95,2.9014612790274716
2026-10-10,0,wk inc rsv hosp,2026-10-10,19,quantile,0.975,3.404578930662909
2026-10-10,0,wk inc rsv hosp,2026-10-10,19,quantile,0.99,3.6443663120711483
2026-10-10,0,wk inc rsv hosp,2026-10-10,20,quantile,0.01,0.0
2026-10-10,0,wk inc rsv hosp,2026-10-10,20,quantile,0.025,0.0
2026-10-10,0,wk inc rsv hosp,2026-10-10,20,quantile,0.05,0.0
2026-10-10,0,wk inc rsv hosp,2026-10-10,20,quantile,0.1,0.0
2026-10-10,0,wk inc rsv hosp,2026-10-10,20,quantile,0.15,0.0
2026-10-10,0,wk inc rsv hosp,2026-10-10,20,quantile,0.2,0.017593929790916375
2026-10-10,0,wk inc rsv hosp,2026-10-10,20,quantile,0.25,0.1282540305511158
2026-10-10,0,wk inc rsv hosp,2026-10-10,20,quantile,0.3,0.14192758943430406
2026-10-10,0,wk inc rsv hosp,2026-10-10,20,quantile,0.35,0.1443042097279726
2026-10-10,0,wk inc rsv hosp,2026-10-10,20,quantile,0.4,0.17615335713403044
2026-10-10,0,wk inc rsv hosp,2026-10-10,20,quantile,0.45,0.18849999512997556
2026-10-10,0,wk inc rsv hosp,2026-10-10,20,quantile,0.5,0.2611844965683549
2026-10-10,0,wk inc rsv hosp,2026-10-10,20,quantile,0.55,0.31183535044817556
2026-10-10,0,wk inc rsv hosp,2026-10-10,20,quantile,0.6,0.43118049356247745
2026-10-10,0,wk inc rsv hosp,2026-10-10,20,quantile,0.65,0.45979253384664204
2026-10-10,0,wk inc rsv hosp,2026-10-10,20,quantile,0.7,0.5131350010066911
2026-10-10,0,wk inc rsv hosp,2026-10-10,20,quantile,0.75,0.587686473522261
2026-10-10,0,wk inc rsv hosp,2026-10-10,20,quantile,0.8,0.6000773253632936
2026-10-10,0,wk inc rsv hosp,2026-10-10,20,quantile,0.85,0.7831567085386032
2026-10-10,0,wk inc rsv hosp,2026-10-10,20,quantile,0.9,1.1716834454054634
2026-10-10,0,wk inc rsv hosp,2026-10-10,20,quantile,0.95,1.4166082337254706
2026-10-10,0,wk inc rsv hosp,2026-10-10,20,quantile,0.975,1.6361929001886129
2026-10-10,0,wk inc rsv hosp,2026-10-10,20,quantile,0.99,1.8491062217381666
2026-10-10,0,wk inc rsv hosp,2026-10-10,21,quantile,0.01,4.38778800778359
2026-10-10,0,wk inc rsv hosp,2026-10-10,21,quantile,0.025,5.040059548374147
2026-10-10,0,wk inc rsv hosp,2026-10-10,21,quantile,0.05,5.799495684531515
2026-10-10,0,wk inc rsv hosp,2026-10-10,21,quantile,0.1,6.003204754713266
2026-10-10,0,wk inc rsv hosp,2026-10-10,21,quantile,0.15,6.307522497553704
2026-10-10,0,wk inc rsv hosp,2026-10-10,21,quantile,0.2,7.998334213279954
2026-10-10,0,wk inc rsv hosp,2026-10-10,21,quantile,0.25,8.204905154960562
2026-10-10,0,wk inc rsv hosp,2026-10-10,21,quantile,0.3,8.57203521951606
2026-10-10,0,wk inc rsv hosp,2026-10-10,21,quantile,0.35,8.744931779139726
2026-10-10,0,wk inc rsv hosp,2026-10-10,21,quantile,0.4,9.025123803359628
2026-10-10,0,wk inc rsv hosp,2026-10-10,21,quantile,0.45,9.079537040837298
2026-10-10,0,wk inc rsv hosp,2026-10-10,21,quantile,0.5,9.327319921749961
2026-10-10,0,wk inc rsv hosp,2026-10-10,21,quantile,0.55,9.463592894690155
2026-10-10,0,wk inc rsv hosp,2026-10-10,21,quantile,0.6,9.774922807616235
2026-10-10,0,wk inc rsv hosp,2026-10-10,21,quantile,0.65,10.551611904970336
2026-10-10,0,wk inc rsv hosp,2026-10-10,21,quantile,0.7,10.946537855155377
2026-10-10,0,wk inc rsv hosp,2026-10-10,21,quantile,0.75,11.43853600740964
2026-10-10,0,wk inc rsv hosp,2026-10-10,21,quantile,0.8,11.634577237038096
2026-10-10,0,wk inc rsv hosp,2026-10-10,21,quantile,0.85,11.818040386064574
2026-10-10,0,wk inc rsv hosp,2026-10-10,21,quantile,0.9,12.50766003041377
2026-10-10,0,wk inc rsv hosp,2026-10-10,21,quantile,0.95,16.617965766129927
2026-10-10,0,wk inc rsv hosp,2026-10-10,21,quantile,0.975,26.24349367969804
2026-10-10,0,wk inc rsv hosp,2026-10-10,21,quantile,0.99,38.10282434463862
2026-10-10,0,wk inc rsv hosp,2026-10-10,22,quantile,0.01,3.494413464076895
2026-10-10,0,wk inc rsv hosp,2026-10-10,22,quantile,0.025,3.6446417411997163
2026-10-10,0,wk inc rsv hosp,2026-10-10,22,quantile,0.05,4.273987037448817
2026-10-10,0,wk inc rsv hosp,2026-10-10,22,quantile,0.1,6.369135565866273
2026-10-10,0,wk inc rsv hosp,2026-10-10,22,quantile,0.15,7.442811028707971
2026-10-10,0,wk inc rsv hosp,2026-10-10,22,quantile,0.2,8.389604334782396
2026-10-10,0,wk inc rsv hosp,2026-10-10,22,quantile,0.25,8.727234519527071
2026-10-10,0,wk inc rsv hosp,2026-10-10,22,quantile,0.3,9.496068912393065
2026-10-10,0,wk inc rsv hosp,2026-10-10,22,quantile,0.35,9.70166041942751
2026-10-10,0,wk inc rsv hosp,2026-10-10,22,quantile,0.4,9.796057094721156
2026-10-10,0,wk inc rsv hosp,2026-10-10,22,quantile,0.45,10.38182431524821
2026-10-10,0,wk inc rsv hosp,2026-10-10,22,quantile,0.5,10.966799423208833
2026-10-10,0,wk inc rsv hosp,2026-10-10,22,quantile,0.55,11.3374745587853
2026-10-10,0,wk inc rsv hosp,2026-10-10,22,quantile,0.6,11.73469491629011
2026-10-10,0,wk inc rsv hosp,2026-10-10,22,quantile,0.65,12.54220210569315
2026-10-10,0,wk inc rsv hosp,2026-10-10,22,quantile,0.7,12.957499045496162
2026-10-10,0,wk inc rsv hosp,2026-10-10,22,quantile,0.75,13.31876911488589
2026-10-10,0,wk inc rsv hosp,2026-10-10,22,quantile,0.8,13.588242494280948
2026-10-10,0,wk inc rsv hosp,2026-10-10,22,quantile,0.85,14.846505974877898
2026-10-10,0,wk inc rsv hosp,2026-10-10,22,quantile,0.9,20.551640811188207
2026-10-10,0,wk inc rsv hosp,2026-10-10,22,quantile,0.95,36.01236466669903
2026-10-10,0,wk inc rsv hosp,2026-10-10,22,quantile,0.975,86.6557229077488
2026-10-10,0,wk inc rsv hosp,2026-10-10,22,quantile,0.99,177.65150648020398
2026-10-10,0,wk inc rsv hosp,2026-10-10,23,quantile,0.01,0.0
2026-10-10,0,wk inc rsv hosp,2026-10-10,23,quantile,0.025,0.0
2026-10-10,0,wk inc rsv hosp,2026-10-10,23,quantile,0.05,0.0
2026-10-10,0,wk inc rsv hosp,2026-10-10,23,quantile,0.1,0.0
2026-10-10,0,wk inc rsv hosp,2026-10-10,23,quantile,0.15,0.0
2026-10-10,0,wk inc rsv hosp,2026-10-10,23,quantile,0.2,0.0
2026-10-10,0,wk inc rsv hosp,2026-10-10,23,quantile,0.25,0.0
2026-10-10,0,wk inc rsv hosp,2026-10-10,23,quantile,0.3,0.0
2026-10-10,0,wk inc rsv hosp,2026-10-10,23,quantile,0.35,0.0
2026-10-10,0,wk inc rsv hosp,2026-10-10,23,quantile,0.4,0.0
2026-10-10,0,wk inc rsv hosp,2026-10-10,23,quantile,0.45,0.01929419473443084
2026-10-10,0,wk inc rsv hosp,2026-10-10,23,quantile,0.5,0.0589759108901354
2026-10-10,0,wk inc rsv hosp,2026-10-10,23,quantile,0.55,0.1528416070280916
2026-10-10,0,wk inc rsv hosp,2026-10-10,23,quantile,0.6,0.1798657036577265
2026-10-10,0,wk inc rsv hosp,2026-10-10,23,quantile,0.65,0.2511764026542195
2026-10-10,0,wk inc rsv hosp,2026-10-10,23,quantile,0.7,0.3039448976308364
2026-10-10,0,wk inc rsv hosp,2026-10-10,23,quantile,0.75,0.31352441020321814
2026-10-10,0,wk inc rsv hosp,2026-10-10,23,quantile,0.8,0.31967074933679923
2026-10-10,0,wk inc rsv hosp,2026-10-10,23,quantile,0.85,0.6614994003292747
2026-10-10,0,wk inc rsv hosp,2026-10-10,23,quantile,0.9,0.8781800956390382
2026-10-10,0,wk inc rsv hosp,2026-10-10,23,quantile,0.95,1.1365351839411133
2026-10-10,0,wk inc rsv hosp,2026-10-10,23,quantile,0.975,1.3613917041638872
2026-10-10,0,wk inc rsv hosp,2026-10-10,23,quantile,0.99,1.5177597768853008
2026-10-10,0,wk inc rsv hosp,2026-10-10,24,quantile,0.01,0.0033533711131700597
2026-10-10,0,wk inc rsv hosp,2026-10-10,24,quantile,0.025,0.038364386672543854
2026-10-10,0,wk inc rsv hosp,2026-10-10,24,quantile,0.05,0.08746425694649756
2026-10-10,0,wk inc rsv hosp,2026-10-10,24,quantile,0.1,0.2588661989000815
2026-10-10,0,wk inc rsv hosp,2026-10-10,24,quantile,0.15,0.6088776973406764
2026-10-10,0,wk inc rsv hosp,2026-10-10,24,quantile,0.2,0.7255642531007734
2026-10-10,0,wk inc rsv hosp,2026-10-10,24,quantile,0.25,1.0088335452049082
2026-10-10,0,wk inc rsv hosp,2026-10-10,24,quantile,0.3,1.3377715716378284
2026-10-10,0,wk inc rsv hosp,2026-10-10,24,quantile,0.35,1.3726576867677238
2026-10-10,0,wk inc rsv hosp,2026-10-10,24,quantile,0.4,1.6171454549784208
2026-10-10,0,wk inc rsv hosp,2026-10-10,24,quantile,0.45,1.671436364894129
2026-10-10,0,wk inc rsv hosp,2026-10-10,24,quantile,0.5,1.8228009205754607
2026-10-10,0,wk inc rsv hosp,2026-10-10,24,quantile,0.55,2.092691400875904
2026-10-10,0,wk inc rsv hosp,2026-10-10,24,quantile,0.6,2.188368385703662
2026-10-10,0,wk inc rsv hosp,2026-10-10,24,quantile,0.65,2.2731531112893713
2026-10-10,0,wk inc rsv hosp,2026-10-10,24,quantile,0.7,2.410162030071136
2026-10-10,0,wk inc rsv hosp,2026-10-10,24,quantile,0.75,2.8052719984913415
2026-10-10,0,wk inc rsv hosp,2026-10-10,24,quantile,0.8,3.167882235954563
2026-10-10,0,wk inc rsv hosp,2026-10-10,24,quantile,0.85,3.2363866854129877
2026-10-10,0,wk inc rsv hosp,2026-10-10,24,quantile,0.9,3.5750779476317085
2026-10-10,0,wk inc rsv hosp,2026-10-10,24,quantile,0.95,3.9143476062050766
2026-10-10,0,wk inc rsv hosp,2026-10-10,24,quantile,0.975,4.783840049976366
2026-10-10,0,wk inc rsv hosp,2026-10-10,24,quantile,0.99,5.71332680348584
2026-10-10,0,wk inc rsv hosp,2026-10-10,25,quantile,0.01,0.5252984879876137
2026-10-10,0,wk inc rsv hosp,2026-10-10,25,quantile,0.025,0.5607555645003889
2026-10-10,0,wk inc rsv hosp,2026-10-10,25,quantile,0.05,0.6594535026760406
2026-10-10,0,wk inc rsv hosp,2026-10-10,25,quantile,0.1,1.0778190775030374
2026-10-10,0,wk inc rsv hosp,2026-10-10,25,quantile,0.15,1.3698543457958023
2026-10-10,0,wk inc rsv hosp,2026-10-10,25,quantile,0.2,1.853859744552218
2026-10-10,0,wk inc rsv hosp,2026-10-10,25,quantile,0.25,2.1056055541767362
2026-10-10,0,wk inc rsv hosp,2026-10-10,25,quantile,0.3,2.268473645856949
2026-10-10,0,wk inc rsv hosp,2026-10-10,25,quantile,0.35,2.4051051296081254
2026-10-10,0,wk inc rsv hosp,2026-10-10,25,quantile,0.4,2.4994728465533766
2026-10-10,0,wk inc rsv hosp,2026-10-10,25,quantile,0.45,2.70595909105376
2026-10-10,0,wk inc rsv hosp,2026-10-10,25,quantile,0.5,3.0004222524200923
2026-10-10,0,wk inc rsv hosp,2026-10-10,25,quantile,0.55,3.0930035618171066
2026-10-10,0,wk inc rsv hosp,2026-10-10,25,quantile,0.6,3.1940870277517384
2026-10-10,0,wk inc rsv hosp,2026-10-10,25,quantile,0.65,3.406603029896647
2026-10-10,0,wk inc rsv hosp,2026-10-10,25,quantile,0.7,3.581819160493679
2026-10-10,0,wk inc rsv hosp,2026-10-10,25,quantile,0.75,3.81407956633842
2026-10-10,0,wk inc rsv hosp,2026-10-10,25,quantile,0.8,4.469127935120654
2026-10-10,0,wk inc rsv hosp,2026-10-10,25,quantile,0.85,7.113282933119608
2026-10-10,0,wk inc rsv hosp,2026-10-10,25,quantile,0.9,9.92869497023031
2026-10-10,0,wk inc rsv hosp,2026-10-10,25,quantile,0.95,12.177126199196755
2026-10-10,0,wk inc rsv hosp,2026-10-10,25,quantile,0.975,12.463998640742386
2026-10-10,0,wk inc rsv hosp,2026-10-10,25,quantile,0.99,12.500028168304523
2026-10-10,0,wk inc rsv hosp,2026-10-10,26,quantile,0.01,2.6572374802774696
2026-10-10,0,wk inc rsv hosp,2026-10-10,26,quantile,0.025,3.0163361577532926
2026-10-10,0,wk inc rsv hosp,2026-10-10,26,quantile,0.05,3.8334435772990254
2026-10-10,0,wk inc rsv hosp,2026-10-10,26,quantile,0.1,5.444730672078988
2026-10-10,0,wk inc rsv hosp,2026-10-10,26,quantile,0.15,5.595900194857244
2026-10-10,0,wk inc rsv hosp,2026-10-10,26,quantile,0.2,5.755350896720146
2026-10-10,0,wk inc rsv hosp,2026-10-10,26,quantile,0.25,6.426098385935256
2026-10-10,0,wk inc rsv hosp,2026-10-10,26,quantile,0.3,6.663897722141489
2026-10-10,0,wk inc rsv hosp,2026-10-10,26,quantile,0.35,7.005999397149943
2026-10-10,0,wk inc rsv hosp,2026-10-10,26,quantile,0.4,7.076382344712886
2026-10-10,0,wk inc rsv hosp,2026-10-10,26,quantile,0.45,7.664252267293984
2026-10-10,0,wk inc rsv hosp,2026-10-10,26,quantile,0.5,7.785454930635295
2026-10-10,0,wk inc rsv hosp,2026-10-10,26,quantile,0.55,8.529358197923862
2026-10-10,0,wk inc rsv hosp,2026-10-10,26,quantile,0.6,8.834519946111802
2026-10-10,0,wk inc rsv hosp,2026-10-10,26,quantile,0.65,10.705252624230479
2026-10-10,0,wk inc rsv hosp,2026-10-10,26,quantile,0.7,11.765040878436363
2026-10-10,0,wk inc rsv hosp,2026-10-10,26,quantile,0.75,14.528359494723935
2026-10-10,0,wk inc rsv hosp,2026-10-10,26,quantile,0.8,24.577787163571827
2026-10-10,0,wk inc rsv hosp,2026-10-10,26,quantile,0.85,30.17842102050781
2026-10-10,0,wk inc rsv hosp,2026-10-10,26,quantile,0.9,35.77789953865016
2026-10-10,0,wk inc rsv hosp,2026-10-10,26,quantile,0.95,55.94990664125046
2026-10-10,0,wk inc rsv hosp,2026-10-10,26,quantile,0.975,71.59694330218942
2026-10-10,0,wk inc rsv hosp,2026-10-10,26,quantile,0.99,83.51865111056644
2026-10-10,0,wk inc rsv hosp,2026-10-10,27,quantile,0.01,0.0
2026-10-10,0,wk inc rsv hosp,2026-10-10,27,quantile,0.025,0.0
2026-10-10,0,wk inc rsv hosp,2026-10-10,27,quantile,0.05,0.0
2026-10-10,0,wk inc rsv hosp,2026-10-10,27,quantile,0.1,0.0
2026-10-10,0,wk inc rsv hosp,2026-10-10,27,quantile,0.15,0.14358778749599269
2026-10-10,0,wk inc rsv hosp,2026-10-10,27,quantile,0.2,0.2867642766736217
2026-10-10,0,wk inc rsv hosp,2026-10-10,27,quantile,0.25,0.2979862888882273
2026-10-10,0,wk inc rsv hosp,2026-10-10,27,quantile,0.3,0.37540670909033436
2026-10-10,0,wk inc rsv hosp,2026-10-10,27,quantile,0.35,0.45822009929200425
2026-10-10,0,wk inc rsv hosp,2026-10-10,27,quantile,0.4,0.4937335476645764
2026-10-10,0,wk inc rsv hosp,2026-10-10,27,quantile,0.45,0.5087659444699196
2026-10-10,0,wk inc rsv hosp,2026-10-10,27,quantile,0.5,0.5434094882125403
2026-10-10,0,wk inc rsv hosp,2026-10-10,27,quantile,0.55,0.5710613849130075
2026-10-10,0,wk inc rsv hosp,2026-10-10,27,quantile,0.6,0.6054014298539514
2026-10-10,0,wk inc rsv hosp,2026-10-10,27,quantile,0.65,0.6582854689004224
2026-10-10,0,wk inc rsv hosp,2026-10-10,27,quantile,0.7,0.7206679858369095
2026-10-10,0,wk inc rsv hosp,2026-10-10,27,quantile,0.75,0.8316216795329926
2026-10-10,0,wk inc rsv hosp,2026-10-10,27,quantile,0.8,0.8918634246927386
2026-10-10,0,wk inc rsv hosp,2026-10-10,27,quantile,0.85,1.057205845329764
2026-10-10,0,wk inc rsv hosp,2026-10-10,27,quantile,0.9,1.6940854352959889
2026-10-10,0,wk inc rsv hosp,2026-10-10,27,quantile,0.95,2.1840174751809283
2026-10-10,0,wk inc rsv hosp,2026-10-10,27,quantile,0.975,2.2988819043664597
2026-10-10,0,wk inc rsv hosp,2026-10-10,27,quantile,0.99,2.3737420151250515
2026-10-10,0,wk inc rsv hosp,2026-10-10,28,quantile,0.01,1.69571016401634
2026-10-10,0,wk inc rsv hosp,2026-10-10,28,quantile,0.025,1.9686081160626685
2026-10-10,0,wk inc rsv hosp,2026-10-10,28,quantile,0.05,2.4232150979052998
2026-10-10,0,wk inc rsv hosp,2026-10-10,28,quantile,0.1,3.080523581317966
2026-10-10,0,wk inc rsv hosp,2026-10-10,28,quantile,0.15,3.315563209907493
2026-10-10,0,wk inc rsv hosp,2026-10-10,28,quantile,0.2,3.3876990873496275
2026-10-10,0,wk inc rsv hosp,2026-10-10,28,quantile,0.25,3.441164353881647
2026-10-10,0,wk inc rsv hosp,2026-10-10,28,quantile,0.3,3.5777226890198692
2026-10-10,0,wk inc rsv hosp,2026-10-10,28,quantile,0.35,3.8816736078333394
2026-10-10,0,wk inc rsv hosp,2026-10-10,28,quantile,0.4,4.051594037765778
2026-10-10,0,wk inc rsv hosp,2026-10-10,28,quantile,0.45,4.430587885790236
2026-10-10,0,wk inc rsv hosp,2026-10-10,28,quantile,0.5,4.490568049916296
2026-10-10,0,wk inc rsv hosp,2026-10-10,28,quantile,0.55,4.588151752902103
2026-10-10,0,wk inc rsv hosp,2026-10-10,28,quantile,0.6,4.761867620911222
2026-10-10,0,wk inc rsv hosp,2026-10-10,28,quantile,0.65,5.361474455266692
2026-10-10,0,wk inc rsv hosp,2026-10-10,28,quantile,0.7,5.4868897387138755
2026-10-10,0,wk inc rsv hosp,2026-10-10,28,quantile,0.75,5.997841135728619
2026-10-10,0,wk inc rsv hosp,2026-10-10,28,quantile,0.8,6.267154613775601
2026-10-10,0,wk inc rsv hosp,2026-10-10,28,quantile,0.85,7.978890876397518
2026-10-10,0,wk inc rsv hosp,2026-10-10,28,quantile,0.9,9.855717767261224
2026-10-10,0,wk inc rsv hosp,2026-10-10,28,quantile,0.95,17.89985881755954
2026-10-10,0,wk inc rsv hosp,2026-10-10,28,quantile,0.975,26.540826504825365
2026-10-10,0,wk inc rsv hosp,2026-10-10,28,quantile,0.99,32.506044475028325
2026-10-10,0,wk inc rsv hosp,2026-10-10,29,quantile,0.01,2.7949510345037867
2026-10-10,0,wk inc rsv hosp,2026-10-10,29,quantile,0.025,2.8187191202580375
2026-10-10,0,wk inc rsv hosp,2026-10-10,29,quantile,0.05,2.8996473838097807
2026-10-10,0,wk inc rsv hosp,2026-10-10,29,quantile,0.1,3.2422119120017947
2026-10-10,0,wk inc rsv hosp,2026-10-10,29,quantile,0.15,3.6201660171973993
2026-10-10,0,wk inc rsv hosp,2026-10-10,29,quantile,0.2,5.043728882741105
2026-10-10,0,wk inc rsv hosp,2026-10-10,29,quantile,0.25,5.8914473560938845
2026-10-10,0,wk inc rsv hosp,2026-10-10,29,quantile,0.3,6.394356197367562
2026-10-10,0,wk inc rsv hosp,2026-10-10,29,quantile,0.35,6.576868405062716
2026-10-10,0,wk inc rsv hosp,2026-10-10,29,quantile,0.4,7.358748931489467
2026-10-10,0,wk inc rsv hosp,2026-10-10,29,quantile,0.45,7.630892478413582
2026-10-10,0,wk inc rsv hosp,2026-10-10,29,quantile,0.5,7.746529784117265
2026-10-10,0,wk inc rsv hosp,2026-10-10,29,quantile,0.55,7.936115953266626
2026-10-10,0,wk inc rsv hosp,2026-10-10,29,quantile,0.6,8.040206862216067
2026-10-10,0,wk inc rsv hosp,2026-10-10,29,quantile,0.65,8.297373059789564
2026-10-10,0,wk inc rsv hosp,2026-10-10,29,quantile,0.7,8.6383264626811
2026-10-10,0,wk inc rsv hosp,2026-10-10,29,quantile,0.75,9.690606647296477
2026-10-10,0,wk inc rsv hosp,2026-10-10,29,quantile,0.8,10.806036955244274
2026-10-10,0,wk inc rsv hosp,2026-10-10,29,quantile,0.85,11.92099402780175
2026-10-10,0,wk inc rsv hosp,2026-10-10,29,quantile,0.9,12.652495690618075
2026-10-10,0,wk inc rsv hosp,2026-10-10,29,quantile,0.95,13.975708950609192
2026-10-10,0,wk inc rsv hosp,2026-10-10,29,quantile,0.975,22.110995721194936
2026-10-10,0,wk inc rsv hosp,2026-10-10,29,quantile,0.99,33.76808268365198
2026-10-10,0,wk inc rsv hosp,2026-10-10,30,quantile,0.01,0.0
2026-10-10,0,wk inc rsv hosp,2026-10-10,30,quantile,0.025,0.0
2026-10-10,0,wk inc rsv hosp,2026-10-10,30,quantile,0.05,0.0
2026-10-10,0,wk inc rsv hosp,2026-10-10,30,quantile,0.1,0.0
2026-10-10,0,wk inc rsv hosp,2026-10-10,30,quantile,0.15,0.0
2026-10-10,0,wk inc rsv hosp,2026-10-10,30,quantile,0.2,0.0
2026-10-10,0,wk inc rsv hosp,2026-10-10,30,quantile,0.25,0.0
2026-10-10,0,wk inc rsv hosp,2026-10-10,30,quantile,0.3,0.0
2026-10-10,0,wk inc rsv hosp,2026-10-10,30,quantile,0.35,0.0
2026-10-10,0,wk inc rsv hosp,2026-10-10,30,quantile,0.4,0.0
2026-10-10,0,wk inc rsv hosp,2026-10-10,30,quantile,0.45,0.0
2026-10-10,0,wk inc rsv hosp,2026-10-10,30,quantile,0.5,0.0
2026-10-10,0,wk inc rsv hosp,2026-10-10,30,quantile,0.55,0.06885293953790896
2026-10-10,0,wk inc rsv hosp,2026-10-10,30,quantile,0.6,0.1581863011334894
2026-10-10,0,wk inc rsv hosp,2026-10-10,30,quantile,0.65,0.2769462381251532
2026-10-10,0,wk inc rsv hosp,2026-10-10,30,quantile,0.7,0.41195266053462404
2026-10-10,0,wk inc rsv hosp,2026-10-10,30,quantile,0.75,0.5223540437819625
2026-10-10,0,wk inc rsv hosp,2026-10-10,30,quantile,0.8,0.5989751552644353
2026-10-10,0,wk inc rsv hosp,2026-10-10,30,quantile,0.85,0.6191805314662076
2026-10-10,0,wk inc rsv hosp,2026-10-10,30,quantile,0.9,0.6559487938506813
2026-10-10,0,wk inc rsv hosp,2026-10-10,30,quantile,0.95,1.1517874183139916
2026-10-10,0,wk inc rsv hosp,2026-10-10,30,quantile,0.975,1.5888887347054308
2026-10-10,0,wk inc rsv hosp,2026-10-10,30,quantile,0.99,1.8739533205912304
2026-10-10,0,wk inc rsv hosp,2026-10-10,31,quantile,0.01,0.0
2026-10-10,0,wk inc rsv hosp,2026-10-10,31,quantile,0.025,0.0
2026-10-10,0,wk inc rsv hosp,2026-10-10,31,quantile,0.05,0.0
2026-10-10,0,wk inc rsv hosp,2026-10-10,31,quantile,0.1,0.0
2026-10-10,0,wk inc rsv hosp,2026-10-10,31,quantile,0.15,0.0
2026-10-10,0,wk inc rsv hosp,2026-10-10,31,quantile,0.2,0.10438755337997749
2026-10-10,0,wk inc rsv hosp,2026-10-10,31,quantile,0.25,0.13009854594291514
2026-10-10,0,wk inc rsv hosp,2026-10-10,31,quantile,0.3,0.1543753385657586
2026-10-10,0,wk inc rsv hosp,2026-10-10,31,quantile,0.35,0.23854086879302658
2026-10-10,0,wk inc rsv hosp,2026-10-10,31,quantile,0.4,0.3766296039675555
2026-10-10,0,wk inc rsv hosp,2026-10-10,31,quantile,0.45,0.4609703782882433
2026-10-10,0,wk inc rsv hosp,2026-10-10,31,quantile,0.5,0.5053272388487577
2026-10-10,0,wk inc rsv hosp,2026-10-10,31,quantile,0.55,0.535278397964098
2026-10-10,0,wk inc rsv hosp,2026-10-10,31,quantile,0.6,0.7069341918209634
2026-10-10,0,wk inc rsv hosp,2026-10-10,31,quantile,0.65,0.7895028349516515
2026-10-10,0,wk inc rsv hosp,2026-10-10,31,quantile,0.7,0.8728363936393225
2026-10-10,0,wk inc rsv hosp,2026-10-10,31,quantile,0.75,0.9719089903775038
2026-10-10,0,wk inc rsv hosp,2026-10-10,31,quantile,0.8,1.021026776895145
2026-10-10,0,wk inc rsv hosp,2026-10-10,31,quantile,0.85,1.1882040214392133
2026-10-10,0,wk inc rsv hosp,2026-10-10,31,quantile,0.9,1.5253973267286796
2026-10-10,0,wk inc rsv hosp,2026-10-10,31,quantile,0.95,1.8181229948631754
2026-10-10,0,wk inc rsv hosp,2026-10-10,31,quantile,0.975,1.9224771256748707
2026-10-10,0,wk inc rsv hosp,2026-10-10,31,quantile,0.99,2.0297147297040774
2026-10-10,0,wk inc rsv hosp,2026-10-10,32,quantile,0.01,0.0
2026-10-10,0,wk inc rsv hosp,2026-10-10,32,quantile,0.025,0.0
2026-10-10,0,wk inc rsv hosp,2026-10-10,32,quantile,0.05,0.0
2026-10-10,0,wk inc rsv hosp,2026-10-10,32,quantile,0.1,0.0
2026-10-10,0,wk inc rsv hosp,2026-10-10,32,quantile,0.15,0.0056178678235588655
2026-10-10,0,wk inc rsv hosp,2026-10-10,32,quantile,0.2,0.06483452851949284
2026-10-10,0,wk inc rsv hosp,2026-10-10,32,quantile,0.25,0.16553806688108536
2026-10-10,0,wk inc rsv hosp,2026-10-10,32,quantile,0.3,0.2280127732167033
2026-10-10,0,wk inc rsv hosp,2026-10-10,32,quantile,0.35,0.29636220567351923
2026-10-10,0,wk inc rsv hosp,2026-10-10,32,quantile,0.4,0.32551621489648164
2026-10-10,0,wk inc rsv hosp,2026-10-10,32,quantile,0.45,0.3841592508269407
2026-10-10,0,wk inc rsv hosp,2026-10-10,32,quantile,0.5,0.5000043134855443
2026-10-10,0,wk inc rsv hosp,2026-10-10,32,quantile,0.55,0.5490520227044685
2026-10-10,0,wk inc rsv hosp,2026-10-10,32,quantile,0.6,0.6440288567763084
2026-10-10,0,wk inc rsv hosp,2026-10-10,32,quantile,0.65,0.6720732502811306
2026-10-10,0,wk inc rsv hosp,2026-10-10,32,quantile,0.7,0.8541566469923959
2026-10-10,0,wk inc rsv hosp,2026-10-10,32,quantile,0.75,1.0762219291919843
2026-10-10,0,wk inc rsv hosp,2026-10-10,32,quantile,0.8,1.105518457136826
2026-10-10,0,wk inc rsv hosp,2026-10-10,32,quantile,0.85,1.435498201112537
2026-10-10,0,wk inc rsv hosp,2026-10-10,32,quantile,0.9,1.562114044785086
2026-10-10,0,wk inc rsv hosp,2026-10-10,32,quantile,0.95,2.3041513927400192
2026-10-10,0,wk inc rsv hosp,2026-10-10,32,quantile,0.975,2.6083960264423154
2026-10-10,0,wk inc rsv hosp,2026-10-10,32,quantile,0.99,2.634523307126863
2026-10-10,0,wk inc rsv hosp,2026-10-10,33,quantile,0.01,0.0
2026-10-10,0,wk inc rsv hosp,2026-10-10,33,quantile,0.025,0.0
2026-10-10,0,wk inc rsv hosp,2026-10-10,33,quantile,0.05,0.0
2026-10-10,0,wk inc rsv hosp,2026-10-10,33,quantile,0.1,0.14601017728673113
2026-10-10,0,wk inc rsv hosp,2026-10-10,33,quantile,0.15,0.24017315897886118
2026-10-10,0,wk inc rsv hosp,2026-10-10,33,quantile,0.2,0.6333336057170407
2026-10-10,0,wk inc rsv hosp,2026-10-10,33,quantile,0.25,0.8836716309579636
2026-10-10,0,wk inc rsv hosp,2026-10-10,33,quantile,0.3,1.28686848533517
2026-10-10,0,wk inc rsv hosp,2026-10-10,33,quantile,0.35,1.3816192075866343
2026-10-10,0,wk inc rsv hosp,2026-10-10,33,quantile,0.4,1.4440080427886444
2026-10-10,0,wk inc rsv hosp,2026-10-10,33,quantile,0.45,1.4812482888949543
2026-10-10,0,wk inc rsv hosp,2026-10-10,33,quantile,0.5,1.710496047222911
2026-10-10,0,wk inc rsv hosp,2026-10-10,33,quantile,0.55,1.957437878019706
2026-10-10,0,wk inc rsv hosp,2026-10-10,33,quantile,0.6,2.0505267235914255
2026-10-10,0,wk inc rsv hosp,2026-10-10,33,quantile,0.65,2.108672519596007
2026-10-10,0,wk inc rsv hosp,2026-10-10,33,quantile,0.7,2.176296553443478
2026-10-10,0,wk inc rsv hosp,2026-10-10,33,quantile,0.75,2.3033125417734874
2026-10-10,0,wk inc rsv hosp,2026-10-10,33,quantile,0.8,2.6778596868789295
2026-10-10,0,wk inc rsv hosp,2026-10-10,33,quantile,0.85,2.799845314993411
2026-10-10,0,wk inc rsv hosp,2026-10-10,33,quantile,0.9,3.1868582986458476
2026-10-10,0,wk inc rsv hosp,2026-10-10,33,quantile,0.95,3.5333229165579736
2026-10-10,0,wk inc rsv hosp,2026-10-10,33,quantile,0.975,4.2275088747973095
2026-10-10,0,wk inc rsv hosp,2026-10-10,33,quantile,0.99,5.017333543042163
2026-10-10,0,wk inc rsv hosp,2026-10-10,34,quantile,0.01,7.443755305304002
2026-10-10,0,wk inc rsv hosp,2026-10-10,34,quantile,0.025,7.883587291058179
2026-10-10,0,wk inc rsv hosp,2026-10-10,34,quantile,0.05,9.172444973099559
2026-10-10,0,wk inc rsv hosp,2026-10-10,34,quantile,0.1,12.23619156114902
2026-10-10,0,wk inc rsv hosp,2026-10-10,34,quantile,0.15,12.442920153723824
2026-10-10,0,wk inc rsv hosp,2026-10-10,34,quantile,0.2,13.048602128387895
2026-10-10,0,wk inc rsv hosp,2026-10-10,34,quantile,0.25,13.538430576003911
2026-10-10,0,wk inc rsv hosp,2026-10-10,34,quantile,0.3,13.838420096146193
2026-10-10,0,wk inc rsv hosp,2026-10-10,34,quantile,0.35,13.86924156267635
2026-10-10,0,wk inc rsv hosp,2026-10-10,34,quantile,0.4,14.790835538567517
2026-10-10,0,wk inc rsv hosp,2026-10-10,34,quantile,0.45,15.175569258753848
2026-10-10,0,wk inc rsv hosp,2026-10-10,34,quantile,0.5,16.085970786741147
2026-10-10,0,wk inc rsv hosp,2026-10-10,34,quantile,0.55,16.993460247884844
2026-10-10,0,wk inc rsv hosp,2026-10-10,34,quantile,0.6,17.865139286788843
2026-10-10,0,wk inc rsv hosp,2026-10-10,34,quantile,0.65,18.327494029619473
2026-10-10,0,wk inc rsv hosp,2026-10-10,34,quantile,0.7,18.7169443898613
2026-10-10,0,wk inc rsv hosp,2026-10-10,34,quantile,0.75,19.441110429205988
2026-10-10,0,wk inc rsv hosp,2026-10-10,34,quantile,0.8,20.69434648550121
2026-10-10,0,wk inc rsv hosp,2026-10-10,34,quantile,0.85,23.27653470632805
2026-10-10,0,wk inc rsv hosp,2026-10-10,34,quantile,0.9,31.290516592658527
2026-10-10,0,wk inc rsv hosp,2026-10-10,34,quantile,0.95,40.66690510173917
2026-10-10,0,wk inc rsv hosp,2026-10-10,34,quantile,0.975,63.46304209173512
2026-10-10,0,wk inc rsv hosp,2026-10-10,34,quantile,0.99,94.33906219484729
2026-10-10,0,wk inc rsv hosp,2026-10-10,35,quantile,0.01,0.0
2026-10-10,0,wk inc rsv hosp,2026-10-10,35,quantile,0.025,0.0
2026-10-10,0,wk inc rsv hosp,2026-10-10,35,quantile,0.05,0.0
2026-10-10,0,wk inc rsv hosp,2026-10-10,35,quantile,0.1,0.382599202251758
2026-10-10,0,wk inc rsv hosp,2026-10-10,35,quantile,0.15,0.9003044661309854
2026-10-10,0,wk inc rsv hosp,2026-10-10,35,quantile,0.2,1.0232797104045077
2026-10-10,0,wk inc rsv hosp,2026-10-10,35,quantile,0.25,1.070327761912639
2026-10-10,0,wk inc rsv hosp,2026-10-10,35,quantile,0.3,1.2396144065893009
2026-10-10,0,wk inc rsv hosp,2026-10-10,35,quantile,0.35,1.360309952190216
2026-10-10,0,wk inc rsv hosp,2026-10-10,35,quantile,0.4,1.4185932046708198
2026-10-10,0,wk inc rsv hosp,2026-10-10,35,quantile,0.45,1.5045274189460638
2026-10-10,0,wk inc rsv hosp,2026-10-10,35,quantile,0.5,1.647732618985755
2026-10-10,0,wk inc rsv hosp,2026-10-10,35,quantile,0.55,1.7638367096923435
2026-10-10,0,wk inc rsv hosp,2026-10-10,35,quantile,0.6,1.8289715495696353
2026-10-10,0,wk inc rsv hosp,2026-10-10,35,quantile,0.65,2.0246208396415115
2026-10-10,0,wk inc rsv hosp,2026-10-10,35,quantile,0.7,2.134173828827576
2026-10-10,0,wk inc rsv hosp,2026-10-10,35,quantile,0.75,2.320782959881685
2026-10-10,0,wk inc rsv hosp,2026-10-10,35,quantile,0.8,2.4988530126532575
2026-10-10,0,wk inc rsv hosp,2026-10-10,35,quantile,0.85,2.7909129811266604
2026-10-10,0,wk inc rsv hosp,2026-10-10,35,quantile,0.9,3.075310862984189
2026-10-10,0,wk inc rsv hosp,2026-10-10,35,quantile,0.95,3.582702004006002
2026-10-10,0,wk inc rsv hosp,2026-10-10,35,quantile,0.975,6.033787250447828
2026-10-10,0,wk inc rsv hosp,2026-10-10,35,quantile,0.99,9.467299846333777
2026-10-10,0,wk inc rsv hosp,2026-10-10,36,quantile,0.01,26.431591577184733
2026-10-10,0,wk inc rsv hosp,2026-10-10,36,quantile,0.025,27.771693212486785
2026-10-10,0,wk inc rsv hosp,2026-10-10,36,quantile,0.05,29.70380267166007
2026-10-10,0,wk inc rsv hosp,2026-10-10,36,quantile,0.1,33.19023951689466
2026-10-10,0,wk inc rsv hosp,2026-10-10,36,quantile,0.15,35.640719450228055
2026-10-10,0,wk inc rsv hosp,2026-10-10,36,quantile,0.2,36.60019570180843
2026-10-10,0,wk inc rsv hosp,2026-10-10,36,quantile,0.25,37.17398058366552
2026-10-10,0,wk inc rsv hosp,2026-10-10,36,quantile,0.3,38.83037824630307
2026-10-10,0,wk inc rsv hosp,2026-10-10,36,quantile,0.35,39.54054889920747
2026-10-10,0,wk inc rsv hosp,2026-10-10,36,quantile,0.4,41.46014538788525
2026-10-10,0,wk inc rsv hosp,2026-10-10,36,quantile,0.45,42.47975767757799
2026-10-10,0,wk inc rsv hosp,2026-10-10,36,quantile,0.5,43.07905077936584
2026-10-10,0,wk inc rsv hosp,2026-10-10,36,quantile,0.55,43.22975133396164
2026-10-10,0,wk inc rsv hosp,2026-10-10,36,quantile,0.6,43.43241772003116
2026-10-10,0,wk inc rsv hosp,2026-10-10,36,quantile,0.65,43.74617800611516
2026-10-10,0,wk inc rsv hosp,2026-10-10,36,quantile,0.7,44.361291889759215
2026-10-10,0,wk inc rsv hosp,2026-10-10,36,quantile,0.75,45.83102417511042
2026-10-10,0,wk inc rsv hosp,2026-10-10,36,quantile,0.8,46.39163418585431
2026-10-10,0,wk inc rsv hosp,2026-10-10,36,quantile,0.85,50.09451556094744
2026-10-10,0,wk inc rsv hosp,2026-10-10,36,quantile,0.9,55.39316523997686
2026-10-10,0,wk inc rsv hosp,2026-10-10,36,quantile,0.95,61.19918196376552
2026-10-10,0,wk inc rsv hosp,2026-10-10,36,quantile,0.975,84.03861696650934
2026-10-10,0,wk inc rsv hosp,2026-10-10,36,quantile,0.99,111.96763102659828
2026-10-10,0,wk inc rsv hosp,2026-10-10,37,quantile,0.01,9.815577453532963
2026-10-10,0,wk inc rsv hosp,2026-10-10,37,quantile,0.025,10.667190312312941
2026-10-10,0,wk inc rsv hosp,2026-10-10,37,quantile,0.05,11.605033053686094
2026-10-10,0,wk inc rsv hosp,2026-10-10,37,quantile,0.1,13.932208616309275
2026-10-10,0,wk inc rsv hosp,2026-10-10,37,quantile,0.15,19.71083995083398
2026-10-10,0,wk inc rsv hosp,2026-10-10,37,quantile,0.2,22.089000192086328
2026-10-10,0,wk inc rsv hosp,2026-10-10,37,quantile,0.25,22.241274918086425
2026-10-10,0,wk inc rsv hosp,2026-10-10,37,quantile,0.3,22.566822363670354
2026-10-10,0,wk inc rsv hosp,2026-10-10,37,quantile,0.35,23.260444711479828
2026-10-10,0,wk inc rsv hosp,2026-10-10,37,quantile,0.4,24.06775062514796
2026-10-10,0,wk inc rsv hosp,2026-10-10,37,quantile,0.45,24.7862682123945
2026-10-10,0,wk inc rsv hosp,2026-10-10,37,quantile,0.5,24.986939969409676
2026-10-10,0,wk inc rsv hosp,2026-10-10,37,quantile,0.55,25.466935331504708
2026-10-10,0,wk inc rsv hosp,2026-10-10,37,quantile,0.6,26.793721878535333
2026-10-10,0,wk inc rsv hosp,2026-10-10,37,quantile,0.65,27.185328877452825
2026-10-10,0,wk inc rsv hosp,2026-10-10,37,quantile,0.7,27.91301740454983
2026-10-10,0,wk inc rsv hosp,2026-10-10,37,quantile,0.75,28.756338378516965
2026-10-10,0,wk inc rsv hosp,2026-10-10,37,quantile,0.8,31.24065833146091
2026-10-10,0,wk inc rsv hosp,2026-10-10,37,quantile,0.85,36.73254654623884
2026-10-10,0,wk inc rsv hosp,2026-10-10,37,quantile,0.9,41.301855046192586
2026-10-10,0,wk inc rsv hosp,2026-10-10,37,quantile,0.95,55.14949787171689
2026-10-10,0,wk inc rsv hosp,2026-10-10,37,quantile,0.975,61.770483939422256
2026-10-10,0,wk inc rsv hosp,2026-10-10,37,quantile,0.99,63.20548340899078
2026-10-10,0,wk inc rsv hosp,2026-10-10,38,quantile,0.01,0.0
2026-10-10,0,wk inc rsv hosp,2026-10-10,38,quantile,0.025,0.0
2026-10-10,0,wk inc rsv hosp,2026-10-10,38,quantile,0.05,0.0
2026-10-10,0,wk inc rsv hosp,2026-10-10,38,quantile,0.1,0.0
2026-10-10,0,wk inc rsv hosp,2026-10-10,38,quantile,0.15,0.0
2026-10-10,0,wk inc rsv hosp,2026-10-10,38,quantile,0.2,0.0
2026-10-10,0,wk inc rsv hosp,2026-10-10,38,quantile,0.25,0.0
2026-10-10,0,wk inc rsv hosp,2026-10-10,38,quantile,0.3,0.0
2026-10-10,0,wk inc rsv hosp,2026-10-10,38,quantile,0.35,0.0
2026-10-10,0,wk inc rsv hosp,2026-10-10,38,quantile,0.4,0.0
2026-10-10,0,wk inc rsv hosp,2026-10-10,38,quantile,0.45,0.0
2026-10-10,0,wk inc rsv hosp,2026-10-10,38,quantile,0.5,0.02797687551292537
2026-10-10,0,wk inc rsv hosp,2026-10-10,38,quantile,0.55,0.05261783768900483
2026-10-10,0,wk inc rsv hosp,2026-10-10,38,quantile,0.6,0.10540090200922782
2026-10-10,0,wk inc rsv hosp,2026-10-10,38,quantile,0.65,0.123517939147307
2026-10-10,0,wk inc rsv hosp,2026-10-10,38,quantile,0.7,0.13201708550836544
2026-10-10,0,wk inc rsv hosp,2026-10-10,38,quantile,0.75,0.14596264155585403
2026-10-10,0,wk inc rsv hosp,2026-10-10,38,quantile,0.8,0.1601805137597182
2026-10-10,0,wk inc rsv hosp,2026-10-10,38,quantile,0.85,0.36526275031684075
2026-10-10,0,wk inc rsv hosp,2026-10-10,38,quantile,0.9,0.7141629542859669
2026-10-10,0,wk inc rsv hosp,2026-10-10,38,quantile,0.95,0.9333491800796851
2026-10-10,0,wk inc rsv hosp,2026-10-10,38,quantile,0.975,1.3133703135894705
2026-10-10,0,wk inc rsv hosp,2026-10-10,38,quantile,0.99,1.6758411038985228
2026-10-10,0,wk inc rsv hosp,2026-10-10,39,quantile,0.01,2.479567369731257
2026-10-10,0,wk inc rsv hosp,2026-10-10,39,quantile,0.025,3.260966371094219
2026-10-10,0,wk inc rsv hosp,2026-10-10,39,quantile,0.05,4.370906112419288
2026-10-10,0,wk inc rsv hosp,2026-10-10,39,quantile,0.1,5.312374941063179
2026-10-10,0,wk inc rsv hosp,2026-10-10,39,quantile,0.15,6.019003563058149
2026-10-10,0,wk inc rsv hosp,2026-10-10,39,quantile,0.2,6.375303571939257
2026-10-10,0,wk inc rsv hosp,2026-10-10,39,quantile,0.25,6.555791489802832
2026-10-10,0,wk inc rsv hosp,2026-10-10,39,quantile,0.3,6.606593203099763
2026-10-10,0,wk inc rsv hosp,2026-10-10,39,quantile,0.35,6.986453386140378
2026-10-10,0,wk inc rsv hosp,2026-10-10,39,quantile,0.4,7.108403953752609
2026-10-10,0,wk inc rsv hosp,2026-10-10,39,quantile,0.45,7.275777574799426
2026-10-10,0,wk inc rsv hosp,2026-10-10,39,quantile,0.5,7.537310698675185
2026-10-10,0,wk inc rsv hosp,2026-10-10,39,quantile,0.55,7.716048777557045
2026-10-10,0,wk inc rsv hosp,2026-10-10,39,quantile,0.6,7.762693693503843
2026-10-10,0,wk inc rsv hosp,2026-10-10,39,quantile,0.65,8.177416807745011
2026-10-10,0,wk inc rsv hosp,2026-10-10,39,quantile,0.7,8.640043306078331
2026-10-10,0,wk inc rsv hosp,2026-10-10,39,quantile,0.75,8.91437534077657
2026-10-10,0,wk inc rsv hosp,2026-10-10,39,quantile,0.8,9.695643795959098
2026-10-10,0,wk inc rsv hosp,2026-10-10,39,quantile,0.85,10.445911260441015
2026-10-10,0,wk inc rsv hosp,2026-10-10,39,quantile,0.9,12.479100201127553
2026-10-10,0,wk inc rsv hosp,2026-10-10,39,quantile,0.95,17.74167013831377
2026-10-10,0,wk inc rsv hosp,2026-10-10,39,quantile,0.975,25.160420933445778
2026-10-10,0,wk inc rsv hosp,2026-10-10,39,quantile,0.99,32.57460667267405
2026-10-10,0,wk inc rsv hosp,2026-10-10,40,quantile,0.01,0.0
2026-10-10,0,wk inc rsv hosp,2026-10-10,40,quantile,0.025,0.0
2026-10-10,0,wk inc rsv hosp,2026-10-10,40,quantile,0.05,0.0
2026-10-10,0,wk inc rsv hosp,2026-10-10,40,quantile,0.1,0.0
2026-10-10,0,wk inc rsv hosp,2026-10-10,40,quantile,0.15,0.0
2026-10-10,0,wk inc rsv hosp,2026-10-10,40,quantile,0.2,0.0
2026-10-10,0,wk inc rsv hosp,2026-10-10,40,quantile,0.25,0.0
2026-10-10,0,wk inc rsv hosp,2026-10-10,40,quantile,0.3,0.10565814995586993
2026-10-10,0,wk inc rsv hosp,2026-10-10,40,quantile,0.35,0.14752601088738054
2026-10-10,0,wk inc rsv hosp,2026-10-10,40,quantile,0.4,0.1654240654978748
2026-10-10,0,wk inc rsv hosp,2026-10-10,40,quantile,0.45,0.17934399785975388
2026-10-10,0,wk inc rsv hosp,2026-10-10,40,quantile,0.5,0.2201544416420864
2026-10-10,0,wk inc rsv hosp,2026-10-10,40,quantile,0.55,0.3065972813236969
2026-10-10,0,wk inc rsv hosp,2026-10-10,40,quantile,0.6,0.3283272144285385
2026-10-10,0,wk inc rsv hosp,2026-10-10,40,quantile,0.65,0.3374313589236751
2026-10-10,0,wk inc rsv hosp,2026-10-10,40,quantile,0.7,0.3696668500102731
2026-10-10,0,wk inc rsv hosp,2026-10-10,40,quantile,0.75,0.42828359370969415
2026-10-10,0,wk inc rsv hosp,2026-10-10,40,quantile,0.8,0.4757749778684984
2026-10-10,0,wk inc rsv hosp,2026-10-10,40,quantile,0.85,0.4923788785451833
2026-10-10,0,wk inc rsv hosp,2026-10-10,40,quantile,0.9,0.591501032750136
2026-10-10,0,wk inc rsv hosp,2026-10-10,40,quantile,0.95,0.7060257036133228
2026-10-10,0,wk inc rsv hosp,2026-10-10,40,quantile,0.975,1.2872685910744415
2026-10-10,0,wk inc rsv hosp,2026-10-10,40,quantile,0.99,2.0567112713573605
2026-10-10,0,wk inc rsv hosp,2026-10-10,41,quantile,0.01,0.0
2026-10-10,0,wk inc rsv hosp,2026-10-10,41,quantile,0.025,0.0
2026-10-10,0,wk inc rsv hosp,2026-10-10,41,quantile,0.05,0.10277407779108111
2026-10-10,0,wk inc rsv hosp,2026-10-10,41,quantile,0.1,0.2099154532282469
2026-10-10,0,wk inc rsv hosp,2026-10-10,41,quantile,0.15,0.4026745680748467
2026-10-10,0,wk inc rsv hosp,2026-10-10,41,quantile,0.2,0.7018432270625872
2026-10-10,0,wk inc rsv hosp,2026-10-10,41,quantile,0.25,0.8124442203301538
2026-10-10,0,wk inc rsv hosp,2026-10-10,41,quantile,0.3,0.8547706030146931
2026-10-10,0,wk inc rsv hosp,2026-10-10,41,quantile,0.35,0.8620134684920462
2026-10-10,0,wk inc rsv hosp,2026-10-10,41,quantile,0.4,0.917435253189022
2026-10-10,0,wk inc rsv hosp,2026-10-10,41,quantile,0.45,0.963301859777327
2026-10-10,0,wk inc rsv hosp,2026-10-10,41,quantile,0.5,1.1009482345198716
2026-10-10,0,wk inc rsv hosp,2026-10-10,41,quantile,0.55,1.133862922044897
2026-10-10,0,wk inc rsv hosp,2026-10-10,41,quantile,0.6,1.2446431501699418
2026-10-10,0,wk inc rsv hosp,2026-10-10,41,quantile,0.65,1.338737357966898
2026-10-10,0,wk inc rsv hosp,2026-10-10,41,quantile,0.7,1.5283104967725252
2026-10-10,0,wk inc rsv hosp,2026-10-10,41,quantile,0.75,1.6839555258664205
2026-10-10,0,wk inc rsv hosp,2026-10-10,41,quantile,0.8,2.2267466348788685
2026-10-10,0,wk inc rsv hosp,2026-10-10,41,quantile,0.85,2.951248825288057
2026-10-10,0,wk inc rsv hosp,2026-10-10,41,quantile,0.9,4.232125814768876
2026-10-10,0,wk inc rsv hosp,2026-10-10,41,quantile,0.95,4.786907336852825
2026-10-10,0,wk inc rsv hosp,2026-10-10,41,quantile,0.975,5.9863198732092595
2026-10-10,0,wk inc rsv hosp,2026-10-10,41,quantile,0.99,7.380457304992766
2026-10-10,0,wk inc rsv hosp,2026-10-10,42,quantile,0.01,29.103895940129362
2026-10-10,0,wk inc rsv hosp,2026-10-10,42,quantile,0.025,32.46878037382956
2026-10-10,0,wk inc rsv hosp,2026-10-10,42,quantile,0.05,36.55610956908392
2026-10-10,0,wk inc rsv hosp,2026-10-10,42,quantile,0.1,37.92441049241373
2026-10-10,0,wk inc rsv hosp,2026-10-10,42,quantile,0.15,38.482558124529206
2026-10-10,0,wk inc rsv hosp,2026-10-10,42,quantile,0.2,40.54432763412356
2026-10-10,0,wk inc rsv hosp,2026-10-10,42,quantile,0.25,41.51777381982059
2026-10-10,0,wk inc rsv hosp,2026-10-10,42,quantile,0.3,41.962957018440896
2026-10-10,0,wk inc rsv hosp,2026-10-10,42,quantile,0.35,42.84837921103896
2026-10-10,0,wk inc rsv hosp,2026-10-10,42,quantile,0.4,43.50348078214574
2026-10-10,0,wk inc rsv hosp,2026-10-10,42,quantile,0.45,44.23890473532526
2026-10-10,0,wk inc rsv hosp,2026-10-10,42,quantile,0.5,45.795364421745475
2026-10-10,0,wk inc rsv hosp,2026-10-10,42,quantile,0.55,46.17143372143655
2026-10-10,0,wk inc rsv hosp,2026-10-10,42,quantile,0.6,47.42286130365665
2026-10-10,0,wk inc rsv hosp,2026-10-10,42,quantile,0.65,48.45949083780516
2026-10-10,0,wk inc rsv hosp,2026-10-10,42,quantile,0.7,48.95822056925539
2026-10-10,0,wk inc rsv hosp,2026-10-10,42,quantile,0.75,50.18597422445397
2026-10-10,0,wk inc rsv hosp,2026-10-10,42,quantile,0.8,52.468358959457696
2026-10-10,0,wk inc rsv hosp,2026-10-10,42,quantile,0.85,52.830520301506795
2026-10-10,0,wk inc rsv hosp,2026-10-10,42,quantile,0.9,55.091077033818564
2026-10-10,0,wk inc rsv hosp,2026-10-10,42,quantile,0.95,60.879964866950914
2026-10-10,0,wk inc rsv hosp,2026-10-10,42,quantile,0.975,63.58233316765951
2026-10-10,0,wk inc rsv hosp,2026-10-10,42,quantile,0.99,64.8350476293203
2026-10-10,0,wk inc rsv hosp,2026-10-10,44,quantile,0.01,0.0
2026-10-10,0,wk inc rsv hosp,2026-10-10,44,quantile,0.025,0.04825760893833798
2026-10-10,0,wk inc rsv hosp,2026-10-10,44,quantile,0.05,0.21858550472256888
2026-10-10,0,wk inc rsv hosp,2026-10-10,44,quantile,0.1,0.685270627926178
2026-10-10,0,wk inc rsv hosp,2026-10-10,44,quantile,0.15,1.1007344191632225
2026-10-10,0,wk inc rsv hosp,2026-10-10,44,quantile,0.2,1.204414732157348
2026-10-10,0,wk inc rsv hosp,2026-10-10,44,quantile,0.25,1.5981106274451906
2026-10-10,0,wk inc rsv hosp,2026-10-10,44,quantile,0.3,1.7375096132133256
2026-10-10,0,wk inc rsv hosp,2026-10-10,44,quantile,0.35,1.837052962569366
2026-10-10,0,wk inc rsv hosp,2026-10-10,44,quantile,0.4,1.9678005724612193
2026-10-10,0,wk inc rsv hosp,2026-10-10,44,quantile,0.45,2.1196150789840886
2026-10-10,0,wk inc rsv hosp,2026-10-10,44,quantile,0.5,2.31025161668794
2026-10-10,0,wk inc rsv hosp,2026-10-10,44,quantile,0.55,2.6954373979787802
2026-10-10,0,wk inc rsv hosp,2026-10-10,44,quantile,0.6,2.8227863366671073
2026-10-10,0,wk inc rsv hosp,2026-10-10,44,quantile,0.65,2.9351025155661925
2026-10-10,0,wk inc rsv hosp,2026-10-10,44,quantile,0.7,3.09713943297422
2026-10-10,0,wk inc rsv hosp,2026-10-10,44,quantile,0.75,3.1857773988149827
2026-10-10,0,wk inc rsv hosp,2026-10-10,44,quantile,0.8,3.663521281349678
2026-10-10,0,wk inc rsv hosp,2026-10-10,44,quantile,0.85,3.766896391522016
2026-10-10,0,wk inc rsv hosp,2026-10-10,44,quantile,0.9,4.111940061483667
2026-10-10,0,wk inc rsv hosp,2026-10-10,44,quantile,0.95,4.244493802658517
2026-10-10,0,wk inc rsv hosp,2026-10-10,44,quantile,0.975,5.848839082777672
2026-10-10,0,wk inc rsv hosp,2026-10-10,44,quantile,0.99,7.887663883045157
2026-10-10,0,wk inc rsv hosp,2026-10-10,45,quantile,0.01,2.7545643995716382
2026-10-10,0,wk inc rsv hosp,2026-10-10,45,quantile,0.025,3.3724730472812743
2026-10-10,0,wk inc rsv hosp,2026-10-10,45,quantile,0.05,4.583363353450624
2026-10-10,0,wk inc rsv hosp,2026-10-10,45,quantile,0.1,6.433799358093276
2026-10-10,0,wk inc rsv hosp,2026-10-10,45,quantile,0.15,6.571918448968334
2026-10-10,0,wk inc rsv hosp,2026-10-10,45,quantile,0.2,8.590711653992683
2026-10-10,0,wk inc rsv hosp,2026-10-10,45,quantile,0.25,9.2278594858175
2026-10-10,0,wk inc rsv hosp,2026-10-10,45,quantile,0.3,9.440604160169254
2026-10-10,0,wk inc rsv hosp,2026-10-10,45,quantile,0.35,9.80529136196459
2026-10-10,0,wk inc rsv hosp,2026-10-10,45,quantile,0.4,10.584854099454098
2026-10-10,0,wk inc rsv hosp,2026-10-10,45,quantile,0.45,11.055403205258846
2026-10-10,0,wk inc rsv hosp,2026-10-10,45,quantile,0.5,11.59365210074147
2026-10-10,0,wk inc rsv hosp,2026-10-10,45,quantile,0.55,11.630787646327885
2026-10-10,0,wk inc rsv hosp,2026-10-10,45,quantile,0.6,11.893167997833562
2026-10-10,0,wk inc rsv hosp,2026-10-10,45,quantile,0.65,12.029279513855192
2026-10-10,0,wk inc rsv hosp,2026-10-10,45,quantile,0.7,12.277877435693537
2026-10-10,0,wk inc rsv hosp,2026-10-10,45,quantile,0.75,13.115268494657998
2026-10-10,0,wk inc rsv hosp,2026-10-10,45,quantile,0.8,14.631165715548455
2026-10-10,0,wk inc rsv hosp,2026-10-10,45,quantile,0.85,16.05791949496951
2026-10-10,0,wk inc rsv hosp,2026-10-10,45,quantile,0.9,18.863348877411532
2026-10-10,0,wk inc rsv hosp,2026-10-10,45,quantile,0.95,22.707743235964294
2026-10-10,0,wk inc rsv hosp,2026-10-10,45,quantile,0.975,25.664653389384593
2026-10-10,0,wk inc rsv hosp,2026-10-10,45,quantile,0.99,28.53149355671745
2026-10-10,0,wk inc rsv hosp,2026-10-10,46,quantile,0.01,0.0
2026-10-10,0,wk inc rsv hosp,2026-10-10,46,quantile,0.025,0.021703130044103694
2026-10-10,0,wk inc rsv hosp,2026-10-10,46,quantile,0.05,0.26017769014220704
2026-10-10,0,wk inc rsv hosp,2026-10-10,46,quantile,0.1,0.701581712775373
2026-10-10,0,wk inc rsv hosp,2026-10-10,46,quantile,0.15,0.911154020719296
2026-10-10,0,wk inc rsv hosp,2026-10-10,46,quantile,0.2,1.0551506077284434
2026-10-10,0,wk inc rsv hosp,2026-10-10,46,quantile,0.25,1.135820513599278
2026-10-10,0,wk inc rsv hosp,2026-10-10,46,quantile,0.3,1.353081513237771
2026-10-10,0,wk inc rsv hosp,2026-10-10,46,quantile,0.35,1.451309477657189
2026-10-10,0,wk inc rsv hosp,2026-10-10,46,quantile,0.4,1.5528699898277667
2026-10-10,0,wk inc rsv hosp,2026-10-10,46,quantile,0.45,1.5792862535894463
2026-10-10,0,wk inc rsv hosp,2026-10-10,46,quantile,0.5,1.6938300855438209
2026-10-10,0,wk inc rsv hosp,2026-10-10,46,quantile,0.55,1.7856262887793402
2026-10-10,0,wk inc rsv hosp,2026-10-10,46,quantile,0.6,2.4072422699235028
2026-10-10,0,wk inc rsv hosp,2026-10-10,46,quantile,0.65,2.4668164688408414
2026-10-10,0,wk inc rsv hosp,2026-10-10,46,quantile,0.7,2.587404449071835
2026-10-10,0,wk inc rsv hosp,2026-10-10,46,quantile,0.75,2.816322754053889
2026-10-10,0,wk inc rsv hosp,2026-10-10,46,quantile,0.8,2.874843228986311
2026-10-10,0,wk inc rsv hosp,2026-10-10,46,quantile,0.85,3.6902071651703543
2026-10-10,0,wk inc rsv hosp,2026-10-10,46,quantile,0.9,4.258295080408886
2026-10-10,0,wk inc rsv hosp,2026-10-10,46,quantile,0.95,4.533287913121038
2026-10-10,0,wk inc rsv hosp,2026-10-10,46,quantile,0.975,5.210431754845919
2026-10-10,0,wk inc rsv hosp,2026-10-10,46,quantile,0.99,5.886998433833529
2026-10-10,0,wk inc rsv hosp,2026-10-10,47,quantile,0.01,4.440030688506562
2026-10-10,0,wk inc rsv hosp,2026-10-10,47,quantile,0.025,4.535276080733868
2026-10-10,0,wk inc rsv hosp,2026-10-10,47,quantile,0.05,4.782158928175125
2026-10-10,0,wk inc rsv hosp,2026-10-10,47,quantile,0.1,6.092630518551847
2026-10-10,0,wk inc rsv hosp,2026-10-10,47,quantile,0.15,7.187408724749262
2026-10-10,0,wk inc rsv hosp,2026-10-10,47,quantile,0.2,7.647782728002682
2026-10-10,0,wk inc rsv hosp,2026-10-10,47,quantile,0.25,8.352182767008511
2026-10-10,0,wk inc rsv hosp,2026-10-10,47,quantile,0.3,8.52123417031491
2026-10-10,0,wk inc rsv hosp,2026-10-10,47,quantile,0.35,8.614826281960589
2026-10-10,0,wk inc rsv hosp,2026-10-10,47,quantile,0.4,9.815459873317526
2026-10-10,0,wk inc rsv hosp,2026-10-10,47,quantile,0.45,10.136455281487251
2026-10-10,0,wk inc rsv hosp,2026-10-10,47,quantile,0.5,10.486118253840921
2026-10-10,0,wk inc rsv hosp,2026-10-10,47,quantile,0.55,10.72878402054154
2026-10-10,0,wk inc rsv hosp,2026-10-10,47,quantile,0.6,11.06709241677279
2026-10-10,0,wk inc rsv hosp,2026-10-10,47,quantile,0.65,11.873129162089201
2026-10-10,0,wk inc rsv hosp,2026-10-10,47,quantile,0.7,12.681604958956093
2026-10-10,0,wk inc rsv hosp,2026-10-10,47,quantile,0.75,13.850547951741685
2026-10-10,0,wk inc rsv hosp,2026-10-10,47,quantile,0.8,14.147137419267542
2026-10-10,0,wk inc rsv hosp,2026-10-10,47,quantile,0.85,15.834532075046853
2026-10-10,0,wk inc rsv hosp,2026-10-10,47,quantile,0.9,23.34132161888818
2026-10-10,0,wk inc rsv hosp,2026-10-10,47,quantile,0.95,28.056288446019842
2026-10-10,0,wk inc rsv hosp,2026-10-10,47,quantile,0.975,34.310562527143944
2026-10-10,0,wk inc rsv hosp,2026-10-10,47,quantile,0.99,40.817101579904104
2026-10-10,0,wk inc rsv hosp,2026-10-10,48,quantile,0.01,44.778154169531334
2026-10-10,0,wk inc rsv hosp,2026-10-10,48,quantile,0.025,45.99507797444989
2026-10-10,0,wk inc rsv hosp,2026-10-10,48,quantile,0.05,48.906035115321984
2026-10-10,0,wk inc rsv hosp,2026-10-10,48,quantile,0.1,57.91044475355315
2026-10-10,0,wk inc rsv hosp,2026-10-10,48,quantile,0.15,62.83788103323496
2026-10-10,0,wk inc rsv hosp,2026-10-10,48,quantile,0.2,66.92501627588845
2026-10-10,0,wk inc rsv hosp,2026-10-10,48,quantile,0.25,70.34185719652659
2026-10-10,0,wk inc rsv hosp,2026-10-10,48,quantile,0.3,74.34172234978045
2026-10-10,0,wk inc rsv hosp,2026-10-10,48,quantile,0.35,78.79883129876853
2026-10-10,0,wk inc rsv hosp,2026-10-10,48,quantile,0.4,81.1798987556192
2026-10-10,0,wk inc rsv hosp,2026-10-10,48,quantile,0.45,83.50703168107094
2026-10-10,0,wk inc rsv hosp,2026-10-10,48,quantile,0.5,84.02934672822727
2026-10-10,0,wk inc rsv hosp,2026-10-10,48,quantile,0.55,86.14785829169529
2026-10-10,0,wk inc rsv hosp,2026-10-10,48,quantile,0.6,87.02359003986706
2026-10-10,0,wk inc rsv hosp,2026-10-10,48,quantile,0.65,88.13751366032707
2026-10-10,0,wk inc rsv hosp,2026-10-10,48,quantile,0.7,90.73540255279843
2026-10-10,0,wk inc rsv hosp,2026-10-10,48,quantile,0.75,94.86347236066356
2026-10-10,0,wk inc rsv hosp,2026-10-10,48,quantile,0.8,103.77804817822461
2026-10-10,0,wk inc rsv hosp,2026-10-10,48,quantile,0.85,114.89664471849684
2026-10-10,0,wk inc rsv hosp,2026-10-10,48,quantile,0.9,120.80985201154336
2026-10-10,0,wk inc rsv hosp,2026-10-10,48,quantile,0.95,131.76048482935116
2026-10-10,0,wk inc rsv hosp,2026-10-10,48,quantile,0.975,140.47486953496997
2026-10-10,0,wk inc rsv hosp,2026-10-10,48,quantile,0.99,147.28877134215617
2026-10-10,0,wk inc rsv hosp,2026-10-10,49,quantile,0.01,0.0
2026-10-10,0,wk inc rsv hosp,2026-10-10,49,quantile,0.025,0.0
2026-10-10,0,wk inc rsv hosp,2026-10-10,49,quantile,0.05,0.0
2026-10-10,0,wk inc rsv hosp,2026-10-10,49,quantile,0.1,0.0
2026-10-10,0,wk inc rsv hosp,2026-10-10,49,quantile,0.15,0.0
2026-10-10,0,wk inc rsv hosp,2026-10-10,49,quantile,0.2,0.0
2026-10-10,0,wk inc rsv hosp,2026-10-10,49,quantile,0.25,0.0
2026-10-10,0,wk inc rsv hosp,2026-10-10,49,quantile,0.3,0.0
2026-10-10,0,wk inc rsv hosp,2026-10-10,49,quantile,0.35,0.0
2026-10-10,0,wk inc rsv hosp,2026-10-10,49,quantile,0.4,0.0
2026-10-10,0,wk inc rsv hosp,2026-10-10,49,quantile,0.45,0.025311670168686816
2026-10-10,0,wk inc rsv hosp,2026-10-10,49,quantile,0.5,0.1470782506169172
2026-10-10,0,wk inc rsv hosp,2026-10-10,49,quantile,0.55,0.24960379846368044
2026-10-10,0,wk inc rsv hosp,2026-10-10,49,quantile,0.6,0.37812411720648464
2026-10-10,0,wk inc rsv hosp,2026-10-10,49,quantile,0.65,0.8031370662652058
2026-10-10,0,wk inc rsv hosp,2026-10-10,49,quantile,0.7,1.1127568807299777
2026-10-10,0,wk inc rsv hosp,2026-10-10,49,quantile,0.75,1.1465294431180184
2026-10-10,0,wk inc rsv hosp,2026-10-10,49,quantile,0.8,1.7352600510413445
2026-10-10,0,wk inc rsv hosp,2026-10-10,49,quantile,0.85,2.078521645329791
2026-10-10,0,wk inc rsv hosp,2026-10-10,49,quantile,0.9,2.222779273986816
2026-10-10,0,wk inc rsv hosp,2026-10-10,49,quantile,0.95,2.5754346187558665
2026-10-10,0,wk inc rsv hosp,2026-10-10,49,quantile,0.975,3.3645059718604435
2026-10-10,0,wk inc rsv hosp,2026-10-10,49,quantile,0.99,4.146459787086339
2026-10-10,0,wk inc rsv hosp,2026-10-10,50,quantile,0.01,0.0
2026-10-10,0,wk inc rsv hosp,2026-10-10,50,quantile,0.025,0.0
2026-10-10,0,wk inc rsv hosp,2026-10-10,50,quantile,0.05,0.0
2026-10-10,0,wk inc rsv hosp,2026-10-10,50,quantile,0.1,0.0
2026-10-10,0,wk inc rsv hosp,2026-10-10,50,quantile,0.15,0.0
2026-10-10,0,wk inc rsv hosp,2026-10-10,50,quantile,0.2,0.0
2026-10-10,0,wk inc rsv hosp,2026-10-10,50,quantile,0.25,0.0
2026-10-10,0,wk inc rsv hosp,2026-10-10,50,quantile,0.3,0.0366630345248495
2026-10-10,0,wk inc rsv hosp,2026-10-10,50,quantile,0.35,0.11848827303350537
2026-10-10,0,wk inc rsv hosp,2026-10-10,50,quantile,0.4,0.1643390655517578
2026-10-10,0,wk inc rsv hosp,2026-10-10,50,quantile,0.45,0.18762067475002736
2026-10-10,0,wk inc rsv hosp,2026-10-10,50,quantile,0.5,0.1910191953010005
2026-10-10,0,wk inc rsv hosp,2026-10-10,50,quantile,0.55,0.19342004222770925
2026-10-10,0,wk inc rsv hosp,2026-10-10,50,quantile,0.6,0.21567882067200606
2026-10-10,0,wk inc rsv hosp,2026-10-10,50,quantile,0.65,0.2826657141018925
2026-10-10,0,wk inc rsv hosp,2026-10-10,50,quantile,0.7,0.5496917590318957
2026-10-10,0,wk inc rsv hosp,2026-10-10,50,quantile,0.75,0.699054617515653
2026-10-10,0,wk inc rsv hosp,2026-10-10,50,quantile,0.8,0.7854402746880687
2026-10-10,0,wk inc rsv hosp,2026-10-10,50,quantile,0.85,0.8447045398002507
2026-10-10,0,wk inc rsv hosp,2026-10-10,50,quantile,0.9,0.9579071627470019
2026-10-10,0,wk inc rsv hosp,2026-10-10,50,quantile,0.95,1.2318834498901414
2026-10-10,0,wk inc rsv hosp,2026-10-10,50,quantile,0.975,1.5833054414807615
2026-10-10,0,wk inc rsv hosp,2026-10-10,50,quantile,0.99,1.8657747564373295
2026-10-10,0,wk inc rsv hosp,2026-10-10,51,quantile,0.01,2.767549390375347
2026-10-10,0,wk inc rsv hosp,2026-10-10,51,quantile,0.025,2.9625054601428555
2026-10-10,0,wk inc rsv hosp,2026-10-10,51,quantile,0.05,3.2396049764417034
2026-10-10,0,wk inc rsv hosp,2026-10-10,51,quantile,0.1,3.7147298286836405
2026-10-10,0,wk inc rsv hosp,2026-10-10,51,quantile,0.15,4.045624653015413
2026-10-10,0,wk inc rsv hosp,2026-10-10,51,quantile,0.2,4.136787164307948
2026-10-10,0,wk inc rsv hosp,2026-10-10,51,quantile,0.25,4.681364617206218
2026-10-10,0,wk inc rsv hosp,2026-10-10,51,quantile,0.3,5.017473420866343
2026-10-10,0,wk inc rsv hosp,2026-10-10,51,quantile,0.35,5.276040868550346
2026-10-10,0,wk inc rsv hosp,2026-10-10,51,quantile,0.4,5.59571365571031
2026-10-10,0,wk inc rsv hosp,2026-10-10,51,quantile,0.45,5.856055432459541
2026-10-10,0,wk inc rsv hosp,2026-10-10,51,quantile,0.5,6.4283381726114985
2026-10-10,0,wk inc rsv hosp,2026-10-10,51,quantile,0.55,6.792313777686862
2026-10-10,0,wk inc rsv hosp,2026-10-10,51,quantile,0.6,7.444586982105151
2026-10-10,0,wk inc rsv hosp,2026-10-10,51,quantile,0.65,8.029106146265422
2026-10-10,0,wk inc rsv hosp,2026-10-10,51,quantile,0.7,8.386829144050795
2026-10-10,0,wk inc rsv hosp,2026-10-10,51,quantile,0.75,8.925656746161367
2026-10-10,0,wk inc rsv hosp,2026-10-10,51,quantile,0.8,9.476624623051379
2026-10-10,0,wk inc rsv hosp,2026-10-10,51,quantile,0.85,9.936664614053548
2026-10-10,0,wk inc rsv hosp,2026-10-10,51,quantile,0.9,10.996064887308982
2026-10-10,0,wk inc rsv hosp,2026-10-10,51,quantile,0.95,12.305865967976086
2026-10-10,0,wk inc rsv hosp,2026-10-10,51,quantile,0.975,17.357523906776045
2026-10-10,0,wk inc rsv hosp,2026-10-10,51,quantile,0.99,24.02561274316375
2026-10-10,0,wk inc rsv hosp,2026-10-10,53,quantile,0.01,1.2723629219019452
2026-10-10,0,wk inc rsv hosp,2026-10-10,53,quantile,0.025,1.3734500221594432
2026-10-10,0,wk inc rsv hosp,2026-10-10,53,quantile,0.05,1.6332860092652468
2026-10-10,0,wk inc rsv hosp,2026-10-10,53,quantile,0.1,2.529346213973284
2026-10-10,0,wk inc rsv hosp,2026-10-10,53,quantile,0.15,3.0393132142802575
2026-10-10,0,wk inc rsv hosp,2026-10-10,53,quantile,0.2,3.116143587349916
2026-10-10,0,wk inc rsv hosp,2026-10-10,53,quantile,0.25,3.2756089892373894
2026-10-10,0,wk inc rsv hosp,2026-10-10,53,quantile,0.3,3.3612119862669885
2026-10-10,0,wk inc rsv hosp,2026-10-10,53,quantile,0.35,3.639443804233105
2026-10-10,0,wk inc rsv hosp,2026-10-10,53,quantile,0.4,3.792339298356115
2026-10-10,0,wk inc rsv hosp,2026-10-10,53,quantile,0.45,3.883959786111591
2026-10-10,0,wk inc rsv hosp,2026-10-10,53,quantile,0.5,4.093410436276795
2026-10-10,0,wk inc rsv hosp,2026-10-10,53,quantile,0.55,4.14917744109839
2026-10-10,0,wk inc rsv hosp,2026-10-10,53,quantile,0.6,4.290796604863271
2026-10-10,0,wk inc rsv hosp,2026-10-10,53,quantile,0.65,4.699805198791594
2026-10-10,0,wk inc rsv hosp,2026-10-10,53,quantile,0.7,5.167249380920176
2026-10-10,0,wk inc rsv hosp,2026-10-10,53,quantile,0.75,5.3844634257721005
2026-10-10,0,wk inc rsv hosp,2026-10-10,53,quantile,0.8,5.5159800201357925
2026-10-10,0,wk inc rsv hosp,2026-10-10,53,quantile,0.85,5.872641947241966
2026-10-10,0,wk inc rsv hosp,2026-10-10,53,quantile,0.9,6.232708998575355
2026-10-10,0,wk inc rsv hosp,2026-10-10,53,quantile,0.95,7.433024555705518
2026-10-10,0,wk inc rsv hosp,2026-10-10,53,quantile,0.975,9.277072889152155
2026-10-10,0,wk inc rsv hosp,2026-10-10,53,quantile,0.99,11.008127823245134
2026-10-10,0,wk inc rsv hosp,2026-10-10,54,quantile,0.01,0.0
2026-10-10,0,wk inc rsv hosp,2026-10-10,54,quantile,0.025,0.0
2026-10-10,0,wk inc rsv hosp,2026-10-10,54,quantile,0.05,0.0
2026-10-10,0,wk inc rsv hosp,2026-10-10,54,quantile,0.1,0.0
2026-10-10,0,wk inc rsv hosp,2026-10-10,54,quantile,0.15,0.0
2026-10-10,0,wk inc rsv hosp,2026-10-10,54,quantile,0.2,0.0
2026-10-10,0,wk inc rsv hosp,2026-10-10,54,quantile,0.25,0.0
2026-10-10,0,wk inc rsv hosp,2026-10-10,54,quantile,0.3,0.07319519138850299
2026-10-10,0,wk inc rsv hosp,2026-10-10,54,quantile,0.35,0.08368431099070511
2026-10-10,0,wk inc rsv hosp,2026-10-10,54,quantile,0.4,0.09429710801211946
2026-10-10,0,wk inc rsv hosp,2026-10-10,54,quantile,0.45,0.09617448209772674
2026-10-10,0,wk inc rsv hosp,2026-10-10,54,quantile,0.5,0.10035552396855488
2026-10-10,0,wk inc rsv hosp,2026-10-10,54,quantile,0.55,0.1362740181770688
2026-10-10,0,wk inc rsv hosp,2026-10-10,54,quantile,0.6,0.20147077726559318
2026-10-10,0,wk inc rsv hosp,2026-10-10,54,quantile,0.65,0.21605325951657725
2026-10-10,0,wk inc rsv hosp,2026-10-10,54,quantile,0.7,0.2446851914690793
2026-10-10,0,wk inc rsv hosp,2026-10-10,54,quantile,0.75,0.33041123475392215
2026-10-10,0,wk inc rsv hosp,2026-10-10,54,quantile,0.8,0.4469362272944008
2026-10-10,0,wk inc rsv hosp,2026-10-10,54,quantile,0.85,0.5488191799599587
2026-10-10,0,wk inc rsv hosp,2026-10-10,54,quantile,0.9,0.8797700271348654
2026-10-10,0,wk inc rsv hosp,2026-10-10,54,quantile,0.95,1.0346196855766285
2026-10-10,0,wk inc rsv hosp,2026-10-10,54,quantile,0.975,1.3446158753517388
2026-10-10,0,wk inc rsv hosp,2026-10-10,54,quantile,0.99,1.683748166485565
2026-10-10,0,wk inc rsv hosp,2026-10-10,55,quantile,0.01,1.6084121579556934
2026-10-10,0,wk inc rsv hosp,2026-10-10,55,quantile,0.025,2.189007340619809
2026-10-10,0,wk inc rsv hosp,2026-10-10,55,quantile,0.05,2.9770961437498604
2026-10-10,0,wk inc rsv hosp,2026-10-10,55,quantile,0.1,3.3300783514391714
2026-10-10,0,wk inc rsv hosp,2026-10-10,55,quantile,0.15,3.567252846117512
2026-10-10,0,wk inc rsv hosp,2026-10-10,55,quantile,0.2,3.6649779625675785
2026-10-10,0,wk inc rsv hosp,2026-10-10,55,quantile,0.25,4.002235838472428
2026-10-10,0,wk inc rsv hosp,2026-10-10,55,quantile,0.3,4.38020631430417
2026-10-10,0,wk inc rsv hosp,2026-10-10,55,quantile,0.35,4.817435163333892
2026-10-10,0,wk inc rsv hosp,2026-10-10,55,quantile,0.4,5.002285762098503
2026-10-10,0,wk inc rsv hosp,2026-10-10,55,quantile,0.45,5.129919371042569
2026-10-10,0,wk inc rsv hosp,2026-10-10,55,quantile,0.5,5.215713987002964
2026-10-10,0,wk inc rsv hosp,2026-10-10,55,quantile,0.55,5.41329651720691
2026-10-10,0,wk inc rsv hosp,2026-10-10,55,quantile,0.6,5.9712405997874525
2026-10-10,0,wk inc rsv hosp,2026-10-10,55,quantile,0.65,6.136136038606674
2026-10-10,0,wk inc rsv hosp,2026-10-10,55,quantile,0.7,6.4826597375270625
2026-10-10,0,wk inc rsv hosp,2026-10-10,55,quantile,0.75,6.620164333242937
2026-10-10,0,wk inc rsv hosp,2026-10-10,55,quantile,0.8,6.691222201493739
2026-10-10,0,wk inc rsv hosp,2026-10-10,55,quantile,0.85,8.748766599160207
2026-10-10,0,wk inc rsv hosp,2026-10-10,55,quantile,0.9,16.149690187129366
2026-10-10,0,wk inc rsv hosp,2026-10-10,55,quantile,0.95,20.25051748302095
2026-10-10,0,wk inc rsv hosp,2026-10-10,55,quantile,0.975,27.12889303938569
2026-10-10,0,wk inc rsv hosp,2026-10-10,55,quantile,0.99,33.6969987063415
2026-10-10,0,wk inc rsv hosp,2026-10-10,56,quantile,0.01,0.0
2026-10-10,0,wk inc rsv hosp,2026-10-10,56,quantile,0.025,0.0
2026-10-10,0,wk inc rsv hosp,2026-10-10,56,quantile,0.05,0.0
2026-10-10,0,wk inc rsv hosp,2026-10-10,56,quantile,0.1,0.0
2026-10-10,0,wk inc rsv hosp,2026-10-10,56,quantile,0.15,0.0
2026-10-10,0,wk inc rsv hosp,2026-10-10,56,quantile,0.2,0.0
2026-10-10,0,wk inc rsv hosp,2026-10-10,56,quantile,0.25,0.0
2026-10-10,0,wk inc rsv hosp,2026-10-10,56,quantile,0.3,0.0
2026-10-10,0,wk inc rsv hosp,2026-10-10,56,quantile,0.35,0.0
2026-10-10,0,wk inc rsv hosp,2026-10-10,56,quantile,0.4,0.0
2026-10-10,0,wk inc rsv hosp,2026-10-10,56,quantile,0.45,0.0
2026-10-10,0,wk inc rsv hosp,2026-10-10,56,quantile,0.5,0.0
2026-10-10,0,wk inc rsv hosp,2026-10-10,56,quantile,0.55,0.013189687210210223
2026-10-10,0,wk inc rsv hosp,2026-10-10,56,quantile,0.6,0.03837185488381578
2026-10-10,0,wk inc rsv hosp,2026-10-10,56,quantile,0.65,0.08157993347739456
2026-10-10,0,wk inc rsv hosp,2026-10-10,56,quantile,0.7,0.19535387137767884
2026-10-10,0,wk inc rsv hosp,2026-10-10,56,quantile,0.75,0.351508159217436
2026-10-10,0,wk inc rsv hosp,2026-10-10,56,quantile,0.8,0.40222382083600283
2026-10-10,0,wk inc rsv hosp,2026-10-10,56,quantile,0.85,0.4891543439174052
2026-10-10,0,wk inc rsv hosp,2026-10-10,56,quantile,0.9,0.9134502861224765
2026-10-10,0,wk inc rsv hosp,2026-10-10,56,quantile,0.95,1.1042833534121803
2026-10-10,0,wk inc rsv hosp,2026-10-10,56,quantile,0.975,1.4129283706168754
2026-10-10,0,wk inc rsv hosp,2026-10-10,56,quantile,0.99,1.7497329937100734
2026-10-10,0,wk inc rsv hosp,2026-10-10,72,quantile,0.01,4.65728718713449
2026-10-10,0,wk inc rsv hosp,2026-10-10,72,quantile,0.025,4.668731095053132
2026-10-10,0,wk inc rsv hosp,2026-10-10,72,quantile,0.05,5.340212368535035
2026-10-10,0,wk inc rsv hosp,2026-10-10,72,quantile,0.1,7.87625574275026
2026-10-10,0,wk inc rsv hosp,2026-10-10,72,quantile,0.15,8.039590081673996
2026-10-10,0,wk inc rsv hosp,2026-10-10,72,quantile,0.2,8.369294757888596
2026-10-10,0,wk inc rsv hosp,2026-10-10,72,quantile,0.25,8.902798436252528
2026-10-10,0,wk inc rsv hosp,2026-10-10,72,quantile,0.3,9.28228881682992
2026-10-10,0,wk inc rsv hosp,2026-10-10,72,quantile,0.35,10.302201138609522
2026-10-10,0,wk inc rsv hosp,2026-10-10,72,quantile,0.4,12.737642291599496
2026-10-10,0,wk inc rsv hosp,2026-10-10,72,quantile,0.45,13.57194854867253
2026-10-10,0,wk inc rsv hosp,2026-10-10,72,quantile,0.5,14.12861366889488
2026-10-10,0,wk inc rsv hosp,2026-10-10,72,quantile,0.55,16.12824126504871
2026-10-10,0,wk inc rsv hosp,2026-10-10,72,quantile,0.6,16.83173178250092
2026-10-10,0,wk inc rsv hosp,2026-10-10,72,quantile,0.65,17.455257264423274
2026-10-10,0,wk inc rsv hosp,2026-10-10,72,quantile,0.7,17.95010813684428
2026-10-10,0,wk inc rsv hosp,2026-10-10,72,quantile,0.75,19.41612186051813
2026-10-10,0,wk inc rsv hosp,2026-10-10,72,quantile,0.8,20.412100822138175
2026-10-10,0,wk inc rsv hosp,2026-10-10,72,quantile,0.85,22.12033884752777
2026-10-10,0,wk inc rsv hosp,2026-10-10,72,quantile,0.9,25.459989092446683
2026-10-10,0,wk inc rsv hosp,2026-10-10,72,quantile,0.95,29.075797533594272
2026-10-10,0,wk inc rsv hosp,2026-10-10,72,quantile,0.975,30.913135866532265
2026-10-10,0,wk inc rsv hosp,2026-10-10,72,quantile,0.99,31.97606232653444
2026-10-10,0,wk inc rsv hosp,2026-10-10,US,quantile,0.01,421.07382657865895
2026-10-10,0,wk inc rsv hosp,2026-10-10,US,quantile,0.025,470.81534485614793
2026-10-10,0,wk inc rsv hosp,2026-10-10,US,quantile,0.05,529.2730545272715
2026-10-10,0,wk inc rsv hosp,2026-10-10,US,quantile,0.1,539.8218721649894
2026-10-10,0,wk inc rsv hosp,2026-10-10,US,quantile,0.15,564.9223885977369
2026-10-10,0,wk inc rsv hosp,2026-10-10,US,quantile,0.2,579.4433539685393
2026-10-10,0,wk inc rsv hosp,2026-10-10,US,quantile,0.25,582.187242301222
2026-10-10,0,wk inc rsv hosp,2026-10-10,US,quantile,0.3,590.3943734560797
2026-10-10,0,wk inc rsv hosp,2026-10-10,US,quantile,0.35,592.3199567784901
2026-10-10,0,wk inc rsv hosp,2026-10-10,US,quantile,0.4,598.7838727980925
2026-10-10,0,wk inc rsv hosp,2026-10-10,US,quantile,0.45,605.1236743693372
2026-10-10,0,wk inc rsv hosp,2026-10-10,US,quantile,0.5,617.1557211144027
2026-10-10,0,wk inc rsv hosp,2026-10-10,US,quantile,0.55,620.2553540604497
2026-10-10,0,wk inc rsv hosp,2026-10-10,US,quantile,0.6,626.832845635857
2026-10-10,0,wk inc rsv hosp,2026-10-10,US,quantile,0.65,631.5477930542024
2026-10-10,0,wk inc rsv hosp,2026-10-10,US,quantile,0.7,635.6130317726688
2026-10-10,0,wk inc rsv hosp,2026-10-10,US,quantile,0.75,684.2639457758331
2026-10-10,0,wk inc rsv hosp,2026-10-10,US,quantile,0.8,709.482560260607
2026-10-10,0,wk inc rsv hosp,2026-10-10,US,quantile,0.85,754.2127262699765
2026-10-10,0,wk inc rsv hosp,2026-10-10,US,quantile,0.9,799.2878739867492
2026-10-10,0,wk inc rsv hosp,2026-10-10,US,quantile,0.95,834.6110405050056
2026-10-10,0,wk inc rsv hosp,2026-10-10,US,quantile,0.975,864.8735210274956
2026-10-10,0,wk inc rsv hosp,2026-10-10,US,quantile,0.99,886.0235775941242
2026-10-10,1,wk inc rsv hosp,2026-10-17,01,quantile,0.01,8.481874990543192
2026-10-10,1,wk inc rsv hosp,2026-10-17,01,quantile,0.025,9.00029962085015
2026-10-10,1,wk inc rsv hosp,2026-10-17,01,quantile,0.05,9.570060361521318
2026-10-10,1,wk inc rsv hosp,2026-10-17,01,quantile,0.1,10.63114914322455
2026-10-10,1,wk inc rsv hosp,2026-10-17,01,quantile,0.15,12.868287333296713
2026-10-10,1,wk inc rsv hosp,2026-10-17,01,quantile,0.2,13.820604042595619
2026-10-10,1,wk inc rsv hosp,2026-10-17,01,quantile,0.25,14.568234359253506
2026-10-10,1,wk inc rsv hosp,2026-10-17,01,quantile,0.3,14.882452160498833
2026-10-10,1,wk inc rsv hosp,2026-10-17,01,quantile,0.35,15.146212065978332
2026-10-10,1,wk inc rsv hosp,2026-10-17,01,quantile,0.4,16.25942975758345
2026-10-10,1,wk inc rsv hosp,2026-10-17,01,quantile,0.45,17.330192046424003
2026-10-10,1,wk inc rsv hosp,2026-10-17,01,quantile,0.5,17.6364941271491
2026-10-10,1,wk inc rsv hosp,2026-10-17,01,quantile,0.55,17.87123663688754
2026-10-10,1,wk inc rsv hosp,2026-10-17,01,quantile,0.6,17.956481808443588
2026-10-10,1,wk inc rsv hosp,2026-10-17,01,quantile,0.65,19.68443855196925
2026-10-10,1,wk inc rsv hosp,2026-10-17,01,quantile,0.7,20.514330233333567
2026-10-10,1,wk inc rsv hosp,2026-10-17,01,quantile,0.75,21.539665220472976
2026-10-10,1,wk inc rsv hosp,2026-10-17,01,quantile,0.8,22.622407205321508
2026-10-10,1,wk inc rsv hosp,2026-10-17,01,quantile,0.85,26.099320136241552
2026-10-10,1,wk inc rsv hosp,2026-10-17,01,quantile,0.9,30.25512558340058
2026-10-10,1,wk inc rsv hosp,2026-10-17,01,quantile,0.95,34.060225997806235
2026-10-10,1,wk inc rsv hosp,2026-10-17,01,quantile,0.975,35.487274920323415
2026-10-10,1,wk inc rsv hosp,2026-10-17,01,quantile,0.99,36.05291431165996
2026-10-10,1,wk inc rsv hosp,2026-10-17,02,quantile,0.01,0.1819549722409181
2026-10-10,1,wk inc rsv hosp,2026-10-17,02,quantile,0.025,0.38677986512397344
2026-10-10,1,wk inc rsv hosp,2026-10-17,02,quantile,0.05,0.7065395806431987
2026-10-10,1,wk inc rsv hosp,2026-10-17,02,quantile,0.1,1.0410419761802276
2026-10-10,1,wk inc rsv hosp,2026-10-17,02,quantile,0.15,1.1437284228236266
2026-10-10,1,wk inc rsv hosp,2026-10-17,02,quantile,0.2,1.2602497433287556
2026-10-10,1,wk inc rsv hosp,2026-10-17,02,quantile,0.25,1.3093936754157287
2026-10-10,1,wk inc rsv hosp,2026-10-17,02,quantile,0.3,1.5663628295758096
2026-10-10,1,wk inc rsv hosp,2026-10-17,02,quantile,0.35,1.9566249902894324
2026-10-10,1,wk inc rsv hosp,2026-10-17,02,quantile,0.4,2.1187535098831334
2026-10-10,1,wk inc rsv hosp,2026-10-17,02,quantile,0.45,2.411694556627096
2026-10-10,1,wk inc rsv hosp,2026-10-17,02,quantile,0.5,2.737154770826038
2026-10-10,1,wk inc rsv hosp,2026-10-17,02,quantile,0.55,2.8345602923327737
2026-10-10,1,wk inc rsv hosp,2026-10-17,02,quantile,0.6,3.1726705725869855
2026-10-10,1,wk inc rsv hosp,2026-10-17,02,quantile,0.65,3.4560737775789665
2026-10-10,1,wk inc rsv hosp,2026-10-17,02,quantile,0.7,3.637663933257808
2026-10-10,1,wk inc rsv hosp,2026-10-17,02,quantile,0.75,3.869989852623273
2026-10-10,1,wk inc rsv hosp,2026-10-17,02,quantile,0.8,3.9097061127462482
2026-10-10,1,wk inc rsv hosp,2026-10-17,02,quantile,0.85,5.338380394856429
2026-10-10,1,wk inc rsv hosp,2026-10-17,02,quantile,0.9,5.984713796233407
2026-10-10,1,wk inc rsv hosp,2026-10-17,02,quantile,0.95,7.957363214608082
2026-10-10,1,wk inc rsv hosp,2026-10-17,02,quantile,0.975,8.546225955048596
2026-10-10,1,wk inc rsv hosp,2026-10-17,02,quantile,0.99,8.66245991280504
2026-10-10,1,wk inc rsv hosp,2026-10-17,04,quantile,0.01,4.298009682852655
2026-10-10,1,wk inc rsv hosp,2026-10-17,04,quantile,0.025,4.738479098754616
2026-10-10,1,wk inc rsv hosp,2026-10-17,04,quantile,0.05,5.254459500014889
2026-10-10,1,wk inc rsv hosp,2026-10-17,04,quantile,0.1,5.564089723957045
2026-10-10,1,wk inc rsv hosp,2026-10-17,04,quantile,0.15,5.804401371605704
2026-10-10,1,wk inc rsv hosp,2026-10-17,04,quantile,0.2,5.97603899233229
2026-10-10,1,wk inc rsv hosp,2026-10-17,04,quantile,0.25,6.188436530395598
2026-10-10,1,wk inc rsv hosp,2026-10-17,04,quantile,0.3,6.321956944311418
2026-10-10,1,wk inc rsv hosp,2026-10-17,04,quantile,0.35,6.638566867034896
2026-10-10,1,wk inc rsv hosp,2026-10-17,04,quantile,0.4,6.806313902059451
2026-10-10,1,wk inc rsv hosp,2026-10-17,04,quantile,0.45,8.06064710274278
2026-10-10,1,wk inc rsv hosp,2026-10-17,04,quantile,0.5,9.201091714071488
2026-10-10,1,wk inc rsv hosp,2026-10-17,04,quantile,0.55,9.740470947110149
2026-10-10,1,wk inc rsv hosp,2026-10-17,04,quantile,0.6,9.885826737538718
2026-10-10,1,wk inc rsv hosp,2026-10-17,04,quantile,0.65,9.99647724089552
2026-10-10,1,wk inc rsv hosp,2026-10-17,04,quantile,0.7,10.185724283527305
2026-10-10,1,wk inc rsv hosp,2026-10-17,04,quantile,0.75,10.60838057999357
2026-10-10,1,wk inc rsv hosp,2026-10-17,04,quantile,0.8,14.435216662953723
2026-10-10,1,wk inc rsv hosp,2026-10-17,04,quantile,0.85,16.2523078918457
2026-10-10,1,wk inc rsv hosp,2026-10-17,04,quantile,0.9,17.68277917654281
2026-10-10,1,wk inc rsv hosp,2026-10-17,04,quantile,0.95,23.333959711608998
2026-10-10,1,wk inc rsv hosp,2026-10-17,04,quantile,0.975,30.342363295978046
2026-10-10,1,wk inc rsv hosp,2026-10-17,04,quantile,0.99,36.9598966559667
2026-10-10,1,wk inc rsv hosp,2026-10-17,05,quantile,0.01,1.9288327562065224
2026-10-10,1,wk inc rsv hosp,2026-10-17,05,quantile,0.025,2.3632549240116116
2026-10-10,1,wk inc rsv hosp,2026-10-17,05,quantile,0.05,2.896609936092383
2026-10-10,1,wk inc rsv hosp,2026-10-17,05,quantile,0.1,3.2781954378899814
2026-10-10,1,wk inc rsv hosp,2026-10-17,05,quantile,0.15,3.8465943282566366
2026-10-10,1,wk inc rsv hosp,2026-10-17,05,quantile,0.2,4.41222837628323
2026-10-10,1,wk inc rsv hosp,2026-10-17,05,quantile,0.25,4.572055404623469
2026-10-10,1,wk inc rsv hosp,2026-10-17,05,quantile,0.3,4.723525462239719
2026-10-10,1,wk inc rsv hosp,2026-10-17,05,quantile,0.35,4.829386677218023
2026-10-10,1,wk inc rsv hosp,2026-10-17,05,quantile,0.4,5.031302509151825
2026-10-10,1,wk inc rsv hosp,2026-10-17,05,quantile,0.45,5.11085953076049
2026-10-10,1,wk inc rsv hosp,2026-10-17,05,quantile,0.5,5.20845768233594
2026-10-10,1,wk inc rsv hosp,2026-10-17,05,quantile,0.55,5.275784315330849
2026-10-10,1,wk inc rsv hosp,2026-10-17,05,quantile,0.6,5.3677628434504765
2026-10-10,1,wk inc rsv hosp,2026-10-17,05,quantile,0.65,5.411543962123522
2026-10-10,1,wk inc rsv hosp,2026-10-17,05,quantile,0.7,5.6255867089371225
2026-10-10,1,wk inc rsv hosp,2026-10-17,05,quantile,0.75,5.8351652596472885
2026-10-10,1,wk inc rsv hosp,2026-10-17,05,quantile,0.8,6.199029542037448
2026-10-10,1,wk inc rsv hosp,2026-10-17,05,quantile,0.85,6.324641169553856
2026-10-10,1,wk inc rsv hosp,2026-10-17,05,quantile,0.9,6.926717412769897
2026-10-10,1,wk inc rsv hosp,2026-10-17,05,quantile,0.95,7.2966525320921365
2026-10-10,1,wk inc rsv hosp,2026-10-17,05,quantile,0.975,8.173078935956623
2026-10-10,1,wk inc rsv hosp,2026-10-17,05,quantile,0.99,9.119864563068685
2026-10-10,1,wk inc rsv hosp,2026-10-17,06,quantile,0.01,14.11883796964163
2026-10-10,1,wk inc rsv hosp,2026-10-17,06,quantile,0.025,14.58873142536362
2026-10-10,1,wk inc rsv hosp,2026-10-17,06,quantile,0.05,15.975930621655724
2026-10-10,1,wk inc rsv hosp,2026-10-17,06,quantile,0.1,19.073721198109254
2026-10-10,1,wk inc rsv hosp,2026-10-17,06,quantile,0.15,19.906220903305073
2026-10-10,1,wk inc rsv hosp,2026-10-17,06,quantile,0.2,20.799567006526058
2026-10-10,1,wk inc rsv hosp,2026-10-17,06,quantile,0.25,21.99735634694988
2026-10-10,1,wk inc rsv hosp,2026-10-17,06,quantile,0.3,23.20539850343117
2026-10-10,1,wk inc rsv hosp,2026-10-17,06,quantile,0.35,24.10933308576699
2026-10-10,1,wk inc rsv hosp,2026-10-17,06,quantile,0.4,24.464664497283593
2026-10-10,1,wk inc rsv hosp,2026-10-17,06,quantile,0.45,24.54857323459668
2026-10-10,1,wk inc rsv hosp,2026-10-17,06,quantile,0.5,24.794390310973423
2026-10-10,1,wk inc rsv hosp,2026-10-17,06,quantile,0.55,25.115769354300767
2026-10-10,1,wk inc rsv hosp,2026-10-17,06,quantile,0.6,25.23410786464066
2026-10-10,1,wk inc rsv hosp,2026-10-17,06,quantile,0.65,25.77283428467553
2026-10-10,1,wk inc rsv hosp,2026-10-17,06,quantile,0.7,26.66768797973804
2026-10-10,1,wk inc rsv hosp,2026-10-17,06,quantile,0.75,26.84101108280649
2026-10-10,1,wk inc rsv hosp,2026-10-17,06,quantile,0.8,28.936887683002
2026-10-10,1,wk inc rsv hosp,2026-10-17,06,quantile,0.85,29.591882984414074
2026-10-10,1,wk inc rsv hosp,2026-10-17,06,quantile,0.9,31.78224761505212
2026-10-10,1,wk inc rsv hosp,2026-10-17,06,quantile,0.95,38.74562149696704
2026-10-10,1,wk inc rsv hosp,2026-10-17,06,quantile,0.975,44.03869486064953
2026-10-10,1,wk inc rsv hosp,2026-10-17,06,quantile,0.99,47.2728412792081
2026-10-10,1,wk inc rsv hosp,2026-10-17,08,quantile,0.01,0.0
2026-10-10,1,wk inc rsv hosp,2026-10-17,08,quantile,0.025,0.0
2026-10-10,1,wk inc rsv hosp,2026-10-17,08,quantile,0.05,0.0
2026-10-10,1,wk inc rsv hosp,2026-10-17,08,quantile,0.1,0.0
2026-10-10,1,wk inc rsv hosp,2026-10-17,08,quantile,0.15,0.0
2026-10-10,1,wk inc rsv hosp,2026-10-17,08,quantile,0.2,0.0
2026-10-10,1,wk inc rsv hosp,2026-10-17,08,quantile,0.25,0.0
2026-10-10,1,wk inc rsv hosp,2026-10-17,08,quantile,0.3,0.0
2026-10-10,1,wk inc rsv hosp,2026-10-17,08,quantile,0.35,0.0
2026-10-10,1,wk inc rsv hosp,2026-10-17,08,quantile,0.4,0.0
2026-10-10,1,wk inc rsv hosp,2026-10-17,08,quantile,0.45,0.0
2026-10-10,1,wk inc rsv hosp,2026-10-17,08,quantile,0.5,0.0
2026-10-10,1,wk inc rsv hosp,2026-10-17,08,quantile,0.55,0.0
2026-10-10,1,wk inc rsv hosp,2026-10-17,08,quantile,0.6,0.0
2026-10-10,1,wk inc rsv hosp,2026-10-17,08,quantile,0.65,0.0
2026-10-10,1,wk inc rsv hosp,2026-10-17,08,quantile,0.7,0.12385311704826228
2026-10-10,1,wk inc rsv hosp,2026-10-17,08,quantile,0.75,0.15858576632870006
2026-10-10,1,wk inc rsv hosp,2026-10-17,08,quantile,0.8,0.168658295950495
2026-10-10,1,wk inc rsv hosp,2026-10-17,08,quantile,0.85,0.19244756259216877
2026-10-10,1,wk inc rsv hosp,2026-10-17,08,quantile,0.9,0.304566731493179
2026-10-10,1,wk inc rsv hosp,2026-10-17,08,quantile,0.95,0.981543583572093
2026-10-10,1,wk inc rsv hosp,2026-10-17,08,quantile,0.975,1.5188763759296064
2026-10-10,1,wk inc rsv hosp,2026-10-17,08,quantile,0.99,1.8666710063541139
2026-10-10,1,wk inc rsv hosp,2026-10-17,09,quantile,0.01,0.0
2026-10-10,1,wk inc rsv hosp,2026-10-17,09,quantile,0.025,0.0
2026-10-10,1,wk inc rsv hosp,2026-10-17,09,quantile,0.05,0.0
2026-10-10,1,wk inc rsv hosp,2026-10-17,09,quantile,0.1,0.5016328294394964
2026-10-10,1,wk inc rsv hosp,2026-10-17,09,quantile,0.15,0.7543527867717568
2026-10-10,1,wk inc rsv hosp,2026-10-17,09,quantile,0.2,0.7838847711989222
2026-10-10,1,wk inc rsv hosp,2026-10-17,09,quantile,0.25,0.8183636073724435
2026-10-10,1,wk inc rsv hosp,2026-10-17,09,quantile,0.3,0.9882649169425655
2026-10-10,1,wk inc rsv hosp,2026-10-17,09,quantile,0.35,1.0642731274594852
2026-10-10,1,wk inc rsv hosp,2026-10-17,09,quantile,0.4,1.0758805515049537
2026-10-10,1,wk inc rsv hosp,2026-10-17,09,quantile,0.45,1.1221468621785147
2026-10-10,1,wk inc rsv hosp,2026-10-17,09,quantile,0.5,1.2220648807465897
2026-10-10,1,wk inc rsv hosp,2026-10-17,09,quantile,0.55,1.2615958964292073
2026-10-10,1,wk inc rsv hosp,2026-10-17,09,quantile,0.6,1.3511664772603886
2026-10-10,1,wk inc rsv hosp,2026-10-17,09,quantile,0.65,1.4157810047914792
2026-10-10,1,wk inc rsv hosp,2026-10-17,09,quantile,0.7,1.5426623506168813
2026-10-10,1,wk inc rsv hosp,2026-10-17,09,quantile,0.75,1.7493467173648631
2026-10-10,1,wk inc rsv hosp,2026-10-17,09,quantile,0.8,2.0658875355451136
2026-10-10,1,wk inc rsv hosp,2026-10-17,09,quantile,0.85,2.321809200023999
2026-10-10,1,wk inc rsv hosp,2026-10-17,09,quantile,0.9,2.534384010310701
2026-10-10,1,wk inc rsv hosp,2026-10-17,09,quantile,0.95,2.59574584248025
2026-10-10,1,wk inc rsv hosp,2026-10-17,09,quantile,0.975,2.9084696067473805
2026-10-10,1,wk inc rsv hosp,2026-10-17,09,quantile,0.99,3.240418397172437
2026-10-10,1,wk inc rsv hosp,2026-10-17,10,quantile,0.01,2.0278890330712267
2026-10-10,1,wk inc rsv hosp,2026-10-17,10,quantile,0.025,2.5081621050748772
2026-10-10,1,wk inc rsv hosp,2026-10-17,10,quantile,0.05,3.340971269494562
2026-10-10,1,wk inc rsv hosp,2026-10-17,10,quantile,0.1,4.784401114107521
2026-10-10,1,wk inc rsv hosp,2026-10-17,10,quantile,0.15,5.336695979211806
2026-10-10,1,wk inc rsv hosp,2026-10-17,10,quantile,0.2,5.7201803348537705
2026-10-10,1,wk inc rsv hosp,2026-10-17,10,quantile,0.25,7.02700465030399
2026-10-10,1,wk inc rsv hosp,2026-10-17,10,quantile,0.3,7.851395618850269
2026-10-10,1,wk inc rsv hosp,2026-10-17,10,quantile,0.35,8.788457821990084
2026-10-10,1,wk inc rsv hosp,2026-10-17,10,quantile,0.4,9.582973753546703
2026-10-10,1,wk inc rsv hosp,2026-10-17,10,quantile,0.45,11.091459904444974
2026-10-10,1,wk inc rsv hosp,2026-10-17,10,quantile,0.5,11.31165260336426
2026-10-10,1,wk inc rsv hosp,2026-10-17,10,quantile,0.55,11.42897952243779
2026-10-10,1,wk inc rsv hosp,2026-10-17,10,quantile,0.6,11.558440590924064
2026-10-10,1,wk inc rsv hosp,2026-10-17,10,quantile,0.65,12.256251688681523
2026-10-10,1,wk inc rsv hosp,2026-10-17,10,quantile,0.7,13.20042897088035
2026-10-10,1,wk inc rsv hosp,2026-10-17,10,quantile,0.75,15.117141781549355
2026-10-10,1,wk inc rsv hosp,2026-10-17,10,quantile,0.8,15.764534028692818
2026-10-10,1,wk inc rsv hosp,2026-10-17,10,quantile,0.85,16.226740058864397
2026-10-10,1,wk inc rsv hosp,2026-10-17,10,quantile,0.9,18.653015404189304
2026-10-10,1,wk inc rsv hosp,2026-10-17,10,quantile,0.95,25.169116478703597
2026-10-10,1,wk inc rsv hosp,2026-10-17,10,quantile,0.975,28.674211066757444
2026-10-10,1,wk inc rsv hosp,2026-10-17,10,quantile,0.99,30.931574544038007
2026-10-10,1,wk inc rsv hosp,2026-10-17,11,quantile,0.01,0.0
2026-10-10,1,wk inc rsv hosp,2026-10-17,11,quantile,0.025,0.0
2026-10-10,1,wk inc rsv hosp,2026-10-17,11,quantile,0.05,0.0
2026-10-10,1,wk inc rsv hosp,2026-10-17,11,quantile,0.1,0.0
2026-10-10,1,wk inc rsv hosp,2026-10-17,11,quantile,0.15,0.0
2026-10-10,1,wk inc rsv hosp,2026-10-17,11,quantile,0.2,0.0
2026-10-10,1,wk inc rsv hosp,2026-10-17,11,quantile,0.25,0.0
2026-10-10,1,wk inc rsv hosp,2026-10-17,11,quantile,0.3,0.0
2026-10-10,1,wk inc rsv hosp,2026-10-17,11,quantile,0.35,0.0
2026-10-10,1,wk inc rsv hosp,2026-10-17,11,quantile,0.4,0.05954045710500165
2026-10-10,1,wk inc rsv hosp,2026-10-17,11,quantile,0.45,0.16586047276478003
2026-10-10,1,wk inc rsv hosp,2026-10-17,11,quantile,0.5,0.23721860980879383
2026-10-10,1,wk inc rsv hosp,2026-10-17,11,quantile,0.55,0.4335264019874827
2026-10-10,1,wk inc rsv hosp,2026-10-17,11,quantile,0.6,0.6256991199261253
2026-10-10,1,wk inc rsv hosp,2026-10-17,11,quantile,0.65,0.7622815720487686
2026-10-10,1,wk inc rsv hosp,2026-10-17,11,quantile,0.7,0.8878034089949747
2026-10-10,1,wk inc rsv hosp,2026-10-17,11,quantile,0.75,0.9301271699927767
2026-10-10,1,wk inc rsv hosp,2026-10-17,11,quantile,0.8,1.011730750015119
2026-10-10,1,wk inc rsv hosp,2026-10-17,11,quantile,0.85,1.0773909254737888
2026-10-10,1,wk inc rsv hosp,2026-10-17,11,quantile,0.9,1.2076588301500346
2026-10-10,1,wk inc rsv hosp,2026-10-17,11,quantile,0.95,1.810198623322517
2026-10-10,1,wk inc rsv hosp,2026-10-17,11,quantile,0.975,2.519566900214694
2026-10-10,1,wk inc rsv hosp,2026-10-17,11,quantile,0.99,3.0766335415674892
2026-10-10,1,wk inc rsv hosp,2026-10-17,12,quantile,0.01,154.33583547674655
2026-10-10,1,wk inc rsv hosp,2026-10-17,12,quantile,0.025,160.94004471205653
2026-10-10,1,wk inc rsv hosp,2026-10-17,12,quantile,0.05,169.46833211179086
2026-10-10,1,wk inc rsv hosp,2026-10-17,12,quantile,0.1,180.13593313498336
2026-10-10,1,wk inc rsv hosp,2026-10-17,12,quantile,0.15,187.41312477613624
2026-10-10,1,wk inc rsv hosp,2026-10-17,12,quantile,0.2,191.28622949547446
2026-10-10,1,wk inc rsv hosp,2026-10-17,12,quantile,0.25,194.74697874144098
2026-10-10,1,wk inc rsv hosp,2026-10-17,12,quantile,0.3,203.13002053148855
2026-10-10,1,wk inc rsv hosp,2026-10-17,12,quantile,0.35,211.556659785359
2026-10-10,1,wk inc rsv hosp,2026-10-17,12,quantile,0.4,215.67416808754507
2026-10-10,1,wk inc rsv hosp,2026-10-17,12,quantile,0.45,239.8548303568017
2026-10-10,1,wk inc rsv hosp,2026-10-17,12,quantile,0.5,240.8674518236554
2026-10-10,1,wk inc rsv hosp,2026-10-17,12,quantile,0.55,241.21396964569135
2026-10-10,1,wk inc rsv hosp,2026-10-17,12,quantile,0.6,251.91674781849753
2026-10-10,1,wk inc rsv hosp,2026-10-17,12,quantile,0.65,263.39475278954035
2026-10-10,1,wk inc rsv hosp,2026-10-17,12,quantile,0.7,285.3787858155044
2026-10-10,1,wk inc rsv hosp,2026-10-17,12,quantile,0.75,291.2672523059886
2026-10-10,1,wk inc rsv hosp,2026-10-17,12,quantile,0.8,294.78579496776456
2026-10-10,1,wk inc rsv hosp,2026-10-17,12,quantile,0.85,299.0463823714292
2026-10-10,1,wk inc rsv hosp,2026-10-17,12,quantile,0.9,318.2264383055839
2026-10-10,1,wk inc rsv hosp,2026-10-17,12,quantile,0.95,360.60981794328177
2026-10-10,1,wk inc rsv hosp,2026-10-17,12,quantile,0.975,374.6731851871989
2026-10-10,1,wk inc rsv hosp,2026-10-17,12,quantile,0.99,377.20370072023906
2026-10-10,1,wk inc rsv hosp,2026-10-17,13,quantile,0.01,27.352901990679772
2026-10-10,1,wk inc rsv hosp,2026-10-17,13,quantile,0.025,28.432643024720356
2026-10-10,1,wk inc rsv hosp,2026-10-17,13,quantile,0.05,29.89463991563546
2026-10-10,1,wk inc rsv hosp,2026-10-17,13,quantile,0.1,31.346143794641154
2026-10-10,1,wk inc rsv hosp,2026-10-17,13,quantile,0.15,32.925136094516056
2026-10-10,1,wk inc rsv hosp,2026-10-17,13,quantile,0.2,33.82560321071746
2026-10-10,1,wk inc rsv hosp,2026-10-17,13,quantile,0.25,37.90090056047642
2026-10-10,1,wk inc rsv hosp,2026-10-17,13,quantile,0.3,40.309935289369754
2026-10-10,1,wk inc rsv hosp,2026-10-17,13,quantile,0.35,41.64906468827192
2026-10-10,1,wk inc rsv hosp,2026-10-17,13,quantile,0.4,42.94322461369913
2026-10-10,1,wk inc rsv hosp,2026-10-17,13,quantile,0.45,43.4382734541437
2026-10-10,1,wk inc rsv hosp,2026-10-17,13,quantile,0.5,43.794012538856094
2026-10-10,1,wk inc rsv hosp,2026-10-17,13,quantile,0.55,44.99398147401246
2026-10-10,1,wk inc rsv hosp,2026-10-17,13,quantile,0.6,46.925876922432835
2026-10-10,1,wk inc rsv hosp,2026-10-17,13,quantile,0.65,50.36370851437641
2026-10-10,1,wk inc rsv hosp,2026-10-17,13,quantile,0.7,52.989398573413645
2026-10-10,1,wk inc rsv hosp,2026-10-17,13,quantile,0.75,58.30085231902377
2026-10-10,1,wk inc rsv hosp,2026-10-17,13,quantile,0.8,60.59838961344296
2026-10-10,1,wk inc rsv hosp,2026-10-17,13,quantile,0.85,62.85558961035744
2026-10-10,1,wk inc rsv hosp,2026-10-17,13,quantile,0.9,66.35341058381876
2026-10-10,1,wk inc rsv hosp,2026-10-17,13,quantile,0.95,73.5578667999751
2026-10-10,1,wk inc rsv hosp,2026-10-17,13,quantile,0.975,77.92326243004612
2026-10-10,1,wk inc rsv hosp,2026-10-17,13,quantile,0.99,80.18267387760304
2026-10-10,1,wk inc rsv hosp,2026-10-17,15,quantile,0.01,1.8522080014320645
2026-10-10,1,wk inc rsv hosp,2026-10-17,15,quantile,0.025,1.9220347938767717
2026-10-10,1,wk inc rsv hosp,2026-10-17,15,quantile,0.05,2.0337199976282445
2026-10-10,1,wk inc rsv hosp,2026-10-17,15,quantile,0.1,2.420149948665041
2026-10-10,1,wk inc rsv hosp,2026-10-17,15,quantile,0.15,3.1443078789882613
2026-10-10,1,wk inc rsv hosp,2026-10-17,15,quantile,0.2,3.5649225522302284
2026-10-10,1,wk inc rsv hosp,2026-10-17,15,quantile,0.25,3.9100257949782744
2026-10-10,1,wk inc rsv hosp,2026-10-17,15,quantile,0.3,5.460298261785819
2026-10-10,1,wk inc rsv hosp,2026-10-17,15,quantile,0.35,6.270847568037825
2026-10-10,1,wk inc rsv hosp,2026-10-17,15,quantile,0.4,7.74386598326874
2026-10-10,1,wk inc rsv hosp,2026-10-17,15,quantile,0.45,8.038200594654956
2026-10-10,1,wk inc rsv hosp,2026-10-17,15,quantile,0.5,8.39147248347942
2026-10-10,1,wk inc rsv hosp,2026-10-17,15,quantile,0.55,8.726472105199147
2026-10-10,1,wk inc rsv hosp,2026-10-17,15,quantile,0.6,9.931712078675616
2026-10-10,1,wk inc rsv hosp,2026-10-17,15,quantile,0.65,10.174407538297705
2026-10-10,1,wk inc rsv hosp,2026-10-17,15,quantile,0.7,10.465572152169134
2026-10-10,1,wk inc rsv hosp,2026-10-17,15,quantile,0.75,11.335950526206794
2026-10-10,1,wk inc rsv hosp,2026-10-17,15,quantile,0.8,11.801123356967414
2026-10-10,1,wk inc rsv hosp,2026-10-17,15,quantile,0.85,13.050229919634317
2026-10-10,1,wk inc rsv hosp,2026-10-17,15,quantile,0.9,13.227114271504066
2026-10-10,1,wk inc rsv hosp,2026-10-17,15,quantile,0.95,19.53028272109725
2026-10-10,1,wk inc rsv hosp,2026-10-17,15,quantile,0.975,23.992515861778678
2026-10-10,1,wk inc rsv hosp,2026-10-17,15,quantile,0.99,26.03473154832799
2026-10-10,1,wk inc rsv hosp,2026-10-17,16,quantile,0.01,0.32637121823851434
2026-10-10,1,wk inc rsv hosp,2026-10-17,16,quantile,0.025,0.3416282730789316
2026-10-10,1,wk inc rsv hosp,2026-10-17,16,quantile,0.05,0.3824587260261537
2026-10-10,1,wk inc rsv hosp,2026-10-17,16,quantile,0.1,0.6155391508861108
2026-10-10,1,wk inc rsv hosp,2026-10-17,16,quantile,0.15,1.07692654498643
2026-10-10,1,wk inc rsv hosp,2026-10-17,16,quantile,0.2,1.2407153507655377
2026-10-10,1,wk inc rsv hosp,2026-10-17,16,quantile,0.25,1.3336866922400556
2026-10-10,1,wk inc rsv hosp,2026-10-17,16,quantile,0.3,1.5164810252507284
2026-10-10,1,wk inc rsv hosp,2026-10-17,16,quantile,0.35,1.556129963654442
2026-10-10,1,wk inc rsv hosp,2026-10-17,16,quantile,0.4,1.8065926183603978
2026-10-10,1,wk inc rsv hosp,2026-10-17,16,quantile,0.45,1.8928162282868068
2026-10-10,1,wk inc rsv hosp,2026-10-17,16,quantile,0.5,1.9374121391173085
2026-10-10,1,wk inc rsv hosp,2026-10-17,16,quantile,0.55,2.0675172060322806
2026-10-10,1,wk inc rsv hosp,2026-10-17,16,quantile,0.6,2.2349798482113634
2026-10-10,1,wk inc rsv hosp,2026-10-17,16,quantile,0.65,2.3493966244764675
2026-10-10,1,wk inc rsv hosp,2026-10-17,16,quantile,0.7,2.5409601052117674
2026-10-10,1,wk inc rsv hosp,2026-10-17,16,quantile,0.75,2.7257590373699143
2026-10-10,1,wk inc rsv hosp,2026-10-17,16,quantile,0.8,2.8970305934828264
2026-10-10,1,wk inc rsv hosp,2026-10-17,16,quantile,0.85,3.06181967408184
2026-10-10,1,wk inc rsv hosp,2026-10-17,16,quantile,0.9,3.7243742864740805
2026-10-10,1,wk inc rsv hosp,2026-10-17,16,quantile,0.95,4.207525574450286
2026-10-10,1,wk inc rsv hosp,2026-10-17,16,quantile,0.975,4.497537097771136
2026-10-10,1,wk inc rsv hosp,2026-10-17,16,quantile,0.99,4.72150815619826
2026-10-10,1,wk inc rsv hosp,2026-10-17,17,quantile,0.01,3.9686804134253206
2026-10-10,1,wk inc rsv hosp,2026-10-17,17,quantile,0.025,4.286596708768159
2026-10-10,1,wk inc rsv hosp,2026-10-17,17,quantile,0.05,4.625958031112983
2026-10-10,1,wk inc rsv hosp,2026-10-17,17,quantile,0.1,5.323117091020413
2026-10-10,1,wk inc rsv hosp,2026-10-17,17,quantile,0.15,6.945218136046681
2026-10-10,1,wk inc rsv hosp,2026-10-17,17,quantile,0.2,7.38801855064623
2026-10-10,1,wk inc rsv hosp,2026-10-17,17,quantile,0.25,8.291875971632567
2026-10-10,1,wk inc rsv hosp,2026-10-17,17,quantile,0.3,9.165494522352652
2026-10-10,1,wk inc rsv hosp,2026-10-17,17,quantile,0.35,9.805547952617442
2026-10-10,1,wk inc rsv hosp,2026-10-17,17,quantile,0.4,10.084584005160416
2026-10-10,1,wk inc rsv hosp,2026-10-17,17,quantile,0.45,10.760157904426386
2026-10-10,1,wk inc rsv hosp,2026-10-17,17,quantile,0.5,11.296365220882164
2026-10-10,1,wk inc rsv hosp,2026-10-17,17,quantile,0.55,12.052545004210646
2026-10-10,1,wk inc rsv hosp,2026-10-17,17,quantile,0.6,12.594021460873106
2026-10-10,1,wk inc rsv hosp,2026-10-17,17,quantile,0.65,13.020446860775365
2026-10-10,1,wk inc rsv hosp,2026-10-17,17,quantile,0.7,14.288204625699091
2026-10-10,1,wk inc rsv hosp,2026-10-17,17,quantile,0.75,15.03125633025194
2026-10-10,1,wk inc rsv hosp,2026-10-17,17,quantile,0.8,15.525339907407671
2026-10-10,1,wk inc rsv hosp,2026-10-17,17,quantile,0.85,16.16134072931675
2026-10-10,1,wk inc rsv hosp,2026-10-17,17,quantile,0.9,19.963799122262174
2026-10-10,1,wk inc rsv hosp,2026-10-17,17,quantile,0.95,24.165544981619263
2026-10-10,1,wk inc rsv hosp,2026-10-17,17,quantile,0.975,25.54780223529891
2026-10-10,1,wk inc rsv hosp,2026-10-17,17,quantile,0.99,26.92152003697881
2026-10-10,1,wk inc rsv hosp,2026-10-17,18,quantile,0.01,1.0927723088964822
2026-10-10,1,wk inc rsv hosp,2026-10-17,18,quantile,0.025,1.2016772723169629
2026-10-10,1,wk inc rsv hosp,2026-10-17,18,quantile,0.05,1.3838099560942294
2026-10-10,1,wk inc rsv hosp,2026-10-17,18,quantile,0.1,1.7927838740484836
2026-10-10,1,wk inc rsv hosp,2026-10-17,18,quantile,0.15,2.010418609384171
2026-10-10,1,wk inc rsv hosp,2026-10-17,18,quantile,0.2,2.4649308275439306
2026-10-10,1,wk inc rsv hosp,2026-10-17,18,quantile,0.25,2.6953926023995485
2026-10-10,1,wk inc rsv hosp,2026-10-17,18,quantile,0.3,3.0296720625669438
2026-10-10,1,wk inc rsv hosp,2026-10-17,18,quantile,0.35,3.468835581756033
2026-10-10,1,wk inc rsv hosp,2026-10-17,18,quantile,0.4,3.81171320026241
2026-10-10,1,wk inc rsv hosp,2026-10-17,18,quantile,0.45,3.8888522823524374
2026-10-10,1,wk inc rsv hosp,2026-10-17,18,quantile,0.5,3.9551421399304143
2026-10-10,1,wk inc rsv hosp,2026-10-17,18,quantile,0.55,4.083329105135454
2026-10-10,1,wk inc rsv hosp,2026-10-17,18,quantile,0.6,4.673539231355866
2026-10-10,1,wk inc rsv hosp,2026-10-17,18,quantile,0.65,4.91200995477107
2026-10-10,1,wk inc rsv hosp,2026-10-17,18,quantile,0.7,4.981865463160819
2026-10-10,1,wk inc rsv hosp,2026-10-17,18,quantile,0.75,5.077200853517057
2026-10-10,1,wk inc rsv hosp,2026-10-17,18,quantile,0.8,5.116052276360379
2026-10-10,1,wk inc rsv hosp,2026-10-17,18,quantile,0.85,5.1869304845112545
2026-10-10,1,wk inc rsv hosp,2026-10-17,18,quantile,0.9,5.347229203972824
2026-10-10,1,wk inc rsv hosp,2026-10-17,18,quantile,0.95,7.252716471421212
2026-10-10,1,wk inc rsv hosp,2026-10-17,18,quantile,0.975,8.263532129791116
2026-10-10,1,wk inc rsv hosp,2026-10-17,18,quantile,0.99,8.557342157339722
2026-10-10,1,wk inc rsv hosp,2026-10-17,19,quantile,0.01,0.0
2026-10-10,1,wk inc rsv hosp,2026-10-17,19,quantile,0.025,0.0
2026-10-10,1,wk inc rsv hosp,2026-10-17,19,quantile,0.05,0.08780676727429045
2026-10-10,1,wk inc rsv hosp,2026-10-17,19,quantile,0.1,0.5319992383550183
2026-10-10,1,wk inc rsv hosp,2026-10-17,19,quantile,0.15,0.7473718862153105
2026-10-10,1,wk inc rsv hosp,2026-10-17,19,quantile,0.2,0.7919734191331345
2026-10-10,1,wk inc rsv hosp,2026-10-17,19,quantile,0.25,0.7996889709670947
2026-10-10,1,wk inc rsv hosp,2026-10-17,19,quantile,0.3,0.8117661412732259
2026-10-10,1,wk inc rsv hosp,2026-10-17,19,quantile,0.35,0.9009428537922872
2026-10-10,1,wk inc rsv hosp,2026-10-17,19,quantile,0.4,1.025698078000658
2026-10-10,1,wk inc rsv hosp,2026-10-17,19,quantile,0.45,1.0994202996672777
2026-10-10,1,wk inc rsv hosp,2026-10-17,19,quantile,0.5,1.1846338716377447
2026-10-10,1,wk inc rsv hosp,2026-10-17,19,quantile,0.55,1.324750702425203
2026-10-10,1,wk inc rsv hosp,2026-10-17,19,quantile,0.6,1.4456358360286858
2026-10-10,1,wk inc rsv hosp,2026-10-17,19,quantile,0.65,1.4947123999666785
2026-10-10,1,wk inc rsv hosp,2026-10-17,19,quantile,0.7,1.6436583483000333
2026-10-10,1,wk inc rsv hosp,2026-10-17,19,quantile,0.75,1.8281657463046401
2026-10-10,1,wk inc rsv hosp,2026-10-17,19,quantile,0.8,2.079932764235023
2026-10-10,1,wk inc rsv hosp,2026-10-17,19,quantile,0.85,2.2886279346280958
2026-10-10,1,wk inc rsv hosp,2026-10-17,19,quantile,0.9,2.4764315640675125
2026-10-10,1,wk inc rsv hosp,2026-10-17,19,quantile,0.95,2.738362685204211
2026-10-10,1,wk inc rsv hosp,2026-10-17,19,quantile,0.975,3.6208737674843476
2026-10-10,1,wk inc rsv hosp,2026-10-17,19,quantile,0.99,4.6638470544126
2026-10-10,1,wk inc rsv hosp,2026-10-17,20,quantile,0.01,0.0
2026-10-10,1,wk inc rsv hosp,2026-10-17,20,quantile,0.025,0.0
2026-10-10,1,wk inc rsv hosp,2026-10-17,20,quantile,0.05,0.0
2026-10-10,1,wk inc rsv hosp,2026-10-17,20,quantile,0.1,0.07273335999669985
2026-10-10,1,wk inc rsv hosp,2026-10-17,20,quantile,0.15,0.23216141475573984
2026-10-10,1,wk inc rsv hosp,2026-10-17,20,quantile,0.2,0.3130699982915492
2026-10-10,1,wk inc rsv hosp,2026-10-17,20,quantile,0.25,0.3216333388692433
2026-10-10,1,wk inc rsv hosp,2026-10-17,20,quantile,0.3,0.5160584350772023
2026-10-10,1,wk inc rsv hosp,2026-10-17,20,quantile,0.35,0.7360336445193952
2026-10-10,1,wk inc rsv hosp,2026-10-17,20,quantile,0.4,0.7435210265100352
2026-10-10,1,wk inc rsv hosp,2026-10-17,20,quantile,0.45,0.808432049901612
2026-10-10,1,wk inc rsv hosp,2026-10-17,20,quantile,0.5,1.0089686978404024
2026-10-10,1,wk inc rsv hosp,2026-10-17,20,quantile,0.55,1.077578632787771
2026-10-10,1,wk inc rsv hosp,2026-10-17,20,quantile,0.6,1.1628780278188848
2026-10-10,1,wk inc rsv hosp,2026-10-17,20,quantile,0.65,1.2255764668710025
2026-10-10,1,wk inc rsv hosp,2026-10-17,20,quantile,0.7,1.3028788621177203
2026-10-10,1,wk inc rsv hosp,2026-10-17,20,quantile,0.75,1.3170659683266122
2026-10-10,1,wk inc rsv hosp,2026-10-17,20,quantile,0.8,1.487373254561561
2026-10-10,1,wk inc rsv hosp,2026-10-17,20,quantile,0.85,1.5037993094645823
2026-10-10,1,wk inc rsv hosp,2026-10-17,20,quantile,0.9,1.622241621336438
2026-10-10,1,wk inc rsv hosp,2026-10-17,20,quantile,0.95,1.8857785607958073
2026-10-10,1,wk inc rsv hosp,2026-10-17,20,quantile,0.975,2.1126258176331367
2026-10-10,1,wk inc rsv hosp,2026-10-17,20,quantile,0.99,2.287546398137618
2026-10-10,1,wk inc rsv hosp,2026-10-17,21,quantile,0.01,3.713940384425855
2026-10-10,1,wk inc rsv hosp,2026-10-17,21,quantile,0.025,3.9167048820298307
2026-10-10,1,wk inc rsv hosp,2026-10-17,21,quantile,0.05,4.4418040532077585
2026-10-10,1,wk inc rsv hosp,2026-10-17,21,quantile,0.1,5.701427862998797
2026-10-10,1,wk inc rsv hosp,2026-10-17,21,quantile,0.15,6.52916552522741
2026-10-10,1,wk inc rsv hosp,2026-10-17,21,quantile,0.2,7.424037071400137
2026-10-10,1,wk inc rsv hosp,2026-10-17,21,quantile,0.25,7.733450222318811
2026-10-10,1,wk inc rsv hosp,2026-10-17,21,quantile,0.3,8.570361604221524
2026-10-10,1,wk inc rsv hosp,2026-10-17,21,quantile,0.35,9.179803116713675
2026-10-10,1,wk inc rsv hosp,2026-10-17,21,quantile,0.4,10.353364947257521
2026-10-10,1,wk inc rsv hosp,2026-10-17,21,quantile,0.45,10.518917017683163
2026-10-10,1,wk inc rsv hosp,2026-10-17,21,quantile,0.5,10.809793936900913
2026-10-10,1,wk inc rsv hosp,2026-10-17,21,quantile,0.55,11.440451089144483
2026-10-10,1,wk inc rsv hosp,2026-10-17,21,quantile,0.6,12.067033111957587
2026-10-10,1,wk inc rsv hosp,2026-10-17,21,quantile,0.65,12.614898197012979
2026-10-10,1,wk inc rsv hosp,2026-10-17,21,quantile,0.7,12.954941040562005
2026-10-10,1,wk inc rsv hosp,2026-10-17,21,quantile,0.75,13.662625552872914
2026-10-10,1,wk inc rsv hosp,2026-10-17,21,quantile,0.8,14.732684655361753
2026-10-10,1,wk inc rsv hosp,2026-10-17,21,quantile,0.85,18.0031178370532
2026-10-10,1,wk inc rsv hosp,2026-10-17,21,quantile,0.9,18.96825129101066
2026-10-10,1,wk inc rsv hosp,2026-10-17,21,quantile,0.95,19.685590275899823
2026-10-10,1,wk inc rsv hosp,2026-10-17,21,quantile,0.975,22.744324551443455
2026-10-10,1,wk inc rsv hosp,2026-10-17,21,quantile,0.99,26.208536303310073
2026-10-10,1,wk inc rsv hosp,2026-10-17,22,quantile,0.01,3.443228420765941
2026-10-10,1,wk inc rsv hosp,2026-10-17,22,quantile,0.025,3.5708964710503768
2026-10-10,1,wk inc rsv hosp,2026-10-17,22,quantile,0.05,3.913319904889523
2026-10-10,1,wk inc rsv hosp,2026-10-17,22,quantile,0.1,4.8893803055096665
2026-10-10,1,wk inc rsv hosp,2026-10-17,22,quantile,0.15,7.47122194338684
2026-10-10,1,wk inc rsv hosp,2026-10-17,22,quantile,0.2,9.007654903631419
2026-10-10,1,wk inc rsv hosp,2026-10-17,22,quantile,0.25,9.975707888114247
2026-10-10,1,wk inc rsv hosp,2026-10-17,22,quantile,0.3,10.208150949029255
2026-10-10,1,wk inc rsv hosp,2026-10-17,22,quantile,0.35,11.414623232972005
2026-10-10,1,wk inc rsv hosp,2026-10-17,22,quantile,0.4,12.758253476607122
2026-10-10,1,wk inc rsv hosp,2026-10-17,22,quantile,0.45,13.586161743795644
2026-10-10,1,wk inc rsv hosp,2026-10-17,22,quantile,0.5,13.918585132906772
2026-10-10,1,wk inc rsv hosp,2026-10-17,22,quantile,0.55,15.177908828618712
2026-10-10,1,wk inc rsv hosp,2026-10-17,22,quantile,0.6,16.571625255300535
2026-10-10,1,wk inc rsv hosp,2026-10-17,22,quantile,0.65,17.396974681312177
2026-10-10,1,wk inc rsv hosp,2026-10-17,22,quantile,0.7,20.623007550501107
2026-10-10,1,wk inc rsv hosp,2026-10-17,22,quantile,0.75,22.254670388892553
2026-10-10,1,wk inc rsv hosp,2026-10-17,22,quantile,0.8,23.0114757504481
2026-10-10,1,wk inc rsv hosp,2026-10-17,22,quantile,0.85,25.640093864860116
2026-10-10,1,wk inc rsv hosp,2026-10-17,22,quantile,0.9,33.96383583672591
2026-10-10,1,wk inc rsv hosp,2026-10-17,22,quantile,0.95,43.73679548470344
2026-10-10,1,wk inc rsv hosp,2026-10-17,22,quantile,0.975,87.55742937035565
2026-10-10,1,wk inc rsv hosp,2026-10-17,22,quantile,0.99,161.96573962127542
2026-10-10,1,wk inc rsv hosp,2026-10-17,23,quantile,0.01,0.0
2026-10-10,1,wk inc rsv hosp,2026-10-17,23,quantile,0.025,0.0
2026-10-10,1,wk inc rsv hosp,2026-10-17,23,quantile,0.05,0.0
2026-10-10,1,wk inc rsv hosp,2026-10-17,23,quantile,0.1,0.054776710342313004
2026-10-10,1,wk inc rsv hosp,2026-10-17,23,quantile,0.15,0.18550702821921589
2026-10-10,1,wk inc rsv hosp,2026-10-17,23,quantile,0.2,0.2254176857385052
2026-10-10,1,wk inc rsv hosp,2026-10-17,23,quantile,0.25,0.24741980890818652
2026-10-10,1,wk inc rsv hosp,2026-10-17,23,quantile,0.3,0.30591395458313947
2026-10-10,1,wk inc rsv hosp,2026-10-17,23,quantile,0.35,0.3480332865710984
2026-10-10,1,wk inc rsv hosp,2026-10-17,23,quantile,0.4,0.39535457302581056
2026-10-10,1,wk inc rsv hosp,2026-10-17,23,quantile,0.45,0.4646612907489747
2026-10-10,1,wk inc rsv hosp,2026-10-17,23,quantile,0.5,0.5326143853167715
2026-10-10,1,wk inc rsv hosp,2026-10-17,23,quantile,0.55,0.5852043492045937
2026-10-10,1,wk inc rsv hosp,2026-10-17,23,quantile,0.6,0.6270520455868696
2026-10-10,1,wk inc rsv hosp,2026-10-17,23,quantile,0.65,0.6712466137304751
2026-10-10,1,wk inc rsv hosp,2026-10-17,23,quantile,0.7,0.8123537782950601
2026-10-10,1,wk inc rsv hosp,2026-10-17,23,quantile,0.75,0.8621792738857237
2026-10-10,1,wk inc rsv hosp,2026-10-17,23,quantile,0.8,1.1222187946390851
2026-10-10,1,wk inc rsv hosp,2026-10-17,23,quantile,0.85,1.1780203783616776
2026-10-10,1,wk inc rsv hosp,2026-10-17,23,quantile,0.9,1.3402554060437382
2026-10-10,1,wk inc rsv hosp,2026-10-17,23,quantile,0.95,1.530190204187973
2026-10-10,1,wk inc rsv hosp,2026-10-17,23,quantile,0.975,1.5868935625831824
2026-10-10,1,wk inc rsv hosp,2026-10-17,23,quantile,0.99,1.6036177511126968
2026-10-10,1,wk inc rsv hosp,2026-10-17,24,quantile,0.01,0.344819184782349
2026-10-10,1,wk inc rsv hosp,2026-10-17,24,quantile,0.025,0.3877017735697933
2026-10-10,1,wk inc rsv hosp,2026-10-17,24,quantile,0.05,0.4360740653601445
2026-10-10,1,wk inc rsv hosp,2026-10-17,24,quantile,0.1,0.4730027600634693
2026-10-10,1,wk inc rsv hosp,2026-10-17,24,quantile,0.15,1.060517577033156
2026-10-10,1,wk inc rsv hosp,2026-10-17,24,quantile,0.2,2.0418583214232275
2026-10-10,1,wk inc rsv hosp,2026-10-17,24,quantile,0.25,2.221071612785204
2026-10-10,1,wk inc rsv hosp,2026-10-17,24,quantile,0.3,2.273477757243091
2026-10-10,1,wk inc rsv hosp,2026-10-17,24,quantile,0.35,2.5046697000579123
2026-10-10,1,wk inc rsv hosp,2026-10-17,24,quantile,0.4,2.777010639519204
2026-10-10,1,wk inc rsv hosp,2026-10-17,24,quantile,0.45,3.1836574998343137
2026-10-10,1,wk inc rsv hosp,2026-10-17,24,quantile,0.5,3.496156993104714
2026-10-10,1,wk inc rsv hosp,2026-10-17,24,quantile,0.55,4.052331109669408
2026-10-10,1,wk inc rsv hosp,2026-10-17,24,quantile,0.6,4.258107940359691
2026-10-10,1,wk inc rsv hosp,2026-10-17,24,quantile,0.65,4.430204655546289
2026-10-10,1,wk inc rsv hosp,2026-10-17,24,quantile,0.7,4.971280311997031
2026-10-10,1,wk inc rsv hosp,2026-10-17,24,quantile,0.75,5.022527594534825
2026-10-10,1,wk inc rsv hosp,2026-10-17,24,quantile,0.8,6.3377266875895275
2026-10-10,1,wk inc rsv hosp,2026-10-17,24,quantile,0.85,6.769844310143429
2026-10-10,1,wk inc rsv hosp,2026-10-17,24,quantile,0.9,6.900406058908738
2026-10-10,1,wk inc rsv hosp,2026-10-17,24,quantile,0.95,8.147396720949867
2026-10-10,1,wk inc rsv hosp,2026-10-17,24,quantile,0.975,9.97175903169898
2026-10-10,1,wk inc rsv hosp,2026-10-17,24,quantile,0.99,11.589107125074168
2026-10-10,1,wk inc rsv hosp,2026-10-17,25,quantile,0.01,0.7909407892329602
2026-10-10,1,wk inc rsv hosp,2026-10-17,25,quantile,0.025,0.8830327411389536
2026-10-10,1,wk inc rsv hosp,2026-10-17,25,quantile,0.05,1.2710099673428437
2026-10-10,1,wk inc rsv hosp,2026-10-17,25,quantile,0.1,2.473751835043038
2026-10-10,1,wk inc rsv hosp,2026-10-17,25,quantile,0.15,2.6060131802772437
2026-10-10,1,wk inc rsv hosp,2026-10-17,25,quantile,0.2,2.7747859385963483
2026-10-10,1,wk inc rsv hosp,2026-10-17,25,quantile,0.25,2.8417409436870877
2026-10-10,1,wk inc rsv hosp,2026-10-17,25,quantile,0.3,2.872924504379495
2026-10-10,1,wk inc rsv hosp,2026-10-17,25,quantile,0.35,2.924758291995939
2026-10-10,1,wk inc rsv hosp,2026-10-17,25,quantile,0.4,2.9392379329979614
2026-10-10,1,wk inc rsv hosp,2026-10-17,25,quantile,0.45,3.293176236191199
2026-10-10,1,wk inc rsv hosp,2026-10-17,25,quantile,0.5,3.4132747921531768
2026-10-10,1,wk inc rsv hosp,2026-10-17,25,quantile,0.55,3.627293956021024
2026-10-10,1,wk inc rsv hosp,2026-10-17,25,quantile,0.6,3.956700906668005
2026-10-10,1,wk inc rsv hosp,2026-10-17,25,quantile,0.65,4.355896410679378
2026-10-10,1,wk inc rsv hosp,2026-10-17,25,quantile,0.7,4.678964318974431
2026-10-10,1,wk inc rsv hosp,2026-10-17,25,quantile,0.75,4.980044838480316
2026-10-10,1,wk inc rsv hosp,2026-10-17,25,quantile,0.8,5.182897805051261
2026-10-10,1,wk inc rsv hosp,2026-10-17,25,quantile,0.85,5.709938517653088
2026-10-10,1,wk inc rsv hosp,2026-10-17,25,quantile,0.9,6.409000694511332
2026-10-10,1,wk inc rsv hosp,2026-10-17,25,quantile,0.95,6.916885834718419
2026-10-10,1,wk inc rsv hosp,2026-10-17,25,quantile,0.975,8.942528709751054
2026-10-10,1,wk inc rsv hosp,2026-10-17,25,quantile,0.99,11.41803406271831
2026-10-10,1,wk inc rsv hosp,2026-10-17,26,quantile,0.01,0.0
2026-10-10,1,wk inc rsv hosp,2026-10-17,26,quantile,0.025,0.1454403850718531
2026-10-10,1,wk inc rsv hosp,2026-10-17,26,quantile,0.05,0.4423460759309712
2026-10-10,1,wk inc rsv hosp,2026-10-17,26,quantile,0.1,0.8702453191773046
2026-10-10,1,wk inc rsv hosp,2026-10-17,26,quantile,0.15,1.279859261974733
2026-10-10,1,wk inc rsv hosp,2026-10-17,26,quantile,0.2,1.4515316115022403
2026-10-10,1,wk inc rsv hosp,2026-10-17,26,quantile,0.25,1.475086745416259
2026-10-10,1,wk inc rsv hosp,2026-10-17,26,quantile,0.3,1.5234367722221736
2026-10-10,1,wk inc rsv hosp,2026-10-17,26,quantile,0.35,1.7319993869236048
2026-10-10,1,wk inc rsv hosp,2026-10-17,26,quantile,0.4,1.8849168611387892
2026-10-10,1,wk inc rsv hosp,2026-10-17,26,quantile,0.45,1.913667688976031
2026-10-10,1,wk inc rsv hosp,2026-10-17,26,quantile,0.5,1.9400425365088136
2026-10-10,1,wk inc rsv hosp,2026-10-17,26,quantile,0.55,1.9815673183781424
2026-10-10,1,wk inc rsv hosp,2026-10-17,26,quantile,0.6,2.0397050292145082
2026-10-10,1,wk inc rsv hosp,2026-10-17,26,quantile,0.65,2.521498255867598
2026-10-10,1,wk inc rsv hosp,2026-10-17,26,quantile,0.7,2.6634499661234217
2026-10-10,1,wk inc rsv hosp,2026-10-17,26,quantile,0.75,2.8593570712147307
2026-10-10,1,wk inc rsv hosp,2026-10-17,26,quantile,0.8,3.090502435414571
2026-10-10,1,wk inc rsv hosp,2026-10-17,26,quantile,0.85,3.5235959049222405
2026-10-10,1,wk inc rsv hosp,2026-10-17,26,quantile,0.9,3.7563168923660655
2026-10-10,1,wk inc rsv hosp,2026-10-17,26,quantile,0.95,5.590720487810353
2026-10-10,1,wk inc rsv hosp,2026-10-17,26,quantile,0.975,9.574883537682954
2026-10-10,1,wk inc rsv hosp,2026-10-17,26,quantile,0.99,14.39680164624537
2026-10-10,1,wk inc rsv hosp,2026-10-17,27,quantile,0.01,0.0
2026-10-10,1,wk inc rsv hosp,2026-10-17,27,quantile,0.025,0.0
2026-10-10,1,wk inc rsv hosp,2026-10-17,27,quantile,0.05,0.0
2026-10-10,1,wk inc rsv hosp,2026-10-17,27,quantile,0.1,0.0
2026-10-10,1,wk inc rsv hosp,2026-10-17,27,quantile,0.15,0.0
2026-10-10,1,wk inc rsv hosp,2026-10-17,27,quantile,0.2,0.0
2026-10-10,1,wk inc rsv hosp,2026-10-17,27,quantile,0.25,0.0
2026-10-10,1,wk inc rsv hosp,2026-10-17,27,quantile,0.3,0.0
2026-10-10,1,wk inc rsv hosp,2026-10-17,27,quantile,0.35,0.0
2026-10-10,1,wk inc rsv hosp,2026-10-17,27,quantile,0.4,0.0
2026-10-10,1,wk inc rsv hosp,2026-10-17,27,quantile,0.45,0.0
2026-10-10,1,wk inc rsv hosp,2026-10-17,27,quantile,0.5,0.0
2026-10-10,1,wk inc rsv hosp,2026-10-17,27,quantile,0.55,0.0
2026-10-10,1,wk inc rsv hosp,2026-10-17,27,quantile,0.6,0.0
2026-10-10,1,wk inc rsv hosp,2026-10-17,27,quantile,0.65,0.06485112877690023
2026-10-10,1,wk inc rsv hosp,2026-10-17,27,quantile,0.7,0.10305576302735941
2026-10-10,1,wk inc rsv hosp,2026-10-17,27,quantile,0.75,0.19111565678916545
2026-10-10,1,wk inc rsv hosp,2026-10-17,27,quantile,0.8,0.371686147654192
2026-10-10,1,wk inc rsv hosp,2026-10-17,27,quantile,0.85,0.5093148789998465
2026-10-10,1,wk inc rsv hosp,2026-10-17,27,quantile,0.9,0.835955195507671
2026-10-10,1,wk inc rsv hosp,2026-10-17,27,quantile,0.95,1.2109738856342693
2026-10-10,1,wk inc rsv hosp,2026-10-17,27,quantile,0.975,1.3761618727076717
2026-10-10,1,wk inc rsv hosp,2026-10-17,27,quantile,0.99,1.5351984806724008
2026-10-10,1,wk inc rsv hosp,2026-10-17,28,quantile,0.01,1.508002481839314
2026-10-10,1,wk inc rsv hosp,2026-10-17,28,quantile,0.025,1.5854268431743683
2026-10-10,1,wk inc rsv hosp,2026-10-17,28,quantile,0.05,1.8234749227810743
2026-10-10,1,wk inc rsv hosp,2026-10-17,28,quantile,0.1,2.4122147573810486
2026-10-10,1,wk inc rsv hosp,2026-10-17,28,quantile,0.15,2.8434199672194875
2026-10-10,1,wk inc rsv hosp,2026-10-17,28,quantile,0.2,3.41133978039136
2026-10-10,1,wk inc rsv hosp,2026-10-17,28,quantile,0.25,3.6303045137219447
2026-10-10,1,wk inc rsv hosp,2026-10-17,28,quantile,0.3,4.173809615081625
2026-10-10,1,wk inc rsv hosp,2026-10-17,28,quantile,0.35,4.902238531936663
2026-10-10,1,wk inc rsv hosp,2026-10-17,28,quantile,0.4,5.445497704093671
2026-10-10,1,wk inc rsv hosp,2026-10-17,28,quantile,0.45,5.797009805532193
2026-10-10,1,wk inc rsv hosp,2026-10-17,28,quantile,0.5,5.99692146014763
2026-10-10,1,wk inc rsv hosp,2026-10-17,28,quantile,0.55,6.031572020509071
2026-10-10,1,wk inc rsv hosp,2026-10-17,28,quantile,0.6,6.874688496327286
2026-10-10,1,wk inc rsv hosp,2026-10-17,28,quantile,0.65,6.995618978843181
2026-10-10,1,wk inc rsv hosp,2026-10-17,28,quantile,0.7,7.471589565147911
2026-10-10,1,wk inc rsv hosp,2026-10-17,28,quantile,0.75,7.921416441038921
2026-10-10,1,wk inc rsv hosp,2026-10-17,28,quantile,0.8,8.085294673264395
2026-10-10,1,wk inc rsv hosp,2026-10-17,28,quantile,0.85,12.674879056385544
2026-10-10,1,wk inc rsv hosp,2026-10-17,28,quantile,0.9,15.77391283062513
2026-10-10,1,wk inc rsv hosp,2026-10-17,28,quantile,0.95,20.197657366731768
2026-10-10,1,wk inc rsv hosp,2026-10-17,28,quantile,0.975,22.545476441515888
2026-10-10,1,wk inc rsv hosp,2026-10-17,28,quantile,0.99,24.527603564208018
2026-10-10,1,wk inc rsv hosp,2026-10-17,29,quantile,0.01,2.9913422862904224
2026-10-10,1,wk inc rsv hosp,2026-10-17,29,quantile,0.025,3.091324639180495
2026-10-10,1,wk inc rsv hosp,2026-10-17,29,quantile,0.05,3.2730726767914784
2026-10-10,1,wk inc rsv hosp,2026-10-17,29,quantile,0.1,3.6582835394597693
2026-10-10,1,wk inc rsv hosp,2026-10-17,29,quantile,0.15,4.7382478821603495
2026-10-10,1,wk inc rsv hosp,2026-10-17,29,quantile,0.2,5.365855201026854
2026-10-10,1,wk inc rsv hosp,2026-10-17,29,quantile,0.25,6.129750230694761
2026-10-10,1,wk inc rsv hosp,2026-10-17,29,quantile,0.3,6.253831156845224
2026-10-10,1,wk inc rsv hosp,2026-10-17,29,quantile,0.35,6.510232491070441
2026-10-10,1,wk inc rsv hosp,2026-10-17,29,quantile,0.4,6.809857360077812
2026-10-10,1,wk inc rsv hosp,2026-10-17,29,quantile,0.45,7.092731554419651
2026-10-10,1,wk inc rsv hosp,2026-10-17,29,quantile,0.5,7.186398149662338
2026-10-10,1,wk inc rsv hosp,2026-10-17,29,quantile,0.55,7.318031327156575
2026-10-10,1,wk inc rsv hosp,2026-10-17,29,quantile,0.6,7.487261587989531
2026-10-10,1,wk inc rsv hosp,2026-10-17,29,quantile,0.65,7.766581485839291
2026-10-10,1,wk inc rsv hosp,2026-10-17,29,quantile,0.7,8.372655347711378
2026-10-10,1,wk inc rsv hosp,2026-10-17,29,quantile,0.75,8.78855821851456
2026-10-10,1,wk inc rsv hosp,2026-10-17,29,quantile,0.8,9.075171219854795
2026-10-10,1,wk inc rsv hosp,2026-10-17,29,quantile,0.85,9.157863714218365
2026-10-10,1,wk inc rsv hosp,2026-10-17,29,quantile,0.9,9.874437181348878
2026-10-10,1,wk inc rsv hosp,2026-10-17,29,quantile,0.95,12.534176224885808
2026-10-10,1,wk inc rsv hosp,2026-10-17,29,quantile,0.975,17.852430268424428
2026-10-10,1,wk inc rsv hosp,2026-10-17,29,quantile,0.99,23.90724311511238
2026-10-10,1,wk inc rsv hosp,2026-10-17,30,quantile,0.01,0.0
2026-10-10,1,wk inc rsv hosp,2026-10-17,30,quantile,0.025,0.0
2026-10-10,1,wk inc rsv hosp,2026-10-17,30,quantile,0.05,0.0
2026-10-10,1,wk inc rsv hosp,2026-10-17,30,quantile,0.1,0.0
2026-10-10,1,wk inc rsv hosp,2026-10-17,30,quantile,0.15,0.0
2026-10-10,1,wk inc rsv hosp,2026-10-17,30,quantile,0.2,0.0
2026-10-10,1,wk inc rsv hosp,2026-10-17,30,quantile,0.25,0.0
2026-10-10,1,wk inc rsv hosp,2026-10-17,30,quantile,0.3,0.0
2026-10-10,1,wk inc rsv hosp,2026-10-17,30,quantile,0.35,0.0
2026-10-10,1,wk inc rsv hosp,2026-10-17,30,quantile,0.4,0.0
2026-10-10,1,wk inc rsv hosp,2026-10-17,30,quantile,0.45,0.0
2026-10-10,1,wk inc rsv hosp,2026-10-17,30,quantile,0.5,0.0037240982055664062
2026-10-10,1,wk inc rsv hosp,2026-10-17,30,quantile,0.55,0.03973179772876311
2026-10-10,1,wk inc rsv hosp,2026-10-17,30,quantile,0.6,0.213595357646506
2026-10-10,1,wk inc rsv hosp,2026-10-17,30,quantile,0.65,0.2448756011556325
2026-10-10,1,wk inc rsv hosp,2026-10-17,30,quantile,0.7,0.369589359934262
2026-10-10,1,wk inc rsv hosp,2026-10-17,30,quantile,0.75,0.5768465348459308
2026-10-10,1,wk inc rsv hosp,2026-10-17,30,quantile,0.8,0.7574271003156665
2026-10-10,1,wk inc rsv hosp,2026-10-17,30,quantile,0.85,0.8943661886564919
2026-10-10,1,wk inc rsv hosp,2026-10-17,30,quantile,0.9,1.1984138538978308
2026-10-10,1,wk inc rsv hosp,2026-10-17,30,quantile,0.95,1.296954245587227
2026-10-10,1,wk inc rsv hosp,2026-10-17,30,quantile,0.975,1.6659977395594334
2026-10-10,1,wk inc rsv hosp,2026-10-17,30,quantile,0.99,2.068741592548821
2026-10-10,1,wk inc rsv hosp,2026-10-17,31,quantile,0.01,0.0
2026-10-10,1,wk inc rsv hosp,2026-10-17,31,quantile,0.025,0.0
2026-10-10,1,wk inc rsv hosp,2026-10-17,31,quantile,0.05,0.0
2026-10-10,1,wk inc rsv hosp,2026-10-17,31,quantile,0.1,0.0
2026-10-10,1,wk inc rsv hosp,2026-10-17,31,quantile,0.15,0.0
2026-10-10,1,wk inc rsv hosp,2026-10-17,31,quantile,0.2,0.00023043115204762242
2026-10-10,1,wk inc rsv hosp,2026-10-17,31,quantile,0.25,0.4423834421905831
2026-10-10,1,wk inc rsv hosp,2026-10-17,31,quantile,0.3,0.4566783149574407
2026-10-10,1,wk inc rsv hosp,2026-10-17,31,quantile,0.35,0.7600076564092607
2026-10-10,1,wk inc rsv hosp,2026-10-17,31,quantile,0.4,1.0715322194885306
2026-10-10,1,wk inc rsv hosp,2026-10-17,31,quantile,0.45,1.1004533543599566
2026-10-10,1,wk inc rsv hosp,2026-10-17,31,quantile,0.5,1.1169270170934245
2026-10-10,1,wk inc rsv hosp,2026-10-17,31,quantile,0.55,1.1441710087564942
2026-10-10,1,wk inc rsv hosp,2026-10-17,31,quantile,0.6,1.230268623196284
2026-10-10,1,wk inc rsv hosp,2026-10-17,31,quantile,0.65,1.2732376245856831
2026-10-10,1,wk inc rsv hosp,2026-10-17,31,quantile,0.7,1.402451698014045
2026-10-10,1,wk inc rsv hosp,2026-10-17,31,quantile,0.75,1.890718092952977
2026-10-10,1,wk inc rsv hosp,2026-10-17,31,quantile,0.8,2.096011187588511
2026-10-10,1,wk inc rsv hosp,2026-10-17,31,quantile,0.85,2.2471537277327576
2026-10-10,1,wk inc rsv hosp,2026-10-17,31,quantile,0.9,2.6760635333545557
2026-10-10,1,wk inc rsv hosp,2026-10-17,31,quantile,0.95,3.0301570604069066
2026-10-10,1,wk inc rsv hosp,2026-10-17,31,quantile,0.975,3.4223265068827975
2026-10-10,1,wk inc rsv hosp,2026-10-17,31,quantile,0.99,3.7583996345563406
2026-10-10,1,wk inc rsv hosp,2026-10-17,32,quantile,0.01,0.0
2026-10-10,1,wk inc rsv hosp,2026-10-17,32,quantile,0.025,0.0
2026-10-10,1,wk inc rsv hosp,2026-10-17,32,quantile,0.05,0.0
2026-10-10,1,wk inc rsv hosp,2026-10-17,32,quantile,0.1,0.0
2026-10-10,1,wk inc rsv hosp,2026-10-17,32,quantile,0.15,0.0
2026-10-10,1,wk inc rsv hosp,2026-10-17,32,quantile,0.2,0.5782817348227681
2026-10-10,1,wk inc rsv hosp,2026-10-17,32,quantile,0.25,0.6627803905244036
2026-10-10,1,wk inc rsv hosp,2026-10-17,32,quantile,0.3,0.8994540029919214
2026-10-10,1,wk inc rsv hosp,2026-10-17,32,quantile,0.35,1.0109190217242945
2026-10-10,1,wk inc rsv hosp,2026-10-17,32,quantile,0.4,1.0745181684259038
2026-10-10,1,wk inc rsv hosp,2026-10-17,32,quantile,0.45,1.1747161837386826
2026-10-10,1,wk inc rsv hosp,2026-10-17,32,quantile,0.5,1.2274095248006487
2026-10-10,1,wk inc rsv hosp,2026-10-17,32,quantile,0.55,1.2378849793828846
2026-10-10,1,wk inc rsv hosp,2026-10-17,32,quantile,0.6,1.2523533153463904
2026-10-10,1,wk inc rsv hosp,2026-10-17,32,quantile,0.65,1.326235367623986
2026-10-10,1,wk inc rsv hosp,2026-10-17,32,quantile,0.7,1.4279609866394871
2026-10-10,1,wk inc rsv hosp,2026-10-17,32,quantile,0.75,1.5063097427198475
2026-10-10,1,wk inc rsv hosp,2026-10-17,32,quantile,0.8,2.0509072194457647
2026-10-10,1,wk inc rsv hosp,2026-10-17,32,quantile,0.85,2.2015434643440996
2026-10-10,1,wk inc rsv hosp,2026-10-17,32,quantile,0.9,2.707543583066011
2026-10-10,1,wk inc rsv hosp,2026-10-17,32,quantile,0.95,3.3225234615121333
2026-10-10,1,wk inc rsv hosp,2026-10-17,32,quantile,0.975,5.164422914506167
2026-10-10,1,wk inc rsv hosp,2026-10-17,32,quantile,0.99,7.590055001121992
2026-10-10,1,wk inc rsv hosp,2026-10-17,33,quantile,0.01,0.0
2026-10-10,1,wk inc rsv hosp,2026-10-17,33,quantile,0.025,0.0
2026-10-10,1,wk inc rsv hosp,2026-10-17,33,quantile,0.05,0.0
2026-10-10,1,wk inc rsv hosp,2026-10-17,33,quantile,0.1,0.3429169394202683
2026-10-10,1,wk inc rsv hosp,2026-10-17,33,quantile,0.15,0.6982453248151036
2026-10-10,1,wk inc rsv hosp,2026-10-17,33,quantile,0.2,0.8245772963611393
2026-10-10,1,wk inc rsv hosp,2026-10-17,33,quantile,0.25,0.8566801021444783
2026-10-10,1,wk inc rsv hosp,2026-10-17,33,quantile,0.3,1.0979561869044685
2026-10-10,1,wk inc rsv hosp,2026-10-17,33,quantile,0.35,1.5524778216285329
2026-10-10,1,wk inc rsv hosp,2026-10-17,33,quantile,0.4,1.932290179117875
2026-10-10,1,wk inc rsv hosp,2026-10-17,33,quantile,0.45,2.0515549337329313
2026-10-10,1,wk inc rsv hosp,2026-10-17,33,quantile,0.5,2.1238217947806173
2026-10-10,1,wk inc rsv hosp,2026-10-17,33,quantile,0.55,2.4620097543685917
2026-10-10,1,wk inc rsv hosp,2026-10-17,33,quantile,0.6,2.6525235016698177
2026-10-10,1,wk inc rsv hosp,2026-10-17,33,quantile,0.65,2.969984945051872
2026-10-10,1,wk inc rsv hosp,2026-10-17,33,quantile,0.7,3.336418911121254
2026-10-10,1,wk inc rsv hosp,2026-10-17,33,quantile,0.75,3.499399023447372
2026-10-10,1,wk inc rsv hosp,2026-10-17,33,quantile,0.8,3.6570048395179526
2026-10-10,1,wk inc rsv hosp,2026-10-17,33,quantile,0.85,3.767241454626404
2026-10-10,1,wk inc rsv hosp,2026-10-17,33,quantile,0.9,4.109804527199614
2026-10-10,1,wk inc rsv hosp,2026-10-17,33,quantile,0.95,4.185549051645407
2026-10-10,1,wk inc rsv hosp,2026-10-17,33,quantile,0.975,5.548002149822897
2026-10-10,1,wk inc rsv hosp,2026-10-17,33,quantile,0.99,7.263553322282008
2026-10-10,1,wk inc rsv hosp,2026-10-17,34,quantile,0.01,4.967512983690773
2026-10-10,1,wk inc rsv hosp,2026-10-17,34,quantile,0.025,6.027649736547337
2026-10-10,1,wk inc rsv hosp,2026-10-17,34,quantile,0.05,7.454576439464257
2026-10-10,1,wk inc rsv hosp,2026-10-17,34,quantile,0.1,8.868397106569171
2026-10-10,1,wk inc rsv hosp,2026-10-17,34,quantile,0.15,11.807126621742153
2026-10-10,1,wk inc rsv hosp,2026-10-17,34,quantile,0.2,14.944619648433482
2026-10-10,1,wk inc rsv hosp,2026-10-17,34,quantile,0.25,16.80589891500616
2026-10-10,1,wk inc rsv hosp,2026-10-17,34,quantile,0.3,19.901599111597058
2026-10-10,1,wk inc rsv hosp,2026-10-17,34,quantile,0.35,20.000503834578765
2026-10-10,1,wk inc rsv hosp,2026-10-17,34,quantile,0.4,20.05446517905942
2026-10-10,1,wk inc rsv hosp,2026-10-17,34,quantile,0.45,21.27193953877801
2026-10-10,1,wk inc rsv hosp,2026-10-17,34,quantile,0.5,21.653433981120124
2026-10-10,1,wk inc rsv hosp,2026-10-17,34,quantile,0.55,21.67832515101837
2026-10-10,1,wk inc rsv hosp,2026-10-17,34,quantile,0.6,21.818618026466556
2026-10-10,1,wk inc rsv hosp,2026-10-17,34,quantile,0.65,22.88769233844455
2026-10-10,1,wk inc rsv hosp,2026-10-17,34,quantile,0.7,23.305622936588023
2026-10-10,1,wk inc rsv hosp,2026-10-17,34,quantile,0.75,23.853500623053886
2026-10-10,1,wk inc rsv hosp,2026-10-17,34,quantile,0.8,24.145184519910842
2026-10-10,1,wk inc rsv hosp,2026-10-17,34,quantile,0.85,25.982228904196653
2026-10-10,1,wk inc rsv hosp,2026-10-17,34,quantile,0.9,27.305842523070528
2026-10-10,1,wk inc rsv hosp,2026-10-17,34,quantile,0.95,31.525071397548892
2026-10-10,1,wk inc rsv hosp,2026-10-17,34,quantile,0.975,40.756511017212844
2026-10-10,1,wk inc rsv hosp,2026-10-17,34,quantile,0.99,50.68062092005364
2026-10-10,1,wk inc rsv hosp,2026-10-17,35,quantile,0.01,0.0
2026-10-10,1,wk inc rsv hosp,2026-10-17,35,quantile,0.025,0.0
2026-10-10,1,wk inc rsv hosp,2026-10-17,35,quantile,0.05,0.0
2026-10-10,1,wk inc rsv hosp,2026-10-17,35,quantile,0.1,0.19200603188137272
2026-10-10,1,wk inc rsv hosp,2026-10-17,35,quantile,0.15,0.43659879171818167
2026-10-10,1,wk inc rsv hosp,2026-10-17,35,quantile,0.2,0.5298995307570911
2026-10-10,1,wk inc rsv hosp,2026-10-17,35,quantile,0.25,0.7065551800044862
2026-10-10,1,wk inc rsv hosp,2026-10-17,35,quantile,0.3,0.8898176360213405
2026-10-10,1,wk inc rsv hosp,2026-10-17,35,quantile,0.35,0.9544909515663663
2026-10-10,1,wk inc rsv hosp,2026-10-17,35,quantile,0.4,1.0185397751411798
2026-10-10,1,wk inc rsv hosp,2026-10-17,35,quantile,0.45,1.0848411085571283
2026-10-10,1,wk inc rsv hosp,2026-10-17,35,quantile,0.5,1.1399479810453221
2026-10-10,1,wk inc rsv hosp,2026-10-17,35,quantile,0.55,1.239747822263428
2026-10-10,1,wk inc rsv hosp,2026-10-17,35,quantile,0.6,1.4916051027355284
2026-10-10,1,wk inc rsv hosp,2026-10-17,35,quantile,0.65,1.7346934820248845
2026-10-10,1,wk inc rsv hosp,2026-10-17,35,quantile,0.7,1.8565915156361996
2026-10-10,1,wk inc rsv hosp,2026-10-17,35,quantile,0.75,1.9481039983194883
2026-10-10,1,wk inc rsv hosp,2026-10-17,35,quantile,0.8,1.9853749303921502
2026-10-10,1,wk inc rsv hosp,2026-10-17,35,quantile,0.85,2.7506023133588835
2026-10-10,1,wk inc rsv hosp,2026-10-17,35,quantile,0.9,3.324668286643863
2026-10-10,1,wk inc rsv hosp,2026-10-17,35,quantile,0.95,3.705698419625979
2026-10-10,1,wk inc rsv hosp,2026-10-17,35,quantile,0.975,4.1118441169037245
2026-10-10,1,wk inc rsv hosp,2026-10-17,35,quantile,0.99,4.532810319704598
2026-10-10,1,wk inc rsv hosp,2026-10-17,36,quantile,0.01,27.075331401037893
2026-10-10,1,wk inc rsv hosp,2026-10-17,36,quantile,0.025,30.372608047787274
2026-10-10,1,wk inc rsv hosp,2026-10-17,36,quantile,0.05,34.82851041665522
2026-10-10,1,wk inc rsv hosp,2026-10-17,36,quantile,0.1,38.33605705519511
2026-10-10,1,wk inc rsv hosp,2026-10-17,36,quantile,0.15,40.86049202554757
2026-10-10,1,wk inc rsv hosp,2026-10-17,36,quantile,0.2,45.830890258049266
2026-10-10,1,wk inc rsv hosp,2026-10-17,36,quantile,0.25,46.49651459341041
2026-10-10,1,wk inc rsv hosp,2026-10-17,36,quantile,0.3,48.359040228322144
2026-10-10,1,wk inc rsv hosp,2026-10-17,36,quantile,0.35,49.35041191123051
2026-10-10,1,wk inc rsv hosp,2026-10-17,36,quantile,0.4,54.28217626000229
2026-10-10,1,wk inc rsv hosp,2026-10-17,36,quantile,0.45,55.13372553913497
2026-10-10,1,wk inc rsv hosp,2026-10-17,36,quantile,0.5,55.457082811472375
2026-10-10,1,wk inc rsv hosp,2026-10-17,36,quantile,0.55,56.53379448086163
2026-10-10,1,wk inc rsv hosp,2026-10-17,36,quantile,0.6,57.235258038834125
2026-10-10,1,wk inc rsv hosp,2026-10-17,36,quantile,0.65,57.80111510925122
2026-10-10,1,wk inc rsv hosp,2026-10-17,36,quantile,0.7,58.74121820874524
2026-10-10,1,wk inc rsv hosp,2026-10-17,36,quantile,0.75,59.55710858594686
2026-10-10,1,wk inc rsv hosp,2026-10-17,36,quantile,0.8,64.28650905519572
2026-10-10,1,wk inc rsv hosp,2026-10-17,36,quantile,0.85,68.73294259963909
2026-10-10,1,wk inc rsv hosp,2026-10-17,36,quantile,0.9,69.49798428225135
2026-10-10,1,wk inc rsv hosp,2026-10-17,36,quantile,0.95,78.39914353724612
2026-10-10,1,wk inc rsv hosp,2026-10-17,36,quantile,0.975,117.62953408130556
2026-10-10,1,wk inc rsv hosp,2026-10-17,36,quantile,0.99,169.67194548175277
2026-10-10,1,wk inc rsv hosp,2026-10-17,37,quantile,0.01,8.864184983324497
2026-10-10,1,wk inc rsv hosp,2026-10-17,37,quantile,0.025,9.308103957384265
2026-10-10,1,wk inc rsv hosp,2026-10-17,37,quantile,0.05,10.0310424712358
2026-10-10,1,wk inc rsv hosp,2026-10-17,37,quantile,0.1,11.372365179692787
2026-10-10,1,wk inc rsv hosp,2026-10-17,37,quantile,0.15,12.51202836200991
2026-10-10,1,wk inc rsv hosp,2026-10-17,37,quantile,0.2,14.430923590702804
2026-10-10,1,wk inc rsv hosp,2026-10-17,37,quantile,0.25,17.612592050754948
2026-10-10,1,wk inc rsv hosp,2026-10-17,37,quantile,0.3,20.783223356331057
2026-10-10,1,wk inc rsv hosp,2026-10-17,37,quantile,0.35,25.169892137537172
2026-10-10,1,wk inc rsv hosp,2026-10-17,37,quantile,0.4,27.018543658848373
2026-10-10,1,wk inc rsv hosp,2026-10-17,37,quantile,0.45,27.911055113459746
2026-10-10,1,wk inc rsv hosp,2026-10-17,37,quantile,0.5,28.778907876950058
2026-10-10,1,wk inc rsv hosp,2026-10-17,37,quantile,0.55,29.56345311738373
2026-10-10,1,wk inc rsv hosp,2026-10-17,37,quantile,0.6,31.3512198754818
2026-10-10,1,wk inc rsv hosp,2026-10-17,37,quantile,0.65,31.891689742573256
2026-10-10,1,wk inc rsv hosp,2026-10-17,37,quantile,0.7,33.338754099381816
2026-10-10,1,wk inc rsv hosp,2026-10-17,37,quantile,0.75,35.99651026189269
2026-10-10,1,wk inc rsv hosp,2026-10-17,37,quantile,0.8,36.89527543385214
2026-10-10,1,wk inc rsv hosp,2026-10-17,37,quantile,0.85,38.609444412653566
2026-10-10,1,wk inc rsv hosp,2026-10-17,37,quantile,0.9,42.353805939205984
2026-10-10,1,wk inc rsv hosp,2026-10-17,37,quantile,0.95,59.19032168689567
2026-10-10,1,wk inc rsv hosp,2026-10-17,37,quantile,0.975,65.14416146666672
2026-10-10,1,wk inc rsv hosp,2026-10-17,37,quantile,0.99,65.7782066123662
2026-10-10,1,wk inc rsv hosp,2026-10-17,38,quantile,0.01,0.0
2026-10-10,1,wk inc rsv hosp,2026-10-17,38,quantile,0.025,0.0
2026-10-10,1,wk inc rsv hosp,2026-10-17,38,quantile,0.05,0.0
2026-10-10,1,wk inc rsv hosp,2026-10-17,38,quantile,0.1,0.0
2026-10-10,1,wk inc rsv hosp,2026-10-17,38,quantile,0.15,0.0
2026-10-10,1,wk inc rsv hosp,2026-10-17,38,quantile,0.2,0.0
2026-10-10,1,wk inc rsv hosp,2026-10-17,38,quantile,0.25,0.0
2026-10-10,1,wk inc rsv hosp,2026-10-17,38,quantile,0.3,0.0
2026-10-10,1,wk inc rsv hosp,2026-10-17,38,quantile,0.35,0.0
2026-10-10,1,wk inc rsv hosp,2026-10-17,38,quantile,0.4,0.0
2026-10-10,1,wk inc rsv hosp,2026-10-17,38,quantile,0.45,0.0
2026-10-10,1,wk inc rsv hosp,2026-10-17,38,quantile,0.5,0.03741901843645078
2026-10-10,1,wk inc rsv hosp,2026-10-17,38,quantile,0.55,0.09289236626758088
2026-10-10,1,wk inc rsv hosp,2026-10-17,38,quantile,0.6,0.10271720955471753
2026-10-10,1,wk inc rsv hosp,2026-10-17,38,quantile,0.65,0.17804116149790014
2026-10-10,1,wk inc rsv hosp,2026-10-17,38,quantile,0.7,0.21686409699793605
2026-10-10,1,wk inc rsv hosp,2026-10-17,38,quantile,0.75,0.3100342223524233
2026-10-10,1,wk inc rsv hosp,2026-10-17,38,quantile,0.8,0.37365496372136886
2026-10-10,1,wk inc rsv hosp,2026-10-17,38,quantile,0.85,0.482801701775365
2026-10-10,1,wk inc rsv hosp,2026-10-17,38,quantile,0.9,0.5542304693964114
2026-10-10,1,wk inc rsv hosp,2026-10-17,38,quantile,0.95,0.7897452185538762
2026-10-10,1,wk inc rsv hosp,2026-10-17,38,quantile,0.975,1.171246569854182
2026-10-10,1,wk inc rsv hosp,2026-10-17,38,quantile,0.99,1.5434190169367665
2026-10-10,1,wk inc rsv hosp,2026-10-17,39,quantile,0.01,1.5977477675408944
2026-10-10,1,wk inc rsv hosp,2026-10-17,39,quantile,0.025,1.9168577667485807
2026-10-10,1,wk inc rsv hosp,2026-10-17,39,quantile,0.05,2.2943368672681785
2026-10-10,1,wk inc rsv hosp,2026-10-17,39,quantile,0.1,2.4815266206618833
2026-10-10,1,wk inc rsv hosp,2026-10-17,39,quantile,0.15,3.1593031672141865
2026-10-10,1,wk inc rsv hosp,2026-10-17,39,quantile,0.2,5.616044399596365
2026-10-10,1,wk inc rsv hosp,2026-10-17,39,quantile,0.25,6.165103256114365
2026-10-10,1,wk inc rsv hosp,2026-10-17,39,quantile,0.3,7.649979252811882
2026-10-10,1,wk inc rsv hosp,2026-10-17,39,quantile,0.35,8.223979058723
2026-10-10,1,wk inc rsv hosp,2026-10-17,39,quantile,0.4,8.8028010762081
2026-10-10,1,wk inc rsv hosp,2026-10-17,39,quantile,0.45,9.261217923959228
2026-10-10,1,wk inc rsv hosp,2026-10-17,39,quantile,0.5,9.915109258493537
2026-10-10,1,wk inc rsv hosp,2026-10-17,39,quantile,0.55,10.80182475089432
2026-10-10,1,wk inc rsv hosp,2026-10-17,39,quantile,0.6,11.313067900429523
2026-10-10,1,wk inc rsv hosp,2026-10-17,39,quantile,0.65,11.61354921009105
2026-10-10,1,wk inc rsv hosp,2026-10-17,39,quantile,0.7,12.428890709336427
2026-10-10,1,wk inc rsv hosp,2026-10-17,39,quantile,0.75,13.003479595869537
2026-10-10,1,wk inc rsv hosp,2026-10-17,39,quantile,0.8,13.755637490182393
2026-10-10,1,wk inc rsv hosp,2026-10-17,39,quantile,0.85,14.894095299831172
2026-10-10,1,wk inc rsv hosp,2026-10-17,39,quantile,0.9,18.811575870094988
2026-10-10,1,wk inc rsv hosp,2026-10-17,39,quantile,0.95,22.416849378608457
2026-10-10,1,wk inc rsv hosp,2026-10-17,39,quantile,0.975,24.075710848362583
2026-10-10,1,wk inc rsv hosp,2026-10-17,39,quantile,0.99,25.290504429741677
2026-10-10,1,wk inc rsv hosp,2026-10-17,40,quantile,0.01,0.0
2026-10-10,1,wk inc rsv hosp,2026-10-17,40,quantile,0.025,0.0
2026-10-10,1,wk inc rsv hosp,2026-10-17,40,quantile,0.05,0.0
2026-10-10,1,wk inc rsv hosp,2026-10-17,40,quantile,0.1,0.0
2026-10-10,1,wk inc rsv hosp,2026-10-17,40,quantile,0.15,0.0
2026-10-10,1,wk inc rsv hosp,2026-10-17,40,quantile,0.2,0.0
2026-10-10,1,wk inc rsv hosp,2026-10-17,40,quantile,0.25,0.0
2026-10-10,1,wk inc rsv hosp,2026-10-17,40,quantile,0.3,0.0
2026-10-10,1,wk inc rsv hosp,2026-10-17,40,quantile,0.35,0.0
2026-10-10,1,wk inc rsv hosp,2026-10-17,40,quantile,0.4,0.0
2026-10-10,1,wk inc rsv hosp,2026-10-17,40,quantile,0.45,0.10394582390269329
2026-10-10,1,wk inc rsv hosp,2026-10-17,40,quantile,0.5,0.2167234605451923
2026-10-10,1,wk inc rsv hosp,2026-10-17,40,quantile,0.55,0.2944749277641448
2026-10-10,1,wk inc rsv hosp,2026-10-17,40,quantile,0.6,0.34239487488706577
2026-10-10,1,wk inc rsv hosp,2026-10-17,40,quantile,0.65,0.362259184755904
2026-10-10,1,wk inc rsv hosp,2026-10-17,40,quantile,0.7,0.36988623713885116
2026-10-10,1,wk inc rsv hosp,2026-10-17,40,quantile,0.75,0.37605113026994846
2026-10-10,1,wk inc rsv hosp,2026-10-17,40,quantile,0.8,0.4191751380161138
2026-10-10,1,wk inc rsv hosp,2026-10-17,40,quantile,0.85,0.4866753993932826
2026-10-10,1,wk inc rsv hosp,2026-10-17,40,quantile,0.9,0.7500337247851849
2026-10-10,1,wk inc rsv hosp,2026-10-17,40,quantile,0.95,1.147857720641757
2026-10-10,1,wk inc rsv hosp,2026-10-17,40,quantile,0.975,1.8153652545025636
2026-10-10,1,wk inc rsv hosp,2026-10-17,40,quantile,0.99,2.543304878542166
2026-10-10,1,wk inc rsv hosp,2026-10-17,41,quantile,0.01,0.0
2026-10-10,1,wk inc rsv hosp,2026-10-17,41,quantile,0.025,0.0
2026-10-10,1,wk inc rsv hosp,2026-10-17,41,quantile,0.05,0.0
2026-10-10,1,wk inc rsv hosp,2026-10-17,41,quantile,0.1,0.012948904489722336
2026-10-10,1,wk inc rsv hosp,2026-10-17,41,quantile,0.15,0.1938578026884412
2026-10-10,1,wk inc rsv hosp,2026-10-17,41,quantile,0.2,0.4055146379066822
2026-10-10,1,wk inc rsv hosp,2026-10-17,41,quantile,0.25,0.4671368900982304
2026-10-10,1,wk inc rsv hosp,2026-10-17,41,quantile,0.3,0.6573778268453749
2026-10-10,1,wk inc rsv hosp,2026-10-17,41,quantile,0.35,0.8346198891471419
2026-10-10,1,wk inc rsv hosp,2026-10-17,41,quantile,0.4,0.9633734715267265
2026-10-10,1,wk inc rsv hosp,2026-10-17,41,quantile,0.45,1.1545532220125034
2026-10-10,1,wk inc rsv hosp,2026-10-17,41,quantile,0.5,1.1725814407422546
2026-10-10,1,wk inc rsv hosp,2026-10-17,41,quantile,0.55,1.2094571928257767
2026-10-10,1,wk inc rsv hosp,2026-10-17,41,quantile,0.6,1.35443866172212
2026-10-10,1,wk inc rsv hosp,2026-10-17,41,quantile,0.65,1.5115686871952838
2026-10-10,1,wk inc rsv hosp,2026-10-17,41,quantile,0.7,1.5890404320107168
2026-10-10,1,wk inc rsv hosp,2026-10-17,41,quantile,0.75,1.7391484115722533
2026-10-10,1,wk inc rsv hosp,2026-10-17,41,quantile,0.8,1.7848730878606236
2026-10-10,1,wk inc rsv hosp,2026-10-17,41,quantile,0.85,2.4127469000936173
2026-10-10,1,wk inc rsv hosp,2026-10-17,41,quantile,0.9,5.106518442947403
2026-10-10,1,wk inc rsv hosp,2026-10-17,41,quantile,0.95,6.651814760570572
2026-10-10,1,wk inc rsv hosp,2026-10-17,41,quantile,0.975,7.740891461301233
2026-10-10,1,wk inc rsv hosp,2026-10-17,41,quantile,0.99,8.50379330402001
2026-10-10,1,wk inc rsv hosp,2026-10-17,42,quantile,0.01,32.814746214514884
2026-10-10,1,wk inc rsv hosp,2026-10-17,42,quantile,0.025,33.820137443205844
2026-10-10,1,wk inc rsv hosp,2026-10-17,42,quantile,0.05,37.089034092959324
2026-10-10,1,wk inc rsv hosp,2026-10-17,42,quantile,0.1,44.72072289930261
2026-10-10,1,wk inc rsv hosp,2026-10-17,42,quantile,0.15,45.864261173204966
2026-10-10,1,wk inc rsv hosp,2026-10-17,42,quantile,0.2,49.24164596672519
2026-10-10,1,wk inc rsv hosp,2026-10-17,42,quantile,0.25,49.34723661031175
2026-10-10,1,wk inc rsv hosp,2026-10-17,42,quantile,0.3,49.62633674574009
2026-10-10,1,wk inc rsv hosp,2026-10-17,42,quantile,0.35,49.81885583576062
2026-10-10,1,wk inc rsv hosp,2026-10-17,42,quantile,0.4,50.48514426345886
2026-10-10,1,wk inc rsv hosp,2026-10-17,42,quantile,0.45,52.614923375324565
2026-10-10,1,wk inc rsv hosp,2026-10-17,42,quantile,0.5,54.75182637998746
2026-10-10,1,wk inc rsv hosp,2026-10-17,42,quantile,0.55,57.63032771025709
2026-10-10,1,wk inc rsv hosp,2026-10-17,42,quantile,0.6,58.30486969638266
2026-10-10,1,wk inc rsv hosp,2026-10-17,42,quantile,0.65,59.24603977306423
2026-10-10,1,wk inc rsv hosp,2026-10-17,42,quantile,0.7,62.215428786656965
2026-10-10,1,wk inc rsv hosp,2026-10-17,42,quantile,0.75,63.97306400069674
2026-10-10,1,wk inc rsv hosp,2026-10-17,42,quantile,0.8,65.01079837113997
2026-10-10,1,wk inc rsv hosp,2026-10-17,42,quantile,0.85,68.53626965278552
2026-10-10,1,wk inc rsv hosp,2026-10-17,42,quantile,0.9,70.39352406248979
2026-10-10,1,wk inc rsv hosp,2026-10-17,42,quantile,0.95,78.1422715746833
2026-10-10,1,wk inc rsv hosp,2026-10-17,42,quantile,0.975,85.79765065624176
2026-10-10,1,wk inc rsv hosp,2026-10-17,42,quantile,0.99,91.77878289752095
2026-10-10,1,wk inc rsv hosp,2026-10-17,44,quantile,0.01,0.10520257406724356
2026-10-10,1,wk inc rsv hosp,2026-10-17,44,quantile,0.025,0.36960925272691314
2026-10-10,1,wk inc rsv hosp,2026-10-17,44,quantile,0.05,0.7478186566924547
2026-10-10,1,wk inc rsv hosp,2026-10-17,44,quantile,0.1,1.1121730609914977
2026-10-10,1,wk inc rsv hosp,2026-10-17,44,quantile,0.15,1.3493828519879698
2026-10-10,1,wk inc rsv hosp,2026-10-17,44,quantile,0.2,1.6548263758101007
2026-10-10,1,wk inc rsv hosp,2026-10-17,44,quantile,0.25,1.8033244321165904
2026-10-10,1,wk inc rsv hosp,2026-10-17,44,quantile,0.3,1.8589104556415834
2026-10-10,1,wk inc rsv hosp,2026-10-17,44,quantile,0.35,1.9185919740136268
2026-10-10,1,wk inc rsv hosp,2026-10-17,44,quantile,0.4,2.007688787054028
2026-10-10,1,wk inc rsv hosp,2026-10-17,44,quantile,0.45,2.35774453613126
2026-10-10,1,wk inc rsv hosp,2026-10-17,44,quantile,0.5,2.633956736658419
2026-10-10,1,wk inc rsv hosp,2026-10-17,44,quantile,0.55,3.0313708794287333
2026-10-10,1,wk inc rsv hosp,2026-10-17,44,quantile,0.6,3.1300616446103393
2026-10-10,1,wk inc rsv hosp,2026-10-17,44,quantile,0.65,3.472548530666038
2026-10-10,1,wk inc rsv hosp,2026-10-17,44,quantile,0.7,4.154612499173668
2026-10-10,1,wk inc rsv hosp,2026-10-17,44,quantile,0.75,4.384409176791601
2026-10-10,1,wk inc rsv hosp,2026-10-17,44,quantile,0.8,4.580661330266574
2026-10-10,1,wk inc rsv hosp,2026-10-17,44,quantile,0.85,4.663761708011452
2026-10-10,1,wk inc rsv hosp,2026-10-17,44,quantile,0.9,4.889848064208783
2026-10-10,1,wk inc rsv hosp,2026-10-17,44,quantile,0.95,5.562338817294309
2026-10-10,1,wk inc rsv hosp,2026-10-17,44,quantile,0.975,7.019536161472656
2026-10-10,1,wk inc rsv hosp,2026-10-17,44,quantile,0.99,8.47266031570467
2026-10-10,1,wk inc rsv hosp,2026-10-17,45,quantile,0.01,2.0406155195758457
2026-10-10,1,wk inc rsv hosp,2026-10-17,45,quantile,0.025,3.870488401005843
2026-10-10,1,wk inc rsv hosp,2026-10-17,45,quantile,0.05,6.915198335346331
2026-10-10,1,wk inc rsv hosp,2026-10-17,45,quantile,0.1,7.309129544468217
2026-10-10,1,wk inc rsv hosp,2026-10-17,45,quantile,0.15,8.225292628656236
2026-10-10,1,wk inc rsv hosp,2026-10-17,45,quantile,0.2,9.018788379394923
2026-10-10,1,wk inc rsv hosp,2026-10-17,45,quantile,0.25,10.034141822141883
2026-10-10,1,wk inc rsv hosp,2026-10-17,45,quantile,0.3,10.59418144755534
2026-10-10,1,wk inc rsv hosp,2026-10-17,45,quantile,0.35,11.308480434161067
2026-10-10,1,wk inc rsv hosp,2026-10-17,45,quantile,0.4,11.462710493033537
2026-10-10,1,wk inc rsv hosp,2026-10-17,45,quantile,0.45,12.16989773648429
2026-10-10,1,wk inc rsv hosp,2026-10-17,45,quantile,0.5,12.918323210848055
2026-10-10,1,wk inc rsv hosp,2026-10-17,45,quantile,0.55,13.56814515508481
2026-10-10,1,wk inc rsv hosp,2026-10-17,45,quantile,0.6,14.070632006358164
2026-10-10,1,wk inc rsv hosp,2026-10-17,45,quantile,0.65,14.770509261465428
2026-10-10,1,wk inc rsv hosp,2026-10-17,45,quantile,0.7,15.840378953137495
2026-10-10,1,wk inc rsv hosp,2026-10-17,45,quantile,0.75,17.24062788932517
2026-10-10,1,wk inc rsv hosp,2026-10-17,45,quantile,0.8,20.087979742162013
2026-10-10,1,wk inc rsv hosp,2026-10-17,45,quantile,0.85,23.17160135845785
2026-10-10,1,wk inc rsv hosp,2026-10-17,45,quantile,0.9,25.865311607917285
2026-10-10,1,wk inc rsv hosp,2026-10-17,45,quantile,0.95,28.417565098949787
2026-10-10,1,wk inc rsv hosp,2026-10-17,45,quantile,0.975,34.32334932192335
2026-10-10,1,wk inc rsv hosp,2026-10-17,45,quantile,0.99,40.30017032820638
2026-10-10,1,wk inc rsv hosp,2026-10-17,46,quantile,0.01,0.0
2026-10-10,1,wk inc rsv hosp,2026-10-17,46,quantile,0.025,0.11075714178589226
2026-10-10,1,wk inc rsv hosp,2026-10-17,46,quantile,0.05,0.3384200036182812
2026-10-10,1,wk inc rsv hosp,2026-10-17,46,quantile,0.1,0.44907202197023294
2026-10-10,1,wk inc rsv hosp,2026-10-17,46,quantile,0.15,0.6475210962093356
2026-10-10,1,wk inc rsv hosp,2026-10-17,46,quantile,0.2,0.6993042769784723
2026-10-10,1,wk inc rsv hosp,2026-10-17,46,quantile,0.25,0.8436228830705783
2026-10-10,1,wk inc rsv hosp,2026-10-17,46,quantile,0.3,0.9419121524598928
2026-10-10,1,wk inc rsv hosp,2026-10-17,46,quantile,0.35,1.0270131352374607
2026-10-10,1,wk inc rsv hosp,2026-10-17,46,quantile,0.4,1.0919383950691626
2026-10-10,1,wk inc rsv hosp,2026-10-17,46,quantile,0.45,1.2531524294444982
2026-10-10,1,wk inc rsv hosp,2026-10-17,46,quantile,0.5,1.4811643553832354
2026-10-10,1,wk inc rsv hosp,2026-10-17,46,quantile,0.55,1.7729252565646025
2026-10-10,1,wk inc rsv hosp,2026-10-17,46,quantile,0.6,1.8093046997536641
2026-10-10,1,wk inc rsv hosp,2026-10-17,46,quantile,0.65,1.8901109663165614
2026-10-10,1,wk inc rsv hosp,2026-10-17,46,quantile,0.7,2.091638487407627
2026-10-10,1,wk inc rsv hosp,2026-10-17,46,quantile,0.75,2.4094206980116324
2026-10-10,1,wk inc rsv hosp,2026-10-17,46,quantile,0.8,2.5551135655081483
2026-10-10,1,wk inc rsv hosp,2026-10-17,46,quantile,0.85,2.7332770616479793
2026-10-10,1,wk inc rsv hosp,2026-10-17,46,quantile,0.9,3.3334540811493056
2026-10-10,1,wk inc rsv hosp,2026-10-17,46,quantile,0.95,4.135848171147399
2026-10-10,1,wk inc rsv hosp,2026-10-17,46,quantile,0.975,4.928151787390949
2026-10-10,1,wk inc rsv hosp,2026-10-17,46,quantile,0.99,5.583547808023381
2026-10-10,1,wk inc rsv hosp,2026-10-17,47,quantile,0.01,3.6266440647108533
2026-10-10,1,wk inc rsv hosp,2026-10-17,47,quantile,0.025,4.364528236034909
2026-10-10,1,wk inc rsv hosp,2026-10-17,47,quantile,0.05,5.355825382694851
2026-10-10,1,wk inc rsv hosp,2026-10-17,47,quantile,0.1,6.809459278917595
2026-10-10,1,wk inc rsv hosp,2026-10-17,47,quantile,0.15,8.307053680075686
2026-10-10,1,wk inc rsv hosp,2026-10-17,47,quantile,0.2,9.290950411073242
2026-10-10,1,wk inc rsv hosp,2026-10-17,47,quantile,0.25,10.129400600333234
2026-10-10,1,wk inc rsv hosp,2026-10-17,47,quantile,0.3,10.677155323145334
2026-10-10,1,wk inc rsv hosp,2026-10-17,47,quantile,0.35,12.107185129245472
2026-10-10,1,wk inc rsv hosp,2026-10-17,47,quantile,0.4,13.110864657329385
2026-10-10,1,wk inc rsv hosp,2026-10-17,47,quantile,0.45,14.72209825149555
2026-10-10,1,wk inc rsv hosp,2026-10-17,47,quantile,0.5,15.567733981679016
2026-10-10,1,wk inc rsv hosp,2026-10-17,47,quantile,0.55,15.680293850201062
2026-10-10,1,wk inc rsv hosp,2026-10-17,47,quantile,0.6,16.081042047336464
2026-10-10,1,wk inc rsv hosp,2026-10-17,47,quantile,0.65,16.398312876160713
2026-10-10,1,wk inc rsv hosp,2026-10-17,47,quantile,0.7,16.66011196209682
2026-10-10,1,wk inc rsv hosp,2026-10-17,47,quantile,0.75,17.004430927114726
2026-10-10,1,wk inc rsv hosp,2026-10-17,47,quantile,0.8,17.69340206609587
2026-10-10,1,wk inc rsv hosp,2026-10-17,47,quantile,0.85,22.50661399892516
2026-10-10,1,wk inc rsv hosp,2026-10-17,47,quantile,0.9,29.323932921690925
2026-10-10,1,wk inc rsv hosp,2026-10-17,47,quantile,0.95,36.94320805197828
2026-10-10,1,wk inc rsv hosp,2026-10-17,47,quantile,0.975,39.32215603228443
2026-10-10,1,wk inc rsv hosp,2026-10-17,47,quantile,0.99,40.57650833118907
2026-10-10,1,wk inc rsv hosp,2026-10-17,48,quantile,0.01,52.69464301024759
2026-10-10,1,wk inc rsv hosp,2026-10-17,48,quantile,0.025,52.72937054802651
2026-10-10,1,wk inc rsv hosp,2026-10-17,48,quantile,0.05,52.899955266069924
2026-10-10,1,wk inc rsv hosp,2026-10-17,48,quantile,0.1,54.253019797230706
2026-10-10,1,wk inc rsv hosp,2026-10-17,48,quantile,0.15,56.09709936322945
2026-10-10,1,wk inc rsv hosp,2026-10-17,48,quantile,0.2,74.12716383433043
2026-10-10,1,wk inc rsv hosp,2026-10-17,48,quantile,0.25,79.11335433434274
2026-10-10,1,wk inc rsv hosp,2026-10-17,48,quantile,0.3,91.27728702883111
2026-10-10,1,wk inc rsv hosp,2026-10-17,48,quantile,0.35,97.17761685204121
2026-10-10,1,wk inc rsv hosp,2026-10-17,48,quantile,0.4,102.3306359084392
2026-10-10,1,wk inc rsv hosp,2026-10-17,48,quantile,0.45,106.19445196385479
2026-10-10,1,wk inc rsv hosp,2026-10-17,48,quantile,0.5,106.57944215282274
2026-10-10,1,wk inc rsv hosp,2026-10-17,48,quantile,0.55,107.05366747878958
2026-10-10,1,wk inc rsv hosp,2026-10-17,48,quantile,0.6,107.71652666356995
2026-10-10,1,wk inc rsv hosp,2026-10-17,48,quantile,0.65,109.2499535454019
2026-10-10,1,wk inc rsv hosp,2026-10-17,48,quantile,0.7,116.29538534017776
2026-10-10,1,wk inc rsv hosp,2026-10-17,48,quantile,0.75,122.21881528474927
2026-10-10,1,wk inc rsv hosp,2026-10-17,48,quantile,0.8,124.09062150531544
2026-10-10,1,wk inc rsv hosp,2026-10-17,48,quantile,0.85,127.54985797275663
2026-10-10,1,wk inc rsv hosp,2026-10-17,48,quantile,0.9,138.43555226350594
2026-10-10,1,wk inc rsv hosp,2026-10-17,48,quantile,0.95,142.0711970598926
2026-10-10,1,wk inc rsv hosp,2026-10-17,48,quantile,0.975,182.32521092000587
2026-10-10,1,wk inc rsv hosp,2026-10-17,48,quantile,0.99,232.90181306909554
2026-10-10,1,wk inc rsv hosp,2026-10-17,49,quantile,0.01,0.0
2026-10-10,1,wk inc rsv hosp,2026-10-17,49,quantile,0.025,0.0
2026-10-10,1,wk inc rsv hosp,2026-10-17,49,quantile,0.05,0.0
2026-10-10,1,wk inc rsv hosp,2026-10-17,49,quantile,0.1,0.0
2026-10-10,1,wk inc rsv hosp,2026-10-17,49,quantile,0.15,0.1094667647637937
2026-10-10,1,wk inc rsv hosp,2026-10-17,49,quantile,0.2,0.23733287776678313
2026-10-10,1,wk inc rsv hosp,2026-10-17,49,quantile,0.25,0.4030810683319409
2026-10-10,1,wk inc rsv hosp,2026-10-17,49,quantile,0.3,0.5488193143568066
2026-10-10,1,wk inc rsv hosp,2026-10-17,49,quantile,0.35,0.7038317685850008
2026-10-10,1,wk inc rsv hosp,2026-10-17,49,quantile,0.4,0.7731081923406962
2026-10-10,1,wk inc rsv hosp,2026-10-17,49,quantile,0.45,0.7943494053836274
2026-10-10,1,wk inc rsv hosp,2026-10-17,49,quantile,0.5,0.854417265858505
2026-10-10,1,wk inc rsv hosp,2026-10-17,49,quantile,0.55,0.8598488164427539
2026-10-10,1,wk inc rsv hosp,2026-10-17,49,quantile,0.6,0.9188133084402602
2026-10-10,1,wk inc rsv hosp,2026-10-17,49,quantile,0.65,1.0574496606348183
2026-10-10,1,wk inc rsv hosp,2026-10-17,49,quantile,0.7,1.5144849594755132
2026-10-10,1,wk inc rsv hosp,2026-10-17,49,quantile,0.75,1.8779039694653077
2026-10-10,1,wk inc rsv hosp,2026-10-17,49,quantile,0.8,3.321159362792969
2026-10-10,1,wk inc rsv hosp,2026-10-17,49,quantile,0.85,4.7065137522156935
2026-10-10,1,wk inc rsv hosp,2026-10-17,49,quantile,0.9,5.451690294063244
2026-10-10,1,wk inc rsv hosp,2026-10-17,49,quantile,0.95,12.868802099968658
2026-10-10,1,wk inc rsv hosp,2026-10-17,49,quantile,0.975,18.057616201956847
2026-10-10,1,wk inc rsv hosp,2026-10-17,49,quantile,0.99,20.012458972719962
2026-10-10,1,wk inc rsv hosp,2026-10-17,50,quantile,0.01,0.0
2026-10-10,1,wk inc rsv hosp,2026-10-17,50,quantile,0.025,0.0
2026-10-10,1,wk inc rsv hosp,2026-10-17,50,quantile,0.05,0.0
2026-10-10,1,wk inc rsv hosp,2026-10-17,50,quantile,0.1,0.0
2026-10-10,1,wk inc rsv hosp,2026-10-17,50,quantile,0.15,0.0
2026-10-10,1,wk inc rsv hosp,2026-10-17,50,quantile,0.2,0.0
2026-10-10,1,wk inc rsv hosp,2026-10-17,50,quantile,0.25,0.01616317493462552
2026-10-10,1,wk inc rsv hosp,2026-10-17,50,quantile,0.3,0.04892680182939627
2026-10-10,1,wk inc rsv hosp,2026-10-17,50,quantile,0.35,0.07610912673958234
2026-10-10,1,wk inc rsv hosp,2026-10-17,50,quantile,0.4,0.14438247680664062
2026-10-10,1,wk inc rsv hosp,2026-10-17,50,quantile,0.45,0.1686493652688
2026-10-10,1,wk inc rsv hosp,2026-10-17,50,quantile,0.5,0.2501142976294788
2026-10-10,1,wk inc rsv hosp,2026-10-17,50,quantile,0.55,0.26158069649002874
2026-10-10,1,wk inc rsv hosp,2026-10-17,50,quantile,0.6,0.2817954099971693
2026-10-10,1,wk inc rsv hosp,2026-10-17,50,quantile,0.65,0.4678653413278605
2026-10-10,1,wk inc rsv hosp,2026-10-17,50,quantile,0.7,0.527665798482705
2026-10-10,1,wk inc rsv hosp,2026-10-17,50,quantile,0.75,0.6538047096118136
2026-10-10,1,wk inc rsv hosp,2026-10-17,50,quantile,0.8,0.7715550999709406
2026-10-10,1,wk inc rsv hosp,2026-10-17,50,quantile,0.85,0.847912108759925
2026-10-10,1,wk inc rsv hosp,2026-10-17,50,quantile,0.9,1.0531241549054173
2026-10-10,1,wk inc rsv hosp,2026-10-17,50,quantile,0.95,1.5178354875758426
2026-10-10,1,wk inc rsv hosp,2026-10-17,50,quantile,0.975,2.0891813631297724
2026-10-10,1,wk inc rsv hosp,2026-10-17,50,quantile,0.99,2.5496544514147934
2026-10-10,1,wk inc rsv hosp,2026-10-17,51,quantile,0.01,2.870404380412687
2026-10-10,1,wk inc rsv hosp,2026-10-17,51,quantile,0.025,3.144984981685137
2026-10-10,1,wk inc rsv hosp,2026-10-17,51,quantile,0.05,3.5887439293065073
2026-10-10,1,wk inc rsv hosp,2026-10-17,51,quantile,0.1,4.178203114484935
2026-10-10,1,wk inc rsv hosp,2026-10-17,51,quantile,0.15,4.433629687599518
2026-10-10,1,wk inc rsv hosp,2026-10-17,51,quantile,0.2,5.559482983019976
2026-10-10,1,wk inc rsv hosp,2026-10-17,51,quantile,0.25,6.273294605982802
2026-10-10,1,wk inc rsv hosp,2026-10-17,51,quantile,0.3,6.953124614629509
2026-10-10,1,wk inc rsv hosp,2026-10-17,51,quantile,0.35,7.523222028733739
2026-10-10,1,wk inc rsv hosp,2026-10-17,51,quantile,0.4,8.577813748307562
2026-10-10,1,wk inc rsv hosp,2026-10-17,51,quantile,0.45,8.724564388476187
2026-10-10,1,wk inc rsv hosp,2026-10-17,51,quantile,0.5,9.220243312841966
2026-10-10,1,wk inc rsv hosp,2026-10-17,51,quantile,0.55,9.368811831354696
2026-10-10,1,wk inc rsv hosp,2026-10-17,51,quantile,0.6,10.25797383009881
2026-10-10,1,wk inc rsv hosp,2026-10-17,51,quantile,0.65,10.503932633734635
2026-10-10,1,wk inc rsv hosp,2026-10-17,51,quantile,0.7,11.36628180495747
2026-10-10,1,wk inc rsv hosp,2026-10-17,51,quantile,0.75,11.976239214024135
2026-10-10,1,wk inc rsv hosp,2026-10-17,51,quantile,0.8,12.195311093220655
2026-10-10,1,wk inc rsv hosp,2026-10-17,51,quantile,0.85,12.500343357460343
2026-10-10,1,wk inc rsv hosp,2026-10-17,51,quantile,0.9,13.487223995680353
2026-10-10,1,wk inc rsv hosp,2026-10-17,51,quantile,0.95,25.54762128280366
2026-10-10,1,wk inc rsv hosp,2026-10-17,51,quantile,0.975,32.008452683530436
2026-10-10,1,wk inc rsv hosp,2026-10-17,51,quantile,0.99,33.056372588959185
2026-10-10,1,wk inc rsv hosp,2026-10-17,53,quantile,0.01,1.505895402275251
2026-10-10,1,wk inc rsv hosp,2026-10-17,53,quantile,0.025,1.665976376530536
2026-10-10,1,wk inc rsv hosp,2026-10-17,53,quantile,0.05,1.8831097406149364
2026-10-10,1,wk inc rsv hosp,2026-10-17,53,quantile,0.1,2.255152940969977
2026-10-10,1,wk inc rsv hosp,2026-10-17,53,quantile,0.15,2.581113707763036
2026-10-10,1,wk inc rsv hosp,2026-10-17,53,quantile,0.2,3.1037757382817213
2026-10-10,1,wk inc rsv hosp,2026-10-17,53,quantile,0.25,3.6109188305146143
2026-10-10,1,wk inc rsv hosp,2026-10-17,53,quantile,0.3,3.964592745309465
2026-10-10,1,wk inc rsv hosp,2026-10-17,53,quantile,0.35,4.290040195928732
2026-10-10,1,wk inc rsv hosp,2026-10-17,53,quantile,0.4,4.622871703684347
2026-10-10,1,wk inc rsv hosp,2026-10-17,53,quantile,0.45,4.757603738846996
2026-10-10,1,wk inc rsv hosp,2026-10-17,53,quantile,0.5,5.295759311088274
2026-10-10,1,wk inc rsv hosp,2026-10-17,53,quantile,0.55,5.709759713265944
2026-10-10,1,wk inc rsv hosp,2026-10-17,53,quantile,0.6,5.810471206952645
2026-10-10,1,wk inc rsv hosp,2026-10-17,53,quantile,0.65,6.1556052988860355
2026-10-10,1,wk inc rsv hosp,2026-10-17,53,quantile,0.7,6.272834801635895
2026-10-10,1,wk inc rsv hosp,2026-10-17,53,quantile,0.75,6.600785803294851
2026-10-10,1,wk inc rsv hosp,2026-10-17,53,quantile,0.8,6.781866870326999
2026-10-10,1,wk inc rsv hosp,2026-10-17,53,quantile,0.85,7.063479342845243
2026-10-10,1,wk inc rsv hosp,2026-10-17,53,quantile,0.9,7.981940063244136
2026-10-10,1,wk inc rsv hosp,2026-10-17,53,quantile,0.95,9.357573543697038
2026-10-10,1,wk inc rsv hosp,2026-10-17,53,quantile,0.975,11.648468098229758
2026-10-10,1,wk inc rsv hosp,2026-10-17,53,quantile,0.99,14.035123746945551
2026-10-10,1,wk inc rsv hosp,2026-10-17,54,quantile,0.01,0.0
2026-10-10,1,wk inc rsv hosp,2026-10-17,54,quantile,0.025,0.0
2026-10-10,1,wk inc rsv hosp,2026-10-17,54,quantile,0.05,0.0
2026-10-10,1,wk inc rsv hosp,2026-10-17,54,quantile,0.1,0.1409429185417052
2026-10-10,1,wk inc rsv hosp,2026-10-17,54,quantile,0.15,0.28889992112563273
2026-10-10,1,wk inc rsv hosp,2026-10-17,54,quantile,0.2,0.300897916089861
2026-10-10,1,wk inc rsv hosp,2026-10-17,54,quantile,0.25,0.3260365130712081
2026-10-10,1,wk inc rsv hosp,2026-10-17,54,quantile,0.3,0.3883983023117989
2026-10-10,1,wk inc rsv hosp,2026-10-17,54,quantile,0.35,0.4720189894116932
2026-10-10,1,wk inc rsv hosp,2026-10-17,54,quantile,0.4,0.5070849841048765
2026-10-10,1,wk inc rsv hosp,2026-10-17,54,quantile,0.45,0.5305536001682526
2026-10-10,1,wk inc rsv hosp,2026-10-17,54,quantile,0.5,0.6183175218665908
2026-10-10,1,wk inc rsv hosp,2026-10-17,54,quantile,0.55,0.7355565441651186
2026-10-10,1,wk inc rsv hosp,2026-10-17,54,quantile,0.6,0.790977914242894
2026-10-10,1,wk inc rsv hosp,2026-10-17,54,quantile,0.65,0.8647613333774103
2026-10-10,1,wk inc rsv hosp,2026-10-17,54,quantile,0.7,0.9930340869432167
2026-10-10,1,wk inc rsv hosp,2026-10-17,54,quantile,0.75,1.2429992997263957
2026-10-10,1,wk inc rsv hosp,2026-10-17,54,quantile,0.8,1.4175272886155077
2026-10-10,1,wk inc rsv hosp,2026-10-17,54,quantile,0.85,1.619915995735904
2026-10-10,1,wk inc rsv hosp,2026-10-17,54,quantile,0.9,1.9088243874399236
2026-10-10,1,wk inc rsv hosp,2026-10-17,54,quantile,0.95,2.2640980931396815
2026-10-10,1,wk inc rsv hosp,2026-10-17,54,quantile,0.975,2.4990630297650416
2026-10-10,1,wk inc rsv hosp,2026-10-17,54,quantile,0.99,2.635315020441496
2026-10-10,1,wk inc rsv hosp,2026-10-17,55,quantile,0.01,1.534272708343424
2026-10-10,1,wk inc rsv hosp,2026-10-17,55,quantile,0.025,1.889580948356302
2026-10-10,1,wk inc rsv hosp,2026-10-17,55,quantile,0.05,2.508894615654288
2026-10-10,1,wk inc rsv hosp,2026-10-17,55,quantile,0.1,3.3008985431158715
2026-10-10,1,wk inc rsv hosp,2026-10-17,55,quantile,0.15,3.4011128834536493
2026-10-10,1,wk inc rsv hosp,2026-10-17,55,quantile,0.2,3.458605650220691
2026-10-10,1,wk inc rsv hosp,2026-10-17,55,quantile,0.25,4.046813305354075
2026-10-10,1,wk inc rsv hosp,2026-10-17,55,quantile,0.3,4.874819680289468
2026-10-10,1,wk inc rsv hosp,2026-10-17,55,quantile,0.35,4.927101654539786
2026-10-10,1,wk inc rsv hosp,2026-10-17,55,quantile,0.4,5.197624267471338
2026-10-10,1,wk inc rsv hosp,2026-10-17,55,quantile,0.45,5.306359338886996
2026-10-10,1,wk inc rsv hosp,2026-10-17,55,quantile,0.5,5.414391046242648
2026-10-10,1,wk inc rsv hosp,2026-10-17,55,quantile,0.55,5.4721896091818945
2026-10-10,1,wk inc rsv hosp,2026-10-17,55,quantile,0.6,5.945693686707926
2026-10-10,1,wk inc rsv hosp,2026-10-17,55,quantile,0.65,6.191124258883132
2026-10-10,1,wk inc rsv hosp,2026-10-17,55,quantile,0.7,6.566278259109552
2026-10-10,1,wk inc rsv hosp,2026-10-17,55,quantile,0.75,6.847714104435605
2026-10-10,1,wk inc rsv hosp,2026-10-17,55,quantile,0.8,7.326492100831795
2026-10-10,1,wk inc rsv hosp,2026-10-17,55,quantile,0.85,8.12651637145151
2026-10-10,1,wk inc rsv hosp,2026-10-17,55,quantile,0.9,11.540077228542096
2026-10-10,1,wk inc rsv hosp,2026-10-17,55,quantile,0.95,16.44614915918083
2026-10-10,1,wk inc rsv hosp,2026-10-17,55,quantile,0.975,20.12847162242295
2026-10-10,1,wk inc rsv hosp,2026-10-17,55,quantile,0.99,24.464111472466158
2026-10-10,1,wk inc rsv hosp,2026-10-17,56,quantile,0.01,0.0
2026-10-10,1,wk inc rsv hosp,2026-10-17,56,quantile,0.025,0.0
2026-10-10,1,wk inc rsv hosp,2026-10-17,56,quantile,0.05,0.0
2026-10-10,1,wk inc rsv hosp,2026-10-17,56,quantile,0.1,0.0
2026-10-10,1,wk inc rsv hosp,2026-10-17,56,quantile,0.15,0.0
2026-10-10,1,wk inc rsv hosp,2026-10-17,56,quantile,0.2,0.0
2026-10-10,1,wk inc rsv hosp,2026-10-17,56,quantile,0.25,0.0
2026-10-10,1,wk inc rsv hosp,2026-10-17,56,quantile,0.3,0.0
2026-10-10,1,wk inc rsv hosp,2026-10-17,56,quantile,0.35,0.0
2026-10-10,1,wk inc rsv hosp,2026-10-17,56,quantile,0.4,0.0
2026-10-10,1,wk inc rsv hosp,2026-10-17,56,quantile,0.45,0.0
2026-10-10,1,wk inc rsv hosp,2026-10-17,56,quantile,0.5,0.0
2026-10-10,1,wk inc rsv hosp,2026-10-17,56,quantile,0.55,0.0
2026-10-10,1,wk inc rsv hosp,2026-10-17,56,quantile,0.6,0.06302057874897973
2026-10-10,1,wk inc rsv hosp,2026-10-17,56,quantile,0.65,0.12492537864745623
2026-10-10,1,wk inc rsv hosp,2026-10-17,56,quantile,0.7,0.2470394895221866
2026-10-10,1,wk inc rsv hosp,2026-10-17,56,quantile,0.75,0.3783410509779249
2026-10-10,1,wk inc rsv hosp,2026-10-17,56,quantile,0.8,0.4362302368781422
2026-10-10,1,wk inc rsv hosp,2026-10-17,56,quantile,0.85,0.6257169704092413
2026-10-10,1,wk inc rsv hosp,2026-10-17,56,quantile,0.9,0.643367119086835
2026-10-10,1,wk inc rsv hosp,2026-10-17,56,quantile,0.95,0.7232477468151097
2026-10-10,1,wk inc rsv hosp,2026-10-17,56,quantile,0.975,0.9199575278439662
2026-10-10,1,wk inc rsv hosp,2026-10-17,56,quantile,0.99,1.105848822492084
2026-10-10,1,wk inc rsv hosp,2026-10-17,72,quantile,0.01,5.9494021171694556
2026-10-10,1,wk inc rsv hosp,2026-10-17,72,quantile,0.025,6.001192102842677
2026-10-10,1,wk inc rsv hosp,2026-10-17,72,quantile,0.05,6.519935722537364
2026-10-10,1,wk inc rsv hosp,2026-10-17,72,quantile,0.1,8.509653314925592
2026-10-10,1,wk inc rsv hosp,2026-10-17,72,quantile,0.15,11.083091219909107
2026-10-10,1,wk inc rsv hosp,2026-10-17,72,quantile,0.2,11.990797692426417
2026-10-10,1,wk inc rsv hosp,2026-10-17,72,quantile,0.25,12.14084295895713
2026-10-10,1,wk inc rsv hosp,2026-10-17,72,quantile,0.3,12.562843003544279
2026-10-10,1,wk inc rsv hosp,2026-10-17,72,quantile,0.35,15.709414407690797
2026-10-10,1,wk inc rsv hosp,2026-10-17,72,quantile,0.4,16.939942408679123
2026-10-10,1,wk inc rsv hosp,2026-10-17,72,quantile,0.45,17.982659880520515
2026-10-10,1,wk inc rsv hosp,2026-10-17,72,quantile,0.5,19.798378916808012
2026-10-10,1,wk inc rsv hosp,2026-10-17,72,quantile,0.55,20.761069980832918
2026-10-10,1,wk inc rsv hosp,2026-10-17,72,quantile,0.6,24.684257045466133
2026-10-10,1,wk inc rsv hosp,2026-10-17,72,quantile,0.65,27.567755809379964
2026-10-10,1,wk inc rsv hosp,2026-10-17,72,quantile,0.7,28.183163064613595
2026-10-10,1,wk inc rsv hosp,2026-10-17,72,quantile,0.75,29.910047340332227
2026-10-10,1,wk inc rsv hosp,2026-10-17,72,quantile,0.8,31.11663748733301
2026-10-10,1,wk inc rsv hosp,2026-10-17,72,quantile,0.85,31.943027769943413
2026-10-10,1,wk inc rsv hosp,2026-10-17,72,quantile,0.9,32.99664856939705
2026-10-10,1,wk inc rsv hosp,2026-10-17,72,quantile,0.95,46.332495494206334
2026-10-10,1,wk inc rsv hosp,2026-10-17,72,quantile,0.975,60.46920047525929
2026-10-10,1,wk inc rsv hosp,2026-10-17,72,quantile,0.99,70.91151091049198
2026-10-10,1,wk inc rsv hosp,2026-10-17,US,quantile,0.01,359.485641040289
2026-10-10,1,wk inc rsv hosp,2026-10-17,US,quantile,0.025,365.9819924621378
2026-10-10,1,wk inc rsv hosp,2026-10-17,US,quantile,0.05,387.976189975152
2026-10-10,1,wk inc rsv hosp,2026-10-17,US,quantile,0.1,442.51751260471167
2026-10-10,1,wk inc rsv hosp,2026-10-17,US,quantile,0.15,448.2551703299417
2026-10-10,1,wk inc rsv hosp,2026-10-17,US,quantile,0.2,476.7722282992156
2026-10-10,1,wk inc rsv hosp,2026-10-17,US,quantile,0.25,512.2720750618811
2026-10-10,1,wk inc rsv hosp,2026-10-17,US,quantile,0.3,529.2073903657721
2026-10-10,1,wk inc rsv hosp,2026-10-17,US,quantile,0.35,558.9791397840593
2026-10-10,1,wk inc rsv hosp,2026-10-17,US,quantile,0.4,566.8492245258514
2026-10-10,1,wk inc rsv hosp,2026-10-17,US,quantile,0.45,582.8034567815705
2026-10-10,1,wk inc rsv hosp,2026-10-17,US,quantile,0.5,595.1396755435562
2026-10-10,1,wk inc rsv hosp,2026-10-17,US,quantile,0.55,615.2241890797429
2026-10-10,1,wk inc rsv hosp,2026-10-17,US,quantile,0.6,624.4802128843859
2026-10-10,1,wk inc rsv hosp,2026-10-17,US,quantile,0.65,642.2415492692523
2026-10-10,1,wk inc rsv hosp,2026-10-17,US,quantile,0.7,685.1836702139874
2026-10-10,1,wk inc rsv hosp,2026-10-17,US,quantile,0.75,698.3218609590222
2026-10-10,1,wk inc rsv hosp,2026-10-17,US,quantile,0.8,716.2592575665608
2026-10-10,1,wk inc rsv hosp,2026-10-17,US,quantile,0.85,779.6077692684291
2026-10-10,1,wk inc rsv hosp,2026-10-17,US,quantile,0.9,784.1630844871682
2026-10-10,1,wk inc rsv hosp,2026-10-17,US,quantile,0.95,807.5034059051236
2026-10-10,1,wk inc rsv hosp,2026-10-17,US,quantile,0.975,849.975691844788
2026-10-10,1,wk inc rsv hosp,2026-10-17,US,quantile,0.99,886.1970982212489
2026-10-10,2,wk inc rsv hosp,2026-10-24,01,quantile,0.01,10.415405424718697
2026-10-10,2,wk inc rsv hosp,2026-10-24,01,quantile,0.025,10.484491446430784
2026-10-10,2,wk inc rsv hosp,2026-10-24,01,quantile,0.05,11.863317655502795
2026-10-10,2,wk inc rsv hosp,2026-10-24,01,quantile,0.1,16.826750263442214
2026-10-10,2,wk inc rsv hosp,2026-10-24,01,quantile,0.15,17.72851062703516
2026-10-10,2,wk inc rsv hosp,2026-10-24,01,quantile,0.2,18.864172995982088
2026-10-10,2,wk inc rsv hosp,2026-10-24,01,quantile,0.25,20.03528264895749
2026-10-10,2,wk inc rsv hosp,2026-10-24,01,quantile,0.3,20.798860168610226
2026-10-10,2,wk inc rsv hosp,2026-10-24,01,quantile,0.35,21.58680673696525
2026-10-10,2,wk inc rsv hosp,2026-10-24,01,quantile,0.4,23.235416014236772
2026-10-10,2,wk inc rsv hosp,2026-10-24,01,quantile,0.45,23.561563281432335
2026-10-10,2,wk inc rsv hosp,2026-10-24,01,quantile,0.5,24.161949882442045
2026-10-10,2,wk inc rsv hosp,2026-10-24,01,quantile,0.55,24.357153802302523
2026-10-10,2,wk inc rsv hosp,2026-10-24,01,quantile,0.6,25.745366101629116
2026-10-10,2,wk inc rsv hosp,2026-10-24,01,quantile,0.65,26.544890197158114
2026-10-10,2,wk inc rsv hosp,2026-10-24,01,quantile,0.7,28.832452518439492
2026-10-10,2,wk inc rsv hosp,2026-10-24,01,quantile,0.75,30.612294018476838
2026-10-10,2,wk inc rsv hosp,2026-10-24,01,quantile,0.8,32.682206297028905
2026-10-10,2,wk inc rsv hosp,2026-10-24,01,quantile,0.85,39.045295482273715
2026-10-10,2,wk inc rsv hosp,2026-10-24,01,quantile,0.9,42.15773343263123
2026-10-10,2,wk inc rsv hosp,2026-10-24,01,quantile,0.95,44.23817647197994
2026-10-10,2,wk inc rsv hosp,2026-10-24,01,quantile,0.975,56.08822719251361
2026-10-10,2,wk inc rsv hosp,2026-10-24,01,quantile,0.99,70.43607533321739
2026-10-10,2,wk inc rsv hosp,2026-10-24,02,quantile,0.01,0.06827453217419442
2026-10-10,2,wk inc rsv hosp,2026-10-24,02,quantile,0.025,0.4023549845465284
2026-10-10,2,wk inc rsv hosp,2026-10-24,02,quantile,0.05,0.8471016081414395
2026-10-10,2,wk inc rsv hosp,2026-10-24,02,quantile,0.1,0.9486800305593954
2026-10-10,2,wk inc rsv hosp,2026-10-24,02,quantile,0.15,1.0747272332372602
2026-10-10,2,wk inc rsv hosp,2026-10-24,02,quantile,0.2,1.2821833280945052
2026-10-10,2,wk inc rsv hosp,2026-10-24,02,quantile,0.25,1.4148531220059613
2026-10-10,2,wk inc rsv hosp,2026-10-24,02,quantile,0.3,1.5071519464211032
2026-10-10,2,wk inc rsv hosp,2026-10-24,02,quantile,0.35,1.6307534122356797
2026-10-10,2,wk inc rsv hosp,2026-10-24,02,quantile,0.4,1.9508014379340557
2026-10-10,2,wk inc rsv hosp,2026-10-24,02,quantile,0.45,2.3230741021605814
2026-10-10,2,wk inc rsv hosp,2026-10-24,02,quantile,0.5,2.5704454696349606
2026-10-10,2,wk inc rsv hosp,2026-10-24,02,quantile,0.55,2.6293528114707607
2026-10-10,2,wk inc rsv hosp,2026-10-24,02,quantile,0.6,3.0236037805590903
2026-10-10,2,wk inc rsv hosp,2026-10-24,02,quantile,0.65,3.300617962827466
2026-10-10,2,wk inc rsv hosp,2026-10-24,02,quantile,0.7,3.386981298100424
2026-10-10,2,wk inc rsv hosp,2026-10-24,02,quantile,0.75,3.5712048192875154
2026-10-10,2,wk inc rsv hosp,2026-10-24,02,quantile,0.8,3.659681151624259
2026-10-10,2,wk inc rsv hosp,2026-10-24,02,quantile,0.85,4.469910559976632
2026-10-10,2,wk inc rsv hosp,2026-10-24,02,quantile,0.9,5.305724516316539
2026-10-10,2,wk inc rsv hosp,2026-10-24,02,quantile,0.95,6.616598356864247
2026-10-10,2,wk inc rsv hosp,2026-10-24,02,quantile,0.975,7.753159475580421
2026-10-10,2,wk inc rsv hosp,2026-10-24,02,quantile,0.99,8.814702285126845
2026-10-10,2,wk inc rsv hosp,2026-10-24,04,quantile,0.01,6.2502632846067625
2026-10-10,2,wk inc rsv hosp,2026-10-24,04,quantile,0.025,6.896352476576284
2026-10-10,2,wk inc rsv hosp,2026-10-24,04,quantile,0.05,7.756558910299951
2026-10-10,2,wk inc rsv hosp,2026-10-24,04,quantile,0.1,8.272978557500933
2026-10-10,2,wk inc rsv hosp,2026-10-24,04,quantile,0.15,9.508319160408085
2026-10-10,2,wk inc rsv hosp,2026-10-24,04,quantile,0.2,10.304252643502291
2026-10-10,2,wk inc rsv hosp,2026-10-24,04,quantile,0.25,10.805776804221946
2026-10-10,2,wk inc rsv hosp,2026-10-24,04,quantile,0.3,11.117693461227685
2026-10-10,2,wk inc rsv hosp,2026-10-24,04,quantile,0.35,11.425280635529411
2026-10-10,2,wk inc rsv hosp,2026-10-24,04,quantile,0.4,13.384874624516092
2026-10-10,2,wk inc rsv hosp,2026-10-24,04,quantile,0.45,15.199460585170062
2026-10-10,2,wk inc rsv hosp,2026-10-24,04,quantile,0.5,16.700659081998907
2026-10-10,2,wk inc rsv hosp,2026-10-24,04,quantile,0.55,18.489321334991033
2026-10-10,2,wk inc rsv hosp,2026-10-24,04,quantile,0.6,19.215202368213887
2026-10-10,2,wk inc rsv hosp,2026-10-24,04,quantile,0.65,21.172766579520435
2026-10-10,2,wk inc rsv hosp,2026-10-24,04,quantile,0.7,22.402547323751733
2026-10-10,2,wk inc rsv hosp,2026-10-24,04,quantile,0.75,25.928772954788784
2026-10-10,2,wk inc rsv hosp,2026-10-24,04,quantile,0.8,27.060554504394528
2026-10-10,2,wk inc rsv hosp,2026-10-24,04,quantile,0.85,32.48737482855782
2026-10-10,2,wk inc rsv hosp,2026-10-24,04,quantile,0.9,41.09083175659178
2026-10-10,2,wk inc rsv hosp,2026-10-24,04,quantile,0.95,51.226576741777706
2026-10-10,2,wk inc rsv hosp,2026-10-24,04,quantile,0.975,60.01933908838463
2026-10-10,2,wk inc rsv hosp,2026-10-24,04,quantile,0.99,65.34508491626848
2026-10-10,2,wk inc rsv hosp,2026-10-24,05,quantile,0.01,2.743036624204265
2026-10-10,2,wk inc rsv hosp,2026-10-24,05,quantile,0.025,3.59130877778179
2026-10-10,2,wk inc rsv hosp,2026-10-24,05,quantile,0.05,4.673665374291581
2026-10-10,2,wk inc rsv hosp,2026-10-24,05,quantile,0.1,4.8124279325365436
2026-10-10,2,wk inc rsv hosp,2026-10-24,05,quantile,0.15,5.436004969897829
2026-10-10,2,wk inc rsv hosp,2026-10-24,05,quantile,0.2,6.015809278151114
2026-10-10,2,wk inc rsv hosp,2026-10-24,05,quantile,0.25,6.695049257251065
2026-10-10,2,wk inc rsv hosp,2026-10-24,05,quantile,0.3,6.7947260070219695
2026-10-10,2,wk inc rsv hosp,2026-10-24,05,quantile,0.35,6.862397620071301
2026-10-10,2,wk inc rsv hosp,2026-10-24,05,quantile,0.4,7.243448031931176
2026-10-10,2,wk inc rsv hosp,2026-10-24,05,quantile,0.45,7.408338292300131
2026-10-10,2,wk inc rsv hosp,2026-10-24,05,quantile,0.5,7.659734699366004
2026-10-10,2,wk inc rsv hosp,2026-10-24,05,quantile,0.55,7.966743337936269
2026-10-10,2,wk inc rsv hosp,2026-10-24,05,quantile,0.6,8.047371503333672
2026-10-10,2,wk inc rsv hosp,2026-10-24,05,quantile,0.65,8.098230809820294
2026-10-10,2,wk inc rsv hosp,2026-10-24,05,quantile,0.7,8.28413871164515
2026-10-10,2,wk inc rsv hosp,2026-10-24,05,quantile,0.75,8.383001444271972
2026-10-10,2,wk inc rsv hosp,2026-10-24,05,quantile,0.8,8.414806690510577
2026-10-10,2,wk inc rsv hosp,2026-10-24,05,quantile,0.85,8.605480963885197
2026-10-10,2,wk inc rsv hosp,2026-10-24,05,quantile,0.9,9.318022354403558
2026-10-10,2,wk inc rsv hosp,2026-10-24,05,quantile,0.95,10.409365872872089
2026-10-10,2,wk inc rsv hosp,2026-10-24,05,quantile,0.975,12.7598852499771
2026-10-10,2,wk inc rsv hosp,2026-10-24,05,quantile,0.99,15.393847175486515
2026-10-10,2,wk inc rsv hosp,2026-10-24,06,quantile,0.01,19.942159720441207
2026-10-10,2,wk inc rsv hosp,2026-10-24,06,quantile,0.025,21.73949983920825
2026-10-10,2,wk inc rsv hosp,2026-10-24,06,quantile,0.05,24.96578541035011
2026-10-10,2,wk inc rsv hosp,2026-10-24,06,quantile,0.1,29.746813840636754
2026-10-10,2,wk inc rsv hosp,2026-10-24,06,quantile,0.15,30.963046614889535
2026-10-10,2,wk inc rsv hosp,2026-10-24,06,quantile,0.2,31.657072368421062
2026-10-10,2,wk inc rsv hosp,2026-10-24,06,quantile,0.25,34.73503025480928
2026-10-10,2,wk inc rsv hosp,2026-10-24,06,quantile,0.3,36.8880776818616
2026-10-10,2,wk inc rsv hosp,2026-10-24,06,quantile,0.35,38.42359312494676
2026-10-10,2,wk inc rsv hosp,2026-10-24,06,quantile,0.4,39.09240232829721
2026-10-10,2,wk inc rsv hosp,2026-10-24,06,quantile,0.45,39.30755564801066
2026-10-10,2,wk inc rsv hosp,2026-10-24,06,quantile,0.5,39.50528121064398
2026-10-10,2,wk inc rsv hosp,2026-10-24,06,quantile,0.55,40.03402280044574
2026-10-10,2,wk inc rsv hosp,2026-10-24,06,quantile,0.6,40.280776578795326
2026-10-10,2,wk inc rsv hosp,2026-10-24,06,quantile,0.65,41.55075564164056
2026-10-10,2,wk inc rsv hosp,2026-10-24,06,quantile,0.7,42.57781735220298
2026-10-10,2,wk inc rsv hosp,2026-10-24,06,quantile,0.75,44.59501413529962
2026-10-10,2,wk inc rsv hosp,2026-10-24,06,quantile,0.8,46.31843107556358
2026-10-10,2,wk inc rsv hosp,2026-10-24,06,quantile,0.85,49.409696948849316
2026-10-10,2,wk inc rsv hosp,2026-10-24,06,quantile,0.9,52.868106267411704
2026-10-10,2,wk inc rsv hosp,2026-10-24,06,quantile,0.95,59.75472677902157
2026-10-10,2,wk inc rsv hosp,2026-10-24,06,quantile,0.975,68.59681431899384
2026-10-10,2,wk inc rsv hosp,2026-10-24,06,quantile,0.99,76.48936554248719
2026-10-10,2,wk inc rsv hosp,2026-10-24,08,quantile,0.01,0.0
2026-10-10,2,wk inc rsv hosp,2026-10-24,08,quantile,0.025,0.0
2026-10-10,2,wk inc rsv hosp,2026-10-24,08,quantile,0.05,0.0
2026-10-10,2,wk inc rsv hosp,2026-10-24,08,quantile,0.1,0.0
2026-10-10,2,wk inc rsv hosp,2026-10-24,08,quantile,0.15,0.0
2026-10-10,2,wk inc rsv hosp,2026-10-24,08,quantile,0.2,0.16521121718554313
2026-10-10,2,wk inc rsv hosp,2026-10-24,08,quantile,0.25,0.21676807690468905
2026-10-10,2,wk inc rsv hosp,2026-10-24,08,quantile,0.3,0.29287690748684436
2026-10-10,2,wk inc rsv hosp,2026-10-24,08,quantile,0.35,0.39559007783762984
2026-10-10,2,wk inc rsv hosp,2026-10-24,08,quantile,0.4,0.43759067357040865
2026-10-10,2,wk inc rsv hosp,2026-10-24,08,quantile,0.45,0.5167614440441717
2026-10-10,2,wk inc rsv hosp,2026-10-24,08,quantile,0.5,0.7812211198928162
2026-10-10,2,wk inc rsv hosp,2026-10-24,08,quantile,0.55,0.9697667774262521
2026-10-10,2,wk inc rsv hosp,2026-10-24,08,quantile,0.6,1.1045425491433127
2026-10-10,2,wk inc rsv hosp,2026-10-24,08,quantile,0.65,1.3064389375916756
2026-10-10,2,wk inc rsv hosp,2026-10-24,08,quantile,0.7,1.3912619628914265
2026-10-10,2,wk inc rsv hosp,2026-10-24,08,quantile,0.75,1.538670039953582
2026-10-10,2,wk inc rsv hosp,2026-10-24,08,quantile,0.8,1.6602188958383994
2026-10-10,2,wk inc rsv hosp,2026-10-24,08,quantile,0.85,1.9923092781067482
2026-10-10,2,wk inc rsv hosp,2026-10-24,08,quantile,0.9,2.7353299138160696
2026-10-10,2,wk inc rsv hosp,2026-10-24,08,quantile,0.95,4.575304539202377
2026-10-10,2,wk inc rsv hosp,2026-10-24,08,quantile,0.975,5.281586927232498
2026-10-10,2,wk inc rsv hosp,2026-10-24,08,quantile,0.99,5.453869651428851
2026-10-10,2,wk inc rsv hosp,2026-10-24,09,quantile,0.01,1.068509865132297
2026-10-10,2,wk inc rsv hosp,2026-10-24,09,quantile,0.025,1.102367679709915
2026-10-10,2,wk inc rsv hosp,2026-10-24,09,quantile,0.05,1.188368717073354
2026-10-10,2,wk inc rsv hosp,2026-10-24,09,quantile,0.1,1.461563814430744
2026-10-10,2,wk inc rsv hosp,2026-10-24,09,quantile,0.15,1.6517483265304351
2026-10-10,2,wk inc rsv hosp,2026-10-24,09,quantile,0.2,2.140074108557411
2026-10-10,2,wk inc rsv hosp,2026-10-24,09,quantile,0.25,2.8380584080168174
2026-10-10,2,wk inc rsv hosp,2026-10-24,09,quantile,0.3,3.037809597193148
2026-10-10,2,wk inc rsv hosp,2026-10-24,09,quantile,0.35,3.1539950657309745
2026-10-10,2,wk inc rsv hosp,2026-10-24,09,quantile,0.4,3.424333741144272
2026-10-10,2,wk inc rsv hosp,2026-10-24,09,quantile,0.45,3.643451992493291
2026-10-10,2,wk inc rsv hosp,2026-10-24,09,quantile,0.5,3.983781982311217
2026-10-10,2,wk inc rsv hosp,2026-10-24,09,quantile,0.55,4.147627774196984
2026-10-10,2,wk inc rsv hosp,2026-10-24,09,quantile,0.6,4.446278859943814
2026-10-10,2,wk inc rsv hosp,2026-10-24,09,quantile,0.65,4.814855303364892
2026-10-10,2,wk inc rsv hosp,2026-10-24,09,quantile,0.7,5.391156477616879
2026-10-10,2,wk inc rsv hosp,2026-10-24,09,quantile,0.75,5.793895468740076
2026-10-10,2,wk inc rsv hosp,2026-10-24,09,quantile,0.8,6.174028752091434
2026-10-10,2,wk inc rsv hosp,2026-10-24,09,quantile,0.85,6.886524346166565
2026-10-10,2,wk inc rsv hosp,2026-10-24,09,quantile,0.9,8.401864484189382
2026-10-10,2,wk inc rsv hosp,2026-10-24,09,quantile,0.95,10.696124340600928
2026-10-10,2,wk inc rsv hosp,2026-10-24,09,quantile,0.975,11.700988145977576
2026-10-10,2,wk inc rsv hosp,2026-10-24,09,quantile,0.99,12.24225649359529
2026-10-10,2,wk inc rsv hosp,2026-10-24,10,quantile,0.01,1.5979377983192098
2026-10-10,2,wk inc rsv hosp,2026-10-24,10,quantile,0.025,2.153642047713757
2026-10-10,2,wk inc rsv hosp,2026-10-24,10,quantile,0.05,3.239678298902699
2026-10-10,2,wk inc rsv hosp,2026-10-24,10,quantile,0.1,5.0224669085645735
2026-10-10,2,wk inc rsv hosp,2026-10-24,10,quantile,0.15,6.9119536107249075
2026-10-10,2,wk inc rsv hosp,2026-10-24,10,quantile,0.2,7.825763187355102
2026-10-10,2,wk inc rsv hosp,2026-10-24,10,quantile,0.25,8.552280576995374
2026-10-10,2,wk inc rsv hosp,2026-10-24,10,quantile,0.3,9.364719139031056
2026-10-10,2,wk inc rsv hosp,2026-10-24,10,quantile,0.35,9.61646043834622
2026-10-10,2,wk inc rsv hosp,2026-10-24,10,quantile,0.4,9.72250783707882
2026-10-10,2,wk inc rsv hosp,2026-10-24,10,quantile,0.45,12.198185348017036
2026-10-10,2,wk inc rsv hosp,2026-10-24,10,quantile,0.5,12.501375156211832
2026-10-10,2,wk inc rsv hosp,2026-10-24,10,quantile,0.55,15.726062767774977
2026-10-10,2,wk inc rsv hosp,2026-10-24,10,quantile,0.6,17.46172959306365
2026-10-10,2,wk inc rsv hosp,2026-10-24,10,quantile,0.65,19.785771352934574
2026-10-10,2,wk inc rsv hosp,2026-10-24,10,quantile,0.7,20.265950563434274
2026-10-10,2,wk inc rsv hosp,2026-10-24,10,quantile,0.75,21.0820198980648
2026-10-10,2,wk inc rsv hosp,2026-10-24,10,quantile,0.8,23.76267203062672
2026-10-10,2,wk inc rsv hosp,2026-10-24,10,quantile,0.85,24.686485704297287
2026-10-10,2,wk inc rsv hosp,2026-10-24,10,quantile,0.9,25.183634338342713
2026-10-10,2,wk inc rsv hosp,2026-10-24,10,quantile,0.95,25.516882871453834
2026-10-10,2,wk inc rsv hosp,2026-10-24,10,quantile,0.975,28.605106490381477
2026-10-10,2,wk inc rsv hosp,2026-10-24,10,quantile,0.99,32.00053027970135
2026-10-10,2,wk inc rsv hosp,2026-10-24,11,quantile,0.01,0.0
2026-10-10,2,wk inc rsv hosp,2026-10-24,11,quantile,0.025,0.0
2026-10-10,2,wk inc rsv hosp,2026-10-24,11,quantile,0.05,0.0
2026-10-10,2,wk inc rsv hosp,2026-10-24,11,quantile,0.1,0.0
2026-10-10,2,wk inc rsv hosp,2026-10-24,11,quantile,0.15,0.0
2026-10-10,2,wk inc rsv hosp,2026-10-24,11,quantile,0.2,0.046665789682561354
2026-10-10,2,wk inc rsv hosp,2026-10-24,11,quantile,0.25,0.12233714345852419
2026-10-10,2,wk inc rsv hosp,2026-10-24,11,quantile,0.3,0.20411828660349615
2026-10-10,2,wk inc rsv hosp,2026-10-24,11,quantile,0.35,0.3140770888354862
2026-10-10,2,wk inc rsv hosp,2026-10-24,11,quantile,0.4,0.3473173565313207
2026-10-10,2,wk inc rsv hosp,2026-10-24,11,quantile,0.45,0.4587856531143188
2026-10-10,2,wk inc rsv hosp,2026-10-24,11,quantile,0.5,0.49665626421386844
2026-10-10,2,wk inc rsv hosp,2026-10-24,11,quantile,0.55,0.7445415041488379
2026-10-10,2,wk inc rsv hosp,2026-10-24,11,quantile,0.6,0.8363396441287333
2026-10-10,2,wk inc rsv hosp,2026-10-24,11,quantile,0.65,1.1289530425317307
2026-10-10,2,wk inc rsv hosp,2026-10-24,11,quantile,0.7,1.1820093335657558
2026-10-10,2,wk inc rsv hosp,2026-10-24,11,quantile,0.75,1.3307477359417024
2026-10-10,2,wk inc rsv hosp,2026-10-24,11,quantile,0.8,1.5138725729712261
2026-10-10,2,wk inc rsv hosp,2026-10-24,11,quantile,0.85,1.6883267478328619
2026-10-10,2,wk inc rsv hosp,2026-10-24,11,quantile,0.9,1.7012306584954704
2026-10-10,2,wk inc rsv hosp,2026-10-24,11,quantile,0.95,3.060372592580168
2026-10-10,2,wk inc rsv hosp,2026-10-24,11,quantile,0.975,3.8644829791546504
2026-10-10,2,wk inc rsv hosp,2026-10-24,11,quantile,0.99,4.087900731559618
2026-10-10,2,wk inc rsv hosp,2026-10-24,12,quantile,0.01,193.83866394865333
2026-10-10,2,wk inc rsv hosp,2026-10-24,12,quantile,0.025,196.38655684934162
2026-10-10,2,wk inc rsv hosp,2026-10-24,12,quantile,0.05,201.60712728826175
2026-10-10,2,wk inc rsv hosp,2026-10-24,12,quantile,0.1,219.58329364448014
2026-10-10,2,wk inc rsv hosp,2026-10-24,12,quantile,0.15,230.6072590796639
2026-10-10,2,wk inc rsv hosp,2026-10-24,12,quantile,0.2,238.81246816559113
2026-10-10,2,wk inc rsv hosp,2026-10-24,12,quantile,0.25,240.49883119718154
2026-10-10,2,wk inc rsv hosp,2026-10-24,12,quantile,0.3,247.34841385775638
2026-10-10,2,wk inc rsv hosp,2026-10-24,12,quantile,0.35,254.5212067534541
2026-10-10,2,wk inc rsv hosp,2026-10-24,12,quantile,0.4,258.56141861603624
2026-10-10,2,wk inc rsv hosp,2026-10-24,12,quantile,0.45,266.8661211966514
2026-10-10,2,wk inc rsv hosp,2026-10-24,12,quantile,0.5,285.176269506758
2026-10-10,2,wk inc rsv hosp,2026-10-24,12,quantile,0.55,290.7483183487597
2026-10-10,2,wk inc rsv hosp,2026-10-24,12,quantile,0.6,296.7120086471246
2026-10-10,2,wk inc rsv hosp,2026-10-24,12,quantile,0.65,308.40160191194775
2026-10-10,2,wk inc rsv hosp,2026-10-24,12,quantile,0.7,315.76099552796893
2026-10-10,2,wk inc rsv hosp,2026-10-24,12,quantile,0.75,322.0337992334984
2026-10-10,2,wk inc rsv hosp,2026-10-24,12,quantile,0.8,354.9570092624811
2026-10-10,2,wk inc rsv hosp,2026-10-24,12,quantile,0.85,369.1406640613366
2026-10-10,2,wk inc rsv hosp,2026-10-24,12,quantile,0.9,384.5171852531762
2026-10-10,2,wk inc rsv hosp,2026-10-24,12,quantile,0.95,445.2294057476009
2026-10-10,2,wk inc rsv hosp,2026-10-24,12,quantile,0.975,465.50871055970407
2026-10-10,2,wk inc rsv hosp,2026-10-24,12,quantile,0.99,468.26891643656614
2026-10-10,2,wk inc rsv hosp,2026-10-24,13,quantile,0.01,32.0441250596303
2026-10-10,2,wk inc rsv hosp,2026-10-24,13,quantile,0.025,34.57775949083731
2026-10-10,2,wk inc rsv hosp,2026-10-24,13,quantile,0.05,37.77337405267346
2026-10-10,2,wk inc rsv hosp,2026-10-24,13,quantile,0.1,39.27534117100937
2026-10-10,2,wk inc rsv hosp,2026-10-24,13,quantile,0.15,39.87593110945065
2026-10-10,2,wk inc rsv hosp,2026-10-24,13,quantile,0.2,44.752051324146564
2026-10-10,2,wk inc rsv hosp,2026-10-24,13,quantile,0.25,45.29182384331985
2026-10-10,2,wk inc rsv hosp,2026-10-24,13,quantile,0.3,46.78092144053879
2026-10-10,2,wk inc rsv hosp,2026-10-24,13,quantile,0.35,50.833970366768554
2026-10-10,2,wk inc rsv hosp,2026-10-24,13,quantile,0.4,51.985226433981055
2026-10-10,2,wk inc rsv hosp,2026-10-24,13,quantile,0.45,53.920661840835656
2026-10-10,2,wk inc rsv hosp,2026-10-24,13,quantile,0.5,55.08668565204628
2026-10-10,2,wk inc rsv hosp,2026-10-24,13,quantile,0.55,58.8607352284702
2026-10-10,2,wk inc rsv hosp,2026-10-24,13,quantile,0.6,62.23346390008349
2026-10-10,2,wk inc rsv hosp,2026-10-24,13,quantile,0.65,63.153633444321734
2026-10-10,2,wk inc rsv hosp,2026-10-24,13,quantile,0.7,66.38341713801499
2026-10-10,2,wk inc rsv hosp,2026-10-24,13,quantile,0.75,71.2406864527153
2026-10-10,2,wk inc rsv hosp,2026-10-24,13,quantile,0.8,72.54407668066845
2026-10-10,2,wk inc rsv hosp,2026-10-24,13,quantile,0.85,78.16309384175231
2026-10-10,2,wk inc rsv hosp,2026-10-24,13,quantile,0.9,85.40179604418346
2026-10-10,2,wk inc rsv hosp,2026-10-24,13,quantile,0.95,105.6407673230746
2026-10-10,2,wk inc rsv hosp,2026-10-24,13,quantile,0.975,114.80160966789539
2026-10-10,2,wk inc rsv hosp,2026-10-24,13,quantile,0.99,117.18877671668422
2026-10-10,2,wk inc rsv hosp,2026-10-24,15,quantile,0.01,1.0502216548723302
2026-10-10,2,wk inc rsv hosp,2026-10-24,15,quantile,0.025,1.567747166250518
2026-10-10,2,wk inc rsv hosp,2026-10-24,15,quantile,0.05,2.219743431932317
2026-10-10,2,wk inc rsv hosp,2026-10-24,15,quantile,0.1,2.4096458099337204
2026-10-10,2,wk inc rsv hosp,2026-10-24,15,quantile,0.15,2.705595653196203
2026-10-10,2,wk inc rsv hosp,2026-10-24,15,quantile,0.2,3.5591958469895397
2026-10-10,2,wk inc rsv hosp,2026-10-24,15,quantile,0.25,3.893000302264107
2026-10-10,2,wk inc rsv hosp,2026-10-24,15,quantile,0.3,4.993360122654124
2026-10-10,2,wk inc rsv hosp,2026-10-24,15,quantile,0.35,6.254747175966548
2026-10-10,2,wk inc rsv hosp,2026-10-24,15,quantile,0.4,7.6312596280761
2026-10-10,2,wk inc rsv hosp,2026-10-24,15,quantile,0.45,8.6758940084454
2026-10-10,2,wk inc rsv hosp,2026-10-24,15,quantile,0.5,8.956007201551511
2026-10-10,2,wk inc rsv hosp,2026-10-24,15,quantile,0.55,9.481643449605755
2026-10-10,2,wk inc rsv hosp,2026-10-24,15,quantile,0.6,11.032084637469513
2026-10-10,2,wk inc rsv hosp,2026-10-24,15,quantile,0.65,11.502404128078645
2026-10-10,2,wk inc rsv hosp,2026-10-24,15,quantile,0.7,12.09167224585555
2026-10-10,2,wk inc rsv hosp,2026-10-24,15,quantile,0.75,12.456185364977955
2026-10-10,2,wk inc rsv hosp,2026-10-24,15,quantile,0.8,12.96524608489647
2026-10-10,2,wk inc rsv hosp,2026-10-24,15,quantile,0.85,15.902568333125647
2026-10-10,2,wk inc rsv hosp,2026-10-24,15,quantile,0.9,16.929080673297314
2026-10-10,2,wk inc rsv hosp,2026-10-24,15,quantile,0.95,22.21384810491913
2026-10-10,2,wk inc rsv hosp,2026-10-24,15,quantile,0.975,24.240350365293935
2026-10-10,2,wk inc rsv hosp,2026-10-24,15,quantile,0.99,24.61852668874056
2026-10-10,2,wk inc rsv hosp,2026-10-24,16,quantile,0.01,0.9609577492040131
2026-10-10,2,wk inc rsv hosp,2026-10-24,16,quantile,0.025,1.141162069144208
2026-10-10,2,wk inc rsv hosp,2026-10-24,16,quantile,0.05,1.3421654520935347
2026-10-10,2,wk inc rsv hosp,2026-10-24,16,quantile,0.1,1.3569454609197578
2026-10-10,2,wk inc rsv hosp,2026-10-24,16,quantile,0.15,1.798899509635554
2026-10-10,2,wk inc rsv hosp,2026-10-24,16,quantile,0.2,1.9817839502452437
2026-10-10,2,wk inc rsv hosp,2026-10-24,16,quantile,0.25,2.068003514562184
2026-10-10,2,wk inc rsv hosp,2026-10-24,16,quantile,0.3,2.121944418284785
2026-10-10,2,wk inc rsv hosp,2026-10-24,16,quantile,0.35,2.1606147196262278
2026-10-10,2,wk inc rsv hosp,2026-10-24,16,quantile,0.4,2.2803799656153263
2026-10-10,2,wk inc rsv hosp,2026-10-24,16,quantile,0.45,2.4678363800048833
2026-10-10,2,wk inc rsv hosp,2026-10-24,16,quantile,0.5,2.4678363800048833
2026-10-10,2,wk inc rsv hosp,2026-10-24,16,quantile,0.55,2.4678363800048833
2026-10-10,2,wk inc rsv hosp,2026-10-24,16,quantile,0.6,2.510582195111885
2026-10-10,2,wk inc rsv hosp,2026-10-24,16,quantile,0.65,3.013407029893883
2026-10-10,2,wk inc rsv hosp,2026-10-24,16,quantile,0.7,3.411109407950349
2026-10-10,2,wk inc rsv hosp,2026-10-24,16,quantile,0.75,3.4945071850106966
2026-10-10,2,wk inc rsv hosp,2026-10-24,16,quantile,0.8,3.7761450129080933
2026-10-10,2,wk inc rsv hosp,2026-10-24,16,quantile,0.85,3.8203903631748144
2026-10-10,2,wk inc rsv hosp,2026-10-24,16,quantile,0.9,4.168832137793883
2026-10-10,2,wk inc rsv hosp,2026-10-24,16,quantile,0.95,5.542130272748177
2026-10-10,2,wk inc rsv hosp,2026-10-24,16,quantile,0.975,5.935672760009767
2026-10-10,2,wk inc rsv hosp,2026-10-24,16,quantile,0.99,5.935672760009767
2026-10-10,2,wk inc rsv hosp,2026-10-24,17,quantile,0.01,7.751851350142325
2026-10-10,2,wk inc rsv hosp,2026-10-24,17,quantile,0.025,7.8487103257846735
2026-10-10,2,wk inc rsv hosp,2026-10-24,17,quantile,0.05,8.29506170392647
2026-10-10,2,wk inc rsv hosp,2026-10-24,17,quantile,0.1,9.5417205677224
2026-10-10,2,wk inc rsv hosp,2026-10-24,17,quantile,0.15,11.221703426149267
2026-10-10,2,wk inc rsv hosp,2026-10-24,17,quantile,0.2,11.85961224685998
2026-10-10,2,wk inc rsv hosp,2026-10-24,17,quantile,0.25,13.31248048123703
2026-10-10,2,wk inc rsv hosp,2026-10-24,17,quantile,0.3,14.68317004010801
2026-10-10,2,wk inc rsv hosp,2026-10-24,17,quantile,0.35,15.416831166731482
2026-10-10,2,wk inc rsv hosp,2026-10-24,17,quantile,0.4,15.799560109253413
2026-10-10,2,wk inc rsv hosp,2026-10-24,17,quantile,0.45,17.947823504335126
2026-10-10,2,wk inc rsv hosp,2026-10-24,17,quantile,0.5,18.5773798446692
2026-10-10,2,wk inc rsv hosp,2026-10-24,17,quantile,0.55,18.767781660455874
2026-10-10,2,wk inc rsv hosp,2026-10-24,17,quantile,0.6,19.258492795349163
2026-10-10,2,wk inc rsv hosp,2026-10-24,17,quantile,0.65,20.372821501772403
2026-10-10,2,wk inc rsv hosp,2026-10-24,17,quantile,0.7,25.521899212429563
2026-10-10,2,wk inc rsv hosp,2026-10-24,17,quantile,0.75,28.078360705130713
2026-10-10,2,wk inc rsv hosp,2026-10-24,17,quantile,0.8,31.68172402435294
2026-10-10,2,wk inc rsv hosp,2026-10-24,17,quantile,0.85,34.52472718428349
2026-10-10,2,wk inc rsv hosp,2026-10-24,17,quantile,0.9,41.74665792935527
2026-10-10,2,wk inc rsv hosp,2026-10-24,17,quantile,0.95,46.92026324199834
2026-10-10,2,wk inc rsv hosp,2026-10-24,17,quantile,0.975,48.729018054625755
2026-10-10,2,wk inc rsv hosp,2026-10-24,17,quantile,0.99,49.03074063120569
2026-10-10,2,wk inc rsv hosp,2026-10-24,18,quantile,0.01,2.4360219553483056
2026-10-10,2,wk inc rsv hosp,2026-10-24,18,quantile,0.025,2.8137292691945777
2026-10-10,2,wk inc rsv hosp,2026-10-24,18,quantile,0.05,3.413492981022982
2026-10-10,2,wk inc rsv hosp,2026-10-24,18,quantile,0.1,4.189204059162208
2026-10-10,2,wk inc rsv hosp,2026-10-24,18,quantile,0.15,4.676969133434115
2026-10-10,2,wk inc rsv hosp,2026-10-24,18,quantile,0.2,4.863625572742883
2026-10-10,2,wk inc rsv hosp,2026-10-24,18,quantile,0.25,6.041087776537392
2026-10-10,2,wk inc rsv hosp,2026-10-24,18,quantile,0.3,6.126598161786866
2026-10-10,2,wk inc rsv hosp,2026-10-24,18,quantile,0.35,6.454359196827021
2026-10-10,2,wk inc rsv hosp,2026-10-24,18,quantile,0.4,7.448884972412203
2026-10-10,2,wk inc rsv hosp,2026-10-24,18,quantile,0.45,8.93353429751319
2026-10-10,2,wk inc rsv hosp,2026-10-24,18,quantile,0.5,9.56620646181744
2026-10-10,2,wk inc rsv hosp,2026-10-24,18,quantile,0.55,10.019777142794316
2026-10-10,2,wk inc rsv hosp,2026-10-24,18,quantile,0.6,10.156250026906289
2026-10-10,2,wk inc rsv hosp,2026-10-24,18,quantile,0.65,10.273874381435263
2026-10-10,2,wk inc rsv hosp,2026-10-24,18,quantile,0.7,10.62386956575904
2026-10-10,2,wk inc rsv hosp,2026-10-24,18,quantile,0.75,10.888397105938243
2026-10-10,2,wk inc rsv hosp,2026-10-24,18,quantile,0.8,11.237381857180331
2026-10-10,2,wk inc rsv hosp,2026-10-24,18,quantile,0.85,12.411053675936923
2026-10-10,2,wk inc rsv hosp,2026-10-24,18,quantile,0.9,13.644084136050505
2026-10-10,2,wk inc rsv hosp,2026-10-24,18,quantile,0.95,15.41078848213528
2026-10-10,2,wk inc rsv hosp,2026-10-24,18,quantile,0.975,15.771772871858579
2026-10-10,2,wk inc rsv hosp,2026-10-24,18,quantile,0.99,15.983341514465973
2026-10-10,2,wk inc rsv hosp,2026-10-24,19,quantile,0.01,0.0
2026-10-10,2,wk inc rsv hosp,2026-10-24,19,quantile,0.025,0.0
2026-10-10,2,wk inc rsv hosp,2026-10-24,19,quantile,0.05,0.6124279820751535
2026-10-10,2,wk inc rsv hosp,2026-10-24,19,quantile,0.1,0.730649394690104
2026-10-10,2,wk inc rsv hosp,2026-10-24,19,quantile,0.15,1.0284131666140655
2026-10-10,2,wk inc rsv hosp,2026-10-24,19,quantile,0.2,1.9146146544525846
2026-10-10,2,wk inc rsv hosp,2026-10-24,19,quantile,0.25,2.5616352423668176
2026-10-10,2,wk inc rsv hosp,2026-10-24,19,quantile,0.3,2.8607549469541995
2026-10-10,2,wk inc rsv hosp,2026-10-24,19,quantile,0.35,3.277156985258573
2026-10-10,2,wk inc rsv hosp,2026-10-24,19,quantile,0.4,3.3794832182345074
2026-10-10,2,wk inc rsv hosp,2026-10-24,19,quantile,0.45,3.450612532209934
2026-10-10,2,wk inc rsv hosp,2026-10-24,19,quantile,0.5,3.6636130551505204
2026-10-10,2,wk inc rsv hosp,2026-10-24,19,quantile,0.55,3.7159843828232013
2026-10-10,2,wk inc rsv hosp,2026-10-24,19,quantile,0.6,4.164020444480293
2026-10-10,2,wk inc rsv hosp,2026-10-24,19,quantile,0.65,4.362377630584034
2026-10-10,2,wk inc rsv hosp,2026-10-24,19,quantile,0.7,4.821140924321344
2026-10-10,2,wk inc rsv hosp,2026-10-24,19,quantile,0.75,5.299515500165083
2026-10-10,2,wk inc rsv hosp,2026-10-24,19,quantile,0.8,5.619212421663084
2026-10-10,2,wk inc rsv hosp,2026-10-24,19,quantile,0.85,6.136908780395196
2026-10-10,2,wk inc rsv hosp,2026-10-24,19,quantile,0.9,6.796932123215518
2026-10-10,2,wk inc rsv hosp,2026-10-24,19,quantile,0.95,7.177536010742189
2026-10-10,2,wk inc rsv hosp,2026-10-24,19,quantile,0.975,8.474329121769081
2026-10-10,2,wk inc rsv hosp,2026-10-24,19,quantile,0.99,9.976767597193968
2026-10-10,2,wk inc rsv hosp,2026-10-24,20,quantile,0.01,0.2104590401343593
2026-10-10,2,wk inc rsv hosp,2026-10-24,20,quantile,0.025,0.262835395819695
2026-10-10,2,wk inc rsv hosp,2026-10-24,20,quantile,0.05,0.3175284149561855
2026-10-10,2,wk inc rsv hosp,2026-10-24,20,quantile,0.1,0.43315517897888606
2026-10-10,2,wk inc rsv hosp,2026-10-24,20,quantile,0.15,0.8670532946768545
2026-10-10,2,wk inc rsv hosp,2026-10-24,20,quantile,0.2,1.0954511519274577
2026-10-10,2,wk inc rsv hosp,2026-10-24,20,quantile,0.25,1.7696751709107692
2026-10-10,2,wk inc rsv hosp,2026-10-24,20,quantile,0.3,2.172926518477488
2026-10-10,2,wk inc rsv hosp,2026-10-24,20,quantile,0.35,2.2262452918396107
2026-10-10,2,wk inc rsv hosp,2026-10-24,20,quantile,0.4,2.236324612808044
2026-10-10,2,wk inc rsv hosp,2026-10-24,20,quantile,0.45,2.532678941258836
2026-10-10,2,wk inc rsv hosp,2026-10-24,20,quantile,0.5,2.6721053739605924
2026-10-10,2,wk inc rsv hosp,2026-10-24,20,quantile,0.55,2.716002556122538
2026-10-10,2,wk inc rsv hosp,2026-10-24,20,quantile,0.6,2.743243127968199
2026-10-10,2,wk inc rsv hosp,2026-10-24,20,quantile,0.65,3.0141110664582498
2026-10-10,2,wk inc rsv hosp,2026-10-24,20,quantile,0.7,3.5012510804321693
2026-10-10,2,wk inc rsv hosp,2026-10-24,20,quantile,0.75,3.694678967240856
2026-10-10,2,wk inc rsv hosp,2026-10-24,20,quantile,0.8,3.7844052339952956
2026-10-10,2,wk inc rsv hosp,2026-10-24,20,quantile,0.85,3.9782814257120496
2026-10-10,2,wk inc rsv hosp,2026-10-24,20,quantile,0.9,4.34727065929203
2026-10-10,2,wk inc rsv hosp,2026-10-24,20,quantile,0.95,4.81325511008799
2026-10-10,2,wk inc rsv hosp,2026-10-24,20,quantile,0.975,4.953804206880364
2026-10-10,2,wk inc rsv hosp,2026-10-24,20,quantile,0.99,5.013924673985629
2026-10-10,2,wk inc rsv hosp,2026-10-24,21,quantile,0.01,6.063292425823084
2026-10-10,2,wk inc rsv hosp,2026-10-24,21,quantile,0.025,6.244597251752518
2026-10-10,2,wk inc rsv hosp,2026-10-24,21,quantile,0.05,6.547208941900804
2026-10-10,2,wk inc rsv hosp,2026-10-24,21,quantile,0.1,7.394992680999672
2026-10-10,2,wk inc rsv hosp,2026-10-24,21,quantile,0.15,8.731919333524838
2026-10-10,2,wk inc rsv hosp,2026-10-24,21,quantile,0.2,10.259915686244918
2026-10-10,2,wk inc rsv hosp,2026-10-24,21,quantile,0.25,10.869766345734373
2026-10-10,2,wk inc rsv hosp,2026-10-24,21,quantile,0.3,12.6661797679238
2026-10-10,2,wk inc rsv hosp,2026-10-24,21,quantile,0.35,14.291813113713804
2026-10-10,2,wk inc rsv hosp,2026-10-24,21,quantile,0.4,16.094596187553204
2026-10-10,2,wk inc rsv hosp,2026-10-24,21,quantile,0.45,16.454267158500574
2026-10-10,2,wk inc rsv hosp,2026-10-24,21,quantile,0.5,16.85287191562641
2026-10-10,2,wk inc rsv hosp,2026-10-24,21,quantile,0.55,18.80417380854692
2026-10-10,2,wk inc rsv hosp,2026-10-24,21,quantile,0.6,19.504501604881654
2026-10-10,2,wk inc rsv hosp,2026-10-24,21,quantile,0.65,21.480458869048483
2026-10-10,2,wk inc rsv hosp,2026-10-24,21,quantile,0.7,22.041416729370212
2026-10-10,2,wk inc rsv hosp,2026-10-24,21,quantile,0.75,22.209207998436806
2026-10-10,2,wk inc rsv hosp,2026-10-24,21,quantile,0.8,25.598569005412187
2026-10-10,2,wk inc rsv hosp,2026-10-24,21,quantile,0.85,26.114454250957735
2026-10-10,2,wk inc rsv hosp,2026-10-24,21,quantile,0.9,26.968105308944022
2026-10-10,2,wk inc rsv hosp,2026-10-24,21,quantile,0.95,28.324252017416896
2026-10-10,2,wk inc rsv hosp,2026-10-24,21,quantile,0.975,45.47246815938124
2026-10-10,2,wk inc rsv hosp,2026-10-24,21,quantile,0.99,71.52312473148088
2026-10-10,2,wk inc rsv hosp,2026-10-24,22,quantile,0.01,4.166928767736735
2026-10-10,2,wk inc rsv hosp,2026-10-24,22,quantile,0.025,4.53299665177995
2026-10-10,2,wk inc rsv hosp,2026-10-24,22,quantile,0.05,5.201216125137925
2026-10-10,2,wk inc rsv hosp,2026-10-24,22,quantile,0.1,7.752733645335826
2026-10-10,2,wk inc rsv hosp,2026-10-24,22,quantile,0.15,9.820501762477607
2026-10-10,2,wk inc rsv hosp,2026-10-24,22,quantile,0.2,11.515851148040246
2026-10-10,2,wk inc rsv hosp,2026-10-24,22,quantile,0.25,13.48205819699587
2026-10-10,2,wk inc rsv hosp,2026-10-24,22,quantile,0.3,16.647344078678785
2026-10-10,2,wk inc rsv hosp,2026-10-24,22,quantile,0.35,18.294915130160085
2026-10-10,2,wk inc rsv hosp,2026-10-24,22,quantile,0.4,19.176034205266074
2026-10-10,2,wk inc rsv hosp,2026-10-24,22,quantile,0.45,22.75175473471152
2026-10-10,2,wk inc rsv hosp,2026-10-24,22,quantile,0.5,23.653630927056277
2026-10-10,2,wk inc rsv hosp,2026-10-24,22,quantile,0.55,23.804174918221428
2026-10-10,2,wk inc rsv hosp,2026-10-24,22,quantile,0.6,25.465230770290166
2026-10-10,2,wk inc rsv hosp,2026-10-24,22,quantile,0.65,27.664014298777804
2026-10-10,2,wk inc rsv hosp,2026-10-24,22,quantile,0.7,28.277438815396806
2026-10-10,2,wk inc rsv hosp,2026-10-24,22,quantile,0.75,29.466359776329874
2026-10-10,2,wk inc rsv hosp,2026-10-24,22,quantile,0.8,32.420002343404505
2026-10-10,2,wk inc rsv hosp,2026-10-24,22,quantile,0.85,34.991233948709656
2026-10-10,2,wk inc rsv hosp,2026-10-24,22,quantile,0.9,39.60386902277137
2026-10-10,2,wk inc rsv hosp,2026-10-24,22,quantile,0.95,51.51806734060361
2026-10-10,2,wk inc rsv hosp,2026-10-24,22,quantile,0.975,78.29347754435412
2026-10-10,2,wk inc rsv hosp,2026-10-24,22,quantile,0.99,113.30115106042574
2026-10-10,2,wk inc rsv hosp,2026-10-24,23,quantile,0.01,0.0
2026-10-10,2,wk inc rsv hosp,2026-10-24,23,quantile,0.025,0.0
2026-10-10,2,wk inc rsv hosp,2026-10-24,23,quantile,0.05,0.0
2026-10-10,2,wk inc rsv hosp,2026-10-24,23,quantile,0.1,0.0
2026-10-10,2,wk inc rsv hosp,2026-10-24,23,quantile,0.15,0.027619108235270598
2026-10-10,2,wk inc rsv hosp,2026-10-24,23,quantile,0.2,0.17936301437931787
2026-10-10,2,wk inc rsv hosp,2026-10-24,23,quantile,0.25,0.19808317840422296
2026-10-10,2,wk inc rsv hosp,2026-10-24,23,quantile,0.3,0.33161177536356906
2026-10-10,2,wk inc rsv hosp,2026-10-24,23,quantile,0.35,0.5157440547064276
2026-10-10,2,wk inc rsv hosp,2026-10-24,23,quantile,0.4,0.5530411564180239
2026-10-10,2,wk inc rsv hosp,2026-10-24,23,quantile,0.45,0.6049987519025027
2026-10-10,2,wk inc rsv hosp,2026-10-24,23,quantile,0.5,0.6908197687696165
2026-10-10,2,wk inc rsv hosp,2026-10-24,23,quantile,0.55,0.7589289621228854
2026-10-10,2,wk inc rsv hosp,2026-10-24,23,quantile,0.6,0.7926852752735856
2026-10-10,2,wk inc rsv hosp,2026-10-24,23,quantile,0.65,0.83968789345178
2026-10-10,2,wk inc rsv hosp,2026-10-24,23,quantile,0.7,0.917279829343376
2026-10-10,2,wk inc rsv hosp,2026-10-24,23,quantile,0.75,0.9536524038057603
2026-10-10,2,wk inc rsv hosp,2026-10-24,23,quantile,0.8,1.1869225802317707
2026-10-10,2,wk inc rsv hosp,2026-10-24,23,quantile,0.85,1.204540097584856
2026-10-10,2,wk inc rsv hosp,2026-10-24,23,quantile,0.9,1.3464029038112961
2026-10-10,2,wk inc rsv hosp,2026-10-24,23,quantile,0.95,1.8900942385467534
2026-10-10,2,wk inc rsv hosp,2026-10-24,23,quantile,0.975,2.2060699706644775
2026-10-10,2,wk inc rsv hosp,2026-10-24,23,quantile,0.99,2.383715623064413
2026-10-10,2,wk inc rsv hosp,2026-10-24,24,quantile,0.01,0.44769720617009945
2026-10-10,2,wk inc rsv hosp,2026-10-24,24,quantile,0.025,0.5144306143301272
2026-10-10,2,wk inc rsv hosp,2026-10-24,24,quantile,0.05,0.6842015223355911
2026-10-10,2,wk inc rsv hosp,2026-10-24,24,quantile,0.1,1.1901340015828459
2026-10-10,2,wk inc rsv hosp,2026-10-24,24,quantile,0.15,1.6347078684511276
2026-10-10,2,wk inc rsv hosp,2026-10-24,24,quantile,0.2,2.4443446139035587
2026-10-10,2,wk inc rsv hosp,2026-10-24,24,quantile,0.25,2.9489810732724324
2026-10-10,2,wk inc rsv hosp,2026-10-24,24,quantile,0.3,4.1490311618334115
2026-10-10,2,wk inc rsv hosp,2026-10-24,24,quantile,0.35,4.563077415127534
2026-10-10,2,wk inc rsv hosp,2026-10-24,24,quantile,0.4,5.213689761137913
2026-10-10,2,wk inc rsv hosp,2026-10-24,24,quantile,0.45,5.385571826949968
2026-10-10,2,wk inc rsv hosp,2026-10-24,24,quantile,0.5,6.438897250438
2026-10-10,2,wk inc rsv hosp,2026-10-24,24,quantile,0.55,7.771827800933974
2026-10-10,2,wk inc rsv hosp,2026-10-24,24,quantile,0.6,9.781304092854604
2026-10-10,2,wk inc rsv hosp,2026-10-24,24,quantile,0.65,10.394301903906072
2026-10-10,2,wk inc rsv hosp,2026-10-24,24,quantile,0.7,10.835226353742858
2026-10-10,2,wk inc rsv hosp,2026-10-24,24,quantile,0.75,11.143331218757645
2026-10-10,2,wk inc rsv hosp,2026-10-24,24,quantile,0.8,11.482382475610095
2026-10-10,2,wk inc rsv hosp,2026-10-24,24,quantile,0.85,12.146468110612506
2026-10-10,2,wk inc rsv hosp,2026-10-24,24,quantile,0.9,12.81499885709046
2026-10-10,2,wk inc rsv hosp,2026-10-24,24,quantile,0.95,13.558860485044946
2026-10-10,2,wk inc rsv hosp,2026-10-24,24,quantile,0.975,13.705232488078222
2026-10-10,2,wk inc rsv hosp,2026-10-24,24,quantile,0.99,13.76629594798539
2026-10-10,2,wk inc rsv hosp,2026-10-24,25,quantile,0.01,1.5232851202315643
2026-10-10,2,wk inc rsv hosp,2026-10-24,25,quantile,0.025,1.8185411261195337
2026-10-10,2,wk inc rsv hosp,2026-10-24,25,quantile,0.05,2.6530883210798746
2026-10-10,2,wk inc rsv hosp,2026-10-24,25,quantile,0.1,4.950092349222317
2026-10-10,2,wk inc rsv hosp,2026-10-24,25,quantile,0.15,5.308701116922274
2026-10-10,2,wk inc rsv hosp,2026-10-24,25,quantile,0.2,5.74089899461453
2026-10-10,2,wk inc rsv hosp,2026-10-24,25,quantile,0.25,5.798790104057634
2026-10-10,2,wk inc rsv hosp,2026-10-24,25,quantile,0.3,5.92349719536148
2026-10-10,2,wk inc rsv hosp,2026-10-24,25,quantile,0.35,5.990637977574126
2026-10-10,2,wk inc rsv hosp,2026-10-24,25,quantile,0.4,6.4390109013165455
2026-10-10,2,wk inc rsv hosp,2026-10-24,25,quantile,0.45,6.815903669696587
2026-10-10,2,wk inc rsv hosp,2026-10-24,25,quantile,0.5,6.948516900270016
2026-10-10,2,wk inc rsv hosp,2026-10-24,25,quantile,0.55,7.07308334072386
2026-10-10,2,wk inc rsv hosp,2026-10-24,25,quantile,0.6,7.149211837672
2026-10-10,2,wk inc rsv hosp,2026-10-24,25,quantile,0.65,7.284448765001254
2026-10-10,2,wk inc rsv hosp,2026-10-24,25,quantile,0.7,7.733173083758943
2026-10-10,2,wk inc rsv hosp,2026-10-24,25,quantile,0.75,8.078677858409359
2026-10-10,2,wk inc rsv hosp,2026-10-24,25,quantile,0.8,9.2625501684143
2026-10-10,2,wk inc rsv hosp,2026-10-24,25,quantile,0.85,10.671584262145057
2026-10-10,2,wk inc rsv hosp,2026-10-24,25,quantile,0.9,10.914637000724042
2026-10-10,2,wk inc rsv hosp,2026-10-24,25,quantile,0.95,13.275625599526741
2026-10-10,2,wk inc rsv hosp,2026-10-24,25,quantile,0.975,18.24016092586234
2026-10-10,2,wk inc rsv hosp,2026-10-24,25,quantile,0.99,23.490172882936836
2026-10-10,2,wk inc rsv hosp,2026-10-24,26,quantile,0.01,6.569433870422262
2026-10-10,2,wk inc rsv hosp,2026-10-24,26,quantile,0.025,7.310047064204905
2026-10-10,2,wk inc rsv hosp,2026-10-24,26,quantile,0.05,8.749559945148805
2026-10-10,2,wk inc rsv hosp,2026-10-24,26,quantile,0.1,11.291195999641221
2026-10-10,2,wk inc rsv hosp,2026-10-24,26,quantile,0.15,12.417375825239185
2026-10-10,2,wk inc rsv hosp,2026-10-24,26,quantile,0.2,14.378267357971088
2026-10-10,2,wk inc rsv hosp,2026-10-24,26,quantile,0.25,15.706568809606997
2026-10-10,2,wk inc rsv hosp,2026-10-24,26,quantile,0.3,15.85924742563314
2026-10-10,2,wk inc rsv hosp,2026-10-24,26,quantile,0.35,16.114733360549355
2026-10-10,2,wk inc rsv hosp,2026-10-24,26,quantile,0.4,16.42904515447244
2026-10-10,2,wk inc rsv hosp,2026-10-24,26,quantile,0.45,19.15268926382816
2026-10-10,2,wk inc rsv hosp,2026-10-24,26,quantile,0.5,19.881536160239598
2026-10-10,2,wk inc rsv hosp,2026-10-24,26,quantile,0.55,20.88033895584973
2026-10-10,2,wk inc rsv hosp,2026-10-24,26,quantile,0.6,21.495871871380785
2026-10-10,2,wk inc rsv hosp,2026-10-24,26,quantile,0.65,21.719145590980293
2026-10-10,2,wk inc rsv hosp,2026-10-24,26,quantile,0.7,22.33682617017414
2026-10-10,2,wk inc rsv hosp,2026-10-24,26,quantile,0.75,23.665366704712774
2026-10-10,2,wk inc rsv hosp,2026-10-24,26,quantile,0.8,29.85377330151567
2026-10-10,2,wk inc rsv hosp,2026-10-24,26,quantile,0.85,33.90541583302161
2026-10-10,2,wk inc rsv hosp,2026-10-24,26,quantile,0.9,36.57787135214843
2026-10-10,2,wk inc rsv hosp,2026-10-24,26,quantile,0.95,42.26616860311936
2026-10-10,2,wk inc rsv hosp,2026-10-24,26,quantile,0.975,62.19220060226315
2026-10-10,2,wk inc rsv hosp,2026-10-24,26,quantile,0.99,88.05767538366652
2026-10-10,2,wk inc rsv hosp,2026-10-24,27,quantile,0.01,0.0
2026-10-10,2,wk inc rsv hosp,2026-10-24,27,quantile,0.025,0.0
2026-10-10,2,wk inc rsv hosp,2026-10-24,27,quantile,0.05,0.07571452201732136
2026-10-10,2,wk inc rsv hosp,2026-10-24,27,quantile,0.1,0.23118913061680915
2026-10-10,2,wk inc rsv hosp,2026-10-24,27,quantile,0.15,0.2616742778302284
2026-10-10,2,wk inc rsv hosp,2026-10-24,27,quantile,0.2,0.4938870376246256
2026-10-10,2,wk inc rsv hosp,2026-10-24,27,quantile,0.25,0.5454650514343066
2026-10-10,2,wk inc rsv hosp,2026-10-24,27,quantile,0.3,0.687685170546667
2026-10-10,2,wk inc rsv hosp,2026-10-24,27,quantile,0.35,1.066227843105675
2026-10-10,2,wk inc rsv hosp,2026-10-24,27,quantile,0.4,1.4417829433774298
2026-10-10,2,wk inc rsv hosp,2026-10-24,27,quantile,0.45,1.573386253113494
2026-10-10,2,wk inc rsv hosp,2026-10-24,27,quantile,0.5,1.7270523665494613
2026-10-10,2,wk inc rsv hosp,2026-10-24,27,quantile,0.55,1.9210248173399853
2026-10-10,2,wk inc rsv hosp,2026-10-24,27,quantile,0.6,2.080813096737009
2026-10-10,2,wk inc rsv hosp,2026-10-24,27,quantile,0.65,2.1961010407622843
2026-10-10,2,wk inc rsv hosp,2026-10-24,27,quantile,0.7,2.208355511627115
2026-10-10,2,wk inc rsv hosp,2026-10-24,27,quantile,0.75,2.2651236842753506
2026-10-10,2,wk inc rsv hosp,2026-10-24,27,quantile,0.8,2.6080600895973145
2026-10-10,2,wk inc rsv hosp,2026-10-24,27,quantile,0.85,3.3895708375434332
2026-10-10,2,wk inc rsv hosp,2026-10-24,27,quantile,0.9,4.58708115416119
2026-10-10,2,wk inc rsv hosp,2026-10-24,27,quantile,0.95,6.865852780302932
2026-10-10,2,wk inc rsv hosp,2026-10-24,27,quantile,0.975,7.7781248494689414
2026-10-10,2,wk inc rsv hosp,2026-10-24,27,quantile,0.99,8.384712483336816
2026-10-10,2,wk inc rsv hosp,2026-10-24,28,quantile,0.01,1.8743735151340157
2026-10-10,2,wk inc rsv hosp,2026-10-24,28,quantile,0.025,1.9357731151727637
2026-10-10,2,wk inc rsv hosp,2026-10-24,28,quantile,0.05,2.0569766703898766
2026-10-10,2,wk inc rsv hosp,2026-10-24,28,quantile,0.1,2.5925833690650224
2026-10-10,2,wk inc rsv hosp,2026-10-24,28,quantile,0.15,3.0952337694432064
2026-10-10,2,wk inc rsv hosp,2026-10-24,28,quantile,0.2,3.7637202074343765
2026-10-10,2,wk inc rsv hosp,2026-10-24,28,quantile,0.25,4.087144118043327
2026-10-10,2,wk inc rsv hosp,2026-10-24,28,quantile,0.3,4.90338310725529
2026-10-10,2,wk inc rsv hosp,2026-10-24,28,quantile,0.35,6.424854247622755
2026-10-10,2,wk inc rsv hosp,2026-10-24,28,quantile,0.4,6.938069571157646
2026-10-10,2,wk inc rsv hosp,2026-10-24,28,quantile,0.45,7.564236260580602
2026-10-10,2,wk inc rsv hosp,2026-10-24,28,quantile,0.5,7.7543014608237595
2026-10-10,2,wk inc rsv hosp,2026-10-24,28,quantile,0.55,8.214340179712327
2026-10-10,2,wk inc rsv hosp,2026-10-24,28,quantile,0.6,8.353428188429511
2026-10-10,2,wk inc rsv hosp,2026-10-24,28,quantile,0.65,9.224148486754359
2026-10-10,2,wk inc rsv hosp,2026-10-24,28,quantile,0.7,10.380971321109993
2026-10-10,2,wk inc rsv hosp,2026-10-24,28,quantile,0.75,11.663509165324337
2026-10-10,2,wk inc rsv hosp,2026-10-24,28,quantile,0.8,12.179865597527016
2026-10-10,2,wk inc rsv hosp,2026-10-24,28,quantile,0.85,14.035107662034886
2026-10-10,2,wk inc rsv hosp,2026-10-24,28,quantile,0.9,14.754384946345166
2026-10-10,2,wk inc rsv hosp,2026-10-24,28,quantile,0.95,18.611133617112195
2026-10-10,2,wk inc rsv hosp,2026-10-24,28,quantile,0.975,20.097168882532994
2026-10-10,2,wk inc rsv hosp,2026-10-24,28,quantile,0.99,20.30227673370123
2026-10-10,2,wk inc rsv hosp,2026-10-24,29,quantile,0.01,3.3151042449278307
2026-10-10,2,wk inc rsv hosp,2026-10-24,29,quantile,0.025,3.3991408431878614
2026-10-10,2,wk inc rsv hosp,2026-10-24,29,quantile,0.05,3.670561586615945
2026-10-10,2,wk inc rsv hosp,2026-10-24,29,quantile,0.1,4.357183499695454
2026-10-10,2,wk inc rsv hosp,2026-10-24,29,quantile,0.15,5.5809038196064265
2026-10-10,2,wk inc rsv hosp,2026-10-24,29,quantile,0.2,7.228746467239499
2026-10-10,2,wk inc rsv hosp,2026-10-24,29,quantile,0.25,7.693181074698444
2026-10-10,2,wk inc rsv hosp,2026-10-24,29,quantile,0.3,8.202490598684895
2026-10-10,2,wk inc rsv hosp,2026-10-24,29,quantile,0.35,8.945840930108789
2026-10-10,2,wk inc rsv hosp,2026-10-24,29,quantile,0.4,9.226403685625044
2026-10-10,2,wk inc rsv hosp,2026-10-24,29,quantile,0.45,10.269565946754048
2026-10-10,2,wk inc rsv hosp,2026-10-24,29,quantile,0.5,10.905520169036405
2026-10-10,2,wk inc rsv hosp,2026-10-24,29,quantile,0.55,11.415877885132772
2026-10-10,2,wk inc rsv hosp,2026-10-24,29,quantile,0.6,12.268209358663631
2026-10-10,2,wk inc rsv hosp,2026-10-24,29,quantile,0.65,12.408331841426707
2026-10-10,2,wk inc rsv hosp,2026-10-24,29,quantile,0.7,12.721600128588213
2026-10-10,2,wk inc rsv hosp,2026-10-24,29,quantile,0.75,13.210721236926332
2026-10-10,2,wk inc rsv hosp,2026-10-24,29,quantile,0.8,15.714237458509537
2026-10-10,2,wk inc rsv hosp,2026-10-24,29,quantile,0.85,17.567553181912597
2026-10-10,2,wk inc rsv hosp,2026-10-24,29,quantile,0.9,18.998962958849617
2026-10-10,2,wk inc rsv hosp,2026-10-24,29,quantile,0.95,30.504210795425642
2026-10-10,2,wk inc rsv hosp,2026-10-24,29,quantile,0.975,38.360244740079295
2026-10-10,2,wk inc rsv hosp,2026-10-24,29,quantile,0.99,41.3037078682921
2026-10-10,2,wk inc rsv hosp,2026-10-24,30,quantile,0.01,0.0
2026-10-10,2,wk inc rsv hosp,2026-10-24,30,quantile,0.025,0.0
2026-10-10,2,wk inc rsv hosp,2026-10-24,30,quantile,0.05,0.0
2026-10-10,2,wk inc rsv hosp,2026-10-24,30,quantile,0.1,0.0
2026-10-10,2,wk inc rsv hosp,2026-10-24,30,quantile,0.15,0.0
2026-10-10,2,wk inc rsv hosp,2026-10-24,30,quantile,0.2,0.0
2026-10-10,2,wk inc rsv hosp,2026-10-24,30,quantile,0.25,0.0
2026-10-10,2,wk inc rsv hosp,2026-10-24,30,quantile,0.3,0.0
2026-10-10,2,wk inc rsv hosp,2026-10-24,30,quantile,0.35,0.09417287362225896
2026-10-10,2,wk inc rsv hosp,2026-10-24,30,quantile,0.4,0.09994983673095703
2026-10-10,2,wk inc rsv hosp,2026-10-24,30,quantile,0.45,0.10985371729947754
2026-10-10,2,wk inc rsv hosp,2026-10-24,30,quantile,0.5,0.17484543261555785
2026-10-10,2,wk inc rsv hosp,2026-10-24,30,quantile,0.55,0.3832118858545852
2026-10-10,2,wk inc rsv hosp,2026-10-24,30,quantile,0.6,0.5557348190236626
2026-10-10,2,wk inc rsv hosp,2026-10-24,30,quantile,0.65,0.6270553031159094
2026-10-10,2,wk inc rsv hosp,2026-10-24,30,quantile,0.7,0.9496569888485832
2026-10-10,2,wk inc rsv hosp,2026-10-24,30,quantile,0.75,1.1676664303311162
2026-10-10,2,wk inc rsv hosp,2026-10-24,30,quantile,0.8,1.199899673461914
2026-10-10,2,wk inc rsv hosp,2026-10-24,30,quantile,0.85,1.2744173008322122
2026-10-10,2,wk inc rsv hosp,2026-10-24,30,quantile,0.9,1.5722896226792766
2026-10-10,2,wk inc rsv hosp,2026-10-24,30,quantile,0.95,1.8180193000763585
2026-10-10,2,wk inc rsv hosp,2026-10-24,30,quantile,0.975,2.1112707085065616
2026-10-10,2,wk inc rsv hosp,2026-10-24,30,quantile,0.99,2.3992362418587865
2026-10-10,2,wk inc rsv hosp,2026-10-24,31,quantile,0.01,0.0
2026-10-10,2,wk inc rsv hosp,2026-10-24,31,quantile,0.025,0.0
2026-10-10,2,wk inc rsv hosp,2026-10-24,31,quantile,0.05,0.08089006340427196
2026-10-10,2,wk inc rsv hosp,2026-10-24,31,quantile,0.1,0.7983203276536074
2026-10-10,2,wk inc rsv hosp,2026-10-24,31,quantile,0.15,0.8575313930787649
2026-10-10,2,wk inc rsv hosp,2026-10-24,31,quantile,0.2,1.007180151513306
2026-10-10,2,wk inc rsv hosp,2026-10-24,31,quantile,0.25,1.297612768198528
2026-10-10,2,wk inc rsv hosp,2026-10-24,31,quantile,0.3,1.4098569021824832
2026-10-10,2,wk inc rsv hosp,2026-10-24,31,quantile,0.35,1.6869553323728783
2026-10-10,2,wk inc rsv hosp,2026-10-24,31,quantile,0.4,1.8296262586614769
2026-10-10,2,wk inc rsv hosp,2026-10-24,31,quantile,0.45,1.9848372826993455
2026-10-10,2,wk inc rsv hosp,2026-10-24,31,quantile,0.5,2.2837388307006004
2026-10-10,2,wk inc rsv hosp,2026-10-24,31,quantile,0.55,2.4748453663486245
2026-10-10,2,wk inc rsv hosp,2026-10-24,31,quantile,0.6,2.572991407871129
2026-10-10,2,wk inc rsv hosp,2026-10-24,31,quantile,0.65,3.0253326757303896
2026-10-10,2,wk inc rsv hosp,2026-10-24,31,quantile,0.7,3.054673255968034
2026-10-10,2,wk inc rsv hosp,2026-10-24,31,quantile,0.75,3.1456661551705594
2026-10-10,2,wk inc rsv hosp,2026-10-24,31,quantile,0.8,3.6651267938699297
2026-10-10,2,wk inc rsv hosp,2026-10-24,31,quantile,0.85,3.8329124313242393
2026-10-10,2,wk inc rsv hosp,2026-10-24,31,quantile,0.9,4.401008140606677
2026-10-10,2,wk inc rsv hosp,2026-10-24,31,quantile,0.95,6.7369740344986555
2026-10-10,2,wk inc rsv hosp,2026-10-24,31,quantile,0.975,8.155678913825001
2026-10-10,2,wk inc rsv hosp,2026-10-24,31,quantile,0.99,8.888501958201852
2026-10-10,2,wk inc rsv hosp,2026-10-24,32,quantile,0.01,0.0
2026-10-10,2,wk inc rsv hosp,2026-10-24,32,quantile,0.025,0.0
2026-10-10,2,wk inc rsv hosp,2026-10-24,32,quantile,0.05,0.0
2026-10-10,2,wk inc rsv hosp,2026-10-24,32,quantile,0.1,0.0
2026-10-10,2,wk inc rsv hosp,2026-10-24,32,quantile,0.15,0.05317869813897668
2026-10-10,2,wk inc rsv hosp,2026-10-24,32,quantile,0.2,0.13157514873837337
2026-10-10,2,wk inc rsv hosp,2026-10-24,32,quantile,0.25,0.8799624792028684
2026-10-10,2,wk inc rsv hosp,2026-10-24,32,quantile,0.3,1.0602585510039024
2026-10-10,2,wk inc rsv hosp,2026-10-24,32,quantile,0.35,1.7335679550629024
2026-10-10,2,wk inc rsv hosp,2026-10-24,32,quantile,0.4,2.0982197492092265
2026-10-10,2,wk inc rsv hosp,2026-10-24,32,quantile,0.45,2.2066853841341456
2026-10-10,2,wk inc rsv hosp,2026-10-24,32,quantile,0.5,2.5679466722444455
2026-10-10,2,wk inc rsv hosp,2026-10-24,32,quantile,0.55,2.6844181847211095
2026-10-10,2,wk inc rsv hosp,2026-10-24,32,quantile,0.6,2.7541979097304634
2026-10-10,2,wk inc rsv hosp,2026-10-24,32,quantile,0.65,2.9261881098505156
2026-10-10,2,wk inc rsv hosp,2026-10-24,32,quantile,0.7,3.444735460049422
2026-10-10,2,wk inc rsv hosp,2026-10-24,32,quantile,0.75,3.515589582778877
2026-10-10,2,wk inc rsv hosp,2026-10-24,32,quantile,0.8,3.7742969086377522
2026-10-10,2,wk inc rsv hosp,2026-10-24,32,quantile,0.85,4.325942720727685
2026-10-10,2,wk inc rsv hosp,2026-10-24,32,quantile,0.9,6.75621923132843
2026-10-10,2,wk inc rsv hosp,2026-10-24,32,quantile,0.95,10.591750946754022
2026-10-10,2,wk inc rsv hosp,2026-10-24,32,quantile,0.975,12.984516796035809
2026-10-10,2,wk inc rsv hosp,2026-10-24,32,quantile,0.99,14.661179122865104
2026-10-10,2,wk inc rsv hosp,2026-10-24,33,quantile,0.01,0.0
2026-10-10,2,wk inc rsv hosp,2026-10-24,33,quantile,0.025,0.0
2026-10-10,2,wk inc rsv hosp,2026-10-24,33,quantile,0.05,0.09492356246632899
2026-10-10,2,wk inc rsv hosp,2026-10-24,33,quantile,0.1,0.3832162632561232
2026-10-10,2,wk inc rsv hosp,2026-10-24,33,quantile,0.15,0.9949415861437797
2026-10-10,2,wk inc rsv hosp,2026-10-24,33,quantile,0.2,1.1125239520917845
2026-10-10,2,wk inc rsv hosp,2026-10-24,33,quantile,0.25,1.2775527714205417
2026-10-10,2,wk inc rsv hosp,2026-10-24,33,quantile,0.3,1.331619459327134
2026-10-10,2,wk inc rsv hosp,2026-10-24,33,quantile,0.35,1.486814484462764
2026-10-10,2,wk inc rsv hosp,2026-10-24,33,quantile,0.4,1.9944732010055801
2026-10-10,2,wk inc rsv hosp,2026-10-24,33,quantile,0.45,2.5223393988522935
2026-10-10,2,wk inc rsv hosp,2026-10-24,33,quantile,0.5,2.766347077645372
2026-10-10,2,wk inc rsv hosp,2026-10-24,33,quantile,0.55,2.7749791712788325
2026-10-10,2,wk inc rsv hosp,2026-10-24,33,quantile,0.6,3.377647573419596
2026-10-10,2,wk inc rsv hosp,2026-10-24,33,quantile,0.65,3.5410700780679094
2026-10-10,2,wk inc rsv hosp,2026-10-24,33,quantile,0.7,3.6843177546208636
2026-10-10,2,wk inc rsv hosp,2026-10-24,33,quantile,0.75,3.9398863384984133
2026-10-10,2,wk inc rsv hosp,2026-10-24,33,quantile,0.8,4.084532790103174
2026-10-10,2,wk inc rsv hosp,2026-10-24,33,quantile,0.85,5.06209978704669
2026-10-10,2,wk inc rsv hosp,2026-10-24,33,quantile,0.9,5.6152478268780115
2026-10-10,2,wk inc rsv hosp,2026-10-24,33,quantile,0.95,6.840114345554601
2026-10-10,2,wk inc rsv hosp,2026-10-24,33,quantile,0.975,7.537398370401636
2026-10-10,2,wk inc rsv hosp,2026-10-24,33,quantile,0.99,7.995837205638782
2026-10-10,2,wk inc rsv hosp,2026-10-24,34,quantile,0.01,9.172216582896635
2026-10-10,2,wk inc rsv hosp,2026-10-24,34,quantile,0.025,10.327985473544405
2026-10-10,2,wk inc rsv hosp,2026-10-24,34,quantile,0.05,12.115748564950367
2026-10-10,2,wk inc rsv hosp,2026-10-24,34,quantile,0.1,13.85097877160538
2026-10-10,2,wk inc rsv hosp,2026-10-24,34,quantile,0.15,14.38909440422736
2026-10-10,2,wk inc rsv hosp,2026-10-24,34,quantile,0.2,16.703668774577082
2026-10-10,2,wk inc rsv hosp,2026-10-24,34,quantile,0.25,17.368796283623382
2026-10-10,2,wk inc rsv hosp,2026-10-24,34,quantile,0.3,18.07478957396095
2026-10-10,2,wk inc rsv hosp,2026-10-24,34,quantile,0.35,19.638517823116466
2026-10-10,2,wk inc rsv hosp,2026-10-24,34,quantile,0.4,21.491126107885393
2026-10-10,2,wk inc rsv hosp,2026-10-24,34,quantile,0.45,22.30829063624593
2026-10-10,2,wk inc rsv hosp,2026-10-24,34,quantile,0.5,23.413756136839844
2026-10-10,2,wk inc rsv hosp,2026-10-24,34,quantile,0.55,24.003360772304394
2026-10-10,2,wk inc rsv hosp,2026-10-24,34,quantile,0.6,25.432004803330102
2026-10-10,2,wk inc rsv hosp,2026-10-24,34,quantile,0.65,25.940755358809252
2026-10-10,2,wk inc rsv hosp,2026-10-24,34,quantile,0.7,27.176484008423955
2026-10-10,2,wk inc rsv hosp,2026-10-24,34,quantile,0.75,29.584335011901842
2026-10-10,2,wk inc rsv hosp,2026-10-24,34,quantile,0.8,32.82542838109764
2026-10-10,2,wk inc rsv hosp,2026-10-24,34,quantile,0.85,36.562739334623544
2026-10-10,2,wk inc rsv hosp,2026-10-24,34,quantile,0.9,44.34687040235685
2026-10-10,2,wk inc rsv hosp,2026-10-24,34,quantile,0.95,49.50127113518801
2026-10-10,2,wk inc rsv hosp,2026-10-24,34,quantile,0.975,59.88404007569492
2026-10-10,2,wk inc rsv hosp,2026-10-24,34,quantile,0.99,72.28191281507581
2026-10-10,2,wk inc rsv hosp,2026-10-24,35,quantile,0.01,0.7319985778939613
2026-10-10,2,wk inc rsv hosp,2026-10-24,35,quantile,0.025,1.0436266490057984
2026-10-10,2,wk inc rsv hosp,2026-10-24,35,quantile,0.05,1.4907003627778395
2026-10-10,2,wk inc rsv hosp,2026-10-24,35,quantile,0.1,1.8446045692652064
2026-10-10,2,wk inc rsv hosp,2026-10-24,35,quantile,0.15,2.0475020372058554
2026-10-10,2,wk inc rsv hosp,2026-10-24,35,quantile,0.2,2.216440691168005
2026-10-10,2,wk inc rsv hosp,2026-10-24,35,quantile,0.25,2.4826388829023203
2026-10-10,2,wk inc rsv hosp,2026-10-24,35,quantile,0.3,2.635235317122387
2026-10-10,2,wk inc rsv hosp,2026-10-24,35,quantile,0.35,2.6942390995237826
2026-10-10,2,wk inc rsv hosp,2026-10-24,35,quantile,0.4,2.831011631783915
2026-10-10,2,wk inc rsv hosp,2026-10-24,35,quantile,0.45,2.9531074332122
2026-10-10,2,wk inc rsv hosp,2026-10-24,35,quantile,0.5,3.098252467383172
2026-10-10,2,wk inc rsv hosp,2026-10-24,35,quantile,0.55,3.2069634261323254
2026-10-10,2,wk inc rsv hosp,2026-10-24,35,quantile,0.6,3.349692711913724
2026-10-10,2,wk inc rsv hosp,2026-10-24,35,quantile,0.65,3.5308029819428497
2026-10-10,2,wk inc rsv hosp,2026-10-24,35,quantile,0.7,3.9945520675282666
2026-10-10,2,wk inc rsv hosp,2026-10-24,35,quantile,0.75,4.982689859422164
2026-10-10,2,wk inc rsv hosp,2026-10-24,35,quantile,0.8,5.815534482084311
2026-10-10,2,wk inc rsv hosp,2026-10-24,35,quantile,0.85,6.183186813286481
2026-10-10,2,wk inc rsv hosp,2026-10-24,35,quantile,0.9,7.133230503598943
2026-10-10,2,wk inc rsv hosp,2026-10-24,35,quantile,0.95,7.6603209614117596
2026-10-10,2,wk inc rsv hosp,2026-10-24,35,quantile,0.975,8.633267450610948
2026-10-10,2,wk inc rsv hosp,2026-10-24,35,quantile,0.99,9.535590906745272
2026-10-10,2,wk inc rsv hosp,2026-10-24,36,quantile,0.01,36.73395611543891
2026-10-10,2,wk inc rsv hosp,2026-10-24,36,quantile,0.025,37.978245509524015
2026-10-10,2,wk inc rsv hosp,2026-10-24,36,quantile,0.05,40.25646984284408
2026-10-10,2,wk inc rsv hosp,2026-10-24,36,quantile,0.1,44.2202762693279
2026-10-10,2,wk inc rsv hosp,2026-10-24,36,quantile,0.15,45.66876925905815
2026-10-10,2,wk inc rsv hosp,2026-10-24,36,quantile,0.2,49.598209750111934
2026-10-10,2,wk inc rsv hosp,2026-10-24,36,quantile,0.25,49.99538985758249
2026-10-10,2,wk inc rsv hosp,2026-10-24,36,quantile,0.3,50.227616793267465
2026-10-10,2,wk inc rsv hosp,2026-10-24,36,quantile,0.35,50.53459399865577
2026-10-10,2,wk inc rsv hosp,2026-10-24,36,quantile,0.4,51.70025640709934
2026-10-10,2,wk inc rsv hosp,2026-10-24,36,quantile,0.45,56.2063065572018
2026-10-10,2,wk inc rsv hosp,2026-10-24,36,quantile,0.5,58.721177827054234
2026-10-10,2,wk inc rsv hosp,2026-10-24,36,quantile,0.55,61.59253518716368
2026-10-10,2,wk inc rsv hosp,2026-10-24,36,quantile,0.6,62.467830102894034
2026-10-10,2,wk inc rsv hosp,2026-10-24,36,quantile,0.65,64.01308613897065
2026-10-10,2,wk inc rsv hosp,2026-10-24,36,quantile,0.7,66.80909943270133
2026-10-10,2,wk inc rsv hosp,2026-10-24,36,quantile,0.75,67.70720844126832
2026-10-10,2,wk inc rsv hosp,2026-10-24,36,quantile,0.8,68.77491918802353
2026-10-10,2,wk inc rsv hosp,2026-10-24,36,quantile,0.85,77.1850211116519
2026-10-10,2,wk inc rsv hosp,2026-10-24,36,quantile,0.9,86.67361171742279
2026-10-10,2,wk inc rsv hosp,2026-10-24,36,quantile,0.95,87.56000566248875
2026-10-10,2,wk inc rsv hosp,2026-10-24,36,quantile,0.975,135.47557009313667
2026-10-10,2,wk inc rsv hosp,2026-10-24,36,quantile,0.99,209.170060775241
2026-10-10,2,wk inc rsv hosp,2026-10-24,37,quantile,0.01,12.739414139806975
2026-10-10,2,wk inc rsv hosp,2026-10-24,37,quantile,0.025,12.751803377954118
2026-10-10,2,wk inc rsv hosp,2026-10-24,37,quantile,0.05,13.161382182089485
2026-10-10,2,wk inc rsv hosp,2026-10-24,37,quantile,0.1,14.540031944740372
2026-10-10,2,wk inc rsv hosp,2026-10-24,37,quantile,0.15,15.066456527828665
2026-10-10,2,wk inc rsv hosp,2026-10-24,37,quantile,0.2,19.3068637909829
2026-10-10,2,wk inc rsv hosp,2026-10-24,37,quantile,0.25,22.28748506046235
2026-10-10,2,wk inc rsv hosp,2026-10-24,37,quantile,0.3,27.229968384478603
2026-10-10,2,wk inc rsv hosp,2026-10-24,37,quantile,0.35,28.076279964072974
2026-10-10,2,wk inc rsv hosp,2026-10-24,37,quantile,0.4,31.515724522425806
2026-10-10,2,wk inc rsv hosp,2026-10-24,37,quantile,0.45,36.2075233169404
2026-10-10,2,wk inc rsv hosp,2026-10-24,37,quantile,0.5,38.22741736451665
2026-10-10,2,wk inc rsv hosp,2026-10-24,37,quantile,0.55,40.11944002739793
2026-10-10,2,wk inc rsv hosp,2026-10-24,37,quantile,0.6,43.315182126718796
2026-10-10,2,wk inc rsv hosp,2026-10-24,37,quantile,0.65,45.54755601793119
2026-10-10,2,wk inc rsv hosp,2026-10-24,37,quantile,0.7,46.62592668728299
2026-10-10,2,wk inc rsv hosp,2026-10-24,37,quantile,0.75,50.32492857465192
2026-10-10,2,wk inc rsv hosp,2026-10-24,37,quantile,0.8,54.48713522813024
2026-10-10,2,wk inc rsv hosp,2026-10-24,37,quantile,0.85,58.9988572482103
2026-10-10,2,wk inc rsv hosp,2026-10-24,37,quantile,0.9,67.31807149278319
2026-10-10,2,wk inc rsv hosp,2026-10-24,37,quantile,0.95,86.28707150902319
2026-10-10,2,wk inc rsv hosp,2026-10-24,37,quantile,0.975,103.88621389079907
2026-10-10,2,wk inc rsv hosp,2026-10-24,37,quantile,0.99,119.42362875140583
2026-10-10,2,wk inc rsv hosp,2026-10-24,38,quantile,0.01,0.0
2026-10-10,2,wk inc rsv hosp,2026-10-24,38,quantile,0.025,0.0
2026-10-10,2,wk inc rsv hosp,2026-10-24,38,quantile,0.05,0.0
2026-10-10,2,wk inc rsv hosp,2026-10-24,38,quantile,0.1,0.0
2026-10-10,2,wk inc rsv hosp,2026-10-24,38,quantile,0.15,0.0
2026-10-10,2,wk inc rsv hosp,2026-10-24,38,quantile,0.2,0.0
2026-10-10,2,wk inc rsv hosp,2026-10-24,38,quantile,0.25,0.0
2026-10-10,2,wk inc rsv hosp,2026-10-24,38,quantile,0.3,0.0
2026-10-10,2,wk inc rsv hosp,2026-10-24,38,quantile,0.35,0.0
2026-10-10,2,wk inc rsv hosp,2026-10-24,38,quantile,0.4,0.0
2026-10-10,2,wk inc rsv hosp,2026-10-24,38,quantile,0.45,0.02470406965006113
2026-10-10,2,wk inc rsv hosp,2026-10-24,38,quantile,0.5,0.0440229249560065
2026-10-10,2,wk inc rsv hosp,2026-10-24,38,quantile,0.55,0.13535615495817782
2026-10-10,2,wk inc rsv hosp,2026-10-24,38,quantile,0.6,0.22550714585638956
2026-10-10,2,wk inc rsv hosp,2026-10-24,38,quantile,0.65,0.25603933391886197
2026-10-10,2,wk inc rsv hosp,2026-10-24,38,quantile,0.7,0.2822112838453786
2026-10-10,2,wk inc rsv hosp,2026-10-24,38,quantile,0.75,0.3185218311930505
2026-10-10,2,wk inc rsv hosp,2026-10-24,38,quantile,0.8,0.36489140234975975
2026-10-10,2,wk inc rsv hosp,2026-10-24,38,quantile,0.85,0.45237057112432616
2026-10-10,2,wk inc rsv hosp,2026-10-24,38,quantile,0.9,0.5414225503881833
2026-10-10,2,wk inc rsv hosp,2026-10-24,38,quantile,0.95,0.7359406948955948
2026-10-10,2,wk inc rsv hosp,2026-10-24,38,quantile,0.975,0.8189373109608883
2026-10-10,2,wk inc rsv hosp,2026-10-24,38,quantile,0.99,0.851177067017619
2026-10-10,2,wk inc rsv hosp,2026-10-24,39,quantile,0.01,3.7029830318561237
2026-10-10,2,wk inc rsv hosp,2026-10-24,39,quantile,0.025,3.7875261320566027
2026-10-10,2,wk inc rsv hosp,2026-10-24,39,quantile,0.05,3.8979864462508322
2026-10-10,2,wk inc rsv hosp,2026-10-24,39,quantile,0.1,4.509850153732211
2026-10-10,2,wk inc rsv hosp,2026-10-24,39,quantile,0.15,6.168274086639143
2026-10-10,2,wk inc rsv hosp,2026-10-24,39,quantile,0.2,8.018793403501581
2026-10-10,2,wk inc rsv hosp,2026-10-24,39,quantile,0.25,10.325836764690866
2026-10-10,2,wk inc rsv hosp,2026-10-24,39,quantile,0.3,11.177251362894877
2026-10-10,2,wk inc rsv hosp,2026-10-24,39,quantile,0.35,12.400508420486096
2026-10-10,2,wk inc rsv hosp,2026-10-24,39,quantile,0.4,12.846729864111799
2026-10-10,2,wk inc rsv hosp,2026-10-24,39,quantile,0.45,13.56466001766627
2026-10-10,2,wk inc rsv hosp,2026-10-24,39,quantile,0.5,14.961481687585273
2026-10-10,2,wk inc rsv hosp,2026-10-24,39,quantile,0.55,16.30804687251666
2026-10-10,2,wk inc rsv hosp,2026-10-24,39,quantile,0.6,18.936449936387504
2026-10-10,2,wk inc rsv hosp,2026-10-24,39,quantile,0.65,21.072985876750593
2026-10-10,2,wk inc rsv hosp,2026-10-24,39,quantile,0.7,26.77361506701058
2026-10-10,2,wk inc rsv hosp,2026-10-24,39,quantile,0.75,28.994829305448604
2026-10-10,2,wk inc rsv hosp,2026-10-24,39,quantile,0.8,31.179439867720216
2026-10-10,2,wk inc rsv hosp,2026-10-24,39,quantile,0.85,34.82442137191552
2026-10-10,2,wk inc rsv hosp,2026-10-24,39,quantile,0.9,37.60417285960402
2026-10-10,2,wk inc rsv hosp,2026-10-24,39,quantile,0.95,56.44269805823704
2026-10-10,2,wk inc rsv hosp,2026-10-24,39,quantile,0.975,68.23989451406935
2026-10-10,2,wk inc rsv hosp,2026-10-24,39,quantile,0.99,73.85711773869339
2026-10-10,2,wk inc rsv hosp,2026-10-24,40,quantile,0.01,0.04478097375695807
2026-10-10,2,wk inc rsv hosp,2026-10-24,40,quantile,0.025,0.05533032940047821
2026-10-10,2,wk inc rsv hosp,2026-10-24,40,quantile,0.05,0.08629983586959226
2026-10-10,2,wk inc rsv hosp,2026-10-24,40,quantile,0.1,0.2023973727959491
2026-10-10,2,wk inc rsv hosp,2026-10-24,40,quantile,0.15,0.32055358817279833
2026-10-10,2,wk inc rsv hosp,2026-10-24,40,quantile,0.2,0.6143705007000633
2026-10-10,2,wk inc rsv hosp,2026-10-24,40,quantile,0.25,0.7913554163011524
2026-10-10,2,wk inc rsv hosp,2026-10-24,40,quantile,0.3,0.9709028507060454
2026-10-10,2,wk inc rsv hosp,2026-10-24,40,quantile,0.35,1.2512606198023466
2026-10-10,2,wk inc rsv hosp,2026-10-24,40,quantile,0.4,1.6713451278242766
2026-10-10,2,wk inc rsv hosp,2026-10-24,40,quantile,0.45,1.8508010165704933
2026-10-10,2,wk inc rsv hosp,2026-10-24,40,quantile,0.5,2.068419304995576
2026-10-10,2,wk inc rsv hosp,2026-10-24,40,quantile,0.55,2.2389225418458087
2026-10-10,2,wk inc rsv hosp,2026-10-24,40,quantile,0.6,2.3057261567347362
2026-10-10,2,wk inc rsv hosp,2026-10-24,40,quantile,0.65,2.6802514905478585
2026-10-10,2,wk inc rsv hosp,2026-10-24,40,quantile,0.7,2.9329054277207827
2026-10-10,2,wk inc rsv hosp,2026-10-24,40,quantile,0.75,3.2040929945552072
2026-10-10,2,wk inc rsv hosp,2026-10-24,40,quantile,0.8,3.4060029354594197
2026-10-10,2,wk inc rsv hosp,2026-10-24,40,quantile,0.85,3.7011706833890905
2026-10-10,2,wk inc rsv hosp,2026-10-24,40,quantile,0.9,3.928311866581887
2026-10-10,2,wk inc rsv hosp,2026-10-24,40,quantile,0.95,4.520614241442972
2026-10-10,2,wk inc rsv hosp,2026-10-24,40,quantile,0.975,7.373506564784385
2026-10-10,2,wk inc rsv hosp,2026-10-24,40,quantile,0.99,11.31143470251601
2026-10-10,2,wk inc rsv hosp,2026-10-24,41,quantile,0.01,0.40085076375936823
2026-10-10,2,wk inc rsv hosp,2026-10-24,41,quantile,0.025,0.40390144727070965
2026-10-10,2,wk inc rsv hosp,2026-10-24,41,quantile,0.05,0.43849855810094945
2026-10-10,2,wk inc rsv hosp,2026-10-24,41,quantile,0.1,0.5649087665518839
2026-10-10,2,wk inc rsv hosp,2026-10-24,41,quantile,0.15,0.9221357895039785
2026-10-10,2,wk inc rsv hosp,2026-10-24,41,quantile,0.2,1.226446275270662
2026-10-10,2,wk inc rsv hosp,2026-10-24,41,quantile,0.25,1.557177033832982
2026-10-10,2,wk inc rsv hosp,2026-10-24,41,quantile,0.3,1.634828727844264
2026-10-10,2,wk inc rsv hosp,2026-10-24,41,quantile,0.35,1.6790119092139772
2026-10-10,2,wk inc rsv hosp,2026-10-24,41,quantile,0.4,2.0904970560814675
2026-10-10,2,wk inc rsv hosp,2026-10-24,41,quantile,0.45,2.304785265378897
2026-10-10,2,wk inc rsv hosp,2026-10-24,41,quantile,0.5,2.493864729301931
2026-10-10,2,wk inc rsv hosp,2026-10-24,41,quantile,0.55,2.6481489173577955
2026-10-10,2,wk inc rsv hosp,2026-10-24,41,quantile,0.6,3.1834222007932587
2026-10-10,2,wk inc rsv hosp,2026-10-24,41,quantile,0.65,3.4357936138281318
2026-10-10,2,wk inc rsv hosp,2026-10-24,41,quantile,0.7,3.985675330779914
2026-10-10,2,wk inc rsv hosp,2026-10-24,41,quantile,0.75,5.252757670146329
2026-10-10,2,wk inc rsv hosp,2026-10-24,41,quantile,0.8,5.747953414916991
2026-10-10,2,wk inc rsv hosp,2026-10-24,41,quantile,0.85,7.349441684930116
2026-10-10,2,wk inc rsv hosp,2026-10-24,41,quantile,0.9,9.917475917703502
2026-10-10,2,wk inc rsv hosp,2026-10-24,41,quantile,0.95,11.926940090842471
2026-10-10,2,wk inc rsv hosp,2026-10-24,41,quantile,0.975,13.177107391208196
2026-10-10,2,wk inc rsv hosp,2026-10-24,41,quantile,0.99,13.892691281592256
2026-10-10,2,wk inc rsv hosp,2026-10-24,42,quantile,0.01,39.5335353789294
2026-10-10,2,wk inc rsv hosp,2026-10-24,42,quantile,0.025,40.18550658000489
2026-10-10,2,wk inc rsv hosp,2026-10-24,42,quantile,0.05,42.403177077992844
2026-10-10,2,wk inc rsv hosp,2026-10-24,42,quantile,0.1,50.32991695508187
2026-10-10,2,wk inc rsv hosp,2026-10-24,42,quantile,0.15,57.61458854770895
2026-10-10,2,wk inc rsv hosp,2026-10-24,42,quantile,0.2,60.72136649421647
2026-10-10,2,wk inc rsv hosp,2026-10-24,42,quantile,0.25,62.7266592080533
2026-10-10,2,wk inc rsv hosp,2026-10-24,42,quantile,0.3,65.488072008125
2026-10-10,2,wk inc rsv hosp,2026-10-24,42,quantile,0.35,65.96200873404075
2026-10-10,2,wk inc rsv hosp,2026-10-24,42,quantile,0.4,67.87002926143568
2026-10-10,2,wk inc rsv hosp,2026-10-24,42,quantile,0.45,68.42673859995013
2026-10-10,2,wk inc rsv hosp,2026-10-24,42,quantile,0.5,70.58545291404107
2026-10-10,2,wk inc rsv hosp,2026-10-24,42,quantile,0.55,72.18965622584548
2026-10-10,2,wk inc rsv hosp,2026-10-24,42,quantile,0.6,72.8807147617193
2026-10-10,2,wk inc rsv hosp,2026-10-24,42,quantile,0.65,76.36663902835384
2026-10-10,2,wk inc rsv hosp,2026-10-24,42,quantile,0.7,82.41350422069112
2026-10-10,2,wk inc rsv hosp,2026-10-24,42,quantile,0.75,84.74700912344443
2026-10-10,2,wk inc rsv hosp,2026-10-24,42,quantile,0.8,85.723442875351
2026-10-10,2,wk inc rsv hosp,2026-10-24,42,quantile,0.85,86.99755327346324
2026-10-10,2,wk inc rsv hosp,2026-10-24,42,quantile,0.9,90.12636805711196
2026-10-10,2,wk inc rsv hosp,2026-10-24,42,quantile,0.95,98.63388238527712
2026-10-10,2,wk inc rsv hosp,2026-10-24,42,quantile,0.975,104.7124426193134
2026-10-10,2,wk inc rsv hosp,2026-10-24,42,quantile,0.99,107.961316139307
2026-10-10,2,wk inc rsv hosp,2026-10-24,44,quantile,0.01,0.5248035043213866
2026-10-10,2,wk inc rsv hosp,2026-10-24,44,quantile,0.025,0.617313094436518
2026-10-10,2,wk inc rsv hosp,2026-10-24,44,quantile,0.05,0.7779850115345037
2026-10-10,2,wk inc rsv hosp,2026-10-24,44,quantile,0.1,1.1198534639985103
2026-10-10,2,wk inc rsv hosp,2026-10-24,44,quantile,0.15,1.510674974180894
2026-10-10,2,wk inc rsv hosp,2026-10-24,44,quantile,0.2,1.715090190724747
2026-10-10,2,wk inc rsv hosp,2026-10-24,44,quantile,0.25,2.548814172961058
2026-10-10,2,wk inc rsv hosp,2026-10-24,44,quantile,0.3,2.66575794499803
2026-10-10,2,wk inc rsv hosp,2026-10-24,44,quantile,0.35,2.760672728706529
2026-10-10,2,wk inc rsv hosp,2026-10-24,44,quantile,0.4,3.6365714032707115
2026-10-10,2,wk inc rsv hosp,2026-10-24,44,quantile,0.45,3.7145919653679065
2026-10-10,2,wk inc rsv hosp,2026-10-24,44,quantile,0.5,4.086358538706687
2026-10-10,2,wk inc rsv hosp,2026-10-24,44,quantile,0.55,4.6590662709817705
2026-10-10,2,wk inc rsv hosp,2026-10-24,44,quantile,0.6,5.500723448608369
2026-10-10,2,wk inc rsv hosp,2026-10-24,44,quantile,0.65,5.603476945201441
2026-10-10,2,wk inc rsv hosp,2026-10-24,44,quantile,0.7,5.792554673645878
2026-10-10,2,wk inc rsv hosp,2026-10-24,44,quantile,0.75,5.88442997581472
2026-10-10,2,wk inc rsv hosp,2026-10-24,44,quantile,0.8,6.138145976141865
2026-10-10,2,wk inc rsv hosp,2026-10-24,44,quantile,0.85,6.300187782685981
2026-10-10,2,wk inc rsv hosp,2026-10-24,44,quantile,0.9,6.427240227807337
2026-10-10,2,wk inc rsv hosp,2026-10-24,44,quantile,0.95,8.892716577337174
2026-10-10,2,wk inc rsv hosp,2026-10-24,44,quantile,0.975,10.015071253504933
2026-10-10,2,wk inc rsv hosp,2026-10-24,44,quantile,0.99,10.200570950611096
2026-10-10,2,wk inc rsv hosp,2026-10-24,45,quantile,0.01,5.324401757688352
2026-10-10,2,wk inc rsv hosp,2026-10-24,45,quantile,0.025,5.83917258749658
2026-10-10,2,wk inc rsv hosp,2026-10-24,45,quantile,0.05,6.435051791001105
2026-10-10,2,wk inc rsv hosp,2026-10-24,45,quantile,0.1,7.933589391488225
2026-10-10,2,wk inc rsv hosp,2026-10-24,45,quantile,0.15,11.261305154739707
2026-10-10,2,wk inc rsv hosp,2026-10-24,45,quantile,0.2,12.268925865700702
2026-10-10,2,wk inc rsv hosp,2026-10-24,45,quantile,0.25,14.148807299628627
2026-10-10,2,wk inc rsv hosp,2026-10-24,45,quantile,0.3,14.246504110711033
2026-10-10,2,wk inc rsv hosp,2026-10-24,45,quantile,0.35,17.478266877049467
2026-10-10,2,wk inc rsv hosp,2026-10-24,45,quantile,0.4,18.792804144907617
2026-10-10,2,wk inc rsv hosp,2026-10-24,45,quantile,0.45,19.797104989928222
2026-10-10,2,wk inc rsv hosp,2026-10-24,45,quantile,0.5,21.369537291553243
2026-10-10,2,wk inc rsv hosp,2026-10-24,45,quantile,0.55,22.683668663718343
2026-10-10,2,wk inc rsv hosp,2026-10-24,45,quantile,0.6,23.586223322165935
2026-10-10,2,wk inc rsv hosp,2026-10-24,45,quantile,0.65,24.426863250894307
2026-10-10,2,wk inc rsv hosp,2026-10-24,45,quantile,0.7,27.2134521109573
2026-10-10,2,wk inc rsv hosp,2026-10-24,45,quantile,0.75,28.665240893831623
2026-10-10,2,wk inc rsv hosp,2026-10-24,45,quantile,0.8,29.062548087171116
2026-10-10,2,wk inc rsv hosp,2026-10-24,45,quantile,0.85,29.115382087074266
2026-10-10,2,wk inc rsv hosp,2026-10-24,45,quantile,0.9,39.16898335663407
2026-10-10,2,wk inc rsv hosp,2026-10-24,45,quantile,0.95,56.47421592428453
2026-10-10,2,wk inc rsv hosp,2026-10-24,45,quantile,0.975,64.87955776983107
2026-10-10,2,wk inc rsv hosp,2026-10-24,45,quantile,0.99,72.65809264984787
2026-10-10,2,wk inc rsv hosp,2026-10-24,46,quantile,0.01,0.0
2026-10-10,2,wk inc rsv hosp,2026-10-24,46,quantile,0.025,0.0003346149588722025
2026-10-10,2,wk inc rsv hosp,2026-10-24,46,quantile,0.05,0.17930413299360148
2026-10-10,2,wk inc rsv hosp,2026-10-24,46,quantile,0.1,0.37089498888594385
2026-10-10,2,wk inc rsv hosp,2026-10-24,46,quantile,0.15,0.5523525561039325
2026-10-10,2,wk inc rsv hosp,2026-10-24,46,quantile,0.2,0.7290899392013297
2026-10-10,2,wk inc rsv hosp,2026-10-24,46,quantile,0.25,0.7937539681139443
2026-10-10,2,wk inc rsv hosp,2026-10-24,46,quantile,0.3,0.9427959151518001
2026-10-10,2,wk inc rsv hosp,2026-10-24,46,quantile,0.35,1.150345437798253
2026-10-10,2,wk inc rsv hosp,2026-10-24,46,quantile,0.4,1.3018779598949726
2026-10-10,2,wk inc rsv hosp,2026-10-24,46,quantile,0.45,1.3412683710747948
2026-10-10,2,wk inc rsv hosp,2026-10-24,46,quantile,0.5,1.4407068925238393
2026-10-10,2,wk inc rsv hosp,2026-10-24,46,quantile,0.55,1.539951914467822
2026-10-10,2,wk inc rsv hosp,2026-10-24,46,quantile,0.6,1.5913271638800133
2026-10-10,2,wk inc rsv hosp,2026-10-24,46,quantile,0.65,1.7565428233378744
2026-10-10,2,wk inc rsv hosp,2026-10-24,46,quantile,0.7,1.7742549404084553
2026-10-10,2,wk inc rsv hosp,2026-10-24,46,quantile,0.75,2.084010315921307
2026-10-10,2,wk inc rsv hosp,2026-10-24,46,quantile,0.8,2.37135465880886
2026-10-10,2,wk inc rsv hosp,2026-10-24,46,quantile,0.85,2.690653346491901
2026-10-10,2,wk inc rsv hosp,2026-10-24,46,quantile,0.9,3.1519133483420045
2026-10-10,2,wk inc rsv hosp,2026-10-24,46,quantile,0.95,4.161975736897004
2026-10-10,2,wk inc rsv hosp,2026-10-24,46,quantile,0.975,4.751408778524317
2026-10-10,2,wk inc rsv hosp,2026-10-24,46,quantile,0.99,5.124997667091004
2026-10-10,2,wk inc rsv hosp,2026-10-24,47,quantile,0.01,5.758927119697655
2026-10-10,2,wk inc rsv hosp,2026-10-24,47,quantile,0.025,7.531151849071216
2026-10-10,2,wk inc rsv hosp,2026-10-24,47,quantile,0.05,9.796346719746653
2026-10-10,2,wk inc rsv hosp,2026-10-24,47,quantile,0.1,9.902179860976696
2026-10-10,2,wk inc rsv hosp,2026-10-24,47,quantile,0.15,10.0438390012146
2026-10-10,2,wk inc rsv hosp,2026-10-24,47,quantile,0.2,10.31690041924622
2026-10-10,2,wk inc rsv hosp,2026-10-24,47,quantile,0.25,11.233673065773374
2026-10-10,2,wk inc rsv hosp,2026-10-24,47,quantile,0.3,14.02787495863091
2026-10-10,2,wk inc rsv hosp,2026-10-24,47,quantile,0.35,14.670415314875596
2026-10-10,2,wk inc rsv hosp,2026-10-24,47,quantile,0.4,14.790997282232112
2026-10-10,2,wk inc rsv hosp,2026-10-24,47,quantile,0.45,16.37191205019108
2026-10-10,2,wk inc rsv hosp,2026-10-24,47,quantile,0.5,17.882207726263356
2026-10-10,2,wk inc rsv hosp,2026-10-24,47,quantile,0.55,18.19414016888975
2026-10-10,2,wk inc rsv hosp,2026-10-24,47,quantile,0.6,20.109198747842278
2026-10-10,2,wk inc rsv hosp,2026-10-24,47,quantile,0.65,21.62760902077105
2026-10-10,2,wk inc rsv hosp,2026-10-24,47,quantile,0.7,23.296259551859613
2026-10-10,2,wk inc rsv hosp,2026-10-24,47,quantile,0.75,25.23219593662504
2026-10-10,2,wk inc rsv hosp,2026-10-24,47,quantile,0.8,28.785011757498065
2026-10-10,2,wk inc rsv hosp,2026-10-24,47,quantile,0.85,35.235318702195435
2026-10-10,2,wk inc rsv hosp,2026-10-24,47,quantile,0.9,40.251733918328796
2026-10-10,2,wk inc rsv hosp,2026-10-24,47,quantile,0.95,45.18870562051879
2026-10-10,2,wk inc rsv hosp,2026-10-24,47,quantile,0.975,50.28183245685798
2026-10-10,2,wk inc rsv hosp,2026-10-24,47,quantile,0.99,54.987792891218646
2026-10-10,2,wk inc rsv hosp,2026-10-24,48,quantile,0.01,50.813806158318435
2026-10-10,2,wk inc rsv hosp,2026-10-24,48,quantile,0.025,56.053523831367656
2026-10-10,2,wk inc rsv hosp,2026-10-24,48,quantile,0.05,62.65586180994652
2026-10-10,2,wk inc rsv hosp,2026-10-24,48,quantile,0.1,70.32223212728671
2026-10-10,2,wk inc rsv hosp,2026-10-24,48,quantile,0.15,77.44775244493519
2026-10-10,2,wk inc rsv hosp,2026-10-24,48,quantile,0.2,78.38586055586383
2026-10-10,2,wk inc rsv hosp,2026-10-24,48,quantile,0.25,79.65202644410257
2026-10-10,2,wk inc rsv hosp,2026-10-24,48,quantile,0.3,90.36394184779381
2026-10-10,2,wk inc rsv hosp,2026-10-24,48,quantile,0.35,112.82829019126696
2026-10-10,2,wk inc rsv hosp,2026-10-24,48,quantile,0.4,118.34949810991588
2026-10-10,2,wk inc rsv hosp,2026-10-24,48,quantile,0.45,122.9760850682933
2026-10-10,2,wk inc rsv hosp,2026-10-24,48,quantile,0.5,128.53271741804008
2026-10-10,2,wk inc rsv hosp,2026-10-24,48,quantile,0.55,132.0088110516067
2026-10-10,2,wk inc rsv hosp,2026-10-24,48,quantile,0.6,145.79721440213373
2026-10-10,2,wk inc rsv hosp,2026-10-24,48,quantile,0.65,150.52550932319954
2026-10-10,2,wk inc rsv hosp,2026-10-24,48,quantile,0.7,154.70699986693774
2026-10-10,2,wk inc rsv hosp,2026-10-24,48,quantile,0.75,156.77003373166892
2026-10-10,2,wk inc rsv hosp,2026-10-24,48,quantile,0.8,159.97497245630237
2026-10-10,2,wk inc rsv hosp,2026-10-24,48,quantile,0.85,167.39442807224845
2026-10-10,2,wk inc rsv hosp,2026-10-24,48,quantile,0.9,221.68369714059702
2026-10-10,2,wk inc rsv hosp,2026-10-24,48,quantile,0.95,279.9868345656103
2026-10-10,2,wk inc rsv hosp,2026-10-24,48,quantile,0.975,290.2668040888158
2026-10-10,2,wk inc rsv hosp,2026-10-24,48,quantile,0.99,298.2719422226553
2026-10-10,2,wk inc rsv hosp,2026-10-24,49,quantile,0.01,0.0
2026-10-10,2,wk inc rsv hosp,2026-10-24,49,quantile,0.025,0.0
2026-10-10,2,wk inc rsv hosp,2026-10-24,49,quantile,0.05,0.0
2026-10-10,2,wk inc rsv hosp,2026-10-24,49,quantile,0.1,0.08437300076410507
2026-10-10,2,wk inc rsv hosp,2026-10-24,49,quantile,0.15,0.6125303860721414
2026-10-10,2,wk inc rsv hosp,2026-10-24,49,quantile,0.2,1.000773447908113
2026-10-10,2,wk inc rsv hosp,2026-10-24,49,quantile,0.25,1.0522905269139469
2026-10-10,2,wk inc rsv hosp,2026-10-24,49,quantile,0.3,1.2881165967408854
2026-10-10,2,wk inc rsv hosp,2026-10-24,49,quantile,0.35,1.4867238922929937
2026-10-10,2,wk inc rsv hosp,2026-10-24,49,quantile,0.4,1.847013537740334
2026-10-10,2,wk inc rsv hosp,2026-10-24,49,quantile,0.45,1.9893950357439838
2026-10-10,2,wk inc rsv hosp,2026-10-24,49,quantile,0.5,2.360036849975586
2026-10-10,2,wk inc rsv hosp,2026-10-24,49,quantile,0.55,2.436111509864972
2026-10-10,2,wk inc rsv hosp,2026-10-24,49,quantile,0.6,2.9515240390664106
2026-10-10,2,wk inc rsv hosp,2026-10-24,49,quantile,0.65,3.1004386695421795
2026-10-10,2,wk inc rsv hosp,2026-10-24,49,quantile,0.7,3.3486293489234273
2026-10-10,2,wk inc rsv hosp,2026-10-24,49,quantile,0.75,4.127180430211061
2026-10-10,2,wk inc rsv hosp,2026-10-24,49,quantile,0.8,5.720073699951172
2026-10-10,2,wk inc rsv hosp,2026-10-24,49,quantile,0.85,9.080110549926756
2026-10-10,2,wk inc rsv hosp,2026-10-24,49,quantile,0.9,11.009929032302392
2026-10-10,2,wk inc rsv hosp,2026-10-24,49,quantile,0.95,33.93477526864448
2026-10-10,2,wk inc rsv hosp,2026-10-24,49,quantile,0.975,47.273444086964815
2026-10-10,2,wk inc rsv hosp,2026-10-24,49,quantile,0.99,48.538687224181764
2026-10-10,2,wk inc rsv hosp,2026-10-24,50,quantile,0.01,0.0
2026-10-10,2,wk inc rsv hosp,2026-10-24,50,quantile,0.025,0.0
2026-10-10,2,wk inc rsv hosp,2026-10-24,50,quantile,0.05,0.0
2026-10-10,2,wk inc rsv hosp,2026-10-24,50,quantile,0.1,0.0
2026-10-10,2,wk inc rsv hosp,2026-10-24,50,quantile,0.15,0.0
2026-10-10,2,wk inc rsv hosp,2026-10-24,50,quantile,0.2,0.0
2026-10-10,2,wk inc rsv hosp,2026-10-24,50,quantile,0.25,0.1346789809332598
2026-10-10,2,wk inc rsv hosp,2026-10-24,50,quantile,0.3,0.161847910164179
2026-10-10,2,wk inc rsv hosp,2026-10-24,50,quantile,0.35,0.17544331098399435
2026-10-10,2,wk inc rsv hosp,2026-10-24,50,quantile,0.4,0.21770954132080078
2026-10-10,2,wk inc rsv hosp,2026-10-24,50,quantile,0.45,0.21770954132080078
2026-10-10,2,wk inc rsv hosp,2026-10-24,50,quantile,0.5,0.3091430917050991
2026-10-10,2,wk inc rsv hosp,2026-10-24,50,quantile,0.55,0.4408992414438231
2026-10-10,2,wk inc rsv hosp,2026-10-24,50,quantile,0.6,0.5490780517724659
2026-10-10,2,wk inc rsv hosp,2026-10-24,50,quantile,0.65,0.5987923285907795
2026-10-10,2,wk inc rsv hosp,2026-10-24,50,quantile,0.7,0.7857266593245825
2026-10-10,2,wk inc rsv hosp,2026-10-24,50,quantile,0.75,1.0472176686342753
2026-10-10,2,wk inc rsv hosp,2026-10-24,50,quantile,0.8,1.171060931781818
2026-10-10,2,wk inc rsv hosp,2026-10-24,50,quantile,0.85,1.374986672417206
2026-10-10,2,wk inc rsv hosp,2026-10-24,50,quantile,0.9,1.4070929110838977
2026-10-10,2,wk inc rsv hosp,2026-10-24,50,quantile,0.95,2.3962291134302958
2026-10-10,2,wk inc rsv hosp,2026-10-24,50,quantile,0.975,2.9872018041311086
2026-10-10,2,wk inc rsv hosp,2026-10-24,50,quantile,0.99,3.189848906160431
2026-10-10,2,wk inc rsv hosp,2026-10-24,51,quantile,0.01,5.923851718809563
2026-10-10,2,wk inc rsv hosp,2026-10-24,51,quantile,0.025,6.014098662646463
2026-10-10,2,wk inc rsv hosp,2026-10-24,51,quantile,0.05,6.140115040965893
2026-10-10,2,wk inc rsv hosp,2026-10-24,51,quantile,0.1,6.69648059871983
2026-10-10,2,wk inc rsv hosp,2026-10-24,51,quantile,0.15,7.225883530115609
2026-10-10,2,wk inc rsv hosp,2026-10-24,51,quantile,0.2,7.892858277444525
2026-10-10,2,wk inc rsv hosp,2026-10-24,51,quantile,0.25,10.25959507773354
2026-10-10,2,wk inc rsv hosp,2026-10-24,51,quantile,0.3,10.550398196336902
2026-10-10,2,wk inc rsv hosp,2026-10-24,51,quantile,0.35,11.645043066366481
2026-10-10,2,wk inc rsv hosp,2026-10-24,51,quantile,0.4,12.755544715094107
2026-10-10,2,wk inc rsv hosp,2026-10-24,51,quantile,0.45,13.175819322941832
2026-10-10,2,wk inc rsv hosp,2026-10-24,51,quantile,0.5,14.11085871017704
2026-10-10,2,wk inc rsv hosp,2026-10-24,51,quantile,0.55,15.983813969938804
2026-10-10,2,wk inc rsv hosp,2026-10-24,51,quantile,0.6,21.21040321855409
2026-10-10,2,wk inc rsv hosp,2026-10-24,51,quantile,0.65,21.558572641656184
2026-10-10,2,wk inc rsv hosp,2026-10-24,51,quantile,0.7,22.39176636642592
2026-10-10,2,wk inc rsv hosp,2026-10-24,51,quantile,0.75,22.821187113783033
2026-10-10,2,wk inc rsv hosp,2026-10-24,51,quantile,0.8,22.935176334850468
2026-10-10,2,wk inc rsv hosp,2026-10-24,51,quantile,0.85,27.592830906958827
2026-10-10,2,wk inc rsv hosp,2026-10-24,51,quantile,0.9,33.39501569863214
2026-10-10,2,wk inc rsv hosp,2026-10-24,51,quantile,0.95,36.819849069428585
2026-10-10,2,wk inc rsv hosp,2026-10-24,51,quantile,0.975,40.65060452371938
2026-10-10,2,wk inc rsv hosp,2026-10-24,51,quantile,0.99,44.224403880288534
2026-10-10,2,wk inc rsv hosp,2026-10-24,53,quantile,0.01,2.597711723305126
2026-10-10,2,wk inc rsv hosp,2026-10-24,53,quantile,0.025,3.3251683424357883
2026-10-10,2,wk inc rsv hosp,2026-10-24,53,quantile,0.05,4.28587881687133
2026-10-10,2,wk inc rsv hosp,2026-10-24,53,quantile,0.1,4.612068551395565
2026-10-10,2,wk inc rsv hosp,2026-10-24,53,quantile,0.15,4.806526545835799
2026-10-10,2,wk inc rsv hosp,2026-10-24,53,quantile,0.2,4.868882286964949
2026-10-10,2,wk inc rsv hosp,2026-10-24,53,quantile,0.25,5.441749560868853
2026-10-10,2,wk inc rsv hosp,2026-10-24,53,quantile,0.3,6.1151200980491005
2026-10-10,2,wk inc rsv hosp,2026-10-24,53,quantile,0.35,6.887141899739863
2026-10-10,2,wk inc rsv hosp,2026-10-24,53,quantile,0.4,7.1065653722819295
2026-10-10,2,wk inc rsv hosp,2026-10-24,53,quantile,0.45,7.501466063527675
2026-10-10,2,wk inc rsv hosp,2026-10-24,53,quantile,0.5,7.597735017506034
2026-10-10,2,wk inc rsv hosp,2026-10-24,53,quantile,0.55,7.641174051843175
2026-10-10,2,wk inc rsv hosp,2026-10-24,53,quantile,0.6,7.990987361144655
2026-10-10,2,wk inc rsv hosp,2026-10-24,53,quantile,0.65,8.79831898775905
2026-10-10,2,wk inc rsv hosp,2026-10-24,53,quantile,0.7,9.569984308870552
2026-10-10,2,wk inc rsv hosp,2026-10-24,53,quantile,0.75,10.394430784280178
2026-10-10,2,wk inc rsv hosp,2026-10-24,53,quantile,0.8,10.78491191136408
2026-10-10,2,wk inc rsv hosp,2026-10-24,53,quantile,0.85,11.271933763031441
2026-10-10,2,wk inc rsv hosp,2026-10-24,53,quantile,0.9,12.068563430815932
2026-10-10,2,wk inc rsv hosp,2026-10-24,53,quantile,0.95,13.384285109244914
2026-10-10,2,wk inc rsv hosp,2026-10-24,53,quantile,0.975,14.27152973391443
2026-10-10,2,wk inc rsv hosp,2026-10-24,53,quantile,0.99,14.731624710846885
2026-10-10,2,wk inc rsv hosp,2026-10-24,54,quantile,0.01,0.027703667178545447
2026-10-10,2,wk inc rsv hosp,2026-10-24,54,quantile,0.025,0.05971886039649528
2026-10-10,2,wk inc rsv hosp,2026-10-24,54,quantile,0.05,0.27231591359471036
2026-10-10,2,wk inc rsv hosp,2026-10-24,54,quantile,0.1,1.1868478319263671
2026-10-10,2,wk inc rsv hosp,2026-10-24,54,quantile,0.15,1.487160446449157
2026-10-10,2,wk inc rsv hosp,2026-10-24,54,quantile,0.2,1.623360105770912
2026-10-10,2,wk inc rsv hosp,2026-10-24,54,quantile,0.25,1.8281538918972746
2026-10-10,2,wk inc rsv hosp,2026-10-24,54,quantile,0.3,1.912933265089747
2026-10-10,2,wk inc rsv hosp,2026-10-24,54,quantile,0.35,1.918888723659038
2026-10-10,2,wk inc rsv hosp,2026-10-24,54,quantile,0.4,1.9892157786626694
2026-10-10,2,wk inc rsv hosp,2026-10-24,54,quantile,0.45,2.086576890735302
2026-10-10,2,wk inc rsv hosp,2026-10-24,54,quantile,0.5,2.409540328205482
2026-10-10,2,wk inc rsv hosp,2026-10-24,54,quantile,0.55,2.681160490904034
2026-10-10,2,wk inc rsv hosp,2026-10-24,54,quantile,0.6,2.9508131130216575
2026-10-10,2,wk inc rsv hosp,2026-10-24,54,quantile,0.65,3.08081652312175
2026-10-10,2,wk inc rsv hosp,2026-10-24,54,quantile,0.7,3.3581202841810986
2026-10-10,2,wk inc rsv hosp,2026-10-24,54,quantile,0.75,3.726893936675799
2026-10-10,2,wk inc rsv hosp,2026-10-24,54,quantile,0.8,3.872422092012415
2026-10-10,2,wk inc rsv hosp,2026-10-24,54,quantile,0.85,4.025997388931618
2026-10-10,2,wk inc rsv hosp,2026-10-24,54,quantile,0.9,4.3359147123072574
2026-10-10,2,wk inc rsv hosp,2026-10-24,54,quantile,0.95,4.685788491475483
2026-10-10,2,wk inc rsv hosp,2026-10-24,54,quantile,0.975,5.035121573672571
2026-10-10,2,wk inc rsv hosp,2026-10-24,54,quantile,0.99,5.3918118453601735
2026-10-10,2,wk inc rsv hosp,2026-10-24,55,quantile,0.01,3.172979713905889
2026-10-10,2,wk inc rsv hosp,2026-10-24,55,quantile,0.025,3.618814754049989
2026-10-10,2,wk inc rsv hosp,2026-10-24,55,quantile,0.05,4.151318970848112
2026-10-10,2,wk inc rsv hosp,2026-10-24,55,quantile,0.1,4.365888537189103
2026-10-10,2,wk inc rsv hosp,2026-10-24,55,quantile,0.15,4.816672134277717
2026-10-10,2,wk inc rsv hosp,2026-10-24,55,quantile,0.2,5.44233548306892
2026-10-10,2,wk inc rsv hosp,2026-10-24,55,quantile,0.25,6.265528804348551
2026-10-10,2,wk inc rsv hosp,2026-10-24,55,quantile,0.3,6.806866505396831
2026-10-10,2,wk inc rsv hosp,2026-10-24,55,quantile,0.35,7.339837805859741
2026-10-10,2,wk inc rsv hosp,2026-10-24,55,quantile,0.4,8.993726442757636
2026-10-10,2,wk inc rsv hosp,2026-10-24,55,quantile,0.45,9.586722157346461
2026-10-10,2,wk inc rsv hosp,2026-10-24,55,quantile,0.5,9.834320980069013
2026-10-10,2,wk inc rsv hosp,2026-10-24,55,quantile,0.55,10.066189894818315
2026-10-10,2,wk inc rsv hosp,2026-10-24,55,quantile,0.6,10.25587248057442
2026-10-10,2,wk inc rsv hosp,2026-10-24,55,quantile,0.65,10.65416291281613
2026-10-10,2,wk inc rsv hosp,2026-10-24,55,quantile,0.7,11.061892036314594
2026-10-10,2,wk inc rsv hosp,2026-10-24,55,quantile,0.75,11.812014832764257
2026-10-10,2,wk inc rsv hosp,2026-10-24,55,quantile,0.8,12.6481963005148
2026-10-10,2,wk inc rsv hosp,2026-10-24,55,quantile,0.85,13.206337895974396
2026-10-10,2,wk inc rsv hosp,2026-10-24,55,quantile,0.9,13.854763766571246
2026-10-10,2,wk inc rsv hosp,2026-10-24,55,quantile,0.95,21.46857293254763
2026-10-10,2,wk inc rsv hosp,2026-10-24,55,quantile,0.975,34.05836002878933
2026-10-10,2,wk inc rsv hosp,2026-10-24,55,quantile,0.99,47.17069265439048
2026-10-10,2,wk inc rsv hosp,2026-10-24,56,quantile,0.01,0.0
2026-10-10,2,wk inc rsv hosp,2026-10-24,56,quantile,0.025,0.0
2026-10-10,2,wk inc rsv hosp,2026-10-24,56,quantile,0.05,0.0
2026-10-10,2,wk inc rsv hosp,2026-10-24,56,quantile,0.1,0.0
2026-10-10,2,wk inc rsv hosp,2026-10-24,56,quantile,0.15,0.0
2026-10-10,2,wk inc rsv hosp,2026-10-24,56,quantile,0.2,0.0
2026-10-10,2,wk inc rsv hosp,2026-10-24,56,quantile,0.25,0.0
2026-10-10,2,wk inc rsv hosp,2026-10-24,56,quantile,0.3,0.0
2026-10-10,2,wk inc rsv hosp,2026-10-24,56,quantile,0.35,0.0
2026-10-10,2,wk inc rsv hosp,2026-10-24,56,quantile,0.4,0.0
2026-10-10,2,wk inc rsv hosp,2026-10-24,56,quantile,0.45,0.0
2026-10-10,2,wk inc rsv hosp,2026-10-24,56,quantile,0.5,0.004639939926280004
2026-10-10,2,wk inc rsv hosp,2026-10-24,56,quantile,0.55,0.05952835344686998
2026-10-10,2,wk inc rsv hosp,2026-10-24,56,quantile,0.6,0.0953532155490528
2026-10-10,2,wk inc rsv hosp,2026-10-24,56,quantile,0.65,0.12209027047903438
2026-10-10,2,wk inc rsv hosp,2026-10-24,56,quantile,0.7,0.18995956408313214
2026-10-10,2,wk inc rsv hosp,2026-10-24,56,quantile,0.75,0.25957234665126233
2026-10-10,2,wk inc rsv hosp,2026-10-24,56,quantile,0.8,0.3436097125074056
2026-10-10,2,wk inc rsv hosp,2026-10-24,56,quantile,0.85,0.362890027610959
2026-10-10,2,wk inc rsv hosp,2026-10-24,56,quantile,0.9,0.4974555419425577
2026-10-10,2,wk inc rsv hosp,2026-10-24,56,quantile,0.95,0.7316361615318452
2026-10-10,2,wk inc rsv hosp,2026-10-24,56,quantile,0.975,1.0995614562152043
2026-10-10,2,wk inc rsv hosp,2026-10-24,56,quantile,0.99,1.4809626493636843
2026-10-10,2,wk inc rsv hosp,2026-10-24,72,quantile,0.01,5.618875813141745
2026-10-10,2,wk inc rsv hosp,2026-10-24,72,quantile,0.025,6.743078528064322
2026-10-10,2,wk inc rsv hosp,2026-10-24,72,quantile,0.05,8.24328231629473
2026-10-10,2,wk inc rsv hosp,2026-10-24,72,quantile,0.1,10.002234775579794
2026-10-10,2,wk inc rsv hosp,2026-10-24,72,quantile,0.15,14.058791150855223
2026-10-10,2,wk inc rsv hosp,2026-10-24,72,quantile,0.2,16.37120211312373
2026-10-10,2,wk inc rsv hosp,2026-10-24,72,quantile,0.25,16.601397924106344
2026-10-10,2,wk inc rsv hosp,2026-10-24,72,quantile,0.3,17.252853726994744
2026-10-10,2,wk inc rsv hosp,2026-10-24,72,quantile,0.35,18.12435876439494
2026-10-10,2,wk inc rsv hosp,2026-10-24,72,quantile,0.4,18.81965769400669
2026-10-10,2,wk inc rsv hosp,2026-10-24,72,quantile,0.45,20.77629942591326
2026-10-10,2,wk inc rsv hosp,2026-10-24,72,quantile,0.5,24.509608122662133
2026-10-10,2,wk inc rsv hosp,2026-10-24,72,quantile,0.55,27.933808536787037
2026-10-10,2,wk inc rsv hosp,2026-10-24,72,quantile,0.6,30.287773100327207
2026-10-10,2,wk inc rsv hosp,2026-10-24,72,quantile,0.65,32.85118277646524
2026-10-10,2,wk inc rsv hosp,2026-10-24,72,quantile,0.7,34.93533540937328
2026-10-10,2,wk inc rsv hosp,2026-10-24,72,quantile,0.75,37.639309667825344
2026-10-10,2,wk inc rsv hosp,2026-10-24,72,quantile,0.8,39.59001276907639
2026-10-10,2,wk inc rsv hosp,2026-10-24,72,quantile,0.85,50.64561776355933
2026-10-10,2,wk inc rsv hosp,2026-10-24,72,quantile,0.9,66.83616145790734
2026-10-10,2,wk inc rsv hosp,2026-10-24,72,quantile,0.95,71.52373046371622
2026-10-10,2,wk inc rsv hosp,2026-10-24,72,quantile,0.975,81.8954386843414
2026-10-10,2,wk inc rsv hosp,2026-10-24,72,quantile,0.99,92.37048571476038
2026-10-10,2,wk inc rsv hosp,2026-10-24,US,quantile,0.01,478.16213415665686
2026-10-10,2,wk inc rsv hosp,2026-10-24,US,quantile,0.025,509.7750535767385
2026-10-10,2,wk inc rsv hosp,2026-10-24,US,quantile,0.05,547.6329397367339
2026-10-10,2,wk inc rsv hosp,2026-10-24,US,quantile,0.1,586.5800988911514
2026-10-10,2,wk inc rsv hosp,2026-10-24,US,quantile,0.15,626.1673875967521
2026-10-10,2,wk inc rsv hosp,2026-10-24,US,quantile,0.2,649.2682808032915
2026-10-10,2,wk inc rsv hosp,2026-10-24,US,quantile,0.25,682.5833912118098
2026-10-10,2,wk inc rsv hosp,2026-10-24,US,quantile,0.3,730.952837225914
2026-10-10,2,wk inc rsv hosp,2026-10-24,US,quantile,0.35,745.8845503400082
2026-10-10,2,wk inc rsv hosp,2026-10-24,US,quantile,0.4,751.8451853010695
2026-10-10,2,wk inc rsv hosp,2026-10-24,US,quantile,0.45,766.0714293164597
2026-10-10,2,wk inc rsv hosp,2026-10-24,US,quantile,0.5,774.7861855337358
2026-10-10,2,wk inc rsv hosp,2026-10-24,US,quantile,0.55,796.4959311666685
2026-10-10,2,wk inc rsv hosp,2026-10-24,US,quantile,0.6,890.498616743592
2026-10-10,2,wk inc rsv hosp,2026-10-24,US,quantile,0.65,896.9420298648108
2026-10-10,2,wk inc rsv hosp,2026-10-24,US,quantile,0.7,945.0142054658315
2026-10-10,2,wk inc rsv hosp,2026-10-24,US,quantile,0.75,992.6676229450518
2026-10-10,2,wk inc rsv hosp,2026-10-24,US,quantile,0.8,1007.896607318974
2026-10-10,2,wk inc rsv hosp,2026-10-24,US,quantile,0.85,1089.9094556699206
2026-10-10,2,wk inc rsv hosp,2026-10-24,US,quantile,0.9,1187.4984425562673
2026-10-10,2,wk inc rsv hosp,2026-10-24,US,quantile,0.95,1352.6156694252977
2026-10-10,2,wk inc rsv hosp,2026-10-24,US,quantile,0.975,1432.0726820858981
2026-10-10,2,wk inc rsv hosp,2026-10-24,US,quantile,0.99,1471.592334988772
2026-10-10,3,wk inc rsv hosp,2026-10-31,01,quantile,0.01,11.585181613687533
2026-10-10,3,wk inc rsv hosp,2026-10-31,01,quantile,0.025,11.646967761231771
2026-10-10,3,wk inc rsv hosp,2026-10-31,01,quantile,0.05,13.182769281560088
2026-10-10,3,wk inc rsv hosp,2026-10-31,01,quantile,0.1,19.123200663448863
2026-10-10,3,wk inc rsv hosp,2026-10-31,01,quantile,0.15,20.328267391657956
2026-10-10,3,wk inc rsv hosp,2026-10-31,01,quantile,0.2,20.602186585753184
2026-10-10,3,wk inc rsv hosp,2026-10-31,01,quantile,0.25,23.530324971166714
2026-10-10,3,wk inc rsv hosp,2026-10-31,01,quantile,0.3,24.073355250987937
2026-10-10,3,wk inc rsv hosp,2026-10-31,01,quantile,0.35,24.812354136315573
2026-10-10,3,wk inc rsv hosp,2026-10-31,01,quantile,0.4,27.81243668011576
2026-10-10,3,wk inc rsv hosp,2026-10-31,01,quantile,0.45,31.677438492779874
2026-10-10,3,wk inc rsv hosp,2026-10-31,01,quantile,0.5,32.15551830217877
2026-10-10,3,wk inc rsv hosp,2026-10-31,01,quantile,0.55,33.90255050490648
2026-10-10,3,wk inc rsv hosp,2026-10-31,01,quantile,0.6,34.794594533123814
2026-10-10,3,wk inc rsv hosp,2026-10-31,01,quantile,0.65,35.626049413750316
2026-10-10,3,wk inc rsv hosp,2026-10-31,01,quantile,0.7,37.22756136818251
2026-10-10,3,wk inc rsv hosp,2026-10-31,01,quantile,0.75,39.57985627537312
2026-10-10,3,wk inc rsv hosp,2026-10-31,01,quantile,0.8,42.92304184351717
2026-10-10,3,wk inc rsv hosp,2026-10-31,01,quantile,0.85,45.35153409572028
2026-10-10,3,wk inc rsv hosp,2026-10-31,01,quantile,0.9,51.45348316310776
2026-10-10,3,wk inc rsv hosp,2026-10-31,01,quantile,0.95,56.93499334081314
2026-10-10,3,wk inc rsv hosp,2026-10-31,01,quantile,0.975,59.65722691386414
2026-10-10,3,wk inc rsv hosp,2026-10-31,01,quantile,0.99,61.040906650708465
2026-10-10,3,wk inc rsv hosp,2026-10-31,02,quantile,0.01,0.20230231533542034
2026-10-10,3,wk inc rsv hosp,2026-10-31,02,quantile,0.025,0.5805125361975095
2026-10-10,3,wk inc rsv hosp,2026-10-31,02,quantile,0.05,1.095021053016409
2026-10-10,3,wk inc rsv hosp,2026-10-31,02,quantile,0.1,1.2763530588586622
2026-10-10,3,wk inc rsv hosp,2026-10-31,02,quantile,0.15,1.5146174809951898
2026-10-10,3,wk inc rsv hosp,2026-10-31,02,quantile,0.2,1.5829564276438863
2026-10-10,3,wk inc rsv hosp,2026-10-31,02,quantile,0.25,1.613544181001413
2026-10-10,3,wk inc rsv hosp,2026-10-31,02,quantile,0.3,1.6508349897636596
2026-10-10,3,wk inc rsv hosp,2026-10-31,02,quantile,0.35,1.73803450363795
2026-10-10,3,wk inc rsv hosp,2026-10-31,02,quantile,0.4,2.3229288882731955
2026-10-10,3,wk inc rsv hosp,2026-10-31,02,quantile,0.45,2.535890676215929
2026-10-10,3,wk inc rsv hosp,2026-10-31,02,quantile,0.5,2.8059115435742825
2026-10-10,3,wk inc rsv hosp,2026-10-31,02,quantile,0.55,2.8466348246601068
2026-10-10,3,wk inc rsv hosp,2026-10-31,02,quantile,0.6,3.0370968959722893
2026-10-10,3,wk inc rsv hosp,2026-10-31,02,quantile,0.65,3.2719295926920626
2026-10-10,3,wk inc rsv hosp,2026-10-31,02,quantile,0.7,3.6552890035066956
2026-10-10,3,wk inc rsv hosp,2026-10-31,02,quantile,0.75,4.821266555972711
2026-10-10,3,wk inc rsv hosp,2026-10-31,02,quantile,0.8,5.251659345357257
2026-10-10,3,wk inc rsv hosp,2026-10-31,02,quantile,0.85,5.649702752933872
2026-10-10,3,wk inc rsv hosp,2026-10-31,02,quantile,0.9,5.820102118505487
2026-10-10,3,wk inc rsv hosp,2026-10-31,02,quantile,0.95,6.142708448378617
2026-10-10,3,wk inc rsv hosp,2026-10-31,02,quantile,0.975,7.215630093436572
2026-10-10,3,wk inc rsv hosp,2026-10-31,02,quantile,0.99,8.31641867973041
2026-10-10,3,wk inc rsv hosp,2026-10-31,04,quantile,0.01,4.492463783753452
2026-10-10,3,wk inc rsv hosp,2026-10-31,04,quantile,0.025,5.280535784000475
2026-10-10,3,wk inc rsv hosp,2026-10-31,04,quantile,0.05,6.646156428360565
2026-10-10,3,wk inc rsv hosp,2026-10-31,04,quantile,0.1,8.61851024537066
2026-10-10,3,wk inc rsv hosp,2026-10-31,04,quantile,0.15,9.319376517735353
2026-10-10,3,wk inc rsv hosp,2026-10-31,04,quantile,0.2,9.492783441663452
2026-10-10,3,wk inc rsv hosp,2026-10-31,04,quantile,0.25,12.372429876225022
2026-10-10,3,wk inc rsv hosp,2026-10-31,04,quantile,0.3,13.764382770513087
2026-10-10,3,wk inc rsv hosp,2026-10-31,04,quantile,0.35,15.966513713001161
2026-10-10,3,wk inc rsv hosp,2026-10-31,04,quantile,0.4,16.827833162394338
2026-10-10,3,wk inc rsv hosp,2026-10-31,04,quantile,0.45,17.75116202569877
2026-10-10,3,wk inc rsv hosp,2026-10-31,04,quantile,0.5,19.16385973854243
2026-10-10,3,wk inc rsv hosp,2026-10-31,04,quantile,0.55,21.18767682520781
2026-10-10,3,wk inc rsv hosp,2026-10-31,04,quantile,0.6,22.19475322740702
2026-10-10,3,wk inc rsv hosp,2026-10-31,04,quantile,0.65,23.220054620650718
2026-10-10,3,wk inc rsv hosp,2026-10-31,04,quantile,0.7,26.667892535516433
2026-10-10,3,wk inc rsv hosp,2026-10-31,04,quantile,0.75,30.45653915405273
2026-10-10,3,wk inc rsv hosp,2026-10-31,04,quantile,0.8,31.562991303078498
2026-10-10,3,wk inc rsv hosp,2026-10-31,04,quantile,0.85,33.5634124534708
2026-10-10,3,wk inc rsv hosp,2026-10-31,04,quantile,0.9,41.21325490516038
2026-10-10,3,wk inc rsv hosp,2026-10-31,04,quantile,0.95,46.18480873107909
2026-10-10,3,wk inc rsv hosp,2026-10-31,04,quantile,0.975,51.55986307413968
2026-10-10,3,wk inc rsv hosp,2026-10-31,04,quantile,0.99,57.54721637459381
2026-10-10,3,wk inc rsv hosp,2026-10-31,05,quantile,0.01,3.8936365567301423
2026-10-10,3,wk inc rsv hosp,2026-10-31,05,quantile,0.025,4.580686892217809
2026-10-10,3,wk inc rsv hosp,2026-10-31,05,quantile,0.05,5.773763994186091
2026-10-10,3,wk inc rsv hosp,2026-10-31,05,quantile,0.1,7.526040069261966
2026-10-10,3,wk inc rsv hosp,2026-10-31,05,quantile,0.15,8.163219687676513
2026-10-10,3,wk inc rsv hosp,2026-10-31,05,quantile,0.2,9.09784102546454
2026-10-10,3,wk inc rsv hosp,2026-10-31,05,quantile,0.25,9.630315511063781
2026-10-10,3,wk inc rsv hosp,2026-10-31,05,quantile,0.3,9.830474397522465
2026-10-10,3,wk inc rsv hosp,2026-10-31,05,quantile,0.35,10.250618493598784
2026-10-10,3,wk inc rsv hosp,2026-10-31,05,quantile,0.4,10.389653059604488
2026-10-10,3,wk inc rsv hosp,2026-10-31,05,quantile,0.45,10.556542578749305
2026-10-10,3,wk inc rsv hosp,2026-10-31,05,quantile,0.5,11.130306864856276
2026-10-10,3,wk inc rsv hosp,2026-10-31,05,quantile,0.55,11.405048933336452
2026-10-10,3,wk inc rsv hosp,2026-10-31,05,quantile,0.6,11.584969249832973
2026-10-10,3,wk inc rsv hosp,2026-10-31,05,quantile,0.65,11.646709339578624
2026-10-10,3,wk inc rsv hosp,2026-10-31,05,quantile,0.7,11.946693732345357
2026-10-10,3,wk inc rsv hosp,2026-10-31,05,quantile,0.75,12.272554969104338
2026-10-10,3,wk inc rsv hosp,2026-10-31,05,quantile,0.8,12.586295295962515
2026-10-10,3,wk inc rsv hosp,2026-10-31,05,quantile,0.85,13.185341361825063
2026-10-10,3,wk inc rsv hosp,2026-10-31,05,quantile,0.9,14.570356585496896
2026-10-10,3,wk inc rsv hosp,2026-10-31,05,quantile,0.95,16.41921088813666
2026-10-10,3,wk inc rsv hosp,2026-10-31,05,quantile,0.975,17.295906815954517
2026-10-10,3,wk inc rsv hosp,2026-10-31,05,quantile,0.99,17.836962555881765
2026-10-10,3,wk inc rsv hosp,2026-10-31,06,quantile,0.01,27.431455764773084
2026-10-10,3,wk inc rsv hosp,2026-10-31,06,quantile,0.025,29.401678835312484
2026-10-10,3,wk inc rsv hosp,2026-10-31,06,quantile,0.05,32.743129018075
2026-10-10,3,wk inc rsv hosp,2026-10-31,06,quantile,0.1,37.1394275066304
2026-10-10,3,wk inc rsv hosp,2026-10-31,06,quantile,0.15,38.49846105117973
2026-10-10,3,wk inc rsv hosp,2026-10-31,06,quantile,0.2,42.05621371317944
2026-10-10,3,wk inc rsv hosp,2026-10-31,06,quantile,0.25,44.53443392084448
2026-10-10,3,wk inc rsv hosp,2026-10-31,06,quantile,0.3,47.552003191118594
2026-10-10,3,wk inc rsv hosp,2026-10-31,06,quantile,0.35,49.54578899825202
2026-10-10,3,wk inc rsv hosp,2026-10-31,06,quantile,0.4,50.43742943721035
2026-10-10,3,wk inc rsv hosp,2026-10-31,06,quantile,0.45,50.99245339609047
2026-10-10,3,wk inc rsv hosp,2026-10-31,06,quantile,0.5,51.984595918001524
2026-10-10,3,wk inc rsv hosp,2026-10-31,06,quantile,0.55,56.41848439927115
2026-10-10,3,wk inc rsv hosp,2026-10-31,06,quantile,0.6,57.83218936207887
2026-10-10,3,wk inc rsv hosp,2026-10-31,06,quantile,0.65,61.37370017322728
2026-10-10,3,wk inc rsv hosp,2026-10-31,06,quantile,0.7,65.53289436400468
2026-10-10,3,wk inc rsv hosp,2026-10-31,06,quantile,0.75,69.3516656388471
2026-10-10,3,wk inc rsv hosp,2026-10-31,06,quantile,0.8,73.34231471669183
2026-10-10,3,wk inc rsv hosp,2026-10-31,06,quantile,0.85,75.91807894451216
2026-10-10,3,wk inc rsv hosp,2026-10-31,06,quantile,0.9,89.37353382201897
2026-10-10,3,wk inc rsv hosp,2026-10-31,06,quantile,0.95,117.68753883086153
2026-10-10,3,wk inc rsv hosp,2026-10-31,06,quantile,0.975,135.4120889980695
2026-10-10,3,wk inc rsv hosp,2026-10-31,06,quantile,0.99,148.6834234484767
2026-10-10,3,wk inc rsv hosp,2026-10-31,08,quantile,0.01,0.08491511452100588
2026-10-10,3,wk inc rsv hosp,2026-10-31,08,quantile,0.025,0.10315983387406576
2026-10-10,3,wk inc rsv hosp,2026-10-31,08,quantile,0.05,0.13897540335562789
2026-10-10,3,wk inc rsv hosp,2026-10-31,08,quantile,0.1,0.2951754068577719
2026-10-10,3,wk inc rsv hosp,2026-10-31,08,quantile,0.15,0.5789011870433377
2026-10-10,3,wk inc rsv hosp,2026-10-31,08,quantile,0.2,0.7337098316131605
2026-10-10,3,wk inc rsv hosp,2026-10-31,08,quantile,0.25,0.809790785553478
2026-10-10,3,wk inc rsv hosp,2026-10-31,08,quantile,0.3,1.0326826593604261
2026-10-10,3,wk inc rsv hosp,2026-10-31,08,quantile,0.35,1.2049342097857285
2026-10-10,3,wk inc rsv hosp,2026-10-31,08,quantile,0.4,1.385822313369423
2026-10-10,3,wk inc rsv hosp,2026-10-31,08,quantile,0.45,1.4849475674900579
2026-10-10,3,wk inc rsv hosp,2026-10-31,08,quantile,0.5,1.692881516550031
2026-10-10,3,wk inc rsv hosp,2026-10-31,08,quantile,0.55,1.771313184705524
2026-10-10,3,wk inc rsv hosp,2026-10-31,08,quantile,0.6,2.411630265240799
2026-10-10,3,wk inc rsv hosp,2026-10-31,08,quantile,0.65,2.7247042488160313
2026-10-10,3,wk inc rsv hosp,2026-10-31,08,quantile,0.7,3.12073053873656
2026-10-10,3,wk inc rsv hosp,2026-10-31,08,quantile,0.75,3.8818259802224917
2026-10-10,3,wk inc rsv hosp,2026-10-31,08,quantile,0.8,4.288054936436754
2026-10-10,3,wk inc rsv hosp,2026-10-31,08,quantile,0.85,4.740537376790487
2026-10-10,3,wk inc rsv hosp,2026-10-31,08,quantile,0.9,4.988103583568455
2026-10-10,3,wk inc rsv hosp,2026-10-31,08,quantile,0.95,8.011059954482112
2026-10-10,3,wk inc rsv hosp,2026-10-31,08,quantile,0.975,9.795564360095188
2026-10-10,3,wk inc rsv hosp,2026-10-31,08,quantile,0.99,10.414514189762532
2026-10-10,3,wk inc rsv hosp,2026-10-31,09,quantile,0.01,1.88557287321068
2026-10-10,3,wk inc rsv hosp,2026-10-31,09,quantile,0.025,2.0975186127292025
2026-10-10,3,wk inc rsv hosp,2026-10-31,09,quantile,0.05,2.517919572221688
2026-10-10,3,wk inc rsv hosp,2026-10-31,09,quantile,0.1,3.1920013908817144
2026-10-10,3,wk inc rsv hosp,2026-10-31,09,quantile,0.15,3.2709509494933946
2026-10-10,3,wk inc rsv hosp,2026-10-31,09,quantile,0.2,3.35530146903484
2026-10-10,3,wk inc rsv hosp,2026-10-31,09,quantile,0.25,4.129196719437969
2026-10-10,3,wk inc rsv hosp,2026-10-31,09,quantile,0.3,4.388866869241909
2026-10-10,3,wk inc rsv hosp,2026-10-31,09,quantile,0.35,4.68151202526154
2026-10-10,3,wk inc rsv hosp,2026-10-31,09,quantile,0.4,4.8532162914805745
2026-10-10,3,wk inc rsv hosp,2026-10-31,09,quantile,0.45,4.930382588560811
2026-10-10,3,wk inc rsv hosp,2026-10-31,09,quantile,0.5,5.262902130096986
2026-10-10,3,wk inc rsv hosp,2026-10-31,09,quantile,0.55,6.263236416511884
2026-10-10,3,wk inc rsv hosp,2026-10-31,09,quantile,0.6,6.568046602235018
2026-10-10,3,wk inc rsv hosp,2026-10-31,09,quantile,0.65,8.293734098617891
2026-10-10,3,wk inc rsv hosp,2026-10-31,09,quantile,0.7,9.007612279826585
2026-10-10,3,wk inc rsv hosp,2026-10-31,09,quantile,0.75,9.60469455708548
2026-10-10,3,wk inc rsv hosp,2026-10-31,09,quantile,0.8,11.828794076915294
2026-10-10,3,wk inc rsv hosp,2026-10-31,09,quantile,0.85,12.315371878186935
2026-10-10,3,wk inc rsv hosp,2026-10-31,09,quantile,0.9,12.539392225330104
2026-10-10,3,wk inc rsv hosp,2026-10-31,09,quantile,0.95,16.830501908992932
2026-10-10,3,wk inc rsv hosp,2026-10-31,09,quantile,0.975,19.38971098621485
2026-10-10,3,wk inc rsv hosp,2026-10-31,09,quantile,0.99,20.32321971649404
2026-10-10,3,wk inc rsv hosp,2026-10-31,10,quantile,0.01,2.045897239306311
2026-10-10,3,wk inc rsv hosp,2026-10-31,10,quantile,0.025,2.4768620241532338
2026-10-10,3,wk inc rsv hosp,2026-10-31,10,quantile,0.05,3.621430482133359
2026-10-10,3,wk inc rsv hosp,2026-10-31,10,quantile,0.1,6.306535270972801
2026-10-10,3,wk inc rsv hosp,2026-10-31,10,quantile,0.15,6.459694322208366
2026-10-10,3,wk inc rsv hosp,2026-10-31,10,quantile,0.2,7.283431618886457
2026-10-10,3,wk inc rsv hosp,2026-10-31,10,quantile,0.25,7.661004224668186
2026-10-10,3,wk inc rsv hosp,2026-10-31,10,quantile,0.3,9.90755977477637
2026-10-10,3,wk inc rsv hosp,2026-10-31,10,quantile,0.35,11.822695768168632
2026-10-10,3,wk inc rsv hosp,2026-10-31,10,quantile,0.4,15.047098901139467
2026-10-10,3,wk inc rsv hosp,2026-10-31,10,quantile,0.45,15.973949421609353
2026-10-10,3,wk inc rsv hosp,2026-10-31,10,quantile,0.5,17.296195347839497
2026-10-10,3,wk inc rsv hosp,2026-10-31,10,quantile,0.55,17.903630410197945
2026-10-10,3,wk inc rsv hosp,2026-10-31,10,quantile,0.6,19.09603368524225
2026-10-10,3,wk inc rsv hosp,2026-10-31,10,quantile,0.65,22.369792990996025
2026-10-10,3,wk inc rsv hosp,2026-10-31,10,quantile,0.7,25.545601890891007
2026-10-10,3,wk inc rsv hosp,2026-10-31,10,quantile,0.75,27.78138918359787
2026-10-10,3,wk inc rsv hosp,2026-10-31,10,quantile,0.8,28.49253649213943
2026-10-10,3,wk inc rsv hosp,2026-10-31,10,quantile,0.85,28.53561333364739
2026-10-10,3,wk inc rsv hosp,2026-10-31,10,quantile,0.9,28.63000017276207
2026-10-10,3,wk inc rsv hosp,2026-10-31,10,quantile,0.95,29.063336841603324
2026-10-10,3,wk inc rsv hosp,2026-10-31,10,quantile,0.975,31.503591974801452
2026-10-10,3,wk inc rsv hosp,2026-10-31,10,quantile,0.99,34.00315646237096
2026-10-10,3,wk inc rsv hosp,2026-10-31,11,quantile,0.01,0.0
2026-10-10,3,wk inc rsv hosp,2026-10-31,11,quantile,0.025,0.0
2026-10-10,3,wk inc rsv hosp,2026-10-31,11,quantile,0.05,0.0
2026-10-10,3,wk inc rsv hosp,2026-10-31,11,quantile,0.1,0.0
2026-10-10,3,wk inc rsv hosp,2026-10-31,11,quantile,0.15,0.0
2026-10-10,3,wk inc rsv hosp,2026-10-31,11,quantile,0.2,0.16777434334548721
2026-10-10,3,wk inc rsv hosp,2026-10-31,11,quantile,0.25,0.1924551760975604
2026-10-10,3,wk inc rsv hosp,2026-10-31,11,quantile,0.3,0.20905564206374555
2026-10-10,3,wk inc rsv hosp,2026-10-31,11,quantile,0.35,0.29153185877801735
2026-10-10,3,wk inc rsv hosp,2026-10-31,11,quantile,0.4,0.37421791614092476
2026-10-10,3,wk inc rsv hosp,2026-10-31,11,quantile,0.45,0.4030629052313852
2026-10-10,3,wk inc rsv hosp,2026-10-31,11,quantile,0.5,0.4554129482226099
2026-10-10,3,wk inc rsv hosp,2026-10-31,11,quantile,0.55,0.6222697312043112
2026-10-10,3,wk inc rsv hosp,2026-10-31,11,quantile,0.6,1.2910351705990648
2026-10-10,3,wk inc rsv hosp,2026-10-31,11,quantile,0.65,1.3708869589543888
2026-10-10,3,wk inc rsv hosp,2026-10-31,11,quantile,0.7,1.5180720249162993
2026-10-10,3,wk inc rsv hosp,2026-10-31,11,quantile,0.75,1.7137846888671517
2026-10-10,3,wk inc rsv hosp,2026-10-31,11,quantile,0.8,1.9812857851571763
2026-10-10,3,wk inc rsv hosp,2026-10-31,11,quantile,0.85,2.046673755623686
2026-10-10,3,wk inc rsv hosp,2026-10-31,11,quantile,0.9,2.2447135802992233
2026-10-10,3,wk inc rsv hosp,2026-10-31,11,quantile,0.95,2.651186234129214
2026-10-10,3,wk inc rsv hosp,2026-10-31,11,quantile,0.975,2.9873624163632626
2026-10-10,3,wk inc rsv hosp,2026-10-31,11,quantile,0.99,3.190003689785119
2026-10-10,3,wk inc rsv hosp,2026-10-31,12,quantile,0.01,226.77553051268626
2026-10-10,3,wk inc rsv hosp,2026-10-31,12,quantile,0.025,237.35633053833942
2026-10-10,3,wk inc rsv hosp,2026-10-31,12,quantile,0.05,251.7460660308922
2026-10-10,3,wk inc rsv hosp,2026-10-31,12,quantile,0.1,265.8714364407747
2026-10-10,3,wk inc rsv hosp,2026-10-31,12,quantile,0.15,270.3862869894855
2026-10-10,3,wk inc rsv hosp,2026-10-31,12,quantile,0.2,273.29886127992273
2026-10-10,3,wk inc rsv hosp,2026-10-31,12,quantile,0.25,285.3306848457793
2026-10-10,3,wk inc rsv hosp,2026-10-31,12,quantile,0.3,287.84459600016055
2026-10-10,3,wk inc rsv hosp,2026-10-31,12,quantile,0.35,291.6635472048267
2026-10-10,3,wk inc rsv hosp,2026-10-31,12,quantile,0.4,312.8538625922023
2026-10-10,3,wk inc rsv hosp,2026-10-31,12,quantile,0.45,317.8888684575345
2026-10-10,3,wk inc rsv hosp,2026-10-31,12,quantile,0.5,320.388248070731
2026-10-10,3,wk inc rsv hosp,2026-10-31,12,quantile,0.55,321.29893334036257
2026-10-10,3,wk inc rsv hosp,2026-10-31,12,quantile,0.6,348.2549058365173
2026-10-10,3,wk inc rsv hosp,2026-10-31,12,quantile,0.65,356.974429257667
2026-10-10,3,wk inc rsv hosp,2026-10-31,12,quantile,0.7,371.66701027974784
2026-10-10,3,wk inc rsv hosp,2026-10-31,12,quantile,0.75,377.16229767802724
2026-10-10,3,wk inc rsv hosp,2026-10-31,12,quantile,0.8,382.9680267314433
2026-10-10,3,wk inc rsv hosp,2026-10-31,12,quantile,0.85,385.96101886251955
2026-10-10,3,wk inc rsv hosp,2026-10-31,12,quantile,0.9,422.6118699494651
2026-10-10,3,wk inc rsv hosp,2026-10-31,12,quantile,0.95,478.02479323828425
2026-10-10,3,wk inc rsv hosp,2026-10-31,12,quantile,0.975,497.7086050466394
2026-10-10,3,wk inc rsv hosp,2026-10-31,12,quantile,0.99,510.7552027433808
2026-10-10,3,wk inc rsv hosp,2026-10-31,13,quantile,0.01,39.204093813154756
2026-10-10,3,wk inc rsv hosp,2026-10-31,13,quantile,0.025,40.536638463441136
2026-10-10,3,wk inc rsv hosp,2026-10-31,13,quantile,0.05,42.37260637210251
2026-10-10,3,wk inc rsv hosp,2026-10-31,13,quantile,0.1,43.850415258044954
2026-10-10,3,wk inc rsv hosp,2026-10-31,13,quantile,0.15,46.148954686242234
2026-10-10,3,wk inc rsv hosp,2026-10-31,13,quantile,0.2,49.55629628310568
2026-10-10,3,wk inc rsv hosp,2026-10-31,13,quantile,0.25,51.23917502991497
2026-10-10,3,wk inc rsv hosp,2026-10-31,13,quantile,0.3,54.42408012743179
2026-10-10,3,wk inc rsv hosp,2026-10-31,13,quantile,0.35,55.336146924713404
2026-10-10,3,wk inc rsv hosp,2026-10-31,13,quantile,0.4,58.997337624508276
2026-10-10,3,wk inc rsv hosp,2026-10-31,13,quantile,0.45,60.64497730099081
2026-10-10,3,wk inc rsv hosp,2026-10-31,13,quantile,0.5,62.424097110594424
2026-10-10,3,wk inc rsv hosp,2026-10-31,13,quantile,0.55,63.98973981919809
2026-10-10,3,wk inc rsv hosp,2026-10-31,13,quantile,0.6,65.69798215648946
2026-10-10,3,wk inc rsv hosp,2026-10-31,13,quantile,0.65,74.51051485439449
2026-10-10,3,wk inc rsv hosp,2026-10-31,13,quantile,0.7,86.09230079030688
2026-10-10,3,wk inc rsv hosp,2026-10-31,13,quantile,0.75,90.45887651626288
2026-10-10,3,wk inc rsv hosp,2026-10-31,13,quantile,0.8,90.79818688504707
2026-10-10,3,wk inc rsv hosp,2026-10-31,13,quantile,0.85,96.8279981400246
2026-10-10,3,wk inc rsv hosp,2026-10-31,13,quantile,0.9,102.19519421547497
2026-10-10,3,wk inc rsv hosp,2026-10-31,13,quantile,0.95,120.13241968594676
2026-10-10,3,wk inc rsv hosp,2026-10-31,13,quantile,0.975,140.93539786752032
2026-10-10,3,wk inc rsv hosp,2026-10-31,13,quantile,0.99,158.38574264509734
2026-10-10,3,wk inc rsv hosp,2026-10-31,15,quantile,0.01,1.1188390409046398
2026-10-10,3,wk inc rsv hosp,2026-10-31,15,quantile,0.025,1.1598362979675763
2026-10-10,3,wk inc rsv hosp,2026-10-31,15,quantile,0.05,1.419109441748193
2026-10-10,3,wk inc rsv hosp,2026-10-31,15,quantile,0.1,2.4972678975487694
2026-10-10,3,wk inc rsv hosp,2026-10-31,15,quantile,0.15,3.205643074862843
2026-10-10,3,wk inc rsv hosp,2026-10-31,15,quantile,0.2,3.56029516546444
2026-10-10,3,wk inc rsv hosp,2026-10-31,15,quantile,0.25,4.497885404583858
2026-10-10,3,wk inc rsv hosp,2026-10-31,15,quantile,0.3,5.334974370505673
2026-10-10,3,wk inc rsv hosp,2026-10-31,15,quantile,0.35,6.962347912347508
2026-10-10,3,wk inc rsv hosp,2026-10-31,15,quantile,0.4,8.528570133151648
2026-10-10,3,wk inc rsv hosp,2026-10-31,15,quantile,0.45,9.341625947701115
2026-10-10,3,wk inc rsv hosp,2026-10-31,15,quantile,0.5,10.312271506780842
2026-10-10,3,wk inc rsv hosp,2026-10-31,15,quantile,0.55,10.695062108611928
2026-10-10,3,wk inc rsv hosp,2026-10-31,15,quantile,0.6,11.438868845239819
2026-10-10,3,wk inc rsv hosp,2026-10-31,15,quantile,0.65,13.161311290779077
2026-10-10,3,wk inc rsv hosp,2026-10-31,15,quantile,0.7,13.63912767600474
2026-10-10,3,wk inc rsv hosp,2026-10-31,15,quantile,0.75,13.93586616760873
2026-10-10,3,wk inc rsv hosp,2026-10-31,15,quantile,0.8,15.760236709653626
2026-10-10,3,wk inc rsv hosp,2026-10-31,15,quantile,0.85,16.53160825880061
2026-10-10,3,wk inc rsv hosp,2026-10-31,15,quantile,0.9,19.535664741147272
2026-10-10,3,wk inc rsv hosp,2026-10-31,15,quantile,0.95,22.836411915497315
2026-10-10,3,wk inc rsv hosp,2026-10-31,15,quantile,0.975,25.90245368076235
2026-10-10,3,wk inc rsv hosp,2026-10-31,15,quantile,0.99,28.938737673394552
2026-10-10,3,wk inc rsv hosp,2026-10-31,16,quantile,0.01,0.8758808495995398
2026-10-10,3,wk inc rsv hosp,2026-10-31,16,quantile,0.025,0.9507028784502543
2026-10-10,3,wk inc rsv hosp,2026-10-31,16,quantile,0.05,1.1233060785555453
2026-10-10,3,wk inc rsv hosp,2026-10-31,16,quantile,0.1,1.4971141071414578
2026-10-10,3,wk inc rsv hosp,2026-10-31,16,quantile,0.15,1.806470535892616
2026-10-10,3,wk inc rsv hosp,2026-10-31,16,quantile,0.2,1.9281181383050539
2026-10-10,3,wk inc rsv hosp,2026-10-31,16,quantile,0.25,1.9936253087238354
2026-10-10,3,wk inc rsv hosp,2026-10-31,16,quantile,0.3,2.117097634093554
2026-10-10,3,wk inc rsv hosp,2026-10-31,16,quantile,0.35,2.4446583063751577
2026-10-10,3,wk inc rsv hosp,2026-10-31,16,quantile,0.4,2.793125187069739
2026-10-10,3,wk inc rsv hosp,2026-10-31,16,quantile,0.45,2.848490918078577
2026-10-10,3,wk inc rsv hosp,2026-10-31,16,quantile,0.5,2.867441177368164
2026-10-10,3,wk inc rsv hosp,2026-10-31,16,quantile,0.55,2.867441177368164
2026-10-10,3,wk inc rsv hosp,2026-10-31,16,quantile,0.6,2.9475843191003896
2026-10-10,3,wk inc rsv hosp,2026-10-31,16,quantile,0.65,3.003921752281279
2026-10-10,3,wk inc rsv hosp,2026-10-31,16,quantile,0.7,3.1457730849316317
2026-10-10,3,wk inc rsv hosp,2026-10-31,16,quantile,0.75,3.162210560501603
2026-10-10,3,wk inc rsv hosp,2026-10-31,16,quantile,0.8,3.884844272998665
2026-10-10,3,wk inc rsv hosp,2026-10-31,16,quantile,0.85,4.710204483430766
2026-10-10,3,wk inc rsv hosp,2026-10-31,16,quantile,0.9,6.262758129250344
2026-10-10,3,wk inc rsv hosp,2026-10-31,16,quantile,0.95,6.676970319440379
2026-10-10,3,wk inc rsv hosp,2026-10-31,16,quantile,0.975,6.872262383610025
2026-10-10,3,wk inc rsv hosp,2026-10-31,16,quantile,0.99,7.0120824330900815
2026-10-10,3,wk inc rsv hosp,2026-10-31,17,quantile,0.01,8.548099812965079
2026-10-10,3,wk inc rsv hosp,2026-10-31,17,quantile,0.025,10.71643462714885
2026-10-10,3,wk inc rsv hosp,2026-10-31,17,quantile,0.05,14.10326262001151
2026-10-10,3,wk inc rsv hosp,2026-10-31,17,quantile,0.1,16.970738304759863
2026-10-10,3,wk inc rsv hosp,2026-10-31,17,quantile,0.15,17.486041987617913
2026-10-10,3,wk inc rsv hosp,2026-10-31,17,quantile,0.2,17.97847100019235
2026-10-10,3,wk inc rsv hosp,2026-10-31,17,quantile,0.25,19.850459009698266
2026-10-10,3,wk inc rsv hosp,2026-10-31,17,quantile,0.3,22.101878849317064
2026-10-10,3,wk inc rsv hosp,2026-10-31,17,quantile,0.35,23.05479449941609
2026-10-10,3,wk inc rsv hosp,2026-10-31,17,quantile,0.4,23.72682284474088
2026-10-10,3,wk inc rsv hosp,2026-10-31,17,quantile,0.45,24.738363442439
2026-10-10,3,wk inc rsv hosp,2026-10-31,17,quantile,0.5,26.45708734487197
2026-10-10,3,wk inc rsv hosp,2026-10-31,17,quantile,0.55,29.31888065186621
2026-10-10,3,wk inc rsv hosp,2026-10-31,17,quantile,0.6,31.689733244518365
2026-10-10,3,wk inc rsv hosp,2026-10-31,17,quantile,0.65,33.962904617402145
2026-10-10,3,wk inc rsv hosp,2026-10-31,17,quantile,0.7,39.17127142033308
2026-10-10,3,wk inc rsv hosp,2026-10-31,17,quantile,0.75,42.741841933953296
2026-10-10,3,wk inc rsv hosp,2026-10-31,17,quantile,0.8,52.04785587466096
2026-10-10,3,wk inc rsv hosp,2026-10-31,17,quantile,0.85,59.96904365748077
2026-10-10,3,wk inc rsv hosp,2026-10-31,17,quantile,0.9,73.67243587745996
2026-10-10,3,wk inc rsv hosp,2026-10-31,17,quantile,0.95,83.70040772167079
2026-10-10,3,wk inc rsv hosp,2026-10-31,17,quantile,0.975,92.31875897658756
2026-10-10,3,wk inc rsv hosp,2026-10-31,17,quantile,0.99,99.6337030609557
2026-10-10,3,wk inc rsv hosp,2026-10-31,18,quantile,0.01,3.9920746401034695
2026-10-10,3,wk inc rsv hosp,2026-10-31,18,quantile,0.025,4.012737773465884
2026-10-10,3,wk inc rsv hosp,2026-10-31,18,quantile,0.05,4.08650864132963
2026-10-10,3,wk inc rsv hosp,2026-10-31,18,quantile,0.1,5.162562619970152
2026-10-10,3,wk inc rsv hosp,2026-10-31,18,quantile,0.15,7.15288693666902
2026-10-10,3,wk inc rsv hosp,2026-10-31,18,quantile,0.2,8.142485706748667
2026-10-10,3,wk inc rsv hosp,2026-10-31,18,quantile,0.25,8.470264298966537
2026-10-10,3,wk inc rsv hosp,2026-10-31,18,quantile,0.3,8.825436769186025
2026-10-10,3,wk inc rsv hosp,2026-10-31,18,quantile,0.35,9.828881264828716
2026-10-10,3,wk inc rsv hosp,2026-10-31,18,quantile,0.4,12.511532249762713
2026-10-10,3,wk inc rsv hosp,2026-10-31,18,quantile,0.45,12.762781573346683
2026-10-10,3,wk inc rsv hosp,2026-10-31,18,quantile,0.5,13.378175107360995
2026-10-10,3,wk inc rsv hosp,2026-10-31,18,quantile,0.55,13.779967785897988
2026-10-10,3,wk inc rsv hosp,2026-10-31,18,quantile,0.6,14.465810288904269
2026-10-10,3,wk inc rsv hosp,2026-10-31,18,quantile,0.65,17.286000016884987
2026-10-10,3,wk inc rsv hosp,2026-10-31,18,quantile,0.7,17.604906433247457
2026-10-10,3,wk inc rsv hosp,2026-10-31,18,quantile,0.75,18.087294274635923
2026-10-10,3,wk inc rsv hosp,2026-10-31,18,quantile,0.8,18.739378785721243
2026-10-10,3,wk inc rsv hosp,2026-10-31,18,quantile,0.85,19.82491147587699
2026-10-10,3,wk inc rsv hosp,2026-10-31,18,quantile,0.9,22.723418188707434
2026-10-10,3,wk inc rsv hosp,2026-10-31,18,quantile,0.95,24.742728618845337
2026-10-10,3,wk inc rsv hosp,2026-10-31,18,quantile,0.975,26.065816390201608
2026-10-10,3,wk inc rsv hosp,2026-10-31,18,quantile,0.99,27.433648266638812
2026-10-10,3,wk inc rsv hosp,2026-10-31,19,quantile,0.01,0.0
2026-10-10,3,wk inc rsv hosp,2026-10-31,19,quantile,0.025,0.18893154720528266
2026-10-10,3,wk inc rsv hosp,2026-10-31,19,quantile,0.05,0.7240169508437737
2026-10-10,3,wk inc rsv hosp,2026-10-31,19,quantile,0.1,1.6189898429087315
2026-10-10,3,wk inc rsv hosp,2026-10-31,19,quantile,0.15,2.622688294859705
2026-10-10,3,wk inc rsv hosp,2026-10-31,19,quantile,0.2,3.10852384599006
2026-10-10,3,wk inc rsv hosp,2026-10-31,19,quantile,0.25,3.640698529981664
2026-10-10,3,wk inc rsv hosp,2026-10-31,19,quantile,0.3,4.059125309250604
2026-10-10,3,wk inc rsv hosp,2026-10-31,19,quantile,0.35,4.172592623531602
2026-10-10,3,wk inc rsv hosp,2026-10-31,19,quantile,0.4,5.006695105459752
2026-10-10,3,wk inc rsv hosp,2026-10-31,19,quantile,0.45,5.784558115764659
2026-10-10,3,wk inc rsv hosp,2026-10-31,19,quantile,0.5,5.988840316239141
2026-10-10,3,wk inc rsv hosp,2026-10-31,19,quantile,0.55,6.047588614766742
2026-10-10,3,wk inc rsv hosp,2026-10-31,19,quantile,0.6,6.197529511875085
2026-10-10,3,wk inc rsv hosp,2026-10-31,19,quantile,0.65,6.457860741812032
2026-10-10,3,wk inc rsv hosp,2026-10-31,19,quantile,0.7,7.759851834960758
2026-10-10,3,wk inc rsv hosp,2026-10-31,19,quantile,0.75,8.594748781653415
2026-10-10,3,wk inc rsv hosp,2026-10-31,19,quantile,0.8,8.817501040993697
2026-10-10,3,wk inc rsv hosp,2026-10-31,19,quantile,0.85,10.180203830171228
2026-10-10,3,wk inc rsv hosp,2026-10-31,19,quantile,0.9,11.33114131831869
2026-10-10,3,wk inc rsv hosp,2026-10-31,19,quantile,0.95,12.289756665539251
2026-10-10,3,wk inc rsv hosp,2026-10-31,19,quantile,0.975,13.981854788267022
2026-10-10,3,wk inc rsv hosp,2026-10-31,19,quantile,0.99,15.64731160369027
2026-10-10,3,wk inc rsv hosp,2026-10-31,20,quantile,0.01,0.4462088969554417
2026-10-10,3,wk inc rsv hosp,2026-10-31,20,quantile,0.025,0.4628266350634572
2026-10-10,3,wk inc rsv hosp,2026-10-31,20,quantile,0.05,0.5270510118410482
2026-10-10,3,wk inc rsv hosp,2026-10-31,20,quantile,0.1,0.9535245918404217
2026-10-10,3,wk inc rsv hosp,2026-10-31,20,quantile,0.15,1.4686896213703777
2026-10-10,3,wk inc rsv hosp,2026-10-31,20,quantile,0.2,1.660172410642283
2026-10-10,3,wk inc rsv hosp,2026-10-31,20,quantile,0.25,1.6926743409039364
2026-10-10,3,wk inc rsv hosp,2026-10-31,20,quantile,0.3,1.8464262141559766
2026-10-10,3,wk inc rsv hosp,2026-10-31,20,quantile,0.35,2.0009374250474283
2026-10-10,3,wk inc rsv hosp,2026-10-31,20,quantile,0.4,2.486714082673918
2026-10-10,3,wk inc rsv hosp,2026-10-31,20,quantile,0.45,2.90511993001229
2026-10-10,3,wk inc rsv hosp,2026-10-31,20,quantile,0.5,3.0655132958079543
2026-10-10,3,wk inc rsv hosp,2026-10-31,20,quantile,0.55,3.1837405881171907
2026-10-10,3,wk inc rsv hosp,2026-10-31,20,quantile,0.6,3.2206686972461718
2026-10-10,3,wk inc rsv hosp,2026-10-31,20,quantile,0.65,3.2615630151952395
2026-10-10,3,wk inc rsv hosp,2026-10-31,20,quantile,0.7,3.4304564091676135
2026-10-10,3,wk inc rsv hosp,2026-10-31,20,quantile,0.75,3.6657469199316077
2026-10-10,3,wk inc rsv hosp,2026-10-31,20,quantile,0.8,3.718698230690765
2026-10-10,3,wk inc rsv hosp,2026-10-31,20,quantile,0.85,4.787589272089676
2026-10-10,3,wk inc rsv hosp,2026-10-31,20,quantile,0.9,5.638216065846764
2026-10-10,3,wk inc rsv hosp,2026-10-31,20,quantile,0.95,5.807255383778746
2026-10-10,3,wk inc rsv hosp,2026-10-31,20,quantile,0.975,5.9667722938685825
2026-10-10,3,wk inc rsv hosp,2026-10-31,20,quantile,0.99,6.077525646059481
2026-10-10,3,wk inc rsv hosp,2026-10-31,21,quantile,0.01,5.691577376951813
2026-10-10,3,wk inc rsv hosp,2026-10-31,21,quantile,0.025,6.270729233418793
2026-10-10,3,wk inc rsv hosp,2026-10-31,21,quantile,0.05,7.627087993102719
2026-10-10,3,wk inc rsv hosp,2026-10-31,21,quantile,0.1,10.426929879031054
2026-10-10,3,wk inc rsv hosp,2026-10-31,21,quantile,0.15,12.153887006824274
2026-10-10,3,wk inc rsv hosp,2026-10-31,21,quantile,0.2,13.393995150457815
2026-10-10,3,wk inc rsv hosp,2026-10-31,21,quantile,0.25,15.195019852148688
2026-10-10,3,wk inc rsv hosp,2026-10-31,21,quantile,0.3,16.375080049274732
2026-10-10,3,wk inc rsv hosp,2026-10-31,21,quantile,0.35,18.10393124592833
2026-10-10,3,wk inc rsv hosp,2026-10-31,21,quantile,0.4,19.882704740611942
2026-10-10,3,wk inc rsv hosp,2026-10-31,21,quantile,0.45,22.077832462578524
2026-10-10,3,wk inc rsv hosp,2026-10-31,21,quantile,0.5,22.85299618812528
2026-10-10,3,wk inc rsv hosp,2026-10-31,21,quantile,0.55,24.17307968524132
2026-10-10,3,wk inc rsv hosp,2026-10-31,21,quantile,0.6,25.68386459834047
2026-10-10,3,wk inc rsv hosp,2026-10-31,21,quantile,0.65,26.244704871344233
2026-10-10,3,wk inc rsv hosp,2026-10-31,21,quantile,0.7,27.117269791349454
2026-10-10,3,wk inc rsv hosp,2026-10-31,21,quantile,0.75,28.187064105879585
2026-10-10,3,wk inc rsv hosp,2026-10-31,21,quantile,0.8,29.793983200978765
2026-10-10,3,wk inc rsv hosp,2026-10-31,21,quantile,0.85,32.934475842880495
2026-10-10,3,wk inc rsv hosp,2026-10-31,21,quantile,0.9,37.03081965636404
2026-10-10,3,wk inc rsv hosp,2026-10-31,21,quantile,0.95,39.642848103461084
2026-10-10,3,wk inc rsv hosp,2026-10-31,21,quantile,0.975,44.99371917668913
2026-10-10,3,wk inc rsv hosp,2026-10-31,21,quantile,0.99,50.405166740666964
2026-10-10,3,wk inc rsv hosp,2026-10-31,22,quantile,0.01,6.46462553741547
2026-10-10,3,wk inc rsv hosp,2026-10-31,22,quantile,0.025,6.469664425094262
2026-10-10,3,wk inc rsv hosp,2026-10-31,22,quantile,0.05,6.884797257927909
2026-10-10,3,wk inc rsv hosp,2026-10-31,22,quantile,0.1,9.82355277388919
2026-10-10,3,wk inc rsv hosp,2026-10-31,22,quantile,0.15,12.432684748876005
2026-10-10,3,wk inc rsv hosp,2026-10-31,22,quantile,0.2,14.54549599144013
2026-10-10,3,wk inc rsv hosp,2026-10-31,22,quantile,0.25,16.518317203704562
2026-10-10,3,wk inc rsv hosp,2026-10-31,22,quantile,0.3,18.333419228310614
2026-10-10,3,wk inc rsv hosp,2026-10-31,22,quantile,0.35,21.26056428868101
2026-10-10,3,wk inc rsv hosp,2026-10-31,22,quantile,0.4,26.798843012801875
2026-10-10,3,wk inc rsv hosp,2026-10-31,22,quantile,0.45,28.41930235565593
2026-10-10,3,wk inc rsv hosp,2026-10-31,22,quantile,0.5,28.694418355740005
2026-10-10,3,wk inc rsv hosp,2026-10-31,22,quantile,0.55,29.411694866937022
2026-10-10,3,wk inc rsv hosp,2026-10-31,22,quantile,0.6,30.214230379502215
2026-10-10,3,wk inc rsv hosp,2026-10-31,22,quantile,0.65,31.729844980463724
2026-10-10,3,wk inc rsv hosp,2026-10-31,22,quantile,0.7,32.16785788094505
2026-10-10,3,wk inc rsv hosp,2026-10-31,22,quantile,0.75,36.038934268310186
2026-10-10,3,wk inc rsv hosp,2026-10-31,22,quantile,0.8,39.85328421344332
2026-10-10,3,wk inc rsv hosp,2026-10-31,22,quantile,0.85,41.36100636189608
2026-10-10,3,wk inc rsv hosp,2026-10-31,22,quantile,0.9,43.24323250698525
2026-10-10,3,wk inc rsv hosp,2026-10-31,22,quantile,0.95,80.56786185879724
2026-10-10,3,wk inc rsv hosp,2026-10-31,22,quantile,0.975,118.93440893527719
2026-10-10,3,wk inc rsv hosp,2026-10-31,22,quantile,0.99,144.64845999631467
2026-10-10,3,wk inc rsv hosp,2026-10-31,23,quantile,0.01,0.0
2026-10-10,3,wk inc rsv hosp,2026-10-31,23,quantile,0.025,0.024466698157062667
2026-10-10,3,wk inc rsv hosp,2026-10-31,23,quantile,0.05,0.1690866299605377
2026-10-10,3,wk inc rsv hosp,2026-10-31,23,quantile,0.1,0.34073073912380347
2026-10-10,3,wk inc rsv hosp,2026-10-31,23,quantile,0.15,0.38899042487433777
2026-10-10,3,wk inc rsv hosp,2026-10-31,23,quantile,0.2,0.4326958939025167
2026-10-10,3,wk inc rsv hosp,2026-10-31,23,quantile,0.25,0.8320402966963645
2026-10-10,3,wk inc rsv hosp,2026-10-31,23,quantile,0.3,0.8627768471231756
2026-10-10,3,wk inc rsv hosp,2026-10-31,23,quantile,0.35,0.8966054312237602
2026-10-10,3,wk inc rsv hosp,2026-10-31,23,quantile,0.4,1.0374368145298911
2026-10-10,3,wk inc rsv hosp,2026-10-31,23,quantile,0.45,1.1001959174492602
2026-10-10,3,wk inc rsv hosp,2026-10-31,23,quantile,0.5,1.177712495135595
2026-10-10,3,wk inc rsv hosp,2026-10-31,23,quantile,0.55,1.2414513971968146
2026-10-10,3,wk inc rsv hosp,2026-10-31,23,quantile,0.6,1.2828621880234738
2026-10-10,3,wk inc rsv hosp,2026-10-31,23,quantile,0.65,1.306159061960514
2026-10-10,3,wk inc rsv hosp,2026-10-31,23,quantile,0.7,1.3328085750429366
2026-10-10,3,wk inc rsv hosp,2026-10-31,23,quantile,0.75,1.387931413913722
2026-10-10,3,wk inc rsv hosp,2026-10-31,23,quantile,0.8,1.6911730419128181
2026-10-10,3,wk inc rsv hosp,2026-10-31,23,quantile,0.85,1.798540855539979
2026-10-10,3,wk inc rsv hosp,2026-10-31,23,quantile,0.9,1.9235879363962627
2026-10-10,3,wk inc rsv hosp,2026-10-31,23,quantile,0.95,2.4248714732247225
2026-10-10,3,wk inc rsv hosp,2026-10-31,23,quantile,0.975,2.792776637449891
2026-10-10,3,wk inc rsv hosp,2026-10-31,23,quantile,0.99,3.0369424069962445
2026-10-10,3,wk inc rsv hosp,2026-10-31,24,quantile,0.01,1.3663281054734235
2026-10-10,3,wk inc rsv hosp,2026-10-31,24,quantile,0.025,1.4359026219945552
2026-10-10,3,wk inc rsv hosp,2026-10-31,24,quantile,0.05,1.5743849354534456
2026-10-10,3,wk inc rsv hosp,2026-10-31,24,quantile,0.1,1.799702043920699
2026-10-10,3,wk inc rsv hosp,2026-10-31,24,quantile,0.15,1.8499332056618505
2026-10-10,3,wk inc rsv hosp,2026-10-31,24,quantile,0.2,2.1297211152810522
2026-10-10,3,wk inc rsv hosp,2026-10-31,24,quantile,0.25,2.7844149540078833
2026-10-10,3,wk inc rsv hosp,2026-10-31,24,quantile,0.3,3.4458781870280015
2026-10-10,3,wk inc rsv hosp,2026-10-31,24,quantile,0.35,4.4660854642089225
2026-10-10,3,wk inc rsv hosp,2026-10-31,24,quantile,0.4,4.641031211507681
2026-10-10,3,wk inc rsv hosp,2026-10-31,24,quantile,0.45,5.091109292983672
2026-10-10,3,wk inc rsv hosp,2026-10-31,24,quantile,0.5,6.598383541904184
2026-10-10,3,wk inc rsv hosp,2026-10-31,24,quantile,0.55,7.387147298616669
2026-10-10,3,wk inc rsv hosp,2026-10-31,24,quantile,0.6,8.203724708511952
2026-10-10,3,wk inc rsv hosp,2026-10-31,24,quantile,0.65,8.851928133974916
2026-10-10,3,wk inc rsv hosp,2026-10-31,24,quantile,0.7,11.453396175017028
2026-10-10,3,wk inc rsv hosp,2026-10-31,24,quantile,0.75,13.217253895046039
2026-10-10,3,wk inc rsv hosp,2026-10-31,24,quantile,0.8,15.279504781501917
2026-10-10,3,wk inc rsv hosp,2026-10-31,24,quantile,0.85,16.20895180323535
2026-10-10,3,wk inc rsv hosp,2026-10-31,24,quantile,0.9,18.126625766653202
2026-10-10,3,wk inc rsv hosp,2026-10-31,24,quantile,0.95,21.178656981929397
2026-10-10,3,wk inc rsv hosp,2026-10-31,24,quantile,0.975,22.30234486725622
2026-10-10,3,wk inc rsv hosp,2026-10-31,24,quantile,0.99,22.32036007770477
2026-10-10,3,wk inc rsv hosp,2026-10-31,25,quantile,0.01,2.2937261870025982
2026-10-10,3,wk inc rsv hosp,2026-10-31,25,quantile,0.025,2.3279581361533275
2026-10-10,3,wk inc rsv hosp,2026-10-31,25,quantile,0.05,2.5723455497666823
2026-10-10,3,wk inc rsv hosp,2026-10-31,25,quantile,0.1,4.602171587999846
2026-10-10,3,wk inc rsv hosp,2026-10-31,25,quantile,0.15,6.696514271612778
2026-10-10,3,wk inc rsv hosp,2026-10-31,25,quantile,0.2,7.772272838518405
2026-10-10,3,wk inc rsv hosp,2026-10-31,25,quantile,0.25,8.033441532757395
2026-10-10,3,wk inc rsv hosp,2026-10-31,25,quantile,0.3,8.123559018938396
2026-10-10,3,wk inc rsv hosp,2026-10-31,25,quantile,0.35,8.341165770416232
2026-10-10,3,wk inc rsv hosp,2026-10-31,25,quantile,0.4,8.445396045111316
2026-10-10,3,wk inc rsv hosp,2026-10-31,25,quantile,0.45,9.548304798934975
2026-10-10,3,wk inc rsv hosp,2026-10-31,25,quantile,0.5,10.653657173960738
2026-10-10,3,wk inc rsv hosp,2026-10-31,25,quantile,0.55,11.327484297424789
2026-10-10,3,wk inc rsv hosp,2026-10-31,25,quantile,0.6,11.554162092126614
2026-10-10,3,wk inc rsv hosp,2026-10-31,25,quantile,0.65,12.165366979421098
2026-10-10,3,wk inc rsv hosp,2026-10-31,25,quantile,0.7,12.732074411656143
2026-10-10,3,wk inc rsv hosp,2026-10-31,25,quantile,0.75,12.99466067002068
2026-10-10,3,wk inc rsv hosp,2026-10-31,25,quantile,0.8,13.7325935609004
2026-10-10,3,wk inc rsv hosp,2026-10-31,25,quantile,0.85,14.044612688787392
2026-10-10,3,wk inc rsv hosp,2026-10-31,25,quantile,0.9,15.087526220628595
2026-10-10,3,wk inc rsv hosp,2026-10-31,25,quantile,0.95,17.200854887229546
2026-10-10,3,wk inc rsv hosp,2026-10-31,25,quantile,0.975,19.09288977130505
2026-10-10,3,wk inc rsv hosp,2026-10-31,25,quantile,0.99,20.564157750725485
2026-10-10,3,wk inc rsv hosp,2026-10-31,26,quantile,0.01,8.025284048058873
2026-10-10,3,wk inc rsv hosp,2026-10-31,26,quantile,0.025,9.562564096830146
2026-10-10,3,wk inc rsv hosp,2026-10-31,26,quantile,0.05,11.456488916681266
2026-10-10,3,wk inc rsv hosp,2026-10-31,26,quantile,0.1,13.16494023833821
2026-10-10,3,wk inc rsv hosp,2026-10-31,26,quantile,0.15,15.589793141490205
2026-10-10,3,wk inc rsv hosp,2026-10-31,26,quantile,0.2,17.1786087136129
2026-10-10,3,wk inc rsv hosp,2026-10-31,26,quantile,0.25,18.15088658246888
2026-10-10,3,wk inc rsv hosp,2026-10-31,26,quantile,0.3,19.4918843240156
2026-10-10,3,wk inc rsv hosp,2026-10-31,26,quantile,0.35,21.214557467482464
2026-10-10,3,wk inc rsv hosp,2026-10-31,26,quantile,0.4,21.69512219360803
2026-10-10,3,wk inc rsv hosp,2026-10-31,26,quantile,0.45,24.396780171248416
2026-10-10,3,wk inc rsv hosp,2026-10-31,26,quantile,0.5,30.993485485430142
2026-10-10,3,wk inc rsv hosp,2026-10-31,26,quantile,0.55,36.72803737445514
2026-10-10,3,wk inc rsv hosp,2026-10-31,26,quantile,0.6,38.458626865671654
2026-10-10,3,wk inc rsv hosp,2026-10-31,26,quantile,0.65,38.57329294969989
2026-10-10,3,wk inc rsv hosp,2026-10-31,26,quantile,0.7,38.95789414193284
2026-10-10,3,wk inc rsv hosp,2026-10-31,26,quantile,0.75,56.57237510672504
2026-10-10,3,wk inc rsv hosp,2026-10-31,26,quantile,0.8,79.68017578125001
2026-10-10,3,wk inc rsv hosp,2026-10-31,26,quantile,0.85,81.51025151368854
2026-10-10,3,wk inc rsv hosp,2026-10-31,26,quantile,0.9,102.34622457793195
2026-10-10,3,wk inc rsv hosp,2026-10-31,26,quantile,0.95,149.1627272304855
2026-10-10,3,wk inc rsv hosp,2026-10-31,26,quantile,0.975,186.85858793007864
2026-10-10,3,wk inc rsv hosp,2026-10-31,26,quantile,0.99,217.7083054625959
2026-10-10,3,wk inc rsv hosp,2026-10-31,27,quantile,0.01,0.0
2026-10-10,3,wk inc rsv hosp,2026-10-31,27,quantile,0.025,0.14077934439920947
2026-10-10,3,wk inc rsv hosp,2026-10-31,27,quantile,0.05,0.5089550887292486
2026-10-10,3,wk inc rsv hosp,2026-10-31,27,quantile,0.1,1.2479407721355296
2026-10-10,3,wk inc rsv hosp,2026-10-31,27,quantile,0.15,1.494086268835551
2026-10-10,3,wk inc rsv hosp,2026-10-31,27,quantile,0.2,1.588774904742308
2026-10-10,3,wk inc rsv hosp,2026-10-31,27,quantile,0.25,2.050518928562443
2026-10-10,3,wk inc rsv hosp,2026-10-31,27,quantile,0.3,2.1066449205431708
2026-10-10,3,wk inc rsv hosp,2026-10-31,27,quantile,0.35,2.1997059144314197
2026-10-10,3,wk inc rsv hosp,2026-10-31,27,quantile,0.4,2.9379170397082635
2026-10-10,3,wk inc rsv hosp,2026-10-31,27,quantile,0.45,3.1868398833569214
2026-10-10,3,wk inc rsv hosp,2026-10-31,27,quantile,0.5,3.448176940838193
2026-10-10,3,wk inc rsv hosp,2026-10-31,27,quantile,0.55,3.8741990725983344
2026-10-10,3,wk inc rsv hosp,2026-10-31,27,quantile,0.6,4.712223252429623
2026-10-10,3,wk inc rsv hosp,2026-10-31,27,quantile,0.65,4.838594089398302
2026-10-10,3,wk inc rsv hosp,2026-10-31,27,quantile,0.7,5.003454016983427
2026-10-10,3,wk inc rsv hosp,2026-10-31,27,quantile,0.75,5.193306837670983
2026-10-10,3,wk inc rsv hosp,2026-10-31,27,quantile,0.8,5.510008848771153
2026-10-10,3,wk inc rsv hosp,2026-10-31,27,quantile,0.85,8.27532786541709
2026-10-10,3,wk inc rsv hosp,2026-10-31,27,quantile,0.9,13.206009662782048
2026-10-10,3,wk inc rsv hosp,2026-10-31,27,quantile,0.95,15.173521858936011
2026-10-10,3,wk inc rsv hosp,2026-10-31,27,quantile,0.975,16.2168774972764
2026-10-10,3,wk inc rsv hosp,2026-10-31,27,quantile,0.99,17.02584179463633
2026-10-10,3,wk inc rsv hosp,2026-10-31,28,quantile,0.01,2.0862675124122365
2026-10-10,3,wk inc rsv hosp,2026-10-31,28,quantile,0.025,2.8073947933996095
2026-10-10,3,wk inc rsv hosp,2026-10-31,28,quantile,0.05,3.7655170786133167
2026-10-10,3,wk inc rsv hosp,2026-10-31,28,quantile,0.1,4.088234805294913
2026-10-10,3,wk inc rsv hosp,2026-10-31,28,quantile,0.15,4.894768918889107
2026-10-10,3,wk inc rsv hosp,2026-10-31,28,quantile,0.2,5.1688900510514255
2026-10-10,3,wk inc rsv hosp,2026-10-31,28,quantile,0.25,5.602621977991165
2026-10-10,3,wk inc rsv hosp,2026-10-31,28,quantile,0.3,6.7542868991005856
2026-10-10,3,wk inc rsv hosp,2026-10-31,28,quantile,0.35,8.286987810165057
2026-10-10,3,wk inc rsv hosp,2026-10-31,28,quantile,0.4,9.367045701303526
2026-10-10,3,wk inc rsv hosp,2026-10-31,28,quantile,0.45,11.071782855514279
2026-10-10,3,wk inc rsv hosp,2026-10-31,28,quantile,0.5,11.69792957840244
2026-10-10,3,wk inc rsv hosp,2026-10-31,28,quantile,0.55,11.930298000055734
2026-10-10,3,wk inc rsv hosp,2026-10-31,28,quantile,0.6,11.95196148372842
2026-10-10,3,wk inc rsv hosp,2026-10-31,28,quantile,0.65,12.260394757225024
2026-10-10,3,wk inc rsv hosp,2026-10-31,28,quantile,0.7,13.253554631228337
2026-10-10,3,wk inc rsv hosp,2026-10-31,28,quantile,0.75,14.216097781497842
2026-10-10,3,wk inc rsv hosp,2026-10-31,28,quantile,0.8,16.336306505542403
2026-10-10,3,wk inc rsv hosp,2026-10-31,28,quantile,0.85,17.040958450071585
2026-10-10,3,wk inc rsv hosp,2026-10-31,28,quantile,0.9,17.864852726634286
2026-10-10,3,wk inc rsv hosp,2026-10-31,28,quantile,0.95,22.82142729701871
2026-10-10,3,wk inc rsv hosp,2026-10-31,28,quantile,0.975,25.582742694539853
2026-10-10,3,wk inc rsv hosp,2026-10-31,28,quantile,0.99,26.70872707030448
2026-10-10,3,wk inc rsv hosp,2026-10-31,29,quantile,0.01,5.720880787942038
2026-10-10,3,wk inc rsv hosp,2026-10-31,29,quantile,0.025,5.741142663118581
2026-10-10,3,wk inc rsv hosp,2026-10-31,29,quantile,0.05,5.865287139452272
2026-10-10,3,wk inc rsv hosp,2026-10-31,29,quantile,0.1,6.22526430185006
2026-10-10,3,wk inc rsv hosp,2026-10-31,29,quantile,0.15,6.7649009439317345
2026-10-10,3,wk inc rsv hosp,2026-10-31,29,quantile,0.2,7.007537535533837
2026-10-10,3,wk inc rsv hosp,2026-10-31,29,quantile,0.25,8.768740488906278
2026-10-10,3,wk inc rsv hosp,2026-10-31,29,quantile,0.3,10.22836415480732
2026-10-10,3,wk inc rsv hosp,2026-10-31,29,quantile,0.35,10.442883257707965
2026-10-10,3,wk inc rsv hosp,2026-10-31,29,quantile,0.4,11.124894874540573
2026-10-10,3,wk inc rsv hosp,2026-10-31,29,quantile,0.45,11.606868112244909
2026-10-10,3,wk inc rsv hosp,2026-10-31,29,quantile,0.5,11.991447501220502
2026-10-10,3,wk inc rsv hosp,2026-10-31,29,quantile,0.55,12.37958390917878
2026-10-10,3,wk inc rsv hosp,2026-10-31,29,quantile,0.6,12.886779785156252
2026-10-10,3,wk inc rsv hosp,2026-10-31,29,quantile,0.65,14.15183023592096
2026-10-10,3,wk inc rsv hosp,2026-10-31,29,quantile,0.7,14.41835854717313
2026-10-10,3,wk inc rsv hosp,2026-10-31,29,quantile,0.75,14.682319289313892
2026-10-10,3,wk inc rsv hosp,2026-10-31,29,quantile,0.8,15.756392034906048
2026-10-10,3,wk inc rsv hosp,2026-10-31,29,quantile,0.85,20.239481571159594
2026-10-10,3,wk inc rsv hosp,2026-10-31,29,quantile,0.9,27.512266932717484
2026-10-10,3,wk inc rsv hosp,2026-10-31,29,quantile,0.95,38.357458879656726
2026-10-10,3,wk inc rsv hosp,2026-10-31,29,quantile,0.975,41.068898634825516
2026-10-10,3,wk inc rsv hosp,2026-10-31,29,quantile,0.99,41.48146461905632
2026-10-10,3,wk inc rsv hosp,2026-10-31,30,quantile,0.01,0.0
2026-10-10,3,wk inc rsv hosp,2026-10-31,30,quantile,0.025,0.0
2026-10-10,3,wk inc rsv hosp,2026-10-31,30,quantile,0.05,0.0
2026-10-10,3,wk inc rsv hosp,2026-10-31,30,quantile,0.1,0.0
2026-10-10,3,wk inc rsv hosp,2026-10-31,30,quantile,0.15,0.0
2026-10-10,3,wk inc rsv hosp,2026-10-31,30,quantile,0.2,0.0
2026-10-10,3,wk inc rsv hosp,2026-10-31,30,quantile,0.25,0.0
2026-10-10,3,wk inc rsv hosp,2026-10-31,30,quantile,0.3,0.24391688835975572
2026-10-10,3,wk inc rsv hosp,2026-10-31,30,quantile,0.35,0.2600893974304199
2026-10-10,3,wk inc rsv hosp,2026-10-31,30,quantile,0.4,0.2600893974304199
2026-10-10,3,wk inc rsv hosp,2026-10-31,30,quantile,0.45,0.38696859104213854
2026-10-10,3,wk inc rsv hosp,2026-10-31,30,quantile,0.5,0.5264416249732496
2026-10-10,3,wk inc rsv hosp,2026-10-31,30,quantile,0.55,0.6045148304509789
2026-10-10,3,wk inc rsv hosp,2026-10-31,30,quantile,0.6,0.6247959999948223
2026-10-10,3,wk inc rsv hosp,2026-10-31,30,quantile,0.65,0.7144872746745237
2026-10-10,3,wk inc rsv hosp,2026-10-31,30,quantile,0.7,0.9774458472552998
2026-10-10,3,wk inc rsv hosp,2026-10-31,30,quantile,0.75,1.0726428781155752
2026-10-10,3,wk inc rsv hosp,2026-10-31,30,quantile,0.8,1.5201787948608398
2026-10-10,3,wk inc rsv hosp,2026-10-31,30,quantile,0.85,2.3843071620359106
2026-10-10,3,wk inc rsv hosp,2026-10-31,30,quantile,0.9,2.722650457709034
2026-10-10,3,wk inc rsv hosp,2026-10-31,30,quantile,0.95,2.964752373030441
2026-10-10,3,wk inc rsv hosp,2026-10-31,30,quantile,0.975,3.196727232053417
2026-10-10,3,wk inc rsv hosp,2026-10-31,30,quantile,0.99,3.417255083765198
2026-10-10,3,wk inc rsv hosp,2026-10-31,31,quantile,0.01,0.35033015311103527
2026-10-10,3,wk inc rsv hosp,2026-10-31,31,quantile,0.025,0.451713830698816
2026-10-10,3,wk inc rsv hosp,2026-10-31,31,quantile,0.05,0.5668843256400351
2026-10-10,3,wk inc rsv hosp,2026-10-31,31,quantile,0.1,0.6296072896007089
2026-10-10,3,wk inc rsv hosp,2026-10-31,31,quantile,0.15,0.9149251253165969
2026-10-10,3,wk inc rsv hosp,2026-10-31,31,quantile,0.2,1.2779445904951514
2026-10-10,3,wk inc rsv hosp,2026-10-31,31,quantile,0.25,1.4199092362686487
2026-10-10,3,wk inc rsv hosp,2026-10-31,31,quantile,0.3,1.545078579306951
2026-10-10,3,wk inc rsv hosp,2026-10-31,31,quantile,0.35,1.757924168472512
2026-10-10,3,wk inc rsv hosp,2026-10-31,31,quantile,0.4,1.8824122505932035
2026-10-10,3,wk inc rsv hosp,2026-10-31,31,quantile,0.45,2.432826748619986
2026-10-10,3,wk inc rsv hosp,2026-10-31,31,quantile,0.5,2.5051764808036077
2026-10-10,3,wk inc rsv hosp,2026-10-31,31,quantile,0.55,2.592147377515077
2026-10-10,3,wk inc rsv hosp,2026-10-31,31,quantile,0.6,2.769941723578494
2026-10-10,3,wk inc rsv hosp,2026-10-31,31,quantile,0.65,3.090365705596685
2026-10-10,3,wk inc rsv hosp,2026-10-31,31,quantile,0.7,3.40319536928971
2026-10-10,3,wk inc rsv hosp,2026-10-31,31,quantile,0.75,3.7579792491709183
2026-10-10,3,wk inc rsv hosp,2026-10-31,31,quantile,0.8,3.960915236238233
2026-10-10,3,wk inc rsv hosp,2026-10-31,31,quantile,0.85,4.945076798699867
2026-10-10,3,wk inc rsv hosp,2026-10-31,31,quantile,0.9,6.617819175114331
2026-10-10,3,wk inc rsv hosp,2026-10-31,31,quantile,0.95,8.084126031448628
2026-10-10,3,wk inc rsv hosp,2026-10-31,31,quantile,0.975,8.572072091702845
2026-10-10,3,wk inc rsv hosp,2026-10-31,31,quantile,0.99,8.818713844405504
2026-10-10,3,wk inc rsv hosp,2026-10-31,32,quantile,0.01,0.0
2026-10-10,3,wk inc rsv hosp,2026-10-31,32,quantile,0.025,0.0
2026-10-10,3,wk inc rsv hosp,2026-10-31,32,quantile,0.05,0.0
2026-10-10,3,wk inc rsv hosp,2026-10-31,32,quantile,0.1,0.5201858194754836
2026-10-10,3,wk inc rsv hosp,2026-10-31,32,quantile,0.15,0.5555557904810092
2026-10-10,3,wk inc rsv hosp,2026-10-31,32,quantile,0.2,0.6252530490101637
2026-10-10,3,wk inc rsv hosp,2026-10-31,32,quantile,0.25,0.9247678214974155
2026-10-10,3,wk inc rsv hosp,2026-10-31,32,quantile,0.3,1.7639630378778501
2026-10-10,3,wk inc rsv hosp,2026-10-31,32,quantile,0.35,2.516502443845437
2026-10-10,3,wk inc rsv hosp,2026-10-31,32,quantile,0.4,3.112846856923247
2026-10-10,3,wk inc rsv hosp,2026-10-31,32,quantile,0.45,3.5952846742477216
2026-10-10,3,wk inc rsv hosp,2026-10-31,32,quantile,0.5,4.016893972351524
2026-10-10,3,wk inc rsv hosp,2026-10-31,32,quantile,0.55,4.095474819636912
2026-10-10,3,wk inc rsv hosp,2026-10-31,32,quantile,0.6,4.664981758859383
2026-10-10,3,wk inc rsv hosp,2026-10-31,32,quantile,0.65,5.026658361329396
2026-10-10,3,wk inc rsv hosp,2026-10-31,32,quantile,0.7,5.820982280106923
2026-10-10,3,wk inc rsv hosp,2026-10-31,32,quantile,0.75,6.2816685430245105
2026-10-10,3,wk inc rsv hosp,2026-10-31,32,quantile,0.8,6.5621442796331175
2026-10-10,3,wk inc rsv hosp,2026-10-31,32,quantile,0.85,6.68197754934112
2026-10-10,3,wk inc rsv hosp,2026-10-31,32,quantile,0.9,9.600773711185862
2026-10-10,3,wk inc rsv hosp,2026-10-31,32,quantile,0.95,14.960907881149248
2026-10-10,3,wk inc rsv hosp,2026-10-31,32,quantile,0.975,18.59383042315433
2026-10-10,3,wk inc rsv hosp,2026-10-31,32,quantile,0.99,22.014773231196322
2026-10-10,3,wk inc rsv hosp,2026-10-31,33,quantile,0.01,0.24660470013109007
2026-10-10,3,wk inc rsv hosp,2026-10-31,33,quantile,0.025,0.34882735343597115
2026-10-10,3,wk inc rsv hosp,2026-10-31,33,quantile,0.05,0.6113226909134819
2026-10-10,3,wk inc rsv hosp,2026-10-31,33,quantile,0.1,1.2940562930602446
2026-10-10,3,wk inc rsv hosp,2026-10-31,33,quantile,0.15,1.4273456602884593
2026-10-10,3,wk inc rsv hosp,2026-10-31,33,quantile,0.2,1.4806681145380902
2026-10-10,3,wk inc rsv hosp,2026-10-31,33,quantile,0.25,1.6971911804999043
2026-10-10,3,wk inc rsv hosp,2026-10-31,33,quantile,0.3,2.200789326328416
2026-10-10,3,wk inc rsv hosp,2026-10-31,33,quantile,0.35,2.558643978790332
2026-10-10,3,wk inc rsv hosp,2026-10-31,33,quantile,0.4,2.7540569101471606
2026-10-10,3,wk inc rsv hosp,2026-10-31,33,quantile,0.45,3.165752468440195
2026-10-10,3,wk inc rsv hosp,2026-10-31,33,quantile,0.5,3.2165098937198837
2026-10-10,3,wk inc rsv hosp,2026-10-31,33,quantile,0.55,3.720659104189162
2026-10-10,3,wk inc rsv hosp,2026-10-31,33,quantile,0.6,4.185171932963244
2026-10-10,3,wk inc rsv hosp,2026-10-31,33,quantile,0.65,5.358824451373225
2026-10-10,3,wk inc rsv hosp,2026-10-31,33,quantile,0.7,5.8290714652463524
2026-10-10,3,wk inc rsv hosp,2026-10-31,33,quantile,0.75,6.0847857385263495
2026-10-10,3,wk inc rsv hosp,2026-10-31,33,quantile,0.8,6.265886836584478
2026-10-10,3,wk inc rsv hosp,2026-10-31,33,quantile,0.85,7.142014768452449
2026-10-10,3,wk inc rsv hosp,2026-10-31,33,quantile,0.9,7.873576605370598
2026-10-10,3,wk inc rsv hosp,2026-10-31,33,quantile,0.95,8.040171001950412
2026-10-10,3,wk inc rsv hosp,2026-10-31,33,quantile,0.975,8.707627511264652
2026-10-10,3,wk inc rsv hosp,2026-10-31,33,quantile,0.99,9.375101884751958
2026-10-10,3,wk inc rsv hosp,2026-10-31,34,quantile,0.01,11.856097306115267
2026-10-10,3,wk inc rsv hosp,2026-10-31,34,quantile,0.025,13.111080698667761
2026-10-10,3,wk inc rsv hosp,2026-10-31,34,quantile,0.05,14.550662957567843
2026-10-10,3,wk inc rsv hosp,2026-10-31,34,quantile,0.1,14.776967896936252
2026-10-10,3,wk inc rsv hosp,2026-10-31,34,quantile,0.15,15.815503466574022
2026-10-10,3,wk inc rsv hosp,2026-10-31,34,quantile,0.2,18.73180607046079
2026-10-10,3,wk inc rsv hosp,2026-10-31,34,quantile,0.25,19.91558872821495
2026-10-10,3,wk inc rsv hosp,2026-10-31,34,quantile,0.3,26.933786084901904
2026-10-10,3,wk inc rsv hosp,2026-10-31,34,quantile,0.35,32.06549886916155
2026-10-10,3,wk inc rsv hosp,2026-10-31,34,quantile,0.4,36.5401463528471
2026-10-10,3,wk inc rsv hosp,2026-10-31,34,quantile,0.45,36.59086076723345
2026-10-10,3,wk inc rsv hosp,2026-10-31,34,quantile,0.5,36.61673067965832
2026-10-10,3,wk inc rsv hosp,2026-10-31,34,quantile,0.55,42.93707550792176
2026-10-10,3,wk inc rsv hosp,2026-10-31,34,quantile,0.6,46.131098625858755
2026-10-10,3,wk inc rsv hosp,2026-10-31,34,quantile,0.65,50.610401648266006
2026-10-10,3,wk inc rsv hosp,2026-10-31,34,quantile,0.7,53.22447915080622
2026-10-10,3,wk inc rsv hosp,2026-10-31,34,quantile,0.75,58.818721199788484
2026-10-10,3,wk inc rsv hosp,2026-10-31,34,quantile,0.8,62.363429054978546
2026-10-10,3,wk inc rsv hosp,2026-10-31,34,quantile,0.85,76.14242040664605
2026-10-10,3,wk inc rsv hosp,2026-10-31,34,quantile,0.9,97.96126294424553
2026-10-10,3,wk inc rsv hosp,2026-10-31,34,quantile,0.95,106.0037674942966
2026-10-10,3,wk inc rsv hosp,2026-10-31,34,quantile,0.975,165.5391085506249
2026-10-10,3,wk inc rsv hosp,2026-10-31,34,quantile,0.99,255.66964636275924
2026-10-10,3,wk inc rsv hosp,2026-10-31,35,quantile,0.01,1.9232736472326595
2026-10-10,3,wk inc rsv hosp,2026-10-31,35,quantile,0.025,1.9770678758933058
2026-10-10,3,wk inc rsv hosp,2026-10-31,35,quantile,0.05,2.072172978275287
2026-10-10,3,wk inc rsv hosp,2026-10-31,35,quantile,0.1,2.231670292728082
2026-10-10,3,wk inc rsv hosp,2026-10-31,35,quantile,0.15,2.3363476384515485
2026-10-10,3,wk inc rsv hosp,2026-10-31,35,quantile,0.2,2.3734488928851087
2026-10-10,3,wk inc rsv hosp,2026-10-31,35,quantile,0.25,2.6055032389621497
2026-10-10,3,wk inc rsv hosp,2026-10-31,35,quantile,0.3,2.8876254906818293
2026-10-10,3,wk inc rsv hosp,2026-10-31,35,quantile,0.35,3.2680651680620305
2026-10-10,3,wk inc rsv hosp,2026-10-31,35,quantile,0.4,3.317544159908931
2026-10-10,3,wk inc rsv hosp,2026-10-31,35,quantile,0.45,3.501183820036508
2026-10-10,3,wk inc rsv hosp,2026-10-31,35,quantile,0.5,3.6078529068506953
2026-10-10,3,wk inc rsv hosp,2026-10-31,35,quantile,0.55,3.6962436494714828
2026-10-10,3,wk inc rsv hosp,2026-10-31,35,quantile,0.6,3.7386734284511385
2026-10-10,3,wk inc rsv hosp,2026-10-31,35,quantile,0.65,4.0471790500655125
2026-10-10,3,wk inc rsv hosp,2026-10-31,35,quantile,0.7,4.615207022148338
2026-10-10,3,wk inc rsv hosp,2026-10-31,35,quantile,0.75,4.657269665565488
2026-10-10,3,wk inc rsv hosp,2026-10-31,35,quantile,0.8,4.978000039042571
2026-10-10,3,wk inc rsv hosp,2026-10-31,35,quantile,0.85,5.783492499423937
2026-10-10,3,wk inc rsv hosp,2026-10-31,35,quantile,0.9,9.012787409861783
2026-10-10,3,wk inc rsv hosp,2026-10-31,35,quantile,0.95,11.40870942037738
2026-10-10,3,wk inc rsv hosp,2026-10-31,35,quantile,0.975,12.105714043785001
2026-10-10,3,wk inc rsv hosp,2026-10-31,35,quantile,0.99,12.21809882065152
2026-10-10,3,wk inc rsv hosp,2026-10-31,36,quantile,0.01,59.1384548629362
2026-10-10,3,wk inc rsv hosp,2026-10-31,36,quantile,0.025,62.79909044881505
2026-10-10,3,wk inc rsv hosp,2026-10-31,36,quantile,0.05,67.16804068681114
2026-10-10,3,wk inc rsv hosp,2026-10-31,36,quantile,0.1,69.18937215065714
2026-10-10,3,wk inc rsv hosp,2026-10-31,36,quantile,0.15,70.97718730284633
2026-10-10,3,wk inc rsv hosp,2026-10-31,36,quantile,0.2,73.40328591308844
2026-10-10,3,wk inc rsv hosp,2026-10-31,36,quantile,0.25,76.00865891363816
2026-10-10,3,wk inc rsv hosp,2026-10-31,36,quantile,0.3,83.72334746692532
2026-10-10,3,wk inc rsv hosp,2026-10-31,36,quantile,0.35,89.5917655965994
2026-10-10,3,wk inc rsv hosp,2026-10-31,36,quantile,0.4,95.63117420853482
2026-10-10,3,wk inc rsv hosp,2026-10-31,36,quantile,0.45,102.02289149386188
2026-10-10,3,wk inc rsv hosp,2026-10-31,36,quantile,0.5,103.12070398365347
2026-10-10,3,wk inc rsv hosp,2026-10-31,36,quantile,0.55,104.86785914482637
2026-10-10,3,wk inc rsv hosp,2026-10-31,36,quantile,0.6,105.62347773203757
2026-10-10,3,wk inc rsv hosp,2026-10-31,36,quantile,0.65,108.10949065861783
2026-10-10,3,wk inc rsv hosp,2026-10-31,36,quantile,0.7,117.0567825417591
2026-10-10,3,wk inc rsv hosp,2026-10-31,36,quantile,0.75,129.80286122952697
2026-10-10,3,wk inc rsv hosp,2026-10-31,36,quantile,0.8,141.56914895415443
2026-10-10,3,wk inc rsv hosp,2026-10-31,36,quantile,0.85,184.45336673731157
2026-10-10,3,wk inc rsv hosp,2026-10-31,36,quantile,0.9,319.12745908056775
2026-10-10,3,wk inc rsv hosp,2026-10-31,36,quantile,0.95,369.1885090737045
2026-10-10,3,wk inc rsv hosp,2026-10-31,36,quantile,0.975,553.9543219388149
2026-10-10,3,wk inc rsv hosp,2026-10-31,36,quantile,0.99,802.9887463734274
2026-10-10,3,wk inc rsv hosp,2026-10-31,37,quantile,0.01,10.773909195451077
2026-10-10,3,wk inc rsv hosp,2026-10-31,37,quantile,0.025,13.022767131251083
2026-10-10,3,wk inc rsv hosp,2026-10-31,37,quantile,0.05,15.826400153534342
2026-10-10,3,wk inc rsv hosp,2026-10-31,37,quantile,0.1,16.261101462551856
2026-10-10,3,wk inc rsv hosp,2026-10-31,37,quantile,0.15,16.459022219063723
2026-10-10,3,wk inc rsv hosp,2026-10-31,37,quantile,0.2,19.74289215961356
2026-10-10,3,wk inc rsv hosp,2026-10-31,37,quantile,0.25,21.751790683642646
2026-10-10,3,wk inc rsv hosp,2026-10-31,37,quantile,0.3,26.68960393131386
2026-10-10,3,wk inc rsv hosp,2026-10-31,37,quantile,0.35,28.365605208143304
2026-10-10,3,wk inc rsv hosp,2026-10-31,37,quantile,0.4,29.81577767099664
2026-10-10,3,wk inc rsv hosp,2026-10-31,37,quantile,0.45,32.41438789424764
2026-10-10,3,wk inc rsv hosp,2026-10-31,37,quantile,0.5,34.649960076138804
2026-10-10,3,wk inc rsv hosp,2026-10-31,37,quantile,0.55,42.82599117775898
2026-10-10,3,wk inc rsv hosp,2026-10-31,37,quantile,0.6,49.44605555469815
2026-10-10,3,wk inc rsv hosp,2026-10-31,37,quantile,0.65,52.11658254755477
2026-10-10,3,wk inc rsv hosp,2026-10-31,37,quantile,0.7,55.481080759756615
2026-10-10,3,wk inc rsv hosp,2026-10-31,37,quantile,0.75,59.66986132747987
2026-10-10,3,wk inc rsv hosp,2026-10-31,37,quantile,0.8,62.66189417719721
2026-10-10,3,wk inc rsv hosp,2026-10-31,37,quantile,0.85,69.15667786205363
2026-10-10,3,wk inc rsv hosp,2026-10-31,37,quantile,0.9,83.70451518796024
2026-10-10,3,wk inc rsv hosp,2026-10-31,37,quantile,0.95,92.29048159833587
2026-10-10,3,wk inc rsv hosp,2026-10-31,37,quantile,0.975,105.1870901766451
2026-10-10,3,wk inc rsv hosp,2026-10-31,37,quantile,0.99,117.17653871226842
2026-10-10,3,wk inc rsv hosp,2026-10-31,38,quantile,0.01,0.0
2026-10-10,3,wk inc rsv hosp,2026-10-31,38,quantile,0.025,0.0
2026-10-10,3,wk inc rsv hosp,2026-10-31,38,quantile,0.05,0.0
2026-10-10,3,wk inc rsv hosp,2026-10-31,38,quantile,0.1,0.0
2026-10-10,3,wk inc rsv hosp,2026-10-31,38,quantile,0.15,0.0
2026-10-10,3,wk inc rsv hosp,2026-10-31,38,quantile,0.2,0.0
2026-10-10,3,wk inc rsv hosp,2026-10-31,38,quantile,0.25,0.0
2026-10-10,3,wk inc rsv hosp,2026-10-31,38,quantile,0.3,0.004801138073662206
2026-10-10,3,wk inc rsv hosp,2026-10-31,38,quantile,0.35,0.020704622389531177
2026-10-10,3,wk inc rsv hosp,2026-10-31,38,quantile,0.4,0.06092746095516316
2026-10-10,3,wk inc rsv hosp,2026-10-31,38,quantile,0.45,0.08414781988282108
2026-10-10,3,wk inc rsv hosp,2026-10-31,38,quantile,0.5,0.15185595432858062
2026-10-10,3,wk inc rsv hosp,2026-10-31,38,quantile,0.55,0.21585531271074457
2026-10-10,3,wk inc rsv hosp,2026-10-31,38,quantile,0.6,0.2632214512599838
2026-10-10,3,wk inc rsv hosp,2026-10-31,38,quantile,0.65,0.317303498702947
2026-10-10,3,wk inc rsv hosp,2026-10-31,38,quantile,0.7,0.41984499895943656
2026-10-10,3,wk inc rsv hosp,2026-10-31,38,quantile,0.75,0.5013522963705535
2026-10-10,3,wk inc rsv hosp,2026-10-31,38,quantile,0.8,0.5083614981523191
2026-10-10,3,wk inc rsv hosp,2026-10-31,38,quantile,0.85,0.5701381640891546
2026-10-10,3,wk inc rsv hosp,2026-10-31,38,quantile,0.9,0.6702982090237707
2026-10-10,3,wk inc rsv hosp,2026-10-31,38,quantile,0.95,1.023929738244425
2026-10-10,3,wk inc rsv hosp,2026-10-31,38,quantile,0.975,1.317635552803427
2026-10-10,3,wk inc rsv hosp,2026-10-31,38,quantile,0.99,1.5205457744294066
2026-10-10,3,wk inc rsv hosp,2026-10-31,39,quantile,0.01,6.537900772990454
2026-10-10,3,wk inc rsv hosp,2026-10-31,39,quantile,0.025,7.220263949307915
2026-10-10,3,wk inc rsv hosp,2026-10-31,39,quantile,0.05,8.0217722333229
2026-10-10,3,wk inc rsv hosp,2026-10-31,39,quantile,0.1,8.420909761491266
2026-10-10,3,wk inc rsv hosp,2026-10-31,39,quantile,0.15,8.987222587006157
2026-10-10,3,wk inc rsv hosp,2026-10-31,39,quantile,0.2,9.94992450208769
2026-10-10,3,wk inc rsv hosp,2026-10-31,39,quantile,0.25,12.806906950477508
2026-10-10,3,wk inc rsv hosp,2026-10-31,39,quantile,0.3,14.091042079717091
2026-10-10,3,wk inc rsv hosp,2026-10-31,39,quantile,0.35,14.648980543759958
2026-10-10,3,wk inc rsv hosp,2026-10-31,39,quantile,0.4,16.375468328952213
2026-10-10,3,wk inc rsv hosp,2026-10-31,39,quantile,0.45,16.973149021793468
2026-10-10,3,wk inc rsv hosp,2026-10-31,39,quantile,0.5,17.416734692752012
2026-10-10,3,wk inc rsv hosp,2026-10-31,39,quantile,0.55,19.642919287622316
2026-10-10,3,wk inc rsv hosp,2026-10-31,39,quantile,0.6,24.32897039994604
2026-10-10,3,wk inc rsv hosp,2026-10-31,39,quantile,0.65,35.441631784624796
2026-10-10,3,wk inc rsv hosp,2026-10-31,39,quantile,0.7,38.54410476792824
2026-10-10,3,wk inc rsv hosp,2026-10-31,39,quantile,0.75,42.85226407448874
2026-10-10,3,wk inc rsv hosp,2026-10-31,39,quantile,0.8,49.13551922352663
2026-10-10,3,wk inc rsv hosp,2026-10-31,39,quantile,0.85,54.68777361869556
2026-10-10,3,wk inc rsv hosp,2026-10-31,39,quantile,0.9,58.18055564829433
2026-10-10,3,wk inc rsv hosp,2026-10-31,39,quantile,0.95,78.07628291761449
2026-10-10,3,wk inc rsv hosp,2026-10-31,39,quantile,0.975,88.38463941941768
2026-10-10,3,wk inc rsv hosp,2026-10-31,39,quantile,0.99,90.93466265119336
2026-10-10,3,wk inc rsv hosp,2026-10-31,40,quantile,0.01,0.0
2026-10-10,3,wk inc rsv hosp,2026-10-31,40,quantile,0.025,0.0
2026-10-10,3,wk inc rsv hosp,2026-10-31,40,quantile,0.05,0.10347855744414561
2026-10-10,3,wk inc rsv hosp,2026-10-31,40,quantile,0.1,0.6540453469828943
2026-10-10,3,wk inc rsv hosp,2026-10-31,40,quantile,0.15,1.659147692020148
2026-10-10,3,wk inc rsv hosp,2026-10-31,40,quantile,0.2,1.7841786060031404
2026-10-10,3,wk inc rsv hosp,2026-10-31,40,quantile,0.25,1.889034233946589
2026-10-10,3,wk inc rsv hosp,2026-10-31,40,quantile,0.3,2.0050334053075716
2026-10-10,3,wk inc rsv hosp,2026-10-31,40,quantile,0.35,2.3087097763851503
2026-10-10,3,wk inc rsv hosp,2026-10-31,40,quantile,0.4,3.008902025979099
2026-10-10,3,wk inc rsv hosp,2026-10-31,40,quantile,0.45,3.542758584779576
2026-10-10,3,wk inc rsv hosp,2026-10-31,40,quantile,0.5,3.620660255613489
2026-10-10,3,wk inc rsv hosp,2026-10-31,40,quantile,0.55,4.023849946641848
2026-10-10,3,wk inc rsv hosp,2026-10-31,40,quantile,0.6,4.68849634227645
2026-10-10,3,wk inc rsv hosp,2026-10-31,40,quantile,0.65,5.158268715217251
2026-10-10,3,wk inc rsv hosp,2026-10-31,40,quantile,0.7,5.348156504887158
2026-10-10,3,wk inc rsv hosp,2026-10-31,40,quantile,0.75,5.725641190673132
2026-10-10,3,wk inc rsv hosp,2026-10-31,40,quantile,0.8,5.97215130933235
2026-10-10,3,wk inc rsv hosp,2026-10-31,40,quantile,0.85,6.3139426068274025
2026-10-10,3,wk inc rsv hosp,2026-10-31,40,quantile,0.9,7.782584006424467
2026-10-10,3,wk inc rsv hosp,2026-10-31,40,quantile,0.95,9.525523095687635
2026-10-10,3,wk inc rsv hosp,2026-10-31,40,quantile,0.975,15.274547346705702
2026-10-10,3,wk inc rsv hosp,2026-10-31,40,quantile,0.99,24.135586803132675
2026-10-10,3,wk inc rsv hosp,2026-10-31,41,quantile,0.01,0.8579849333965394
2026-10-10,3,wk inc rsv hosp,2026-10-31,41,quantile,0.025,0.988388555542272
2026-10-10,3,wk inc rsv hosp,2026-10-31,41,quantile,0.05,1.2067850294004043
2026-10-10,3,wk inc rsv hosp,2026-10-31,41,quantile,0.1,1.567365489842342
2026-10-10,3,wk inc rsv hosp,2026-10-31,41,quantile,0.15,1.9952195348562065
2026-10-10,3,wk inc rsv hosp,2026-10-31,41,quantile,0.2,2.133236186361203
2026-10-10,3,wk inc rsv hosp,2026-10-31,41,quantile,0.25,2.939755611772341
2026-10-10,3,wk inc rsv hosp,2026-10-31,41,quantile,0.3,3.117032639302003
2026-10-10,3,wk inc rsv hosp,2026-10-31,41,quantile,0.35,3.3940870212147356
2026-10-10,3,wk inc rsv hosp,2026-10-31,41,quantile,0.4,3.4939548732771355
2026-10-10,3,wk inc rsv hosp,2026-10-31,41,quantile,0.45,3.621222792005845
2026-10-10,3,wk inc rsv hosp,2026-10-31,41,quantile,0.5,3.719111744861225
2026-10-10,3,wk inc rsv hosp,2026-10-31,41,quantile,0.55,3.8769969841568495
2026-10-10,3,wk inc rsv hosp,2026-10-31,41,quantile,0.6,4.228501452666196
2026-10-10,3,wk inc rsv hosp,2026-10-31,41,quantile,0.65,5.2837243880877836
2026-10-10,3,wk inc rsv hosp,2026-10-31,41,quantile,0.7,5.539035552119209
2026-10-10,3,wk inc rsv hosp,2026-10-31,41,quantile,0.75,6.20379692253878
2026-10-10,3,wk inc rsv hosp,2026-10-31,41,quantile,0.8,8.837566375732422
2026-10-10,3,wk inc rsv hosp,2026-10-31,41,quantile,0.85,10.021001196079908
2026-10-10,3,wk inc rsv hosp,2026-10-31,41,quantile,0.9,12.896229927432682
2026-10-10,3,wk inc rsv hosp,2026-10-31,41,quantile,0.95,14.403036947922171
2026-10-10,3,wk inc rsv hosp,2026-10-31,41,quantile,0.975,15.927067441755307
2026-10-10,3,wk inc rsv hosp,2026-10-31,41,quantile,0.99,17.52606965518419
2026-10-10,3,wk inc rsv hosp,2026-10-31,42,quantile,0.01,49.24006256662437
2026-10-10,3,wk inc rsv hosp,2026-10-31,42,quantile,0.025,49.48976910452692
2026-10-10,3,wk inc rsv hosp,2026-10-31,42,quantile,0.05,50.05680932592126
2026-10-10,3,wk inc rsv hosp,2026-10-31,42,quantile,0.1,52.31252389402294
2026-10-10,3,wk inc rsv hosp,2026-10-31,42,quantile,0.15,56.39994563050012
2026-10-10,3,wk inc rsv hosp,2026-10-31,42,quantile,0.2,58.97547293430546
2026-10-10,3,wk inc rsv hosp,2026-10-31,42,quantile,0.25,62.48310163297587
2026-10-10,3,wk inc rsv hosp,2026-10-31,42,quantile,0.3,66.26689548598621
2026-10-10,3,wk inc rsv hosp,2026-10-31,42,quantile,0.35,71.78599418638959
2026-10-10,3,wk inc rsv hosp,2026-10-31,42,quantile,0.4,80.97258175450288
2026-10-10,3,wk inc rsv hosp,2026-10-31,42,quantile,0.45,83.14886317437745
2026-10-10,3,wk inc rsv hosp,2026-10-31,42,quantile,0.5,87.85566547976916
2026-10-10,3,wk inc rsv hosp,2026-10-31,42,quantile,0.55,92.7559162069737
2026-10-10,3,wk inc rsv hosp,2026-10-31,42,quantile,0.6,94.75119687471562
2026-10-10,3,wk inc rsv hosp,2026-10-31,42,quantile,0.65,95.54462699820732
2026-10-10,3,wk inc rsv hosp,2026-10-31,42,quantile,0.7,96.62384103393883
2026-10-10,3,wk inc rsv hosp,2026-10-31,42,quantile,0.75,99.23579945647586
2026-10-10,3,wk inc rsv hosp,2026-10-31,42,quantile,0.8,103.81490686147357
2026-10-10,3,wk inc rsv hosp,2026-10-31,42,quantile,0.85,110.46459502977932
2026-10-10,3,wk inc rsv hosp,2026-10-31,42,quantile,0.9,112.33196343387745
2026-10-10,3,wk inc rsv hosp,2026-10-31,42,quantile,0.95,113.7001891444874
2026-10-10,3,wk inc rsv hosp,2026-10-31,42,quantile,0.975,116.27916725596836
2026-10-10,3,wk inc rsv hosp,2026-10-31,42,quantile,0.99,118.48108806600922
2026-10-10,3,wk inc rsv hosp,2026-10-31,44,quantile,0.01,1.0769079723635235
2026-10-10,3,wk inc rsv hosp,2026-10-31,44,quantile,0.025,1.2435758894443285
2026-10-10,3,wk inc rsv hosp,2026-10-31,44,quantile,0.05,1.4950944746667796
2026-10-10,3,wk inc rsv hosp,2026-10-31,44,quantile,0.1,1.7896285573083288
2026-10-10,3,wk inc rsv hosp,2026-10-31,44,quantile,0.15,1.890544510191658
2026-10-10,3,wk inc rsv hosp,2026-10-31,44,quantile,0.2,2.419762493443669
2026-10-10,3,wk inc rsv hosp,2026-10-31,44,quantile,0.25,2.4967389555188984
2026-10-10,3,wk inc rsv hosp,2026-10-31,44,quantile,0.3,2.8615161942253495
2026-10-10,3,wk inc rsv hosp,2026-10-31,44,quantile,0.35,3.5194006708815384
2026-10-10,3,wk inc rsv hosp,2026-10-31,44,quantile,0.4,4.058752809189286
2026-10-10,3,wk inc rsv hosp,2026-10-31,44,quantile,0.45,4.430695764219174
2026-10-10,3,wk inc rsv hosp,2026-10-31,44,quantile,0.5,4.983428958906861
2026-10-10,3,wk inc rsv hosp,2026-10-31,44,quantile,0.55,6.204949626106307
2026-10-10,3,wk inc rsv hosp,2026-10-31,44,quantile,0.6,7.392379170663707
2026-10-10,3,wk inc rsv hosp,2026-10-31,44,quantile,0.65,7.835364287778097
2026-10-10,3,wk inc rsv hosp,2026-10-31,44,quantile,0.7,8.677410271766332
2026-10-10,3,wk inc rsv hosp,2026-10-31,44,quantile,0.75,9.088883729697587
2026-10-10,3,wk inc rsv hosp,2026-10-31,44,quantile,0.8,9.655052880276678
2026-10-10,3,wk inc rsv hosp,2026-10-31,44,quantile,0.85,9.842556626743402
2026-10-10,3,wk inc rsv hosp,2026-10-31,44,quantile,0.9,11.03505906257365
2026-10-10,3,wk inc rsv hosp,2026-10-31,44,quantile,0.95,12.950680827345005
2026-10-10,3,wk inc rsv hosp,2026-10-31,44,quantile,0.975,14.00686305201344
2026-10-10,3,wk inc rsv hosp,2026-10-31,44,quantile,0.99,14.649108467760286
2026-10-10,3,wk inc rsv hosp,2026-10-31,45,quantile,0.01,5.963389235801566
2026-10-10,3,wk inc rsv hosp,2026-10-31,45,quantile,0.025,6.400800647430031
2026-10-10,3,wk inc rsv hosp,2026-10-31,45,quantile,0.05,6.926325735852404
2026-10-10,3,wk inc rsv hosp,2026-10-31,45,quantile,0.1,8.232572335512934
2026-10-10,3,wk inc rsv hosp,2026-10-31,45,quantile,0.15,10.686107750766304
2026-10-10,3,wk inc rsv hosp,2026-10-31,45,quantile,0.2,14.814894956168311
2026-10-10,3,wk inc rsv hosp,2026-10-31,45,quantile,0.25,15.297196540699794
2026-10-10,3,wk inc rsv hosp,2026-10-31,45,quantile,0.3,15.874922878330556
2026-10-10,3,wk inc rsv hosp,2026-10-31,45,quantile,0.35,16.095850872122682
2026-10-10,3,wk inc rsv hosp,2026-10-31,45,quantile,0.4,17.14732561425994
2026-10-10,3,wk inc rsv hosp,2026-10-31,45,quantile,0.45,17.963243980137406
2026-10-10,3,wk inc rsv hosp,2026-10-31,45,quantile,0.5,23.589229192312473
2026-10-10,3,wk inc rsv hosp,2026-10-31,45,quantile,0.55,29.732883482205047
2026-10-10,3,wk inc rsv hosp,2026-10-31,45,quantile,0.6,33.4774884271326
2026-10-10,3,wk inc rsv hosp,2026-10-31,45,quantile,0.65,34.40681369325417
2026-10-10,3,wk inc rsv hosp,2026-10-31,45,quantile,0.7,36.2011877373587
2026-10-10,3,wk inc rsv hosp,2026-10-31,45,quantile,0.75,38.044951000026785
2026-10-10,3,wk inc rsv hosp,2026-10-31,45,quantile,0.8,38.989854817631375
2026-10-10,3,wk inc rsv hosp,2026-10-31,45,quantile,0.85,44.484919145056935
2026-10-10,3,wk inc rsv hosp,2026-10-31,45,quantile,0.9,52.95233535955561
2026-10-10,3,wk inc rsv hosp,2026-10-31,45,quantile,0.95,78.1345003620055
2026-10-10,3,wk inc rsv hosp,2026-10-31,45,quantile,0.975,86.15312991216021
2026-10-10,3,wk inc rsv hosp,2026-10-31,45,quantile,0.99,86.87563739953836
2026-10-10,3,wk inc rsv hosp,2026-10-31,46,quantile,0.01,0.0
2026-10-10,3,wk inc rsv hosp,2026-10-31,46,quantile,0.025,0.0
2026-10-10,3,wk inc rsv hosp,2026-10-31,46,quantile,0.05,0.2257054821700535
2026-10-10,3,wk inc rsv hosp,2026-10-31,46,quantile,0.1,0.38835778589412184
2026-10-10,3,wk inc rsv hosp,2026-10-31,46,quantile,0.15,0.45087379591028387
2026-10-10,3,wk inc rsv hosp,2026-10-31,46,quantile,0.2,0.48847155209584914
2026-10-10,3,wk inc rsv hosp,2026-10-31,46,quantile,0.25,0.726644465272396
2026-10-10,3,wk inc rsv hosp,2026-10-31,46,quantile,0.3,0.8894661980157418
2026-10-10,3,wk inc rsv hosp,2026-10-31,46,quantile,0.35,0.9244970284627625
2026-10-10,3,wk inc rsv hosp,2026-10-31,46,quantile,0.4,0.988128436156095
2026-10-10,3,wk inc rsv hosp,2026-10-31,46,quantile,0.45,0.997908510047804
2026-10-10,3,wk inc rsv hosp,2026-10-31,46,quantile,0.5,1.0428337271979506
2026-10-10,3,wk inc rsv hosp,2026-10-31,46,quantile,0.55,1.2634945648531284
2026-10-10,3,wk inc rsv hosp,2026-10-31,46,quantile,0.6,1.367672111703921
2026-10-10,3,wk inc rsv hosp,2026-10-31,46,quantile,0.65,1.616259838823479
2026-10-10,3,wk inc rsv hosp,2026-10-31,46,quantile,0.7,2.6114287028179577
2026-10-10,3,wk inc rsv hosp,2026-10-31,46,quantile,0.75,2.9997439833388944
2026-10-10,3,wk inc rsv hosp,2026-10-31,46,quantile,0.8,3.184524007034542
2026-10-10,3,wk inc rsv hosp,2026-10-31,46,quantile,0.85,3.4724129741671037
2026-10-10,3,wk inc rsv hosp,2026-10-31,46,quantile,0.9,4.559406827148873
2026-10-10,3,wk inc rsv hosp,2026-10-31,46,quantile,0.95,5.16635203314178
2026-10-10,3,wk inc rsv hosp,2026-10-31,46,quantile,0.975,5.521199425261317
2026-10-10,3,wk inc rsv hosp,2026-10-31,46,quantile,0.99,5.799543457911163
2026-10-10,3,wk inc rsv hosp,2026-10-31,47,quantile,0.01,4.63544661542039
2026-10-10,3,wk inc rsv hosp,2026-10-31,47,quantile,0.025,6.382445531937677
2026-10-10,3,wk inc rsv hosp,2026-10-31,47,quantile,0.05,9.121922075263846
2026-10-10,3,wk inc rsv hosp,2026-10-31,47,quantile,0.1,11.548526106645916
2026-10-10,3,wk inc rsv hosp,2026-10-31,47,quantile,0.15,13.218184717630377
2026-10-10,3,wk inc rsv hosp,2026-10-31,47,quantile,0.2,14.815039463613049
2026-10-10,3,wk inc rsv hosp,2026-10-31,47,quantile,0.25,16.07405507261697
2026-10-10,3,wk inc rsv hosp,2026-10-31,47,quantile,0.3,17.27362253701624
2026-10-10,3,wk inc rsv hosp,2026-10-31,47,quantile,0.35,17.609251897923787
2026-10-10,3,wk inc rsv hosp,2026-10-31,47,quantile,0.4,23.201108902604883
2026-10-10,3,wk inc rsv hosp,2026-10-31,47,quantile,0.45,24.15012795224885
2026-10-10,3,wk inc rsv hosp,2026-10-31,47,quantile,0.5,26.341589164451793
2026-10-10,3,wk inc rsv hosp,2026-10-31,47,quantile,0.55,27.386149327834733
2026-10-10,3,wk inc rsv hosp,2026-10-31,47,quantile,0.6,28.26650555928712
2026-10-10,3,wk inc rsv hosp,2026-10-31,47,quantile,0.65,30.88504091641641
2026-10-10,3,wk inc rsv hosp,2026-10-31,47,quantile,0.7,32.8528641835614
2026-10-10,3,wk inc rsv hosp,2026-10-31,47,quantile,0.75,33.21120971556892
2026-10-10,3,wk inc rsv hosp,2026-10-31,47,quantile,0.8,33.40513113610566
2026-10-10,3,wk inc rsv hosp,2026-10-31,47,quantile,0.85,35.91656944150304
2026-10-10,3,wk inc rsv hosp,2026-10-31,47,quantile,0.9,44.47307773294821
2026-10-10,3,wk inc rsv hosp,2026-10-31,47,quantile,0.95,48.49573472268422
2026-10-10,3,wk inc rsv hosp,2026-10-31,47,quantile,0.975,52.34605041995757
2026-10-10,3,wk inc rsv hosp,2026-10-31,47,quantile,0.99,55.97785072775768
2026-10-10,3,wk inc rsv hosp,2026-10-31,48,quantile,0.01,57.34104125342458
2026-10-10,3,wk inc rsv hosp,2026-10-31,48,quantile,0.025,61.353281880358715
2026-10-10,3,wk inc rsv hosp,2026-10-31,48,quantile,0.05,67.66461156736099
2026-10-10,3,wk inc rsv hosp,2026-10-31,48,quantile,0.1,76.34516350666017
2026-10-10,3,wk inc rsv hosp,2026-10-31,48,quantile,0.15,86.16630632445471
2026-10-10,3,wk inc rsv hosp,2026-10-31,48,quantile,0.2,90.7420631131381
2026-10-10,3,wk inc rsv hosp,2026-10-31,48,quantile,0.25,93.51559983985464
2026-10-10,3,wk inc rsv hosp,2026-10-31,48,quantile,0.3,94.34923209891105
2026-10-10,3,wk inc rsv hosp,2026-10-31,48,quantile,0.35,111.58070636764862
2026-10-10,3,wk inc rsv hosp,2026-10-31,48,quantile,0.4,124.30747654742562
2026-10-10,3,wk inc rsv hosp,2026-10-31,48,quantile,0.45,146.66199264904162
2026-10-10,3,wk inc rsv hosp,2026-10-31,48,quantile,0.5,159.76298305220016
2026-10-10,3,wk inc rsv hosp,2026-10-31,48,quantile,0.55,172.8018518497571
2026-10-10,3,wk inc rsv hosp,2026-10-31,48,quantile,0.6,175.76812874215074
2026-10-10,3,wk inc rsv hosp,2026-10-31,48,quantile,0.65,187.48473359369547
2026-10-10,3,wk inc rsv hosp,2026-10-31,48,quantile,0.7,193.5916099785046
2026-10-10,3,wk inc rsv hosp,2026-10-31,48,quantile,0.75,210.51598068016244
2026-10-10,3,wk inc rsv hosp,2026-10-31,48,quantile,0.8,218.76279264053966
2026-10-10,3,wk inc rsv hosp,2026-10-31,48,quantile,0.85,251.1348889642894
2026-10-10,3,wk inc rsv hosp,2026-10-31,48,quantile,0.9,303.24089787659915
2026-10-10,3,wk inc rsv hosp,2026-10-31,48,quantile,0.95,313.5302569785707
2026-10-10,3,wk inc rsv hosp,2026-10-31,48,quantile,0.975,410.8004516786783
2026-10-10,3,wk inc rsv hosp,2026-10-31,48,quantile,0.99,532.3080192855984
2026-10-10,3,wk inc rsv hosp,2026-10-31,49,quantile,0.01,0.0
2026-10-10,3,wk inc rsv hosp,2026-10-31,49,quantile,0.025,0.0
2026-10-10,3,wk inc rsv hosp,2026-10-31,49,quantile,0.05,0.0
2026-10-10,3,wk inc rsv hosp,2026-10-31,49,quantile,0.1,0.0671516139242019
2026-10-10,3,wk inc rsv hosp,2026-10-31,49,quantile,0.15,0.586577094298086
2026-10-10,3,wk inc rsv hosp,2026-10-31,49,quantile,0.2,1.1281224986127998
2026-10-10,3,wk inc rsv hosp,2026-10-31,49,quantile,0.25,1.2737706291999369
2026-10-10,3,wk inc rsv hosp,2026-10-31,49,quantile,0.3,1.4364380421671143
2026-10-10,3,wk inc rsv hosp,2026-10-31,49,quantile,0.35,1.8907373123456204
2026-10-10,3,wk inc rsv hosp,2026-10-31,49,quantile,0.4,2.0307832593070008
2026-10-10,3,wk inc rsv hosp,2026-10-31,49,quantile,0.45,2.126609136781707
2026-10-10,3,wk inc rsv hosp,2026-10-31,49,quantile,0.5,2.439320659978594
2026-10-10,3,wk inc rsv hosp,2026-10-31,49,quantile,0.55,3.0729014918456636
2026-10-10,3,wk inc rsv hosp,2026-10-31,49,quantile,0.6,3.297694206237793
2026-10-10,3,wk inc rsv hosp,2026-10-31,49,quantile,0.65,3.9686809670269714
2026-10-10,3,wk inc rsv hosp,2026-10-31,49,quantile,0.7,5.9209384176767985
2026-10-10,3,wk inc rsv hosp,2026-10-31,49,quantile,0.75,7.595388412475585
2026-10-10,3,wk inc rsv hosp,2026-10-31,49,quantile,0.8,7.972660662494275
2026-10-10,3,wk inc rsv hosp,2026-10-31,49,quantile,0.85,11.3107573093458
2026-10-10,3,wk inc rsv hosp,2026-10-31,49,quantile,0.9,15.7060022839323
2026-10-10,3,wk inc rsv hosp,2026-10-31,49,quantile,0.95,26.70749349884155
2026-10-10,3,wk inc rsv hosp,2026-10-31,49,quantile,0.975,38.01393888310552
2026-10-10,3,wk inc rsv hosp,2026-10-31,49,quantile,0.99,49.594819126348256
2026-10-10,3,wk inc rsv hosp,2026-10-31,50,quantile,0.01,0.0
2026-10-10,3,wk inc rsv hosp,2026-10-31,50,quantile,0.025,0.0
2026-10-10,3,wk inc rsv hosp,2026-10-31,50,quantile,0.05,0.0
2026-10-10,3,wk inc rsv hosp,2026-10-31,50,quantile,0.1,0.0
2026-10-10,3,wk inc rsv hosp,2026-10-31,50,quantile,0.15,0.0
2026-10-10,3,wk inc rsv hosp,2026-10-31,50,quantile,0.2,0.1554018242171346
2026-10-10,3,wk inc rsv hosp,2026-10-31,50,quantile,0.25,0.2924753291456554
2026-10-10,3,wk inc rsv hosp,2026-10-31,50,quantile,0.3,0.36223268508911133
2026-10-10,3,wk inc rsv hosp,2026-10-31,50,quantile,0.35,0.36223268508911133
2026-10-10,3,wk inc rsv hosp,2026-10-31,50,quantile,0.4,0.36223268508911133
2026-10-10,3,wk inc rsv hosp,2026-10-31,50,quantile,0.45,0.5045721739908314
2026-10-10,3,wk inc rsv hosp,2026-10-31,50,quantile,0.5,0.7851257021396887
2026-10-10,3,wk inc rsv hosp,2026-10-31,50,quantile,0.55,0.9067433406689731
2026-10-10,3,wk inc rsv hosp,2026-10-31,50,quantile,0.6,0.9497630371066169
2026-10-10,3,wk inc rsv hosp,2026-10-31,50,quantile,0.65,1.291553001511181
2026-10-10,3,wk inc rsv hosp,2026-10-31,50,quantile,0.7,1.4917959012957627
2026-10-10,3,wk inc rsv hosp,2026-10-31,50,quantile,0.75,1.679346349895058
2026-10-10,3,wk inc rsv hosp,2026-10-31,50,quantile,0.8,1.7151040970368507
2026-10-10,3,wk inc rsv hosp,2026-10-31,50,quantile,0.85,1.7244653701782229
2026-10-10,3,wk inc rsv hosp,2026-10-31,50,quantile,0.9,2.104499110504185
2026-10-10,3,wk inc rsv hosp,2026-10-31,50,quantile,0.95,3.3069436979604503
2026-10-10,3,wk inc rsv hosp,2026-10-31,50,quantile,0.975,4.084018304604619
2026-10-10,3,wk inc rsv hosp,2026-10-31,50,quantile,0.99,4.62025319027124
2026-10-10,3,wk inc rsv hosp,2026-10-31,51,quantile,0.01,5.225807831037205
2026-10-10,3,wk inc rsv hosp,2026-10-31,51,quantile,0.025,6.096489061565252
2026-10-10,3,wk inc rsv hosp,2026-10-31,51,quantile,0.05,7.138497315643568
2026-10-10,3,wk inc rsv hosp,2026-10-31,51,quantile,0.1,7.535201098020915
2026-10-10,3,wk inc rsv hosp,2026-10-31,51,quantile,0.15,8.129811126388763
2026-10-10,3,wk inc rsv hosp,2026-10-31,51,quantile,0.2,8.968063664301289
2026-10-10,3,wk inc rsv hosp,2026-10-31,51,quantile,0.25,9.582018214464906
2026-10-10,3,wk inc rsv hosp,2026-10-31,51,quantile,0.3,10.753541077230892
2026-10-10,3,wk inc rsv hosp,2026-10-31,51,quantile,0.35,12.976151184900782
2026-10-10,3,wk inc rsv hosp,2026-10-31,51,quantile,0.4,15.163889220597502
2026-10-10,3,wk inc rsv hosp,2026-10-31,51,quantile,0.45,15.996571201059181
2026-10-10,3,wk inc rsv hosp,2026-10-31,51,quantile,0.5,17.770408437871552
2026-10-10,3,wk inc rsv hosp,2026-10-31,51,quantile,0.55,23.206657671266715
2026-10-10,3,wk inc rsv hosp,2026-10-31,51,quantile,0.6,25.499155252445227
2026-10-10,3,wk inc rsv hosp,2026-10-31,51,quantile,0.65,26.430235677584072
2026-10-10,3,wk inc rsv hosp,2026-10-31,51,quantile,0.7,29.207141318822224
2026-10-10,3,wk inc rsv hosp,2026-10-31,51,quantile,0.75,31.627058608986026
2026-10-10,3,wk inc rsv hosp,2026-10-31,51,quantile,0.8,36.92097636153132
2026-10-10,3,wk inc rsv hosp,2026-10-31,51,quantile,0.85,39.416121569975054
2026-10-10,3,wk inc rsv hosp,2026-10-31,51,quantile,0.9,44.09317868684937
2026-10-10,3,wk inc rsv hosp,2026-10-31,51,quantile,0.95,50.554705821241456
2026-10-10,3,wk inc rsv hosp,2026-10-31,51,quantile,0.975,55.69907842803618
2026-10-10,3,wk inc rsv hosp,2026-10-31,51,quantile,0.99,59.579454895808
2026-10-10,3,wk inc rsv hosp,2026-10-31,53,quantile,0.01,5.099801740742601
2026-10-10,3,wk inc rsv hosp,2026-10-31,53,quantile,0.025,5.329695771889736
2026-10-10,3,wk inc rsv hosp,2026-10-31,53,quantile,0.05,5.75815727970379
2026-10-10,3,wk inc rsv hosp,2026-10-31,53,quantile,0.1,6.464769877389471
2026-10-10,3,wk inc rsv hosp,2026-10-31,53,quantile,0.15,7.374971031595108
2026-10-10,3,wk inc rsv hosp,2026-10-31,53,quantile,0.2,7.6886571406369155
2026-10-10,3,wk inc rsv hosp,2026-10-31,53,quantile,0.25,7.879463770708281
2026-10-10,3,wk inc rsv hosp,2026-10-31,53,quantile,0.3,8.476068908706544
2026-10-10,3,wk inc rsv hosp,2026-10-31,53,quantile,0.35,9.098422002280115
2026-10-10,3,wk inc rsv hosp,2026-10-31,53,quantile,0.4,9.162842750549316
2026-10-10,3,wk inc rsv hosp,2026-10-31,53,quantile,0.45,9.192795718325016
2026-10-10,3,wk inc rsv hosp,2026-10-31,53,quantile,0.5,9.845004512559143
2026-10-10,3,wk inc rsv hosp,2026-10-31,53,quantile,0.55,10.64257482405952
2026-10-10,3,wk inc rsv hosp,2026-10-31,53,quantile,0.6,10.9081420907304
2026-10-10,3,wk inc rsv hosp,2026-10-31,53,quantile,0.65,11.08880121880169
2026-10-10,3,wk inc rsv hosp,2026-10-31,53,quantile,0.7,12.116334679588704
2026-10-10,3,wk inc rsv hosp,2026-10-31,53,quantile,0.75,12.870227441475997
2026-10-10,3,wk inc rsv hosp,2026-10-31,53,quantile,0.8,12.93112968607683
2026-10-10,3,wk inc rsv hosp,2026-10-31,53,quantile,0.85,13.046598349156065
2026-10-10,3,wk inc rsv hosp,2026-10-31,53,quantile,0.9,14.12620505056141
2026-10-10,3,wk inc rsv hosp,2026-10-31,53,quantile,0.95,17.71011534025067
2026-10-10,3,wk inc rsv hosp,2026-10-31,53,quantile,0.975,19.830871039681295
2026-10-10,3,wk inc rsv hosp,2026-10-31,53,quantile,0.99,21.08183840103804
2026-10-10,3,wk inc rsv hosp,2026-10-31,54,quantile,0.01,0.19792606444963187
2026-10-10,3,wk inc rsv hosp,2026-10-31,54,quantile,0.025,0.373077532618562
2026-10-10,3,wk inc rsv hosp,2026-10-31,54,quantile,0.05,0.6798799530234063
2026-10-10,3,wk inc rsv hosp,2026-10-31,54,quantile,0.1,1.28272724559727
2026-10-10,3,wk inc rsv hosp,2026-10-31,54,quantile,0.15,1.9278068770253183
2026-10-10,3,wk inc rsv hosp,2026-10-31,54,quantile,0.2,2.0856546990555587
2026-10-10,3,wk inc rsv hosp,2026-10-31,54,quantile,0.25,2.392563242516423
2026-10-10,3,wk inc rsv hosp,2026-10-31,54,quantile,0.3,3.4024859238193463
2026-10-10,3,wk inc rsv hosp,2026-10-31,54,quantile,0.35,3.7353513267024634
2026-10-10,3,wk inc rsv hosp,2026-10-31,54,quantile,0.4,3.7965481877520224
2026-10-10,3,wk inc rsv hosp,2026-10-31,54,quantile,0.45,4.082010358625784
2026-10-10,3,wk inc rsv hosp,2026-10-31,54,quantile,0.5,4.149835554437684
2026-10-10,3,wk inc rsv hosp,2026-10-31,54,quantile,0.55,4.219610931567781
2026-10-10,3,wk inc rsv hosp,2026-10-31,54,quantile,0.6,4.276068003086323
2026-10-10,3,wk inc rsv hosp,2026-10-31,54,quantile,0.65,4.303085138400226
2026-10-10,3,wk inc rsv hosp,2026-10-31,54,quantile,0.7,4.336149792731462
2026-10-10,3,wk inc rsv hosp,2026-10-31,54,quantile,0.75,5.326979753878306
2026-10-10,3,wk inc rsv hosp,2026-10-31,54,quantile,0.8,5.723962101108723
2026-10-10,3,wk inc rsv hosp,2026-10-31,54,quantile,0.85,6.145821302854957
2026-10-10,3,wk inc rsv hosp,2026-10-31,54,quantile,0.9,6.67304383769151
2026-10-10,3,wk inc rsv hosp,2026-10-31,54,quantile,0.95,6.791847327535825
2026-10-10,3,wk inc rsv hosp,2026-10-31,54,quantile,0.975,6.854537263962354
2026-10-10,3,wk inc rsv hosp,2026-10-31,54,quantile,0.99,6.885555411168078
2026-10-10,3,wk inc rsv hosp,2026-10-31,55,quantile,0.01,4.255602838258472
2026-10-10,3,wk inc rsv hosp,2026-10-31,55,quantile,0.025,4.8978767116663935
2026-10-10,3,wk inc rsv hosp,2026-10-31,55,quantile,0.05,5.705706906322337
2026-10-10,3,wk inc rsv hosp,2026-10-31,55,quantile,0.1,7.025667870493155
2026-10-10,3,wk inc rsv hosp,2026-10-31,55,quantile,0.15,8.33854601419097
2026-10-10,3,wk inc rsv hosp,2026-10-31,55,quantile,0.2,8.404732394919195
2026-10-10,3,wk inc rsv hosp,2026-10-31,55,quantile,0.25,10.000767564798151
2026-10-10,3,wk inc rsv hosp,2026-10-31,55,quantile,0.3,10.450913311947648
2026-10-10,3,wk inc rsv hosp,2026-10-31,55,quantile,0.35,10.52723503112793
2026-10-10,3,wk inc rsv hosp,2026-10-31,55,quantile,0.4,10.751878512689657
2026-10-10,3,wk inc rsv hosp,2026-10-31,55,quantile,0.45,11.844580692113464
2026-10-10,3,wk inc rsv hosp,2026-10-31,55,quantile,0.5,13.78759539010972
2026-10-10,3,wk inc rsv hosp,2026-10-31,55,quantile,0.55,15.090877985993908
2026-10-10,3,wk inc rsv hosp,2026-10-31,55,quantile,0.6,16.077951449067868
2026-10-10,3,wk inc rsv hosp,2026-10-31,55,quantile,0.65,17.226361092122108
2026-10-10,3,wk inc rsv hosp,2026-10-31,55,quantile,0.7,17.973785581182792
2026-10-10,3,wk inc rsv hosp,2026-10-31,55,quantile,0.75,19.41745763363773
2026-10-10,3,wk inc rsv hosp,2026-10-31,55,quantile,0.8,20.048229823299295
2026-10-10,3,wk inc rsv hosp,2026-10-31,55,quantile,0.85,20.764017191329796
2026-10-10,3,wk inc rsv hosp,2026-10-31,55,quantile,0.9,21.478859013983744
2026-10-10,3,wk inc rsv hosp,2026-10-31,55,quantile,0.95,21.96808338209012
2026-10-10,3,wk inc rsv hosp,2026-10-31,55,quantile,0.975,35.87912942418307
2026-10-10,3,wk inc rsv hosp,2026-10-31,55,quantile,0.99,57.993773589804356
2026-10-10,3,wk inc rsv hosp,2026-10-31,56,quantile,0.01,0.0
2026-10-10,3,wk inc rsv hosp,2026-10-31,56,quantile,0.025,0.0
2026-10-10,3,wk inc rsv hosp,2026-10-31,56,quantile,0.05,0.0
2026-10-10,3,wk inc rsv hosp,2026-10-31,56,quantile,0.1,0.0
2026-10-10,3,wk inc rsv hosp,2026-10-31,56,quantile,0.15,0.0
2026-10-10,3,wk inc rsv hosp,2026-10-31,56,quantile,0.2,0.0
2026-10-10,3,wk inc rsv hosp,2026-10-31,56,quantile,0.25,0.0
2026-10-10,3,wk inc rsv hosp,2026-10-31,56,quantile,0.3,0.0
2026-10-10,3,wk inc rsv hosp,2026-10-31,56,quantile,0.35,0.0
2026-10-10,3,wk inc rsv hosp,2026-10-31,56,quantile,0.4,0.0
2026-10-10,3,wk inc rsv hosp,2026-10-31,56,quantile,0.45,0.0
2026-10-10,3,wk inc rsv hosp,2026-10-31,56,quantile,0.5,0.027933192786174354
2026-10-10,3,wk inc rsv hosp,2026-10-31,56,quantile,0.55,0.0455841325809044
2026-10-10,3,wk inc rsv hosp,2026-10-31,56,quantile,0.6,0.04796171188354492
2026-10-10,3,wk inc rsv hosp,2026-10-31,56,quantile,0.65,0.18091167718468437
2026-10-10,3,wk inc rsv hosp,2026-10-31,56,quantile,0.7,0.2811171846683646
2026-10-10,3,wk inc rsv hosp,2026-10-31,56,quantile,0.75,0.4487043509570848
2026-10-10,3,wk inc rsv hosp,2026-10-31,56,quantile,0.8,0.6485141925574249
2026-10-10,3,wk inc rsv hosp,2026-10-31,56,quantile,0.85,0.7444808495201418
2026-10-10,3,wk inc rsv hosp,2026-10-31,56,quantile,0.9,1.041280259158831
2026-10-10,3,wk inc rsv hosp,2026-10-31,56,quantile,0.95,1.119554341782853
2026-10-10,3,wk inc rsv hosp,2026-10-31,56,quantile,0.975,1.298658119803021
2026-10-10,3,wk inc rsv hosp,2026-10-31,56,quantile,0.99,1.4835972076418356
2026-10-10,3,wk inc rsv hosp,2026-10-31,72,quantile,0.01,6.208032680481754
2026-10-10,3,wk inc rsv hosp,2026-10-31,72,quantile,0.025,8.066333952312188
2026-10-10,3,wk inc rsv hosp,2026-10-31,72,quantile,0.05,10.959102168267197
2026-10-10,3,wk inc rsv hosp,2026-10-31,72,quantile,0.1,13.690826140428813
2026-10-10,3,wk inc rsv hosp,2026-10-31,72,quantile,0.15,14.77820576442112
2026-10-10,3,wk inc rsv hosp,2026-10-31,72,quantile,0.2,15.929700488453953
2026-10-10,3,wk inc rsv hosp,2026-10-31,72,quantile,0.25,17.696271663945055
2026-10-10,3,wk inc rsv hosp,2026-10-31,72,quantile,0.3,20.073140098879506
2026-10-10,3,wk inc rsv hosp,2026-10-31,72,quantile,0.35,22.41482314707883
2026-10-10,3,wk inc rsv hosp,2026-10-31,72,quantile,0.4,27.13470806686717
2026-10-10,3,wk inc rsv hosp,2026-10-31,72,quantile,0.45,27.888880834534497
2026-10-10,3,wk inc rsv hosp,2026-10-31,72,quantile,0.5,29.910522803247243
2026-10-10,3,wk inc rsv hosp,2026-10-31,72,quantile,0.55,31.247418390737334
2026-10-10,3,wk inc rsv hosp,2026-10-31,72,quantile,0.6,33.19247321137708
2026-10-10,3,wk inc rsv hosp,2026-10-31,72,quantile,0.65,36.110147446782065
2026-10-10,3,wk inc rsv hosp,2026-10-31,72,quantile,0.7,40.75257533217328
2026-10-10,3,wk inc rsv hosp,2026-10-31,72,quantile,0.75,41.86144402018617
2026-10-10,3,wk inc rsv hosp,2026-10-31,72,quantile,0.8,43.56705905531202
2026-10-10,3,wk inc rsv hosp,2026-10-31,72,quantile,0.85,49.766202359968865
2026-10-10,3,wk inc rsv hosp,2026-10-31,72,quantile,0.9,57.30021367469066
2026-10-10,3,wk inc rsv hosp,2026-10-31,72,quantile,0.95,74.51860872804167
2026-10-10,3,wk inc rsv hosp,2026-10-31,72,quantile,0.975,96.74768591052583
2026-10-10,3,wk inc rsv hosp,2026-10-31,72,quantile,0.99,118.94814574160091
2026-10-10,3,wk inc rsv hosp,2026-10-31,US,quantile,0.01,602.4934355884935
2026-10-10,3,wk inc rsv hosp,2026-10-31,US,quantile,0.025,615.7828784216262
2026-10-10,3,wk inc rsv hosp,2026-10-31,US,quantile,0.05,636.0567430325325
2026-10-10,3,wk inc rsv hosp,2026-10-31,US,quantile,0.1,666.3176510576156
2026-10-10,3,wk inc rsv hosp,2026-10-31,US,quantile,0.15,699.4392146813179
2026-10-10,3,wk inc rsv hosp,2026-10-31,US,quantile,0.2,756.2715614651399
2026-10-10,3,wk inc rsv hosp,2026-10-31,US,quantile,0.25,775.3917075082375
2026-10-10,3,wk inc rsv hosp,2026-10-31,US,quantile,0.3,780.6146476738486
2026-10-10,3,wk inc rsv hosp,2026-10-31,US,quantile,0.35,794.0808071592324
2026-10-10,3,wk inc rsv hosp,2026-10-31,US,quantile,0.4,862.2897066902982
2026-10-10,3,wk inc rsv hosp,2026-10-31,US,quantile,0.45,922.3936527277426
2026-10-10,3,wk inc rsv hosp,2026-10-31,US,quantile,0.5,938.5877151566585
2026-10-10,3,wk inc rsv hosp,2026-10-31,US,quantile,0.55,975.1641633023166
2026-10-10,3,wk inc rsv hosp,2026-10-31,US,quantile,0.6,1025.3722288341664
2026-10-10,3,wk inc rsv hosp,2026-10-31,US,quantile,0.65,1101.366523532839
2026-10-10,3,wk inc rsv hosp,2026-10-31,US,quantile,0.7,1225.5126988734062
2026-10-10,3,wk inc rsv hosp,2026-10-31,US,quantile,0.75,1256.4017458924868
2026-10-10,3,wk inc rsv hosp,2026-10-31,US,quantile,0.8,1270.3490281718414
2026-10-10,3,wk inc rsv hosp,2026-10-31,US,quantile,0.85,1408.81469878302
2026-10-10,3,wk inc rsv hosp,2026-10-31,US,quantile,0.9,1597.5910048156768
2026-10-10,3,wk inc rsv hosp,2026-10-31,US,quantile,0.95,1893.752066028502
2026-10-10,3,wk inc rsv hosp,2026-10-31,US,quantile,0.975,1990.1976270167117
2026-10-10,3,wk inc rsv hosp,2026-10-31,US,quantile,0.99,2059.570170852538
